objectid,accident,agency,inv_date,complaint,injured,killed,min_inj,dis_inj,severity,county,city,troop,no_vehicle,motor_veh,left_scene,dist_feet,dist_mile,inter_loc,direction,on_street,at_street,light_cond,acc_type,on_off_rd,two_veh,day_week,dr_drink,dr_drug,ped_drink,ped_drug,speed,dr_under21,dr_under25,dr_over55,dr_over64,electrical,emer_veh,stop_sign,yield_sign,czone,hazmat,aggressive,cell_phone,texting,veh_defect,school_bus,truck,motorcycle,atv,pickup,cmv,gps_lat,gps_long,severity_fatal,acc_date,acc_time,narrative
1150012,3190011112,Missouri State Highway Patrol-Troop E,1556841600000,190240963,4,0,4,0,Personal Injury,PEMISCOT,NON-CITY OR UNINCORPORATED,E,1,1,0,370,0.07,A ,S ,IS 55,ERM SOUTH IS 55 MILE 112,Dark-Unlighted,Fixed Object,2,,Fri     ,0,0,0,0,0,0,0,0,0,0,0,0,0,0,0,0,0,0,0,0,0,0,0,0,0,36.12349,-89.75717,0,05/03/2019,05:20:00,CRASH OCCURRED AS VEH1 RAN OFF THE ROADWAY AND STRUCK THE CABLE BARRIER.  DAMAGE TO 8 POSTS AND CABLE
900181,3190011229,Missouri State Highway Patrol-Troop D,1556841600000,190241117,1,0,1,0,Personal Injury,POLK,PLEASANT HOPE,D,2,2,0,0,0,AT,N,RT H,MO 215,Daylight,Motor Vehicle in Transport,1,64,Fri     ,0,0,0,0,0,1,1,0,0,0,0,0,0,0,0,1,0,0,0,0,1,0,0,1,1,37.45573,-93.27406,0,05/03/2019,07:43:00,OCCURRED AS #2 ATTEMPTED TO MAKE A LEFT TURN AND PULLED INTO THE PATH OF #1.  #1 STRUCK THE TRAILER BEING PULLED BY #2.
1127385,3190011387,Missouri State Highway Patrol-Troop E,1556841600000,190241188,1,0,1,0,Personal Injury,WAYNE,NON-CITY OR UNINCORPORATED,E,1,1,0,158,0.03,B ,N,RT C,BRIDGE R0553,Daylight,Overturn,2,,Fri     ,0,0,0,0,1,1,1,0,0,0,0,0,0,0,0,1,0,0,0,0,0,0,0,0,0,37.21144,-90.34311,0,05/03/2019,08:15:00,CRASH OCCURRED AS VEHICLE 1 RAN OFF THE RIGHT SIDE OF THE ROADWAY AND OVERTURNED
1030208,3190011876,Missouri State Highway Patrol-Troop I,1556841600000,190241541,2,0,2,0,Personal Injury,PULASKI,DIXON,I,3,3,0,527,0.1,A ,E ,MO 28,CRD COLUMBIA RD,Daylight,Motor Vehicle in Transport,1,64,Fri     ,0,0,0,0,0,0,0,1,0,0,0,0,0,0,0,0,0,0,0,0,0,0,0,0,1,37.98494,-92.09358,0,05/03/2019,10:45:00,"OCCURRED AS DVR 1 FELL ASLEEP. WESTBOUND VEH 1 CROSSED INTO THE EASTBOUND LANES, SIDE SWIPED VEH 2 AND STRUCK VEH 3 HEAD ON."
1017835,3190011244,Missouri State Highway Patrol-Troop D,1556841600000,190241572,1,0,0,1,Personal Injury,NEWTON,NON-CITY OR UNINCORPORATED,D,2,2,0,258,0.05,A ,N,MO 43,CRD DOUGLAS FIR,Daylight,Motor Vehicle in Transport,1,60,Fri     ,0,0,0,0,0,0,1,0,0,0,0,0,0,0,0,1,0,0,0,0,0,0,0,0,0,36.99847,-94.55177,0,05/03/2019,10:58:00,ACCIDENT OCCURRED AS VEH #2 WAS SB AND MADE A LEFT TURN IN FRONT OF VEH #1 . VEH #1 STRUCK VEH #2 HEAD ON
798994,3190012093,Missouri State Highway Patrol-Troop A,1556841600000,190241653,1,0,1,0,Personal Injury,JACKSON,LEES SUMMIT,A,2,2,0,306,0.06,B ,W ,IS 470,RP 103896,Daylight,Motor Vehicle in Transport,1,63,Fri     ,0,0,0,0,0,1,1,0,0,0,0,0,0,0,0,1,0,0,0,0,0,0,0,0,0,38.98672,-94.35713,0,05/03/2019,11:30:00,"CRASH OCCURRED AS VEHICLE 1 AND VEHICLE 2 WERE TRAVELING WB ON I-470. VEHICLE 2 SUDDENLY BRAKED, VEHICLE 1 SWERVED INTO THE OTHER LANE BUT STRUCK THE REAR PASSENGER SIDE OF VEHICLE 2. VEHICLE 1 BEGAN TO SKID BACK INTO THE PATH OF VEHICLE 2. VEHICLE 2 STRUCK THE REAR DRIVERS SIDE CORNER OF VEHICLE 1. VEHICLE 1 CONTINUED TO SPIN INTO THE MEDIAN UNTIL IT CAME TO REST BY THE MEDIAN CABLES. ASSISTED BY CPL R A WOOD /788/ AND CPL J W HUFF /1373/"
903839,3190011085,Missouri State Highway Patrol-Troop D,1556841600000,190241739,1,0,1,0,Personal Injury,CHRISTIAN,NON-CITY OR UNINCORPORATED,D,2,2,Y,36,0.01,B ,N,CRD METZLETEIN RD,CRD ZOLLER RD,Daylight,Motor Vehicle in Transport,1,64,Fri     ,0,0,0,0,0,,,,,0,0,1,0,0,0,1,0,0,0,0,1,0,0,1,0,37.02341,-93.50063,0,05/03/2019,12:10:00,VEHICLE 2 FAILED TO STOP AT STOP SIGN AND PULLED INTO THE PATH OF VEHICLE 1.
1019156,3190011372,Missouri State Highway Patrol-Troop D,1556841600000,190241742,1,0,1,0,Personal Injury,HICKORY,HERMITAGE,D,2,2,0,258,0.05,A ,W ,US 54,CST PITTS LN,Daylight,Motor Vehicle in Transport,1,64,Fri     ,0,0,0,0,0,0,0,1,1,0,0,0,0,0,0,1,0,0,0,0,0,0,0,0,0,37.94694,-93.33582,0,05/03/2019,12:24:00,VEH #1 WAS PULLING FROM A PRIVATE DRIVEWAY ONTO US 54 AND FAILED TO YIELD TO VEH #2.  VEH #2 STRUCK VEH #1.
1061257,3190011168,Missouri State Highway Patrol-Troop I,1556841600000,190241753,2,0,2,0,Personal Injury,DENT,NON-CITY OR UNINCORPORATED,I,1,1,0,1056,0.2,A ,W ,CRD 2470,MO 32,Daylight,Overturn,2,,Fri     ,0,0,0,0,0,0,0,0,0,0,0,0,0,0,0,0,0,0,0,0,0,0,0,0,0,37.55473,-91.71064,0,05/03/2019,12:20:00,OCCURRED AS VEH 1 RAN OFF OF THE RIGHT SIDE OF THE ROAD INTO A DITCH AND OVERTURNED.
985103,3190011582,Missouri State Highway Patrol-Troop D,1556841600000,190242049,2,0,0,2,Personal Injury,TANEY,NON-CITY OR UNINCORPORATED,D,1,1,0,2302,0.44,B ,E ,US 160,CRD SILVER CREEK RD,Daylight,Fixed Object,2,,Fri     ,0,0,0,0,0,0,0,0,0,0,0,0,0,0,0,1,0,0,0,0,0,0,0,0,0,36.72873,-93.15771,0,05/03/2019,14:45:00,"DVR #1 LOST CONTROL OF VEH #1 ON A WEST ROADWAY. VEH #1 THEN RAN OFF THE RIGHT SIDE OF THE ROADWAY, TRAVELED DOWN AN EMBANKMENT, AND STRUCK A TREE."
1212728,3190011518,Missouri State Highway Patrol-Troop C,1556841600000,190242077,1,0,1,0,Personal Injury,WASHINGTON,NON-CITY OR UNINCORPORATED,C,1,1,0,945,0.18,B ,S ,RT P,CRD BATES CREEK RD 612,Daylight,Fixed Object,2,,Fri     ,0,0,0,0,0,0,0,0,0,0,0,0,0,0,0,0,0,0,0,0,0,0,0,0,0,37.90629,-90.79766,0,05/03/2019,15:00:00,VEHICLE #1 TRAVELING SOUTHBOUND ON ROUTE P. DRIVER #1 RAN OFF THE RIGHT ROAD EDGE AND STRUCK A TREE.
1130792,3190011765,Missouri State Highway Patrol-Troop E,1556841600000,190242145,1,0,1,0,Personal Injury,CAPE GIRARDEAU,NON-CITY OR UNINCORPORATED,E,2,2,0,0,0,AT,S ,MO 177,CRD 651 SJ,Daylight,Motor Vehicle in Transport,1,64,Fri     ,0,0,0,0,0,0,0,1,1,0,0,1,0,0,0,1,0,0,0,0,0,0,0,0,0,37.35591,-89.47933,0,05/03/2019,15:30:00,CRASH OCCURRED AS VEHICLE ONE FAILED TO YIELD TO VEHICLE TWO
985102,3190012092,Missouri State Highway Patrol-Troop D,1556841600000,190242151,1,0,1,0,Personal Injury,TANEY,NON-CITY OR UNINCORPORATED,D,2,2,0,0,0,AT,W ,MO 76,CRD LAKE SHORE DRIVE,Daylight,Motor Vehicle in Transport,1,64,Fri     ,0,0,0,0,1,0,1,1,0,0,0,0,0,0,0,1,0,0,0,0,0,0,0,0,0,36.64125,-93.21018,0,05/03/2019,15:30:00,CRASH OCCURRED AS VEHICLE #1 CROSSED THE CENTER LINE AND STRUCK VEHICLE # 2.
1324891,3190011823,Missouri State Highway Patrol-Troop G,1556841600000,190242187,3,0,3,0,Personal Injury,HOWELL,NON-CITY OR UNINCORPORATED,G,2,2,0,95,0.02,A ,W ,RT K,CRD 6310,Daylight,Motor Vehicle in Transport,1,61,Fri     ,0,0,0,0,0,0,0,0,0,0,0,0,0,0,0,1,0,0,0,0,0,0,0,0,0,36.72139,-91.91638,0,05/03/2019,15:50:00,CRASH OCCURRED AS VEHICLE ONE WAS STRUCK FROM BEHIND BY VEHICLE TWO AS VEHICLE ONE SLOWED TO MAKE A LEFT HAND TURN.
793060,3190012009,Missouri State Highway Patrol-Troop A,1556841600000,190242264,1,0,1,0,Personal Injury,CASS,NON-CITY OR UNINCORPORATED,A,2,2,0,0,0,AT,N,CRD PRAIRIE LN,CRD 200TH ST,Daylight,Motor Vehicle in Transport,1,64,Fri     ,0,0,0,0,0,0,0,1,0,0,0,1,0,0,0,1,0,0,0,1,1,0,0,1,1,38.75841,-94.42215,0,05/03/2019,16:26:00,"CRASH OCCURRED AS VEHICLE 1 WAS APPROACHING THE INTERSECTION WESTBOUND ON 200TH ST AND VEHICLE 2 WAS APPROACHING THE INTERSECTION ON PRAIRIE LANE. VEHICLE 1 FAILED TO STOP AT THE STOP SIGN, ENTERED THE INTERSECTION AND STRUCK VEHICLE 2. BOTH VEHICLES WENT OFF THE LEFT SIDE OF THE ROAD AND CAME TO REST. ASSISTED BY TPR B R PETERS /1384/"
1035828,3190011619,Missouri State Highway Patrol-Troop I,1556841600000,190242368,2,0,2,0,Personal Injury,PHELPS,NON-CITY OR UNINCORPORATED,I,2,2,Y,1050,0.2,B ,E ,RT CC,CRD 7120,Daylight,Motor Vehicle in Transport,1,61,Fri     ,0,0,0,0,0,0,0,1,1,0,0,0,0,0,0,1,0,0,0,0,0,0,0,0,0,37.90494,-91.81935,0,05/03/2019,17:14:00,THE CRASH OCCURRED AS VEHICLE 1 STRUCK THE REAR OF VEHICLE 2.
1031361,3190011843,Missouri State Highway Patrol-Troop I,1556841600000,190242626,3,0,3,0,Personal Injury,PULASKI,ST ROBERT,I,1,1,0,250,0.05,A ,E ,IS 44,ERM EAST IS 44 MILE 1592,Daylight,Overturn,2,,Fri     ,0,0,0,0,1,0,0,1,1,0,0,0,0,0,0,1,0,0,0,0,1,0,0,1,0,37.82149,-92.17906,0,05/03/2019,19:08:00,OCCURRED AS THE VEHICLE BEGAN TO HYDROPLANE.  VEHICLE 1 TRAVELED OFF THE RIGHT SIDE OF THE ROADWAY AND STRUCK A ROCK BLUFF.
1039278,3190011568,Missouri State Highway Patrol-Troop I,1556841600000,190242674,1,0,1,0,Personal Injury,PULASKI,WAYNESVILLE,I,1,1,0,102,0.02,A ,E ,IS 44,ERM EAST IS 44 MILE 1552,Dark-Unlighted,Fixed Object,2,,Fri     ,0,0,0,0,1,0,1,0,0,0,0,0,0,0,0,1,0,0,0,0,0,0,0,0,0,37.79423,-92.24097,0,05/03/2019,19:26:00,OCCURRED AS THE DRIVER ATTEMPTED TO CHANGE LANES AND LOST CONTROL.  VEH 1 TRAVELED OFF THE LEFT SIDE OF THE ROADWAY AND STRUCK THE MEDIAN CABLES.
1156631,3190011561,Missouri State Highway Patrol-Troop E,1556841600000,190243137,1,0,1,0,Personal Injury,SCOTT,NON-CITY OR UNINCORPORATED,E,1,1,0,528,0.1,B ,N,CRD 246,CRD 244,Dark-Unlighted,Fixed Object,2,,Fri     ,1,0,0,0,0,0,0,0,0,0,0,0,0,0,0,1,0,0,0,0,0,0,0,0,0,37.11444,-89.63128,0,05/03/2019,23:00:00,CRASH OCCURRED AS VEHICLE 1 TRAVELED OFF OF THE SIDE OF ROADWAY AND STRUCK A TREE.
1217078,3190013358,Missouri State Highway Patrol-Troop C,1556928000000,190243229,1,0,0,1,Personal Injury,FRANKLIN,NON-CITY OR UNINCORPORATED,C,1,1,0,233,0.04,B ,N,RT A,CRD YELLOW BRICK ROAD,Dark-Unlighted,Fixed Object,2,,Fri     ,1,0,0,0,1,0,1,0,0,0,0,0,0,0,0,1,0,0,0,0,0,0,0,0,0,38.52183,-91.02839,0,05/03/2019,23:56:00,DRIVER 1 WAS DRIVING TOO FAST FOR ROAD CONDITIONS. VEHICLE 1 TRAVELED OFF RIGHT SIDE OF THE ROADWAY AND STRUCK A TREE.
1140062,3190011554,Missouri State Highway Patrol-Troop E,1556928000000,190243240,1,0,0,1,Personal Injury,BUTLER,NON-CITY OR UNINCORPORATED,E,1,1,0,2249,0.43,B ,E ,US 60,CRD MARBLE HILL ROAD,Dark-Unlighted,Pedestrian,1,,Sat     ,0,0,0,0,0,1,1,0,0,0,0,0,0,0,0,0,0,0,0,0,1,0,0,1,0,36.79513,-90.40805,0,05/04/2019,00:05:00,"CRASH OCCURRED AS VEHICLE 1 EASTBOUND ON US 60, VEHICLE 1 STRUCK THE PEDESTRIAN IN THE PASSING LANE."
821487,3190011262,Missouri State Highway Patrol-Troop A,1556928000000,190243275,1,0,1,0,Personal Injury,BENTON,NON-CITY OR UNINCORPORATED,A,2,2,Y,401,0.08,A ,N,MO 7,BRIDGE A3464,Dark-Unlighted,Motor Vehicle in Transport,1,64,Sat     ,,,,,,,,1,,0,0,0,0,0,0,,0,0,,0,0,0,0,0,0,38.24108,-93.40909,0,05/04/2019,00:20:00,CRASH OCCURRED AS VEHICLE 1 WAS STRUCK IN THE REAR BY UNKNOWN VEHICLE 2 THAT LEFT THE SCENE. ASSISTED BY CPL R.C. WEST /1170/ AND BENTON COUNTY SHERIFF'S OFFICE.
1269427,3190011322,Missouri State Highway Patrol-Troop C,1556928000000,190243280,1,0,1,0,Personal Injury,JEFFERSON,NON-CITY OR UNINCORPORATED,C,1,1,Y,84,0.02,B ,W ,CRD ROMAINE CREEK RD,PVT ORANGE DR,Dark-Unlighted,Pedestrian,1,,Sat     ,0,0,0,0,0,,,,,0,0,0,0,0,0,0,0,0,0,0,0,0,0,0,0,38.46874,-90.44224,0,05/04/2019,00:00:00,"PEDESTRIAN #1 WAS WALKING WESTBOUND IN THE WESTBOUND LANE OF ROMAINE CREEK ROAD.  VEHICLE #1 WAS APPROACHING PEDESTRIAN #1 FROM THE REAR.  THE RIGHT SIDE OF VEHICLE #1 STRUCK THE LEFT SIDE OF PEDESTRIAN #1.  AFTER THE COLLISION, VEHICLE #1 CONTINUED WESTBOUND ON ROMAINE CREEK ROAD."
1150027,3190011510,Missouri State Highway Patrol-Troop E,1556928000000,190243389,1,0,1,0,Personal Injury,PEMISCOT,NON-CITY OR UNINCORPORATED,E,1,1,0,280,0.05,A ,S ,IS 55,ERM SOUTH IS 55 MILE 300,Dark-Unlighted,Fixed Object,2,,Sat     ,1,0,0,0,1,0,0,0,0,0,0,0,0,0,0,1,0,0,0,0,0,0,0,0,0,36.38406,-89.70182,0,05/04/2019,02:29:00,TRAFFIC CRASH OCCURRED AS VEHICLE 1 RAN OFF LEFT SIDE OF ROADWAY AND STRUCK 9 POSTS OF MEDIAN BARRIER CABLE.
975579,3190015119,Missouri State Highway Patrol-Troop D,1556928000000,190243396,1,1,0,1,Fatal,MCDONALD,NON-CITY OR UNINCORPORATED,D,1,1,0,295,0.06,B ,W ,MO 90,CRD BRUSH CREEK RD,Dark-Unlighted,Fixed Object,2,,Sat     ,1,0,0,0,0,0,1,0,0,0,0,0,0,0,0,0,0,0,0,0,0,0,0,0,0,36.53999,-94.34816,1,05/04/2019,02:00:00,FATAL ACCIDENT    THIS IS TROOP D'S 1ST FATAL FOR THE MONTH OF MAY AND THE 30TH FOR THE YEAR.  NEXT OF KIN NOTIFIED   OCCURRED AS #1 RAN OFF THE RIGHT SIDE OF THE ROADWAY.  DRIVER #1 OVERCORRECTED. #1 RAN OFF THE LEFT SIDE OF THE ROADWAY AND OVERTURNED. SUBJECT WAS  PRONOUNCED AT 0300 BY DEPUTY CORONER JOHNATON FLETCHER .  BY LAW THE SURVIVING DRIVER WAS TESTED FOR ALCOHOL
1289102,3190011598,Missouri State Highway Patrol-Troop C,1556928000000,190243496,1,0,1,0,Personal Injury,PIKE,CLARKSVILLE,C,1,1,0,1584,0.3,B ,S ,RT W,CRD 235,Daylight,Fixed Object,2,,Sat     ,0,0,0,0,0,0,0,1,1,0,0,0,0,0,0,0,0,0,0,0,1,0,0,1,0,39.35946,-90.90527,0,05/04/2019,06:25:00,"VEHICLE 1 TRAVELED OFF THE LEFT SIDE OF THE ROADWAY, TRAVELED DOWN AN EMBANKMENT, STRUCK A TREE, AND OVERTURNED."
1259784,3190011904,Missouri State Highway Patrol-Troop C,1556928000000,190243941,2,0,2,0,Personal Injury,ST. CHARLES,ST CHARLES,C,2,2,0,295,0.06,B ,E ,MO 94,CST PORTWEST DR,Daylight,Motor Vehicle in Transport,1,61,Sat     ,1,1,0,0,0,0,1,1,0,1,0,0,0,0,0,1,0,0,0,0,0,0,0,0,0,38.7588,-90.53611,0,05/04/2019,10:40:00,BOTH VEHICLES WERE EASTBOUND ON HIGHWAY 94 IN LANE 1.  DRIVER 1 FAILED TO MAINTAIN A SAFE FOLLOWING DISTANCE.  THE FRONT OF VEHICLE 1 THEN STRUCK THE REAR OF VEHICLE 2.
900538,3190011640,Missouri State Highway Patrol-Troop D,1556928000000,190244029,1,0,0,1,Personal Injury,ST. CLAIR,NON-CITY OR UNINCORPORATED,D,1,1,0,184,0.03,B ,N,RT DD,CRD SW 800,Daylight,Overturn,1,,Sat     ,0,0,0,0,0,0,0,0,0,0,0,0,0,0,0,0,0,0,0,0,0,1,0,0,0,37.91041,-93.91715,0,05/04/2019,10:35:00,"VEHICLE #1 WAS AVOIDING ANOTHER VEHICLE, OVERTURNED AND SKIDDED ACROSS THE ROADWAY."
1269453,3190012541,Missouri State Highway Patrol-Troop C,1556928000000,190244091,1,0,1,0,Personal Injury,JEFFERSON,NON-CITY OR UNINCORPORATED,C,1,1,0,0,0,AT,N,RT Y,CRD WARE CHURCH RD,Daylight,Fixed Object,2,,Sat     ,0,0,0,0,1,1,1,0,0,0,0,1,0,0,0,1,0,0,0,0,1,0,0,1,0,38.21341,-90.66199,0,05/04/2019,11:45:00,"VEHICLE 1 APPROACHED THE INTERSECTION AND DRIVER 1 APPLIED THE BRAKES.  VEHICLE 1 BEGAN TO SKID, TRAVELED THROUGH THE INTERSECTION, AND OFF THE ROADWAY STRIKING A TREE."
785931,3190012091,Missouri State Highway Patrol-Troop A,1556928000000,190244195,2,0,1,1,Personal Injury,HENRY,NON-CITY OR UNINCORPORATED,A,2,2,0,612,0.12,A ,S ,MO 13,CRD NE 1000 ROAD,Daylight,Motor Vehicle in Transport,1,62,Sat     ,0,0,0,0,0,0,0,1,0,0,0,0,0,0,0,1,0,0,0,0,0,0,0,0,0,38.50175,-93.75795,0,05/04/2019,12:43:00,"CRASH OCCURRED VEHICLE2 SIDESWIPED VEHICLE1, CAUSING VEH1 TO RUN OFF THE RIGHT SIDE OF THE ROAD INTO A DITCH.  VEHICLE2 RAN OFF THE RIGHT SIDE OF THE ROADWAY, STRIKING A CHEVRON SIGN.  VEHICLE2 IMPACTED THE EMBANKMENT, CAUSING IT TO GO AIRBORNE AND OVERTURN.  VEHICLE2 LANDED ON ITS WHEELS FACING NORTHWEST.  ASSISTED BY MSGT. D.S. GREEN/650/, TPR. D.C. BELARDO/1314/"
1504575,3190011857,Missouri State Highway Patrol-Troop H,1556928000000,190244203,0,1,0,0,Fatal,DAVIESS,NON-CITY OR UNINCORPORATED,H,1,1,0,21,0,B ,S ,MO 13,CRD AXLE AVE,Daylight,Fixed Object,2,,Sat     ,0,0,0,0,1,0,0,1,0,0,0,0,0,0,0,1,0,0,0,0,0,1,0,0,0,40.11952,-94.00794,1,05/04/2019,12:44:00,"FATALITY CRASH REPORT - OCCURRED AS VEHICLE 1 WAS SOUTHBOUND M-13.  VEHICLE 1 WENT OFF THE WEST SIDE OF ROADWAY, STRUCK A GUARDRAIL END AND OVERTURNED; DRIVER WAS EJECTED. DRIVER WAS PRONOUNCED DEAD AT HARRISON COMMUNITY HOSPITAL, BETHANY MO BY DR CHARLES SCIOLARO  AT 1400 HOURS.  NEXT OF KIN NOTIFIED. ASSISTED BY TPR D W WILBURN (1467) AND DAVIESS COUNTY SO."
999796,3190011150,Missouri State Highway Patrol-Troop D,1556928000000,190244286,1,0,1,0,Personal Injury,STONE,NON-CITY OR UNINCORPORATED,D,1,1,0,3168,0.6,A ,N,CRD MCCORD BEND RD,CST MAIN,Daylight,Fixed Object,1,,Sat     ,0,0,0,0,0,0,0,1,1,0,0,0,0,0,0,1,0,0,0,0,0,0,0,0,0,36.7987,-93.49386,0,05/04/2019,13:27:00,"VEHICLE #1 CROSSED CENTER OF THE ROADWAY, WENT OFF THE LEFT SIDE OF THE ROADWAY AND STRUCK A TREE."
985145,3190011301,Missouri State Highway Patrol-Troop D,1556928000000,190244305,1,0,0,1,Personal Injury,TANEY,NON-CITY OR UNINCORPORATED,D,1,1,0,159,0.03,A ,E ,RT K,CRD MICA RD,Daylight,Fixed Object,2,,Sat     ,1,0,0,0,0,0,0,0,0,0,0,0,0,0,0,1,0,0,0,0,0,0,0,0,0,36.60852,-93.11224,0,05/04/2019,13:30:00,"OCCURRED AS DRIVER 1 DROVE OFF THE LEFT SIDE OF THE ROADWAY WHILE NEGOTIATING A CURVE, IMPACTED AN EMBANKMENT, A GUY WIRE, AND A TREE BEFORE COMING TO A REST."
1008659,3190011769,Missouri State Highway Patrol-Troop D,1556928000000,190244596,1,0,1,0,Personal Injury,WEBSTER,NON-CITY OR UNINCORPORATED,D,1,1,0,839,0.16,B ,E ,MO 38,CRD FARMLAND RD,Daylight,Fixed Object,2,,Sat     ,0,0,0,0,1,0,1,0,0,0,0,0,0,0,0,1,0,0,0,0,0,0,0,0,0,37.32465,-92.87805,0,05/04/2019,16:00:00,"NBR 1 FAILED TO NEGOTIATE A CURVE, SKIDDED OFF THE ROAD AND OVERTURNED."
1190160,3190011615,Missouri State Highway Patrol-Troop F,1556928000000,190244651,1,0,1,0,Personal Injury,CALLAWAY,NON-CITY OR UNINCORPORATED,F,2,2,0,615,0.12,A ,E ,MO 94,CRD 4015,Daylight,Motor Vehicle in Transport,1,61,Sat     ,0,0,0,0,0,0,0,1,0,0,0,0,0,0,0,1,0,0,0,0,1,0,0,1,0,38.58666,-92.04002,0,05/04/2019,16:25:00,CRASH OCCURRED AS VEHICLE 2 WAS STOPPED IN TRAFFIC AND WAS STRUCK IN THE BACK BY VEHICLE 2.
1319096,3190011979,Missouri State Highway Patrol-Troop G,1556928000000,190244693,1,0,1,0,Personal Injury,REYNOLDS,NON-CITY OR UNINCORPORATED,G,1,1,0,210,0.04,B ,W ,RT J,CRD 834,Daylight,Fixed Object,2,,Sat     ,0,0,0,0,0,0,0,1,0,0,0,0,0,0,0,0,0,0,0,0,0,0,0,0,0,37.56415,-91.01973,0,05/04/2019,16:30:00,"CRASH OCCURRED AS VEHICLE ONE TRAVELED OFF THE RIGHT SIDE OF THE ROAD, STRUCK AND EMBANKMENT AND CAME TO REST IN A CREEK."
897734,3190011569,Missouri State Highway Patrol-Troop D,1556928000000,190244783,1,0,0,1,Personal Injury,GREENE,NON-CITY OR UNINCORPORATED,D,1,1,0,345,0.07,B ,N,US 65,BRIDGE A3361,Daylight,Fixed Object,2,,Sat     ,0,0,0,0,0,0,0,1,0,0,0,0,0,0,0,0,0,0,0,0,0,0,0,0,0,37.2623,-93.22478,0,05/04/2019,17:25:00,"DRIVER 1 SUFFERED A MEDICAL CONDITION, VEHICLE 1 RAN OFF THE LEFT SIDE OF THE ROADWAY AND BECAME AIRBORNE BEFORE IMPACTING AN EMBANKMENT AND COMING TO REST OVERTURNED IN A CREEK."
897706,3190011828,Missouri State Highway Patrol-Troop D,1556928000000,190244802,2,0,2,0,Personal Injury,GREENE,NON-CITY OR UNINCORPORATED,D,2,2,0,5,0,A ,W ,RT AA,CRD 175,Daylight,Motor Vehicle in Transport,1,64,Sat     ,0,0,0,0,0,0,0,0,0,0,1,0,0,0,0,1,0,0,0,0,0,0,0,0,0,37.29458,-93.23175,0,05/04/2019,17:15:00,"VEHICLE 2, A FIRE DEPARTMENT VEHICLE, WITH EMERGENCY EQUIPMENT ACTIVATED, ATTEMPTED TO OVERTAKE AND PASS VEHICLE 1.  VEHICLE 1 FAILED TO YIELD TO AN EMERGENCY VEHICLE, AND ATTEMPTED TO MAKE A LEFT TURN PULLING INTO THE PATH OF VEHICLE 2."
1217080,3190011477,Missouri State Highway Patrol-Troop C,1556928000000,190245261,1,0,1,0,Personal Injury,FRANKLIN,NON-CITY OR UNINCORPORATED,C,1,1,0,586,0.11,A ,W ,IS 44,RP 6911,Dark-Unlighted,Fixed Object,2,,Sat     ,0,0,0,0,0,0,1,0,0,0,0,0,0,0,0,0,0,0,0,0,0,0,0,0,0,38.43342,-90.91418,0,05/04/2019,21:20:00,"DRIVER #1 ADVISED THAT A TRACTOR TRAILER WAS ON THE SHOULDER IN FRONT OF HER AND IT BEGAN TO TRAVEL ONTO THE ROADWAY, INTO HER LANE OF TRAFFIC. DRIVER #1 SWERVED TO THE RIGHT TO AVOID A COLLISION AND VEHICLE #1 TRAVELED OFF THE RIGHT SIDE OF THE ROAD, STRUCK THE EMBANKMENT AND OVERTURNED."
1191102,3190011992,Missouri State Highway Patrol-Troop F,1556928000000,190245331,1,0,1,0,Personal Injury,GASCONADE,BLAND,F,1,1,0,21,0,B ,N,RT A,CST COLORADO AVE NJ,Dark-Unlighted,Fixed Object,2,,Sat     ,1,0,0,0,0,0,0,1,0,0,0,0,0,0,0,1,0,0,0,0,1,0,0,1,0,38.3026,-91.62806,0,05/04/2019,21:46:00,OCCURRED AS VEHICLE 1 FAILED TO NEGOTIATE A CURVE AND STRUCK A HOUSE.
1008661,3190011186,Missouri State Highway Patrol-Troop D,1556928000000,190245516,1,0,1,0,Personal Injury,WEBSTER,NON-CITY OR UNINCORPORATED,D,1,1,0,1620,0.31,B ,E ,CRD BOBCAT RD,RT PP,Dark-Unlighted,Fixed Object,2,,Sat     ,0,0,0,0,1,1,1,0,0,0,0,0,0,0,0,1,0,0,0,0,1,0,0,1,0,37.16053,-93.01321,0,05/04/2019,22:45:00,"CRASH OCCURRED AS VEHICLE #1 LOST CONTROL ON GRAVEL ROADWAY, TRAVELED OFF RIGHT SIDE OF ROADWAY STRUCK MULTIPLE TREES BEFORE COMING TO REST."
1259781,3190013317,Missouri State Highway Patrol-Troop C,1557014400000,190245658,1,1,1,0,Fatal,ST. CHARLES,ST CHARLES,C,1,1,0,3168,0.6,B ,W ,MO 370,BRIDGE A5114,Dark-Unlighted,Pedestrian,1,,Sun     ,,,,,,0,0,0,0,0,0,0,0,0,0,,0,0,,0,1,0,0,1,0,38.82166,-90.54399,1,05/05/2019,00:07:00,FATALITY REPORT - PEDESTRIAN 1 STEPPED OUT INTO TRAFFIC AND INTO THE PATH OF VEHICLE 1. PEDESTRIAN 1 PRONOUNCED ON SCENE BY ST. CHARLES COUNTY AMBULANCE PERSONNEL AT 0023 HOURS ON 5-5-19. ASSISTED BY TPR. J. E. LACY (313) AND ST CHARLES CITY PD.