objectid,accident,agency,inv_date,complaint,injured,killed,min_inj,dis_inj,severity,county,city,troop,no_vehicle,motor_veh,left_scene,dist_feet,dist_mile,inter_loc,direction,on_street,at_street,light_cond,acc_type,on_off_rd,two_veh,day_week,dr_drink,dr_drug,ped_drink,ped_drug,speed,dr_under21,dr_under25,dr_over55,dr_over64,electrical,emer_veh,stop_sign,yield_sign,czone,hazmat,aggressive,cell_phone,texting,veh_defect,school_bus,truck,motorcycle,atv,pickup,cmv,gps_lat,gps_long,severity_fatal,acc_date,acc_time,narrative
1305021,3190011706,Missouri State Highway Patrol-Troop C,1557014400000,190245799,2,0,0,2,Personal Injury,WARREN,NON-CITY OR UNINCORPORATED,C,2,2,0,295,0.06,B ,S ,RT U,CRD SUNNYSIDE RD,Dark-Unlighted,Motor Vehicle in Transport,1,60,Sun     ,0,0,0,0,1,1,1,0,0,0,0,0,0,0,0,1,0,0,0,0,0,0,0,0,0,38.79832,-91.17366,0,05/05/2019,01:40:00,VEHICLE #1 WAS TRAVELING NORTHBOUND ON ROUTE U AND VEHICLE #2 WAS TRAVELING SOUTHBOUND ON ROUTE U.  VEHICLE #1 TRAVELED OVER THE CENTER LINE OF THE ROADWAY AND STRUCK VEHICLE #2 HEAD ON.
1257933,3190011267,Missouri State Highway Patrol-Troop C,1557014400000,190245873,1,0,1,0,Personal Injury,ST. LOUIS,HAZELWOOD,C,1,1,0,5,0,B ,E ,RP 6416,IS 270 EJ,Dark-Unlighted,Fixed Object,2,,Sun     ,0,0,0,0,0,0,0,0,0,0,0,0,0,0,0,1,0,0,0,0,0,0,0,0,0,38.77578,-90.33946,0,05/05/2019,03:59:00,DRIVER 1 FELL ASLEEP CAUSING VEHICLE 1 TO TRAVEL OFF THE RIGHT SIDE OF THE ROADWAY AND STRIKE A CONCRETE BRIDGE BARRIER
943063,3190011428,Missouri State Highway Patrol-Troop D,1557014400000,190245958,1,0,0,1,Personal Injury,DALLAS,NON-CITY OR UNINCORPORATED,D,1,1,0,3695,0.7,B ,W ,MO 64,CRD CAT HOLLOW TRAIL,Dark-Lighted,Fixed Object,2,,Sun     ,0,0,0,0,0,0,0,0,0,0,0,0,0,0,0,0,0,0,0,0,1,0,0,1,0,37.74755,-92.87558,0,05/05/2019,07:15:00,OCCURRED AS VEH1 RAN OFF ROADWAY AND STRUCK A TREE.
1232370,3190011599,Missouri State Highway Patrol-Troop C,1557014400000,190245995,1,0,1,0,Personal Injury,LINCOLN,NON-CITY OR UNINCORPORATED,C,1,1,0,528,0.1,A ,W ,RT U,PVT COUNTRY LANE,Daylight,Fixed Object,2,,Sun     ,0,0,0,0,0,0,0,0,0,0,0,0,0,0,0,0,0,0,0,0,0,0,0,0,0,38.91607,-90.95508,0,05/05/2019,07:50:00,"DRIVER 1 SWERVED TO AVOID A VEHICLE.  VEHICLE 1 TRAVELED OFF LEFT SIDE OF THE ROADWAY, OVERCORRECTED, AND TRAVELED OFF THE RIGHT SIDE STRIKING AN EMBANKMENT."
1324890,3190011292,Missouri State Highway Patrol-Troop G,1557014400000,190246309,2,0,2,0,Personal Injury,HOWELL,NON-CITY OR UNINCORPORATED,G,2,2,0,359,0.07,A ,W ,US 160,CRD 6710,Daylight,Motor Vehicle in Transport,1,61,Sun     ,0,0,0,0,0,0,0,0,0,0,0,0,0,0,0,0,0,0,0,0,1,0,0,1,0,36.6305,-91.95581,0,05/05/2019,10:55:00,"CRASH OCCURRED AS VEH 2 STOPPED WAITING TO TURN LEFT, VEH 1 STRUCK VEH 2 IN THE REAR"
900537,3190011735,Missouri State Highway Patrol-Troop D,1557014400000,190246383,1,0,0,1,Personal Injury,ST. CLAIR,NON-CITY OR UNINCORPORATED,D,1,1,0,253,0.05,B ,W ,MO 82,SOR 82,Daylight,Overturn,2,,Sun     ,0,0,0,0,0,0,0,0,0,0,0,0,0,0,0,1,0,0,0,0,0,1,0,0,0,38.00063,-93.73171,0,05/05/2019,11:48:00,"VEHICLE #1 CROSSED CENTER OF THE ROADWAY, WENT OFF THE LEFT SIDE OF THE ROADWAY AND OVERTURNED, EJECTING THE DRIVER."
1190795,3190011993,Missouri State Highway Patrol-Troop B,1557014400000,190246467,4,0,4,0,Personal Injury,MARION,HANNIBAL,B,2,2,0,1092,0.21,A ,S ,RT T,CST BRAMBLETT DR,Daylight,Motor Vehicle in Transport,1,64,Sun     ,0,0,0,0,0,1,1,0,0,0,0,1,0,0,0,1,0,0,0,0,0,0,0,0,0,39.68521,-91.34491,0,05/05/2019,12:34:00,VEHICLE 1 WAS EASTBOUND ON A PRIVATE DRIVE AND FAILED TO YIELD TO SOUTHBOUND VEHICLE 2.  VEHICLE 2 STRUCK VEHICLE 1.
1508207,3190011679,Missouri State Highway Patrol-Troop H,1557014400000,190246488,1,0,1,0,Personal Injury,HARRISON,NON-CITY OR UNINCORPORATED,H,1,1,0,432,0.08,B ,W ,CRD W 355 ST,CRD W 125 AVE,Daylight,Animal,1,,Sun     ,0,0,0,0,0,0,0,1,1,0,0,0,0,0,0,0,0,0,0,0,0,0,1,0,0,40.19773,-94.18196,0,05/05/2019,12:30:00,"CRASH OCCURRED AS VEH #1 WAS WESTBOUND ON 355TH AVE IN HARRISON COUNTY. VEH #1 TRAVELED ACROSS THE CENTER LINE AND INTO THE EASTBOUND LANE OF 355TH AVE. VEH #1 TRAVELED OFF THE SOUTH SIDE OF THE ROADWAY, OVERTURNED AND STRUCK A FENCE. VEH #1 CAME TO REST ON ITS TOP FACING WEST OFF THE SOUTH SIDE OF THE ROADWAY. ASSISTED BY HARRISON COUNTY SHERIFF?S OFFICE, NTA AMBULANCE DISTRICT, GRAND RIVER AMBULANCE DISTRICT, AND NEW HAMPTON FIRE."
1292155,3190012125,Missouri State Highway Patrol-Troop C,1557014400000,190246617,0,1,0,0,Fatal,ST. CHARLES,NON-CITY OR UNINCORPORATED,C,1,1,0,3695,0.7,A ,E ,MO 94,CRD MONTELLE DR,Daylight,Fixed Object,2,,Sun     ,1,1,0,0,0,0,0,1,0,0,0,0,0,0,0,1,0,0,0,0,0,1,0,0,0,38.58217,-90.84098,1,05/05/2019,13:39:00,"FATALITY REPORT- DRIVER 1 FAILED TO NEGOTIATE A CURVE CAUSING VEHICLE 1 TO TRAVEL OFF THE RIGHT SIDE OF THE ROADWAY AND STRIKE A GUARD RAIL. DRIVER 1 WAS EJECTED. PRONOUNCED ON SCENE BY ST CHARLES COUNTY AMBULANCE PERSONNEL AT 1404 HOURS.  ASSISTED BY TPR J.R. BREITBACH (790), AND TPR E.M. REYNOSO (768) AND CPL C. L. PLEASANT (715)"
784010,3190011488,Missouri State Highway Patrol-Troop A,1557014400000,190246722,1,0,0,1,Personal Injury,CLAY,KANSAS CITY,A,1,1,0,126,0.02,B ,S ,IS 35,ERM SOUTH IS 35 MILE 104,Daylight,Fixed Object,2,,Sun     ,0,0,0,0,0,0,0,1,0,0,0,0,0,0,0,1,0,0,0,0,0,1,0,0,0,39.18252,-94.52306,0,05/05/2019,14:35:00,CRASH OCCURRED AS VEHICLE WAS TRAVELING SOUTHBOUND ON I35. VEHICLE TRAVELED OFF THE LEFT SIDE OF ROAD AND STRUCK THE BARRIER. RIDER WAS EJECTED FROM VEHICLE1. ASSISTED BY TPR. J.M. HARRISON (549) AND KANSAS CITY POLICE DEPARTMENT.
1507215,3190012447,Missouri State Highway Patrol-Troop H,1557014400000,190246821,1,0,1,0,Personal Injury,CLINTON,NON-CITY OR UNINCORPORATED,H,1,1,0,364,0.07,A ,S ,US 69,CRD NE 272ND ST,Daylight,Fixed Object,2,,Sun     ,0,0,0,0,0,1,1,0,0,0,0,0,0,0,0,1,0,0,0,0,0,0,0,0,0,39.58476,-94.23527,0,05/05/2019,15:29:00,"CRASH OCCURRED AS VEH #1 WAS TRAVELING SOUTHBOUND ON US-69 IN CLINTON COUNTY. VEH #1 TRAVELED OFF THE WEST SIDE OF THE ROADWAY, AND DVR #1 OVERCORRECTED. VEH #1 RETURNED TO THE ROADWAY, AND THEN TRAVELED OFF THE WEST SIDE AGAIN. VEH #1 STRUCK A TREE AND OVERTURNED. VEH #1 CAME TO REST ON ITS TOP FACING SOUTH. ASSISTED BY LATHROP FIRE."
915406,3190011415,Missouri State Highway Patrol-Troop D,1557014400000,190246854,1,0,1,0,Personal Injury,JASPER,NON-CITY OR UNINCORPORATED,D,1,1,0,1214,0.23,A ,N,MO 37,BRIDGE L0580,Daylight,Fixed Object,2,,Sun     ,0,0,0,0,0,0,0,0,0,0,0,0,0,0,0,1,0,0,0,0,0,1,0,0,0,37.08482,-94.16693,0,05/05/2019,15:42:00,CRASH OCCURRED AS VEHICLE #1 TRAVELED OFF THE RIGHT SIDE OF THE ROADWAY AND STRUCK THE EMBANKMENT. VEHICLE #1 BECAME AIRBORNE AND THE DRIVER WAS EJECTED FROM THE VEHICLE. VEHICLE #1 CAME TO REST ON THE EJECTED OCCUPANT.
1192890,3190012158,Missouri State Highway Patrol-Troop B,1557014400000,190246902,1,0,1,0,Personal Injury,RALLS,PERRY,B,2,2,0,0,0,AT,E ,MO 154,CST MARYBELL ST,Daylight,Motor Vehicle in Transport,1,64,Sun     ,0,0,0,0,0,1,1,1,0,0,0,1,0,0,0,1,0,0,0,0,1,0,0,1,0,39.4307,-91.67132,0,05/05/2019,16:15:00,"01 SOUTHBOUND PULLED INTO THE PATH OF EASTBOUND 02.  ASSISTED BY RALLS COUNTY SHERIFFS DEPARTMENT, RALLS COUNTY RURAL FIRE DEPARTMENT, AND AMBULANCE."
1226718,3190012178,Missouri State Highway Patrol-Troop C,1557014400000,190247033,1,0,0,1,Personal Injury,ST. LOUIS,NON-CITY OR UNINCORPORATED,C,2,2,0,1510,0.29,A ,E ,IS 270,RP 104145,Daylight,Motor Vehicle in Transport,1,63,Sun     ,0,0,0,0,0,0,0,1,0,0,0,0,0,0,0,0,0,0,0,0,0,1,0,0,0,38.77075,-90.25165,0,05/05/2019,17:10:00,BOTH VEHICLES WERE EASTBOUND ON I-270 IN LANE 1. BOTH DRIVERS ATTEMPTED TO AVOID A VEHICLE STALLED IN THE ROADWAY. DRIVER 1 LOST CONTROL AND THE FRONT OF VEHICLE 1 STRUCK RIGHT SIDE OF VEHICLE 2. DRIVER 1 WAS EJECTED.
1196851,3190012137,Missouri State Highway Patrol-Troop B,1557014400000,190247064,1,0,1,0,Personal Injury,MACON,NON-CITY OR UNINCORPORATED,B,2,2,0,448,0.08,B ,S ,US 63,CRD KING STREET,Daylight,Fixed Object,2,,Sun     ,0,0,0,0,0,0,0,1,0,0,0,0,0,0,0,0,0,0,0,0,1,0,0,1,0,39.81831,-92.47272,0,05/05/2019,17:20:00,"DRIVER 01 HAD A MEDICAL EPISODE CAUSING VEHICLE 01 TO STRIKE A ROAD SIGN AND CROSS THE NORTHBOUND LANES.  VEHICLE 01 CAME TO REST OFF THE EAST SHOULDER.  DEBRIS FROM THE ACCIDENT STRUCK VEHICLE 02.  ASSISTED BY MSGT REAM #356, CPL PORTER #782, MACON COUNTY AMBULANCE, MACON COUNTY RESCUE SQUAD, MACON COUNTY SHERIFF'S DEPARTMENT AND MACON COUNTY RURAL FIRE DEPARTMENT."
794117,3190011607,Missouri State Highway Patrol-Troop A,1557014400000,190247103,0,1,0,0,Fatal,CASS,NON-CITY OR UNINCORPORATED,A,1,1,0,1056,0.2,B ,E ,CRD E 355TH ST,CRD NW 12001,Daylight,Fixed Object,2,,Sun     ,1,1,0,0,1,0,1,0,0,0,0,0,0,0,0,1,0,0,0,0,0,0,1,0,0,38.47635,-94.56683,1,05/05/2019,17:30:00,"****FATAL CRASH - NEXT OF KIN NOTIFIED**** TROOP AT FATAL CRASH #26 AND FATALITY #31 FOR 2019**** CRASH OCCURRED AS VEHICLE 1 TRAVELED OFF THE ROADWAY, WENT AIRBORNE AND STRUCK AN EMBANKMENT. VEHICLE 1 TRAVELED INTO A CREEK AND DRIVER WAS EJECTED. SUBJECT WAS PRONOUNCED BY DR K. CURRY AT CASS REGIONAL MEDICAL CENTER AT 1947. ASSISTED BY CPL M.A. PATE /980/"
910878,3190011459,Missouri State Highway Patrol-Troop D,1557014400000,190247195,1,0,1,0,Personal Injury,GREENE,NON-CITY OR UNINCORPORATED,D,2,2,0,68,0.01,B ,N,RT FF,RP 904235 NJ,Daylight,Motor Vehicle in Transport,1,64,Sun     ,0,0,0,0,0,0,0,1,1,1,0,0,0,0,0,0,0,0,1,0,1,0,0,1,0,37.15236,-93.36278,0,05/05/2019,18:25:00,NBR 1 FAILED TO STOP AT A STEADY RED LIGHT AND STRUCK NBR 2 IN THE SIDE.
1044458,3190012142,Missouri State Highway Patrol-Troop I,1557014400000,190247226,1,0,1,0,Personal Injury,LACLEDE,NON-CITY OR UNINCORPORATED,I,1,1,Y,1209,0.23,A ,W ,CRD FLEMING DR,CRD MCCLURG DR,Daylight,Overturn,1,,Sun     ,0,0,0,0,1,0,0,0,0,0,0,0,0,0,0,1,0,0,0,0,0,0,1,0,0,37.67877,-92.78495,0,05/05/2019,16:30:00,"CRASH OCCURRED AS VEHICLE 1 WAS TRAVELING TOO FAST ON GRAVEL, BEGAN TO SLIDE OVER TURNED EJECTING  THE DRIVER."
1292153,3190012230,Missouri State Highway Patrol-Troop C,1557014400000,190247271,1,0,1,0,Personal Injury,ST. CHARLES,NON-CITY OR UNINCORPORATED,C,2,2,0,6864,1.3,A ,E ,MO 94,BRIDGE A5985,Daylight,Motor Vehicle in Transport,1,61,Sun     ,0,0,0,0,0,0,0,1,0,0,0,0,0,0,0,1,0,0,0,0,0,1,0,0,0,38.66477,-90.73827,0,05/05/2019,19:07:00,VEHICLE 1 SLOWED IN THE ROADWAY AND THE FRONT OF VEHICLE 2 STRUCK THE REAR OF VEHICLE 1
784011,3190011713,Missouri State Highway Patrol-Troop A,1557014400000,190247272,1,0,1,0,Personal Injury,CLAY,KANSAS CITY,A,2,2,0,510,0.1,B ,S ,IS 35,ERM SOUTH IS 35 MILE 76,Daylight,Motor Vehicle in Transport,2,61,Sun     ,0,0,0,0,0,0,1,0,0,0,0,0,0,0,0,0,0,0,0,0,1,0,0,1,0,39.16032,-94.55975,0,05/05/2019,18:50:00,"CRASH OCCURRED AS VEHICLE 2 WAS SLOWING DUE TO TRAFFIC. VEHICLE 2 TRAVELED OFF THE ROADWAY ATTEMPTING TO AVOID VEHICLE 1. VEHICLE 1 BEGAN SLOWING, TRAVELED OF THE ROADWAY AND STRUCK VEHICLE 2 IN THE REAR. ASSISTED BY CPL J.A GREEN /1190/"
1209670,3190011966,Missouri State Highway Patrol-Troop C,1557014400000,190247382,0,1,0,0,Fatal,FRANKLIN,PACIFIC,C,2,2,0,1050,0.2,B ,E ,RP 1003349,CST LAMAR PKWY,Daylight,Motor Vehicle in Transport,1,61,Sun     ,1,0,0,0,1,0,0,1,0,0,0,0,0,0,0,1,0,0,0,0,0,1,0,0,1,38.48627,-90.76999,1,05/05/2019,20:03:00,FATALITY REPORT. VEHICLE #2 WAS TRAVELING EASTBOUND I-44 ON THE 256 EXIT RAMP TO PACIFIC. VEHICLE #1 WAS TRAVELING BEHIND VEHICLE #2. THE FRONT OF VEHICLE #1 STRUCK THE REAR OF VEHICLE #2. DRIVER #1 WAS PRONOUNCED BY MEDICAL EXAMINER JAMES BRIGGS AT 2005 HOURS AT THE SCENE.  ASSISTED BY TPR. J. S. BAIRD (203)
1210270,3190012237,Missouri State Highway Patrol-Troop F,1557014400000,190247408,1,0,1,0,Personal Injury,COLE,CENTERTOWN,F,1,1,0,198,0.04,B ,W ,CST E MILL ST,CST MONROE ST,Daylight,Pedestrian,1,,Sun     ,0,0,0,0,0,0,1,0,0,0,0,0,0,0,0,0,0,0,0,0,0,0,0,0,0,38.62094,-92.41203,0,05/05/2019,18:15:00,OCCURRED AS VEHICLE 1 WAS BACKING UP AND STRUCK THE PEDESTRIAN.
1249456,3190013456,Missouri State Highway Patrol-Troop C,1557014400000,190247410,1,0,1,0,Personal Injury,STE. GENEVIEVE,NON-CITY OR UNINCORPORATED,C,1,1,Y,2640,0.5,B ,W ,CRD JACKSON SCHOOL RD,CRD PINE TREE LN,Dark-Unlighted,Overturn,2,,Sun     ,0,0,0,0,1,0,0,0,0,0,0,0,0,0,0,1,0,0,0,0,0,0,1,0,0,38.00903,-90.31847,0,05/05/2019,19:00:00,DRIVER 1 FAILED TO NEGOTIATE A CURVE TO THE LEFT CAUSING VEHICLE 1 TO TRAVEL OFF THE RIGHT SIDE OF THE ROADWAY AND OVERTURN.
962066,3190011369,Missouri State Highway Patrol-Troop D,1557014400000,190247446,1,0,1,0,Personal Injury,POLK,NON-CITY OR UNINCORPORATED,D,1,1,0,2571,0.49,A ,E ,RT KK,CRD 520TH RD,Dark-Unlighted,Animal,1,,Sun     ,0,0,0,0,0,1,1,0,0,0,0,0,0,0,0,0,0,0,0,0,0,0,0,0,0,37.48623,-93.27964,0,05/05/2019,20:40:00,NBR 1 STRUCK A DEER IN THE ROADWAY.
1183424,3190011612,Missouri State Highway Patrol-Troop F,1557014400000,190247456,1,0,1,0,Personal Injury,AUDRAIN,NON-CITY OR UNINCORPORATED,F,1,1,0,1056,0.2,A ,E ,US 54,RT PP,Dark-Unlighted,Animal,1,,Sun     ,0,0,0,0,0,0,0,0,0,0,0,0,0,0,0,0,0,0,0,0,0,1,0,0,0,39.27908,-91.56963,0,05/05/2019,20:54:00,OCCURRED AS VEHICLE 1 STRUCK A DEER. VEHICLE 1 TRAVELED OFF THE RIGHT SIDE OF THE ROADWAY AND OVERTURNED. DRIVER 1 WAS EJECTED FROM VEHICLE 1.
1204566,3190011885,Missouri State Highway Patrol-Troop F,1557014400000,190247520,2,0,2,0,Personal Injury,COOPER,NON-CITY OR UNINCORPORATED,F,2,2,0,15,0,A ,E ,IS 70,ERM EAST IS 70 MILE 1130,Dark-Unlighted,Working Motor Vehicle,2,63,Sun     ,0,0,0,0,1,0,0,0,0,0,0,0,0,1,0,1,0,0,0,0,1,0,0,1,1,38.94328,-92.57054,0,05/05/2019,21:30:00,OCCURRED AS VEHICLE 2 TRAVELED OFF THE RIGHT SIDE OF ROADWAY AND STRUCK VEHICLE 1. VEHICLE 2 THEN STRUCK A DITCH AND OVERTURNED.
1017842,3190011736,Missouri State Highway Patrol-Troop D,1557014400000,190247608,1,0,1,0,Personal Injury,NEWTON,NON-CITY OR UNINCORPORATED,D,1,1,0,0,0,AT,N,RT C,MO 43,Dark-Unlighted,Overturn,1,,Sun     ,0,0,0,0,1,0,0,0,0,0,0,1,0,0,0,1,0,0,0,0,0,1,0,0,0,36.97096,-94.55225,0,05/05/2019,23:05:00,"VEHICLE 1 FAILED TO NEGOTIATE A TURN AT AN INTERSECTION, RAN OFF THE ROADWAY,OVERTURNED AND EJECTED THE DRIVER."
921337,3190011737,Missouri State Highway Patrol-Troop D,1557100800000,190247683,2,0,2,0,Personal Injury,LAWRENCE,NON-CITY OR UNINCORPORATED,D,1,1,Y,0,0,AT,S ,CRD FARM ROAD 1032,CRD FARM ROAD 2155,Dark-Unlighted,Fixed Object,2,,Mon     ,0,0,0,0,1,1,1,0,0,0,0,0,0,0,0,1,0,0,0,0,0,0,0,0,0,37.05374,-94.00038,0,05/06/2019,02:19:00,"NBR 1 FAILED TO NEGOTIATE A CURVE IN THE ROADWAY AND RAN OFF THE LEFT SIDE OF THE ROADWAY, COLLIDED WITH A FENCE, COLLIDED WITH A UTILITY POLE, AND COLLIDED WITH MULTIPLE TREES."
1120153,3190011342,Missouri State Highway Patrol-Troop E,1557100800000,190247718,1,0,1,0,Personal Injury,IRON,IRONTON,E,1,1,0,0,0,AT,S ,MO 21,CST MAIN ST,Dark-Lighted,Fixed Object,2,,Mon     ,0,0,0,0,0,1,1,0,0,0,0,0,0,0,0,0,0,0,0,0,0,0,0,0,0,37.60877,-90.6292,0,05/06/2019,05:20:00,"CRASH OCCURRED AS DRIVER 1 FELL ASLEEP, VEH RAN OFF THE RIGHT SIDE OF THE ROADWAY AND STRUCK A STOP SIGN, LANDSCAPING, A CONCRETE DITCH AND OVERTURNED. STATE PROPERTY DAMAGE - DAMAGE TO 1 STEEL SIGN POST AND STOP SIGN DESTROYED."
1319095,3190011694,Missouri State Highway Patrol-Troop G,1557100800000,190247723,1,0,1,0,Personal Injury,REYNOLDS,NON-CITY OR UNINCORPORATED,G,1,1,0,1362,0.26,B ,N,MO 21,CRD 801 SJ,Dark-Unlighted,Fixed Object,2,,Mon     ,0,0,0,0,0,1,1,0,0,0,0,0,0,0,0,0,0,0,0,0,0,0,0,0,0,37.41986,-90.96162,0,05/06/2019,05:30:00,"CRASH OCCURRED AS VEHICLE ONE RAN OFF THE RIGHT SIDE OF THE ROADWAY OVERCORRECTED, RAN OFF THE RIGHT SIDE OF THE ROADWAY AGAIN,  OVERTURNED TO THE ROADWAY  EJECTING THE DRIVER"
835523,3190012591,Missouri State Highway Patrol-Troop A,1557100800000,190247750,0,1,0,0,Fatal,CARROLL,NON-CITY OR UNINCORPORATED,A,1,1,0,2640,0.5,B ,E ,MO 10,CRD 121,Daylight,Overturn,1,,Mon     ,0,0,0,0,0,0,0,0,0,0,0,0,0,0,,0,0,0,0,0,0,0,0,0,1,39.26392,-93.72984,1,05/06/2019,06:44:00,"F A T A L   C R A S H  - NEXT OF KIN NOTIFIED - TROOP A FATAL CRASH #27 AND FATALITY #32 FOR 2019***- CRASH OCCURRED AS VEHICLE #1 TRAVELED OFF THE RIGHT SIDE OF THE ROADWAY.  DRIVER #1 OVERCORRECTED, CAUSING VEHICLE #1 TO RETURN TO THE ROADWAY, OVERTURN AND SKID OFF RIGHT SIDE OF THE ROADWAY WHERE IT STRUCK AN EMBANKMENT. DRIVER  PRONOUNCED ON SCENE BY CARROLL COUNTY CORONER, STEVE BITTIKER AT 0949. ASSISTED BY TPR. A.M. BECKWITH /314/ AND TPR J. L. DILLON /215/"
1273504,3190012198,Missouri State Highway Patrol-Troop C,1557100800000,190247801,1,0,0,1,Personal Injury,ST. FRANCOIS,NON-CITY OR UNINCORPORATED,C,1,1,0,211,0.04,B ,N,RT B,PVT CHAPEL LN,Daylight,Fixed Object,2,,Mon     ,0,0,0,0,1,1,1,0,0,0,0,0,0,0,0,1,0,0,0,0,1,0,0,1,0,37.77798,-90.51869,0,05/06/2019,07:15:00,VEHICLE 1 TRAVELED OFF THE LEFT SIDE OF THE ROADWAY AND STRUCK A TREE.
1167809,3190011516,Missouri State Highway Patrol-Troop F,1557100800000,190247811,1,0,1,0,Personal Injury,MILLER,NON-CITY OR UNINCORPORATED,F,2,2,0,1979,0.37,A ,E ,MO 42,CRD MILL CREEK RD,Daylight,Motor Vehicle in Transport,2,64,Mon     ,0,0,0,0,0,0,0,1,1,0,0,0,0,0,0,1,0,0,0,0,1,0,0,1,0,38.08569,-92.47512,0,05/06/2019,07:25:00,CRASH OCCURRED AS VEHICLE 1 WAS APPROACHING VEHICLE 2 FROM BEHIND. DRIVER 1 TRAVELED OFF THE RIGHT SIDE OF THE ROAD TO AVOID STRIKING VEHICLE 2 WHICH WAS STOPPED IN THE ROADWAY.  VEHICLE 2 MADE A RIGHT TURN OFF THE ROAD INTO THE PATH OF VEHICLE 1 RESULTING IN A COLLISION.
921335,3190012151,Missouri State Highway Patrol-Troop D,1557100800000,190247961,1,0,1,0,Personal Injury,LAWRENCE,NON-CITY OR UNINCORPORATED,D,1,1,0,871,0.16,A ,N,CRD 1180,CRD 2230,Daylight,Fixed Object,2,,Mon     ,0,0,0,0,0,0,0,1,1,0,0,0,0,0,0,0,0,0,0,0,0,0,0,0,0,36.94281,-93.73708,0,05/06/2019,08:35:00,OCCURRED AS VEHICLE #1 WAS NORTHBOUND ON CRD 1180. VEHICLE #1 SWERVED TO MISS AN ANIMAL IN THE ROADWAY. TRAVELED OFF THE RIGHT SIDE OF THE ROAD AND STRUCK A FENCE.
927311,3190011314,Missouri State Highway Patrol-Troop D,1557100800000,190247966,1,0,1,0,Personal Injury,MCDONALD,JANE,D,1,1,0,179,0.03,A ,N,US 71,CRD RAINS RD,Daylight,Fixed Object,2,,Mon     ,0,0,0,0,0,0,0,0,0,0,0,0,0,0,0,0,0,0,0,0,0,0,0,0,0,36.53628,-94.2992,0,05/06/2019,08:45:00,OCCURRED AS DRIVER #1 SWERVED TO AVOID ANOTHER VEHICLE AND STRUCK A GUARDRAIL.
875527,3190011855,Missouri State Highway Patrol-Troop A,1557100800000,190248068,1,0,1,0,Personal Injury,PLATTE,NON-CITY OR UNINCORPORATED,A,1,1,0,0,0,AT,S ,IS 29,ERM SOUTH IS 29 MILE 204,Daylight,Fixed Object,2,,Mon     ,0,0,0,0,0,0,0,0,0,0,0,0,0,0,0,1,0,0,1,0,0,0,0,0,0,39.37866,-94.78242,0,05/06/2019,09:40:00,"CRASH OCCURRED WHEN DRIVER #1 FAILED TO MAINTAIN A SINGLE LANE, CAUSING VEHICLE #1 TO TRAVEL OFF THE ROADWAY TO THE RIGHT AND IMPACT THE GUARDRAIL.  AFTER IMPACT, VEHICLE #1  OVERTURNED, TRAVELED OVER THE GUARDRAIL AND CONTINUED TO OVERTURN WHILE TRAVELING DOWN AN EMBANKMENT BEFORE COMING TO REST, FACING NORTH, ON THE DRIVER'S SIDE."
1156652,3190011389,Missouri State Highway Patrol-Troop E,1557100800000,190248140,2,0,0,2,Personal Injury,SCOTT,NON-CITY OR UNINCORPORATED,E,1,1,0,2112,0.4,B ,W ,RT ZZ,RT Z,Daylight,Fixed Object,2,,Mon     ,0,0,0,0,1,0,1,0,0,0,0,0,0,0,0,1,0,0,0,0,0,0,0,0,0,36.91821,-89.67679,0,05/06/2019,10:13:00,CRASH OCCURRED AS VEH 1 RAN OFF THE ROADWAY AND OVERTURNED.
1132803,3190012674,Missouri State Highway Patrol-Troop E,1557100800000,190248467,3,0,3,0,Personal Injury,RIPLEY,NON-CITY OR UNINCORPORATED,E,1,1,0,5808,1.1,A ,W ,US 160,BRIDGE A2910,Daylight,Fixed Object,2,,Mon     ,0,0,0,0,0,0,0,0,0,0,0,0,0,0,0,0,0,0,1,0,1,0,0,1,1,36.64067,-90.89567,0,05/06/2019,12:50:00,CRASH OCCURRED AS VEHICLE ONE TRAVELED OFF LEFT SIDE OF ROADWAY AND STRUCK TREE
1324650,3190011309,Missouri State Highway Patrol-Troop G,1557100800000,190248685,1,0,1,0,Personal Injury,HOWELL,NON-CITY OR UNINCORPORATED,G,1,1,0,718,0.14,A ,S ,CRD 6370,CRD 6100,Daylight,Fixed Object,2,,Mon     ,0,0,0,0,0,0,0,0,0,0,0,0,0,0,0,0,0,0,0,0,0,0,0,0,0,36.73668,-91.92229,0,05/06/2019,14:00:00,"VEHICLE 1 SWERVED TO AVOID ANOTHER VEHICLE, RAN OFF THE RIGHT SIDE OF THE ROADWAY AND HIT A TREE."
1219637,3190011877,Missouri State Highway Patrol-Troop C,1557100800000,190248716,1,0,1,0,Personal Injury,FRANKLIN,NON-CITY OR UNINCORPORATED,C,2,2,0,5,0,B ,E ,US 50,RT AT,Daylight,Motor Vehicle in Transport,1,61,Mon     ,0,0,0,0,0,0,0,1,0,0,0,0,0,0,0,1,0,0,0,0,0,0,0,0,1,38.43788,-90.9167,0,05/06/2019,14:15:00,VEHICLE 1 BEGAN TO STOP TO AVOID A COLLISION.  VEHICLE 2 BEGAN TO SKID AND THE FRONT OF VEHICLE 2 STRUCK THE REAR OF VEHICLE 1.
1261800,3190013397,Missouri State Highway Patrol-Troop C,1557100800000,190248884,4,0,4,0,Personal Injury,ST. LOUIS,TOWN AND COUNTRY,C,5,5,0,528,0.1,B ,E ,IS 270,CST CLAYTON RD,Daylight,Motor Vehicle in Transport,1,63,Mon     ,0,0,0,0,0,1,1,1,1,0,0,0,0,0,0,1,0,0,0,0,1,0,0,1,0,38.62601,-90.45092,0,05/06/2019,15:30:00,ALL VEHICLES WERE TRAVELING NORTHBOUND ON I-270. VEHICLE 1 STRUCK THE LEFT SIDE OF VEHICLE 2. THE IMPACT CAUSED VEHICLE 2 TO LOSE CONTROL AND THE FRONT OF VEHICLE 2 STRUCK THE REAR OF VEHICLE 5. VEHICLE 2 TRAVELED OFF THE LEFT SIDE OF THE ROADWAY AND STRUCK THE GUARDRAIL. DRIVER 4 APPLIED THEIR BRAKES TO AVOID VEHICLE 2 AND THE FRONT OF VEHICLE 3 STRUCK THE REAR OF VEHICLE 4.