objectid,accident,agency,inv_date,complaint,injured,killed,min_inj,dis_inj,severity,county,city,troop,no_vehicle,motor_veh,left_scene,dist_feet,dist_mile,inter_loc,direction,on_street,at_street,light_cond,acc_type,on_off_rd,two_veh,day_week,dr_drink,dr_drug,ped_drink,ped_drug,speed,dr_under21,dr_under25,dr_over55,dr_over64,electrical,emer_veh,stop_sign,yield_sign,czone,hazmat,aggressive,cell_phone,texting,veh_defect,school_bus,truck,motorcycle,atv,pickup,cmv,gps_lat,gps_long,severity_fatal,acc_date,acc_time,narrative
905296,3190011500,Missouri State Highway Patrol-Troop D,1557100800000,190248973,1,0,1,0,Personal Injury,CHRISTIAN,NON-CITY OR UNINCORPORATED,D,1,1,0,902,0.17,A ,N,CRD N NICHOLAS RD,CRD DEWBERRY RD,Daylight,Fixed Object,2,,Mon     ,0,0,0,0,0,0,1,0,0,0,0,0,0,0,0,1,0,0,0,0,0,0,0,0,0,37.05352,-93.32642,0,05/06/2019,16:15:00,"VEH #1 CROSSED THE CENTERLINE, LOST CONTROL, AND STRUCK A TREE."
1269550,3190013398,Missouri State Highway Patrol-Troop C,1557187200000,190249091,1,0,1,0,Personal Injury,JEFFERSON,NON-CITY OR UNINCORPORATED,C,2,2,0,0,0,AT,E ,MO 30,CRD NORTHWEST BLVD,Daylight,Motor Vehicle in Transport,1,64,Mon     ,0,0,0,0,0,0,0,1,1,1,0,0,0,0,0,1,0,0,0,0,0,0,0,0,0,38.5006,-90.46088,0,05/06/2019,17:04:00,VEHICLE 1 WAS TRAVELING EASTBOUND ON HIGHWAY 30. VEHICLE 2 WAS TRAVELING NORTHBOUND ON NORTHWEST BLVD. VEHICLE 1 FAILED TO STOP FOR A STEADY RED LIGHT SIGNAL AND THE FRONT OF VEHICLE 1 STRUCK THE DRIVER'S SIDE OF VEHICLE 2.
1337500,3190011841,Missouri State Highway Patrol-Troop G,1557100800000,190249097,1,0,1,0,Personal Injury,SHANNON,NON-CITY OR UNINCORPORATED,G,1,1,0,1504,0.28,B ,E ,CRD OLD 60,CRD 642,Daylight,Fixed Object,2,,Mon     ,1,0,0,0,1,0,0,0,0,0,0,0,0,0,0,1,0,0,0,0,1,0,0,1,0,36.98795,-91.52899,0,05/06/2019,16:45:00,"OCCURRED AS VEHICLE #1 TRAVELED OFF OF THE RIGHT SIDE OF THE ROADWAY AND  STUCK A MAILBOX, OVERCORRECTED, TRAVELED OFF OF THE LEFT SIDE OF THE ROADWAY, STRUCK A CULVERT AND OVERTURNED"
1186032,3190011647,Missouri State Highway Patrol-Troop B,1557100800000,190249144,1,0,1,0,Personal Injury,SULLIVAN,NON-CITY OR UNINCORPORATED,B,2,2,0,427,0.08,A ,W ,MO 6,BRIDGE A7607,Daylight,Motor Vehicle in Transport,1,64,Mon     ,0,0,0,0,0,0,0,1,0,0,0,0,0,0,0,1,0,0,0,0,0,0,1,0,0,40.24416,-93.00327,0,05/06/2019,17:25:00,BOTH VEHICLES WERE EASTBOUND WHEN VEHICLE 2 SLOWED TO MAKE A LEFT TURN. VEHICLE 1 ATTEMPTED TO PASS VEHICLE 2 AND STRUCK VEHICLE 2. ASSISTED BY THE SULLIVAN COUNTY SHERIFF'S OFFICE AND SULLIVAN COUNTY AMBULANCE.
1148745,3190011399,Missouri State Highway Patrol-Troop E,1557100800000,190249362,5,0,5,0,Personal Injury,STODDARD,NON-CITY OR UNINCORPORATED,E,3,3,0,0,0,AT,N,MO 51,CRD 291,Daylight,Motor Vehicle in Transport,1,61,Mon     ,0,0,0,0,0,1,1,0,0,0,0,0,0,0,0,1,0,0,0,0,1,0,0,1,0,36.93567,-90.16906,0,05/06/2019,19:20:00,CRASH OCCURRED AS VEHICLE 3 STRUCK THE REAR OF VEHICLE 2 WHICH CAUSED VEHICLE 2 TO STRIKE THE REAR OF TURNING VEHICLE 1
910883,3190011458,Missouri State Highway Patrol-Troop D,1557100800000,190249526,1,0,1,0,Personal Injury,GREENE,NON-CITY OR UNINCORPORATED,D,1,1,0,100,0.02,A ,W ,RT T,CRD 75,Dark-Unlighted,Overturn,2,,Mon     ,0,0,0,0,1,0,0,1,0,0,0,0,0,0,0,1,0,0,0,0,0,1,0,0,0,37.24636,-93.48544,0,05/06/2019,21:45:00,CRASH OCCURRED AS VEHICLE #1 RAN OFF THE ROADWAY AND OVERTURNED.
1210747,3190012402,Missouri State Highway Patrol-Troop C,1557100800000,190249529,4,0,4,0,Personal Injury,ST. LOUIS,BERKELEY,C,2,2,0,332,0.06,B ,E ,IS 70,RP 104234,Dark-Unlighted,Motor Vehicle in Transport,1,61,Mon     ,1,0,0,0,0,0,0,0,0,0,0,0,0,0,0,0,0,0,0,0,1,0,0,1,0,38.72171,-90.32144,0,05/06/2019,21:50:00,BOTH VEHICLES WERE EASTBOUND ON I-70. DRIVER 1 STRUCK THE REAR OF VEHICLE 2. VEHICLE 2 OVERTURNED. VEHICLE 1 STRUCK A CONCRETE TRAFFIC BARRIER.  ASSISTED BY TPR. C. J. MENDEZ (1411) AND TPR. B. G. GROVES (837)
905297,3190011381,Missouri State Highway Patrol-Troop D,1557100800000,190249553,1,0,1,0,Personal Injury,CHRISTIAN,NON-CITY OR UNINCORPORATED,D,1,1,0,216,0.04,B ,E ,RT AA,CRD PRAIRIE CT,Dark-Unlighted,Fixed Object,2,,Mon     ,0,0,0,0,0,1,1,0,0,0,0,0,0,0,0,1,0,0,0,0,0,0,0,0,0,37.08734,-93.32288,0,05/06/2019,22:05:00,CRASH OCCURRED AS VEHICLE #1 RAN OFF THE LEFT SIDE OF ROADWAY AND STRUCK A TREE.
840152,3190012585,Missouri State Highway Patrol-Troop A,1557100800000,190249597,0,1,0,0,Fatal,LAFAYETTE,NON-CITY OR UNINCORPORATED,A,1,1,0,712,0.13,B ,E ,IS 70,RT D,Dark-Unlighted,Pedestrian,1,,Mon     ,0,0,1,0,0,0,0,0,0,0,0,0,0,0,0,0,0,0,0,0,0,0,0,0,1,39.0114,-94.07111,1,05/06/2019,23:21:00,"***FATAL CRASH*** NEXT OF KIN NOTIFIED*** TROOP A FATAL CRASH # 28 AND FATALITY # 33 FOR 2019*** CRASH OCCURRED AS VEHICLE 1 STRUCK PEDESTRIAN 1 WHO WAS KNEELING IN THE CENTER OF THE ROADWAY. PEDESTRIAN PRONOUNCED ON SCENE BY DEPUTY CORONER RYAN MCFATRICK AT 2340. ASSISTED BY SGT A. V. DILLON /990/, SGT M. P. FENNEWALD /395/, TPR T. A. HARTSHORN /656/ AND LAFAYETTE COUNTY SHERIFF'S DEPARTMENT."
1200935,3190011390,Missouri State Highway Patrol-Troop C,1557187200000,190249842,3,0,0,3,Personal Injury,LINCOLN,MOSCOW MILLS,C,2,2,0,0,0,AT,E ,RT U,RP 988968,Daylight,Motor Vehicle in Transport,1,60,Tue     ,0,0,0,0,0,0,0,1,1,1,0,0,0,0,0,1,0,0,0,0,0,0,0,0,0,38.90854,-90.92483,0,05/07/2019,07:59:00,VEHICLE 1 FAILED TO YIELD TO VEHICLE 2. THE FRONT OF VEHICLE 1 IMPACTED THE FRONT OF VEHICLE 2.
1269526,3190012540,Missouri State Highway Patrol-Troop C,1557187200000,190250238,2,0,1,1,Personal Injury,JEFFERSON,NON-CITY OR UNINCORPORATED,C,2,2,0,0,0,AT,S ,US 67,CRD MEYER RD,Daylight,Motor Vehicle in Transport,1,64,Tue     ,0,0,0,0,0,0,0,1,1,1,0,0,0,0,0,1,0,0,0,0,0,0,0,0,0,38.1739,-90.44674,0,05/07/2019,11:05:00,VEHICLE 1 WAS NORTHBOUND ON HIGHWAY 67 ATTEMPTING TO MAKE A LEFT TURN ONTO MEYER ROAD  WITH A STEADY GREEN ARROW SIGNAL.  VEHICLE 2 WAS SOUTHBOUND ON HIGHWAY 67.  VEHICLE 2 TRAVELED THROUGH THE INTERSECTION AND  THE FRONT OF VEHICLE 1 STRUCK THE LEFT FRONT OF VEHICLE 2.  VEHICLE 2 THEN OVERTURNED AND  TRAVELED OFF THE RIGHT SIDE OF THE ROADWAY.
1036828,3190011407,Missouri State Highway Patrol-Troop I,1557187200000,190250525,1,0,0,1,Personal Injury,PHELPS,NON-CITY OR UNINCORPORATED,I,1,1,0,1731,0.33,B ,W ,IS 44,BRIDGE A6671,Daylight,Fixed Object,2,,Tue     ,0,0,0,0,0,0,0,0,0,0,0,0,0,0,0,1,0,0,0,0,0,0,0,0,0,37.92434,-91.96639,0,05/07/2019,13:31:00,"CRASH OCCURRED AS VEHICLE 1 TRAVELED OFF OF THE  LEFT SIDE OF THE  ROADWAY AND OVERTURNED. ASSISTED BY SGT. S.D. ALTERMATT (158), TPR. N.W. SUMMERS (1412) AND TPR. R.A. TYLER (428)"
985445,3190011664,Missouri State Highway Patrol-Troop D,1557187200000,190250650,2,0,2,0,Personal Injury,POLK,MORRISVILLE,D,1,1,0,84,0.02,B ,N,MO 215,CST EWING ROAD,Daylight,Fixed Object,2,,Tue     ,0,0,0,0,0,0,0,1,1,0,0,0,0,0,0,0,0,0,0,0,0,0,0,0,0,37.48155,-93.4321,0,05/07/2019,14:25:00,"VEHICLE #1 TRAVELED OFF THE ROADWAY AND STRUCK A CULVERT, A STOP SIGN, CROSSED THE ROADWAY AND CAME TO REST"
1039874,3190012170,Missouri State Highway Patrol-Troop I,1557187200000,190250745,1,0,0,1,Personal Injury,CRAWFORD,NON-CITY OR UNINCORPORATED,I,1,1,0,143,0.03,A ,E ,RT C,BRIDGE S0364,Daylight,Pedestrian,1,,Tue     ,0,0,0,1,0,0,0,1,0,0,0,0,1,0,0,0,0,0,0,0,0,0,0,0,0,38.1759,-91.31863,0,05/07/2019,15:10:00,"VEHICLE 1 WAS EASTBOUND AND PEDESTRIAN 1 TURNED TO CROSS THE ROAD WITHOUT LOOKING AND WAS STRUCK BY VEHICLE 1. ASSISTED BY SGT L. D. DECLUE, (642), SHERIFF'S OFFICE  CRAWFORD COUNTY, NORTH CRAWFORD AMBULANCE, AND  BOURBON FIRE DEPARTMENT."
1044455,3190011777,Missouri State Highway Patrol-Troop I,1557187200000,190250766,1,0,1,0,Personal Injury,LACLEDE,NON-CITY OR UNINCORPORATED,I,1,1,0,359,0.07,A ,E ,MO 64,PVT MEADOWLARK DR,Daylight,Fixed Object,2,,Tue     ,0,0,0,0,0,0,0,0,0,0,0,0,0,0,0,0,0,0,0,0,1,0,0,1,0,37.70537,-92.79355,0,05/07/2019,15:25:00,"DRIVER 1 FAILED TO NEGOTIATE A CURVE, VEHICLE 1 TRAVELED OFF THE RIGHT SIDE OF THE ROADWAY, AND STRUCK A UTILITY POLE. ASSISTED BY TPR G. S. SLOAN, (1403)"
1226928,3190013777,Missouri State Highway Patrol-Troop C,1557187200000,190250813,3,0,3,0,Personal Injury,ST. LOUIS,NON-CITY OR UNINCORPORATED,C,2,2,0,95,0.02,B ,W ,IS 70,RP 102953,Daylight,Fixed Object,2,,Tue     ,0,1,0,0,0,0,0,1,1,0,0,0,0,0,0,1,0,0,0,0,0,0,0,0,0,38.75738,-90.46328,0,05/07/2019,15:43:00,"VEHICLE 1 TRAVELED OFF THE LEFT SIDE OF THE ROADWAY AND STRUCK THE CONCRETE MEDIAN BARRIER CAUSING FRONT LEFT OF VEHICLE 1 STRUCK LEFT REAR VEHICLE 2. BOTH VEHICLES ROTATED AND THE FRONT OF VEHICLE 2 STRUCK THE LEFT REAR OF VEHICLE 1. VEHICLE 2 SLID, TRAVELED OFF THE LEFT SIDE OF THE ROADWAY, AND ITS LEFT REAR STRUCK THE CONCRETE MEDIAN BARRIER. ASSISTED BY TPR. B. G. GROVES (837)."
794118,3190011356,Missouri State Highway Patrol-Troop A,1557187200000,190250999,1,0,1,0,Personal Injury,CASS,NON-CITY OR UNINCORPORATED,A,1,1,0,1462,0.28,A ,W ,MO 2,RT Z,Daylight,Overturn,2,,Tue     ,0,0,0,0,1,0,0,0,0,0,0,0,0,0,0,1,0,0,0,0,0,1,0,0,0,38.63572,-94.19192,0,05/07/2019,17:09:00,"CRASH OCCURRED AS VEHICLE #1 WAS TRAVELING WESTBOUND, AND TRAVELED OFF THE RIGHT SIDE OF THE ROADWAY.  VEHICLE #1 TRAVELED INTO THE DITCH AND OVERTURNED.  ASSISTED BY CPL. M.A. PATE/980/ AND GARDEN CITY FIRE."
887243,3190011848,Missouri State Highway Patrol-Troop A,1557187200000,190251085,1,0,1,0,Personal Injury,RAY,NON-CITY OR UNINCORPORATED,A,1,1,0,174,0.03,A ,N,CRD WOODS RD,CRD HIRAM CT,Daylight,Fixed Object,2,,Tue     ,1,0,0,0,1,0,0,0,0,0,0,0,0,0,0,1,0,0,0,0,1,0,0,1,0,39.26491,-94.11113,0,05/07/2019,17:45:00,CRASH OCCURRED VEHICLE 1 RAN OFF THE ROADWAY STRIKING A SIGN AND COMING TO REST IN A DITCH.
1261543,3190014364,Missouri State Highway Patrol-Troop C,1557187200000,190251118,0,1,0,0,Fatal,ST. LOUIS,FLORISSANT,C,2,1,0,274,0.05,A ,E ,RP 6416,CST GRAHAM RD,Daylight,Pedalcycle,1,,Tue     ,0,0,0,0,0,1,1,0,0,0,0,0,0,0,0,0,0,0,0,0,0,0,0,0,0,38.77579,-90.33587,1,05/07/2019,18:03:00,FATALITY REPORT - VEHICLE 1 WAS TRAVELING WESTBOUND ON INTERSTATE 270. PEDESTRIAN 1 WAS WALKING A BICYCLE ACROSS THE WESTBOUND LANES. VEHICLE 1 STRUCK PEDESTRIAN 1. ASSISTED BY TPR. B. G. GROVES (837).
1505514,3190011346,Missouri State Highway Patrol-Troop H,1557187200000,190251201,2,0,2,0,Personal Injury,LIVINGSTON,NON-CITY OR UNINCORPORATED,H,2,2,0,0,0,AT,S ,RT V,CRD 251,Daylight,Motor Vehicle in Transport,1,64,Tue     ,0,0,0,0,0,1,1,1,0,0,0,1,0,0,0,1,0,0,0,0,0,0,0,0,0,39.79783,-93.50162,0,05/07/2019,18:40:00,"CRASH OCCURRED AS VEHICLE 1 WAS WESTBOUND ON RT V. VEHICLE 2 WAS NORTHBOUND ON LIV 251. VEHICLE 2 FAILED TO YIELD TO VEHICLE 1 BY MAKING A LEFT TURN ON RT V. VEHICLE 1 STRUCK VEHICLE 2 ON THE PASSENGER SIDE. AFTER IMPACT VEHICLE 1 BEGAN TO SKID COUNTER CLOCKWISE AND CAME TO REST IN THE WEST BOUND LANE OF RT V ON ITS WHEELS FACING EAST. VEHICLE 2 BEGAN TO SKID OFF THE NORTH SIDE OF RT V AND CAME TO REST ON ITS WHEELS FACING EAST.  ASSISTED BY CPL. J.C. GILLILAND (415), LIVINGSTON COUNTY SHERIFFS OFFICE AND CHILLICOTHE EMS."
1036855,3190011915,Missouri State Highway Patrol-Troop I,1557187200000,190251327,2,0,2,0,Personal Injury,PHELPS,NON-CITY OR UNINCORPORATED,I,1,1,0,1784,0.34,B ,W ,RT BB,CRD 3450,Dark-Unlighted,Fixed Object,2,,Tue     ,0,0,0,0,0,0,1,0,0,0,0,0,0,0,0,1,0,0,0,0,0,0,0,0,0,37.94956,-91.62314,0,05/07/2019,20:00:00,OCCURRED AS VEH 1 TRAVELED OFF THE RIGHT SIDE OF THE ROADWAY. THE DRIVER OVERCORRECTED AND VEH 1 RETURNED TO THE ROADWAY.  VEH 1 THEN TRAVELED OFF THE LEFT SIDE OF THE ROADWAY AND OVERTURNED.
947931,3190011416,Missouri State Highway Patrol-Troop D,1557187200000,190251389,1,0,1,0,Personal Injury,BARTON,NON-CITY OR UNINCORPORATED,D,1,1,0,46,0.01,B ,W ,US 160,BRIDGE B0392,Dark-Unlighted,Fixed Object,2,,Tue     ,0,0,0,0,1,0,0,1,1,0,0,0,0,0,0,1,0,0,0,0,1,0,0,1,0,37.49134,-94.50198,0,05/07/2019,20:45:00,CRASH OCCURRED AS DRIVER #1 TRAVELED OFF THE RIGHT SIDE OF THE ROADWAY AND STRUCK A GUARD RAIL.
1207763,3190012197,Missouri State Highway Patrol-Troop F,1557187200000,190251459,1,0,0,1,Personal Injury,OSAGE,NON-CITY OR UNINCORPORATED,F,1,1,0,960,0.18,B ,N,US 63,RT E,Dark-Unlighted,Fixed Object,2,,Tue     ,1,0,0,0,0,0,0,1,0,0,0,0,0,0,0,1,0,0,0,0,0,0,0,0,0,38.38662,-91.93013,0,05/07/2019,21:45:00,OCCURRED AS VEHICLE 1 TRAVELED OFF THE LEFT SIDE OF THE ROADWAY STRIKING SEVERAL TREES AND OVERTURNED.
840153,3190011900,Missouri State Highway Patrol-Troop A,1557273600000,190251579,2,0,2,0,Personal Injury,LAFAYETTE,NON-CITY OR UNINCORPORATED,A,3,3,0,26,0,A ,E ,IS 70,CO IS70E TO SOR 70,Dark-Unlighted,Motor Vehicle in Transport,1,61,Wed     ,0,0,0,0,1,0,0,0,0,0,0,0,0,0,0,1,0,0,0,0,0,0,0,0,0,39.00858,-93.9725,0,05/08/2019,00:01:00,"CRASH OCCURRED AS VEHICLE 1 BEGAN SKIDDING ON THE WET ROADWAY SURFACE AND IMPACTED THE REAR OF VEHICLE 2. UPON IMPACT, VEHICLE 1 REMAINED IN THE ROADWAY AND WAS STRUCK BY VEHICLE 3. ASSISTED BY CPL J. C. UTZ /850/, TPR B. A. OWENS /1423/, LAFAYETTE COUNTY SHERIFF'S DEPARTMENT, AND ODESSA POLICE DEPARTMENT."
1502137,3190011690,Missouri State Highway Patrol-Troop H,1557273600000,190251766,3,0,3,0,Personal Injury,ANDREW,NON-CITY OR UNINCORPORATED,H,2,2,0,707,0.13,A ,S ,US 169,CRD 304,Daylight,Motor Vehicle in Transport,1,61,Wed     ,0,0,0,0,0,0,0,0,0,0,0,0,0,0,0,1,0,0,0,0,0,0,0,0,0,39.85673,-94.77941,0,05/08/2019,07:20:00,CRASH OCCURRED AS VEHICLE 2 WAS IN THE SOUTHBOUND LANE OF US 169 STOPPED IN TRAFFIC.  VEHICLE 1 ATTEMPTED TO AVOID STRIKING VEHICLE 2 AND SWERVED TOWARD THE NORTHBOUND LANE.  VEHICLE 1 STRUCK THE REAR CORNER OF VEHICLE 2.  BOTH VEHICLES CAME TO REST IN THE SOUTHBOUND LANE OF US 169 FACING WEST.  ASSISTED BY THE ANDREW COUNTY SHERIFF'S DEPARTMENT.
851887,3190011489,Missouri State Highway Patrol-Troop A,1557273600000,190251779,1,0,1,0,Personal Injury,CLAY,RANDOLPH,A,2,2,0,50,0.01,A ,N,IS 435,ERM NORTH IS 435 MILE 560,Daylight,Motor Vehicle in Transport,1,61,Wed     ,0,0,0,0,0,0,1,0,0,0,0,0,0,1,0,1,0,0,0,0,0,0,0,0,1,39.15489,-94.49796,0,05/08/2019,07:30:00,"CRASH OCCURRED AS BOTH VEHICLES WERE NORTHBOUND ON I 435.  VEH 1 WAS IN THE RIGHT LANE AND ATTEMPTING TO MERGE INTO THE LEFT LANE AND WAS STRUCK BY VEH 2.  ASSISTED BY SGT E L HURST /949/, CPL C O TUBBS /1122/,  CLAY COUNTY SHERIFFS DEPARTMENT AND KANSAS CITY POLICE DEPARTMENT."
1142695,3190012005,Missouri State Highway Patrol-Troop E,1557273600000,190251993,3,0,3,0,Personal Injury,BUTLER,NON-CITY OR UNINCORPORATED,E,2,2,0,0,0,AT,S ,US 67,WOR 60,Daylight,Motor Vehicle in Transport,1,64,Wed     ,0,0,0,0,0,0,0,1,1,0,0,1,0,0,0,1,0,0,0,0,0,0,0,0,0,36.80218,-90.45586,0,05/08/2019,09:25:00,CRASH OCCURRED AS VEHICLE ONE PULLED INTO THE PATH OF VEHICLE TWO
1265792,3190012045,Missouri State Highway Patrol-Troop C,1557273600000,190252025,2,0,2,0,Personal Injury,ST. LOUIS,SUNSET HILLS,C,4,4,0,205,0.04,B ,E ,IS 270,BRIDGE A1026,Daylight,Motor Vehicle in Transport,1,61,Wed     ,0,0,0,0,0,1,1,0,0,0,0,0,0,0,0,1,0,0,0,0,1,0,0,1,1,38.54141,-90.41948,0,05/08/2019,09:40:00,"VEHICLES 1 AND VEHICLE 2 WERE TRAVELING IN LANE 5, VEHICLE 3 WAS TRAVELING IN LANE 4, AND VEHICLE 4 WAS TRAVELING IN LANE 2 ON NORTHBOUND INTERSTATE 270.  VEHICLE 2 WAS AHEAD OF VEHICLE 1.  VEHICLE 2 SLOWED DOWN DUE TO CONGESTED TRAFFIC.  DRIVER 1 WAS FOLLOWING VEHICLE 2 TOO CLOSELY.  DRIVER 1 APPLIED HIS BRAKES AND STEERED TO THE RIGHT TO AVOID VEHICLE 2.  THE FRONT LEFT OF VEHICLE 1 STRUCK THE RIGHT REAR OF VEHICLE 2.  AFTER IMPACT, VEHICLE 2 SLID COUNTER-CLOCKWISE INTO LANE 4.  DRIVER 3 APPLIED HIS BRAKES AND THE FRONT OF VEHICLE 3 STRUCK THE LEFT SIDE OF VEHICLE 2.  AFTER IMPACT, DRIVER 4 APPLIED HIS BRAKES AND STOPPED TO AVOID VEHICLE 2.  THE FRONT RIGHT OF VEHICLE 2 STRUCK THE RIGHT REAR OF VEHICLE 4.  AFTER IMPACT, VEHICLE 2 SLID INTO LANE 1 IN A CLOCKWISE DIRECTION, TRAVELING BACK INTO LANE 2.  DRIVER 4 ACCELERATED AND THE FRONT OF VEHICLE 2 STRUCK THE REAR LEFT OF VEHICLE 4.  ASSISTED BY CPL. J.A. ASHBY #234 AND TPR. S.T. ROETTGER #1429"
1039279,3190012012,Missouri State Highway Patrol-Troop I,1557273600000,190252112,1,0,1,0,Personal Injury,PULASKI,WAYNESVILLE,I,2,2,0,1578,0.3,B ,W ,IS 44,RP 228931,Daylight,Motor Vehicle in Transport,1,64,Wed     ,0,0,0,0,0,0,0,1,1,0,0,0,0,0,0,1,0,0,0,0,0,0,0,0,1,37.8095,-92.21428,0,05/08/2019,10:25:00,"OCCURRED AS DVR 1 WAS TRAVELING EASTBOUND IN WESTBOUND LANES, CAME TO A STOP AND WAS ATTEMPING A U-TURN. VEH 1 TRAVELED INTO THE PATH OF VEHICLE 2. VEH2 ATTEMPTED TO SLOW, BUT IMPACTED VEH 1 IN THE LEFT LANE"
1194556,3190011888,Missouri State Highway Patrol-Troop F,1557273600000,190252177,1,0,1,0,Personal Injury,CALLAWAY,NON-CITY OR UNINCORPORATED,F,1,1,0,3695,0.7,A ,E ,SOR 70,CRD 127,Daylight,Fixed Object,2,,Wed     ,0,0,0,0,0,0,0,1,1,0,0,0,0,0,0,1,0,0,0,0,0,0,0,0,0,38.94342,-91.89556,0,05/08/2019,10:47:00,"CRASH OCCURRED AS VEHICLE 1 TRAVELED OFF THE  RIGHT SIDE OF ROADWAY, STRUCK A CULVERT AND OVERTURNED."
1061755,3190011574,Missouri State Highway Patrol-Troop I,1557273600000,190252629,1,0,1,0,Personal Injury,PHELPS,EDGAR SPRINGS,I,2,2,0,2053,0.39,B ,S ,US 63,CRD 6140,Daylight,Motor Vehicle in Transport,1,60,Wed     ,0,0,0,0,0,0,0,0,0,0,0,0,0,0,0,1,0,0,0,0,0,0,0,0,1,37.70194,-91.86859,0,05/08/2019,14:49:00,CRASH OCCURRED AS VEHICLE 1 CROSSED THE CENTER OF THE ROADWAY AND STRUCK VEHICLE 2.  TPR R.A. TYLER (428)
1039873,3190011908,Missouri State Highway Patrol-Troop I,1557273600000,190252681,1,0,1,0,Personal Injury,CRAWFORD,NON-CITY OR UNINCORPORATED,I,2,2,0,0,0,AT,E ,RT C,CRD ROHRER ROAD,Daylight,Motor Vehicle in Transport,1,60,Wed     ,0,0,0,0,0,1,1,0,0,0,0,1,0,0,0,1,0,0,0,0,1,0,0,1,0,38.15776,-91.28822,0,05/08/2019,15:21:00,VEHICLE 1 FAILED TO YIELD TO ONCOMING TRAFFIC AFTER COMING TO A STOP AT AN INTERSECTION. VEHICLE 1 PULLED INTO THE PATH OF VEHICLE 2 CAUSING VEHICLE 2 TO STRIKE VEHICLE 1.
1304396,3190011705,Missouri State Highway Patrol-Troop C,1557273600000,190253189,1,0,1,0,Personal Injury,WARREN,TRUESDALE,C,1,1,0,1151,0.22,B ,W ,SOR 70,CST E VETERANS MEMORIAL PKWY ,Dark-Unlighted,Fixed Object,2,,Wed     ,0,0,0,0,0,0,0,1,1,0,0,0,0,0,0,1,0,0,0,0,0,0,0,0,0,38.81913,-91.10421,0,05/08/2019,19:57:00,"VEHICLE #1 WAS TRAVELING EASTBOUND ON THE NORTH OUTER ROAD OF INTERSTATE 70, TRAVELED OVER THE CENTERLINE, AND OFF THE LEFT SIDE OF THE ROADWAY. VEHICLE #1 STRUCK A CONCRETE CULVERT AND OVERTURNED."
1273506,3190011838,Missouri State Highway Patrol-Troop C,1557273600000,190253220,1,0,1,0,Personal Injury,ST. FRANCOIS,NON-CITY OR UNINCORPORATED,C,1,1,0,3168,0.6,A ,S ,US 67,CRD SHANNON RD,Dark-Unlighted,Fixed Object,2,,Wed     ,0,0,0,0,0,0,1,0,0,0,0,0,0,0,0,0,0,0,0,0,0,0,0,0,0,37.99391,-90.51989,0,05/08/2019,20:30:00,"VEHICLE 1 WAS TRAVELING SOUTH ON US 67, IN THE RIGHT LANE. DRIVER 1 AVOIDED ANOTHER VEHICLE THAT WAS MERGING INTO THE RIGHT LANE. VEHICLE 1 TRAVELED OFF THE RIGHT ROAD EDGE AND STRUCK A GUARDRAIL END."
887215,3190012484,Missouri State Highway Patrol-Troop A,1557360000000,190253414,1,0,0,1,Personal Injury,RAY,NON-CITY OR UNINCORPORATED,A,1,1,0,2640,0.5,A ,E ,MO 10,CRD PETTIS RD,Dark-Unlighted,Fixed Object,2,,Wed     ,1,0,0,0,1,0,1,0,0,0,0,0,0,0,0,1,0,0,0,0,0,0,0,0,0,39.30417,-94.08947,0,05/08/2019,23:40:00,"CRASH OCCURRED AS VEHICLE #1 WAS EASTBOUND ON MISSOURI 10 AND RAN OFF THE RIGHT SIDE OF THE ROADWAY. VEHICLE #1 TRAVELED INTO A DEEP CREEK BED, STRIKING SEVERAL TREES AND ROLLING MULTIPLE TIMES."
927312,3190011832,Missouri State Highway Patrol-Troop D,1557360000000,190253426,1,0,1,0,Personal Injury,MCDONALD,JANE,D,2,2,0,15,0,B ,W ,CRD DUNCAN LANE,US 71,Dark-Lighted,Motor Vehicle in Transport,1,64,Thu     ,0,0,0,0,0,0,0,1,1,0,0,0,0,0,0,1,0,0,0,0,0,0,0,0,1,36.5161,-94.28748,0,05/09/2019,00:05:00,NBR 2 CHANGED FROM THE DRIVING LANE TO THE PASSING LANE IN ORDER TO MAKE A RIGHT TURN ONTO DUNCAN LANE.  THE RIGHT FRONT CORNER OF NBR 2 STRUCK THE LEFT REAR CORNER OF NBR 1. NBR 1 THEN TRAVELED OFF THE ROADWAY AND OVERTURNED.
799319,3190012103,Missouri State Highway Patrol-Troop A,1557360000000,190253452,1,0,0,1,Personal Injury,SALINE,NON-CITY OR UNINCORPORATED,A,2,2,0,340,0.06,B ,E ,IS 70,ERM EAST IS 70 MILE 858,Dark-Unlighted,Pedestrian,1,,Thu     ,,,,,,0,1,1,0,0,0,0,0,0,0,,0,0,,0,1,0,0,1,1,38.95177,-93.07017,0,05/09/2019,01:10:00,"CRASH OCCURRED AS VEHICLE 1 WAS PASSING VEHICLE 2; VEHICLE 1 ATTEMPTED BUT WAS UNABLE TO AVOID STRIKING A PEDESTRIAN IN THE ROADWAY. VEHICLE 2 SWERVED TO AVOID VEHICLE 1; VEHICLE 2 TRAVELED OFF THE RIGHT SIDE OF THE ROADWAY IMPACTING THE GUARD RAIL AND 2 BRIDGE PILLARS. ASSISTED BY MSGT C. E. UTTERBACK /688/, TPR M. J. HANRAHAN /1370/, AND SALINE COUNTY SHERIFF'S DEPARTMENT."