objectid,accident,agency,inv_date,complaint,injured,killed,min_inj,dis_inj,severity,county,city,troop,no_vehicle,motor_veh,left_scene,dist_feet,dist_mile,inter_loc,direction,on_street,at_street,light_cond,acc_type,on_off_rd,two_veh,day_week,dr_drink,dr_drug,ped_drink,ped_drug,speed,dr_under21,dr_under25,dr_over55,dr_over64,electrical,emer_veh,stop_sign,yield_sign,czone,hazmat,aggressive,cell_phone,texting,veh_defect,school_bus,truck,motorcycle,atv,pickup,cmv,gps_lat,gps_long,severity_fatal,acc_date,acc_time,narrative
1115547,3190012080,Missouri State Highway Patrol-Troop E,1557360000000,190253474,2,0,2,0,Personal Injury,MISSISSIPPI,NON-CITY OR UNINCORPORATED,E,2,2,Y,279,0.05,A ,N,RT CC,CRD 412,Dark-Unlighted,Motor Vehicle in Transport,1,62,Thu     ,,,,,,,,,,0,0,0,0,0,0,,0,0,,,,,,,,36.86296,-89.49227,0,05/09/2019,02:15:00,VEH1 WAS RAN OFF THE ROADWAY BY AN UNKNOWN VEH2. THEN VEH2 LEFT THE SCENE.
1204568,3190011738,Missouri State Highway Patrol-Troop F,1557360000000,190253494,1,0,1,0,Personal Injury,COOPER,NON-CITY OR UNINCORPORATED,F,1,1,0,348,0.07,A ,W ,IS 70,ERM WEST IS 70 MILE 996,Dark-Unlighted,Fixed Object,2,,Thu     ,1,0,0,0,0,0,0,0,0,0,0,0,0,0,0,1,0,0,0,0,1,0,0,1,0,38.93529,-92.81959,0,05/09/2019,03:20:00,"VEHICLE 1 RAN OFF LEFT SIDE OF ROADWAY, OVER CORRECTED, RAN OFF RIGHT SIDE OF ROADWAY, OVERTURNED."
1204569,3190011886,Missouri State Highway Patrol-Troop F,1557360000000,190253546,1,0,1,0,Personal Injury,COOPER,NON-CITY OR UNINCORPORATED,F,2,2,0,79,0.01,A ,W ,IS 70,ERM WEST IS 70 MILE 1084,Daylight,Motor Vehicle in Transport,1,61,Thu     ,0,0,0,0,1,0,0,1,1,0,0,0,0,0,0,1,0,0,0,0,1,0,0,1,0,38.93852,-92.65381,0,05/09/2019,06:40:00,VEHICLE 1 CHANGED LANES AND IMPACTED VEHICLE 2.
828678,3190012265,Missouri State Highway Patrol-Troop A,1557360000000,190253974,1,0,0,1,Personal Injury,CLAY,KANSAS CITY,A,1,1,0,195,0.04,A ,N,US 169,CST NW COOKINGHAM DR,Daylight,Overturn,1,,Thu     ,,,,,,0,1,0,0,0,0,0,0,0,0,,0,0,,0,0,1,0,0,0,39.30437,-94.58444,0,05/09/2019,10:00:00,"CRASH OCCURRED AS DRIVER #1 LOST CONTROL AND SLID SEVERAL HUNDRED FEET, EJECTING THE DRIVER, BEFORE COMING TO REST."
1226559,3190011686,Missouri State Highway Patrol-Troop C,1557360000000,190254130,1,0,1,0,Personal Injury,ST. LOUIS,NON-CITY OR UNINCORPORATED,C,2,2,0,2143,0.41,A ,N,IS 55,RP 904795,Daylight,Motor Vehicle in Transport,1,63,Thu     ,0,0,0,0,0,0,0,1,1,0,0,0,0,0,0,1,0,0,0,0,0,0,0,0,0,38.55152,-90.28077,0,05/09/2019,11:30:00,THE BACK REAR OF VEHICLE 1 AND THE FRONT LEFT OF VEHICLE 2 STRUCK.  VEHICLE 1 THEN STRUCK THE GUARDRAIL.
1183026,3190011629,Missouri State Highway Patrol-Troop B,1557360000000,190254279,3,0,3,0,Personal Injury,RANDOLPH,NON-CITY OR UNINCORPORATED,B,2,2,0,0,0,AT,S ,US 63,CRD 1365,Daylight,Motor Vehicle in Transport,1,64,Thu     ,0,0,0,0,0,0,0,1,1,0,0,0,1,0,0,1,0,0,0,0,0,0,0,0,0,39.49733,-92.43623,0,05/09/2019,12:50:00,VEHICLE 02 PULLED INTO THE PATH OF VEHICLE 01 STRIKING VEHICLE 01 IN THE PASSENGER SIDE.  ASSISTED BY RANDOLPH COUNTY SHERIFF'S DEPARTMENT AND CAIRO RURAL FIRE DEPARTMENT.
1322581,3190012333,Missouri State Highway Patrol-Troop G,1557360000000,190254298,1,0,1,0,Personal Injury,TEXAS,NON-CITY OR UNINCORPORATED,G,2,2,0,380,0.07,A ,E ,BU 60,CRD DUNN DRIVE,Daylight,Motor Vehicle in Transport,1,61,Thu     ,0,0,0,0,0,0,0,1,0,0,0,0,0,0,0,0,0,0,0,0,1,0,0,1,0,37.14167,-92.19265,0,05/09/2019,13:03:00,VEHICLE #1 REAR-END VEHICLE #2 WHICH WAS STOPPED IN TRAFFIC.
943099,3190013418,Missouri State Highway Patrol-Troop D,1557360000000,190254512,1,1,1,0,Fatal,DALLAS,NON-CITY OR UNINCORPORATED,D,2,2,0,165,0.03,B ,S ,MO 73,CRD DURINGTON RD,Daylight,Motor Vehicle in Transport,1,60,Thu     ,0,0,0,0,0,0,0,1,0,0,0,0,0,0,0,1,0,0,0,0,0,0,0,0,0,37.72733,-93.07242,1,05/09/2019,14:35:00,FATALITY ACCIDENT    NEXT OF KIN NOTIFIED    THIS IS THE 32ND FATALITY FOR TROOP D IN 2019    VEHICLE 1 CROSSED THE CENTER LINE AND STRUCK VEHICLE 2 HEAD ON. DRIVER WAS PRONOUNCED DEAD AT CMH AT 15:30 BY DR SADLER. PER MISSOURI LAW THE SURVIVING DRIVER WAS TESTED FOR IMPAIRMENT.
1194561,3190012701,Missouri State Highway Patrol-Troop F,1557360000000,190254538,0,1,0,0,Fatal,CALLAWAY,NON-CITY OR UNINCORPORATED,F,3,3,0,310,0.06,A ,E ,US 54,BRIDGE A0043,Daylight,Fixed Object,2,,Thu     ,0,0,0,0,0,0,0,1,1,0,0,0,0,0,0,0,0,0,0,0,0,0,0,0,0,38.60971,-92.14042,1,05/09/2019,14:45:00,"**LATE FATALITY ACCIDENT-NEXT OF KIN NOTIFIED**CRASH OCCURRED AS VEHICLE 1 TRAVELED OFF THE RIGHT SIDE OF THE ROADWAY, WENT AIRBORNE, STRUCK THE GROUND AND OVERTURNED.   ASSISTED BY TPR. M. A. DICKENS (675), TPR. N. A. BAX (188), AND THE  CALLAWAY COUNTY SHERIFF'S OFFICE.  **SUBJECT WAS PRONOUNCED AT UNIVERSITY HOSPITAL AT1801 ON 051119 BY DR. CELIA YEN QUANG.  THIS IS TROOP F FATALITY #7 FOR MAY AND #21 FOR 2019**"
1115546,3190012356,Missouri State Highway Patrol-Troop E,1557360000000,190254684,3,0,3,0,Personal Injury,MISSISSIPPI,NON-CITY OR UNINCORPORATED,E,1,1,0,887,0.17,A ,S ,CRD 533,CST HIGH PL,Daylight,Fixed Object,2,,Thu     ,1,0,0,0,0,1,1,0,0,0,0,0,0,0,0,1,0,0,0,0,0,0,0,0,0,36.77456,-89.39178,0,05/09/2019,15:50:00,TRAFFIC CRASH OCCURRED AS VEHICLE 1 TRAVELED OFF LEFT SIDE OF ROADWAY AND STRUCK AN UTILITY POLE.
1219681,3190011834,Missouri State Highway Patrol-Troop C,1557360000000,190254753,1,0,1,0,Personal Injury,FRANKLIN,NON-CITY OR UNINCORPORATED,C,2,2,0,432,0.08,A ,W ,US 50,MO 185,Daylight,Motor Vehicle in Transport,1,61,Thu     ,0,0,0,0,0,1,1,0,0,0,0,0,0,0,0,0,0,0,0,0,0,0,0,0,0,38.42118,-91.19036,0,05/09/2019,16:25:00,VEHICLE 2 WAS STOPPED IN THE WESTBOUND LANE OF US 50 WAITING TO MAKE A LEFT TURN.  DRIVER 1 TURNED ONTO WESTBOUND US 50 FROM NORTHBOUND MO 185 AND FAILED TO NOTICED VEHICLE 2 STOPPED. THE FRONT OF VEHICLE 1 STRUCK THE REAR OF VEHICLE 2.
958915,3190012145,Missouri State Highway Patrol-Troop D,1557360000000,190254845,1,0,1,0,Personal Injury,TANEY,NON-CITY OR UNINCORPORATED,D,1,1,0,232,0.04,B ,E ,MO 76,CRD WALKINGTON LN,Daylight,Fixed Object,2,,Thu     ,0,0,0,0,1,0,0,1,1,0,0,0,0,0,0,1,0,0,0,0,0,0,0,0,0,36.64543,-93.19129,0,05/09/2019,17:00:00,"DRIVER #1 LOST CONTROL ON A WET CURVE, CROSSED THE CENTERLINE, RAN OFF THE LEFT SIDE OF THE ROAD AND STRUCK A FENCE.  ASSISTED BY TPR J.E. HENDERSON #286"
1269583,3190012778,Missouri State Highway Patrol-Troop C,1557360000000,190254873,1,0,1,0,Personal Injury,JEFFERSON,NON-CITY OR UNINCORPORATED,C,1,1,0,248,0.05,B ,W ,CRD GLADE CHAPEL RD,PVT ZEB DR,Daylight,Fixed Object,2,,Thu     ,1,0,0,0,0,0,0,1,0,0,0,0,0,0,0,1,0,0,0,0,0,0,0,0,0,38.29287,-90.58927,0,05/09/2019,17:00:00,"DRIVER 1 SWERVED TO AVOID AN ANIMAL IN THE ROADWAY, TRAVELED OFF THE LEFT SIDE OF THE ROADWAY AND STRUCK A UTILITY POLE"
921264,3190012347,Missouri State Highway Patrol-Troop D,1557446400000,190255486,0,0,0,0,Property Damage,LAWRENCE,NON-CITY OR UNINCORPORATED,D,1,1,Y,0,0,AT,N,CRD 1240,CRD 2230,Dark-Unlighted,Fixed Object,2,,Fri     ,0,0,0,0,1,0,0,0,0,0,0,0,0,0,0,1,0,0,0,0,1,0,0,1,1,36.94501,-93.62893,0,05/10/2019,00:20:00,"CRASH OCCURRED AS VEHICLE #1 LOST CONTROL ON A CURVE, STRUCK A TREE, AND CAME TO REST OFF THE ROADWAY.  THE DRIVER OF VHEILCE #1 AND SECOND PASSENGER FLED ON FOOT."
1017845,3190011831,Missouri State Highway Patrol-Troop D,1557446400000,190255525,1,0,1,0,Personal Injury,NEWTON,NON-CITY OR UNINCORPORATED,D,1,1,0,691,0.13,B ,W ,CRD KENTUCKY RD,MO 43,Dark-Unlighted,Fixed Object,2,,Fri     ,0,0,0,0,1,0,0,0,0,0,1,0,0,0,0,1,0,0,0,0,0,0,0,0,0,36.89647,-94.58502,0,05/10/2019,01:37:00,"NBR #1 FAILED TO NEGOTIATE A 90 DEGREE CURVE.  NBR #1 LEFT THE ROADWAY, BECAME AIRBORNE AND STRUCK THE DITCH. NBR #1 CONTINUED ACROSS MISSOURI 43 AND CAME TO REST FACING WEST OFF THE WEST SIDE OF MISSOURI 43."
921265,3190012526,Missouri State Highway Patrol-Troop D,1557446400000,190255582,1,1,0,1,Fatal,LAWRENCE,NON-CITY OR UNINCORPORATED,D,1,1,0,69,0.01,A ,E ,IS 44,ERM EAST IS 44 MILE 522,Dark-Unlighted,Fixed Object,2,,Fri     ,0,0,0,0,0,0,0,0,0,0,0,0,0,0,0,0,0,0,0,0,1,0,0,1,0,37.13731,-93.7254,1,05/10/2019,05:09:00,FATALITY REPORT.  THIS IS TROOP D'S 33RD FATALITY FOR 2019.  NEXT OF KIN NOTIFIED.  VEHICLE #1 WENT OFF THE RIGHT SIDE OF THE ROADWAY AND STRUCK A TREE.  SUBJECT WAS PRONOUNCED DECEASED ON SCENE BY LAWRENCE COUNTY CORONER SCOTT LAKIN AT 0544 HOURS.
1292173,3190011938,Missouri State Highway Patrol-Troop C,1557446400000,190255962,1,0,1,0,Personal Injury,ST. CHARLES,NON-CITY OR UNINCORPORATED,C,2,2,0,0,0,AT,S ,US 61,RT W,Daylight,Motor Vehicle in Transport,1,64,Fri     ,0,0,0,0,0,0,0,1,1,0,0,1,0,0,0,1,0,0,0,0,1,0,0,1,0,38.87568,-90.90823,0,05/10/2019,09:00:00,"VEHICLE 1 WAS CROSSING SB US 61, FAILED TO YIELD TO VEHICLE 2, AND THE FRONT OF VEHICLE 2 STRUCK THE LEFT REAR OF VEHICLE 1"
828680,3190012562,Missouri State Highway Patrol-Troop A,1557446400000,190256104,2,0,1,1,Personal Injury,CLAY,KANSAS CITY,A,2,2,0,421,0.08,B ,S ,IS 435,ERM SOUTH IS 435 MILE 544,Daylight,Motor Vehicle in Transport,1,61,Fri     ,0,0,0,0,0,0,0,1,1,0,0,0,0,0,0,1,0,0,0,0,0,0,0,0,0,39.17842,-94.49313,0,05/10/2019,09:49:00,CRASH OCCURRED AS VEHICLE 2 WAS STOPPED IN THE CENTER LANE DUE TO TRAFFIC CONGESTION. VEHICLE 1 STRUCK THE REAR OF VEHICLE 2. ASSISTED BY TPR J D HALL /1334/
1196731,3190011977,Missouri State Highway Patrol-Troop F,1557446400000,190256395,1,0,1,0,Personal Injury,HOWARD,NON-CITY OR UNINCORPORATED,F,1,1,0,0,0,AT,W ,MO 124,CRD 105,Daylight,Fixed Object,2,,Fri     ,1,0,0,0,1,0,1,0,0,0,0,0,0,0,0,1,0,0,0,0,0,0,0,0,0,39.14303,-92.59596,0,05/10/2019,11:30:00,VEHICLE 1 WENT OFF THE RIGHT SIDE OF THE ROADWAY.  DRIVER 1 THEN OVERCORRECTED CAUSING VEHICLE 1 TO GO OFF THE LEFT SIDE OF THE ROADWAY AND OVERTURN. ASSISTED BY SGT. D. R. POWELL (594)
876081,3190011972,Missouri State Highway Patrol-Troop A,1557446400000,190256599,1,0,1,0,Personal Injury,PLATTE,KANSAS CITY,A,3,3,0,131,0.02,B ,S ,RP 103613,IS 29,Daylight,Motor Vehicle in Transport,1,61,Fri     ,0,0,0,0,0,0,0,1,1,0,0,0,0,0,0,1,0,0,0,0,0,0,0,0,0,39.24499,-94.65864,0,05/10/2019,13:30:00,CRASH OCCURRED AS VEHICLES WERE TRAVELING SOUTHBOUND ON I-29. VEHICLE1 WAS SLOWING TO ENTER I-29 AND WAS STRUCK BY VEHICLE2 WHICH WAS THEN STRUCK BY VEHICLE3. ASSISTED BY PLATTE COUNTY SHERIFFS OFFICE.
1219641,3190011985,Missouri State Highway Patrol-Troop C,1557446400000,190256744,1,0,1,0,Personal Injury,FRANKLIN,NON-CITY OR UNINCORPORATED,C,2,2,0,1525,0.29,B ,W ,CRD PEACOCK RD,PVT ROBIN HILL LN,Daylight,Motor Vehicle in Transport,1,62,Fri     ,0,0,0,0,0,1,1,0,0,0,0,0,0,0,0,1,0,0,0,0,0,0,0,0,0,38.33235,-91.00646,0,05/10/2019,14:34:00,VEHICLE 1 CROSSED THE CENTER OF THE ROADWAY AND SIDESWIPED VEHICLE 2.
1311776,3190014541,Missouri State Highway Patrol-Troop C,1557446400000,190256757,1,0,0,1,Personal Injury,ST. CHARLES,ST PETERS,C,1,1,0,36,0.01,A ,E ,IS 70,CST EXECUTIVE CENTRE PKWY,Daylight,Fixed Object,2,,Fri     ,0,0,0,0,0,0,1,0,0,0,0,0,0,0,0,1,0,0,0,0,0,0,0,0,0,38.79739,-90.581,0,05/10/2019,14:35:00,"VEHICLE #1 WAS TRAVELING  EB I- 70 AND AN UNKNOWN VEHICLE CUT VEHICLE #1 OFF. DRIVER #1 SWERVED TO AVOID STRIKING THE UNKNOWN VEHICLE, TRAVELED OFF THE RIGHT SIDE OF ROADWAY, AND THE LEFT SIDE OF VEHICLE #1 STRUCK  A CONCRETE PILLAR AND OVERTURNED."
1194538,3190011887,Missouri State Highway Patrol-Troop F,1557446400000,190257065,1,0,1,0,Personal Injury,CALLAWAY,NON-CITY OR UNINCORPORATED,F,2,2,0,142,0.03,B ,E ,IS 70,ERM EAST IS 70 MILE 1462,Daylight,Motor Vehicle in Transport,1,61,Fri     ,0,0,0,0,0,0,1,0,0,0,0,0,0,0,0,1,0,0,0,0,1,0,0,1,0,38.95212,-91.97375,0,05/10/2019,16:45:00,CRASH OCCURRED AS VEHICLE 1 STRUCK THE REAR OF VEHICLE 2.
1226588,3190012703,Missouri State Highway Patrol-Troop C,1557446400000,190257265,1,0,1,0,Personal Injury,ST. LOUIS,NON-CITY OR UNINCORPORATED,C,2,2,0,205,0.04,A ,W ,IS 270,RP 6296,Daylight,Motor Vehicle in Transport,1,61,Fri     ,0,0,0,0,0,0,0,0,0,0,0,0,0,0,0,1,0,0,0,0,1,0,0,1,0,38.51167,-90.3664,0,05/10/2019,18:03:00,BOTH VEHICLES WERE TRAVELING SOUTHBOUND ON INTERSTATE 270. DRIVER 1 SLOWED FOR TRAFFIC CONGESTION AHEAD. DRIVER 2 FAILED TO SLOW AND THE FRONT OF VEHICLE 2 STRUCK THE REAR OF VEHICLE 1.
794150,3190012130,Missouri State Highway Patrol-Troop A,1557446400000,190257270,2,0,2,0,Personal Injury,CASS,NON-CITY OR UNINCORPORATED,A,2,2,0,0,0,AT,W ,CRD 251ST,CRD HARPER RD,Daylight,Motor Vehicle in Transport,1,64,Fri     ,0,0,0,0,0,0,0,1,0,0,0,0,0,0,0,1,0,0,0,0,1,0,0,1,0,38.66717,-94.48125,0,05/10/2019,18:00:00,CRASH OCCURRED AS VEHICLE 1 WAS TRAVELING EAST AND TURNED IN FRONT OF WESTBOUND VEHICLE 2. ASSISTED BY MSGT C M GACH /555/.
1292172,3190011802,Missouri State Highway Patrol-Troop C,1557446400000,190257360,2,0,2,0,Personal Injury,ST. CHARLES,NON-CITY OR UNINCORPORATED,C,2,2,0,0,0,AT,S ,RT T,RT OO,Daylight,Motor Vehicle in Transport,1,64,Fri     ,0,0,0,0,0,1,1,1,0,0,0,1,0,0,0,1,0,0,0,0,0,0,0,0,0,38.77423,-90.96219,0,05/10/2019,18:45:00,VEHICLE 1 WAS TRAVELING WESTBOUND ON ROUTE N. VEHICLE 2 WAS STOPPED SOUTHBOUND ON ROUTE T. DRIVER 2 STARTED TO CROSS THE INTERSECTION. DRIVER 1 FAILED TO STOP FOR A POSTED STOP SIGN AND THE RIGHT FRONT OF VEHICLE 1 STRUCK THE LEFT FRONT OF VEHICLE 2. ASSISTED BY TPR. W. H. ABEL (132) AND CPL. A. D. GADBERRY (258).
1181848,3190012450,Missouri State Highway Patrol-Troop F,1557446400000,190257399,8,0,6,2,Personal Injury,OSAGE,WESTPHALIA,F,2,2,0,517,0.1,B ,S ,US 63,CRD 511,Daylight,Motor Vehicle in Transport,1,60,Fri     ,0,0,0,0,0,1,1,0,0,0,0,0,0,0,0,1,0,0,0,1,0,0,0,0,1,38.44434,-92.00454,0,05/10/2019,19:01:00,"OCCURRED AS VEHICLE 2 WAS TRAVELING SOUTHBOUND ON US 63 AND VEHICLE 1 WAS TRAVELING NORTHBOUND ON US 63. VEHICLE 1 ATTEMPTED TO PASS ANOTHER VEHICLE, AND STRUCK VEHICLE 2 NEARLY HEAD-ON."
910994,3190011703,Missouri State Highway Patrol-Troop D,1557446400000,190257987,1,0,1,0,Personal Injury,GREENE,NON-CITY OR UNINCORPORATED,D,1,1,0,163,0.03,A ,E ,RT D,PVT TIMBER RIDGE LN,Dark-Unlighted,Fixed Object,2,,Fri     ,0,0,0,0,0,0,0,1,0,0,0,0,0,0,0,1,0,0,0,0,0,0,0,0,0,37.18509,-93.12969,0,05/10/2019,23:25:00,VEHICLE 1 RAN OFF THE ROADWAY AND STRUCK A TREE.
799286,3190012334,Missouri State Highway Patrol-Troop A,1557532800000,190258095,1,0,1,0,Personal Injury,SALINE,NON-CITY OR UNINCORPORATED,A,2,2,0,517,0.1,A ,E ,IS 70,ERM EAST IS 70 MILE 742,Dark-Unlighted,Motor Vehicle in Transport,1,61,Sat     ,0,0,0,0,0,1,1,0,0,0,0,0,0,0,0,1,0,0,0,0,1,1,0,1,0,38.97159,-93.27821,0,05/11/2019,00:25:00,"CRASH OCCURRED AS VEHICLE 1 OVERTOOK VEHICLE 2 STRIKING THE REAR OF VEHICLE 2.  ASSISTED BY TPR R A MARTINEZ /1131/, TPR B A OWENS /1423/ AND SALINE COUNTY DEPUTIES."
799121,3190012863,Missouri State Highway Patrol-Troop A,1557532800000,190258121,1,0,1,0,Personal Injury,JACKSON,LEES SUMMIT,A,1,1,0,3695,0.7,A ,W ,IS 470,US 40,Dark-Unlighted,Fixed Object,2,,Sat     ,0,0,0,0,0,0,1,0,0,0,0,0,0,0,0,0,0,0,0,0,0,0,0,0,0,39.02249,-94.36014,0,05/11/2019,00:50:00,"CRASH OCCURRED AS DRIVER 1 SWERVED TO AVOID ANOTHER VEHICLE. VEHICLE 1 RAN OFF THE RIGHT SIDE OF THE ROADWAY, STRUCK A GUARD RAIL, AND OVERTURNED. ASSISTED BY TPR B. W. MONTGOMERY /1348/"
1142699,3190011844,Missouri State Highway Patrol-Troop E,1557532800000,190258251,3,0,3,0,Personal Injury,BUTLER,NON-CITY OR UNINCORPORATED,E,2,2,0,1156,0.22,B ,S ,US 67,CRD 527,Dark-Lighted,Motor Vehicle in Transport,1,60,Sat     ,0,0,0,0,0,1,1,0,0,0,0,0,0,0,0,1,0,0,0,0,1,0,0,1,0,36.80876,-90.46809,0,05/11/2019,02:40:00,CRASH OCCURRED AS VEHICLE ONE TRAVELED NORTHBOUND IN SOUTHBOUND LANE STRIKING VEHICLE TWO HEAD ON
1136766,3190012076,Missouri State Highway Patrol-Troop E,1557532800000,190258270,1,0,1,0,Personal Injury,DUNKLIN,NON-CITY OR UNINCORPORATED,E,1,1,0,126,0.02,A ,N,RT Y,CRD 546,Dark-Unlighted,Fixed Object,2,,Sat     ,0,0,0,0,1,0,0,0,0,0,0,0,0,0,0,1,0,0,0,0,0,0,0,0,0,36.13425,-90.07393,0,05/11/2019,03:48:00,CRASH OCCURRED AS VEHICLE ONE FAILED TO NEGOTIATE A CURVE AND RAN OFF THE ROADWAY AND STRUCK A DITCH.
1269578,3190011902,Missouri State Highway Patrol-Troop C,1557532800000,190258291,1,0,1,0,Personal Injury,JEFFERSON,NON-CITY OR UNINCORPORATED,C,1,1,0,50,0.01,A ,N,CRD GOLDMAN RD,PVT OAK RIDGE CT,Daylight,Fixed Object,2,,Sat     ,0,0,0,0,0,0,0,0,0,0,0,0,0,0,0,1,0,0,0,0,0,0,0,0,0,38.29228,-90.5191,0,05/11/2019,05:35:00,"VEHICLE #1 WAS TRAVELING NORTHBOUND ON GOLDMAN ROAD.  VEHICLE #1 TRAVELED OFF THE RIGHT SIDE OF THE ROADWAY, STRUCK A TRAFFIC SIGN AND A CONCRETE BRIDGE."
1505513,3190012454,Missouri State Highway Patrol-Troop H,1557532800000,190258328,1,0,1,0,Personal Injury,LIVINGSTON,NON-CITY OR UNINCORPORATED,H,1,1,0,527,0.1,A ,S ,RT D,RT DD NJ,Daylight,Fixed Object,2,,Sat     ,0,0,0,0,0,0,0,0,0,0,0,0,0,0,0,0,0,0,0,0,0,0,0,0,0,39.66823,-93.7024,0,05/11/2019,06:45:00,CRASH OCCURRED AS VEH 1 WAS SOUTHBOUND ON STATE ROUTE D. VEH 1 TRAVELED INTO THE NORTHBOUND LANE AND OFF THE EAST SIDE OF THE ROADWAY. IMPACT OCCURRED AS VEH 1 STRUCK A CULVERT AND BECAME AIRBORNE. VEH 1 CAME TO REST EAST OF STATE ROUTE D FACING SOUTHEAST. ASSISTED BY TPR. C.D. OHARA (476)  AND LIVINGSTON COUNTY.
1219659,3190011880,Missouri State Highway Patrol-Troop C,1557532800000,190258335,1,0,0,1,Personal Injury,FRANKLIN,NON-CITY OR UNINCORPORATED,C,2,2,0,1251,0.24,B ,W ,US 50,CST MAIN ST EJ,Daylight,Motor Vehicle in Transport,1,64,Sat     ,0,0,0,0,1,0,0,0,0,0,0,0,0,0,0,1,0,0,0,0,1,0,0,1,0,38.42062,-91.22,0,05/11/2019,07:01:00,"VEHICLE 1 WAS WESTBOUND ON US-50. VEHICLE 2 WAS ENTERING THE ROADWAY FROM A PRIVATE DRIVEWAY. AN ESCORT VEHICLE WAS STOPPED ON THE RIGHT SHOULDER WITH FLASHERS ON WARNING WESTBOUND MOTORISTS OF VEHICLE 2 ENTERING THE ROADWAY. VEHICLE 2 MADE A RIGHT TURN ONTO WESTBOUND US 50. DRIVER 1 DID NOT SLOW FOR THE ESCORT VEHICLE, WENT AROUND IT, AND STRUCK VEHICLE 2."
1293192,3190012072,Missouri State Highway Patrol-Troop C,1557532800000,190258547,1,0,1,0,Personal Injury,ST. LOUIS,MARYLAND HEIGHTS,C,2,2,0,871,0.16,B ,E ,MO 364,RP 279567,Daylight,Parked Motor Vehicle,2,61,Sat     ,0,0,0,0,1,1,1,0,0,0,0,0,0,0,0,1,0,0,0,0,1,0,0,1,0,38.69829,-90.4707,0,05/11/2019,09:25:00,"VEHICLE 1 WAS TRAVELING EASTBOUND ON HIGHWAY 364 IN LANE 1.  VEHICLE 2 WAS A STRANDED MOTORIST ON THE LEFT SHOULDER EASTBOUND ON HIGHWAY 364.  VEHICLE 1 WAS CUT OFF BY UNKNOWN VEHICLE.  DRIVER 1  SWERVED, TRAVELED OFF LEFT SIDE OF THE ROADWAY, AND STRUCK VEHICLE 2."
1047758,3190012741,Missouri State Highway Patrol-Troop I,1557532800000,190258614,1,0,1,0,Personal Injury,CRAWFORD,STEELVILLE,I,1,1,0,417,0.08,A ,S ,MO 19,CST MILL SPRINGS DRIVE,Daylight,Fixed Object,2,,Sat     ,1,0,0,0,1,0,0,0,0,0,0,0,0,0,0,1,0,0,0,0,0,0,0,0,0,37.95906,-91.35169,0,05/11/2019,09:58:00,"DRIVER 1 FAILED TO NEGOTIATE A CURVE, VEHICLE 1 TRAVELED OFF OF THE RIGHT SIDE OF THE ROADWAY AND STRUCK A TREE. ASSISTED BY MSGT. A. B. SWEARINGIN, (1168), STEELVILLE POLICE DEPARTMENT, AND SHERIFF'S OFFICE CRAWFORD COUNTY."
1207816,3190011712,Missouri State Highway Patrol-Troop F,1557532800000,190258784,1,0,1,0,Personal Injury,OSAGE,NON-CITY OR UNINCORPORATED,F,1,1,0,1029,0.19,A ,S ,US 63,PVT BOCKS ANGUS LN,Daylight,Fixed Object,2,,Sat     ,0,0,0,0,0,0,0,1,1,0,0,0,0,0,0,0,0,0,0,0,0,0,0,0,0,38.40218,-91.95458,0,05/11/2019,11:25:00,"CRASH OCCURRED AS VEHICLE 1 ATTEMPTED TO AVOID A NORTHBOUND VEHICLE THAT WAS TRAVELING IN ITS LANE. VEHICLE 1 TRAVELED OFF THE RIGHT SIDE OF THE ROADWAY, DOWN EMBANKMENT AND STRUCK A FENCE."
1288659,3190012330,Missouri State Highway Patrol-Troop C,1557532800000,190259049,1,0,1,0,Personal Injury,PIKE,NON-CITY OR UNINCORPORATED,C,2,2,0,755,0.14,A ,S ,MO 79,BRIDGE A4009,Daylight,Motor Vehicle in Transport,1,64,Sat     ,1,0,0,0,1,0,0,0,0,0,0,0,0,0,0,1,0,0,0,0,1,0,0,1,0,39.46718,-91.08516,0,05/11/2019,13:50:00,"DRIVER 2 FAILED TO PROPERLY NEGOTIATE A CURVE AND THE BACK END OF VEHICLE #2 BEGAN TO SLIDE INTO THE SOUTHBOUND LANE OF HIGHWAY 79, INTO THE PATHWAY OF VEHICLE 1. THE REAR LEFT SIDE OF VEHICLE 2 STRUCK THE FRONT OF VEHICLE 1. ASSISTED BY TPR. A.J. MAYER (1210)"
1122862,3190011965,Missouri State Highway Patrol-Troop E,1557532800000,190259156,2,0,2,0,Personal Injury,MADISON,JUNCTION CITY,E,2,2,0,36,0.01,B ,N,RT OO,CST JOHNSON,Daylight,Motor Vehicle in Transport,1,61,Sat     ,0,0,0,0,0,0,0,0,0,0,0,0,0,0,0,0,0,0,0,0,1,0,0,1,0,37.57608,-90.28903,0,05/11/2019,14:50:00,CRASH OCCURRED AS VEHICLE TWO WAS SLOWING TO MAKE A RIGHT HAND TURN AND WAS STRUCK IN THE REAR BY VEHICLE ONE