objectid,accident,agency,inv_date,complaint,injured,killed,min_inj,dis_inj,severity,county,city,troop,no_vehicle,motor_veh,left_scene,dist_feet,dist_mile,inter_loc,direction,on_street,at_street,light_cond,acc_type,on_off_rd,two_veh,day_week,dr_drink,dr_drug,ped_drink,ped_drug,speed,dr_under21,dr_under25,dr_over55,dr_over64,electrical,emer_veh,stop_sign,yield_sign,czone,hazmat,aggressive,cell_phone,texting,veh_defect,school_bus,truck,motorcycle,atv,pickup,cmv,gps_lat,gps_long,severity_fatal,acc_date,acc_time,narrative
876083,3190012563,Missouri State Highway Patrol-Troop A,1557532800000,190259194,1,0,1,0,Personal Injury,PLATTE,KANSAS CITY,A,1,1,0,325,0.06,A ,N,IS 29,ERM NORTH IS 29 MILE 128,Daylight,Fixed Object,2,,Sat     ,0,0,0,0,1,1,1,0,0,0,0,0,0,0,0,1,0,0,0,0,0,0,0,0,0,39.30565,-94.68618,0,05/11/2019,15:05:00,"CRASH OCCURRED AS VEHICLE1 TRAVELED OF THE LEFT SIDE OF ROADWAY, OVERCORRECTED, TRAVELING OFF THE RIGHT SIDE OF THE ROADWAY.  VEHICLE1  STRUCK THE EMBANKMENT AND A HIGHWAY SIGN BEFORE COMING TO AN UNCONTROLLED STOP."
1257935,3190013694,Missouri State Highway Patrol-Troop C,1557532800000,190259197,1,1,0,1,Fatal,ST. LOUIS,HAZELWOOD,C,2,2,0,5,0,A ,E ,IS 270,RP 6422,Daylight,Motor Vehicle in Transport,1,63,Sat     ,0,0,0,0,1,0,0,1,1,0,0,0,0,0,0,1,0,0,0,0,1,0,0,1,0,38.77822,-90.36046,1,05/11/2019,14:58:00,"FATALITY REPORT - VEHICLE #1 ENTERED INTERSTATE 270 EASTBOUND FROM THE SOUTHBOUND US 67 RAMP AND TRAVELED INTO PATH OF VEHICLE #2. PASSENGER #1 FATALITY PRONOUNCED AT SSM HEALTH DEPAUL HOSPITAL BY DR. KOYEJO AT 1554 HOURS. ASSISTED BY CPL. V. M. KASPUT (1339), MSGT. J. R. DIFFEE (496),TPR. Q. H. HOOK (373), AND HAZELWOOD PD OFFICERS."
927313,3190011849,Missouri State Highway Patrol-Troop D,1557532800000,190259210,1,0,0,1,Personal Injury,MCDONALD,JANE,D,1,1,0,1214,0.23,B ,S ,US 71,CRD SQUIRREL LN,Daylight,Fixed Object,2,,Sat     ,,,,,,0,0,1,0,0,0,0,0,0,0,,0,0,,0,0,1,0,0,0,36.53828,-94.30173,0,05/11/2019,15:15:00,"CRASH OCCURRED AS VEHICLE #1 WAS SOUTHBOUND ON U.S. 71, TRAVELED OFF THE LEFT SIDE OF THE ROADWAY AND STRUCK THE CONCRETE BARRIER. DRIVER #1 WAS EJECTED FROM THE VEHICLE."
999797,3190012120,Missouri State Highway Patrol-Troop D,1557532800000,190259313,1,0,1,0,Personal Injury,STONE,NON-CITY OR UNINCORPORATED,D,1,1,0,1024,0.19,A ,E ,MO 86,PVT PICKENS RD EJ,Daylight,Fixed Object,2,,Sat     ,1,0,0,0,0,0,1,0,0,0,0,0,0,0,0,0,0,0,0,0,1,0,0,1,0,36.52783,-93.44864,0,05/11/2019,16:10:00,"CRASH OCCURRED AS VEHICLE #1 RAN OFF RIGHT SIDE OF ROADWAY, OVER CORRECTED, RAN OFF LEFT SIDE OF ROADWAY AND STRUCK A TREE."
1212754,3190012437,Missouri State Highway Patrol-Troop C,1557532800000,190259336,1,0,0,1,Personal Injury,WASHINGTON,NON-CITY OR UNINCORPORATED,C,1,1,0,1056,0.2,B ,S ,MO 21,CRD JOHN SMITH RD 515,Daylight,Fixed Object,2,,Sat     ,0,0,0,0,0,0,0,0,0,0,0,0,0,0,0,0,1,0,0,0,1,0,0,1,0,37.89195,-90.77967,0,05/11/2019,16:27:00,"VEHICLE 1 WAS TRAVELING NORTHBOUND ON HIGHWAY 21 AND BEGAN TO HYDROPLANE.  DRIVER 1 OVERCORRECTED, CAUSING VEHICLE 1 TO TRAVEL OFF THE LEFT SIDE OF ROADWAY AND OVERTURN,  ASSISTED BY MSGT. D. F. ISRINGHAUSEN (1335)."
1219688,3190013229,Missouri State Highway Patrol-Troop C,1557532800000,190259364,1,0,1,0,Personal Injury,FRANKLIN,NON-CITY OR UNINCORPORATED,C,1,1,0,776,0.15,B ,S ,RT N,CRD WOODS CREEK RD,Daylight,Overturn,2,,Sat     ,0,0,0,0,1,1,1,0,0,0,0,0,0,0,0,1,0,0,0,0,0,0,0,0,0,38.39695,-90.82113,0,05/11/2019,16:35:00,DRIVER 1 FAILED TO NEGOTIATE A CURVE TO THE RIGHT CAUSING VEHICLE 1 TO CROSS THE CENTER LINE AND OFF THE LEFT SIDE OF THE ROADWAY.  VEHICLE #1 OVERTURNED AND STRUCK A UTILITY POLE.
985477,3190012216,Missouri State Highway Patrol-Troop D,1557532800000,190259428,2,0,2,0,Personal Injury,POLK,FAIR PLAY,D,2,2,0,0,0,AT,W ,MO 32,CST ASH ST,Daylight,Motor Vehicle in Transport,1,64,Sat     ,0,0,0,0,0,1,1,1,1,0,0,0,0,0,0,1,0,0,0,0,1,0,0,1,0,37.63009,-93.5822,0,05/11/2019,17:06:00,VEH1 TURNED INTO THE PATH OF VEH2
1044435,3190012856,Missouri State Highway Patrol-Troop I,1557532800000,190259915,2,0,2,0,Personal Injury,LACLEDE,NON-CITY OR UNINCORPORATED,I,1,1,0,1816,0.34,A ,S ,CRD NINA DR,CRD KANSAS RD,Dark-Unlighted,Fixed Object,2,,Sat     ,0,0,0,0,0,0,0,0,0,0,0,0,0,0,0,0,0,0,0,0,0,0,0,0,0,37.83057,-92.71685,0,05/11/2019,21:00:00,"CRASH OCCURRED AS VEHICLE 1 ATTEMPTED TO AVOID A DEER IN ROADWAY.  VEHICLE 1 RAN OFF THE RIGHT SIDE OF THE ROADWAY, STRUCK AN EMBANKMENT AND OVERTURNED"
862358,3190012379,Missouri State Highway Patrol-Troop A,1557532800000,190259994,4,0,4,0,Personal Injury,JACKSON,BLUE SPRINGS,A,4,4,0,240,0.05,B ,E ,IS 70,ERM EAST IS 70 MILE 196,Dark-Unlighted,Motor Vehicle in Transport,1,61,Sat     ,0,0,0,0,0,1,1,0,0,0,0,0,0,0,0,0,0,0,0,0,1,0,0,1,0,39.03253,-94.29174,0,05/11/2019,21:40:00,"OCCURRED AS VEH1 OVERTOOK AND STRUCK REAR OF VEH2 IN STOPPED TRAFFIC. VEH2 THEN STRUCK REAR OF VEH3, VEH3 THEN STRUCK REAR OF VEH4. ASSISTED BY MSGT R S SMITH /691/, TPR B W MONTGOMERY /1348/, AND BLUE SPRINGS POLICE"
1210748,3190015110,Missouri State Highway Patrol-Troop C,1557532800000,190260100,1,0,1,0,Personal Injury,ST. LOUIS,BERKELEY,C,2,2,0,216,0.04,A ,E ,IS 170,BRIDGE A2926,Dark-Unlighted,Motor Vehicle in Transport,1,60,Sat     ,1,0,0,0,1,0,0,1,1,0,0,0,0,0,0,1,0,0,0,0,0,0,0,0,0,38.75771,-90.33954,0,05/11/2019,22:30:00,"DRIVER 1 LOST CONTROL OF VEHICLE 1 AND BEGAN TO SLIDE. VEHICLE 1 SLID INTO THE FRONT OF VEHICLE 2 THEN TRAVELED OFF THE LEFT SIDE OF THE ROADWAY AND STRUCK A CONCRETE BARRIER. VEHICLE 2 BEGAN TO SLIDE, TRAVELED OFF THE LEFT SIDE OF THE ROADWAY AND STRUCK A CONCRETE BARRIER. VEHICLE 2 RETURNED TO THE ROADWAY THEN TRAVELED OFF THE RIGHT SIDE OF THE ROADWAY AND STRUCK A CONCRETE BARRIER.  ASSISTED BY TPR B G GROVES (837)"
905289,3190012061,Missouri State Highway Patrol-Troop D,1557532800000,190260128,1,0,1,0,Personal Injury,CHRISTIAN,NON-CITY OR UNINCORPORATED,D,2,2,0,432,0.08,A ,S ,CRD GREGG ROAD,CRD IRENE COURT,Dark-Unlighted,Motor Vehicle in Transport,1,64,Sat     ,1,0,0,0,1,0,0,1,0,0,0,0,0,0,0,1,0,0,0,0,1,1,0,1,0,37.06342,-93.31695,0,05/11/2019,22:47:00,NBR 1 WAS BACKING INTO A DRIVEWAY WHEN NBR 2 STRUCK THE FRONT OF NBR 1.
1211183,3190012383,Missouri State Highway Patrol-Troop F,1557532800000,190260165,1,0,0,1,Personal Injury,COLE,NON-CITY OR UNINCORPORATED,F,1,1,0,2640,0.5,B ,E ,CRD FRIENDSHIP RD,CST ASHBURY WAY,Dark-Unlighted,Fixed Object,2,,Sat     ,0,0,0,0,1,1,1,0,0,0,0,0,0,0,0,1,0,0,0,0,1,0,0,1,0,38.50305,-92.19414,0,05/11/2019,23:00:00,"DRIVER 1 FAILED TO NEGOTIATE A CURVE, TRAVELED OFF THE LEFT SIDE OF THE ROADWAY, STRIKING A TREE., AND CAUSING THE VEHICLE TO CATCH FIRE. ASSISTED BY COLE COUNTY SHERIFFS DEPARTMENT."
887212,3190011937,Missouri State Highway Patrol-Troop A,1557619200000,190260477,1,0,1,0,Personal Injury,RAY,NON-CITY OR UNINCORPORATED,A,1,1,0,590,0.11,B ,S ,RT B,CRD E 168TH ST,Daylight,Overturn,2,,Sun     ,0,0,0,0,1,0,0,0,0,0,0,0,0,0,0,1,0,0,0,0,0,0,0,0,0,39.39482,-93.9302,0,05/12/2019,07:27:00,OCCURRED AS VEH1 SWERVED TO AVOID ANIMAL IN THE ROADWAY AND OVERTURNED. ASSISTED BY TPR A W FERGUSON /471/
1305095,3190012512,Missouri State Highway Patrol-Troop C,1557619200000,190260566,2,0,2,0,Personal Injury,WARREN,NON-CITY OR UNINCORPORATED,C,2,2,0,21,0,B ,S ,MO 47,BRIDGE A7856,Daylight,Fixed Object,2,,Unk     ,0,0,0,0,0,0,0,1,0,0,0,0,0,0,0,1,0,0,0,0,0,0,0,0,0,38.5997,-91.00455,0,05/12/2019,08:53:00,VEHICLE 1 WAS TRAVELING NORTHBOUND ON HIGHWAY 47 AND VEHICLE 2 WAS TRAVELING SOUTHBOUND ON 47. DRIVER 1 BEGAN TO LOSE CONTROL OF VEHICLE 1 AND THE TRAVEL TRAILER THAT WAS BEING PULLED. DRIVER 2 DROVE ONTO THE RIGHT SHOULDER TO AVOID VEHICLE 1 . VEHICLE 1 CROSSED THE CENTER LINE AND BEGAN TO ROTATE COUNTER-CLOCKWISE. VEHICLE 1 WENT OFF THE LEFT SIDE OF THE ROADWAY AND STRUCK A GUARDRAIL. THE  TRAVEL TRAILER OVERTURNED AND STRUCK THE FRONT OF VEHICLE 2.
840155,3190011951,Missouri State Highway Patrol-Troop A,1557619200000,190260585,1,0,1,0,Personal Injury,LAFAYETTE,NON-CITY OR UNINCORPORATED,A,1,1,0,443,0.08,B ,N,MO 131,CRD HILLSIDE DR,Daylight,Fixed Object,2,,Sun     ,0,0,0,0,1,0,0,0,0,0,0,0,0,0,0,1,0,0,0,0,0,0,0,0,0,39.04271,-93.97281,0,05/12/2019,09:05:00,"CRASH OCCURRED AS VEHICLE #1 WAS TRAVELING NORTHBOUND ON MISSOURI 13, AND TRAVELED OFF THE EAST SIDE OF THE ROADWAY.  VEHICLE #1 STRUCK A DITCH AND OVERTURNED.  VEHICLE #1 CAME TO REST IN THE DITCH ON ITS TOP, FACING WEST. DRIVER #1 REFUSED TREATMENT ON SCENE. ASSISTED BY TPR. H.R. STEVENS/1434/, TPR. M.J. OWENS/488/,  LAFAYETTE COUNTY SHERIFF'S DEPARTMENT, ODESSA FIRE AND EMS."
828681,3190013264,Missouri State Highway Patrol-Troop A,1557619200000,190260635,1,0,1,0,Personal Injury,CLAY,KANSAS CITY,A,1,1,0,80,0.02,B ,S ,IS 435,MO 291,Daylight,Fixed Object,2,,Sun     ,0,0,0,0,1,0,0,0,0,0,0,0,0,0,0,1,0,0,0,0,0,0,0,0,0,39.30351,-94.51032,0,05/12/2019,09:47:00,OCCURRED AS VEH1 LOST CONTROL WHILE BREAKING ON A WATER COVERED ROADWAY. IT THEN TRAVELED OFF THE RIGHT SIDE OF THE ROAD UP A CONCRETE EMBANKMENT AND STRUCK A CONCRETE WALL BEFORE OVERTURNING. ASSISTED BY TPR. D. K. FLETCHER /491/.
1138844,3190012594,Missouri State Highway Patrol-Troop E,1557619200000,190260672,3,0,3,0,Personal Injury,BUTLER,POPLAR BLUFF,E,2,2,0,0,0,AT,W ,CST W PINE,CST NINTH ST,Daylight,Motor Vehicle in Transport,1,64,Sun     ,0,0,0,0,0,0,0,1,1,1,1,0,0,0,0,1,0,0,0,0,0,0,0,0,0,36.75845,-90.40225,0,05/12/2019,10:15:00,INJURY PATROL CAR CRASH-CRASH OCCURRED AS VEHICLE 1 RESPONDING WITH EMERGENCY EQUIPMENT ACTIVATED STRUCK VEHICLE 2 IN AN INTERSECTION- FRONT END DAMAGE TO PATROL VEHICLE ESTIMATED REPAIR COST $5000 MILEAGE UNKNOWN TO BATTERY DAMAGE
1269454,3190012342,Missouri State Highway Patrol-Troop C,1557619200000,190260897,2,0,2,0,Personal Injury,JEFFERSON,NON-CITY OR UNINCORPORATED,C,3,3,0,158,0.03,A ,S ,US 61,PVT WINTER DR,Daylight,Motor Vehicle in Transport,1,64,Sun     ,0,0,0,0,0,0,0,1,1,0,0,0,0,0,0,1,0,0,0,0,0,0,0,0,0,38.38346,-90.3721,0,05/12/2019,12:55:00,"DRIVER #2 FAILED TO YIELD TO VEHICLE #1 WHILE MAKING A LEFT TURN ONTO NORTHBOUND US-61.  THE FRONT OF VEHICLE #1 STRUCK THE LEFT SIDE OF VEHICLE #2. POST IMPACT, VEHICLE #1 ROTATED IN COUNTER-CLOCKWISE DIRECTION, TRAVELED OFF THE RIGHT SIDE OF THE ROAD AND THE REAR OF VEHICLE #1 STRUCK THE REAR OF VEHICLE #3."
1333947,3190012115,Missouri State Highway Patrol-Troop G,1557619200000,190261131,1,0,1,0,Personal Injury,WRIGHT,NON-CITY OR UNINCORPORATED,G,1,1,0,4752,0.9,B ,W ,US 60,RP 1932,Daylight,Fixed Object,2,,Sun     ,0,0,0,0,0,0,0,1,1,0,0,0,0,0,0,0,0,0,0,0,0,0,0,0,0,37.11727,-92.3982,0,05/12/2019,14:47:00,"CRASH OCCURRED AS VEHICLE ONE RAN OFF THE LEFT SIDE OF THE ROADWAY, OVERCORRECTED THEN RAN OFF THE RIGHT SIDE OF THE ROADWAY STRIKING AN EMBANKMENT"
878822,3190011912,Missouri State Highway Patrol-Troop A,1557619200000,190261165,2,0,2,0,Personal Injury,CLAY,NON-CITY OR UNINCORPORATED,A,2,2,0,343,0.06,A ,S ,IS 35,ERM SOUTH IS 35 MILE 214,Daylight,Motor Vehicle in Transport,1,61,Sun     ,0,0,0,0,0,1,1,1,1,0,0,0,0,0,0,1,0,0,0,0,0,0,0,0,0,39.30359,-94.40702,0,05/12/2019,15:05:00,CRASH OCCURRED AS VEHICLE 2 WAS SLOWING STALLED VEHICLE ON THE RIGHT SHOULDER.  VEHICLE 1 STRUCK VEHICLE 2 IN THE REAR.  ASSISTED BY KEARNEY POLICE.
1024448,3190012547,Missouri State Highway Patrol-Troop D,1557619200000,190261275,2,0,2,0,Personal Injury,JASPER,AIRPORT DRIVE,D,2,2,0,0,0,AT,S ,MO 43,CRD FOUNTAIN,Daylight,Motor Vehicle in Transport,1,64,Sun     ,,,,,,0,1,1,1,1,0,0,0,0,0,,0,0,,0,0,0,0,0,0,37.12821,-94.51135,0,05/12/2019,16:00:00,NBR 1 PULLED INTO THE PATH OF NBR 2 AND WAS STRUCK BY NBR 2.
830963,3190011913,Missouri State Highway Patrol-Troop A,1557619200000,190261277,2,0,0,2,Personal Injury,CLAY,KEARNEY,A,3,3,0,110,0.02,A ,S ,IS 35,ERM SOUTH IS 35 MILE 234,Daylight,Motor Vehicle in Transport,1,61,Sun     ,0,0,0,0,1,0,0,1,1,0,0,0,0,0,0,1,0,0,0,0,1,0,0,1,0,39.33095,-94.39233,0,05/12/2019,15:55:00,CRASH OCCURRED AS VEHICLE 2 AND VEHICLE 3 WERE SLOWING DUE TO TRAFFIC CONGESTION.  VEHICLE 1 STRUCK THE REAR OF VEHICLE 2 CAUSING VEHICLE 2 TO STRIKE THE REAR OF VEHICLE 3.  ASSISTED BY KEARNEY POLICE.
794149,3190012458,Missouri State Highway Patrol-Troop A,1557619200000,190261307,1,0,1,0,Personal Injury,CASS,NON-CITY OR UNINCORPORATED,A,2,2,0,128,0.02,B ,N,IS 49,ERM NORTH IS 49 MILE 1492,Daylight,Parked Motor Vehicle,2,63,Sun     ,0,0,0,0,0,0,0,1,1,0,0,0,0,0,0,1,0,0,0,0,0,0,0,0,1,38.50274,-94.3414,0,05/12/2019,16:10:00,"CRASH OCCURRED AS VEHICLE2 WAS STOPPED ON THE RIGHT SHOULDER.  VEHICLE1 TRAVELED OFF THE RIGHT SIDE OF THE ROADWAY, SIDESWIPING VEHICLE2.  VEHICLE1 CONTINUED OFF THE RIGHT SIDE, DOWN THE EMBANKMENT, AND ACROSS THE EAST OUTER ROAD WHERE IT CAME TO REST.  ASSISTED BY CPL. J.E. THUSS/1206/"
905288,3190011940,Missouri State Highway Patrol-Troop D,1557619200000,190261422,1,0,1,0,Personal Injury,CHRISTIAN,NON-CITY OR UNINCORPORATED,D,1,1,0,232,0.04,B ,S ,RT ZZ,CRD MAPLES LN,Daylight,Fixed Object,2,,Sun     ,0,0,0,0,0,0,0,0,0,0,0,0,0,0,0,1,0,0,0,0,1,0,0,1,0,37.06603,-93.4189,0,05/12/2019,16:55:00,VEHICLE 1 RAN OFF THE ROADWAY AND STRUCK A MAILBOX.
878823,3190012032,Missouri State Highway Patrol-Troop A,1557619200000,190261425,1,0,1,0,Personal Injury,CLAY,NON-CITY OR UNINCORPORATED,A,2,2,0,0,0,AT,W ,MO 92,CRD OLD QUARRY RD,Daylight,Motor Vehicle in Transport,1,64,Sun     ,0,0,0,0,0,1,1,0,0,0,0,1,0,0,0,1,0,0,0,0,0,0,0,0,0,39.37133,-94.263,0,05/12/2019,17:00:00,CRASH OCCURRED AS VEHICLE 1 WAS TRAVELING NORTH ON RA HIGHWAY AND VEHICLE 2 WAS TRAVELING WEST ON MO 92.  VEHICLE 1 FAILED TO YIELD TO VEHICLE 2 CAUSING VEHICLE 2 TO STRIKE VEHICLE 1.
1176520,3190012530,Missouri State Highway Patrol-Troop B,1557619200000,190261487,2,0,1,1,Personal Injury,CLARK,NON-CITY OR UNINCORPORATED,B,1,1,0,1599,0.3,A ,N,CRD 165,CRD 182,Daylight,Fixed Object,2,,Sun     ,0,0,0,0,0,1,1,0,0,0,0,0,0,0,0,1,0,0,0,0,0,0,0,0,0,40.39516,-91.69259,0,05/12/2019,17:30:00,"VEHICLE TRAVELED OFF THE LEFT SIDE OF THE ROADWAY, COLLIDED WITH AN EMBANKMENT, AND OVERTURNED.  ASSISTED BY TPR. KOTTWITZ #1165, CLARK COUNTY SHERIFF'S OFFICE, CLARK COUNTY EMS. AND CLARK COUNTY RESCUE."
804899,3190012519,Missouri State Highway Patrol-Troop A,1557619200000,190261488,1,0,1,0,Personal Injury,JOHNSON,NON-CITY OR UNINCORPORATED,A,1,1,0,1906,0.36,A ,N,RT BB,CRD SW 400,Daylight,Fixed Object,2,,Sun     ,1,0,0,0,0,0,0,0,0,0,0,0,0,0,0,1,0,0,0,0,0,0,0,0,0,38.71248,-93.79482,0,05/12/2019,17:30:00,"CRASH OCCURRED AS VEHICLE 1 TRAVELED OFF THE RIGHT SIDE OF ROADWAY, STRUCK A ROAD SIGN AND DRIVEWAY ENTRANCE, AND  OVERTURNED. VEHICLE 1 STRUCK A FENCE AND CAME TO REST ON ITS RIGHT SIDE. ASSISTED CPL J J CRUMP /1361/ AND TPR A L ROYSTER /941/."
794120,3190011883,Missouri State Highway Patrol-Troop A,1557619200000,190261522,1,0,1,0,Personal Injury,CASS,NON-CITY OR UNINCORPORATED,A,1,1,0,2640,0.5,B ,S ,MO 7,CRD SYCAMORE GROVE ROAD,Daylight,Fixed Object,2,,Sun     ,0,0,0,0,1,0,0,0,0,0,0,0,0,0,0,1,0,0,0,0,0,0,0,0,0,38.58198,-94.21983,0,05/12/2019,17:40:00,"VEHICLE1 WAS TRAVELING SOUTHBOUND ON MISSOURI 7 IN A HEAVY RAIN STORM.  DRIVER 1 STATED THE VEHICLE BEGAN TO HYDROPLANE AND TRAVELED OFF THE RIGHT SIDE OF THE ROADWAY,  VEHICLE1 STRUCK A DITCH AND OVERTURNED."
1269482,3190013099,Missouri State Highway Patrol-Troop C,1557619200000,190261568,1,0,0,1,Personal Injury,JEFFERSON,NON-CITY OR UNINCORPORATED,C,1,1,0,232,0.04,B ,S ,RP 277662,CRD OLD HWY 21,Daylight,Fixed Object,2,,Sun     ,0,0,0,0,1,0,0,0,0,0,0,0,0,0,0,1,0,0,0,0,0,0,0,0,0,38.41138,-90.49222,0,05/12/2019,18:05:00,"VEHICLE 1 TRAVELED OFF THE RIGHT SIDE OF THE ROADWAY, STRUCK A ROCK BLUFF AND OVERTURNED. DRIVER 1 WAS EJECTED."
1120761,3190012036,Missouri State Highway Patrol-Troop E,1557619200000,190261811,1,0,1,0,Personal Injury,IRON,NON-CITY OR UNINCORPORATED,E,1,1,0,923,0.17,A ,S ,RT N,PVT PRIVATE ROAD SJ,Dark-Unlighted,Fixed Object,2,,Sun     ,0,0,0,0,1,1,1,0,0,0,0,0,0,0,0,1,0,0,0,0,0,0,0,0,0,37.65975,-90.65197,0,05/12/2019,20:35:00,"CRASH OCCURRED AS VEHICLE 1 TRAVELED OFF OF THE LEFT SIDE OF ROADWAY, STRUCK A COUPLE OF ROCKS AND CAME TO REST ON IT'S TIRES."
1226544,3190012667,Missouri State Highway Patrol-Troop C,1557619200000,190261852,1,0,1,0,Personal Injury,ST. LOUIS,NON-CITY OR UNINCORPORATED,C,2,2,0,374,0.07,A ,E ,IS 44,ERM EAST IS 44 MILE 2698,Dark-Unlighted,Fixed Object,2,,Sun     ,0,0,0,0,1,1,1,0,0,0,0,0,0,0,0,1,0,0,0,0,0,0,0,0,1,38.52587,-90.54313,0,05/12/2019,21:15:00,"VEHICLE 1 AND VEHICLE 2 WERE TRAVELING ON EASTBOUND INTERSTATE 44.  VEHICLE 1 WAS IN LANE 1 AND VEHICLE 2 WAS IN LANE 3.  DRIVER 1 SWERVED TO AVOID AN OBJECT IN THE ROAD, OVERCORRECTED, AND LOST CONTROL OF VEHICLE 1.  VEHICLE 1 WENT OFF THE ROADWAY TO THE LEFT AND STRUCK A GUARDRAIL.  VEHICLE 1 CROSSED THE ROADWAY AND THE FRONT OF VEHICLE 1 STRUCK THE LEFT CENTER OF VEHICLE 2'S TRAILER.  VEHICLE 1 BECAME STUCK UNDER VEHICLE 2'S TRAILER. ASSISTED BY MSGT J. R. CAMPBELL (325), TPR N. W. STEVENS (575) AND ST LOUIS COUNTY POLICE"
1273523,3190013109,Missouri State Highway Patrol-Troop C,1557619200000,190261867,1,0,1,0,Personal Injury,ST. FRANCOIS,NON-CITY OR UNINCORPORATED,C,1,1,0,4224,0.8,B ,S ,CRD PRIMROSE RD,CRD BERRY RD,Dark-Unlighted,Fixed Object,2,,Sun     ,0,0,0,0,1,0,0,0,0,0,0,0,0,0,0,1,0,0,0,0,0,0,0,0,0,37.97211,-90.55584,0,05/12/2019,21:34:00,VEHICLE 1 RAN OFF THE LEFT SIDE OF THE ROAD AND STRUCK A TREE.
1017840,3190011991,Missouri State Highway Patrol-Troop D,1557619200000,190261869,1,0,1,0,Personal Injury,NEWTON,NON-CITY OR UNINCORPORATED,D,1,1,0,665,0.13,A ,S ,RT W,BRIDGE L0348,Dark-Unlighted,Fixed Object,2,,Sun     ,1,0,0,0,0,0,0,0,0,0,0,0,0,0,0,0,0,0,0,0,1,0,0,1,0,36.93802,-94.19175,0,05/12/2019,21:40:00,VEHICLE 1 RAN OFF THE ROADWAY AND STRUCK A MAILBOX.
1305097,3190012608,Missouri State Highway Patrol-Troop C,1557619200000,190261912,1,0,1,0,Personal Injury,WARREN,NON-CITY OR UNINCORPORATED,C,1,1,Y,464,0.09,B ,S ,MO 47,CRD CANNONBALL LN,Dark-Unlighted,Fixed Object,2,,Sun     ,1,0,0,0,0,0,0,0,0,0,0,0,0,0,0,1,0,0,0,0,0,0,0,0,0,38.73564,-91.15181,0,05/12/2019,22:01:00,"VEHICLE 1 WAS NORTHBOUND ON HWY 47 AND CROSSED THE CENTER LINE.  VEHICLE 1 THEN TRAVELED OFF THE LEFT SIDE OF THE ROADWAY, STRIKING SEVERAL TREES AND A FENCE."
1269484,3190012600,Missouri State Highway Patrol-Troop C,1557705600000,190262062,0,1,0,0,Fatal,JEFFERSON,NON-CITY OR UNINCORPORATED,C,1,1,0,36,0.01,A ,N,MO 141,PVT CECOS LN,Dark-Unlighted,Pedestrian,1,,Mon     ,0,0,1,0,0,0,0,1,0,0,0,0,0,0,0,0,0,0,0,0,0,0,0,0,0,38.45141,-90.41067,1,05/13/2019,05:16:00,"FATALITY REPORT - PEDESTRIAN #1 WAS STANDING PARTIALLY IN THE ROADWAY BEFORE BEING STRUCK BY VEHICLE #1. PEDESTRIAN #1 PRONOUNCED ON SCENE BY ROCK TOWNSHIP AMBULANCE DISTRICT PERSONNEL AT 0534 HOURS ON 05/13/2019. ASSISTED BY SGT. T.S. CROFT (183), TPR. T.H. ELLISTON (763) AND TPR. B.J. MAGNAN (1343)"
1136768,3190012446,Missouri State Highway Patrol-Troop E,1557705600000,190262069,1,0,1,0,Personal Injury,DUNKLIN,NON-CITY OR UNINCORPORATED,E,1,1,0,10,0,B ,N,RT H,BRIDGE X0586,Dark-Unlighted,Fixed Object,2,,Mon     ,0,0,0,0,0,1,1,0,0,0,0,0,0,0,0,0,0,0,0,0,0,0,0,0,0,36.55409,-90.10188,0,05/13/2019,05:34:00,CRASH OCCURRED AS VEH 1 RAN OFF THE ROADWAY AND STRUCK A HIGHWAY SIGN AND THE END OF A BRIDGE RAILING.   DAMAGE TO YELLOW/BLACK CHEVRON OBJECT MARKER SIGN
1269485,3190016317,Missouri State Highway Patrol-Troop C,1557705600000,190262080,1,0,1,0,Personal Injury,JEFFERSON,NON-CITY OR UNINCORPORATED,C,1,1,0,601,0.11,B ,N,US 67,RT CC NJ,Daylight,Fixed Object,2,,Mon     ,0,0,0,0,0,0,0,1,0,0,0,0,0,0,0,0,0,0,0,0,0,0,0,0,0,38.19102,-90.41713,0,05/13/2019,06:15:00,VEHICLE #1 TRAVELED OFF THE WEST SIDE OF THE ROADWAY STRIKING THE MEDIAN WALL.
1010315,3190011872,Missouri State Highway Patrol-Troop D,1557705600000,190262134,1,0,1,0,Personal Injury,WEBSTER,NON-CITY OR UNINCORPORATED,D,1,1,0,438,0.08,B ,W ,CRD WHISPERING OAKS RD,CRD COLOGNA RD,Daylight,Fixed Object,2,,Mon     ,0,0,0,0,0,0,0,0,0,0,0,0,0,0,0,0,0,0,0,0,0,0,0,0,0,37.32279,-92.98278,0,05/13/2019,07:00:00,CRASH OCCURRED WHEN #1 TRAVELED OFF THE ROADWAY AND STRUCK A TREE.
797050,3190013263,Missouri State Highway Patrol-Troop A,1557705600000,190262445,1,0,1,0,Personal Injury,CLAY,LIBERTY,A,2,2,0,475,0.09,B ,S ,IS 35,ERM SOUTH IS 35 MILE 154,Daylight,Motor Vehicle in Transport,1,61,Mon     ,0,0,0,0,0,0,1,0,0,1,0,0,0,0,0,0,0,0,0,0,0,0,0,0,0,39.23465,-94.46295,0,05/13/2019,09:21:00,"CRASH OCCURRED AS VEHICLE 2 SLOWED DUE TO CONGESTED TRAFFIC. VEHICLE 1 STRUCK VEHICLE 2 IN THE REAR, TRAVELED OFF THE LEFT SIDE OF THE ROAD AND STRUCK THE CABLE BARRIER."