objectid,accident,agency,inv_date,complaint,injured,killed,min_inj,dis_inj,severity,county,city,troop,no_vehicle,motor_veh,left_scene,dist_feet,dist_mile,inter_loc,direction,on_street,at_street,light_cond,acc_type,on_off_rd,two_veh,day_week,dr_drink,dr_drug,ped_drink,ped_drug,speed,dr_under21,dr_under25,dr_over55,dr_over64,electrical,emer_veh,stop_sign,yield_sign,czone,hazmat,aggressive,cell_phone,texting,veh_defect,school_bus,truck,motorcycle,atv,pickup,cmv,gps_lat,gps_long,severity_fatal,acc_date,acc_time,narrative
1276813,3190015113,Missouri State Highway Patrol-Troop C,1557705600000,190262671,1,0,1,0,Personal Injury,ST. CHARLES,WELDON SPRING,C,2,2,0,0,0,AT,W ,MO 94,CRD WOLFRUM RD,Daylight,Motor Vehicle in Transport,1,64,Mon     ,0,0,0,0,0,0,0,1,1,1,0,0,0,0,0,1,0,0,0,0,1,0,0,1,0,38.72781,-90.64436,0,05/13/2019,10:50:00,VEHICLE 1 WAS TRAVELING WEST ON HIGHWAY 94. VEHICLE 2 WAS MAKING A LEFT TURN FROM EASTBOUND HIGHWAY 94 TO NORTHBOUND WOLFRUM . DRIVER 1 FAILED TO YIELD TO A SOLID RED ELECTRICAL SIGNAL AND THE FRONT OF VEHICLE 2 STRUCK THE LEFT SIDE OF VEHICLE 1. ASSISTED BY TPR. T.N. ZIEGLER (1440) AND TPR. B.A. COLLINS (197)
1273522,3190012640,Missouri State Highway Patrol-Troop C,1557705600000,190262768,1,0,1,0,Personal Injury,ST. FRANCOIS,NON-CITY OR UNINCORPORATED,C,1,1,0,3695,0.7,B ,W ,CRD LOUGHBORO RD,CST LOUGHBORO RD,Daylight,Fixed Object,2,,Mon     ,0,0,0,0,0,0,0,1,0,0,0,0,0,0,0,0,0,0,0,0,0,0,1,0,0,37.76424,-90.60166,0,05/13/2019,11:30:00,VEHICLE 1 WAS TRAVELING WESTBOUND ON LOUGHBORO ROAD AND TRAVELED OFF THE RIGHT SIDE OF THE ROAD AND OVERTURNED
804895,3190013028,Missouri State Highway Patrol-Troop A,1557705600000,190263013,1,0,1,0,Personal Injury,JOHNSON,NON-CITY OR UNINCORPORATED,A,1,1,0,42,0.01,B ,E ,US 50,CRD NW 375 WJ,Daylight,Overturn,2,,Mon     ,0,0,0,0,1,0,0,1,1,0,0,0,0,0,0,1,0,0,0,0,0,1,0,0,0,38.83473,-93.94428,0,05/13/2019,13:20:00,CRASH OCCURRED AS VEHICLE WAS TURNING ONTO NW 375TH RD AND OVERTURNED.  ASSISTED BY JOHNSON COUNTY DEPUTIES.
883847,3190012599,Missouri State Highway Patrol-Troop A,1557705600000,190263033,1,0,0,1,Personal Injury,BATES,NON-CITY OR UNINCORPORATED,A,2,2,0,83,0.02,B ,S ,IS 49,ERM SOUTH IS 49 MILE 1192,Daylight,Fixed Object,2,,Mon     ,0,1,0,0,1,0,0,1,0,0,0,0,0,0,0,1,0,0,0,0,0,0,0,0,0,38.07508,-94.35261,0,05/13/2019,13:25:00,"CRASH OCCURRED AS VEHICLE #1 WAS TRAVELING SOUTHBOUND.   VEHICLE #1 WAS ACTIVELY FLEEING FROM BATES COUNTY DEPUTIES, WHO WERE IN PURSUIT. VEHICLE #1 ATTEMPTED TO PASS A VEHICLE ON THE INSIDE SHOULDER, TRAVELED OFF THE LEFT SIDE OF THE ROADWAY, AND STRUCK THE MEDIAN. VEHICLE #1 THEN BEGAN OVERTURNING, ENTERED THE NORTHBOUND LANES OF INTERSTATE 49, AND STRUCK VEHICLE #2, TRAVELING NORTHBOUND. VEHICLE #1 CAME TO FINAL REST ON ITS TOP, IN THE RIGHT LANE OF NORTHBOUND INTERSTATE 49. VEHICLE #2 CAME TO A CONTROLLED STOP.  ASSISTED BY MSGT. C. M. GACH/555/, TPR. D.J. JACKSON/456/ AND BATES COUNTY SHERIFF'S DEPARTMENT"
915532,3190012060,Missouri State Highway Patrol-Troop D,1557705600000,190263173,1,0,1,0,Personal Injury,JASPER,NON-CITY OR UNINCORPORATED,D,2,2,0,17,0,B ,W ,RT P,CRD DESTINY DRIVE,Daylight,Motor Vehicle in Transport,1,61,Mon     ,0,0,0,0,0,0,1,1,1,0,0,0,0,0,0,1,0,0,0,0,0,0,0,0,0,37.10833,-94.58251,0,05/13/2019,14:11:00,#2 WAS STOPPED ATTEMPTING TO TURN LEFT AND #1 SKIDDED AND STRUCK #2 FROM BEHIND.
1232366,3190012325,Missouri State Highway Patrol-Troop C,1557705600000,190263562,1,0,1,0,Personal Injury,LINCOLN,NON-CITY OR UNINCORPORATED,C,2,2,0,15,0,B ,N,MO 47,RT H,Daylight,Motor Vehicle in Transport,1,61,Mon     ,0,0,0,0,0,1,1,0,0,1,0,0,0,0,0,0,0,0,0,0,0,0,0,0,0,38.97704,-91.00254,0,05/13/2019,16:25:00,VEHICLE #1 WAS STOPPED ON EASTBOUND MISSOURI 47 AT ROUTE H FOR A STEADY RED ELECTRICAL SIGNAL. VEHICLE #2 WAS STOPPED DIRECTLY BEHIND VEHICLE #1. THE LIGHT CHANGED TO GREEN AND DRIVER  #1 STARTED TO ACCELERATE. DRIVER #2 PUT TO MUCH PRESSURE ON THE GAS PEDAL OF VEHICLE #2. THE FRONT OF VEHICLE #2 STRUCK THE REAR OF VEHICLE #1.
1211567,3190012017,Missouri State Highway Patrol-Troop F,1557705600000,190263716,1,0,1,0,Personal Injury,COLE,WARDSVILLE,F,2,2,0,1837,0.35,B ,S ,RT W,CST DEER HAVEN RD,Daylight,Motor Vehicle in Transport,1,61,Mon     ,0,0,0,0,0,1,1,0,0,0,0,0,0,0,0,1,0,0,0,0,1,0,0,1,0,38.47098,-92.17733,0,05/13/2019,17:07:00,"VEHICLE 1 WAS TRAVELING SOUTHBOUND BEHIND VEHICLE 2.  VEHICLE 2 SLOWED TO MAKE A RIGHT TURN, WAS STRUCK IN THE REAR BY VEHICLE 1, TRAVELED OFF OF THE RIGHT SIDE OF THE ROADWAY AND STRUCK A FIRE HYDRANT."
1324631,3190013674,Missouri State Highway Patrol-Troop G,1557705600000,190263760,1,0,0,1,Personal Injury,HOWELL,NON-CITY OR UNINCORPORATED,G,2,2,0,0,0,AT,S ,MO 17,CRD 3460,Daylight,Motor Vehicle in Transport,1,64,Mon     ,1,0,0,0,0,0,0,0,0,0,0,0,0,0,0,1,0,0,0,0,1,0,0,0,1,37.00422,-91.67391,0,05/13/2019,17:40:00,ACCIDENT OCCURRED AS VEHICLE #1 STRUCK VEHICLE #2 AS VEHICLE #2 WAS TURNING ONTO THE COUNTY ROAD
910842,3190014127,Missouri State Highway Patrol-Troop D,1557705600000,190263855,1,0,1,0,Personal Injury,GREENE,NON-CITY OR UNINCORPORATED,D,1,1,0,1779,0.34,A ,W ,US 160,PVT LIBERTY LANE,Daylight,Fixed Object,2,,Mon     ,1,0,0,0,0,0,0,0,0,0,0,0,0,0,0,0,0,0,0,0,0,0,0,0,0,37.32251,-93.48986,0,05/13/2019,18:30:00,"CRASH OCCURRED AS VEHICLE #1 RAN OFF THE RIGHT SIDE OF THE ROADWAY, OVERCORRECTED, RAN OFF LEFT SIDE OF THE ROADWAY, WENT THROUGH A FENCE AND HIT A TREE."
1269481,3190013006,Missouri State Highway Patrol-Troop C,1557705600000,190263928,1,0,1,0,Personal Injury,JEFFERSON,NON-CITY OR UNINCORPORATED,C,1,1,0,1056,0.2,A ,N,CRD OLD HWY 21,CRD OLD LEMAY FERRY RD,Daylight,Fixed Object,2,,Mon     ,0,1,0,0,0,0,0,0,0,0,0,0,0,0,0,1,0,0,0,0,0,0,0,0,0,38.29492,-90.52887,0,05/13/2019,18:58:00,"VEHICLE #1 TRAVELED OFF THE RIGHT SIDE OF THE ROAD AND STRUCK A GUARDRAIL. VEHICLE #1 RETURNED TO THE ROAD, TRAVELED OFF THE LEFT SIDE OF THE ROAD, AND STRUCK A GUARDRAIL. VEHICLE #1 RETURNED TO THE ROAD, CROSSED THE CENTER LINE, TRAVELED OFF THE RIGHT SIDE, AND STRUCK SEVERAL SMALL TREES AND A LARGE ROCK."
905292,3190012147,Missouri State Highway Patrol-Troop D,1557705600000,190263945,3,0,3,0,Personal Injury,CHRISTIAN,NON-CITY OR UNINCORPORATED,D,2,2,0,0,0,AT,E ,RT AA,CRD OWEN RD,Daylight,Motor Vehicle in Transport,1,64,Mon     ,0,0,0,0,0,0,0,1,1,0,0,1,0,0,0,1,0,0,0,0,0,0,0,0,0,37.08906,-93.31091,0,05/13/2019,19:10:00,VEHICLE 2 FAILED TO YEILD AND PULLED INTO THE PATH OF VEHICLE 1.
825330,3190014982,Missouri State Highway Patrol-Troop A,1557705600000,190263973,1,1,1,0,Fatal,JACKSON,RAYTOWN,A,2,2,0,322,0.06,A ,E ,MO 350,CST STERLING ROAD,Daylight,Motor Vehicle in Transport,1,60,Mon     ,0,0,0,0,0,0,1,1,1,0,0,0,0,0,0,1,0,0,0,0,0,0,0,0,0,38.97759,-94.4495,1,05/13/2019,19:00:00,----FATALITY CRASH----NEXT OF KIN NOTIFIED----- TROOP A FATAL CRASH #30 AND FATALITY #35 OF 2019.  CRASH OCCURRED AS VEHICLE 2 WAS TRAVELING WESTBOUND IN THE EASTBOUND LANES OF MO-350. VEHICLE 2 STRUCK VEHICLE 1 HEAD ON. DRIVER 2 WAS PRONOUNCED AT 2142 HOURS BY DR. JEFFREY SIMPSON AT RESEARCH MEDICAL CENTER. ASSISTED BY RAYTOWN POLICE DEPARTMENT.
999875,3190012121,Missouri State Highway Patrol-Troop D,1557705600000,190264008,1,0,0,1,Personal Injury,STONE,NON-CITY OR UNINCORPORATED,D,1,1,0,280,0.05,B ,S ,RT DD,CRD MARK TWAIN DR NJ,Dark-Unlighted,Fixed Object,2,,Mon     ,1,0,0,0,1,0,0,1,0,0,0,0,0,0,0,1,0,0,0,0,0,0,0,0,0,36.66552,-93.39009,0,05/13/2019,19:39:00,CRASH OCCURRED AS VEHICLE #1 FAILED TO NEGOTIATE A CURVE AND TRAVELED OFF THE RIGHT SIDE OF THE ROADWAY. VEHICLE #1 OVERTURNED AND STRUCK A FENCE.
915531,3190012189,Missouri State Highway Patrol-Troop D,1557705600000,190264156,1,0,1,0,Personal Injury,JASPER,NON-CITY OR UNINCORPORATED,D,1,1,Y,0,0,AT,N,CRD 120,CRD FIR RD,Dark-Unlighted,Overturn,1,,Unk     ,1,0,0,0,0,0,0,0,0,0,0,1,0,0,0,0,0,0,0,0,0,0,0,0,0,37.14009,-94.27448,0,05/13/2019,00:00:00,OCCURRED AS VEH1 LOST CONTROL AND SLID.
1269475,3190012822,Missouri State Highway Patrol-Troop C,1557705600000,190264160,1,0,1,0,Personal Injury,JEFFERSON,NON-CITY OR UNINCORPORATED,C,2,2,0,227,0.04,B ,E ,MO 30,CRD LITTLE BRENNAN RD,Dark-Lighted,Motor Vehicle in Transport,1,61,Mon     ,0,0,0,0,0,0,0,0,0,1,0,0,0,0,0,0,0,0,1,0,1,0,0,1,0,38.48503,-90.50329,0,05/13/2019,21:10:00,"VEHICLE 1'S BRAKES FAILED AND DRIVER 1 SWERVED TO THE LEFT.  VEHICLE 1 STRUCK THE REAR OF VEHICLE 2.  VEHICLE 2 TRAVELED OFF THE ROADWAY TO THE RIGHT. VEHICLE 1 TRAVELED OFF THE ROADWAY TO THE LEFT, CROSSED THE WESTBOUND LANES OF MO-30, AND CAME TO A REST IN LANE 3 OF WESTBOUND MO-30."
828652,3190012006,Missouri State Highway Patrol-Troop A,1557705600000,190264215,1,0,1,0,Personal Injury,CLAY,KANSAS CITY,A,2,2,0,0,0,AT,N,IS 35,ERM NORTH IS 35 MILE 92,Dark-Unlighted,Motor Vehicle in Transport,1,63,Mon     ,0,0,0,0,0,0,0,0,0,0,0,0,0,0,0,1,0,0,0,0,0,0,0,0,1,39.1732,-94.54209,0,05/13/2019,22:05:00,CRASH OCCURRED AS VEHICLE 1 CHANGED LANES AND STRUCK VEHICLE 2. ASSISTED BY CPL C. O. TUBBS /1122/
1182266,3190012162,Missouri State Highway Patrol-Troop B,1557792000000,190264317,1,0,1,0,Personal Injury,KNOX,NON-CITY OR UNINCORPORATED,B,1,1,0,1584,0.3,A ,E ,MO 6,RT A,Dark-Unlighted,Animal,1,,Mon     ,0,0,0,0,0,0,1,0,0,0,0,0,0,0,0,0,0,0,0,0,0,0,0,0,0,40.14653,-92.28346,0,05/13/2019,23:50:00,VEHICLE 01 WAS EASTBOUND ON MO 6 AND STRUCK 3 COWS IN THE ROADWAY.
1039876,3190012438,Missouri State Highway Patrol-Troop I,1557792000000,190264402,0,1,0,0,Fatal,CRAWFORD,NON-CITY OR UNINCORPORATED,I,1,1,0,10,0,B ,W ,IS 44,RT UU,Dark-Unlighted,Fixed Object,2,,Tue     ,0,0,0,0,0,0,0,0,0,0,0,0,0,0,0,0,1,0,0,0,0,0,0,0,0,38.09368,-91.36854,1,05/14/2019,05:10:00,"**LATE FATALITY** VEHICLE 1 TRAVELED OFF THE LEFT SIDE OF THE ROADWAY. DRIVER 1 OVER CORRECTED, CAUSING VEHICLE 1 TO TRAVEL OFF OF THE RIGHT SIDE OF THE ROADWAY, STRIKING A GUARDRAIL, AND EJECTING DRIVER 1. VEHICLE 1 THEN RETURNED TO THE ROADWAY.SUBJECT WAS PRONOUNCED DECEASED AT 1310 HOURS ON 05/27/2019 BY DR STEPHEN DUMONTIER AT MERCY HOSPITAL CREVE COEUR, NEXT OF KIN NOTIFIED. ASSISTED BY MSGT D. E, DICUS, (441) SHERIFF'S OFFICE CRAWFORD COUNTY, AND CUBA POLICE DEPARTMENT."
876086,3190013405,Missouri State Highway Patrol-Troop A,1557792000000,190264764,1,0,1,0,Personal Injury,PLATTE,KANSAS CITY,A,2,2,0,15,0,B ,S ,RP 256743,CST MEXICO CITY AVENUE,Daylight,Motor Vehicle in Transport,1,61,Tue     ,0,0,0,0,0,0,0,0,0,1,0,0,1,0,0,1,0,0,0,0,0,0,0,0,0,39.32628,-94.71228,0,05/14/2019,08:55:00,CRASH OCCURRED AS VEH2 STOPPED FOR TRAFFIC AND WAS STRUCK IN THE REAR BY VEH1.
1226541,3190017528,Missouri State Highway Patrol-Troop C,1557792000000,190264803,1,0,1,0,Personal Injury,ST. LOUIS,NON-CITY OR UNINCORPORATED,C,2,2,0,0,0,AT,S ,CRD NORTH HANLEY ROAD,CRD LYNDHURST AVENUE,Daylight,Motor Vehicle in Transport,1,64,Tue     ,0,0,0,0,0,1,1,0,0,0,0,0,0,0,0,1,0,0,0,0,0,0,0,0,0,38.70023,-90.32686,0,05/14/2019,08:59:00,DRIVER #2 FAILED TO STOP AT A POSTED STOP SIGN WHILE FAILING TO YIELD TO AN EMERGENCY VEHICLE CAUSING VEHICLE #2 TO STRIKE THE REAR OF VEHICLE #1. ASSISTED BY TPR. B.A. COLLINS (197)
1269479,3190012700,Missouri State Highway Patrol-Troop C,1557792000000,190264888,2,0,2,0,Personal Injury,JEFFERSON,NON-CITY OR UNINCORPORATED,C,1,1,0,10,0,B ,S ,IS 55,RP 282880,Daylight,Other Object,1,,Tue     ,0,0,0,0,0,0,0,1,1,0,0,0,0,0,0,0,0,0,0,0,1,0,0,1,0,38.37235,-90.38146,0,05/14/2019,09:35:00,VEHICLE #1 WAS TRAVELING SOUTHBOUND ON INTERSTATE 55 IN LANE 4.  VEHICLE #1 STRUCK DEBRIS IN THE ROADWAY.  VEHICLE #1 WENT OFF RIGHT SIDE OF THE ROAD AND STRUCK A DITCH.
1322564,3190012469,Missouri State Highway Patrol-Troop G,1557792000000,190264968,1,0,1,0,Personal Injury,TEXAS,NON-CITY OR UNINCORPORATED,G,1,1,0,2154,0.41,B ,W ,MO 32,CRD PIGEON CREEK ROAD,Daylight,Fixed Object,2,,Tue     ,0,0,0,0,1,0,0,1,0,0,0,0,0,0,0,1,0,0,0,0,0,0,0,0,0,37.52194,-91.76481,0,05/14/2019,10:05:00,"ACCIDENT OCCURRED AS VEHICLE TRAVELED OFF OF RIGHT SIDE OF THE ROADWAY, STRUCK A FENCE AND A TREE."
970976,3190012660,Missouri State Highway Patrol-Troop D,1557792000000,190265037,1,0,1,0,Personal Injury,CEDAR,NON-CITY OR UNINCORPORATED,D,2,2,0,1800,0.34,A ,E ,RT N,CRD 1975,Daylight,Motor Vehicle in Transport,1,64,Tue     ,0,0,0,0,0,0,1,1,1,0,0,0,0,0,0,1,0,0,0,0,1,0,0,1,0,37.80938,-93.70503,0,05/14/2019,10:35:00,ACCIDENT OCCURRED AS VEHICLE 1 ATTEMPTED TO TURN LEFT INTO A PRIVATE DRIVE AND PULLED INTO THE PATH OF VEHICLE 2.
821512,3190012798,Missouri State Highway Patrol-Troop A,1557792000000,190265135,2,0,0,2,Personal Injury,BENTON,NON-CITY OR UNINCORPORATED,A,2,2,0,0,0,AT,N,US 65,CRD POPLAR CHURCH AVENUE,Daylight,Motor Vehicle in Transport,1,64,Tue     ,0,0,0,0,0,0,0,1,0,0,0,0,1,0,0,1,0,0,0,0,1,0,0,1,0,38.3108,-93.34162,0,05/14/2019,11:30:00,CRASH OCCURRED AS VEHICLE #1 CROSSED EASTBOUND INTO THE PATH OF NORTHBOUND VEHICLE #2.  VEHICLE #2 TRAVELED OFF THE EAST SIDE OF 65 AND STRUCK A GUARDRAIL.  ASSISTED BY TPR. J.W. MILLER /1309/
1167815,3190012968,Missouri State Highway Patrol-Troop F,1557792000000,190265207,1,0,1,0,Personal Injury,MILLER,NON-CITY OR UNINCORPORATED,F,2,2,0,533,0.1,B ,S ,CRD VFW RD,CRD VFW RD,Daylight,Motor Vehicle in Transport,1,60,Tue     ,0,0,0,0,1,1,1,1,1,0,0,0,0,0,0,1,0,0,0,0,1,0,0,1,1,38.31617,-92.59586,0,05/14/2019,12:05:00,CRASH OCCURRED AS VEHICLE 1 CROSSED THE CENTER LINE INTO THE PATH OF VEHICLE 2. BOTH VEHICLES STRUCK HEAD-ON. ASSISTED BY TPR M.P. ACORD (170)
1273524,3190012343,Missouri State Highway Patrol-Troop C,1557792000000,190265422,1,0,1,0,Personal Injury,ST. FRANCOIS,NON-CITY OR UNINCORPORATED,C,1,1,0,496,0.09,A ,W ,CRD STATE HWY 8 OLD,CRD MAYBERRY LN,Daylight,Fixed Object,2,,Tue     ,0,0,0,0,1,0,0,0,0,0,0,0,0,0,0,1,0,0,0,0,0,0,0,0,0,37.86193,-90.56402,0,05/14/2019,13:35:00,DRIVER #1 FAILED TO NEGOTIATE A CURVE IN THE ROADWAY CAUSING VEHICLE #1 TO TRAVEL OFF THE NORTH SIDE OF THE ROAD STRIKING A TREE. ASSISTED BY TPR. K.D. RONEY (1436)
1269501,3190012280,Missouri State Highway Patrol-Troop C,1557792000000,190265529,1,0,1,0,Personal Injury,JEFFERSON,NON-CITY OR UNINCORPORATED,C,1,1,0,1288,0.24,A ,N,CRD PETER MOORE LN,PVT DUTCH HILL ESTATE,Daylight,Fixed Object,2,,Tue     ,0,0,0,0,0,0,0,0,0,0,0,0,0,0,0,1,0,0,0,0,0,0,0,0,0,38.15366,-90.61404,0,05/14/2019,14:20:00,VEHICLE #1 TRAVELED OFF THE WEST SIDE OF THE ROADWAY BEFORE STRIKING A DRIVEWAY AND UTILITY POLE.
921301,3190012249,Missouri State Highway Patrol-Troop D,1557792000000,190265612,2,0,2,0,Personal Injury,LAWRENCE,NON-CITY OR UNINCORPORATED,D,2,2,0,0,0,AT,N,CRD LAWRENCE 1130,CRD LAWRENCE 2220,Daylight,Motor Vehicle in Transport,1,64,Tue     ,0,0,0,0,0,0,0,0,0,0,0,1,0,0,0,1,0,0,0,0,0,0,0,0,0,36.95613,-93.82671,0,05/14/2019,14:50:00,CRASH OCCURRED AS VEHICLE #2 FAILED TO YIELD AT A STOP SIGN AND PULLED INTO THE PATH OF VEHICLE #1.
915526,3190012890,Missouri State Highway Patrol-Troop D,1557792000000,190265679,4,0,0,4,Personal Injury,JASPER,NON-CITY OR UNINCORPORATED,D,2,2,0,0,0,AT,E ,RT YY,RT Z,Daylight,Motor Vehicle in Transport,1,60,Tue     ,0,0,0,0,0,1,1,1,1,0,0,1,0,0,0,1,0,0,0,0,0,0,0,0,0,37.18131,-94.58594,0,05/14/2019,15:31:00,"CRASH OCCURRED AS VEHICLE #1, WHICH WAS WESTBOUND ON ROUTE Z, ATTEMPTED TO MERGE ONTO ROUTE YY AND PULLED INTO THE PATH OF VEHICLE #2, WHICH WAS EASTBOUND ON ROUTE YY."
1201132,3190012291,Missouri State Highway Patrol-Troop F,1557792000000,190265710,2,0,2,0,Personal Injury,CAMDEN,NON-CITY OR UNINCORPORATED,F,1,1,0,5,0,A ,E ,CRD COZY COVE RD,RT F,Daylight,Fixed Object,2,,Tue     ,0,0,0,0,1,1,1,0,0,0,0,0,0,0,0,1,0,0,0,0,0,0,0,0,0,38.12432,-92.7608,0,05/14/2019,15:40:00,"VEHICLE 1 TRAVELED OFF THE RIGHT SIDE OF THE ROADWAY, DRIVER 1 OVERCORRECTED AND VEHICLE 1 SLID OFF THE  LEFT SIDE OF THE ROAD, STRIKING A TREE.  ASSISTED BY TPR  D.H. CRAFTON  (1245)  AND TPR M.R. PARKER (816)"
1509242,3190012102,Missouri State Highway Patrol-Troop H,1557792000000,190265789,1,0,1,0,Personal Injury,NODAWAY,NON-CITY OR UNINCORPORATED,H,2,2,0,0,0,AT,W ,MO 148,CRD 105TH ST,Daylight,Motor Vehicle in Transport,1,64,Tue     ,0,0,0,0,0,1,1,0,0,0,0,1,0,0,0,1,0,0,0,0,1,0,0,1,0,40.56871,-94.80408,0,05/14/2019,16:21:00,"CRASH OCCURRED AS VEH#1 WAS SOUTHBOUND ON MO 148 AND VEH#2 WAS WESTBOUND ON 105TH ST. VEH#2 FAILED TO STOP AT A STOP SIGN AND TRAVELED INTO THE PATH OF VEH#1. VEH#1 STRUCK VEH#2 IN THE PASSENGER'S SIDE. VEH#1 CAME TO REST ON 105TH ST, WEST OF MO 148, FACING WEST. VEH#2 CAME TO REST ON MO 148, SOUTH OF 105TH ST, FACING SOUTH. ASSISTED BY NODAWAY COUNTY AMBULANCE."
1503068,3190012393,Missouri State Highway Patrol-Troop H,1557792000000,190266027,3,0,3,0,Personal Injury,CALDWELL,NON-CITY OR UNINCORPORATED,H,2,2,0,0,0,AT,W ,US 36,RT P,Daylight,Motor Vehicle in Transport,1,64,Tue     ,0,0,0,0,0,1,1,1,1,0,0,1,0,0,0,1,0,0,0,0,1,0,0,1,0,39.74162,-94.03759,0,05/14/2019,18:08:00,"CRASH OCCURRED AS VEH#1 WAS WESTBOUND ON US 36 AND VEH#2 WAS NORTHBOUND ON ROUTE P. VEH#2 FAILED TO YIELD AND TRAVELED IN FRONT OF VEH#1. VEH#1 STRUCK THE PASSENGER'S SIDE OF VEH#2. VEH#1 CAME TO REST IN THE ROADWAY FACING EAST. VEH#2 CAME TO REST OFF THE NORTH SIDE OF THE ROADWAY FACING NORTH. ASSISTED BY CPL. D.A. LANDI (684), TPR. T.M. ROYSTER (957), CALDWELL COUNTY SHERIFF'S DEPARTMENT, CALDWELL COUNTY EMS, AND DAVIESS COUNTY EMS."
961913,3190012287,Missouri State Highway Patrol-Troop D,1557792000000,190266050,1,0,1,0,Personal Injury,POLK,NON-CITY OR UNINCORPORATED,D,1,1,0,274,0.05,A ,N,CRD 92ND RD,CRD 518TH RD,Daylight,Fixed Object,2,,Tue     ,0,0,0,0,1,1,1,0,0,0,0,0,0,0,0,1,0,0,0,0,0,0,0,0,0,37.50372,-93.46709,0,05/14/2019,18:15:00,"CRASH OCCURRED AS VEHICLE 1 WAS TRAVELING SOUTHBOUND ON S 516TH ROAD.  DRIVER 1 LOST CONTROL OF VEHICLE 1 ON THE GRAVEL AND BEGAN SKIDDING.  DRIVER 1 OVERCORRECTED AND VEHICLE 1 TRAVELED OFF THE LEFT SIDE OF THE ROADWAY, THE LEFT SIDE AND ROOF OF VEHICLE STRUCK A TREE"
900574,3190012849,Missouri State Highway Patrol-Troop D,1557792000000,190266071,1,0,1,0,Personal Injury,ST. CLAIR,NON-CITY OR UNINCORPORATED,D,1,1,0,564,0.11,B ,N,MO 13,CRD SE 671,Daylight,Fixed Object,2,,Tue     ,0,0,0,0,0,0,0,1,1,0,0,0,0,0,0,0,0,0,0,0,1,0,0,1,0,38.01208,-93.65863,0,05/14/2019,18:27:00,CRASH OCCURRED AS VEHICLE 1 TRAVELED OF RIGHT SIDE OF THE ROADWAY AND STRUCK SEVERAL TREES.
1510659,3190012726,Missouri State Highway Patrol-Troop H,1557792000000,190266171,1,0,1,0,Personal Injury,HARRISON,NON-CITY OR UNINCORPORATED,H,1,1,0,33,0.01,A ,E ,CRD W 390,CRD W 127 AVE,Daylight,Overturn,2,,Tue     ,0,0,0,0,1,1,1,0,0,0,0,0,0,0,0,1,0,0,0,0,0,0,1,0,0,40.15054,-94.18385,0,05/14/2019,16:00:00,CRASH OCCURRED AS VEH#1 TRAVELED DOWN A STEEP EMBANKMENT AND OVERTURNED. DRIVER#1 WAS EJECTED.
1148743,3190012745,Missouri State Highway Patrol-Troop E,1557878400000,190266566,1,0,1,0,Personal Injury,STODDARD,NON-CITY OR UNINCORPORATED,E,1,1,0,175,0.03,A ,S ,RT N,RT E,Daylight,Fixed Object,2,,Wed     ,0,0,0,0,1,1,1,0,0,0,0,0,0,0,0,1,0,0,0,0,1,0,0,1,0,36.8569,-89.80691,0,05/15/2019,06:15:00,"TRAFFIC CRASH OCCURRED AS VEHICLE 1 RAN OFF RIGHT SIDE OF ROADWAY, STRUCK AN EMBANKMENT, AND OVERTURNED."
1211192,3190012207,Missouri State Highway Patrol-Troop F,1557878400000,190266765,1,0,1,0,Personal Injury,COLE,NON-CITY OR UNINCORPORATED,F,2,2,0,591,0.11,A ,E ,US 54,RT E WJ,Daylight,Motor Vehicle in Transport,1,63,Wed     ,0,0,0,0,0,1,1,1,0,0,0,0,0,0,0,1,0,0,0,0,0,0,0,0,0,38.44223,-92.30293,0,05/15/2019,07:55:00,OCCURRED AS VEHICLE 1 ATTEMPTED TO MERGE INTO THE PASSING LANE CAUSING THE FRONT LEFT OF VEHICLE 1 TO STRIKE THE  RIGHT SIDE OF VEHICLE 2
1273528,3190012646,Missouri State Highway Patrol-Troop C,1557878400000,190266938,1,0,0,1,Personal Injury,ST. FRANCOIS,NON-CITY OR UNINCORPORATED,C,1,1,0,52,0.01,B ,N,RT OO,CRD KOLLMEYER RD,Daylight,Pedestrian,1,,Wed     ,0,0,0,0,0,0,0,1,1,0,0,0,0,0,0,0,0,0,0,0,0,0,0,0,0,37.74701,-90.36475,0,05/15/2019,09:06:00,"VEHICLE 1 WAS TRAVELING NORTH ON RTE OO. A PEDESTRIAN WAS WALKING SOUTHBOUND ON THE NORTHBOUND SHOULDER OF RTE OO.  THE PEDESTRIAN WALKED INTO THE PATH OF VEHICLE 1, AND THE VEHICLE'S FRONT RIGHT STRUCK THE PEDESTRIAN.  ASSISTED BY CPL B. M. BEARD (254) AND TPR B. S. GIESLER (604)"
999876,3190013097,Missouri State Highway Patrol-Troop D,1557878400000,190267143,4,1,4,0,Fatal,STONE,NON-CITY OR UNINCORPORATED,D,2,2,0,2423,0.46,A ,E ,MO 76,CRD OLD HIGHWAY 76 RD,Daylight,Motor Vehicle in Transport,1,61,Wed     ,0,0,0,0,0,0,0,0,0,0,0,0,0,0,0,1,0,0,0,0,1,0,0,1,0,36.66921,-93.31157,1,05/15/2019,10:24:00,"FATALITY REPORT-NEXT OF KIN NOTIFIED-THIS IS TROOP D'S 34TH FATALITY FOR 2019.  DRIVER 1 PRONOUNCED AT 1139 HOURS BY DR TODD BAKER AT COX HOSPITAL IN BRANSON.  VEHICLE #1 SLOWED TO MAKE A LEFT TURN AND WAS STRUCK FROM BEHIND BY VEHICLE #2.  ASSISTED BY TPR COPELAND #257, TPR SCHWARTZ #1218, CPL BADGETT #256 AND MCIU SGT RICHARDSON #753.  AS REQUIRED BY LAW, THE SURVIING DRIVERS WERE TESTED FOR ALCOHOL."