objectid,accident,agency,inv_date,complaint,injured,killed,min_inj,dis_inj,severity,county,city,troop,no_vehicle,motor_veh,left_scene,dist_feet,dist_mile,inter_loc,direction,on_street,at_street,light_cond,acc_type,on_off_rd,two_veh,day_week,dr_drink,dr_drug,ped_drink,ped_drug,speed,dr_under21,dr_under25,dr_over55,dr_over64,electrical,emer_veh,stop_sign,yield_sign,czone,hazmat,aggressive,cell_phone,texting,veh_defect,school_bus,truck,motorcycle,atv,pickup,cmv,gps_lat,gps_long,severity_fatal,acc_date,acc_time,narrative
1324912,3190012286,Missouri State Highway Patrol-Troop G,1557878400000,190267547,1,0,1,0,Personal Injury,HOWELL,NON-CITY OR UNINCORPORATED,G,1,1,0,875,0.17,A ,N,MO 17,BRIDGE A0509,Daylight,Overturn,2,,Wed     ,0,0,0,0,1,0,1,0,0,0,0,0,0,0,0,1,0,0,0,0,0,1,0,0,0,36.90604,-91.76825,0,05/15/2019,13:05:00,ACCIDENT OCCURRED AS VEHICLE #1 RAN OFF THE ROADWAY AND OVERTURNED IN A CURVE
1144956,3190012128,Missouri State Highway Patrol-Troop E,1557878400000,190267635,1,0,1,0,Personal Injury,NEW MADRID,NON-CITY OR UNINCORPORATED,E,1,1,0,0,0,AT,N,IS 55,ERM NORTH IS 55 MILE 474,Daylight,Fixed Object,2,,Wed     ,0,0,0,0,0,0,1,0,0,0,0,0,0,0,0,0,0,0,0,0,0,0,0,0,0,36.60619,-89.56014,0,05/15/2019,13:40:00,DAMAGE TO STATE PROPERTY - CRASH OCCURRED AS VEHICLE ONE RAN OFF THE LEFT SIDE OF THE ROADWAY AND STRUCK THE CABLE BARRIER. TWO CABLE BARRIER POSTS WERE DAMAGED.
1265820,3190012784,Missouri State Highway Patrol-Troop C,1557878400000,190267644,2,0,2,0,Personal Injury,ST. LOUIS,SUNSET HILLS,C,3,3,0,0,0,AT,E ,IS 44,ERM EAST IS 44 MILE 2776,Daylight,Motor Vehicle in Transport,1,63,Wed     ,0,0,0,0,0,0,0,1,1,0,0,0,0,0,0,0,0,0,1,0,0,0,0,0,0,38.55739,-90.41203,0,05/15/2019,13:45:00,VEHICLE 1 STALLED IN LANE 3. VEHICLE 3 ATTEMPTED TO AVOID VEHICLE 1 AND STRUCK THE DRIVERS SIDE OF VEHICLE 1. VEHICLE 2 CHANGED LANES AND STRUCK VEHICLE 2.
1212755,3190013909,Missouri State Highway Patrol-Troop C,1557878400000,190267859,1,0,1,0,Personal Injury,WASHINGTON,NON-CITY OR UNINCORPORATED,C,2,2,0,0,0,AT,N,MO 185,CRD GUN CLUB RD SJ,Daylight,Motor Vehicle in Transport,1,64,Wed     ,0,0,0,0,0,1,1,0,0,1,0,1,0,0,0,1,0,0,0,0,1,0,0,1,0,37.95698,-90.81071,0,05/15/2019,15:20:00,DRIVER 1 FAILED TO YIELD TO ONCOMING TRAFFIC CROSSING MO-185.  VEHICLE 1 TRAVELED INTO THE PATH OF VEHICLE 2 AND THE FRONT OF VEHICLE 2 COLLIDED WITH THE RIGHT SIDE OF VEHICLE 1.
1269510,3190013010,Missouri State Highway Patrol-Troop C,1557878400000,190268165,1,0,1,0,Personal Injury,JEFFERSON,NON-CITY OR UNINCORPORATED,C,2,2,0,47,0.01,A ,N,US 61,PVT TWINS GABLES TRAILER CT,Daylight,Motor Vehicle in Transport,1,61,Wed     ,0,0,0,0,0,1,1,0,0,0,0,0,0,0,0,0,0,0,0,0,0,0,0,0,0,38.16093,-90.37304,0,05/15/2019,17:30:00,VEHICLE 1 STOPPED TO MAKE A LEFT TURN ONTO HWY TT AND VEHICLE 2 FAILED TO STOP FOR VEHICLE 1.
1232393,3190012328,Missouri State Highway Patrol-Troop C,1557878400000,190268201,2,0,2,0,Personal Injury,LINCOLN,NON-CITY OR UNINCORPORATED,C,3,3,0,0,0,AT,W ,RT C,CRD GRAVENS RD,Daylight,Motor Vehicle in Transport,1,64,Wed     ,0,0,0,0,0,1,1,0,0,0,0,1,0,0,0,1,0,0,0,0,1,0,0,1,0,38.95134,-90.90929,0,05/15/2019,17:48:00,VEHICLE 1 WAS TRAVELED WESTBOUND ON HIGHWAY C AT GRAVENS ROAD. VEHICLE 2 WAS TRAVELING EASTBOUND AT HIGHWAY C. VEHICLE 3 WAS STOPPED ON GRAVENS ROAD WAITING TO MAKE A RIGHT TURN ON HIGHWAY C. VEHICLE 2 SWERVED LEFT TO MISS A VEHICLE IN FRONT OF IT AND TRAVELED INTO THE PATHWAY OF VEHICLE 1. VEHICLE 1 WAS UNABLE TO AVOID VEHICLE 2 AND STRUCK VEHICLE 2'S  PASSENGER SIDE. VEHICLE 2 THEN STRUCK THE FRONT OF VEHICLE 3. ASSISTED BY TPR N A COCKRUM (179).
1040164,3190013308,Missouri State Highway Patrol-Troop I,1557878400000,190268202,2,0,2,0,Personal Injury,CRAWFORD,ST CLOUD,I,2,2,0,75,0.01,B ,E ,IS 44,ERM EAST IS 44 MILE 2202,Daylight,Motor Vehicle in Transport,1,61,Wed     ,0,0,0,0,0,0,0,0,0,0,0,0,0,0,0,1,0,0,0,0,0,0,0,0,0,38.16307,-91.22734,0,05/15/2019,17:50:00,"OCCURRED AS DRIVER 1 WAS SLOWING DUE TO TRAFFIC CONGESTION FROM A PREVIOUS CRASH,  DRIVER 2 FAILED TO OBSERVE VEH 1 SLOWING.  VEH 2 STRUCK THE REAR OF VEH 1. VEH 1 THEN TRAVELED OFF THE RIGHT SIDE OF THE ROADWAY AND STRUCK A DITCH."
1303269,3190012636,Missouri State Highway Patrol-Troop C,1557878400000,190268339,1,0,1,0,Personal Injury,ST. LOUIS,FENTON,C,2,2,0,82,0.02,B ,E ,IS 44,ERM EAST IS 44 MILE 2756,Daylight,Working Motor Vehicle,2,61,Wed     ,0,0,0,0,0,0,0,0,0,1,1,0,0,1,0,0,0,0,0,0,1,0,0,0,1,38.54271,-90.44209,0,05/15/2019,18:45:00,DRIVER 1 FAILED TO OBSERVE VEHICLE 2 AT A STOP.  THE LEFT SIDE OF VEHICLE 1 STRUCK THE RIGHT REAR OF TOWED UNIT OF VEHICLE 2.  VEHICLE 1 STRUCK THE MEDIAN WALL AND TRAVELED OFF THE ROADWAY TO THE RIGHT.
1505517,3190013300,Missouri State Highway Patrol-Troop H,1557878400000,190268367,1,0,1,0,Personal Injury,LIVINGSTON,NON-CITY OR UNINCORPORATED,H,1,1,0,110,0.02,B ,W ,CRD 2164,CRD 235,Daylight,Fixed Object,2,,Wed     ,0,0,0,0,1,1,1,0,0,0,0,0,0,0,0,1,0,0,0,0,1,0,0,1,0,39.77403,-93.57634,0,05/15/2019,18:30:00,"CRASH OCCURRED AS VEH 1 WAS TRAVELING WESTBOUND ON CO RD 235. VEH 1 FAILED TO NEGOTIATE A RIGHT HAND TURN, WENT OFF THE WEST SIDE OF THE ROAD DOWN A STEEP RAVINE AND OVERTURNED TWICE. VEH 1 CAME TO REST ON ITS WHEELS OFF THE WEST SIDE OF THE ROADWAY  FACING EAST. ASSISTED BY LIVINGSTON COUNTY SHERIFF'S OFFICE."
1167831,3190014718,Missouri State Highway Patrol-Troop F,1557878400000,190268389,0,5,0,0,Fatal,MILLER,NON-CITY OR UNINCORPORATED,F,1,1,0,4752,0.9,A ,W ,US 54,RP 279265,Daylight,Overturn,1,,Wed     ,1,0,0,0,1,0,0,0,0,0,0,0,1,1,0,1,0,0,0,0,0,0,0,0,0,38.33419,-92.56524,1,05/15/2019,19:15:00,"***FATALITY ACCIDENT***NEXT OF KIN NOTIFIED**  OCCURRED AS VEHICLE 1 TRAVELED OFF THE LEFT SIDE OF THE ROAD AND OVERTURNED MULTIPLE TIMES EJECTING DRIVER 1, AND OCCUPANTS 3 AND 5.  VEHICLE 1 THEN TRAVELED INTO THE EASTBOUND LANES AND CAME TO REST UPRIGHT.  WRIGHT WAS PRONOUNCED AT 1930 AT THE SCENE BY MILLER COUNTY CORONER TIM BRADLEY.  OCCUPANT 1 WAS PRONOUNCED AT 2022 AT LAKE REGIONAL HOSPITAL BY DR. DOUG WILSON. OCCUPANT 2 WAS PRONOUNCED AT 1920 AT THE SCENE BY MILLER COUNTY CORONER TIM BRADLEY.  CCUPANT 3 WAS PRONOUNCED AT 1920 AT THE SCENE BY MILLER COUNTY CORONER TIM BRADLEY.  OCCUPANT 4 WAS PRONOUNCED AT 1955 AT THE SCENE BY MILLER COUNTY CORONER TIM BRADLEY.  THIS IS TROOP F'S 2ND, 3RD, 4TH, 5TH AND 6TH FATALITIES FOR MAY AND 16TH, 17TH, 18TH, 19TH AND 20TH FOR 2019.  ASSISTED BY SGT. M. J. CODY (271), TPR. M. R. PARKER (816), TPR. C. A. FINKEMEIER (250), SGT. S. M. BURGUN (1285), SGT. S. B. WHITE (867), LT. D. L. CLARDY (62) AND THE MILLER COUNTY SHERIFF'S DEPARTMENT"
1292180,3190012731,Missouri State Highway Patrol-Troop C,1557878400000,190268420,1,0,0,1,Personal Injury,ST. CHARLES,NON-CITY OR UNINCORPORATED,C,1,1,0,3695,0.7,A ,E ,MO 94,CRD MONTELLE DR,Daylight,Fixed Object,2,,Wed     ,0,0,0,0,0,0,0,0,0,0,0,0,0,0,0,1,0,0,0,0,0,1,0,0,0,38.58217,-90.84098,0,05/15/2019,19:38:00,VEHICLE 1 TRAVELED OFF THE RIGHT SIDE OF THE ROADWAY AND STRUCK THE GUARDRAIL.
961914,3190012431,Missouri State Highway Patrol-Troop D,1557878400000,190268604,1,0,1,0,Personal Injury,POLK,NON-CITY OR UNINCORPORATED,D,1,1,0,1668,0.32,A ,N,MO 13,CRD 559TH RD,Dark-Unlighted,Fixed Object,2,,Wed     ,1,0,0,0,0,0,0,0,0,0,0,0,0,0,0,0,0,0,0,0,1,0,0,1,0,37.44087,-93.35532,0,05/15/2019,22:05:00,NR1 RAN OFF THE ROADWAY AND STRUCK SEVERAL TREES.
1186033,3190012133,Missouri State Highway Patrol-Troop B,1557964800000,190268803,2,0,2,0,Personal Injury,SULLIVAN,NON-CITY OR UNINCORPORATED,B,1,1,0,448,0.08,A ,E ,MO 6,CRD GRANT DR,Dark-Unlighted,Fixed Object,2,,Thu     ,0,0,0,0,0,0,0,0,0,0,0,0,0,0,0,0,0,0,0,0,0,0,0,0,0,40.24,-93.01567,0,05/16/2019,05:30:00,"01 WESTBOUND, CROSSED THE CENTER LINE RAN OFF THE SOUTH SIDE AND STRUCK AN EMBANKMENT."
915524,3190013130,Missouri State Highway Patrol-Troop D,1557964800000,190268932,3,0,3,0,Personal Injury,JASPER,NON-CITY OR UNINCORPORATED,D,1,1,0,881,0.17,A ,S ,MO 171,BRIDGE A3229,Daylight,Fixed Object,2,,Thu     ,0,0,0,0,0,0,1,0,0,0,0,0,0,0,0,0,0,0,1,0,1,0,0,1,1,37.17879,-94.33934,0,05/16/2019,07:15:00,"ACCIDENT OCCURRED AS VEHICLE 1 HAD A FLAT TIRE, TRAVELED OFF THE LEFT SIDE OF THE ROAD THROUGH THE MEDIAN CROSSING THE NORTH BOUND LANES AND STRUCK ROCK BLUFF."
804938,3190012337,Missouri State Highway Patrol-Troop A,1557964800000,190268981,1,0,1,0,Personal Injury,JOHNSON,NON-CITY OR UNINCORPORATED,A,1,1,0,2798,0.53,A ,W ,RT OO,CRD NW 700,Daylight,Fixed Object,2,,Thu     ,0,0,0,0,0,0,0,0,0,0,0,0,0,0,0,0,0,0,0,0,0,0,0,0,0,38.86629,-93.80249,0,05/16/2019,07:40:00,"OCCURRED AS DRIVER FELL ASLEEP AT THE WHEEL AND VEHICLE TRAVELED OFF THE RIGHT SIDE OF THE ROADWAY, STRUCK THE DITCH, AND OVERTURNED."
1292181,3190014039,Missouri State Highway Patrol-Troop C,1557964800000,190269063,1,0,0,1,Personal Injury,ST. CHARLES,NON-CITY OR UNINCORPORATED,C,2,2,0,5,0,A ,E ,RT N,PVT ELLERMAN OAKS DR,Daylight,Motor Vehicle in Transport,1,60,Thu     ,0,0,0,0,1,0,0,1,1,0,0,0,0,0,0,1,0,0,0,0,0,1,0,0,0,38.77271,-90.9354,0,05/16/2019,08:10:00,"VEHICLE 2 WAS MAKING A LEFT TURN FROM ELLERMAN OAKS RD TO EASTBOUND RTE N.  DRIVER 1 WAS TRAVELING TOO FAST, ATTEMPTED TO AVOID VEHICLE 2 BY CHANGING FROM THE WESTBOUND LANE TO THE EASTBOUND LANE. VEHICLE 1 STRUCK THE FRONT RIGHT OF VEHICLE 2. VEHICLE 1 TRAVELED OFF THE LEFT SIDE OF THE ROADWAY."
1311772,3190012235,Missouri State Highway Patrol-Troop C,1557964800000,190269210,2,0,2,0,Personal Injury,ST. CHARLES,ST PETERS,C,2,2,0,390,0.07,B ,E ,IS 70,ERM EAST IS 70 MILE 2220,Daylight,Motor Vehicle in Transport,1,63,Thu     ,0,0,0,0,0,0,0,0,0,0,0,0,0,0,0,1,0,0,0,0,0,0,0,0,0,38.80014,-90.62644,0,05/16/2019,09:14:00,VEHICLE 1 ATTEMPTED TO PASS VEHICLE 2 ON THE RIGHT.  VEHICLE 1 MADE A LANE CHANGE IN FRONT OF VEHICLE 2 CAUSING THE FRONT RIGHT OF VEHICLE 2 TO STRIKE THE BACK LEFT OF VEHICLE 1.  ASSISTED BY  CPL R. W. BAHR (178)
1194580,3190012787,Missouri State Highway Patrol-Troop F,1557964800000,190269232,1,0,1,0,Personal Injury,CALLAWAY,NON-CITY OR UNINCORPORATED,F,1,1,0,423,0.08,A ,W ,IS 70,ERM WEST IS 70 MILE 1572,Daylight,Fixed Object,2,,Thu     ,0,0,0,0,0,0,0,0,0,0,0,0,0,0,0,1,0,0,0,0,0,0,0,0,0,38.92612,-91.77719,0,05/16/2019,09:20:00,OCCURRED AS VEHICLE 1 TRAVELED OFF THE RIGHT SIDE OF THE ROADWAY AND OVERCORRECTED.  VEHICLE 1 THEN TRAVELED INTO THE MEDIAN AND STRUCK THE CABLE BARRIER.
1170287,3190012386,Missouri State Highway Patrol-Troop F,1557964800000,190269344,1,0,1,0,Personal Injury,MORGAN,NON-CITY OR UNINCORPORATED,F,1,1,0,1320,0.25,B ,E ,MO 52,CRD QUARRY LN,Daylight,Fixed Object,2,,Thu     ,0,0,0,0,0,0,1,0,0,0,0,0,0,0,0,0,0,0,0,0,0,0,0,0,0,38.38896,-92.70164,0,05/16/2019,10:02:00,"OCCURRED AS VEHICLE 1 TRAVELED OFF THE RIGHT SIDE OF THE ROADWAY AND OVERCORRECTED,  VEHICLE 1 RETURNED TO THE ROADWAY AND TRAVELED OFF THE RIGHT SIDE OF THE ROADWAY AGAIN,  VEHICLE 1 THEN STRUCK AN EMBANKMENT AND SEVERAL SMALL TREES."
910916,3190012364,Missouri State Highway Patrol-Troop D,1557964800000,190269462,2,0,2,0,Personal Injury,GREENE,NON-CITY OR UNINCORPORATED,D,2,2,0,1969,0.37,B ,W ,RT T,BRIDGE A7311,Daylight,Motor Vehicle in Transport,1,60,Thu     ,0,0,0,0,0,1,1,1,0,0,0,0,0,0,0,1,0,0,0,0,0,0,0,0,0,37.20016,-93.47785,0,05/16/2019,10:50:00,CRASH OCCURRED AS VEHICLE 1 CROSSED CENTERLINE AND STRUCK VEHICLE 2 HEAD ON.
958873,3190012283,Missouri State Highway Patrol-Troop D,1557964800000,190269510,1,0,1,0,Personal Injury,TANEY,NON-CITY OR UNINCORPORATED,D,1,1,0,110,0.02,B ,E ,US 160,CRD CRAIG RD,Daylight,Fixed Object,2,,Thu     ,0,0,0,0,1,1,1,0,0,0,0,0,0,0,0,1,0,0,0,0,0,0,0,0,0,36.74683,-93.21199,0,05/16/2019,11:25:00,"CRASH OCCURRED AS VEH 1 RAN OFF THE RIGHT SIDE OF THE ROAD, OVERCORRECTED LEFT, SLID OFF THE LEFT SIDE OF THE ROAD AND STRUCK AN EMBANKMENT AND OVERTURNED."
1170288,3190013561,Missouri State Highway Patrol-Troop F,1557964800000,190269591,2,0,1,1,Personal Injury,MORGAN,NON-CITY OR UNINCORPORATED,F,2,2,0,5,0,B ,W ,RT P,MO 5,Daylight,Motor Vehicle in Transport,1,64,Thu     ,0,0,0,0,0,0,0,1,1,0,0,1,0,0,0,1,0,0,0,0,0,0,0,0,0,38.26448,-92.82708,0,05/16/2019,12:00:00,"CRASH OCCURRED AS VEHICLE 1 PULLED INTO THE PATH OF VEHICLE 2 AND WAS STRUCK BY VEHICLE 2. ASSISTED BY CPL D.D. MATHES (843), TPR G.A. AYRES (217), TPR W.R. PLUMLEY (1294), AND MORGAN COUNTY S.O."
1232390,3190012575,Missouri State Highway Patrol-Troop C,1557964800000,190269666,1,0,1,0,Personal Injury,LINCOLN,NON-CITY OR UNINCORPORATED,C,1,1,0,0,0,AT,E ,RT U,CRD HAMPEL RD,Daylight,Overturn,1,,Thu     ,0,0,0,0,1,0,0,0,0,0,0,0,0,0,0,1,0,0,0,0,0,1,0,0,0,38.91426,-90.94917,0,05/16/2019,12:40:00,DRIVER 1 MADE LEFT TURN AND LOST CONTROL OF VEHICLE 1.
1232391,3190012399,Missouri State Highway Patrol-Troop C,1557964800000,190270060,1,0,1,0,Personal Injury,LINCOLN,NON-CITY OR UNINCORPORATED,C,3,3,0,100,0.02,B ,S ,MO 47,PVT CLAUDE LANE,Daylight,Motor Vehicle in Transport,1,60,Thu     ,0,0,0,0,0,0,0,1,0,0,0,0,0,0,0,1,0,0,0,0,1,0,0,1,0,39.00232,-90.85352,0,05/16/2019,15:25:00,"VEHICLE 3 WAS TRAVELING EASTBOUND, CROSSED THE CENTER LINE AND STRUCK WESTBOUND VEHICLE 2 HEAD ON.  DEBRIS FROM VEHICLE 2 STRUCK THE SIDE OF VEHICLE 1."
1186426,3190012695,Missouri State Highway Patrol-Troop F,1557964800000,190270088,2,0,2,0,Personal Injury,BOONE,NON-CITY OR UNINCORPORATED,F,2,2,0,2280,0.43,A ,N,RT B,CRD PARKS LN,Daylight,Motor Vehicle in Transport,1,61,Thu     ,0,0,0,0,0,0,0,0,0,0,0,0,0,0,0,1,0,0,0,0,0,0,0,0,0,39.09381,-92.24688,0,05/16/2019,15:30:00,CRASH OCCURRED AS VEHICLE 2 SLOWED AND WAS STRUCK IN THE REAR BY VEHICLE 1.
1142691,3190013660,Missouri State Highway Patrol-Troop E,1557964800000,190270123,4,0,4,0,Personal Injury,BUTLER,NON-CITY OR UNINCORPORATED,E,2,2,0,0,0,AT,N,US 67,NOR 60,Daylight,Motor Vehicle in Transport,1,64,Thu     ,0,0,0,0,0,0,0,0,0,0,0,1,0,0,0,1,0,0,0,0,0,0,0,0,0,36.8023,-90.45548,0,05/16/2019,15:45:00,CRASH OCCURRED AS VEHICLE ONE ATTEMPTED TO CROSS US 67 AND FAILED TO YIELD TO VEHICLE TOW. VEHICLE TWO STRUCK VEHICLE ONE IN THE SIDE.
1269506,3190012729,Missouri State Highway Patrol-Troop C,1557964800000,190270145,1,0,0,1,Personal Injury,JEFFERSON,NON-CITY OR UNINCORPORATED,C,1,1,0,269,0.05,A ,N,CRD OLD HWY 21,CRD TISHOMINGO RD,Daylight,Fixed Object,2,,Thu     ,0,0,0,0,0,0,0,1,0,0,0,0,0,0,0,1,0,0,0,0,1,0,0,1,0,38.32343,-90.52847,0,05/16/2019,15:50:00,"VEHICLE 1 TRAVELED OFF THE RIGHT SIDE OF THE ROAD AND ONTO THE SHOULDER. VEHICLE 1 RETURNED TO THE ROADWAY BEFORE DRIVER 1 OVERCORRECTED TO THE RIGHT, CAUSING VEHICLE 1 TO SKID. VEHICLE 1 SKIDDED OFF THE RIGHT SIDE OF THE ROADWAY, ENTERED THE DITCH, STRUCK A DRIVEWAY AND BECAME AIRBORNE. VEHICLE 1 THEN CAME TO A REST AFTER STRIKING AN ATT DELINEATOR POLE AND TWO TREES. ASSISTED BY CPL J R BARLOW (774)."
1036823,3190012176,Missouri State Highway Patrol-Troop I,1557964800000,190270146,1,0,1,0,Personal Injury,PHELPS,NON-CITY OR UNINCORPORATED,I,2,2,0,491,0.09,B ,N,US 63,CRD 6050,Daylight,Motor Vehicle in Transport,1,61,Thu     ,0,0,0,0,0,0,1,1,1,0,0,0,0,0,0,1,1,0,0,1,1,0,0,1,0,37.74722,-91.85849,0,05/16/2019,15:55:00,CRASH OCCURRED AS VEHICLE 1 STRUCK THE REAR OF VEHICLE 2.  ASSISTED BY SGT S.D. ALTERMATT (158) AND EDGAR SPRINGS FIRE DEPARTMENT
1189973,3190012960,Missouri State Highway Patrol-Troop B,1557964800000,190270215,1,0,0,1,Personal Injury,LINN,NON-CITY OR UNINCORPORATED,B,2,2,0,0,0,AT,E ,US 36,CRD CROW DR,Daylight,Motor Vehicle in Transport,1,64,Thu     ,1,0,0,0,1,0,0,0,0,0,0,1,0,0,0,1,0,0,0,0,0,0,0,0,1,39.77756,-93.26876,0,05/16/2019,16:20:00,"VEHICLE 1 FAILED TO YIELD AND PULLED INTO THE PATH OF VEHICLE 2. VEHICLE 2 STRUCK VEHICLE 1 IN THE DRIVERS SIDE CAUSING VEHICLE 1 TO TRAVEL OFF THE ROADWAY, EJECTING DRIVER 1."
1203771,3190013566,Missouri State Highway Patrol-Troop C,1557964800000,190270303,0,1,0,0,Fatal,PERRY,PERRYVILLE,C,2,2,0,0,0,AT,N,MO 51,CST MAIN ST,Daylight,Motor Vehicle in Transport,1,64,Thu     ,0,0,0,0,0,0,0,1,1,0,0,1,0,0,0,1,0,0,0,0,0,0,0,0,1,37.74767,-89.85879,1,05/16/2019,16:49:00,FATALITY ACCIDENT -VEHICLE 2  NORTHBOUND ON MO-51. VEHICLE 1 WAS WESTBOUND ON NORTH MAIN STREET.  VEHICLE 1 FAILED TO STOP FOR A STOP SIGN AND THE FRONT END OF VEHICLE 1 STRUCK THE TRAILER PORTION OF VEHICLE 2. PRONOUNCED AT 1650 HOURS BY PERRY COUNTY CORONER BILL BOHNERT. ASSISTED BY MSGT. W.B. SEVIER (1229) TPR. D.M. WYATT (1109)  TPR. W.H. ABEL (132)
1502140,3190013746,Missouri State Highway Patrol-Troop H,1557964800000,190270359,1,0,1,0,Personal Injury,ANDREW,NON-CITY OR UNINCORPORATED,H,2,2,0,0,0,AT,S ,RT P,CRD 226,Daylight,Motor Vehicle in Transport,1,64,Thu     ,1,0,0,0,0,0,0,1,0,0,0,1,0,0,0,1,0,0,0,0,0,0,0,0,1,40.06096,-94.63933,0,05/16/2019,17:10:00,"OCCURRED AS VEHICLE 1 WAS SOUTHBOUND ON HWY P.  VEHICLE 2 PULLED OUT OF A DRIVEWAY INTO THE PATH OF VEHICLE 1.  FRONT OF VEHICLE 1 STRUCK THE DRIVER'S SIDE TRAILER OF VEHICLE 2.  ASSISTED BY CPL A J WEBB (851), TPR K F JEFFERS (669) AND ANDREW COUNTY SO."
1130952,3190012543,Missouri State Highway Patrol-Troop E,1557964800000,190270457,1,0,1,0,Personal Injury,CAPE GIRARDEAU,NON-CITY OR UNINCORPORATED,E,1,1,0,749,0.14,A ,E ,CRD 316,PVT FOLDED HILLS LANE,Daylight,Fixed Object,2,,Thu     ,0,0,0,0,1,0,1,0,0,0,0,0,0,0,0,1,0,0,0,0,0,0,0,0,0,37.34254,-89.61973,0,05/16/2019,17:55:00,VEH1 RAN OFF THE ROADWAY STRIKING A TREE AND OVERTURNING.
1044495,3190013159,Missouri State Highway Patrol-Troop I,1557964800000,190270619,1,0,0,1,Personal Injury,LACLEDE,NON-CITY OR UNINCORPORATED,I,1,1,0,253,0.05,A ,E ,IS 44,ERM EAST IS 44 MILE 1408,Daylight,Overturn,1,,Thu     ,0,0,0,0,0,0,0,1,0,0,0,0,0,0,0,0,0,0,1,0,0,1,0,0,0,37.7532,-92.49279,0,05/16/2019,19:07:00,"VEHICLE 1 WAS TRAVELING EASTBOUND WHEN IT SUFFERED AN EQUIPMENT FAILURE, CAUSING THE MOTORCYCLE TO LAY OVER AND EJECT THE DRIVER."
905257,3190012226,Missouri State Highway Patrol-Troop D,1557964800000,190270626,1,0,1,0,Personal Injury,CHRISTIAN,NON-CITY OR UNINCORPORATED,D,1,1,Y,939,0.18,B ,N,CRD ROSEMEAD RD,CRD MILIN RD,Daylight,Fixed Object,2,,Thu     ,0,0,0,0,1,0,0,1,0,0,0,0,0,0,0,1,0,0,0,0,0,0,0,0,0,37.04363,-93.07681,0,05/16/2019,19:05:00,NBR 1 RAN OFF THE ROADWAY AND STRUCK AN EMBANKMENT.
1333944,3190012647,Missouri State Highway Patrol-Troop G,1557964800000,190270701,1,0,1,0,Personal Injury,WRIGHT,NON-CITY OR UNINCORPORATED,G,1,1,0,269,0.05,A ,S ,CRD PEACH CORNER DR,CRD ROLLING HILL,Daylight,Fixed Object,2,,Thu     ,0,0,0,0,1,1,1,0,0,0,0,0,0,0,0,1,0,0,0,0,1,0,0,1,0,37.18495,-92.28484,0,05/16/2019,19:45:00,"ACCIDENT OCCURRED AS VEHICLE #1 RAN OFF THE ROADWAY, STRUCK AN EMBANKMENT AND OVERTURNED"
1507217,3190012809,Missouri State Highway Patrol-Troop H,1557964800000,190270751,1,0,1,0,Personal Injury,CLINTON,NON-CITY OR UNINCORPORATED,H,1,1,Y,1056,0.2,B ,W ,RT PP,CRD CAMERON RD,Daylight,Fixed Object,2,,Thu     ,1,0,0,0,0,0,0,0,0,0,0,0,0,0,0,0,0,0,0,0,1,0,0,1,0,39.45906,-94.30195,0,05/16/2019,20:15:00,"CRASH OCCURRED AS VEH 1 WAS WESTBOUND ON RTE PP. VEH 1 TRAVELED OFF THE NORTH SIDE OF THE ROADWAY, STRUCK A GUARDRAIL AND OVERTURNED. VEH 1 CAME TO REST ON ITS DRIVER SIDE IN THE CENTER OF RTE PP. SUBJECT EXITED THE PASSENGER SIDE WINDOW AND FLED THE SCENE BEFORE OFFICERS ARRIVED. ASSISTED BY CPL. D.A. LANDI (684), AND CLINTON COUNTY SHERIFF'S OFFICE."
804934,3190012641,Missouri State Highway Patrol-Troop A,1557964800000,190270771,1,0,1,0,Personal Injury,JOHNSON,NON-CITY OR UNINCORPORATED,A,1,1,0,50,0.01,A ,W ,RT DD,MO 23,Dark-Unlighted,Overturn,1,,Thu     ,0,0,0,0,1,0,1,0,0,0,0,0,0,0,0,1,0,0,0,0,0,1,0,0,0,38.74255,-93.57713,0,05/16/2019,20:40:00,"OCCURRED AS VEH1 TRAVELED OFF ROADWAY AND OVERTURNED, EJECTING DRV1."
804935,3190012670,Missouri State Highway Patrol-Troop A,1557964800000,190270778,1,0,1,0,Personal Injury,JOHNSON,NON-CITY OR UNINCORPORATED,A,1,1,0,1132,0.21,B ,E ,US 50,MO 131 EJ,Dark-Unlighted,Animal,1,,Thu     ,0,0,0,0,0,0,0,0,0,0,0,0,0,0,0,0,0,0,0,0,0,0,0,0,0,38.85072,-93.99444,0,05/16/2019,20:43:00,CRASH OCCURRED AS VEHICLE 1 WAS EASTBOUND ON US-50 AND STRUCK A DEER.
1329203,3190012262,Missouri State Highway Patrol-Troop G,1557964800000,190270860,1,0,0,1,Personal Injury,OREGON,NON-CITY OR UNINCORPORATED,G,1,1,0,1288,0.24,B ,S ,MO 19,CRD OLD HIGHWAY 63,Dark-Unlighted,Fixed Object,2,,Thu     ,1,0,0,0,0,0,0,0,0,0,0,0,0,0,0,1,0,0,0,0,1,0,0,1,0,36.54948,-91.54231,0,05/16/2019,21:51:00,"ACCIDENT OCCURRED AS VEHICLE #1 TRAVELED OFF THE LEFT SIDE OF ROADWAY,  STRUCK AN EMBAKMENT, BECAME  AIRBORNE AND CAME TO REST IN A DITCH.      ASSISTED BY  CPL J.C.HOWELL(490) AND TPR T.D.POND(1427)."