objectid,accident,agency,inv_date,complaint,injured,killed,min_inj,dis_inj,severity,county,city,troop,no_vehicle,motor_veh,left_scene,dist_feet,dist_mile,inter_loc,direction,on_street,at_street,light_cond,acc_type,on_off_rd,two_veh,day_week,dr_drink,dr_drug,ped_drink,ped_drug,speed,dr_under21,dr_under25,dr_over55,dr_over64,electrical,emer_veh,stop_sign,yield_sign,czone,hazmat,aggressive,cell_phone,texting,veh_defect,school_bus,truck,motorcycle,atv,pickup,cmv,gps_lat,gps_long,severity_fatal,acc_date,acc_time,narrative
1183031,3190012259,Missouri State Highway Patrol-Troop B,1558051200000,190271031,1,0,1,0,Personal Injury,RANDOLPH,NON-CITY OR UNINCORPORATED,B,1,1,0,243,0.05,B ,N,US 63,CRD 2720,Dark-Unlighted,Fixed Object,2,,Fri     ,1,0,0,0,0,0,0,0,0,0,0,0,0,0,0,0,0,0,0,0,0,0,0,0,0,39.35253,-92.39718,0,05/17/2019,00:40:00,"VEHICLE 1 RAN OFF THE ROAD INTO THE MEDIAN, STRUCK A SIGN AND OVERTURNED.  ASSISTED BY RANDOLPH COUNTY AMBULANCE."
1506741,3190012511,Missouri State Highway Patrol-Troop H,1558051200000,190271232,2,0,2,0,Personal Injury,DEKALB,NON-CITY OR UNINCORPORATED,H,2,2,0,100,0.02,A ,E ,US 36,CRD RESERVOIR RD,Daylight,Motor Vehicle in Transport,1,61,Fri     ,0,0,0,0,0,0,0,0,0,0,0,0,0,0,0,1,0,0,0,0,0,0,0,0,0,39.75383,-94.26225,0,05/17/2019,07:28:00,ACCIDENT OCCURRED AS NR1 AND NR2 WERE BOTH EASTBOUND ON US36.  NR1 STOPPED COMPLETELY IN THE ROADWAY TO ALLOW AN ANIMAL TO CROSS US36.  NR2 STRUCK NR1 IN THE REAR.  NR1 CAME TO REST OFF THE SOUTH SIDE OF THE ROADWAY FACING EAST ON ITS WHEELS.  NR2 CAME TO REST IN THE DRIVING LANE FACING WEST ON ITS WHEELS.  ASSISTED BY CAMERON POLICE DEPARTMENT.
1263852,3190012610,Missouri State Highway Patrol-Troop C,1558051200000,190271296,1,0,1,0,Personal Injury,WARREN,WARRENTON,C,1,1,0,100,0.02,A ,N,MO 47,CST CLARA AVE,Daylight,Fixed Object,2,,Fri     ,0,0,0,0,0,0,0,0,0,0,0,0,0,0,0,1,0,0,0,0,0,0,0,0,0,38.80595,-91.14311,0,05/17/2019,08:00:00,"VEHICLE #1 WAS NORTHBOUND ON HWY 47, RAN OFF THE RIGHT SIDE  ROADWAY AND STRUCK A CULVERT.  VEHICLE #1 PARTIALLY OVERTURNED AND BECAME LODGED ON A UTILITY POLE."
1203331,3190012487,Missouri State Highway Patrol-Troop C,1558051200000,190271335,1,0,1,0,Personal Injury,ST. CHARLES,O'FALLON,C,6,6,0,528,0.1,A ,E ,IS 70,ERM EAST IS 70 MILE 2182,Daylight,Motor Vehicle in Transport,1,61,Fri     ,0,0,0,0,0,1,1,0,0,0,0,0,0,0,0,1,0,0,0,0,1,0,0,1,0,38.8026,-90.69262,0,05/17/2019,08:15:00,"VEHICLE #2, VEHICLE #3 AND VEHICLE #4 BEGAN SLOWING.  DRIVER #1 FAILED TO KEEP A PROPER LOOKOUT AND WAS FOLLOWING VEHICLE #2 TOO CLOSELY.  THE FRONT OF VEHICLE #1 STRUCK THE REAR OF VEHICLE #2.  AFTER IMPACT, VEHICLE #2 WAS PUSHED FORWARD AND THE FRONT OF VEHICLE #2 STRUCK THE REAR OF VEHICLE #3.  AFTER IMPACT, VEHICLE #3 WAS PUSHED FORWARD AND THE FRONT OF VEHICLE #3 STRUCK THE REAR OF VEHICLE #4.  AFTER IMPACT, VEHICLE #4 WAS PUSHED FORWARD AND THE FRONT OF VEHICLE #4 STRUCK THE REAR OF VEHICLE #5.  AFTER IMPACT, VEHICLE #5 WAS PUSHED FORWARD AND THE FRONT OF VEHICLE #5 STRUCK THE REAR OF VEHICLE #6.  ASSISTED BY TPR K.D. HOUSE (931)"
1338531,3190013230,Missouri State Highway Patrol-Troop G,1558051200000,190271351,1,0,1,0,Personal Injury,SHANNON,WINONA,G,2,2,0,0,0,AT,W ,US 60,MO 19,Daylight,Motor Vehicle in Transport,1,64,Fri     ,0,0,0,0,0,1,1,0,0,0,0,0,1,0,0,1,0,0,1,0,1,0,0,1,0,36.99977,-91.32554,0,05/17/2019,08:25:00,VEHICLE 1 TURNED LEFT INTO THE PATH OF ONCOMING VEHICLE 2 RESULTING IN A COLLISION.
1226960,3190013078,Missouri State Highway Patrol-Troop C,1558051200000,190271392,2,0,2,0,Personal Injury,ST. LOUIS,NON-CITY OR UNINCORPORATED,C,5,5,0,221,0.04,A ,W ,IS 270,ERM SOUTH IS 270 MILE 160,Daylight,Motor Vehicle in Transport,1,61,Fri     ,0,0,0,0,0,1,1,1,0,0,0,0,0,0,0,1,0,0,0,0,1,0,0,0,1,38.68915,-90.45032,0,05/17/2019,08:30:00,"VEHICLE 1 STRUCK VEHICLE 2 AND CAUSED VEHICLE 2 TO STRIKE VEHICLE 3, VEHICLE 3 STRUCK VEHICLE 4, AND VEHICLE 4 STRUCK VEHICLE 5."
796244,3190013261,Missouri State Highway Patrol-Troop A,1558051200000,190271418,1,0,1,0,Personal Injury,CLAY,GLADSTONE,A,3,3,0,100,0.02,B ,S ,IS 29,BRIDGE L0720,Daylight,Motor Vehicle in Transport,1,63,Fri     ,0,0,0,0,0,0,0,1,1,0,0,0,0,0,1,1,0,0,0,0,0,0,0,0,1,39.1806,-94.58713,0,05/17/2019,08:53:00,"CRASH OCCURRED AS ALL THREE VEHICLES WERE SOUTHBOUND ON I 29.  VEH 1 ATTEMPTED TO CHANGE LANES AND STRUCK THE DRIVERS SIDE OF VEH 2.  VEH 2 THEN BEGAN TO SKID ACROSS ALL LANES OF TRAFFIC AND STRUCK VEH 3. ASSISTED BY CPL J A GREEN /1190/, TPR R T CARTER /324/, TPR C A ADKINSON /530/ AND GLADSTONE POLICE DEPARTMENT."
1144935,3190012711,Missouri State Highway Patrol-Troop E,1558051200000,190271419,1,0,1,0,Personal Injury,NEW MADRID,NON-CITY OR UNINCORPORATED,E,2,2,0,1584,0.3,A ,E ,US 62,CRD 537,Daylight,Motor Vehicle in Transport,1,64,Fri     ,0,0,0,0,0,0,0,1,0,0,0,0,0,0,0,1,0,0,0,0,1,0,0,1,0,36.55344,-89.83628,0,05/17/2019,08:55:00,CRASH OCCURRED AS VEHICLE 1 WAS MAKING A LEFT TURN AND VEHICLE 2 WAS PASSING AND STRUCK VEHICLE 1 IN THE SIDE
866489,3190012691,Missouri State Highway Patrol-Troop A,1558051200000,190271447,1,0,1,0,Personal Injury,PETTIS,NON-CITY OR UNINCORPORATED,A,2,2,0,1,0,A ,E ,RT Y,CRD HEDGE APPLE DR,Daylight,Motor Vehicle in Transport,1,64,Fri     ,0,0,0,0,0,0,0,0,0,0,0,0,0,0,0,1,0,0,0,0,0,0,0,0,0,38.7,-93.28776,0,05/17/2019,09:08:00,"OCCURRED AS VEHICLE 1 WAS WESTBOUND ON ROUTE Y, WHEN IT MADE A LEFT TURN DIRECTLY IN FRONT OF EASTBOUND VEHICLE 2. VEHICLE 2 STRUCK THE RIGHT SIDE OF VEHICLE 1 CAUSING BOTH VEHICLES TO SLIDE OFF THE RIGHT SIDE OF THE ROAD. VEHICLE 1 STRUCK A FENCE AND THEN BOTH VEHICLES CAME TO REST OFF THE SOUTH SIDE OF THE ROAD. ASSISTED BY TPR A M JEFFREYS /933/ AND TPR C D PARROTT /944/"
1126667,3190012465,Missouri State Highway Patrol-Troop E,1558051200000,190271527,1,0,1,0,Personal Injury,PEMISCOT,NON-CITY OR UNINCORPORATED,E,2,2,0,0,0,AT,E ,MO 164,RT F,Daylight,Motor Vehicle in Transport,1,64,Fri     ,0,0,0,0,0,0,0,0,0,0,0,0,0,0,0,1,0,0,0,0,0,0,0,0,0,36.08835,-89.91449,0,05/17/2019,09:40:00,CRASH OCCURRED AS VEHICLE 1 FAILED TO YIELD TO TURNING VEHICLE 2 AND STRUCK VEHICLE 2 IN THE SIDE AND OVERTURNED
887245,3190012859,Missouri State Highway Patrol-Troop A,1558051200000,190271535,1,0,1,0,Personal Injury,RAY,NON-CITY OR UNINCORPORATED,A,1,1,0,239,0.05,B ,E ,MO 10,BRIDGE G0949,Daylight,Fixed Object,2,,Fri     ,0,1,0,0,0,0,0,0,0,0,0,0,0,0,0,0,0,0,0,0,0,0,0,0,0,39.30445,-94.07625,0,05/17/2019,09:41:00,"CRASH OCCURRED AS VEHICLE 1 TRAVELED OFF THE RIGHT SIDE OF THE ROADWAY, STRUCK A DITCH, A GUARDRAIL AND THEN OVERTURNED.  ASSISTED BY MSGT N E RODENBERG /882/ AND RAY COUNTY DEPUTIES"
1120760,3190012378,Missouri State Highway Patrol-Troop E,1558051200000,190271754,1,0,1,0,Personal Injury,IRON,NON-CITY OR UNINCORPORATED,E,1,1,0,131,0.02,A ,N,MO 21,PVT CARTER LN,Daylight,Fixed Object,2,,Fri     ,0,0,0,0,1,0,0,0,0,0,0,0,0,0,0,1,0,0,0,0,0,0,0,0,0,37.5561,-90.66238,0,05/17/2019,11:15:00,"CRASH OCCURRED AS DRIVER LOST CONTROL OF VEHICLE ONE, RAN OFF THE RIGHT SIDE OF THE ROADWAY AND STRUCK A TREE"
910919,3190012363,Missouri State Highway Patrol-Troop D,1558051200000,190271979,1,0,1,0,Personal Injury,GREENE,NON-CITY OR UNINCORPORATED,D,1,1,0,380,0.07,A ,E ,US 160,CRD 142,Daylight,Fixed Object,2,,Fri     ,0,0,0,0,0,0,0,0,0,0,0,0,0,0,0,0,0,0,0,0,0,0,0,0,0,37.19297,-93.35002,0,05/17/2019,12:55:00,"ACCIDENT OCCURRED AS NBR 1 WENT OFF THE ROADWAY, STRUCK 2 LIGHT POLES AND A GUARDRAIL."
1269603,3190013394,Missouri State Highway Patrol-Troop C,1558051200000,190271994,1,0,0,1,Personal Injury,JEFFERSON,NON-CITY OR UNINCORPORATED,C,2,1,0,21,0,A ,E ,MO 30,CRD NEW SUGAR CREEK RD,Daylight,Pedalcycle,1,,Fri     ,0,0,0,0,0,0,0,1,1,1,0,0,0,0,0,0,0,0,0,0,0,0,0,0,0,38.49002,-90.48705,0,05/17/2019,13:06:00,VEHICLE 1 WAS TRAVELING SOUTHBOUND ON NEW SUGAR CREEK ROAD. BICYCLIST 1 WAS TRAVELING WESTBOUND ON MISSOURI 30. VEHICLE 1 WAS COMING THROUGH THE INTERSECTION AND BICYCLIST 1 FAILED TO STOP IN TIME. THE FRONT OF BICYLE 1 STRUCK THE REAR LEFT SIDE OF VEHICLE 1.  CPL. R.L. CALVERT (165)
1219790,3190016536,Missouri State Highway Patrol-Troop C,1558051200000,190272193,1,0,1,0,Personal Injury,FRANKLIN,NON-CITY OR UNINCORPORATED,C,1,1,0,0,0,AT,N,MO 185,CRD EAST CASCO RD,Daylight,Overturn,2,,Fri     ,0,0,0,0,1,0,0,1,0,0,0,0,0,0,0,1,0,0,0,0,1,0,0,1,0,38.46893,-91.17904,0,05/17/2019,14:20:00,"VEHICLE #1 TRAVELING SOUTHBOUND HIGHWAY 185. DRIVER #1 ATTEMPTED TO MAKE A LEFT TURN ONTO CASCO RD. VEHICLE #1 WAS TRAVELING TOO FAST FOR THE TURN,  CAUSING THE TOWED VEHICLE ON VEHICLE #1 TO OVERTURN."
1508901,3190012713,Missouri State Highway Patrol-Troop H,1558051200000,190272205,1,0,0,1,Personal Injury,HOLT,NON-CITY OR UNINCORPORATED,H,1,1,0,1346,0.25,B ,S ,MO 113,RT D,Daylight,Overturn,2,,Fri     ,0,0,0,0,0,0,0,0,0,0,0,0,0,0,0,1,0,0,0,0,1,0,0,0,1,40.13006,-95.1401,0,05/17/2019,14:24:00,"OCCURRED AS NR1 WAS WESTBOUND. NR1 TRAVELED OFF THE RIGHT SIDE AND BEGAN SKIDDING. NR1 LOAD SHIFTED CAUSING NR1 TO OVERTURN COMING TO REST ON THE PASSENGER SIDE. ASSISTED BY CPL S.M. HUX 536, CVO K.L. SHEWEY (W66), CVO J.E. LAWRENCE (W185), SO HOLT CO, AND MOUND CITY PD."
1186415,3190012595,Missouri State Highway Patrol-Troop F,1558051200000,190272352,2,0,2,0,Personal Injury,BOONE,NON-CITY OR UNINCORPORATED,F,1,1,0,153,0.03,A ,W ,RT OO,RT Z,Daylight,Overturn,1,,Fri     ,0,0,0,0,1,0,0,0,0,0,0,0,0,0,0,1,0,0,0,0,0,1,0,0,0,39.07965,-92.16785,0,05/17/2019,15:27:00,"VEHICLE 1 ENTERED A CURVE AT A HIGH RATE OF SPEED, LOST CONTROL AND OVERTURNED, EJECTING BOTH OCCUPANTS."
1142694,3190012405,Missouri State Highway Patrol-Troop E,1558051200000,190272531,1,0,1,0,Personal Injury,BUTLER,NON-CITY OR UNINCORPORATED,E,1,1,0,100,0.02,B ,W ,US 160,CRD HORSE SHOE LANE,Daylight,Animal,1,,Fri     ,0,0,0,0,0,0,0,0,0,0,0,0,0,0,0,0,0,0,0,0,0,0,0,0,0,36.65949,-90.58428,0,05/17/2019,16:35:00,CRASH OCCURRED AS VEHICLE 1 STRUCK A DEER.
1222328,3190012904,Missouri State Highway Patrol-Troop C,1558051200000,190272597,3,0,3,0,Personal Injury,ST. LOUIS,FLORISSANT,C,2,2,Y,274,0.05,A ,E ,IS 270,ERM EAST IS 270 MILE 286,Daylight,Motor Vehicle in Transport,1,61,Fri     ,0,0,0,0,0,,,,,0,0,0,0,0,0,1,0,0,0,0,0,0,0,0,0,38.77172,-90.29833,0,05/17/2019,17:06:00,BOTH VEHICLES WERE TRAVELING EASTBOUND ON INTERSTATE 70. THE FRONT OF VEHICLE 2 STRUCK THE REAR OF VEHICLE 1. VEHICLE 2 LEFT THE SCENE.
900387,3190012632,Missouri State Highway Patrol-Troop D,1558051200000,190272679,3,0,2,1,Personal Injury,ST. CLAIR,COLLINS,D,2,2,0,0,0,AT,S ,MO 13,CRD SE 1000,Daylight,Motor Vehicle in Transport,1,64,Fri     ,0,0,0,0,0,0,0,0,0,0,0,0,1,0,0,1,0,0,1,0,0,0,0,0,0,37.87278,-93.62225,0,05/17/2019,17:35:00,CRASH OCCURRED AS VEHICLE #1 TRAVELED DIRECTLY INTO THE PATH OF VEHICLE #2.  THE FRONT LEFT OF VEHICLE #2 STRUCK THE RIGHT FRONT OF VEHICLE #1.
866486,3190013625,Missouri State Highway Patrol-Troop A,1558051200000,190272741,1,0,1,0,Personal Injury,PETTIS,NON-CITY OR UNINCORPORATED,A,2,2,0,490,0.09,B ,N,US 65,CRD ELM HILLS BLVD,Daylight,Motor Vehicle in Transport,1,64,Fri     ,0,0,0,0,0,0,0,0,0,0,0,0,0,0,0,1,0,0,0,0,0,0,0,0,0,38.67118,-93.25183,0,05/17/2019,17:56:00,CRASH OCCURRED AS DVR1 FAILED TO YIELD TO VEH2.  VEH1 PULLED INTO THE PATH OF AND STRUCK VEH2.
840115,3190012900,Missouri State Highway Patrol-Troop A,1558051200000,190272806,2,0,2,0,Personal Injury,LAFAYETTE,NON-CITY OR UNINCORPORATED,A,2,2,0,279,0.05,B ,E ,IS 70,ERM EAST IS 70 MILE 434,Daylight,Motor Vehicle in Transport,1,63,Fri     ,1,0,0,0,0,0,0,0,0,0,0,0,0,1,0,1,0,0,0,0,0,0,0,0,0,39.00388,-93.84423,0,05/17/2019,16:15:00,CRASH OCCURRED AS VEH1 OVERTOOK AND STRUCK THE SIDE OF VEH2.  ASSISTED BY TPR M J HANRAHAN /1370/ AND LAFAYETTE COUNTY SHERIFF'S DEPARTMENT
1267172,3190012888,Missouri State Highway Patrol-Troop C,1558051200000,190272823,2,0,2,0,Personal Injury,FRANKLIN,SULLIVAN,C,5,5,0,105,0.02,A ,E ,IS 44,ERM EAST IS 44 MILE 2258,Daylight,Motor Vehicle in Transport,1,61,Fri     ,0,0,0,0,1,0,0,1,0,0,0,0,0,1,0,1,0,0,0,0,1,0,0,1,0,38.2227,-91.15811,0,05/17/2019,18:25:00,"VEHICLE 1 WAS TRAVELING EASTBOUND INTERSTATE 44, IN LANE 1. VEHICLE 2, VEHICLE 3, VEHICLE 4, AND VEHICLE 5 WERE STOPPED IN TRAFFIC EASTBOUND INTERSTATE 44, IN LANE 1. DAMAGE OCCURRED AS DRIVER 1 WAS DRIVING TOO FAST FOR THE CONGESTED CONDITIONS OF THE ROADWAY. VEHICLE 1 BEGAN SLOWING/SKIDDING, AND VEHICLE 1 TRAVELED INTO LANE 2. ATTEMPTING TO AVOID VEHICLE 1, DRIVER  4, AND DRIVER 5 STEERED TO THE RIGHT, TRAVELING INTO LANE 2. THE FRONT RIGHT OF VEHICLE 1 STRUCK THE REAR OF VEHICLE 4. THE FRONT OF VEHICLE 2 STRUCK THE REAR OF VEHICLE 5. VEHICLE 1 CONTINUED SLIDING. THE FRONT LEFT OF VEHICLE 1 STRUCK THE REAR RIGHT OF VEHICLE 2. VEHICLE 2 TRAVELED OFF THE ROADWAY. THE FRONT RIGHT OF VEHICLE 1 THEN STRUCK THE REAR LEFT OF VEHICLE 3."
840116,3190014207,Missouri State Highway Patrol-Troop A,1558051200000,190272875,1,0,1,0,Personal Injury,LAFAYETTE,NON-CITY OR UNINCORPORATED,A,3,3,0,190,0.04,A ,E ,IS 70,WS IS70E MAYVIEW EJ,Daylight,Motor Vehicle in Transport,1,61,Fri     ,0,0,0,0,0,0,0,0,0,0,0,0,0,0,0,1,0,0,0,0,1,0,0,1,0,39.00405,-93.84893,0,05/17/2019,18:50:00,CRASH OCCURRED AS VEH1 OVERTOOK AND STRUCK THE REAR OF VEH2.  VEH2 WAS PUSHED INTO AND STRUCK THE REAR OF VEH3.  ASSISTED BY LAFAYETTE COUNTY SHERIFF'S DEPARTMENT
1269585,3190014441,Missouri State Highway Patrol-Troop C,1558051200000,190272989,1,0,1,0,Personal Injury,JEFFERSON,NON-CITY OR UNINCORPORATED,C,1,1,0,887,0.17,A ,W ,CRD LIONS DEN RD,CRD BINNING RD,Daylight,Other Object,2,,Fri     ,0,0,0,0,0,0,0,0,0,0,0,0,0,0,0,0,0,0,0,0,0,0,0,0,0,38.42621,-90.45839,0,05/17/2019,19:35:00,VEHICLE 1 WAS TRAVELING WESTBOUND ON LIONS DEN ROAD DRIVER 1 SWERVED TO THE RIGHT TO AVOID AN OBJECT IN THE ROADWAY. VEHICLE 1 TRAVELED OFF THE RIGHT SIDE OF THE ROADWAY AND STRUCK SEVERAL LARGE ROCKS.
1232372,3190012740,Missouri State Highway Patrol-Troop C,1558051200000,190273129,1,0,0,1,Personal Injury,LINCOLN,NON-CITY OR UNINCORPORATED,C,1,1,0,1003,0.19,A ,W ,RT C,PVT N SHORE LN,Dark-Unlighted,Overturn,2,,Fri     ,0,0,0,0,0,1,1,0,0,0,0,0,0,0,0,0,0,0,0,0,0,1,0,0,0,38.94789,-90.89486,0,05/17/2019,20:45:00,"VEHICLE 1 WAS TRAVELING WESTBOUND ON ROUTE C, TRAVELED OFF THE ROADWAY, AND OVERTURNED, EJECTING DRIVER 1."
1324653,3190013112,Missouri State Highway Patrol-Troop G,1558051200000,190273181,1,0,1,0,Personal Injury,HOWELL,NON-CITY OR UNINCORPORATED,G,1,1,0,1800,0.34,B ,E ,US 60,CST PINE GROVE,Dark-Unlighted,Animal,1,,Fri     ,0,0,0,0,0,0,0,0,0,0,0,0,0,0,0,0,0,0,0,0,1,0,0,1,0,36.99816,-91.99138,0,05/17/2019,21:10:00,"CRASH OCCURRED AS VEHICLE ONE STRUCK A DEER IN THE ROADWAY, TRAVELED OFF THE RIGHT SIDE OF THE ROADWAY COMING TO A STOP."
1017862,3190013274,Missouri State Highway Patrol-Troop D,1558051200000,190273213,1,0,1,0,Personal Injury,NEWTON,NON-CITY OR UNINCORPORATED,D,1,1,0,1119,0.21,B ,W ,CRD DOUGLAS FIR RD,CST BUTTERFIELD,Dark-Unlighted,Overturn,1,,Fri     ,0,0,0,0,1,0,0,1,0,0,0,0,0,0,0,1,0,0,0,0,0,1,0,0,0,36.99922,-94.57309,0,05/17/2019,21:30:00,NBR 1 RAN OFF THE ROADWAY AND OVERTURNED.
1186416,3190012916,Missouri State Highway Patrol-Troop F,1558051200000,190273274,1,0,1,0,Personal Injury,BOONE,NON-CITY OR UNINCORPORATED,F,2,2,0,232,0.04,B ,S ,RT N,CRD AUDUBON RD,Dark-Unlighted,Motor Vehicle in Transport,1,61,Fri     ,1,0,0,0,0,0,0,1,0,0,0,0,0,0,0,1,0,0,0,0,0,0,0,0,0,38.83234,-92.34927,0,05/17/2019,22:00:00,"CRASH OCCURRED AS VEHICLE 2 CRESTED A HILL, SLOWED TO MAKE A TURN, AND VEHICLE 1 STRUCK VEHICLE 2 IN THE REAR."
1250318,3190012516,Missouri State Highway Patrol-Troop C,1558051200000,190273345,4,0,2,2,Personal Injury,STE. GENEVIEVE,BLOOMSDALE,C,1,1,0,454,0.09,B ,S ,IS 55,ERM SOUTH IS 55 MILE 1586,Dark-Unlighted,Fixed Object,2,,Fri     ,0,0,0,0,0,1,1,0,0,0,0,0,0,0,0,1,0,0,0,0,0,0,0,0,0,38.01797,-90.23198,0,05/17/2019,22:38:00,"VEHICLE 1 WAS TRAVELING SOUTHBOUND ON INTERSTATE 55 AND TRAVELED OFF THE LEFT SIDE OF THE ROADWAY. DRIVER 1 OVERCORRECTED. VEHICLE 1 THEN TRAVELED OFF THE RIGHT SIDE OF THE ROADWAY, STRUCK A ROCK BLUFF, AND OVERTURNED."
1219770,3190012825,Missouri State Highway Patrol-Troop C,1558137600000,190273534,1,0,1,0,Personal Injury,FRANKLIN,NON-CITY OR UNINCORPORATED,C,1,1,0,918,0.17,B ,E ,MO 100,CRD BLUFF SPUR,Dark-Unlighted,Fixed Object,2,,Sat     ,1,0,0,0,0,0,0,0,0,0,0,0,0,0,0,0,0,0,0,0,0,0,0,0,0,38.5875,-91.11715,0,05/18/2019,00:35:00,"VEHICLE 1 WAS TRAVELING WESTBOUND ON MISSOURI 100, CROSSED THE ROADWAY, AND TRAVELED OFF THE LEFT SIDE OF THE ROADWAY. THE FRONT OF VEHICLE 1 STRUCK A TREE AND OVERTURNED. VEHICLE 1 CAME TO REST OFF THE ROADWAY OVERTURNED."
1142693,3190012359,Missouri State Highway Patrol-Troop E,1558137600000,190273720,1,0,1,0,Personal Injury,BUTLER,NON-CITY OR UNINCORPORATED,E,1,1,0,411,0.08,A ,N,RT T,CRD 548,Dark-Unlighted,Fixed Object,2,,Sat     ,0,0,0,0,0,1,1,0,0,0,0,0,0,0,0,0,0,0,0,0,0,0,0,0,0,36.84585,-90.31589,0,05/18/2019,04:40:00,CRASH OCCURRED AS VEHICLE 1 RAN OFF LEFT SIDE OF ROADWAY AND STRUCK A TREE
1232371,3190013353,Missouri State Highway Patrol-Troop C,1558137600000,190273729,1,0,1,0,Personal Injury,LINCOLN,NON-CITY OR UNINCORPORATED,C,1,1,0,95,0.02,B ,W ,RT E,CRD WOODS ROAD,Dark-Lighted,Overturn,2,,Sat     ,0,0,0,0,0,1,1,0,0,0,0,0,0,0,0,0,0,0,0,0,0,0,0,0,0,39.12289,-91.01695,0,05/18/2019,05:15:00,DRIVER 1 SWERVED TO AVOID A DEER CAUSING VEHICLE 1 TO OVERTURN.
804931,3190014309,Missouri State Highway Patrol-Troop A,1558137600000,190273730,2,0,2,0,Personal Injury,JOHNSON,NON-CITY OR UNINCORPORATED,A,1,1,Y,1869,0.35,A ,N,CRD SE 601,RT Y,Dark-Unlighted,Overturn,1,,Sat     ,1,0,0,0,1,0,1,0,0,0,0,0,0,0,0,1,0,0,0,0,0,0,0,0,0,38.68918,-93.63652,0,05/18/2019,05:20:00,"CRASH OCCURRED AS VEH1 WAS TRAVELING AT A HIGH RATE OF SPEED AND LOST CONTROL OVER THE HILLCREST, OVERTURNING NUMEROUS TIMES ON THE ROADWAY. ASSISTED BY TPR. A. M. JEFFREYS /933/."
821516,3190013191,Missouri State Highway Patrol-Troop A,1558137600000,190273839,1,0,1,0,Personal Injury,BENTON,NON-CITY OR UNINCORPORATED,A,1,1,0,1182,0.22,A ,S ,US 65,CRD SIEVING,Daylight,Fixed Object,2,,Sat     ,0,0,0,0,0,0,0,1,0,0,0,0,0,0,0,0,0,0,0,0,0,0,0,0,0,38.4736,-93.27501,0,05/18/2019,07:45:00,"CRASH OCCURRED AS VEHICLE 1 TRAVELED OFF THE LEFT SIDE OF THE ROADWAY.  DRIVER 1 OVERCORRECTED VEHICLE 1 CAUSING VEHICLE 1 TO TRAVEL OFF THE RIGHT SIDE OF THE ROADWAY, STRUCK AND EMBANKMENT  AND OVERTURN BEFORE STRIKING A FENCE.  ASSISTED BY TPR C D PARROTT /944/"
1193275,3190012602,Missouri State Highway Patrol-Troop B,1558137600000,190273916,1,0,0,1,Personal Injury,RALLS,NON-CITY OR UNINCORPORATED,B,2,2,0,781,0.15,B ,S ,RT J,CRD DELAWARE LN,Daylight,Motor Vehicle in Transport,1,64,Sat     ,0,0,0,0,0,0,1,0,0,0,1,0,0,0,0,1,0,0,0,0,0,0,0,0,0,39.44276,-91.67061,0,05/18/2019,08:37:00,"VEHICLE 1 WAS STOPPED ON THE SHOULDER, ATTEMPTED TO MAKE A LEFT TURN AND WAS STRUCK BY VEHICLE 2 IN THE FRONT."
1167814,3190012296,Missouri State Highway Patrol-Troop F,1558137600000,190273943,2,0,2,0,Personal Injury,MILLER,NON-CITY OR UNINCORPORATED,F,1,1,0,955,0.18,A ,S ,RT Y,CRD VIENNA WOODS DR,Daylight,Fixed Object,2,,Sat     ,0,0,0,0,0,1,1,0,0,0,0,0,0,0,0,0,0,0,0,0,0,0,0,0,0,38.34547,-92.61864,0,05/18/2019,08:50:00,"CRASH OCCURRED AS DRIVER 1 FELL ASLEEP CAUSING VEHICLE 1 TO GO OFF THE ROADWAY STRIKE A MAILBOX AND A DRIVEWAY BEFORE OVERTURNING EJECTING DRIVER 1 AND OCCUPANT 1.  ASSISTED BY: SGT. J. E. LOWARY (466), TPR.  K. R. DINWIDDIE (300), AND  TPR. M. H. MISTLER (871)"
1319973,3190012613,Missouri State Highway Patrol-Troop G,1558137600000,190274133,1,0,1,0,Personal Injury,REYNOLDS,CENTERVILLE,G,1,1,0,306,0.06,B ,N,MO 21,CST EAST SPRING STREET,Daylight,Fixed Object,2,,Sat     ,0,0,0,0,0,0,0,1,1,0,0,0,0,0,0,0,0,0,0,0,0,0,0,0,0,37.43207,-90.95751,0,05/18/2019,10:30:00,"VEHICLE 1 RAN OFF THE LEFT SIDE OF THE ROADWAY, STRUCK A DITCH AND A CULVERT THEN OVERTURNED."
1040973,3190012961,Missouri State Highway Patrol-Troop I,1558137600000,190274204,1,0,0,1,Personal Injury,MARIES,NON-CITY OR UNINCORPORATED,I,2,2,0,0,0,AT,W ,MO 42,CRD 225,Daylight,Motor Vehicle in Transport,1,64,Sat     ,0,0,0,0,0,1,1,1,0,0,0,1,0,0,0,1,0,0,0,0,0,0,0,0,0,38.161,-92.18014,0,05/18/2019,11:06:00,"OCCURRED AS DVR 1 FAILED TO YIELD AT STOP SIGN, TURNED INTO VEH 2 AND STRUCK VEH 2 IN THE SIDE"
1211194,3190013134,Missouri State Highway Patrol-Troop F,1558137600000,190274206,2,0,1,1,Personal Injury,COLE,NON-CITY OR UNINCORPORATED,F,1,1,0,1925,0.36,A ,S ,MO 179,CRD OLD RT A,Daylight,Overturn,2,,Sat     ,0,0,0,0,1,0,0,0,0,0,0,0,0,0,0,1,0,0,0,0,0,0,0,0,0,38.70672,-92.37927,0,05/18/2019,11:09:00,"CRASH OCCURRED AS VEHICLE 1 FAILED TO NEGOTIATE A CURVE, LEFT THE RIGHT SIDE OF THE ROADWAY. DRIVER 1 OVERCORRECTED RETURNING TO THE ROADWAY AND LEAVING THE LEFT SIDE OF THE ROADWAY BEFORE OVERTURNING AND STRIKING A TREE."