objectid,accident,agency,inv_date,complaint,injured,killed,min_inj,dis_inj,severity,county,city,troop,no_vehicle,motor_veh,left_scene,dist_feet,dist_mile,inter_loc,direction,on_street,at_street,light_cond,acc_type,on_off_rd,two_veh,day_week,dr_drink,dr_drug,ped_drink,ped_drug,speed,dr_under21,dr_under25,dr_over55,dr_over64,electrical,emer_veh,stop_sign,yield_sign,czone,hazmat,aggressive,cell_phone,texting,veh_defect,school_bus,truck,motorcycle,atv,pickup,cmv,gps_lat,gps_long,severity_fatal,acc_date,acc_time,narrative
1315732,3190017949,Missouri State Highway Patrol-Troop C,1558137600000,190274212,0,1,0,0,Fatal,ST. LOUIS,ST ANN,C,3,3,0,0,0,AT,W ,MO 180,CST CYRESS ROAD,Daylight,Motor Vehicle in Transport,1,64,Sat     ,0,0,0,0,1,1,1,1,1,1,0,0,0,0,0,1,0,0,0,0,0,1,0,0,0,38.73282,-90.39053,1,05/18/2019,11:14:00,FATALITY REPORT - VEHICLE 1 WAS TRAVELING AT HIGH RATE OF SPEED. VEHICLE 2 WAS MAKING A TURN FROM EASTBOUND ST CHARLES ROCK ROAD ONTO NORTHBOUND CYPRESS. THE FRONT OF VEHICLE 1 STRUCK THE RIGHT SIDE OF VEHICLE 2. DRIVER 1 WAS EJECTED AND VEHICLE 1 STRUCK VEHICLE 3.  PRONOUNCED BY DR D. AMIN AT SSM HEALTH DEPAUL HOSPITAL AT 1207 HOURS. ASSISTED BY TPR. Q.H. HOOKS (373) AND TPR. B.A. COLLINS (197)
975575,3190013235,Missouri State Highway Patrol-Troop D,1558137600000,190274355,1,0,1,0,Personal Injury,MCDONALD,NON-CITY OR UNINCORPORATED,D,1,1,0,3168,0.6,B ,E ,RT H,PVT MOUNTAIN RIDGE DRIVE,Daylight,Fixed Object,2,,Sat     ,0,0,0,0,0,0,1,0,0,0,0,0,0,0,0,0,0,0,1,0,0,0,0,0,0,36.575,-94.40674,0,05/18/2019,12:35:00,VEHICLE 1 TRAVELED OFF THE RIGHT SIDE OF THE ROADWAY ON A CURVE AND STRUCK A ROAD SIGN AND AN EMBANKMENT.
1269601,3190013419,Missouri State Highway Patrol-Troop C,1558137600000,190274381,1,0,1,0,Personal Injury,JEFFERSON,NON-CITY OR UNINCORPORATED,C,1,1,0,3695,0.7,B ,N,US 67,RP 282878,Daylight,Fixed Object,2,,Sat     ,0,0,0,0,0,0,0,0,0,0,0,0,0,0,0,0,0,0,0,0,0,0,0,0,0,38.0294,-90.48865,0,05/18/2019,12:48:00,VEHICLE 1 WAS TRAVELING NORTHBOUND ON US 67.  VEHICLE 1 TRAVELED OFF THE RIGHT SIDE OF THE ROADWAY. VEHICLE 1 TRAVELED DOWN AN EMBANKMENT AND STRUCK SEVERAL TREES.
1311773,3190013929,Missouri State Highway Patrol-Troop C,1558137600000,190274561,1,0,1,0,Personal Injury,ST. CHARLES,ST PETERS,C,1,1,0,528,0.1,B ,W ,IS 70,ERM WEST IS 70 MILE 2230,Daylight,Fixed Object,2,,Sat     ,0,0,0,0,0,1,1,0,0,0,0,0,0,0,0,1,0,0,0,0,0,0,0,0,0,38.79865,-90.60388,0,05/18/2019,14:15:00,"VEHICLE #1 WAS TRAVELING WEST ON INTERSTATE 70 IN LANE #6.  DRIVER #1 ATTEMPTED TO CHANGE LANES WHEN IT WAS UNSAFE TO DO SO.  VEHICLE #1 TRAVELED PARTIALLY INTO LANE #5, WHICH WAS OCCUPIED BY ANOTHER VEHICLE, AND DRIVER #1 OVERCORRECTED TO THE RIGHT.  VEHICLE #1 TRAVELED OFF THE NORTH EDGE OF THE ROADWAY.  THE FRONT RIGHT OF VEHICLE #1 STRUCK THE CONCRETE WALL.  AFTER IMPACT, VEHICLE #1 ROTATED CLOCKWISE AND CAME TO REST, FACING SOUTHWEST, PARTIALLY BLOCKING LANE #6."
970973,3190012319,Missouri State Highway Patrol-Troop D,1558137600000,190274691,2,0,2,0,Personal Injury,CEDAR,NON-CITY OR UNINCORPORATED,D,1,1,0,1351,0.26,A ,N,CRD 75,CRD 200,Daylight,Fixed Object,2,,Sat     ,0,0,0,0,1,1,1,0,0,0,0,0,0,0,0,1,0,0,0,0,0,0,0,0,0,37.87497,-94.05317,0,05/18/2019,15:02:00,"OCCURRED AS VEH1 RAN OFF ROADWAY, STRUCK A DITCH, AND OVERTURNED."
840119,3190014214,Missouri State Highway Patrol-Troop A,1558137600000,190274732,1,0,1,0,Personal Injury,LAFAYETTE,NON-CITY OR UNINCORPORATED,A,1,1,0,200,0.04,A ,E ,IS 70,ERM EAST IS 70 MILE 318,Daylight,Overturn,2,,Sat     ,0,0,0,0,1,0,0,1,0,0,0,0,0,0,0,1,0,0,0,0,0,0,0,0,0,39.01111,-94.06141,0,05/18/2019,15:40:00,CRASH OCCURRED AS VEHICLE 1 TRAVELED OFF THE LEFT SIDE OF THE ROADWAY AND OVERTURNED.  ASSISTED BY MSGT A V DILLON /990/ AND LAFAYETTE COUNTY DEPUTIES.
1177717,3190012501,Missouri State Highway Patrol-Troop B,1558137600000,190274742,1,0,1,0,Personal Injury,ADAIR,BRASHEAR,B,2,2,0,5,0,B ,E ,MO 6,CST S OLIVE ST,Daylight,Motor Vehicle in Transport,1,60,Sat     ,0,0,0,0,0,0,0,1,0,0,0,0,0,0,0,1,0,0,0,0,0,0,0,0,0,40.14575,-92.37674,0,05/18/2019,15:40:00,"VEHICLE 1 FAILED TO YIELD TO VEHICLE 2 WHILE MAKING A LEFT TURN, VEHICLE 1 AND VEHICLE 2 COLLIDED HEAD-ON."
821517,3190014399,Missouri State Highway Patrol-Troop A,1558137600000,190274798,2,0,2,0,Personal Injury,BENTON,NON-CITY OR UNINCORPORATED,A,1,1,0,2159,0.41,B ,N,RT T,PVT DEER RUN DR,Daylight,Fixed Object,2,,Sat     ,0,0,0,0,1,0,1,0,0,0,0,0,0,0,0,1,0,0,0,0,0,0,0,0,0,38.31645,-93.39545,0,05/18/2019,16:14:00,CRASH OCCURRED AS VEHICLE 1 CROSSED THE CENTERLINE.  DRIVER 1 OVERCORRECTED CAUSING VEHICLE 1 TO TRAVEL OFF THE RIGHT SIDE OF THE ROADWAY AND STRIKE A DITCH.
1269608,3190014150,Missouri State Highway Patrol-Troop C,1558137600000,190274913,1,0,0,1,Personal Injury,JEFFERSON,NON-CITY OR UNINCORPORATED,C,1,1,0,205,0.04,B ,E ,MO 30,PVT MAIN DR,Daylight,Overturn,2,,Sat     ,1,0,0,0,1,0,0,0,0,0,0,0,0,0,0,1,0,0,0,0,0,1,0,0,0,38.48523,-90.49891,0,05/18/2019,17:05:00,"VEHICLE 1 WAS TRAVELING EASTBOUND ON ROUTE 30. DRIVER 1 LOST CONTROL. VEHICLE 1 TRAVELED OFF THE LEFT SIDE OF THE ROADWAY AND OVERTURNED, EJECTING DRIVER 1."
1204565,3190012507,Missouri State Highway Patrol-Troop F,1558137600000,190274946,1,0,1,0,Personal Injury,COOPER,NON-CITY OR UNINCORPORATED,F,1,1,0,89,0.02,A ,E ,IS 70,ERM EAST IS 70 MILE 946,Daylight,Other Non Collision,2,,Sat     ,0,0,0,0,1,0,1,0,0,0,0,0,0,0,0,1,0,0,0,0,0,0,0,0,0,38.93451,-92.91139,0,05/18/2019,17:15:00,CRASH OCCURRED VEHICLE 1 WAS AVOIDING ANOTHER VEHICLE AND WENT OFF THE LEFT SIDE OF THE ROADWAY.
1190236,3190012665,Missouri State Highway Patrol-Troop F,1558137600000,190275055,1,0,1,0,Personal Injury,CALLAWAY,KINGDOM CITY,F,1,1,0,232,0.04,A ,W ,US 54,RP 7683,Daylight,Overturn,1,,Sat     ,0,0,0,0,0,0,0,1,0,0,0,0,0,0,0,0,0,0,0,0,0,0,0,0,1,38.94298,-91.94133,0,05/18/2019,18:22:00,"CRASH OCCURRED AS VEHICLE 1 WAS OVERTURNED BY A GUST OF WIND. ASSISTED BY SGT. M. G. BRONIEC (168), CPL. S. A. BRAZAS (315), AND TPR N. A. BAX (188)"
1040974,3190012639,Missouri State Highway Patrol-Troop I,1558137600000,190275068,1,0,0,1,Personal Injury,MARIES,NON-CITY OR UNINCORPORATED,I,1,1,0,564,0.11,B ,W ,RT U,CRD 426,Daylight,Fixed Object,2,,Sat     ,0,0,0,0,1,0,0,1,0,0,0,0,0,0,0,1,0,0,0,0,0,1,0,0,0,38.16698,-91.64759,0,05/18/2019,18:27:00,THE CRASH OCCURRED AS DRIVER 1 FAILED TO NEGOTIATE A CURVE. VEHICLE 1 TRAVELED OFF THE  RIGHT SIDE OF THE ROADWAY AND STRUCK THE  DITCH.
1269610,3190013011,Missouri State Highway Patrol-Troop C,1558137600000,190275146,1,0,0,1,Personal Injury,JEFFERSON,NON-CITY OR UNINCORPORATED,C,1,1,0,158,0.03,A ,E ,CRD HILLSBORO HEMATITE RD,RT P,Daylight,Fixed Object,2,,Sat     ,0,0,0,0,1,0,0,0,0,0,0,0,0,0,0,1,0,0,0,0,0,1,0,0,0,38.20143,-90.47846,0,05/18/2019,19:05:00,"VEHICLE 1 CROSSED CENTER LINE, TRAVELED OFF THE LEFT SIDE OF THE ROADWAY, AND STRUCK A CONCRETE CULVERT.  DRIVER 1 WAS EJECTED."
1269611,3190014689,Missouri State Highway Patrol-Troop C,1558137600000,190275173,0,1,0,0,Fatal,JEFFERSON,NON-CITY OR UNINCORPORATED,C,1,1,0,1056,0.2,B ,N,CRD LAGUNA PALMA RD,CRD CHARTER CHURCH RD,Daylight,Animal,1,,Sat     ,0,0,0,0,0,0,0,0,0,0,0,0,0,0,0,0,0,0,0,0,0,0,1,0,0,38.06847,-90.42088,1,05/18/2019,19:16:00,"FATALITY REPORT - VEHICLE 1 WAS TRAVELING NORTHBOUND ON LAGUNA PALMA ROAD. VEHICLE 1 STRUCK AN ANIMAL IN THE ROADWAY, CAUSING IT TO OVERTURN, EJECTING DRIVER 1. DRIVER 1 WAS PRONOUNCED ON SCENE AT 1945 HOURS BY JOACHIM PLATTIN AMBULANCE PERSONNEL. ASSISTED BY CPL. J. R. BARLOW (774) AND TPR. C.W. CHERRY (625)."
1186400,3190013439,Missouri State Highway Patrol-Troop F,1558137600000,190275287,2,0,2,0,Personal Injury,BOONE,NON-CITY OR UNINCORPORATED,F,2,2,0,0,0,AT,N,RT B,CRD PARKS LN,Dark-Unlighted,Motor Vehicle in Transport,1,64,Sat     ,0,0,0,0,0,1,1,0,0,0,0,1,0,0,0,1,1,0,0,0,0,0,0,0,0,39.08904,-92.25196,0,05/18/2019,20:31:00,"OCCURRED AS VEHICLE 1 WAS TRAVELING EAST ON ACADEMY ROAD, WEST OF ROUTE B.  VEHICLE 2 WAS TRAVELING NORTH ON ROUTE B.  VEHICLE 1 TRAVELED THROUGH A STOP SIGN WITHOUT SLOWING DOWN OR STOPPING.  VEHICLE 2 STRUCK THE PASSENGER SIDE OF VEHICLE 1.  VEHICLE 2 THEN TRAVELED OFF THE RIGHT SIDE OF THE ROAD COMING TO REST IN A CENTER ISLAND.  VEHICLE 1 ROTATED AND SLID OFF THE ROAD, TRAVELING OFF THE LEFT SIDE OF PARKS LANE."
1119462,3190013002,Missouri State Highway Patrol-Troop E,1558224000000,190275583,2,0,1,1,Personal Injury,BOLLINGER,NON-CITY OR UNINCORPORATED,E,2,2,0,0,0,AT,W ,MO 72,RT HH,Dark-Unlighted,Motor Vehicle in Transport,1,64,Sat     ,0,0,0,0,1,0,1,0,0,0,0,0,0,0,0,1,0,0,1,0,1,0,0,1,0,37.52367,-90.09888,0,05/18/2019,23:23:00,CRASH OCCURRED AS VEHICLE #1 WAS STOPPEDIN THE MIDDLE OF THE ROADWAY AND STRUCK IN THE REAR BY VEHICLE #2.
1189975,3190013512,Missouri State Highway Patrol-Troop B,1558224000000,190275771,1,0,1,0,Personal Injury,LINN,NON-CITY OR UNINCORPORATED,B,1,1,0,2640,0.5,A ,S ,MO 5,CRD FARGO DR,Dark-Unlighted,Animal,1,,Sun     ,0,0,0,0,0,0,0,0,0,0,0,0,0,0,0,0,0,0,0,0,0,1,0,0,0,39.80119,-93.17422,0,05/19/2019,02:55:00,"VEHICLE 1 STRUCK A DEER IN THE ROADWAY AND OVERTURNED, EJECTING THE RIDER.  ASSISTED BY LINN COUNTY AMBULANCE AND LINN COUNTY SHERIFF'S DEPARTMENT"
1030534,3190012459,Missouri State Highway Patrol-Troop I,1558224000000,190275783,1,0,1,0,Personal Injury,PULASKI,NON-CITY OR UNINCORPORATED,I,1,1,0,776,0.15,A ,N,MO 17,CRD RIPPLE RD NJ,Dark-Unlighted,Fixed Object,2,,Sun     ,0,0,0,0,0,0,1,0,0,0,0,0,0,0,0,0,0,0,0,0,0,0,0,0,0,37.925,-92.26318,0,05/19/2019,04:10:00,"CRASH OCCURRED AS VEHICLE 1 CROSSED THE CENTERLINE, TRAVELED OFF THE LEFT SIDE OF THE ROADWAY AND STRUCK A TREE."
1203364,3190012607,Missouri State Highway Patrol-Troop C,1558224000000,190275798,1,0,0,1,Personal Injury,ST. CHARLES,O'FALLON,C,1,1,0,105,0.02,A ,E ,IS 70,ERM EAST 70 MILE 2178,Daylight,Fixed Object,2,,Sun     ,1,0,0,0,0,0,1,0,0,0,0,0,0,0,0,0,0,0,0,0,0,0,0,0,0,38.80232,-90.70173,0,05/19/2019,05:40:00,"VEHICLE #1 WAS TRAVELING EASTBOUND ON INTERSTATE 70.  VEHICLE #1 TRAVELED OFF THE RIGHT SIDE OF THE ROADWAY AND STRUCK THE GUARDRAIL.  VEHICLE #1 RETURNED TO THE ROADWAY, TRAVELED OFF THE LEFT SIDE OF THE ROADWAY, AND STRUCK THE CONCRETE MEDIAN BARRIER.  ASSISTED BY CPL. A.M. COVAL (175) AND TPR. T.N. ZIEGLER (1440) AND O'FALLON POLICE DEPARTMENT."
970974,3190013053,Missouri State Highway Patrol-Troop D,1558224000000,190275905,1,0,0,1,Personal Injury,CEDAR,NON-CITY OR UNINCORPORATED,D,1,1,0,1911,0.36,B ,S ,MO 215,CRD 2150,Daylight,Fixed Object,2,,Sun     ,0,0,0,0,0,0,0,0,0,0,0,0,0,0,0,0,0,0,0,0,1,0,0,1,0,37.58773,-93.73534,0,05/19/2019,07:25:00,CRASH OCCURRED AS VEHICLE 1 WAS AVOIDING A DEER IN ROADWAY.  VEHICLE 1 TRAVELED ACROSS THE CENTERLINE AND OFF THE LEFT SIDE OF ROADWAY.  VEHICLE 1 STRUCK A TREE.
975574,3190012847,Missouri State Highway Patrol-Troop D,1558224000000,190275928,1,0,1,0,Personal Injury,MCDONALD,NON-CITY OR UNINCORPORATED,D,1,1,0,1584,0.3,B ,E ,MO 90,CRD LITTLE MISSOURI ROAD,Daylight,Fixed Object,2,,Sun     ,0,0,0,0,0,0,0,1,0,0,0,0,0,0,0,1,0,0,1,0,1,0,0,1,0,36.56382,-94.22892,0,05/19/2019,08:25:00,"#1 RAN OFF THE RIGHT SIDE OF THE ROADWAY, RETURNED TO THE ROADWAY, RAN OFF THE LEFT SIDE AND OVERTURNED."
1219785,3190012371,Missouri State Highway Patrol-Troop C,1558224000000,190275967,1,0,1,0,Personal Injury,FRANKLIN,NON-CITY OR UNINCORPORATED,C,2,2,0,40,0.01,B ,S ,MO 47,CRD WOODLAND ROAD,Daylight,Motor Vehicle in Transport,1,61,Sun     ,0,0,0,0,0,1,1,1,1,0,0,0,0,0,0,1,0,0,0,0,0,0,0,0,0,38.5126,-91.00601,0,05/19/2019,08:45:00,"VEHICLE #2 WAS TRAVELING SOUTH ON MISSOURI 47, WITH VEHICLE #1 DIRECTLY BEHIND IT.  DRIVER #2 SLOWED IN AN ATTEMPT TO MAKE A LEFT TURN ONTO WOODLAND DRIVE.  DRIVER #1 TOOK HIS EYES OFF THE ROADWAY AND DID NOT SEE VEHICLE #2 STOPPING IN FRONT OF HIM.  THE FRONT OF VEHICLE #1 STRUCK THE REAR OF VEHICLE #2.  VEHICLE #2 THEN TRAVELED OFF THE LEFT SIDE OF THE ROADWAY AND STRUCK AN EMBANKMENT.  ASSISTED BY TROOPER M.K. HALIM (834)"
1144937,3190012492,Missouri State Highway Patrol-Troop E,1558224000000,190276015,1,0,1,0,Personal Injury,NEW MADRID,NON-CITY OR UNINCORPORATED,E,1,1,0,1636,0.31,B ,W ,US 60,BRIDGE L0954,Daylight,Overturn,2,,Sun     ,0,0,0,0,0,0,0,1,1,0,0,0,0,0,0,0,0,0,0,0,0,0,0,0,1,36.8417,-89.67023,0,05/19/2019,09:22:00,"CRASH OCCURRED AS VEH 1 RAN OFF RIGHT SIDE OF THE ROADWAY, OVERTURNED AND STRUCK THE DITCH."
1269609,3190014929,Missouri State Highway Patrol-Troop C,1558224000000,190276133,4,0,4,0,Personal Injury,JEFFERSON,NON-CITY OR UNINCORPORATED,C,2,2,0,0,0,AT,W ,MO 30,CRD HIGH RIDGE BLVD,Daylight,Motor Vehicle in Transport,1,64,Sun     ,0,0,0,0,0,0,0,1,1,1,0,0,0,0,0,1,0,0,0,0,0,0,0,0,0,38.46413,-90.5252,0,05/19/2019,10:25:00,"VEHICLE #1 WAS TRAVELING WESTBOUND ON MISSOURI 30, EAST OF HIGH RIDGE BOULEVARD, IN LANE ONE. VEHICLE #2 WAS TRAVELING EASTBOUND ON MISSOURI 30, WEST OF HIGH RIDGE BOULEVARD IN LANE ONE.  DRIVER #2 TURNED LEFT ONTO WESTBOUND HIGH RIDGE BOULEVARD AND VEHICLE #2'S FRONT STRUCK THE FRONT DRIVER'S SIDE OF VEHICLE #1."
1311727,3190014037,Missouri State Highway Patrol-Troop C,1558224000000,190276353,3,0,3,0,Personal Injury,ST. CHARLES,ST PETERS,C,2,2,0,337,0.06,A ,E ,CST VETERANS MEMORIAL PKWY,RP 1038813,Daylight,Fixed Object,2,,Sun     ,0,0,0,0,0,0,0,1,1,0,0,0,0,0,0,1,0,0,0,0,1,0,0,1,0,38.79877,-90.61165,0,05/19/2019,12:08:00,"VEHICLE 1 AND 2 WERE TRAVELING EASTBOUND ON VETERANS MEMORIAL PKWY. VEHICLE 2 ENTERED THE RAMP TO EASTBOUND I-70. VEHICLE 1 CONTINUED EASTBOUND ON VETERANS MEMORIAL PKWY . VEHICLE 1 SWERVED, STRUCK A CONCRETE WALL, AND SPUN OUT. VEHICLE 2 STRUCK VEHICLE 1."
1203378,3190012969,Missouri State Highway Patrol-Troop C,1558224000000,190276415,1,0,1,0,Personal Injury,ST. CHARLES,O'FALLON,C,2,2,0,0,0,AT,N,RT DD,CST CALEDONIA DR,Daylight,Motor Vehicle in Transport,1,64,Sun     ,0,0,0,0,0,0,0,1,0,0,0,0,0,0,0,1,0,0,0,0,0,0,0,0,0,38.74738,-90.75672,0,05/19/2019,12:45:00,VEHICLE 1 FAILED TO YIELD TO VEHICLE 2 WHEN MAKING A LEFT HAND TURN.  THE RIGHT FRONT OF VEHICLE 2 IMPACTED THE REAR OF VEHICLE 1.
966725,3190014750,Missouri State Highway Patrol-Troop D,1558224000000,190276636,6,0,5,1,Personal Injury,BARRY,NON-CITY OR UNINCORPORATED,D,3,3,0,459,0.09,A ,S ,MO 39,CRD 1190 NJ,Daylight,Motor Vehicle in Transport,1,62,Sun     ,1,0,0,0,0,0,0,1,0,0,0,0,0,0,0,1,0,0,0,0,1,0,0,1,0,36.86222,-93.72005,0,05/19/2019,14:20:00,NBR 1 CROSSED THE CENTERLINE AND STRUCK NBR 2 AND NBR 3.
1232375,3190012999,Missouri State Highway Patrol-Troop C,1558224000000,190276835,1,0,1,0,Personal Injury,LINCOLN,NON-CITY OR UNINCORPORATED,C,1,1,0,30,0.01,A ,W ,CRD FLAMM ROAD,CRD SHRAMEK ROAD,Daylight,Fixed Object,2,,Sun     ,0,0,0,0,1,1,1,0,0,0,0,0,0,0,0,1,0,0,0,0,0,0,1,0,0,39.05967,-91.20143,0,05/19/2019,15:45:00,VEHICLE #1 WAS TURNING LEFT ONTO FLAMM ROAD FROM ROUTE O.  VEHICLE #1 WENT OFF THE ROAD AND STRUCK A UTILITY POLE. DRIVER #1 WAS EJECTED.
1269612,3190014204,Missouri State Highway Patrol-Troop C,1558224000000,190276864,2,0,2,0,Personal Injury,JEFFERSON,NON-CITY OR UNINCORPORATED,C,1,1,0,120,0.02,A ,N,US 67,CRD LEE PYLE RD,Daylight,Fixed Object,2,,Sun     ,0,0,0,0,0,0,0,0,0,0,0,0,0,0,0,1,0,0,0,0,0,0,0,0,0,38.12765,-90.47185,0,05/19/2019,16:00:00,"VEHICLE 1 WAS TRAVELING NORTHBOUND ON US-67, TRAVELED OFF THE LEFT SIDE OF THE ROADWAY, ENTERED THE GRASS CENTER MEDIAN, STRUCK TWO ROAD SIGNS, AND OVERTURNED, EJECTING PASSENGER 1."
1324656,3190012672,Missouri State Highway Patrol-Troop G,1558224000000,190276894,1,0,1,0,Personal Injury,HOWELL,NON-CITY OR UNINCORPORATED,G,1,1,0,559,0.11,A ,N,MO 17,CRD 3500 NJ,Daylight,Fixed Object,2,,Sun     ,0,0,0,0,0,0,0,1,0,0,0,0,0,0,0,0,0,0,0,0,0,0,0,0,0,37.01158,-91.6736,0,05/19/2019,15:30:00,VEHICLE #1 WENT OFF ROADWAY AND STRUCK A DITCH.
999883,3190013104,Missouri State Highway Patrol-Troop D,1558224000000,190277057,1,0,1,0,Personal Injury,STONE,NON-CITY OR UNINCORPORATED,D,1,1,0,3168,0.6,B ,W ,RT U,RT A,Daylight,Overturn,1,,Sun     ,0,0,0,0,1,0,0,0,0,0,0,0,0,0,0,1,0,0,0,0,0,1,0,0,0,36.94189,-93.40756,0,05/19/2019,17:17:00,"ACCIDENT OCCURRED AS VEHICLE #1 LOST CONTROL IN A CURVE, OVERTURNED AND TRAVELED OFF THE RIGHT SIDE OF THE ROADWAY EJECTING THE DRIVER."
1119463,3190012544,Missouri State Highway Patrol-Troop E,1558224000000,190277091,1,0,1,0,Personal Injury,BOLLINGER,NON-CITY OR UNINCORPORATED,E,1,1,0,1209,0.23,A ,W ,MO 72,RT B,Daylight,Overturn,2,,Sun     ,0,0,0,0,0,0,1,0,0,0,0,0,0,0,0,0,0,0,0,0,0,1,0,0,0,37.48726,-89.9068,0,05/19/2019,17:25:00,CRASH OCCURRED AS VEHICLE 1 RAN OFF RIGHT SIDE OF ROADWAY AND OVERTURNED
794153,3190012566,Missouri State Highway Patrol-Troop A,1558224000000,190277138,1,0,1,0,Personal Injury,CASS,NON-CITY OR UNINCORPORATED,A,1,1,0,100,0.02,A ,N,MO 291,CRD 235TH STREET,Daylight,Fixed Object,2,,Sun     ,1,1,0,0,0,0,0,0,0,0,0,0,0,0,0,1,0,0,0,0,0,0,0,0,0,38.6924,-94.36634,0,05/19/2019,17:50:00,"CRASH OCCURRED AS VEH1 TRAVELED OFF THE ROADWAY, STRUCK A CULVERT AND CAME TO REST IN THE DITCH.  ASSISTED BY CPL T G SIMS /633/"
794154,3190013258,Missouri State Highway Patrol-Troop A,1558224000000,190277252,2,0,2,0,Personal Injury,CASS,NON-CITY OR UNINCORPORATED,A,2,2,0,0,0,AT,N,MO 7,CRD CHANDLER RD,Daylight,Motor Vehicle in Transport,1,64,Sun     ,1,0,0,0,0,0,0,0,0,0,0,0,1,0,0,1,0,0,0,0,1,0,0,1,0,38.5175,-94.13069,0,05/19/2019,18:55:00,CRASH OCCURRED AS VEHICLE 1 PULLED INTO THE PATH OF VEHICLE 2. VEHICLE 2 STRUCK VEHICLE 1. ASSISTED BY CASS COUNTY SHERIFF'S DEPARTMENT.
1212757,3190013855,Missouri State Highway Patrol-Troop C,1558224000000,190277322,1,0,1,0,Personal Injury,WASHINGTON,NON-CITY OR UNINCORPORATED,C,1,1,0,180,0.03,B ,N,MO 21,CRD BEQUETTE RD,Daylight,Fixed Object,2,,Sun     ,1,0,0,0,0,0,0,1,1,0,0,0,0,1,0,0,0,0,0,0,1,0,0,1,0,38.03678,-90.75774,0,05/19/2019,19:34:00,VEHICLE 1 WAS TRAVELING NORTHBOUND ON ROUTE 21. DRIVER 1 FAILED TO NEGOTIATE A CURVE TO THE LEFT. VEHICLE 1 TRAVELED OFF THE LEFT SIDE OF THE ROADWAY AND STRUCK A TELEPHONE JUNCTION BOX.
1156648,3190012612,Missouri State Highway Patrol-Troop E,1558224000000,190277412,1,0,0,1,Personal Injury,SCOTT,NON-CITY OR UNINCORPORATED,E,1,1,0,3680,0.7,A ,S ,CRD 401,MO 77,Dark-Unlighted,Overturn,1,,Sun     ,0,0,0,0,0,0,0,0,0,0,0,0,0,0,0,1,0,0,0,0,0,0,1,0,0,37.07957,-89.54024,0,05/19/2019,20:45:00,VEH1 RAN OFF THE ROADWAY AND OVERTURNED.
966726,3190012879,Missouri State Highway Patrol-Troop D,1558224000000,190277456,2,0,1,1,Personal Injury,BARRY,NON-CITY OR UNINCORPORATED,D,2,2,0,0,0,AT,W ,US 60,CRD 1100,Dark-Unlighted,Motor Vehicle in Transport,1,64,Sun     ,0,0,0,0,0,0,1,1,0,0,0,0,0,0,0,1,0,0,0,0,0,0,0,0,0,36.91345,-93.88268,0,05/19/2019,21:25:00,NBR 1 PULLED INTO THE PATH OF NBR 2 AND WAS STRUCK BY NBR 2.
1136769,3190013275,Missouri State Highway Patrol-Troop E,1558224000000,190277520,2,0,1,1,Personal Injury,DUNKLIN,NON-CITY OR UNINCORPORATED,E,2,2,0,0,0,AT,N,RT EE,PVT WILLIAMS LANDING,Dark-Lighted,Motor Vehicle in Transport,1,61,Sun     ,0,0,0,0,0,1,1,0,0,0,0,0,0,0,0,1,0,0,0,0,0,0,1,0,0,36.28514,-90.01501,0,05/19/2019,22:10:00,VEH2 MAKING A LEFT TURN AND VEH1 STRUCK THE REAR OF VEH2 CAUSING VEH1 AND VEH2 TO OVERTURN EJECTING THE DRIVERS.
1036822,3190012840,Missouri State Highway Patrol-Troop I,1558224000000,190277616,0,1,0,0,Fatal,PHELPS,NON-CITY OR UNINCORPORATED,I,1,1,0,2640,0.5,A ,S ,CRD 8010,CRD 8320,Dark-Unlighted,Fixed Object,2,,Sun     ,1,0,0,0,1,0,1,0,0,0,0,0,0,0,0,1,0,0,0,0,0,0,0,0,0,38.00187,-91.77629,1,05/19/2019,23:00:00,"FATALITY CRASH OCCURRED AS VEHICLE 1 TRAVELED OFF THE LEFT SIDE OF THE ROADWAY, STRUCK A DRIVEWAY AND BECAME AIRBORNE. VEHICLE 1 STRUCK A COUPLE OF TREES AND RETURNED TO THE ROADWAY. THE DRIVER WAS EJECTED. THE VICTIM WAS PRONOUNCED DECEASED BY PHELPS COUNTY CORONER, ANDY DAVIS AT 2325 HOURS. THIS IS TROOP I'S 1ST FATALITY FOR MAY AND THE 9TH FOR 2019. NEXT OF KIN NOTIFIED."
794159,3190012917,Missouri State Highway Patrol-Troop A,1558310400000,190277625,1,0,1,0,Personal Injury,CASS,NON-CITY OR UNINCORPORATED,A,1,1,0,200,0.04,B ,E ,MO 58,CRD 195TH STREET,Dark-Unlighted,Fixed Object,2,,Sun     ,0,0,0,0,0,0,0,0,0,0,0,0,0,0,0,0,0,0,0,0,0,0,0,0,0,38.76125,-94.18121,0,05/19/2019,23:05:00,"CRASH OCCURRED AS DRIVER 1 SWERVED TO AVOID A DEER STRUCK A CULVERT, A DITCH, AND OVERTURNED."