objectid,accident,agency,inv_date,complaint,injured,killed,min_inj,dis_inj,severity,county,city,troop,no_vehicle,motor_veh,left_scene,dist_feet,dist_mile,inter_loc,direction,on_street,at_street,light_cond,acc_type,on_off_rd,two_veh,day_week,dr_drink,dr_drug,ped_drink,ped_drug,speed,dr_under21,dr_under25,dr_over55,dr_over64,electrical,emer_veh,stop_sign,yield_sign,czone,hazmat,aggressive,cell_phone,texting,veh_defect,school_bus,truck,motorcycle,atv,pickup,cmv,gps_lat,gps_long,severity_fatal,acc_date,acc_time,narrative
1269613,3190012556,Missouri State Highway Patrol-Troop C,1558310400000,190277648,2,0,1,1,Personal Injury,JEFFERSON,NON-CITY OR UNINCORPORATED,C,1,1,0,1584,0.3,B ,N,MO 21,CRD MOTHERSHEAD RD,Dark-Unlighted,Overturn,1,,Mon     ,0,0,0,0,0,0,0,0,0,0,0,0,0,0,0,0,0,0,1,0,0,1,0,0,0,38.11629,-90.60293,0,05/20/2019,00:10:00,"VEHICLE 1 WAS TRAVELING NORTHBOUND ON ROUTE 21. THE FRONT TIRE BLEW OUT ON VEHICLE 1, CAUSING IT TO OVERTURN, EJECTING DRIVER 1 AND PASSENGER 1. ASSISTED BY CPL. A. R. FLANNERY (551)."
1324655,3190012848,Missouri State Highway Patrol-Troop G,1558310400000,190277787,2,0,2,0,Personal Injury,HOWELL,NON-CITY OR UNINCORPORATED,G,1,1,0,1071,0.2,A ,E ,MO 142,CRD 6430,Daylight,Overturn,2,,Mon     ,0,0,0,0,0,0,0,0,0,0,0,0,0,0,0,1,0,0,0,0,0,0,0,0,0,36.52026,-91.92352,0,05/20/2019,06:55:00,VEHICLE #1 RAN OFF RIGHT SIDE OF ROADWAY AND OVERTURNED.
828648,3190013744,Missouri State Highway Patrol-Troop A,1558310400000,190277825,2,0,2,0,Personal Injury,CLAY,KANSAS CITY,A,4,4,0,118,0.02,A ,S ,IS 435,ERM SOUTH IS 435 MILE 554,Daylight,Motor Vehicle in Transport,1,61,Mon     ,0,0,0,0,0,0,0,1,0,0,0,0,0,1,0,1,0,0,0,0,0,0,0,0,0,39.16305,-94.49581,0,05/20/2019,07:15:00,"CRASH OCCURRED AS ALL 4 VEHICLES WERE SOUTHBOUND ON I-35. VEHICLES 2,3 AND 4 CAME TO A COMPLETE STOP. VEHICLE 1 STRUCK THE REAR OF VEHICLE 2, PUSHING IT INTO VEHICLE 3. VEHICLE 3 THEN STRUCK VEHICLE 4. ASSISTED CPL M J YODER /1231/."
1223455,3190018569,Missouri State Highway Patrol-Troop C,1558310400000,190277878,1,0,1,0,Personal Injury,JEFFERSON,NON-CITY OR UNINCORPORATED,C,2,2,0,559,0.11,B ,E ,MO 30,PVT GRAVOIS RD,Daylight,Motor Vehicle in Transport,1,64,Mon     ,0,0,0,0,0,0,0,1,0,0,0,0,0,0,0,1,0,0,0,0,0,0,0,0,0,38.37824,-90.61682,0,05/20/2019,07:44:00,VEHICLE 2 CROSSED INTO LANE 2 AND IT'S RIGHT FRONT STRUCK THE LEFT REAR OF VEHICLE 1.
840123,3190013063,Missouri State Highway Patrol-Troop A,1558310400000,190278039,1,0,0,1,Personal Injury,LAFAYETTE,NON-CITY OR UNINCORPORATED,A,1,1,0,406,0.08,A ,S ,MO 131,CRD GREENTON RD,Daylight,Fixed Object,2,,Mon     ,0,0,0,0,0,0,0,1,1,0,0,0,0,0,0,0,0,0,0,0,1,0,0,1,0,39.04661,-93.97695,0,05/20/2019,08:50:00,"CRASH OCCURRED AS VEHICLE 1 FAILED TO NEGOTIATE A CURVE AND STRUCK A UTILITY POLE, OVERCORRECTED AND STRUCK AN DITCH ON THE OPPOSITE SIDE OF THE ROADWAY. ASSISTED BY LAFAYETTE COUNTY SHERIFF'S OFFICE."
905325,3190012664,Missouri State Highway Patrol-Troop D,1558310400000,190278178,4,0,4,0,Personal Injury,CHRISTIAN,NON-CITY OR UNINCORPORATED,D,2,2,0,13,0,B ,E ,CRD ZOLLER,CRD PINE,Daylight,Motor Vehicle in Transport,1,61,Mon     ,0,0,0,0,0,1,1,1,1,0,0,1,0,0,0,0,0,0,0,0,1,0,0,1,0,37.02442,-93.55548,0,05/20/2019,09:46:00,OCCURRED VEHICLE #1 STRUCK VEHICLE #2 FROM BEHIND WHICH WAS STOPPED ON THE ROADWAY.
1223454,3190013676,Missouri State Highway Patrol-Troop C,1558310400000,190278299,1,0,1,0,Personal Injury,JEFFERSON,NON-CITY OR UNINCORPORATED,C,1,1,0,3168,0.6,B ,S ,CRD LYNCH RD,PVT DUBLIN DR,Daylight,Overturn,1,,Mon     ,0,0,0,0,1,0,0,1,1,0,0,0,0,0,0,1,0,0,0,0,0,1,0,0,0,38.40391,-90.66516,0,05/20/2019,10:40:00,VEHICLE 1 WAS TRAVELING SOUTHBOUND AND OVERTURNED.
921216,3190013018,Missouri State Highway Patrol-Troop D,1558310400000,190278360,1,0,1,0,Personal Injury,LAWRENCE,NON-CITY OR UNINCORPORATED,D,1,1,0,10,0,A ,S ,MO 39,CRD 2082,Daylight,Fixed Object,2,,Mon     ,0,0,0,0,0,0,0,0,0,0,0,0,0,0,0,0,0,0,0,0,0,0,0,0,0,37.15644,-93.83972,0,05/20/2019,11:00:00,DVR #1 SUFFERRED A MEDICAL EPISODE CAUSING VEH #1 TO TRAVEL OFF THE ROADWAY AND STRIKE A DRIVEWAY AND A DITCH.
1148763,3190013151,Missouri State Highway Patrol-Troop E,1558310400000,190278498,1,0,1,0,Personal Injury,STODDARD,NON-CITY OR UNINCORPORATED,E,1,1,0,755,0.14,B ,E ,RT AF,CRD KNOLLWOOD ESTATES,Daylight,Overturn,2,,Mon     ,0,0,0,0,0,1,1,0,0,0,0,0,0,0,0,1,0,0,0,0,0,0,0,0,0,36.77929,-89.96236,0,05/20/2019,12:08:00,CRASH OCCURRED AS VEHICLE ONE RAN OFF THE RIGHT SIDE OF THE ROADWAY AND OVERTURNED.
1231715,3190013442,Missouri State Highway Patrol-Troop C,1558310400000,190278682,3,0,3,0,Personal Injury,LINCOLN,NON-CITY OR UNINCORPORATED,C,2,2,0,902,0.17,A ,E ,RT C,BRIDGE X0351,Daylight,Motor Vehicle in Transport,1,62,Mon     ,0,0,0,0,0,0,0,0,0,0,0,0,0,0,0,1,0,0,0,0,1,0,0,0,1,38.94254,-90.83756,0,05/20/2019,13:27:00,VEHICLE 1 WAS TRAVELING EASTBOUND AND VEHICLE 2 WAS TRAVELING WESTBOUND - VEHICLE 2 CROSSED THE CENTER LINE AND STRUCK THE SIDE OF VEHICLE 1.
1509477,3190012948,Missouri State Highway Patrol-Troop H,1558310400000,190278790,1,0,1,0,Personal Injury,NODAWAY,NON-CITY OR UNINCORPORATED,H,1,1,0,3695,0.7,B ,S ,US 71,RT U,Daylight,Animal,1,,Mon     ,0,0,0,0,0,0,1,0,0,0,0,0,0,0,0,0,0,0,0,0,0,0,0,0,0,40.2686,-94.86684,0,05/20/2019,14:10:00,VEHICLE 1 WAS SOUTHBOUND ON US 71 AND STRUCK A DEER.  VEHICLE 1 CAME TO REST FACING SOUTHBOUND IN THE PASSING LANE OF US 71.  ASSISTED BY CVO K.L. SHEWEY (W066).
794202,3190013044,Missouri State Highway Patrol-Troop A,1558310400000,190278869,1,0,1,0,Personal Injury,CASS,NON-CITY OR UNINCORPORATED,A,1,1,0,339,0.06,B ,E ,RT B,CRD RUSH,Daylight,Overturn,1,,Mon     ,0,0,0,0,0,1,1,0,0,0,0,0,0,0,0,1,0,0,0,0,0,1,0,0,0,38.48486,-94.25766,0,05/20/2019,14:50:00,"THE CRASH OCCURRED WHEN VEHICLE #2 SLOWED FOR A RURAL MAIL CARRIER IT WAS FOLLOWING, AND CHANGED LANES TO ALERT FOLLOWING TRAFFIC AS IT OVERTOOK THE MAIL CARRIER. THE MAIL CARRIER TURNED INTO A PRIVATE DRIVE, AND VEHICLE #1, QUICKLY OVERTAKING VEHICLE #2, TRAVELED OFF THE RIGHT SIDE OF THE ROADWAY, OVERCORRECTED, AND RETURNED TO THE ROADWAY. VEHICLE #1 ENTERED A SKID AND STRUCK THE GROUND. DRIVER #1 WAS EJECTED FROM THE MOTORCYCLE AND SLID TO FINAL REST, WITH THE MOTORCYCLE. VEHICLE #2 CAME TO A CONTROLLED STOP AND WAS NOT STRUCK.   ASSISTED BY TPR. D.A. JONES /854/."
1138772,3190012705,Missouri State Highway Patrol-Troop E,1558310400000,190278907,1,0,0,1,Personal Injury,CAPE GIRARDEAU,DELTA,E,2,2,0,0,0,AT,N,MO 25,CST SPENCER STREET,Daylight,Motor Vehicle in Transport,1,64,Mon     ,0,0,0,0,0,1,1,1,0,0,0,0,0,0,0,1,0,0,0,0,1,0,0,1,0,37.19684,-89.73226,0,05/20/2019,15:07:00,CRASH OCCURRED AS VEHICLE 1 TURNED LEFT IN FRONT OF VEHICLE 2.
1502142,3190012666,Missouri State Highway Patrol-Troop H,1558310400000,190279042,2,0,2,0,Personal Injury,ANDREW,NON-CITY OR UNINCORPORATED,H,2,2,0,195,0.04,B ,N,US 169,CRD BROOKWOOD WAY,Daylight,Motor Vehicle in Transport,1,61,Mon     ,0,0,0,0,0,0,0,1,0,0,0,0,0,0,0,1,0,0,0,0,1,0,0,1,0,39.83022,-94.7963,0,05/20/2019,16:00:00,VEHICLE 1 AND VEHICLE 2 WERE BOTH NORTHBOUND ON US 169.  VEHICLE 2 HAD SLOWED AND STOPPED IN TRAFFIC.  VEHICLE 1 FAILED TO STOP AND STRUCK VEHICLE 2 IN THE REAR.  VEHICLE 2 TRAVELED OFF OF THE EAST SIDE OF THE ROADWAY AND CAME TO REST FACING NORTHBOUND.  VEHICLE 1 CAME TO REST PARTIALLY IN THE NORTHBOUND LANE OF TRAFFIC.  ASSISTED BY ANDREW COUNTY SHERIFF'S DEPARTMENT.
1155898,3190012769,Missouri State Highway Patrol-Troop E,1558310400000,190279265,1,0,0,1,Personal Injury,SCOTT,NON-CITY OR UNINCORPORATED,E,2,2,0,960,0.18,B ,S ,US 61,CRD 450,Daylight,Motor Vehicle in Transport,1,64,Mon     ,1,0,0,0,0,0,0,0,0,0,0,0,0,0,0,1,0,0,0,0,1,0,0,1,1,36.9566,-89.6184,0,05/20/2019,17:35:00,"CRASH OCCURRED AS VEHICLE 1 WAS ATTEMPTING TO PASS VEHICLE 2, AS VEHICLE 2 WAS ATTEMPTING TO MAKE A LEFT TURN. VEHICLE 1 STRUCK VEHICLE 2."
990429,3190013314,Missouri State Highway Patrol-Troop D,1558310400000,190279602,1,0,1,0,Personal Injury,NEWTON,NON-CITY OR UNINCORPORATED,D,1,1,0,105,0.02,A ,N,CRD WALLABY RD,CRD JOLLY MILL RD,Dark-Unlighted,Fixed Object,2,,Mon     ,0,0,0,0,1,0,0,0,0,0,0,0,0,0,0,1,0,0,0,0,0,0,0,0,0,36.89383,-94.08259,0,05/20/2019,21:40:00,"VEHICLE #1 WAS SOUTHBOUND ON WALLABY ROAD, FAILED TO NEGOTIATE A TURN ON TO JOLLY MILL ROAD, TRAVELED OFF THE ROADWAY AND INTO THE TREES."
1223477,3190014206,Missouri State Highway Patrol-Troop C,1558310400000,190279658,1,0,1,0,Personal Injury,JEFFERSON,NON-CITY OR UNINCORPORATED,C,2,2,Y,26,0,A ,S ,CRD ANTIRE RD,PVT SUNSHINE DR SJ,Dark-Lighted,Motor Vehicle in Transport,1,60,Mon     ,0,0,0,0,0,0,0,0,0,0,0,0,0,0,0,1,0,0,0,0,1,0,0,1,0,38.46419,-90.54151,0,05/20/2019,22:27:00,"VEHICLE 1 WAS TRAVELING NORTHBOUND ON ANTIRE ROAD AND CROSSED INTO THE SOUTHBOUND LANE, STRIKING VEHICLE 2. HEAD-ON. ASSISTED BY CPL. J. A. ASHBY (234), TPR. M. T. MCCOY (878) AND TPR. B. C. BRIDGES (723)."
1164865,3190013105,Missouri State Highway Patrol-Troop F,1558310400000,190279674,2,0,1,1,Personal Injury,BOONE,NON-CITY OR UNINCORPORATED,F,3,3,0,543,0.1,A ,W ,IS 70,BRIDGE L0962,Dark-Unlighted,Fixed Object,2,,Mon     ,0,0,0,0,1,0,0,0,0,0,0,0,0,0,0,1,0,0,0,0,0,0,0,0,1,38.96022,-92.54433,0,05/20/2019,22:50:00,"OCCURRED AS VEHICLE 1 HYDROPLANED, STRUCK THE CENTER BRIDGE WALL AND WAS THEN STRUCK BY VEHICLE 2, THEN STRUCK BY VEHICLE 3.  ASSISTED BY TPR. B. L. HARRIS (700), SGT. S. A. BALLARD (127) AND CPL. Z. A. CZERNIEWSKI (461)"
990427,3190013102,Missouri State Highway Patrol-Troop D,1558396800000,190279791,1,0,1,0,Personal Injury,NEWTON,NON-CITY OR UNINCORPORATED,D,1,1,0,190,0.04,A ,W ,BU 60,CRD KENTUCKY ROAD,Dark-Unlighted,Overturn,2,,Tue     ,0,0,0,0,0,0,1,0,0,0,0,0,0,0,0,0,0,0,0,0,0,0,0,0,0,36.89006,-94.36961,0,05/21/2019,03:50:00,"ACCIDENT OCCURRED AS VEHICLE #1 LOST CONTROL, SLID OFF THE RIGHT SIDE OF ROADWAY, AND OVERTURNED."
921215,3190013020,Missouri State Highway Patrol-Troop D,1558396800000,190279814,1,0,1,0,Personal Injury,LAWRENCE,NON-CITY OR UNINCORPORATED,D,1,1,0,392,0.07,A ,S ,MO 97,BRIDGE S0987,Daylight,Animal,1,,Tue     ,0,0,0,0,0,0,0,1,0,0,0,0,0,0,0,0,0,0,0,0,0,0,0,0,0,36.9827,-93.99789,0,05/21/2019,05:50:00,ACCIDENT OCCURRED AS VEHICLE #1 STRUCK A DEER
1194956,3190012957,Missouri State Highway Patrol-Troop F,1558396800000,190279876,1,0,1,0,Personal Injury,CALLAWAY,NON-CITY OR UNINCORPORATED,F,1,1,0,4752,0.9,B ,S ,RT CC,CRD 449,Daylight,Fixed Object,2,,Tue     ,0,0,0,0,1,1,1,0,0,0,0,0,0,0,0,1,0,0,0,0,0,0,0,0,0,38.7515,-91.81678,0,05/21/2019,07:00:00,"OCCURRED AS VEHICLE 1 FAILED TO NEGOTIATE A CURVE, TRAVELED OFF THE ROADWAY AND STRUCK A TREE."
1286514,3190014797,Missouri State Highway Patrol-Troop C,1558396800000,190279901,2,0,2,0,Personal Injury,ST. FRANCOIS,NON-CITY OR UNINCORPORATED,C,2,2,0,728,0.14,B ,W ,CRD OLD CADET RD,CRD RINGER RD,Daylight,Motor Vehicle in Transport,1,60,Tue     ,0,0,0,0,1,1,1,0,0,0,0,0,0,0,0,1,0,0,0,0,1,0,0,0,1,37.9437,-90.5863,0,05/21/2019,07:30:00,VEHICLE 1 WAS TRAVELING NORTHBOUND. VEHICLE 2 WAS TRAVELING SOUTHBOUND. VEHICLE 1 WAS TRAVELING TOO FAST FOR ROAD CONDITIONS AND CROSSED INTO THE PATH OF VEHICLE 2. THE FRONT OF VEHICLE 1 STRUCK THE FRONT OF VEHICLE 2. IMPACT CAUSED VEHICLE 1 TO ROLL BACKWARDS AND OVERTURN INTO THE DITCH. ASSISTED BY D.M. DOOLEY (301)
880197,3190012865,Missouri State Highway Patrol-Troop A,1558396800000,190279926,1,0,1,0,Personal Injury,JACKSON,INDEPENDENCE,A,1,1,0,1056,0.2,B ,W ,RT FF,CRD S VAN DYKE RD,Daylight,Fixed Object,2,,Tue     ,0,1,0,0,0,1,1,0,0,0,0,0,0,0,0,0,0,0,0,0,0,0,0,0,0,39.08047,-94.22025,0,05/21/2019,07:15:00,CRASH OCCURRED AS VEHICLE 1 TRAVELED OFF THE LEFT SIDE OF THE ROAD STRUCK A GROUP OF TREES AND THE EMBANKMENT BEFORE COMING TO REST.
1500318,3190012869,Missouri State Highway Patrol-Troop H,1558396800000,190279963,1,0,1,0,Personal Injury,CLINTON,NON-CITY OR UNINCORPORATED,H,1,1,0,976,0.18,B ,E ,RT H,CRD NE CROWLEY CORNER RD,Daylight,Fixed Object,2,,Tue     ,0,0,0,0,1,0,0,1,1,0,0,0,0,0,0,1,0,0,0,0,0,0,0,0,0,39.63893,-94.36889,0,05/21/2019,08:00:00,OCCURRED AS NR1 WAS WESTBOUND. NR1 HYDROPLANED WENT ACROSS AND OFF THE LEFT SIDE OF THE ROADWAY. NR1 STRUCK A FENCE AND POWER POLE COMING TO REST OFF THE SOUTH SIDE OF THE ROADWAY. ASSISTED BY SO CLINTON CO AND LATHROP FIRE.
1336418,3190012845,Missouri State Highway Patrol-Troop G,1558396800000,190279965,1,0,1,0,Personal Injury,HOWELL,NON-CITY OR UNINCORPORATED,G,1,1,0,1330,0.25,B ,W ,CRD 8800,CRD 8530,Dark-Unlighted,Fixed Object,2,,Unk     ,,,,,,0,0,0,0,0,0,0,0,0,0,,0,0,,0,0,0,0,0,0,36.66875,-91.82952,0,05/21/2019,00:00:00,OCCURRED AS VEHICLE 1 RAN OFF THE LEFT SIDE OF THE ROADWAY AND STRUCK A TREE.
1148765,3190013315,Missouri State Highway Patrol-Troop E,1558396800000,190280072,1,0,1,0,Personal Injury,STODDARD,NON-CITY OR UNINCORPORATED,E,1,1,0,2640,0.5,A ,S ,MO 25,CRD 632,Daylight,Fixed Object,2,,Tue     ,0,0,0,0,0,0,1,0,0,0,0,0,0,0,0,1,0,0,0,0,0,0,0,0,0,36.75259,-89.96455,0,05/21/2019,09:18:00,CRASH OCCURRED AS VEHICLE ONE TRAVELED OFF RIGHT SIDE OF ROADWAY STRIKING DRIVEWAY AND OVERTURNED
1264657,3190013808,Missouri State Highway Patrol-Troop C,1558396800000,190280225,1,0,1,0,Personal Injury,ST. CHARLES,NON-CITY OR UNINCORPORATED,C,2,2,0,530,0.1,A ,E ,IS 70,ERM EAST IS 70 MILE 2300,Daylight,Motor Vehicle in Transport,1,63,Tue     ,0,0,0,0,0,0,0,1,1,0,0,0,0,0,0,0,0,0,1,0,0,0,0,0,0,38.76486,-90.48453,0,05/21/2019,10:45:00,"VEHICLE #2 WAS STOPPED IN THE RIGHT LANE OF EASTBOUND INTERSTATE 70, DUE TO A VEHICLE MALFUNCTION.  DRIVER #1 FAILED TO NOTICE VEHICLE #2 AND THE RIGHT SIDE OF VEHICLE #1 STRUCK THE LEFT SIDE OF VEHICLE #2. CPL. K. L. HAMMERLING #1242  /  TPR. K. D. HOUSE #931"
910355,3190014389,Missouri State Highway Patrol-Troop D,1558396800000,190280291,0,2,0,0,Fatal,GREENE,NON-CITY OR UNINCORPORATED,D,2,2,0,200,0.04,A ,E ,US 160,CRD 123,Daylight,Motor Vehicle in Transport,1,61,Tue     ,0,0,0,0,1,0,1,0,0,0,0,0,0,0,0,1,0,0,0,0,0,0,0,0,1,37.25624,-93.3635,1,05/21/2019,11:26:00,"FATALITY REPORT-NEXT OF KIN NOTIFIED-THESE ARE TROOP D'S 35TH AND 36TH FATALITIES FOR 2019.  BOTH WERE PRONOUNCED AT THE SCENE AT 1126 HOURS BY GREENE COUNTY MEDICAL EXAMINER TOM VAN DE BERG.  VEHICLE #1 SKIDDED ACROSS THE CENTER OF THE ROADWAY AND STRUCK VEHICLE #2.  BOTH VEHICLES THEN TRAVELED OFF THE SOUTH SIDE OF THE ROADWAY.  AS REQUIRED BY LAW, THE SURVIVING DRIVER WAS TESTED FOR ALCOHOL."
1223476,3190013657,Missouri State Highway Patrol-Troop C,1558396800000,190280450,1,0,1,0,Personal Injury,JEFFERSON,NON-CITY OR UNINCORPORATED,C,1,1,0,369,0.07,A ,N,CRD MONTEBELLO RD,PVT CHIMNEY ROCK,Daylight,Fixed Object,2,,Tue     ,0,0,0,0,0,0,0,0,0,0,0,0,0,0,0,0,0,0,0,0,0,0,0,0,0,38.37465,-90.36511,0,05/21/2019,13:20:00,"DRIVER #1 SWERVED RIGHT TO AVOID A DEER. THE FRONT OF VEHICLE #1 STRUCK A FENCE, A SMALL TREE, AND AN UTILITY POLE."
1036863,3190013680,Missouri State Highway Patrol-Troop I,1558396800000,190280517,1,0,1,0,Personal Injury,PHELPS,NON-CITY OR UNINCORPORATED,I,2,2,0,4224,0.8,A ,N,CRD 2030,CRD 2050,Daylight,Motor Vehicle in Transport,1,60,Tue     ,0,0,0,0,0,0,1,1,1,0,0,0,0,0,0,1,0,0,0,0,1,0,0,1,0,37.9922,-91.75345,0,05/21/2019,14:00:00,"OCCURRED AS VEHICLE 1 TRAVELED INTO THE PATH OF VEHICLE 2 IN A CURVE, AND VEHICLE 1 STRUCK VEHICLE 2 HEAD ON."
1304581,3190012873,Missouri State Highway Patrol-Troop C,1558396800000,190280543,1,0,1,0,Personal Injury,WARREN,INNSBROOK,C,1,1,0,0,0,AT,S ,RT F,CRD HWY F,Daylight,Fixed Object,2,,Tue     ,0,0,0,0,0,1,1,0,0,0,0,0,0,0,0,1,0,0,0,0,0,0,0,0,0,38.75973,-91.04474,0,05/21/2019,14:15:00,"VEHICLE 1 CROSSED OVER CENTER LINE AND SWERVED TO THE RIGHT, RUNNING OFF THE RIGHT SIDE OF THE ROADWAY AND STRUCK A TREE."
840192,3190013041,Missouri State Highway Patrol-Troop A,1558396800000,190280574,1,0,1,0,Personal Injury,LAFAYETTE,NON-CITY OR UNINCORPORATED,A,1,1,0,0,0,AT,W ,IS 70,ERM WEST IS 70 MILE 438,Daylight,Fixed Object,2,,Tue     ,0,0,0,0,1,0,0,1,0,0,0,0,0,0,0,1,0,0,0,0,0,0,0,0,0,39.00375,-93.83571,0,05/21/2019,14:20:00,"CRASH OCCURRED AS VEHICLE 1 LOST CONTROL, TRAVELED OFF THE ROADWAY AND STRUCK AN EMBANKMENT. ASSISTED BY MSGT C.G. DUNFEE /825/"
941878,3190013083,Missouri State Highway Patrol-Troop D,1558396800000,190280631,3,0,3,0,Personal Injury,DALLAS,NON-CITY OR UNINCORPORATED,D,2,2,0,528,0.1,A ,N,US 65,RT AA NJ,Daylight,Motor Vehicle in Transport,1,64,Tue     ,0,0,0,0,0,0,0,1,1,0,0,0,0,0,0,1,0,0,0,0,0,0,0,0,0,37.42406,-93.14501,0,05/21/2019,15:00:00,OCCURRED AS VEH1 STRUCK THE REAR OF VEH2.
1044890,3190012761,Missouri State Highway Patrol-Troop I,1558396800000,190280771,1,0,1,0,Personal Injury,LACLEDE,NON-CITY OR UNINCORPORATED,I,2,2,0,311,0.06,A ,W ,IS 44,ERM WEST IS 44 MILE 1324,Daylight,Motor Vehicle in Transport,1,64,Tue     ,0,0,0,0,0,0,0,0,0,0,0,0,0,0,0,1,0,0,0,0,1,0,0,1,0,37.70854,-92.61749,0,05/21/2019,16:21:00,"CRASH OCCURRED AS VEHICLE 1 CROSSED THE CENTER OF THE ROADWAY, STRIKING VEHICLE 2. VEHICLE 1 THEN LEFT THE ROADWAY, STRIKING A TREE AND OVERTURNING. ASSISTED BY TPR G S SLOAN (1403)"
787836,3190013605,Missouri State Highway Patrol-Troop A,1558396800000,190280839,1,0,1,0,Personal Injury,HENRY,NON-CITY OR UNINCORPORATED,A,1,1,Y,15,0,B ,S ,RT Y,CRD NE 400,Daylight,Fixed Object,2,,Tue     ,0,0,0,0,1,1,1,0,0,0,0,0,0,0,0,1,0,0,0,0,1,0,0,0,1,38.41753,-93.54117,0,05/21/2019,16:54:00,OCCURRED AS VEHICLE LOST CONTROL AND RAN OFF THE ROADWAY INTO THE WATER.
958960,3190012893,Missouri State Highway Patrol-Troop D,1558396800000,190280882,1,0,1,0,Personal Injury,TANEY,NON-CITY OR UNINCORPORATED,D,1,1,0,1510,0.29,A ,E ,RT W,CRD CANEY CREEK RD,Daylight,Fixed Object,2,,Tue     ,0,0,0,0,1,1,1,0,0,0,0,0,0,0,0,1,0,0,0,0,1,0,0,1,1,36.79342,-92.81637,0,05/21/2019,17:10:00,OCCURRED AS VEH1 RAN OFF ROADWAY AND STRUCK AN EMBANKMENT.
1508908,3190013433,Missouri State Highway Patrol-Troop H,1558396800000,190280911,1,0,1,0,Personal Injury,HOLT,NON-CITY OR UNINCORPORATED,H,1,1,0,306,0.06,B ,N,US 59,RT Y,Daylight,Fixed Object,2,,Tue     ,0,0,0,0,0,0,0,0,0,0,0,0,0,0,0,1,0,0,0,0,0,0,0,0,0,39.96851,-95.04784,0,05/21/2019,17:24:00,"CRASH OCCURRED AS VEH 1 WAS WESTBOUND ON US-59. DRIVER OF VEH 1 FAILED TO NEGOTIATE A CURVE AND VEH 1 TRAVELED OFF THE NORTH SIDE OF THE ROADWAY, CONTINUED WEST THROUGH A DITCH AND STRUCK AN EMBANKMENT. VEH 1 CAME TO REST ON ITS WHEELS FACING WEST OFF THE NORTH SIDE OF THE ROADWAY. ASSISTED BY HOLT COUNTY SHERIFF'S OFFICE AND SOUTH HOLT FIRST RESPONDERS."
1333381,3190013533,Missouri State Highway Patrol-Troop G,1558396800000,190281032,2,0,2,0,Personal Injury,CARTER,NON-CITY OR UNINCORPORATED,G,1,1,0,52,0.01,B ,E ,US 60,CRD 205,Dark-Lighted,Fixed Object,2,,Tue     ,0,0,0,0,1,0,0,0,0,0,0,0,0,0,0,1,0,0,0,0,0,0,0,0,0,37.01325,-90.90908,0,05/21/2019,18:15:00,ACCIDENT OCCURRED AS EASTBOUND VEHICLE #1 HYDROPLANED OFF THE RIGHT SIDE OF ROADWAY AND STRUCK A GUARD RAIL.  APPROXIMATELY 5 FEET OF GUARD RAIL DAMAGED IN TWO DIFFERENT AREAS.      ASSISTED BY TPR C.C.MCCOY(1338).
1032380,3190015510,Missouri State Highway Patrol-Troop I,1558396800000,190281050,2,1,1,1,Fatal,PULASKI,NON-CITY OR UNINCORPORATED,I,1,1,0,445,0.08,A ,N,RT U,CRD BRUSH LANE,Daylight,Fixed Object,2,,Tue     ,1,0,0,0,1,0,0,0,0,0,0,0,0,0,0,1,0,0,0,0,1,0,0,1,0,38.00559,-92.38528,1,05/21/2019,18:00:00,FATALITY CRASH OCCURRED AS VEHICLE 1 TRAVELED OFF THE RIGHT SIDE OF THE ROAD AND STRUCK A TREE. THE VICTIM WAS PRONOUNCED DECEASED AT 2015 HOURS AT THE SCENE BY PULASKI COUNTY DEPUTY CORONER RICK SMITH. THIS IS TROOP I'S SECOND FATALITY FOR MAY AND THE 10TH FOR 2019. NEXT OF KIN HAS BEEN NOTIFIED.
1223478,3190014203,Missouri State Highway Patrol-Troop C,1558396800000,190281278,1,0,1,0,Personal Injury,JEFFERSON,NON-CITY OR UNINCORPORATED,C,2,2,0,132,0.02,B ,S ,MO 21,BRIDGE A6057,Dark-Unlighted,Motor Vehicle in Transport,1,60,Tue     ,0,0,0,0,0,0,0,0,0,0,0,0,0,0,0,0,0,0,1,0,0,0,0,0,0,38.32917,-90.50927,0,05/21/2019,20:37:00,VEHICLE 2 WAS STALLED IN THE LANES OF TRAFFIC AND WAS STRUCK BY VEHICLE 1.
988843,3190012897,Missouri State Highway Patrol-Troop D,1558483200000,190281655,2,0,2,0,Personal Injury,JASPER,NON-CITY OR UNINCORPORATED,D,2,2,0,0,0,AT,W ,MO 66,CRD BLACKCAT ROAD,Daylight,Motor Vehicle in Transport,1,64,Wed     ,0,0,0,0,0,0,1,1,1,0,0,0,1,0,0,1,0,0,0,0,1,0,0,1,0,37.08509,-94.56691,0,05/22/2019,08:05:00,THIS CRASH OCCURRED AS  VEHICLE #2 FAILED TO YIELD TO VEHICLE #1 AND THE TWO COLLIDED IN THE INTERSECTION.  VEHICLE #1 CAME TO REST IN ITS LANE AND VEHICLE #2 CAME TO REST IN THE MEDIAN.
1020464,3190012725,Missouri State Highway Patrol-Troop D,1558483200000,190281754,1,0,1,0,Personal Injury,HICKORY,WHEATLAND,D,2,2,0,345,0.07,B ,W ,US 54,RT B,Daylight,Motor Vehicle in Transport,1,61,Wed     ,0,0,0,0,1,1,1,0,0,0,0,0,0,0,0,1,0,0,0,0,0,0,0,0,0,37.94625,-93.40034,0,05/22/2019,08:50:00,CRASH OCCURRED AS BOTH VEHICLES WERE WESTBOUND ON U.S. 54. VEHICLE #2 SLOWED TO MAKE A TURN AND VEHICLE #1 STRUCK THE REAR OF VEHICLE #2.