objectid,accident,agency,inv_date,complaint,injured,killed,min_inj,dis_inj,severity,county,city,troop,no_vehicle,motor_veh,left_scene,dist_feet,dist_mile,inter_loc,direction,on_street,at_street,light_cond,acc_type,on_off_rd,two_veh,day_week,dr_drink,dr_drug,ped_drink,ped_drug,speed,dr_under21,dr_under25,dr_over55,dr_over64,electrical,emer_veh,stop_sign,yield_sign,czone,hazmat,aggressive,cell_phone,texting,veh_defect,school_bus,truck,motorcycle,atv,pickup,cmv,gps_lat,gps_long,severity_fatal,acc_date,acc_time,narrative
1148766,3190013098,Missouri State Highway Patrol-Troop E,1558483200000,190281913,3,0,3,0,Personal Injury,STODDARD,NON-CITY OR UNINCORPORATED,E,2,2,0,0,0,AT,W ,MO 114,MO 153,Daylight,Motor Vehicle in Transport,1,64,Wed     ,0,0,0,0,0,0,0,1,0,1,0,1,0,0,0,1,0,0,0,0,1,0,0,1,0,36.81897,-89.80772,0,05/22/2019,09:53:00,"CRASH OCCURRED AS VEH 1 PULLED INTO THE PATH OF VEH 2, CAUSING VEH 2 TO OVERTURN."
1322420,3190013421,Missouri State Highway Patrol-Troop G,1558483200000,190282100,1,0,1,0,Personal Injury,TEXAS,NON-CITY OR UNINCORPORATED,G,2,2,0,1161,0.22,A ,S ,MO 137,CRD VOLLMAR DR,Daylight,Motor Vehicle in Transport,1,62,Wed     ,0,0,0,0,0,0,0,0,0,0,0,0,0,0,0,1,0,0,0,0,0,0,0,0,1,37.37464,-91.81812,0,05/22/2019,11:10:00,CRASH OCCURRED AS  VEHICLES MET ON A HILL CREST VEHICLE ONE CROSSED THE CENTERLINE AND SIDE SWIPED VEHICLE TWO
1322421,3190013344,Missouri State Highway Patrol-Troop G,1558483200000,190282126,1,0,0,1,Personal Injury,TEXAS,NON-CITY OR UNINCORPORATED,G,1,1,0,5808,1.1,A ,W ,RT AD,CRD ONYX CAVE RD,Daylight,Overturn,2,,Wed     ,0,0,0,0,1,0,0,1,0,0,0,0,0,0,0,1,0,0,0,0,0,1,0,0,0,37.10999,-92.15634,0,05/22/2019,11:15:00,"ACCIDENT OCCURRED AS VEHICLE #1 DROVE THRU LOOSE GRAVEL ON THE ROADWAY, LOST CONTROL, RAN OFF THE ROADWAY AND OVERTURNED EJECTING THE DRIVER"
1317862,3190013132,Missouri State Highway Patrol-Troop G,1558483200000,190282163,1,0,1,0,Personal Injury,OZARK,NON-CITY OR UNINCORPORATED,G,1,1,0,2180,0.41,A ,W ,US 160,CRD 607,Daylight,Fixed Object,2,,Wed     ,0,0,0,0,0,0,0,0,0,0,0,0,0,0,0,1,0,0,0,0,0,0,0,0,0,36.58655,-92.5551,0,05/22/2019,11:40:00,"OCCURRED AS VEHICLE TRAVELED OFF THE RIGHT SIDE OF THE ROADWAY, RETURNED TO THE ROADWAY, WENT OFF THE LEFT SIDE OF THE ROADWAY, AND STRUCK A ROCK BLUFF."
1055758,3190013236,Missouri State Highway Patrol-Troop I,1558483200000,190282318,1,0,1,0,Personal Injury,CRAWFORD,BOURBON,I,2,2,0,105,0.02,B ,W ,NOR 44,RT J WJ,Daylight,Motor Vehicle in Transport,1,64,Wed     ,0,0,0,0,0,1,1,0,0,0,0,1,0,0,0,0,0,0,0,0,1,0,0,1,0,38.15511,-91.25193,0,05/22/2019,12:55:00,"CRASH OCCURRED AS VEHICLE 1 WAS MAKING A RIGHT TURN, CROSSED THE CENTER LINE AND STRUCK VEHICLE 2."
1173906,3190013178,Missouri State Highway Patrol-Troop F,1558483200000,190282366,1,0,1,0,Personal Injury,BOONE,ASHLAND,F,2,2,0,1562,0.3,B ,S ,US 63,CO US63S TO US63N,Daylight,Motor Vehicle in Transport,1,61,Wed     ,0,0,0,0,0,0,0,1,0,0,0,0,0,0,0,0,0,0,0,0,1,0,0,1,1,38.7539,-92.2533,0,05/22/2019,13:17:00,BOTH VEHICLES WERE SOUTHBOUND ON US 63. VEHICLE 2 WAS OPERATING AS A WARNING VEHICLE DUE TO SLOW MOVING VEHICLE AHEAD. VEHICLE 1 STRUCK REAR OF VEHICLE 2. ASSISTED BY SGT M. T. HALFORD (509)
1187549,3190014772,Missouri State Highway Patrol-Troop B,1558483200000,190282426,2,0,2,0,Personal Injury,MARION,NON-CITY OR UNINCORPORATED,B,1,1,0,74,0.01,B ,E ,US 24,BRIDGE A3150,Daylight,Fixed Object,2,,Wed     ,0,0,0,0,0,0,0,1,0,0,0,0,0,1,0,1,0,0,0,0,1,0,0,1,0,39.93061,-91.52281,0,05/22/2019,13:30:00,VEHICLE 1 NORTHBOUND IN A CLOSED LA NE DUE TO CONSTRUCTION AND DROVE INTO A HOLE CUT INTO THE ROAD FOR REPAIR.
958961,3190012858,Missouri State Highway Patrol-Troop D,1558483200000,190282556,1,0,0,1,Personal Injury,TANEY,NON-CITY OR UNINCORPORATED,D,1,1,0,364,0.07,B ,E ,MO 76,CRD OLD DEADEND RD,Daylight,Overturn,2,,Wed     ,0,0,0,0,0,0,0,0,0,0,0,0,0,0,0,0,0,0,1,0,0,1,0,0,0,36.70289,-93.04983,0,05/22/2019,14:32:00,VEHICLE #1 SLID OFF THE ROADWAY AND OVERTURNED
1219867,3190012927,Missouri State Highway Patrol-Troop C,1558483200000,190282630,2,0,2,0,Personal Injury,FRANKLIN,NON-CITY OR UNINCORPORATED,C,1,1,0,250,0.05,B ,E ,IS 44,ERM EAST IS 44 MILE 2538,Daylight,Overturn,1,,Wed     ,0,0,0,0,0,0,0,0,0,0,0,0,0,0,0,0,0,0,1,0,0,1,0,0,0,38.48427,-90.81856,0,05/22/2019,15:05:00,VEHICLE 1 LOST CONTROL ON THE ENTRANCE RAMP TO 44 EASTBOUND AND OVERTURNED.
988847,3190013564,Missouri State Highway Patrol-Troop D,1558483200000,190282785,1,0,0,1,Personal Injury,JASPER,NON-CITY OR UNINCORPORATED,D,2,2,0,253,0.05,B ,W ,CRD E CHESTNUT,CST CHESTNUT,Daylight,Overturn,1,,Wed     ,0,0,0,0,1,0,1,0,0,0,0,0,0,0,0,1,0,0,0,0,0,1,0,0,0,37.17274,-94.29058,0,05/22/2019,16:13:00,"CRASH OCCURRED AS VEHICLE #2 PULLED INTO PATH OF VEHICLE #1, VEHICLE #1 OVERTURNED EJECTING DRIVER #1 WHICH THEN STRUCK THE SIDE OF VEHICLE #2. ASSISTED BY CARTHAGE PD."
1194959,3190013244,Missouri State Highway Patrol-Troop F,1558483200000,190282919,1,0,1,0,Personal Injury,CALLAWAY,NON-CITY OR UNINCORPORATED,F,1,1,0,1362,0.26,B ,W ,CRD 1048,US 54,Daylight,Fixed Object,2,,Wed     ,0,0,0,0,1,1,1,0,0,0,0,0,0,0,0,1,0,0,0,0,0,0,1,0,0,39.03878,-91.88707,0,05/22/2019,17:00:00,DRIVER 1 FAILED TO NEGOTIATE A CURVE AND LOST CONTROL OF VEHICLE 1. VEHICLE 1 THEN TRAVELED OFF THE WEST SIDE OF THE ROADWAY AND STRUCK A UTILITY POLE. ASSISTED BY TPR N.A. BAX (188)
1304547,3190012872,Missouri State Highway Patrol-Troop C,1558483200000,190283014,1,0,1,0,Personal Injury,WARREN,NON-CITY OR UNINCORPORATED,C,1,1,0,3695,0.7,A ,N,RT O,CRD LINKS RD,Daylight,Fixed Object,2,,Wed     ,0,0,0,0,0,0,0,0,0,0,0,0,0,0,0,1,0,0,0,0,0,0,0,0,0,38.73415,-90.99655,0,05/22/2019,17:30:00,VEHICLE 1 WAS TRAVELING SOUTHBOUND ON ROUTE O VEHICLE 1 CROSSED CENTER LINE AND TRAVELED OFF LEFT SIDE OF THE ROADWAY STRIKING THE FRONT OF A HOUSE.
1330796,3190013338,Missouri State Highway Patrol-Troop G,1558483200000,190283048,1,0,1,0,Personal Injury,WRIGHT,NON-CITY OR UNINCORPORATED,G,1,1,0,1742,0.33,B ,N,RT U,CRD CLEAR VIEW DR,Daylight,Fixed Object,2,,Wed     ,1,0,0,0,0,0,0,0,0,0,0,0,0,0,0,0,0,0,0,0,0,0,0,0,0,37.0872,-92.57616,0,05/22/2019,17:45:00,"CRASH OCCURRED AS VEHICLE ONE TRAVELED OFF THE RIGHT SIDE OF THE ROADWAY, RETURNED TO ROAD, TRAVELED OFF RIGHT SIDE OF THE ROADWAY A SECOND TIME, STRUCK AN EMBANKMENT AND OVERTURNED."
1286512,3190015368,Missouri State Highway Patrol-Troop C,1558483200000,190283230,4,0,1,3,Personal Injury,ST. FRANCOIS,NON-CITY OR UNINCORPORATED,C,2,2,0,1161,0.22,B ,E ,MO 32,CRD GREEN RD,Daylight,Motor Vehicle in Transport,1,64,Wed     ,0,0,0,0,0,0,0,0,0,0,0,0,0,0,0,1,0,0,0,0,0,1,0,0,1,37.78072,-90.38658,0,05/22/2019,19:00:00,DRIVER 1 WAS EASTBOUND ON HWY 32 AND CAME OVER A HILL CREST AS DRIVER 2 PULLED ONTO HIGHWAY 32. THE FRONT OF VEHICLE 1 STRUCK THE FRONT LEFT OF VEHICLE 2. VEHICLE 2 TRAVELED OFF THE ROADWAY AND STRUCK A TREE.  ASSISTED BY TPR. A. J. SHIBLEY (1408).
804978,3190013727,Missouri State Highway Patrol-Troop A,1558569600000,190283629,4,0,3,1,Personal Injury,JOHNSON,NON-CITY OR UNINCORPORATED,A,1,1,0,4224,0.8,B ,W ,CRD SW 100,CRD SW 301,Dark-Unlighted,Overturn,2,,Thu     ,1,0,0,0,0,1,1,0,0,0,0,0,0,0,0,1,0,0,0,0,0,0,0,0,0,38.74768,-93.78787,0,05/23/2019,00:02:00,"CRASH OCCURRED AS VEHICLE 1 TRAVELED OFF THE NORTH SIDE OF THE ROADWAY AND OVERTURNED SEVERAL TIMES, EJECTING ONE PASSENGER. ASSISTED BY CPL J. J. CRUMP /1361/ AND JOHNSON COUNTY SHERIFF'S DEPARTMENT."
1111664,3190012808,Missouri State Highway Patrol-Troop E,1558569600000,190283742,1,0,1,0,Personal Injury,DUNKLIN,NON-CITY OR UNINCORPORATED,E,1,1,0,837,0.16,B ,S ,MO 25,CRD 410,Daylight,Fixed Object,2,,Thu     ,0,0,0,0,0,1,1,0,0,0,0,0,0,0,0,1,0,0,0,0,0,0,0,0,0,36.35201,-90.02802,0,05/23/2019,05:35:00,CRASH OCCURRED AS VEHICLE ONE TRAVELED OF THE ROADWAY STRUCK A DITCH AND OVERTURNED
969440,3190013640,Missouri State Highway Patrol-Troop D,1558569600000,190284922,1,0,1,0,Personal Injury,CEDAR,STOCKTON,D,1,1,0,945,0.18,A ,S ,MO 39,CRD 1524,Daylight,Overturn,1,,Thu     ,0,0,0,0,0,0,0,0,0,0,0,0,0,0,0,0,0,0,1,0,0,1,0,0,0,37.67297,-93.81103,0,05/23/2019,14:41:00,"NR1 HAD A TIRE BLOWOUT, OVERTURNED ON ROADWAY AND EJECTED RIDER."
1507625,3190013005,Missouri State Highway Patrol-Troop H,1558569600000,190285007,1,0,0,1,Personal Injury,GENTRY,KING CITY,H,2,2,0,623,0.12,A ,W ,RT Z,CRD SEVENTH ST,Daylight,Motor Vehicle in Transport,1,64,Thu     ,0,0,0,0,0,0,0,1,1,0,0,0,0,0,0,1,0,0,0,0,1,0,0,0,1,40.05358,-94.5142,0,05/23/2019,15:20:00,"CRASH OCCURRED AS VEH 1 WAS TRAVELING WESTBOUND ON RTE Z AND VEH 2 WAS TRAVELING NORTHBOUND. VEH 2  ENTERED THE ROADWAY INTO THE PATH OF VEH 1. VEH 1 'S FRONT DRIVER SIDE  STRUCK VEH 2'S FRONT RIGHT SIDE AND DRIVER OF VEH 2 WAS EJECTED. VEH 1 CAME TO A CONTROLLED STOP OFF THE NORTH SIDE OF THE ROADWAY FACING WEST. VEH 2 CAME TO REST IN THE CENTER OF RTE Z ON ITS WHEELS FACING NORTH. ASSISTED BY TPR. Q.R. MCCONKEY (1311), GENTRY COUNTY SHERIFF'S OFFICE, GRAND RIVER EMS, KING CITY FIRE DEPARTMENT, AND LIFE NET EAGLE."
1219845,3190014256,Missouri State Highway Patrol-Troop C,1558569600000,190285206,2,0,2,0,Personal Injury,FRANKLIN,NON-CITY OR UNINCORPORATED,C,2,2,0,0,0,AT,E ,RT T,CRD FRONT STREET,Daylight,Motor Vehicle in Transport,1,60,Thu     ,0,0,0,0,0,1,1,0,0,0,0,0,0,0,0,1,0,0,0,0,1,0,0,1,0,38.52765,-90.84872,0,05/23/2019,16:40:00,VEHICLE 1 WAS TRAVELING EASTBOUND ON ROUTE T AND VEHICLE 2 WAS TRAVELING WESTBOUND ON ROUTE T.  DRIVER 1 FAILED TO YIELD TO VEHICLE 2 AS HE WAS TURNING LEFT FROM ROUTE T ONTO FRONT STREET. DRIVER 1 SWERVED RIGHT TO AVOID THE CRASH AND DRIVER 2 SWERVED LEFT TO AVOID THE CRASH. THE FRONT OF VEHICLE 1 STRUCK THE FRONT OF VEHICLE 2.
1142578,3190012996,Missouri State Highway Patrol-Troop E,1558569600000,190285293,1,0,1,0,Personal Injury,BUTLER,NON-CITY OR UNINCORPORATED,E,1,1,0,1584,0.3,A ,W ,PVT 292 MUSIC LANE,CRD 480,Daylight,Fell/Jumped from MV,1,,Thu     ,0,0,0,0,1,0,0,0,0,0,0,0,0,0,0,1,0,0,0,0,0,0,1,0,0,36.67142,-90.52002,0,05/23/2019,17:10:00,"CRASH OCCURRED AS VEHICLE ONE LOST CONTROL, DRIVER WAS EJECTED, VEHICLE ONE CAME TO REST OFF THE ROADWAY"
1130962,3190014121,Missouri State Highway Patrol-Troop E,1558569600000,190285394,1,0,1,0,Personal Injury,CAPE GIRARDEAU,NON-CITY OR UNINCORPORATED,E,1,1,0,348,0.07,A ,S ,US 61,PVT UNKNOWN,Daylight,Fixed Object,2,,Thu     ,0,0,0,0,0,0,0,1,1,0,0,0,0,0,0,0,0,0,0,0,0,0,0,0,0,37.52224,-89.66718,0,05/23/2019,17:44:00,CRASH OCCURRED AS VEHICLE 1 RAN OFF THE LEFT SIDE OF THE ROADWAY AND STRUCK A FENCE
910358,3190012913,Missouri State Highway Patrol-Troop D,1558569600000,190285576,1,0,1,0,Personal Injury,GREENE,NON-CITY OR UNINCORPORATED,D,1,1,0,137,0.03,A ,S ,RT NN,PVT KELLY SPRING LN,Daylight,Fixed Object,2,,Thu     ,0,0,0,0,1,1,1,0,0,0,0,0,0,0,0,1,0,0,0,0,1,0,0,1,0,37.11168,-93.19068,0,05/23/2019,19:00:00,OCCURRED AS VEH1 RAN OFF ROADWAY AND OVERTURNED.
1196606,3190015223,Missouri State Highway Patrol-Troop B,1558569600000,190285733,2,0,1,1,Personal Injury,MACON,NON-CITY OR UNINCORPORATED,B,1,1,0,1774,0.34,A ,E ,RT AX,CRD JEWELL AVE,Daylight,Fixed Object,2,,Thu     ,0,0,0,0,0,1,1,0,0,0,0,0,0,0,0,1,0,0,0,0,1,0,0,1,0,39.8246,-92.48197,0,05/23/2019,20:10:00,"VEHICLE 1 ATTEMPTED TO PASS A VEHICLE ON A HILL CREST AND MET AN ONCOMING VEHICLE. VEHICLE 1 TRAVELED OFF THE LEFT SIDE OF THE ROAD AND OVERTURNED IN THE DITCH. ASSISTED BY THE MACON COUNTY SHERIFF'S DEPARTMENT, MACON COUNTY RURAL FIRE DEPARTMENT, MACON COUNTY FIRST RESPONDERS, AND MODOT."
1330781,3190013716,Missouri State Highway Patrol-Troop G,1558569600000,190285758,2,0,2,0,Personal Injury,WRIGHT,NON-CITY OR UNINCORPORATED,G,1,1,0,3168,0.6,B ,N,CRD MORRIS RD,CRD GUMBO RD,Daylight,Fixed Object,2,,Thu     ,0,0,0,0,0,1,1,0,0,0,0,0,0,0,0,0,0,0,0,0,0,0,0,0,0,37.09541,-92.27107,0,05/23/2019,19:30:00,"CRASH OCCURRED AS VEHICLE 1 TRAVELED OFF THE RIGHT SIDE OF THE ROAD, STRUCK A TREE AND A FENCE."
1145507,3190013393,Missouri State Highway Patrol-Troop E,1558569600000,190285823,5,0,5,0,Personal Injury,NEW MADRID,NON-CITY OR UNINCORPORATED,E,2,2,0,227,0.04,B ,E ,CRD 506,CST BERNICE AVE,Dark-Unlighted,Motor Vehicle in Transport,1,60,Thu     ,0,0,0,0,0,0,0,0,0,0,0,0,0,0,0,1,1,0,0,0,0,0,0,0,0,36.56955,-89.60061,0,05/23/2019,21:00:00,VEH1 CROSSED THE CENTER OF THE ROADWAY AND STRUCK VEH2 HEADON.
1502147,3190013350,Missouri State Highway Patrol-Troop H,1558569600000,190285865,1,0,1,0,Personal Injury,ANDREW,NON-CITY OR UNINCORPORATED,H,1,1,0,888,0.17,B ,S ,US 169,CRD 305,Dark-Unlighted,Fixed Object,2,,Thu     ,0,0,0,0,0,0,0,1,1,0,0,0,0,0,0,1,0,0,0,0,0,0,0,0,0,39.83827,-94.79393,0,05/23/2019,21:35:00,"ACCIDENT OCCURRED AS VEH #1 WAS NORTHBOUND ON  US169. VEH #1 TRAVELED OFF THE WEST SIDE OF THE ROADWAY AND STRUCK AN EMBANKMENT. VEH #1 OVERTURNED MULTIPLE TIMES AND CAME TO REST ON ITS PASSENGER SIDE OFF THE WEST SIDE OF THE ROADWAY. ASSISTED BY TPR D.L. HUGHES (1261), AND ANDREW COUNTY SHERIFF'S DEPARTMENT"
1286509,3190015035,Missouri State Highway Patrol-Troop C,1558569600000,190285992,1,0,1,0,Personal Injury,ST. FRANCOIS,NON-CITY OR UNINCORPORATED,C,1,1,0,1140,0.22,A ,W ,RT K,BRIDGE A6304,Dark-Unlighted,Fixed Object,2,,Thu     ,0,0,0,0,0,1,1,0,0,0,0,0,0,0,0,0,0,0,0,0,0,0,0,0,0,37.92979,-90.46515,0,05/23/2019,23:20:00,VEHICLE 1 WAS TRAVELING WEST ON ROUTE K AND TRAVELED OFF THE ROADWAY TO THE RIGHT. DRIVER 1 OVERCORRECTED AND VEHICLE 1 TRAVELED BACK ONTO THE ROADWAY AND OFF THE LEFT SIDE OF THE ROADWAY. VEHICLE 1 TRAVELED DOWN AN EMBANKMENT AND STRUCK A TREE.
1164843,3190013521,Missouri State Highway Patrol-Troop F,1558656000000,190286071,1,0,1,0,Personal Injury,BOONE,NON-CITY OR UNINCORPORATED,F,1,1,0,130,0.02,B ,W ,RP 904072,RT UU EJ,Dark-Unlighted,Fixed Object,2,,Fri     ,1,0,0,0,0,0,0,0,0,0,0,1,0,0,0,1,0,0,0,0,0,0,0,0,0,38.9711,-92.43075,0,05/24/2019,01:16:00,"OCCURRED AS VEHICLE 1 TRAVELED OFF THE RIGHT SIDE OF THE ROADWAY AND STRUCK A GUARDRAIL, TRAVELED THROUGH THE STOP SIGN AT US 40 AND THE EASTBOUND I-70 OFF-RAMP AND STRUCK A SECOND GUARDRAIL.  VEHICLE 1 CAME TO REST IN THE WESTBOUND LANE OF US 40."
901414,3190013639,Missouri State Highway Patrol-Troop D,1558656000000,190286118,1,0,1,0,Personal Injury,ST. CLAIR,NON-CITY OR UNINCORPORATED,D,1,1,0,440,0.08,B ,N,MO 13,BRIDGE B0428,Dark-Unlighted,Overturn,2,,Fri     ,1,0,0,0,0,0,0,0,0,0,0,0,0,0,0,0,0,0,0,0,0,0,0,0,0,37.83962,-93.61869,0,05/24/2019,04:23:00,"ACCIDENT OCCURRED AS VEH #1 TRAVELED OFF THE RIGHT SIDE OF THE ROAD, DRIVER  OVERCORRECTED  CAUSING VEH #1 TO OVERTURN AND STRIKE A BRIDGE RAIL."
1500315,3190013032,Missouri State Highway Patrol-Troop H,1558656000000,190286158,1,0,1,0,Personal Injury,CLINTON,NON-CITY OR UNINCORPORATED,H,1,1,0,394,0.07,B ,N,IS 35,ERM NORTH IS 35 MILE 476,Daylight,Other Object,2,,Fri     ,0,0,0,0,0,0,0,1,0,0,0,0,0,0,0,1,0,0,0,0,0,0,0,0,0,39.65782,-94.23805,0,05/24/2019,06:10:00,OCCURRED AS NR1 WAS NORTHBOUND. NR1 TRAVELED OFF LEFT SIDE OF ROADWAY INTO THE MEDIAN AND STRUCK AN  ARROW BOARD SIGN AND CAME TO REST.
1148769,3190013326,Missouri State Highway Patrol-Troop E,1558656000000,190286188,1,0,1,0,Personal Injury,STODDARD,NON-CITY OR UNINCORPORATED,E,1,1,0,2354,0.45,A ,N,RT WW,CRD 470,Daylight,Overturn,2,,Fri     ,0,0,0,0,0,0,1,0,0,0,0,0,0,0,0,1,0,0,0,0,1,0,0,0,1,36.84072,-90.11482,0,05/24/2019,06:35:00,"TRAFFIC CRASH OCCURRED AS VEHICLE 1 RAN OFF RIGHT SIDE OF ROADWAY, OVERCORRECTED, AND OVERTURNED."
927694,3190013234,Missouri State Highway Patrol-Troop D,1558656000000,190286238,1,0,1,0,Personal Injury,MCDONALD,NON-CITY OR UNINCORPORATED,D,2,2,0,322,0.06,A ,N,CRD DALLAS ROAD,CRD HUFFAKER RD,Daylight,Motor Vehicle in Transport,1,62,Fri     ,0,0,0,0,0,0,0,0,0,0,0,0,0,0,0,1,0,0,0,0,1,0,0,1,0,36.67251,-94.49214,0,05/24/2019,07:00:00,VEHICLE 1 CROSSED THE CENTER OF THE ROADWAY AND SIDESWIPED VEHICLE 2.
1506746,3190013789,Missouri State Highway Patrol-Troop H,1558656000000,190286250,1,0,1,0,Personal Injury,DEKALB,NON-CITY OR UNINCORPORATED,H,1,1,0,520,0.1,B ,W ,US 36,CRD FAIRVIEW RD,Daylight,Overturn,2,,Fri     ,0,0,0,0,1,0,0,0,0,0,1,0,0,0,0,1,0,0,0,0,0,0,0,0,0,39.762,-94.41071,0,05/24/2019,07:07:00,"CRASH OCCURRED AS VEH#1 WAS IN THE PASSING LANE AND DVR#1 LOST CONTROL DUE TO HEAVY RAIN.  VEH#1 HYDROPLANED, SLID OFF THE ROADWAY AND OVERTURNED COMING TO REST ON ITS TOP.  ASSISTED BY TPR. J. P. LYNCH (522)."
1223428,3190013379,Missouri State Highway Patrol-Troop C,1558656000000,190286310,1,0,1,0,Personal Injury,JEFFERSON,NON-CITY OR UNINCORPORATED,C,1,1,0,938,0.18,A ,S ,CRD MOUNT OLIVE RD,RT V,Daylight,Fixed Object,2,,Fri     ,0,0,0,0,0,0,0,0,0,0,0,0,0,0,0,1,0,0,0,0,0,0,0,0,0,38.10082,-90.52818,0,05/24/2019,07:30:00,"VEHICLE 1 TRAVELED OFF THE RIGHT SIDE OF THE ROADWAY, STRUCK TWO ROAD SIGNS, A CONCRETE BRIDGE RAIL, AND A FENCE."
798918,3190014226,Missouri State Highway Patrol-Troop A,1558656000000,190286744,3,0,2,1,Personal Injury,JACKSON,GRAIN VALLEY,A,2,2,0,43,0.01,A ,E ,IS 70,ERM EAST IS 70 MILE 232,Daylight,Overturn,2,,Fri     ,0,0,0,0,0,0,0,0,0,0,0,0,0,0,0,1,0,0,0,0,0,1,0,0,0,39.02399,-94.22046,0,05/24/2019,09:40:00,"OCCURRED AS VEH1 AND VEH2 WERE EASTBOUND ON I-70. A VEHICLE IN FRONT OF THEM RAPIDLY SLOWED DUE TO CONJESTION AHEAD. VEH1 SLOWED AND AVOIDED COLLISION BY TRAVELING INTO THE MEDIAN ON THE LEFT. VEH2 ALSO SLOWED AND RAN INTO THE MEDIAN, OVERTURNING AND EJECTING BOTH DRIVER AND PASSANGER. VEH2 CAME TO REST AFTER STRIKING VEH1."
822314,3190013488,Missouri State Highway Patrol-Troop A,1558656000000,190287105,1,0,1,0,Personal Injury,BENTON,NON-CITY OR UNINCORPORATED,A,1,1,0,20,0,B ,W ,CRD POORBOY RD,RT PP,Daylight,Fixed Object,2,,Fri     ,0,0,0,0,0,0,0,1,0,0,0,1,0,0,0,1,0,0,0,0,0,0,0,0,0,38.21031,-93.25794,0,05/24/2019,10:34:00,CRASH OCCURRED AS VEHICLE 1 WAS NORTHBOUND WHEN IT FAILED TO STOP FOR A POSTED STOP SIGN.  VEHICLE1 CROSSED THE INTERSECTION AND COLLIDED WITH THE EMBANKMENT.  ASSISTED BY TPR. D.J. MAUPIN/1369/ AND TPR. J.W. MILLER/1309/
958959,3190014031,Missouri State Highway Patrol-Troop D,1558656000000,190287159,1,0,1,0,Personal Injury,TANEY,NON-CITY OR UNINCORPORATED,D,3,3,0,168,0.03,B ,N,MO 165,CRD HEADWATERS RD,Daylight,Fixed Object,2,,Fri     ,1,0,0,0,0,0,0,0,0,0,0,0,0,0,0,0,0,0,0,0,0,0,0,0,0,36.58218,-93.29947,0,05/24/2019,11:08:00,CRASH OCCURRED AS VEH 1 RAN OFF THE ROADWAY AND OVERTURNED.
1286511,3190014085,Missouri State Highway Patrol-Troop C,1558656000000,190287302,1,0,1,0,Personal Injury,ST. FRANCOIS,NON-CITY OR UNINCORPORATED,C,1,1,0,1056,0.2,A ,W ,RT C,CRD RICHARDSON RD,Daylight,Fixed Object,2,,Fri     ,0,0,0,0,0,0,0,1,0,0,0,0,0,0,0,0,0,0,0,0,1,0,0,0,1,37.92495,-90.40745,0,05/24/2019,11:52:00,VEHICLE 1 RAN OFF THE RIGHT SIDE OF THE ROADWAY AND STRUCK A TREE. ASSISTED BY TPR. D. M. DOOLEY (301)
988882,3190013070,Missouri State Highway Patrol-Troop D,1558656000000,190287607,1,0,0,1,Personal Injury,JASPER,NON-CITY OR UNINCORPORATED,D,2,2,0,10,0,A ,N,CRD CENTRAL CITY ROAD,MO 66,Daylight,Motor Vehicle in Transport,1,64,Fri     ,0,0,0,0,0,1,1,1,1,0,0,0,1,0,0,1,0,0,0,0,0,0,0,0,0,37.08562,-94.58334,0,05/24/2019,12:50:00,"NBR 2 FAILED TO YIELD, PULLED INTO THE PATH OF NBR 1 AND WAS STRUCK BY NBR 1."
1183051,3190014048,Missouri State Highway Patrol-Troop B,1558656000000,190287701,1,0,1,0,Personal Injury,RANDOLPH,NON-CITY OR UNINCORPORATED,B,2,2,0,21,0,B ,E ,US 24,CRD 1510,Daylight,Motor Vehicle in Transport,1,61,Fri     ,1,0,0,0,0,0,1,1,1,0,0,0,0,0,0,0,0,0,0,0,1,0,0,1,0,39.46464,-92.34791,0,05/24/2019,13:10:00,"VEHICLE 2 WAS ATTEMPTING TO MAKE A LEFT TURN AND WAS STRUCK IN THE REAR BY VEHICLE 1.  ASSISTED BY MSGT. MATTINGLY #587, TPR. O'BRIEN #808, AND TPR. RUCKENBROD #802."
883879,3190013839,Missouri State Highway Patrol-Troop A,1558656000000,190288374,1,0,0,1,Personal Injury,BATES,NON-CITY OR UNINCORPORATED,A,1,1,0,800,0.15,A ,W ,MO 52,CRD SE 8305,Daylight,Fixed Object,2,,Fri     ,0,0,0,0,0,0,0,0,0,0,0,0,0,0,0,1,0,0,0,0,0,0,0,0,0,38.21742,-94.20086,0,05/24/2019,14:55:00,"THE CRASH OCCURRED AS VEHICLE #1 WAS TRAVELING EASTBOUND ON MISSOURI 52 EAST, JUST WEST OF COUNTY ROAD SE 8305, IN BATES COUNTY, MISSOURI. VEHICLE #1 TRAVELED OF THE NORTH SIDE OF THE ROADWAY AND OVERTURNED. ASSISTED BY CPL M A PATE /980/ AND TPR T C SMITH /1352/."
1145522,3190013475,Missouri State Highway Patrol-Troop E,1558656000000,190288554,4,0,4,0,Personal Injury,NEW MADRID,NON-CITY OR UNINCORPORATED,E,2,2,0,353,0.07,A ,N,IS 55,ERM NORTH IS 55 MILE 500,Daylight,Motor Vehicle in Transport,1,63,Fri     ,0,0,0,0,0,0,0,0,0,0,0,0,0,0,0,1,0,0,0,0,0,0,0,0,1,36.64225,-89.54185,0,05/24/2019,15:20:00,STATE PROPERTY DAMAGE TO 40 FEET OF CABLE AND 7 MEDIAN POST - CRASH OCCURRED AS VEHICLE ONE PULLED INTO PATH OF VEHICLE TWO. VEHICLE TWO RAN OFF THE ROADWAY AND STRUCK THE CABLE BARRIER