objectid,accident,agency,inv_date,complaint,injured,killed,min_inj,dis_inj,severity,county,city,troop,no_vehicle,motor_veh,left_scene,dist_feet,dist_mile,inter_loc,direction,on_street,at_street,light_cond,acc_type,on_off_rd,two_veh,day_week,dr_drink,dr_drug,ped_drink,ped_drug,speed,dr_under21,dr_under25,dr_over55,dr_over64,electrical,emer_veh,stop_sign,yield_sign,czone,hazmat,aggressive,cell_phone,texting,veh_defect,school_bus,truck,motorcycle,atv,pickup,cmv,gps_lat,gps_long,severity_fatal,acc_date,acc_time,narrative
1222435,3190014149,Missouri State Highway Patrol-Troop C,1558656000000,190288819,1,0,1,0,Personal Injury,ST. LOUIS,NON-CITY OR UNINCORPORATED,C,3,3,0,350,0.07,B ,S ,IS 55,CRD REAVIS BARRACKS RD,Daylight,Motor Vehicle in Transport,1,61,Fri     ,0,1,0,0,0,1,1,0,0,0,0,0,0,0,0,0,0,0,0,0,1,0,0,1,1,38.53372,-90.31093,0,05/24/2019,16:05:00,ALL VEHICLES WERE TRAVELING SOUTHBOUND ON INTERSTATE 55. VEHICLES 1 AND 2 STOPPED FOR CONGESTED TRAFFIC AHEAD. DRIVER 3 FAILED TO STOP AND THE FRONT OF VEHICLE 3 STRUCK THE REAR OF VEHICLE 2. VEHICLE 2 WAS PUSHED FORWARD AND THE FRONT OF VEHICLE 2 STRUCK THE REAR OF VEHICLE.
921224,3190013172,Missouri State Highway Patrol-Troop D,1558656000000,190288869,1,0,1,0,Personal Injury,LAWRENCE,NON-CITY OR UNINCORPORATED,D,1,1,0,1151,0.22,A ,N,RT K,CRD 2145,Daylight,Fixed Object,2,,Fri     ,0,0,0,0,0,0,0,1,0,0,0,0,0,0,0,0,0,0,0,0,1,0,0,1,0,37.06642,-93.71597,0,05/24/2019,16:10:00,"CRASH OCCURRED AS VEHICLE #1 TRAVELED OFF THE WEST SIDE OF THE ROADWAY, STRUCK AN EMBANKMENT AND OVERTURNED."
1510253,3190013243,Missouri State Highway Patrol-Troop H,1558656000000,190288983,2,0,1,1,Personal Injury,GRUNDY,SPICKARD,H,1,1,0,0,0,AT,W ,CST CHALET ST,CST SECOND ST,Daylight,Overturn,1,,Fri     ,0,0,0,0,1,1,1,0,0,0,0,1,0,0,0,1,0,0,0,0,0,0,1,0,0,40.24101,-93.5957,0,05/24/2019,16:30:00,"CRASH OCCURRED AS VEHICLE 1 WAS NORTHBOUND ON SECOND STREET IN SPICKARD, AND WERE BEING FOLLOWED BY UNRESTRAINED ANIMALS. VEHICLE 1 OVERTURNED AT THE INTERSECTION OF CHALET STREET AND CAME TO REST ON ITS TOP. DRIVER 1 CAME TO REST IN THE ROADWAY WEST OF THE VEHICLE. OCCUPANT 1 CAME TO REST UNDERNEATH VEHICLE 1 IN THE INTERSECTION. ASSISTED BY GRUNDY COUNTY SHERIFF'S DEPARTMENT."
1188625,3190013974,Missouri State Highway Patrol-Troop F,1558656000000,190289012,1,0,1,0,Personal Injury,CALLAWAY,KINGDOM CITY,F,2,2,0,0,0,AT,E ,US 54,RP 7683,Daylight,Motor Vehicle in Transport,1,60,Fri     ,0,0,0,0,0,1,1,1,0,1,0,0,0,0,0,1,0,0,0,0,0,0,0,0,0,38.94364,-91.94092,0,05/24/2019,16:35:00,"CRASH OCCURRED AS VEHICLE 1 WAS MAKING A LEFT TURN ONTO I-70.  VEHICLE 2 RAN THE RED LIGHT EB ON 54 AND STRUCK VEHICLE 1 IN THE SIDE.  ASSISTED BY SGT. R. THOMPSON (672), TPR. C. FRAME (1329), SGT. W. AHRENS (900), TPR. N. BAX (188), TPR. E. PENROD (1400), TPR. S. GORDON (1430), AND TPR. G. BEAULIEU (137)"
958955,3190013210,Missouri State Highway Patrol-Troop D,1558656000000,190289019,3,0,3,0,Personal Injury,TANEY,NON-CITY OR UNINCORPORATED,D,2,2,0,68,0.01,B ,W ,CRD FLYNN RD,MO 248,Daylight,Motor Vehicle in Transport,1,61,Fri     ,0,0,0,0,0,0,0,0,0,0,0,1,0,0,0,1,0,0,0,0,0,0,0,0,0,36.67732,-93.25169,0,05/24/2019,16:35:00,OCCURRED AS #1 STRUCK #2 IN THE REAR
1032379,3190013189,Missouri State Highway Patrol-Troop I,1558656000000,190289025,1,0,1,0,Personal Injury,PULASKI,NON-CITY OR UNINCORPORATED,I,1,1,0,7391,1.4,B ,E ,IS 44,MO 17,Daylight,Overturn,1,,Fri     ,0,0,0,0,1,0,0,0,0,0,0,0,0,0,0,1,0,0,0,0,0,1,0,0,0,37.78151,-92.29371,0,05/24/2019,16:35:00,"OCCURRED AS DVR 1 LOST CONTROL. VEH 1 BEGAN TO WOBBLE, OVERTURNED AND EJECTED DVR 1. VEH 1 AND DVR 1 CAME TO REST IN THE ROADWAY."
1223430,3190014198,Missouri State Highway Patrol-Troop C,1558656000000,190289055,1,0,1,0,Personal Injury,JEFFERSON,NON-CITY OR UNINCORPORATED,C,3,3,0,116,0.02,B ,S ,IS 55,ERM SOUTH IS 55 MILE 1876,Daylight,Motor Vehicle in Transport,1,61,Fri     ,0,0,0,0,0,0,0,0,0,0,0,0,0,0,0,1,0,0,0,0,1,0,0,1,0,38.38172,-90.3806,0,05/24/2019,16:46:00,"ALL VEHICLES WERE TRAVELING SOUTHBOUND ON INTERSTATE 55. VEHICLE 3 STRUCK THE REAR VEHICLE 2, CAUSING VEHICLE 2 TO STRIKE THE REAR OF VEHICLE 1"
990431,3190013302,Missouri State Highway Patrol-Troop D,1558656000000,190289282,1,0,0,1,Personal Injury,NEWTON,NON-CITY OR UNINCORPORATED,D,1,1,0,63,0.01,A ,W ,MO 86,CRD MEADOW GROVE,Daylight,Jackknife,1,,Fri     ,1,1,0,0,0,0,1,0,0,0,0,0,0,0,0,0,0,0,0,0,1,0,0,1,1,36.87183,-94.33133,0,05/24/2019,16:30:00,"CRASH OCCURRED AS VEH 1 PULLING TRAILER STARTED SKIDDING, JACKKNIFED AND CAUGHT FIRE."
1132807,3190013208,Missouri State Highway Patrol-Troop E,1558656000000,190289678,1,0,1,0,Personal Injury,RIPLEY,NON-CITY OR UNINCORPORATED,E,1,1,0,344,0.07,B ,S ,CRD 1421W-A,MO 142,Daylight,Overturn,1,,Fri     ,0,0,0,0,1,1,1,0,0,0,0,0,0,0,0,1,0,0,0,0,0,0,1,0,0,36.60376,-90.88939,0,05/24/2019,18:20:00,CRASH OCCURRED AS VEHICLE 1 RAN OFF THE RIGHT SIDE OF THE ROADWAY AND OVERTURNED.
1223432,3190014147,Missouri State Highway Patrol-Troop C,1558656000000,190289716,1,0,0,1,Personal Injury,JEFFERSON,NON-CITY OR UNINCORPORATED,C,2,2,0,0,0,AT,W ,MO 30,CRD DITTMER RIDGE ROAD,Daylight,Motor Vehicle in Transport,1,64,Fri     ,0,0,0,0,0,0,0,0,0,0,0,0,0,0,0,1,0,0,0,0,1,1,0,1,0,38.33237,-90.69071,0,05/24/2019,18:39:00,"VEHICLE 1 WAS TRAVELING WESTBOUND ON ROUTE 30. VEHICLE 2 WAS SEVERAL CARS BEHIND VEHICLE 1 AND WAS TRAVELING WESTBOUND ON ROUTE 30. VEHICLE 1 SLOWED AND BEGAN TO TURN LEFT ONTO DITTMER RIDGE ROAD. VEHICLE 2 CROSSED INTO THE EASTBOUND LANE, TRAVELING WEST, AND BEGAN OVERTAKING VEHICLES. THE RIGHT SIDE OF VEHICLE 2 STRUCK THE LEFT FRONT SIDE OF VEHICLE 1. EJECTING DRIVER 2."
1036864,3190013076,Missouri State Highway Patrol-Troop I,1558656000000,190289991,1,0,1,0,Personal Injury,PHELPS,NON-CITY OR UNINCORPORATED,I,2,2,0,42,0.01,A ,W ,IS 44,BRIDGE G0563,Daylight,Overturn,1,,Fri     ,0,0,0,0,0,0,0,0,0,0,0,0,0,0,0,1,0,0,0,0,0,1,0,0,0,37.93849,-91.83348,0,05/24/2019,19:30:00,"VEHICLE 1 WAS TRAVELING WESTBOUND AND STARTED SKIDDING/SLIDING. VEHICLE 1 STRUCK VEHICLE 2, AND THEN TRAVELED OFF OF THE RIGHT SIDE OF THE ROADWAY. VEHICLE 1 CONTINUED TO SKID/SLIDE BEFORE RETURNING TO THE ROADWAY AND CAME TO FINAL REST IN THE RIGHT LANE. ASSISTED BY MSGT S. D. ALTERMATT, (158), TPR N. W. SUMMERS, (1412), PHELPS HEALTH, ROLLA RURAL FIRE DEPARTMENT, ROLLA POLICE DEPARTMENT, AND SHERIFF'S OFFICE PHELPS COUNTY."
1219840,3190013278,Missouri State Highway Patrol-Troop C,1558656000000,190290123,2,0,1,1,Personal Injury,FRANKLIN,NON-CITY OR UNINCORPORATED,C,1,1,0,3695,0.7,A ,N,CRD HOEMAN RD,CRD STONE CHURCH RD,Daylight,Overturn,2,,Fri     ,0,0,0,0,1,1,1,0,0,0,0,0,0,0,0,1,0,0,0,0,0,0,1,0,0,38.52443,-91.31282,0,05/24/2019,19:30:00,"VEHICLE 1 WAS TRAVELING SOUTHBOUND ON HOEMANN ROAD, TRAVELED OFF THE LEFT SIDE OF THE ROADWAY, AND OVERTURNED, EJECTING DRIVER 1 AND PASSENGER 1."
1210725,3190013696,Missouri State Highway Patrol-Troop C,1558656000000,190290350,0,1,0,0,Fatal,ST. LOUIS,BERKELEY,C,1,1,0,79,0.01,A ,S ,MO 115,CST PICAJUNE AVE,Dark-Unlighted,Pedestrian,1,,Fri     ,0,0,0,0,0,0,0,1,0,0,0,0,0,0,0,0,0,0,0,0,0,0,0,0,0,38.7307,-90.34728,1,05/24/2019,21:02:00,"FATALITY REPORT - VEHICLE 1 WAS TRAVELING SOUTHBOUND ON NATURAL BRIDGE ROAD AND STRUCK PEDESTRIAN 1, WHO WAS IN THE ROADWAY. PEDESTRIAN 1 FATALITY PRONOUNCED BY DR. BOKIEJ AT 2308 HOURS AT SSM HEALTH DEPAUL HOSPITAL. ASSISTED BY TPR. S. T. ROETTGER (1429) AND BERKELEY PD OFFICERS."
988879,3190013482,Missouri State Highway Patrol-Troop D,1558656000000,190290454,2,0,2,0,Personal Injury,JASPER,NON-CITY OR UNINCORPORATED,D,1,1,0,1077,0.2,A ,W ,MO 96,RT MM,Dark-Unlighted,Fixed Object,2,,Fri     ,0,0,0,0,0,1,1,0,0,0,0,0,0,0,0,0,0,0,0,0,0,0,0,0,0,37.19951,-94.47624,0,05/24/2019,21:58:00,"VEHICLE #1 SWERVED TO AVOID ANOTHER VEHICLE, OVER CORRECTED, WENT OFF THE ROADWAY AND STRUCK A POLE."
1010362,3190014403,Missouri State Highway Patrol-Troop D,1558656000000,190290708,2,0,2,0,Personal Injury,WEBSTER,NON-CITY OR UNINCORPORATED,D,2,2,0,105,0.02,A ,E ,IS 44,ERM EAST IS 44 MILE 932,Dark-Unlighted,Motor Vehicle in Transport,1,63,Fri     ,1,1,0,0,0,0,1,0,0,0,0,0,0,0,0,1,0,0,0,0,0,0,0,0,0,37.28215,-93.04305,0,05/24/2019,23:30:00,VEHICLE 1 MOVED LEFT WHEN UNSAFE AND STRUCK VEHICLE 2. BOTH VEHICLES THEN SKIDDED OFF THE RIGHT SIDE OF THE ROAD AND STRUCK A CABLE BARRIER.
910364,3190013248,Missouri State Highway Patrol-Troop D,1558742400000,190291033,1,0,1,0,Personal Injury,GREENE,NON-CITY OR UNINCORPORATED,D,1,1,0,110,0.02,B ,N,MO 13,CRD PINEWOOD DR,Dark-Unlighted,Fixed Object,2,,Sat     ,1,0,0,0,1,0,0,0,0,0,0,0,0,0,0,1,0,0,0,0,0,0,0,0,0,37.3491,-93.32941,0,05/25/2019,02:45:00,"VEHICLE 1 RAN OFF RIGHT SIDE OF ROADWAY, STRUCK AN EMBANKMENT, WENT AIRBORNE, STRUCK A ROADSIGN AND OVERTURNED."
1286516,3190016392,Missouri State Highway Patrol-Troop C,1558742400000,190291036,2,0,1,1,Personal Injury,ST. FRANCOIS,NON-CITY OR UNINCORPORATED,C,2,2,0,12,0,A ,E ,PVT FISH POND DR,PVT OSAGE DR,Dark-Unlighted,Motor Vehicle in Transport,1,60,Sat     ,1,0,0,0,0,0,1,0,0,0,0,0,0,0,0,1,0,0,0,0,0,0,1,0,0,37.97367,-90.34785,0,05/25/2019,03:16:00,"VEHICLE #1 WAS TRAVELING WEST AND VEHICLE #2 WAS TRAVELING EAST ON FISH POND ROAD.  VEHICLE #1 CROSSED THE CENTER OF THE ROAD AND THE FRONT LEFT OF VEHICLE #1 STRUCK THE FRONT LEFT OF VEHICLE #2, EJECTING BOTH OCCUPANTS OF VEHICLE #2. ASSISTED BY CPL. B.M. BEARD (254)"
1249584,3190015471,Missouri State Highway Patrol-Troop C,1558742400000,190291075,1,0,1,0,Personal Injury,STE. GENEVIEVE,NON-CITY OR UNINCORPORATED,C,2,2,0,264,0.05,B ,W ,MO 32,PVT PRIVATE DRIVE,Daylight,Motor Vehicle in Transport,1,62,Sat     ,0,1,0,0,0,0,0,1,1,0,0,0,0,0,0,1,0,0,0,0,1,0,0,1,0,37.90958,-90.19588,0,05/25/2019,05:50:00,"VEHICLE 1 CROSSED THE CENTER LINE AND THE FRONT OF VEHICLE 1 STRUCK THE SIDE OF VEHICLE 2. AFTER IMPACT, VEHICLE 1 TRAVELED OFF THE LEFT SIDE OF THE ROADWAY AND STRUCK A FENCE. VEHICLE 2 TRAVELED OFF THE RIGHT SIDE OF THE ROADWAY AND STRUCK A SIGN."
1257127,3190013686,Missouri State Highway Patrol-Troop C,1558742400000,190291272,1,0,1,0,Personal Injury,JEFFERSON,FESTUS,C,2,2,0,32,0.01,B ,N,CST POUNDS RD,RT A,Daylight,Motor Vehicle in Transport,1,64,Sat     ,0,0,0,0,1,0,1,1,1,1,0,0,0,0,0,1,0,0,0,0,1,0,0,1,1,38.21374,-90.4188,0,05/25/2019,08:25:00,"VEHICLE #1 WAS STOPPED ON NORTHBOUND POUNDS ROAD FOR A RED TRAFFIC SIGNAL.  VEHICLE #2 WAS TRAVELING EASTBOUND ON ROUTE A.  DRIVER #1 ATTEMPTED TO TURN SOUTH ON POUNDS ROAD, BUT WAS TRAVELING TOO FAST.  VEHICLE #2 STRUCK THE FRONT OF VEHICLE #1."
1335722,3190014252,Missouri State Highway Patrol-Troop G,1558742400000,190291611,3,0,2,1,Personal Injury,DOUGLAS,NON-CITY OR UNINCORPORATED,G,2,2,0,195,0.04,B ,E ,CRD 95-146,MO 95,Daylight,Motor Vehicle in Transport,1,61,Sat     ,0,0,0,0,1,0,0,1,0,0,0,0,0,0,0,1,0,0,0,0,0,0,1,0,0,37.00912,-92.30249,0,05/25/2019,10:20:00,"ACCIDENT OCCURRED AS VEH #1 DROVE INTO THE REAR OF VEH #2, WHICH WAS STOPPED IN THE ROADWAY."
1500314,3190013255,Missouri State Highway Patrol-Troop H,1558742400000,190291700,1,0,0,1,Personal Injury,CLINTON,NON-CITY OR UNINCORPORATED,H,2,2,0,0,0,AT,N,US 169,MO 116,Daylight,Motor Vehicle in Transport,1,64,Sat     ,0,0,0,0,0,0,0,0,0,0,0,1,0,0,0,1,0,0,0,0,0,0,0,0,0,39.55819,-94.56417,0,05/25/2019,11:00:00,CRASH OCCURRED AS VEH#1 WAS NORTHBOUND ON US 169 WHEN VEH#2 FAILED TO YIELD TO VEH#1 ENTERING THE INTERSECTION.  VEH#2 STRUCK VEH#1 IN THE DRIVER'S SIDE.  VEH#1 CAME TO REST IN THE  NORTHEAST DITCH.  VEH#2 CAME TO REST IN THE NB LANE OF US 169.  ASSISTED BY CLINTON COUNTY SHERIFF'S DEPARTMENT.
804940,3190013423,Missouri State Highway Patrol-Troop A,1558742400000,190291810,1,0,1,0,Personal Injury,JOHNSON,NON-CITY OR UNINCORPORATED,A,2,2,0,939,0.18,A ,S ,CRD SE 521,CRD SE 471,Daylight,Motor Vehicle in Transport,1,60,Sat     ,0,0,0,0,0,0,0,1,0,0,0,0,0,0,0,1,0,0,0,0,1,0,0,1,0,38.70608,-93.65409,0,05/25/2019,11:40:00,"CRASH OCCURRED AS VEHICLE 1 WAS TRAVELING  SOUTHBOUND, CROSSED THE CENTER LINE AND STRUCK VEHICLE 2. ASSISTED BY MSGT M.D. DEGRAFFENREID /334/"
1223404,3190013420,Missouri State Highway Patrol-Troop C,1558742400000,190291920,2,0,2,0,Personal Injury,JEFFERSON,NON-CITY OR UNINCORPORATED,C,2,2,0,153,0.03,A ,E ,RT H,CRD STONEHOUSE RD,Daylight,Motor Vehicle in Transport,1,62,Sat     ,0,0,0,0,0,1,1,1,1,0,0,0,0,0,0,1,0,0,0,0,0,0,0,0,0,38.14067,-90.59014,0,05/25/2019,12:25:00,"VEHICLE #1 WAS TRAVELING EASTBOUND ON ROUTE H.  VEHICLE #2 WAS TRAVELING WESTBOUND ON ROUTE H.  VEHICLE #2 TRAVELED INTO THE OPPOSING LANE AND OFF THE SOUTH SIDE OF THE ROADWAY.  VEHICLE #2 TRAVELED BACK ONTO THE ROADWAY, BUT WAS STILL IN THE OPPOSING LANE.  THE LEFT SIDE OF VEHICLE #2 STRUCK THE LEFT SIDE OF VEHICLE #1.  AFTER THE COLLISION, VEHICLE #1 TRAVELED OFF THE NORTH SIDE OF THE ROADWAY AND STRUCK SEVERAL TREES.  VEHICLE #2 TRAVELED OFF THE SOUTH SIDE OF THE ROADWAY AND STRUCK SEVERAL TREES."
1148768,3190013351,Missouri State Highway Patrol-Troop E,1558742400000,190291946,1,0,1,0,Personal Injury,STODDARD,NON-CITY OR UNINCORPORATED,E,1,1,0,73,0.01,A ,S ,CST TWO MILE,CRD PACIFIC,Daylight,Fixed Object,2,,Sat     ,0,0,0,0,0,0,0,1,1,0,0,0,0,0,0,1,0,0,0,0,0,0,0,0,0,36.7925,-89.98893,0,05/25/2019,12:30:00,TRAFFIC CRASH OCCURRED AS VEHICLE 1 RAN OFF LEFT SIDE OF ROADWAY AND STRUCK A CULVERT.
1044928,3190015508,Missouri State Highway Patrol-Troop I,1558742400000,190292149,5,1,3,2,Fatal,LACLEDE,NON-CITY OR UNINCORPORATED,I,2,2,0,23,0,B ,E ,MO 32,CRD RED OAK DR,Daylight,Motor Vehicle in Transport,1,60,Sat     ,0,0,0,0,0,0,0,0,0,0,0,1,0,0,0,1,0,0,0,0,1,0,0,1,0,37.66723,-92.59476,1,05/25/2019,13:35:00,"FATALITY CRASH OCCURRED AS VEHICLE 2 WAS TURNING OFF RED OAK ONTO HWY 32, ENTERING THE PATH OF VEHICLE 1 CAUSING THE VEHICLES TO MEET HEAD ON.  THE VICTIM WAS PRONOUNCED DECEASED AT 1519 HOURS AT COX NORTH HOSPITAL IN SPRINGFIELD BY DR ERIC FUNK.  THIS IS TROOP I'S THIRD FATALITY FOR MAY AND THE 11TH FOR 2019.  NEXT OF KIN HAS BEEN NOTIFIED."
1193626,3190013084,Missouri State Highway Patrol-Troop F,1558742400000,190292474,1,0,1,0,Personal Injury,GASCONADE,NON-CITY OR UNINCORPORATED,F,1,1,0,1293,0.24,B ,W ,CRD BLUE HOUSE RD,RT T,Daylight,Fixed Object,2,,Sat     ,0,0,0,0,1,0,1,0,0,0,0,0,0,0,0,1,0,0,0,0,0,0,0,0,0,38.32223,-91.38492,0,05/25/2019,15:05:00,DRIVER 1 SWERVED TO MISS A DEER. VEHICLE 1 TRAVELED OFF THE LEFT SIDE OF THE ROADWAY AND COLLIDED WITH TWO TREES.
1223401,3190014391,Missouri State Highway Patrol-Troop C,1558742400000,190292494,2,0,2,0,Personal Injury,JEFFERSON,NON-CITY OR UNINCORPORATED,C,1,1,0,665,0.13,B ,N,RT V,CRD BERRY DAIRY RD,Daylight,Fixed Object,2,,Sat     ,0,0,0,0,1,1,1,0,0,0,0,0,0,0,0,1,0,0,0,0,0,0,0,0,0,38.11442,-90.55518,0,05/25/2019,15:22:00,"VEHICLE 1 WAS TRAVELING NORTH ON ROUTE V. DRIVER 1 LOST CONTROL AND VEHICLE 1 TRAVELED OFF THE RIGHT SIDE OF THE ROADWAY AND STRUCK THE EMBANKMENT. VEHICLE 1 CONTINUED AND STRUCK TWO ROAD SIGNS, OVERTURNED AND RETURNED TO THE ROADWAY ON ITS TOP."
1032377,3190013752,Missouri State Highway Patrol-Troop I,1558742400000,190292847,1,0,1,0,Personal Injury,PULASKI,NON-CITY OR UNINCORPORATED,I,1,1,0,1636,0.31,A ,E ,RT Z,CRD TEASLY LANE,Daylight,Overturn,2,,Sat     ,1,0,0,0,0,0,0,1,0,0,0,0,0,0,0,0,0,0,0,0,1,0,0,1,0,37.85721,-92.0564,0,05/25/2019,17:00:00,"CRASH OCCURRED AS VEHICLE 1 TRAVELED OFF THE LEFT SIDE OF ROADWAY, RETURNED TO ROADWAY AND THEN TRAVELED OFF THE RIGHT SIDE OF THE ROADWAY AND OVERTURNED WHICH THEN EJECTED DRIVER 1. ASSISTED BY TPR N A SMITH (1376) AND TPR E A GOANS (322)"
851907,3190013551,Missouri State Highway Patrol-Troop A,1558742400000,190292855,1,0,1,0,Personal Injury,CLAY,RANDOLPH,A,2,2,0,21,0,A ,S ,IS 435,CST NE BIRMINGHAM RD,Daylight,Motor Vehicle in Transport,1,61,Sat     ,0,0,0,0,0,0,0,1,0,0,0,0,0,1,0,1,0,0,0,0,0,0,0,0,0,39.15453,-94.49813,0,05/25/2019,17:10:00,CRASH OCCURRED AS A VEH2 STOPPED FOR ANOTHER VEHICLE THAT WAS STOPPED IN THE LANE OF TRAFFIC.  VEH1 OVERTOOK AND STRUCK THE REAR OF VEH2.  ASSISTED BY CPL C O TUBBS /1122/
1505521,3190013241,Missouri State Highway Patrol-Troop H,1558742400000,190292948,1,0,1,0,Personal Injury,LIVINGSTON,NON-CITY OR UNINCORPORATED,H,1,1,0,865,0.16,B ,S ,RT V,BRIDGE A1497,Daylight,Fixed Object,2,,Sat     ,0,0,0,0,0,0,0,1,0,0,0,0,0,0,0,0,1,0,0,0,0,0,0,0,0,39.79737,-93.52809,0,05/25/2019,17:40:00,CRASH OCCURRED AS VEH 1 WAS WESTBOUND ON RTE V. VEH 1 DROVE OFF THE NORTH SIDE OF THE ROADWAY AND STRUCK A DITCH. VEH 1 CAME TO REST UPRIGHT FACING WEST. ASSISTED BY LIVINGSTON COUNTY SHERIFF'S OFFICE.
1123594,3190013228,Missouri State Highway Patrol-Troop E,1558742400000,190292957,1,0,1,0,Personal Injury,MADISON,NON-CITY OR UNINCORPORATED,E,1,1,0,2471,0.47,B ,S ,RT F,RT A,Daylight,Overturn,2,,Sat     ,1,0,0,0,1,0,0,0,0,0,0,0,0,0,0,1,0,0,0,0,0,0,0,0,0,37.44269,-90.19142,0,05/25/2019,17:40:00,"CRASH OCCURRED AS VEHICLE 1 RAN OFF THE LEFT SIDE OF THE ROADWAY, OVERTURNED, AND STRUCK A DITCH."
969842,3190013578,Missouri State Highway Patrol-Troop D,1558742400000,190293044,5,0,5,0,Personal Injury,BARRY,NON-CITY OR UNINCORPORATED,D,2,2,0,31,0.01,B ,N,MO 39,RT EE,Daylight,Motor Vehicle in Transport,1,64,Sat     ,0,0,0,0,0,0,1,1,1,0,0,1,0,0,0,1,0,0,0,0,0,0,0,0,0,36.76667,-93.6652,0,05/25/2019,18:31:00,CRASH OCCURRED AS VEH 2 DROVE INTO THE PATH OF VEH 1.  VEH 1 STRUCK VEH 2.
1211554,3190015171,Missouri State Highway Patrol-Troop C,1558742400000,190293050,2,0,1,1,Personal Injury,WASHINGTON,NON-CITY OR UNINCORPORATED,C,1,1,0,1085,0.21,A ,W ,PVT FOX HAVEN DR,CRD PEPPERSVILLE RD,Daylight,Overturn,1,,Sat     ,0,0,0,0,1,1,1,0,0,0,0,0,0,0,0,1,0,0,0,0,0,0,1,0,0,38.07128,-90.7213,0,05/25/2019,18:04:00,VEHICLE 1 WAS TRAVELING SOUTH ON FOX HAVEN ROAD. DRIVER 1 APPLIED THE BRAKES AND LOST CONTROL OF THE VEHICLE. VEHICLE 1 OVERTURNED AND EJECTED BOTH DRIVER AND PASSENGER.
1272335,3190014218,Missouri State Highway Patrol-Troop C,1558742400000,190293098,1,0,0,1,Personal Injury,PERRY,NON-CITY OR UNINCORPORATED,C,1,1,0,1858,0.35,A ,N,RT C,CRD 434,Daylight,Fixed Object,2,,Sat     ,1,0,0,0,0,0,0,0,0,0,0,0,0,0,0,1,0,0,0,0,0,1,0,0,0,37.65493,-89.62585,0,05/25/2019,18:31:00,"VEHICLE 1 WAS NORTHBOUND ON ROUTE C.  VEHICLE 1 TRAVELED OFF THE RIGHT SIDE OF THE ROAD AND STRUCK THE EMBANKMENT.  VEHICLE 1 OVERTURNED, EJECTING DRIVER 1.  VEHICLE 1 CAME TO REST OFF THE RIGHT SIDE OF THE ROADWAY."
1249583,3190016012,Missouri State Highway Patrol-Troop C,1558742400000,190293427,2,0,2,0,Personal Injury,STE. GENEVIEVE,NON-CITY OR UNINCORPORATED,C,1,1,0,3168,0.6,A ,E ,RT Y,CRD DIETZFELBINGER DR,Dark-Unlighted,Fixed Object,2,,Sat     ,1,0,0,0,1,0,1,0,0,0,0,0,0,0,0,1,0,0,0,0,1,0,0,1,0,37.9991,-90.26382,0,05/25/2019,20:38:00,VEHICLE 1 WAS TRAVELING EAST ON ROUTE Y. VEHICLE 1 TRAVELED OFF THE RIGHT SIDE OF THE ROADWAY AND STRUCK SEVERAL TREES.
1264660,3190015523,Missouri State Highway Patrol-Troop C,1558742400000,190293535,1,1,1,0,Fatal,ST. CHARLES,NON-CITY OR UNINCORPORATED,C,1,1,0,902,0.17,B ,E ,MO 94,CRD HOWELL RD,Dark-Unlighted,Fixed Object,2,,Sat     ,1,0,0,0,0,0,0,0,0,0,0,0,0,0,0,0,0,0,0,0,0,0,0,0,0,38.61991,-90.78693,1,05/25/2019,20:30:00,"FATALITY REPORT - VEHICLE 1 TRAVELED OFF THE RIGHT SIDE OF ROADWAY AND  OVERTURNED. DRIVER 1 WAS PRONOUNCED ON SCENE BY ST CHARLES COUNTY EMS PERSONNEL  AT 2100 HOURS. ASSISTED BY CPL. A. M. COVAL (175), TPR. E. M. REYNOSO (768) AND ST. CHARLES COUNTY POLICE"
988913,3190013483,Missouri State Highway Patrol-Troop D,1558742400000,190293579,1,0,1,0,Personal Injury,JASPER,NON-CITY OR UNINCORPORATED,D,1,1,0,2069,0.39,A ,N,MO 43,CRD KAFIR RD,Dark-Unlighted,Animal,1,,Sat     ,0,0,0,0,0,0,0,1,0,0,0,0,0,0,0,0,0,0,0,0,1,0,0,1,0,37.22063,-94.50801,0,05/25/2019,21:40:00,CRASH OCCURRED AS VEHICLE #1 STRUCK A DEER IN THE ROADWAY.
1130978,3190013117,Missouri State Highway Patrol-Troop E,1558828800000,190293858,1,0,1,0,Personal Injury,CAPE GIRARDEAU,NON-CITY OR UNINCORPORATED,E,1,1,0,2640,0.5,B ,N,CRD 543,PVT MOOSEBERRY LANE,Dark-Unlighted,Overturn,2,,Sat     ,0,0,0,0,0,1,1,0,0,0,0,0,0,0,0,0,0,0,1,0,1,0,0,1,0,37.45931,-89.61899,0,05/25/2019,23:10:00,CRASH OCCURRED AS VEHICLE 1 RAN OFF THE RIGHT SIDE OF THE ROADWAY AND OVERTURNED
1194961,3190013139,Missouri State Highway Patrol-Troop F,1558828800000,190293973,1,0,1,0,Personal Injury,CALLAWAY,NON-CITY OR UNINCORPORATED,F,1,1,0,307,0.06,B ,N,PVT TURKEY TRAIL,PVT LOST CANYON LAKE DR,Dark-Lighted,Overturn,2,,Sun     ,0,0,0,0,0,0,0,0,0,0,0,0,0,0,0,0,0,0,0,0,0,0,1,0,0,38.81035,-91.78067,0,05/26/2019,00:30:00,OCCURRED AS DRIVER 1 EXECUTED A HARD LEFT TURN CAUSING THE VEHICLE TO OVERTURN.