objectid,accident,agency,inv_date,complaint,injured,killed,min_inj,dis_inj,severity,county,city,troop,no_vehicle,motor_veh,left_scene,dist_feet,dist_mile,inter_loc,direction,on_street,at_street,light_cond,acc_type,on_off_rd,two_veh,day_week,dr_drink,dr_drug,ped_drink,ped_drug,speed,dr_under21,dr_under25,dr_over55,dr_over64,electrical,emer_veh,stop_sign,yield_sign,czone,hazmat,aggressive,cell_phone,texting,veh_defect,school_bus,truck,motorcycle,atv,pickup,cmv,gps_lat,gps_long,severity_fatal,acc_date,acc_time,narrative
1292877,3190015121,Missouri State Highway Patrol-Troop C,1558828800000,190294004,1,1,0,1,Fatal,ST. LOUIS,BELLEFONTAINE NEIGHBORS,C,2,2,0,195,0.04,A ,E ,IS 270,ERM EAST IS 270 MILE 320,Dark-Unlighted,Motor Vehicle in Transport,1,61,Sun     ,,1,,,,0,0,0,0,0,0,0,0,0,0,,0,0,1,0,0,0,0,0,0,38.77062,-90.23531,1,05/26/2019,01:00:00,FATALITY ACCIDENT - VEHICLE #2 EXPERIENCED A FLAT TIRE AND ATTEMPTED TO PULL OVER TO THE RIGHT SHOULDER. VEHICLE #1 STRUCK THE REAR OF VEHICLE #2 AND DRIVER #2 WAS EJECTED. VEHICLE #1 SPUN AND CAME TO A STOP IN LANES #2 AND #3. DRIVER #2 WAS PRNOUNCED ON SCENE BY CHRISTIAN EMS PARAMEDIC PERRY SCHNEIDER AT 0120 HOURS. ASSISTED BY TPR. J.V. BONDURANT (1468).
1130979,3190013497,Missouri State Highway Patrol-Troop E,1558828800000,190294061,1,0,0,1,Personal Injury,CAPE GIRARDEAU,NON-CITY OR UNINCORPORATED,E,1,1,0,3695,0.7,B ,W ,RT N,CRD 253,Dark-Unlighted,Fixed Object,2,,Sun     ,0,0,0,0,1,0,0,1,0,0,0,0,0,0,0,1,0,0,0,0,1,0,0,1,0,37.21058,-89.80119,0,05/26/2019,01:50:00,***STATE PROPERTY DAMAGE***CRASH OCCURRED AS VEHICLE 1 RAN OFF THE RIGHT SIDE OF THE ROADWAY STRUCK A CULVERT AND A SIGN THEN OVERTURNED EJECTING DRIVER. DAMAGE TO ONE MODOT SIGN
1311748,3190013464,Missouri State Highway Patrol-Troop C,1558828800000,190294147,1,0,1,0,Personal Injury,ST. CHARLES,ST PETERS,C,1,1,0,337,0.06,A ,W ,RP 983960,MO 364,Daylight,Fixed Object,2,,Sun     ,0,0,0,0,0,0,1,0,0,0,0,0,0,0,0,0,0,0,0,0,0,0,0,0,0,38.75016,-90.57017,0,05/26/2019,06:58:00,VEHICLE #1 WAS EXITING WESTBOUND HIGHWAY 364 ONTO HARVESTER ROAD.  VEHICLE #1 TRAVELED OFF THE LEFT SIDE OF THE ROADWAY AND STRUCK A ROADWAY SIGN.
1502129,3190013295,Missouri State Highway Patrol-Troop H,1558828800000,190294166,1,0,1,0,Personal Injury,ANDREW,NON-CITY OR UNINCORPORATED,H,1,1,0,195,0.04,B ,N,IS 29,ERM NORTH IS 29 MILE 546,Daylight,Fixed Object,2,,Sun     ,0,0,0,0,0,0,0,0,0,0,0,0,0,0,0,1,0,0,0,0,1,0,0,1,1,39.86562,-94.82255,0,05/26/2019,07:10:00,"CRASH OCCURRED AS VEH#1 WAS NORTHBOUND ON I 29.  VEH#1 TRAVELED OFF THE LEFT SIDE OF THE ROADWAY, STRUCK AN EMBANKMENT AND CAME AIRBORNE.  TOWED UNIT CAME UNHOOKED FROM VEH#1 AND THE CARGO WAS EJECTED.  VEH#1,. THE TOWED UNIT AND THE CARGO ALL CAME TO REST IN THE MEDIAN.  ASSISTED BY ANDREW COUNTY SHERIFF'S DEPARTMENT."
1119467,3190013345,Missouri State Highway Patrol-Troop E,1558828800000,190294168,1,0,1,0,Personal Injury,BOLLINGER,NON-CITY OR UNINCORPORATED,E,1,1,0,4224,0.8,B ,S ,MO 51,CRD 525,Daylight,Fixed Object,2,,Sun     ,0,0,0,0,0,0,0,0,0,0,0,0,0,0,0,1,0,0,0,0,0,0,0,0,0,37.19433,-89.96896,0,05/26/2019,07:15:00,"CRASH OCCURRED AS VEHICLE 1 RAN OFF THE LEFT SIDE OF THE ROADWAY, STRUCK A FLAGPOLE AND A FENCE."
1176415,3190014734,Missouri State Highway Patrol-Troop B,1558828800000,190294408,1,0,1,0,Personal Injury,CLARK,NON-CITY OR UNINCORPORATED,B,1,1,0,501,0.09,A ,W ,US 136,CRD 418,Daylight,Fixed Object,2,,Sun     ,0,0,0,0,0,1,1,0,0,0,0,0,0,0,0,0,0,0,0,0,0,0,0,0,0,40.38661,-91.62742,0,05/26/2019,10:00:00,"01 WESTBOUND, RAN OFF THE RIGHT SIDE OF THE ROADWAY, DRIVER OVERCORRECTED RAN OFF THE LEFT SIDE OF THE ROADWAY AND STRUCK A DITCH.  ASSISTED BY CLARK COUNTY SHERIFFS DEPARTMENT, AMBULANCE, WAYLAND FIRE AND RESCUE."
1200846,3190013207,Missouri State Highway Patrol-Troop F,1558828800000,190294439,2,0,2,0,Personal Injury,CAMDEN,NON-CITY OR UNINCORPORATED,F,1,1,0,300,0.06,B ,N,PVT BROOKHAVEN LN,PVT FORESTRIDGE LN,Daylight,Overturn,1,,Sun     ,0,0,0,0,1,1,1,0,0,0,0,0,0,0,0,1,0,0,0,0,0,0,0,0,0,38.15818,-92.67495,0,05/26/2019,10:15:00,CRASH OCCURRED AS DRIVER 1 LOST CONTROL ON A CURVE AND VEHICLE 1 ROLLED ON ITS SIDE. ASSISTED BY TPR. M. P. ACORD (170)
1219839,3190013378,Missouri State Highway Patrol-Troop C,1558828800000,190294512,1,0,1,0,Personal Injury,FRANKLIN,NON-CITY OR UNINCORPORATED,C,2,2,0,100,0.02,B ,N,MO 47,CRD CLEARVIEW ROAD,Daylight,Motor Vehicle in Transport,1,61,Sun     ,0,0,0,0,0,0,0,0,0,0,0,0,0,0,0,0,0,0,0,0,0,0,0,0,0,38.48192,-91.00512,0,05/26/2019,10:50:00,VEHICLE #1 WAS TRAVELING NORTHBOUND ON MISSOURI 47 SOUTH OF CLEARVIEW.   VEHICLE #2 WAS STOPPED IN TRAFFIC ON MISSOURI 47 NORTHBOUND SOUTH OF CLEARVIEW.  DRIVER #1 FAILED TO STOP.  THE FRONT OF VEHICLE #1 STRUCK THE REAR OF VEHICLE #2.
1337362,3190013440,Missouri State Highway Patrol-Troop G,1558828800000,190294536,2,0,2,0,Personal Injury,SHANNON,BIRCH TREE,G,2,2,0,0,0,AT,N,MO 99,CST OLD 60,Daylight,Motor Vehicle in Transport,1,64,Sun     ,0,0,0,0,0,0,0,1,1,0,0,1,0,0,0,1,0,0,0,0,0,0,0,0,0,36.99454,-91.49288,0,05/26/2019,11:00:00,OCCURRED AS VEHICLE ONE FAILED TO YIELD WHEN ATTEMPTING TO CROSS THE ROADWAY AND ENTERED INTO THE PATH OF VEHICLE TWO RESULTING IN A COLLISION.
1142613,3190013357,Missouri State Highway Patrol-Troop E,1558828800000,190294553,4,0,4,0,Personal Injury,BUTLER,NON-CITY OR UNINCORPORATED,E,2,2,0,0,0,AT,W ,RT PP,RP 277607,Daylight,Motor Vehicle in Transport,1,64,Sun     ,0,0,0,0,0,0,0,1,1,0,0,1,0,0,0,1,0,0,0,0,0,0,0,0,0,36.76684,-90.45474,0,05/26/2019,11:10:00,"TRAFFIC CRASH OCCURRED AS VEHICLE 1 FAILED TO YIELD TO VEHICLE 2, STRIKING VEHICLE 2."
1322470,3190014374,Missouri State Highway Patrol-Troop G,1558828800000,190294793,1,0,1,0,Personal Injury,TEXAS,NON-CITY OR UNINCORPORATED,G,1,1,0,554,0.1,B ,S ,CRD KINGS RD,CRD OAK RIDGE DR,Daylight,Fixed Object,1,,Sun     ,0,0,0,0,1,0,0,1,0,0,0,0,0,0,0,1,0,0,0,0,0,0,1,0,0,37.13649,-92.19226,0,05/26/2019,13:00:00,VEHICLE 1 RAN OFF THE LEFT SIDE OF THE ROADWAY AND OVERTURNED.
1222329,3190021218,Missouri State Highway Patrol-Troop C,1558828800000,190295077,4,0,3,1,Personal Injury,ST. LOUIS,FLORISSANT,C,4,4,0,406,0.08,B ,E ,IS 270,ERM EAST IS 270 MILE 274,Daylight,Motor Vehicle in Transport,1,61,Sun     ,0,0,0,0,0,1,1,1,1,0,0,0,0,0,0,0,1,0,1,0,0,0,0,0,0,38.77421,-90.32292,0,05/26/2019,14:51:00,"VEHICLES 1 ,2, AND 3, WERE TRAVELING EASTBOUND ON I-270 IN LANE 1. VEHICLES 4 AND 5 WERE TRAVELING EASTBOUND IN LANE 2. VEHICLE 3 EXPERIENCED MECHANICAL PROBLEMS AND STALLED IN LANE 1. VEHICLE 2 SLOWED BEHIND VEHICLE 3. VEHICLE 1 SLOWED BEHIND VEHICLE 2. DRIVER 5 FAILED TO SLOW AND SIDESWIPED VEHICLE 1. DRIVER 1 WAS UNABLE TO STOP AND VEHICLE 1 STRUCK VEHICLE 4. VEHICLE 1 CONTINUED AND STRUCK VEHICLE 2.  THE IMPACT CAUSED VEHICLE 2 TO STRIKE VEHICLE 3. ASSISTED BY CORPORAL A.D. SMITH (1357)."
1193627,3190013222,Missouri State Highway Patrol-Troop F,1558828800000,190295086,1,0,1,0,Personal Injury,GASCONADE,NON-CITY OR UNINCORPORATED,F,2,2,0,184,0.03,B ,S ,MO 19,CRD BEM CHURCH RD,Daylight,Motor Vehicle in Transport,1,63,Sun     ,0,0,0,0,0,0,0,1,0,0,0,0,0,0,0,1,0,0,0,0,0,1,0,0,0,38.25223,-91.46652,0,05/26/2019,14:50:00,VEHICLE 1 YIELDED TO ANOTHER VEHICLE THAT WAS TURNING. VEHICLE 1 SLID INTO VEHICLE 2 AND OVERTURNED.
1192143,3190014012,Missouri State Highway Patrol-Troop B,1558828800000,190295262,2,0,2,0,Personal Injury,LEWIS,NON-CITY OR UNINCORPORATED,B,1,1,0,601,0.11,B ,N,US 61,BRIDGE A7035,Daylight,Fixed Object,2,,Sun     ,0,0,0,0,0,0,0,0,0,0,0,0,0,0,0,0,0,0,0,0,0,0,0,0,0,40.19959,-91.52265,0,05/26/2019,16:05:00,"VEHICLE 1 RAN OFF THE RIGHT SIDE OF THE ROADWAY, STRUCK A FIELD ENTRANCE, BECAME AIRBORNE AND OVERTURNED.  ASSISTED BY MSGT KAUTH #432, TPR FISH #253, TPR SMITH #1459, AND THE LEWIS COUNTY SHERIFF'S DEPARTMENT"
1120190,3190013899,Missouri State Highway Patrol-Troop E,1558828800000,190295701,2,0,1,1,Personal Injury,IRON,NON-CITY OR UNINCORPORATED,E,1,1,0,3168,0.6,B ,S ,CRD 152,CRD 462,Daylight,Overturn,1,,Sun     ,0,0,0,0,1,0,0,0,0,0,0,0,0,0,0,1,0,0,0,0,0,0,1,0,0,37.27716,-90.74469,0,05/26/2019,18:00:00,CRASH OCCURRED AS VEHICLE 1 WAS TRAVELING NORTH AND RAN OFF LEFT SIDE OF THE ROADWAY BOTH PASSENGERS WERE EJECTED AND VEHICLE OVERTURNED
1322471,3190013878,Missouri State Highway Patrol-Troop G,1558828800000,190295792,0,1,0,0,Fatal,TEXAS,NON-CITY OR UNINCORPORATED,G,1,1,0,1900,0.36,B ,W ,CRD PIGEON CREEK RD,CRD BAILEY RD,Daylight,Fixed Object,2,,Sun     ,0,0,0,0,1,1,1,0,0,0,0,0,0,0,0,1,0,0,0,0,0,0,1,0,0,37.53342,-91.79322,1,05/26/2019,18:35:00,"FATALITY CRASH. THIS IS TROOP G'S 8TH FATALITY IN 2019 AS COMPARED TO 13 AT THIS TIME IN 2018. CRASH OCCURRED AS VEHICLE ONE LEFT THE ROADWAY, WENT THROUGH A FENCE, DRIVER WAS EJECTED AND STRUCK A TREE. PRONOUNCED BY DR. ZEREIK AT 1951 HOURS. NEXT OF KIN NOTIFIED."
1010355,3190013818,Missouri State Highway Patrol-Troop D,1558828800000,190295793,1,0,0,1,Personal Injury,WEBSTER,NON-CITY OR UNINCORPORATED,D,1,1,Y,2354,0.45,B ,N,CRD OAK GROVE RD,CRD KILBURN BRIDGE RD,Daylight,Other Non Collision,1,,Sun     ,0,0,0,0,0,0,0,0,0,0,0,0,0,0,0,0,0,0,0,0,1,0,0,1,0,37.42939,-92.77337,0,05/26/2019,18:30:00,CRASH OCCURRED AS THE BOTTOM OF VEHICLE #1'S TOWED UNIT FELL THRU CAUSING THE OCCUPANT IN THE TOWED UNIT TO FALL THRU AT WHICH TIME HIS FOOT WAS RAN OVER. ASSISTED BY TPR M.L. CARY /553/ AND TPR K.D. WALTERS /674/.
1219816,3190013558,Missouri State Highway Patrol-Troop C,1558828800000,190295933,1,0,0,1,Personal Injury,FRANKLIN,NON-CITY OR UNINCORPORATED,C,2,2,0,765,0.14,A ,W ,MO 30,CRD BETHEL CHURCH RD,Daylight,Motor Vehicle in Transport,1,64,Sun     ,0,0,0,0,0,0,0,1,1,0,0,0,0,0,0,1,0,0,0,0,1,0,0,1,0,38.3131,-90.88059,0,05/26/2019,19:40:00,VEHICLE 2 WAS TRAVELING WESTBOUND ON MISSOURI 30. DRIVER 1 PULLED ONTO WESTBOUND MISSOURI 30 FROM A PRIVATE DRIVE AND TRAVELED INTO THE PATH OF VEHICLE 2. THE FRONT OF VEHICLE 2 STRUCK THE LEFT SIDE OF VEHICLE 1. VEHICLE 2 THEN OVERTURNED ONTO ITS RIGHT SIDE.
807340,3190014189,Missouri State Highway Patrol-Troop A,1558828800000,190296260,1,0,1,0,Personal Injury,JACKSON,RIVER BEND,A,2,2,0,0,0,AT,W ,MO 210,RP 5441,Dark-Unlighted,Motor Vehicle in Transport,1,64,Sun     ,0,0,0,0,0,0,0,0,0,1,0,0,0,0,0,1,0,0,0,0,0,0,0,0,1,39.185,-94.3962,0,05/26/2019,22:40:00,CRASH OCCURRED AS VEHICLE 1 WAS EASTBOUND ON MO-210 AND BEGAN TO TURN NORTHBOUND. VEHICLE 1 FAILED TO YIELD TO VEHICLE 2 CAUSING VEHICLE 2 TO STRIKE VEHICLE 1. ASSISTED BY MSGT D. L. SCHWALM /924/
1056654,3190014455,Missouri State Highway Patrol-Troop I,1558915200000,190296432,2,0,1,1,Personal Injury,CRAWFORD,NON-CITY OR UNINCORPORATED,I,1,1,0,523,0.1,B ,W ,CRD DUNHAM ROAD,CRD SLEIGHRIDE ROAD,Dark-Unlighted,Overturn,1,,Mon     ,1,0,0,0,1,0,0,0,0,0,0,0,0,0,0,1,0,0,0,0,1,0,0,0,1,38.0782,-91.49236,0,05/27/2019,01:37:00,"CRASH OCCURRED AS VEHICLE 1 TRAVELED OFF THE LEFT SIDE OF THE ROADWAY. VEHICLE 1 THEN RETURNED TO THE ROADWAY AND OVERTURNED, EJECTING DRIVER 1 AND OCCUPANT 1. ASSISTED BY CRAWFORD COUNTY SHERIFF'S OFFICE"
822356,3190013872,Missouri State Highway Patrol-Troop A,1558915200000,190296802,3,0,3,0,Personal Injury,BENTON,NON-CITY OR UNINCORPORATED,A,2,2,0,0,0,AT,S ,MO 7,CRD JACKMAN AVE,Daylight,Motor Vehicle in Transport,1,64,Mon     ,0,0,0,0,0,0,0,1,1,0,0,1,0,0,0,1,0,0,0,0,0,0,0,0,0,38.15847,-93.22931,0,05/27/2019,08:50:00,CRASH OCCURRED AS VEHICLE 1 WAS NORTHBOUND ON JACKMAN AVE
1211552,3190013724,Missouri State Highway Patrol-Troop C,1558915200000,190296842,2,0,2,0,Personal Injury,WASHINGTON,NON-CITY OR UNINCORPORATED,C,1,1,0,6,0,B ,W ,RT CC,MO 21,Daylight,Fixed Object,2,,Mon     ,0,0,0,0,0,0,0,1,1,0,0,0,0,1,0,0,0,0,0,0,1,0,0,1,0,38.07676,-90.68599,0,05/27/2019,09:00:00,"DRIVER 1 SWERVED TO AVOID A VEHICLE TURNING LEFT INTO HIS PATH, CAUSING VEHICLE 1 TO TRAVEL OFF THE RIGHT SIDE OF THE ROADWAY AND STRIKE A SIGN."
1211553,3190019035,Missouri State Highway Patrol-Troop C,1558915200000,190296955,1,0,0,1,Personal Injury,WASHINGTON,NON-CITY OR UNINCORPORATED,C,1,1,0,1584,0.3,A ,W ,RT CC,RT E,Daylight,Overturn,2,,Mon     ,0,0,0,0,0,0,0,1,0,0,0,0,0,0,0,0,0,0,0,0,1,0,0,1,0,38.05688,-90.64878,0,05/27/2019,09:30:00,"VEHICLE 1 WAS TRAVELING WEST IN THE EASTBOUND LANES.  VEHICLE 1 RETURNED TO THE EASTBOUND LANE, THEN TRAVELED OFF THE RIGHT EDGE OF THE ROADWAY.  DRIVER 1 THEN OVERCORRECTED, CAUSING VEHICLE 1 TO OVERTURN, EJECTING DRIVER 1.  ASSISTED BY CPL. B. M. BEARD (254)."
969839,3190013328,Missouri State Highway Patrol-Troop D,1558915200000,190297031,2,0,2,0,Personal Injury,BARRY,NON-CITY OR UNINCORPORATED,D,1,1,0,15,0,B ,S ,MO 39,CRD 1212,Daylight,Overturn,2,,Mon     ,0,0,0,0,0,0,0,1,0,0,0,0,0,0,0,1,0,0,0,0,1,0,0,1,1,36.67989,-93.69073,0,05/27/2019,10:09:00,IMPROPER LANE USAGE CAUSED THE TOWED UNIT OF VEHILCLE #1 TO TRAVEL OFF THE ROADWAY.  THIS CAUSED BOTH VEH #1 AND THE TOWED UNIT TO OVERTURN.
1222483,3190015799,Missouri State Highway Patrol-Troop C,1558915200000,190297221,2,0,2,0,Personal Injury,ST. LOUIS,NON-CITY OR UNINCORPORATED,C,2,2,0,79,0.01,A ,N,IS 55,ERM NORTH IS 55 MILE 2000,Daylight,Motor Vehicle in Transport,1,63,Mon     ,0,0,0,0,0,1,1,1,0,0,0,0,0,0,0,1,0,0,0,0,0,1,0,0,0,38.5396,-90.30476,0,05/27/2019,11:00:00,VEHICLES 1 AND 2 WERE TRAVELING NORTH ON I-55. VEHICLE 1 IN LANE 2 AND VEHICLE 2 IN LANE 3. VEHICLE 2 ATTEMPTED A LANE CHANGE AND THE FRONT OF VEHICLE 2 STRUCK THE LEFT REAR OF VEHICLE 1. VEHICLE 2 TRAVELED OFF THE RIGHT SIDE OF THE ROADWAY AND INTO A DITCH. VEHICLE 2 REENTERED THE ROADWAY AND STRUCK A GUARDRAIL.
1330780,3190014365,Missouri State Highway Patrol-Troop G,1558915200000,190297348,2,0,2,0,Personal Injury,WRIGHT,NON-CITY OR UNINCORPORATED,G,1,1,Y,960,0.18,B ,S ,MO 5,RT M,Dark-Unlighted,Fixed Object,2,,Mon     ,0,0,0,0,0,0,0,0,0,0,0,0,0,0,0,0,0,0,0,0,0,0,0,0,0,37.40243,-92.60139,0,05/27/2019,00:05:00,ACCIDENT OCCURRED AS VEHICLE TRAVELED OFF OF LEFT SIDE OF ROADWAY AND STRUCK SEVERAL TREES.
1222482,3190014117,Missouri State Highway Patrol-Troop C,1558915200000,190297999,0,1,0,0,Fatal,ST. LOUIS,NON-CITY OR UNINCORPORATED,C,1,1,0,110,0.02,B ,N,MO 367,BRIDGE A6637,Daylight,Fixed Object,2,,Mon     ,1,1,0,0,1,0,0,0,0,0,0,0,0,0,0,1,0,0,0,0,0,0,0,0,0,38.81387,-90.22896,1,05/27/2019,14:10:00,"FATALITY REPORT - VEHICLE #1 WAS TRAVELING NORTHBOUND ON HIGHWAY 367 AT A HIGH RATE OF SPEED WHILE NEGOTIATING A CURVE.  DRIVER #1 OVERCORRECTED TO THE LEFT AND TRAVELED OFF THE ROADWAY.  VEHICLE #1 TRAVELED OFF A BRIDGE, STRUCK THE GROUND, AND CAUGHT FIRE.  DRIVER #1 PRONOUNCED BY EMERGENCY PERSONNEL  AT 1445 HOURS 05/27/2019.  ASSISTED BY CPL. A.D. SMITH (1357), TPR. Z.C. KRAL (1379), AND TPR. B.G. GROVES (837)"
1148773,3190013554,Missouri State Highway Patrol-Troop E,1558915200000,190298200,1,0,1,0,Personal Injury,STODDARD,NON-CITY OR UNINCORPORATED,E,2,2,0,0,0,AT,N,MO 51,SOR 60,Daylight,Motor Vehicle in Transport,1,64,Mon     ,0,0,0,0,0,0,1,1,1,0,0,1,0,0,0,1,0,0,0,0,1,0,0,1,0,36.78182,-90.1976,0,05/27/2019,15:00:00,CRASH OCCURRED AS  VEHICLE TWO FAILED TO YIELD AND PULLED INTO THE PATH OF VEHICLE ONE.
927693,3190013779,Missouri State Highway Patrol-Troop D,1558915200000,190298420,2,0,1,1,Personal Injury,MCDONALD,NON-CITY OR UNINCORPORATED,D,1,1,0,269,0.05,B ,W ,CRD COWAN RIDGE RD,CRD CREEKSIDE RD,Daylight,Fixed Object,2,,Mon     ,1,0,0,0,1,0,0,0,0,0,0,0,0,0,0,1,0,0,0,0,0,0,1,0,0,36.62523,-94.2469,0,05/27/2019,15:30:00,CRASH OCCURRED AS VEHICLE #1 RAN OFF RIGHT SIDE OF ROADWAY STRIKING TREE NEARLY HEAD -ON. BOTH OCCUPANTS WERE EJECTED DOWN A STEEP EMBANKMENT.
1228049,3190014770,Missouri State Highway Patrol-Troop C,1558915200000,190298500,1,1,1,0,Fatal,ST. LOUIS,WILDWOOD,C,2,2,0,0,0,AT,E ,MO 100,CST POND RD,Daylight,Motor Vehicle in Transport,1,64,Mon     ,1,0,0,0,0,0,0,1,0,0,0,0,1,0,0,1,0,0,0,0,0,0,0,0,0,38.5855,-90.65547,1,05/27/2019,15:20:00,"FATALITY REPORT - DRIVER 2 WAS ATTEMPTING A RIGHT TURN FROM THE EASTBOUND LANES OF HIGHWAY 100 ONTO SOUTHBOUND POND ROAD AND ENTERED INTO THE PATH OF VEHICLE 1.  THE FRONT OF VEHICLE 1 STRUCK THE RIGHT SIDE OF VEHICLE 2.  DRIVER 2 WAS PRONOUNCED AT MERCY HOSPITAL ST. LOUIS BY DR TZAU AT 1604 HOURS. ASSISTED BY CPL. M. G. AUTENRIETH (1312), CPL. J. A. ASHBY (234) AND TPR. B. C. BRIDGES (723)"
1338534,3190013493,Missouri State Highway Patrol-Troop G,1558915200000,190298797,2,0,2,0,Personal Injury,SHANNON,WINONA,G,2,2,0,0,0,AT,W ,US 60,CST LINDSEY,Daylight,Motor Vehicle in Transport,1,64,Mon     ,0,0,0,0,0,0,0,1,1,0,0,0,1,0,0,1,0,0,0,0,0,0,0,0,0,36.99978,-91.34024,0,05/27/2019,17:00:00,OCCURRED AS VEHICLE #1 CROSSED US 60 AND DROVE INTO THE PATH OF VEHICLE #2
988883,3190013364,Missouri State Highway Patrol-Troop D,1558915200000,190299167,3,0,3,0,Personal Injury,JASPER,NON-CITY OR UNINCORPORATED,D,1,1,0,1251,0.24,B ,S ,CRD 100,CRD KAFIR ROAD,Daylight,Fixed Object,2,,Mon     ,0,0,0,0,0,0,1,0,0,0,0,0,0,0,0,1,0,0,0,0,0,0,0,0,0,37.21595,-94.23547,0,05/27/2019,18:20:00,"VEHICLE #1 TRAVELED OFF THE LEFT SIDE OF THE ROADWAY, STRUCK A UTILITY POLE, AND OVERTURNED."
840193,3190014070,Missouri State Highway Patrol-Troop A,1558915200000,190299508,1,0,1,0,Personal Injury,LAFAYETTE,NON-CITY OR UNINCORPORATED,A,1,1,0,179,0.03,B ,N,CRD WALKENHORST,CRD DAVIS,Daylight,Fixed Object,2,,Mon     ,0,0,0,0,0,0,0,0,0,0,0,0,0,0,0,1,1,0,0,0,0,0,0,0,0,39.0048,-93.59344,0,05/27/2019,20:00:00,CRASHED OCCURRED AS VEH1 TRAVELED OFF THE ROADWAY AND STRUCK A DITCH.  ASSISTED BY MSGT C E UTTERBACK /688/ AND TPR T A HARTSHORN /656/
1040976,3190013450,Missouri State Highway Patrol-Troop I,1558915200000,190299611,1,0,1,0,Personal Injury,MARIES,NON-CITY OR UNINCORPORATED,I,1,1,0,357,0.07,B ,S ,MO 133,CRD 218 NJ,Dark-Unlighted,Overturn,2,,Mon     ,0,0,0,0,1,0,0,0,0,0,0,0,0,0,0,1,0,0,0,0,0,0,0,0,0,38.25244,-92.14061,0,05/27/2019,20:53:00,CRASH OCCURRED AS VEHICLE 1 TRAVELED OFF OF THE RIGHT SIDE OF ROADWAY OVERCORRECTED AND OVERTURNED.
1330779,3190013715,Missouri State Highway Patrol-Troop G,1558915200000,190299675,1,0,1,0,Personal Injury,WRIGHT,NON-CITY OR UNINCORPORATED,G,2,2,Y,950,0.18,B ,N,MO 5,CRD SUMMIT RD,Dark-Lighted,Motor Vehicle in Transport,1,62,Mon     ,0,0,0,0,0,0,0,0,0,0,0,0,0,0,0,1,0,0,0,0,1,0,0,1,0,37.34658,-92.59659,0,05/27/2019,21:28:00,OCCURRED AS VEHICLE #1 AND VEHICLE #2 MET IN ROADWAY AND STRUCK MIRRORS.
813073,3190014591,Missouri State Highway Patrol-Troop A,1558915200000,190299830,2,0,2,0,Personal Injury,BENTON,WARSAW,A,1,1,0,253,0.05,A ,E ,RP 1007124,US 65,Dark-Unlighted,Fixed Object,2,,Mon     ,1,0,0,0,0,1,1,0,0,0,0,0,0,0,0,0,0,0,0,0,0,0,0,0,0,38.24289,-93.36065,0,05/27/2019,23:27:00,"CRASH OCCURRED AS VEHICLE 1 WAS SOUTHBOUND ON US-65. VEHICLE 1 ATTEMPTED TO EXIT ONTO MAIN STREET. VEHICLE 1 LOST TRACTION AND TRAVELED OFF THE RIGHT SIDE OF THE ROADWAY. VEHICLE 1 STRUCK A CONCRETE DRAINAGE CULVERT AND WENT AIRBORNE. VEHICLE 1 TRAVELED INTO A DITCH, STRUCK AN EMBANKMENT AND CAME TO REST. ASSISTED BY WARSAW POLICE DEPARTMENT"
1318948,3190014045,Missouri State Highway Patrol-Troop G,1558915200000,190299832,1,0,0,1,Personal Injury,REYNOLDS,NON-CITY OR UNINCORPORATED,G,1,1,0,3695,0.7,B ,W ,RT K,RT Y,Dark-Unlighted,Fixed Object,2,,Mon     ,0,0,0,0,1,1,1,0,0,0,0,0,0,0,0,1,0,0,0,0,1,0,0,1,0,37.2474,-90.95344,0,05/27/2019,23:00:00,ACCIDENT OCCURRED AS WESTBOUND VEHICLE #1 TRAVELED OFF THE RIGHT SIDE OF THE ROADWAY INTO A DITCH AND STRUCK AN EMBANKMENT.          ASSISTED BY THE REYNOLDS COUNTY SHERIFF'S DEPARTMENT.
1148772,3190014130,Missouri State Highway Patrol-Troop E,1559001600000,190300192,1,0,1,0,Personal Injury,STODDARD,NON-CITY OR UNINCORPORATED,E,2,2,0,1056,0.2,B ,N,MO 25,CRD 690,Daylight,Motor Vehicle in Transport,1,63,Tue     ,0,0,0,0,0,0,1,1,0,0,0,0,0,0,0,1,0,0,0,0,0,0,0,0,0,36.63372,-89.96953,0,05/28/2019,08:45:00,VEHICLE 2 WAS PASSING VEHICLE 1. VEHICLE 1 THEN STRUCK VEHICLE 2
1219820,3190013667,Missouri State Highway Patrol-Troop C,1559001600000,190300263,1,0,1,0,Personal Injury,FRANKLIN,NON-CITY OR UNINCORPORATED,C,1,1,0,860,0.16,B ,N,CRD HIGH POINT LN,RT WW,Daylight,Animal,1,,Tue     ,0,0,0,0,0,0,0,1,0,0,0,0,0,0,0,0,0,0,0,0,0,1,0,0,0,38.34127,-91.03206,0,05/28/2019,09:13:00,VEHICLE 1 WAS TRAVELING NORTHBOUND. A CANINE RAN INTO THE ROADWAY AND WAS STRUCK BY VEHICLE 1. VEHICLE 1 OVERTURNED.
958954,3190013375,Missouri State Highway Patrol-Troop D,1559001600000,190300361,1,0,0,1,Personal Injury,TANEY,NON-CITY OR UNINCORPORATED,D,1,1,0,1710,0.32,B ,W ,US 160,CRD BLAIR RIDGE CUT OFF RD,Daylight,Overturn,2,,Tue     ,0,0,0,0,0,0,0,0,0,0,0,0,0,0,0,0,0,0,0,0,0,1,0,0,0,36.63058,-92.95831,0,05/28/2019,10:00:00,OCCURRED AS VEH1 RAN OFF THE ROADWAY AND OVERTURNED.