objectid,accident,agency,inv_date,complaint,injured,killed,min_inj,dis_inj,severity,county,city,troop,no_vehicle,motor_veh,left_scene,dist_feet,dist_mile,inter_loc,direction,on_street,at_street,light_cond,acc_type,on_off_rd,two_veh,day_week,dr_drink,dr_drug,ped_drink,ped_drug,speed,dr_under21,dr_under25,dr_over55,dr_over64,electrical,emer_veh,stop_sign,yield_sign,czone,hazmat,aggressive,cell_phone,texting,veh_defect,school_bus,truck,motorcycle,atv,pickup,cmv,gps_lat,gps_long,severity_fatal,acc_date,acc_time,narrative
1155903,3190013478,Missouri State Highway Patrol-Troop E,1559001600000,190300478,1,0,1,0,Personal Injury,SCOTT,NON-CITY OR UNINCORPORATED,E,1,1,0,638,0.12,B ,N,US 61,CRD PARK ROAD,Daylight,Fixed Object,2,,Tue     ,0,0,0,0,0,0,0,1,1,0,0,0,0,0,0,0,0,0,0,0,0,0,0,0,0,37.06849,-89.59628,0,05/28/2019,10:50:00,CRASH OCCURRED AS VEHICLE 1 TRAVELED OFF THE ROADWAY AND STRUCK THE DITCH.
1010359,3190013356,Missouri State Highway Patrol-Troop D,1559001600000,190300512,1,0,1,0,Personal Injury,WEBSTER,NON-CITY OR UNINCORPORATED,D,1,1,0,2640,0.5,B ,N,RT K,BRIDGE R0623,Daylight,Fixed Object,2,,Tue     ,0,0,0,0,1,1,1,0,0,0,0,0,0,0,0,1,0,0,0,0,0,0,0,0,0,37.10214,-92.75283,0,05/28/2019,11:00:00,"VEHICLE 1 WAS TRAVELING NORTH AND TRAVELED OFF THE RIGHT SIDE OF THE ROAADWAY ON A CURVE, DRIVER OVERCORRECTED AND STRUCK A DITCH, FENCE, AND TWO TREES."
1502132,3190013893,Missouri State Highway Patrol-Troop H,1559001600000,190300517,1,0,0,1,Personal Injury,ANDREW,NON-CITY OR UNINCORPORATED,H,2,2,0,2112,0.4,B ,S ,US 71,CRD 59,Daylight,Motor Vehicle in Transport,1,61,Tue     ,0,0,0,0,0,0,0,0,0,0,0,0,0,0,0,1,0,0,1,0,1,0,0,0,1,40.00155,-94.88043,0,05/28/2019,11:15:00,"CRASH OCCURRED AS BOTH VEHICLES WERE SOUTHBOUND ON US 71.  SLOW MOVING VEHICLE 2 WAS DRIVING PARTIALLY ON THE SHOULDER AND PARTIALLY ON THE ROADWAY.  VEHICLE 1 CRESTED A HILL AND ATTEMPTED TO SLOW DOWN BUT STRUCK VEHICLE 2.  DRIVER 2 WAS EJECTED FROM VEHICLE  2.  BOTH VEHICLES CAME TO UNCONTROLLED STOP OFF OF THE WEST SIDE OF THE ROADWAY.  ASSISTED BY CPL. A.J. WEBB (851), CPL. C.M. DOLLARD (504), CVE J.E. LAWRENCE (W185), CVE D.S. KELLEY (W058) AND THE ANDREW COUNTY SHERIFF'S DEPARTMENT."
1014603,3190013386,Missouri State Highway Patrol-Troop D,1559001600000,190300666,1,0,1,0,Personal Injury,VERNON,NON-CITY OR UNINCORPORATED,D,1,1,0,638,0.12,A ,S ,RT C,BRIDGE X0080,Daylight,Fixed Object,2,,Tue     ,0,0,0,0,0,0,0,1,1,0,0,0,0,0,0,0,0,0,0,0,0,0,0,0,0,37.96209,-94.1834,0,05/28/2019,12:35:00,OCCURRED AS VEH1 RAN OFF THE ROADWAY AND STRUCK A CULVERT.
1113343,3190014024,Missouri State Highway Patrol-Troop E,1559001600000,190300809,1,0,1,0,Personal Injury,DUNKLIN,ARBYRD,E,2,2,0,10,0,B ,W ,MO 108,CST CST FRISCO ST EJ,Daylight,Motor Vehicle in Transport,1,60,Tue     ,0,0,0,0,0,0,0,1,1,0,0,0,0,0,0,1,0,0,0,0,1,0,0,0,1,36.05386,-90.23883,0,05/28/2019,13:35:00,CRASH OCCURRED AS VEHICLE TWO WAS STOPPED FACING NORTHBOUND IN THE SOUTHBOUND LANE AND WAS STRUCK BY VEHICLE ONE. VEHICLE ONE CAME TO REST OFF THE RIGHT SIDE OF THE ROADWAY
804943,3190014056,Missouri State Highway Patrol-Troop A,1559001600000,190301058,1,0,0,1,Personal Injury,JOHNSON,NON-CITY OR UNINCORPORATED,A,1,1,0,0,0,AT,W ,RT OO,CRD NW 201ST,Daylight,Fell/Jumped from MV,2,,Tue     ,1,0,0,0,0,0,0,0,0,0,0,0,0,0,0,1,0,0,0,0,0,1,0,0,0,38.83465,-93.77926,0,05/28/2019,14:08:00,"CRASH OCCURRED AS VEH1 TRAVELED OFF THE ROADWAY, STRUCK A FENCE AND DVR1 WAS EJECTED.  VEH1 THEN OVERTURNED AND STRUCK ANOTHER FENCE BEFORE IT CAME TO REST.  ASSISTED BY TPR D W SCHUBERT /1228/"
948947,3190013802,Missouri State Highway Patrol-Troop D,1559001600000,190301062,4,0,4,0,Personal Injury,CHRISTIAN,BILLINGS,D,2,2,0,1114,0.21,B ,E ,US 60,CRD BLUEBELL,Daylight,Motor Vehicle in Transport,1,61,Tue     ,0,0,0,0,0,0,0,0,0,0,0,0,0,0,0,1,0,0,0,0,0,0,0,0,0,37.07515,-93.54019,0,05/28/2019,15:40:00,VEHICLE #2 STRUCK VEHICLE #1 IN THE REAR.
1286519,3190014421,Missouri State Highway Patrol-Troop C,1559001600000,190301109,1,0,1,0,Personal Injury,ST. FRANCOIS,NON-CITY OR UNINCORPORATED,C,2,2,0,5,0,A ,E ,MO 32,PVT OAK RIDGE TRL,Daylight,Motor Vehicle in Transport,1,61,Tue     ,0,0,0,0,0,0,0,0,0,0,0,0,0,0,0,0,0,0,0,0,1,0,0,1,0,37.82105,-90.56753,0,05/28/2019,16:05:00,VEHICLE #2 STOPPED TO MAKE A LEFT TURN.  VEHICLE #1 FAILED TO STOP AND STRUCK VEHICLE #2 IN THE REAR.
799323,3190013894,Missouri State Highway Patrol-Troop A,1559001600000,190301262,1,0,1,0,Personal Injury,SALINE,NON-CITY OR UNINCORPORATED,A,1,1,0,1040,0.2,A ,W ,CRD 125TH ROAD,CRD AUGUSTA AVENUE,Daylight,Fixed Object,2,,Tue     ,0,0,0,0,0,0,0,1,1,0,0,0,0,0,0,0,0,0,1,0,1,0,0,1,0,38.97845,-93.46535,0,05/28/2019,17:25:00,CRASH OCCURRED AS VEHICLE 1 TRAVELED OFF THE NORTH SIDE OF THE ROADWAY AND STRUCK A UTILITY POLE.
1019045,3190013668,Missouri State Highway Patrol-Troop D,1559001600000,190301297,7,0,6,1,Personal Injury,HICKORY,NON-CITY OR UNINCORPORATED,D,2,2,0,0,0,AT,N,MO 83,MO 254,Daylight,Motor Vehicle in Transport,1,60,Tue     ,0,0,0,0,0,0,0,0,0,1,0,0,0,0,0,1,0,0,0,0,0,0,0,0,0,37.89577,-93.41322,0,05/28/2019,17:20:00,ACCIDENT OCCURRED WHEN VEHICLE #1 TURNED INTO THE PATH OF VEHICLE #2.
990395,3190014069,Missouri State Highway Patrol-Troop D,1559001600000,190301398,1,0,1,0,Personal Injury,NEWTON,NON-CITY OR UNINCORPORATED,D,2,2,0,290,0.05,B ,S ,IS 49,ERM SOUTH IS 49 MILE 2760,Daylight,Motor Vehicle in Transport,1,63,Tue     ,0,0,0,0,0,0,0,0,0,0,0,0,0,0,0,1,0,0,0,0,1,0,0,1,0,36.88271,-94.43113,0,05/28/2019,18:49:00,NR1 AND NR2 BOTH TRAVELING SOUTHBOUND SIDESWIPED EASH OTHER FORCING NR1 OFF THE ROADWAY.  NR1 TRAVELED OFF THE ROADWAY AND COLLIDED WITH A GUARD RAIL.
1183049,3190013624,Missouri State Highway Patrol-Troop B,1559001600000,190301484,1,0,1,0,Personal Injury,RANDOLPH,NON-CITY OR UNINCORPORATED,B,1,1,0,800,0.15,A ,E ,CRD 2560,CRD 2565,Dark-Unlighted,Fixed Object,2,,Tue     ,0,0,0,0,0,0,0,0,0,0,0,0,0,0,0,0,0,0,0,0,1,0,0,1,0,39.30316,-92.49099,0,05/28/2019,19:33:00,"VEHICLE 1 SWERVED TO AVOID A DEER IN THE ROADWAY, TRAVELED OFF THE RIGHT SIDE OF THE ROAD AND STRUCK SEVERAL TREES.  ASSISTED BY RANDOLPH COUNTY SHERIFF'S OFFICE AND HIGBEE FIRE DEPARTMENT."
1223405,3190014383,Missouri State Highway Patrol-Troop C,1559001600000,190301571,1,0,0,1,Personal Injury,JEFFERSON,NON-CITY OR UNINCORPORATED,C,2,2,0,306,0.06,B ,E ,CRD JARVIS RD,RT Z,Dark-Unlighted,Motor Vehicle in Transport,1,61,Tue     ,0,0,0,0,1,0,0,0,0,0,0,0,0,0,0,1,0,0,0,0,0,1,0,0,0,38.26083,-90.46471,0,05/28/2019,20:53:00,VEHICLE 2 WAS TRAVELING EASTBOUND ON JARVIS ROAD. VEHICLE 1 MADE A LEFT ONTO JARVIS ROAD FROM A PRIVATE ROAD. VEHICLE 2 STRUCK THE REAR OF VEHICLE 1.
1211213,3190015341,Missouri State Highway Patrol-Troop F,1559088000000,190301781,1,0,0,1,Personal Injury,COLE,NON-CITY OR UNINCORPORATED,F,1,1,0,160,0.03,,,PP PRIVATE UNMARKED ROAD AT 5101 BUS 50 W,SOUTH OF CRD BUS 50 W E,Dark-Unlighted,Overturn,1,,Wed     ,1,1,0,0,0,0,0,0,0,0,0,0,0,0,0,0,0,0,0,0,0,0,0,0,0,38.58237,-92.2877,0,05/29/2019,02:33:00,OCCURRED AS VEHICLE 1 WAS TRAVELING NORTHBOUND. VEHICLE 1 STRUCK A LARGE SPEED BUMP AND OVERTURNED.
794734,3190013436,Missouri State Highway Patrol-Troop A,1559088000000,190301800,1,0,1,0,Personal Injury,CASS,NON-CITY OR UNINCORPORATED,A,1,1,0,221,0.04,B ,W ,MO 58,CRD S SHERWOOD ROAD,Dark-Unlighted,Animal,1,,Wed     ,0,0,0,0,0,0,0,1,1,0,0,0,0,0,0,0,0,0,0,0,0,0,0,0,0,38.7731,-94.23384,0,05/29/2019,04:20:00,CRASH OCCURRED AS VEHICLE 1 STRUCK A COW AND RAN OFF THE RIGHT SIDE OF THE ROADWAY. ASSISTED BY CASS COUNTY SHERIFF'S DEPARTMENT
1219838,3190013665,Missouri State Highway Patrol-Troop C,1559088000000,190301968,2,0,2,0,Personal Injury,FRANKLIN,NON-CITY OR UNINCORPORATED,C,2,2,0,1209,0.23,B ,N,RT K,CRD COURTNEY RD,Daylight,Fixed Object,2,,Wed     ,0,0,0,0,1,0,0,0,0,0,0,0,0,0,0,1,0,0,0,0,1,0,0,1,0,38.30761,-90.94291,0,05/29/2019,07:45:00,"VEHICLE #1 WAS TRAVELING NORTHBOUND ON ROUTE K.  VEHICLE #2 WAS PARKED IN A DRIVEWAY.  VEHICLE #1 TRAVELED OFF THE RIGHT SIDE OF THE ROADWAY, STRUCK THE GROUND, STRUCK VEHICLE #2 AND OVERTURNED.  VEHICLE #2 DEFLECTED AND STRUCK A GARAGE."
1145524,3190013782,Missouri State Highway Patrol-Troop E,1559088000000,190302376,1,0,1,0,Personal Injury,NEW MADRID,NON-CITY OR UNINCORPORATED,E,2,2,0,1504,0.28,B ,W ,US 62,CRD 542,Daylight,Motor Vehicle in Transport,1,63,Wed     ,0,0,0,0,0,0,0,1,0,0,0,0,0,0,0,1,0,0,0,0,1,0,0,0,1,36.55311,-89.86111,0,05/29/2019,11:04:00,"CRASH OCCURRED AS VEHICLE 2 TRIED TO OVERTAKE VEHICLE 1, VEHICLE 2 STRUCK VEHICLE 1."
1503480,3190013890,Missouri State Highway Patrol-Troop H,1559088000000,190302486,1,0,1,0,Personal Injury,ATCHISON,NON-CITY OR UNINCORPORATED,H,1,1,0,60,0.01,A ,N,RT N,MO 46,Daylight,Fixed Object,2,,Wed     ,0,0,0,0,0,0,0,1,1,0,0,0,0,0,0,1,0,0,0,0,0,0,0,0,0,40.33567,-95.27486,0,05/29/2019,11:55:00,CRASH OCCURRED AS VEHICLE 1 WAS TURNING FROM EASTBOUND MO 46 TO NORTHBOUND RT N. VEHICLE 1 TRAVELED OFF THE EAST SIDE OF RT N AND STRUCK A MODOT ROAD SIGN. VEHICLE 1 CAME TO REST ON ITS WHEELS FACING NORTH ON THE EAST SIDE OF RT N. ASSISTED BY ATCHISON COUNTY SHERIFF'S OFFICE.
1060940,3190013976,Missouri State Highway Patrol-Troop I,1559088000000,190302520,1,0,1,0,Personal Injury,DENT,NON-CITY OR UNINCORPORATED,I,1,1,0,1314,0.25,B ,E ,MO 32,CRD 6040,Daylight,Fixed Object,2,,Wed     ,0,0,0,0,0,0,0,1,0,0,0,0,0,0,0,1,0,0,0,0,0,0,0,0,1,37.53724,-91.72309,0,05/29/2019,12:09:00,"CRASH OCCURRED AS  VEHICLE 1 TRAVELED OFF OF THE RIGHT SIDE OF THE ROADWAY AND OVERTURNED. ASSISTED BY SGT. R.A.COPELAND (308), AND TPR R.A. TYLER (428)"
1148771,3190013591,Missouri State Highway Patrol-Troop E,1559088000000,190302526,4,0,4,0,Personal Injury,STODDARD,NON-CITY OR UNINCORPORATED,E,1,1,0,3695,0.7,B ,S ,MO 51,CRD 279,Daylight,Fixed Object,2,,Wed     ,0,0,0,0,0,1,1,0,0,0,0,0,0,0,0,1,0,0,0,0,0,0,0,0,0,37.00165,-90.10717,0,05/29/2019,12:15:00,CRASH OCCURRED AS VEH 1 RAN OFF THE LEFT SIDE OF THE ROADWAY AND STRUCK A TREE.
996516,3190013900,Missouri State Highway Patrol-Troop D,1559088000000,190302550,1,0,1,0,Personal Injury,STONE,NON-CITY OR UNINCORPORATED,D,2,2,0,0,0,AT,N,MO 265,CRD ELM SPRINGS RD,Daylight,Motor Vehicle in Transport,1,64,Wed     ,0,0,0,0,0,0,0,1,1,0,0,1,0,0,0,1,0,0,0,0,1,0,0,1,0,36.96593,-93.5744,0,05/29/2019,12:20:00,#1 FAILED TO YIELD AND PULLED INTO THE PATH OF #2. #2 STRUCK #1.
958950,3190013713,Missouri State Highway Patrol-Troop D,1559088000000,190302763,2,0,2,0,Personal Injury,TANEY,NON-CITY OR UNINCORPORATED,D,2,2,0,258,0.05,B ,E ,MO 76,CRD WALKINGTON LN,Daylight,Motor Vehicle in Transport,1,64,Wed     ,0,0,0,0,1,0,0,0,0,0,0,0,0,0,0,1,0,0,0,0,1,0,0,1,0,36.64543,-93.19138,0,05/29/2019,14:04:00,DVR #1 LOST CONTROL OF VEH #1 CAUSING IT TO TRAVEL INTO THE PATH OF VEH #2 WHERE IT WAS STRUCK.
1044925,3190013552,Missouri State Highway Patrol-Troop I,1559088000000,190302786,1,0,1,0,Personal Injury,LACLEDE,NON-CITY OR UNINCORPORATED,I,1,1,0,1056,0.2,B ,E ,CRD PECOS DRIVE,CRD GINGER ROAD,Daylight,Fixed Object,2,,Wed     ,0,0,0,0,0,0,1,0,0,0,0,0,0,0,0,0,0,0,0,0,0,0,0,0,0,37.6984,-92.62647,0,05/29/2019,14:20:00,CRASH OCCURRED AS VEHICLE 1 TRAVELED  OFF OF THE RIGHT SIDE OF THE ROADWAY AND STRUCK  A CULVERT. ASSISTED BY TPR S.R. HOUSE (413)
794157,3190014465,Missouri State Highway Patrol-Troop A,1559088000000,190302839,1,0,0,1,Personal Injury,CASS,NON-CITY OR UNINCORPORATED,A,2,2,0,0,0,AT,N,MO 291,CRD 225TH,Daylight,Motor Vehicle in Transport,1,61,Wed     ,0,0,0,0,0,1,1,0,0,0,0,0,0,0,0,1,0,0,0,0,1,0,0,1,1,38.71052,-94.36822,0,05/29/2019,14:45:00,"CRASH OCCURRED AS VEHICLE #1 SLOWED TO A STOP TO MAKE A LEFT TURN, VEHICLE #2 CRESTED A HILL AND STRUCK VEHICLE #1. ASSISTED BY CASS COUNTY SHERIFF'S DEPARTMENT."
804982,3190014312,Missouri State Highway Patrol-Troop A,1559088000000,190302872,2,0,2,0,Personal Injury,JOHNSON,NON-CITY OR UNINCORPORATED,A,2,2,0,0,0,AT,N,RT M,RT OO,Daylight,Motor Vehicle in Transport,1,64,Wed     ,0,0,0,0,0,1,1,0,0,0,0,1,0,0,0,1,0,0,0,0,0,0,0,0,0,38.90612,-93.88771,0,05/29/2019,15:00:00,OCCURRED AS VEH2 FAILED TO YEILD AT THE STOP SIGN AND WAS STRUCK ON THE PASSENGER SIDE BY VEH1.
1211215,3190014010,Missouri State Highway Patrol-Troop F,1559088000000,190303033,1,0,1,0,Personal Injury,COLE,NON-CITY OR UNINCORPORATED,F,1,1,0,174,0.03,B ,W ,CRD S ROCK CREEK RD,PVT NATURE LN,Daylight,Overturn,1,,Wed     ,0,0,0,0,1,0,1,0,0,0,0,0,0,0,0,1,0,0,0,0,1,0,0,0,1,38.45618,-92.20306,0,05/29/2019,15:10:00,CRASH OCCURRED AS DRIVER 1 FAILED TO NEGOTIATE A CURVE AND OVERTURNED. ASSISTED BY COLE COUNTY S.O. AND WARDSVILLE FIRE.
1120189,3190014180,Missouri State Highway Patrol-Troop E,1559088000000,190303051,2,0,1,1,Personal Injury,IRON,NON-CITY OR UNINCORPORATED,E,1,1,0,1584,0.3,B ,S ,MO 49,PVT PRIVATE ROAD,Daylight,Fixed Object,2,,Wed     ,0,0,0,0,1,1,1,0,0,0,0,0,0,0,0,1,0,0,0,0,0,0,0,0,0,37.37471,-90.6989,0,05/29/2019,16:30:00,"*STATE PROPERTY DAMAGE. CRASH OCCURRED AS VEHICLE 1 WAS TRAVELING NORTH ON HWY 49, DRIVER 1 LOST CONTROL, VEHICLE 1  BEGAN TO ROTATE,  CROSSED THE CENTER LINE, RAN OFF LEFT SIDE OF THE ROADWAY, STRUCK A MODOT SIGN AND OVERTURNED COMING TO REST AGAINST A TREE. DAMAGE TO A MODOT SIGN."
1510663,3190013955,Missouri State Highway Patrol-Troop H,1559088000000,190303164,1,0,1,0,Personal Injury,HARRISON,NON-CITY OR UNINCORPORATED,H,2,2,0,0,0,AT,S ,US 69,CRD W 190 AVE,Daylight,Motor Vehicle in Transport,1,64,Wed     ,0,0,0,0,0,0,0,0,0,0,0,1,0,0,0,1,0,0,0,0,0,1,0,0,0,40.23566,-94.06532,0,05/29/2019,17:20:00,CRASH OCCURRED AS VEH 1 WAS TRAVELING WESTBOUND ON 190TH AVE AND VEH 2 WAS TRAVELING NORTHBOUND ON US-69. VEH 1 STOPPED AT THE WESTBOUND STOP SIGN AT THE INTERSECTION OF 190TH AVE AND US-69.   VEH1 ATTEMPTED TO CROSS US-69 INTO A PRIVATE DRIVE.  VEH 1 FAILED TO YIELD TO VEH 2.  VEH 1'S FRONT DRIVER SIDE STRUCK THE FRONT OF VEH 2 AND DRV 2 WAS EJECTED. VEH 1 CAME TO REST ON ITS WHEELS FACING WESTBOUND IN A PRIVATE DRIVE AND VEH 2 CAME TO REST ON ITS DRIVER SIDE FACING NORTHWEST OFF THE WEST SIDE OF THE ROADWAY. ASSISTED BY HARRISON COUNTY SHERIFF'S OFFICE AND NTA AMBULANCE.
1311767,3190014210,Missouri State Highway Patrol-Troop C,1559088000000,190303244,0,0,0,0,Property Damage,ST. CHARLES,ST PETERS,C,2,2,0,147,0.03,B ,E ,MO 94,CRD FLORENCE DR,Daylight,Motor Vehicle in Transport,1,61,Wed     ,0,0,0,0,1,0,0,0,0,1,0,0,0,0,0,1,0,0,0,0,0,0,0,0,0,38.73134,-90.64059,0,05/29/2019,18:21:00,VEHICLE 2 WAS STOPPED AT A SOLID RED TRAFFIC SIGNAL. VEHICLE 1 FAILED TO STOP AND THE FRONT OF VEHICLE 1 STRUCK THE REAR OF VEHICLE 2.
1146279,3190014167,Missouri State Highway Patrol-Troop E,1559088000000,190303266,1,0,1,0,Personal Injury,NEW MADRID,NEW MADRID,E,2,2,0,14,0,B ,N,IS 55,ERM NORTH IS 55 MILE 444,Daylight,Motor Vehicle in Transport,1,61,Wed     ,0,0,0,0,1,0,0,1,0,0,0,0,0,0,0,1,0,0,0,0,0,0,0,0,1,36.56567,-89.58064,0,05/29/2019,18:25:00,CRASH OCCURRED AS VEHICLE 1 STRUCK THE REAR OF VEHICLE 2.
988922,3190014480,Missouri State Highway Patrol-Troop D,1559088000000,190303269,2,0,2,0,Personal Injury,JASPER,NON-CITY OR UNINCORPORATED,D,1,1,0,227,0.04,A ,N,IS 49,ERM NORTH IS 49 MILE 628,Daylight,Animal,1,,Wed     ,0,0,0,0,0,0,0,1,1,0,0,0,0,0,0,0,0,0,0,0,0,0,0,0,0,37.29216,-94.30334,0,05/29/2019,18:35:00,#1 STRUCK A COW IN THE ROADWAY.
1111666,3190013593,Missouri State Highway Patrol-Troop E,1559088000000,190303303,1,0,1,0,Personal Injury,DUNKLIN,NON-CITY OR UNINCORPORATED,E,2,2,0,42,0.01,B ,S ,MO 25,CRD 102A,Daylight,Motor Vehicle in Transport,1,61,Wed     ,0,0,0,0,1,0,0,0,0,0,0,0,0,0,0,1,0,0,0,0,1,0,0,1,0,36.61869,-89.96979,0,05/29/2019,19:00:00,CRASH OCCURRED  AS VEHICLE 1 STRUCK VEHICLE 2 IN THE REAR.
1257771,3190015211,Missouri State Highway Patrol-Troop C,1559088000000,190303365,1,0,1,0,Personal Injury,ST. LOUIS,HAZELWOOD,C,2,2,0,47,0.01,B ,E ,IS 270,US 67,Daylight,Motor Vehicle in Transport,1,64,Wed     ,0,0,0,0,1,0,0,1,0,0,0,0,0,0,0,1,0,0,0,0,1,0,0,1,0,38.77817,-90.36024,0,05/29/2019,19:40:00,DRIVER #1 WAS TRAVELING TOO FAST FOR CONDITIONS AND VEHICLE #1 BEGAN TO SLIDE. THE RIGHT SIDE OF VEHICLE #1 STRUCK THE FRONT OF VEHICLE #2.
1222456,3190014577,Missouri State Highway Patrol-Troop C,1559088000000,190303584,1,0,1,0,Personal Injury,ST. LOUIS,NON-CITY OR UNINCORPORATED,C,2,2,0,223,0.04,A ,W ,IS 270,ERM WEST IS 270 MILE 290,Dark-Unlighted,Motor Vehicle in Transport,1,63,Wed     ,0,0,0,0,0,0,0,0,0,0,0,0,0,0,0,1,0,0,0,0,0,0,0,0,0,38.77158,-90.29273,0,05/29/2019,23:10:00,VEHICLE 1 WAS TRAVELING IN LANE 2 ON WESTBOUND I-270 AND VEHICLE 2 WAS TRAVELING IN LANE 1. DRIVER 2 FAILED TO MAINTAIN A LANE AND STRUCK THE REAR OF VEHICLE 1. VEHICLE 2 THEN TRAVELED OFF THE LEFT SIDE OF THE ROADWAY AND STRUCK A CONCRETE BARRIER. ASSISTED BY TPR. B. G. GROVES (837).
1330778,3190014067,Missouri State Highway Patrol-Troop G,1559174400000,190303610,2,0,1,1,Personal Injury,WRIGHT,NON-CITY OR UNINCORPORATED,G,1,1,0,330,0.06,A ,W ,RT N,CRD KEMPER ROAD,Dark-Unlighted,Fixed Object,2,,Wed     ,0,0,0,0,1,1,1,0,0,0,0,0,0,0,0,1,0,0,0,0,0,0,0,0,0,37.17208,-92.32174,0,05/29/2019,23:35:00,"ACCIDENT OCCURRED AS WESTBOUND VEHICLE #1 FAILED TO NEGOTIATE A CURVE, TRAVELED OFF THE RIGHT SIDE OF THE ROADWAY AND STRUCK A TREE.     ASSISTED BY THE WRIGHT COUNTY SHERIFF'S DEPARTMENT."
781169,3190014683,Missouri State Highway Patrol-Troop A,1559088000000,190303614,0,1,0,0,Fatal,CASS,PECULIAR,A,1,1,0,1089,0.21,B ,S ,RT C,CRD E 233RD STREET,Dark-Unlighted,Fixed Object,2,,Wed     ,0,1,0,0,0,1,1,0,0,0,0,0,0,0,0,1,0,0,0,0,0,0,0,0,0,38.70198,-94.46056,1,05/29/2019,23:40:00,----FATAL CRASH REPORT----NEXT OF KIN NOTIFIED---- TROOP A FATAL CRASH # 31 AND FATALITY # 36 OF 2019. CRASH OCCURRED AS VEHICLE 1 WAS SOUTHBOUND ON ROUTE C. VEHICLE 1 BEGAN SKIDDING AND RAN OFF THE RIGHT SIDE OF THE ROADWAY. VEHICLE 1 STRUCK A DITCH OVERTURNED SEVERAL TIMES AND EJECTED DRIVER 1. VEHICLE 1 CAME TO REST ON ITS WHEELS FACING NORTH. DRIVER 1 WAS PRONOUNCED AT BELTON REGIONAL MEDICAL CENTER BY DR LAURA JENNINGS AT 0012 HOURS. ASSISTED BY TPR E. J. VILLANUEVA /690/ AND PECULIAR POLICE DEPARTMENT
990433,3190013501,Missouri State Highway Patrol-Troop D,1559174400000,190303719,1,0,1,0,Personal Injury,NEWTON,NON-CITY OR UNINCORPORATED,D,2,2,0,2587,0.49,A ,W ,CRD NORWAY RD,RT H,Daylight,Motor Vehicle in Transport,1,61,Thu     ,0,0,0,0,0,0,1,0,0,0,0,0,0,0,0,0,1,0,0,0,0,0,0,0,0,36.84913,-94.27407,0,05/30/2019,06:00:00,CRASH OCCURRED AS VEHICLE #2 WAS OUT OF GAS AND STOPPED IN THE ROADWAY. VEHICLE #1 STRUCK THE REAR OF VEHICLE #2
910436,3190014957,Missouri State Highway Patrol-Troop D,1559174400000,190303720,2,0,2,0,Personal Injury,GREENE,NON-CITY OR UNINCORPORATED,D,1,1,0,279,0.05,A ,N,RT Z,CRD 68,Daylight,Fixed Object,2,,Thu     ,0,0,0,0,1,1,1,0,0,0,0,0,0,0,0,1,0,0,0,0,1,0,0,1,0,37.32211,-93.43226,0,05/30/2019,06:00:00,"ACCIDENT OCCURRED AS NORTHBOUND VEH #1 RAN  OFF THE  RIGHT SIDE OF ROAD, STRUCK A FENCE AND OVERTURNED"
1207778,3190013858,Missouri State Highway Patrol-Troop F,1559174400000,190303769,1,0,0,1,Personal Injury,OSAGE,NON-CITY OR UNINCORPORATED,F,2,2,0,1119,0.21,B ,S ,US 63,MO 133,Daylight,Motor Vehicle in Transport,1,60,Thu     ,0,0,0,0,0,0,0,0,0,0,0,0,0,1,1,1,0,0,0,0,0,0,0,0,1,38.45414,-92.01027,0,05/30/2019,06:50:00,VEHICLE 1 CROSSED CENTER OF ROADWAY AND STRUCK FRONT OF VEHICLE 2.
1164888,3190015085,Missouri State Highway Patrol-Troop F,1559174400000,190303943,2,0,1,1,Personal Injury,BOONE,NON-CITY OR UNINCORPORATED,F,1,1,0,3695,0.7,B ,S ,US 63,CRD MINOR HILL RD,Daylight,Fixed Object,2,,Thu     ,1,0,0,0,0,0,0,0,0,0,0,0,0,0,0,1,0,0,0,0,0,0,0,0,0,38.82067,-92.25153,0,05/30/2019,08:35:00,"CRASH OCCURRED AS VEHICLE 1 LOST CONTROL, SKIDDED OFF THE LEFT SIDE OF THE HIGHWAY, STRUCK THE CABLE BARRIERS AND CAME TO REST IN THE MEDIAN."
1232397,3190014106,Missouri State Highway Patrol-Troop C,1559174400000,190304062,1,0,1,0,Personal Injury,LINCOLN,NON-CITY OR UNINCORPORATED,C,1,1,0,126,0.02,A ,E ,RT C,PVT NORTH SHORE LN,Daylight,Fixed Object,2,,Thu     ,0,0,0,0,0,0,0,0,0,0,0,0,0,0,0,0,0,0,0,0,0,0,0,0,0,38.94673,-90.89121,0,05/30/2019,09:22:00,VEHICLE 1 TRAVELED OFF THE RIGHT SIDE OF THE ROADWAY AND STRUCK AN EMBANKMENT.
1164889,3190014241,Missouri State Highway Patrol-Troop F,1559174400000,190304168,3,0,2,1,Personal Injury,BOONE,NON-CITY OR UNINCORPORATED,F,2,2,0,333,0.06,A ,N,RT B,CRD BRANCH ST,Daylight,Motor Vehicle in Transport,1,61,Thu     ,0,0,0,0,1,0,0,1,1,0,0,0,0,0,0,1,0,0,0,0,0,0,0,0,0,39.10614,-92.2337,0,05/30/2019,10:30:00,"CRASH OCCURRED AS VEHICLE 2 WAS STOPPED IN TRAFFIC, DRIVER 1 FAILED TO SEE VEHICLE 2  AND THE FRONT OF THE VEHICLE 1 STRUCK THE REAR OF VEHICLE 2."