objectid,accident,agency,inv_date,complaint,injured,killed,min_inj,dis_inj,severity,county,city,troop,no_vehicle,motor_veh,left_scene,dist_feet,dist_mile,inter_loc,direction,on_street,at_street,light_cond,acc_type,on_off_rd,two_veh,day_week,dr_drink,dr_drug,ped_drink,ped_drug,speed,dr_under21,dr_under25,dr_over55,dr_over64,electrical,emer_veh,stop_sign,yield_sign,czone,hazmat,aggressive,cell_phone,texting,veh_defect,school_bus,truck,motorcycle,atv,pickup,cmv,gps_lat,gps_long,severity_fatal,acc_date,acc_time,narrative
1186036,3190013702,Missouri State Highway Patrol-Troop B,1559174400000,190304219,1,0,1,0,Personal Injury,SULLIVAN,NON-CITY OR UNINCORPORATED,B,1,1,0,168,0.03,B ,E ,CRD LONDON RD,CRD CREST DR,Daylight,Fixed Object,1,,Thu     ,0,0,0,0,0,0,0,1,0,0,0,0,0,0,0,0,0,0,0,0,1,0,0,1,0,40.32341,-93.21575,0,05/30/2019,10:45:00,VEHICLE 1 STRUCK A WASH OUT IN THE ROADWAY.
796928,3190015258,Missouri State Highway Patrol-Troop A,1559174400000,190304337,1,0,1,0,Personal Injury,CLAY,LIBERTY,A,3,3,0,263,0.05,B ,S ,IS 35,ERM SOUTH IS 35 MILE 160,Daylight,Motor Vehicle in Transport,1,61,Thu     ,0,0,0,0,0,0,0,1,0,0,0,0,1,1,0,0,0,0,0,0,0,0,0,0,0,39.24165,-94.45813,0,05/30/2019,11:51:00,"CRASH OCCURRED AS VEHICLE 3 AND VEHICLE 2 SLOWED FOR TRAFFIC CONGESTION.  VEHICLE 1 STRUCK THE REAR OF VEHICLE 2 CAUSING VEHICLE 2 TO STRIKE THE REAR OF VEHICLE 3.  ASSISTED BY TPR D K FLETCHER /491/, CLAY COUNTY DEPUTIES AND KANSAS CITY POLICE."
1222324,3190013941,Missouri State Highway Patrol-Troop C,1559174400000,190304641,1,0,1,0,Personal Injury,ST. LOUIS,FLORISSANT,C,2,2,0,0,0,AT,S ,RT AC,CRD HEARTHSTONE CT,Daylight,Motor Vehicle in Transport,1,63,Thu     ,0,0,0,0,0,0,0,0,0,0,0,0,0,0,0,1,0,0,0,0,0,0,0,0,0,38.78952,-90.28316,0,05/30/2019,14:05:00,"VEHICLE 2 WAS MAKING A LEFT TURN, DRIVER 1 ATTEMPTED TO PASS VEHICLE 2 IN THE NORTHBOUND LANE. VEHICLE 1 STRUCK THE RIGHT REAR TIRE OF VEHICLE 2."
794700,3190013844,Missouri State Highway Patrol-Troop A,1559174400000,190304809,1,0,0,1,Personal Injury,CASS,NON-CITY OR UNINCORPORATED,A,2,2,0,0,0,AT,N,MO 291,MO 58,Daylight,Motor Vehicle in Transport,1,64,Thu     ,0,0,0,0,0,0,0,1,0,0,0,1,0,0,0,1,0,0,0,0,1,0,0,1,1,38.78001,-94.37479,0,05/30/2019,15:30:00,"CRASH OCCURRED AS VEHICLE #1TRAVELING WESTBOUND ON MO-58  FAILED TO YIELD TO VEHICLE #2, TRAVELING NORTHBOUND ON MO-291. ASSISTED BY TPR. G.T. DANIELS /327/, TPR. B.R. PETERS /1384/, AND CASS COUNTY."
883877,3190013841,Missouri State Highway Patrol-Troop A,1559174400000,190304903,2,0,2,0,Personal Injury,BATES,NON-CITY OR UNINCORPORATED,A,1,1,0,21,0,B ,N,IS 49,ERM NORTH IS 49 MILE 1238,Daylight,Fixed Object,2,,Thu     ,0,0,0,0,0,0,0,0,0,0,0,0,0,0,0,1,0,0,0,0,0,0,0,0,0,38.14063,-94.35128,0,05/30/2019,16:15:00,CRASH OCCURRED AS VEHICLE #1 TRAVELED OFF THE LEFT SIDE OF THE ROAD AND STRUCK THE GUARDRAIL END.
1278049,3190014576,Missouri State Highway Patrol-Troop C,1559174400000,190304935,2,0,2,0,Personal Injury,ST. CHARLES,LAKE ST LOUIS,C,2,2,0,153,0.03,A ,E ,IS 70,RP 104083,Daylight,Motor Vehicle in Transport,1,63,Thu     ,0,0,0,0,0,0,0,0,0,0,0,0,0,0,0,0,0,0,0,0,0,0,0,0,0,38.80522,-90.80354,0,05/30/2019,16:35:00,VEHICLE 1 WAS IN LANE 2 AND VEHICLE 2 IN LANE 3.  DRIVER 1 SUFFERED A MEDICAL EMERGENCY CAUSING DRIVER 1 TO LOSE CONTROL OF VEHICLE 1.  THE FRONT RIGHT OF VEHICLE 1 STRUCK THE LEFT SIDE OF VEHICLE 2 CAUSING BOTH VEHICLES TO SPIN AND STRIKE THE WALL.
862506,3190014172,Missouri State Highway Patrol-Troop A,1559174400000,190305072,1,0,1,0,Personal Injury,JACKSON,NON-CITY OR UNINCORPORATED,A,1,1,0,850,0.16,B ,S ,RT F,CRD COLBERN ROAD,Daylight,Animal,1,,Thu     ,0,0,0,0,0,1,1,0,0,0,0,0,0,0,0,0,0,0,0,0,0,1,0,0,0,38.93556,-94.13344,0,05/30/2019,17:30:00,OCCURRED AS VEH1 STRUCK A DEER.
1337836,3190013799,Missouri State Highway Patrol-Troop G,1559174400000,190305084,2,0,1,1,Personal Injury,SHANNON,NON-CITY OR UNINCORPORATED,G,1,1,0,95,0.02,B ,W ,CRD 670,RT T,Daylight,Fixed Object,2,,Thu     ,0,0,0,0,1,0,0,1,0,0,0,0,0,0,0,1,0,0,0,0,1,0,0,1,0,36.97496,-91.627,0,05/30/2019,17:38:00,"OCCURRED AS VEHICLE ONE TURNED ON COUNTY ROAD AND LOST CONTROL OF THE VEHICLE, GOING OFF THE ROADWAY AND STRIKING A TREE"
1132822,3190013604,Missouri State Highway Patrol-Troop E,1559174400000,190305236,1,0,1,0,Personal Injury,RIPLEY,NON-CITY OR UNINCORPORATED,E,1,1,0,765,0.14,A ,W ,MO 142,RT W,Daylight,Fixed Object,2,,Thu     ,0,0,0,0,0,0,0,0,0,0,0,0,0,0,0,0,0,0,0,0,0,0,0,0,0,36.56587,-90.61148,0,05/30/2019,18:40:00,CRASH OCCURRED AS VEHICLE 1 RAN OFF RIGHT SIDE OF ROADWAY AND STRUCK CULVERT
1211574,3190013726,Missouri State Highway Patrol-Troop C,1559174400000,190305268,2,0,2,0,Personal Injury,WASHINGTON,NON-CITY OR UNINCORPORATED,C,1,1,0,1890,0.36,A ,N,RT E,PVT WICKET RD,Daylight,Fixed Object,2,,Thu     ,0,0,0,0,0,0,0,0,0,0,0,0,0,0,0,0,0,0,0,0,0,0,0,0,0,37.97289,-90.72767,0,05/30/2019,19:00:00,"VEHICLE 1 WAS TRAVELING WESTBOUND ON ROUTE E, TRAVELED OFF THE RIGHT SIDE OF THE ROADWAY, AND STRUCK A TREE."
787841,3190014005,Missouri State Highway Patrol-Troop A,1559174400000,190305324,2,0,2,0,Personal Injury,HENRY,NON-CITY OR UNINCORPORATED,A,1,1,0,1584,0.3,B ,W ,CRD NE 100 ROAD,PVT NE 219 P,Daylight,Fixed Object,2,,Thu     ,0,0,0,0,1,1,1,0,0,0,0,0,0,0,0,1,0,0,0,0,0,0,0,0,0,38.37965,-93.70883,0,05/30/2019,19:42:00,"CRASH OCCURRED AS VEHICLE 1 BEGAN TO SLIDE ON A GRAVEL ROAD. VEHICLE 1 TRAVELED OFF THE LEFT SIDE OF THE ROADWAY. VEHICLE 1 RETURNED TO THE ROAD AND TRAVELED OFF THE RIGHT SIDE OF THE ROADWAY. VEHICLE 1 STRUCK A BRIDGE GUARD, WENT AIRBORNE, IMPACTED THE GROUND, AND OVERTURNED. ASSISTED BY TPR R. W. ROSENTHAL /930/"
1219815,3190014626,Missouri State Highway Patrol-Troop C,1559174400000,190305369,1,0,0,1,Personal Injury,FRANKLIN,NON-CITY OR UNINCORPORATED,C,2,2,0,1504,0.28,A ,W ,NOR 44,BRIDGE A1893,Dark-Unlighted,Pedestrian,1,,Thu     ,0,0,1,0,0,1,1,0,0,0,1,0,0,0,0,0,0,0,0,0,1,0,0,0,1,38.24596,-91.13825,0,05/30/2019,20:43:00,VEHICLE 1 WAS TRAVELING WESTBOUND ON THE SOUTH SERVICE ROAD. VEHICLE 2 WAS STOPPED IN THE ROADWAY EASTBOUND ON THE SOUTH SERVICE ROAD WITH THE EMERGENCY EQUIPMENT ACTIVATED. PEDESTRIAN 1 RAN NORTH INTO THE ROADWAY AND WAS STRUCK BY VEHICLE 1. THE IMPACT CAUSED PEDESTRIAN 1 TO BECOME AIRBORNE AND STRIKE THE DRIVER SIDE DOOR OF VEHICLE 2.
910435,3190014003,Missouri State Highway Patrol-Troop D,1559174400000,190305417,0,1,0,0,Fatal,GREENE,NON-CITY OR UNINCORPORATED,D,1,1,0,760,0.14,A ,E ,CRD 186,CRD 221,Dark-Unlighted,Animal,1,,Thu     ,1,0,0,0,0,0,0,1,1,0,0,0,0,0,0,0,0,0,0,0,0,1,0,0,0,37.10495,-93.13991,1,05/30/2019,20:40:00,NR1 STRUCK A DEER AND OVER TURNED.
1123595,3190013885,Missouri State Highway Patrol-Troop E,1559174400000,190305565,2,0,1,1,Personal Injury,MADISON,NON-CITY OR UNINCORPORATED,E,1,1,0,649,0.12,A ,W ,RT A,BRIDGE A2566,Dark-Unlighted,Fixed Object,2,,Thu     ,0,0,0,0,1,0,1,0,0,0,0,0,0,0,0,1,0,0,0,0,0,0,1,0,0,37.43616,-90.18227,0,05/30/2019,22:30:00,"CRASH OCCURRED AS VEHICLE 1 FAILED TO NEGOTIATE A CURVE, RAN OFF THE ROADWAY, STRUCK AN EMBANKMENT, OVERTURNED AND STRUCK AN UTILITY POLE."
921178,3190014018,Missouri State Highway Patrol-Troop D,1559260800000,190305698,3,0,3,0,Personal Injury,LAWRENCE,NON-CITY OR UNINCORPORATED,D,2,2,0,274,0.05,B ,W ,IS 44,ERM WEST IS 44 MILE 500,Dark-Unlighted,Motor Vehicle in Transport,1,61,Fri     ,0,0,0,0,0,0,0,0,0,0,0,0,0,0,0,0,0,0,0,0,0,0,0,0,0,37.11868,-93.75707,0,05/31/2019,01:04:00,CRASH OCCURRED AS VEHICLE #2 REAR-ENDED VEHICLE #1 CAUSING VEHICLE #1 TO RUN OFF THE ROADWAY AND OVERTURN. ASSISTED BY LAWRENCE COUNTY SHERIFF OFFICE.
1044927,3190015028,Missouri State Highway Patrol-Troop I,1559260800000,190305734,1,0,1,0,Personal Injury,LACLEDE,NON-CITY OR UNINCORPORATED,I,2,2,0,240,0.05,B ,E ,IS 44,ERM EAST IS 44 MILE 1408,Dark-Unlighted,Motor Vehicle in Transport,1,61,Fri     ,0,0,0,0,0,0,1,1,0,0,0,0,0,0,0,0,0,0,0,0,0,1,0,0,0,37.75314,-92.49449,0,05/31/2019,02:35:00,VEHICLE #1 AND VEHICLE #2 WERE TRAVELING EASTBOUND ON THE INTERSTATE. VEHICLE #1 STRUCK THE REAR OF VEHICLE #2 AND THE DRIVER OF VEHICLE #2 WAS EJECTED. ASSISTED BY THE SHERIFF'S OFFICE LACLEDE COUNTY.
1200845,3190014161,Missouri State Highway Patrol-Troop F,1559260800000,190305784,0,1,0,0,Fatal,CAMDEN,NON-CITY OR UNINCORPORATED,F,1,1,0,3168,0.6,A ,W ,CRD KNOB HOLLOW RD,CRD FIERY FORK RD,Dark-Unlighted,Fixed Object,2,,Fri     ,0,0,0,0,1,1,1,0,0,0,0,0,0,0,0,1,0,0,0,0,0,0,0,0,0,38.06702,-93.00654,1,05/31/2019,05:00:00,"**FATALITY ACCIDENT, NEXT OF KIN NOTIFIED**   VEHICLE 1 LOST CONTROL AND  BEGAN TO SKID.  VEHICLE 1 THEN WENT OFF THE LEFT SIDE OF THE ROADWAY AND COLLIDED WITH AN EMBANKMENT, IT THEN RETURNED TO THE ROADWAY AND OVERTURNED   DRIVER 1 WAS EJECTED.  VEHICLE 1 CAME TO REST IN THE MIDDLE OF ROADWAY.  DRIVER 1 WAS PRONOUNCED DECEASED  AT THE SCENE BY CAMDEN COUNTY MEDICAL EXAMINER CRYSTAL LLOYD AT 0812 HRS.  THIS IS TROOP F'S   8TH FATALITY FOR THE MONTH OF MAY AND THE 22 FOR 2019.  **CORRECTION TO LOCATION NAME**"
958951,3190013771,Missouri State Highway Patrol-Troop D,1559260800000,190305913,1,0,1,0,Personal Injury,TANEY,NON-CITY OR UNINCORPORATED,D,3,3,0,190,0.04,B ,E ,MO 76,CRD SPRING MEADOW PKWY,Daylight,Motor Vehicle in Transport,1,61,Fri     ,0,0,0,0,0,0,0,1,1,0,0,0,0,0,0,1,0,0,0,0,0,0,0,0,1,36.64548,-93.19311,0,05/31/2019,07:38:00,VEHICLE #3 STOPPED SUDDENLY FOR A TURN.  VEHICLE #2 SLOWED FOR VEHICLE #3 AND WAS STRUCK FROM BEHIND BY VEHICLE #1 CAUSING A CHAIN REACTION.
961942,3190013689,Missouri State Highway Patrol-Troop D,1559260800000,190305987,1,0,1,0,Personal Injury,POLK,NON-CITY OR UNINCORPORATED,D,2,2,0,633,0.12,B ,S ,MO 83,CRD 380TH RD,Daylight,Motor Vehicle in Transport,1,64,Fri     ,0,0,0,0,0,0,0,0,0,0,0,0,0,0,0,1,0,0,0,0,1,0,0,1,1,37.7016,-93.44096,0,05/31/2019,08:10:00,CRASH OCCURRED AS VEHICLE #1 AND IT'S TOWED UNIT MADE A LEFT TURN INTO THE PATH OF VEHICLE #2. VEHICLE #2 STRUCK THE TOWED UNIT.
958952,3190014596,Missouri State Highway Patrol-Troop D,1559260800000,190306106,2,0,2,0,Personal Injury,TANEY,NON-CITY OR UNINCORPORATED,D,2,2,0,0,0,AT,W ,MO 248,CST BRANSON HILLS PARKWAY,Daylight,Motor Vehicle in Transport,1,64,Fri     ,0,0,0,0,0,0,0,1,0,0,0,0,0,0,0,1,0,0,0,0,0,0,0,0,0,36.69073,-93.25042,0,05/31/2019,09:02:00,CRASH OCCURRED AS VEHICLE #1 TURNED INTO THE PATH OF VEHICLE #2 IN AN INTERSECTION.
1204000,3190014118,Missouri State Highway Patrol-Troop F,1559260800000,190306239,1,0,0,1,Personal Injury,COOPER,NON-CITY OR UNINCORPORATED,F,1,1,0,2112,0.4,A ,W ,CRD BILLINGSVILLE RD,RT B,Daylight,Overturn,2,,Fri     ,0,0,0,0,1,0,0,0,0,0,0,0,0,0,0,1,0,0,0,0,0,0,1,0,0,38.92077,-92.74846,0,05/31/2019,09:50:00,"CRASH OCCURRED AS VEHICLE 1 EXITED THE RIGHT SIDE OF THE ROADWAY, OVERCORRECTED AND OVERTURNED.  DRIVER 1 WAS EJECTED.  BOTH THE DRIVER AND VEHICLE CAME TO REST ON THE ROADWAY.  ASSISTED SGT. M. J. BRONIEC (526) AND CPL. Z. A. CZERNIEWSKI (461)."
1338491,3190014057,Missouri State Highway Patrol-Troop G,1559260800000,190306431,1,0,0,1,Personal Injury,SHANNON,WINONA,G,2,2,0,0,0,AT,W ,US 60,MO 19,Daylight,Motor Vehicle in Transport,1,64,Fri     ,0,0,0,0,0,0,1,1,1,0,0,0,1,0,0,1,0,0,0,0,0,0,0,0,0,36.99982,-91.32581,0,05/31/2019,11:10:00,OCCURRED AS VEHICLE #1 TRAVELED INTO THE PATH OF VEHICLE #2.
1200881,3190014927,Missouri State Highway Patrol-Troop F,1559260800000,190306535,1,0,1,0,Personal Injury,CAMDEN,NON-CITY OR UNINCORPORATED,F,2,2,0,1462,0.28,A ,S ,MO 7,CRD GRANGER LN,Daylight,Motor Vehicle in Transport,1,60,Fri     ,0,0,0,0,0,1,1,0,0,0,0,0,0,0,0,1,0,0,0,0,1,0,0,1,0,38.11059,-92.96304,0,05/31/2019,12:10:00,CRASH OCCURRED AS DRIVER 1 WAS ATTEMPTING TO PASS AN UNINVOLVED THIRD VEHICLE AND STRUCK VEHICLE 2 HEAD-ON. ASSISTED BY TPR T.C. FICK (787)
910439,3190013767,Missouri State Highway Patrol-Troop D,1559260800000,190306949,2,0,2,0,Personal Injury,GREENE,NON-CITY OR UNINCORPORATED,D,2,2,0,0,0,AT,S ,CRD FARM ROAD 135,CRD RIVERSIDE STREET,Daylight,Motor Vehicle in Transport,1,64,Fri     ,1,0,0,0,1,0,0,0,0,0,0,1,0,0,0,1,0,0,0,0,0,0,0,0,0,37.14362,-93.3418,0,05/31/2019,15:12:00,#1 WAS EASTBOUND ON RIVERSIDE AND FAILED TO YEILD TO SOUTHBOUND #2 AND THEY COLLIDED.
1111667,3190013781,Missouri State Highway Patrol-Troop E,1559260800000,190306978,3,0,3,0,Personal Injury,DUNKLIN,NON-CITY OR UNINCORPORATED,E,1,1,0,163,0.03,B ,S ,CRD 531,CRD 564,Daylight,Overturn,1,,Fri     ,0,0,0,0,1,0,0,0,0,0,0,0,0,0,0,1,0,0,0,0,0,0,0,0,0,36.11263,-90.1412,0,05/31/2019,15:21:00,"TRAFFIC CRASH OCCURRED AS VEHICLE 1 SKIDDED OUT OF CONTROL, STRUCK A DITCH, AND OVERTURNED."
876194,3190014497,Missouri State Highway Patrol-Troop A,1559260800000,190307103,2,0,2,0,Personal Injury,PLATTE,KANSAS CITY,A,1,1,0,105,0.02,A ,S ,IS 29,RP 103589,Daylight,Overturn,1,,Fri     ,0,0,0,0,0,0,0,1,0,0,0,0,0,0,0,0,0,0,0,0,0,1,0,0,0,39.26986,-94.66695,0,05/31/2019,16:18:00,CRASH OCCURRED AS VEHICLE WAS TRAVELING SOUTHBOUND ON I29. VEHICLE SWERVED TO AVOID A COLLISION CAUSING IT TO OVERTURN AND STRIKE THE GROUND.
1506743,3190014472,Missouri State Highway Patrol-Troop H,1559260800000,190307112,2,0,2,0,Personal Injury,DEKALB,NON-CITY OR UNINCORPORATED,H,1,1,0,126,0.02,B ,E ,CRD GRINDSTONE RD,CRD COOK RD,Daylight,Overturn,2,,Fri     ,0,0,0,0,1,0,0,0,0,0,0,0,0,0,0,1,0,0,0,0,0,0,0,0,0,39.83387,-94.28569,0,05/31/2019,16:45:00,CRASH OCCURRED AS VEH 1 WAS EASTBOUND ON GRINDSTONE RD. DVR LOST CONTROL ON LOOSE GRAVEL. VEH 1 TRAVELED OFF SOUTH SIDE OF THE ROADWAY AND OVERTURNED. VEH 1 CAME TO REST ON IT'S DVR SIDE ON COOK ROAD FACING NORTH.
910440,3190013766,Missouri State Highway Patrol-Troop D,1559260800000,190307270,1,0,1,0,Personal Injury,GREENE,NON-CITY OR UNINCORPORATED,D,2,2,0,1056,0.2,A ,N,RT NN,CRD 186,Daylight,Motor Vehicle in Transport,1,62,Fri     ,0,0,0,0,0,0,0,0,0,0,0,0,0,0,0,1,0,0,0,0,1,0,0,1,0,37.10884,-93.19076,0,05/31/2019,17:15:00,"OCCURRED AS #1 WAS SOUTHBOUND ON HIGHWAY NN.  #1 CROSSED THE CENTER LINE AND STRUCK NORTHBOUND #2.  #1 CONTINUED OFF THE LEFT SIDE OF THE ROAD, WENT THROUGH A FENCE AND STRUCK A TREE."
905365,3190013801,Missouri State Highway Patrol-Troop D,1559260800000,190307418,1,0,1,0,Personal Injury,CHRISTIAN,NON-CITY OR UNINCORPORATED,D,5,5,0,36,0.01,B ,E ,US 160,BRIDGE A4326,Daylight,Motor Vehicle in Transport,1,61,Fri     ,0,0,0,0,1,1,1,0,0,1,0,0,0,0,0,1,0,0,0,0,0,0,0,0,0,37.09257,-93.29794,0,05/31/2019,18:14:00,"VEHICLES 1, 2, 3, AND 4 WERE STOPPED IN TRAFFIC.  VEHICLE #5 STUCK VEHICLE #4, CAUSING VEHICLE #4 TO IMPACT VEHICLE #3, VEHICLE 3 THEN STRUCK VEHICLE #2, AND VEHICLE #2 THEN STUCK VEHICLE #1."
1322439,3190014592,Missouri State Highway Patrol-Troop G,1559260800000,190307419,1,0,1,0,Personal Injury,TEXAS,NON-CITY OR UNINCORPORATED,G,1,1,0,2133,0.4,B ,S ,MO 137,RT VV,Daylight,Fixed Object,2,,Fri     ,0,0,0,0,0,0,0,0,0,0,0,0,0,0,0,1,0,0,0,0,1,0,0,1,0,37.47359,-91.84625,0,05/31/2019,18:10:00,"VEHICLE #1 RAN OFF THE RIGHT SIDE OF ROADWAY, OVERCORRECTED, RAN OFF LEFT SIDE OF ROADWAY, IMPACTING AN EMBANKMENT CAUSING VEHICLE TO OVERTURN."
1508130,3190013964,Missouri State Highway Patrol-Troop H,1559260800000,190307439,6,0,5,1,Personal Injury,HARRISON,BETHANY,H,1,1,0,1114,0.21,A ,S ,US 69,CST DAILY RD,Daylight,Fixed Object,2,,Fri     ,0,0,0,0,0,1,1,0,0,0,0,0,0,0,0,0,0,0,0,0,0,0,0,0,0,40.28625,-94.02668,0,05/31/2019,18:15:00,"CRASH OCCURRED AS VEHICLE 1 WAS SOUTHBOUND ON US-69.  THE FRONT SEAT PASSENGER GRABBED THE STEERING WHEEL, CAUSING DRIVER 1 TO LOSE CONTROL.  VEHICLE 1 RAN OFF THE WEST SIDE OF THE ROADWAY, STRUCK A DITCH, AND OVERTURNED.  VEHICLE 1 CAME TO REST OFF THE WEST SIDE OF THE ROADWAY ON ITS WHEELS, FACING NORTH.  ASSISTED BY TPR T. B. HEINTZ (305), HARRISON COUNTY SHERIFF'S DEPARTMENT, BETHANY POLICE DEPARTMENT, AND NTA EMS."
1194995,3190013790,Missouri State Highway Patrol-Troop F,1559260800000,190307446,1,0,1,0,Personal Injury,CALLAWAY,NON-CITY OR UNINCORPORATED,F,1,1,0,1488,0.28,A ,W ,RT UU,CRD 104,Daylight,Fixed Object,2,,Fri     ,1,0,0,0,1,0,0,0,0,0,0,0,0,0,0,1,0,0,0,0,0,0,0,0,0,38.84004,-91.89838,0,05/31/2019,18:20:00,"VEHICLE 1 TRAVELED OFF THE LEFT SIDE OF THE ROADWAY AND STRUCK AN EMBANKMENT.  VEHICLE 1 BECAME AIRBORNE AND OVERTURNED, THEN CAME TO REST OFF THE NORTH SIDE OF THE ROADWAY.  ASSISTED BY SGT J.L. ARNOLD (351) AND TPR C.C. FRAME (1329)."
905366,3190013867,Missouri State Highway Patrol-Troop D,1559260800000,190307472,2,0,0,2,Personal Injury,CHRISTIAN,NON-CITY OR UNINCORPORATED,D,1,1,Y,332,0.06,B ,N,MO 125,CRD THORNBROOKE DR,Daylight,Fixed Object,2,,Fri     ,0,0,0,0,1,1,1,0,0,0,0,0,0,0,0,1,0,0,0,0,1,0,0,1,0,37.0585,-93.12109,0,05/31/2019,18:30:00,"CRASH OCCURRED AS VEHICLE FAILED TO NEGOTIATE CURVE, DRIVER OVERCORRECTED AND VEHICLE EXITTED THE ROADWAY AND STRUCK TWO TREES CAUSING TWO OCCUPENTS TO BE EJECTED."
840160,3190014074,Missouri State Highway Patrol-Troop A,1559260800000,190307497,2,0,2,0,Personal Injury,LAFAYETTE,NON-CITY OR UNINCORPORATED,A,1,1,0,871,0.16,B ,S ,MO 13,BU 13 SJ,Daylight,Animal,1,,Fri     ,0,0,0,0,0,0,0,0,0,0,0,0,0,0,0,0,0,0,0,0,0,0,0,0,0,39.15033,-93.82134,0,05/31/2019,18:48:00,CRASH OCCURRED AS A DEER TRAVELED THROUGH THE WINDSHIELD AND INTO THE PASSENGER COMPARTMENT OF VEH1.  ASSISTED BY TPR G D OETTING /1277/
1161726,3190014652,Missouri State Highway Patrol-Troop F,1559260800000,190307503,2,0,1,1,Personal Injury,BOONE,COLUMBIA,F,1,1,0,321,0.06,A ,S ,RP 103870,US 63,Daylight,Fixed Object,2,,Fri     ,0,0,0,0,1,0,0,0,0,0,0,0,0,0,0,1,0,0,0,0,1,0,0,1,0,39.0167,-92.30866,0,05/31/2019,18:50:00,"CRASH OCCURRED AS VEHICLE 1 EXITED US63, LEFT THE RIGHT SIDE OF THE ROADWAY, OVER-CORRECTED, LEFT THE LEFT SIDE OF THE ROADWAY AND OVERTURNED, COMING TO REST UPRIGHT. ASSISTED BY SGT B.A. BALLARD(127), CPL D.T. SHIKLES (884) AND TPR B.L. HARRIS (700)"
1233977,3190019088,Missouri State Highway Patrol-Troop C,1559260800000,190307649,4,2,1,3,Fatal,ST. LOUIS,FRONTENAC,C,3,3,0,0,0,AT,E ,IS 64,ERM EAST IS 64 MILE 278,Daylight,Motor Vehicle in Transport,1,61,Fri     ,0,0,0,0,1,0,0,0,0,0,0,0,0,0,0,1,0,0,0,0,0,0,0,0,0,38.63552,-90.41388,1,05/31/2019,19:45:00,UPDATED FATALITY REPORT. A DEER WALKED INTO ROADWAY CAUSING VEHICLES 2 AND 3 TO STOP. VEHICLE 1 STRUCK THE REAR OF VEHICLE 2 CAUSING VEHICLE 2 TO STRIKE VEHICLE 3. VEHICLE 1 STRUCK THE  MEDIAN BEFORE STRIKING VEHICLE 3. SUBJECT GIRIZA SRIVASTAVA SUBJECT WAS PRONOUNCED BY DR. B. SCHMITZ AT 2019 HOURS ON 5/31/2019 AT MERCY HOSPITAL ST. LOUIS.  SUBJECT ANUPAN SRIVASTAVA WAS PRONOUNCED AT 1530 HOURS ON 6/1/2019 BY DR. R ASHWORTH AT CHILDREN'S HOSPITAL.
1315731,3190016065,Missouri State Highway Patrol-Troop C,1559260800000,190307691,0,1,0,0,Fatal,ST. LOUIS,ST ANN,C,1,1,0,212,0.04,A ,W ,IS 70,ERM WEST IS 70 MILE 2362,Dark-Unlighted,Fixed Object,2,,Fri     ,1,1,0,0,0,0,0,1,0,0,0,0,0,0,0,1,0,0,0,0,0,0,0,0,0,38.74258,-90.37751,1,05/31/2019,20:05:00,FATALITY REPORT - VEHICLE 1 TRAVELED OFF THE RIGHT SIDE OF THE ROADWAY AND STRUCK THE GROUND. VEHICLE 1 THEN TRAVELED ON TOP OF A FENCE AND INTO THE PARKING LOT OF 10800 LAMBERT INTERNATIONAL BOULEVARD AND STRUCK A CONCRETE TRAFFIC BARRIER. PRONOUNCED BY DR. O. BAMIMORE AT 2106 HOURS AT SSM HEALTH DEPAUL HOSPITAL. ASSISTED BY CPL. V.M. KASPUT (1339)
1142611,3190013907,Missouri State Highway Patrol-Troop E,1559260800000,190307815,1,0,0,1,Personal Injury,BUTLER,NON-CITY OR UNINCORPORATED,E,1,1,0,1705,0.32,A ,N,MO 53,CRD 671,Dark-Unlighted,Other Object,1,,Fri     ,0,0,0,0,0,0,0,1,0,0,0,0,0,0,0,0,0,0,0,0,0,1,0,0,0,36.59201,-90.22639,0,05/31/2019,21:20:00,OCCURRED AS VEHICLE STRUCK A  MATTRESS IN THE ROADWAY
1223327,3190016993,Missouri State Highway Patrol-Troop C,1559260800000,190307838,0,1,0,0,Fatal,JEFFERSON,NON-CITY OR UNINCORPORATED,C,2,2,0,0,0,AT,N,CRD OLD HIGHWAY 21,CRD EAST FOUR RIDGE RD,Dark-Lighted,Motor Vehicle in Transport,1,64,Fri     ,1,0,0,0,0,0,0,1,1,0,0,0,0,0,0,1,0,0,0,0,1,1,0,1,0,38.39302,-90.49709,1,05/31/2019,21:40:00,FATALITY REPORT. DRIVER 1 BEGAN TO MAKE A LEFT TURN ON TO EAST FOUR RIDGE ROAD. THE FRONT OF VEHICLE 2 STRUCK THE RIGHT SIDE OF VEHICLE 1.  DRIVER 2 WAS PRONOUNCED BY DR. STENGER AT MERCY HOSPITAL SOUTH ON 5/31/2019 AT 2318 HOURS. ASSISTED BY CPL. A. R. FLANNERY (551).
1194966,3190013949,Missouri State Highway Patrol-Troop F,1559260800000,190307850,1,0,1,0,Personal Injury,CALLAWAY,NON-CITY OR UNINCORPORATED,F,1,1,0,322,0.06,A ,S ,CRD OLD 54,SOR 54 SJ,Dark-Unlighted,Fixed Object,2,,Fri     ,1,0,0,0,1,0,0,1,1,0,0,0,0,0,0,1,0,0,0,0,0,0,0,0,0,38.79499,-92.00665,0,05/31/2019,21:45:00,"DRIVER 1 FAILED TO NEGOTIATE A CURVE, VEHICLE 1 TRAVELED OFF THE RIGHT SIDE OF THE ROADWAY AND STRUCK A DITCH.  ASSISTED BY SGT J.L. ARNOLD (351)"