objectid,accident,agency,inv_date,complaint,injured,killed,min_inj,dis_inj,severity,county,city,troop,no_vehicle,motor_veh,left_scene,dist_feet,dist_mile,inter_loc,direction,on_street,at_street,light_cond,acc_type,on_off_rd,two_veh,day_week,dr_drink,dr_drug,ped_drink,ped_drug,speed,dr_under21,dr_under25,dr_over55,dr_over64,electrical,emer_veh,stop_sign,yield_sign,czone,hazmat,aggressive,cell_phone,texting,veh_defect,school_bus,truck,motorcycle,atv,pickup,cmv,gps_lat,gps_long,severity_fatal,acc_date,acc_time,narrative
1223326,3190014745,Missouri State Highway Patrol-Troop C,1559260800000,190307990,1,0,0,1,Personal Injury,JEFFERSON,NON-CITY OR UNINCORPORATED,C,1,1,0,216,0.04,A ,S ,CRD LITTLE DUTCH CREEK RD,CRD DUTCH CREEK RD,Dark-Unlighted,Fixed Object,2,,Fri     ,0,0,0,0,1,1,1,0,0,0,0,0,0,0,0,1,0,0,0,0,1,0,0,1,0,38.36905,-90.66642,0,05/31/2019,23:00:00,"VEHICLE 1 WAS SOUTHBOUND ON LITTLE DUTCH CREEK RD. VEHICLE 1 TRAVELED OFF THE RIGHT SIDE OF THE ROADWAY, STRUCK A ROAD SIGN AND OVERTURNED. DRIVE 1 WAS EJECTED."
840161,3190014375,Missouri State Highway Patrol-Troop A,1559347200000,190308104,1,0,1,0,Personal Injury,LAFAYETTE,NON-CITY OR UNINCORPORATED,A,1,1,0,83,0.02,,,PP DIRT TRACK AT 5655 CUMBERLAND ROAD,NORTH OF CUMBERLAND ROAD,Dark-Unlighted,Fell/Jumped from MV,2,,Sat     ,1,0,0,0,1,1,1,0,0,0,0,0,0,0,0,1,0,0,0,0,0,0,1,0,0,38.94349,-94.00842,0,06/01/2019,00:10:00,"CRASH OCCURRED AS VEHICLE 1 WAS ON PRIVATE PROPERTY, MADE A RIGHT TURN, AND STARTED TO ROLL. DRIVER 1'S LEG CAME OUT OF THE INTERIOR OF VEHICLE 1 AND WAS STRUCK BY VEHICLE 1 BEFORE RETURNING UPRIGHT. ASSISTED BY MSGT C E UTTERBACK /688/ AND CPL T A BAXTER /297/."
805014,3190014516,Missouri State Highway Patrol-Troop A,1559347200000,190308156,1,0,0,1,Personal Injury,JOHNSON,NON-CITY OR UNINCORPORATED,A,1,1,0,2534,0.48,A ,W ,US 50,CRD NW 375 EJ,Dark-Unlighted,Overturn,1,,Sat     ,0,0,0,0,0,0,0,0,0,0,0,0,0,0,0,1,0,0,0,0,0,0,0,0,0,38.82631,-93.92132,0,06/01/2019,01:18:00,"CRASH OCCURRED AS VEHICLE 1 TRAVELED OFF THE LEFT SIDE OF THE ROADWAY, RETURNED TO THE ROADWAY, AND TRAVELED OFF THE RIGHT SIDE OF THE ROADWAY. VEHICLE 1 RETURNED TO THE ROADWAY, TRAVELED OFF THE LEFT SIDE OF THE ROADWAY, AND OVERTURNED MULTIPLE TIMES, EJECTING DRIVER 1. ASSISTED BY TPR A J FOSS /820/ AND JOHNSON COUNTY SHERIFF'S DEPARTMENT."
1211218,3190015625,Missouri State Highway Patrol-Troop F,1559347200000,190308190,1,0,0,1,Personal Injury,COLE,NON-CITY OR UNINCORPORATED,F,1,1,0,285,0.05,B ,W ,CRD RAINBOW DR,CRD LITTLE CREEK LN,Dark-Lighted,Fixed Object,2,,Sat     ,1,0,0,0,1,0,0,0,0,0,0,0,0,0,0,1,0,0,0,0,0,1,0,0,0,38.59144,-92.28102,0,06/01/2019,01:59:00,SUBJECT INVOLVED IN A PURSUIT. TRAVELED OFF THE RIGHT SIDE OF THE ROAD AND OVERTURNED. ASSISTED BY CPL C. J. NORTH (564)
862384,3190014191,Missouri State Highway Patrol-Troop A,1559347200000,190308228,1,0,1,0,Personal Injury,JACKSON,BLUE SPRINGS,A,1,1,0,512,0.1,B ,E ,IS 70,ERM EAST IS 70 MILE 226,Dark-Unlighted,Animal,1,,Sat     ,0,0,0,0,0,0,0,0,0,0,0,0,0,0,0,0,0,0,0,0,0,0,0,0,0,39.02558,-94.2336,0,06/01/2019,03:35:00,CRASH OCCURRED AS VEH1 STRUCK AN UNAVOIDABLE DEER IN THE ROADWAY.
799154,3190014837,Missouri State Highway Patrol-Troop A,1559347200000,190308238,1,0,1,0,Personal Injury,JACKSON,LEES SUMMIT,A,2,2,0,491,0.09,B ,E ,IS 470,ERM NORTH IS 470 MILE 156,Dark-Unlighted,Motor Vehicle in Transport,1,61,Sat     ,0,0,0,0,0,0,1,0,0,0,0,0,0,0,0,1,0,0,0,0,1,0,0,1,0,39.02425,-94.36004,0,06/01/2019,04:45:00,CRASH OCCURRED AS BOTH VEHICLES WERE NORTHBOUND IN THE #2 LANE WHEN THE FRONT OF VEH2 STRUCK THE REAR OF VEH1.  VEHICLE 1 RAN OFF THE RIGHT SIDE OF ROADWAY AND OVERTURNED.
1506745,3190014427,Missouri State Highway Patrol-Troop H,1559347200000,190308244,1,0,0,1,Personal Injury,DEKALB,NON-CITY OR UNINCORPORATED,H,1,1,0,110,0.02,B ,W ,US 36,NOR 36,Dark-Unlighted,Fixed Object,2,,Sat     ,0,0,0,0,0,0,0,0,0,0,0,0,0,0,0,0,0,0,0,0,0,0,0,0,0,39.76212,-94.54203,0,06/01/2019,05:25:00,CRASH OCCURRED AS VEHICLE 1 WAS WESTBOUND ON US 36. DRIVER 1 FELL ASLEEP AT THE WHEEL CAUSING VEHICLE 1 TO TRAVEL OFF THE NORTH SIDE OF THE ROADWAY. VEHICLE 1 STRUCK AN EMBANKMENT AND OVERTURNED. VEHICLE 1 CAME TO REST ON ITS PASSENGER SIDE FACING EAST. ASSISTED BY DEKALB COUNTY SHERIFFS OFFICE.
1010323,3190013921,Missouri State Highway Patrol-Troop D,1559347200000,190308480,1,0,1,0,Personal Injury,WEBSTER,NON-CITY OR UNINCORPORATED,D,2,2,0,923,0.17,A ,S ,CRD WHITE OAK RD,CRD DELZELL WOODS RD,Daylight,Motor Vehicle in Transport,1,60,Sat     ,0,0,0,0,0,0,0,1,1,0,0,0,0,0,0,1,0,0,0,0,0,0,0,0,0,37.12588,-93.02755,0,06/01/2019,09:00:00,VEHICLE #1 ATTEMPTED A LEFT TURN FROM A PRIVATE DRIVE AND PULLED INTO THE PATH OF VEHICLE #2.
1123597,3190014220,Missouri State Highway Patrol-Troop E,1559347200000,190308502,3,0,3,0,Personal Injury,MADISON,NON-CITY OR UNINCORPORATED,E,2,2,0,2027,0.38,B ,S ,RT OO,CRD 224,Daylight,Motor Vehicle in Transport,1,64,Sat     ,0,0,0,0,0,0,1,0,0,0,0,0,0,0,0,1,0,0,0,0,1,0,0,1,0,37.62899,-90.28704,0,06/01/2019,09:10:00,"CRASH OCCURRED AS VEHICLE 1 WAS PASSING ANOTHER VEHICLE, OVERLOOKED  VEHICLE 2, VEHICLE 1 WENT TO THE LEFT, VEHICLE 2 WENT TO THE RIGHT, VEHICLES HIT JUST OFF OF THE ROADWAY."
1211571,3190014476,Missouri State Highway Patrol-Troop C,1559347200000,190308629,1,0,0,1,Personal Injury,WASHINGTON,NON-CITY OR UNINCORPORATED,C,1,1,0,2200,0.42,B ,S ,MO 21,CRD SETTLE MILL RD,Daylight,Fixed Object,2,,Sat     ,0,0,0,0,1,0,0,1,1,0,0,0,0,1,0,1,0,0,0,0,1,0,0,1,0,38.03463,-90.75762,0,06/01/2019,10:00:00,DRIVER 1 ABRUPTLY APPLIED BRAKES AND VEHICLE 1 SKIDDED OFF THE RIGHT SIDE OF THE ROADWAY AND OVERTURNED.
846611,3190014487,Missouri State Highway Patrol-Troop A,1559347200000,190308825,1,0,1,0,Personal Injury,JOHNSON,KNOB NOSTER,A,2,2,0,3695,0.7,A ,W ,US 50,RP 7828,Daylight,Motor Vehicle in Transport,1,61,Sat     ,0,0,0,0,0,0,1,1,1,0,0,0,0,0,0,1,0,0,0,0,0,0,0,0,0,38.77003,-93.58244,0,06/01/2019,11:52:00,CRASH OCCURRED AS VEH 2 STRUCK THE REAR OF VEH 1 TOWED UNIT CAUSING DRIVER 1 TO LOOSE CONTROL.  VEH 1 CAME TO STOP ON SHOULDER.  ASSISTED BY JOHNSON COUNTY SHERIFF'S DEPARTMENT AND KNOB NOSTER PD
1156987,3190013738,Missouri State Highway Patrol-Troop E,1559347200000,190308834,2,0,2,0,Personal Injury,SCOTT,LAMBERT,E,2,2,0,64,0.01,B ,N,MO 77,CRD MAIN ST,Daylight,Motor Vehicle in Transport,1,61,Sat     ,0,0,0,0,0,0,0,1,1,0,0,0,0,0,0,0,0,0,0,0,1,0,0,1,0,37.095,-89.55229,0,06/01/2019,11:55:00,"CRASH OCCURRED AS VEHICLE 2 WAS STOPPED IN THE ROADAY AWAITING TRAFFIC, VEHICLE 1 STRUCK THE REAR OF  VEHICLE 2."
877704,3190016272,Missouri State Highway Patrol-Troop A,1559347200000,190308945,1,1,1,0,Fatal,JOHNSON,WARRENSBURG,A,2,2,0,0,0,AT,N,BU 13,RP 4310,Daylight,Motor Vehicle in Transport,1,64,Sat     ,0,0,0,0,0,0,0,1,1,1,0,0,0,0,0,1,0,0,0,0,0,1,0,0,0,38.77476,-93.73602,1,06/01/2019,12:59:00,"FATALITY CRASH LATE DEATH - TROOP A FATALITY CRASH #33 AND TROOP A FATALITY #38. NEXT OF KIN HAS BEEN NOTIFIED. CRASH OCCURRED AS VEH 2 FAILED TO YIELD AND PULLED INTO PATH OF VEH 1. DVR 1 WAS PRONOUNCED ON 06/03/2019, AT 0808 BY REGISTERED NURSE AMY POULIN. ASSISTED BY WARRENSBURG PD AND JOHNSON COUNTY SHERIFF'S DEPARTMENT"
1010350,3190014155,Missouri State Highway Patrol-Troop D,1559347200000,190308987,4,0,4,0,Personal Injury,WEBSTER,NON-CITY OR UNINCORPORATED,D,2,2,0,0,0,AT,W ,MO 38,CRD GRAPEVINE,Daylight,Motor Vehicle in Transport,1,64,Sat     ,0,0,0,0,0,1,1,1,1,0,0,0,0,0,0,1,0,0,0,0,0,0,0,0,0,37.28958,-92.71931,0,06/01/2019,13:15:00,CRASH OCCURRED AS VEH 1 WAS TRAVELING NORTHBOUND FROM A PRIVATE DRIVE.  VEH 1 WAS STRUCK IN THE PASSENGER SIDE BY WESTBOUND VEH 2.
1318950,3190014553,Missouri State Highway Patrol-Troop G,1559347200000,190309014,1,0,0,1,Personal Injury,REYNOLDS,NON-CITY OR UNINCORPORATED,G,1,1,0,406,0.08,A ,E ,RT H,CRD 408,Daylight,Overturn,2,,Sat     ,0,0,0,0,1,0,0,1,0,0,0,0,0,0,0,1,0,0,0,0,0,1,0,0,0,37.18667,-90.88073,0,06/01/2019,13:30:00,"VEHICLE #1 TRAVELED OFF ROADWAY AND OVERTURNED, EJECTING THE DRIVER.         ASSISTED BY   CPL E M VANWINKLE   (1263), REYNOLDS COUNTY SHERIFF'S OFFICE, ELLINGTON VOLUNTEER FIRE DEPARTMENT"
1010351,3190013923,Missouri State Highway Patrol-Troop D,1559347200000,190309016,1,0,0,1,Personal Injury,WEBSTER,NON-CITY OR UNINCORPORATED,D,2,2,0,0,0,AT,E ,BU 60,CRD WHITE OAK RD,Daylight,Motor Vehicle in Transport,1,64,Sat     ,0,0,0,0,0,0,0,1,1,0,0,1,0,0,0,1,0,0,0,0,1,1,0,1,0,37.1174,-93.0293,0,06/01/2019,13:30:00,CRASH OCCURRED AS VEHICLE #2 WAS CROSSING THE ROADWAY AND TRAVELED INTO THE PATH OF VEHICLE #1.
825326,3190014335,Missouri State Highway Patrol-Troop A,1559347200000,190309115,0,1,0,0,Fatal,JACKSON,KANSAS CITY,A,1,1,0,258,0.05,B ,S ,RP 924945,IS 435,Daylight,Fixed Object,2,,Sat     ,0,0,0,0,1,0,0,0,0,0,0,0,0,0,0,1,0,0,0,0,0,1,0,0,0,38.93997,-94.53776,1,06/01/2019,14:17:00,"FATALITY CRASH - NEXT OF KIN NOTIFIED -  CRASH OCCURRED AS VEHICLE 1 TRAVELED OFF THE RIGHT SIDE OF THE ROADWAY, EJECTING THE DRIVER.  DRIVER WAS PRONOUNCED AT 1417 BY JACKSON COUNTY MEDICAL EXAMINER A M NARASIMHAN.  ASSISTED BY TPR E J VILLANUEVA /690/, MSGT R S SMITH /691/, CPL R A WOOD /788/, MSGT D L SCHWALM, 924/, AND TPR B R PETERS /1384/.  TROOP A FATAL CRASH #32 AND FATALITY #37 FOR 2019."
952057,3190014359,Missouri State Highway Patrol-Troop D,1559347200000,190309229,5,0,2,3,Personal Injury,GREENE,REPUBLIC,D,3,3,0,0,0,AT,W ,US 60,CST HARRISON ST,Daylight,Motor Vehicle in Transport,1,64,Sat     ,0,0,0,0,0,0,0,1,0,0,0,1,0,0,0,1,0,0,0,0,1,0,0,0,1,37.12018,-93.46921,0,06/01/2019,14:33:00,"CRASH OCCURRED AS VEHICLE #1 ATTEMPTED TO TRAVEL NORTH FROM HARRISON STREET AND CROSS EAST AND WESTBOUND LANES OF US60.  VEHICLE #1 STRUCK VEHICLE #2, WHICH WAS WESTBOUND ON US60.  VEHICLE #2 WAS KNOCKED INTO THE PATH OF VEHICLE #3, WHICH WAS EASTBOUND ON US 60."
1200879,3190014630,Missouri State Highway Patrol-Troop F,1559347200000,190309400,1,0,0,1,Personal Injury,CAMDEN,NON-CITY OR UNINCORPORATED,F,1,1,0,7920,1.5,A ,W ,CRD VALLEY CREST ROAD,CRD ELKHORN ROAD,Daylight,Fixed Object,2,,Sat     ,0,0,0,0,1,0,0,1,0,0,0,0,0,0,0,1,0,0,1,0,1,0,0,0,0,37.93709,-92.74282,0,06/01/2019,16:20:00,OCCURRED AS VEHICLE 1 SUFFERED A BRAKING SYSTEM FAILURE ON A STEEP HILL AND TRAVELED OFF THE RIGHT SIDE OF THE ROADWAY STRIKING AN EMBANKMENT.
1322437,3190014444,Missouri State Highway Patrol-Troop G,1559347200000,190309601,2,0,0,2,Personal Injury,TEXAS,NON-CITY OR UNINCORPORATED,G,1,1,0,1050,0.2,A ,S ,US 63,CRD STILLMAN DR,Daylight,Fixed Object,2,,Sat     ,0,0,0,0,0,0,0,0,0,0,0,0,0,0,0,1,0,0,0,0,0,0,0,0,0,37.22072,-92.02366,0,06/01/2019,17:50:00,"ACCIDENT OCCURRED AS VEHICLE TRAVELED OFF OF RIGHT SIDE OF ROADWAY, STRUCK AN EMBANKMENT, AND OVERTURNED."
969843,3190015067,Missouri State Highway Patrol-Troop D,1559347200000,190309621,4,0,3,1,Personal Injury,BARRY,NON-CITY OR UNINCORPORATED,D,2,2,0,0,0,AT,W ,US 60,CRD 1100,Daylight,Motor Vehicle in Transport,1,60,Sat     ,0,0,0,0,0,1,1,0,0,0,0,0,0,0,0,1,0,0,0,0,1,0,0,1,0,36.91345,-93.88268,0,06/01/2019,17:55:00,VEHICLE 1 TURNED INTO THE PATH OF VEHICLE 2.
1219796,3190014511,Missouri State Highway Patrol-Troop C,1559347200000,190309681,1,0,0,1,Personal Injury,FRANKLIN,NON-CITY OR UNINCORPORATED,C,1,1,0,1742,0.33,A ,W ,RT T,CRD FAIRFIELD RIDGE ROAD,Daylight,Fixed Object,2,,Sat     ,0,0,0,0,0,1,1,0,0,0,0,0,0,0,0,0,0,0,0,0,0,1,0,0,0,38.55978,-90.78008,0,06/01/2019,18:20:00,VEHICLE 1 WAS TRAVELING WESTBOUND ON ROUTE T. VEHICLE 1 TRAVELED OFF THE RIGHT SIDE OF THE ROADWAY AND STRUCK A ROCK EMBANKMENT CAUSING VEHICLE 1 TO OVERTURN AND DRIVER 1 TO BE EJECTED.
1120205,3190014219,Missouri State Highway Patrol-Troop E,1559347200000,190309794,1,0,0,1,Personal Injury,IRON,NON-CITY OR UNINCORPORATED,E,1,1,0,58,0.01,A ,W ,CRD 69,CRD 69A,Daylight,Fixed Object,2,,Sat     ,0,0,0,0,1,0,1,0,0,0,0,0,0,0,0,1,0,0,0,0,0,0,1,0,0,37.5954,-91.04777,0,06/01/2019,19:15:00,CRASH OCCURRED AS DRIVER FAIL TO NEGOTIATE A CURVE RAN OFF A LOW WATER BRIDGE AND OVERTURNED
791367,3190014052,Missouri State Highway Patrol-Troop A,1559347200000,190309936,1,0,1,0,Personal Injury,CLAY,CLAYCOMO,A,1,1,0,150,0.03,A ,N,IS 35,ERM NORTH IS 35 MILE 126,Daylight,Fixed Object,2,,Sat     ,0,0,0,0,0,0,0,0,0,0,0,0,0,0,0,1,0,0,0,0,0,0,0,0,0,39.20519,-94.4964,0,06/01/2019,20:30:00,"CRASH OCCURRED AS VEH1 TRAVELED OFF THE ROADWAY, STRUCK THE CONCRETE BARRIER AND OVERTURNED.  ASSISTED BY MSGT E L HURST /949/,  KANSAS CITY AND CLAYCOMO POLICE DEPARTMENTS"
1333396,3190015751,Missouri State Highway Patrol-Troop G,1559347200000,190309965,4,0,2,2,Personal Injury,CARTER,NON-CITY OR UNINCORPORATED,G,2,2,0,770,0.15,B ,S ,MO 21,CRD 310,Dark-Unlighted,Motor Vehicle in Transport,1,64,Sat     ,0,0,0,0,0,1,1,0,0,0,0,0,0,0,0,1,0,0,0,0,0,1,0,0,0,37.03141,-90.90711,0,06/01/2019,20:45:00,ACCIDENT OCCURRED AS VEHICLE 1 ATTEMPTED TO MAKE A LEFT TURN INTO THE PATH OF VEHICLE 2.  VEHICLE 2 STRUCK VEHICLE 1 EJECTING OCCUPANTS OF VEHICLE 2.  OFFICERS ASSISTING WERE  CPL. M. L. FREEMAN (1151) AND CARTER COUNTY SHERIFF'S DEPARTMENT.
1195003,3190013958,Missouri State Highway Patrol-Troop F,1559347200000,190310042,1,0,1,0,Personal Injury,CALLAWAY,NON-CITY OR UNINCORPORATED,F,1,1,0,369,0.07,A ,E ,US 54,CRD 348,Dark-Unlighted,Fixed Object,2,,Sat     ,0,0,0,0,1,0,1,0,0,0,0,0,0,0,0,1,0,0,0,0,0,0,0,0,0,38.74204,-92.05654,0,06/01/2019,21:30:00,CRASH OCCURRED AS DRIVER 1 TRAVELED TOO FAST FOR CONDITIONS AND LOST CONTROL OF VEHICLE 1. VEHICLE 1 STRUCK A MEDIAN CABLE BARRIER. ASSISTED BY SGT A.L. ARNOLD (351) AND CALLAWAY COUNTY SHERIFF'S OFFICE.
1333395,3190015005,Missouri State Highway Patrol-Troop G,1559347200000,190310244,0,1,0,0,Fatal,CARTER,NON-CITY OR UNINCORPORATED,G,1,1,0,1890,0.36,B ,N,MO 21,CST SIXTH STREET,Daylight,Fixed Object,2,,Sat     ,0,0,0,0,1,0,0,0,0,0,0,0,0,0,0,1,0,0,0,0,0,1,0,0,0,36.82338,-90.82412,1,06/01/2019,11:30:00,"FATALITY ACCIDENT-OCCURRED AS VEHICLE TRAVELED OFF OF RIGHT SIDE OF ROADWAY AND STRUCK A UTILITY POLE EJECTING THE DRIVER.  DRIVER PRONOUNCED DECEASED AT THE SCENE AT 2359 HOURS BY CARTER COUNTY CORONER, ERIC MCSPADDEN. NEXT OF KIN NOTIFIED. TROOP G FATALITY NUMBER 9 FOR 2019 COMPARED TO 13 FOR THE SAME TIME PERIOD IN 2018."
1211556,3190014944,Missouri State Highway Patrol-Troop C,1559433600000,190310414,1,0,0,1,Personal Injury,WASHINGTON,NON-CITY OR UNINCORPORATED,C,1,1,0,0,0,AT,S ,CO RT U TO JOHN EMILING RD 528,CRD JOHN EMILING RD 528,Dark-Unlighted,Fixed Object,2,,Sun     ,0,0,0,0,1,0,0,0,0,0,0,0,0,0,0,1,0,0,0,0,0,0,0,0,0,37.79641,-90.66238,0,06/02/2019,01:55:00,"VEHICLE 1 WAS SOUTHBOUND ON JOHN EMLING DRIVE. DRIVER 1 FAILED TO NEGOTIATE A CURVE, TRAVELED OFF THE RIGHT SIDE OF THE ROADWAY AND STRUCK A TREE."
799321,3190014071,Missouri State Highway Patrol-Troop A,1559433600000,190310466,1,0,1,0,Personal Injury,SALINE,NON-CITY OR UNINCORPORATED,A,2,2,0,0,0,AT,E ,IS 70,ERM EAST IS 70 MILE 770,Dark-Unlighted,Motor Vehicle in Transport,1,64,Sun     ,1,0,0,0,0,0,1,1,1,0,0,0,0,0,0,1,0,0,0,0,0,0,0,0,1,38.9681,-93.22778,0,06/02/2019,04:20:00,"CRASH OCCURRED AS VEHICLE 1 SWERVED INTO THE PATH OF VEHICLE 2,  CAUSING VEH2 TO IMPACT VEH1 IN THE DRIVER'S SIDE DOOR.  BOTH VEHICLES CAME TO REST IN THE LANE."
1193625,3190014515,Missouri State Highway Patrol-Troop F,1559433600000,190310481,1,0,1,0,Personal Injury,GASCONADE,NON-CITY OR UNINCORPORATED,F,1,1,Y,18,0,B ,E ,MO 100,RT J,Dark-Unlighted,Overturn,2,,Sun     ,1,0,0,0,0,0,0,0,0,0,0,0,0,0,0,1,0,0,0,0,1,0,0,1,0,38.63928,-91.51043,0,06/02/2019,04:30:00,CRASH OCCURRED AS VEHICLE 1 TRAVELED OFF THE LEFT SIDE OF THE ROADWAY AND OVERTURNED.
822361,3190015193,Missouri State Highway Patrol-Troop A,1559433600000,190311044,1,0,1,0,Personal Injury,BENTON,NON-CITY OR UNINCORPORATED,A,2,2,0,1056,0.2,B ,N,CRD TANGLEWOOD AVE,PVT STONEHAVEN DRIVE,Daylight,Motor Vehicle in Transport,1,60,Sun     ,0,0,0,0,0,0,1,0,0,0,0,0,0,0,0,1,0,0,0,0,0,0,0,0,0,38.23946,-93.32637,0,06/02/2019,11:15:00,VEHICLES WERE TRAVELING IN OPPOSITE DIRECTIONS AND STRUCK EACH OTHER'S FRONT LEFT CORNER WITH THEIR OWN FRONT LEFT CORNER AT OR NEAR THE CENTER LINE. ASSISTED BY BENTON COUNTY SHERIFF'S OFFICE
1207779,3190015606,Missouri State Highway Patrol-Troop F,1559433600000,190311087,5,0,3,2,Personal Injury,OSAGE,NON-CITY OR UNINCORPORATED,F,2,2,0,300,0.06,B ,N,MO 89,SP 89,Daylight,Motor Vehicle in Transport,1,60,Sun     ,0,0,0,0,0,0,0,0,0,0,0,1,0,0,0,1,0,0,0,0,0,0,0,0,1,38.48677,-91.76199,0,06/02/2019,12:10:00,CRASH OCCURRED AS VEHICLE 1 FAILED TO YIELD TO VEHICLE 2  AND COLLIDED. ASSISTED BY CPL. C.E. HOLZSCHUH (1119) AND CPL .S.J. WASHABAUGH (1266)
1147778,3190014535,Missouri State Highway Patrol-Troop E,1559433600000,190311123,1,0,1,0,Personal Injury,STODDARD,NON-CITY OR UNINCORPORATED,E,1,1,0,1056,0.2,B ,E ,CRD 718,CRD BYRD ST,Daylight,Overturn,2,,Sun     ,0,0,0,0,0,0,0,0,0,0,0,0,0,0,0,0,0,0,0,0,0,0,0,0,0,36.7883,-89.83945,0,06/02/2019,12:25:00,CRASH OCCURRED AS VEHICLE ONE  TRAVELED OFF THE RIGHT SIDE OF THE ROADWAY AND OVERTURNED INTO DRAINAGE DITCH
948949,3190014267,Missouri State Highway Patrol-Troop D,1559433600000,190311334,4,0,3,1,Personal Injury,CHRISTIAN,BILLINGS,D,2,2,0,0,0,AT,E ,US 60,MO 14 EJ,Daylight,Motor Vehicle in Transport,1,63,Sun     ,0,0,0,0,0,0,0,0,0,0,0,0,0,0,0,1,0,0,0,0,0,1,0,0,0,37.06749,-93.55271,0,06/02/2019,14:00:00,OCCURRED AS BOTH VEHICLES COLLIDED WHILE ATTEMPTING TO MAKE A TURN.
1322422,3190014100,Missouri State Highway Patrol-Troop G,1559433600000,190311349,1,0,1,0,Personal Injury,TEXAS,NON-CITY OR UNINCORPORATED,G,1,1,0,68,0.01,A ,S ,MO 137,RT VV,Daylight,Overturn,2,,Sun     ,0,0,0,0,1,1,1,0,0,0,0,0,0,0,0,1,0,0,0,0,1,0,0,1,0,37.4682,-91.84358,0,06/02/2019,14:07:00,"VEHICLE #1 TRAVELED OFF THE RIGHT SIDE OF ROADWAY, OVERCORRECTED, TRAVELED OFF LEFT SIDE OF ROADWAY, AND OVERTURNED."
969844,3190014023,Missouri State Highway Patrol-Troop D,1559433600000,190311478,1,0,0,1,Personal Injury,BARRY,NON-CITY OR UNINCORPORATED,D,1,1,0,1056,0.2,A ,S ,CRD 1090,CRD 2165,Daylight,Fixed Object,2,,Sun     ,0,0,0,0,0,0,0,0,0,0,0,0,0,0,0,0,0,0,0,0,0,1,0,0,0,36.68839,-93.90921,0,06/02/2019,15:05:00,"#1 STRUCK A ROUGH PATCH IN THE ROADWAY.  #1 SKIDDED AND LEFT THE RIGHT SIDE OF THE ROADWAY, STRUCK A DITCH AND OVERTURNED.  DRIVER #1 WAS EJECTED."
1502134,3190014139,Missouri State Highway Patrol-Troop H,1559433600000,190311509,1,0,0,1,Personal Injury,ANDREW,NON-CITY OR UNINCORPORATED,H,1,1,0,1056,0.2,A ,N,US 71,RT A,Daylight,Overturn,2,,Sun     ,0,0,0,0,0,0,0,1,0,0,0,0,0,0,0,1,0,0,0,0,0,1,0,0,0,40.02807,-94.87922,0,06/02/2019,15:25:00,CRASH OCCURRED AS VEH 1 WAS NORTHBOUND ON US 71 IN ANDREW COUNTY. VEH 1 TRAVELED OFF THE WEST SIDE OF THE ROAD AND BEGAN SKIDDING. VEH 1 OVERTURNED AND STRUCK THE GROUND. DVR WAS EJECTED. VEH 1 CAME TO REST ON ITS RIGHT SIDE IN THE MEDIAN FACING SOUTH. ASSISTED BY ANDREW COUNTY SHERIFFS DEPARTMENT.
805016,3190014605,Missouri State Highway Patrol-Troop A,1559433600000,190311520,1,0,0,1,Personal Injury,JOHNSON,NON-CITY OR UNINCORPORATED,A,1,1,0,80,0.02,,,PP 311 NW US 50 HWY,NORTH OF US 50 HWY,Daylight,Pedestrian,2,,Sun     ,0,0,0,0,0,0,0,0,0,0,0,0,0,0,0,0,0,0,0,0,1,0,0,1,0,38.7763,-93.77775,0,06/02/2019,15:26:00,CRASH OCCURRED AS DVR1 WAS BACKING UP AND VEH1 TRAVELED OVER THE PEDESTRIAN.
912404,3190014073,Missouri State Highway Patrol-Troop D,1559433600000,190311608,4,0,4,0,Personal Injury,POLK,NON-CITY OR UNINCORPORATED,D,2,2,0,0,0,AT,N,RT D,MO 64,Daylight,Motor Vehicle in Transport,1,64,Sun     ,0,0,0,0,0,0,0,1,1,0,0,1,0,0,0,1,0,0,0,0,1,0,0,1,0,37.75785,-93.30552,0,06/02/2019,16:05:00,"CRASH OCCURRED AS VEHICLE #1 FAILED TO YIELD TO VEHICLE #2 AND STRUCK VEHICLE #2 IN THE SIDE CAUSING VEHICLE #2 TO LEAVE LEFT SIDE OF ROADWAY, STRIKE DITCH AND OVERTURN. ASSISTED BY CPL R.J. FILLIPI /352/"
1304546,3190014093,Missouri State Highway Patrol-Troop C,1559433600000,190311754,3,0,3,0,Personal Injury,WARREN,NON-CITY OR UNINCORPORATED,C,2,2,0,696,0.13,A ,S ,MO 47,CRD RIDDER RD,Daylight,Motor Vehicle in Transport,1,62,Sun     ,0,0,0,0,0,0,0,1,1,0,0,0,0,0,0,1,0,0,0,0,1,0,0,1,0,38.64361,-91.07703,0,06/02/2019,17:11:00,VEHICLE #2 CROSSED THE CENTER LINE AND STRUCK VEHICLE #1.  VEHICLE #1 TRAVELED OFF THE RIGHT SIDE OF THE ROADWAY AND CAME TO FINAL REST.  VEHICLE #2 TRAVELED OFF THE LEFT SIDE OF THE ROADWAY AND OVERTURNED.