objectid,accident,agency,inv_date,complaint,injured,killed,min_inj,dis_inj,severity,county,city,troop,no_vehicle,motor_veh,left_scene,dist_feet,dist_mile,inter_loc,direction,on_street,at_street,light_cond,acc_type,on_off_rd,two_veh,day_week,dr_drink,dr_drug,ped_drink,ped_drug,speed,dr_under21,dr_under25,dr_over55,dr_over64,electrical,emer_veh,stop_sign,yield_sign,czone,hazmat,aggressive,cell_phone,texting,veh_defect,school_bus,truck,motorcycle,atv,pickup,cmv,gps_lat,gps_long,severity_fatal,acc_date,acc_time,narrative
1200878,3190014632,Missouri State Highway Patrol-Troop F,1559433600000,190311773,1,0,0,1,Personal Injury,CAMDEN,NON-CITY OR UNINCORPORATED,F,1,1,0,1298,0.25,A ,E ,CRD TWIN RIVERS,MO 5,Daylight,Overturn,2,,Sun     ,0,0,0,0,1,0,0,0,0,0,0,0,0,0,0,1,0,0,0,0,0,1,0,0,0,38.09677,-92.81254,0,06/02/2019,17:10:00,"CRASH OCCURRED AS VEHICLE 1 TRAVELED OFF THE RIGHT SIDE OF THE ROADWAY, OVERTURNED, AND EJECTED DRIVER 1. ASSISTED BY CPL. B. J. BLANKENBEKER (895), AND TPR. A. A. LINDLEY (840)"
1193062,3190014784,Missouri State Highway Patrol-Troop B,1559433600000,190311779,2,0,1,1,Personal Injury,RALLS,NON-CITY OR UNINCORPORATED,B,3,3,0,47,0.01,B ,S ,US 61,CO US61N TO US61S,Daylight,Motor Vehicle in Transport,1,64,Sun     ,0,0,0,0,0,0,1,1,0,0,0,0,0,0,0,0,0,0,0,0,0,0,0,0,0,39.66864,-91.41627,0,06/02/2019,17:20:00,"ALL VEHICLES WERE SOUTHBOUND IN THE PASSING LANE OF US 61.  VEHICLE 01 WAS MAKING A LEFT TURN AND VEHICLE 02 STOPPED IN TRAFFIC, VEHICLE 03 TRAVELED OFF THE LEFT SIDE OF THE ROADWAY ATTEMPTING TO AVOID VEHICLE 02 AND STRUCK THE REAR BUMPER OF VEHICLE 02, VEHICLE 03 THEN STRUCK VEHICLE 01 IN THE DRIVER'S SIDE DOOR.  VEHICLE 01 AND VEHICLE 03 CAME TO REST OFF THE ROADWAY.  VEHICLE 02 CAME TO REST IN THE ROADWAY."
1120206,3190014276,Missouri State Highway Patrol-Troop E,1559433600000,190311802,2,0,2,0,Personal Injury,IRON,NON-CITY OR UNINCORPORATED,E,1,1,0,1795,0.34,B ,E ,MO 32,RT A,Daylight,Fixed Object,2,,Sun     ,0,0,0,0,0,0,0,0,0,0,0,0,0,0,0,0,0,0,0,0,0,1,0,0,0,37.69158,-90.87521,0,06/02/2019,17:27:00,STATE PROPERTY DAMAGE - CRASH OCCURRED AS VEHICLE ONE STRUCK DEBRIS IN THE ROADWAY TRAVELED OFF THE RIGHT SIDE OF THE ROADWAY AND STRUCK A TRAFFIC SIGN
1164896,3190014512,Missouri State Highway Patrol-Troop F,1559433600000,190311884,1,0,1,0,Personal Injury,BOONE,NON-CITY OR UNINCORPORATED,F,2,2,0,0,0,AT,W ,RT K,CST CASCADES DR,Daylight,Motor Vehicle in Transport,1,64,Sun     ,0,0,0,0,0,1,1,1,0,0,0,1,0,0,0,1,0,0,0,0,1,0,0,1,0,38.87138,-92.37806,0,06/02/2019,18:05:00,CRASH OCCURRED AS SOUTHBOUND VEHICLE 1 FAILED TO YIELD AND TRAVELED INTO THE  PATH OF WESTBOUND VEHICLE 2.
1266781,3190015572,Missouri State Highway Patrol-Troop C,1559433600000,190311909,4,1,0,4,Fatal,FRANKLIN,OAK GROVE VILLAGE,C,1,1,0,253,0.05,A ,E ,IS 44,ERM EAST IS 44 MILE 2260,Daylight,Fixed Object,2,,Sun     ,0,0,0,0,1,1,1,0,0,0,0,0,0,0,0,1,0,0,0,0,0,0,0,0,0,38.22535,-91.15472,1,06/02/2019,18:24:00,"LATE FATAL - VEHICLE 1 TRAVELED OFF THE LEFT SIDE OF THE ROADWAY, STRUCK THE CABLE BARRIERS IN THE MEDIAN. AND OVERTURNED. ASSISTED BY TPR J V BONDURANT (1468), TPR J R SUMMERS (1254), TPR C W TIERNEY (1386), AND TPR J D SANDERS (1436). PASSENGER 1 PRONOUNCED ON 06/05/2019 AT 1555 HOURS BY BARNES JEWISH HOSPITAL DR MAHAPATRA"
1147777,3190014337,Missouri State Highway Patrol-Troop E,1559433600000,190311956,3,0,3,0,Personal Injury,STODDARD,NON-CITY OR UNINCORPORATED,E,2,2,0,2640,0.5,B ,S ,MO 51,CRD 493,Daylight,Motor Vehicle in Transport,1,64,Sun     ,0,0,0,0,0,1,1,1,1,0,0,0,0,0,0,1,0,0,0,0,1,0,0,0,1,36.88442,-90.18195,0,06/02/2019,18:45:00,CRASH OCCURRED AS VEHICLE 1 FAILED TO YIELD TO VEHICLE 2.
901443,3190014096,Missouri State Highway Patrol-Troop D,1559433600000,190312032,0,1,0,0,Fatal,ST. CLAIR,NON-CITY OR UNINCORPORATED,D,1,1,0,2323,0.44,A ,E ,RT B,CRD NW 751,Daylight,Animal,1,,Sun     ,0,0,0,0,0,0,0,1,0,0,0,0,0,0,0,0,0,0,0,0,0,1,0,0,0,38.07007,-93.91221,1,06/02/2019,19:55:00,LATE DEATH REPORT - THIS IS TROOP D'S 38TH FATALITY FOR 2019 - NBR 1 STRUCK A DEER IN THE ROADWAY AND OVERTURNED. PRONOUNCED DEAD BY DR. TRAVIS ISRAEL AT RESEARCH MEDICAL CENTER ON 06-05-2019 AT 1756 HOURS. NEXT OF KIN NOTIFIED.
1304500,3190014366,Missouri State Highway Patrol-Troop C,1559433600000,190312048,1,0,0,1,Personal Injury,WARREN,NON-CITY OR UNINCORPORATED,C,1,1,0,385,0.07,A ,E ,IS 70,ERM EAST IS 70 MILE 1866,Daylight,Animal,1,,Sun     ,0,0,0,0,0,0,0,1,0,0,0,0,0,0,0,0,0,0,0,0,0,1,0,0,0,38.84597,-91.25809,0,06/02/2019,20:09:00,DRIVER 1 WAS EASTBOUND ON I-70.  A DEER ATTEMPTED TO CROSS THE INTERSTATE AND THE DEER STRUCK THE SIDE OF VEHICLE 1.
1200877,3190014722,Missouri State Highway Patrol-Troop F,1559433600000,190312070,0,1,0,0,Fatal,CAMDEN,NON-CITY OR UNINCORPORATED,F,1,1,0,1114,0.21,A ,N,RT V,CRD COUNTRY MEADOWS DR,Daylight,Fixed Object,2,,Sun     ,1,0,0,0,0,0,0,1,0,0,0,0,0,0,0,0,0,0,0,0,0,0,0,0,0,38.0077,-92.69675,1,06/02/2019,20:20:00,"**FATALIITY CRASH**  NEXT OF KIN NOTIFIED.   CRASH OCCURRED VEHICLE 1 RAN OFF THE RIGHT SIDE OF THE ROADWAY AND STRUCK A CULVERT.  VEHICLE 1 RETURNED TO THE ROADWAY, OVERTURNED, AND EJECTED DRIVER 1.  PRONOUNCED AT 2106 HOURS ON SCENE BY STEVE DOUGAN MEDICAL EXAMINER.  THIS IS TROOP F'S 1ST FATALITY FOR THE MONTH OF JUNE AND 23RD FATALITY FOR THE YEAR 2019.  ASSISTED BY CPL. B. J. BLANKENBEKER (895) AND TPR. M. R. LAWSON (831)"
1044882,3190015137,Missouri State Highway Patrol-Troop I,1559520000000,190312270,1,0,1,0,Personal Injury,LACLEDE,NON-CITY OR UNINCORPORATED,I,1,1,0,31,0.01,B ,S ,RT T,RT FF,Dark-Unlighted,Fixed Object,2,,Mon     ,0,1,0,0,0,0,0,1,1,0,0,0,0,0,0,0,0,0,0,0,1,0,0,1,0,37.79495,-92.49008,0,06/03/2019,00:17:00,"VEHICLE 1 TRAVELED OFF THE LEFT SIDE OF THE ROADWAY, STRUCK AND BROKE A HIGHWAY SIGN AND THEN TRAVELED DOWN AN EMBANKMENT. ASSISTED BY SHERIFF'S OFFICE LACLEDE COUNTY AND TRI-COUNTY FIRE DEPARTMENT"
1115029,3190013995,Missouri State Highway Patrol-Troop E,1559520000000,190312283,1,0,1,0,Personal Injury,MISSISSIPPI,NON-CITY OR UNINCORPORATED,E,1,1,Y,1056,0.2,B ,S ,MO 105,BRIDGE F0759,Dark-Unlighted,Fixed Object,2,,Mon     ,1,0,0,0,0,1,1,0,0,0,0,0,0,0,0,0,0,0,0,0,0,0,0,0,0,36.79547,-89.36571,0,06/03/2019,00:00:00,VEH1 RAN OFF THE ROADWAY AND STRUCK A DITCH
789568,3190013924,Missouri State Highway Patrol-Troop A,1559520000000,190312296,1,0,1,0,Personal Injury,CASS,BELTON,A,1,1,0,0,0,AT,N,IS 49,ERM NORTH IS 49 MILE 1732,Dark-Unlighted,Animal,1,,Mon     ,0,0,0,0,0,0,0,0,0,0,0,0,0,0,0,0,0,0,0,0,0,0,0,0,0,38.79962,-94.49749,0,06/03/2019,01:30:00,CRASH OCCURRED AS DEER ENTERED THE ROADWAY AND VEHICLE 1 STRUCK DEER. ASSISTED BY CASS COUNTY SHERIFF'S DEPARTMENT.
1131335,3190013936,Missouri State Highway Patrol-Troop E,1559520000000,190312316,2,0,2,0,Personal Injury,BUTLER,NON-CITY OR UNINCORPORATED,E,1,1,0,1547,0.29,B ,E ,US 60,BRIDGE A6445,Dark-Unlighted,Animal,1,,Mon     ,0,0,0,0,0,0,0,0,0,0,0,0,0,0,0,0,0,0,0,0,0,0,0,0,0,36.86387,-90.63892,0,06/03/2019,03:05:00,CRASH OCCURRED AS VEHICLE 1 STRUCK AN ANIMAL IN THE ROADWAY.
1173756,3190018256,Missouri State Highway Patrol-Troop F,1559520000000,190312338,0,1,0,0,Fatal,CALLAWAY,NON-CITY OR UNINCORPORATED,F,2,2,0,79,0.01,A ,W ,IS 70,ERM WEST IS 70 MILE 1518,Daylight,Motor Vehicle in Transport,1,63,Mon     ,0,0,0,0,0,0,0,1,1,0,0,0,0,0,0,1,0,0,1,0,0,0,0,0,1,38.94156,-91.87224,1,06/03/2019,05:48:00,"***FATALITY CRASH*** NEXT OF KIN HAS BEEN NOTIFIED.  CRASH OCCURRED AS VEHICLE 2 WAS IN PASSING LANE. VEHICLE 1 WAS IN THE DRIVING LANE. VEHICLE 2 CHANGED LANES INTO THE DRIVING LANE AND STRUCK VEHICLE 1. VEHICLE 1 OVERCORRECTED, RAN OFF RIGHT SIDE OF THE HIGHWAY AND OVERTURNED EJECTING DRIVER 1. DRIVER 1 PRONOUNCED ON SCENE BY MEDICAL EXAMINER DORI BURKE AT 0548. THIS IS TROOP F'S 2ND FATALITY FOR THE MONTH OF JUNE AND 24TH FATALITY FOR THE YEAR 2019. ASSISTED BY CPL. S. A. BRAZAS (315), CPL. S. M. CAMPBELL (242) AND CVO C. A. NIEKAMP (W165 )."
1223514,3190014125,Missouri State Highway Patrol-Troop C,1559520000000,190312437,4,0,4,0,Personal Injury,JEFFERSON,NON-CITY OR UNINCORPORATED,C,4,4,0,100,0.02,B ,N,US 67,CRD MEYER RD,Daylight,Motor Vehicle in Transport,1,61,Mon     ,0,0,0,0,0,1,1,1,0,1,0,0,0,0,0,0,0,0,0,0,1,0,0,1,1,38.17381,-90.44654,0,06/03/2019,07:20:00,VEHICLE 1 AND VEHICLE 2 WERE STOPPED IN LEFT LANE OF NORTHBOUND US 67 AT THE INTERSECTION OF MEYER RD. VEHICLE 3 WAS APPROACHING REAR OF VEHICLE 2 AND VEHICLE 4 WAS STOPPED IN RIGHT LANE OF NORTHBOUND 67  TO THE RIGHT OF VEHICLE 1. CRASH OCCURRED AS VEHICLE 3 STRUCK THE REAR OF VEHICLE 2 CAUSING VEHICLE 2 TO STRIKE THE REAR OF VEHICLE 1. VEHICLE 3 THEN TRAVELED IN TO THE RIGHT LANE STRIKING VEHICLE 4.
1303217,3190014490,Missouri State Highway Patrol-Troop C,1559520000000,190312456,1,0,1,0,Personal Injury,ST. LOUIS,FENTON,C,4,4,0,528,0.1,A ,N,MO 141,CST SAN SIMEON WAY,Daylight,Motor Vehicle in Transport,1,61,Mon     ,0,0,0,0,0,0,0,1,0,0,0,0,0,0,0,0,0,0,0,0,1,0,0,1,0,38.52317,-90.46612,0,06/03/2019,07:30:00,"VEHICLES 1, 2, AND 3 WERE STOPPED FOR TRAFFIC CONGESTION AHEAD. VEHICLE 4 FAILED TO SLOW AND STRUCK THE REAR OF VEHICLE 3. VEHICLE 3 THEN STRUCK THE REAR OF VEHICLE 2. VEHICLE 2 STRUCK THE REAR OF VEHICLE 1."
990501,3190013972,Missouri State Highway Patrol-Troop D,1559520000000,190312533,1,0,0,1,Personal Injury,NEWTON,NON-CITY OR UNINCORPORATED,D,1,1,0,4224,0.8,B ,E ,CRD GUM RD,CRD GREGORY LN,Daylight,Overturn,1,,Mon     ,0,0,0,0,1,0,0,0,0,0,0,0,0,0,0,1,0,0,0,0,0,1,0,0,0,36.94682,-94.29468,0,06/03/2019,08:05:00,"ACCIDENT OCCURRED AS VEHICLE #1 TRAVELED OFF THE LEFT SIDE OF THE ROAD, THEN RETURNED TO THE ROAD AND OVERTURNED."
1131336,3190015456,Missouri State Highway Patrol-Troop E,1559520000000,190312556,0,1,0,0,Fatal,BUTLER,NON-CITY OR UNINCORPORATED,E,2,2,0,0,0,AT,W ,US 160,CRD 488,Daylight,Motor Vehicle in Transport,1,64,Mon     ,0,0,0,0,0,0,0,1,1,0,0,1,0,0,0,1,0,0,0,0,1,0,0,1,0,36.66423,-90.55607,1,06/03/2019,08:15:00,***FATAL CRASH***NEXT OF KIN NOTIFIED***CRASH OCCURRED AS VEHICLE 1 PULLED INTO THE PATH OF VEHICLE 2. DRIVER OF VEHICLE 1 PRONOUNCED AT ST FRANCIS MEDICAL CENTER AT 1041 BY DR JOSEPH MCCLAIN. FATALITY NUMBER 18 OF 2019
1510588,3190013965,Missouri State Highway Patrol-Troop H,1559520000000,190312557,1,0,1,0,Personal Injury,HARRISON,NON-CITY OR UNINCORPORATED,H,1,1,Y,997,0.19,B ,N,US 69,BRIDGE A4598,Daylight,Fixed Object,2,,Mon     ,0,0,0,0,0,1,1,0,0,0,0,0,0,0,0,0,0,0,0,0,0,0,0,0,0,40.29354,-94.02656,0,06/03/2019,07:50:00,"CRASH OCCURRED AS VEH 1 WAS NORTHBOUND ON US-69. VEH 1 TRAVELED OFF THE EAST SIDE OF THE ROADWAY. DRIVER 1 OVERCORRECTED, AND VEH 1 DROVE OFF THE WEST SIDE OF THE ROADWAY. VEH 1 STRUCK AN EMBANKMENT, AND OVERTURNED. VEH 1 CAME TO REST ON ITS WHEELS FACING WEST. ASSISTED BY HARRISON COUNTY SHERIFF'S OFFICE."
1131351,3190013934,Missouri State Highway Patrol-Troop E,1559520000000,190312595,1,0,1,0,Personal Injury,BUTLER,NON-CITY OR UNINCORPORATED,E,2,2,0,929,0.18,A ,N,MO 53,CRD 673,Daylight,Motor Vehicle in Transport,1,61,Mon     ,0,0,0,0,0,1,1,0,0,0,0,0,0,0,0,1,0,0,0,0,0,0,0,0,0,36.59188,-90.21465,0,06/03/2019,08:45:00,CRASH OCCURRED AS VEHICLE 1 STRUCK THE REAR OF VEHICLE 2
1115030,3190014008,Missouri State Highway Patrol-Troop E,1559520000000,190312603,2,0,2,0,Personal Injury,MISSISSIPPI,NON-CITY OR UNINCORPORATED,E,2,2,0,3168,0.6,B ,W ,US 62,CRD 401,Daylight,Motor Vehicle in Transport,1,61,Mon     ,0,0,0,0,0,0,0,0,0,0,0,0,0,0,0,1,0,0,0,0,0,0,0,0,0,36.92077,-89.3818,0,06/03/2019,08:53:00,CRASH OCCURRED AS VEHICLE 1 WAS SLOWING TO MAKE A TURN AND WAS STRUCK IN REAR BY VEHICLE 2
799046,3190014233,Missouri State Highway Patrol-Troop A,1559520000000,190312665,1,0,1,0,Personal Injury,JACKSON,LEES SUMMIT,A,1,1,0,773,0.15,A ,E ,RP 6109,CST PRYOR ROAD,Daylight,Fixed Object,2,,Mon     ,0,0,0,0,0,0,0,1,0,0,0,0,0,0,0,0,0,0,0,0,0,0,0,0,0,38.93339,-94.40951,0,06/03/2019,09:30:00,"CRASH OCCURRED AS VEHICLE 1 TRAVELED OFF THE LEFT SIDE OF THE ROADWAY AND STRUCK A GUARDRAIL.  VEHICLE 1 RETURNED TO THE ROADWAY,  TRAVELED OFF THE RIGHT SIDE OF THE ROADWAY AND STRUCK A SECOND GUARDRAIL AND CAME TO A REST.  ASSISTED BY LEES SUMMIT POLICE."
1132537,3190014930,Missouri State Highway Patrol-Troop E,1559520000000,190312679,1,0,1,0,Personal Injury,RIPLEY,NON-CITY OR UNINCORPORATED,E,1,1,0,674,0.13,B ,W ,US 160,CRD 160E-20,Daylight,Fixed Object,2,,Mon     ,0,0,0,0,1,0,0,1,0,0,0,0,0,0,0,1,0,0,0,0,0,0,0,0,0,36.66523,-90.65369,0,06/03/2019,09:40:00,***STATE PROPERTY DAMAGE*** CRASH OCCURRED AS VEHICLE 1 RAN OFF THE RIGHT SIDE OF THE ROADWAY AND STRUCK 3 SIGNS AND A FENCE. DAMAGE TO 2 MODOT SIGNS
1217961,3190015145,Missouri State Highway Patrol-Troop C,1559520000000,190312718,1,0,1,0,Personal Injury,FRANKLIN,NON-CITY OR UNINCORPORATED,C,1,1,0,3695,0.7,B ,N,RT H,CRD ANGELL RD,Daylight,Fixed Object,2,,Mon     ,0,0,0,0,0,0,0,1,1,0,0,0,0,0,0,0,0,0,0,0,0,0,0,0,0,38.33842,-91.33492,0,06/03/2019,09:55:00,DRIVER 1 FAILED TO NEGOTIATE THE CURVED ROADWAY.  VEHICLE 1 CROSSED THE CENTER OF THE ROADWAY AND TRAVELED OFF THE LEFT SIDE OF THE ROAD.  THE FRONT OF VEHICLE 1 STRUCK A TREE.
1286520,3190015389,Missouri State Highway Patrol-Troop C,1559520000000,190312767,1,0,1,0,Personal Injury,ST. FRANCOIS,NON-CITY OR UNINCORPORATED,C,2,2,0,720,0.14,B ,E ,RT K,CRD HILLSBORO RD,Daylight,Motor Vehicle in Transport,1,61,Mon     ,0,0,0,0,0,0,0,1,1,0,0,0,0,0,0,0,0,0,0,0,1,0,0,1,0,37.92874,-90.47454,0,06/03/2019,10:20:00,VEHICLE 2 WAS STOPPED DUE TO A VEHICLE TURNING. DRIVER #1 APPLIED THE BRAKES AND SKIDDED INTO THE REAR OF STOPPED VEHICLE 1.
800659,3190014793,Missouri State Highway Patrol-Troop A,1559520000000,190312871,1,0,1,0,Personal Injury,SALINE,NON-CITY OR UNINCORPORATED,A,1,1,0,1346,0.25,B ,N,CRD MAGNOLIA AVE,CRD WATERMILL ROAD,Daylight,Fixed Object,2,,Mon     ,0,0,0,0,0,0,1,0,0,0,0,0,0,0,0,1,0,0,0,0,0,0,0,0,0,39.10377,-93.11925,0,06/03/2019,11:18:00,CRASH OCCURRED AS VEHICLE 1 WAS TRAVELING NORTHBOUND ON MAGNOLIA AVENUE. VEHICLE 1 CROSSED THE CENTER OF THE ROADWAY. DRIVER 1 OVERCORRECTED CAUSING VEHICLE 1 TO TRAVEL OFF THE RIGHT SIDE OF THE ROADWAY. VEHICLE 1 STRUCK A DITCH AND OVERTURNED. ASSISTED BY TPR M. J. OWENS /488/
1222900,3190014482,Missouri State Highway Patrol-Troop C,1559520000000,190312954,1,0,1,0,Personal Injury,ST. LOUIS,NON-CITY OR UNINCORPORATED,C,3,3,0,242,0.05,B ,E ,IS 270,ERM NORTH IS 270 MILE 104,Daylight,Motor Vehicle in Transport,1,61,Mon     ,0,0,0,0,0,0,0,1,1,0,0,0,0,0,0,1,0,0,0,0,1,0,0,1,0,38.60756,-90.45097,0,06/03/2019,12:15:00,VEHICLES 1 & 2 SLOWED FOR TRAFFIC.  VEHICLE 3 HIT THE BACK OF VEHICLE 2 PUSHING VEHICLE 2 INTO VEHICLE 1.
852024,3190015081,Missouri State Highway Patrol-Troop A,1559520000000,190313094,2,0,1,1,Personal Injury,PETTIS,NON-CITY OR UNINCORPORATED,A,2,2,0,58,0.01,B ,W ,RT V,BRIDGE B0371,Daylight,Fixed Object,2,,Mon     ,0,0,0,0,0,0,0,1,1,0,0,0,0,0,0,1,0,0,0,0,0,0,0,0,0,38.57838,-93.23477,0,06/03/2019,13:15:00,CRASH OCCURRED AS VEHICLE 1 WAS EASTBOUND ON ROUTE V AND STRUCK A GUARDRAIL. VEHICLE 1 OVERTURNED AND STRUCK VEHICLE 2. VEHICLE 2 TRAVELED OFF THE LEFT SIDE OF THE ROADWAY AND STRUCK A DITCH. VEHICLE 1 CAME TO REST ON ITS TOP. ASSISTED BY TPR A. S. CRAIG /477/ AND PETTIS COUNTY SHERIFF'S DEPARTMENT
1223511,3190014785,Missouri State Highway Patrol-Troop C,1559520000000,190313238,1,0,1,0,Personal Injury,JEFFERSON,NON-CITY OR UNINCORPORATED,C,1,1,0,158,0.03,A ,N,CRD SANDY VALLEY RD,CRD JARVIS RD,Daylight,Fixed Object,2,,Mon     ,0,0,0,0,0,0,1,0,0,0,0,0,0,0,0,1,0,0,0,0,0,0,0,0,0,38.27082,-90.50511,0,06/03/2019,14:25:00,"VEHICLE 1 TRAVELED OFF OF THE RIGHT SIDE OF THE ROADWAY AND STRUCK TWO TREES,"
852026,3190014920,Missouri State Highway Patrol-Troop A,1559520000000,190313381,1,0,1,0,Personal Injury,PETTIS,NON-CITY OR UNINCORPORATED,A,1,1,0,976,0.18,A ,N,US 65,CRD ABNEY ROAD,Daylight,Animal,1,,Mon     ,0,0,0,0,0,0,0,0,0,0,0,0,0,0,0,0,0,0,0,0,0,0,0,0,0,38.85291,-93.21722,0,06/03/2019,15:45:00,CRASH OCCURRED AS VEHICLE 1 STRUCK A DEER. ASSISTED BY PETTIS COUNTY SHERIFFS DEPARTMENT
921256,3190014453,Missouri State Highway Patrol-Troop D,1559520000000,190313477,1,0,1,0,Personal Injury,LAWRENCE,NON-CITY OR UNINCORPORATED,D,1,1,0,36,0.01,A ,W ,IS 44,ERM WEST IS 44 MILE 490,Daylight,Fixed Object,2,,Mon     ,0,0,0,0,0,0,0,0,0,0,0,0,0,0,0,1,0,0,0,0,1,0,0,1,0,37.10975,-93.77252,0,06/03/2019,16:15:00,A WITNESS VEHICLE CHANGED LANES FROM THE PASSING LANE INTO THE DRIVING LANE FORCING DRIVER #1 TO SWERVE OFF THE ROADWAY TO AVOID CONTACT.
1132448,3190014157,Missouri State Highway Patrol-Troop E,1559520000000,190313665,2,0,2,0,Personal Injury,BUTLER,NON-CITY OR UNINCORPORATED,E,1,1,0,242,0.05,B ,E ,CRD 236,CRD 243,Daylight,Overturn,2,,Mon     ,0,0,0,0,1,0,0,0,0,0,0,0,0,0,0,1,0,0,0,0,0,0,0,0,0,36.53039,-90.32226,0,06/03/2019,17:50:00,CRASH OCCURRED AS VEHICLE 1 RAN OFF THE LEFT SIDE OF THE ROADWAY AND OVERTURNED.
1164942,3190014510,Missouri State Highway Patrol-Troop F,1559520000000,190313742,1,0,1,0,Personal Injury,BOONE,NON-CITY OR UNINCORPORATED,F,2,2,0,248,0.05,A ,E ,IS 70,ERM EAST IS 70 MILE 1152,Daylight,Fixed Object,2,,Mon     ,0,0,0,0,0,1,1,1,1,0,0,0,0,0,0,1,0,0,0,0,1,0,0,1,0,38.96354,-92.53884,0,06/03/2019,18:35:00,"VEHICLE 1 CROSSED THE MEDIAN, STRUCK CABLE BARRIER AND GUARD RAIL, AND STRUCK WESTBOUND VEHICLE 2. ASSISTED BY TPR C. B. NELSON (720)"
957785,3190014034,Missouri State Highway Patrol-Troop D,1559520000000,190313744,2,0,2,0,Personal Injury,TANEY,NON-CITY OR UNINCORPORATED,D,1,1,0,860,0.16,B ,N,RT H,CRD BRADFORD ROAD,Daylight,Fixed Object,2,,Mon     ,0,0,0,0,1,1,1,0,0,0,0,0,0,0,0,1,0,0,0,0,1,0,0,1,0,36.75426,-93.13354,0,06/03/2019,18:40:00,"VEHICLE 1 RAN OFF THE ROADWAY, STRUCK A SIGN AND OVERTURNED."
1500697,3190014513,Missouri State Highway Patrol-Troop H,1559520000000,190314013,1,0,0,1,Personal Injury,BUCHANAN,NON-CITY OR UNINCORPORATED,H,1,1,0,332,0.06,B ,N,IS 229,ERM NORTH IS 229 MILE 10,Dark-Unlighted,Overturn,1,,Mon     ,0,0,0,0,0,0,0,0,0,0,0,0,0,0,0,1,0,0,0,0,0,0,0,0,0,39.71249,-94.80495,0,06/03/2019,22:40:00,"CRASH OCCURRED AS VEHICLE 1 WAS NORTHBOUND ON I-229. VEHICLE 1 TRAVELED INTO THE MEDIAN, RETURNED TO THE ROADWAY, SKIDDED OFF THE SOUTH SIDE OF THE ROADWAY AND OVERTUNED ACROSS SOUTHBOUND I-229. DRIVER 1 WAS EJECTED AND CAME TO REST OFF THE SOUTH SIDE OF SOUTHBOUND I-229. VEHICLE 1 CAME TO REST ON ITS WHEELS NEXT TO DRIVER 1 FACING SOUTHEAST. ASSISTED BY CPL A.J. WEBB (851) AND THE BUCHANAN COUNTY SHERIFF'S DEPARTMENT."
1019404,3190014353,Missouri State Highway Patrol-Troop D,1559606400000,190314130,1,0,1,0,Personal Injury,HICKORY,WEAUBLEAU,D,1,1,0,296,0.06,B ,W ,US 54,CRD 21,Dark-Unlighted,Fixed Object,2,,Tue     ,0,0,0,0,0,1,1,0,0,0,0,0,0,0,0,0,0,0,0,0,0,0,0,0,0,37.89106,-93.55029,0,06/04/2019,02:10:00,NR1 RAN OFF THE ROADWAY AND OVER TURNED
990472,3190014000,Missouri State Highway Patrol-Troop D,1559606400000,190314133,0,1,0,0,Fatal,NEWTON,NON-CITY OR UNINCORPORATED,D,1,1,0,1525,0.29,B ,S ,CRD SPURGEON RD,CRD ELM RD,Dark-Unlighted,Animal,1,,Tue     ,0,0,0,0,0,0,0,1,0,0,0,0,0,0,0,0,0,0,0,0,0,1,0,0,0,36.98284,-94.47028,1,06/04/2019,02:30:00,FATALITY TRAFFIC CRASH - NEXT OF KIN NOTIFIED - THIS IS TROOP D'S 37TH FATALITY FOR 2019 - VEHICLE 1 STRUCK A DEER IN THE ROADWAY AND EJECTED THE DRIVER.  SUBJECT WAS PRONOUNCED DEAD AT THE SCENE BY NEWTON COUNTY DEPUTY CORONER DALE OWENS AT 0312 HOURS.
1223534,3190015712,Missouri State Highway Patrol-Troop C,1559606400000,190314164,1,0,1,0,Personal Injury,JEFFERSON,NON-CITY OR UNINCORPORATED,C,1,1,0,63,0.01,A ,N,CRD WEST FOUR RIDGE RD,CRD MILLER RD,Dark-Unlighted,Fixed Object,2,,Tue     ,0,0,0,0,1,0,1,0,0,0,0,1,0,0,0,1,0,0,0,0,0,0,0,0,0,38.40898,-90.52431,0,06/04/2019,05:50:00,VEHICLE 1 TRAVELED OFF THE RIGHT SIDE OF THE ROADWAY AND STRUCK AN EMBANKMENT.
1185973,3190013996,Missouri State Highway Patrol-Troop B,1559606400000,190314343,1,0,1,0,Personal Injury,SULLIVAN,NON-CITY OR UNINCORPORATED,B,1,1,0,638,0.12,B ,W ,MO 6,CST FRONT ST EJ,Daylight,Animal,1,,Tue     ,0,0,0,0,0,0,0,0,0,0,0,0,0,0,0,0,0,0,0,0,0,0,0,0,0,40.26098,-92.87076,0,06/04/2019,07:50:00,VEHICLE 1 STRUCK A DEER IN THE ROADWAY.  ASSISTED BY THE SULLIVAN COUNTY SHERIFF'S OFFICE.
988993,3190014470,Missouri State Highway Patrol-Troop D,1559606400000,190314593,1,0,1,0,Personal Injury,JASPER,NON-CITY OR UNINCORPORATED,D,3,3,0,400,0.08,A ,W ,IS 44,ERM WEST IS 44 MILE 176,Daylight,Motor Vehicle in Transport,1,61,Tue     ,0,0,0,0,0,0,0,1,1,0,0,0,0,0,0,1,0,0,0,0,1,0,0,1,0,37.08209,-94.32992,0,06/04/2019,09:45:00,ACCIDENT OCCURRED AS NBR 2 WAS SLOWING DUE FOR A STALLED VEHICLE IN THE PASSING LANE. NBR  #1 STRUCK THE REAR OF NBR 2 AND A DETACHED WHEEL  FROM #1 STRUCK VEHICLE NBR  #3