objectid,accident,agency,inv_date,complaint,injured,killed,min_inj,dis_inj,severity,county,city,troop,no_vehicle,motor_veh,left_scene,dist_feet,dist_mile,inter_loc,direction,on_street,at_street,light_cond,acc_type,on_off_rd,two_veh,day_week,dr_drink,dr_drug,ped_drink,ped_drug,speed,dr_under21,dr_under25,dr_over55,dr_over64,electrical,emer_veh,stop_sign,yield_sign,czone,hazmat,aggressive,cell_phone,texting,veh_defect,school_bus,truck,motorcycle,atv,pickup,cmv,gps_lat,gps_long,severity_fatal,acc_date,acc_time,narrative
1068083,3190014128,Missouri State Highway Patrol-Troop I,1559606400000,190314632,1,0,1,0,Personal Injury,PHELPS,DOOLITTLE,I,1,1,0,485,0.09,A ,W ,IS 44,ERM WEST IS 44 MILE 1774,Daylight,Fixed Object,2,,Tue     ,0,0,0,0,1,0,0,0,0,0,0,0,0,0,0,1,0,0,0,0,0,0,0,0,0,37.94557,-91.92492,0,06/04/2019,10:05:00,OCCURRED AS VEH 1 TRAVELED OFF OF THE LEFT SIDE OF THE ROADWAY AND STRUCK  THE CABLE BARRIER.
1336466,3190014452,Missouri State Highway Patrol-Troop G,1559606400000,190314673,1,0,0,1,Personal Injury,HOWELL,NON-CITY OR UNINCORPORATED,G,1,1,0,506,0.1,A ,E ,US 60,RP 904223,Daylight,Fixed Object,2,,Tue     ,0,0,0,0,1,0,0,0,0,0,0,0,0,0,0,1,0,0,0,0,0,0,0,0,0,36.96425,-91.92364,0,06/04/2019,10:15:00,"VEHICLE # LOST CONTROL ON WET PAVEMENT, RAN OFF RIGHT SIDE OF ROADWAY AND STRUCK A DITCH."
1132449,3190014925,Missouri State Highway Patrol-Troop E,1559606400000,190314823,1,0,1,0,Personal Injury,BUTLER,NON-CITY OR UNINCORPORATED,E,2,2,0,129,0.02,B ,E ,CRD 572,CST HIGH STREET,Daylight,Motor Vehicle in Transport,1,61,Tue     ,0,0,0,0,0,0,0,1,0,0,0,0,0,0,0,0,0,0,0,0,1,0,0,1,1,36.84632,-90.28118,0,06/04/2019,11:35:00,CRASH OCCURRED AS VEHICLE 1 BACKED INTO VEHICLE 2
822362,3190014634,Missouri State Highway Patrol-Troop A,1559606400000,190314963,1,0,1,0,Personal Injury,BENTON,NON-CITY OR UNINCORPORATED,A,1,1,0,600,0.11,A ,N,US 65,CRD ANWILER AVENUE,Daylight,Overturn,2,,Tue     ,0,0,0,0,0,0,0,0,0,0,0,0,0,0,0,0,0,0,1,0,0,0,0,0,0,38.11243,-93.27642,0,06/04/2019,12:40:00,CRASH OCCURRED AS VEHICLE 1 WAS NORTHBOUND AND THE VEHICLE EXPERIENCED A DEFECT CAUSING THE BACK END TO SKID. VEHICLE 1 TRAVELED OFF THE ROADWAY AND  CAME TO REST ON ITS SIDE. ASSISTED BY BENTON COUNTY SHERIFF'S OFFICE.
1056686,3190014972,Missouri State Highway Patrol-Troop I,1559606400000,190315069,1,0,1,0,Personal Injury,CRAWFORD,NON-CITY OR UNINCORPORATED,I,2,2,0,5280,1,A ,N,RT F,CRD SHOEMAKER ROAD,Daylight,Motor Vehicle in Transport,1,61,Tue     ,0,0,0,0,0,1,1,0,0,0,0,0,0,0,0,0,0,0,0,0,1,0,0,1,0,38.19444,-91.46389,0,06/04/2019,13:20:00,"CRASH OCCURRED AS VEHICLE 2 STOPPED ON SHOULDER TO USE CELL  PHONE, DRIVER 1 STRUCK THE REAR OF VEHICLE 2."
1203388,3190014619,Missouri State Highway Patrol-Troop C,1559606400000,190315248,3,0,3,0,Personal Injury,ST. CHARLES,O'FALLON,C,3,3,0,1056,0.2,B ,E ,IS 70,MO 79,Daylight,Fixed Object,2,,Tue     ,0,0,0,0,0,1,1,0,0,0,0,0,0,0,0,0,0,0,1,0,1,0,0,0,1,38.80218,-90.65538,0,06/04/2019,14:35:00,"VEHICLE 1 SUFFERED A MECHANICAL FAILURE AND TRAVELED OFF OF THE RIGHT SIDE OF THE ROADWAY INTO THE MEDIAN GUARDRAIL. VEHICLE 1 CAME BACK ONTO THE ROADWAY AND TRAVELED INTO PATH OF VEHICLE 3. VEHICLE 3 SWERVED TO AVOID VEHICLE 1 AND STRUCK VEHICLE 2. VEHICLE 2 THEN STRUCK THE MEDIAN WALL. VEHICLE 3 STRUCK VEHICLE 1. VEHICLE 3 TRAVELED OFF THE RIGHT SIDE OF THE ROADWAY INTO THE GUARDRAIL AND OVERTURNED. ASSISTED BY MSGT. J.L. DECKER (240), TPR. K.D. HOUSE (931). TPR. R.R. DAVIS (582), AND TPR. J.R. BREITBACH (790)."
1300755,3190014236,Missouri State Highway Patrol-Troop C,1559606400000,190315251,2,0,2,0,Personal Injury,ST. CHARLES,WEST ALTON,C,6,6,0,1356,0.26,B ,N,US 67,MO 94,Daylight,Motor Vehicle in Transport,1,61,Tue     ,0,0,0,0,0,0,0,1,0,1,0,0,0,0,0,0,0,0,0,0,1,0,0,1,0,38.85825,-90.22541,0,06/04/2019,14:35:00,"VEHICLES 2, 3, 4, 5, AND 6, WERE STOPPED NORTHBOUND ON US-67 IN TRAFFIC FOR A STEADY RED ELECTRIC SIGNAL. VEHICLE 1 WAS TRAVELING NORTHBOUND ON US-67. DRIVER 1 FAILED TO STOP AND THE FRONT OF VEHICLE 1 STRUCK THE REAR OF VEHICLE 2. VEHICLE 2 WAS FORCED INTO VEHICLE 3. VEHICLE 3 WAS FORCED INTO VEHICLE 4. VEHICLE 4 WAS FORCED INTO VEHICLE 5. VEHICLE 5 WAS FORCED INTO VEHICLE 6. ASSISTED BY TPR. Q. H. HOOKS (373)."
921257,3190016152,Missouri State Highway Patrol-Troop D,1559606400000,190315396,1,0,1,0,Personal Injury,LAWRENCE,NON-CITY OR UNINCORPORATED,D,1,1,0,163,0.03,B ,E ,IS 44,ERM EAST IS 44 MILE 552,Daylight,Overturn,2,,Tue     ,0,0,0,0,0,1,1,0,0,0,0,0,0,0,0,0,0,0,1,0,0,0,0,0,0,37.16297,-93.68255,0,06/04/2019,15:35:00,#1 SKIDDED OFF THE LEFT SIDE OF THE ROAD AND OVERTURNED.
907257,3190014289,Missouri State Highway Patrol-Troop D,1559606400000,190315443,1,0,1,0,Personal Injury,GREENE,NON-CITY OR UNINCORPORATED,D,2,2,0,550,0.1,A ,S ,MO 13,RT CC,Daylight,Motor Vehicle in Transport,1,61,Tue     ,0,0,0,0,0,0,0,1,0,0,0,0,0,0,0,1,0,0,0,0,1,0,0,1,0,37.40047,-93.35021,0,06/04/2019,15:57:00,"CRASH OCCURRED AS VEHICLE 1 PULLED INTO THE PATH OF VEHICLE 2.  VEHICLE 2 STRUCK VEHICLE 1 IN THE REAR.  VEHICLE 2 SKIDDED OFF RIGHT SIDE OF ROADWAY, VEHICLE 1 CROSSED MEDIAN AND CROSSED NORTHBOUND MO 13 AND STRUCK A TREE."
882751,3190015740,Missouri State Highway Patrol-Troop A,1559606400000,190315545,1,1,0,1,Fatal,BATES,NON-CITY OR UNINCORPORATED,A,2,2,0,2112,0.4,A ,W ,MO 18,RT Y,Daylight,Motor Vehicle in Transport,1,60,Tue     ,0,1,0,0,0,0,0,1,0,0,0,0,0,0,0,1,0,0,0,0,1,0,0,0,1,38.41251,-94.58757,1,06/04/2019,16:35:00,"FATALITY CRASH - NEXT OF KIN NOTIFIED -TROOP A FATAL CRASH #34 AND FATALITY #39 FOR 2019.  CRASH OCCURRED VEH1  WAS TRAVELING SOUTHBOUND WHEN IT CROSSED THE CENTER LINE INTO ONCOMING TRAFFIC.  VEH 2 WAS TRAVELING NORTHBOUND WHEN IT OVERTOOK AND STRUCK VEH 1 AT THE CREST OF A HILL.  VEH 2 THEN OVERTURNED AND BOTH VEHICLES CAME TO A REST OFF EAST SIDE OF ROADWAY.   DRIVER 1 WAS PRONOUNCED ON 06/04/2019, AT 1722 BY CASS COUNTY PARAMEDIC CARRIE POULIGNOT AT THE SCENE.  ASSISTED BY CPL T G SIMMS/633, SGT K M FISHER/399, TPR J W EWING/524 AND CVO II B C SANDERS/W110"
862386,3190014194,Missouri State Highway Patrol-Troop A,1559606400000,190315581,1,0,1,0,Personal Injury,JACKSON,BLUE SPRINGS,A,2,2,0,58,0.01,A ,E ,IS 70,ERM EAST IS 70 MILE 192,Daylight,Motor Vehicle in Transport,1,61,Tue     ,0,0,0,0,0,0,0,0,0,0,0,0,0,0,0,0,0,0,0,0,0,0,0,0,0,39.03344,-94.29917,0,06/04/2019,16:55:00,CRASH OCCURRED AS BOTH VEHICLES WERE EASTBOUND ON I 70.  VEH 2 SLOWED DUE TO TRAFFIC CONGESTION AND VEH 1 OVERTOOK AND STRUCK VEH 2.
1337838,3190014165,Missouri State Highway Patrol-Troop G,1559606400000,190315692,1,0,1,0,Personal Injury,SHANNON,NON-CITY OR UNINCORPORATED,G,1,1,0,10,0,B ,N,MO 99,RT Y,Daylight,Fixed Object,2,,Tue     ,0,0,0,0,0,0,0,0,0,0,0,0,0,0,0,0,0,0,0,0,1,0,0,0,1,36.96603,-91.48436,0,06/04/2019,17:40:00,ACCIDENT OCCURRED AS VEHICLE TRAVELED OFF OF RIGHT SIDE OF ROADWAY AND STRUCK A TREE.
1032406,3190014508,Missouri State Highway Patrol-Troop I,1559606400000,190315705,1,0,0,1,Personal Injury,PULASKI,NON-CITY OR UNINCORPORATED,I,1,1,0,497,0.09,A ,W ,IS 44,ERM WEST IS 44 MILE 1472,Daylight,Fixed Object,2,,Tue     ,0,0,0,0,1,0,0,1,0,0,0,0,0,0,0,1,0,0,0,0,1,0,0,1,0,37.77112,-92.38311,0,06/04/2019,17:52:00,"VEHICLE #1 TRAVELED OFF THE RIGHT SIDE OF THE ROADWAY.  DRIVER #1 OVERCORRECTED AND VEHICLE #1 OVERTURNED AND CAME TO REST PARTIALLY IN THE  WESTBOUND DRIVING LANE. ASSISTED BY CPL M. S. MIZER, (186)."
1217958,3190015291,Missouri State Highway Patrol-Troop C,1559606400000,190315739,2,0,1,1,Personal Injury,FRANKLIN,NON-CITY OR UNINCORPORATED,C,2,2,0,58,0.01,A ,S ,RT HH,PVT EMERSON ROAD,Dark-Unlighted,Motor Vehicle in Transport,1,64,Tue     ,0,0,0,0,1,0,0,0,0,0,0,0,0,0,0,1,0,0,0,0,1,0,0,0,1,38.37146,-90.75317,0,06/04/2019,18:14:00,"VEHICLE #1 WAS TRAVELING SOUTHBOUND ON ROUTE HH. VEHICLE #2 WAS TRAVELING NORTHBOUND ON ROUTE HH.  DRIVER #2 WAS TRAVELING TOO FAST FOR CONDITIONS. VEHICLE #2 STARTED TO SLIDE AND CROSSED THE CENTERLINE, INTO ONCOMING TRAFFIC. THE FRONT OF VEHICLE #1 STRUCK THE LEFT SIDE OF VEHICLE #2.  VEHICLE #1 THEN TRAVELED OFF THE LEFT SIDE ROADWAY AND STRUCK AN EMBANKMENT."
1167497,3190015230,Missouri State Highway Patrol-Troop F,1559606400000,190315763,2,0,1,1,Personal Injury,MILLER,NON-CITY OR UNINCORPORATED,F,2,2,0,42,0.01,B ,S ,MO 17,MO 52 NJ,Daylight,Motor Vehicle in Transport,1,64,Tue     ,1,0,0,0,0,0,1,0,0,0,0,0,1,0,0,1,0,0,0,0,1,0,0,1,0,38.23975,-92.45246,0,06/04/2019,18:26:00,"OCCURRED AS VEHICLE 1 FAILED TO YIELD TO VEHICLE 2. VEHICLE 2 STRUCK VEHICLE 1. ASSISTED BY TPR A. A. LINDLEY (840), SGT M. J. CODY (271), TPR R. M. MALONE (1274), CPL B. J. BLANKENBEKER (895),  AND MILLER COUNTY SHERIFFS OFFICE"
1222929,3190014494,Missouri State Highway Patrol-Troop C,1559606400000,190315782,2,0,2,0,Personal Injury,ST. LOUIS,NON-CITY OR UNINCORPORATED,C,4,4,0,195,0.04,B ,N,IS 255,ERM EAST IS 255 MILE 16,Daylight,Motor Vehicle in Transport,1,63,Tue     ,0,0,0,0,1,1,1,0,0,0,0,0,0,0,0,1,0,0,0,0,0,0,0,0,0,38.49873,-90.3105,0,06/04/2019,18:40:00,"VEHICLES 1, 2, 3, AND 4, WERE TRAVELING EASTBOUND ON INTERSTATE 255, WEST OF MISSOURI ROUTE 231. VEHICLES 1, 2, AND 3, SLOWED FOR CONGESTED TRAFFIC AHEAD. DRIVER 4 ATTEMPTED TO SLOW AND VEHICLE 4 BEGAN TO SKID. THE FRONT RIGHT OF VEHICLE 4 STRUCK THE LEFT SIDE OF VEHICLE 3. THE FRONT OF VEHICLE 4 STRUCK THE REAR OF VEHICLE 2. VEHICLE 2 WAS FORCED INTO THE REAR OF VEHICLE 1. CORRECTED REPORT"
1177480,3190017693,Missouri State Highway Patrol-Troop F,1559606400000,190315785,0,1,0,0,Fatal,MONTGOMERY,NEW FLORENCE,F,2,2,0,0,0,AT,W ,IS 70,ERM WEST IS 70 MILE 1748,Daylight,Motor Vehicle in Transport,1,61,Tue     ,0,0,0,0,1,0,0,1,1,0,0,0,0,0,0,1,0,0,0,0,1,0,0,1,0,38.90125,-91.462,1,06/04/2019,18:49:00,FATALITY ACCIDENT - VEHICLE 1 WAS PARKED IN THE PASSING LANE OF WESTBOUND INTERSTATE 70 AND WAS STRUCK IN THE REAR BY VEHICLE 2. DRIVER 1 WAS PRONOUNCED DEAD BY DR. ANDREW PELIKAN AT THE UNIVERSITY OF MISSOURI HOSPITAL AT 1941 HOURS. NEXT OF KIN HAS BEEN NOTIFIED. THIS IS FATALITY NUMBER 3 FOR JUNE AND 25 FOR 2019 IN TROOP F.
1223506,3190014895,Missouri State Highway Patrol-Troop C,1559606400000,190315946,1,0,1,0,Personal Injury,JEFFERSON,NON-CITY OR UNINCORPORATED,C,2,2,Y,485,0.09,B ,S ,IS 55,ERM SOUTH IS 55 MILE 1840,Dark-Unlighted,Motor Vehicle in Transport,1,61,Tue     ,0,0,0,0,0,0,0,1,0,0,0,0,0,0,0,0,0,0,0,0,0,0,0,0,0,38.3339,-90.3996,0,06/04/2019,20:30:00,THE FRONT OF VEHICLE 2 STRUCK THE REAR OF VEHICLE 1.
1263757,3190015529,Missouri State Highway Patrol-Troop C,1559606400000,190316009,5,0,5,0,Personal Injury,WARREN,WARRENTON,C,1,1,0,227,0.04,A ,W ,IS 70,ERM WEST IS 70 MILE 1922,Dark-Unlighted,Fixed Object,2,,Tue     ,1,0,0,0,0,0,0,0,0,0,0,0,0,0,0,1,0,0,0,0,0,0,0,0,0,38.81961,-91.16655,0,06/04/2019,21:20:00,VEHICLE 1 WAS TRAVELING WESTBOUND ON INTERSTATE 70 AND TRAVELED OFF THE LEFT SIDE OF THE ROADWAY. DRIVER 1 OVERCORRECTED. VEHICLE 1 TRAVELED OFF THE RIGHT SIDE OF THE ROADWAY AND STRUCK A TREE. ASSISTED BY TPR. M. W. HEDLUND (255).
1190330,3190015118,Missouri State Highway Patrol-Troop B,1559606400000,190316024,1,0,0,1,Personal Injury,SHELBY,NON-CITY OR UNINCORPORATED,B,1,1,0,1261,0.24,A ,N,RT Z,CRD 474,Dark-Unlighted,Animal,1,,Tue     ,0,0,0,0,0,1,1,0,0,0,0,0,0,0,0,0,0,0,0,0,0,0,0,0,0,39.72012,-91.85979,0,06/04/2019,21:35:00,"VEHICLE 01 STRUCK A DEER, TRAVELED OFF THE RIGHT SIDE OF THE ROADWAY, OVERCORRECTED, TRAVELED OFF THE LEFT SIDE OF THE ROADWAY AND STRUCK A TREE.  VEHICLE 01 CAME TO REST ON ITS WHEELS FACING SOUTH."
1131333,3190014585,Missouri State Highway Patrol-Troop E,1559606400000,190316041,2,0,2,0,Personal Injury,BUTLER,NON-CITY OR UNINCORPORATED,E,2,2,0,15,0,B ,N,US 67,BRIDGE F0665,Dark-Unlighted,Motor Vehicle in Transport,1,60,Tue     ,0,0,0,0,0,0,1,1,0,0,0,0,0,0,0,1,0,0,0,0,0,0,0,0,0,36.60782,-90.52044,0,06/04/2019,22:00:00,CRASH OCCURRED AS VEHICLE 1 CROSSED THE CENTERLINE AND STRUCK VEHICLE 2.
814539,3190014898,Missouri State Highway Patrol-Troop A,1559692800000,190316136,1,0,1,0,Personal Injury,CLAY,KANSAS CITY,A,1,1,0,496,0.09,B ,E ,MO 152,CST NE BARRY ROAD,Dark-Lighted,Overturn,2,,Wed     ,0,0,0,0,1,0,0,0,0,0,0,0,0,0,0,1,0,0,0,0,0,1,0,0,0,39.24986,-94.54902,0,06/05/2019,00:01:00,CRASH OCCURRED AS VEHICLE 1 RAN OFF THE LEFT SIDE OF THE ROADWAY STRIKING THE CABLE BARRIER. DRIVER 1 WAS EJECTED. ASSISTED BY KANSAS CITY POLICE DEPARTMENT.
969872,3190014277,Missouri State Highway Patrol-Troop D,1559692800000,190316176,1,0,1,0,Personal Injury,BARRY,NON-CITY OR UNINCORPORATED,D,1,1,0,633,0.12,B ,E ,RT Z,CRD 1130,Dark-Unlighted,Fixed Object,2,,Wed     ,0,0,0,0,0,1,1,0,0,0,0,0,0,0,0,0,0,0,0,0,0,0,0,0,0,36.90106,-93.83038,0,06/05/2019,01:25:00,VEHICLE 1 RAN OFF THE ROADWAY AND STRUCK THE CONCRETE CULVERT
1059712,3190014902,Missouri State Highway Patrol-Troop I,1559692800000,190316185,1,0,1,0,Personal Injury,PHELPS,ST JAMES,I,1,1,0,578,0.11,B ,W ,IS 44,ERM WEST IS 44 MILE 1980,Dark-Unlighted,Fixed Object,2,,Wed     ,0,1,0,0,0,0,0,0,0,0,0,0,0,0,0,1,0,0,0,0,0,0,0,0,0,38.01764,-91.57918,0,06/05/2019,02:05:00,"OCCURRED AS VEHICLE 1 TRAVELED OFF THE LEFT SIDE OF THE ROADWAY. VEHICLE 1 IMPACTED THE CABLE BARRIER, COMING TO REST ON THE EAST OF THE BARRIER."
957789,3190014133,Missouri State Highway Patrol-Troop D,1559692800000,190316289,1,0,1,0,Personal Injury,TANEY,NON-CITY OR UNINCORPORATED,D,2,2,0,813,0.15,A ,S ,US 65,BRIDGE A0929,Daylight,Motor Vehicle in Transport,1,61,Wed     ,0,0,0,0,0,0,0,1,0,0,0,0,0,0,0,1,0,0,0,0,0,0,0,0,1,36.76748,-93.22386,0,06/05/2019,06:58:00,VEHICLE #1 STRUCK VEHICLE #2 IN REAR OF TOWED UNIT.
1499661,3190016291,MO Hp Field Operations Bureau,1559692800000,190316350,2,0,2,0,Personal Injury,CALLAWAY,JEFFERSON CITY,F,2,2,0,89,0.02,A ,W ,US 54,RP 104618,Daylight,Motor Vehicle in Transport,1,61,Wed     ,0,0,0,0,0,0,0,0,0,0,0,0,0,0,0,0,0,0,0,0,0,0,0,0,0,38.60707,-92.15844,0,06/05/2019,07:38:00,OCCURRED AS VEHICLE 1 WAS STOPPED FOR TRAFFIC.  VEHICLE 2 FAILED TO SLOW FOR TRAFFIC AND STRUCK VEHICLE 1 IN THE REAR.
907222,3190014249,Missouri State Highway Patrol-Troop D,1559692800000,190316428,1,0,1,0,Personal Injury,GREENE,NON-CITY OR UNINCORPORATED,D,3,3,0,42,0.01,B ,N,CRD NATIONAL AVE,CRD CAMORENE ST,Daylight,Motor Vehicle in Transport,1,61,Wed     ,0,0,0,0,0,0,1,0,0,0,0,0,0,0,0,1,0,0,0,0,0,0,0,0,1,37.25936,-93.27395,0,06/05/2019,08:05:00,NR3 AND NR2 WERE STOPPED IN TRAFFIC. NR1 STRUCK NR2 IN THE REAR. NR2 WAS FORCED INTO NR3.
1329075,3190014255,Missouri State Highway Patrol-Troop G,1559692800000,190316466,1,0,1,0,Personal Injury,OREGON,NON-CITY OR UNINCORPORATED,G,1,1,0,1520,0.29,B ,N,US 63,CRD 360,Daylight,Animal,1,,Wed     ,0,0,0,0,0,0,0,1,1,0,0,0,0,0,0,0,0,0,0,0,0,0,0,0,0,36.55154,-91.55063,0,06/05/2019,08:15:00,VEHICLE 1 STRUCK A DEER IN THE ROADWAY.
982819,3190014584,Missouri State Highway Patrol-Troop D,1559692800000,190316478,4,0,4,0,Personal Injury,TANEY,BULL CREEK,D,2,2,0,0,0,AT,E ,RT F,CST ASHLAND DR,Daylight,Motor Vehicle in Transport,1,60,Wed     ,0,0,0,0,0,0,1,0,0,0,0,0,0,0,0,1,0,0,0,0,0,0,0,0,0,36.71356,-93.20058,0,06/05/2019,08:25:00,"ACCIDENT OCCURRED AS VEHICLE #2 FAILED TO YIELD AND ATTEMPTED TO MAKE A LEFT TURN IN FRONT OF VEHICLE #1. VEHICLE #2 STRUCK VEHICLE #1, CAUSING VEHICLE #1 TO SLIDE OFF THE RIGHT SIDE OF THE ROAD AND STRIKE A CURB."
1506686,3190014345,Missouri State Highway Patrol-Troop H,1559692800000,190316509,1,0,1,0,Personal Injury,DEKALB,NON-CITY OR UNINCORPORATED,H,2,2,0,100,0.02,B ,W ,US 36,CRD ORCHARD RD,Daylight,Motor Vehicle in Transport,1,61,Wed     ,0,0,0,0,0,0,0,1,1,0,0,0,0,0,0,1,0,0,0,0,1,0,0,1,1,39.76242,-94.51693,0,06/05/2019,08:35:00,"CRASH OCCURRED AS VEH 1 AND VEH 2 WERE WESTBOUND ON US-36. VEH 1 STRUCK THE TOWED UNIT OF VEH 2. AFTER IMPACT VEH 2 JACK KNIFED, DROVE OFF THE NORTH SIDE OF THE ROADWAY AND OVERTURNED. VEH 2 STRUCK TWO TRAFFIC SIGNS AND CAME TO REST ON ITS TOP FACING EAST. VEH 1 CAME TO A CONTROLLED STOP IN THE DRIVING LANE OF WB US-36. ASSISTED BY SGT. A.A. HENRY (187)  AND STEWARTSVILLE FIRE DEPARTMENT."
1271822,3190015001,Missouri State Highway Patrol-Troop C,1559692800000,190316518,1,0,1,0,Personal Injury,PERRY,NON-CITY OR UNINCORPORATED,C,2,2,0,385,0.07,A ,N,US 61,CRD 814,Daylight,Motor Vehicle in Transport,1,64,Wed     ,0,0,0,0,0,0,1,1,0,0,0,0,0,0,0,0,0,0,0,0,1,0,0,0,1,37.7826,-89.92625,0,06/05/2019,08:36:00,VEHICLE 1 WAS TRAVELING SOUTHBOUND AS VEHICLE 2 WAS TRAVELING NORTHBOUND. DRIVER IN VEHICLE 1 FELL ASLEEP AND VEHICLE 1 STRUCK VEHICLE 2.
1147794,3190014338,Missouri State Highway Patrol-Troop E,1559692800000,190316533,2,0,2,0,Personal Injury,STODDARD,NON-CITY OR UNINCORPORATED,E,1,1,0,749,0.14,B ,E ,RT Y,BRIDGE X0832,Daylight,Fixed Object,2,,Wed     ,0,0,0,0,0,1,1,0,0,0,0,0,0,0,0,1,0,0,0,0,0,0,0,0,0,36.96357,-89.77335,0,06/05/2019,08:45:00,"CRASH OCCURRED AS VEH 1 RAN OFF LEFT SIDE OF ROADWAY, STRUCK A DITCH AND OVERTURNED."
1502098,3190014602,Missouri State Highway Patrol-Troop H,1559692800000,190316727,2,0,2,0,Personal Injury,ANDREW,NON-CITY OR UNINCORPORATED,H,1,1,0,1056,0.2,A ,W ,CRD 13,CRD 7,Daylight,Other Non Collision,1,,Wed     ,0,0,0,0,0,0,0,0,0,0,0,0,0,0,0,0,0,0,0,0,0,0,0,0,0,40.05718,-94.99742,0,06/05/2019,10:00:00,"CRASH OCCURRED AS VEH 1 WAS WESTBOUND ON COUNTY ROAD 13. VEH 1 CRESTED A HILL WHERE THE ROAD WAS WASHED OUT BY RAIN AND A 2.5 FOOT DROP THAT WAS UNAVOIDABLE, AND TRAVELED OFF THE SOUTH SIDE OF THE ROADWAY. VEH 1 CAME TO REST ON ITS WHEELS FACING SOUTH. ASSISTED BY TPR. K.F. JEFFERS (669), AND TPR. D.L. HUGHES (1261)."
800660,3190014572,Missouri State Highway Patrol-Troop A,1559692800000,190316799,1,0,0,1,Personal Injury,SALINE,NON-CITY OR UNINCORPORATED,A,2,2,0,1663,0.31,B ,W ,MO 240,MO 41 EJ,Daylight,Motor Vehicle in Transport,1,64,Wed     ,0,0,0,0,0,0,1,0,0,0,0,0,0,0,0,1,0,0,0,0,1,0,0,1,1,39.12918,-93.11388,0,06/05/2019,10:25:00,"CRASH OCCURRED AS VEHICLE1 WAS TRAVELING WESTBOUND AND VEHICLE2 WAS TRAVELING EASTBOUND ON MO-240.  VEHICLE2 CROSSED THE CENTER LINE WHILE NEGOTIATING A CURVE AND STRUCK THE REAR DRIVER'S SIDE OF VEHICLE1. AFTER IMPACT, VEHICLE1 OVERTURNED AND TRAVELED OFF THE RIGHT SIDE OF THE ROAD.  VEHICLE1 THEN STRUCK A FENCE AND CAME TO REST FACING NORTH.  VEHICLE2 TRAVELED OFF THE LEFT SIDE OF THE ROAD AND STRUCK A FENCE, COMING TO REST FACING WEST. ASSISTED BY TPR. M.J. OWENS (488), SALINE COUNTY SHERIFFS DEPARTMENT, AND SALINE COUNTY FIRE AND EMS."
1507617,3190015863,Missouri State Highway Patrol-Troop H,1559692800000,190316999,1,1,1,0,Fatal,GENTRY,NON-CITY OR UNINCORPORATED,H,2,2,0,1584,0.3,B ,W ,RT O,RT U,Daylight,Motor Vehicle in Transport,1,61,Wed     ,0,0,0,0,0,1,1,0,0,0,0,0,0,0,0,1,0,0,0,0,1,0,0,0,1,40.32831,-94.49384,1,06/05/2019,12:00:00,"FATALITY CRASH REPORT. NEXT OF KIN NOTIFIED. CRASH OCCURRED AS VEH#1 AND VEH#2 WERE EASTBOUND ON ROUTE O AND VEH#2 WAS TOWING A HAY MOWER/CONDITIONER. VEH#1 ATTEMPTED TO OVERTAKE VEH#2 AND AT THE SAME TIME VEH#2 MOVED INTO THE CENTER OF THE ROADWAY TO PREVENT THE TOWED UNIT FROM TRAVELING INTO A CULVERT. IN ATTEMPT TO AVOID VEH#2, VEH#1 TRAVELED OFF THE NORTH SIDE OF THE ROADWAY AND STRUCK VEH#2 AND THE TOWED UNIT IN THE REAR.  AFTER IMPACT, VEH#1 RETURNED TO THE ROADWAY, ROLLED ONTO ITS DRIVER'S SIDE, TRAVELED OFF THE SOUTH SIDE OF THE ROADWAY, AND CAME TO REST ON ITS DRIVER'S SIDE FACING SOUTHEAST, PARTIALLY BLOCKING THE EASTBOUND LANE OF ROUTE O. THE TOWED UNIT FOR VEH#2 DISCONNECTED AND VEH#2 OVERTURNED. VEH#2 ROLLED OFF THE NORTH SIDE OF THE ROADWAY INTO A DITCH AND CAME TO REST ON ITS DRIVER'S SIDE FACING WEST. DRIVER#2 WAS PRONOUNCED DEAD AT THE SCENE BY GENTRY COUNTY CORONER ANDREW LINDNER ON 6/5/2019 AT 1320 HOURS."
862540,3190014272,Missouri State Highway Patrol-Troop A,1559692800000,190317158,1,0,1,0,Personal Injury,JACKSON,NON-CITY OR UNINCORPORATED,A,2,2,0,0,0,AT,W ,US 40,CST BELMERE RD,Daylight,Motor Vehicle in Transport,1,61,Wed     ,0,0,0,0,0,0,0,0,0,0,0,0,0,0,0,1,0,0,0,0,1,0,0,0,1,39.01989,-94.32683,0,06/05/2019,13:00:00,"CRASH OCCURRED AS BOTH VEHICLES WERE WESTBOUND ON US 40 IN THE LEFT LANE.  APPARENTLY, VEH 2 SLOWED TO TURN LEFT AND WAS STRUCK FROM BEHIND BY VEH 1.  ASSISTED BY TPR E N WILSON /1417/."
1217957,3190014794,Missouri State Highway Patrol-Troop C,1559692800000,190317398,1,0,1,0,Personal Injury,FRANKLIN,NON-CITY OR UNINCORPORATED,C,2,2,0,0,0,AT,N,RT A,CRD POTTERY RD,Daylight,Motor Vehicle in Transport,1,61,Wed     ,0,0,0,0,0,1,1,0,0,0,0,0,0,0,0,0,0,0,0,0,0,0,0,0,0,38.52007,-91.03796,0,06/05/2019,14:40:00,VEHICLE #2 WAS STOPPED FOR TRAFFIC AND VEHICLE #1 RAN INTO THE REAR OF VEHICLE #2.