objectid,accident,agency,inv_date,complaint,injured,killed,min_inj,dis_inj,severity,county,city,troop,no_vehicle,motor_veh,left_scene,dist_feet,dist_mile,inter_loc,direction,on_street,at_street,light_cond,acc_type,on_off_rd,two_veh,day_week,dr_drink,dr_drug,ped_drink,ped_drug,speed,dr_under21,dr_under25,dr_over55,dr_over64,electrical,emer_veh,stop_sign,yield_sign,czone,hazmat,aggressive,cell_phone,texting,veh_defect,school_bus,truck,motorcycle,atv,pickup,cmv,gps_lat,gps_long,severity_fatal,acc_date,acc_time,narrative
990503,3190014778,Missouri State Highway Patrol-Troop D,1559692800000,190317413,1,0,1,0,Personal Injury,NEWTON,NON-CITY OR UNINCORPORATED,D,2,2,0,0,0,AT,S ,MO 59,CRD NEWTON RD,Daylight,Motor Vehicle in Transport,1,64,Wed     ,0,0,0,0,0,0,0,1,1,1,0,1,0,0,0,1,0,0,0,0,1,0,0,1,0,37.05339,-94.31347,0,06/05/2019,14:45:00,NR2 WAS TRYING TO MAKE A LEFT TURN AND PULLED INTO THE PATH OF NR1. NR1 STRUCK NR2
862387,3190015191,Missouri State Highway Patrol-Troop A,1559692800000,190317462,1,0,1,0,Personal Injury,JACKSON,BLUE SPRINGS,A,2,2,0,0,0,AT,S ,MO 7,RP 5977,Daylight,Motor Vehicle in Transport,1,64,Wed     ,0,0,0,0,0,1,1,0,0,1,0,0,0,0,0,1,0,0,0,0,0,0,0,0,0,39.03068,-94.27175,0,06/05/2019,15:10:00,CRASH OCCURRED AS VEH 1 WAS SOUTHBOUND ON M 7 AND FAILED TO YIELD TO TRAFFIC CONTROLL DEVICE.  VEH 2 WAS NORTHBOUND ATTEMPTING TO MAKE A LEFT TURN AND WAS STRUCK BY VEH 1. ASSISTED BY CPL S D GALASKA /1366/ AND JACKSON COUNTY SHERIFFS DEPARTMENT.
1222922,3190015056,Missouri State Highway Patrol-Troop C,1559692800000,190317533,2,0,2,0,Personal Injury,ST. LOUIS,NON-CITY OR UNINCORPORATED,C,2,2,0,300,0.06,B ,S ,IS 55,ERM SOUTH IS 55 MILE 2012,Daylight,Motor Vehicle in Transport,1,61,Wed     ,0,0,0,0,0,0,0,0,0,0,0,0,0,0,0,1,0,0,0,0,0,0,0,0,0,38.54955,-90.28534,0,06/05/2019,15:32:00,VEHICLE 1 AND VEHICLE 2 WERE TRAVELING SOUTH ON I-55. VEHICLE 2 SLOWED FOR TRAFFIC AHEAD. VEHICLE 1 FAILED TO YIELD AND THE FRONT OF VEHICLE 1 STRUCK THE REAR OF VEHICLE 2. ASSISTED BY MASTER SGT. T.M. WILLIAMS (1132)
791683,3190014410,Missouri State Highway Patrol-Troop A,1559692800000,190317618,1,0,1,0,Personal Injury,CASS,NON-CITY OR UNINCORPORATED,A,2,2,0,133,0.03,A ,W ,RT VV,CRD WALNUT GROVE ROAD,Daylight,Motor Vehicle in Transport,1,64,Wed     ,0,0,0,0,0,0,0,1,1,0,0,0,0,0,0,1,0,0,0,0,0,0,0,0,0,38.81596,-94.22566,0,06/05/2019,16:15:00,CRASH OCCURRED AS VEHICLE1 WAS TRAVELING EASTBOUND ON ROUTE VV AND VEHICLE2 WAS TRAVELING WESTBOUND.  DRIVER1 FELL ASLEEP CAUSING VEHICLE1 TO TRAVEL INTO THE WESTBOUND LANE.  DRIVER2 ATTEMPTED TO PASS VEHICLE1 WHEN VEHICLE1 STRUCK VEHICLE2.  VEHICLE1 TRAVELED OFF THE RIGHT SIDE OF THE ROAD AND OVERTURNED WHILE VEHICLE2 CAME TO REST IN THE WESTBOUND LANE OF ROUTE VV. ASSISTED BY TPR. B.R. SIERCKS (1252).
1311721,3190014686,Missouri State Highway Patrol-Troop C,1559692800000,190317661,1,0,1,0,Personal Injury,ST. CHARLES,ST PETERS,C,2,2,0,50,0.01,B ,W ,IS 70,CST SPENCER RD,Daylight,Motor Vehicle in Transport,1,61,Wed     ,0,0,0,0,0,0,0,0,0,0,0,0,0,0,0,1,0,0,0,0,0,0,0,0,0,38.79863,-90.60322,0,06/05/2019,16:30:00,VEHICLES 1 AND 2 WERE TRAVELING WEST ON I-70. VEHICLE 2 SLOWED AND VEHICLE 1 FAILED TO KEEP A PROPER LOOKOUT. THE FRONT OF VEHICLE 1 STRUCK THE REAR OF VEHICLE 2.
1311722,3190016253,Missouri State Highway Patrol-Troop C,1559692800000,190317672,1,0,1,0,Personal Injury,ST. CHARLES,ST PETERS,C,2,2,0,216,0.04,A ,W ,IS 70,CST SPENCER RD,Daylight,Motor Vehicle in Transport,1,61,Wed     ,0,0,0,0,0,0,1,0,0,0,0,0,0,0,0,1,0,0,0,0,1,0,0,1,1,38.79865,-90.60415,0,06/05/2019,16:30:00,VEHICLE 1 MADE AN UNSAFE LANE CHANGE INTO THE PATH OF VEHICLE 2. THE FRONT OF VEHICLE 2 STRUCK THE REAR OF VEHICLE 1.
1211596,3190014827,Missouri State Highway Patrol-Troop C,1559692800000,190317714,1,0,1,0,Personal Injury,WASHINGTON,NON-CITY OR UNINCORPORATED,C,2,2,0,26,0,B ,E ,MO 8,CRD BOHR RD,Daylight,Motor Vehicle in Transport,1,61,Wed     ,0,0,0,0,0,0,1,1,1,0,0,0,0,0,0,0,0,0,0,0,0,0,0,0,0,37.91,-90.70169,0,06/05/2019,16:55:00,"VEHICLE #2 WAS STOPPED IN TRAFFIC ON MO 8, WAITING TO TURN ONTO BOHR RD. DRIVER #1 FAILED TO OBSERVE THE STOPPED TRAFFIC AND THE FRONT OF VEHICLE #1 COLLIDED WITH THE REAR OF VEHICLE #2."
912403,3190014714,Missouri State Highway Patrol-Troop D,1559692800000,190317723,1,0,0,1,Personal Injury,POLK,NON-CITY OR UNINCORPORATED,D,1,1,0,174,0.03,A ,N,RT D,CRD 360TH RD,Daylight,Overturn,2,,Wed     ,0,0,0,0,0,0,0,0,0,0,0,0,0,0,0,0,0,0,1,0,0,1,0,0,0,37.73269,-93.29935,0,06/05/2019,16:58:00,CRASH OCCURRED AS VEHICLE 1 TRAVELED OFF RIGHT SIDE OF ROADWAY AND OVERTURNED.
1304499,3190014728,Missouri State Highway Patrol-Troop C,1559692800000,190317781,1,0,1,0,Personal Injury,WARREN,NON-CITY OR UNINCORPORATED,C,1,1,0,1874,0.35,A ,N,MO 47,PVT S BEND RD,Daylight,Fixed Object,2,,Wed     ,0,0,0,0,0,0,0,0,0,0,0,0,0,0,0,1,0,0,0,0,0,0,0,0,0,38.77569,-91.1479,0,06/05/2019,17:20:00,VEHICLE #1 TRAVELED OFF THE EAST SIDE OF ROAD STRIKING A TREE.
1223504,3190019243,Missouri State Highway Patrol-Troop C,1559692800000,190317794,1,1,1,0,Fatal,JEFFERSON,NON-CITY OR UNINCORPORATED,C,2,2,0,79,0.01,A ,W ,MO 30,PVT REICHL DR,Daylight,Motor Vehicle in Transport,1,60,Wed     ,0,0,0,0,0,0,0,1,0,0,0,0,0,0,0,1,0,0,0,0,1,0,0,1,0,38.33386,-90.66698,1,06/05/2019,17:23:00,FATALITY REPORT- VEHICLE 2 CROSSED OVER THE CENTER LINE AND THE FRONT OF VEHICLE 2 STRUCK THE FRONT OF VEHICLE 1. DRIVER 1 PRONOUNCED BY BIG RIVER AMBULANCE PERSONNEL ON SCENE AT 1733 HOURS. ASSISTED BY CPL. M. G. AUTENRIETH (1312) AND TPR. S. T. ROETTGER (1429)
988995,3190016001,Missouri State Highway Patrol-Troop D,1559692800000,190317888,1,0,1,0,Personal Injury,JASPER,NON-CITY OR UNINCORPORATED,D,2,2,0,528,0.1,A ,N,IS 49,ERM NORTH IS 49 MILE 574,Daylight,Motor Vehicle in Transport,1,61,Wed     ,0,0,0,0,0,0,0,1,0,0,0,0,0,0,0,1,0,0,0,0,0,0,0,0,0,37.21545,-94.30268,0,06/05/2019,18:00:00,"NBR 1 STRUCK NBR 2 IN THE REAR.  AFTER IMPACT, NBR 1 WENT INTO THE MEDIAN AND OVERTURNED."
1204022,3190014681,Missouri State Highway Patrol-Troop F,1559692800000,190317936,3,0,3,0,Personal Injury,COOPER,NON-CITY OR UNINCORPORATED,F,1,1,0,44,0.01,B ,W ,IS 70,ERM WEST IS 70 MILE 998,Daylight,Fixed Object,2,,Wed     ,0,0,0,0,0,0,0,0,0,0,0,0,0,0,0,1,0,0,0,0,0,0,0,0,0,38.93528,-92.81462,0,06/05/2019,18:34:00,"VEHICLE WAS INVOLVED IN A PURSUIT AND CRASH OCCURRED AS VEHICLE 1 STRUCK SPIKE STRIPS DEPLOYED BY CPL. Z. A. CZERNIEWSKI (461).  DRIVER 1 TRAVELED OFF THE LEFT SIDE OF THE ROADWAY, OVER-CORRECTED, RETURNED TO THE ROADWAY, TRAVELED OFF THE RIGHT SIDE OF THE ROADWAY, OVERTURNED, AND CAME TO REST IN THE ROADWAY ON ITS TOP.  ASSISTED BY CPL. G. L. WEST (702) AND TPR. N. D. WALLACE (1223)."
1173685,3190014450,Missouri State Highway Patrol-Troop F,1559692800000,190318040,1,0,1,0,Personal Injury,WARREN,NON-CITY OR UNINCORPORATED,C,2,2,Y,269,0.05,A ,E ,IS 70,ERM EAST IS 70 MILE 1862,Dark-Unlighted,Motor Vehicle in Transport,1,63,Wed     ,0,0,0,0,0,,,,,0,0,0,0,0,,1,0,0,0,0,1,0,0,1,1,38.846,-91.26456,0,06/05/2019,19:17:00,CRASH OCCURRED AS VEHICLE 2 ATTEMPTED TO PASS VEHICLE 1 IN THE RIGHT LANE AND STRUCK THE REAR PASSENGER SIDE BUMPER OF VEHICLE 1 WITH THE TOWED UNIT ON VEHICLE 2. VEHICLE 1 TRAVELED OFF THE LEFT SIDE OF THE ROADWAY AND STRUCK THE MEDIAN BARRIER. VEHICLE 2 LEFT THE SCENE. ASSISTED BY MONTGOMERY COUNTY S.O.
1231539,3190014845,Missouri State Highway Patrol-Troop C,1559692800000,190318176,1,0,1,0,Personal Injury,LINCOLN,NON-CITY OR UNINCORPORATED,C,1,1,0,95,0.02,A ,E ,CRD CREECH SCHOOL ROAD,PVT BLUFF HAVEN DRIVE,Dark-Unlighted,Fixed Object,2,,Wed     ,0,0,0,0,1,0,1,0,0,0,0,0,0,0,0,1,0,0,0,0,0,0,0,0,0,38.96993,-90.89916,0,06/05/2019,20:56:00,DRIVER 1 FAILED TO NEGOTIATE A CURVE TO THE RIGHT. VEHICLE 1 TRAVELED OFF THE  LEFT SIDE OF THE ROADWAY AND STRUCK A TREE.
1223502,3190016008,Missouri State Highway Patrol-Troop C,1559692800000,190318226,1,0,1,0,Personal Injury,JEFFERSON,NON-CITY OR UNINCORPORATED,C,2,2,0,1584,0.3,B ,W ,RT A,CRD HIGHLAND BAPTIST CHURCH RD,Dark-Unlighted,Motor Vehicle in Transport,1,64,Wed     ,0,0,0,0,0,1,1,0,0,0,0,0,0,0,0,1,0,0,0,0,0,0,0,0,0,38.25053,-90.51963,0,06/05/2019,21:25:00,VEHICLE 2 CROSSED THE CENTER LINE AND STRUCK VEHICLE 1.
1222944,3190014764,Missouri State Highway Patrol-Troop C,1559692800000,190318271,2,0,2,0,Personal Injury,ST. LOUIS,NON-CITY OR UNINCORPORATED,C,2,2,0,137,0.03,A ,W ,IS 270,RP 6296,Dark-Unlighted,Motor Vehicle in Transport,1,61,Wed     ,0,0,0,0,0,1,1,1,1,0,0,0,0,0,0,1,0,0,0,0,1,0,0,1,0,38.51173,-90.36662,0,06/05/2019,22:10:00,DRIVER 2 SLOWED FOR CONGESTION AHEAD. DRIVER 1 FAILED TO SLOW AND THE FRONT OF VEHICLE 1 STRUCK THE REAR OF VEHICLE 2.
1193644,3190014434,Missouri State Highway Patrol-Troop F,1559692800000,190318272,1,0,1,0,Personal Injury,GASCONADE,NON-CITY OR UNINCORPORATED,F,1,1,0,1980,0.37,B ,S ,MO 19,CRD BOHEMIAN HWY,Dark-Unlighted,Fixed Object,2,,Wed     ,0,0,0,0,1,0,0,0,0,0,0,0,0,0,0,1,0,0,0,0,0,0,0,0,0,38.30081,-91.48094,0,06/05/2019,21:45:00,CRASH OCCURRED AS VEHICLE 1 TRAVELED OFF THE LEFT SIDE OF THE ROAD AND STRUCK A TREE.  ASSISTED BY TPR. M. W. HEDLUND (255)
957787,3190014426,Missouri State Highway Patrol-Troop D,1559692800000,190318363,1,0,1,0,Personal Injury,TANEY,NON-CITY OR UNINCORPORATED,D,1,1,0,464,0.09,A ,W ,MO 76,CRD HARP LN WJ,Dark-Unlighted,Fixed Object,2,,Wed     ,0,1,0,0,0,0,0,0,0,0,0,0,0,0,0,1,0,0,0,0,0,0,0,0,0,36.6283,-93.17256,0,06/05/2019,23:36:00,"DVR 1 LOST CONSCIOUSNESS, NBR 1 RAN OFF THE ROADWAY INTO THE DITCH."
1152844,3190014369,Missouri State Highway Patrol-Troop E,1559779200000,190318450,1,0,1,0,Personal Injury,CAPE GIRARDEAU,NON-CITY OR UNINCORPORATED,E,1,1,0,517,0.1,B ,S ,CRD 621,CST PERRYVILLE ROAD,Dark-Unlighted,Fixed Object,2,,Thu     ,0,0,0,0,0,0,0,0,0,0,0,0,0,0,0,0,0,0,0,0,0,0,0,0,0,37.35475,-89.56247,0,06/06/2019,04:25:00,CRASH OCCURRED AS VEH 1 WAS RAN OFF THE ROADWAY BY AN UNKNOWN VEHICLE AND STRUCK A ROADSIDE AND A TREE.
927701,3190014245,Missouri State Highway Patrol-Troop D,1559779200000,190318458,1,0,1,0,Personal Injury,MCDONALD,NON-CITY OR UNINCORPORATED,D,1,1,0,274,0.05,B ,S ,RT MM,CRD ROGERS RD,Dark-Unlighted,Fixed Object,2,,Thu     ,0,0,0,0,0,0,0,1,0,0,0,0,0,0,0,0,0,0,0,0,1,0,0,1,0,36.51873,-94.56268,0,06/06/2019,05:10:00,"CRASH OCCURRED AS VEHICLE #1 WENT OFF THE RIGHT SIDE OF ROADWAY, OVERCORRECTED, CROSSED THE ROADWAY, WENT OFF THE LEFT SIDE OF THE ROADWAY, STRUCK AN EMBANKMENT, AND OVERTURNED."
1502099,3190014674,Missouri State Highway Patrol-Troop H,1559779200000,190318992,1,0,1,0,Personal Injury,ANDREW,NON-CITY OR UNINCORPORATED,H,2,2,0,275,0.05,A ,S ,US 169,RT D,Daylight,Motor Vehicle in Transport,2,60,Thu     ,0,0,0,0,0,0,0,1,0,0,0,0,0,0,0,1,0,0,0,0,0,0,0,0,0,39.86292,-94.75818,0,06/06/2019,10:40:00,"CRASH OCCURRED AS VEHICLE 1 WAS NORTHBOUND ON US169 AND VEHICLE 2 WAS SOUTHBOUND ON169 NEAR HWY D. DRIVER 1 ATTEMPTED TO TURN LEFT WITHOUT YIELDING TO VEHICLE 2 CAUSING THE FRONT BUMPER OF VEHICLE 1 TO STRIKE THE FRONT BUMPER OF VEHICLE 2. VEHICLE 1 AND VEHICLE 2 BOTH TRAVELED OFF THE NORTH SIDE OF ROADWAY WHERE VEHICLE 1 CAME TO REST ON ITS WHEELS FACING WEST AND VEHICLE 2 CAME TO REST FACING NORTH. ASSISTED BY TPR. S.J. FORCE (316), ANDREW COUNTY SHERIFF?S DEPARTMENT AND ANDREW COUNTY EMS."
1184803,3190014724,Missouri State Highway Patrol-Troop B,1559779200000,190319063,1,0,1,0,Personal Injury,SCHUYLER,NON-CITY OR UNINCORPORATED,B,1,1,0,755,0.14,A ,S ,RT F,CRD WHITLOW DRIVE,Daylight,Fixed Object,2,,Thu     ,0,0,0,0,0,0,0,1,1,0,0,0,0,0,0,1,0,0,0,0,1,0,0,1,0,40.52455,-92.63204,0,06/06/2019,11:20:00,"DRIVER OF VEHICLE 1 SWERVED TO AVOID A DEER, OVERCORRECTED, AND RAN OFF THE ROAD STRIKING A SIGN AND A TREE.  ASSISTED BY THE SCHUYLER COUNTY SHERIFF'S OFFICE, SCHUYLER COUNTY AMBULANCE AND FIRST RESPONDERS."
936962,3190014265,Missouri State Highway Patrol-Troop D,1559779200000,190319095,1,0,1,0,Personal Injury,NEWTON,SHOAL CREEK DRIVE,D,1,1,0,242,0.05,B ,S ,CST S JACKSON AVE,CST WYNNEWOOD RD,Daylight,Fixed Object,2,,Thu     ,0,0,0,0,1,0,0,0,0,0,0,0,0,0,0,1,0,0,0,0,0,0,0,0,0,37.03569,-94.52472,0,06/06/2019,11:30:00,"CRASH OCCURRED AS VEHICLE #1 FAILED TO NEGOTIATE CURVE, EXITED RIGHT SIDE OF ROADWAY AND STRUCK A DITCH."
1131329,3190015798,Missouri State Highway Patrol-Troop E,1559779200000,190319346,2,0,2,0,Personal Injury,BUTLER,NON-CITY OR UNINCORPORATED,E,2,2,0,32,0.01,B ,N,US 67,RT O,Daylight,Motor Vehicle in Transport,1,64,Thu     ,0,0,0,0,0,0,0,1,1,0,0,0,0,0,0,1,0,0,0,0,1,0,0,1,1,36.91982,-90.46256,0,06/06/2019,13:40:00,CRASH OCCURRED AS VEHICLE TWO ATTEMPTED TO MAKE A U-TURN AND WAS STRUCK IN THE DRIVER'S SIDE BY VEHICLE ONE
882750,3190015275,Missouri State Highway Patrol-Troop A,1559779200000,190319507,1,0,1,0,Personal Injury,BATES,NON-CITY OR UNINCORPORATED,A,1,1,0,7920,1.5,A ,W ,MO 52,RT V,Daylight,Fixed Object,2,,Thu     ,0,1,0,0,0,0,1,0,0,0,0,0,0,0,0,1,0,0,0,0,0,0,0,0,0,38.2678,-94.52332,0,06/06/2019,15:00:00,CRASH OCCURRED AS VEH 1 CROSSED CENTER LINE AND TRAVELED OFF NORTH SIDE OF ROADWAY.  VEH 1 STRUCK A CONCRETE EMBANKMENT AND OVERTURNED.  ASSISTED BY BATES COUNTY SHERIFF'S DEPARTMENT
1506685,3190014719,Missouri State Highway Patrol-Troop H,1559779200000,190319531,1,0,0,1,Personal Injury,DEKALB,NON-CITY OR UNINCORPORATED,H,1,1,0,343,0.06,A ,W ,CRD FROST RD,CRD OGLE RD,Daylight,Pedestrian,2,,Thu     ,0,0,0,0,0,0,0,1,1,0,0,0,0,0,0,0,0,0,0,0,0,0,1,0,0,39.79127,-94.4814,0,06/06/2019,15:10:00,CRASH OCCURRED AS VEH #1 WAS BACKING UP WESTBOUND ON PRIVATE PROPERTY AND STRUCK PEDESTRIAN #1. VEH #1 CAME TO REST FACING EASTBOUND ON ITS WHEELS. ASSISTED BY TPR M.W. NEELY (1328) AND DEKALB COUNTY SHERIFF'S DEPARTMENT
1176417,3190015270,Missouri State Highway Patrol-Troop B,1559779200000,190319598,1,0,1,0,Personal Injury,CLARK,NON-CITY OR UNINCORPORATED,B,1,1,0,929,0.18,A ,E ,US 136,CRD 418,Daylight,Fixed Object,2,,Thu     ,0,0,0,0,0,1,1,0,0,0,0,0,0,0,0,1,0,0,0,0,1,0,0,1,0,40.38833,-91.62285,0,06/06/2019,15:40:00,"VEHICLE RAN OFF THE RIGHT SIDE OF THE ROADWAY, STRUCK A CULVERT AND BECAME AIRBORNE BEFORE STRIKING THE GROUND. ASSISTED BY CLARK COUNTY EMS, CLARK COUNTY SHERIFF'S OFFICE, WAYLAND FIRE AND RESCUE."
1223033,3190015662,Missouri State Highway Patrol-Troop C,1559779200000,190319787,2,0,2,0,Personal Injury,ST. LOUIS,NON-CITY OR UNINCORPORATED,C,3,3,0,73,0.01,A ,N,IS 55,RP 228675,Daylight,Motor Vehicle in Transport,1,63,Thu     ,1,0,0,0,0,1,1,1,0,0,0,0,0,0,0,1,0,0,0,0,1,0,0,1,0,38.45887,-90.37461,0,06/06/2019,16:58:00,"ALL VEHICLES WERE TRAVELING ON NORTHBOUND INTERSTATE 55 SOUTH OF MERAMEC BOTTOM ROAD. DRIVER 1 DROVE INTO LANE 2, OVERCORRECTED, LEFT THE ROADWAY TO THE LEFT, OVERCORRECTED AGAIN, AND STRUCK VEHICLE 2 WHICH CAUSED VEHICLE 2 TO STRIKE VEHICLE 3."
1203390,3190016766,Missouri State Highway Patrol-Troop C,1559779200000,190319896,3,0,3,0,Personal Injury,ST. CHARLES,O'FALLON,C,2,2,0,116,0.02,B ,S ,RT K,CST CRUSHER DR,Daylight,Motor Vehicle in Transport,1,64,Thu     ,1,1,0,0,0,0,0,1,0,1,0,0,0,0,0,1,0,0,0,0,0,0,0,0,0,38.72194,-90.69978,0,06/06/2019,17:43:00,"VEHICLE 2 WAS STOPPED AT THE INTERSECTION OF HIGHWAY K AND CRUSHER RD FOR A RED LIGHT. VEHICLE 1 WAS SOUTHBOUND WHEN DRIVER 1 LOST CONTROL AND THE FRONT OF VEHICLE 1 STRUCK THE RIGHT SIDE OF VEHICLE 2. AFTER IMPACT, VEHICLE 1 OVERTURNED ONTO ITS RIGHT SIDE. ASSISTED BY CPL K L HAMMERLING (1242)."
1044879,3190015082,Missouri State Highway Patrol-Troop I,1559779200000,190319981,1,0,1,0,Personal Injury,LACLEDE,NON-CITY OR UNINCORPORATED,I,1,1,0,834,0.16,B ,W ,MO 32,CRD PARADISE DRIVE,Daylight,Fixed Object,2,,Thu     ,0,0,0,0,0,0,0,0,0,0,0,0,0,0,0,1,0,0,0,0,0,1,0,0,0,37.66782,-92.60623,0,06/06/2019,18:24:00,THE CRASH OCCURRED AS VEHICLE 1 TRAVELED OFF THE RIGHT SIDE OF THE ROAD AND STRUCK THE DITCH.
996558,3190015045,Missouri State Highway Patrol-Troop D,1559779200000,190320087,2,0,2,0,Personal Injury,STONE,NON-CITY OR UNINCORPORATED,D,1,1,0,374,0.07,B ,E ,MO 248,PVT TICHENOR LN,Daylight,Overturn,2,,Thu     ,0,0,0,0,1,1,1,0,0,0,0,0,0,0,0,1,0,0,0,0,1,0,0,1,0,36.81957,-93.55992,0,06/06/2019,19:30:00,NBR 1 RAN OFF THE RIGHT SIDE OF THE ROAD IN A CURVE AND OVERTURNED.
1223048,3190015204,Missouri State Highway Patrol-Troop C,1559779200000,190320226,1,0,0,1,Personal Injury,ST. LOUIS,NON-CITY OR UNINCORPORATED,C,1,1,0,295,0.06,B ,S ,IS 55,RP 904070,Dark-Lighted,Fixed Object,2,,Thu     ,0,1,0,0,0,0,0,0,0,0,0,0,0,0,0,1,0,0,0,0,0,0,0,0,0,38.5447,-90.29531,0,06/06/2019,21:10:00,VEHICLE 1 WAS SOUTHBOUND ON I-55 SOUTH OF BAYLESS AVE IN LANE 3. VEHICLE 1 FAILED TO MAINTAIN A SINGLE LANE AND THE FRONT OF VEHICLE 1 STRUCK THE CONCRETE MEDIAN WALL.
969873,3190014542,Missouri State Highway Patrol-Troop D,1559779200000,190320231,1,0,1,0,Personal Injury,BARRY,NON-CITY OR UNINCORPORATED,D,1,1,0,2603,0.49,B ,S ,CRD 1230,CRD 2025,Dark-Unlighted,Fixed Object,2,,Thu     ,0,0,0,0,1,0,1,0,0,0,0,0,0,0,0,1,0,0,0,0,1,0,0,1,0,36.89246,-93.64778,0,06/06/2019,21:10:00,VEHICLE 1 SWERVED TO MISS A DEER AND RAN OFF RIGHT SIDE OF ROADWAY AND STRUCK A TREE.
1322481,3190014747,Missouri State Highway Patrol-Troop G,1559779200000,190320392,1,0,1,0,Personal Injury,TEXAS,NON-CITY OR UNINCORPORATED,G,1,1,0,1283,0.24,A ,N,US 63,CRD DEES RD,Dark-Unlighted,Fixed Object,2,,Thu     ,0,0,0,0,0,1,1,0,0,0,0,0,0,0,0,0,0,0,1,0,0,0,0,0,0,37.17443,-92.04944,0,06/06/2019,23:00:00,ACCIDENT OCCURRED NORTHBOUND VEHICLE #1 TRAVELED OFF THE RIGHT SIDE OF THE ROADWAY AND OVERTURNED.     ASSISTED BY TPR S.J.CREWSE(424).
864265,3190015057,Missouri State Highway Patrol-Troop A,1559865600000,190320547,1,0,1,0,Personal Injury,JOHNSON,NON-CITY OR UNINCORPORATED,A,1,1,0,113,0.02,A ,E ,US 50,CRD NE 501,Daylight,Fixed Object,2,,Fri     ,0,0,0,0,0,0,0,0,0,0,0,0,0,0,0,0,0,0,0,0,0,0,0,0,0,38.77208,-93.65081,0,06/07/2019,06:00:00,CRASH OCCURRED AS AN UNINVOLVED VEHICLE ENTERED US 50 AND DVR 1 ATTEMPTED TO AVOID A COLLISION.  VEHICLE 1 WENT OFF THE RIGHT SIDE OF THE RD. ASSISTED BY JOHNSON CO
1178571,3190015833,Missouri State Highway Patrol-Troop B,1559865600000,190320584,1,1,1,0,Fatal,SCOTLAND,NON-CITY OR UNINCORPORATED,B,2,2,0,870,0.16,B ,W ,US 136,CRD 611,Daylight,Motor Vehicle in Transport,1,60,Fri     ,0,0,0,0,0,0,0,1,0,0,0,0,0,0,0,1,0,0,0,0,1,0,0,1,1,40.45184,-92.25215,1,06/07/2019,06:40:00,"FATALITY REPORT-VEHICLE 1 CROSSED INTO THE WESTBOUND LANE AND WAS STRUCK BY VEHICLE 2. BOTH VEHICLES TRAVELED OFF THE SOUTH SIDE OF THE ROADWAY INTO A DITCH. DRIVER 1 PRONOUNCED DECEASED ON 06/07/19 AT 0730 HOURS  BY DR JEFF DAVIS AT THE SCOTLAND COUNTY MEMORIAL HOSPITAL. ASSISTED BY CPL SIEGFRIED #747, CVO CULLIFER #W042, CVO TULL #W166, THE SCOTLAND COUNTY SHERIFF'S DEPARTMENT, SCOTLAND COUNTY FIRE DEPARTMENT, AND SCOTLAND COUNTY FIRST RESPONDERS."
1211598,3190015483,Missouri State Highway Patrol-Troop C,1559865600000,190320653,4,0,4,0,Personal Injury,WASHINGTON,NON-CITY OR UNINCORPORATED,C,2,2,0,1040,0.2,B ,E ,MO 8,BRIDGE A1996,Daylight,Motor Vehicle in Transport,1,61,Fri     ,0,0,0,0,0,0,1,0,0,0,0,0,0,0,0,1,0,0,0,0,1,0,0,1,0,37.92493,-90.74557,0,06/07/2019,07:15:00,VEHICLE 2 SLOWED FOR ANOTHER VEHICLE.  DRIVER 1 STRUCK THE REAR OF VEHICLE 2.
852021,3190015642,Missouri State Highway Patrol-Troop A,1559865600000,190320668,1,0,1,0,Personal Injury,PETTIS,NON-CITY OR UNINCORPORATED,A,2,2,0,1177,0.22,B ,W ,CRD ANDERSON SCHOOL RD,RT F EJ,Daylight,Motor Vehicle in Transport,1,64,Fri     ,0,0,0,0,0,0,0,0,0,0,0,0,0,0,0,1,0,0,0,0,1,0,0,1,0,38.62598,-93.26311,0,06/07/2019,07:20:00,CRASH OCCURRED AS DRIVER 1 FAILED TO YIELD TO VEHICLE 2 PULLING OUT OF A DRIVEWAY. VEHICLE 1 STRUCK THE PASSENGER SIDE OF VEHICLE 2.
1217928,3190015859,Missouri State Highway Patrol-Troop C,1559865600000,190320895,1,0,1,0,Personal Injury,FRANKLIN,NON-CITY OR UNINCORPORATED,C,2,2,0,0,0,AT,W ,US 50,CRD OLD HIGHWAY 50 WEST,Daylight,Motor Vehicle in Transport,1,64,Fri     ,0,0,0,0,0,1,1,0,0,0,0,1,0,0,0,1,0,0,0,0,1,0,0,0,1,38.41155,-91.31151,0,06/07/2019,08:55:00,"DRIVER 1 FAILED TO YIELD TO VEHICLE 2 AS DRIVER 1 WAS MAKING A LEFT TURN ONTO US-50 FROM OLD HIGHWAY 50.  THE FRONT OF VEHICLE 2 STRUCK THE SIDE OF VEHICLE 1.  AFTER IMPACT, BOTH VEHICLES TRAVELED OFF THE LEFT SIDE OF THE ROADWAY."
851884,3190015492,Missouri State Highway Patrol-Troop A,1559865600000,190320904,1,0,1,0,Personal Injury,CLAY,RANDOLPH,A,2,2,0,670,0.13,A ,N,RP 5430,IS 435,Daylight,Motor Vehicle in Transport,1,61,Fri     ,0,0,0,0,0,0,0,0,0,0,0,0,0,1,0,0,0,0,0,0,0,0,0,0,0,39.1588,-94.49693,0,06/07/2019,09:00:00,CRASH OCCURRED AS VEHICLE 2 WAS STOPPED IN TRAFFIC AT A RED LIGHT.  DRIVER1 ADVISED HER FOOT SLIPPED OFF THE BRAKE PEDAL.  VEHICLE 1 STRUCK VEH 2 IN THE REAR.