objectid,accident,agency,inv_date,complaint,injured,killed,min_inj,dis_inj,severity,county,city,troop,no_vehicle,motor_veh,left_scene,dist_feet,dist_mile,inter_loc,direction,on_street,at_street,light_cond,acc_type,on_off_rd,two_veh,day_week,dr_drink,dr_drug,ped_drink,ped_drug,speed,dr_under21,dr_under25,dr_over55,dr_over64,electrical,emer_veh,stop_sign,yield_sign,czone,hazmat,aggressive,cell_phone,texting,veh_defect,school_bus,truck,motorcycle,atv,pickup,cmv,gps_lat,gps_long,severity_fatal,acc_date,acc_time,narrative
957819,3190014699,Missouri State Highway Patrol-Troop D,1559865600000,190320971,2,0,2,0,Personal Injury,TANEY,NON-CITY OR UNINCORPORATED,D,2,2,0,1805,0.34,A ,S ,MO 165,CRD INGALLS LN,Daylight,Motor Vehicle in Transport,1,60,Fri     ,0,0,0,0,0,0,1,1,1,0,0,0,0,0,0,1,0,0,0,0,1,0,0,1,0,36.58131,-93.29054,0,06/07/2019,09:35:00,"DRIVER 1, WHILE TRAVELING IN THE EASTBOUND LANE, RAN OFF THE RIGHT SIDE OF THE ROADWAY, OVERCORRECTED, SLID INTO THE WESTBOUND LANE, AND IMPACTED VEHICLE 2."
1211581,3190014796,Missouri State Highway Patrol-Troop C,1559865600000,190321196,4,0,0,4,Personal Injury,WASHINGTON,NON-CITY OR UNINCORPORATED,C,1,1,0,42,0.01,A ,N,RT P,CRD BATES CREEK RD 612,Daylight,Fixed Object,2,,Fri     ,0,0,0,0,1,0,0,0,0,0,0,0,0,0,0,1,0,0,0,0,0,0,0,0,0,37.90553,-90.80057,0,06/07/2019,11:08:00,"VEHICLE ONE SLID SIDEWAYS IN THE ROADWAY, OVERCORRECTED, RAN OFF THE RIGHT SIDE OF THE ROAD, AND OVERTURNED."
1249601,3190014358,Missouri State Highway Patrol-Troop C,1559865600000,190321245,1,0,1,0,Personal Injury,STE. GENEVIEVE,NON-CITY OR UNINCORPORATED,C,1,1,0,342,0.06,B ,N,IS 55,ERM NORTH IS 55 MILE 1542,Daylight,Fixed Object,2,,Fri     ,0,0,0,0,1,0,0,0,0,0,0,0,0,0,0,1,0,0,0,0,0,0,0,0,0,37.96699,-90.18075,0,06/07/2019,11:32:00,"VEHICLE #1 TRAVELED OFF THE LEFT SIDE OF THE ROADWAY.  DRIVER #1 OVERCORRECTED, CAUSING VEHICLE #1 TO TRAVEL OFF THE RIGHT SIDE OF THE ROADWAY, WHERE THE LEFT FRONT CORNER STRUCK A ROCK BLUFF.  VEHICLE #1 OVERTURNED."
1264682,3190014615,Missouri State Highway Patrol-Troop C,1559865600000,190321285,4,0,4,0,Personal Injury,ST. CHARLES,NON-CITY OR UNINCORPORATED,C,2,2,0,1584,0.3,B ,S ,US 61,RT A,Daylight,Motor Vehicle in Transport,1,61,Fri     ,0,0,0,0,0,0,0,1,1,0,0,0,0,0,0,1,0,0,0,0,0,0,0,0,0,38.82661,-90.85228,0,06/07/2019,11:45:00,"DRIVER 1 NOTICED A DEER ON THE INSIDE SHOULDER OF US-61 SOUTHBOUND AND APPLIED THE BRAKES RAPIDLY. VEHICLE 1 FAILED TO MAINTAIN A SAFE FOLLOWING DISTANCE BEHIND VEHICLE 2, CAUSING THE FRONT OF VEHICLE 1 TO STRIKE THE REAR OF VEHICLE 2. ASSISTED BY TPR. S.T. BRUENGER (505) AND TPR. P.T. HARMS (1133)"
799201,3190015196,Missouri State Highway Patrol-Troop A,1559865600000,190321449,2,0,2,0,Personal Injury,JACKSON,LEES SUMMIT,A,3,3,0,3168,0.6,B ,E ,IS 470,US 40,Daylight,Motor Vehicle in Transport,1,61,Fri     ,0,0,0,0,0,0,0,0,0,0,0,0,0,0,0,0,0,0,0,0,1,0,0,1,0,39.02555,-94.3602,0,06/07/2019,13:00:00,"CRASH OCCURRED AS ALL THREE VEHICLES WERE NORTHBOUND ON I 470. VEH 3 AND VEH 2 WERE STOPPED DUE TO TRAFFIC CONGESTION.  VEH 1 OVERTOOK AND STRUCK VEH 2.  VEH 2 THEN STRUCK VEH 3.  ASSISTED BY TPR B W MONTGOMERY /1348/, TPR A A ENGLEHART /247/ AND CPL D W BRADSHAW /1241/."
1223560,3190014964,Missouri State Highway Patrol-Troop C,1559865600000,190321603,1,0,0,1,Personal Injury,JEFFERSON,NON-CITY OR UNINCORPORATED,C,2,2,0,163,0.03,A ,N,MO 141,BRIDGE A2673,Daylight,Other Object,1,,Fri     ,0,0,0,0,1,0,0,0,0,0,0,0,0,1,0,1,0,0,0,0,0,1,0,0,0,38.4519,-90.41103,0,06/07/2019,14:03:00,"VEHICLE 1 WAS MERGING FROM THE LEFT LANE TO THE RIGHT LANE. VEHICLE 2 FAILED TO SEE VEHICLE 1 SLOWING FOR TRAFFIC AHEAD. THE FRONT OF VEHICLE 2 STRUCK THE REAR OF VEHICLE 1, EJECTING DRIVER 1.  ASSISTED BY CPL. C.D. GULLETT ( 333) AND ARNOLD PD."
1332727,3190016061,Missouri State Highway Patrol-Troop G,1559865600000,190321688,1,0,1,0,Personal Injury,CARTER,NON-CITY OR UNINCORPORATED,G,1,1,0,239,0.05,B ,W ,US 60,CRD 143 EJ,Daylight,Fixed Object,2,,Fri     ,0,0,0,0,1,0,0,0,0,0,0,0,0,0,0,1,0,0,0,0,0,0,0,0,1,36.94838,-91.11294,0,06/07/2019,14:30:00,"OCCURRED AS VEHICLE TRAVELED OFF OF THE RIGHT SIDE OF ROADWAY AND OVERTURNED. ASSISTED BY TPR. R.B. ARNOLD (116), MSGT. S.M. DOUGHERTY (492), CPL. M.L. FREEMAN (1151) AND TPR. C.T. MORGAN (852)"
1506684,3190014881,Missouri State Highway Patrol-Troop H,1559865600000,190322316,1,0,1,0,Personal Injury,DEKALB,NON-CITY OR UNINCORPORATED,H,2,2,0,0,0,AT,N,CRD WILLARD RD,CRD GLENWOOD RD,Daylight,Motor Vehicle in Transport,1,64,Fri     ,0,0,0,0,1,0,0,1,1,0,0,0,0,0,0,1,0,0,0,0,1,0,0,1,0,39.92203,-94.60389,0,06/07/2019,18:00:00,CRASH OCCURRED AS VEH#1 WAS EASTBOUND ON GLENNWOOD RD AND VEH#2 WAS NORTHBOUND ON WILLARD RD. VEH#1 FAILED TO YIELD TO VEH#2 AND STRUCK VEH#2 IN THE DRIVERS SIDE. VEH#1 CAME TO REST OFF THE EAST SIDE OF THE ROADWAY FACING WEST. AND VEH#2 CAME TO REST OFF THE EAST SIDE OF THE ROADWAY FACING SOUTH. ASSISTED BY DEKALB COUNTY SHERIFF'S DEPARTMENT AND DEKALB COUNTY AMBULANCE.
1196611,3190014679,Missouri State Highway Patrol-Troop B,1559865600000,190322327,1,0,1,0,Personal Injury,MACON,NON-CITY OR UNINCORPORATED,B,1,1,0,25,0,B ,E ,MO 156,CRD LEOPARD AVE,Daylight,Fixed Object,2,,Fri     ,0,0,0,0,0,1,1,0,0,0,0,0,0,0,0,0,0,0,0,0,0,0,0,0,0,40.02001,-92.4275,0,06/07/2019,16:55:00,"DRIVER 1 SWERVED OFF THE ROADWAY TO AVOID AN ONCOMING VEHICLE, TRAVELED OFF THE SOUTH SIDE OF THE ROAD AND STRUCK A STOP SIGN."
1173777,3190014611,Missouri State Highway Patrol-Troop F,1559865600000,190322555,1,0,1,0,Personal Injury,CALLAWAY,NON-CITY OR UNINCORPORATED,F,1,1,0,10032,1.9,A ,S ,CRD 409,CST TENNYSON RD,Daylight,Fixed Object,2,,Fri     ,0,0,0,0,0,0,1,0,0,0,0,0,0,0,0,1,0,0,0,0,0,0,0,0,0,38.80712,-91.92228,0,06/07/2019,19:50:00,VEHICLE 1 EXITED THE RIGHT SIDE OF THE ROADWAY AND STRUCK A TREE.
787651,3190014590,Missouri State Highway Patrol-Troop A,1559865600000,190322657,1,0,1,0,Personal Injury,HENRY,NON-CITY OR UNINCORPORATED,A,1,1,0,2381,0.45,B ,N,CRD NE 501,MO 52,Dark-Unlighted,Fixed Object,2,,Fri     ,0,0,0,0,1,0,0,1,1,0,0,0,0,0,0,1,0,0,0,0,1,0,0,1,0,38.4475,-93.65989,0,06/07/2019,20:35:00,"CRASH OCCURRED AS VEHICLE #1 CROSSED THE CENTERLINE AND DRIVER #1 OVERCORRECTED, CAUSING VEHICLE #1 TO VEER OFF THE ROADWAY AND IMPACT A FENCE."
1173778,3190014843,Missouri State Highway Patrol-Troop F,1559865600000,190322673,1,0,1,0,Personal Injury,CALLAWAY,NON-CITY OR UNINCORPORATED,F,1,1,0,4224,0.8,B ,E ,RT E,BRIDGE X0441,Dark-Unlighted,Fixed Object,2,,Fri     ,0,0,0,0,0,0,0,0,0,0,0,0,0,0,0,1,0,0,0,0,0,0,0,0,0,39.02396,-91.94345,0,06/07/2019,20:40:00,"DRIVER 1 FELL ASLEEP CAUSING VEHICLE 1 TO CROSS THE CENTER OF THE ROADWAY. DRIVER 1 THEN OVER-CORRECTED CAUSING VEHICLE 1 TO CROSS BACK OVER THE CENTER OF THE ROADWAY, EXIT THE RIGHT SIDE OF THE ROADWAY AND STRIKE A CULVERT AND TWO POSTS."
1510585,3190014651,Missouri State Highway Patrol-Troop H,1559865600000,190322821,1,0,0,1,Personal Injury,HARRISON,NON-CITY OR UNINCORPORATED,H,1,1,0,84,0.02,A ,S ,RA IS35S EAGLEVILLE,IS 35 NJ,Dark-Unlighted,Overturn,2,,Fri     ,0,0,0,0,1,0,0,0,0,0,0,0,0,0,0,1,0,0,0,0,0,1,0,0,0,40.55147,-93.95319,0,06/07/2019,21:45:00,"OCCURRED AS VEHICLE 1 WAS EXITING SOUTHBOUND I-35 ONTO THE RAMP AT THE MISSOURI WELCOME CENTER AND REST AREA. DRIVER FAILED TO NEGOTIATE A CURVE AND VEHICLE 1 WENT OFF THE LEFT SIDE OF THE ROADWAY, OVERTURNING MULTIPLE TIMES.  DRIVER WAS EJECTED AND VEHICLE 1 CAME TO REST ON ITS PASSENGER SIDE FACING SOUTH.  ASSISTED BY HARRISON CO SO AND NORTH HARRISON AMBULANCE, FIRE AND FIRST RESPONDERS."
1223087,3190014579,Missouri State Highway Patrol-Troop C,1559865600000,190323004,1,0,1,0,Personal Injury,ST. LOUIS,NON-CITY OR UNINCORPORATED,C,2,2,0,184,0.03,A ,W ,IS 70,RP 6464 WJ,Dark-Lighted,Motor Vehicle in Transport,1,61,Fri     ,0,0,0,0,0,0,0,0,0,0,0,0,0,0,0,1,0,0,0,0,0,0,0,0,0,38.75126,-90.44667,0,06/07/2019,23:00:00,BOTH VEHICLES WERE TRAVELING WESTBOUND ON INTERSTATE 70 . DRIVER 1 EXECUTED AN IMPROPER LANE CHANGE TO THE RIGHT AND THE FRONT LEFT OF VEHICLE 1 STRUCK THE RIGHT REAR OF VEHICLE 2.
1267226,3190015644,Missouri State Highway Patrol-Troop C,1559952000000,190323089,0,3,0,0,Fatal,FRANKLIN,SULLIVAN,C,2,2,0,58,0.01,B ,W ,IS 44,ERM WEST IS 44 MILE 2254,Dark-Unlighted,Motor Vehicle in Transport,1,61,Fri     ,0,0,0,0,0,,,,,0,0,0,0,0,0,0,0,0,0,0,0,0,0,0,1,38.21895,-91.16334,1,06/07/2019,23:57:00,"FATALITY REPORT - BOTH VEHICLES WERE TRAVELING WESTBOUND ON INTERSTATE 44. THE RIGHT SIDE FRONT BUMPER OF VEHICLE 1 STRUCK THE LEFT SIDE REAR BUMPER OF VEHICLE 2. VEHICLE 2 OVERTURNED, EJECTING ALL THREE OCCUPANTS. VEHICLE 2 CONTINUED TO OVERTURN, TRAVELED OFF THE RIGHT SIDE OF THE ROADWAY, AND CAME TO REST IN A DITCH. OCCUPANT 1 FATALITY PRONOUNCED AT THE SCENE BY MISSOURI BAPTIST HOSPITAL AMBULANCE PERSONNEL AT 0009 HOURS ON 6-8-19. OCCUPANT 2 FATALITY PRONOUNCED AT THE SCENE BY MISSOURI BAPTIST HOSPITAL AMBULANCE PERSONNEL AT 0026 HOURS ON 6-8-19. OCCUPANT 3 FATALITY PRONOUNCED AT MERCY HOSPITAL ST. LOUIS BY DR. P. KAIN AT 0141 HOURS ON 6-8-19. ASSISTED BY  TPR H. H. HOEMANN (885) , TPR. W. H. ABEL (132) AND TPR J. L. DUNMIRE (244)."
1337841,3190015408,Missouri State Highway Patrol-Troop G,1559865600000,190323120,1,0,1,0,Personal Injury,SHANNON,NON-CITY OR UNINCORPORATED,G,1,1,0,2640,0.5,B ,E ,CRD 19-615,MO 19,Dark-Unlighted,Fixed Object,2,,Fri     ,1,0,0,0,1,1,1,0,0,0,0,0,0,0,0,1,0,0,0,0,0,0,0,0,0,36.93202,-91.34101,0,06/07/2019,00:20:00,ACCIDENT OCCURRED AS VEHICLE #1 RAN OFF THE ROADWAY AND STRUCK A TREE
1203405,3190015912,Missouri State Highway Patrol-Troop C,1559952000000,190323191,1,0,1,0,Personal Injury,ST. CHARLES,O'FALLON,C,1,1,0,4224,0.8,B ,E ,IS 70,CST BRYAN ROAD,Dark-Unlighted,Fixed Object,2,,Sat     ,1,0,0,0,1,0,1,0,0,0,0,0,0,0,0,1,0,0,0,0,0,0,0,0,0,38.80338,-90.74801,0,06/08/2019,01:06:00,"VEHICLE 1 WAS TRAVELING EASTBOUND ON INTERSTATE 70, TRAVELED OFF THE LEFT SIDE OF THE ROADWAY, AND STRUCK THE CONCRETE MEDIAN BARRIER."
1317866,3190014700,Missouri State Highway Patrol-Troop G,1559952000000,190323204,1,0,0,1,Personal Injury,OZARK,NON-CITY OR UNINCORPORATED,G,1,1,0,1488,0.28,B ,E ,US 160,CRD 515,Dark-Unlighted,Fixed Object,2,,Sat     ,0,0,0,0,1,0,0,0,0,0,0,0,0,0,0,1,0,0,0,0,1,0,0,1,0,36.59082,-92.37555,0,06/08/2019,01:10:00,"ACCIDENT OCCURRED AS VEHICLE #1 RAN OFF THE ROADWAY, STRUCK A STUMP AND OVERTURNED"
1155905,3190014749,Missouri State Highway Patrol-Troop E,1559952000000,190323253,1,0,0,1,Personal Injury,SCOTT,NON-CITY OR UNINCORPORATED,E,1,1,Y,51,0.01,B ,N,MO 77,CRD 352,Dark-Unlighted,Fixed Object,2,,Sat     ,0,0,0,0,0,0,0,0,0,0,0,0,0,0,0,1,0,0,0,0,0,0,0,0,0,36.99093,-89.43008,0,06/08/2019,02:00:00,"CRASH OCCURRED AS VEHICLE 1 TRAVELED OFF OF THE RIGHT SIDE OF THE ROADWAY, STRUCK A MODOT SIGN, CROSSED THE COUNTY ROAD AND STRUCK A DITCH."
1223564,3190014852,Missouri State Highway Patrol-Troop C,1559952000000,190323300,2,0,0,2,Personal Injury,JEFFERSON,NON-CITY OR UNINCORPORATED,C,2,2,0,0,0,AT,S ,IS 55,ERM SOUTH IS 55 MILE 1860,Dark-Unlighted,Motor Vehicle in Transport,1,64,Sat     ,0,0,0,0,0,0,0,1,1,0,0,0,0,0,0,0,0,0,0,0,1,0,0,0,1,38.35981,-90.38917,0,06/08/2019,03:49:00,"VEHICLE #1 HAD BEEN INVOLVED IN A PREVIOUS CRASH, WAS OVERTURNED AND BLOCKING LANES THREE AND FOUR OF SOUTHBOUND INTERSTATE 55.  THE FRONT END OF VEHICLE #2 STRUCK THE UNDERCARRIAGE OF VEHICLE #1."
1248334,3190017805,Missouri State Highway Patrol-Troop C,1559952000000,190323323,1,0,1,0,Personal Injury,ST. LOUIS,SUNSET HILLS,C,2,2,0,121,0.02,B ,E ,IS 270,BRIDGE A1026,Daylight,Motor Vehicle in Transport,1,61,Sat     ,1,1,0,0,0,1,1,0,0,0,0,0,0,0,0,1,0,0,0,0,0,0,0,0,0,38.54157,-90.41969,0,06/08/2019,05:58:00,VEHICLE 1 STRUCK VEHICLE 2 IN THE REAR. VEHICLE 1 TRAVELED OFF THE LEFT SIDE OF THE ROADWAY AND STRUCK THE CENTER MEDIAN. ASSISTED BY TPR T. J. STRAATMANN (959) AND SUNSET HILLS PD.
1006157,3190018501,Missouri State Highway Patrol-Troop D,1559952000000,190323733,1,0,1,0,Personal Injury,WEBSTER,SEYMOUR,D,1,1,0,163,0.03,B ,N,RT BB,CST MACK RD SJ,Daylight,Fixed Object,1,,Sat     ,0,0,0,0,1,0,0,0,0,0,0,0,0,0,0,1,0,0,0,0,1,0,0,1,0,37.13628,-92.78139,0,06/08/2019,10:15:00,VEH1 WAS SPEEDING  RAN OFF LEFT SIDE OF ROADWAY AND OVERTURNED
888372,3190015540,Missouri State Highway Patrol-Troop A,1559952000000,190323761,1,0,1,0,Personal Injury,RAY,NON-CITY OR UNINCORPORATED,A,2,2,0,369,0.07,A ,W ,MO 10,CRD 120TH ST,Daylight,Motor Vehicle in Transport,1,61,Sat     ,0,0,0,0,0,1,1,1,0,0,0,0,0,0,0,0,0,0,0,0,1,0,0,1,0,39.31507,-94.11781,0,06/08/2019,10:30:00,"CRASH OCCURRED AS BOTH VEHICLES WERE WESTBOUND, VEHICLE 2 WAS STOPPED TO MAKE A LEFT TURN AND VEHICLE 1 OVERTOOK AND STRUCK THE REAR OF VEHICLE 2."
1507618,3190015864,Missouri State Highway Patrol-Troop H,1559952000000,190323774,0,1,0,0,Fatal,GENTRY,NON-CITY OR UNINCORPORATED,H,2,2,0,1184,0.22,B ,E ,US 136,BRIDGE A4520,Daylight,Motor Vehicle in Transport,1,64,Sat     ,0,0,0,0,1,0,0,1,1,0,0,0,0,0,0,1,0,0,0,0,1,0,0,1,1,40.24169,-94.49173,1,06/08/2019,10:39:00,"FATALITY CRASH NEXT OF KIN NOTIFIED CRASH OCCURRED AS NR1 WAS EASTBOUND AND NR2 WAS ATTEMPTING TO CROSS THE ROAD SOUTHBOUND. NR2 DROVE INTO PATH OF NR1 EJECTING DVR NR2 AND DVR NR2 CAME TO REST ON THE NORTH SHOULDER. NR1 AFTER IMPACT CAME TO A CONTROLLED STOP EAST OF THE CRASH SCENE. NR2 CAME TO REST OFF THE NORTH SIDE OF THE ROADWAY FACING SOUTHEAST. DVR NR2 PRONOUNCED DECEASED AT 1130 ON 6/8/19 BY DR MANNING AT MOSAIC HOSPITAL ALBANY MO. ASSISTED BY SGT J.S. JOHNSON (513), CRASH TEAM MEMBER CPL R.V. MCCORMICK (1181), SO GENTRY CO, STANBERRY FD, AND MODOT."
1221604,3190015012,Missouri State Highway Patrol-Troop C,1559952000000,190323790,1,0,1,0,Personal Injury,FRANKLIN,PARKWAY,C,2,2,0,47,0.01,A ,E ,MO 30,CST E GRAVOIS AVE EJ,Daylight,Motor Vehicle in Transport,1,64,Sat     ,0,0,0,0,0,0,0,1,1,0,0,0,0,0,0,1,0,0,0,0,0,1,0,0,0,38.3345,-90.96745,0,06/08/2019,10:45:00,VEHICLE 1 WAS MAKING A LEFT TURN ONTO MO-30 FROM A GAS STATION LOT.  VEHICLE 2 STRUCK THE LEFT SIDE OF VEHICLE 1.  VEHICLE 2 OVERTURNED AND DRIVER 2 WAS EJECTED.
1336450,3190016613,Missouri State Highway Patrol-Troop G,1559952000000,190323797,1,0,1,0,Personal Injury,HOWELL,NON-CITY OR UNINCORPORATED,G,1,1,0,42,0.01,B ,S ,US 63,BRIDGE A5532,Daylight,Fixed Object,2,,Sat     ,0,0,0,0,0,0,0,1,1,0,0,0,0,0,0,0,0,0,0,0,0,0,0,0,0,36.87366,-91.91427,0,06/08/2019,10:45:00,"CRASH OCCURRED AS VEHICLE ONE  TRAVELED OFF THE LEFTS SIDE OF THE ROADWAY, CROSSED THE MEDIAN INTO THE NORTHBOUND LANE AND STRUCK A GUARD RAIL HEAD ON.    ASSISTED BY CPL. J D WHEELER (637) AND  TPR. L W SANDERS (987)"
996588,3190015100,Missouri State Highway Patrol-Troop D,1559952000000,190323810,1,0,1,0,Personal Injury,STONE,NON-CITY OR UNINCORPORATED,D,1,1,0,142,0.03,B ,E ,MO 86,CRD SHADY MAPLE RD,Daylight,Fixed Object,2,,Sat     ,0,0,0,0,0,1,1,0,0,0,0,0,0,0,0,1,0,0,0,0,0,0,0,0,0,36.53125,-93.32556,0,06/08/2019,10:55:00,"DRIVER 1 RAN OFF THE RIGHT SIDE OF THE ROADWAY, IMPACTED AN EMBANKMENT, WENT AIRBORNE, LANDED, AND ROLLED OVER BEFORE COMING TO A REST."
996589,3190014971,Missouri State Highway Patrol-Troop D,1559952000000,190323813,3,0,3,0,Personal Injury,STONE,NON-CITY OR UNINCORPORATED,D,2,2,0,990,0.19,B ,W ,MO 76,CRD INDIAN POINT RD,Daylight,Motor Vehicle in Transport,1,61,Sat     ,0,0,0,0,0,0,0,1,0,0,0,0,0,0,0,1,0,0,0,0,0,0,0,0,0,36.67185,-93.33196,0,06/08/2019,10:57:00,VEHICLE #1 WAS STRUCK IN THE REAR BY VEHICLE #2.
1217934,3190014933,Missouri State Highway Patrol-Troop C,1559952000000,190323985,1,0,0,1,Personal Injury,FRANKLIN,NON-CITY OR UNINCORPORATED,C,1,1,0,63,0.01,A ,E ,RT O,CRD WOODS RD EJ,Daylight,Overturn,1,,Sat     ,0,0,0,0,0,0,0,0,0,0,0,0,0,0,0,1,0,0,0,0,0,1,0,0,0,38.42162,-90.83181,0,06/08/2019,12:23:00,"VEHICLE 1 FAILED TO SLOW FOR SLOWING TRAFFIC, LOST CONTROL, AND TRAVELED OFF THE LEFT SIDE OF THE ROADWAY.  DRIVER 1 WAS EJECTED FROM THE VEHICLE."
969880,3190014521,Missouri State Highway Patrol-Troop D,1559952000000,190324242,1,0,1,0,Personal Injury,BARRY,NON-CITY OR UNINCORPORATED,D,2,2,0,612,0.12,B ,E ,MO 76,CRD 1090,Daylight,Motor Vehicle in Transport,1,64,Sat     ,0,0,0,0,0,0,0,1,0,0,0,0,0,0,0,1,0,0,0,0,0,0,0,0,0,36.67161,-93.91186,0,06/08/2019,14:08:00,NBR 1 ATTEMPTED TO PASS NBR 2 AS NBR 2 MADE A LEFT TURN.
920628,3190015008,Missouri State Highway Patrol-Troop D,1559952000000,190324871,2,0,2,0,Personal Injury,LAWRENCE,NON-CITY OR UNINCORPORATED,D,1,1,0,324,0.06,B ,E ,CRD 2210,CRD 1166,Daylight,Fixed Object,2,,Sat     ,0,0,0,0,0,1,1,0,0,0,0,0,0,0,0,1,0,0,0,0,0,0,0,0,0,36.96994,-93.76362,0,06/08/2019,18:45:00,NBR 1 RAN OFF THE RIGHT SIDE OF THE ROAD AND STRUCK A BRIDGE ABUTMENT.
1502971,3190015032,Missouri State Highway Patrol-Troop H,1559952000000,190324881,1,0,0,1,Personal Injury,CALDWELL,NON-CITY OR UNINCORPORATED,H,2,2,0,559,0.11,B ,E ,MO 116,BRIDGE A2879,Dark-Unlighted,Motor Vehicle in Transport,1,61,Sat     ,0,0,0,0,1,0,0,1,1,0,0,0,0,0,0,1,0,0,0,0,0,0,0,0,1,39.55555,-94.19005,0,06/08/2019,18:50:00,OCCURRED AS VEHICLE 1 WAS EASTBOUIND M-116
800690,3190015955,Missouri State Highway Patrol-Troop A,1559952000000,190324916,1,0,1,0,Personal Injury,SALINE,NON-CITY OR UNINCORPORATED,A,1,1,0,591,0.11,A ,W ,RT P,CRD RABBIT TRL,Daylight,Fixed Object,2,,Sat     ,1,0,0,0,0,0,0,0,0,0,0,0,0,0,0,1,0,0,0,0,0,0,0,0,0,39.16954,-92.95046,0,06/08/2019,19:00:00,CRASH OCCURRED AS VEHICLE #1 WAS SOUTHBOUND AND DRIVER ONE FAILED TO NEGOTIATE A CURVE. VEHICLE #1 TRAVELED OFF THE WEST SIDE OF THE ROADWAY AND STRUCK THE DITCH AND A CULVERT BEFORE COMING TO REST.
1196480,3190014798,Missouri State Highway Patrol-Troop F,1559952000000,190325004,0,1,0,0,Fatal,HOWARD,NON-CITY OR UNINCORPORATED,F,1,1,0,2423,0.46,A ,S ,MO 3,RT JJ,Daylight,Fixed Object,2,,Sat     ,1,0,0,0,1,0,0,0,0,0,0,0,0,0,0,1,0,0,0,0,0,1,0,0,0,39.23472,-92.70913,1,06/08/2019,19:44:00,"***FATALITY ACCIDENT***NEXT OF KIN NOTIFIED*** OCCURRED AS DRIVER 1 FAILED TO NEGOTIATE A CURVE, VEHICLE 1 TRAVELED OFF THE RIGHT SIDE OF THE ROADWAY AND STRUCK A UTILITY POLE EJECTING DRIVER 1, VEHICLE 1 THEN STRUCK A FENCE.  PRONOUNCED BY HOWARD COUNTY CORONER JAMES HURT AT THE SCENE AT 2005.  THIS IS TROOP F'S 4TH FATALITY FOR JUNE AND 26TH FOR 2019.  ASSISTED BY SGT. J. M. MATTINGLY (587)"
1276966,3190016043,Missouri State Highway Patrol-Troop C,1559952000000,190325098,1,0,1,0,Personal Injury,ST. CHARLES,WELDON SPRING,C,1,1,0,3168,0.6,B ,W ,IS 64,CST RESEARCH PARK CIR,Daylight,Fixed Object,2,,Sat     ,0,0,0,0,1,0,0,0,0,0,0,0,0,0,0,1,0,0,0,0,1,0,0,1,0,38.69656,-90.66602,0,06/08/2019,20:21:00,VEHICLE 1 TRAVELED OFF THE RIGHT SIDE OF THE ROADWAY AND OVERTURNED EJECTING DRIVER 1.
1330464,3190014628,Missouri State Highway Patrol-Troop G,1559952000000,190325202,2,0,2,0,Personal Injury,HOWELL,MOUNTAIN VIEW,G,2,2,0,670,0.13,B ,W ,US 60,CRD 3400,Dark-Unlighted,Motor Vehicle in Transport,1,61,Sat     ,0,0,0,0,0,1,1,0,0,0,0,0,0,0,0,0,0,0,0,0,0,0,0,0,0,36.99524,-91.73144,0,06/08/2019,21:15:00,OCCURRED AS VEHICLE 1 STRUCK VEHICLE 2 AS IT WAS TURNING INTO A DRIVEWAY.
912407,3190014646,Missouri State Highway Patrol-Troop D,1559952000000,190325230,1,0,1,0,Personal Injury,POLK,NON-CITY OR UNINCORPORATED,D,2,2,0,5,0,B ,E ,MO 32,MO 123 EJ,Dark-Unlighted,Motor Vehicle in Transport,1,64,Sat     ,0,0,0,0,0,0,0,1,1,0,0,1,0,0,0,1,0,0,0,0,0,0,0,0,0,37.62978,-93.5657,0,06/08/2019,21:30:00,CRASH OCCURRED VEHICLE 1 WAS TRAVELING EASTBOUND ON MO 32.  VEHICLE 2 WAS STOPPED ON NORTHBOUND MO 123 AT MO 32.  DRIER 2 BEGAN MAKING A LEFT TURN ONTO MO 32 AND TRAVELED DIRECTLY INTO THE PATH OF VEHICLE 1.
1317867,3190015002,Missouri State Highway Patrol-Troop G,1559952000000,190325247,1,0,1,0,Personal Injury,OZARK,NON-CITY OR UNINCORPORATED,G,1,1,0,1800,0.34,B ,E ,US 160,BRIDGE A4485,Dark-Unlighted,Fixed Object,2,,Sat     ,1,0,0,0,0,0,0,0,0,0,0,0,0,0,0,1,0,0,0,0,0,0,0,0,0,36.58656,-92.29529,0,06/08/2019,21:35:00,"ACCIDENT OCCURRED AS VEHICLE #1 RAN OFF THE ROADWAY IN A CURVE, OVERTURNED AND STRUCK A TREE"
1217935,3190015354,Missouri State Highway Patrol-Troop C,1559952000000,190325250,1,0,0,1,Personal Injury,FRANKLIN,NON-CITY OR UNINCORPORATED,C,2,2,0,21,0,B ,S ,MO 47,CRD ELMWOOD CHURCH ROAD,Dark-Unlighted,Motor Vehicle in Transport,1,60,Sat     ,0,0,0,0,1,0,0,1,0,0,0,0,0,0,0,1,0,0,0,0,1,0,0,1,0,38.24333,-90.87082,0,06/08/2019,21:30:00,VEHICLE 1 WAS TRAVELING NORTHBOUND ON MISSOURI 47.  VEHICLE 2 WAS TRAVELING SOUTHBOUND ON MISSOURI 47.  DRIVER 2 WAS DRIVING AT A SPEED TOO FAST TO MAINTAIN CONTROL OF HER VEHICLE AS SHE WAS NEGOTIATING A CURVE IN THE ROAD.  VEHICLE 2 CROSSED THE CENTER LINE AND STRUCK THE FRONT OF VEHICLE 1. VEHICLE 2 SLID OFF THE LEFT SIDE OF THE ROADWAY AND STRUCK A WOODEN FENCE POST.