objectid,accident,agency,inv_date,complaint,injured,killed,min_inj,dis_inj,severity,county,city,troop,no_vehicle,motor_veh,left_scene,dist_feet,dist_mile,inter_loc,direction,on_street,at_street,light_cond,acc_type,on_off_rd,two_veh,day_week,dr_drink,dr_drug,ped_drink,ped_drug,speed,dr_under21,dr_under25,dr_over55,dr_over64,electrical,emer_veh,stop_sign,yield_sign,czone,hazmat,aggressive,cell_phone,texting,veh_defect,school_bus,truck,motorcycle,atv,pickup,cmv,gps_lat,gps_long,severity_fatal,acc_date,acc_time,narrative
1167499,3190015046,Missouri State Highway Patrol-Troop F,1560038400000,190325716,1,0,0,1,Personal Injury,MILLER,NON-CITY OR UNINCORPORATED,F,1,1,0,116,0.02,A ,S ,RT Y,CRD BEACON RD,Dark-Unlighted,Fixed Object,2,,Sun     ,1,0,0,0,0,0,0,0,0,0,0,0,0,0,0,0,0,0,0,0,0,0,0,0,0,38.34744,-92.61418,0,06/09/2019,03:05:00,"VEHICLE 1 TRAVELED OFF THE RIGHT SIDE OF THE ROADWAY, DRIVER 1 OVERCORRECTED.  VEHICLE 1 RAN OFF THE LEFT SIDE OF THE ROADWAY AND STRUCK A TREE AND A UTILITY POLE.  ASSISTED BY TPR M.R. LAWSON (831)"
1119291,3190014950,Missouri State Highway Patrol-Troop E,1560038400000,190325747,1,0,1,0,Personal Injury,BOLLINGER,NON-CITY OR UNINCORPORATED,E,1,1,0,538,0.1,B ,W ,MO 34,BRIDGE A3205,Daylight,Fixed Object,2,,Sun     ,0,0,0,0,0,0,0,0,0,0,0,0,0,0,0,0,0,0,0,0,0,0,0,0,0,37.30473,-89.9545,0,06/09/2019,06:10:00,CRASH OCCURRED AS VEH 1 RAN OFF LEFT SIDE OF ROADWAY AND STRUCK A GRAVEL DITCH.
864266,3190014934,Missouri State Highway Patrol-Troop A,1560038400000,190325780,2,0,2,0,Personal Injury,JOHNSON,NON-CITY OR UNINCORPORATED,A,1,1,Y,401,0.08,B ,E ,RT OO,BRIDGE N0866,Dark-Unlighted,Fixed Object,2,,Unk     ,0,0,0,0,0,0,1,0,0,0,0,0,0,0,0,1,0,0,0,0,0,0,0,0,0,38.82816,-93.76762,0,06/09/2019,05:00:00,"THIS CRASH OCCURRED AS VEHICLE 1 WAS TRAVELING EAST ON ROUTE OO.  VEHICLE 1 TRAVELED OFF THE RIGHT SIDE OF THE ROADWAY, RETURNED TO THE ROADWAY AND BEGAN TO SLIDE.  VEHICLE 1 CROSSED THE CENTER OF THE ROADWAY THEN TRAVELED OFF THE LEFT SIDE OF THE ROADWAY.  VEHICLE 1 STRUCK THE GROUND AND OVERTURNED.  VEHICLE 1 CAME TO REST IN THE GRASS FACING WEST."
1194290,3190015273,Missouri State Highway Patrol-Troop B,1560038400000,190325865,1,0,1,0,Personal Injury,RALLS,CENTER,B,1,1,0,95,0.02,B ,S ,MO 19,CST S EAST ST,Daylight,Fixed Object,2,,Sun     ,0,0,0,0,0,0,0,1,1,0,0,0,0,0,0,0,0,0,0,0,0,0,0,0,0,39.51117,-91.52464,0,06/09/2019,08:06:00,"DRIVER OF VEHICLE 1 FELL ASLEEP, TRAVELED OFF THE LEFT SIDE OF THE ROADWAY, STRUCK A UTILITY POLE AND A DITCH,  ASSISTED BY RALLS COUNTY SHERIFF'S OFFICE, CENTER FIRE DEPARTMENT, AND AMEREN UE."
1167498,3190014967,Missouri State Highway Patrol-Troop F,1560038400000,190326097,1,0,1,0,Personal Injury,MILLER,NON-CITY OR UNINCORPORATED,F,2,2,0,1320,0.25,A ,N,RT Y,PVT RABBIT HILL RD,Daylight,Motor Vehicle in Transport,2,64,Sun     ,0,0,0,0,0,0,1,1,1,0,0,0,0,0,0,1,0,0,0,0,0,0,0,0,0,38.32428,-92.66602,0,06/09/2019,10:45:00,VEHICLE 1 WAS MAKING A LEFT TURN AND FAILED TO YIELD TO VEHICLE 2.  ASSISTED BY CPL S.R. GISSELBECK (573)
1056688,3190015401,Missouri State Highway Patrol-Troop I,1560038400000,190326147,0,1,0,0,Fatal,CRAWFORD,NON-CITY OR UNINCORPORATED,I,1,1,0,1013,0.19,A ,S ,RT JJ,CST S RAILROAD,Daylight,Overturn,2,,Sun     ,0,0,0,0,0,0,0,0,0,0,0,0,0,0,0,0,0,0,0,0,0,1,0,0,0,38.14733,-91.2479,1,06/09/2019,11:00:00,"FATAL ACCIDENT - NEXT OF KIN NOTIFIED - VEHICLE 1 TRAVELED OFF THE LEFT SIDE OF THE ROADWAY, THROUGH A DITCH AND OVERTURNED. DRIVER 1 WAS EJECTED FROM VEHICLE 1. THE VICTIM WAS PRONOUNCED DECEASED BY DEPUTY CORONER NICOLE GAMBLIN AT 1124 HOURS AT THE SCENE. THIS IS TROOP I'S FIRST FATALITY FOR THE MONTH OF JUNE AND THE THIRTEENTH FOR 2019."
1329072,3190015487,Missouri State Highway Patrol-Troop G,1560038400000,190326256,2,0,2,0,Personal Injury,OREGON,NON-CITY OR UNINCORPORATED,G,2,2,0,21,0,A ,N,MO 19,RT HH,Daylight,Motor Vehicle in Transport,1,64,Sun     ,0,0,0,0,0,0,0,1,1,0,0,0,0,0,0,1,0,0,0,0,1,0,0,1,0,36.68244,-91.40029,0,06/09/2019,12:04:00,OCCURRED AS VEHICLE #1 PULLED INTO PATH OF VEHICLE #2 - ASSISTED BY MSGT. R.T. REES (542)
858548,3190015363,Missouri State Highway Patrol-Troop A,1560038400000,190326394,1,0,1,0,Personal Injury,JACKSON,BLUE SPRINGS,A,1,1,0,279,0.05,B ,E ,IS 70,ERM EAST IS 70 MILE 182,Daylight,Other Object,1,,Sun     ,0,0,0,0,0,0,0,1,1,0,0,0,0,0,0,0,0,0,0,0,0,0,0,0,1,39.03569,-94.31821,0,06/09/2019,13:05:00,"OCCURRED AS VEH1 STRUCK AN OBJECT IN THE ROADWAY, CAUSING THE RIGHT FRONT TIRE TO DEFLATE. VEH1 THEN TRAVELED OFF THE RIGHT SIDE OF THE ROADWAY AND STRUCK A ROCK WALL. ASSISTED BY MODOT."
1311694,3190016353,Missouri State Highway Patrol-Troop C,1560038400000,190326460,1,0,1,0,Personal Injury,ST. CHARLES,ST PETERS,C,1,1,0,68,0.01,B ,E ,MO 370,RP 7810,Daylight,Fixed Object,2,,Sun     ,0,0,0,0,0,0,0,0,0,0,0,0,0,0,0,1,0,0,0,0,0,0,0,0,0,38.80239,-90.58989,0,06/09/2019,13:25:00,"VEHICLE 1 TRAVELED OFF LEFT SIDE OF THE ROADWAY, STRUCK A GUARDRAIL, TRAVELED DOWN AN EMBANKMENT, STRUCK A CULVERT, TRAVELED BACK UP EMBANKMENT, AND INTO THE ROADWAY COMING TO REST IN THE LEFT LANE."
1187060,3190015600,Missouri State Highway Patrol-Troop B,1560038400000,190326569,3,0,3,0,Personal Injury,MARION,NON-CITY OR UNINCORPORATED,B,3,3,0,955,0.18,B ,W ,US 24,SOR 24,Daylight,Motor Vehicle in Transport,1,61,Sun     ,0,0,0,0,0,1,1,0,0,0,0,0,0,0,0,0,0,0,0,0,1,0,0,1,0,39.93025,-91.4293,0,06/09/2019,14:11:00,VEHICLE 1 STRUCK VEHICLE 2 IN THE REAR  AFTER IMPACT WITH VEHICLE 1  VEHICLE 2 STRUCK VEHICLE 3 IN THE REAR..
1264684,3190015555,Missouri State Highway Patrol-Troop C,1560038400000,190326618,2,0,2,0,Personal Injury,ST. CHARLES,NON-CITY OR UNINCORPORATED,C,2,2,0,0,0,AT,S ,US 61,RT W,Daylight,Motor Vehicle in Transport,1,64,Sun     ,0,0,0,0,0,0,0,1,0,0,0,1,0,0,0,1,0,0,0,0,0,0,0,0,0,38.87568,-90.90823,0,06/09/2019,14:29:00,DRIVER 1 FAILED TO YIELD TO DRIVER 2.  THE FRONT OF VEHICLE 1 STRUCK THE FRONT RIGHT OF VEHICLE 2. ASSISTED BY TPR. K. D. HOUSE (931)
864268,3190016384,Missouri State Highway Patrol-Troop A,1560038400000,190326705,1,0,1,0,Personal Injury,JOHNSON,NON-CITY OR UNINCORPORATED,A,1,1,0,3168,0.6,A ,E ,CRD DIVISION RD,CRD SW 301,Daylight,Fixed Object,2,,Sun     ,0,0,0,0,0,0,0,0,0,0,0,0,0,0,0,0,0,0,0,0,0,0,0,0,0,38.76239,-93.79064,0,06/09/2019,15:05:00,CRASH OCCURRED AS VEHICLE WAS TRAVELING EASTBOUND ON DIVISION ROAD. DRIVER SWERVED TO MISS STRIKING A DOG CAUSING VEHICLE TO TRAVEL OFF THE RIGHT SIDE OF THE ROAD. VEHICLE OVERTURNED AND STRUCK A FENCE BEFORE COMING TO REST.
1223536,3190015696,Missouri State Highway Patrol-Troop C,1560038400000,190326753,1,0,1,0,Personal Injury,JEFFERSON,NON-CITY OR UNINCORPORATED,C,2,2,0,0,0,AT,W ,MO 30,CRD LITTLE BRENNAN RD,Daylight,Motor Vehicle in Transport,1,64,Sun     ,0,0,0,0,0,1,1,1,1,1,0,0,0,0,0,1,0,0,0,0,0,0,0,0,0,38.48536,-90.50255,0,06/09/2019,15:20:00,VEHICLE 1 FAILED TO STOP FOR A STEADY READ TRAFFIC SIGNAL AND THE FRONT OF VEHICLE 1 COLLIDED WITH THE FRONT OF VEHICLE 2.
1115026,3190015382,Missouri State Highway Patrol-Troop E,1560038400000,190327159,1,0,0,1,Personal Injury,MISSISSIPPI,NON-CITY OR UNINCORPORATED,E,1,1,0,448,0.08,B ,E ,CRD 408,CRD 401,Daylight,Overturn,2,,Sun     ,0,0,0,0,0,0,0,0,0,0,0,0,0,0,0,1,0,0,0,0,0,1,0,0,0,36.8697,-89.39388,0,06/09/2019,18:10:00,"CRASH OCCURRED AS VEHICLE ONE TRAVELED OFF THE RIGHT SIDE OF THE ROADWAY AND OVERTURNED, EJECTING THE DRIVER."
957825,3190015160,Missouri State Highway Patrol-Troop D,1560038400000,190327424,1,0,1,0,Personal Injury,TANEY,NON-CITY OR UNINCORPORATED,D,1,1,0,10,0,A ,W ,MO 76,RT K,Dark-Unlighted,Fixed Object,2,,Sun     ,1,0,0,0,0,0,0,0,0,0,0,0,0,0,0,0,0,0,0,0,0,0,0,0,0,36.62516,-93.13987,0,06/09/2019,21:10:00,OCCURRED AS #1 RAN OFF THE RIGHT SIDE OF THE ROAD AND STRUCK A TREE.
1178570,3190016869,Missouri State Highway Patrol-Troop B,1560038400000,190327469,1,0,1,0,Personal Injury,SCOTLAND,NON-CITY OR UNINCORPORATED,B,1,1,0,2112,0.4,A ,S ,RT U,CRD 412,Dark-Unlighted,Fixed Object,2,,Sun     ,0,0,0,0,0,1,1,0,0,0,0,0,0,0,0,0,0,0,0,0,1,0,0,1,0,40.4275,-92.07785,0,06/09/2019,21:35:00,VEHICLE 01 RAN OFF THE RIGHT SIDE OF THE ROADWAY AND STRUCK A TREE.
1264926,3190021059,Missouri State Highway Patrol-Troop C,1560124800000,190327505,3,0,3,0,Personal Injury,ST. CHARLES,O'FALLON,C,1,1,0,2112,0.4,B ,W ,IS 70,CST BRYAN ROAD,Dark-Lighted,Fixed Object,2,,Mon     ,1,0,0,0,1,0,1,0,0,0,0,0,0,0,0,1,0,0,0,0,0,0,0,0,0,38.80297,-90.7258,0,06/10/2019,22:02:00,"VEHICLE 1 WAS TRAVELING WESTBOUND ON I-70, DROVE OFF THE ROADWAY AND OVERTURNED NEAR WEST TERRA LANE. ASSISTED BY CPL A M COVAL (175),  TPR P T HARMS (1133) AND TPR S T BRUENGER (505)."
881036,3190015539,Missouri State Highway Patrol-Troop A,1560124800000,190327718,1,0,1,0,Personal Injury,JACKSON,OAK GROVE,A,1,1,0,432,0.08,B ,W ,IS 70,RP 5058,Daylight,Animal,1,,Mon     ,0,0,0,0,0,0,0,0,0,0,0,0,0,0,0,0,0,0,0,0,0,0,0,0,0,39.01614,-94.12312,0,06/10/2019,06:25:00,CRASH OCCURRED AS VEH 1 WAS WESTBOUND ON I 70 AND STRUCK A DEER.
1510233,3190015808,Missouri State Highway Patrol-Troop H,1560124800000,190327852,1,0,1,0,Personal Injury,GRUNDY,NON-CITY OR UNINCORPORATED,H,1,1,0,2640,0.5,A ,S ,US 65,CRD S 2ND ST,Daylight,Animal,1,,Mon     ,0,0,0,0,0,0,0,0,0,0,0,0,0,0,0,0,0,0,0,0,0,0,0,0,0,40.21502,-93.59476,0,06/10/2019,08:10:00,CRASH OCCURRED AS VEHICLE 1 WAS SOUTHBOUND ON US65 AND STRUCK A DEER. VEHICLE 1 CAME TO A CONTROLLED STOP ON THE SHOULDER OF SOUTHBOUND US65. ASSISTED BY GRUNDY COUNTY EMS.
862546,3190015361,Missouri State Highway Patrol-Troop A,1560124800000,190327853,1,0,1,0,Personal Injury,JACKSON,NON-CITY OR UNINCORPORATED,A,1,1,0,876,0.17,B ,W ,MO 150,CRD HARRIS ROAD,Daylight,Animal,1,,Mon     ,0,0,0,0,0,0,0,0,0,0,0,0,0,0,0,0,0,0,0,0,0,1,0,0,0,38.84998,-94.28851,0,06/10/2019,08:05:00,CRASH OCCURRED AS VEHICLE 1 WAS WESTBOUND ON MO 150 AND DRIVER 1 STRUCK A DEER THAT RAN INTO HIS PATH.
1231537,3190015579,Missouri State Highway Patrol-Troop C,1560124800000,190327999,1,1,0,1,Fatal,LINCOLN,NON-CITY OR UNINCORPORATED,C,2,2,0,1056,0.2,A ,S ,US 61,RT KK SJ,Daylight,Motor Vehicle in Transport,1,61,Mon     ,1,0,0,0,0,0,0,0,0,0,0,0,0,1,0,0,0,0,0,0,1,0,0,0,1,39.016,-90.97945,1,06/10/2019,09:15:00,"FATALITY REPORT - VEHICLE 1 HAD JUST PULLED ONTO SOUTHBOUND US 61 FROM THE CROSSOVER AT WATSON ROAD, AND WAS SLOWLY ACCELERATING. VEHICLE 2 WAS TRAVELING SOUTHBOUND ON US 61 IN THE LEFT LANE AND FAILED TO SLOW OR CHANGE LANES AS IT APPROACHED VEHICLE 1 FROM THE REAR. DRIVER 2 ATTEMPTED TO SWERVE AND THE FRONT OF VEHICLE 2 STRUCK THE REAR OF VEHICLE 1. DRIVER 2 PRONOUNCED AT 1032 HOURS BY DR. KLUTTZ AT MERCY HOSPITAL LINCOLN.  ASSISTED BY CPL. C.L. PLEASANT (715) AND CPL. A.H. MICHAJLICZENKO (769).  CORRECTED REPORT"
1231536,3190015788,Missouri State Highway Patrol-Troop C,1560124800000,190328082,1,0,0,1,Personal Injury,LINCOLN,NON-CITY OR UNINCORPORATED,C,1,1,0,432,0.08,B ,N,US 61,CRD BARRETT RD,Daylight,Overturn,1,,Mon     ,0,0,0,0,0,0,0,1,0,0,0,0,0,0,0,0,1,0,0,0,1,0,0,0,1,39.10462,-90.96251,0,06/10/2019,10:00:00,VEHICLE 1 TRAVELED OFF THE RIGHT SIDE OF THE ROADWAY.  DRIVER 1 CORRECTED VEHICLE 1 BACK TO THE ROADWAY AND BEGAN TO SKID.  VEHICLE 1 THEN OVERTURNED AND TRAVELED OFF THE LEFT SIDE OF THE ROADWAY.
1217933,3190015106,Missouri State Highway Patrol-Troop C,1560124800000,190328147,1,0,1,0,Personal Injury,FRANKLIN,NON-CITY OR UNINCORPORATED,C,4,4,0,79,0.01,B ,W ,IS 44,ERM WEST IS 44 MILE 2342,Daylight,Motor Vehicle in Transport,1,61,Mon     ,0,0,0,0,0,0,0,1,0,0,0,0,0,0,0,0,0,0,0,0,1,0,0,0,1,38.30748,-91.06428,0,06/10/2019,10:27:00,"ALL VEHICLES TRAVELING WESTBOUND IN ORDER VEHICLE 4, VEHICLE 3, VEHICLE 2 , AND VEHICLE 1. VEHICLE 2, VEHICLE 3, AND VEHICLE 4 WERE EITHER STOPPED OR SLOWING DUE TO TRAFFIC AHEAD. FRONT OF VEHICLE 1 HIT REAR OF VEHICLE 2, WHICH CAUSED VEHICLE 2 TO HIT VEHICLE 3, WHICH CAUSED VEHICLE 3 TO HIT VEHICLE 4.  ASSISTED BY MSGT. C. L. PATTON (1108)"
1318968,3190015771,Missouri State Highway Patrol-Troop G,1560124800000,190328207,1,0,1,0,Personal Injury,REYNOLDS,NON-CITY OR UNINCORPORATED,G,2,2,0,0,0,AT,S ,MO 21,MO 72,Daylight,Motor Vehicle in Transport,1,64,Mon     ,0,0,0,0,0,0,0,1,1,0,0,1,0,0,0,1,0,0,0,0,1,0,0,1,1,37.40002,-90.96464,0,06/10/2019,10:50:00,VEHICLE 2 FAILED TO YIELD TO VEHICLE 1 CAUSING A COLLISION.
912406,3190014763,Missouri State Highway Patrol-Troop D,1560124800000,190328266,1,0,1,0,Personal Injury,POLK,NON-CITY OR UNINCORPORATED,D,2,2,0,10,0,B ,S ,RT D,CRD 425TH RD,Daylight,Motor Vehicle in Transport,1,61,Mon     ,0,0,0,0,0,0,1,0,0,0,0,0,0,0,0,1,0,0,0,0,1,0,0,1,1,37.63355,-93.39333,0,06/10/2019,11:15:00,CRASH OCCURRED AS VEHICLE #1 STRUCK VEHICLE #2 IN THE REAR.
1217932,3190015930,Missouri State Highway Patrol-Troop C,1560124800000,190328417,2,0,2,0,Personal Injury,FRANKLIN,NON-CITY OR UNINCORPORATED,C,3,3,0,128,0.02,A ,W ,IS 44,ERM WEST IS 44 MILE 2438,Daylight,Motor Vehicle in Transport,1,61,Mon     ,0,0,0,0,0,0,0,1,1,0,0,0,0,0,0,0,0,0,0,0,1,0,0,1,1,38.39302,-90.94089,0,06/10/2019,12:35:00,"VEHICLE 1 AND VEHICLE 2 WERE SLOWING FOR A STALLED VEHICLE AHEAD. VEHICLE 3 WAS UNABLE TO STOP AND THE FRONT OF VEHICLE 3 STRUCK VEHICLE 2, CAUSING VEHICLE 2 TO STRIKE VEHICLE 1. VEHICLE  3 TRAVELED INTO THE MEDIAN AND STRUCK THE CABLE BARRIER. ASSISTED BY MSGT. C.L. PATTON (1108) AND TPR. M.W. HEDLUND (255)"
1167448,3190015851,Missouri State Highway Patrol-Troop F,1560124800000,190328709,1,0,1,0,Personal Injury,MILLER,NON-CITY OR UNINCORPORATED,F,2,2,0,1050,0.2,B ,E ,MO 52,CRD ADMIRE RD,Daylight,Motor Vehicle in Transport,1,61,Mon     ,0,0,0,0,0,0,0,1,0,0,0,0,0,0,0,1,0,0,0,0,1,0,0,1,0,38.36675,-92.61516,0,06/10/2019,14:50:00,CRASH OCCURRED AS VEHICLE 1 STRUCK VEHICLE 2 IN THE REAR. ASSISTED BY TPR. A. E. KLEMPKE (1341) AND MILLER COUNTY SHERIFFS OFFICE
969883,3190015257,Missouri State Highway Patrol-Troop D,1560124800000,190328753,1,0,1,0,Personal Injury,BARRY,NON-CITY OR UNINCORPORATED,D,1,1,0,485,0.09,B ,E ,MO 90,CRD 1045,Daylight,Fixed Object,2,,Mon     ,0,0,0,0,0,1,1,0,0,0,0,0,0,0,0,0,0,0,0,0,0,0,0,0,0,36.58765,-93.98899,0,06/10/2019,15:10:00,VEH 1 RAN OFF THE RIGHT EDGE OF THE ROADWAY AND STRUCK A CULVERT.
1217931,3190014959,Missouri State Highway Patrol-Troop C,1560124800000,190328854,1,0,1,0,Personal Injury,FRANKLIN,NON-CITY OR UNINCORPORATED,C,1,1,0,755,0.14,A ,S ,CRD OLD COVE RD,CRD MOSSELLE RD,Daylight,Fixed Object,2,,Mon     ,0,0,0,0,0,1,1,0,0,0,0,0,0,0,0,0,0,0,0,0,1,0,0,1,0,38.38627,-90.89427,0,06/10/2019,16:10:00,VEHICLE #1 WAS TRAVELING NORTHBOUND ON OLD COVE ROAD. DRIVER #1 FAILED TO NEGOTIATE A CURVE TO THE RIGHT.  VEHICLE #1 TRAVELED OFF THE LEFT SIDE OF THE ROADWAY AND BECAME HIGH CENTERED ON A CULVERT.
852020,3190015888,Missouri State Highway Patrol-Troop A,1560124800000,190328948,2,0,2,0,Personal Injury,PETTIS,NON-CITY OR UNINCORPORATED,A,2,2,0,10,0,B ,E ,US 50,CRD MAPLEWOOD DR,Daylight,Motor Vehicle in Transport,1,61,Mon     ,0,0,0,0,0,1,1,0,0,0,0,0,0,0,0,0,0,0,0,0,0,0,0,0,0,38.69512,-93.15269,0,06/10/2019,16:50:00,CRASH OCCURRED AS VEHICLE 1 CAME TO STOP WAITING FOR LEFT TURN. VEHICLE 2 STRUCK THE REAR OF VEHICLE 1. ASSISTED BY PETTIS COUNTY SHERIFF'S DEPARTMENT.
1126304,3190016284,Missouri State Highway Patrol-Troop E,1560124800000,190329047,2,0,2,0,Personal Injury,PEMISCOT,NON-CITY OR UNINCORPORATED,E,2,2,0,5280,1,B ,N,CRD 553,RT Y,Daylight,Motor Vehicle in Transport,1,60,Mon     ,0,0,0,0,0,0,0,0,0,0,0,0,0,0,0,0,0,0,0,0,0,0,0,0,0,36.11186,-89.66604,0,06/10/2019,17:15:00,CRASH OCCURRED AS VEHICLE 2 STRUCK ABANDONED VEHICLE 1
791651,3190014968,Missouri State Highway Patrol-Troop A,1560124800000,190329179,1,0,1,0,Personal Injury,CASS,NON-CITY OR UNINCORPORATED,A,1,1,0,75,0.01,B ,W ,MO 58,BRIDGE A7011,Daylight,Fixed Object,2,,Mon     ,0,0,0,0,0,0,0,0,0,0,0,0,0,0,0,1,0,0,0,0,0,0,0,0,0,38.78448,-94.33222,0,06/10/2019,18:35:00,CRASH OCCURRED AS VEH1 TRAVELED OFF THE ROADWAY AND STRUCK SEVERAL TREES. ASSISTED BY TPR B R SIERCKS /1252/
1010586,3190015165,Missouri State Highway Patrol-Troop D,1560124800000,190329217,1,0,1,0,Personal Injury,WEBSTER,NON-CITY OR UNINCORPORATED,D,1,1,0,3695,0.7,A ,E ,RT M,CRD NEIGHBORLY LN,Daylight,Fixed Object,2,,Mon     ,0,0,0,0,0,0,0,1,0,0,0,0,0,0,0,0,0,0,0,0,0,0,0,0,0,37.38308,-92.80592,0,06/10/2019,19:00:00,"OCCURRED AS FAILED TO NEGOTIATE  A CURVE, LEFT THE ROADWAY, STRUCK AN EMBANKMENT, AND OVERTURNED"
1010585,3190015339,Missouri State Highway Patrol-Troop D,1560124800000,190329349,1,0,1,0,Personal Injury,WEBSTER,NON-CITY OR UNINCORPORATED,D,1,1,0,2640,0.5,A ,S ,RT B,BRIDGE A0204,Daylight,Fixed Object,2,,Mon     ,1,0,0,0,0,0,1,0,0,0,0,0,0,0,0,0,0,0,0,0,0,0,0,0,0,37.13524,-93.06034,0,06/10/2019,20:25:00,"OCCURRED AS LEFT HE ROADWAY, STRUCK AN EMBANKMENT, AND OVERTURNED.  DRIVER #1 WAS EJECTED"
835886,3190016092,Missouri State Highway Patrol-Troop A,1560124800000,190329392,2,0,2,0,Personal Injury,CARROLL,NON-CITY OR UNINCORPORATED,A,2,2,0,1383,0.26,A ,E ,RT E,CRD 213,Daylight,Motor Vehicle in Transport,1,64,Mon     ,0,0,0,0,0,0,0,1,1,0,0,0,0,0,0,1,0,0,0,0,0,0,0,0,0,39.37663,-93.54084,0,06/10/2019,20:45:00,CRASH OCCURRED AS VEHICLE 2 WAS MAKING A LEFT HAND TURN. VEHICLE 1 ATTEMPTED TO PASS VEHICLE 2. VEHICLE 1 STRUCK VEHICLE  2 CAUSING VEHICLE 1 TO RUN OFF THE LEFT SIDE OF THE ROADWAY. ASSISTED BY TPR J. H. THOMPSON /606/ & CARROLL COUNTY SHERIFF'S DEPARTMENT
882746,3190015506,Missouri State Highway Patrol-Troop A,1560124800000,190329424,1,0,1,0,Personal Injury,BATES,NON-CITY OR UNINCORPORATED,A,1,1,0,243,0.05,A ,N,RT P,CRD NW 1501,Dark-Unlighted,Fixed Object,2,,Mon     ,1,0,0,0,0,0,0,0,0,0,0,0,0,0,0,1,0,0,0,0,1,0,0,1,0,38.13528,-94.05363,0,06/10/2019,21:00:00,CRASH OCCURRED AS VEHICLE 1 WAS NORTHBOUND ON ROUTE P AND TRAVELED OFF THE RIGHT SIDE OF THE ROADWAY. DRIVER 1 OVERCORRECTED CAUSING VEHICLE 1 TO RETURN TO THE ROADWAY AND TRAVEL OFF THE LEFT SIDE OF THE ROADWAY. VEHICLE 1 OVERTURNED AND EJECTED DRIVER 1. ASSISTED BY TPR D. J. JACKSON /456/ AND TPR A. A. ENGELHART /247/
1223580,3190015183,Missouri State Highway Patrol-Troop C,1560124800000,190329565,1,0,1,0,Personal Injury,JEFFERSON,NON-CITY OR UNINCORPORATED,C,1,1,0,2640,0.5,B ,W ,MO 110,CRD UPPER PLATTIN RD,Dark-Unlighted,Fixed Object,2,,Mon     ,0,0,0,0,0,0,0,0,0,0,0,0,0,0,0,0,0,0,0,0,0,0,0,0,0,38.1403,-90.51528,0,06/10/2019,22:55:00,"VEHICLE #1 WAS TRAVELING EASTBOUND ON MO-110, TRAVELED ACROSS THE CENTER OF THE ROADWAY, AND OFF THE NORTH SIDE OF MISSOURI 110.  VEHICLE #1 THEN STRUCK A SMALL ROCK BLUFF AND OVERTURNED."
1509481,3190015577,Missouri State Highway Patrol-Troop H,1560211200000,190329645,1,0,1,0,Personal Injury,NODAWAY,NON-CITY OR UNINCORPORATED,H,1,1,0,1584,0.3,B ,W ,US 136,CRD 282,Dark-Unlighted,Fixed Object,2,,Tue     ,0,0,0,0,0,0,1,0,0,0,0,0,0,0,0,0,0,0,0,0,0,0,0,0,0,40.31531,-94.6765,0,06/11/2019,00:37:00,"OCCURRED AS VEHICLE 1 WAS EASTBOUND US 136. DRIVER SWERVED TO AVOID STRIKING A DEER AND VEHICLE 1 WENT OFF THE LEFT SIDE OF THE ROAD,  STRUCK AN EMBANKMENT AND CAME TO REST IN A DITCH FACING WEST.  ASSISTED BY NODAWAY COUNTY SO."
1211582,3190015370,Missouri State Highway Patrol-Troop C,1560211200000,190329697,1,0,1,0,Personal Injury,WASHINGTON,NON-CITY OR UNINCORPORATED,C,1,1,0,1795,0.34,A ,S ,MO 185,CRD GOOSE CREEK RD,Daylight,Fixed Object,2,,Tue     ,0,0,0,0,0,0,0,0,0,0,0,0,0,0,0,0,0,0,0,0,0,0,0,0,0,38.11238,-90.99309,0,06/11/2019,06:00:00,VEHICLE #1 TRAVELED OFF THE RIGHT SIDE OF THE ROADWAY AND STRUCK A TREE AND AN EMBANKMENT.
1510234,3190015435,Missouri State Highway Patrol-Troop H,1560211200000,190329843,0,1,0,0,Fatal,GRUNDY,NON-CITY OR UNINCORPORATED,H,1,1,0,3695,0.7,B ,W ,MO 6,RT WW,Daylight,Fixed Object,2,,Tue     ,0,0,0,0,0,0,0,0,0,0,0,0,0,0,0,1,0,0,0,0,1,0,0,0,1,40.02407,-93.74265,1,06/11/2019,07:45:00,"FATALITY CRASH NEXT OF KIN NOTIFIED- CRASH OCCURRED AS VEH 1 WAS EASTBOUND ON MO 6. VEH 1 SKIDDED, TRAVELED ACROSS THE CENTER OF THE ROADWAY AND TRAVELED OFF THE NORTH SIDE OF MO 6. VEH 1 STRUCKAN  EMBANKMENT AND OVERTURNED. VEH 1 CAME TO REST ON IT'S DRIVER SIDE ON THE NORTH SIDE OF MO 6 FACING NORTH. ASSISTED BY SGT J. J. RONGEY (689), MCIU #1 SGT G. D. WARD (1189), TPR. C. D. OHARA (476),  CVO K. L. SHEWEY (W066), AND CVO R. E. POWELL (W129)."
1211343,3190015328,Missouri State Highway Patrol-Troop F,1560211200000,190329892,2,0,2,0,Personal Injury,COLE,NON-CITY OR UNINCORPORATED,F,2,2,0,401,0.08,A ,E ,US 50,RT U,Daylight,Motor Vehicle in Transport,1,61,Tue     ,0,0,0,0,1,0,0,1,0,0,0,0,0,0,0,1,0,0,0,0,1,0,0,1,0,38.60952,-92.41341,0,06/11/2019,08:15:00,CRASH OCCURRED AS VEHICLE 2 STRUCK VEHICLE 1 IN THE REAR. VEHICLE 1 LEFT THE RIGHT SIDE OF THE ROADWAY AND OVERTURNED. VEHICLE 2 LEFT THE RIGHT SIDE OF THE ROADWAY COMING TO REST IN THE DITCH. ASSISTED BY CPL D.W. FOUST (1327)