objectid,accident,agency,inv_date,complaint,injured,killed,min_inj,dis_inj,severity,county,city,troop,no_vehicle,motor_veh,left_scene,dist_feet,dist_mile,inter_loc,direction,on_street,at_street,light_cond,acc_type,on_off_rd,two_veh,day_week,dr_drink,dr_drug,ped_drink,ped_drug,speed,dr_under21,dr_under25,dr_over55,dr_over64,electrical,emer_veh,stop_sign,yield_sign,czone,hazmat,aggressive,cell_phone,texting,veh_defect,school_bus,truck,motorcycle,atv,pickup,cmv,gps_lat,gps_long,severity_fatal,acc_date,acc_time,narrative
1164917,3190015759,Missouri State Highway Patrol-Troop F,1560211200000,190330074,2,0,2,0,Personal Injury,BOONE,NON-CITY OR UNINCORPORATED,F,1,1,0,52,0.01,B ,W ,CRD OAKLAND CHURCH RD,RT B,Daylight,Fixed Object,2,,Tue     ,0,0,0,0,0,1,1,0,0,0,0,0,0,0,0,1,0,0,0,0,0,0,0,0,0,39.02929,-92.27439,0,06/11/2019,09:48:00,CRASH OCCURRED AS VEHICLE 1 SWERVED TO AVOID ANOTHER VEHICLE. VEHICLE 1 TRAVELED OFF THE RIGHT SIDE OF THE ROADWAY AND STRUCK AN EMBANKMENT.
1337837,3190019910,Missouri State Highway Patrol-Troop G,1560211200000,190330202,1,0,1,0,Personal Injury,SHANNON,NON-CITY OR UNINCORPORATED,G,1,1,0,670,0.13,B ,S ,RT E,CRD OLD HWY 60,Daylight,Overturn,1,,Tue     ,0,0,0,0,1,0,1,0,0,0,0,0,0,0,0,1,0,0,0,0,0,0,0,0,1,37.00667,-91.41761,0,06/11/2019,10:55:00,ACCIDENT OCCURRED AS VEHICLE #1 TRAVELED OFF THE ROADWAY AND OVERTURNED
971751,3190015170,Missouri State Highway Patrol-Troop D,1560211200000,190330404,1,0,1,0,Personal Injury,CEDAR,NON-CITY OR UNINCORPORATED,D,2,2,0,1436,0.27,B ,E ,MO 32,CRD 401,Daylight,Motor Vehicle in Transport,1,64,Tue     ,0,0,0,0,0,0,0,0,0,0,0,0,0,0,0,1,0,0,0,0,1,0,0,1,1,37.76816,-94.00419,0,06/11/2019,12:35:00,ACCIDENT OCCURRED WHEN VEHICLE 1 CROSSED THE CENTER LINE AND STRUCK VEHICLE 2'S TRAILER.
1330802,3190015990,Missouri State Highway Patrol-Troop G,1560211200000,190330494,1,0,0,1,Personal Injury,WRIGHT,NON-CITY OR UNINCORPORATED,G,1,1,0,1457,0.28,B ,N,RT U,CRD CLEAR VIEW DRIVE,Daylight,Fixed Object,2,,Tue     ,0,0,0,0,0,0,0,0,0,0,0,0,0,0,0,1,0,0,0,0,0,0,0,0,0,37.08798,-92.57614,0,06/11/2019,13:20:00,"ACCIDENT OCCURRED AS VEHICLE #1 TRAVELED OFF THE ROADWAY, STRUCK AN EMBANKMENT AND OVERTURNED EJECTING THE DRIVER.   YELLOW CAUTION SIGN KNOCKED DOWN"
907219,3190015618,Missouri State Highway Patrol-Troop D,1560211200000,190330495,0,1,0,0,Fatal,GREENE,NON-CITY OR UNINCORPORATED,D,1,1,0,48,0.01,A ,N,MO 125,CRD 48,Daylight,Fixed Object,2,,Tue     ,0,0,0,0,0,0,0,0,0,0,0,0,0,0,0,0,0,0,0,0,0,0,0,0,0,37.35075,-93.13438,1,06/11/2019,13:10:00,FATALITY ACCIDENT   NEXT OF KIN NOTIFIED   THIS IS THE 39TH FATALITY FOR TROOP D IN 2019   VEHICLE 1 RAN OFF THE RIGHT SIDE OF THE ROADWAY AND OVERTURNED MULTIPLE TIMES AND CAME TO REST IN A FIELD.  DRIVER 1 WAS EJECTED.  DRIVER 1 WAS PRONOUNCED AT THE SCENE BY DEPUTY CORONER TOM VAN DE BERG.
1264685,3190015736,Missouri State Highway Patrol-Troop C,1560211200000,190330567,1,0,1,0,Personal Injury,ST. CHARLES,NON-CITY OR UNINCORPORATED,C,2,2,0,0,0,AT,W ,RT N,CRD WILMER RD,Daylight,Motor Vehicle in Transport,1,60,Tue     ,0,0,0,0,0,0,0,0,0,0,0,0,0,0,0,1,0,0,0,0,0,0,0,0,0,38.78039,-90.87944,0,06/11/2019,14:00:00,VEHICLE 1 WAS EASTBOUND ON ROUTE N.  VEHICLE 2 WAS WESTBOUND ON ROUTE N.   VEHICLE 1 BEGAN MAKING A LEFT TURN INTO THE PATH OF VEHICLE 2.  THE FRONT OF VEHICLE 2 THEN STRUCK THE SIDE OF VEHICLE 1.
927731,3190014941,Missouri State Highway Patrol-Troop D,1560211200000,190330699,2,0,2,0,Personal Injury,MCDONALD,NON-CITY OR UNINCORPORATED,D,3,3,0,110,0.02,B ,N,US 71,RT OO,Daylight,Motor Vehicle in Transport,1,61,Tue     ,0,0,0,0,0,0,0,1,1,1,0,0,0,0,0,0,0,0,0,0,1,0,0,1,0,36.50349,-94.27635,0,06/11/2019,15:00:00,CRASH OCCURRED AS VEH 3 WAS STOPPED AT STOP LIGHT.  VEH 2 WAS STOPPED BEHIND VEH 3.  VEH 1 STRUCK THE REAR OF VEH 2 AND PUSHED VEH 2 INTO VEH 3.
882718,3190015776,Missouri State Highway Patrol-Troop A,1560211200000,190330893,1,0,0,1,Personal Injury,BATES,NON-CITY OR UNINCORPORATED,A,1,1,0,4224,0.8,B ,E ,CRD SW 7008,CRD SW 2007,Daylight,Overturn,2,,Tue     ,0,0,0,0,1,0,0,1,1,0,0,0,0,0,0,1,0,0,0,0,0,0,1,0,0,38.12491,-94.60334,0,06/11/2019,14:00:00,"CRASH OCCURRED AS TOWED TRAILER UNIT LOST CONTROL FORCING VEHICLE 1 OFF THE ROADWAY AND VEHICLE 1 AND TOWED TRAILER OVERTURNED, EJECTING DRIVER 1. ASSISTED BY BATES COUNTY SHERIFF'S DEPARTMENT."
882745,3190016211,Missouri State Highway Patrol-Troop A,1560211200000,190331104,1,0,1,0,Personal Injury,BATES,NON-CITY OR UNINCORPORATED,A,1,1,Y,153,0.03,A ,W ,RT E,CRD NE 243,Daylight,Fixed Object,2,,Tue     ,0,0,0,0,0,0,0,0,0,0,0,0,0,0,0,1,0,0,0,0,1,0,0,1,0,38.43703,-94.33799,0,06/11/2019,18:00:00,CRASH OCCURRED AS VEHICLE 1 WAS EASTBOUND ON ROUTE E. VEHICLE 1 CROSSED THE CENTER OF THE ROAD AND TRAVELED OFF THE LEFT SIDE OF THE ROADWAY. VEHICLE 1  STRUCK A DITCH AND A FENCE.
799482,3190014917,Missouri State Highway Patrol-Troop A,1560211200000,190331137,1,0,1,0,Personal Injury,JACKSON,LEES SUMMIT,A,2,2,0,150,0.03,A ,E ,IS 470,ERM EAST IS 470 MILE 152,Daylight,Motor Vehicle in Transport,1,61,Tue     ,0,0,0,0,0,0,0,1,0,0,0,0,0,0,0,1,0,0,0,0,0,1,0,0,0,39.02037,-94.35953,0,06/11/2019,18:15:00,CRASH OCCURRED AS VEH1 OVERTOOK AND STRUCK THE REAR OF VEH2.
1332728,3190015135,Missouri State Highway Patrol-Troop G,1560211200000,190331172,0,1,0,0,Fatal,CARTER,NON-CITY OR UNINCORPORATED,G,1,1,0,1066,0.2,A ,N,CRD 127,RT M SJ,Daylight,Overturn,2,,Tue     ,1,0,0,0,1,0,0,1,0,0,0,0,0,0,0,1,0,0,0,0,0,0,1,0,0,37.01503,-91.03612,1,06/11/2019,18:00:00,F A T A L I T Y     A C C I D E N T    ACCIDENT OCCURRED AS VEHICLE #1 RAN OFF THE ROADWAY AND OVERTURNED.  DRIVER PRONOUNCED DECEASED AT THE SCENE AT 1835 BY CARTER COUNTY CORONER ERIC MCSPADDEN.  TROOP G FATALITY #10 COMPARED TO 14 FATALS SAME TIME PERIOD IN 2018.
1223591,3190018157,Missouri State Highway Patrol-Troop C,1560211200000,190331594,1,0,1,0,Personal Injury,JEFFERSON,NON-CITY OR UNINCORPORATED,C,1,1,0,528,0.1,B ,W ,RT MM,PVT WOODRIDGE DR,Dark-Unlighted,Fixed Object,2,,Tue     ,1,0,0,0,0,0,0,0,0,0,0,0,0,0,0,0,0,0,0,0,0,0,0,0,0,38.40127,-90.55581,0,06/11/2019,23:35:00,VEHICLE 1 TRAVELED OFF THE RIGHT SIDE OF THE ROADWAY AND HIT A ROCK BLUFF.
1500324,3190015136,Missouri State Highway Patrol-Troop H,1560297600000,190331707,3,0,2,1,Personal Injury,CLINTON,NON-CITY OR UNINCORPORATED,H,2,2,0,205,0.04,B ,S ,IS 35,ERM SOUTH IS 35 MILE 502,Daylight,Motor Vehicle in Transport,1,61,Wed     ,0,0,0,0,1,0,1,0,0,0,0,0,0,0,0,1,0,0,0,0,0,0,0,0,1,39.69678,-94.22863,0,06/12/2019,06:13:00,"CRASH OCCURRED AS VEH#1 AND VEH#2 WERE BOTH SOUTHBOUND ON I 35.  VEH#1 WAS TRAVELING AT A HIGH RATE OF SPEED AND ATTEMPTED TO PASS VEH#2 AND STRUCK THE REAR LEFT CORNER OF THE TOWED UNIT OF VEH#2.  THEN VEH#1 SPUN AND CAME TO REST IN THE MEDIAN AND VEH#2 CAME TO A CONTROLLED STOP ON THE WEST SHOULDER OF SB I 35.  ASSISTED BY SGT. J. M. CROSS (446), CLINTON COUNTY AND CAMERON FIRE DEPARTMENT."
903293,3190015369,Missouri State Highway Patrol-Troop D,1560297600000,190331839,1,0,1,0,Personal Injury,CHRISTIAN,NON-CITY OR UNINCORPORATED,D,1,1,0,1584,0.3,A ,W ,CRD BLUE SPRINGS RD,CRD GREEN MEADOW CT,Daylight,Fixed Object,2,,Wed     ,1,0,0,0,0,0,0,0,0,0,0,0,0,0,0,0,0,0,0,0,0,0,0,0,0,37.0918,-93.35634,0,06/12/2019,07:45:00,CRASH OCCURRED AS VEHICLE 1 TRAVELED OFF RIGHT SIDE OF ROADWAY STRIKING SEVERAL TREES.
852058,3190016507,Missouri State Highway Patrol-Troop A,1560297600000,190331842,2,0,2,0,Personal Injury,PETTIS,NON-CITY OR UNINCORPORATED,A,3,3,0,290,0.05,B ,N,CRD WASHINGTON AVE,CST WASHINGTON AVE,Daylight,Parked Motor Vehicle,2,64,Wed     ,0,0,0,0,0,0,0,1,1,0,0,0,0,0,0,1,0,0,0,0,1,0,0,1,0,38.68533,-93.2256,0,06/12/2019,07:55:00,CRASH OCCURRED AS VEH1 TRAVELED OFF THE ROADWAY AND STRUCK VEH2.  VEH2 WAS FORCED INTO VEH3 AND ALL VEHICLES CAME TO REST OFF THE ROADWAY.
1308650,3190016275,Missouri State Highway Patrol-Troop C,1560297600000,190331868,1,0,0,1,Personal Injury,ST. LOUIS,BRECKENRIDGE HILLS,C,3,3,0,0,0,AT,N,CST WISMER ROAD,CST BRECKENRIDGE AVENUE,Daylight,Motor Vehicle in Transport,1,64,Wed     ,0,0,0,0,1,0,0,0,0,0,1,1,0,0,0,1,0,0,0,0,0,0,0,0,0,38.71402,-90.37438,0,06/12/2019,08:10:00,"BOTH DRIVER 1 AND 2 WERE TRAVELING WITH THEIR EMERGENCY EQUIPMENT ACTIVATED.  DRIVER 2 BEGAN TO SLOW AT THE INTERSECTION AND DRIVER 1 PROCEEDED THROUGH THE INTERSECTION AND STRUCK THE FRONT OF VEHICLE 2.  VEHICLE 1 TRAVELED OFF THE LEFT SIDE OF THE ROADWAY AND STRUCK VEHICLE 3. VEHICLE 3 WAS A PARKED UNOCCUPIED VEHICLE.  ASSISTED BY CPL. V. M. KASPUT (1339), TRP B. G. GROVES (837), AND TPR Q. H. HOOKS (373)"
1322441,3190015505,Missouri State Highway Patrol-Troop G,1560297600000,190332241,2,0,2,0,Personal Injury,TEXAS,NON-CITY OR UNINCORPORATED,G,1,1,0,1246,0.24,B ,W ,RT B,CRD HULDY DR,Daylight,Other Non Collision,1,,Wed     ,0,0,0,0,1,0,1,0,0,0,0,0,0,0,0,1,0,0,0,0,1,0,0,0,1,37.34932,-91.75235,0,06/12/2019,11:45:00,"VEHICLE #1 RAN OFF RIGHT SIDE OF ROADWAY, OVERCORRECTED, SKIDDED OFF LEFT SIDE OF ROADWAY AND OVERTURNED.     ASSISTED BY CPL TRAVIS BROWN   (328)"
1188632,3190015437,Missouri State Highway Patrol-Troop F,1560297600000,190332290,1,0,1,0,Personal Injury,CALLAWAY,KINGDOM CITY,F,2,2,0,42,0.01,B ,W ,US 54,RT FF,Daylight,Motor Vehicle in Transport,1,61,Wed     ,0,0,0,0,0,0,0,1,1,1,0,0,0,0,0,1,0,0,0,0,0,0,0,0,0,38.94928,-91.94068,0,06/12/2019,12:33:00,CRASH OCCURRED AS VEHICLE 2 REAR-ENDED VEHICLE 1 WHICH WAS STOPPED IN WESTBOUND TRAFFIC.
1131363,3190015424,Missouri State Highway Patrol-Troop E,1560297600000,190332315,1,0,1,0,Personal Injury,BUTLER,NON-CITY OR UNINCORPORATED,E,2,2,0,84,0.02,A ,S ,RT T,RT RA,Daylight,Motor Vehicle in Transport,1,60,Wed     ,0,0,0,0,0,0,0,1,1,0,0,0,0,0,0,1,0,0,0,0,0,0,0,0,0,36.90616,-90.30027,0,06/12/2019,12:40:00,CRASH OCCURRED AS VEHICLE 1 CROSSED THE CENTER LINE AND STRUCK VEHICLE 2.
1217962,3190015509,Missouri State Highway Patrol-Troop C,1560297600000,190332378,1,0,1,0,Personal Injury,FRANKLIN,NON-CITY OR UNINCORPORATED,C,1,1,0,2640,0.5,B ,E ,RT T,CRD BOLES ROAD,Daylight,Fixed Object,2,,Wed     ,0,0,0,0,1,0,0,0,0,0,0,0,0,0,0,1,0,0,0,0,0,0,0,0,0,38.50746,-90.88567,0,06/12/2019,13:18:00,"VEHICLE 1 WAS TRAVELING NORTHBOUND ON ROUTE T.  VEHICLE 1 TRAVELED OFF THE RIGHT SIDE OF THE ROADWAY, STRUCK A BLUFF AND OVERTURNED."
1217964,3190015132,Missouri State Highway Patrol-Troop C,1560297600000,190332453,1,0,1,0,Personal Injury,FRANKLIN,NON-CITY OR UNINCORPORATED,C,1,1,0,184,0.03,A ,E ,IS 44,RT O,Daylight,Fixed Object,2,,Wed     ,0,0,0,0,1,0,0,0,0,0,0,0,0,0,0,1,0,0,0,0,0,0,0,0,0,38.44255,-90.90438,0,06/12/2019,13:55:00,"VEHICLE 1 WAS TRAVELING EASTBOUND ON INTERSTATE 44.  DRIVER 1 LOST CONTROL ON THE WET PAVEMENT.  VEHICLE 1 TRAVELED OFF LEFT SIDE OF THE ROADWAY, STRUCK A GUARDRAIL, CABLE MEDIAN BARRIER, AND OVERTURNED"
1223590,3190015146,Missouri State Highway Patrol-Troop C,1560297600000,190332523,1,0,1,0,Personal Injury,JEFFERSON,NON-CITY OR UNINCORPORATED,C,1,1,0,1330,0.25,A ,E ,CRD PLATTIN RD,PVT SUGAR SPRINGS RD,Daylight,Fixed Object,2,,Wed     ,0,0,0,0,1,0,0,1,1,0,0,0,0,0,0,1,0,0,0,0,0,0,0,0,0,38.17718,-90.40179,0,06/12/2019,14:21:00,VEHICLE WAS TRAVELING EASTBOUND ON PLATTIN ROAD.  VEHICLE 1 TRAVELED OFF THE RIGHT SIDE OF ROADWAY AND STRUCK A TREE.
1190825,3190016483,Missouri State Highway Patrol-Troop B,1560297600000,190332549,1,2,1,0,Fatal,MARION,MONROE CITY,B,2,2,0,0,0,AT,E ,US 36,BU 36,Daylight,Motor Vehicle in Transport,1,64,Wed     ,0,0,0,0,0,0,0,1,1,0,0,0,0,0,0,1,0,0,0,0,1,0,0,1,1,39.65846,-91.75064,1,06/12/2019,14:37:00,"F A T A L I T Y  C R A S H - NEXT OF KIN NOTIFIED - VEHICLE 2 ATTEMPTED TO MAKE A LEFT TURN FROM THE RIGHT LANE AND TRAVELED INTO THE PATH OF VEHICLE 1.  VEHICLE 1 STRUCK VEHICLE 2 IN THE DRIVER'S SIDE.  BOTH VEHICLES CAME TO REST IN THE ROADWAY.  DRIVER OF VEHICLE 2 WAS PRONOUNCED DECEASED AT THE SCENE BY ACTING MARION COUNTY CORONER BROCK DEKER AT 1500.  PASSENGER VEHICLE 2  PRONOUNCED DECEASED AT UNIVERSITY HOSPITAL, COLUMBIA, MO BY DOCTOR AHMAD AT 1548.  ASSISTED BY SGT KEMPKE #982 AND SGT MEYERS #1183 OF THE MSHP CRASH TEAM, CPL BRYAN #384, TPR PRIMM #792, TPR O'BRIEN #808, TPR HALEY #442, TPR FULLER #537, TPR GARBULSKI #638, CVO CULLIFER #W042, MONROE CITY POLICE DEPARTMENT, MONROE CITY FIRE DEPARTMENT, MARION COUNTY SHERIFF'S OFFICE, AND THE MISSOURI HIGHWAY DEPARTMENT."
1032401,3190015445,Missouri State Highway Patrol-Troop I,1560297600000,190332674,1,0,0,1,Personal Injury,PULASKI,NON-CITY OR UNINCORPORATED,I,1,1,0,215,0.04,B ,W ,IS 44,ERM WEST IS 44 MILE 1652,Daylight,Fixed Object,2,,Wed     ,0,0,0,0,0,0,0,1,1,0,0,0,0,0,0,0,0,0,0,0,0,0,0,0,0,37.84775,-92.08205,0,06/12/2019,15:36:00,"OCCURRED AS DVR 1 TRAVELED OFF RIGHT SIDE OF ROADWAY, OVERCORRECTED, RETURNED TO ROADWAY,WENT OFF LEFT SIDE OF RDWY AND STRUCK MEDIAN CABLES"
879222,3190016612,Missouri State Highway Patrol-Troop A,1560297600000,190332688,1,0,1,0,Personal Injury,CLAY,PLEASANT VALLEY,A,2,2,0,58,0.01,B ,S ,IS 35,ERM SOUTH IS 35 MILE 138,Daylight,Parked Motor Vehicle,2,61,Wed     ,0,0,0,0,1,0,0,1,0,0,0,0,0,0,0,1,0,0,0,0,0,0,0,0,0,39.21392,-94.47761,0,06/12/2019,15:45:00,"CRASH OCCURRED AS VEHICLE 1 HYDROPLANED, TRAVELED OFF THE RIGHT SIDE OF THE ROADWAY AND STRUCK VEHICLE 2 WHICH WAS STATIONARY ON THE SHOULDER."
1505371,3190015731,Missouri State Highway Patrol-Troop H,1560297600000,190332692,3,0,3,0,Personal Injury,LIVINGSTON,NON-CITY OR UNINCORPORATED,H,2,2,0,0,0,AT,E ,MO 190,CRD 515,Daylight,Motor Vehicle in Transport,1,64,Wed     ,0,0,0,0,0,0,0,1,0,0,0,1,0,0,0,1,0,0,0,0,0,0,0,0,0,39.83826,-93.68592,0,06/12/2019,15:43:00,CRASH OCCURRED AS VEH 1 WAS WESTBOUND ON MO-190 AND VEH 2 WAS SOUTHBOUND ON LIV 515. VEH 2 PULLED INTO PATH OF VEH 1 AND VEH 1 STRUCK VEH 2 IN THE FRONT DRIVERS SIDE. VEH 1 AND VEH 2 TRAVELED OFF THE SOUTH SIDE OF MO-190 AND CAME TO REST ON THEIR WHEELS FACING SOUTH. ASSISTED BY SGT. D.P. LITTLE (833) AND LIVINGSTON COUNTY SHERIFF'S OFFICE.
1223052,3190015940,Missouri State Highway Patrol-Troop C,1560297600000,190332714,1,0,1,0,Personal Injury,ST. LOUIS,NON-CITY OR UNINCORPORATED,C,1,1,0,105,0.02,B ,N,IS 55,CRD UNION RD,Daylight,Fixed Object,2,,Wed     ,0,0,0,0,1,1,1,0,0,0,0,0,0,0,0,1,0,0,0,0,0,0,0,0,0,38.54066,-90.30313,0,06/12/2019,15:57:00,VEHICLE 1 WAS TRAVELING NORTHBOUND ON INTERSTATE 55.  VEHICLE 1 TRAVELED OFF THE ROADWAY AND STRUCK THE CONCRETE MEDIAN WALL.
1217963,3190015883,Missouri State Highway Patrol-Troop C,1560297600000,190332741,1,2,0,1,Fatal,FRANKLIN,NON-CITY OR UNINCORPORATED,C,2,2,0,966,0.18,B ,W ,US 50,RT EE,Daylight,Motor Vehicle in Transport,1,60,Wed     ,0,0,0,0,1,1,1,0,0,0,0,0,0,0,0,1,0,0,0,0,0,0,0,0,0,38.43466,-91.09465,1,06/12/2019,16:10:00,LATE FATAL REPORT- VEHICLE 1 CROSSED THE CENTERLINE AND STRUCK VEHICLE 2 HEAD ON. DRIVER 2 PRONOUNCED BY DR JUDGE AT MERCY HOSPITAL WASHINGTON AT 1742 HOURS ON 6-12-19. TYREE WAS PRONOUNCED 6-15-2019 AT 2336 BY DOCTOR RIAZ AT MERCY HOSPITAL IN CREVE COEUR.   ASSISTED BY TPR R. A. LECLAIRE (193)
1210701,3190017123,Missouri State Highway Patrol-Troop C,1560297600000,190332747,6,0,5,1,Personal Injury,ST. LOUIS,BERKELEY,C,3,3,0,88,0.02,B ,W ,IS 70,BRIDGE A6111,Daylight,Motor Vehicle in Transport,1,63,Wed     ,0,0,0,0,1,0,0,0,0,0,0,0,0,0,0,1,0,0,0,0,1,0,0,0,1,38.72444,-90.32458,0,06/12/2019,16:12:00,"VEHICLE 1 WAS WESTBOUND ON I-70, MADE A HAZARDOUS LANE CHANGE, AND LOST CONTROL OF VEHICLE 1. VEHICLE 1 THEN STRUCK VEHICLE 2. VEHICLE 2 STRUCK VEHICLE 3. ALL VEHICLES THEN STRUCK THE MEDIAN WALL."
990506,3190014951,Missouri State Highway Patrol-Troop D,1560297600000,190332817,1,0,1,0,Personal Injury,NEWTON,NON-CITY OR UNINCORPORATED,D,2,2,0,1092,0.21,A ,E ,RT HH,CRD RAVEN,Daylight,Motor Vehicle in Transport,1,64,Wed     ,0,0,0,0,0,0,0,1,1,0,0,0,0,0,0,0,0,0,0,0,0,0,0,0,0,36.82638,-94.24881,0,06/12/2019,16:50:00,"CRASH OCCURRED AS VEHICLE #2 WAS OVERTAKING VEHICLE #1, VEHICLE #1 MADE A LEFT TURN AND TURNED INTO VEHICLE #2/"
784244,3190015815,Missouri State Highway Patrol-Troop A,1560297600000,190332823,2,0,2,0,Personal Injury,CLAY,KANSAS CITY,A,2,2,0,400,0.08,A ,N,IS 35,ERM NORTH IS 35 MILE 118,Daylight,Motor Vehicle in Transport,1,61,Wed     ,0,0,0,0,0,1,1,0,0,0,0,0,0,0,0,1,0,0,0,0,0,0,0,0,0,39.19947,-94.50769,0,06/12/2019,16:51:00,CRASH OCCURRED AS VEHICLES WERE TRAVELING NORTHBOUND ON I35 IN THE LEFT LANE. VEHICLES WERE SLOWING DUE TO CONGESTED TRAFFIC AND VEHICLE1 BEGAN TO SLIDE ON THE WET ROADWAY. VEHICLE1 THEN STRUCK THE REAR OF VEHICLE2. ASSISTED BY CLAYCOMO POLICE DEPARTMENT.
839596,3190015009,Missouri State Highway Patrol-Troop A,1560297600000,190332893,2,0,1,1,Personal Injury,LAFAYETTE,NON-CITY OR UNINCORPORATED,A,2,2,0,42,0.01,B ,S ,MO 131,CRD NEWTON ROAD,Daylight,Motor Vehicle in Transport,1,61,Wed     ,0,0,0,0,0,0,1,0,0,0,0,0,0,0,0,1,0,0,0,0,0,0,0,0,0,38.95647,-93.95448,0,06/12/2019,17:20:00,CRASH OCCURRED AS VEH1 OVERTOOK AND STRUCK THE REAR OF VEH2.  ASSISTED BY TPR R A MARTINEZ /1131/
1171467,3190015518,Missouri State Highway Patrol-Troop F,1560297600000,190332909,3,0,3,0,Personal Injury,MORGAN,NON-CITY OR UNINCORPORATED,F,3,3,0,32,0.01,B ,E ,US 50,PVT S FORK LN,Daylight,Motor Vehicle in Transport,1,63,Wed     ,0,0,0,0,0,0,1,0,0,0,0,1,0,0,0,0,0,0,0,0,1,0,0,1,0,38.67112,-92.85098,0,06/12/2019,17:20:00,"CRASH OCCURRED AS VEHICLE 1 WAS TRAVELING EASTBOUND BEHIND VEHICLE 2 ON US 50 AND VEHICLE 2 HAD SLOWED ATTEMPTING TO MAKE A RIGHT-HAND TURN ONTO SOUTH FORK LN. DRIVER 1 OF VEHICLE 1 FAILED TO SLOW DOWN, SWERVED TO THE RIGHT IN AN ATTEMPT TO AVOID COLLISION WITH VEHICLE 2, AND SIDE-SWIPED VEHICLE 2.  VEHICLE 1 THEN CONTINUED ON AND STRUCK VEHICLE 3 WHICH WAS STOPPED AT A STOP SIGN ON SOUTH FORK LN. ASSISTED BY CPL. C. R. MISTLER (643) AND CPL. S. M. CAMPBELL (242)."
1149558,3190015801,Missouri State Highway Patrol-Troop E,1560297600000,190332912,2,0,0,2,Personal Injury,PEMISCOT,HOLLAND,E,2,2,0,0,0,AT,E ,RT F,CST ELM ST,Daylight,Motor Vehicle in Transport,1,64,Wed     ,0,0,0,0,0,1,1,0,0,0,0,1,0,0,0,1,0,0,0,1,1,0,0,1,1,36.05578,-89.86971,0,06/12/2019,17:26:00,VEHICLE 1 TRAVELING EAST FAILED TO STOP AT STOP SIGN AND STRUCK SIDE OF VEHICLE 2
957862,3190015049,Missouri State Highway Patrol-Troop D,1560297600000,190332937,3,0,3,0,Personal Injury,TANEY,NON-CITY OR UNINCORPORATED,D,4,4,0,101,0.02,B ,E ,RT F,CST EAGLE PASS,Daylight,Motor Vehicle in Transport,1,61,Wed     ,0,0,0,0,1,0,1,1,0,0,0,0,0,0,0,1,0,0,0,0,1,0,0,1,0,36.71589,-93.1917,0,06/12/2019,17:35:00,DVR 1 FAILED TO SEE TRAFFIC STOPPED AHEAD.  DVR 1 BRAKED AND STRUCK THE REAR OF NBR 2.  NBR 1 CONTINUED ON AND COLLIDED WITH NBR 3 HEAD-ON.  NBR 4 THEN STRUCK NBR 1.
1184802,3190015324,Missouri State Highway Patrol-Troop B,1560297600000,190332977,1,0,1,0,Personal Injury,SCHUYLER,NON-CITY OR UNINCORPORATED,B,1,1,0,2112,0.4,A ,E ,CRD FOX PEN RD,CRD BAKER DR,Daylight,Overturn,2,,Wed     ,0,0,0,0,0,0,0,0,0,0,0,0,0,0,0,1,0,0,0,0,0,0,1,0,0,40.39841,-92.59743,0,06/12/2019,18:00:00,"01 WESTBOUND, RAN OFF THE LEFT SIDE OF THE ROADWAY, OVERTURNED, EJECTING THE DRIVER.  ASSISTED BY SCHUYLER COUNTY SHERIFF DEPARTMENT, FIRST RESPONDERS AND AMBULANCE."
800691,3190015168,Missouri State Highway Patrol-Troop A,1560297600000,190333020,1,0,1,0,Personal Injury,SALINE,NON-CITY OR UNINCORPORATED,A,2,2,0,45,0.01,A ,S ,RT YY,CRD FAIRGROUNDS RD,Daylight,Motor Vehicle in Transport,1,61,Wed     ,0,0,0,0,1,0,0,1,0,0,1,1,0,0,0,1,0,0,1,0,0,1,0,0,0,39.09455,-93.22077,0,06/12/2019,18:25:00,"CRASH OCCURRED AS VEHICLE 1 WAS TRAVELING SOUTHBOUND ON ROUTE YY. DRIVER 1 LOST CONTROL OF VEHICLE 1 CAUSING VEHICLE 1 TO BEGIN SLIDING. VEHICLE 2 ATTEMPTED TO SLOW, BEGAN SLIDING, AND STRUCK THE REAR OF VEHICLE 1."
988956,3190015263,Missouri State Highway Patrol-Troop D,1560297600000,190333127,1,0,1,0,Personal Injury,JASPER,NON-CITY OR UNINCORPORATED,D,2,2,0,1267,0.24,A ,S ,CRD 230,CRD HAWTHORN ROAD,Daylight,Motor Vehicle in Transport,1,64,Wed     ,0,0,0,0,0,0,0,0,0,0,0,0,0,0,0,1,0,0,0,0,0,0,0,0,0,37.16733,-94.4737,0,06/12/2019,19:50:00,VEHICLE #2 CROSSED THE CENTERLINE AND STRUCK VEHICLE #1.
1276967,3190015279,Missouri State Highway Patrol-Troop C,1560297600000,190333276,2,0,1,1,Personal Injury,ST. CHARLES,WELDON SPRING,C,1,1,0,2640,0.5,A ,E ,IS 64,CST RESEARCH PARK CIRCLE,Dark-Lighted,Fixed Object,2,,Wed     ,0,0,0,0,0,0,0,1,0,0,0,0,0,0,0,1,0,0,0,0,0,0,0,0,0,38.69783,-90.66685,0,06/12/2019,22:30:00,"DRIVER 1 FAILED TO MAINTAIN A SAFE FOLLOWING DISTANCE. DRIVER 1 ATTEMPTED TO AVOID A COLLISION WITH ANOTHER VEHICLE. VEHICLE 1 TRAVELED OFF THE LEFT SIDE OF THE ROADWAY, STRUCK A CONCRETE TRAFFIC BARRIER AND OVERTURNED."