objectid,accident,agency,inv_date,complaint,injured,killed,min_inj,dis_inj,severity,county,city,troop,no_vehicle,motor_veh,left_scene,dist_feet,dist_mile,inter_loc,direction,on_street,at_street,light_cond,acc_type,on_off_rd,two_veh,day_week,dr_drink,dr_drug,ped_drink,ped_drug,speed,dr_under21,dr_under25,dr_over55,dr_over64,electrical,emer_veh,stop_sign,yield_sign,czone,hazmat,aggressive,cell_phone,texting,veh_defect,school_bus,truck,motorcycle,atv,pickup,cmv,gps_lat,gps_long,severity_fatal,acc_date,acc_time,narrative
1128047,3190015025,Missouri State Highway Patrol-Troop E,1560384000000,190333420,4,0,4,0,Personal Injury,WAYNE,NON-CITY OR UNINCORPORATED,E,1,1,0,1108,0.21,A ,N,US 67,CRD 303 SJ,Dark-Unlighted,Fixed Object,2,,Thu     ,0,0,0,0,0,1,1,0,0,0,0,0,0,0,0,1,0,0,0,0,0,0,0,0,0,37.27583,-90.43822,0,06/13/2019,01:45:00,CRASH OCCURRED AS VEHICLE 1 RAN OFF THE ROADWAY AND STRUCK A TREE.
1510236,3190016403,Missouri State Highway Patrol-Troop H,1560384000000,190333454,1,1,0,1,Fatal,GRUNDY,NON-CITY OR UNINCORPORATED,H,2,2,0,2640,0.5,A ,E ,MO 6,CRD UNKNOWN,Daylight,Motor Vehicle in Transport,1,60,Thu     ,0,0,0,0,0,0,0,1,0,0,0,0,0,0,0,1,0,0,0,0,1,0,0,1,0,40.06513,-93.67543,1,06/13/2019,05:30:00,"FATALITY CRASH REPORT - OCCURRED AS VEHICLE 1 WAS WESTBOUND AND VEHICLE 2 WAS EASTBOUND ON M-6. VEHICLE 1 CROSSED THE CENTERLINE AND STRUCK VEHICLE 2 HEAD ON.  VEHICLE 1 CAME TO REST OFF THE  NORTH SIDE OF THE ROADWAY ON ITS WHEELS FACING SOUTH. VEHICLE 2 CAME TO REST OFF THE SOUTH SIDE OF THE ROAD ON ITS WHEELS FACING SOUTH, DRIVER VIRTUE WAS PRONOUNCED DEAD AT THE SCENE BY GRUNDY CORONER DEWAYNE SLATER AT 0626 HOURS. NEXT OF KIN NOTIFIED.  ASSISTED BY GRUNDY CO SHERIFF, EMS AND FIRE."
907293,3190015141,Missouri State Highway Patrol-Troop D,1560384000000,190333521,1,0,1,0,Personal Injury,GREENE,NON-CITY OR UNINCORPORATED,D,1,1,0,840,0.16,A ,E ,US 160,CRD 53,Daylight,Overturn,2,,Thu     ,0,0,0,0,0,0,0,0,0,0,0,0,0,0,0,0,0,0,1,0,1,0,0,0,1,37.3234,-93.5302,0,06/13/2019,06:50:00,VEHICLE 1 HAD A TIRE BLOW OUT.  DRIVER OVERCORRECTED CAUSING THE VEHICLE TO OVERTURN.
1249605,3190015302,Missouri State Highway Patrol-Troop C,1560384000000,190333592,1,0,1,0,Personal Injury,STE. GENEVIEVE,NON-CITY OR UNINCORPORATED,C,1,1,0,5280,1,A ,W ,RT C,CRD SPROTT RD,Daylight,Fixed Object,2,,Thu     ,0,0,0,0,0,0,0,0,0,0,0,0,0,0,0,1,1,0,0,0,0,0,0,0,0,37.89437,-90.28825,0,06/13/2019,07:40:00,"VEHICLE 1 TRAVELED OFF THE RIGHT SIDE OF THE ROADWAY, STRUCK AN EMBANKMENT, AND OVERTURNED."
1111686,3190015060,Missouri State Highway Patrol-Troop E,1560384000000,190333973,1,0,1,0,Personal Injury,DUNKLIN,NON-CITY OR UNINCORPORATED,E,2,2,0,500,0.09,B ,S ,MO 25,MO 153,Daylight,Motor Vehicle in Transport,1,64,Thu     ,0,0,0,0,0,0,0,1,0,0,0,0,0,0,0,1,0,0,0,0,1,0,0,1,1,36.3346,-90.02799,0,06/13/2019,09:51:00,CRASH OCCURRED AS VEHICLE ONE WAS TRAVELING SOUTHBOUND AND CROSSED THE CENTER LINE STRIKING VEHICLE TWO
949418,3190016241,Missouri State Highway Patrol-Troop D,1560384000000,190334138,1,0,1,0,Personal Injury,CHRISTIAN,CLEVER,D,3,3,0,0,0,AT,N,RT P,CRD WISE HILL RD,Daylight,Motor Vehicle in Transport,1,64,Thu     ,0,0,0,0,0,0,0,1,1,0,0,1,0,0,0,1,0,0,0,0,1,0,0,1,1,37.05598,-93.47244,0,06/13/2019,12:20:00,CRASH OCCURRED AS VEH 2 MADE A LEFT TURN ONTO A COUNTY ROAD INTO THE PATH OF VEH 1.  VEH 1 COLLIDED INTO VEH 2.  VEH 2 WAS PUSHED INTO VEH 3 WHICH WAS STOPPED AT A STOP SIGN ON AN ADJACENT ROADWAY.
1145530,3190015443,Missouri State Highway Patrol-Troop E,1560384000000,190334255,2,0,2,0,Personal Injury,NEW MADRID,NON-CITY OR UNINCORPORATED,E,2,2,0,89,0.02,B ,E ,RT U,US 61,Daylight,Motor Vehicle in Transport,1,61,Thu     ,0,0,0,0,0,1,1,0,0,0,0,0,1,0,0,0,0,0,0,0,1,0,0,1,0,36.59874,-89.53766,0,06/13/2019,13:27:00,CRASH OCCURRED AS VEHICLE ONE WAS ATTEMPTING TO MAKE A RIGHT HAND TURN AND WAS STRUCK IN THE REAR BY VEHICLE TWO
1259904,3190016040,Missouri State Highway Patrol-Troop C,1560384000000,190334550,1,0,1,0,Personal Injury,ST. CHARLES,ST CHARLES,C,3,3,0,1584,0.3,B ,W ,MO 94,CRD PRALLE LN,Daylight,Motor Vehicle in Transport,1,61,Thu     ,0,0,0,0,0,0,1,0,0,0,0,0,0,0,0,1,1,0,0,0,0,0,0,0,0,38.76439,-90.52655,0,06/13/2019,15:50:00,"VEHICLE 1 AND 2 WERE STOPPED IN TRAFFIC. VEHICLE 3 FAILED TO STOP AND STRUCK VEHICLE 2, CAUSING VEHICLE 2 TO STRIKE VEHICLE 1."
969911,3190015745,Missouri State Highway Patrol-Troop D,1560384000000,190334689,2,0,1,1,Personal Injury,BARRY,NON-CITY OR UNINCORPORATED,D,1,1,0,828,0.16,A ,N,MO 37,CST HICKORY ST,Daylight,Fixed Object,2,,Thu     ,0,0,0,0,0,0,0,0,0,0,0,0,0,0,0,0,0,0,0,0,1,0,0,1,0,36.59256,-93.94995,0,06/13/2019,16:46:00,CRASH OCCURRED AS VEHICLE #1 RAN OFF OF THE ROADWAY AND STRUCK A TREE.
996594,3190015159,Missouri State Highway Patrol-Troop D,1560384000000,190334733,1,0,0,1,Personal Injury,STONE,NON-CITY OR UNINCORPORATED,D,1,1,0,2100,0.4,A ,E ,RT O,PVT STU CIRCLE,Daylight,Overturn,2,,Thu     ,0,0,0,0,1,0,0,1,0,0,0,0,0,0,0,1,0,0,0,0,0,1,0,0,0,36.92369,-93.34817,0,06/13/2019,17:09:00,"CRASH OCCURRED AS VEHICLE #1 FAILED TO NEGOTIATE A CURVE,  RAN OFF THE RIGHT SIDE OF THE ROADWAY, OVERTURNED, AND EJECTED THE RIDER."
1211576,3190018414,Missouri State Highway Patrol-Troop C,1560384000000,190334735,4,0,4,0,Personal Injury,WASHINGTON,NON-CITY OR UNINCORPORATED,C,3,3,Y,1879,0.36,A ,S ,MO 21,CRD PROVINCE RD 520,Daylight,Motor Vehicle in Transport,1,61,Thu     ,0,0,0,0,0,,,1,,0,0,0,0,1,0,1,0,0,0,0,1,0,0,1,1,37.83047,-90.77365,0,06/13/2019,17:15:00,"VEHICLE 2 WAS SLOWING FOR TRAFFIC CONGESTION. VEHICLE 1 FAILED TO STOP AND STRUCK THE REAR OF VEHICLE 2, CAUSING VEHICLE 2 TO RUN OFF THE ROADWAY AND STRIKE A TREE. VEHICLE 3 THEN STRUCK VEHICLE 1. VEHICLE 1 THEN LEFT THE SCENE."
862538,3190015604,Missouri State Highway Patrol-Troop A,1560384000000,190334785,2,0,1,1,Personal Injury,JACKSON,NON-CITY OR UNINCORPORATED,A,2,2,0,1400,0.27,A ,E ,US 50,RT F,Daylight,Motor Vehicle in Transport,1,61,Thu     ,0,0,0,0,0,0,0,0,0,0,0,0,0,0,0,1,0,0,0,0,0,0,0,0,0,38.86996,-94.12865,0,06/13/2019,17:30:00,CRASH OCCURRED AS VEHICLE 1 AND VEHICLE 2 WERE EASTBOUND ON US-50. VEHICLE 2 BEGAN TO SLOW AND VEHICLE 1 OVERTOOK AND STRUCK THE REAR OF VEHICLE 2. ASSISTED BY LONE JACK POLICE DEPARTMENT
1164913,3190016127,Missouri State Highway Patrol-Troop F,1560384000000,190334942,1,0,1,0,Personal Injury,BOONE,NON-CITY OR UNINCORPORATED,F,1,1,0,83,0.02,B ,N,RT E,CRD ROWLAND RD,Daylight,Overturn,2,,Thu     ,0,0,0,0,1,0,0,0,0,0,0,0,0,0,0,1,0,0,0,0,0,1,0,0,0,39.08156,-92.42381,0,06/13/2019,18:50:00,OCCURRED AS VEHICLE 1 TRAVELED OFF THE RIGHT SIDE OF THE ROADWAY AROUND A CURVE AND OVERTURNED EJECTING DRIVER 1.  ASSISTED BY TPR. G. T. JOHNSON (734)
1296036,3190016411,Missouri State Highway Patrol-Troop C,1560384000000,190335030,3,1,3,0,Fatal,ST. LOUIS,JENNINGS,C,3,3,0,586,0.11,B ,N,CST LUCAS & HUNT RD,CST HIGH RIDGE AVE,Daylight,Motor Vehicle in Transport,1,61,Thu     ,1,0,0,0,0,0,0,0,0,0,0,0,0,0,0,1,0,0,0,0,0,0,0,0,0,38.73477,-90.26483,1,06/13/2019,19:15:00,"FATALITY REPORT - VEHICLE 2 SLOWED TO AVOID DEBRIS IN THE ROADWAY AND THE FRONT VEHICLE 1 STRUCK THE REAR OF VEHICLE 2, CAUSING VEHICLE 2 TO TRAVEL OFF THE LEFT SIDE OF THE ROADWAY. VEHICLE 1 TRAVELED INTO THE SOUTHBOUND LANES AND INTO THE PATH OF VEHICLE 3. THE FRONT OF VEHICLE 3 STRUCK THE FRONT OF VEHICLE 1. DRIVER 1 WAS PRONOUNCED ON SCENE AT 1915 HOURS BY CHRISTIAN AMBULANCE PERSONNEL. ASSISTED BY TPR. Z. S. WANG (1392)"
1200852,3190015495,Missouri State Highway Patrol-Troop F,1560384000000,190335178,1,0,1,0,Personal Injury,CAMDEN,NON-CITY OR UNINCORPORATED,F,1,1,0,913,0.17,A ,W ,RT TT,RT MM,Daylight,Fixed Object,2,,Thu     ,0,0,0,0,1,1,1,0,0,0,0,0,0,0,0,1,0,0,0,0,0,0,1,0,0,38.15607,-92.7453,0,06/13/2019,20:45:00,CRASH OCCURRED AS VEHICLE 1 WAS TRAVELING IN THE DITCH ALONGSIDE RT TT. VEHICLE 1 STRUCK A ROCK AND OVERTURNED. ASSISTED BY TPR K.R. DINWIDDIE (300)
1503490,3190015992,Missouri State Highway Patrol-Troop H,1560470400000,190335513,1,0,1,0,Personal Injury,ATCHISON,NON-CITY OR UNINCORPORATED,H,1,1,0,332,0.06,A ,N,US 59,CRD 110 ST,Dark-Unlighted,Fixed Object,2,,Fri     ,0,0,0,0,0,0,0,0,0,0,0,0,0,0,0,1,0,0,0,0,0,0,0,0,0,40.56945,-95.39298,0,06/14/2019,03:10:00,"CRASH OCCURRED AS VEHICLE 1 WAS SOUTHBOUND ON US-59.  VEHICLE 1 CROSSED THE CENTER OF THE ROADWAY AND TRAVELED OFF THE EAST SIDE OF US-59.  VEHICLE 1 STRUCK A CULVERT AND A MODOT ROAD SIGN.  VEHICLE 1 CONTINUED SOUTH THROUGH THE DITCH, STRUCK THE GROUND, AND ROTATED COUNTER CLOCKWISE.  VEHICLE 1 CAME TO REST ON ITS WHEELS FACING NORTH IN A DITCH OFF THE EAST SIDE OF US-59."
1329092,3190015660,Missouri State Highway Patrol-Troop G,1560470400000,190335661,1,0,0,1,Personal Injury,OREGON,NON-CITY OR UNINCORPORATED,G,1,1,0,3168,0.6,B ,W ,US 160,CRD 303,Daylight,Fixed Object,2,,Fri     ,0,0,0,0,0,0,0,0,0,0,0,0,0,0,0,0,0,0,0,0,0,0,0,0,1,36.72732,-91.43328,0,06/14/2019,07:15:00,"VEH #1 TRAVELED OFF THE RIGHT SIDE OF THE ROADWAY,  OVERCORRECTED, TRAVELED OFF THE LEFT SIDE  AND OVERTURNED."
1131325,3190015421,Missouri State Highway Patrol-Troop E,1560470400000,190335926,1,0,1,0,Personal Injury,BUTLER,NON-CITY OR UNINCORPORATED,E,1,1,0,163,0.03,B ,S ,US 67,SOR 60,Daylight,Fixed Object,2,,Fri     ,0,0,0,0,0,1,1,0,0,0,0,0,0,0,0,0,0,0,0,0,0,0,0,0,0,36.81692,-90.48464,0,06/14/2019,09:30:00,"CRASH OCCURRED AS VEHICLE 1 RAN OFF THE ROADWAY, STRUCK AN EMBANKMENT, WENT AIRBORNE AND OVERTURNED."
964097,3190015130,Missouri State Highway Patrol-Troop D,1560470400000,190335951,0,1,0,0,Fatal,BARTON,NON-CITY OR UNINCORPORATED,D,1,1,0,2412,0.46,A ,N,CRD NE 1ST LN,CRD NE 20TH RD,Daylight,Fixed Object,2,,Fri     ,0,1,0,0,0,0,0,1,0,0,0,0,0,0,0,0,0,0,0,0,0,0,0,0,0,37.53668,-94.29566,1,06/14/2019,09:40:00,LATE DEATH REPORT - FATALITY TRAFFIC CRASH - THIS IS TROOP D'S 44TH FATALITY FOR 2019 - ACCIDENT OCCURRED AS VEH #1 RAN OFF THE RIGHT SIDE OF THE ROADWAY AND OVERTURNED EJECTING THE DRIVER.  DRIVER WAS PRONOUNCED DEAD ON 06/21/2019 AT 0944 HOURS BY DR. MATTHEW ROGERS.
903290,3190016295,Missouri State Highway Patrol-Troop D,1560470400000,190336137,1,0,1,0,Personal Injury,CHRISTIAN,NON-CITY OR UNINCORPORATED,D,4,4,0,0,0,AT,W ,MO 14,CRD SALERS LN,Daylight,Motor Vehicle in Transport,1,61,Fri     ,0,0,0,0,0,0,0,1,1,0,0,0,0,0,0,1,0,0,0,0,0,0,0,0,1,37.00313,-93.17489,0,06/14/2019,11:00:00,CRASH OCCURRED AS VEHICLE #2 WAS STRUCK FROM BEHIND BY VEHICLE #1. VEHICLE #3 STRUCK THE REAR OF VEHICLE #1 AND CAUSED VEHICLE #2 TO BE PUSHED INTO THE TOWED UNIT OF VEHICLE #4.
852028,3190016267,Missouri State Highway Patrol-Troop A,1560470400000,190336380,1,0,1,0,Personal Injury,PETTIS,NON-CITY OR UNINCORPORATED,A,1,1,0,20,0,B ,N,US 65,BRIDGE A1038,Daylight,Animal,1,,Fri     ,0,0,0,0,0,0,0,0,0,0,0,0,0,0,0,0,0,0,0,0,0,0,0,0,0,38.7239,-93.24089,0,06/14/2019,13:00:00,CRASHED OCCURRED AS VEHICLE #1 WAS NORTHBOUND AND STRUCK A DEER.
1193089,3190017964,Missouri State Highway Patrol-Troop B,1560470400000,190336433,4,1,4,0,Fatal,RALLS,NON-CITY OR UNINCORPORATED,B,2,2,0,10,0,A ,N,US 61,RT A,Daylight,Motor Vehicle in Transport,1,64,Fri     ,0,0,0,0,0,0,0,1,1,0,0,1,0,0,0,1,0,0,0,0,1,0,0,1,1,39.5881,-91.40699,1,06/14/2019,13:25:00,FATALITY ACCIDENT-- NEXT OF KIN HAS BEEN NOTIFIED--VEHICLE 1 WAS CROSSING NORTHBOUND US 61 AT RT A AND PULLED INTO THE PATH OF NORTHBOUND VEHICLE 2. DRIVER 1 WAS PRONOUNCED DECEASED BY THE RALLS CO CORONER ROBERT VANWINKLE AT 1405 HRS ON 6/14/2019.
882748,3190015496,Missouri State Highway Patrol-Troop A,1560470400000,190336716,1,0,1,0,Personal Injury,BATES,NON-CITY OR UNINCORPORATED,A,1,1,0,275,0.05,A ,S ,IS 49,ERM SOUTH IS 49 MILE 1350,Daylight,Overturn,2,,Fri     ,0,0,0,0,0,0,0,0,0,0,0,0,0,0,0,1,0,0,0,0,1,0,0,1,0,38.30003,-94.35351,0,06/14/2019,15:45:00,CRASH OCCURRED AS THE TOWED UNIT OF VEH1 BEGAN TO SWERVE.  VEH1 TRAVELED OFF THE ROADWAY AND OVERTURNED.
1204026,3190015673,Missouri State Highway Patrol-Troop F,1560470400000,190336746,1,1,1,0,Fatal,COOPER,NON-CITY OR UNINCORPORATED,F,2,2,0,501,0.09,A ,S ,CRD OLD CONCORD RD,RT B NJ,Daylight,Motor Vehicle in Transport,1,60,Fri     ,0,0,0,0,0,0,0,1,1,0,0,0,0,0,0,1,0,0,0,0,0,0,0,0,0,38.89484,-92.73992,1,06/14/2019,15:57:00,"**FATALITY ACCIDENT, NEXT OF KIN NOTIFIED**  VEHICLE 1 AND VEHICLE 2 BOTH CROSSED THE CENTER LINE WHILE NEGOTIATING A CURVE.  THE VICTIM WAS PRONOUNCED AT PINNACLE REGIONAL HOSPITAL BY DR JOHN ZYGIEL AT 1639.  THIS IS TROOP F'S 5TH FATALITY FOR JUNE AND THE 27TH FOR THE YEAR.  ASSISTED BY TRP. T. O. MITCHELL (623)"
1056684,3190016783,Missouri State Highway Patrol-Troop I,1560470400000,190336790,1,0,1,0,Personal Injury,CRAWFORD,NON-CITY OR UNINCORPORATED,I,2,2,0,0,0,AT,W ,RT ZZ,RT F,Daylight,Motor Vehicle in Transport,1,64,Fri     ,0,0,0,0,0,0,0,1,1,0,0,1,0,0,0,1,0,0,0,0,1,0,0,1,0,38.04335,-91.48666,0,06/14/2019,16:15:00,VEHICLE #1 WAS TRAVELING WESTBOUND ON HWY ZZ. VEHICLE #2 TURNED INTO THE PATH OF VEHICLE #1 AND STRUCK VEHICLE #1 IN THE FRONT. ASSISTED BY CUBA FIRE DEPARTMENT
921253,3190015556,Missouri State Highway Patrol-Troop D,1560470400000,190336878,3,0,3,0,Personal Injury,LAWRENCE,NON-CITY OR UNINCORPORATED,D,2,2,0,733,0.14,A ,S ,RT K,CRD LAWRENCE 2190,Daylight,Motor Vehicle in Transport,1,60,Fri     ,0,0,0,0,0,1,1,0,0,0,0,0,0,0,0,1,0,0,0,0,0,0,0,0,0,36.99636,-93.71725,0,06/14/2019,17:00:00,VEHICLE #2 CROSSED THE CENTER LINE AND STRUCK VEHICLE #1 WHICH TRAVELED OFF THE RIGHT SIDE OF THE ROADWAY AND OVERTURNED.  VEHICLE #2 CONTINUED OFF THE LEFT SIDE OF THE ROADWAY AND STRUCK A DITCH. (MODIFIED COPY-DRIVER INFORMATION UPDATE)
988954,3190015734,Missouri State Highway Patrol-Troop D,1560470400000,190337055,3,0,3,0,Personal Injury,JASPER,NON-CITY OR UNINCORPORATED,D,2,2,0,0,0,AT,E ,RT D,CRD KAFIR RD,Daylight,Motor Vehicle in Transport,1,64,Fri     ,0,0,0,0,0,0,0,1,1,0,0,1,0,0,0,1,0,0,0,0,0,0,0,0,0,37.21361,-94.45471,0,06/14/2019,18:10:00,OCCURRED AS #2 FAILED TO YIELD TO #1.  #2 PULLED INTO THE PATH OF #1
1131380,3190016940,Missouri State Highway Patrol-Troop E,1560470400000,190337243,5,0,5,0,Personal Injury,BUTLER,NON-CITY OR UNINCORPORATED,E,4,4,0,3168,0.6,A ,N,MO 53,CRD 618,Daylight,Motor Vehicle in Transport,1,61,Fri     ,0,0,0,0,0,0,0,0,0,0,0,0,0,0,0,1,0,0,0,0,1,0,0,1,0,36.68494,-90.34473,0,06/14/2019,18:25:00,"CRASH OCCURRED AS VEHICLE 1, 2 AND 3 SLOWED.  VEHICLE 4 STRUCK VEHICLE 3.  VEHICLE 3 STRUCK VEHICLE 2 AND VEHICLE 2 STRUCK VEHICLE 1."
996595,3190015453,Missouri State Highway Patrol-Troop D,1560470400000,190337350,1,0,0,1,Personal Injury,STONE,NON-CITY OR UNINCORPORATED,D,1,1,0,58,0.01,B ,S ,CRD JOE BALD RD,CRD MONTAGUE LN,Dark-Unlighted,Overturn,2,,Fri     ,0,0,0,0,1,0,0,0,0,0,0,0,0,0,0,1,0,0,0,0,0,1,0,0,0,36.6072,-93.45977,0,06/14/2019,20:14:00,VEHICLE 1 TRAVELING NORTHBOUND TOOK A CORNER TOO QUICKLY AND OVERTURNED INTO THE DITCH.
1286542,3190016481,Missouri State Highway Patrol-Troop C,1560470400000,190337439,4,0,3,1,Personal Injury,ST. FRANCOIS,NON-CITY OR UNINCORPORATED,C,2,2,0,0,0,AT,S ,US 67,RT H,Dark-Unlighted,Motor Vehicle in Transport,1,64,Fri     ,0,0,0,0,0,0,0,1,1,0,0,0,1,0,0,1,0,0,0,0,0,0,0,0,0,37.7295,-90.42741,0,06/14/2019,21:00:00,VEHICLE 1 WAS TRAVELING NORTHBOUND ON US 67 AND VEHICLE 2 WAS TRAVELING SOUTHBOUND. VEHICLE 1 ATTEMPTED TO CROSS SOUTHBOUND US 67 NEAR ROUTE H WHEN THE FRONT OF VEHICLE 2 STRUCK THE FRONT OF VEHICLE 1. ASSISTED BY TPR. A. J. SHIBLEY (1408).
1271826,3190015308,Missouri State Highway Patrol-Troop C,1560556800000,190338036,1,0,1,0,Personal Injury,PERRY,NON-CITY OR UNINCORPORATED,C,1,1,0,248,0.05,B ,E ,RT J,BRIDGE Y0613,Daylight,Overturn,2,,Sat     ,0,0,0,0,0,0,0,0,0,0,0,0,0,0,0,1,0,0,0,0,0,0,0,0,0,37.60541,-90.0439,0,06/15/2019,06:28:00,"VEHICLE #1 WAS TRAVELING EASTBOUND ON ROUTE J. VEHICLE #1 TRAVELED OFF THE RIGHT SIDE OF THE ROADWAY.  DRIVER #1 OVERCORRECTED, TRAVELED OFF THE LEFT SIDE OF THE ROADWAY, STRUCK AN EMBANKMENT, AND OVERTURNED"
1505374,3190015707,Missouri State Highway Patrol-Troop H,1560556800000,190338137,1,0,1,0,Personal Injury,LIVINGSTON,NON-CITY OR UNINCORPORATED,H,1,1,0,1145,0.22,B ,S ,RT D,CRD 416,Daylight,Fixed Object,2,,Fri     ,,,,,,0,0,1,0,0,0,0,0,0,0,,0,0,,0,0,0,0,0,0,39.71617,-93.70813,0,06/14/2019,16:00:00,CRASH OCCURRED AS VEHICLE 1 WAS SOUTHBOUND ON ROUTE D WHEN IT TRAVELED OFF THE WEST SIDE OF THE ROADWAY. VEHICLE 1 BEGAN SLIDING AND THEN COLLIDED WITH ROADWAY SIGN CAUSING VEHICLE 1 TO TRAVEL DOWN THE EMBANKMENT ON THE WEST SIDE OF THE ROADWAY. VEHICLE 1 CAME TO REST ON ITS WHEELS IN THE CREEK AT THE BOTTOM OF THE EMBANKMENT FACING NORTHWEST. ASSISTED BY LIVINGSTON COUNTY SHERIFF'S DEPARTMENT AND CHILLICOTHE EMS.
1217985,3190015403,Missouri State Highway Patrol-Troop C,1560556800000,190338341,1,0,1,0,Personal Injury,FRANKLIN,NON-CITY OR UNINCORPORATED,C,1,1,0,432,0.08,A ,E ,RP 1039326,IS 44 WJ,Daylight,Fixed Object,2,,Sat     ,0,0,0,0,1,0,0,1,0,0,0,0,0,0,0,1,0,0,0,0,0,0,0,0,0,38.43747,-90.91142,0,06/15/2019,10:15:00,DRIVER 1 FAILED TO NEGOTIATE A CURVE CAUSING VEHICLE 1 TO TRAVEL OFF THE ROADWAY AND STRIKE A GUARDRAIL.
1223644,3190015310,Missouri State Highway Patrol-Troop C,1560556800000,190338349,1,0,1,0,Personal Injury,JEFFERSON,NON-CITY OR UNINCORPORATED,C,2,2,0,0,0,AT,N,US 61,CRD MONTEBELLO RD,Daylight,Motor Vehicle in Transport,1,64,Sat     ,0,0,0,0,0,1,1,1,1,0,0,1,0,0,0,1,0,0,0,0,0,0,0,0,0,38.3824,-90.37203,0,06/15/2019,10:15:00,VEHICLE 2 WAS STOPPED AT A STOP SIGN AND VEHICLE 1 WAS TRAVELING NORTHBOUND. VEHICLE 2 PULLED INTO PATH OF VEHICLE 1. VEHICLE 1 STRUCK VEHICLE 2.
1182797,3190015963,Missouri State Highway Patrol-Troop B,1560556800000,190338459,3,0,3,0,Personal Injury,RANDOLPH,NON-CITY OR UNINCORPORATED,B,1,1,0,139,0.03,B ,S ,US 63,CRD 2675,Daylight,Fixed Object,2,,Sat     ,0,0,0,0,1,0,0,0,0,0,0,0,0,0,0,1,0,0,0,0,0,0,0,0,0,39.29206,-92.37227,0,06/15/2019,11:10:00,VEHICLE 1 HYDROPLANED AND SKIDDED INTO THE MEDIAN STRIKING A ROAD SIGN.  ASSISTED BY THE RANDOLPH COUNTY SHERIFF'S OFFICE AND SOUTHERN RANDOLPH COUNTY FIRE
969884,3190015260,Missouri State Highway Patrol-Troop D,1560556800000,190338487,2,0,2,0,Personal Injury,BARRY,NON-CITY OR UNINCORPORATED,D,2,2,0,343,0.06,B ,S ,MO 97,RT T,Daylight,Motor Vehicle in Transport,1,60,Sat     ,0,0,0,0,0,0,0,0,0,0,0,0,0,0,0,1,0,0,0,0,0,0,0,0,0,36.81879,-94.05412,0,06/15/2019,11:25:00,OCCURRED AS #2 CROSSED THE CENTER LINE AND STRUCK #1 HEAD ON.
1267228,3190015765,Missouri State Highway Patrol-Troop C,1560556800000,190338512,2,0,2,0,Personal Injury,FRANKLIN,SULLIVAN,C,1,1,0,163,0.03,B ,E ,IS 44,ERM EAST IS 44 MILE 2252,Daylight,Fixed Object,2,,Sat     ,0,0,0,0,0,0,1,0,0,0,0,0,0,0,0,1,0,0,0,0,0,0,0,0,0,38.21608,-91.16675,0,06/15/2019,11:31:00,VEHICLE 1 WAS EASTBOUND ON INTERSTATE 44.  DRIVER 1 MADE AN UNSAFE LANE CHANGE AND LOST CONTROL OF VEHICLE 1.  VEHICLE 1 BEGAN TO SKID AND TRAVELED OFF THE RIGHT EDGE OF THE ROADWAY. VEHICLE 1 THEN STRUCK AN EMBANKMENT AND BECAME AIRBORNE.  VEHICLE 1 THEN OVERTURNED SEVERAL TIMES.
1119293,3190015620,Missouri State Highway Patrol-Troop E,1560556800000,190338698,1,0,0,1,Personal Injury,BOLLINGER,NON-CITY OR UNINCORPORATED,E,1,1,0,960,0.18,B ,S ,MO 51,CRD 526,Daylight,Fixed Object,2,,Sat     ,0,0,0,0,0,0,0,1,0,0,0,0,0,0,0,0,0,0,0,0,1,0,0,1,0,37.16865,-89.99153,0,06/15/2019,12:50:00,CRASH OCCURRED AS  VEHICLE 1 RAN OFF THE RIGHT SIDE OF THE ROADWAY AND STRUCK A DITCH.
793143,3190015300,Missouri State Highway Patrol-Troop A,1560556800000,190338741,1,0,1,0,Personal Injury,CASS,NON-CITY OR UNINCORPORATED,A,1,1,0,252,0.05,B ,S ,IS 49,ERM SOUTH IS 49 MILE 1542,Daylight,Fixed Object,2,,Sat     ,0,0,0,0,0,0,0,0,0,0,0,0,0,0,0,1,0,0,0,0,0,0,0,0,0,38.574,-94.35073,0,06/15/2019,13:08:00,"CRASH OCCURRED AS VEHICLE 1 WAS SOUTHBOUND, INADVERTENTLY STEPPED ON THE GAS AND LOST CONTROL. VEHICLE 1 WENT THROUGH THE MEDIAN, ACROSS THE NORTHBOUND LANES AND STRUCK A DITCH. ASSISTED BY CPL J.E. THUSS /1206/"
1148030,3190015526,Missouri State Highway Patrol-Troop E,1560556800000,190338752,1,0,1,0,Personal Injury,STODDARD,NON-CITY OR UNINCORPORATED,E,1,1,0,147,0.03,B ,E ,US 60,BRIDGE L0820,Daylight,Other Non Collision,1,,Sat     ,0,0,0,0,1,0,0,0,0,0,0,0,0,0,0,1,0,0,0,0,0,1,0,0,0,36.78842,-90.15057,0,06/15/2019,13:10:00,TRAFFIC CRASH OCCURRED AS DRIVER 1 LOST CONTROL CAUSING VEHICLE 1 TO OVERTURN.
1006158,3190015554,Missouri State Highway Patrol-Troop D,1560556800000,190338893,3,0,1,2,Personal Injury,WEBSTER,SEYMOUR,D,3,3,0,0,0,AT,E ,US 60,CST CLINTON AVE,Daylight,Motor Vehicle in Transport,1,64,Sat     ,0,0,0,0,0,0,1,1,1,1,0,0,0,0,0,1,0,0,0,0,0,0,0,0,0,37.15658,-92.78639,0,06/15/2019,14:20:00,DRIVER #2 WAS IN THE INTERSECTION WHEN DRIVER #1 FAILED TO STOP FOR A STEAD RED SIGNAL AND STRUCK #2.  #1 THEN STRUCK #3.