objectid,accident,agency,inv_date,complaint,injured,killed,min_inj,dis_inj,severity,county,city,troop,no_vehicle,motor_veh,left_scene,dist_feet,dist_mile,inter_loc,direction,on_street,at_street,light_cond,acc_type,on_off_rd,two_veh,day_week,dr_drink,dr_drug,ped_drink,ped_drug,speed,dr_under21,dr_under25,dr_over55,dr_over64,electrical,emer_veh,stop_sign,yield_sign,czone,hazmat,aggressive,cell_phone,texting,veh_defect,school_bus,truck,motorcycle,atv,pickup,cmv,gps_lat,gps_long,severity_fatal,acc_date,acc_time,narrative
1130799,3190015773,Missouri State Highway Patrol-Troop E,1560556800000,190339159,1,0,1,0,Personal Injury,CAPE GIRARDEAU,NON-CITY OR UNINCORPORATED,E,1,1,0,126,0.02,A ,W ,RT N,CRD 251,Daylight,Fixed Object,2,,Sat     ,0,0,0,0,0,0,0,1,1,0,0,0,0,0,0,0,0,0,0,0,0,0,0,0,0,37.21023,-89.76844,0,06/15/2019,16:20:00,"CRASH OCCURRED AS VEHICLE 1 RAN OFF THE LEFT SIDE OF THE ROADWAY, STRIKING TWO HIGHWAY SIGNS, AND AN EMBANKMENT COMING TO REST IN A FIELD - ***STATE PROPERTY DAMAGE TO COUNTY ROAD SIGN AND STOP SIGN"
1171465,3190018984,Missouri State Highway Patrol-Troop F,1560556800000,190339164,1,1,0,1,Fatal,MORGAN,NON-CITY OR UNINCORPORATED,F,1,1,0,707,0.13,A ,W ,MO 52,CRD BUTTER CUP RD,Daylight,Fixed Object,2,,Sat     ,0,0,0,0,0,0,0,1,0,0,0,0,0,0,0,0,0,0,1,0,0,0,0,0,0,38.39713,-92.72759,1,06/15/2019,16:15:00,FATALITY ACCIDENT - NEXT OF KIN NOTIFIED - VEHICLE 1 SUFFERED A MECHANICAL FAILURE CAUSING VEHICLE 1 TO CROSS THE CENTER LINE AND TRAVEL OFF THE SOUTH EDGE OF THE ROADWAY INTO A FIELD WHERE IT OVERTURNED NUMEROUS TIMES.  DRIVER 1 WAS PRONOUNCED AT THE SCENE BY DOCTOR TUCKER OF UNIVERSITY HOSPITAL AT 1727 HOURS. THIS IS TROOP F'S 6TH FATALITY FOR JUNE AND 28TH FOR THE YEAR.  ASSISTED BY TPR S.D. SEARS (1407)
912690,3190015617,Missouri State Highway Patrol-Troop D,1560556800000,190339259,2,0,2,0,Personal Injury,POLK,NON-CITY OR UNINCORPORATED,D,2,2,0,0,0,AT,N,RT D,CRD 425TH RD,Daylight,Motor Vehicle in Transport,1,64,Sat     ,1,0,0,0,0,0,0,1,1,0,0,1,0,0,0,1,0,0,0,0,0,0,0,0,0,37.63353,-93.39333,0,06/15/2019,17:00:00,NBR 2 PULLED INTO THE PATH OF NBR 1 AND NBR 1 STRUCK NBR 2.
957940,3190015723,Missouri State Highway Patrol-Troop D,1560556800000,190339289,2,0,2,0,Personal Injury,TANEY,NON-CITY OR UNINCORPORATED,D,2,2,0,0,0,AT,W ,MO 248,CRD BUENA VISTA,Daylight,Motor Vehicle in Transport,1,61,Sat     ,0,0,0,0,0,1,1,0,0,0,0,0,0,0,0,0,0,0,0,0,0,0,0,0,0,36.68236,-93.25268,0,06/15/2019,17:15:00,NBR 2 WAS SLOWING TO MAKE A LEFT TURN AND WAS STRUCK IN THE REAR BY NBR 1.
1223663,3190015803,Missouri State Highway Patrol-Troop C,1560556800000,190339290,2,0,0,2,Personal Injury,JEFFERSON,NON-CITY OR UNINCORPORATED,C,2,2,0,528,0.1,B ,W ,MO 30,RT PP,Daylight,Motor Vehicle in Transport,1,61,Sat     ,0,0,0,0,0,1,1,0,0,1,0,0,0,0,0,1,0,0,0,0,0,0,0,0,0,38.45648,-90.53254,0,06/15/2019,17:17:00,BOTH VEHICLES WERE TRAVELING WESTBOUND ON MISSOURI 30. DRIVER 1 SLOWED FOR TRAFFIC CONGESTION AHEAD. DRIVER 2 FAILED TO SLOW AND THE FRONT OF VEHICLE 2 STRUCK THE REAR OF VEHICLE 1.
990505,3190015402,Missouri State Highway Patrol-Troop D,1560556800000,190339329,0,1,0,0,Fatal,NEWTON,NON-CITY OR UNINCORPORATED,D,1,1,0,86,0.02,A ,S ,RT O,CRD QUEENS LACE DR,Daylight,Fixed Object,2,,Sat     ,0,0,0,0,1,0,0,1,0,0,0,0,0,0,0,1,0,0,0,0,0,1,0,0,0,36.78474,-94.20068,1,06/15/2019,17:20:00,FATAL ACCIDENT   THIS IS TROOP D'S 40TH FATAL FOR THE YEAR AND 4TH FOR THE MONTH.  NEXT OF KIN NOTIFIED OCCURRED AS DRIVER #1 FAILED TO NEGOTIATE A CURVE.  #1 LEFT THE ROADWAY AND OVERTURNED. PRONOUNCED AT 1832 BY NEWTON COUNTY CORONER DALE OWENS.   ASSISTED BY TPR S.R. GLASS #560
1211580,3190016512,Missouri State Highway Patrol-Troop C,1560556800000,190339539,1,0,1,0,Personal Injury,WASHINGTON,NON-CITY OR UNINCORPORATED,C,2,2,0,1900,0.36,B ,E ,MO 8,NOR 8,Daylight,Motor Vehicle in Transport,1,61,Sat     ,0,0,0,0,0,0,1,0,0,0,0,0,0,0,0,1,0,0,0,0,0,0,0,0,0,37.91497,-90.71613,0,06/15/2019,18:30:00,VEHICLE 1 STOPPED SUDDENLY IN TRAFFIC AND VEHICLE 2 STRUCK THE REAR OF VEHICLE 1.
1223661,3190020015,Missouri State Highway Patrol-Troop C,1560556800000,190339583,1,0,1,0,Personal Injury,JEFFERSON,NON-CITY OR UNINCORPORATED,C,2,2,Y,0,0,AT,E ,MO 30,CRD NORTHWEST BLVD,Daylight,Motor Vehicle in Transport,1,64,Sat     ,0,0,0,0,0,1,1,0,0,1,0,0,0,0,0,1,0,0,0,0,0,0,0,0,0,38.5006,-90.46088,0,06/15/2019,18:38:00,"VEHICLE #1 WAS STOPPED IN TRAFFIC ON NORTHWEST BOULEVARD AT MISSOURI 30 IN THE LEFT TURN LANE. VEHICLE #2 WAS TRAVELING EASTBOUND ON MISSOURI 30, WEST OF NORTHWEST BOULEVARD, IN LANE TWO. DRIVER #1 RECEIVED A GREEN LIGHT AND ENTERED THE INTERSECTION. DRIVER #2 FAILED TO STOP FOR A STEADY RED ELECTRIC SIGNAL AND SLOWED VEHICLE #2.  VEHICLE #2 SKIDDED AND ENTERED THE INTERSECTION. THE FRONT OF VEHICLE #2 STRUCK THE LEFT SIDE OF VEHICLE #1."
1509479,3190015797,Missouri State Highway Patrol-Troop H,1560556800000,190339584,1,0,1,0,Personal Injury,NODAWAY,NON-CITY OR UNINCORPORATED,H,1,1,0,675,0.13,A ,E ,CRD 190TH ST,CST RAILROAD ST,Daylight,Other Object,1,,Sat     ,0,0,0,0,1,0,0,0,0,0,0,0,0,0,0,1,0,0,0,0,0,0,1,0,0,40.44906,-94.8364,0,06/15/2019,19:04:00,"CRASH OCCURRED AS VEH #1 WAS TRAVELING EASTBOUND ON 190TH ST IN NODAWAY COUNTY. VEH #1 STRUCK A CLUMP OF GRAVEL IN THE ROADWAY CAUSING THE VEHICLE TO LEAVE THE ROADWAY, GOING AIRBORN, AND DVR #1 WAS EJECTED. VEH #1 CAME TO REST OFF THE SOUTH SIDE OF 190TH ST ON ITS WHEELS FACING EAST. ASSISTED BY CPL S.E. PRITZEL (1192), NODAWAY COUNTY SHERIFF?S DEPARTMENT, MARYVILLE DEPARTMENT OF PUBLIC SAFETY, NODAWAY COUNTY AMBULANCE, AND UNION TOWNSHIP FIRST RESPONDERS."
1167471,3190015634,Missouri State Highway Patrol-Troop F,1560556800000,190339690,0,1,0,0,Fatal,MILLER,NON-CITY OR UNINCORPORATED,F,1,1,0,1478,0.28,A ,E ,MO 42,CRD COKER RD,Daylight,Fixed Object,2,,Sat     ,0,0,0,0,1,0,1,0,0,0,0,0,0,0,0,1,0,0,0,0,1,0,0,1,0,38.12535,-92.55616,1,06/15/2019,19:53:00,"**FATALITY CRASH**  NEXT OF KIN NOTIFIED.  CRASH OCCURRED AS VEHICLE 1 TRAVELED OFF THE RIGHT SIDE OF THE ROAD, OVERCORRECTED, TRAVELED OFF THE LEFT SIDE OF THE ROAD, BEGAN SKIDDING AND SLIDING, OVERTURNED AND STRUCK A UTILITY POLE.  PRONOUNCED ON SCENE BY TIM BRADLEY MILLER COUNTY CORONER AT 1956 HOURS.  THIS IS TROOP F'S 7TH FATALITY FOR JUNE AND 29TH FOR 2019.  ASSISTED BY SGT. J. E. LOWARY (466), TPR. M.P. ACORD (170), RANGER R. TYLER (R12), AND MILLER COUNTY SHERIFFS OFFICE."
1160939,3190015711,Missouri State Highway Patrol-Troop F,1560556800000,190339767,1,0,1,0,Personal Injury,COOPER,WINDSOR PLACE,F,2,2,0,53,0.01,A ,W ,IS 70,ERM WEST IS 70 MILE 1062,Daylight,Motor Vehicle in Transport,1,61,Sat     ,0,0,0,0,0,0,1,0,0,0,0,0,0,0,0,1,0,0,0,0,0,0,0,0,0,38.93761,-92.69586,0,06/15/2019,20:20:00,CRASH OCCURRED AS VEHICLE 2 SLOWED IN PASSING LANE AND VEHICLE 1 STRUCK REAR OF VEHICLE 2.  BOTH VEHICLES OVERTURNED.  ASSISTED BY TPR. G. T. JOHNSON (734).
1223056,3190016246,Missouri State Highway Patrol-Troop C,1560556800000,190339788,3,0,2,1,Personal Injury,ST. LOUIS,NON-CITY OR UNINCORPORATED,C,1,1,0,707,0.13,B ,S ,US 67,CRD BEHLMANN FARMS BLVD,Daylight,Overturn,2,,Sat     ,0,0,0,0,1,1,1,0,0,0,0,0,0,0,0,1,0,0,0,0,0,0,0,0,0,38.82123,-90.26562,0,06/15/2019,20:30:00,VEHICLE 1 WAS TRAVELING NORTHBOUND ON LINDBERGH BLVD. VEHICLE 1 WAS TRAVELING TOO FAST ENTERING A CURVE IN THE ROADWAY AND BEGAN TO SKID. DRIVER 1 OVERCORRECTED AND VEHICLE 1 TRAVELED OFF THE LEFT SIDE OF THE ROADWAY AND OVERTURNED.
839639,3190016346,Missouri State Highway Patrol-Troop A,1560556800000,190340154,2,0,1,1,Personal Injury,LAFAYETTE,NON-CITY OR UNINCORPORATED,A,1,1,0,765,0.14,B ,W ,CRD VARNER RD,CRD EDS RD,Dark-Unlighted,Overturn,1,,Sat     ,1,0,0,0,1,0,0,0,0,0,0,0,0,0,0,1,0,0,0,0,0,0,1,0,0,38.96391,-93.96549,0,06/15/2019,23:30:00,"CRASH OCCURRED AS VEHICLE 1 WAS OPERATING IN A CARELESS AND IMPRUDENT MANNER AND DRIVING IN CIRCLES, CAUSING VEHICLE 1 TO OVERTURN. ASSISTED BY LAFAYETTE COUNTY SHERIFF'S DEPARTMENT."
1333971,3190016216,Missouri State Highway Patrol-Troop G,1560643200000,190340325,0,1,0,0,Fatal,WRIGHT,NON-CITY OR UNINCORPORATED,G,1,1,0,1705,0.32,A ,E ,CRD PYATT RD,CRD KENDRICK RD,Dark-Unlighted,Fixed Object,2,,Sun     ,0,0,0,0,1,1,1,0,0,0,0,0,0,0,0,1,0,0,0,0,0,0,1,0,0,37.27246,-92.62277,1,06/16/2019,01:00:00,"**FATALITY ACCIDENT** NEXT OF KIN HAVE BEEN NOTIFIED. ACCIDENT OCCURRED AS VEHICLE ONE WAS TRAVELING WESTBOUND AND RAN OFF THE ROADWAY STRIKING A STEEL BAR FENCE. DRIVER PRONOUNCED DECEASED BY WRIGHT COUNTY CORONER BEN HURTT AT 0131. BODY REMOVED TO HOLMAN-HOWE FUNERAL HOME IN HARTVILLE, MO. TROOP G FATALITY ACCIDENT NUMBER 11 FOR 2019 COMPARED TO 14 THIS SAME TIME IN 2018."
1032404,3190015981,Missouri State Highway Patrol-Troop I,1560556800000,190340426,1,0,1,0,Personal Injury,PULASKI,NON-CITY OR UNINCORPORATED,I,1,1,0,364,0.07,A ,E ,IS 44,ERM EAST IS 44 MILE 1494,Dark-Unlighted,Fixed Object,2,,Sat     ,0,0,0,0,1,0,0,0,0,0,0,0,0,0,0,1,0,0,0,0,1,0,0,1,0,37.77726,-92.34103,0,06/15/2019,02:45:00,OCCURRED AS VEH 1 TRAVELED OFF THE LEFT SIDE OF THE ROADWAY AND STRUCK THE MEDIAN BARRIER CABLE.
800535,3190016358,Missouri State Highway Patrol-Troop A,1560643200000,190340443,1,0,1,0,Personal Injury,SALINE,NON-CITY OR UNINCORPORATED,A,1,1,0,4224,0.8,B ,N,US 65,CRD GROUSE AVE,Dark-Unlighted,Fixed Object,2,,Sun     ,0,0,0,0,0,1,1,0,0,0,0,0,0,0,0,1,0,0,0,0,0,0,0,0,0,39.15365,-93.25298,0,06/16/2019,03:40:00,"CRASH OCCURRED AS VEHICLE 1 TRAVELED OFF THE LEFT SIDE OF THE ROADWAY AND STRUCK A UTILITY POLE, CAUSING VEHICLE 1 TO OVERTURN. ASSISTED BY TPR H R WALLACE /1434/, TPR A D MARTIN /701/, AND SALINE COUNTY SHERIFF'S DEPARTMENT."
1209134,3190015542,Missouri State Highway Patrol-Troop F,1560643200000,190340454,2,0,2,0,Personal Injury,MONTGOMERY,NON-CITY OR UNINCORPORATED,F,1,1,0,459,0.09,B ,W ,RT CC,CRD FREIE ROAD,Dark-Unlighted,Animal,1,,Sun     ,0,0,0,0,0,0,0,0,0,0,0,0,0,0,0,0,0,0,0,0,0,0,0,0,0,39.06826,-91.44603,0,06/16/2019,04:30:00,OCCURRED AS VEHICLE ONE WAS TRAVELING WESTBOUND AND STUCK A DEER.
957941,3190015384,Missouri State Highway Patrol-Troop D,1560643200000,190340518,1,0,1,0,Personal Injury,TANEY,NON-CITY OR UNINCORPORATED,D,1,1,0,385,0.07,B ,W ,CST SHEPHERD OF THE HILLS EXPRESSWAY,CST EXPRESSWAY LN WJ,Daylight,Fixed Object,2,,Sun     ,0,0,0,0,1,0,1,0,0,0,0,0,0,0,0,1,0,0,0,0,0,0,0,0,0,36.66792,-93.26303,0,06/16/2019,07:50:00,"ACCIDENT OCCURRED AS VEHICLE #1 LOST CONTROL ON WET PAVEMENT AND TRAVELED OFF THE RIGHT SIDE OF THE ROADWAY, DOWN AN EMBANKMENT AND STRIKING SEVERAL TREES."
1502887,3190015749,Missouri State Highway Patrol-Troop H,1560643200000,190340811,3,0,1,2,Personal Injury,CALDWELL,NON-CITY OR UNINCORPORATED,H,2,2,0,131,0.02,B ,E ,MO 116,RT B EJ,Daylight,Motor Vehicle in Transport,1,60,Sun     ,0,0,0,0,0,1,1,0,0,0,0,1,0,0,0,1,0,0,0,0,1,0,0,1,0,39.56904,-93.89934,0,06/16/2019,11:10:00,CRASH OCCURRED AS VEH#1 WAS SOUTHBOUND ON RTE B AND VEH#2 WAS EASTBOUND ON MO 116.  VEH#1 FAILED TO STOP AT THE STOP SIGN AND TURNED RIGHT TO GO WESTBOUND ON MO 116. VEH#1 TURNED WIDE AND CROSSED THE CENTER LINE STRIKING VEH#2 IN THE LEFT FRONT EJECTING THE PASSENGER OF VEH#1.   THE PASSENGER THAT WAS EJECTED CAME TO REST OFF THE ROAD.    BOTH VEHICLES WENT OFF THE SOUTH SIDE OF MO 116 AND CAME TO REST.   ASSISTED BY 957 TPR. T. M. ROYSTER (957) AND CALDWELL COUNTY SHERIFF'S DEPARTMENT.
993714,3190015450,Missouri State Highway Patrol-Troop D,1560643200000,190340975,2,0,2,0,Personal Injury,STONE,NON-CITY OR UNINCORPORATED,D,2,2,0,158,0.03,B ,N,MO 13,PVT VALENTINE LN,Daylight,Motor Vehicle in Transport,1,61,Sun     ,0,0,0,0,0,0,0,1,1,0,0,0,0,0,0,0,0,0,0,0,1,0,0,1,0,36.5666,-93.4348,0,06/16/2019,12:35:00,"VEHICLE 2 WAS STOPPED, YIELDING TO TRAFFIC TO MAKE LEFT TURN, AND WAS STRUCK IN THE REAR BY VEHICLE 1."
1269715,3190016282,Missouri State Highway Patrol-Troop C,1560643200000,190341120,1,0,1,0,Personal Injury,JEFFERSON,NON-CITY OR UNINCORPORATED,C,2,2,0,126,0.02,A ,S ,CRD KONERT RD,PVT SANDRA DR,Daylight,Motor Vehicle in Transport,1,61,Sun     ,0,0,0,0,0,0,1,1,0,0,0,0,0,0,0,0,0,0,0,0,1,0,0,1,0,38.46242,-90.45034,0,06/16/2019,13:30:00,"VEHICLE 2 WAS TRAVELING BEHIND VEHICLE 1 SOUTHBOUND ON KONERT ROAD.  DRIVER 2 EXPERIENCED A MEDICAL EPISODE AND BECAME INCAPACITATED.  THE FRONT OF VEHICLE 2 STRUCK THE REAR OF VEHICLE 1 .  VEHICLE 1 TRAVELED OFF THE LEFT SIDE OF ROADWAY AND STRUCK A BRIDGE RAILING.  VEHICLE 2 CONTINUED SOUTHBOUND, TRAVELED OFF THE LEFT SIDE OF THE ROADWAY, AND DOWN AN EMBANKMENT"
864339,3190016735,Missouri State Highway Patrol-Troop A,1560643200000,190341302,2,0,2,0,Personal Injury,JOHNSON,NON-CITY OR UNINCORPORATED,A,1,1,0,1013,0.19,B ,E ,MO 58,CRD SW 701ST RD,Daylight,Fixed Object,2,,Sun     ,0,0,0,0,0,0,0,0,0,0,0,0,0,0,0,0,0,0,0,0,1,0,0,1,0,38.70631,-93.88399,0,06/16/2019,14:35:00,"CRASH OCCURRED AS VEHICLE 1 TRAVELED OFF THE RIGHT SIDE OF THE ROADWAY, RETURNED TO THE ROADWAY AND BEGAN TO SLIDE. VEHICLE 1 TRAVELED OFF THE LEFT SIDE OF THE ROADWAY AND OVERTURNED THEN STRUCK A TREE."
1324734,3190016712,Missouri State Highway Patrol-Troop G,1560643200000,190341516,1,0,0,1,Personal Injury,HOWELL,NON-CITY OR UNINCORPORATED,G,1,1,0,2228,0.42,A ,S ,RT BB,CRD 1580,Daylight,Fixed Object,2,,Sun     ,0,0,0,0,1,0,0,0,0,0,0,0,0,0,0,1,0,0,0,0,0,0,0,0,0,36.79682,-91.84565,0,06/16/2019,16:00:00,"CRASH OCCURRED AS VEH 1 RAN OFF ROADWAY, STRUCK AN EMBANKMENT AND OVERTURNED"
1336571,3190016090,Missouri State Highway Patrol-Troop G,1560643200000,190341599,3,0,2,1,Personal Injury,DOUGLAS,NON-CITY OR UNINCORPORATED,G,2,2,0,1045,0.2,B ,W ,CRD P-312,CRD P-305,Daylight,Motor Vehicle in Transport,1,63,Sun     ,0,0,0,0,1,1,1,0,0,0,0,0,0,0,0,1,0,0,0,0,0,0,1,0,0,36.87061,-92.59009,0,06/16/2019,16:20:00,ACCIDENT OCCURRED AS BOTH VEHICLES WERE EASTBOUND ON CO RD P-312.  VEHICLE #1 WAS FOLLOWING VEHICLE #2.  VEHICLE #1 ATTEMPTED TO PASS VEHICLE #2 AND LOST CONTROL AND STRUCK VEHICLE #2.  ALL SUBJECTS WERE EJECTED FROM BOTH VEHICLES.
1170315,3190016108,Missouri State Highway Patrol-Troop F,1560643200000,190341692,1,0,1,0,Personal Injury,MORGAN,NON-CITY OR UNINCORPORATED,F,1,1,0,2640,0.5,B ,N,MO 5,BRIDGE K0063,Daylight,Fixed Object,2,,Sun     ,0,0,0,0,0,0,0,1,0,0,0,0,0,0,0,0,0,0,0,0,1,0,0,1,0,38.25066,-92.83751,0,06/16/2019,17:00:00,"VEHICLE 1 WENT OFF THE RIGHT SIDE OF THE ROADWAY, STRUCK SEVERAL TREES AND OVERTURNED.  DRIVER 1 WAS EJECTED.  ASSISTED BY TPR. H. M. MCDANIEL (1416)"
993717,3190017767,Missouri State Highway Patrol-Troop D,1560643200000,190341888,1,0,0,1,Personal Injury,STONE,NON-CITY OR UNINCORPORATED,D,2,2,0,211,0.04,B ,N,MO 13,CRD POKEBERRY LN,Daylight,Motor Vehicle in Transport,1,62,Sun     ,0,0,0,0,0,0,0,1,0,0,0,0,0,0,0,1,0,0,0,0,1,1,0,1,0,36.58513,-93.42738,0,06/16/2019,18:25:00,NR1 CROSSED OVER THE CENTER OF THE ROADWAY AND ALMOST STRUCK NR2 HEAD-ON
1269711,3190016656,Missouri State Highway Patrol-Troop C,1560643200000,190342079,2,0,1,1,Personal Injury,JEFFERSON,NON-CITY OR UNINCORPORATED,C,1,1,0,110,0.02,A ,E ,RT H,PVT WARREN LN,Dark-Unlighted,Fixed Object,2,,Sun     ,0,0,0,0,0,0,0,0,0,0,0,0,0,0,0,0,0,0,0,0,0,0,0,0,0,38.14369,-90.65821,0,06/16/2019,20:16:00,VEHICLE 1 RAN OFF THE SOUTH SIDE OF THE ROADWAY AND STRUCK A TREE. ASSISTED BY TPR. T. H. ELLISTON (763)
1227063,3190017804,Missouri State Highway Patrol-Troop C,1560643200000,190342087,2,0,2,0,Personal Injury,ST. LOUIS,NON-CITY OR UNINCORPORATED,C,2,2,0,5,0,A ,S ,IS 55,IS 270,Dark-Lighted,Jackknife,1,,Sun     ,0,0,0,0,1,0,0,0,0,0,0,0,0,0,0,1,0,0,0,0,1,0,0,1,1,38.5034,-90.33875,0,06/16/2019,20:21:00,"DRIVER 1 LOST CONTROL OF VEHICLE 1, CAUSING VEHICLE 1 TO TRAVEL OFF THE LEFT SIDE OF THE ROADWAY AND STRIKE THE CONCRETE BARRIER. THE TOWED UNIT FROM VEHICLE 1 TRAVELED OVER THE CONCRETE BARRIER INTO THE NORTH BOUND LANES AND WAS STRUCK BY VEHICLE 2. VEHICLE 2 THEN TRAVELED OFF THE ROADWAY AND STRUCK THE CONCRETE MEDIAN BARRIER."
864338,3190016443,Missouri State Highway Patrol-Troop A,1560643200000,190342233,1,0,1,0,Personal Injury,JOHNSON,NON-CITY OR UNINCORPORATED,A,2,2,0,0,0,AT,W ,US 50,CRD NW 1601,Dark-Unlighted,Motor Vehicle in Transport,1,64,Sun     ,0,0,0,0,0,1,1,0,0,0,0,0,1,0,0,1,0,0,0,0,0,0,0,0,0,38.85732,-94.04143,0,06/16/2019,21:56:00,CRASH OCCURRED AS VEHICLE1 WAS TRAVELING NORTHBOUND ON NW 1601 ROAD AND VEHICLE2 WAS TRAVELING WESTBOUND ON US50. VEHICLE1 ATTEMPTED TO CROSS THE WESTBOUND LANES OF US50 AND WAS STRUCK WHEN IT TRAVELED INTO THE PATH OF VEHICLE2.
1132129,3190015690,Missouri State Highway Patrol-Troop E,1560643200000,190342264,1,0,1,0,Personal Injury,BUTLER,NON-CITY OR UNINCORPORATED,E,1,1,0,2112,0.4,A ,E ,CRD 426,CRD 427,Dark-Unlighted,Fixed Object,2,,Sun     ,0,0,0,0,1,0,0,0,0,0,0,0,0,0,0,1,0,0,0,0,0,0,0,0,0,36.83767,-90.63554,0,06/16/2019,22:25:00,CRASH OCCURRED AS VEHICLE 1 RAN OFF THE LEFT SIDE OF THE ROADWAY AND OVERTURNED.
1041596,3190015676,Missouri State Highway Patrol-Troop I,1560643200000,190342304,1,0,1,0,Personal Injury,MARIES,NON-CITY OR UNINCORPORATED,I,1,1,0,3695,0.7,A ,W ,RT Z,CRD 322,Dark-Unlighted,Fixed Object,2,,Sun     ,0,0,0,0,0,0,1,0,0,0,0,0,0,0,0,0,0,0,0,0,0,0,0,0,0,38.18029,-91.80191,0,06/16/2019,22:40:00,"VEHICLE 1 TRAVELED OFF THE RIGHT SIDE OF THE ROADWAY, STRIKING A TREE."
947939,3190015426,Missouri State Highway Patrol-Troop D,1560643200000,190342314,1,0,1,0,Personal Injury,BARTON,NON-CITY OR UNINCORPORATED,D,1,1,0,332,0.06,A ,E ,US 160,BRIDGE A2424,Dark-Unlighted,Animal,1,,Sun     ,0,0,0,0,0,0,0,0,0,0,0,0,0,0,0,0,0,0,0,0,0,0,0,0,0,37.49449,-94.33219,0,06/16/2019,23:18:00,VEHICLE 1 STRUCK A DEER IN THE ROADWAY.
966730,3190015929,Missouri State Highway Patrol-Troop D,1560729600000,190342347,4,0,3,1,Personal Injury,BARRY,NON-CITY OR UNINCORPORATED,D,1,1,0,79,0.01,B ,S ,RT VV,CRD 1135,Dark-Unlighted,Fixed Object,2,,Mon     ,0,0,0,0,1,0,1,0,0,0,0,0,0,0,0,1,0,0,0,0,0,0,0,0,0,36.87385,-93.79647,0,06/17/2019,00:03:00,VEHICL.E 1 RAN OFF THE ROADWAY AND STRUCK A TREE.
839641,3190016002,Missouri State Highway Patrol-Troop A,1560729600000,190342384,1,0,0,1,Personal Injury,LAFAYETTE,NON-CITY OR UNINCORPORATED,A,1,1,Y,0,0,AT,S ,CRD SCHOOLINGVILLE RD,CRD BETHEL CHURCH RD,Dark-Unlighted,Overturn,1,,Mon     ,0,0,0,0,1,1,1,0,0,0,0,0,0,0,0,1,0,0,0,0,1,0,0,1,0,39.0717,-93.61416,0,06/17/2019,01:30:00,"CRASH OCCURRED AS VEHICLE 1 WAS TRAVELING TOO FAST FOR THE GRAVEL ROADWAY AND ATTEMPTED TO TURN EASTBOUND ONTO BETHEL CHURCH RD FROM SCHOOLINGVILLE RD. DURING THE TURN, VEHICLE 1 OVERTURNED AND CAME TO REST ON ITS TOP. DRIVER 1 LEFT THE SCENE PRIOR TO TROOPER ARRIVAL. ASSISTED BY LAFAYETTE COUNTY SHERIFF'S DEPARTMENT AND CONCORDIA PD."
1130800,3190016699,Missouri State Highway Patrol-Troop E,1560729600000,190342386,1,0,1,0,Personal Injury,CAPE GIRARDEAU,NON-CITY OR UNINCORPORATED,E,1,1,0,319,0.06,B ,W ,RT K,CRD 319,Dark-Unlighted,Fixed Object,2,,Mon     ,0,0,0,0,1,1,1,0,0,0,0,0,0,0,0,1,0,0,0,0,0,0,0,0,0,37.31248,-89.63311,0,06/17/2019,00:30:00,CRASH OCCURRED AS VEHICLE 1 RAN OFF THE ROADWAY INTO A DITCH.
897770,3190015677,Missouri State Highway Patrol-Troop D,1560729600000,190342404,2,0,2,0,Personal Injury,GREENE,NON-CITY OR UNINCORPORATED,D,2,2,0,31,0.01,B ,E ,MO 266,RT B,Dark-Unlighted,Motor Vehicle in Transport,1,64,Mon     ,0,0,0,0,0,0,0,1,0,0,0,1,0,0,0,1,0,0,0,0,0,0,0,0,0,37.21313,-93.42275,0,06/17/2019,03:55:00,CRASH OCCURRED AS VEHICLE 1 TURNED LEFT IN FRONT OF VEHICLE 2.
927342,3190015548,Missouri State Highway Patrol-Troop D,1560729600000,190342588,1,0,1,0,Personal Injury,MCDONALD,JANE,D,1,1,0,3695,0.7,B ,S ,US 71,MO 90,Daylight,Fixed Object,2,,Mon     ,0,0,0,0,1,0,0,0,0,0,0,0,0,0,0,1,0,0,0,0,0,0,0,0,0,36.54861,-94.33054,0,06/17/2019,08:00:00,VEHICLE 1 LOST CONTROL ON WET PAVEMENT AND STRUCK A WALL
822083,3190015444,Missouri State Highway Patrol-Troop A,1560729600000,190342640,2,0,2,0,Personal Injury,BENTON,NON-CITY OR UNINCORPORATED,A,1,1,0,2112,0.4,B ,W ,RT BB,CRD FEASTER BRANCH RD,Daylight,Fixed Object,2,,Mon     ,0,0,0,0,0,0,0,0,0,0,0,0,0,0,0,1,0,0,0,0,0,0,0,0,0,38.29626,-93.26083,0,06/17/2019,08:30:00,"OCCURRRED AS VEH1 TRAVELED OFF THE RIGHT SIDE OF THE ROADWAY, STRUCK A DITCH, AND OVERTURNED. ASSISTED BY BENTON COUNTY"
1189793,3190016088,Missouri State Highway Patrol-Troop B,1560729600000,190342953,3,0,3,0,Personal Injury,LINN,NON-CITY OR UNINCORPORATED,B,2,2,0,1151,0.22,B ,E ,US 36,CRD GENTRY DR,Daylight,Motor Vehicle in Transport,1,61,Mon     ,0,0,0,0,0,0,0,1,0,0,0,0,0,0,0,1,0,0,0,0,0,0,0,0,0,39.77871,-93.14167,0,06/17/2019,11:20:00,VEHICLE 1 FOLLOWING BEHIND VEHICLE 2 AND STRUCK VEHICLE 2 IN THE REAR.