objectid,accident,agency,inv_date,complaint,injured,killed,min_inj,dis_inj,severity,county,city,troop,no_vehicle,motor_veh,left_scene,dist_feet,dist_mile,inter_loc,direction,on_street,at_street,light_cond,acc_type,on_off_rd,two_veh,day_week,dr_drink,dr_drug,ped_drink,ped_drug,speed,dr_under21,dr_under25,dr_over55,dr_over64,electrical,emer_veh,stop_sign,yield_sign,czone,hazmat,aggressive,cell_phone,texting,veh_defect,school_bus,truck,motorcycle,atv,pickup,cmv,gps_lat,gps_long,severity_fatal,acc_date,acc_time,narrative
1144978,3190016456,Missouri State Highway Patrol-Troop E,1560729600000,190342958,1,0,1,0,Personal Injury,NEW MADRID,NON-CITY OR UNINCORPORATED,E,2,2,0,21,0,A ,N,US 61,CRD 314 NJ,Daylight,Motor Vehicle in Transport,1,64,Mon     ,0,0,0,0,0,0,0,1,0,0,0,0,0,0,0,1,0,0,0,0,0,0,0,0,1,36.54066,-89.60977,0,06/17/2019,11:25:00,CRASH OCCURRED AS VEHICLE 2 STRUCK THE SIDE OF TURNING VEHICLE 1
869095,3190015619,Missouri State Highway Patrol-Troop A,1560729600000,190342996,1,0,1,0,Personal Injury,CLAY,GLADSTONE,A,2,2,0,205,0.04,B ,S ,CST NORTH OAK TRAFFICWAY,CST MAPLE DRIVE,Daylight,Motor Vehicle in Transport,1,64,Mon     ,0,0,0,0,0,0,0,1,0,0,0,0,0,0,0,1,0,0,0,0,0,0,0,0,0,39.2075,-94.57629,0,06/17/2019,11:43:00,VEH2 STRUCK VEH1 WHILE VEH1 WAS TURNING INTO A PARKING LOT. ASSISTED BY GLADSTONE AND TPR. B. S. GUNBY /349/.
1182203,3190016959,Missouri State Highway Patrol-Troop B,1560729600000,190343027,1,0,1,0,Personal Injury,KNOX,NON-CITY OR UNINCORPORATED,B,2,2,0,0,0,AT,E ,MO 6,CRD FOXTROT AVE,Daylight,Motor Vehicle in Transport,1,61,Mon     ,0,0,0,0,0,0,0,1,1,0,0,0,0,0,0,1,0,0,0,0,1,0,0,1,0,40.1479,-92.02492,0,06/17/2019,12:00:00,VEH 2 WAS MAKING A LEFT HAND TURN AND WAS STRUCK IN THE REAR BY VEH 1.
1196351,3190015715,Missouri State Highway Patrol-Troop F,1560729600000,190343030,1,0,1,0,Personal Injury,HOWARD,NON-CITY OR UNINCORPORATED,F,1,1,0,1562,0.3,A ,W ,MO 240,RT P,Daylight,Fixed Object,2,,Mon     ,0,0,0,0,1,0,1,0,0,0,0,0,0,0,0,1,0,0,0,0,0,0,0,0,0,39.04901,-92.62129,0,06/17/2019,12:05:00,CRASH OCCURRED AS VEHICLE 1 WAS ATTEMPTING TO AVOID A MAIL TRUCK THAT WAS STOPPED PARTIALLY IN THE ROADWAY. VEHICLE 1 SLID OFF THE RIGHT SIDE OF THE HIGHWAY AND STRUCK AN EMBANKMENT.
1167453,3190016081,Missouri State Highway Patrol-Troop F,1560729600000,190343049,1,0,1,0,Personal Injury,MILLER,NON-CITY OR UNINCORPORATED,F,1,1,0,2143,0.41,A ,E ,US 54,RT FF,Daylight,Fixed Object,2,,Mon     ,0,0,0,0,1,0,0,1,0,0,0,0,0,0,0,1,0,0,0,0,0,0,0,0,0,38.36784,-92.51525,0,06/17/2019,12:20:00,CRASH OCCURRED AS DRIVER 1 WAS TRAVELING TOO FAST FOR ROAD CONDITIONS AND LOST CONTROL. VEHICLE 1 TRAVELED OFF THE LEFT SIDE OF THE ROADWAY AND STRUCK AN EMBANKMENT.
925092,3190015480,Missouri State Highway Patrol-Troop D,1560729600000,190343378,1,0,1,0,Personal Injury,MCDONALD,NON-CITY OR UNINCORPORATED,D,1,1,0,1350,0.26,B ,W ,RT H,CRD ELK SPRINGS RD,Daylight,Fixed Object,2,,Mon     ,0,0,0,0,0,0,1,0,0,0,0,0,0,0,0,0,0,0,0,0,1,0,0,1,0,36.56983,-94.43717,0,06/17/2019,15:02:00,"VEH #1 RAN OFF THE  RIGHT SIDE OF THE ROAD, STRUCK A TREE, AND CAUGHT FIRE."
1011271,3190015478,Missouri State Highway Patrol-Troop D,1560729600000,190343425,1,0,1,0,Personal Injury,WEBSTER,NON-CITY OR UNINCORPORATED,D,1,1,0,26,0,B ,W ,IS 44,ERM WEST IS 44 MILE 976,Daylight,Fixed Object,2,,Mon     ,0,0,0,0,0,0,0,0,0,0,0,0,0,0,0,0,0,0,0,0,0,0,0,0,0,37.30861,-92.97378,0,06/17/2019,15:34:00,CRASH OCCURRED AS VEHICLE 1 TRAVELED OFF THE ROADWAY INTO THE MEDIAN ACROSS THE ROADWAY AND STRUCK AND ROCK EMBANKMENT.
1132128,3190015591,Missouri State Highway Patrol-Troop E,1560729600000,190343571,4,0,4,0,Personal Injury,BUTLER,NON-CITY OR UNINCORPORATED,E,2,2,0,58,0.01,B ,S ,MO 51,CRD 656,Daylight,Motor Vehicle in Transport,1,64,Mon     ,0,0,0,0,0,1,1,1,0,0,0,0,0,0,0,1,0,0,0,0,0,0,0,0,0,36.66501,-90.24214,0,06/17/2019,16:45:00,CRASH OCCURRED AS VEHICLE 1 PULLED INTO PATH OF VEHICLE 2
897869,3190016148,Missouri State Highway Patrol-Troop D,1560729600000,190343639,2,0,2,0,Personal Injury,GREENE,NON-CITY OR UNINCORPORATED,D,2,2,0,0,0,AT,E ,US 60,CRD 189,Daylight,Motor Vehicle in Transport,1,64,Mon     ,0,0,0,0,0,1,1,1,0,0,0,1,0,0,0,1,0,0,0,0,0,0,0,0,0,37.12074,-93.20893,0,06/17/2019,17:18:00,CRASH OCCURRED AS VEHICLE 1 PULLED INTO THE PATH OF VEHICLE 2
1227055,3190016449,Missouri State Highway Patrol-Troop C,1560729600000,190343653,1,0,0,1,Personal Injury,ST. LOUIS,NON-CITY OR UNINCORPORATED,C,3,3,0,184,0.03,B ,S ,IS 55,BRIDGE A0531,Daylight,Motor Vehicle in Transport,1,61,Mon     ,0,0,0,0,0,0,0,1,0,0,0,0,0,0,0,1,0,0,0,0,0,0,0,0,0,38.53359,-90.31106,0,06/17/2019,17:30:00,ALL VEHICLES WERE TRAVELING SOUTHBOUND ON INTERSTATE 55. VEHICLE 1 AND 2 STOPPED FOR TRAFFIC CONGESTION AHEAD. DRIVER 3 FAILED TO STOP AND THE FRONT OF VEHICLE 3 STRUCK THE REAR OF VEHICLE 2. THE FRONT OF VEHICLE 2 WAS THEN PUSHED INTO THE REAR OF VEHICLE 1.
1319795,3190018173,Missouri State Highway Patrol-Troop G,1560729600000,190343711,1,0,1,0,Personal Injury,REYNOLDS,NON-CITY OR UNINCORPORATED,G,1,1,0,15840,3,B ,W ,CRD 354,CRD DEAD END ROAD,Daylight,Fixed Object,2,,Mon     ,0,0,0,0,1,1,1,0,0,0,0,0,0,0,0,1,0,0,0,0,1,0,0,1,0,37.44514,-90.90702,0,06/17/2019,17:18:00,"ACCIDENT OCCURRED AS SOUTHBOUND VEHICLE #1 FAILED TO NEGOTIATE A CURVE AND OVERTURNED, EJECTING THE PASSENGER."
1018951,3190015780,Missouri State Highway Patrol-Troop D,1560729600000,190343803,1,0,1,0,Personal Injury,NEWTON,LEAWOOD,D,2,2,0,0,0,AT,N,CST CONNECTICUT AVE,CST E 44TH ST,Daylight,Motor Vehicle in Transport,1,64,Mon     ,0,0,0,0,0,0,0,0,0,0,0,1,0,0,0,1,0,0,0,0,1,0,0,1,0,37.0403,-94.4969,0,06/17/2019,19:00:00,CRASH OCCURRED AS VEH 1 TRAVELED THROUGH AN INTERSECTION AND STRUCK VEH 2.
1509245,3190015796,Missouri State Highway Patrol-Troop H,1560729600000,190343847,1,0,1,0,Personal Injury,NODAWAY,NON-CITY OR UNINCORPORATED,H,1,1,0,1457,0.28,A ,E ,CRD 245TH ST,CRD ORION RD,Daylight,Fixed Object,2,,Mon     ,0,0,0,0,1,1,1,0,0,0,0,0,0,0,0,1,0,0,0,0,0,0,1,0,0,40.36152,-94.64197,0,06/17/2019,18:43:00,CRASH OCCURRED AS VEH 1 WAS TRAVELING WEST ON 245TH ST. DVR FAILED TO NEGOTIATE A CURVE AND TRAVELED OFF THE SOUTH SIDE OF ROADWAY AND STRUCK A BARBED WIRE FENCE.  ASSISTED BY CPL. S.E. PRITZEL (1192).
957944,3190016815,Missouri State Highway Patrol-Troop D,1560729600000,190343869,2,0,2,0,Personal Injury,TANEY,NON-CITY OR UNINCORPORATED,D,2,2,0,399,0.08,B ,N,US 65,ERM NORTH US 65 MILE 166,Daylight,Motor Vehicle in Transport,1,61,Mon     ,1,0,0,0,0,0,0,1,1,0,0,0,0,0,0,1,0,0,0,0,0,0,0,0,0,36.71696,-93.2207,0,06/17/2019,19:54:00,"VEH #1 WAS STRUCK FROM BEHIND BY VEH #2.  VEH #2 THEN SLID OFF THE LEFT SIDE OF THE ROADWAY, STRUCK A CONCRETE MEDIAN WALL, AND THEN RAN OFF THE RIGHT SIDE OF THE ROADWAY."
1217173,3190016095,Missouri State Highway Patrol-Troop C,1560729600000,190343948,1,0,1,0,Personal Injury,FRANKLIN,NON-CITY OR UNINCORPORATED,C,1,1,0,322,0.06,B ,S ,RT N,CRD STONEY CREEK RD,Dark-Unlighted,Overturn,2,,Mon     ,0,0,0,0,1,0,0,0,0,0,0,0,0,0,0,1,0,0,0,0,0,0,0,0,0,38.37423,-90.82002,0,06/17/2019,20:58:00,"VEHICLE #1 WAS TRAVELING NORTHBOUND ON ROUTE N.  DRIVER #1 WAS DRIVING TOO FAST FOR THE WET ROAD CONDITIONS.  DRIVER #1 APPLIED THE BRAKES AND VEHICLE #1 BEGAN TO SLIDE ON THE WET PAVEMENT.  VEHICLE #1 CROSSED THE CENTER OF THE ROAD, TRAVELED OFF THE LEFT SIDE OF THE ROADWAY, AND BEGAN TO OVERTURN."
1261299,3190017030,Missouri State Highway Patrol-Troop C,1560816000000,190344052,2,0,2,0,Personal Injury,ST. LOUIS,NORWOOD COURT,C,2,2,0,0,0,AT,W ,IS 70,ERM WEST IS 70 MILE 2416,Dark-Lighted,Fixed Object,2,,Mon     ,0,0,0,0,0,0,0,0,0,0,0,0,0,0,0,1,0,0,0,0,0,0,0,0,0,38.71303,-90.28916,0,06/17/2019,22:25:00,"BOTH VEHICLES WERE TRAVELING WESTBOUND ON INTERSTATE 70. VEHICLE 1 TRAVELED OFF THE LEFT SIDE OF THE ROADWAY, STRUCK THE CONCRETE MEDIAN BARRIER, RETURNED TO THE ROADWAY, STRUCK THE REAR OF VEHICLE 2, AND OVERTURNED."
915603,3190016984,Missouri State Highway Patrol-Troop D,1560729600000,190344053,1,0,1,0,Personal Injury,JASPER,NON-CITY OR UNINCORPORATED,D,1,1,0,0,0,AT,S ,CRD 30,CRD NEWTON ROAD,Dark-Unlighted,Fixed Object,2,,Mon     ,0,0,0,0,0,1,1,0,0,0,0,1,0,0,0,1,0,0,0,0,1,0,0,1,0,37.0494,-94.11334,0,06/17/2019,22:15:00,VEH #1 TRAVELED THROUGH A T-INTERSECTION AND STRUCK A DIRT EMBANKMENT.
1217175,3190015693,Missouri State Highway Patrol-Troop C,1560729600000,190344066,2,0,0,2,Personal Injury,FRANKLIN,NON-CITY OR UNINCORPORATED,C,1,1,0,696,0.13,B ,W ,US 50,CRD FLINT HILL RD,Dark-Unlighted,Fixed Object,2,,Mon     ,0,0,0,0,1,0,0,0,0,0,0,0,0,0,0,1,0,0,0,0,0,0,0,0,0,38.42131,-91.21217,0,06/17/2019,22:40:00,DRIVER 1 LOST CONTROL OF VEHICLE 1 AND TRAVELED OFF THE LEFT SIDE OF THE ROADWAY AND STRUCK TWO TREES.
1502103,3190015802,Missouri State Highway Patrol-Troop H,1560816000000,190344157,1,0,0,1,Personal Injury,ANDREW,NON-CITY OR UNINCORPORATED,H,1,1,0,2640,0.5,A ,S ,CRD 156,CRD 155,Dark-Unlighted,Overturn,1,,Tue     ,0,0,0,0,1,1,1,0,0,0,0,0,0,0,0,1,0,0,0,0,0,0,1,0,0,39.96677,-94.85099,0,06/18/2019,00:45:00,"CRASH OCCURRED AS VEH 1 WAS SOUTHBOUND ON COUNTY ROAD 156. VEH 1 TRAVELED OFF THE EAST SIDE OF THE  ROADWAY, RETURNED TO ROADWAY, AND OVERTURNED ONTO ITS PASSENGER SIDE. VEH 1 SKIDDED OFF THE  EAST SIDE OF THE ROADWAY COMING TO REST ON ITS PASSENGER SIDE FACING EAST. ASSISTED BY ANDREW COUNTY EMS AND ANDREW COUNTY SHERIFF'S DEPARTMENT."
1132127,3190015524,Missouri State Highway Patrol-Troop E,1560816000000,190344294,1,0,0,1,Personal Injury,BUTLER,NON-CITY OR UNINCORPORATED,E,2,2,0,0,0,AT,W ,US 160,RT V,Daylight,Motor Vehicle in Transport,1,64,Tue     ,0,0,0,0,0,0,1,0,0,0,0,1,0,0,0,1,0,0,0,0,1,0,0,1,0,36.66391,-90.52009,0,06/18/2019,07:18:00,TRAFFIC CRASH OCCURRED AS VEHICLE 1 FAILED TO YIELD TO VEHICLE 2.
1130803,3190015950,Missouri State Highway Patrol-Troop E,1560816000000,190344359,2,0,2,0,Personal Injury,CAPE GIRARDEAU,NON-CITY OR UNINCORPORATED,E,2,2,0,781,0.15,B ,S ,CRD 621,CST PERRYVILLE ROAD,Daylight,Motor Vehicle in Transport,1,62,Tue     ,0,0,0,0,0,0,0,0,0,0,0,0,0,0,0,1,0,0,0,0,1,0,0,1,0,37.35528,-89.56282,0,06/18/2019,07:55:00,"CRASH OCCURRED AS VEHICLE 1 CROSSED THE CENTER LINE, STRUCK VEHICLE 2, RAN OFF THE ROADWAY STRIKING A UTILITY SUPPORT LINE AND TREE."
1269690,3190016014,Missouri State Highway Patrol-Troop C,1560816000000,190344416,1,0,1,0,Personal Injury,JEFFERSON,NON-CITY OR UNINCORPORATED,C,2,2,0,19,0,A ,S ,US 61,PVT MACKSHILL,Daylight,Motor Vehicle in Transport,1,64,Tue     ,0,0,0,0,0,0,0,1,1,0,0,0,0,0,0,1,0,0,0,0,1,1,0,1,0,38.34982,-90.37869,0,06/18/2019,08:25:00,"DRIVER 2 ATTEMPTED TO MAKE A LEFT TURN ONTO MACK HILL AND FAILED TO YIELD TO VEHICLE 1, CAUSING VEHICLE 1 TO STRIKE THE REAR OF VEHICLE 2."
993746,3190015578,Missouri State Highway Patrol-Troop D,1560816000000,190344422,1,0,1,0,Personal Injury,STONE,NON-CITY OR UNINCORPORATED,D,1,1,0,3695,0.7,A ,E ,CRD OZARK HOLLOW RD,PVT LEAVITT LN,Daylight,Overturn,2,,Tue     ,0,0,0,0,0,0,0,0,0,0,0,0,0,0,0,0,0,0,0,0,1,0,0,0,1,36.54045,-93.31573,0,06/18/2019,08:27:00,"CRASH OCCURRED AS VEHICLE 1 WAS ATTEMPTING TO BACK INTO A PRIVATE DRIVE, THE BACK DUAL WHEELS SUNK INTO MUD AND THE LOAD SHIFTED CAUSING THE VEHICLE OVER TURN."
1186444,3190016396,Missouri State Highway Patrol-Troop F,1560816000000,190344443,1,0,1,0,Personal Injury,BOONE,NON-CITY OR UNINCORPORATED,F,2,2,0,707,0.13,A ,N,US 63,CRD BLYTHE RD,Daylight,Motor Vehicle in Transport,1,61,Tue     ,0,0,0,0,0,0,0,1,1,0,0,0,0,0,0,1,0,0,0,0,1,0,0,0,1,38.74358,-92.25344,0,06/18/2019,08:40:00,VEHICLE 2 WAS ACCELERATING IN THE PASSING LANE. VEHICLE 1 WAS TRAVELING IN THE DRIVING LANE. VEHICLE 1 CHANGED LANES TO THE PASSING LANE AND STRUCK VEHICLE 2 IN THE REAR. VEHICLE 1 RAN OFF THE LEFT SIDE OF THE ROADWAY. VEHICLE 2 CAME TO A CONTROLLED STOP ON THE RIGHT SHOULDER. ASSISTED BY CPL. D. T. SHIKLES (884)
1132126,3190016639,Missouri State Highway Patrol-Troop E,1560816000000,190344770,4,0,4,0,Personal Injury,BUTLER,NON-CITY OR UNINCORPORATED,E,2,2,0,0,0,AT,E ,US 160,RT V,Daylight,Motor Vehicle in Transport,1,64,Tue     ,0,0,0,0,0,1,1,0,0,0,0,0,0,0,0,1,0,0,0,0,1,0,0,1,0,36.66391,-90.52009,0,06/18/2019,11:20:00,CRASH OCCURRED AS VEHICLE 1 ATTEMPTED TO MAKE LEFT TURN IN FRONT OF ONCOMING VEHICLE 2.
966729,3190015836,Missouri State Highway Patrol-Troop D,1560816000000,190344894,3,0,2,1,Personal Injury,BARRY,NON-CITY OR UNINCORPORATED,D,1,1,0,554,0.1,B ,E ,MO 90,CRD 2242,Daylight,Fixed Object,2,,Tue     ,0,0,0,0,1,1,1,0,0,0,0,0,0,0,0,1,0,0,0,0,0,0,0,0,0,36.58317,-94.009,0,06/18/2019,12:24:00,"CRASH OCCURRED AS VEHICLE 1 TRAVELED OFF LEFT SIDE OF ROADWAY, STRUCK DITCH AND OVERTURNED."
1328863,3190015754,Missouri State Highway Patrol-Troop G,1560816000000,190345034,7,0,7,0,Personal Injury,OREGON,NON-CITY OR UNINCORPORATED,G,2,2,0,26,0,B ,S ,US 63,CRD 352,Daylight,Motor Vehicle in Transport,1,61,Tue     ,0,0,0,0,0,1,1,0,0,0,0,0,0,0,0,1,0,0,0,0,0,0,0,0,0,36.62807,-91.65968,0,06/18/2019,13:20:00,ACCIDENT OCCURRED AS VEH #2 WAS STOPPED TO MAKE A LEFT TURN AND WAS REAR-ENDED BY VEH #1.
1184784,3190016290,Missouri State Highway Patrol-Troop B,1560816000000,190345089,1,0,1,0,Personal Injury,SCHUYLER,QUEEN CITY,B,1,1,0,103,0.02,B ,N,CST CEDAR ST,CST 10TH ST,Daylight,Fixed Object,2,,Tue     ,0,1,0,0,0,0,0,0,0,0,0,0,0,0,0,0,0,0,0,0,0,0,0,0,0,40.41313,-92.56726,0,06/18/2019,13:40:00,VEHICLE 1 TRAVELED OFF THE RIGHT SIDE OF THE ROADWAY AND STRUCK AN EMBANKMENT. ASSISTED BY THE SCHUYLER COUNTY SHERIFF'S DEPARTMENT.
900582,3190015934,Missouri State Highway Patrol-Troop D,1560816000000,190345180,1,0,1,0,Personal Injury,ST. CLAIR,NON-CITY OR UNINCORPORATED,D,2,2,0,0,0,AT,W ,RT A,CRD NW 1001,Daylight,Motor Vehicle in Transport,1,64,Tue     ,0,0,0,0,0,0,0,1,0,0,0,1,0,0,0,1,0,0,0,0,1,0,0,1,1,38.15895,-93.96094,0,06/18/2019,14:30:00,OCCURRED AS #2 FAILED TO YIELD TO #1.  #2 PULLED INTO THE PATH #1 AND WAS STRUCK IN THE SIDE
1156682,3190016293,Missouri State Highway Patrol-Troop E,1560816000000,190345328,4,1,2,2,Fatal,SCOTT,NON-CITY OR UNINCORPORATED,E,3,3,0,528,0.1,A ,N,IS 55,ERM NORTH IS 55 MILE 728,Daylight,Fixed Object,2,,Tue     ,0,0,0,0,0,0,0,1,0,0,0,0,0,0,0,1,0,0,0,0,1,0,0,1,0,36.97168,-89.53436,1,06/18/2019,15:50:00,FATALITY CRASH NEXT OF KIN NOTIFIED PRONOUNCED BY SCOTT COUNTY CORONER SCOTT AMICK AT THE SCENE AT 1550 HOURS. STATE PROPERTY DAMAGE- CRASH OCCURRED AS VEHICLE ONE TRAVELED ACROSS THE MEDIAN AND STRUCK VEHICLE TWO IN DRIVERS SIDE. VEHICLE  THREE STRUCK THE PASSENGER SIDE OF VEHICLE ONE. STATE PROPERTY  DAMAGE 10 POST AND 200 FEET OF  STRESS CABLE BARRIER.  TROOP E FATALITY #20 FOR 2019
1183430,3190016316,Missouri State Highway Patrol-Troop F,1560816000000,190345416,1,0,1,0,Personal Injury,AUDRAIN,NON-CITY OR UNINCORPORATED,F,2,2,0,644,0.12,B ,W ,US 54,SOR 54,Daylight,Motor Vehicle in Transport,1,61,Tue     ,0,0,0,0,0,1,1,1,1,0,0,0,0,0,0,1,0,0,0,0,0,0,0,0,0,39.0708,-91.89748,0,06/18/2019,16:30:00,VEHICLE 2 WAS SLOWING DOWN TO TURN INTO A PRIVATE DRIVE AND WAS STRUCK IN THE REAR BY VEHICLE 1. ASSISTED BY SGT. W. V. AHRENS (900) AND THE AUDRAIN COUNTY SHERIFF'S DEPARTMENT.
1227033,3190018461,Missouri State Highway Patrol-Troop C,1560816000000,190345556,3,0,3,0,Personal Injury,ST. LOUIS,NON-CITY OR UNINCORPORATED,C,5,5,0,63,0.01,A ,E ,IS 270,ERM SOUTH IS 270 MILE 10,Daylight,Motor Vehicle in Transport,1,61,Tue     ,0,0,0,0,0,0,1,1,1,0,0,0,0,0,0,1,0,0,0,0,0,0,0,0,0,38.5083,-90.35322,0,06/18/2019,17:37:00,"VEHICLES 2, 3, 4, AND 5 WERE STOPPED IN TRAFFIC. DRIVER 1 FAILED TO KEEP A PROPER LOOKOUT AND THE FRONT OF VEHICLE 1 STRUCK THE REAR OF VEHICLE 2 WHICH CAUSED THE FRONT OF VEHICLE 2 TO STRIKE THE REAR OF VEHICLE 3, THE FRONT OF VEHICLE 3 TO STRIKE THE REAR OF VEHICLE 4, AND THE FRONT OF VEHICLE 4 TO STRIKE THE REAR OF VEHICLE 5. ASSISTED BY MSGT T. M. WILLIAMS (1132)."
969714,3190016381,Missouri State Highway Patrol-Troop D,1560816000000,190345877,1,0,0,1,Personal Injury,CEDAR,NON-CITY OR UNINCORPORATED,D,2,2,0,190,0.04,A ,E ,US 54,CRD 101,Daylight,Motor Vehicle in Transport,1,60,Tue     ,0,0,0,0,0,0,0,0,0,0,0,0,0,0,0,1,0,0,0,0,1,0,0,1,0,37.86388,-94.04845,0,06/18/2019,20:10:00,CRASH OCCURRED AS VEHICLE #1 WAS MAKING A LEFT TURN AND FAILED TO YIELD TO ONCOMING VEHICLE #2. ASSISTED BY MSGT G.W. RIGGS /863/
997405,3190016977,Missouri State Highway Patrol-Troop D,1560816000000,190345916,0,1,0,0,Fatal,STONE,BRANSON WEST,D,2,2,0,1092,0.21,B ,S ,MO 13,CRD TUNNEL DR,Daylight,Motor Vehicle in Transport,1,63,Tue     ,0,1,0,0,1,1,1,1,1,0,0,0,0,0,0,1,0,0,0,0,0,1,0,0,0,36.71826,-93.37271,1,06/18/2019,20:30:00,FATAL TRAFFIC CRASH - NEXT OF KIN NOTIFIED - THIS IS TROOP D'S 41ST FATALITY FOR 2019 - VEHICLE 2 ATTEMPTED TO PASS ANOTHER VEHICLE AND STRUCK VEHICLE 1 WHICH WAS ATTEMPTING TO PASS VEHICLE 2.  DRIVER 1 WAS EJECTED.  DRIVER 1 WAS PRONOUNCED DEAD AT THE SCENE AT 2036 HOURS BY STONE COUTNY CORONER JOHN CUNNYNGHAM .  SURVIVING DRIVER AS REQUIRED BY LAW WAS TESTED FOR ALCOHOL.  ASSISTED BY MSGT. C.A. STUART #1139 AND THE BRANSON WEST POLICE DEPARTMENT
903877,3190016086,Missouri State Highway Patrol-Troop D,1560816000000,190345994,2,0,2,0,Personal Injury,CHRISTIAN,NON-CITY OR UNINCORPORATED,D,2,2,0,227,0.04,A ,E ,RT AA,CRD FOX HOLLOW DR,Dark-Unlighted,Motor Vehicle in Transport,1,61,Tue     ,0,0,0,0,0,0,1,0,0,0,0,0,0,0,0,1,0,0,0,0,0,0,0,0,0,37.09079,-93.30001,0,06/18/2019,21:40:00,CRASH OCCURRED AS VEHICLE #2 STRUCK REAR END OF VEHICLE #1
1167470,3190015908,Missouri State Highway Patrol-Troop F,1560816000000,190346001,1,0,1,0,Personal Injury,MILLER,NON-CITY OR UNINCORPORATED,F,1,1,0,707,0.13,A ,S ,RT D,CRD LOCUST RD,Dark-Unlighted,Overturn,2,,Tue     ,0,1,0,0,1,0,0,0,0,0,0,0,0,0,0,1,0,0,0,0,0,1,0,0,0,38.19815,-92.58184,0,06/18/2019,21:45:00,"OCCURRED AS VEHICLE 1 FAILED TO NEGOTIATE A CURVE, RAN OFF THE LEFT SIDE OF THE ROAD, OVERTURNED AND STRUCK A LIGHT POLE.  ASSISTED BY SGT. J. E. LOWARY (466)"
1269716,3190015811,Missouri State Highway Patrol-Troop C,1560816000000,190346033,1,0,0,1,Personal Injury,JEFFERSON,NON-CITY OR UNINCORPORATED,C,1,1,0,63,0.01,A ,N,IS 55,ERM NORTH IS 55 MILE 1876,Dark-Unlighted,Overturn,1,,Tue     ,0,0,0,0,0,0,1,0,0,0,0,0,0,0,0,0,0,0,0,0,0,1,0,0,0,38.38153,-90.3803,0,06/18/2019,22:19:00,VEHICLE 1 WAS TRAVELING NORTH ON I-55. DRIVER 1 APPLIED THE BRAKES FOR AN UNKNOWN REASON. VEHICLE 1 OVERTURNED AND EJECTED DRIVER 1.
1276969,3190015897,Missouri State Highway Patrol-Troop C,1560816000000,190346053,1,0,1,0,Personal Injury,ST. CHARLES,WELDON SPRING,C,1,1,0,0,0,AT,E ,IS 64,ERM EAST IS 64 MILE 108,Dark-Unlighted,Animal,1,,Tue     ,0,0,0,0,0,0,0,0,0,0,0,0,0,0,0,0,0,0,0,0,0,0,0,0,0,38.71142,-90.689,0,06/18/2019,22:35:00,VEHICLE 1 WAS TRAVELING EASTBOUND ON INTERSTATE 64 AND STRUCK A DEER IN THE ROADWAY.
807409,3190016666,Missouri State Highway Patrol-Troop A,1560902400000,190346150,2,0,2,0,Personal Injury,JACKSON,RIVER BEND,A,1,1,0,20,0,A ,N,CST COBBLER RD,CST COBBLER RD,Dark-Unlighted,Fixed Object,2,,Wed     ,0,0,0,0,1,0,0,1,0,0,0,0,0,0,0,1,0,0,0,0,0,0,0,0,0,39.17523,-94.39417,0,06/19/2019,01:15:00,CRASH OCCURRED AS VEHICLE WAS MAKING A RIGHT TURN WHILE TRAVELING NORTHBOUND ON MO-210. VEHICLE SLID OFF THE RIGHT SIDE OF THE ROAD AND STRUCK AN EMBANKMENT BEFORE COMING TO REST. ASSISTED BY TPR. D.K. FLETCHER (491).
1269717,3190015898,Missouri State Highway Patrol-Troop C,1560902400000,190346156,3,0,3,0,Personal Injury,JEFFERSON,NON-CITY OR UNINCORPORATED,C,1,1,0,823,0.16,A ,S ,CRD MOSS HOLLOW RD,PVT FOUNTAIN DR,Dark-Unlighted,Fixed Object,2,,Wed     ,1,0,0,0,1,0,0,0,0,0,0,0,0,0,0,1,0,0,0,0,0,0,0,0,0,38.35109,-90.42889,0,06/19/2019,01:25:00,VEHICLE 1 WAS TRAVELING NORTHBOUND ON MOSS HOLLOW ROAD.  DRIVER 1 FAILED TO NEGOTIATE A CURVE TO THE RIGHT AND TRAVELED OFF THE LEFT SIDE OF THE ROADWAY.  VEHICLE 1 STRUCK A TREE AND OVERTURNED.
1227034,3190015818,Missouri State Highway Patrol-Troop C,1560902400000,190346169,1,0,0,1,Personal Injury,ST. LOUIS,NON-CITY OR UNINCORPORATED,C,2,2,0,194,0.04,B ,E ,IS 270,ERM EAST IS 270 MILE 306,Dark-Lighted,Motor Vehicle in Transport,1,61,Wed     ,0,0,0,0,0,0,0,0,0,0,0,0,0,0,0,1,0,0,0,0,0,0,0,0,0,38.77088,-90.26288,0,06/19/2019,02:15:00,"BOTH VEHICLES WERE TRAVELING EASTBOUND ON INTERSTATE 270. THE FRONT OF VEHICLE 1 STRUCK THE REAR OF VEHICLE 2, CAUSING VEHICLE 2 TO STRIKE THE CONCRETE CENTER MEDIAN BARRIER."