objectid,accident,agency,inv_date,complaint,injured,killed,min_inj,dis_inj,severity,county,city,troop,no_vehicle,motor_veh,left_scene,dist_feet,dist_mile,inter_loc,direction,on_street,at_street,light_cond,acc_type,on_off_rd,two_veh,day_week,dr_drink,dr_drug,ped_drink,ped_drug,speed,dr_under21,dr_under25,dr_over55,dr_over64,electrical,emer_veh,stop_sign,yield_sign,czone,hazmat,aggressive,cell_phone,texting,veh_defect,school_bus,truck,motorcycle,atv,pickup,cmv,gps_lat,gps_long,severity_fatal,acc_date,acc_time,narrative
1173802,3190016178,Missouri State Highway Patrol-Troop F,1560902400000,190346180,1,0,1,0,Personal Injury,CALLAWAY,NON-CITY OR UNINCORPORATED,F,1,1,0,1594,0.3,B ,S ,RT NN,CRD 410,Dark-Unlighted,Overturn,2,,Wed     ,0,0,0,0,0,0,0,0,0,0,0,0,0,0,0,0,0,0,0,0,0,0,0,0,0,38.79036,-91.98731,0,06/19/2019,03:40:00,CRASH OCCURRED AS DRIVER 1 SWERVED TO MISS A DEER.  VEHICLE 1 TRAVELED OFF THE LEFT SIDE OF THE ROADWAY AND OVERTURNED.  ASSISTED BY CALLAWAY COUNTY SHERIFF'S DEPARTMENT.
1132134,3190015671,Missouri State Highway Patrol-Troop E,1560902400000,190346200,1,0,1,0,Personal Injury,BUTLER,NON-CITY OR UNINCORPORATED,E,1,1,0,1114,0.21,A ,S ,US 67,CRD 421,Daylight,Overturn,2,,Wed     ,0,0,0,0,0,1,1,0,0,0,0,0,0,0,0,0,0,0,0,0,0,0,0,0,0,36.82103,-90.48753,0,06/19/2019,05:35:00,CRASH OCCURRED AS VEHICLE 1 RAN OFF ROADWAY AND OVERTURNED.
858551,3190016174,Missouri State Highway Patrol-Troop A,1560902400000,190346205,1,0,1,0,Personal Injury,JACKSON,BLUE SPRINGS,A,1,1,0,190,0.04,A ,E ,IS 70,ERM EAST IS 70 MILE 184,Daylight,Fixed Object,2,,Wed     ,0,0,0,0,0,0,0,0,0,0,0,0,0,0,0,0,0,0,0,0,0,0,0,0,0,39.03502,-94.31249,0,06/19/2019,05:55:00,OCCURRED AS VEH1 TRAVELED OFF ROADWAY AND STRUCK GUARD RAIL. ASSISTED BY BLUE SPRINGS POLICE
966731,3190015748,Missouri State Highway Patrol-Troop D,1560902400000,190346546,1,0,1,0,Personal Injury,BARRY,NON-CITY OR UNINCORPORATED,D,1,1,0,2112,0.4,B ,E ,MO 112,CRD 2218,Daylight,Fixed Object,2,,Wed     ,0,0,0,0,1,0,0,0,0,0,0,0,0,0,0,1,0,0,0,0,0,0,0,0,0,36.61099,-93.84233,0,06/19/2019,09:30:00,"CRASH OCCURRED AS VEHICLE 1 STARTED SLIDING AND TRAVELED OFF THE LEFT SIDE OF ROADWAY, STRIKING A SIGN AND A DITCH."
900581,3190016323,Missouri State Highway Patrol-Troop D,1560902400000,190346662,1,0,1,0,Personal Injury,ST. CLAIR,NON-CITY OR UNINCORPORATED,D,1,1,0,3695,0.7,A ,W ,US 54,CRD SE 71,Daylight,Fixed Object,2,,Wed     ,0,0,0,0,0,0,0,1,1,0,0,0,0,0,0,0,0,0,0,0,0,0,0,0,0,37.8953,-93.78879,0,06/19/2019,10:20:00,ACCIDENT OCCURRED AS VEH #1 CROSSED THE CENTER LINE AND RAN OFF THE LEFT SIDE OF THE ROADWAY AND STRUCK A TREE
1043238,3190016278,Missouri State Highway Patrol-Troop I,1560902400000,190346750,2,0,2,0,Personal Injury,LACLEDE,NON-CITY OR UNINCORPORATED,I,1,1,0,1780,0.34,A ,W ,MO 64,MO 64A,Daylight,Fixed Object,2,,Wed     ,0,0,0,0,0,0,0,0,0,0,0,0,0,0,0,0,0,0,0,0,0,0,0,0,1,37.72396,-92.84529,0,06/19/2019,11:10:00,"CRASH OCCURRED AS VEHICLE 1 TRAVELED OFF THE RIGHT SIDE OF THE ROADWAY, STRUCK A DITCH AND OVERTURNED.  ASSISTED BY TPR N.L. VINES (1166) AND PARK RANGER SGT D. YOUNG (R9)"
1144979,3190015914,Missouri State Highway Patrol-Troop E,1560902400000,190346871,2,0,2,0,Personal Injury,NEW MADRID,NON-CITY OR UNINCORPORATED,E,1,1,0,107,0.02,A ,S ,IS 55,ERM SOUTH IS 55 MILE 558,Daylight,Fixed Object,2,,Wed     ,0,0,0,0,0,1,1,0,0,0,0,0,0,0,0,1,0,0,0,0,0,0,0,0,0,36.7246,-89.53807,0,06/19/2019,12:20:00,"CRASH OCCURRED AS VEH 1 RAN OFF RIGHT SIDE OF ROADWAY, STRUCK A DITCH AND OVERTURNED."
793111,3190015827,Missouri State Highway Patrol-Troop A,1560902400000,190346906,1,0,1,0,Personal Injury,CASS,NON-CITY OR UNINCORPORATED,A,1,1,0,100,0.02,A ,W ,CRD 203 ST,RT J,Daylight,Fixed Object,2,,Wed     ,0,0,0,0,0,0,1,0,0,0,0,0,0,0,0,1,0,0,0,0,0,0,0,0,0,38.75248,-94.44138,0,06/19/2019,12:40:00,OCCURRED AS VEH1 TRAVELED OFF THE RIGHT SIDE OF THE ROADWAY AND STRUCK A CREEK BED. ASSISTED BY CPL. J. E. THUSS /1206/
1292881,3190016300,Missouri State Highway Patrol-Troop C,1560902400000,190347023,1,0,0,1,Personal Injury,ST. LOUIS,BELLEFONTAINE NEIGHBORS,C,4,4,0,15,0,B ,E ,IS 270,BRIDGE A0241,Daylight,Motor Vehicle in Transport,1,61,Wed     ,0,0,0,0,0,0,1,1,0,0,0,0,0,0,0,1,0,0,0,0,0,0,0,0,1,38.76988,-90.22117,0,06/19/2019,13:40:00,"THE DRIVER OF VEHICLE 1 WAS DISTRACTED BY TRAFFIC.  THE FRONT OF VEHICLE 1 STRUCK THE REAR OF VEHICLE 2. FURTHER DAMAGE OCCURRED WHEN THE FRONT OF VEHICLE 1 STRUCK THE LEFT REAR OF VEHICLE 3.  VEHICLE 2 BEGAN TO SLIDE, EXITED THE ROADWAY TO THE RIGHT, AND THE FRONT OF VEHICLE 3 STRUCK THE LEFT REAR OF VEHICLE 4.  VEHICLE 3 EXITED THE ROADWAY TO THE LEFT AND THE LEFT FRONT OF VEHICLE 3 STRUCK THE CONCRETE BARRIER.   ASSISTED BY TPR. Z. C. KRAL (1379)"
1273550,3190016720,Missouri State Highway Patrol-Troop C,1560902400000,190347061,1,0,1,0,Personal Injury,ST. FRANCOIS,NON-CITY OR UNINCORPORATED,C,1,1,0,1188,0.22,A ,S ,CRD HARMON LN,MO 8,Daylight,Fixed Object,2,,Wed     ,1,1,0,0,0,0,0,0,0,0,0,0,0,0,0,0,0,0,0,0,0,0,0,0,0,37.86505,-90.63636,0,06/19/2019,14:01:00,VEHICLE 1 TRAVELED OFF THE RIGHT SIDE OF THE ROADWAY STRIKING A UTILITY POLE.  ASSISTED BY TPR K.L. ELLEDGE (396)
1287898,3190016397,Missouri State Highway Patrol-Troop C,1560902400000,190347370,2,0,2,0,Personal Injury,PIKE,NON-CITY OR UNINCORPORATED,C,2,2,0,0,0,AT,E ,US 54,RP 6766,Daylight,Motor Vehicle in Transport,1,61,Wed     ,0,0,0,0,0,0,0,0,0,0,0,0,0,0,0,0,0,0,0,0,0,0,0,0,0,39.36119,-91.20061,0,06/19/2019,16:30:00,VEHICLE 2 WAS STOPPED ON EASTBOUND US-54 WAITING TO MAKE A LEFT HAND TURN ONTO US-61. DRIVER 1 FAILED TO NOTICE THAT VEHICLE 2 WAS STOPPED AND THE FRONT OF VEHICLE 1 STRUCK THE REAR OF VEHICLE 2.
1332826,3190016796,Missouri State Highway Patrol-Troop G,1560902400000,190347374,2,0,2,0,Personal Injury,CARTER,NON-CITY OR UNINCORPORATED,G,1,1,0,73,0.01,B ,E ,US 60,CRD 163,Daylight,Overturn,2,,Wed     ,0,0,0,0,0,0,0,0,0,0,0,0,0,0,0,0,0,0,0,0,0,0,0,0,1,36.94996,-91.1774,0,06/19/2019,16:30:00,"ACCIDENT OCCURRED AS VEHICLE #1 TRAVELED OFF THE RIGHT SIDE OF ROADWAY AND OVERTURNED.         ASSISTED BY CPL M.T.WEAKLEY(1144), CARTER COUNTY SHERIFF'S DEPARTMENT, VAN BUREN VOLUNTEER FIRE DEPARTMENT AND WINONA VOLUNTEER FIRE DEPARTMENT."
897767,3190016978,Missouri State Highway Patrol-Troop D,1560902400000,190347395,1,1,1,0,Fatal,GREENE,NON-CITY OR UNINCORPORATED,D,2,2,0,0,0,AT,W ,RT EE,CRD 123,Daylight,Motor Vehicle in Transport,1,64,Wed     ,0,1,0,0,1,1,1,1,0,0,0,1,0,0,0,1,0,0,0,0,1,1,0,1,0,37.22703,-93.36644,1,06/19/2019,16:40:00,FATALITY REPORT - THIS IS TROOP D'S 42ND FATALITY FOR 2019 - NEXT OF KIN NOTIFIED - CRASH OCCURRED AS VEHICLE #1 ATTEMPTING TO TURN LEFT AND VEHICLE #2 STRUCK THE DRIVER SIDE OF VEHICLE #1. DRIVER #2 WAS PRONOUNCED ON SCENE BY GREENE COUNTY CORONER MICHAEL LAMPHERE ON 06/19/2019 AT 1647 HOURS. AS REQUIRED BY LAW THE SURVIVING DRIVER WAS TESTED FOR ALCOHOL.  ASSISTED BY TPR G.T. HACKETT /559/ AND GREENE COUNTY SHERIFF OFFICE.
784271,3190016695,Missouri State Highway Patrol-Troop A,1560902400000,190347491,2,0,2,0,Personal Injury,CLAY,KANSAS CITY,A,3,3,0,140,0.03,A ,S ,IS 29,ERM SOUTH IS 29 MILE 12,Daylight,Motor Vehicle in Transport,1,61,Wed     ,0,0,0,0,0,0,0,0,0,0,0,0,0,0,0,1,0,0,0,0,0,0,0,0,0,39.17908,-94.57015,0,06/19/2019,17:25:00,"CRASH OCCURRED AS TRAFFIC SLOWED DUE TO CONGESTION AHEAD. VEHICLE 1 OVERTOOK AND STRUCK THE REAR OF VEHICLE 2, PUSHING VEHICLE 2 INTO THE REAR OF VEHICLE 3. ASSISTED BY CPL C A TAIBI /648/."
876156,3190018042,Missouri State Highway Patrol-Troop A,1560902400000,190347580,2,0,1,1,Personal Injury,PLATTE,KANSAS CITY,A,3,3,0,190,0.04,A ,S ,IS 29,BRIDGE L0689,Daylight,Motor Vehicle in Transport,1,61,Wed     ,0,0,0,0,0,0,0,0,0,0,0,0,0,0,0,0,0,0,0,0,0,0,0,0,0,39.18941,-94.60929,0,06/19/2019,18:05:00,CRASH OCCURRED AS VEHICLE 2 AND VEHICLE 3 WERE STATIONARY IN TRAFFIC CONGESTION. VEHICLE 1 STRUCK THE REAR OF VEHICLE 2 AND VEHICLE 2 STRUCK THE REAR OF VEHICLE 3. ASSISTED BY TPR J.D. HALL /1334/ AND KANSAS CITY POLICE DEPARTMENT.
900580,3190016110,Missouri State Highway Patrol-Troop D,1560902400000,190347601,2,0,2,0,Personal Injury,ST. CLAIR,NON-CITY OR UNINCORPORATED,D,2,2,0,0,0,AT,N,MO 13,RT TT,Daylight,Motor Vehicle in Transport,1,64,Wed     ,0,0,0,0,0,0,1,1,0,0,0,0,1,0,0,1,0,0,0,0,0,0,0,0,0,38.00986,-93.65758,0,06/19/2019,18:15:00,CRASH OCCURRED AS VEHICLE #1 FAILED TO YIELD TO VEHICLE #2.  VEHICLE #1 PULLED INTO THE PATH OF VEHICLE #2 AND WAS STRUCK IN THE SIDE. ASSISTED BY TPR M.G. YENDEZ /1410/
1229688,3190016183,Missouri State Highway Patrol-Troop C,1560902400000,190347609,1,0,1,0,Personal Injury,LINCOLN,NON-CITY OR UNINCORPORATED,C,2,2,0,1446,0.27,B ,N,US 61,CRD SHANNON LN,Daylight,Motor Vehicle in Transport,1,61,Wed     ,0,0,0,0,0,0,1,1,1,0,0,0,0,0,0,0,0,0,0,0,1,0,0,1,1,39.13785,-90.96464,0,06/19/2019,18:20:00,THE FRONT OF VEHICLE 1 STRUCK THE REAR OF VEHICLE 2.
897766,3190016308,Missouri State Highway Patrol-Troop D,1560902400000,190347669,1,0,1,0,Personal Injury,GREENE,NON-CITY OR UNINCORPORATED,D,2,2,Y,0,0,AT,W ,US 160,RP 3209,Daylight,Motor Vehicle in Transport,1,64,Wed     ,0,0,0,0,0,,,1,1,1,0,0,0,0,0,1,0,0,0,0,1,0,0,1,0,37.24589,-93.34981,0,06/19/2019,18:55:00,CRASH OCCURRED AS VEHICLE #1 RAN A RED LIGHT AND STRUCK VEHICLE #2.
1012654,3190016380,Missouri State Highway Patrol-Troop D,1560902400000,190347679,2,0,2,0,Personal Injury,VERNON,NON-CITY OR UNINCORPORATED,D,1,1,0,216,0.04,B ,S ,RT HH,CRD 550,Daylight,Fixed Object,2,,Wed     ,1,0,0,0,0,0,0,0,0,0,0,0,0,0,0,0,0,0,0,0,0,0,0,0,0,37.82175,-94.07033,0,06/19/2019,19:05:00,CRASH OCCURRED AS VEHICLE #1 TRAVELED OFF THE RIGHT SIDE OF THE ROADWAY AND OVERTURNED. ASSISTED BY TPR M.G. YENDEZ /1410/
1276971,3190016067,Missouri State Highway Patrol-Troop C,1560902400000,190347694,1,0,0,1,Personal Injury,ST. CHARLES,WELDON SPRING,C,1,1,0,95,0.02,B ,E ,IS 64,ERM EAST IS 64 MILE 124,Daylight,Fixed Object,2,,Wed     ,0,0,0,0,0,0,0,0,0,0,0,0,0,0,0,0,0,0,0,0,0,1,0,0,0,38.69854,-90.66748,0,06/19/2019,19:20:00,"VEHICLE 1 WAS EASTBOUND ON I-64. A VEHICLE CUT OFF VEHICLE 1. DRIVER 1 APPLIED HIS BRAKES, BEGAN TO SKID OFF THE LEFT SIDE OF THE ROADWAY AND STRUCK THE MEDIAN WALL. DRIVER 1 WAS EJECTED."
957933,3190017156,Missouri State Highway Patrol-Troop D,1560988800000,190347715,1,0,1,0,Personal Injury,TANEY,NON-CITY OR UNINCORPORATED,D,1,1,0,54,0.01,B ,W ,CST SHEPHERD OF THE HILLS,CST EXPRESSWAY LN WJ,Dark-Unlighted,Fixed Object,2,,Wed     ,0,0,0,0,1,0,0,0,0,0,0,0,0,0,0,1,0,0,0,0,0,0,0,0,0,36.66725,-93.26377,0,06/19/2019,23:55:00,"NBR 1 SKIDDED ON THE DAMP ROADWAY, SLID OFF THE ROAD, STRUCK A CURB AND BEGAN OVERTURNING AS IT TRAVELED DOWN A STEEP EMBANKMENT."
1043267,3190016932,Missouri State Highway Patrol-Troop I,1560902400000,190347957,1,0,1,0,Personal Injury,LACLEDE,NON-CITY OR UNINCORPORATED,I,1,1,Y,1219,0.23,B ,N,CRD OAK BEND DR,RT AA SJ,Dark-Unlighted,Fixed Object,2,,Wed     ,1,0,0,0,0,0,0,1,0,0,0,0,0,0,0,1,0,0,0,0,0,0,0,0,0,37.71879,-92.71889,0,06/19/2019,22:13:00,"THE CRASH OCCURRED AS VEHICLE 1 TRAVELED OFF THE LEFT SIDE OF THE ROADWAY, STRUCK SEVERAL MAILBOXES AND THE  DITCH."
1035858,3190015974,Missouri State Highway Patrol-Troop I,1560902400000,190347994,2,0,2,0,Personal Injury,PHELPS,NON-CITY OR UNINCORPORATED,I,1,1,0,58,0.01,A ,E ,IS 44,ERM EAST IS 44 MILE 1718,Dark-Unlighted,Fixed Object,2,,Wed     ,0,0,0,0,0,0,0,0,0,0,0,0,0,0,0,1,0,0,0,0,0,0,0,0,0,37.90184,-92.001,0,06/19/2019,23:00:00,"VEHICLE 1 ATTEMPTED TO AVOID AN ANIMAL IN THE ROADWAY.  DRIVER OVERCORRECTED, CAUSING A SKID.  THE VEHICLE THEN TRAVELED OFF THE RIGHT SIDE OF THE ROADWAY, STRIKING AN EMBANKMENT AND OVERTURNING.  ASSISTED BY TPR B C ROWDEN (1431), DOOLITTLE FIRE DEPARTMENT, AND PHELPS HEALTH AMBULANCE."
1041595,3190016047,Missouri State Highway Patrol-Troop I,1560988800000,190348118,1,0,0,1,Personal Injury,MARIES,NON-CITY OR UNINCORPORATED,I,1,1,0,718,0.14,A ,E ,MO 28,CRD 413 EJ,Dark-Unlighted,Fixed Object,2,,Thu     ,0,0,0,0,0,0,0,0,0,0,0,0,0,0,0,1,0,0,0,0,0,0,0,0,1,38.26405,-91.72823,0,06/20/2019,03:25:00,"OCCURRED AS DRIVER 1 FELL ASLEEP, TRAVELED OFF THE LEFT SIDE OF ROADWAY, STRUCK A TREE AND CAUGHT FIRE. DRIVER 1 WAS EJECTED THROUGH THE WINDSHIELD"
1156714,3190015920,Missouri State Highway Patrol-Troop E,1560988800000,190348453,1,0,1,0,Personal Injury,SCOTT,NON-CITY OR UNINCORPORATED,E,1,1,0,325,0.06,B ,S ,MO 77,BRIDGE B0527,Daylight,Overturn,2,,Thu     ,0,0,0,0,0,0,0,1,1,0,0,0,0,0,0,1,0,0,0,0,1,0,0,1,0,37.13877,-89.67273,0,06/20/2019,09:10:00,CRASH OCCURRED AS VEHICLE ONE TRAVELED OFF THE RIGHT SIDE OF THE ROADWAY AND OVERTURNED.
796935,3190016610,Missouri State Highway Patrol-Troop A,1560988800000,190348636,1,0,1,0,Personal Injury,CLAY,LIBERTY,A,2,2,0,21,0,A ,N,IS 35,ERM NORTH IS 35 MILE 182,Daylight,Motor Vehicle in Transport,1,64,Thu     ,0,0,0,0,0,0,0,1,0,0,0,0,0,0,0,1,0,0,0,0,0,0,0,0,0,39.26787,-94.44003,0,06/20/2019,10:30:00,"CRASH OCCURRED AS VEH1 ATTEMPTED TO MERGE ONTO I-35 FROM M-291.  VEH1 LOST CONTROL, STRIKING VEH2 IN THE DRIVER SIDE.  VEH1 RAN OFF THE LEFT SIDE OF THE ROADWAY, STRIKING THE CABLE BARRIER.  ASSISTED BY TPR. B.J. HAMERLE/1174/ AND TPR. C.M. MCDONALD/892/"
1136421,3190016011,Missouri State Highway Patrol-Troop E,1560988800000,190348651,2,0,2,0,Personal Injury,BUTLER,FISK,E,1,1,0,211,0.04,A ,W ,CST THIRD STREET,PVT PRIVATE ST,Daylight,Other Non Collision,1,,Thu     ,0,0,0,0,0,0,0,0,0,0,0,0,0,0,0,0,0,0,0,0,0,0,0,0,0,36.78178,-90.2061,0,06/20/2019,10:35:00,"CRASH OCCURRED AS VEHICLE ONE, WHILE IN MOTION, WAS STRUCK BY A FALLING TREE."
1170309,3190016060,Missouri State Highway Patrol-Troop F,1560988800000,190348753,1,0,1,0,Personal Injury,MORGAN,NON-CITY OR UNINCORPORATED,F,2,2,0,776,0.15,A ,N,MO 5,CRD ROCKAFELLER RD,Daylight,Motor Vehicle in Transport,1,61,Thu     ,0,0,0,0,0,1,1,0,0,0,0,0,0,0,0,0,0,0,0,0,0,0,0,0,0,38.48061,-92.80851,0,06/20/2019,11:20:00,VEHICLE 2 WAS STOPPED IN TRAFFIC.  DRIVER 1 WAS INATTENTIVE CAUSING VEHICLE 1 TO STRIKE VEHICLE 2 IN THE REAR.  ASSISTED BY TPR. A. R. ENDERLE (717)
1319792,3190015905,Missouri State Highway Patrol-Troop G,1560988800000,190348759,2,0,2,0,Personal Injury,REYNOLDS,NON-CITY OR UNINCORPORATED,G,2,2,0,155,0.03,B ,N,MO 21,MO 34,Daylight,Motor Vehicle in Transport,1,64,Thu     ,0,0,0,0,0,1,1,0,0,0,0,0,0,0,0,1,0,0,0,0,1,0,0,1,0,37.06002,-90.91135,0,06/20/2019,11:20:00,"OCCURRED AS VEHICLE ONE WAS TRAVELING SOUTHBOUND, TURNED ONTO THE SIDE OF THE ROADWAY, AND PERFORMED A U TURN IN FRONT OF VEHICLE NUMBER TWO."
1227082,3190016189,Missouri State Highway Patrol-Troop C,1560988800000,190348916,1,0,1,0,Personal Injury,ST. LOUIS,NON-CITY OR UNINCORPORATED,C,2,2,0,343,0.06,B ,W ,IS 270,ERM SOUTH IS 270 MILE 06,Daylight,Motor Vehicle in Transport,1,61,Thu     ,0,0,0,0,0,1,1,1,0,0,0,0,0,0,0,0,0,0,0,0,0,0,0,0,0,38.50681,-90.34838,0,06/20/2019,12:46:00,VEHICLE 2 WAS STOPPED SOUTHBOUND INTERSTATE 270 DUE TO TRAFFIC IN LANE 4.  THE FRONT OF VEHICLE 1 THEN STRUCK THE REAR OF VEHICLE 2.
1031709,3190016026,Missouri State Highway Patrol-Troop I,1560988800000,190349080,1,0,0,1,Personal Injury,PULASKI,NON-CITY OR UNINCORPORATED,I,1,1,0,216,0.04,A ,S ,MO 17,CRD BUFORD LN,Daylight,Fixed Object,2,,Thu     ,0,0,0,0,1,0,1,0,0,0,0,0,0,0,0,1,0,0,0,0,1,0,0,1,1,37.86791,-92.24802,0,06/20/2019,14:01:00,"OCCURRED AS VEHICLE 1 TRAVELED OFF THE RIGHT SIDE OF ROADWAY, STRUCK A CULVERT, WENT AIRBORNE AND OVERTURNED."
1273552,3190017354,Missouri State Highway Patrol-Troop C,1560988800000,190349234,1,0,1,0,Personal Injury,ST. FRANCOIS,NON-CITY OR UNINCORPORATED,C,2,2,Y,3505,0.66,B ,W ,RT Y,CRD HILLSBORO RD,Daylight,Motor Vehicle in Transport,1,62,Thu     ,,,,,,,,,,0,0,0,0,0,0,,0,0,,0,0,0,0,0,0,37.99339,-90.45917,0,06/20/2019,15:10:00,VEHICLE #1 WAS TRAVELING WESTBOUND ON ROUTE Y.  VEHICLE 2 WAS TRAVELING EASTBOUND ON ROUTE Y.  THE MIRROR OF VEHICLE 2 STRUCK THE MIRROR OF VEHICLE 1.
1336568,3190016829,Missouri State Highway Patrol-Troop G,1560988800000,190349287,1,0,0,1,Personal Injury,DOUGLAS,NON-CITY OR UNINCORPORATED,G,1,1,0,15,0,B ,E ,RT N,CRD 315,Daylight,Fixed Object,2,,Thu     ,0,0,0,0,1,0,1,0,0,0,0,0,0,0,0,1,0,0,0,0,0,0,0,0,0,36.83834,-92.58543,0,06/20/2019,15:30:00,OCCURRED AS VEHICLE #1 TRAVELED OFF OF THE LEFT SIDE OF ROAD IN A CURVE AND STRUCK A TREE.
897761,3190016307,Missouri State Highway Patrol-Troop D,1560988800000,190349319,2,0,1,1,Personal Injury,GREENE,NON-CITY OR UNINCORPORATED,D,2,2,0,5,0,A ,S ,MO 125,RT YY,Daylight,Motor Vehicle in Transport,1,60,Thu     ,0,0,0,0,0,0,0,1,0,1,0,0,0,0,0,1,0,0,0,0,0,0,0,0,0,37.22178,-93.13599,0,06/20/2019,16:00:00,VEHICLE #1 TRAVELED INTO THE PATH OF VEHICLE #2.
1212762,3190016950,Missouri State Highway Patrol-Troop C,1560988800000,190349353,1,0,1,0,Personal Injury,WASHINGTON,NON-CITY OR UNINCORPORATED,C,2,2,0,1599,0.3,A ,W ,MO 8,NOR 8,Daylight,Motor Vehicle in Transport,1,64,Thu     ,0,0,0,0,1,0,1,0,0,0,0,0,0,0,0,1,0,0,0,0,0,1,0,0,0,37.91453,-90.71521,0,06/20/2019,16:15:00,"THE DRIVER OF VEHICLE 1 FAILED TO STOP FOR VEHICLE 2, WHO WAS MAKING A LEFT TURN, AND STRUCK THE REAR OF VEHICLE 2.  THE COLLISION EJECTED DRIVER 1."
1120777,3190016271,Missouri State Highway Patrol-Troop E,1560988800000,190349393,4,0,4,0,Personal Injury,IRON,NON-CITY OR UNINCORPORATED,E,2,2,0,368,0.07,A ,E ,MO 72,BRIDGE J0352,Daylight,Motor Vehicle in Transport,1,64,Thu     ,0,0,0,0,0,0,0,0,0,0,0,0,0,0,0,1,0,0,0,0,1,0,0,0,1,37.5989,-90.55748,0,06/20/2019,16:25:00,CRASH OCCURRED AS VEHICLE ONE CROSSED THE HIGHWAY INTO THE PATH OF VEHICLE TWO
1324733,3190015880,Missouri State Highway Patrol-Troop G,1560988800000,190349396,1,0,1,0,Personal Injury,HOWELL,NON-CITY OR UNINCORPORATED,G,2,2,0,3168,0.6,A ,W ,MO 14,CRD 4870,Daylight,Motor Vehicle in Transport,2,64,Thu     ,0,0,0,0,0,0,0,1,0,0,0,0,0,0,0,1,0,0,0,0,0,0,0,0,0,36.79926,-91.96106,0,06/20/2019,16:30:00,OCCURRED AS VEHICLE #1 EXITED A PRIVATE DRIVE INTO THE PATH OF VEHICLE #2- ASSISTED BY CPL J D WHEELER (637)
1269738,3190016746,Missouri State Highway Patrol-Troop C,1560988800000,190349399,2,0,2,0,Personal Injury,JEFFERSON,NON-CITY OR UNINCORPORATED,C,2,2,0,0,0,AT,E ,MO 30,CRD NORTHWEST BLVD,Daylight,Motor Vehicle in Transport,1,64,Thu     ,0,0,0,0,0,0,0,1,1,1,0,0,0,0,0,1,0,0,0,0,0,0,0,0,0,38.5006,-90.46088,0,06/20/2019,16:31:00,"VEHICLE #1 WAS STOPPED IN TRAFFIC ON NORTHBOUND NORTHWEST BOULEVARD AT MISSOURI 30, IN LANE ONE, AND VEHICLE #2 WAS TRAVELING EASTBOUND ON MISSOURI 30, IN LANE ONE, WEST OF NORTHWEST BOULEVARD. DRIVER #2 FAILED TO STOP FOR A STEADY RED ELECTRIC TRAFFIC SIGNAL AND VEHICLE #2 STRUCK VEHICLE #1. ASSISTED BY TPR T J STRAATMAN (959)."
1130823,3190016600,Missouri State Highway Patrol-Troop E,1560988800000,190349596,2,0,2,0,Personal Injury,CAPE GIRARDEAU,NON-CITY OR UNINCORPORATED,E,2,2,0,285,0.05,A ,S ,MO 25,CRD 316,Daylight,Motor Vehicle in Transport,1,61,Thu     ,0,0,0,0,0,0,1,0,0,0,0,0,0,0,0,1,0,0,0,0,0,0,0,0,0,37.34117,-89.66231,0,06/20/2019,17:55:00,CRASH OCCURRED AS VEHICLE ONE RAN INTO THE BACK OF VEHICLE TWO.
813392,3190016245,Missouri State Highway Patrol-Troop A,1560988800000,190349706,1,0,1,0,Personal Injury,BATES,RICH HILL,A,2,2,0,114,0.02,A ,W ,RT A,CST 14TH ST,Daylight,Motor Vehicle in Transport,1,64,Thu     ,0,0,0,0,0,0,0,0,0,0,0,0,0,0,0,1,0,0,0,0,0,0,0,0,0,38.09714,-94.35188,0,06/20/2019,18:40:00,CRASH OCCURRED AS DVR1 ATTEMPTED TO TURN LEFT INTO THE PATH OF AND WAS STRUCK BY VEH2.  ASSISTED BY TPR D J JACKSON /456/
915571,3190017131,Missouri State Highway Patrol-Troop D,1560988800000,190349729,2,1,2,0,Fatal,JASPER,NON-CITY OR UNINCORPORATED,D,4,4,0,179,0.03,B ,W ,IS 44,ERM WEST IS 44 MILE 150,Daylight,Fixed Object,2,,Thu     ,0,1,0,0,0,0,0,0,0,0,0,0,0,0,0,0,0,0,0,0,1,0,0,1,1,37.07937,-94.37434,1,06/20/2019,19:00:00,"FATALITY ACCIDENT - NEXT OF KIN NOTIFIED - THIS IS TROOP D'S 43RD FATALITY FOR 2019.  OCCURRED AS NBR 1 STRUCK THE MEDIAN CABLE, CAUGHT FIRE  AND CROSSED THE MEDIAN INTO EASTBOUND TRAFFIC.  NBR 1 STRUCK NBR 2'S TOWED UNIT, THE REAR AXLES OF TOWED UNIT OF NBR 2 STRUCK NBR 3.  NBR 1 STRUCK NBR 4.  IN ACCORDANCE WITH MISSOURI STATE LAW, DRIVERS 2, 3 AND 4 WERE TESTED FOR ALCOHOL.  DVR 1 WAS PRONOUNCED AT THE SCENE BY JASPER COUNTY CHIEF CORONER GEORGE WOODWARD AT 1909 HOURS.  MCIU CRASH TEAM MEMBERS M. K. EDEN #1326 AND TPR B. D. VAUGHT #1451 RESPONDED TO THE SCENE."
1170311,3190015842,Missouri State Highway Patrol-Troop F,1560988800000,190349940,1,0,1,0,Personal Injury,MORGAN,NON-CITY OR UNINCORPORATED,F,1,1,0,538,0.1,B ,S ,MO 135,CRD LITTLE PROCTOR RD,Dark-Unlighted,Animal,1,,Thu     ,0,0,0,0,0,0,0,0,0,0,0,0,0,0,0,0,0,0,0,0,0,1,0,0,0,38.26932,-92.90444,0,06/20/2019,21:30:00,VEHICLE 1 STRUCK A DEER.