objectid,accident,agency,inv_date,complaint,injured,killed,min_inj,dis_inj,severity,county,city,troop,no_vehicle,motor_veh,left_scene,dist_feet,dist_mile,inter_loc,direction,on_street,at_street,light_cond,acc_type,on_off_rd,two_veh,day_week,dr_drink,dr_drug,ped_drink,ped_drug,speed,dr_under21,dr_under25,dr_over55,dr_over64,electrical,emer_veh,stop_sign,yield_sign,czone,hazmat,aggressive,cell_phone,texting,veh_defect,school_bus,truck,motorcycle,atv,pickup,cmv,gps_lat,gps_long,severity_fatal,acc_date,acc_time,narrative
1170310,3190016741,Missouri State Highway Patrol-Troop F,1561075200000,190350174,1,0,1,0,Personal Injury,MORGAN,NON-CITY OR UNINCORPORATED,F,2,2,0,2640,0.5,A ,N,RT AA,CRD JONES CREEK RD,Dark-Unlighted,Motor Vehicle in Transport,1,62,Fri     ,0,0,0,0,0,0,0,0,0,0,0,0,0,0,0,1,0,0,0,0,0,0,0,0,1,38.4201,-92.67214,0,06/21/2019,01:40:00,OCCURRED AS VEHICLE 1 AND VEHICLE 2 WERE APPROACHING EACH OTHER AND STRUCK OUTSIDE MIRRORS. MIRROR OF VEHICLE 1 BECAME DETACHED AND STRUCK DRIVER 1.
1126307,3190015893,Missouri State Highway Patrol-Troop E,1561075200000,190350185,1,0,1,0,Personal Injury,PEMISCOT,NON-CITY OR UNINCORPORATED,E,1,1,0,54,0.01,B ,E ,US 412,CRD 283,Dark-Unlighted,Fixed Object,2,,Fri     ,0,0,0,0,0,0,0,0,0,0,0,0,0,0,0,0,0,0,0,0,1,0,0,1,0,36.23382,-89.88882,0,06/21/2019,02:22:00,VEH1 RAN OFF THE ROADWAY AND STRUCK A HIGHWAY SIGN. STATE PROPERTY DAMAGE TO A  YIELD AND ONE WAY SIGN..
1185974,3190016549,Missouri State Highway Patrol-Troop B,1561075200000,190350207,3,0,3,0,Personal Injury,SULLIVAN,NON-CITY OR UNINCORPORATED,B,1,1,0,38,0.01,A ,E ,RT J,RT Y,Dark-Unlighted,Fixed Object,2,,Fri     ,0,0,0,0,0,1,1,0,0,0,0,1,0,0,0,0,0,0,0,0,0,0,0,0,0,40.23773,-93.0451,0,06/21/2019,03:53:00,"VEHICLE 1 ATTEMPTED TO MAKE A LEFT TURN, TRAVELED OFF THE NORTH SIDE OF THE ROADWAY AND STRUCK AN EMBANKMENT. VEHICLE 1 RETURNED AND CAME TO REST IN THE ROADWAY."
1269737,3190016076,Missouri State Highway Patrol-Troop C,1561075200000,190350242,1,0,1,0,Personal Injury,JEFFERSON,NON-CITY OR UNINCORPORATED,C,2,2,0,15,0,B ,W ,CRD FICKEN RD,MO 30,Daylight,Motor Vehicle in Transport,1,64,Fri     ,0,0,0,0,0,0,0,0,0,0,0,0,0,0,0,1,0,0,0,0,0,0,0,0,0,38.33362,-90.66767,0,06/21/2019,06:06:00,VEHICLE 1 WAS TRAVELING EASTBOUND MO-30 AND VEHICLE 2 WAS WESTBOUND ON FICKEN RD. VEHICLE 2 WAS STOPPED AT A STOP SIGN AND STARTED TRAVELING.  DRIVER 1 WAS UNABLE TO STOP AND VEHICLE 1 STRUCK THE FRONT OF VEHICLE 2.
1204589,3190016212,Missouri State Highway Patrol-Troop F,1561075200000,190350621,1,0,1,0,Personal Injury,COOPER,NON-CITY OR UNINCORPORATED,F,1,1,0,5280,1,B ,S ,MO 5,BRIDGE A2970,Daylight,Fixed Object,2,,Fri     ,0,0,0,0,1,0,0,1,1,0,0,0,0,0,0,1,0,0,0,0,1,0,0,1,0,38.81899,-92.84696,0,06/21/2019,09:40:00,CRASH OCCURRED AS DRIVER 1 LOST CONTROL OF VEHICLE 1 ON A WET ROADWAY CAUSING VEHICLE 1 TO LEAVE THE LEFT SIDE OF THE ROADWAY AND STRIKE A FENCE.
799205,3190016538,Missouri State Highway Patrol-Troop A,1561075200000,190350779,1,0,1,0,Personal Injury,JACKSON,LEES SUMMIT,A,2,2,Y,411,0.08,A ,W ,IS 470,RP 1039743,Daylight,Motor Vehicle in Transport,1,63,Fri     ,0,0,0,0,0,,,1,1,0,0,0,0,0,0,1,0,0,0,,,,,,,38.95024,-94.36187,0,06/21/2019,11:00:00,"OCCURRED AS VEH2 CROSSED INTO VEH1'S LANE, STRIKING THE FRONT LEFT FENDER OF VEH1."
1217201,3190017185,Missouri State Highway Patrol-Troop C,1561075200000,190350921,1,0,1,0,Personal Injury,FRANKLIN,NON-CITY OR UNINCORPORATED,C,1,1,0,390,0.07,B ,W ,IS 44,ERM WEST IS 44 MILE 2484,Daylight,Fixed Object,2,,Fri     ,0,0,0,0,0,0,0,0,0,0,0,0,0,0,1,0,0,0,0,0,0,0,0,0,1,38.44788,-90.89661,0,06/21/2019,12:30:00,VEHICLE 1 ATTEMPTED TO AVOID AN UNKNOWN VEHICLE AND TRAVELED OFF THE ROADWAY CAUSING THE TOWED UNIT TO OVERTURN.  ASSISTED BY CPL C. M. BISHOP (202) AND TPR M. A. WHITE (1446)
1010637,3190016474,Missouri State Highway Patrol-Troop D,1561075200000,190350967,2,0,0,2,Personal Injury,WEBSTER,NON-CITY OR UNINCORPORATED,D,1,1,0,3168,0.6,B ,E ,RT V,CRD FLINT HOLLOW RD,Daylight,Fixed Object,2,,Fri     ,0,1,0,0,0,1,1,0,0,0,0,0,0,0,0,0,1,0,0,0,0,0,0,0,0,37.20205,-92.71294,0,06/21/2019,12:45:00,VEHICLE 1 TRAVELED OFF LEFT SIDE OF ROADWAY AND STRUCK  A TREE AFTER DRIVER LOST CONSCIOUSNESS DUE TO HUFFING CANNED AIR.
1011266,3190016368,Missouri State Highway Patrol-Troop D,1561075200000,190351101,1,0,1,0,Personal Injury,WEBSTER,NON-CITY OR UNINCORPORATED,D,2,2,0,496,0.09,A ,W ,RT U,CRD MOCKINGBIRD,Daylight,Motor Vehicle in Transport,1,60,Fri     ,0,0,0,0,0,0,0,0,0,0,0,0,0,0,0,1,0,0,0,0,0,0,0,0,0,37.12933,-92.97383,0,06/21/2019,13:50:00,OCCURRED AS #1 CROSSED THE CENTER LINE AND STRUCK #2 NEARLY HEAD ON. ASSISTED BY SGT. S.W. CROUCH #393
839636,3190015952,Missouri State Highway Patrol-Troop A,1561075200000,190351285,1,0,1,0,Personal Injury,LAFAYETTE,NON-CITY OR UNINCORPORATED,A,1,1,0,448,0.08,B ,E ,IS 70,ERM EAST IS 70 MILE 454,Daylight,Fixed Object,2,,Fri     ,0,0,0,0,0,0,1,0,0,0,0,0,0,0,0,1,0,0,0,0,0,0,0,0,0,39.00249,-93.80799,0,06/21/2019,15:17:00,"OCCURRED AS VEH1 TRAVELED OFF THE RIGHT SIDE OF THE ROADWAY AND STRUCK THE GUARDRAIL, RETURNED TO THE ROADWAY, AND THEN TRAVELED OFF THE LEFT SIDE OF THE ROAD. ASSISTED BY MSGT. C. E. UTTERBACK /688/ AND. TPR. B. A. OWENS /1423/"
1324725,3190016355,Missouri State Highway Patrol-Troop G,1561075200000,190351420,1,0,1,0,Personal Injury,HOWELL,NON-CITY OR UNINCORPORATED,G,1,1,0,908,0.17,B ,E ,US 60,CRD 3150,Daylight,Fixed Object,2,,Fri     ,0,0,0,0,1,1,1,0,0,0,0,0,0,0,0,1,0,0,0,0,1,0,0,1,0,36.99269,-91.74891,0,06/21/2019,16:15:00,"VEHICLE 1 HYDROPLANED, TRAVELED OFF THE RIGHT SIDE OF THE ROADWAY AND STRUCK A TREE."
1336570,3190016990,Missouri State Highway Patrol-Troop G,1561075200000,190351487,3,0,3,0,Personal Injury,DOUGLAS,NON-CITY OR UNINCORPORATED,G,2,2,0,1219,0.23,A ,W ,MO 14,RT VV,Daylight,Motor Vehicle in Transport,1,64,Fri     ,0,0,0,0,1,1,1,0,0,0,0,0,0,0,0,1,0,0,0,0,0,0,0,0,0,36.91516,-92.59902,0,06/21/2019,16:40:00,VEHICLE 1 LOST CONTROL AND SLID ACROSS THE CENTER LINE INTO THE PATH OF ONCOMING VEHICLE 2 RESULTING IN A COLLISION.
894382,3190016495,Missouri State Highway Patrol-Troop D,1561075200000,190351586,1,0,1,0,Personal Injury,LAWRENCE,NON-CITY OR UNINCORPORATED,D,1,1,0,1367,0.26,B ,N,MO 97,CRD 2130,Daylight,Overturn,1,,Fri     ,0,0,0,0,0,0,0,0,0,0,0,0,0,0,0,0,0,0,1,0,0,1,0,0,0,37.08548,-93.94984,0,06/21/2019,17:15:00,DRIVER 1 LOST CONTROL OF VEHICLE AND OVERTURNED IN ROADWAY.
1120781,3190016372,Missouri State Highway Patrol-Troop E,1561075200000,190351656,1,0,1,0,Personal Injury,IRON,NON-CITY OR UNINCORPORATED,E,1,1,0,491,0.09,A ,S ,MO 21,BRIDGE A4379,Daylight,Fixed Object,2,,Fri     ,0,0,0,0,1,1,1,0,0,0,0,0,0,0,0,1,0,0,0,0,1,0,0,1,0,37.54287,-90.68325,0,06/21/2019,17:25:00,CRASH OCCURRED AS VEHICLE 1 RAN OFF THE LEFT SIDE OF ROADWAY AND STRUCK A TREE
993710,3190016111,Missouri State Highway Patrol-Troop D,1561075200000,190351658,4,0,3,1,Personal Injury,STONE,NON-CITY OR UNINCORPORATED,D,2,2,0,1715,0.32,A ,W ,US 160,MO 248,Daylight,Motor Vehicle in Transport,1,61,Fri     ,0,0,0,0,0,0,0,1,0,0,0,0,0,0,0,1,0,0,0,0,1,0,0,1,1,36.77179,-93.34836,0,06/21/2019,17:45:00,OCCURRED AS #2 SLOWED TO TURN AND WAS STRUCK IN THE REAR BY #1
1156681,3190016220,Missouri State Highway Patrol-Troop E,1561075200000,190351684,1,0,1,0,Personal Injury,SCOTT,NON-CITY OR UNINCORPORATED,E,3,3,0,30,0.01,B ,N,IS 55,ERM NORTH IS 55 MILE 812,Daylight,Motor Vehicle in Transport,1,61,Fri     ,0,0,0,0,1,0,0,1,0,0,0,0,0,0,0,1,0,0,0,0,1,0,0,1,0,37.09206,-89.53606,0,06/21/2019,17:55:00,TRAFFIC CRASH OCCURRED AS VEHICLE 1 STRUCK THE REAR OF VEHICLE 2 CAUSING VEHICLE 2 TO STRIKE THE REAR OF VEHICLE 3.
1132571,3190016147,Missouri State Highway Patrol-Troop E,1561075200000,190351700,5,0,3,2,Personal Injury,RIPLEY,NON-CITY OR UNINCORPORATED,E,2,2,0,1182,0.22,B ,W ,US 160,CRD 160W-2,Daylight,Motor Vehicle in Transport,1,64,Fri     ,0,0,0,0,1,0,0,0,0,0,0,0,0,0,0,1,0,0,0,0,0,0,0,0,0,36.62611,-90.86136,0,06/21/2019,18:00:00,CRASH OCCURRED AS VEHICLE 1 CROSSED CENTER LINE OF ROADWAY AND STRUCK VEHICLE 2
897746,3190016226,Missouri State Highway Patrol-Troop D,1561075200000,190351809,1,0,1,0,Personal Injury,GREENE,NON-CITY OR UNINCORPORATED,D,1,1,0,4752,0.9,A ,E ,CRD 182,RT ZZ,Daylight,Fixed Object,2,,Fri     ,0,0,0,0,0,1,1,0,0,0,0,0,0,0,0,0,0,0,0,0,0,0,0,0,0,37.11831,-93.4053,0,06/21/2019,18:50:00,VEHICLE 1 RAN OFF THE ROADWAY AND STRUCK A TREE.
858581,3190015978,Missouri State Highway Patrol-Troop A,1561075200000,190351894,4,0,4,0,Personal Injury,JACKSON,BLUE SPRINGS,A,3,3,0,128,0.02,B ,W ,IS 70,ERM WEST IS 70 MILE 218,Daylight,Motor Vehicle in Transport,1,61,Fri     ,0,0,0,0,0,0,0,1,0,0,0,0,0,0,0,1,0,0,0,0,1,0,0,1,1,39.02724,-94.24598,0,06/21/2019,19:30:00,"CRASH OCCURRED AS ALL THREE VEHICLES WERE WESTBOUND ON I 70.  VEH 2 AND 3 WERE SLOWING DUE TO TRAFFIC CONGESTION.  VEH 1 OVERTOOK AND STRUCK THE REAR OF VEH 2 CAUSING VEH 2 TO STRIKE VEH 3.  VEH 2 THEN RAN OFF THE LEFT SIDE OF THE ROADWAY AND STRUCK THE CABLE BARRIER.  VEH 1 CAME TO REST OFF THE RIGHT SIDE OF THE ROADWAY.  VEH CAME TO A CONTROLLED REST ON THE RIGHT SHOULDER.  ASSISTED BY TPR E N WILSON /1417/, LT S A COATS /89/, CPL D W CAMPBELL /1241/ AND THE BLUE SPRINGS POLICE DEPARTMENT."
1500206,3190015997,Missouri State Highway Patrol-Troop H,1561161600000,190352390,1,0,1,0,Personal Injury,CLINTON,NON-CITY OR UNINCORPORATED,H,1,1,0,41,0.01,B ,N,IS 35,ERM NORTH IS 35 MILE 382,Dark-Unlighted,Fixed Object,2,,Fri     ,0,0,0,0,0,0,0,0,0,0,0,0,0,0,0,0,0,0,1,0,1,0,0,1,0,39.52657,-94.27978,0,06/21/2019,23:45:00,ACCIDENT OCCURRED AS NR1 WAS NORTHBOUND ON I-35.  NR1'S DRIVERS SIDE FRONT TIRE WENT FLAT.  NR1 LOST CONTROL OF THE VEHICLE AND TRAVELED OFF THE EAST SIDE OF THE ROADWAY.  NR1 CAME TO REST ON ITS WHEELS FACING NORTH OFF THE EAST SIDE OF I-35.  ASSISTED BY TPR. T.N. GARTON (408) AND CLINTON COUNTY SHERIFF'S DEPARTMENT.
793140,3190016654,Missouri State Highway Patrol-Troop A,1561161600000,190352564,2,0,2,0,Personal Injury,CASS,NON-CITY OR UNINCORPORATED,A,1,1,0,791,0.15,A ,S ,RT C,CRD 267TH ST,Dark-Unlighted,Fixed Object,2,,Sat     ,1,0,0,0,0,1,1,0,0,0,0,0,0,0,0,1,0,0,0,0,0,0,0,0,0,38.63232,-94.46814,0,06/22/2019,02:15:00,CRASH OCCURRED AS VEHICLE 1 WAS TRAVELING SOUTHBOUND ON ROUTE C. VEHICLE 1 TRAVELED OFF THE LEFT SIDE OF THE ROADWAY. DRIVER 1 OVERCORRECTED AND TRAVELED OFF THE RIGHT SIDE OF THE ROADWAY. VEHICLE 1 OVERTURNED AND STRUCK A TREE. ASSISTED BY CPL D. A. JONES /854/
1500207,3190016424,Missouri State Highway Patrol-Troop H,1561161600000,190352782,1,0,0,1,Personal Injury,CLINTON,NON-CITY OR UNINCORPORATED,H,1,1,0,26,0,B ,S ,IS 35,ERM SOUTH IS 35 MILE 492,Daylight,Fixed Object,2,,Sat     ,0,0,0,0,0,0,0,1,0,0,0,0,0,0,0,0,0,0,0,0,0,1,0,0,0,39.68194,-94.23233,0,06/22/2019,08:08:00,"CRASH OCCURRED AS VEH 1 WAS SOUTHBOUND ON I-35. VEH TRAVELED OFF THE WEST SIDE OF THE ROAD AND OVERTURNED. VEH CAME TO REST ON ITS SIDE IN THE GRASS. ASSISTED BY TPR. B.R. MUCK (1419), CLINTON COUNTY, AND CAMERON FIRE."
912728,3190016322,Missouri State Highway Patrol-Troop D,1561161600000,190352819,3,0,2,1,Personal Injury,POLK,NON-CITY OR UNINCORPORATED,D,1,1,0,1784,0.34,A ,N,MO 215,CRD 222ND RD,Daylight,Overturn,1,,Sat     ,0,0,0,0,0,1,1,0,0,0,0,0,0,0,0,0,0,0,0,0,1,0,0,1,0,37.45479,-93.23306,0,06/22/2019,08:30:00,"VEHICLE #1 TRAVELED OFF THE RIGHT SIDE OF THE ROADWAY AND DRIVER OVER CORRECTED.  VEHICLE #1 RETURNED TO THE ROADWAY, OVERTURNED AND TRAVELED OFF THE LEFT SIDE OF THE ROADWAY.  ASSISTED BY TPR A.W. POULSON #589"
1217150,3190016568,Missouri State Highway Patrol-Troop C,1561161600000,190352994,1,0,1,0,Personal Injury,FRANKLIN,NON-CITY OR UNINCORPORATED,C,3,3,0,174,0.03,A ,E ,IS 44,RT O,Daylight,Fixed Object,2,,Sat     ,0,0,0,0,1,0,0,1,0,0,0,0,0,0,0,1,0,0,0,0,1,0,0,1,0,38.44253,-90.9044,0,06/22/2019,10:15:00,DRIVER 1 WAS TRAVELING TO FAST FOR CONDITIONS CAUSING VEHICLE 1 TO LOSE CONTROL AND TRAVEL OFF THE LEFT SIDE OF THE ROADWAY.  STRIKING THE CABLE BARRIER.  DEBRIS FROM VEHICLE 1 WAS SET IN MOTION STRIKING VEHICLE 2 AND VEHICLE 3.
947937,3190016150,Missouri State Highway Patrol-Troop D,1561161600000,190353012,1,0,0,1,Personal Injury,BARTON,NON-CITY OR UNINCORPORATED,D,1,1,0,2275,0.43,B ,W ,US 160,CRD SE 20TH ROAD,Daylight,Fixed Object,2,,Sat     ,0,0,0,0,0,0,0,0,0,0,0,0,0,0,0,0,0,0,0,0,0,0,0,0,0,37.45952,-94.09696,0,06/22/2019,10:25:00,ACCIDENT OCCURRED AS NBR 1 WENT OFF THE ROADWAY AND STRUCK A TREE.
1217151,3190016825,Missouri State Highway Patrol-Troop C,1561161600000,190353013,1,0,1,0,Personal Injury,FRANKLIN,NON-CITY OR UNINCORPORATED,C,2,2,0,153,0.03,A ,E ,IS 44,ERM EAST IS 44 MILE 2534,Daylight,Motor Vehicle in Transport,1,64,Sat     ,0,0,0,0,0,1,1,0,0,0,0,0,0,0,0,0,0,0,0,0,0,0,0,0,0,38.48356,-90.82454,0,06/22/2019,10:16:00,BOTH VEHICLES WERE TRAVELING EASTBOUND ON INTERSTATE 44. DRIVER 2 ATTEMPTED TO CHANGE LANES BUT LOST CONTROL OF THEIR VEHICLE AND TRAVELED INTO THE PATH OF VEHICLE 1.  VEHICLE 1 STRUCK VEHICLE 2.  VEHICLE 2 TRAVELED OFF THE ROADWAY AND STRUCK THE MEDIAN WALL.
1257859,3190016058,Missouri State Highway Patrol-Troop C,1561161600000,190353127,3,0,3,0,Personal Injury,ST. LOUIS,HAZELWOOD,C,2,2,0,496,0.09,A ,E ,IS 270,ERM EAST IS 270 MILE 246,Daylight,Motor Vehicle in Transport,1,61,Sat     ,0,0,0,0,1,0,1,1,1,0,0,0,0,0,0,1,0,0,0,0,1,0,0,1,0,38.78091,-90.3711,0,06/22/2019,11:10:00,VEHICLE 2 SLOWED FOR CONGESTION AHEAD. VEHICLE 1 ATTEMPTED TO SLOW AND BEGAN TO SKID AND STRUCK REAR OF VEHICLE 2 WITH ITS FRONT. AFTER IMPACT VEHICLE 1 STRUCK THE MEDIAN WALL.  ASSISTED BY CPL. V.M. KASPUT (1339)
1198213,3190017043,Missouri State Highway Patrol-Troop F,1561161600000,190353201,2,0,2,0,Personal Injury,CAMDEN,NON-CITY OR UNINCORPORATED,F,3,3,0,681,0.13,B ,S ,MO 7,RT EE,Daylight,Motor Vehicle in Transport,1,62,Sat     ,0,0,0,0,0,1,1,1,1,0,0,0,0,0,0,1,0,0,0,0,1,0,0,1,0,38.0951,-92.83425,0,06/22/2019,11:49:00,"CRASH OCCURRED AS VEHICLE 1 CROSSED THE CENTER OF THE ROADWAY AND STRUCK VEHICLES 2 AND 3. AFTER THE  COLLISION, VEHICLE 3 OVERTURNED."
1269680,3190016493,Missouri State Highway Patrol-Troop C,1561161600000,190353294,3,0,3,0,Personal Injury,JEFFERSON,NON-CITY OR UNINCORPORATED,C,2,2,0,876,0.17,A ,S ,RT F,PVT TANGLEWOOD DR,Daylight,Motor Vehicle in Transport,1,60,Sat     ,0,0,0,0,1,1,1,0,0,0,0,0,0,0,0,1,0,0,0,0,0,0,0,0,0,38.44637,-90.72558,0,06/22/2019,12:30:00,DRIVER 1 CROSSED THE CENTER LINE AND STRUCK VEHICLE 2 HEAD ON.
1128019,3190016655,Missouri State Highway Patrol-Troop E,1561161600000,190353424,1,0,1,0,Personal Injury,WAYNE,NON-CITY OR UNINCORPORATED,E,1,1,0,73,0.01,A ,W ,RT Z,CRD 519B EJ,Daylight,Fixed Object,2,,Sat     ,0,0,0,0,1,0,0,1,0,0,0,0,0,0,0,1,0,0,0,0,0,0,0,0,0,36.99205,-90.2376,0,06/22/2019,13:20:00,"TRAFFIC CRASH OCCURRED AS VEHICLE RAN OFF RIGHT SIDE OF ROADWAY, STRUCK AN EMBANKMENT, AND OVERTURNED."
1269681,3190016708,Missouri State Highway Patrol-Troop C,1561161600000,190353488,1,0,1,0,Personal Injury,JEFFERSON,NON-CITY OR UNINCORPORATED,C,1,1,0,3168,0.6,A ,N,MO 21,CRD BRITTON RD NJ,Daylight,Fixed Object,2,,Sat     ,0,0,0,0,0,0,0,1,0,0,0,0,0,0,0,0,0,0,1,0,1,0,0,1,0,38.08387,-90.63336,0,06/22/2019,13:48:00,"VEHICLE 1 EXPERIENCED A MECHANICAL FAILURE AND BEGAN TO SKID TRAVELING OFF THE RIGHT SIDE OF THE ROADWAY, STRIKING MULTIPLE TREES."
1505412,3190016657,Missouri State Highway Patrol-Troop H,1561161600000,190353710,1,0,1,0,Personal Injury,LIVINGSTON,NON-CITY OR UNINCORPORATED,H,2,2,Y,591,0.11,A ,W ,RT JJ,CRD 349,Daylight,Motor Vehicle in Transport,1,62,Sat     ,,,,,,0,0,1,0,0,0,0,0,0,0,,0,0,,0,0,1,0,0,0,39.68788,-93.50978,0,06/22/2019,15:15:00,OCCURRED WITH VEHICLE 1 WESTBOUND AND VEHICLE 2 EASTBOUND ON HWY JJ.  VEHICLES MET AT A HILLCREST AND THE DRIVERS SIDE MIRROR OF VEHICLE 2 STRUCK THE LEFT HAND OF DRIVER VEHICLE 1. BOTH VEHICLES CONTINUED ON FROM THE SCENE AND BOTH DRIVERS REPORTED THE INCIDENT SEPARATELY.
1010636,3190016792,Missouri State Highway Patrol-Troop D,1561161600000,190353798,1,0,0,1,Personal Injury,WEBSTER,NON-CITY OR UNINCORPORATED,D,1,1,0,2085,0.39,B ,W ,CRD PLANK SCHOOL RD,PVT GINGER RD,Daylight,Fixed Object,2,,Sat     ,1,0,0,0,1,0,0,0,0,0,0,0,0,0,0,1,0,0,0,0,1,0,0,1,0,37.38246,-92.86834,0,06/22/2019,15:20:00,"CRASH OCCURRED AS VEH 1 LOST CONTROL ON GRAVEL ROAD, TRAVELED OFF THE RIGHT SIDE, STRUCK A DITCH, OVERTURNED AND STRUCK A FENCE."
957903,3190016303,Missouri State Highway Patrol-Troop D,1561161600000,190353845,1,0,0,1,Personal Injury,TANEY,NON-CITY OR UNINCORPORATED,D,1,1,0,306,0.06,A ,N,US 65,ERM NORTH US 65 MILE 32,Daylight,Fixed Object,2,,Sat     ,0,0,0,0,0,0,0,1,1,0,0,0,0,0,0,1,0,0,0,0,0,1,0,0,0,36.53772,-93.24672,0,06/22/2019,16:18:00,OCCURRED AS #1 RAN OFF THE ROADWAY AND STRUCK A GUARDRAIL.
800541,3190016771,Missouri State Highway Patrol-Troop A,1561161600000,190353861,2,0,2,0,Personal Injury,SALINE,NON-CITY OR UNINCORPORATED,A,1,1,0,1056,0.2,A ,N,US 65,CRD HOLIDAY AVE,Daylight,Overturn,2,,Sat     ,0,0,0,0,0,0,1,0,0,0,0,0,0,0,0,0,0,0,0,0,0,0,0,0,0,39.14702,-93.24308,0,06/22/2019,16:24:00,"CRASH OCCURRED AS VEHICLE 1 WAS TRAVELING NORTH ON US 65. DRIVER 1 BECAME DISTRACTED BY A SPIDER LOCATED ON HER SHOULDER. VEHICLE 1 BEGAN SLIDING, TRAVELED OFF THE RIGHT SIDE OF THE ROADWAY, AND OVERTURNED. VEHICLE 1 CAME TO REST IN THE DITCH, ON IT'S TOP, FACING SOUTH.  ASSISTED BY TPR. M.J. OWENS /488/, SALINE COUNTY SHERIFF'S DEPARTMENT AND MARSHALL POLICE DEPARTMENT."
1324727,3190016710,Missouri State Highway Patrol-Troop G,1561161600000,190353893,1,0,0,1,Personal Injury,HOWELL,NON-CITY OR UNINCORPORATED,G,1,1,0,2354,0.45,A ,N,MO 17,CRD 9000,Daylight,Fixed Object,2,,Sat     ,0,0,0,0,1,0,1,0,0,0,0,0,0,0,0,1,1,0,0,0,0,0,0,0,0,36.66142,-91.8617,0,06/22/2019,16:40:00,"VEH #1 RAN OFF RIGHT SIDE OF ROADWAY, STRUCK AN EMBANKMENT AND OVERTURNED.  ASSISTED BY MSGT. R. T. REES (542)."
1198209,3190016112,Missouri State Highway Patrol-Troop F,1561161600000,190354015,1,0,1,0,Personal Injury,CAMDEN,NON-CITY OR UNINCORPORATED,F,1,1,0,3168,0.6,B ,S ,RT Z,CRD COFFMAN BEND DR,Daylight,Overturn,2,,Sat     ,0,0,0,0,1,0,0,0,0,0,0,0,0,0,0,1,0,0,0,0,0,1,0,0,0,38.14257,-93.0169,0,06/22/2019,17:25:00,"VEHICLE 1 FAILED TO NEGOTIATE A CURVE, OVERTURNED, AND STRUCK A FENCE."
793109,3190016319,Missouri State Highway Patrol-Troop A,1561161600000,190354040,1,0,1,0,Personal Injury,CASS,NON-CITY OR UNINCORPORATED,A,1,1,0,385,0.07,B ,E ,MO 58,PVT PRIVATE DR,Daylight,Fixed Object,2,,Sat     ,0,0,0,0,0,0,0,0,0,0,0,0,0,0,0,0,0,0,0,0,0,0,0,0,0,38.76387,-94.18946,0,06/22/2019,17:32:00,"VEHICLE #1 WAS EASTBOUND ON MISSOURI 58 WHEN DRIVER #1 SWERVED TO MISS A DOG IN THE ROADWAY.  VEHICLE #1 TRAVELED OFF THE NORTH SIDE OF THE ROAD, STRUCK A MAILBOX AND THEN A TREE.  ASSISTED BY TPR T C SMITH /1352/"
1510591,3190016739,Missouri State Highway Patrol-Troop H,1561161600000,190354173,1,0,1,0,Personal Injury,HARRISON,NON-CITY OR UNINCORPORATED,H,2,2,Y,2112,0.4,B ,E ,RT H,CRD E 280 AVE,Daylight,Motor Vehicle in Transport,1,64,Sat     ,0,0,0,0,0,0,0,1,1,0,0,0,0,0,0,1,0,0,0,0,0,0,1,0,0,40.14823,-93.90451,0,06/22/2019,18:15:00,"OCCURRED AS BOTH VEHICLES WERE WESTBOUND ON HWY H. AS VEHICLE 2 WAS TURNING LEFT INTO A FIELD, VEHICLE 1 ATTEMPTED TO PASS; VEHICLE 1 STRUCK VEHICLE 2 ON THE FRONT DRIVERS SIDE.  VEHICLE 1 CAME TO REST OFF THE SOUTH SIDE OF THE ROADWAY FACING WEST; VEHICLE 2 LEFT THE SCENE PRIOR TO THE TROOPER'S ARRIVAL"
1041615,3190016285,Missouri State Highway Patrol-Troop I,1561161600000,190354195,1,0,1,0,Personal Injury,MARIES,NON-CITY OR UNINCORPORATED,I,2,2,0,7920,1.5,A ,N,US 63,RT A,Daylight,Motor Vehicle in Transport,1,64,Sat     ,0,0,0,0,0,0,1,1,1,0,0,0,0,0,0,1,0,0,0,0,1,0,0,1,0,38.1445,-91.87806,0,06/22/2019,18:40:00,CRASH OCCURRED AS VEHICLE 1 TURNED INTO THE PATH OF VEHICLE 2.  VEHICLE 1 TRAVELED OFF THE ROADWAY AND OVERTURNED.  ASSISTED BY TPR R.A. TYLER (428)
1196291,3190016813,Missouri State Highway Patrol-Troop B,1561161600000,190354698,1,0,1,0,Personal Injury,MACON,NON-CITY OR UNINCORPORATED,B,1,1,0,385,0.07,B ,E ,RT PP,CRD NEVADA AVE,Dark-Unlighted,Fixed Object,2,,Sat     ,1,0,0,0,0,0,0,0,0,0,0,0,0,0,0,0,0,0,0,0,1,0,0,1,0,39.70702,-92.35611,0,06/22/2019,22:00:00,"VEHICLE 1 SWERVED TO MISS A DEER AND RAN OFF THE RIGHT SIDE OF THE ROADWAY.  VEHICLE 1 STRUCK A ROAD SIGN AND OVERTURNED COMING TO REST UPRIGHT AND CATCHING FIRE.  ASSISTED BY TPR BORGMEYER #194, THE MACON COUNTY SHERIFF'S DEPARTMENT AND MACON COUNTY RURAL FIRE."