objectid,accident,agency,inv_date,complaint,injured,killed,min_inj,dis_inj,severity,county,city,troop,no_vehicle,motor_veh,left_scene,dist_feet,dist_mile,inter_loc,direction,on_street,at_street,light_cond,acc_type,on_off_rd,two_veh,day_week,dr_drink,dr_drug,ped_drink,ped_drug,speed,dr_under21,dr_under25,dr_over55,dr_over64,electrical,emer_veh,stop_sign,yield_sign,czone,hazmat,aggressive,cell_phone,texting,veh_defect,school_bus,truck,motorcycle,atv,pickup,cmv,gps_lat,gps_long,severity_fatal,acc_date,acc_time,narrative
1324729,3190016614,Missouri State Highway Patrol-Troop G,1561161600000,190354749,1,0,1,0,Personal Injury,HOWELL,NON-CITY OR UNINCORPORATED,G,1,1,0,733,0.14,B ,W ,US 60,BRIDGE B0471,Dark-Unlighted,Fixed Object,2,,Sat     ,0,1,0,0,0,0,0,0,0,0,0,0,0,0,0,0,0,0,0,0,0,0,0,0,0,36.97629,-91.84862,0,06/22/2019,22:45:00,VEH #1 RAN OFF RIGHT SIDE OF ROADWAY AND STRUCK A GUARDRAIL.  ASSISTED BY MSGT. S. N. FOSTER (403) AND TPR. J. M. KENYON (1213).
882755,3190016210,Missouri State Highway Patrol-Troop A,1561248000000,190354882,1,0,1,0,Personal Injury,BATES,NON-CITY OR UNINCORPORATED,A,1,1,0,135,0.03,A ,S ,IS 49,ERM SOUTH IS 49 MILE 1334,Dark-Unlighted,Fixed Object,2,,Sun     ,0,0,0,0,1,1,1,0,0,0,0,0,0,0,0,1,0,0,0,0,0,0,0,0,0,38.27803,-94.35765,0,06/23/2019,00:13:00,"CRASH OCCURRED AS VEH 1 WAS SOUTHBOUND ON I 49.  VEH 1 RAN OFF THE RIGHT SIDE OF THE ROADWAY, STRUCK A MODOT SIGN AND A DITCH.  ASSISTED TPR T C SMITH /1352/"
1506687,3190016491,Missouri State Highway Patrol-Troop H,1561248000000,190355038,1,0,1,0,Personal Injury,DEKALB,NON-CITY OR UNINCORPORATED,H,1,1,0,385,0.07,B ,W ,MO 6,BRIDGE A5539,Dark-Unlighted,Other Object,1,,Sun     ,0,0,0,0,0,0,0,0,0,0,0,0,0,0,0,0,0,0,0,0,0,0,0,0,0,39.79889,-94.56616,0,06/23/2019,04:20:00,CRASH OCCURRED AS VEH 1 WAS SOUTHBOUND ON MO 6. VEH 1 STRUCK A TREE THAT HAD FALLEN ACROSS ROAD. VEH 1  CAME TO REST ON MO 6 FACING SOUTH ON ITS WHEELS. ASSISTED BY DEKALB COUNTY.
1115115,3190016066,Missouri State Highway Patrol-Troop E,1561248000000,190355061,2,0,2,0,Personal Injury,MISSISSIPPI,NON-CITY OR UNINCORPORATED,E,1,1,0,233,0.04,A ,N,IS 57,ERM NORTH IS 57 MILE 60,Daylight,Fixed Object,2,,Sun     ,0,0,0,0,0,1,1,0,0,0,0,0,0,0,0,1,0,0,0,0,0,0,0,0,0,36.90638,-89.43292,0,06/23/2019,06:05:00,CRASH OCCURRED AS VEHICLE ONE TRAVELED OFF THE RIGHT SIDE OF THE ROADWAY AND STRUCK A DITCH.
1192400,3190016966,Missouri State Highway Patrol-Troop B,1561248000000,190355067,1,0,1,0,Personal Injury,LEWIS,NON-CITY OR UNINCORPORATED,B,1,1,0,242,0.05,A ,E ,MO 6,CRD 294 305TH ST,Daylight,Overturn,2,,Sun     ,0,0,0,0,0,0,0,1,0,0,0,0,0,0,0,0,0,0,0,0,0,0,0,0,1,39.95375,-91.63754,0,06/23/2019,06:15:00,"TRAVELED OFF THE RIGHT SIDE OF THE ROADWAY AND OVERTURNED IN A DITCH. ASSISTED BY TPR. BRADLEY #185, LEWIS COUNTY AMBULANCE AND MAYWOOD FIRE DEPARTMENT."
1500198,3190016992,Missouri State Highway Patrol-Troop H,1561248000000,190355080,1,0,1,0,Personal Injury,CLINTON,NON-CITY OR UNINCORPORATED,H,1,1,0,105,0.02,B ,W ,RT PP,CRD HAYNESVILLE RD,Daylight,Animal,1,,Sun     ,0,0,0,0,0,0,0,0,0,0,0,0,0,0,0,0,0,0,0,0,0,0,0,0,0,39.45972,-94.3155,0,06/23/2019,06:16:00,CRASH OCCURRED AS VEH 1 WAS WESTBOUND ON RT PP. IMPACT OCCURRED AS DEER STRUCK THE DVR SIDE. VEH CAME TO A CONTROLLED STOP ON THE SHOULDER OF THE ROADWAY.
835365,3190016451,Missouri State Highway Patrol-Troop A,1561248000000,190355099,1,0,1,0,Personal Injury,CARROLL,NON-CITY OR UNINCORPORATED,A,1,1,0,369,0.07,A ,W ,US 24,CRD 337,Daylight,Fixed Object,2,,Sun     ,0,0,0,0,1,1,1,0,0,0,0,0,0,0,0,1,0,0,0,0,0,0,0,0,0,39.37325,-93.31665,0,06/23/2019,06:58:00,CRASH OCCURRED AS VEH1 HYDROPLANED OFF THE ROADWAY AND STRUCK A TREE.  ASSISTED BY CARROLL COUNTY SHERIFF'S DEPARTMENT
793108,3190016205,Missouri State Highway Patrol-Troop A,1561248000000,190355220,1,0,1,0,Personal Injury,CASS,NON-CITY OR UNINCORPORATED,A,1,1,0,955,0.18,A ,N,MO 7,RT TT,Daylight,Fixed Object,2,,Sun     ,0,0,0,0,0,0,0,1,0,0,0,0,0,0,0,0,0,0,0,0,1,0,0,1,0,38.60948,-94.30552,0,06/23/2019,08:55:00,CRASH OCCURRED AS VEH1 TRAVELED THROUGH WATER IN THE ROADWAY AND TRAVELED OFF THE ROADWAY.  VEH1 OVERTURNED AND CAME TO REST ON ITS WHEELS.
1043268,3190018687,Missouri State Highway Patrol-Troop I,1561248000000,190355306,1,0,1,0,Personal Injury,LACLEDE,NON-CITY OR UNINCORPORATED,I,1,1,0,197,0.04,B ,E ,IS 44,ERM EAST IS 44 MILE 1430,Daylight,Fixed Object,2,,Sun     ,0,0,0,0,1,0,0,0,0,0,0,0,0,0,0,1,0,0,0,0,0,0,0,0,1,37.75868,-92.45511,0,06/23/2019,10:19:00,CRASH OCCURRED AS VEHICLE 1'S TOWED UNIT BEGAN TO SKID CAUSING VEHICLE 1 TO JACKKNIFE.  VEHILCE 1 TRAVELED OFF OF THE LEFT SIDE OF THE ROADWAY STRIKING THE GUARDRAIL. ASSISTED BY MSGT R.A. COPELAND (308)
1043269,3190016502,Missouri State Highway Patrol-Troop I,1561248000000,190355313,1,0,1,0,Personal Injury,LACLEDE,NON-CITY OR UNINCORPORATED,I,2,2,Y,285,0.05,B ,E ,IS 44,ERM EAST IS 44 MILE 1434,Daylight,Motor Vehicle in Transport,1,63,Sun     ,0,0,0,0,0,,,,,0,0,0,0,0,,1,0,0,0,0,0,0,0,0,1,37.76165,-92.44919,0,06/23/2019,10:20:00,"CRASH OCCURRED AS VEHICLE 1 WAS OVERTAKING VEHICLE 2, DRIVER 1 STATES VEHICLE 2 MERGED INTO HER LANE CAUSING THE CRASH. VEHICLE 2 CONTINUED ON UNIDENTIFIED."
1504577,3190016719,Missouri State Highway Patrol-Troop H,1561248000000,190355463,1,0,1,0,Personal Injury,DAVIESS,NON-CITY OR UNINCORPORATED,H,1,1,0,489,0.09,A ,S ,IS 35,ERM SOUTH IS 35 MILE 676,Daylight,Fixed Object,2,,Sun     ,0,0,0,0,0,0,0,0,0,0,0,0,0,0,0,0,0,0,0,0,0,0,0,0,1,39.93262,-94.12993,0,06/23/2019,12:10:00,"CRASH OCCURRED AS VEHICLE 1 WAS SOUTHBOUND ON I35 AT THE 67.4 MILE MARKER WHERE IT SWERVED TO AVOID AN OBJECT IN THE ROADWAY. VEHICLE 1 TRAVELED OFF THE WEST SIDE OF ROADWAY, STRUCK A TREE, AND CAUGHT FIRE AFTER IMPACT. VEHICLE 1 CAME TO REST ON ITS WHEELS FACING SOUTHWEST OFF THE WEST SIDE OF THE ROADWAY. ASSISTED BY DAVIESS COUNTY SHERIFF'S DEPARTMENT, KAW FIRE DEPARTMENT, DAVIESS COUNTY EMS AND MODOT."
1012657,3190016917,Missouri State Highway Patrol-Troop D,1561248000000,190355497,1,0,1,0,Personal Injury,VERNON,NON-CITY OR UNINCORPORATED,D,1,1,0,83,0.02,A ,N,IS 49,ERM NORTH IS 49 MILE 1098,Daylight,Overturn,1,,Sun     ,0,0,0,0,0,0,0,1,0,0,0,0,0,0,0,0,0,0,1,0,0,1,0,0,0,37.94448,-94.36831,0,06/23/2019,12:35:00,"OCCURRED AS #1 OVERTURNED AND SLID INTO THE MEDIAN, EJECTING THE DRIVER."
897873,3190016207,Missouri State Highway Patrol-Troop D,1561248000000,190355794,1,0,1,0,Personal Injury,GREENE,NON-CITY OR UNINCORPORATED,D,1,1,0,26,0,B ,S ,MO 125,CRD 223,Daylight,Fixed Object,2,,Sun     ,0,0,0,0,1,0,1,0,0,0,0,0,0,0,0,1,0,0,0,0,0,0,0,0,0,37.33718,-93.13013,0,06/23/2019,15:45:00,"OCCURRED AS #1 FAILED TO NEGOTIATE A CURVE.  #1 LEFT THE ROADWAY, STRUCK A SIGN, AND FENCE"
849952,3190016723,Missouri State Highway Patrol-Troop A,1561248000000,190355852,1,0,1,0,Personal Injury,JOHNSON,LEETON,A,2,2,Y,0,0,AT,E ,MO 2,RT EE,Daylight,Motor Vehicle in Transport,1,61,Sun     ,1,0,0,0,0,0,1,0,0,0,0,0,0,0,0,0,0,0,0,0,1,0,0,1,0,38.58957,-93.69716,0,06/23/2019,16:03:00,"THIS CRASH OCCURRED AS VEHICLES 1 AND 2 WERE TRAVELING EAST ON ROUTE 2.  VEHICLE 2 SLOWED AND STOPPED TO TURN EAST ON ROUTE EE AND WAS STRUCK IN THE REAR BY VEHICLE 1.  AFTER THE IMPACT, VEHICLE 1 FLED EAST ON ROUTE EE.  VEHICLE 2 WAS EVENTUALLY MOVED TO A PRIVATE DRIVE AT 600 NORTH MAIN STREET, LEETON, MISSOURI.  MSGT M D DEGRAFFENREID /334/, CPL J D OWENS /876/, TPR A L ROYSTER /941/, CPL R C WEST /1170/, TPR J L DEDMON /229/,  AND TPR J R ATHERTON /682/."
1132456,3190016685,Missouri State Highway Patrol-Troop E,1561248000000,190355936,2,0,2,0,Personal Injury,BUTLER,NON-CITY OR UNINCORPORATED,E,2,2,0,0,0,AT,W ,US 160,RT V,Daylight,Motor Vehicle in Transport,1,64,Sun     ,0,0,0,0,0,1,1,0,0,0,0,0,0,0,0,1,0,0,0,0,1,0,0,1,0,36.66391,-90.52009,0,06/23/2019,16:30:00,TRAFFIC CRASH OCCURRED AS VEHICLE 1 FAILED TO STOP AT STOP SIGN CAUSING VEHICLE 2 TO STRIKE VEHICLE 1.
1229695,3190016182,Missouri State Highway Patrol-Troop C,1561248000000,190356001,1,0,1,0,Personal Injury,LINCOLN,NON-CITY OR UNINCORPORATED,C,1,1,0,501,0.09,B ,E ,RT KK,CRD KEITHLEY RD EJ,Daylight,Overturn,1,,Sun     ,0,0,0,0,1,0,1,0,0,0,0,0,0,0,0,1,0,0,0,0,0,1,0,0,0,39.05791,-90.9649,0,06/23/2019,17:10:00,"VEHICLE 1 WAS TRAVELING EASTBOUND ON ROUTE KK. DRIVER 1 FAILED TO NEGOTIATE A CURVE TO THE RIGHT.  VEHICLE 1 OVERTURNED, EJECTING DRIVER 1."
897871,3190016229,Missouri State Highway Patrol-Troop D,1561248000000,190356069,1,0,1,0,Personal Injury,GREENE,NON-CITY OR UNINCORPORATED,D,1,1,0,3168,0.6,A ,W ,CRD 128,CRD 97,Daylight,Fixed Object,2,,Sun     ,1,0,0,0,0,0,0,0,0,0,0,0,0,0,0,0,0,0,0,0,0,0,0,0,0,37.22073,-93.45145,0,06/23/2019,17:40:00,CRASH OCCURRED AS VEHICLE #1 WAS ATTEMPTING TO TURN LEFT OUT OF A PRIVATE DRIVE AND DROVE OFF THE LEFT SIDE OF THE ROADWAY AND STRUCK A TREE.
900609,3190016472,Missouri State Highway Patrol-Troop D,1561248000000,190356160,1,0,1,0,Personal Injury,ST. CLAIR,NON-CITY OR UNINCORPORATED,D,1,1,0,47,0.01,B ,N,MO 13,RP 1043037,Daylight,Fixed Object,2,,Sun     ,0,0,0,0,0,0,0,0,0,0,0,0,0,0,0,0,0,0,0,0,0,0,0,0,0,38.0379,-93.67978,0,06/23/2019,18:17:00,"DRIVER SUFFERED A MEDICAL CONDITION WHICH CAUSED V1 TO RUN OFF THE ROADWAY, CROSS THE MEDIAN, CROSS THE SOUTHBOUND LANES, AND STRUCK A DITCH."
1197916,3190016529,Missouri State Highway Patrol-Troop C,1561248000000,190356294,1,0,0,1,Personal Injury,LINCOLN,TROY,C,1,1,0,1584,0.3,B ,S ,EOR 61,CST WHITCOMB WOODS DR,Daylight,Fixed Object,2,,Sun     ,0,0,0,0,0,0,0,0,0,0,0,0,0,0,0,1,0,0,0,0,0,1,0,0,0,38.96427,-90.9524,0,06/23/2019,19:35:00,"VEHICLE 1 WAS TRAVELING NORTHBOUND ON BUENEMAN LANE, TRAVELED OFF THE LEFT SIDE OF THE ROADWAY, STRUCK AN EMBANKMENT, AND OVERTURNED SEVERAL TIMES, EJECTING DRIVER 1."
1064416,3190017145,Missouri State Highway Patrol-Troop I,1561248000000,190356335,2,0,2,0,Personal Injury,LACLEDE,CONWAY,I,2,2,0,5,0,B ,W ,CST JEFFERSON AVE,CST SPRUCE ST,Daylight,Motor Vehicle in Transport,1,64,Sun     ,0,0,0,0,0,1,1,0,0,0,0,1,0,0,0,1,0,0,1,0,1,0,0,1,0,37.50204,-92.82126,0,06/23/2019,20:04:00,"VEHICLE 1 SUFFERED AN EQUIPMENT FAILURE, CAUSING IT TO TRAVEL ONTO THE ROADWAY STRIKING VEHICLE 2."
1217158,3190017036,Missouri State Highway Patrol-Troop C,1561248000000,190356486,1,0,1,0,Personal Injury,FRANKLIN,NON-CITY OR UNINCORPORATED,C,1,1,0,369,0.07,B ,W ,MO 100,CRD THIEBES RD,Dark-Unlighted,Fixed Object,2,,Sun     ,1,0,0,0,0,0,0,0,0,0,0,0,0,0,0,0,0,0,0,0,0,0,0,0,0,38.4987,-90.80433,0,06/23/2019,22:20:00,"VEHICLE 1 WAS TRAVELING WESTBOUND ON MISSOURI 100, TRAVELED OFF THE RIGHT SIDE OF THE ROADWAY AND STRUCK TREES. ASSISTED BY TPR B W MASEK (1333)."
852978,3190016588,Missouri State Highway Patrol-Troop A,1561334400000,190356728,4,0,2,2,Personal Injury,PETTIS,NON-CITY OR UNINCORPORATED,A,2,2,Y,390,0.07,B ,S ,US 65,CRD WILDWOOD RD,Daylight,Motor Vehicle in Transport,1,63,Mon     ,,,,,,,,,,0,0,0,0,0,0,,0,0,,0,1,0,0,1,0,38.91561,-93.21021,0,06/24/2019,07:15:00,"CRASH OCCURRED AS VEHICLE 1 AND VEHICLE 2 WERE TRAVELING SOUTHBOUND. VEHICLE 2 SIDE-SWIPED VEHICLE 1. VEHICLE 1 LEFT THE ROADWAY AND STRUCK A CULVERT AND ROAD SIGN, COMING TO REST."
1031740,3190016387,Missouri State Highway Patrol-Troop I,1561334400000,190356753,2,0,0,2,Personal Injury,PULASKI,NON-CITY OR UNINCORPORATED,I,2,2,0,136,0.03,A ,S ,MO 17,CRD RESTFUL LANE,Daylight,Fixed Object,2,,Mon     ,0,0,0,0,0,0,0,1,0,0,0,0,0,0,0,0,0,0,0,0,0,0,0,0,0,37.87122,-92.2497,0,06/24/2019,07:35:00,"OCCURRED AS VEHICLE 1 TRAVELED OFF LEFT SIDE OF ROADWAY STRUCK A TREE, A PARKED CAR, AND STRUCK THE FRONT OF A RESIDENCE. ASSISTED BY TPR S M BLACKSTON (166)"
1269656,3190016274,Missouri State Highway Patrol-Troop C,1561334400000,190356877,1,0,0,1,Personal Injury,JEFFERSON,NON-CITY OR UNINCORPORATED,C,1,1,0,427,0.08,A ,E ,MO 30,PVT TERRI HILL DR,Daylight,Overturn,1,,Mon     ,0,0,0,0,1,0,0,0,0,0,0,0,0,0,0,1,0,0,0,0,0,1,0,0,0,38.34387,-90.6513,0,06/24/2019,08:40:00,"VEHICLE #1 WAS EASTBOUND ON MISSOURI ROUTE 30. DRIVER LOST CONTROL OF VEHICLE #1, WHICH OVERTURNED AND EJECTED DRIVER #1."
882757,3190016477,Missouri State Highway Patrol-Troop A,1561334400000,190356925,1,0,1,0,Personal Injury,BATES,NON-CITY OR UNINCORPORATED,A,2,2,0,341,0.06,A ,N,IS 49,ERM SOUTH IS 49 MILE 1236,Daylight,Motor Vehicle in Transport,1,62,Mon     ,0,0,0,0,0,0,1,1,0,0,0,0,0,0,0,1,0,0,0,0,0,0,0,0,1,38.13892,-94.35106,0,06/24/2019,09:07:00,"OCCURRED AS VEH1 TRAVELED THROUGH THE MEDIAN, BECOMING AIRBORN AND STRIKING THE TOWED UNIT OF VEHICLE 2. ASSISTED BY CPL J. E. THUSS /1206/, BATES COUNTY, AND BUTLER FIRE."
993747,3190016420,Missouri State Highway Patrol-Troop D,1561334400000,190357087,2,0,2,0,Personal Injury,STONE,NON-CITY OR UNINCORPORATED,D,2,2,0,0,0,AT,E ,US 160,CRD DOGWOOD TREE RD WJ,Daylight,Motor Vehicle in Transport,1,64,Mon     ,0,0,0,0,0,0,1,0,0,0,0,1,0,0,0,1,0,0,0,0,0,0,0,0,0,36.76737,-93.34992,0,06/24/2019,10:20:00,CRASH OCCURRED AS VEHICLE 1 WAS TRAVELING WESTBOUND ON US 160 AND COLLIDED WITH VEHICLE 2 AT THE INTERSECTION OF MO 13.
897876,3190017378,Missouri State Highway Patrol-Troop D,1561334400000,190357188,1,0,0,1,Personal Injury,GREENE,NON-CITY OR UNINCORPORATED,D,1,1,0,105,0.02,B ,W ,RT D,CRD 245,Daylight,Fixed Object,2,,Mon     ,0,0,0,0,1,0,0,0,0,0,0,0,0,0,0,1,0,0,0,0,0,0,0,0,0,37.16183,-93.09135,0,06/24/2019,11:22:00,"VEH #1 RAN OFF THE RIGHT SIDE OF THE ROADWAY, STRUCK AN EMBANKMENT, AND OVERTURNED."
1173828,3190016510,Missouri State Highway Patrol-Troop F,1561334400000,190357272,1,0,1,0,Personal Injury,CALLAWAY,NON-CITY OR UNINCORPORATED,F,1,1,0,1203,0.23,A ,N,RT J,CRD 258,Daylight,Fixed Object,2,,Mon     ,0,0,0,0,0,0,0,0,0,0,0,0,0,0,0,1,0,0,0,0,1,0,0,0,1,38.94327,-92.12849,0,06/24/2019,12:00:00,VEHICLE WAS TRAVELING NORTH ON RT J WHEN IT TRAVELED OFF THE RIGHT SIDE OF THE ROADWAY.  VEHICLE 1 RETURNED TO THE ROADWAY AND CROSSED RT J BEFORE STRIKING A MAILBOX AND OVERTURNING.  VEHICLE 1 CAME TO REST ON THE DRIVER SIDE PARTIALLY OFF THE ROADWAY FACING EAST.
1167451,3190017918,Missouri State Highway Patrol-Troop F,1561334400000,190357274,0,1,0,0,Fatal,MILLER,NON-CITY OR UNINCORPORATED,F,1,1,0,100,0.02,B ,E ,MO 52,CRD VFW RD,Daylight,Fixed Object,2,,Mon     ,0,0,0,0,0,0,0,1,1,0,0,0,0,0,0,1,0,0,0,0,0,0,0,0,0,38.3182,-92.58799,1,06/24/2019,12:04:00,"**LATE FATALITY, NEXT OF KIN NOTIFIED**    OCCURRED AS VEHICLE 1 TRAVELED OFF THE LEFT SIDE OF THE ROADWAY AND DOWN A STEEP EMBANKMENT. VEHICLE 1 THEN STRUCK SEVERAL TREES AND A CULVERT AND OVERTURNED.  MR. WARD WAS PRONOUNCED BY DR. JACOB QUICK AT THE UNIVERSITY OF MISSOURI HOSPITAL ON JUNE 24 AT 1514 HOURS.  THIS IS TROOP F'S 9TH FATALITY FOR JUNE AND THE 31ST FOR THE YEAR. **CORRECTION TO FATALITY TOTAL **"
1337520,3190017845,Missouri State Highway Patrol-Troop G,1561334400000,190357347,1,0,1,0,Personal Injury,SHANNON,NON-CITY OR UNINCORPORATED,G,2,2,0,73,0.01,A ,E ,US 60,BRIDGE B0482,Daylight,Motor Vehicle in Transport,1,61,Mon     ,0,0,0,0,0,0,0,1,1,0,0,0,0,1,0,0,0,0,0,0,1,0,0,1,1,36.99486,-91.64447,0,06/24/2019,12:30:00,OCCURRED AS VEHICLE ONE STOPPED IN A WORK ZONE AND VEHICLE TWO STRUCK THE REAR OF VEHICLE ONE. ASSISTED BY MSGT S N FOSTER (403) AND TPR C P CHATMAN (657).
1017871,3190016687,Missouri State Highway Patrol-Troop D,1561334400000,190357522,1,0,1,0,Personal Injury,NEWTON,NON-CITY OR UNINCORPORATED,D,1,1,Y,248,0.05,A ,N,CRD OLD 71 HWY,CRD CHRISTY LN,Daylight,Pedestrian,1,,Mon     ,0,0,0,0,0,0,0,0,0,0,0,0,0,0,0,1,0,0,0,0,0,0,0,0,0,37.0077,-94.46207,0,06/24/2019,13:45:00,ACCIDENT OCCURRED AS VEHICLE #1 STRUCK THE PEDESTRIAN AND HIS BICYCLE.
1229694,3190016528,Missouri State Highway Patrol-Troop C,1561334400000,190357615,1,0,1,0,Personal Injury,LINCOLN,NON-CITY OR UNINCORPORATED,C,2,2,0,7,0,A ,S ,RT H,PVT MICHAEL CT,Daylight,Motor Vehicle in Transport,1,64,Mon     ,0,0,0,0,1,0,0,0,0,0,0,0,0,0,0,1,0,0,0,0,0,1,0,0,0,39.01672,-91.01598,0,06/24/2019,14:30:00,VEHICLE 2 WAS MAKING A LEFT TURN ONTO MICHAEL CT. VEHICLE 1 CRESTED A HILL CREST AND STRUCK THE REAR OF VEHICLE 2. DRIVER 1 WAS EJECTED OFF THE ROADWAY.
1192399,3190016960,Missouri State Highway Patrol-Troop B,1561334400000,190357734,2,0,2,0,Personal Injury,LEWIS,NON-CITY OR UNINCORPORATED,B,1,1,0,11616,2.2,B ,W ,CRD LEMON ST,CRD 523 LARCH AVE,Daylight,Fixed Object,2,,Mon     ,0,0,0,0,1,1,1,0,0,0,0,0,0,0,0,1,0,0,0,0,0,0,1,0,0,39.99825,-91.68342,0,06/24/2019,15:30:00,"VEHICLE 1 FAILED TO NEGOTIATE A CURVE, TRAVELED OFF THE LEFT SIDE OF THE ROADWAY, AND STRUCK A CULVERT.  ASSISTED BY LEWIS COUNTY SHERIFF'S OFFICE AND MAYWOOD FIRE DEPARTMENT."
793110,3190016725,Missouri State Highway Patrol-Troop A,1561334400000,190358074,3,0,3,0,Personal Injury,CASS,NON-CITY OR UNINCORPORATED,A,2,2,0,1599,0.3,A ,S ,RT D,BRIDGE B0227,Daylight,Motor Vehicle in Transport,1,61,Mon     ,0,0,0,0,0,1,1,0,0,0,0,0,0,0,0,0,0,0,0,0,0,0,0,0,0,38.72889,-94.59065,0,06/24/2019,18:00:00,CRASH OCCURRED AS VEHICLE2 WAS STATIONARY WAITING TO TURN INTO A PRIVATE DRIVE. VEHICLE1 FAILED TO YIELD AND STRUCK VEHICLE2.
1269635,3190016921,Missouri State Highway Patrol-Troop C,1561334400000,190358150,1,0,1,0,Personal Injury,JEFFERSON,NON-CITY OR UNINCORPORATED,C,1,1,0,760,0.14,A ,N,CRD TINHOUSE RD,PVT WENDL RD,Daylight,Overturn,2,,Mon     ,0,0,0,0,0,1,1,0,0,0,0,0,0,0,0,0,1,0,0,0,0,0,0,0,0,38.20157,-90.6192,0,06/24/2019,18:45:00,VEHICLE #1 WAS TRAVELING NORTHBOUND TIN HOUSE RD AND TRAVELED OFF THE RIGHT SIDE OF THE ROADWAY.  VEHICLE #1 OVERTURNED TOWARD ITS PASSENGER'S SIDE AND THE TOP OF VEHICLE #1 STRUCK A TREE.
1272007,3190019000,Missouri State Highway Patrol-Troop C,1561334400000,190358185,1,0,1,0,Personal Injury,PERRY,NON-CITY OR UNINCORPORATED,C,1,1,0,110,0.02,A ,N,US 61,CRD 400,Daylight,Fixed Object,2,,Mon     ,0,0,0,0,0,0,0,1,1,0,0,0,0,0,0,1,0,0,0,0,1,0,0,1,1,37.65896,-89.76019,0,06/24/2019,19:10:00,"VEHICLE 1 WAS TRAVELING NORTHBOUND ON US-61. DRIVER 1 SUFFERED A MEDICAL CONDITION. VEHICLE 1 TRAVELED OFF THE LEFT SIDE OF THE ROADWAY, TRAVELED THROUGH A FENCE, AND STRUCK A TREE."
1300103,3190016669,Missouri State Highway Patrol-Troop C,1561334400000,190358257,1,0,1,0,Personal Injury,ST. CHARLES,WENTZVILLE,C,1,1,0,0,0,AT,W ,IS 70,ERM WEST IS 70 MILE 2062,Daylight,Fixed Object,2,,Mon     ,0,0,0,0,0,0,0,1,0,0,0,0,0,1,0,0,0,0,1,0,0,0,0,0,1,38.80654,-90.91265,0,06/24/2019,20:00:00,"VEHICLE 1 WAS TRAVELING WESTBOUND ON I-70 IN THE RIGHT LANE. VEHICLE 1'S FRONT RIGHT TIRE BLEW, CAUSING VEHICLE 1 TO STRIKE A CONCRETE BARRIER OFF THE RIGHT SIDE OF THE ROAD. ASSISTED BY CPL K  L HAMMERLING (1242)."
858584,3190018323,Missouri State Highway Patrol-Troop A,1561334400000,190358387,2,1,1,1,Fatal,JACKSON,BLUE SPRINGS,A,2,2,0,401,0.08,B ,E ,IS 70,ERM EAST IS 70 MILE 214,Dark-Unlighted,Motor Vehicle in Transport,1,60,Mon     ,1,0,0,0,0,0,0,0,0,0,0,0,0,0,0,0,0,0,0,0,0,0,0,0,0,39.02819,-94.25535,1,06/24/2019,21:25:00,"----FATAL CRASH REPORT---- NEXT OF KIN NOTIFIED----- TROOP A FATAL CRASH #35 AND FATALITY #40 OF 2019. CRASH OCCURRED AS VEHICLE 1 WAS TRAVELING WESTBOUND IN THE EASTBOUND LANES OF I-70. VEHICLE 1 STRUCK VEHICLE 2 HEAD ON. DRIVER 2 WAS PRONOUNCED DECEASED ON SCENE BY MEDICAL EXAMINER KAELA MCKENZIE AT 2125 HOURS. TPR B. W. MONTGOMERY /1348/, TPR E. N. WILSON /1417/, AND BLUE SPRINGS POLICE DEPARTMENT."
1187234,3190017645,Missouri State Highway Patrol-Troop B,1561334400000,190358390,2,0,2,0,Personal Injury,MARION,NON-CITY OR UNINCORPORATED,B,1,1,0,2275,0.43,A ,W ,CRD 230,CRD 281,Dark-Lighted,Fixed Object,2,,Mon     ,0,0,0,0,1,0,0,0,0,0,0,0,0,0,0,1,0,0,0,0,0,0,0,0,0,39.80012,-91.65543,0,06/24/2019,21:15:00,"VEHICLE 01 WAS EASTBOUND ON COUNTY ROAD 230, SWERVED TO MISS A DEER, LOST CONTROL AND TRAVELED OFF THE LEFT SIDE OF THE ROADWAY, STRUCK A CULVERT AND DOWNED TREES."
1204590,3190016701,Missouri State Highway Patrol-Troop F,1561334400000,190358460,2,0,2,0,Personal Injury,COOPER,NON-CITY OR UNINCORPORATED,F,1,1,0,5,0,A ,E ,IS 70,ERM EAST IS 70 MILE 956,Dark-Unlighted,Fixed Object,2,,Mon     ,0,0,0,0,1,0,0,0,0,0,0,0,0,0,0,1,0,0,0,0,0,0,0,0,0,38.9349,-92.89294,0,06/24/2019,22:16:00,"VEHICLE 1 EXITED THE LEFT SIDE OF THE ROADWAY, STRUCK A MEDIAN CROSSOVER, VEHICLE 1 THEN OVERTURNED AND STRUCK THE MEDIAN CABLES."
1043275,3190017581,Missouri State Highway Patrol-Troop I,1561334400000,190358480,2,0,2,0,Personal Injury,LACLEDE,NON-CITY OR UNINCORPORATED,I,1,1,Y,1673,0.32,B ,E ,CRD PECOS DRIVE,CRD GARDEN CREST RD,Dark-Lighted,Fixed Object,2,,Mon     ,1,0,0,0,1,0,0,0,0,0,0,0,0,0,0,1,0,0,0,0,0,0,0,0,0,37.7506,-92.57717,0,06/24/2019,21:45:00,"VEHICLE 1 WAS DRIVING RECKLESSLY ON PRIVATE PROPERTY WHEN THE DRIVER LOST CONTROL AND THE VEHICLE ROLLED, COMING TO REST IN A DITCH."