objectid,accident,agency,inv_date,complaint,injured,killed,min_inj,dis_inj,severity,county,city,troop,no_vehicle,motor_veh,left_scene,dist_feet,dist_mile,inter_loc,direction,on_street,at_street,light_cond,acc_type,on_off_rd,two_veh,day_week,dr_drink,dr_drug,ped_drink,ped_drug,speed,dr_under21,dr_under25,dr_over55,dr_over64,electrical,emer_veh,stop_sign,yield_sign,czone,hazmat,aggressive,cell_phone,texting,veh_defect,school_bus,truck,motorcycle,atv,pickup,cmv,gps_lat,gps_long,severity_fatal,acc_date,acc_time,narrative
1019441,3190016775,Missouri State Highway Patrol-Troop D,1561420800000,190358625,2,0,2,0,Personal Injury,HICKORY,WHEATLAND,D,2,2,0,1056,0.2,A ,S ,RT B,RT W,Dark-Unlighted,Motor Vehicle in Transport,1,61,Tue     ,0,0,0,0,0,0,0,0,0,0,1,0,0,0,0,1,0,0,0,0,0,0,0,0,0,37.95973,-93.40087,0,06/25/2019,04:18:00,VEHICLE #2 WAS PURSUING VEHICLE #1 WITH LIGHTS AND SIRENS ACTIVATED WHEN VEHICLE #1 MADE A SUDDEN STOP CAUSING VEHICLE #2 TO STRIKE VEHICLE #1 IN THE REAR.
1188743,3190016598,Missouri State Highway Patrol-Troop B,1561420800000,190358630,5,0,5,0,Personal Injury,ADAIR,NON-CITY OR UNINCORPORATED,B,5,5,0,1584,0.3,A ,W ,MO 6,CRD SPRING CREEK RD,Dark-Unlighted,Motor Vehicle in Transport,1,61,Tue     ,0,0,0,0,0,0,0,0,0,0,0,0,0,0,0,1,0,0,0,0,1,0,0,1,0,40.25545,-92.83022,0,06/25/2019,05:00:00,VEHICLE 1 OVERTOOK VEHICLE 4 AND VEHICLE 5. VEHICLE 1 ATTEMPTED TO MERGE BACK INTO WESTBOUND MO 6  AND STRUCK VEHICLE 2 IN THE REAR THEN VEHICLE 2 STRUCK VEHICLE 3 IN THE REAR. VEHICLE 3 AND VEHICLE 2 WERE  STOPPED IN TRAFFIC FOR ROAD WORK. VEHICLE 4 ATTEMPTED TO SLOW TO ALLOW VEHICLE 1 TO MERGE BACK TO THE WESTBOUND LANE AND WAS STRUCK IN THE REAR BY VEHICLE 5.
1227113,3190016402,Missouri State Highway Patrol-Troop C,1561420800000,190358680,2,0,2,0,Personal Injury,ST. LOUIS,NON-CITY OR UNINCORPORATED,C,2,2,0,422,0.08,A ,N,IS 55,ERM NORTH IS 55 MILE 1944,Daylight,Motor Vehicle in Transport,1,61,Tue     ,0,0,0,0,0,1,1,0,0,0,0,0,0,0,0,0,0,0,0,0,0,0,0,0,0,38.47587,-90.36342,0,06/25/2019,06:40:00,"VEHICLE 1 SLOWED FOR TRAFFIC CONGESTION. VEHICLE 2 STRUCK THE REAR OF VEHICLE 1 THEN TRAVELED OFF THE RIGHT SIDE OF THE ROADWAY, STRUCK A ROCK BLUFF AND OVERTURNED. ASSISTED BY TPR B.C. BRIDGES (723)"
943135,3190016441,Missouri State Highway Patrol-Troop D,1561420800000,190358741,2,0,2,0,Personal Injury,DALLAS,NON-CITY OR UNINCORPORATED,D,1,1,Y,1288,0.24,B ,W ,MO 32,CRD CAVE CREEK,Daylight,Fixed Object,2,,Tue     ,,,,,,0,0,0,0,0,0,0,0,0,0,,0,0,,0,0,0,0,0,0,37.61426,-92.86392,0,06/25/2019,07:10:00,ACCIDENT OCCURRED AS VEHICLE #1 TRAVELED OFF THE RIGHT SIDE OF THE ROAD AND STRUCK A FENCE.
1031743,3190017351,Missouri State Highway Patrol-Troop I,1561420800000,190358789,2,0,2,0,Personal Injury,PULASKI,NON-CITY OR UNINCORPORATED,I,2,2,0,0,0,AT,N,RT T,CRD ROSETTE RD,Daylight,Motor Vehicle in Transport,1,61,Tue     ,0,0,0,0,0,0,0,0,0,0,0,0,0,0,0,0,0,0,0,0,0,0,0,0,0,37.82075,-92.25546,0,06/25/2019,07:54:00,VEHICLE 2 SLOWED TO TURN LEFT AND WAS STRUCK BY VEHICLE.
902018,3190016305,Missouri State Highway Patrol-Troop D,1561420800000,190359016,1,0,0,1,Personal Injury,CHRISTIAN,OZARK,D,2,2,0,591,0.11,B ,W ,RT CC,CRD FREMONT RD,Daylight,Motor Vehicle in Transport,1,61,Tue     ,0,0,0,0,0,0,0,1,1,1,0,0,0,0,0,1,0,0,0,0,0,0,0,0,0,37.06998,-93.24395,0,06/25/2019,09:38:00,VEHICLE #1 WAS STOPPED IN TRAFFIC AND WAS STRUCK IN THE REAR BY VEHICLE #2.
1273534,3190017359,Missouri State Highway Patrol-Troop C,1561420800000,190359046,1,0,1,0,Personal Injury,ST. FRANCOIS,NON-CITY OR UNINCORPORATED,C,1,1,0,1800,0.34,B ,W ,RT T,PVT NIKE LN,Daylight,Fixed Object,2,,Tue     ,0,0,0,0,0,0,0,1,0,0,0,0,0,0,0,0,0,0,0,0,1,0,0,1,0,37.6779,-90.21476,0,06/25/2019,09:40:00,VEHICLE 1 TRAVELED OFF THE RIGHT SIDE OF THE ROADWAY.  DRIVER 1 OVERCORRECTED TO THE LEFT CAUSING VEHICLE 1 TO TRAVEL OFF THE LEFT SIDE OF THE ROADWAY. VEHICLE 1 TRAVELED OVER A DRIVEWAY AND BECAME AIRBORNE BEFORE COMING TO REST.
1269636,3190016630,Missouri State Highway Patrol-Troop C,1561420800000,190359049,1,0,1,0,Personal Injury,JEFFERSON,NON-CITY OR UNINCORPORATED,C,1,1,0,253,0.05,B ,W ,RT A,CRD HARRISON LAKE RD,Daylight,Fixed Object,2,,Tue     ,0,0,0,0,0,0,0,1,1,0,0,0,0,0,0,0,0,0,0,0,0,0,0,0,0,38.2151,-90.43593,0,06/25/2019,09:45:00,"VEHICLE #1 TRAVELED OFF THE RIGHT SIDE OF THE ROADWAY, CROSSED HARRISON LAKE ROAD AND TRAVELED DOWN AN EMBANKMENT, COMING TO REST FACING NORTHWEST."
1322109,3190016618,Missouri State Highway Patrol-Troop G,1561420800000,190359223,1,0,1,0,Personal Injury,TEXAS,NON-CITY OR UNINCORPORATED,G,2,2,0,1932,0.37,A ,E ,CRD RANCH RD,CRD WAGNER RD,Daylight,Motor Vehicle in Transport,1,60,Tue     ,0,0,0,0,0,0,0,0,0,0,0,0,0,0,0,0,0,0,0,0,1,0,0,1,0,37.16659,-91.82116,0,06/25/2019,10:45:00,VEHICLE 1 SLOWED FOR A 90 DEGREE CORNER AND COLLIDED WITH ONCOMING VEHICLE 2.
1035834,3190016583,Missouri State Highway Patrol-Troop I,1561420800000,190359623,1,0,1,0,Personal Injury,PHELPS,NON-CITY OR UNINCORPORATED,I,1,1,0,1499,0.28,B ,N,CRD 8010,CRD 8030,Daylight,Overturn,2,,Tue     ,1,0,0,0,0,0,0,0,0,0,0,0,0,0,0,1,0,0,0,0,0,1,0,0,0,37.97922,-91.76407,0,06/25/2019,14:00:00,"CRASH OCCURRED AS VEHICLE 1  TRAVLED ACROSS CENTER OF ROADWAY,  VEHICLE 1 THEN TRAVELED OFF THE LEFT SIDE OF THE ROADWAY, OVER TURNED AND STRUCK A FENCE."
807410,3190017723,Missouri State Highway Patrol-Troop A,1561420800000,190359639,1,0,1,0,Personal Injury,JACKSON,RIVER BEND,A,3,3,0,0,0,AT,W ,MO 210,RP 5966,Daylight,Motor Vehicle in Transport,1,64,Tue     ,0,0,0,0,0,0,0,1,1,1,0,0,0,0,0,1,0,0,0,0,1,0,0,0,1,39.18394,-94.39774,0,06/25/2019,14:10:00,"CRASH OCCURRED AS VEHICLE 1 FAILED TO YIELD, ENTERED AN INTERSECTION AND WAS STRUCK BY VEHICLE 2. VEHICLE 1 SLID INTO THE MEDIAN AND ONTO THE EASTBOUND LANES STRIKING VEHICLE 3. VEHICLE 2 CAME TO REST OFF THE RIGHT SIDE OF THE ROADWAY AND JACK-KNIFED ACROSS THE LANES OF TRAFFIC.ASSISTED BY TPR A.D LINDGREN /665/ AND CLAY COUNTY SHERIFF'S OFFICE."
993750,3190016385,Missouri State Highway Patrol-Troop D,1561420800000,190359733,1,0,1,0,Personal Injury,STONE,NON-CITY OR UNINCORPORATED,D,1,1,0,1100,0.21,B ,N,RT JJ,PVT PANORAMA POINT,Daylight,Fixed Object,2,,Tue     ,0,0,0,0,0,0,0,1,1,0,0,0,0,0,0,0,0,0,0,0,0,0,0,0,0,36.56837,-93.35195,0,06/25/2019,14:55:00,"CRASH OCCURRED AS VEHICLE 1 RAN OFF RIGHT SIDE OF ROADWAY, STRUCK A CULVERT AND OVERTURNED."
1292199,3190016845,Missouri State Highway Patrol-Troop C,1561420800000,190359981,1,0,1,0,Personal Injury,ST. CHARLES,NON-CITY OR UNINCORPORATED,C,1,1,0,140,0.03,A ,S ,CRD KNAUST RD,CST BERKSHIRE DOWNS DR,Daylight,Fixed Object,2,,Tue     ,0,0,0,0,0,0,0,0,0,0,0,0,0,0,0,1,0,0,0,0,0,0,0,0,0,38.76619,-90.67357,0,06/25/2019,16:35:00,VEHICLE 1 WAS TRAVELING SOUTH ON KNAUST ROAD. VEHICLE 1 EXITED THE ROADWAY TO THE RIGHT. VEHICLE 1 STRUCK A CURB AND OVERTURNED.
1257900,3190018829,Missouri State Highway Patrol-Troop C,1561420800000,190360077,3,0,3,0,Personal Injury,ST. LOUIS,HAZELWOOD,C,4,4,0,63,0.01,B ,W ,IS 270,CST MISSOURI BOTTOM ROAD,Daylight,Motor Vehicle in Transport,1,61,Tue     ,0,1,0,0,0,0,0,0,0,0,0,0,0,0,0,1,0,0,0,0,1,0,0,1,0,38.77291,-90.40037,0,06/25/2019,17:08:00,VEHICLES 1 AND 2 WERE IN LANE 3. VEHICLE 1 WAS BEHIND VEHICLE 2. THE FRONT OF VEHICLE 1 STRUCK THE REAR OF VEHICLE 2.  VEHICLE 2 TRAVELED TO THE LEFT AND STRUCK THE RIGHT SIDE OF VEHICLE 3. VEHICLE 3 TRAVELED OFF THE LEFT SIDE OF THE ROADWAY AND STRUCK THE CONCRETE MEDIAN AND OVERTURNED. VEHICLE 2 CONTINUED AND STRUCK THE REAR OF VEHICLE 4. ASSISTED BY MSGT. M. E. BRONIEC (598) AND TPR. Q. H. HOOKS (373)
1269634,3190016573,Missouri State Highway Patrol-Troop C,1561420800000,190360181,1,0,1,0,Personal Injury,JEFFERSON,NON-CITY OR UNINCORPORATED,C,2,2,0,0,0,AT,N,US 67,PVT MONTAUK DR,Daylight,Motor Vehicle in Transport,1,64,Tue     ,0,0,0,0,0,0,0,0,0,0,0,1,0,0,0,1,0,0,0,0,0,0,0,0,0,38.16735,-90.45069,0,06/25/2019,18:00:00,VEHICLE 1 WAS STOPPED ON WESTBOUND MONTAUK DR TO CROSS OVER US-67. VEHICLE 2 WAS NORTHBOUND ON US-67. DRIVER 1 PULLED INTO THE PATH OF VEHICLE 2. THE FRONT OF VEHICLE 2 STRUCK THE LEFT SIDE OF VEHICLE 1.
1130826,3190016665,Missouri State Highway Patrol-Troop E,1561420800000,190360489,1,0,1,0,Personal Injury,CAPE GIRARDEAU,NON-CITY OR UNINCORPORATED,E,2,2,0,4,0,B ,N,US 61,PVT DOGWOOD DRIVE,Dark-Unlighted,Motor Vehicle in Transport,1,64,Tue     ,0,0,0,0,0,0,0,1,1,0,0,1,0,0,0,1,0,0,0,0,1,0,0,0,1,37.46778,-89.64366,0,06/25/2019,20:50:00,"CRASH OCCURRED AS VEHICLE 1 PULLED INTO THE PATH OF VEHICLE 2, VEHICLE  2 STRUCK VEHICLE 1."
1257122,3190016575,Missouri State Highway Patrol-Troop C,1561420800000,190360585,1,0,1,0,Personal Injury,JEFFERSON,FESTUS,C,1,1,0,10,0,B ,S ,IS 55,ERM SOUTH IS 55 MILE 1736,Dark-Unlighted,Fixed Object,2,,Tue     ,1,0,0,0,0,0,0,1,0,0,0,0,0,0,0,0,0,0,0,0,0,0,0,0,0,38.186,-90.38978,0,06/25/2019,22:04:00,"DRIVER 1 FELL ASLEEP. VEHICLE 1 TRAVELED OFF THE  LEFT SIDE OF ROADWAY, STRUCK A GUARDRAIL, AND A CABLE BARRIER."
1119296,3190016667,Missouri State Highway Patrol-Troop E,1561507200000,190360672,2,0,2,0,Personal Injury,BOLLINGER,NON-CITY OR UNINCORPORATED,E,1,1,0,4224,0.8,B ,E ,CRD 634,CRD 235,Dark-Unlighted,Other Object,2,,Tue     ,0,0,0,0,0,0,0,0,0,0,0,0,0,0,0,0,0,0,0,0,1,0,0,1,0,37.05471,-89.99196,0,06/25/2019,21:30:00,"CRASH OCCURRED AS VEHICLE 1 RAN OFF THE ROADWAY, STRUCK A GRAVEL BARRIER, STRUCK A BRIDGE AND OVERTURNED."
839677,3190017225,Missouri State Highway Patrol-Troop A,1561507200000,190360706,1,0,1,0,Personal Injury,LAFAYETTE,NON-CITY OR UNINCORPORATED,A,1,1,0,820,0.16,A ,N,CRD SHELBY RD,CRD JENNINGS RD,Dark-Unlighted,Fixed Object,2,,Wed     ,0,0,0,0,0,1,1,0,0,0,0,0,0,0,0,1,0,0,0,0,0,0,0,0,0,39.02521,-93.6944,0,06/26/2019,00:20:00,OCCURRED AS VEH1 TRAVELED OFF ROADWAY AND STRUCK A DITCH.
897954,3190016714,Missouri State Highway Patrol-Troop D,1561507200000,190360887,1,0,1,0,Personal Injury,GREENE,NON-CITY OR UNINCORPORATED,D,1,1,0,443,0.08,A ,W ,RT BB,CRD 51,Daylight,Fixed Object,2,,Wed     ,0,0,0,0,0,0,0,0,0,0,0,0,0,0,0,0,0,0,0,0,1,0,0,1,0,37.41103,-93.53643,0,06/26/2019,07:15:00,OCCURRED AS VEH1 RAN OFF THE ROADWAY AND STRUCK ROAD SIGNS AND A POST.
947933,3190016388,Missouri State Highway Patrol-Troop D,1561507200000,190361097,1,0,1,0,Personal Injury,BARTON,NON-CITY OR UNINCORPORATED,D,1,1,0,918,0.17,B ,S ,CRD SE 1ST LN,CRD SE 30TH RD,Daylight,Overturn,2,,Wed     ,0,0,0,0,1,0,0,1,0,0,0,0,0,0,0,1,0,0,0,0,0,1,0,0,0,37.45887,-94.29806,0,06/26/2019,08:35:00,"VEH1 FAILED TO NEGOTIATE A CURVE, RAN OFF ROADWAY AND OVERTURNED"
799236,3190017843,Missouri State Highway Patrol-Troop A,1561507200000,190361188,1,0,1,0,Personal Injury,JACKSON,LEES SUMMIT,A,2,2,0,142,0.03,A ,W ,IS 470,ERM SOUTH IS 470 MILE 110,Daylight,Parked Motor Vehicle,2,68,Wed     ,0,0,0,0,0,0,0,1,0,0,0,0,0,0,0,0,0,0,0,0,0,0,0,0,0,38.9595,-94.35973,0,06/26/2019,09:30:00,"CRASH OCCURRED AS VEHICLE 2 WAS STATIONARY OFF THE LEFT SIDE OF THE ROADWAY. VEHICLE 1 APPLIED BRAKES, LOST CONTROL AND STRUCK VEHICLE 2. ON IMPACT VEHICLE 2 WAS PUSHED INTO A PEDESTRIAN."
1156741,3190017057,Missouri State Highway Patrol-Troop E,1561507200000,190361573,1,0,0,1,Personal Injury,SCOTT,NON-CITY OR UNINCORPORATED,E,1,1,0,248,0.05,B ,S ,US 61,CRD 450,Daylight,Overturn,2,,Wed     ,0,0,0,0,0,0,0,0,0,0,0,0,0,0,0,0,0,0,0,0,0,0,0,0,0,36.95466,-89.61814,0,06/26/2019,12:08:00,"CRASH OCCURRED AS VEHICLE 1 AVOIDED ANOTHER VEHICLE AND RAN OFF ROADWAY, OVERTURNING"
1111325,3190016749,Missouri State Highway Patrol-Troop E,1561507200000,190361803,1,0,1,0,Personal Injury,DUNKLIN,NON-CITY OR UNINCORPORATED,E,1,1,0,1003,0.19,A ,N,RT WW,PVT MORRIS STATE PARK,Daylight,Fixed Object,2,,Wed     ,0,0,0,0,1,1,1,0,0,0,0,0,0,0,0,1,0,0,0,0,0,0,0,0,0,36.55649,-90.04756,0,06/26/2019,14:00:00,"CRASH OCCURRED AS VEHICLE 1 FAILED TO NEGOTIATE A CURVE,  RAN OFF RIGHT SIDE OF ROADWAY, AND STRUCK SEVERAL TREES."
1324753,3190016821,Missouri State Highway Patrol-Troop G,1561507200000,190361886,1,0,1,0,Personal Injury,HOWELL,NON-CITY OR UNINCORPORATED,G,1,1,0,570,0.11,A ,W ,RT ZZ,BRIDGE N0498,Daylight,Fixed Object,2,,Wed     ,0,0,0,0,0,1,1,0,0,0,0,0,0,0,0,0,0,0,0,0,0,0,0,0,0,36.7117,-91.77656,0,06/26/2019,14:44:00,VEHICLE #1 RAN OFF RIGHT SIDE OF ROADWAY AND STRUCK AN EMBANKMENT.
947935,3190016543,Missouri State Highway Patrol-Troop D,1561507200000,190362255,1,0,1,0,Personal Injury,BARTON,NON-CITY OR UNINCORPORATED,D,1,1,0,242,0.05,A ,N,RT T,CRD SE 80TH RD,Daylight,Overturn,1,,Wed     ,0,0,0,0,0,1,1,0,0,0,0,0,0,0,0,0,0,0,0,0,1,0,0,1,0,37.38169,-94.1905,0,06/26/2019,17:35:00,"VEHICLE #1 TRAVELED OFF THE RIGHT SIDE OF THE ROADWAY AND DRIVER OVER CORRECTED.  VEHICLE #1 RETURNED TO THE ROADWAY, BEGAN SKIDDING AND OVERTURNED THEN TRAVELED OFF THE LEFT SIDE OF THE ROADWAY."
1273556,3190017358,Missouri State Highway Patrol-Troop C,1561507200000,190362267,1,0,1,0,Personal Injury,ST. FRANCOIS,NON-CITY OR UNINCORPORATED,C,1,1,0,79,0.01,B ,S ,RT B,CRD RUSSELL RD,Daylight,Fixed Object,2,,Wed     ,0,0,0,0,1,0,0,0,0,0,0,0,0,0,0,1,0,0,0,0,0,0,0,0,0,37.78794,-90.53544,0,06/26/2019,17:35:00,VEHICLE 1 WAS TRAVELING SOUTH ON ROUTE B. VEHICLE 1 TRAVELED OFF THE RIGHT SIDE OF THE ROAD AND STRUCK TOW SIGNS AND A TREE.
1211287,3190017250,Missouri State Highway Patrol-Troop F,1561507200000,190362376,2,0,2,0,Personal Injury,COLE,NON-CITY OR UNINCORPORATED,F,5,5,0,393,0.07,B ,W ,RT C,CRD MEADOWS FORD SPUR WJ,Daylight,Motor Vehicle in Transport,1,61,Wed     ,0,0,0,0,0,1,1,1,0,0,0,0,0,1,0,0,0,0,0,0,1,0,0,1,0,38.53268,-92.34117,0,06/26/2019,18:26:00,"CRASH OCCURRED AS VEHICLES  2, 3, 4, AND 5 WERE STOPPED IN A TRAFFIC  CONSTRUCTION ZONE. VEHICLE 1 STRUCK VEHICLE 2 IN REAR CAUSING VEHICLE 2 TO STRIKE VEHICLE 3 WHICH CAUSED VEHICLE 3 TO STRIKE VEHICLE 4 WHICH CAUSED VEHICLE 4 TO STRIKE VEHICLE 5.  ASSISTED BY COLE COUNTY SHERIFF'S OFFICE."
852975,3190017073,Missouri State Highway Patrol-Troop A,1561507200000,190362423,1,0,1,0,Personal Injury,PETTIS,NON-CITY OR UNINCORPORATED,A,1,1,0,195,0.04,A ,N,MO 127,CRD S HINKEN RD,Daylight,Overturn,2,,Unk     ,0,0,0,0,0,0,0,0,0,0,0,0,0,0,0,0,0,0,0,0,0,1,0,0,0,38.61129,-93.41547,0,06/26/2019,00:00:00,CRASH OCCURRED AS VEHICLE #1 WAS NORTHBOUND ON MO 127 WHEN DRIVER #1 AVOIDED A COLLISION WITH AN UNKNOWN VEHICLE AND TRAVELED INTO THE DITCH.
1198217,3190016912,Missouri State Highway Patrol-Troop F,1561507200000,190362461,2,0,2,0,Personal Injury,CAMDEN,NON-CITY OR UNINCORPORATED,F,1,1,0,765,0.14,A ,N,CRD SHADE TREE DR,PVT HERMIT RIDGE DR,Daylight,Fixed Object,2,,Wed     ,0,0,0,0,1,1,1,0,0,0,0,0,0,0,0,1,0,0,0,0,1,0,0,1,0,38.04971,-92.81076,0,06/26/2019,19:15:00,CRASH OCCURRED AS VEHICLE 1 WAS TRAVELING NORTHBOUND ON SHADETREE DRIVE .VEHICLE 1 RAN OFF THE RIGHT SIDE OF THE ROADWAY AND RETURNED TO ROADWAY AND OVERCORRECTED. VEHICLE 1  RAN OFF RIGHT SIDE OF ROADWAY AGAIN AND STRUCK A TREE. ASSISTED BY SGT. J. E. LOWARY (466).
897952,3190016567,Missouri State Highway Patrol-Troop D,1561507200000,190362464,2,0,2,0,Personal Injury,GREENE,NON-CITY OR UNINCORPORATED,D,1,1,0,2112,0.4,A ,W ,CRD 66,CRD 189,Daylight,Fixed Object,2,,Wed     ,0,0,0,0,1,1,1,0,0,0,0,0,0,0,0,1,0,0,0,0,0,0,0,0,0,37.31974,-93.21079,0,06/26/2019,19:20:00,"CRASH OCCURRED AS VEHICLE #1 RAN PARTIALLY OFF THE ROADWAY, OVERCORRECTED, RAN OFF THE RIGHT SIDE OF THE ROADWAY AND STRUCK A FENCE."
1229692,3190016997,Missouri State Highway Patrol-Troop C,1561507200000,190362583,1,0,0,1,Personal Injury,LINCOLN,NON-CITY OR UNINCORPORATED,C,1,1,0,343,0.06,A ,S ,MO 47,PVT KIRSTEN DR,Daylight,Overturn,2,,Wed     ,1,0,0,0,1,0,0,0,0,0,0,0,0,0,0,1,0,0,0,0,0,0,0,0,0,38.9939,-90.87495,0,06/26/2019,20:38:00,VEHICLE 1 WAS TRAVELING EASTBOUND ON ROUTE 47 AND TRAVELED OFF THE RIGHT SIDE OF THE ROADWAY. DRIVER 1 OVERCORRECTED. VEHICLE 1 TRAVELED OFF THE LEFT SIDE OF THE ROADWAY AND OVERTURNED.
1156743,3190016693,Missouri State Highway Patrol-Troop E,1561593600000,190362921,1,0,1,0,Personal Injury,SCOTT,NON-CITY OR UNINCORPORATED,E,1,1,0,45,0.01,B ,W ,RT ZZ,RT BB,Daylight,Fixed Object,2,,Thu     ,0,0,0,0,0,0,0,0,0,0,0,1,0,0,0,1,0,0,0,0,0,0,0,0,0,36.91921,-89.63391,0,06/27/2019,06:00:00,CRASH OCCURRED AS VEHICLE ONE TRAVELED OFF THE LEFT SIDE OF THE ROADWAY AND STRUCK A DITCH.
1229693,3190017328,Missouri State Highway Patrol-Troop C,1561593600000,190362936,1,0,1,0,Personal Injury,LINCOLN,NON-CITY OR UNINCORPORATED,C,1,1,0,1584,0.3,A ,N,RT J,PVT IMPERIAL DR,Dark-Unlighted,Fixed Object,2,,Thu     ,0,0,0,0,1,0,0,0,0,0,0,0,0,0,0,1,0,0,0,0,0,1,0,0,0,38.88874,-91.01133,0,06/27/2019,00:30:00,VEHICLE 1 LOST CONTROL AND TRAVELED OFF THE ROADWAY.
1212758,3190017968,Missouri State Highway Patrol-Troop C,1561593600000,190362964,1,0,1,0,Personal Injury,WASHINGTON,NON-CITY OR UNINCORPORATED,C,2,2,0,0,0,AT,S ,RT E,CRD RADIO STATION RD,Daylight,Motor Vehicle in Transport,1,64,Thu     ,0,0,0,0,0,0,0,1,1,0,0,0,0,0,0,1,0,0,0,0,1,0,0,1,0,37.96054,-90.73722,0,06/27/2019,06:45:00,VEHICLE 1 WAS TRAVELING NORTHBOUND ON ROUTE E BEHIND VEHICLE 2. VEHICLE 2 SLOWED TO MAKE A LEFT TURN.  DRIVER 1 ATTEMPTED TO PASS VEHICLE 2 ON THE LEFT.  THE FRONT OF VEHICLE 1 STRUCK VEHICLE 2.  THE IMPACT FORCED VEHICLE 1 OFF THE LEFT SIDE OF THE ROADWAY.
880762,3190017610,Missouri State Highway Patrol-Troop A,1561593600000,190362993,1,0,0,1,Personal Injury,JOHNSON,WARRENSBURG,A,2,2,0,10,0,B ,N,BU 13,CST DRUMMOND STREET,Daylight,Motor Vehicle in Transport,1,61,Thu     ,0,0,0,0,0,0,0,1,0,0,0,0,0,0,0,1,0,0,0,0,0,1,0,0,0,38.75488,-93.73608,0,06/27/2019,07:00:00,CRASH OCCURRED VEHICLE 2 WAS TURNING TO MAKE A LEFT HAND TURN AND WAS STRUCK IN THE REAR BY VEHICLE 1.
1000426,3190016982,Missouri State Highway Patrol-Troop D,1561593600000,190362998,4,0,4,0,Personal Injury,GREENE,SPRINGFIELD,D,3,3,Y,73,0.01,B ,S ,MO 13,PVT GOLDEN PLAZA-WALMART,Daylight,Motor Vehicle in Transport,1,61,Thu     ,0,0,0,0,0,0,1,0,0,1,0,0,0,0,0,1,0,0,0,0,1,0,0,1,0,37.24755,-93.31081,0,06/27/2019,07:48:00,ACCIDENT OCCURRED AS VEHICLE #1 ATTEMPTED TO PASS VEHICLES #2 AND #3 WHILE THEY WERE STOPPED AT A STOPLIGHT AND STRUCK THE BOTH IN THE REAR.
1198231,3190017083,Missouri State Highway Patrol-Troop F,1561593600000,190363066,1,0,1,0,Personal Injury,CAMDEN,NON-CITY OR UNINCORPORATED,F,2,2,0,10,0,A ,S ,CRD CARROLL CUT THRU,CRD OZARK ISLE DR,Daylight,Motor Vehicle in Transport,1,64,Thu     ,0,0,0,0,0,1,1,1,1,0,0,1,0,0,0,1,0,0,0,0,1,0,0,1,0,37.9941,-92.81484,0,06/27/2019,07:50:00,OCCURRED AS VEHICLE 1 PULLED INTO THE PATH OF APPROACHING VEHICLE 2
1126309,3190016688,Missouri State Highway Patrol-Troop E,1561593600000,190363092,1,0,1,0,Personal Injury,PEMISCOT,NON-CITY OR UNINCORPORATED,E,1,1,0,163,0.03,A ,E ,US 412,PVT DEL,Daylight,Fixed Object,2,,Thu     ,0,0,0,0,1,0,0,0,0,0,0,0,0,0,0,1,0,0,0,0,0,0,0,0,0,36.23383,-89.82071,0,06/27/2019,08:21:00,CRASH OCCURRED AS VEHICLE ONE RAN OFF THE RIGHT SIDE OF THE ROADWAY AND STRUCK A DITCH
1176855,3190017062,Missouri State Highway Patrol-Troop F,1561593600000,190363117,1,0,1,0,Personal Injury,MONTGOMERY,NON-CITY OR UNINCORPORATED,F,1,1,0,353,0.07,A ,W ,IS 70,ERM WEST IS 70 MILE 1770,Daylight,Fixed Object,2,,Thu     ,0,0,0,0,0,0,0,1,0,0,0,0,0,0,0,1,0,0,0,0,0,0,0,0,0,38.89066,-91.42461,0,06/27/2019,08:20:00,DRIVER 1 FELL ASLEEP AND LOST CONTROL OF VEHICLE 1.  VEHICLE 1 WENT OFF THE ROADWAY AND STRUCK A DITCH.  ASSISTED BY THE MONTGOMERY COUNTY SO
1273558,3190017969,Missouri State Highway Patrol-Troop C,1561593600000,190363208,1,0,1,0,Personal Injury,ST. FRANCOIS,NON-CITY OR UNINCORPORATED,C,1,1,0,770,0.15,A ,S ,US 67,PVT PK FRA3 A,Daylight,Fixed Object,2,,Thu     ,0,0,0,0,0,0,0,0,0,0,0,0,0,0,0,0,0,0,0,0,0,0,0,0,0,37.97209,-90.53858,0,06/27/2019,08:55:00,VEHICLE 1 TRAVELED OFF THE RIGHT SIDE OF THE ROADWAY AND OVERTURNED.
1210699,3190017076,Missouri State Highway Patrol-Troop C,1561593600000,190363306,2,0,1,1,Personal Injury,ST. LOUIS,BERKELEY,C,2,2,0,0,0,AT,W ,CST FROST AVE,CST NORTH HANLEY ROAD,Daylight,Motor Vehicle in Transport,1,64,Thu     ,0,0,0,0,0,0,0,0,0,1,1,0,0,0,0,1,0,0,0,0,0,0,0,0,0,38.76264,-90.33693,0,06/27/2019,09:32:00,"VEHICLE 1 WAS TRAVELING WESTBOUND ON FROST AVE, RESPONDING TO AN EMERGENCY CALL.  VEHICLE 2 WAS TRAVELING NORTHBOUND ON HANLEY RD.  VEHICLE 1 ENTERED THE INTERSECTION AND THE FRONT LEFT OF VEHICLE 2 STRUCK THE LEFT SIDE ON VEHICLE 1.  ASSISTED BY CPL V. M. KASPUT (1339) AND TPR Q. H. HOOKS (373)"
793106,3190016523,Missouri State Highway Patrol-Troop A,1561593600000,190363440,4,0,4,0,Personal Injury,CASS,NON-CITY OR UNINCORPORATED,A,2,2,0,0,0,AT,N,IS 49,ERM SOUTH IS 49 MILE 1652,Daylight,Motor Vehicle in Transport,1,61,Thu     ,0,0,0,0,0,0,0,0,0,0,0,0,0,0,0,0,0,0,0,0,0,0,0,0,0,38.69891,-94.43212,0,06/27/2019,10:37:00,"CRASH OCCURRED AS VEHICLE 1 STRUCK THE REAR OF VEHICLE 2 AND THEN TRAVELED OFF THE RIGHT SIDE OF THE ROADWAY.  ASSISTED BY CPL J E THUSS /1206/, TPR B R PETERS /1384/ AND CASS COUNTY DEPUTIES."