objectid,accident,agency,inv_date,complaint,injured,killed,min_inj,dis_inj,severity,county,city,troop,no_vehicle,motor_veh,left_scene,dist_feet,dist_mile,inter_loc,direction,on_street,at_street,light_cond,acc_type,on_off_rd,two_veh,day_week,dr_drink,dr_drug,ped_drink,ped_drug,speed,dr_under21,dr_under25,dr_over55,dr_over64,electrical,emer_veh,stop_sign,yield_sign,czone,hazmat,aggressive,cell_phone,texting,veh_defect,school_bus,truck,motorcycle,atv,pickup,cmv,gps_lat,gps_long,severity_fatal,acc_date,acc_time,narrative
1189791,3190018941,Missouri State Highway Patrol-Troop B,1561593600000,190363531,1,1,0,1,Fatal,LINN,NON-CITY OR UNINCORPORATED,B,2,2,0,528,0.1,A ,N,MO 129,CRD NEWTON RD,Daylight,Motor Vehicle in Transport,1,60,Thu     ,0,0,0,0,0,0,0,1,1,0,0,0,0,0,0,1,0,0,0,0,1,0,0,1,0,39.80848,-92.8792,1,06/27/2019,11:20:00,FATALITY ACCIDENT:  VEHICLE 1 SOUTH BOUND AND CROSSED INTO THE PATH OF NORTHBOUND VEHICLE 2.  VEHICLES STRUCK IN THE ROADWAY WHERE THEY CAME TO REST.   DRIVER OF VEHICLE 1 PRONOUNCED DECEASED AT THE SCENE BY LINN COUNTY CORONER KENNY CREASON  AT 1230 HOURS.    NEXT OF KIN NOTIFIED.
1130828,3190016956,Missouri State Highway Patrol-Troop E,1561593600000,190363652,3,0,3,0,Personal Injury,CAPE GIRARDEAU,NON-CITY OR UNINCORPORATED,E,2,2,0,0,0,AT,N,US 61,RT CC,Daylight,Motor Vehicle in Transport,1,64,Thu     ,0,0,0,0,0,1,1,0,0,0,0,0,0,0,0,1,0,0,0,0,0,0,0,0,0,37.53635,-89.6765,0,06/27/2019,12:20:00,CRASH OCCURRED AS DRIVER 1 FAILED TO YIELD AND PULLED INTO THE PATH OF VEHICLE 2.
1322108,3190017089,Missouri State Highway Patrol-Troop G,1561593600000,190363702,2,0,2,0,Personal Injury,TEXAS,NON-CITY OR UNINCORPORATED,G,2,2,0,469,0.09,A ,S ,US 63,BRIDGE G0411,Daylight,Motor Vehicle in Transport,1,64,Thu     ,0,0,0,0,0,0,0,1,0,0,0,0,0,0,0,1,0,0,1,0,1,0,0,1,0,37.27047,-91.98753,0,06/27/2019,12:50:00,OCCURRED AS VEHICLE 2 STRUCK VEHICLE 1 WHO WAS ATTEMPTING TO MAKE A LEFT HAND TURN.
1209135,3190018172,Missouri State Highway Patrol-Troop F,1561593600000,190363944,1,0,0,1,Personal Injury,MONTGOMERY,NON-CITY OR UNINCORPORATED,F,1,1,0,5,0,B ,S ,MO 19,CRD ANGUS,Daylight,Overturn,2,,Thu     ,0,0,0,0,1,1,1,0,0,0,0,0,0,0,0,1,0,0,0,0,1,0,0,1,0,39.02765,-91.54899,0,06/27/2019,14:52:00,CRASH OCCURRED AS VEHICLE 1 WENT OFF THE ROADWAY AND OVERTURNED.
864308,3190017963,Missouri State Highway Patrol-Troop A,1561593600000,190364368,1,0,1,0,Personal Injury,JOHNSON,NON-CITY OR UNINCORPORATED,A,2,2,0,1716,0.32,B ,S ,MO 13,CRD NE 151 RD,Daylight,Motor Vehicle in Transport,1,61,Thu     ,0,0,0,0,1,0,0,1,0,0,0,0,0,0,0,1,0,0,0,0,1,0,0,1,0,38.81227,-93.71761,0,06/27/2019,17:55:00,CRASH OCCURRED AS VEHICLE #1 WAS TRAVELING SOUTHBOUND ON MO 13 WITH HIS CRUISE CONTROL SET AND OVERTOOK AND STRUCK THE REAR OF VEHICLE #2.
912724,3190016804,Missouri State Highway Patrol-Troop D,1561593600000,190364678,1,0,1,0,Personal Injury,POLK,NON-CITY OR UNINCORPORATED,D,1,1,0,1056,0.2,A ,W ,MO 32,CRD 170TH RD,Daylight,Overturn,1,,Thu     ,0,0,0,0,0,0,0,0,0,0,0,0,0,0,0,0,0,0,0,0,0,1,0,0,0,37.60923,-93.32588,0,06/27/2019,20:38:00,CRASH OCCURRED AS VEHICLE #1 SWERVED TO AVOID A DEER WHICH CAUSED VEHICLE #1 TO SKID ONTO IT'S RIGHT SIDE AND DRIVER 1 WAS SEPARATED FROM THE VEHICLE. VEHICLE #1 AND DRIVER #1 TRAVELED OFF THE NORTH EDGE OF THE ROADWAY.
1510592,3190016819,Missouri State Highway Patrol-Troop H,1561593600000,190364741,1,0,0,1,Personal Injury,HARRISON,NON-CITY OR UNINCORPORATED,H,1,1,0,1134,0.21,A ,E ,RT H,BRIDGE A4609,Dark-Unlighted,Fixed Object,2,,Thu     ,0,0,0,0,0,0,0,0,0,0,0,0,0,0,0,1,0,0,0,0,0,0,0,0,0,40.14863,-93.9947,0,06/27/2019,21:05:00,CRASH OCCURRED AS VEHICLE 1 WAS WESTBOUND ON RT-H.  VEHICLE 1 TRAVELED OFF THE WEST SIDE OF THE ROADWAY AND STRUCK A DITCH.  VEHICLE 1 CAME TO REST OFF THE SOUTH SIDE OF THE ROADWAY ON ITS WHEELS FACING NORTH.  ASSISTED BY CPL B. R. HILLIARD (468) AND HARRISON COUNTY SHERIFF'S DEPARTMENT.
1039881,3190017661,Missouri State Highway Patrol-Troop I,1561593600000,190364744,1,0,0,1,Personal Injury,CRAWFORD,NON-CITY OR UNINCORPORATED,I,1,1,0,1594,0.3,A ,E ,RT V,BRIDGE A5528,Dark-Unlighted,Fixed Object,2,,Thu     ,1,0,0,0,1,0,0,0,0,0,0,0,0,0,0,1,0,0,0,0,1,0,0,1,0,37.79615,-91.16986,0,06/27/2019,21:08:00,"OCCURRED AS VEH 1 TRAVELED OFF THE RIGHT SIDE OF THE ROADWAY.  DRIVER 1 OVERCORRECTED AND VEH 1 TRAVELED OFF THE  LEFT SIDE OF THE ROADWAY. VEH 1 OVERTURNED, EJECTING THE DRIVER, AND CAME TO REST AGAINST A TREE."
1217121,3190017183,Missouri State Highway Patrol-Troop C,1561680000000,190365015,1,0,1,0,Personal Injury,FRANKLIN,NON-CITY OR UNINCORPORATED,C,1,1,0,221,0.04,A ,E ,RP 279372,IS 44,Dark-Unlighted,Fixed Object,2,,Fri     ,0,0,0,0,0,0,0,0,0,0,0,0,0,0,0,1,0,0,0,0,0,0,0,0,1,38.44092,-90.90659,0,06/28/2019,00:27:00,"VEHICLE 1 WAS TRAVELING EASTBOUND ON INTERSTATE 44, TRAVELED OFF THE RIGHT SIDE OF THE ROADWAY, STRUCK A HIGHWAY SIGN, A GUARDRAIL, AND OVERTURNED."
1144983,3190016914,Missouri State Highway Patrol-Troop E,1561680000000,190365022,1,0,1,0,Personal Injury,NEW MADRID,NON-CITY OR UNINCORPORATED,E,2,1,Y,2597,0.49,A ,S ,RT FF,CRD 824,Dark-Unlighted,Pedalcycle,1,,Fri     ,,,,,,,,,,0,0,0,0,0,0,,0,0,,,,,,,,36.82999,-89.63142,0,06/28/2019,00:20:00,VEH1 STRUCK BICYCLIST ON THE ROADWAY AND THEN VEH1  FLED THE SCENE.
897981,3190017682,Missouri State Highway Patrol-Troop D,1561766400000,190365080,2,0,2,0,Personal Injury,GREENE,NON-CITY OR UNINCORPORATED,D,2,2,0,1150,0.22,A ,S ,RT H,PVT PRIVATE ROAD,Dark-Unlighted,Motor Vehicle in Transport,1,61,Fri     ,1,0,0,0,0,0,1,0,0,0,0,0,0,0,0,1,0,0,0,0,1,0,0,1,0,37.41614,-93.27358,0,06/28/2019,03:00:00,VEHICLE #1 WAS SOUTHBOUND BEHIND SOUTHBOUND VEHICLE #2 ON RT H.  VEHICLE #2 EITHER STOPPED OR SLOWED VERY QUICKLY AND VEHICLE #1'S RT FRONT STRUCK THE LEFT REAR OF VEHICLE #2.  BOTH VEHICLES SKIDDED OFF THE RIGHT SIDE OF THE ROADWAY.  ASSISTED BY CPL M.D. ADAMS #463
1301146,3190017102,Missouri State Highway Patrol-Troop C,1561680000000,190365119,1,0,1,0,Personal Injury,ST. CHARLES,COTTLEVILLE,C,1,1,0,6336,1.2,A ,E ,MO 364,RT K,Daylight,Fixed Object,2,,Fri     ,0,0,0,0,0,0,1,0,0,0,0,0,0,0,0,0,0,0,0,0,1,0,0,1,0,38.7461,-90.67918,0,06/28/2019,06:00:00,"VEHICLE #1 WAS TRAVELING EASTBOUND ON HIGHWAY 364.  DRIVER #1 FELL ASLEEP AND VEHICLE #1 TRAVELED OFF THE LEFT SIDE OF THE ROADWAY.  DRIVER #1 OVER CORRECTED, CAUSING VEHICLE #1 TO TRAVEL  OFF THE  RIGHT SIDE OF THE ROADWAY, STRIKE A GUARDRAIL AND OVERTURN."
793105,3190016791,Missouri State Highway Patrol-Troop A,1561680000000,190365221,1,0,1,0,Personal Injury,CASS,NON-CITY OR UNINCORPORATED,A,1,1,0,72,0.01,B ,E ,RT P,MO 7 WJ,Daylight,Fixed Object,2,,Fri     ,0,0,0,0,0,0,0,0,0,0,0,0,0,0,0,1,0,0,0,0,0,0,0,0,0,38.7299,-94.28198,0,06/28/2019,07:05:00,CRASH OCCURRED AS VEHICLE 1 TRAVELED OFF THE LEFT SIDE OF THE ROADWAY AN STRUCK A CONCRETE CULVERT AND A SIGN.
894378,3190019266,Missouri State Highway Patrol-Troop D,1561680000000,190365503,2,0,2,0,Personal Injury,LAWRENCE,NON-CITY OR UNINCORPORATED,D,3,3,0,0,0,AT,E ,MO 96,MO 39,Daylight,Motor Vehicle in Transport,1,60,Fri     ,0,0,0,0,0,0,0,1,1,0,0,0,0,0,0,1,0,0,0,0,1,0,0,1,0,37.18916,-93.84236,0,06/28/2019,09:30:00,VEH. 1 WAS PASSING A VEHICLE WHEN IT STRUCK VEH. 2 HEAD ON IN THE EASTBOUND LANE.
1213230,3190016823,Missouri State Highway Patrol-Troop C,1561680000000,190365767,1,0,0,1,Personal Injury,WARREN,WRIGHT CITY,C,1,1,0,580,0.11,A ,E ,RA IS70 E WRIGHT CITY,IS 70 WJ,Daylight,Overturn,2,,Fri     ,0,0,0,0,0,0,0,1,1,0,0,0,0,0,0,1,0,0,0,0,0,1,0,0,0,38.82695,-91.05718,0,06/28/2019,11:24:00,VEHICLE 1 WAS TRAVELING EASTBOUND IN THE REST AREA OFF THE LEFT SIDE OF THE ROADWAY AND OVERTURNED.
1249992,3190017258,Missouri State Highway Patrol-Troop C,1561680000000,190365808,1,0,0,1,Personal Injury,STE. GENEVIEVE,NON-CITY OR UNINCORPORATED,C,1,1,0,1304,0.25,A ,E ,RT C,CRD LAWRENCETON CUTOFF ROAD,Daylight,Overturn,2,,Fri     ,0,0,0,0,1,0,0,1,1,0,0,0,0,0,0,1,0,0,0,0,1,0,0,0,1,37.92062,-90.3144,0,06/28/2019,11:41:00,VEHICLE 1 TRAVELED OFF THE RIGHT SIDE OF THE ROADWAY AND OVERTURNED.  ASSISTED BY CPL B.J. FOWLER (289)
1269766,3190016885,Missouri State Highway Patrol-Troop C,1561680000000,190365810,2,0,2,0,Personal Injury,JEFFERSON,NON-CITY OR UNINCORPORATED,C,2,2,0,0,0,AT,E ,MO 30,CRD LOCAL HILLSBORO ROAD,Daylight,Motor Vehicle in Transport,1,64,Fri     ,0,0,0,0,0,0,1,1,1,1,0,0,0,0,0,1,0,0,0,0,0,0,0,0,0,38.37238,-90.63207,0,06/28/2019,11:40:00,VEHICLE 1 RAN A RED LIGHT AND THE FRONT OF VEHICLE 1 STRUCK THE RIGHT SIDE OF VEHICLE 2.  VEHICLE 1 STRUCK A TRAFFIC SIGN ON A TRAFFIC ISLAND AND THEN LEFT THE ROADWAY TO THE RIGHT.  VEHICLE 2 SPUN TO THE LEFT AND CAME TO REST IN THE GRASS MEDIAN.
799327,3190017720,Missouri State Highway Patrol-Troop A,1561680000000,190365852,1,0,1,0,Personal Injury,JACKSON,LEES SUMMIT,A,2,2,0,381,0.07,A ,E ,IS 470,ERM NORTH IS 470 MILE 128,Daylight,Motor Vehicle in Transport,1,61,Fri     ,0,0,0,0,0,0,0,1,1,0,0,0,0,0,0,1,0,0,0,0,0,1,0,0,0,38.9866,-94.35676,0,06/28/2019,12:05:00,CRASH OCCURRED AS BOTH VEHICLES WERE NORTHBOUND ON I 470.  VEH 2 STOPPED FOR TRAFFIC CONGESTION.  VEH 1 OVERTOOK AND STRUCK THE REAR OF VEH 2.  ASSISTED TPR A D LINGREN /665/.
925059,3190017097,Missouri State Highway Patrol-Troop D,1561680000000,190365970,1,0,0,1,Personal Injury,MCDONALD,NON-CITY OR UNINCORPORATED,D,2,2,0,1256,0.24,B ,W ,CRD E BRODIE RD,CRD LARK RD,Daylight,Railway Vehicle,1,,Fri     ,0,0,0,0,0,0,0,0,0,0,0,0,0,0,0,0,0,0,0,0,1,0,0,0,1,36.75524,-94.39426,0,06/28/2019,12:55:00,VEHICLE #1 STOPPED ON THE RAILROAD TRACK AND WAS STRUCK BY THE TRAIN.  INTERSECTION MARKED BY CROSSBUCK SIGN-NO LIGHTS OR BELL
839673,3190016736,Missouri State Highway Patrol-Troop A,1561680000000,190366111,2,0,2,0,Personal Injury,LAFAYETTE,NON-CITY OR UNINCORPORATED,A,1,1,0,3168,0.6,A ,S ,CRD JOHNSON DRIVE,CRD BARKERTOWN ROAD,Daylight,Overturn,2,,Fri     ,0,0,0,0,1,1,1,0,0,0,0,0,0,0,0,1,0,0,0,0,0,0,0,0,0,39.03509,-93.94042,0,06/28/2019,13:50:00,"TRAVELED SB ON JOHNSON DRIVE, FAILED TO NEGOTIATE A CURVE AND LOST CONTROL. VEHICLE ROLLED ONCE, COMING TO REST ON ITS TOP. BOTH OCCUPANTS TRANSPORTED TO CENTERPOINT MEDICAL CENTER. ASSISTED BY CPL T A BAXTER /297/"
1212761,3190017893,Missouri State Highway Patrol-Troop C,1561680000000,190366192,1,0,1,0,Personal Injury,WASHINGTON,NON-CITY OR UNINCORPORATED,C,2,2,0,205,0.04,A ,S ,RT E,CRD BOYER ST,Daylight,Motor Vehicle in Transport,1,64,Fri     ,0,0,0,0,0,0,0,1,1,0,0,0,0,0,0,1,0,0,0,1,0,0,0,0,1,37.94304,-90.77514,0,06/28/2019,14:43:00,VEHICLE 1 WAS AN UNLOADED SCHOOL BUS PULLING FROM TH SCHOOL BUS LOT ONTO ROUTE E AND DRIVER 1 FAILED TO YIELD TO VEHICLE 2.  THE FRONT OF VEHICLE 1 COLLIDED WITH THE LEFT SIDE OF VEHICLE 2.
1120762,3190017457,Missouri State Highway Patrol-Troop E,1561680000000,190366296,1,0,0,1,Personal Injury,IRON,NON-CITY OR UNINCORPORATED,E,2,2,0,1584,0.3,B ,W ,MO 72,CRD 208,Daylight,Motor Vehicle in Transport,1,64,Fri     ,,,,,,0,1,0,0,0,0,0,0,0,0,,0,0,,0,0,0,0,0,0,37.5873,-90.60927,0,06/28/2019,15:25:00,"CRASH OCCURRED AS VEHICLE 1 WAS TRAVELING WESTBOUND ON HWY 72, VEHICLE 2 WAS STATIONARY IN A PRIVATE DRIVE OFF OF THE NORTH SIDE HIGHWAY 72. VEHICLE 1 RAN OFF THE RIGHT SIDE OF ROADWAY, STRUCK THE FRONT OF  VEHICLE 2,  OVERTURNED, AND CAME TO REST OFF THE NORTH SIDE OF HIGHWAY."
1227003,3190020488,Missouri State Highway Patrol-Troop C,1561680000000,190366337,5,0,5,0,Personal Injury,ST. LOUIS,NON-CITY OR UNINCORPORATED,C,4,4,Y,163,0.03,B ,S ,IS 55,BRIDGE A0771,Daylight,Motor Vehicle in Transport,1,63,Fri     ,0,0,0,0,0,0,1,1,1,0,0,0,0,0,0,1,0,0,0,0,0,0,0,0,0,38.49251,-90.35016,0,06/28/2019,15:43:00,"ALL VEHICLES WERE TRAVELING SOUTHBOUND ON I-55. VEHICLE #4 WAS IN LANE TWO, VEHICLE #1 WAS IN LANE THREE, VEHICLE #2 WAS IN LANE FOUR, AND VEHICLE #3 WAS IN LANE FIVE.  DRIVER 4 MADE A LANE CHANGE AND THE FRONT OF VEHICLE 4 STRUCK THE DRIVER'S SIDE OF VEHICLE 1. THE IMPACT CAUSED VEHICLE 1 TO STRIKE THE DRIVER'S SIDE OF VEHICLE 2. THE PASSENGER'S SIDE OF VEHICLE 2 STRUCK THE DRIVER'S SIDE OF VEHICLE 3. VEHICLE 3 TRAVELED OFF THE ROADWAY AND THE STRUCK THE CABLE BARRIER. ASSISTED BY ST LOUIS COUNTY PD."
885846,3190017046,Missouri State Highway Patrol-Troop A,1561680000000,190366344,1,0,1,0,Personal Injury,CASS,FREEMAN,A,1,1,Y,528,0.1,B ,W ,MO 2,RT O,Dark-Unlighted,Fixed Object,2,,Unk     ,0,0,0,0,0,0,1,0,0,0,0,0,0,0,0,1,0,0,0,0,0,0,0,0,0,38.61694,-94.50468,0,06/28/2019,05:30:00,"CRASH OCCURRED AS VEHICLE 1 WAS EASTBOUND ON MO 2, WHEN DRIVER 1 SWERVED TO MISS A DEER. VEHICLE 1 TRAVELED OFF THE ROAD AND DOWN AN EMBANKMENT WHERE IT STRUCK SEVERAL TREES."
1226985,3190020142,Missouri State Highway Patrol-Troop C,1561680000000,190366697,6,0,6,0,Personal Injury,ST. LOUIS,NON-CITY OR UNINCORPORATED,C,1,1,0,200,0.04,A ,E ,IS 44,ERM EAST IS 44 MILE 2694,Daylight,Fixed Object,2,,Fri     ,0,0,0,0,1,1,1,0,0,0,0,0,0,0,0,1,0,0,0,0,0,0,0,0,0,38.52007,-90.54563,0,06/28/2019,17:58:00,VEHICLE 1 WAS TRAVELING EASTBOUND ON I-44 IN LANE 2. VEHICLE 1 TRAVELED OFF THE RIGHT SIDE OF THE ROADWAY AND STRUCK A TREE.
1292206,3190017388,Missouri State Highway Patrol-Troop C,1561680000000,190366727,1,0,1,0,Personal Injury,ST. CHARLES,NON-CITY OR UNINCORPORATED,C,2,2,0,800,0.15,A ,N,US 61,BRIDGE H0141,Daylight,Motor Vehicle in Transport,1,61,Fri     ,0,0,0,0,0,0,0,1,1,0,0,0,0,0,0,1,0,0,0,0,0,0,0,0,0,38.86028,-90.8759,0,06/28/2019,18:10:00,VEHICLE 2 SLOWED FOR TRAFFIC CONGESTION CAUSED BY A CRASH AHEAD.  THE FRONT OF VEHICLE 1 STRUCK THE REAR OF VEHICLE 2.  VEHICLE 1 TRAVELED OFF THE LEFT SIDE OF THE ROADWAY. ASSISTED BY J. E. LACY (313)
822107,3190017122,Missouri State Highway Patrol-Troop A,1561680000000,190366742,1,0,1,0,Personal Injury,BENTON,NON-CITY OR UNINCORPORATED,A,2,2,0,3695,0.7,B ,S ,RT W,CRD BOESCHENVILLE AVE,Daylight,Motor Vehicle in Transport,1,64,Fri     ,0,0,0,0,0,0,1,1,0,0,0,0,0,0,0,1,0,0,0,0,0,0,1,0,0,38.42643,-93.08312,0,06/28/2019,18:18:00,CRASH OCCURRED AS VEH1 WAS ATTEMPTING TO PASS VEH2.  VEH2 THEN MADE A LEFT TURN INTO THE PATH OF AND STRUCK VEH1.  ASSISTED BY TPR J L DEDMON /229/ AND BENTON COUNTY SHERIFF'S DEPARTMENT
1333975,3190018761,Missouri State Highway Patrol-Troop G,1561680000000,190366753,1,0,1,0,Personal Injury,WRIGHT,NON-CITY OR UNINCORPORATED,G,1,1,0,315,0.06,A ,S ,MO 95,CRD MTN VALLEY RD,Daylight,Fixed Object,2,,Fri     ,0,0,0,0,1,1,1,0,0,0,0,0,0,0,0,1,0,0,0,0,0,0,0,0,0,37.19117,-92.28232,0,06/28/2019,18:20:00,"VEHICLE 1 FAILED TO NEGOTIATE A RIGHT HAND CURVE, TRAVELED OFF THE LEFT SIDE OF THE ROADWAY, STRUCK A ROAD SIGN.  VEHICLE 1 THEN TRAVELED ACROSS A SECONDARY ROAD AND STRUCK A DITCH."
928042,3190017764,Missouri State Highway Patrol-Troop D,1561680000000,190366776,1,0,0,1,Personal Injury,MCDONALD,JANE,D,2,2,0,5,0,B ,N,US 71,MO 90,Daylight,Motor Vehicle in Transport,1,64,Fri     ,1,0,0,0,0,0,1,1,0,1,0,0,0,0,0,1,0,0,0,0,1,0,0,1,0,36.54376,-94.31981,0,06/28/2019,18:20:00,VEHICLE 1 FAILED TO STOP AT STOP LIGHT AND WAS STRUCK BY VEHICLE 2
1039880,3190018008,Missouri State Highway Patrol-Troop I,1561680000000,190366918,1,1,0,1,Fatal,CRAWFORD,NON-CITY OR UNINCORPORATED,I,1,1,0,528,0.1,B ,S ,CRD GROTEMAC LAKE ROAD,CRD MCWILLIAMS ROAD,Daylight,Fixed Object,2,,Fri     ,1,1,0,0,1,0,0,0,0,0,0,0,0,0,0,1,0,0,0,0,0,0,0,0,0,38.11876,-91.29821,1,06/28/2019,19:22:00,"FATALITY CRASH - NEXT OF KIN NOTIFIED. OCCURRED AS VEH 1 WAS FLEEING FROM A DEPUTY WITH THE CRAWFORD COUNTY SHERIFFS DEPARTMENT. THE DRIVER LOST CONTROL OF THE VEHICLE. VEH 1 TRAVELED OFF THE LEFT SIDE OF THE ROADWAY, STRUCK  A FENCE, AND OVERTURNED EJECTING THE PASSENGER. THE DRIVER WAS PRONOUNCED DECEASED AT 1928 HOURS BY DR KUNKEL. THIS IS TROOP I'S SECOND FATALITY FOR JUNE AND 14TH FOR 2019. ASSISTED BY SGT D.E. DICUS (4410, SGT J.A. MULKEY (1186), TPR J.S. LEATHERS, AND THE CRAWFORD COUNTY SHERIFFS DEPARTMENT."
969713,3190017190,Missouri State Highway Patrol-Troop D,1561680000000,190367192,2,0,2,0,Personal Injury,CEDAR,NON-CITY OR UNINCORPORATED,D,1,1,0,220,0.04,B ,S ,CRD 1425,CRD 500,Dark-Unlighted,Overturn,2,,Fri     ,0,0,0,0,0,1,1,0,0,0,0,0,0,0,0,0,0,0,0,0,1,0,0,1,0,37.82056,-93.80779,0,06/28/2019,20:53:00,CRASH OCCURRED AS VEHICLE #1 CROSSED THE CENTER OF THE ROADWAY AVOIDING VEHICLE #2. VEHICLE #1 TRAVELED OFF THE LEFT SIDE OF THE ROADWAY AND OVERTURNED.
1010594,3190017042,Missouri State Highway Patrol-Troop D,1561680000000,190367381,1,0,0,1,Personal Injury,WEBSTER,NON-CITY OR UNINCORPORATED,D,1,1,0,1874,0.35,A ,S ,CRD TURNBO RD,CRD CEDAR HILL LN,Dark-Unlighted,Fixed Object,2,,Fri     ,1,0,0,0,1,0,0,0,0,0,0,0,0,0,0,1,0,0,0,0,0,0,1,0,0,37.30021,-92.94338,0,06/28/2019,21:30:00,"DRIVER LOST CONTROL ON A CURVE, STRUCK A EMBANKMENT AND AN A FENCE EJECTING THE DRIVER."
897951,3190016865,Missouri State Highway Patrol-Troop D,1561680000000,190367397,1,0,0,1,Personal Injury,GREENE,NON-CITY OR UNINCORPORATED,D,1,1,0,1056,0.2,B ,S ,CRD 193,CRD 10,Dark-Unlighted,Fixed Object,2,,Fri     ,0,0,0,0,1,0,0,0,0,0,0,0,0,0,0,1,0,0,0,0,0,1,0,0,0,37.4057,-93.191,0,06/28/2019,22:30:00,VEHICLE 1 RAN OFF THE ROADWAY AND EJECTED THE DRIVER.
1322107,3190017016,Missouri State Highway Patrol-Troop G,1561680000000,190367398,1,0,1,0,Personal Injury,TEXAS,NON-CITY OR UNINCORPORATED,G,1,1,0,1056,0.2,B ,W ,CRD PIGEON CREEK RD,CRD IRON MINE RD,Dark-Unlighted,Overturn,2,,Fri     ,0,0,0,0,0,1,1,0,0,0,0,0,0,0,0,0,0,0,0,0,1,0,0,1,0,37.54054,-91.80865,0,06/28/2019,22:30:00,VEH #1 TRAVELED OFF THE LEFT SIDE OF THE ROADWAY AND OVERTURNED.
912726,3190016820,Missouri State Highway Patrol-Troop D,1561680000000,190367512,4,0,4,0,Personal Injury,POLK,NON-CITY OR UNINCORPORATED,D,2,2,Y,1219,0.23,B ,N,MO 13,CRD 154TH RD,Dark-Unlighted,Motor Vehicle in Transport,1,61,Fri     ,,,,,,,,,,0,0,0,0,0,0,,0,0,,0,1,0,0,1,0,37.4472,-93.35506,0,06/28/2019,23:25:00,VEHICLE 1 STRUCK VEHICLE 2 IN THE REAR CAUSING VEHICLE TO TO RUN OFF THE ROADWAY AND STRIKE THE GROUND.  VEHICLE 1 FLED THE SCENE AND WAS LOCATED UNOCCUPIED.  ASSISTED BY CPL. S.W. LONG #464
1197649,3190017367,Missouri State Highway Patrol-Troop B,1561766400000,190367579,2,0,2,0,Personal Injury,MACON,ATLANTA,B,1,1,0,221,0.04,B ,E ,CRD MARION STREET,CST FOREST STREET,Dark-Lighted,Fixed Object,2,,Fri     ,0,0,0,0,1,0,0,0,0,0,0,0,0,0,0,1,0,0,0,0,0,0,1,0,0,39.89769,-92.48461,0,06/28/2019,22:40:00,VEHICLE 01 SLID OFF NORTH SIDE OF ROADWAY AND OVERTURNED.
1502107,3190017113,Missouri State Highway Patrol-Troop H,1561766400000,190367727,1,0,1,0,Personal Injury,ANDREW,NON-CITY OR UNINCORPORATED,H,1,1,0,137,0.03,B ,N,CRD 245,US 169,Dark-Unlighted,Fixed Object,2,,Sat     ,1,0,0,0,0,0,0,0,0,0,0,0,0,0,0,1,0,0,0,0,0,0,1,0,0,39.98037,-94.60478,0,06/29/2019,01:45:00,CRASH OCCURRED AS VEHICLE 1 WAS NORTHBOUND ON COUNTY LINE ROAD.  VEHICLE 1 TRAVELED OFF THE EAST SIDE OF THE ROADWAY AND STRUCK A DITCH.  DRIVER 1 WAS THROWN FROM THE VEHICLE.  VEHICLE 1 CAME TO REST OFF THE EAST SIDE OF COUNTY LINE ROAD AT US-169 ON ITS WHEELS FACING NORTH.  ASSISTED BY DEKALB COUNTY SHERIFF'S DEPARTMENT.
1318100,3190016979,Missouri State Highway Patrol-Troop G,1561766400000,190367796,0,1,0,0,Fatal,OZARK,NON-CITY OR UNINCORPORATED,G,1,1,0,2640,0.5,B ,S ,MO 95,BRIDGE S0477,Dark-Unlighted,Fixed Object,2,,Sat     ,1,0,0,0,1,0,1,0,0,0,0,0,0,0,0,1,0,0,0,0,1,0,0,1,0,36.66072,-92.70639,1,06/29/2019,04:05:00,"F A T A L I T Y     A C C I D E N T   ACCIDENT OCCURRED AS VEHICLE #1 RAN OFF THE ROADWAY, STRUCK A TREE AND VEHICLE CAUGHT FIRE. SUBJECT WAS PRONOUNCED BY THE OZARK COUNTY CORONER SHANE LEDBETTER 0416 HOURS.  NEXT OF KIN HAS BEEN NOTIFIED.  TROOP G FATALITY # 12 FOR 2019 COMPARED TO 18 FATALITIES SAME TIME PERIOD IN 2018.."
1012655,3190017229,Missouri State Highway Patrol-Troop D,1561766400000,190367803,0,1,0,0,Fatal,VERNON,NON-CITY OR UNINCORPORATED,D,1,1,0,68,0.01,A ,W ,RT K,CRD 460,Dark-Unlighted,Fixed Object,2,,Sat     ,0,0,0,0,1,0,1,0,0,0,0,0,0,0,0,1,0,0,0,0,0,1,0,0,0,37.83578,-94.31235,1,06/29/2019,03:29:00,"FATALITY CRASH   THIS IS TROOP D'S FATALITY #45 FOR YEAR 2019. NEXT OF KIN HAVE BEEN NOTIFIED. ACCIDENT OCCURRED AS VEH #1 WAS TRAVELING AT HIGH RATE OF SPEED, LOST CONTROL IN A CURVE, RAN OFF THE ROADWAY AND STRUCK A BARBED WIRE FENCE. DRIVER PRONOUNCED DECEASED AT SCENE BY VERNON CO CORONER DAVID FERRY AT 0329."
822108,3190016953,Missouri State Highway Patrol-Troop A,1561766400000,190368066,1,0,1,0,Personal Injury,BENTON,NON-CITY OR UNINCORPORATED,A,1,1,0,2608,0.49,A ,N,MO 7,PVT RANCH RD,Daylight,Fixed Object,2,,Sat     ,0,0,0,0,1,0,0,0,0,0,0,0,0,0,0,1,0,0,0,0,0,0,0,0,0,38.14337,-93.19557,0,06/29/2019,09:10:00,CRASH OCCURRED AS VEHICLE 1 TRAVELED OFF THE LEFT SIDE OF THE ROADWAY AND STRUCK A TREE.  ASSISTED BY MSGT N K JOHNSON /1112/ AND TPR T W MURRELL /1227/.