objectid,accident,agency,inv_date,complaint,injured,killed,min_inj,dis_inj,severity,county,city,troop,no_vehicle,motor_veh,left_scene,dist_feet,dist_mile,inter_loc,direction,on_street,at_street,light_cond,acc_type,on_off_rd,two_veh,day_week,dr_drink,dr_drug,ped_drink,ped_drug,speed,dr_under21,dr_under25,dr_over55,dr_over64,electrical,emer_veh,stop_sign,yield_sign,czone,hazmat,aggressive,cell_phone,texting,veh_defect,school_bus,truck,motorcycle,atv,pickup,cmv,gps_lat,gps_long,severity_fatal,acc_date,acc_time,narrative
1292207,3190018363,Missouri State Highway Patrol-Troop C,1561766400000,190368182,2,0,2,0,Personal Injury,ST. CHARLES,NON-CITY OR UNINCORPORATED,C,2,2,0,528,0.1,A ,W ,MO 364,CRD UPPER BOTTOM RD,Daylight,Motor Vehicle in Transport,1,63,Sat     ,0,0,0,0,0,0,0,0,0,0,0,0,0,0,0,0,0,0,0,0,1,0,0,1,1,38.74499,-90.53086,0,06/29/2019,09:55:00,VEHICLE 1 AND VEHICLE 2 WERE TRAVELING WESTBOUND ON HIGHWAY 364. THE LEFT SIDE OF VEHICLE 2 STRUCK THE RIGHT SIDE OF VEHICLE 1 AND THEN VEHICLE 2 STRUCK THE CENTER MEDIAN BARRIER . VEHICLE 1 ROTATED CLOCKWISE AND STRUCK THE GUARDRAIL. ASSISTED BY TPR. P.T. HARMS (1133)
1505971,3190017134,Missouri State Highway Patrol-Troop H,1561766400000,190368293,1,0,1,0,Personal Injury,BUCHANAN,NON-CITY OR UNINCORPORATED,H,1,1,0,79,0.01,A ,N,RT H,RT MM,Daylight,Fixed Object,2,,Sat     ,0,0,0,0,0,0,0,1,1,0,0,0,0,0,0,1,0,0,0,0,0,1,0,0,0,39.63235,-94.74028,0,06/29/2019,12:00:00,"CRASH OCCURRED AS VEH 1 WAS TURNING WEST ONTO RTE H. DRV 1 SWUNG TOO WIDE AND RAN OFF THE NORTH SIDE OF THE ROADWAY. VEH 1 STRUCK AN EMBANKMENT AND CAME TO REST ON ITS SIDE FACING WEST. ASSISTED BY TPR. K. F. JEFFERS (669), TPR. J. H. HIRNER (819), AND BUCHANAN COUNTY."
993754,3190016814,Missouri State Highway Patrol-Troop D,1561766400000,190368413,1,0,1,0,Personal Injury,STONE,NON-CITY OR UNINCORPORATED,D,3,3,0,0,0,AT,S ,MO 13,PVT OZARK MOUNTAIN RESORT DR,Daylight,Motor Vehicle in Transport,1,61,Sat     ,0,0,0,0,0,1,1,0,0,0,0,0,0,0,0,1,0,0,0,0,0,0,0,0,0,36.60788,-93.42134,0,06/29/2019,11:29:00,"VEHICLE #1 WAS STOPPED IN TRAFFIC, VEHICLE #2 WAS APPROACHING FROM THE REAR, SWERVED TO AVOID VEHICLE #1 AND STRUCK VEHICLE #3."
1120763,3190016824,Missouri State Highway Patrol-Troop E,1561766400000,190368574,2,0,2,0,Personal Injury,IRON,NON-CITY OR UNINCORPORATED,E,1,1,0,31,0.01,B ,E ,RT U,CRD 31,Daylight,Fixed Object,2,,Sat     ,0,0,0,0,1,0,0,1,0,0,0,0,0,0,0,1,0,0,0,0,0,1,0,0,0,37.68981,-90.66427,0,06/29/2019,12:45:00,CRASH OCCURRED AS VEHICLE ONE TRAVELED OFF THE RIGHT SIDE OF THE AND OVERTURNED.
1269759,3190017218,Missouri State Highway Patrol-Troop C,1561766400000,190368927,2,0,1,1,Personal Injury,JEFFERSON,NON-CITY OR UNINCORPORATED,C,2,2,0,0,0,AT,N,MO 21,MO 110,Daylight,Motor Vehicle in Transport,1,60,Sat     ,0,0,0,0,0,0,0,1,0,0,0,0,0,0,0,1,0,0,0,0,1,0,0,1,0,38.17312,-90.56564,0,06/29/2019,14:50:00,VEHICLE #1 TRAVELING SOUTHBOUND HIGHWAY 21. VEHICLE #2 TRAVELING NORTHBOUND HIGHWAY 21. DRIVER #1 WAS UNAWARE OF VEHICLE #2 AND STARTED TO MAKE A LEFT TURN ONTO HIGHWAY 110. THE FRONT RIGHT CORNER OF VEHICLE #1 STRUCK THE FRONT OF VEHICLE #2.
1269760,3190018467,Missouri State Highway Patrol-Troop C,1561766400000,190369221,1,0,1,0,Personal Injury,JEFFERSON,NON-CITY OR UNINCORPORATED,C,2,2,0,0,0,AT,N,CRD OLD SUGAR CREEK RD,PVT SUGAR CREEK CTR,Daylight,Motor Vehicle in Transport,1,64,Sat     ,0,0,0,0,0,0,0,0,0,0,0,1,0,0,0,1,0,0,0,0,0,0,0,0,0,38.48917,-90.48678,0,06/29/2019,16:42:00,DRIVER 1 FAILED TO YIELD TO VEHICLE 2. VEHICLE 1 ENTERED THE INTERSECTION AND STRUCK THE RIGHT SIDE OF VEHICLE 2.
957392,3190017356,Missouri State Highway Patrol-Troop D,1561766400000,190369443,1,0,1,0,Personal Injury,TANEY,TANEYVILLE,D,1,1,0,300,0.06,A ,S ,CST MYRTLE ST,CST 7TH ST,Daylight,Overturn,1,,Sat     ,0,0,0,0,1,0,0,0,0,0,0,0,0,0,0,1,0,0,0,0,0,1,0,0,0,36.73623,-93.03563,0,06/29/2019,17:58:00,CRASH OCCURRED AS DRIVER #1 LOST CONTROL OF THE VEHICLE WHICH THEN OVERTURNED.
1187235,3190017478,Missouri State Highway Patrol-Troop B,1561766400000,190369456,1,0,1,0,Personal Injury,MARION,NON-CITY OR UNINCORPORATED,B,1,1,0,1995,0.38,A ,E ,MO 168,CRD 324,Daylight,Fixed Object,2,,Sat     ,0,0,0,0,0,0,0,0,0,0,0,0,0,0,0,0,0,0,0,0,1,0,0,1,0,39.81589,-91.57231,0,06/29/2019,18:06:00,VEHICLE 1 TRAVELED OFF THE RIGHT SIDE OF ROADWAY AND OVERTURNED SEVERAL TIMES.
897947,3190017401,Missouri State Highway Patrol-Troop D,1561766400000,190369512,0,1,0,0,Fatal,GREENE,NON-CITY OR UNINCORPORATED,D,1,1,0,2101,0.4,B ,S ,MO 13,PVT N RICHLAND RD,Dark-Lighted,Fixed Object,2,,Sat     ,1,0,0,0,0,0,0,0,0,0,0,0,0,0,0,0,0,0,0,0,1,0,0,1,0,37.29799,-93.3317,1,06/29/2019,18:26:00,"FATALITY ACCIDENT - NEXT OF KIN NOTIFIED - THIS IS TROOP D'S 46TH FATALITY FOR 2019.  NBR 1 RAN OFF THE ROADWAY AND STRUCK A ROCK BLUFF.  SUBJECT PRONOUNCED AT MERCY HOSPITAL AT 1933 HOURS BY DR ROBERT JOHNSON, JR."
897946,3190017104,Missouri State Highway Patrol-Troop D,1561766400000,190369578,2,0,1,1,Personal Injury,GREENE,NON-CITY OR UNINCORPORATED,D,1,1,0,707,0.13,A ,W ,RT BB,BRIDGE K0818,Daylight,Fixed Object,2,,Sat     ,1,0,0,0,1,0,1,0,0,0,0,0,0,0,0,1,0,0,0,0,0,0,0,0,0,37.39874,-93.4124,0,06/29/2019,18:45:00,"CRASH OCCURRED AS VEH 1 RAN OFF THE RIGHT SIDE OF THE ROADWAY, BECAME AIRBORNE OVER A DRIVEWAY ENTRANCE, STRUCK THE GROUND AND A STEEL FENCE.  VEH 1 OVERTURNED AND RETURNED TO THE ROADWAY, EJECTING BOTH OCCUPANTS.  ASSISTED BY TPR D.W. HENLEY #727."
1156745,3190016913,Missouri State Highway Patrol-Troop E,1561766400000,190369589,1,0,1,0,Personal Injury,SCOTT,NON-CITY OR UNINCORPORATED,E,2,2,0,0,0,AT,N,MO 77,RP 997,Daylight,Motor Vehicle in Transport,1,64,Sat     ,0,0,0,0,0,0,0,0,0,0,0,1,0,0,0,1,0,0,0,0,0,1,0,0,0,37.08818,-89.53694,0,06/29/2019,18:50:00,CRASH OCCURRED AS VEHICLE 1 FAILED TO YIELD TO VEHICLE 2 AND STRUCK VEHICLE 2 ON THE RIGHT SIDE.
1217129,3190017531,Missouri State Highway Patrol-Troop C,1561766400000,190369630,1,0,1,0,Personal Injury,FRANKLIN,NON-CITY OR UNINCORPORATED,C,1,1,0,1599,0.3,A ,W ,RT T,CRD FAIRFIELD RIDGE ROAD,Daylight,Other Object,1,,Sat     ,0,0,0,0,0,0,1,0,0,0,0,0,0,0,0,0,0,0,0,0,0,1,0,0,0,38.56005,-90.77972,0,06/29/2019,19:05:00,VEHICLE WAS TRAVELING EASTBOUND ON HIGHWAY T AND STRUCK A ROCK IN THE ROADWAY WHICH CAUSED VEHICLE 1 TO TRAVEL OFF THE RIGHT SIDE OF THE ROADWAY AND OVERTURN.
903944,3190016988,Missouri State Highway Patrol-Troop D,1561766400000,190369662,2,0,2,0,Personal Injury,CHRISTIAN,NON-CITY OR UNINCORPORATED,D,2,2,0,0,0,AT,N,RT JJ,CRD CARTER RD,Daylight,Motor Vehicle in Transport,1,64,Sat     ,0,0,0,0,0,1,1,0,0,0,0,1,0,0,0,1,0,0,0,0,0,0,0,0,0,37.02401,-93.13097,0,06/29/2019,19:22:00,OCCURRED AS VEH1 PULLED INTO THE PATH OF VEH2.
1304992,3190017554,Missouri State Highway Patrol-Troop C,1561766400000,190369777,1,0,1,0,Personal Injury,WARREN,NON-CITY OR UNINCORPORATED,C,1,1,0,728,0.14,B ,E ,MO 94,CRD BLUFF RD,Daylight,Overturn,2,,Sat     ,0,0,0,0,0,0,0,0,0,0,0,0,0,0,0,1,0,0,0,0,0,1,0,0,0,38.60259,-90.99772,0,06/29/2019,19:56:00,VEHICLE #1 TRAVELING EASTBOUND ON HIGHWAY 94 AND TRAVELED OFF THE WEST SIDE OF ROAD AND OVERTURNED.
1177098,3190016849,Missouri State Highway Patrol-Troop B,1561766400000,190369981,3,0,3,0,Personal Injury,PUTNAM,NON-CITY OR UNINCORPORATED,B,1,1,0,1531,0.29,B ,S ,CRD 290TH RD,CRD 195TH ST,Dark-Unlighted,Fixed Object,2,,Sat     ,0,0,0,0,0,1,1,0,0,0,0,0,0,0,0,0,0,0,0,0,1,0,0,1,0,40.45525,-93.00673,0,06/29/2019,21:15:00,"VEHICLE 1 TRAVELED OFF THE RIGHT SIDE OF THE ROADWAY, OVERCORRECTED, TRAVELED OFF LEFT SIDE OF THE ROADWAY, STRUCK A FENCE AND IMPACTED THE GROUND. VEHICLE 1 OVERTURNED COMING TO REST ON THE PASSENGER SIDE IN A FIELD."
1273559,3190020527,Missouri State Highway Patrol-Troop C,1561766400000,190369982,3,0,0,3,Personal Injury,ST. FRANCOIS,NON-CITY OR UNINCORPORATED,C,1,1,0,26,0,B ,W ,PVT MARTIN DR,PVT MOHICAN DR,Dark-Unlighted,Overturn,2,,Sat     ,0,0,0,0,0,0,0,0,0,0,0,1,0,0,0,0,0,0,0,0,1,0,0,1,0,37.98832,-90.35223,0,06/29/2019,21:00:00,VEHICLE 1 WAS TRAVELING WESTBOUND ON MARTIN DR. VEHICLE 1 WAS TOWING VEHICLE 2 ON A HOMEMADE TRAILER. THE RIGHT REAR TIRE OF THE TRAILER DROPPED OFF THE ROADWAY. VEHICLE 2 WAS NOT PROPERLY SECURED ONTO THE TRAILER WHICH CAUSED VEHICLE 2 TO COME OFF THE TRAILER AND OVERTURN. ASSISTED BY TPR A. J. SHIBLEY (1408)
1179683,3190017498,Missouri State Highway Patrol-Troop B,1561766400000,190369992,2,0,2,0,Personal Injury,MONROE,NON-CITY OR UNINCORPORATED,B,1,1,0,870,0.16,A ,W ,MO 154,CRD 425,Dark-Unlighted,Animal,1,,Sat     ,0,0,0,0,0,0,1,0,0,0,0,0,0,0,0,0,0,0,0,0,0,1,0,0,0,39.45633,-91.95856,0,06/29/2019,21:20:00,VEHICLE 1 STRUCK A DEER IN THE ROADWAY.
1132178,3190017140,Missouri State Highway Patrol-Troop E,1561766400000,190370154,4,0,4,0,Personal Injury,BUTLER,NON-CITY OR UNINCORPORATED,E,3,3,Y,823,0.16,B ,S ,RT T,CRD 548,Dark-Unlighted,Motor Vehicle in Transport,1,60,Sat     ,1,0,0,0,0,0,0,0,0,0,0,0,0,0,0,1,0,0,0,0,1,0,0,1,0,36.84697,-90.31581,0,06/29/2019,22:25:00,"CRASH OCCURRED AS VEHILCE ONE CROSSED THE CENTER LINE STRIKING VEHICLE TWO AND VEHICLE THREE HEAD ON, AND THEN FLED THE SCENE."
1016190,3190021350,Missouri State Highway Patrol-Troop D,1561852800000,190370360,0,1,0,0,Fatal,NEWTON,NON-CITY OR UNINCORPORATED,D,2,2,0,150,0.03,A ,S ,MO 43,CRD ANGUS,Dark-Unlighted,Motor Vehicle in Transport,1,64,Sun     ,1,0,0,0,0,0,1,0,0,0,0,0,0,0,0,1,0,0,0,0,1,0,0,1,0,36.76747,-94.60921,1,06/30/2019,00:20:00,FATALITY REPORT-LATE DEATH-NEXT OF KIN NOTIFIED-THIS IS TROOP D'S 74TH FATALITY FOR 2019--DRIVER 2 PRONOUNCED 1257 HOURS 7/7/2019 BY DR COX AT FREEMAN WEST HOSPITAL OF JOPLIN-VEHICLE 2 CROSSED THE CENTER LINE AND STRUCK VEHICLE 1.  VEHICLE 2 THEN RAN OFF THE ROADWAY AND OVERTURNED.
958017,3190017564,Missouri State Highway Patrol-Troop D,1561852800000,190370423,1,0,1,0,Personal Injury,TANEY,NON-CITY OR UNINCORPORATED,D,1,1,Y,660,0.12,B ,E ,RT F,CST EAGLE PASS,Dark-Unlighted,Fixed Object,2,,Sun     ,1,0,0,0,1,1,1,0,0,0,0,0,0,0,0,1,0,0,0,0,1,0,0,1,0,36.71437,-93.19193,0,06/30/2019,01:10:00,"CRASH OCCURRED AS VEHICLE #1 FAILED TO NEGOTIATE  A CURVE, TRAVELED OFF THE RIGHT SIDE OF THE ROADWAY AND OVERTURNED."
1226179,3190019065,Missouri State Highway Patrol-Troop C,1561852800000,190370424,6,0,6,0,Personal Injury,JEFFERSON,NON-CITY OR UNINCORPORATED,C,2,2,0,1584,0.3,A ,S ,RT W,CRD PATTY DR SJ,Dark-Unlighted,Motor Vehicle in Transport,1,60,Sun     ,1,0,0,0,0,1,1,0,0,0,0,0,0,0,0,1,0,0,0,0,0,0,0,0,0,38.43681,-90.59627,0,06/30/2019,01:15:00,VEHICLE #1 WAS TRAVELING EASTBOUND ON ROUTE W.  VEHICLE #2 WAS TRAVELING WESTBOUND ON ROUTE W.  VEHICLE #1 CROSSED THE CENTERLINE.  DRIVER #2 ATTEMPTED TO AVOID VEHICLE #1 BY CROSSING THE CENTERLINE. DRIVER #1 CORRECTED HIS VEHICLE BUT THEN CROSSED THE CENTERLINE AGAIN. THE FRONT OF VEHICLE #1 STRUCK THE FRONT OF VEHICLE #2.
1197864,3190016989,Missouri State Highway Patrol-Troop C,1561852800000,190370557,2,0,2,0,Personal Injury,CAPE GIRARDEAU,NON-CITY OR UNINCORPORATED,E,1,1,0,311,0.06,A ,S ,IS 55,ERM SOUTH IS 55 MILE 1190,Daylight,Fixed Object,2,,Sun     ,0,0,0,0,0,0,0,0,0,0,0,0,0,0,0,1,0,0,0,0,0,0,0,0,0,37.58822,-89.77002,0,06/30/2019,06:35:00,VEHICLE #1 WAS TRAVELING SOUTHBOUND ON INTERSTATE 55.  VEHICLE #1 TRAVELED OFF THE LEFT SIDE OF THE ROADWAY AND STRUCK THE MEDIAN CABLE BARRIER.
1115089,3190016916,Missouri State Highway Patrol-Troop E,1561852800000,190370623,1,0,1,0,Personal Injury,MISSISSIPPI,NON-CITY OR UNINCORPORATED,E,2,2,0,68,0.01,A ,S ,RT B,CRD 812,Daylight,Motor Vehicle in Transport,1,64,Sun     ,0,0,0,0,0,0,1,0,0,0,0,1,0,0,0,1,0,0,0,0,0,0,0,0,0,36.8105,-89.45447,0,06/30/2019,08:02:00,CRASH OCCURRED AS VEHICLE 1 WAS PASSING A VEHICLE AND STRUCK TURNING VEHICLE 2 IN THE SIDE
897320,3190017027,Missouri State Highway Patrol-Troop D,1561852800000,190370666,2,0,2,0,Personal Injury,GREENE,NON-CITY OR UNINCORPORATED,D,2,2,0,0,0,AT,S ,RT AB,CRD 124,Daylight,Motor Vehicle in Transport,1,64,Sun     ,0,0,0,0,0,0,0,1,1,0,0,1,0,0,0,1,0,0,0,0,0,0,0,0,0,37.22778,-93.43118,0,06/30/2019,08:40:00,CRASH OCCURRED AS VEHICLE #1 FAILED TO STOP AT A STOP SIGN AND STRUCK VEHICLE #2. ASSISTED BY TPR S.P. RICHARDSON /1130/
830926,3190016797,Missouri State Highway Patrol-Troop A,1561852800000,190370814,1,0,1,0,Personal Injury,CLAY,KEARNEY,A,1,1,0,0,0,AT,S ,IS 35,ERM SOUTH IS 35 MILE 254,Daylight,Fixed Object,2,,Sun     ,0,0,0,0,0,0,0,1,1,0,0,0,0,0,0,0,0,0,0,0,0,0,0,0,0,39.35786,-94.37787,0,06/30/2019,10:18:00,"CRASH OCCURRED AS VEH 1 SWERVED TO AVOID ANOTHER VEHICLE, RAN OFF RIGHT SIDE OF ROADWAY STRIKING STREET SIGN AND EMBANKMENT. VEH 1 CAME TO REST ON ITS TOP.  ASSISTED BY CLAY COUNTY SHERIFF'S DEPARTMENT AND KEARNEY PD"
839751,3190017547,Missouri State Highway Patrol-Troop A,1561852800000,190370844,1,0,1,0,Personal Injury,LAFAYETTE,NON-CITY OR UNINCORPORATED,A,2,2,0,15,0,A ,W ,IS 70,ERM WEST IS 70 MILE 550,Daylight,Motor Vehicle in Transport,1,61,Sun     ,0,0,0,0,0,0,0,1,1,0,0,0,0,0,0,1,0,0,0,0,0,1,0,0,0,38.98956,-93.63396,0,06/30/2019,10:37:00,"THIS CRASH OCCURRED AS VEHICLE 1 AND VEHICLE 2 WERE WESTBOUND ON INTERSTATE 70. VEHICLE 1 WAS OVERTAKING VEHICLE 2 AND BEFORE CHANGING FROM THE RIGHT LANE TO THE LEFT LANE TO PASS, SHE IMPACTED THE REAR OF VEHICLE 2. AFTER IMPACT VEHICLE TWO OVERTURNED AND BEGAN SLIDING ON THE ROADWAY. VEHICLE 2 TRAVELED OFF THE RIGHT SIDE OF THE ROADWAY AND CAME TO FINAL REST OFF THE ROAD. AFTER IMPACT, VEHICLE 1 TRAVELED OFF THE LEFT SIDE OF THE ROADWAY AND IMPACTED THE CABLE BARRIER. ASSISTED BY MSGT. C. E. UTTERBACK /688/, CPL. T.A. BAXTER /297/, TPR. D. W. SCHUBERT, AND LAFAYETTE COUNTRY SHERIFF."
1330023,3190017155,Missouri State Highway Patrol-Troop G,1561852800000,190370907,1,0,1,0,Personal Injury,HOWELL,NON-CITY OR UNINCORPORATED,G,1,1,0,145,0.03,A ,E ,CRD 8270,US 160,Daylight,Fixed Object,2,,Sun     ,0,0,0,0,0,0,0,0,0,0,0,0,0,0,0,0,0,0,0,0,1,0,0,1,0,36.68462,-91.89241,0,06/30/2019,11:08:00,"ACCIDENT OCCURRED AS VEHICLE #1 TRAVELED OFF THE ROADWAY, STRUCK A FENCE, TRAVELED THROUGH A FIELD,  STRUCK A TREE AND CAUGHT FIRE.     ASSISTED BY MSGT R.T.REES(542)."
800573,3190016975,Missouri State Highway Patrol-Troop A,1561852800000,190370969,1,0,0,1,Personal Injury,SALINE,NON-CITY OR UNINCORPORATED,A,1,1,0,2455,0.46,B ,N,RT M,CRD 320TH,Daylight,Fixed Object,2,,Sun     ,0,0,0,0,0,0,0,0,0,0,0,0,0,0,0,1,0,0,0,0,0,0,0,0,0,39.24408,-93.00326,0,06/30/2019,11:30:00,"CRASH OCCURRED AS DRIVER 1 FAILED TO NEGOTIATE A CURVE CAUSING VEHICLE 1 TO TRAVEL OFF THE RIGHT SIDE OF THE ROADWAY, STRIKE AN EMBANKMENT AND OVERTURNED.  ASSISTED BY SALINE COUNTY DEPUTIES"
1330024,3190017594,Missouri State Highway Patrol-Troop G,1561852800000,190371158,3,0,3,0,Personal Injury,HOWELL,NON-CITY OR UNINCORPORATED,G,2,2,0,1246,0.24,B ,W ,US 160,CRD 1100,Daylight,Motor Vehicle in Transport,1,64,Sun     ,0,0,0,0,1,0,1,0,0,0,0,0,0,0,0,1,0,0,0,0,1,0,0,1,0,36.75187,-91.75832,0,06/30/2019,13:12:00,VEHICLE 1 ATTEMPTED TO PASS VEHICLE 2 AND ANOTHER VEHICLE ON A CURVE AND STRUCK VEHICLE 2 AS IT WAS TURNING INTO AN APPROACH.
928043,3190016943,Missouri State Highway Patrol-Troop D,1561852800000,190371252,1,0,1,0,Personal Injury,MCDONALD,JANE,D,1,1,0,1251,0.24,A ,N,US 71,CRD MISER RD,Daylight,Fixed Object,2,,Sun     ,0,0,0,0,0,0,0,1,0,0,0,0,0,0,0,0,0,0,0,0,0,0,0,0,0,36.54203,-94.31472,0,06/30/2019,13:50:00,DVR 1 FELL ASLEEP.  NBR 1 STRUCK THE CONCRETE MEDIAN BARRIER.
1286669,3190017239,Missouri State Highway Patrol-Troop C,1561852800000,190371297,1,0,1,0,Personal Injury,ST. LOUIS,NON-CITY OR UNINCORPORATED,C,2,2,0,110,0.02,B ,E ,IS 270,ERM EAST IS 270 MILE 292,Daylight,Motor Vehicle in Transport,1,64,Sun     ,0,0,0,0,0,0,0,1,0,0,0,0,0,0,0,1,0,0,0,0,0,0,0,0,0,38.77136,-90.28879,0,06/30/2019,14:10:00,DRIVER 1 BEGAN CHANGING LANES TO THE LEFT AND THEN STEERED RIGHT TO AVOID ANOTHER VEHICLE.  IMPACT OCCURRED AS THE FRONT RIGHT OF VEHICLE 1 STRUCK THE LEFT REAR OF VEHICLE 2.
1040667,3190017269,Missouri State Highway Patrol-Troop I,1561852800000,190371326,1,0,0,1,Personal Injury,CRAWFORD,NON-CITY OR UNINCORPORATED,I,1,1,0,5280,1,B ,N,MO 19,CRD SEVEN CEDARS ROAD,Daylight,Fixed Object,2,,Sun     ,0,1,0,0,0,0,0,0,0,0,0,0,0,0,0,0,0,0,0,0,0,0,0,0,0,37.88866,-91.2991,0,06/30/2019,14:20:00,"OCCURRED AS DVR1 TRAVELED OFF RIGHT SIDE OF ROADWAY, OVERCORRECTED, CROSSED RDWY, TRAVELED OFF THE LEFT SIDE AND COLLIDED WITH AN EMBANKMENT"
1055761,3190018232,Missouri State Highway Patrol-Troop I,1561852800000,190371335,3,0,2,1,Personal Injury,CRAWFORD,BOURBON,I,3,3,0,211,0.04,B ,E ,IS 44,ERM EAST IS 44 MILE 2196,Daylight,Motor Vehicle in Transport,1,61,Sun     ,0,0,0,0,0,0,1,0,0,0,0,0,0,0,0,1,0,0,0,0,0,0,0,0,0,38.16029,-91.23832,0,06/30/2019,14:27:00,"CRASH OCCURRED AS VEHICLE 1 REAR ENDED VEHICLE 2, THEN VEHICLE 2 REAR ENDED VEHICLE 3.  VEHICLE 1 AND VEHICLE 2 TRAVELED OFF THE LEFT SIDE OF THE ROADWAY.  VEHICLE 2 STRUCK THE CABLE MEDIAN BARRIER."
1167422,3190017052,Missouri State Highway Patrol-Troop F,1561852800000,190371383,1,0,1,0,Personal Injury,MILLER,NON-CITY OR UNINCORPORATED,F,1,1,0,1943,0.37,A ,E ,RT M,CRD SCRIVNER RD,Daylight,Overturn,2,,Sun     ,0,0,0,0,1,0,1,0,0,0,0,0,0,0,0,1,0,0,0,0,0,0,0,0,0,38.34241,-92.54562,0,06/30/2019,14:50:00,"CRASH OCCURRED AS VEHICLE 1 TRAVELED OFF THE RIGHT SIDE OF THE ROADWAY IN A CURVE. DRIVER 1 OVERCORRECTED, CAUSING VEHICLE 1 TO RETURN TO THE ROADWAY, TRAVEL BACK OFF THE RIGHT SIDE OF THE ROADWAY, AND OVERTURN. ASSISTED BY TPR M. R. LAWSON (831)"
1300757,3190017325,Missouri State Highway Patrol-Troop C,1561852800000,190371464,1,0,1,0,Personal Injury,ST. CHARLES,WEST ALTON,C,2,2,0,5,0,B ,N,US 67,MO 94,Daylight,Motor Vehicle in Transport,1,63,Sun     ,0,0,0,0,0,0,0,1,1,1,0,0,0,0,0,1,0,0,0,0,0,1,0,0,0,38.86156,-90.22324,0,06/30/2019,15:30:00,DRIVER 1 BEGAN BRAKING TO TURN LEFT.  DRIVER 2 STEERED TO THE RIGHT AROUND VEHICLE 1.  IMPACT OCCURRED AS THE RIGHT SIDE OF VEHICLE 1 STRUCK THE LEFT SIDE OF VEHICLE 2.
1187133,3190018386,Missouri State Highway Patrol-Troop B,1561852800000,190371533,1,1,0,1,Fatal,MARION,NON-CITY OR UNINCORPORATED,B,1,1,0,776,0.15,A ,S ,US 61,CRD 409,Daylight,Overturn,2,,Sun     ,0,0,0,0,0,0,0,0,0,0,0,0,0,0,0,1,0,0,0,0,1,0,0,1,0,39.74352,-91.42758,1,06/30/2019,15:55:00,FATALITY CRASH - NEXT OF KIN NOTIFIED - DRIVER OF VEHICLE 1 LOST CONTROL. VEHICLE 1 TRAVELED OFF THE LEFT SIDE OF THE ROAD INTO THE MEDIAN AND OVERTURNED. DRIVER AND PASSENGER WERE EJECTED. PASSENGER OF VEHICLE 1 WAS PRONOUNCED DECEASED AT 1639 HOURS AT THE SCENE BY MARION COUNTY CORONER RICHARD JONES.
1250023,3190017950,Missouri State Highway Patrol-Troop C,1561852800000,190371573,1,0,0,1,Personal Injury,STE. GENEVIEVE,NON-CITY OR UNINCORPORATED,C,1,1,0,5280,1,B ,W ,RT C,CRD LAWRENCETON CUTOFF RD,Daylight,Fixed Object,2,,Sun     ,0,0,0,0,0,0,0,1,0,0,0,0,0,0,0,1,0,0,0,0,0,1,0,0,0,37.91364,-90.30422,0,06/30/2019,16:15:00,"VEHICLE 1 TRAVELED OFF THE RIGHT SIDE OF THE ROAD AND OVERTURNED ONTO ITS LEFT SIDE. DRIVER 1 WAS EJECTED FROM VEHICLE 1. VEHICLE 1 CAME TO REST OFF THE RIGHT SIDE OF THE ROAD, ON ITS LEFT SIDE, FACING NORTH. ASSISTED BY STE. GENEVIEVE SHERIFF'S OFFICE."
1055762,3190016908,Missouri State Highway Patrol-Troop I,1561852800000,190371628,1,0,1,0,Personal Injury,CRAWFORD,BOURBON,I,1,1,0,341,0.06,B ,W ,IS 44,ERM WEST IS 44 MILE 2194,Daylight,Fixed Object,2,,Sun     ,0,0,0,0,0,1,1,0,0,0,0,0,0,0,0,0,0,0,1,0,0,0,0,0,0,38.16018,-91.23955,0,06/30/2019,16:35:00,"OCCURRED AS VEH1 HAD A BLOWOUT, SKIDDED OFF RIGHT SIDE OF ROADWAY, STRUCK A SIGN AND THE DITCH AND OVERTURNED."
1226175,3190020018,Missouri State Highway Patrol-Troop C,1561852800000,190371687,7,0,3,4,Personal Injury,JEFFERSON,NON-CITY OR UNINCORPORATED,C,3,3,0,528,0.1,B ,S ,RT B,PVT SIMPSON HILL DR,Daylight,Motor Vehicle in Transport,1,60,Sun     ,1,0,0,0,0,0,0,0,0,0,0,0,0,0,0,1,0,0,0,0,1,0,0,1,0,38.32894,-90.64808,0,06/30/2019,16:57:00,VEHICLE 1 WAS TRAVELING NORTHBOUND ON ROUTE B. VEHICLES 2 AND 3 WERE TRAVELING SOUTHBOUND ON ROUTE B. VEHICLE 1 CROSSED CENTER LINE AND STRUCK VEHICLE 2. VEHICLE 3 WAS STRUCK BY DEBRIS FROM THE CRASH. ASSISTED BY TPR. J. R. BROWN (184)