objectid,accident,agency,inv_date,complaint,injured,killed,min_inj,dis_inj,severity,county,city,troop,no_vehicle,motor_veh,left_scene,dist_feet,dist_mile,inter_loc,direction,on_street,at_street,light_cond,acc_type,on_off_rd,two_veh,day_week,dr_drink,dr_drug,ped_drink,ped_drug,speed,dr_under21,dr_under25,dr_over55,dr_over64,electrical,emer_veh,stop_sign,yield_sign,czone,hazmat,aggressive,cell_phone,texting,veh_defect,school_bus,truck,motorcycle,atv,pickup,cmv,gps_lat,gps_long,severity_fatal,acc_date,acc_time,narrative
1510205,3190018071,Missouri State Highway Patrol-Troop H,1561852800000,190371728,1,0,1,0,Personal Injury,GRUNDY,NON-CITY OR UNINCORPORATED,H,1,1,0,1779,0.34,B ,E ,RT F,RT W,Daylight,Overturn,1,,Sun     ,0,0,0,0,0,1,1,0,0,0,0,0,0,0,0,0,1,0,0,0,0,0,0,0,0,39.97642,-93.6522,0,06/30/2019,17:00:00,CRASH OCCURRED AS VEH#1 WAS EASTBOUND AND TRAVELED OFF THE SOUTH SIDE OF THE ROADWAY.  DVR#1 OVERCORRECTED AND CROSSED THE CENTER LINE  CAUSING VEH#1 TO OVERTURN THREE TIMES.  VEH#1 CAME TO REST OFF THE NORTH SIDE OF THE ROADWAY FACING WEST ON ITS WHEELS.  ASSISTED BY  TPR. B. N. RANEY (731) AND THE GRUNDY COUNTY SHERIFF'S DEPARTMENT.
918299,3190017245,Missouri State Highway Patrol-Troop D,1561852800000,190371955,3,0,3,0,Personal Injury,JASPER,NON-CITY OR UNINCORPORATED,D,2,2,0,1235,0.23,A ,W ,MO 96,CRD 270,Daylight,Motor Vehicle in Transport,1,61,Sun     ,0,0,0,0,0,1,1,0,0,0,0,0,0,0,0,0,0,0,0,0,0,0,0,0,0,37.20172,-94.54918,0,06/30/2019,18:45:00,NR1 SLOWED TO MAKE A LEFT TURN AND WAS STRUCK IN THE REAR BY NR2.
1016191,3190017663,Missouri State Highway Patrol-Troop D,1561852800000,190371978,1,0,1,0,Personal Injury,NEWTON,NON-CITY OR UNINCORPORATED,D,1,1,Y,395,0.07,A ,E ,RT U,CRD STATE LINE ROAD,Daylight,Fixed Object,2,,Sun     ,0,0,0,0,0,0,0,1,0,0,0,0,0,0,0,0,0,0,0,0,0,1,0,0,0,36.86831,-94.61709,0,06/30/2019,18:45:00,"CRASH OCCURRED AS VEHICLE #1 ATTEMPTED TO AVOID A COLLISION WITH ANOTHER VEHICLE IN THEIR PATH, VEHICLE #1 TRAVELED OFF THE RIGHT SIDE OF THE ROADWAY AND STRUCK A TREE."
1213247,3190017552,Missouri State Highway Patrol-Troop C,1561852800000,190371980,1,0,0,1,Personal Injury,WARREN,WRIGHT CITY,C,2,2,0,0,0,AT,W ,NOR 70,PVT TRAILS END,Daylight,Motor Vehicle in Transport,1,60,Sun     ,0,0,0,0,0,0,0,1,0,0,0,0,0,0,0,1,0,0,0,0,0,1,0,0,0,38.82825,-91.01108,0,06/30/2019,19:01:00,DRIVER 2 TURNED INTO PATH OF VEHICLE 1. BOTH VEHICLES STRUCK HEAD ON. DRIVER 1 WAS EJECTED.
888015,3190017135,Missouri State Highway Patrol-Troop A,1561852800000,190372013,1,0,1,0,Personal Injury,RAY,NON-CITY OR UNINCORPORATED,A,1,1,0,1800,0.34,A ,N,RT O,CRD PENDLETON RD,Daylight,Fixed Object,2,,Sun     ,0,0,0,0,1,1,1,0,0,0,0,0,0,0,0,1,0,0,0,0,1,0,0,1,0,39.24443,-94.14189,0,06/30/2019,19:30:00,"CRASH OCCURRED AS VEH1 RAN OFF THE RIGHT SIDE OF ROADWAY, SKIDDING BEFORE RETURNING TO THE ROAD.  VEHICLE1 THEN RAN OFF THE LEFT SIDE OF THE ROADWAY, RETURNED, AND STRUCK A DITCH.  VEHICLE1 WENT AIRBORNE, LANDED AND ROLLED INTO A CORN FIELD."
1061059,3190018011,Missouri State Highway Patrol-Troop I,1561852800000,190372187,3,1,0,3,Fatal,DENT,SALEM,I,2,2,0,0,0,AT,E ,MO 72,RT J WJ,Dark-Lighted,Motor Vehicle in Transport,1,60,Sun     ,0,0,0,0,0,0,1,1,0,0,0,0,0,0,0,1,0,0,0,0,1,0,0,1,0,37.64826,-91.56319,1,06/30/2019,21:07:00,"FATALITY ACCIDENT - NEXT OF KIN NOTIFIED. OCCURRED AS VEH 1 WAS NORTHBOUND ON HWY 72, VEH 2 WAS STOPPED IN THE MERGE LANE WAITING TO TURN ONTO HWY J. VEH 1 CROSSED INTO THE CENTER OF THE ROADWAY AND STRUCK VEH 2 HEAD ON. SUBJECT WAS PRONOUNCED DECEASED BY DR DAVID WHITE AT 2311 HOURS, AT THE SALEM MEMORIAL DISTRICT HOSPITAL. THIS IS TROOP I'S THIRD FATALITY IN JUNE AND 15TH FOR 2019. ASSISTED BY TPR J.S. LEATHERS (822), AND TPR A.A. AYRES (217)"
927229,3190017207,Missouri State Highway Patrol-Troop D,1561852800000,190372279,1,0,0,1,Personal Injury,MCDONALD,ANDERSON,D,1,1,0,1356,0.26,A ,E ,MO 76,CRD BUNCH ROAD,Dark-Unlighted,Fixed Object,2,,Sun     ,,,,,,0,0,0,0,0,0,0,0,0,0,,0,0,,0,0,0,0,0,0,36.64658,-94.46833,0,06/30/2019,22:25:00,"CRASH OCCURRED AS VEHICLE #1 TRAVELED OFF THE RIGHT SIDE OF THE ROADWAY, STRUCK AN EMBANKMENT, STRUCK A TREE, AND OVERTURNED."
1285513,3190020630,Missouri State Highway Patrol-Troop C,1561939200000,190372379,1,0,1,0,Personal Injury,ST. FRANCOIS,NON-CITY OR UNINCORPORATED,C,1,1,0,1056,0.2,A ,W ,CRD FLAT RIVER RD,CST TOWN AND COUNTRY TRL PK WJ,Dark-Unlighted,Fixed Object,2,,Mon     ,0,0,0,0,0,0,0,0,0,0,0,0,0,0,0,0,0,0,0,0,0,0,0,0,0,37.81901,-90.45244,0,07/01/2019,00:15:00,"DRIVER 1 WAS TRAVELING TO FAST AND LOST CONTROL OF VEHICLE 1. VEHICLE 1 TRAVELED OFF THE LEFT SIDE OF THE ROADWAY, STRUCK A DITCH, AND OVERTURNED."
803479,3190018097,Missouri State Highway Patrol-Troop A,1561939200000,190372441,2,0,0,2,Personal Injury,JOHNSON,NON-CITY OR UNINCORPORATED,A,2,2,0,0,0,AT,N,BU 13,CRD SE 180,Dark-Unlighted,Motor Vehicle in Transport,1,64,Mon     ,0,0,0,0,0,0,0,1,0,0,0,1,0,0,0,1,0,0,1,0,1,0,0,1,0,38.73453,-93.7323,0,07/01/2019,05:00:00,OCCURRED AS VEH1 FAILED TO STOP AT POSTED STOP SIGN AND PULLED INTO THE PATH OF VEH2. VEH2 STRUCK VEH1 ON DRIVER'S SIDE. ASSISTED BY JOHNSON COUNTY DEPUTIES
1286718,3190017654,Missouri State Highway Patrol-Troop C,1561939200000,190372475,3,1,0,3,Fatal,ST. LOUIS,NON-CITY OR UNINCORPORATED,C,3,3,0,1679,0.32,B ,N,US 67,BRIDGE A6638,Daylight,Motor Vehicle in Transport,2,60,Mon     ,0,1,0,0,1,0,1,0,0,0,0,0,0,0,0,1,0,0,0,0,0,0,0,0,0,38.8255,-90.233,1,07/01/2019,06:25:00,"FATALITY REPORT - VEHICLE 1 WAS TRAVELING NORTHBOUND ON MISSOURI 367.  VEHICLE 1 TRAVELED OFF THE LEFT SIDE OF THE ROADWAY AND CROSSED THE CENTER MEDIAN.  VEHICLE 1 TRAVELED INTO THE SOUTHBOUND LANES AND STRUCK VEHICLE 2 HEAD ON.  AFTER IMPACT, VEHICLE 1 ROTATED  AND THE PASSENGER SIDE OF VEHICLE 1 STRUCK THE FRONT OF VEHICLE 3.  PRONOUNCED  BY MEDICAL EXAMINER TRAMMELL AT 0653 HOURS 07/1/2019."
1181839,3190017978,Missouri State Highway Patrol-Troop F,1561939200000,190372570,1,0,1,0,Personal Injury,OSAGE,NON-CITY OR UNINCORPORATED,F,2,2,0,0,0,AT,N,RT T,CRD 526 NJ,Daylight,Motor Vehicle in Transport,1,64,Mon     ,0,0,0,0,0,0,0,0,0,0,0,0,0,0,0,1,0,0,0,0,0,0,0,0,0,38.38809,-91.99228,0,07/01/2019,07:40:00,"CRASH OCCURRED AS VEHICLE 1 ATTEMPTED TO PASS VEHICLE 2 AS IT WAS MAKING A LEFT TURN.  VEHICLE 1 STRUCK VEHICLE 2. AFTER IMPACT, VEHICLE 1 TRAVELED OFF THE LEFT SIDE OF THE HWY, STRUCK A ROAD SIGN AND A TREE."
888014,3190017281,Missouri State Highway Patrol-Troop A,1561939200000,190372605,1,0,1,0,Personal Injury,RAY,NON-CITY OR UNINCORPORATED,A,3,3,0,0,0,AT,W ,MO 10,RT M,Daylight,Motor Vehicle in Transport,1,64,Mon     ,0,0,0,0,0,0,0,1,0,0,0,1,0,0,0,1,0,0,0,0,1,0,0,1,0,39.34033,-94.14521,0,07/01/2019,08:00:00,"OCCURRED AS VEH3 FAILED TO YIELD AT POSTED STOP SIGN AND STRUCK VEH2, CAUSING VEH2 TO TRAVEL INTO ONCOMING TRAFFIC AND STRIKING VEH1. ASSISTED BY RAY COUNTY DEPUTIES"
1500224,3190017168,Missouri State Highway Patrol-Troop H,1561939200000,190372647,1,0,1,0,Personal Injury,CLINTON,NON-CITY OR UNINCORPORATED,H,2,2,0,1153,0.22,A ,W ,MO 116,CRD NE WALNUT GROVE RD,Daylight,Motor Vehicle in Transport,1,62,Mon     ,0,0,0,0,0,1,1,1,0,0,0,0,0,0,0,1,0,0,0,0,1,0,0,1,0,39.56272,-94.38856,0,07/01/2019,08:26:00,"ACCIDENT OCCURRED AS VEH #1 WAS TRAVELING EASTBOUND AND VEH #2 WAS TRAVELING WESTBOUND ON MO116. DVR #2 OBSERVED VEH #1 CROSS THE CENTER LINE AND SWERVED TO AVOID A COLLISION. VEH #1 SIDE-SWIPED VEH #2 ON THE DRIVERS SIDE AND TRAVELED OFF THE NORTH SIDE OF THE ROADWAY. VEH #1 OVERTURNED AND CAME TO REST ON ITS PASSENGER SIDE. VEH#2 RETURNED TO THE ROADWAY AND OVERTURNED, COMING TO REST ON ITS PASSENGER SIDE IN THE EASTBOUND LANE. ASSISTED BY MSGT L.M. NEWMAN (576), AND CLINTON COUNTY SHERIFF'S DEPARTMENT."
925249,3190017090,Missouri State Highway Patrol-Troop D,1561939200000,190372727,1,0,1,0,Personal Injury,MCDONALD,NON-CITY OR UNINCORPORATED,D,3,3,0,142,0.03,A ,S ,US 71,CRD GORDON HOLLOW RD,Daylight,Motor Vehicle in Transport,1,61,Mon     ,1,0,0,0,0,0,1,0,0,1,0,0,1,0,0,1,0,0,0,0,1,0,0,1,1,36.50812,-94.28066,0,07/01/2019,09:20:00,ACCIDENT OCCURRED AS VEHICLE #1 MADE A RIGHT TURN AND FAILED TO YIELD AND WAS STRUCK BY VEHICLE #2. VEHICLE #1 TRAVELED OFF THE ROAD INTO THE WALMART PARKING LOT AND STRUCK VEHICLE #3.
882788,3190017048,Missouri State Highway Patrol-Troop A,1561939200000,190372863,1,0,1,0,Personal Injury,BATES,NON-CITY OR UNINCORPORATED,A,1,1,0,3168,0.6,A ,E ,CRD NE 8004,CRD NE 1503,Daylight,Fixed Object,2,,Mon     ,0,0,0,0,0,0,0,0,0,0,0,0,0,0,0,0,0,0,0,0,0,0,0,0,0,38.33593,-94.30763,0,07/01/2019,10:25:00,OCCURRED AS VEH1 SWERVED TO AVOID AN ANIMAL IN THE ROADWAY AND STRUCK A BRIDGE. ASSISTED BY CPL J E THUSS /1206/
1318046,3190019262,Missouri State Highway Patrol-Troop G,1561939200000,190372961,1,0,1,0,Personal Injury,OZARK,NON-CITY OR UNINCORPORATED,G,1,1,0,83,0.02,B ,N,RT AR,BRIDGE A5612,Daylight,Overturn,1,,Mon     ,0,0,0,0,1,0,0,0,0,0,0,0,0,0,0,1,0,0,0,0,0,1,0,0,0,36.49971,-92.13897,0,07/01/2019,11:26:00,"ACCIDENT OCCURRED AS VEHICLE #1 OVERTURNED AND RAN OFF THE ROADWAY, ASSISTED BY TPR D L NASH (719) , OZARK COUNTY FIRST RESPONDERS AND BAKERSFIELD FIRE DEPARTMENT"
1211261,3190017262,Missouri State Highway Patrol-Troop F,1561939200000,190372983,1,0,0,1,Personal Injury,COLE,NON-CITY OR UNINCORPORATED,F,1,1,0,410,0.08,B ,E ,US 54,CRD FALL HILL RD,Daylight,Fixed Object,2,,Mon     ,0,0,0,0,0,0,0,1,1,0,0,0,0,0,0,0,0,0,0,0,0,0,0,0,0,38.42594,-92.32565,0,07/01/2019,11:42:00,"CRASH OCCURRED AS DRIVER 1 FELL ASLEEP. VEHICLE 1 TRAVELED OFF THE LEFT SIDE OF THE ROADWAY, STRUCK A ROCK BLUFF AND OVERTURNED. ASSISTED BY TPR. T. C. FICK (787)."
1226157,3190017714,Missouri State Highway Patrol-Troop C,1561939200000,190373106,1,0,1,0,Personal Injury,JEFFERSON,NON-CITY OR UNINCORPORATED,C,1,1,0,179,0.03,B ,N,IS 55,ERM NORTH IS 55 MILE 1838,Daylight,Fixed Object,2,,Mon     ,0,0,0,0,0,0,0,1,0,0,0,0,0,0,0,1,0,0,0,0,0,0,0,0,0,38.32902,-90.40036,0,07/01/2019,11:59:00,"DRIVER 1 SUFFERED A MEDICAL EMERGENCY AND ATTEMPTED TO TRAVEL TO THE RIGHT SHOULDER.  VEHICLE 1 TRAVELED OFF THE RIGHT SIDE OF THE ROADWAY, STRUCK A BLUFF, AND OVERTURNED."
853121,3190018365,Missouri State Highway Patrol-Troop A,1561939200000,190373107,1,0,1,0,Personal Injury,PETTIS,NON-CITY OR UNINCORPORATED,A,3,3,0,0,0,AT,N,RT M,CRD MCVEY ROAD,Daylight,Motor Vehicle in Transport,1,64,Mon     ,0,0,0,0,0,0,1,1,1,0,0,1,0,0,0,1,0,0,0,0,0,0,0,0,0,38.67396,-93.18658,0,07/01/2019,12:50:00,"CRASH OCCURRED AS VEHICLE #1 FAILED TO YIELD AND PULLED INTO THE PATH OF VEHICLE #2, CAUSING DRIVER #2 TO LOSE CONTROL OF HER VEHICLE AND STRIKE VEHICLE #3."
1160940,3190017364,Missouri State Highway Patrol-Troop F,1561939200000,190373268,1,0,1,0,Personal Injury,COOPER,WINDSOR PLACE,F,2,2,0,0,0,AT,S ,MO 87,RP 4033,Daylight,Motor Vehicle in Transport,1,64,Mon     ,0,0,0,0,0,0,0,1,1,0,0,1,0,0,0,1,0,0,0,0,1,1,0,1,0,38.93811,-92.69114,0,07/01/2019,14:35:00,CRASH OCCURRED AS DRIVER 2 FAILED TO YEILD TO VEHICLE 1 AT A CONTROLLED INSTERECTION AND VEHICLE 2 WAS STRUCK BY VEHICLE 1. ASSISTED BY COOPER COUNTY SHERIFF'S OFFICE
995864,3190017341,Missouri State Highway Patrol-Troop D,1561939200000,190373287,1,0,1,0,Personal Injury,STONE,NON-CITY OR UNINCORPORATED,D,1,1,0,491,0.09,A ,E ,MO 176,CRD BOB WHITE RD,Daylight,Fixed Object,2,,Mon     ,0,0,0,0,0,1,1,0,0,0,0,0,0,0,0,0,0,0,0,0,0,0,0,0,0,36.80919,-93.45254,0,07/01/2019,14:42:00,"CRASH OCCURRED AS VEHICLE #1 FAILED TO NEGOTIATE A CURVE, TRAVELED OFF THE LEFT SIDE OF THE ROADWAY, STRUCK AN EMBANKMENT AND OVERTURNED."
799487,3190017989,Missouri State Highway Patrol-Troop A,1561939200000,190373496,1,0,1,0,Personal Injury,JACKSON,LEES SUMMIT,A,4,4,0,68,0.01,A ,E ,IS 470,ERM EAST IS 470 MILE 56,Daylight,Motor Vehicle in Transport,1,61,Mon     ,0,0,0,0,0,0,0,0,0,0,0,0,0,0,0,1,0,0,0,0,1,0,0,1,0,38.93579,-94.44307,0,07/01/2019,16:30:00,"CRASH OCCURRED AS ALL VEHICLES WERE TRAVELING EASTBOUND ON I-470. VEHICLES 2, 3, AND 4 WERE TRAVELING IN LANE #2 AND VEHICLE1 WAS TRAVELING IN LANE #3. VEHICLES 1, 2, AND 3 WERE SLOWING FOR CONGESTED TRAFFIC WHEN VEHICLE4 STRUCK THE REAR OF VEHICLE3, PUSHING VEHICLE3 INTO THE RIGHT LANE INTO VEHICLE1. VEHICLE4 BECAME AIRBORNE AND LANDED ON TOP OF VEHICLE2. VEHICLE4 OVERTURNED MULTIPLE TIMES BEFORE SKIDDING INTO THE MEDIAN AND COMING TO REST."
1111405,3190018385,Missouri State Highway Patrol-Troop E,1561939200000,190373637,0,1,0,0,Fatal,DUNKLIN,NON-CITY OR UNINCORPORATED,E,1,1,0,300,0.06,A ,E ,RT P,CRD 531,Daylight,Fixed Object,2,,Mon     ,0,0,0,0,0,0,0,1,1,0,0,0,0,0,0,1,0,0,0,0,1,0,0,1,0,36.13401,-90.14029,1,07/01/2019,17:35:00,"**** FATALITY CRASH **** NEXT OF KIN NOTIFIED ***  OCCURRED AS VEH1 RAN OFF THE RIGHT SIDE OF THE ROADWAY STRUCK SEVERAL MAILBOXES, DVR1 OVERCORRECTED AND DROVE OFF THE LEFT SIDE OF THE ROADWAY STRIKING A UTILITY POLE AND OVERTURNING EJECTING DVR1.  DVR1 PRONOUNCED AT THE SCENE BY DUNKLIN COUNTY CORONER JAMES POWELL AT 1820 HRS. ** TROOP E FATALITY #21 FOR 2019 ***"
901485,3190017646,Missouri State Highway Patrol-Troop D,1561939200000,190373684,1,0,1,0,Personal Injury,ST. CLAIR,NON-CITY OR UNINCORPORATED,D,2,2,0,828,0.16,B ,E ,RT B,CRD NE 251,Daylight,Motor Vehicle in Transport,1,60,Mon     ,0,0,0,0,0,0,0,1,0,0,0,0,0,0,0,1,1,0,0,0,1,0,0,1,0,38.056,-93.73964,0,07/01/2019,17:54:00,VEHICLE 1 CROSSED THE CENTER LINE AND STRUCK VEHICLE 2.
969067,3190016976,Missouri State Highway Patrol-Troop D,1561939200000,190373748,1,0,1,0,Personal Injury,BARRY,NON-CITY OR UNINCORPORATED,D,1,1,0,1071,0.2,A ,S ,MO 39,CRD 1220,Daylight,Overturn,2,,Mon     ,0,0,0,0,0,0,0,0,0,0,0,0,0,0,0,0,0,0,0,0,0,0,0,0,0,36.77472,-93.67377,0,07/01/2019,18:35:00,NR1 RAN OFF THE RIGHTSIDE OF THE ROADWAY AND OVERTURNED.
1155477,3190017419,Missouri State Highway Patrol-Troop E,1561939200000,190373816,2,0,2,0,Personal Injury,SCOTT,NON-CITY OR UNINCORPORATED,E,1,1,0,3695,0.7,A ,S ,CRD 313,CRD 312,Daylight,Fixed Object,2,,Mon     ,0,0,0,0,1,1,1,0,0,0,0,0,0,0,0,1,0,0,0,0,0,0,0,0,0,37.19694,-89.51432,0,07/01/2019,19:20:00,CRASH OCCURRED AS DRIVER LOST CONTROL AND OVERTURNED
800575,3190018957,Missouri State Highway Patrol-Troop A,1561939200000,190373906,1,0,1,0,Personal Injury,SALINE,NON-CITY OR UNINCORPORATED,A,1,1,0,155,0.03,A ,W ,IS 70,ERM WEST IS 70 MILE 810,Daylight,Fixed Object,2,,Mon     ,0,0,0,0,0,0,0,0,0,0,0,0,0,0,0,0,0,0,0,0,0,0,0,0,0,38.95748,-93.15287,0,07/01/2019,20:15:00,"CRASH OCCURRED AS UNKNOWN VEHICLE PASSED VEHICLE 1 AND IMMEDIATELY DECELERATED, CAUSING VEHICLE 1 TO SWERVE OFF THE RIGHT SIDE OF THE ROADWAY. VEHICLE 1 STRUCK THE DITCH, OVERTURNED, AND CAME TO REST ON ITS TIRES. ASSISTED BY TPR H R WALLACE /1434/ AND SALINE COUNTY SHERIFF'S DEPARTMENT."
1167421,3190017582,Missouri State Highway Patrol-Troop F,1561939200000,190373935,1,0,1,0,Personal Injury,MILLER,NON-CITY OR UNINCORPORATED,F,1,1,0,359,0.07,A ,E ,CRD VILLAGE MARINA RD,CRD UNICORN RD,Daylight,Overturn,2,,Mon     ,1,0,0,0,1,0,0,0,0,0,0,0,0,0,0,1,0,0,0,0,0,0,0,0,0,38.23435,-92.65951,0,07/01/2019,20:34:00,"CRASH OCCURRED AS DRIVER 1 FAILED TO NEGOTIATE A CURVE AND  VEHICLE 1 RAN OFF THE RIGHT SIDE OF THE ROADWAY, DOWN A STEEP EMBANKMENT AND OVERTURNED.  ASSISTED BY TPR. W. R. PLUMLEY (1294)."
941369,3190017399,Missouri State Highway Patrol-Troop D,1561939200000,190373997,1,0,1,0,Personal Injury,DALLAS,NON-CITY OR UNINCORPORATED,D,1,1,0,300,0.06,A ,N,MO 73,CRD HILLCREST DR,Dark-Unlighted,Fixed Object,2,,Mon     ,0,0,0,0,0,0,0,0,0,0,0,0,0,0,0,1,0,0,0,0,1,0,0,1,0,37.76019,-93.0698,0,07/01/2019,21:30:00,"CRASH OCCURRED AS VEHICLE 1 ATTEMPTED TO OVERTAKE AND PASS TWO VEHICLES, VEHICLE 1 TRAVELED OFF LEFT SIDE OF ROADWAY, STRUCK A DITCH, MULTIPLE TREES AND OVERTURNED."
1278128,3190018140,Missouri State Highway Patrol-Troop C,1562025600000,190374138,1,0,1,0,Personal Injury,ST. CHARLES,LAKE ST LOUIS,C,1,1,Y,195,0.04,B ,W ,IS 70,ERM WEST IS 70 MILE 2140,Dark-Unlighted,Fixed Object,2,,Mon     ,0,1,0,0,0,0,0,0,0,0,0,0,0,0,0,1,0,0,0,0,0,0,0,0,0,38.80412,-90.77157,0,07/01/2019,23:52:00,VEHICLE 1 RAN OFF THE LEFT SIDE OF THE ROADWAY AND STRUCK THE MEDIAN.
1145168,3190017201,Missouri State Highway Patrol-Troop E,1562025600000,190374197,3,0,3,0,Personal Injury,NEW MADRID,NON-CITY OR UNINCORPORATED,E,1,1,0,20,0,B ,N,IS 55,BRIDGE A1145,Dark-Unlighted,Fixed Object,2,,Tue     ,0,0,0,0,0,0,0,0,0,0,0,0,0,0,0,0,0,0,0,0,1,0,0,1,0,36.77197,-89.53491,0,07/02/2019,02:45:00,VEH1 RAN OFF THE ROADWAY AND STRUCK A GUARDRAIL. A MODOT GUARDRAIL WAS DAMAGED IN THIS INCIDENT.
969183,3190017288,Missouri State Highway Patrol-Troop D,1562025600000,190374347,3,0,3,0,Personal Injury,BARRY,NON-CITY OR UNINCORPORATED,D,2,2,0,0,0,AT,W ,MO 248,CRD 2145,Daylight,Motor Vehicle in Transport,1,61,Tue     ,0,0,0,0,0,0,0,0,0,0,0,0,0,0,0,1,0,0,0,0,1,0,0,1,0,36.72638,-93.77406,0,07/02/2019,07:49:00,ACCIDENT OCCURRED AS VEHICLE #1 STRUCK VEHICLE #2 FROM THE REAR.
1502904,3190017082,Missouri State Highway Patrol-Troop H,1562025600000,190374630,1,0,1,0,Personal Injury,CALDWELL,NON-CITY OR UNINCORPORATED,H,1,1,0,213,0.04,A ,S ,CRD CROW RD,RT HH,Daylight,Overturn,2,,Tue     ,0,0,0,0,1,0,0,0,0,0,0,0,0,0,0,1,0,0,0,0,0,0,0,0,1,39.63868,-94.17363,0,07/02/2019,09:45:00,CRASH OCCURRED AS VEHICLE 1 WAS ATTEMPTING TO TURN SOUTH ON CROW ROAD FROM RT HH. VEHICLE 1 TRAVELED OFF THE WEST SIDE OF CROW RD. VEHICLE 1 OVERTURNED ON ITS PASSENGER SIDE INTO A BARBED WIRE FENCE. VEHICLE 1 CAME TO REST ON ITS PASSENGER SIDE ON CROW ROAD FACING SOUTH. ASSISTED BY CALDWELL COUNTY SHERIFF'S OFFICE
1286697,3190017987,Missouri State Highway Patrol-Troop C,1562025600000,190374642,1,0,1,0,Personal Injury,ST. LOUIS,NON-CITY OR UNINCORPORATED,C,2,2,0,36,0.01,A ,E ,IS 270,RP 6503 WJ,Daylight,Fixed Object,2,,Tue     ,0,0,0,0,0,0,0,1,0,0,0,0,0,0,0,0,0,0,0,0,1,0,0,0,1,38.50379,-90.33958,0,07/02/2019,10:06:00,"AN UNKNOWN VEHICLE CUT OFF VEHICLE 2. VEHICLE 2  ATTEMPTED TO AVOID THE VEHICLE AND RAN OFF THE RIGHT SIDE OF THE ROADWAY. VEHICLE 2 STRUCK A GUARDRAIL, TRAVELED BACK ONTO THE ROADWAY AND THE FRONT OF VEHICLE 2 STRUCK THE REAR OF VEHICLE 1.  ASSISTED BY TPR. B.A. TEAGUE (1385)"
1318859,3190018824,Missouri State Highway Patrol-Troop G,1562025600000,190374739,1,0,1,0,Personal Injury,REYNOLDS,NON-CITY OR UNINCORPORATED,G,1,1,Y,1330,0.25,B ,N,CRD 468,CRD 468A,Daylight,Overturn,2,,Tue     ,0,0,0,0,1,0,0,0,0,0,0,0,0,0,0,1,0,0,0,0,0,0,0,0,0,37.20577,-90.75213,0,07/02/2019,10:45:00,"ACCIDENT OCCURRED AS VEHICLE #1 ATTEMPTED TO NEGOTIATE A CURVE, LOST CONTROL ON GRAVEL, TRAVELED OFF THE LEFT SIDE OF ROADWAY AND OVERTURNED.    ASSISTED BY TPR E.M.REYNOLDS(1347), REYNOLDS COUNTY SHERIFF'S DEPARTMENT AND THE WAYNE COUNTY SHERIFF'S DEPARTMENT."
1212212,3190018388,Missouri State Highway Patrol-Troop C,1562025600000,190374789,1,0,1,0,Personal Injury,WASHINGTON,NON-CITY OR UNINCORPORATED,C,1,1,0,865,0.16,A ,E ,RT M,CRD MOUNTS RD 511,Daylight,Fixed Object,2,,Tue     ,0,0,0,0,1,1,1,0,0,0,0,0,0,0,0,1,0,0,0,0,0,0,0,0,0,37.84556,-90.66216,0,07/02/2019,11:20:00,"VEHICLE 1 WAS TRAVELING EASTBOUND ON ROUTE M.  THERE WERE TWO VEHICLES STOPPED IN THE ROADWAY WAITING ON ANOTHER VEHICLE TO MAKE A LEFT TURN.  THE DRIVER OF VEHICLE 1 WAS UNABLE TO STOP IN TIME, RAN OFF THE RIGHT SIDE OF THE ROADWAY, AND STRUCK A CONCRETE CULVERT. ASSISTED BY CPL. B.M. BEARD (254)"
1016186,3190017079,Missouri State Highway Patrol-Troop D,1562025600000,190374802,2,0,2,0,Personal Injury,NEWTON,NON-CITY OR UNINCORPORATED,D,1,1,0,375,0.07,A ,N,IS 49,ERM NORTH IS 49 MILE 332,Daylight,Fixed Object,2,,Tue     ,0,0,0,0,0,0,0,0,0,0,0,0,0,0,0,1,0,0,0,0,0,0,0,0,0,36.96409,-94.42969,0,07/02/2019,11:30:00,"ACCIDENT OCCURRED AS VEH #1 WAS NORTHBOUND, TRAVELED OFF THE RIGHT SIDE OF THE ROADWAY AND STRUCK SEVERAL TREES. ASSISTED BY TRP J. DRUM #482"
1036121,3190018003,Missouri State Highway Patrol-Troop I,1562025600000,190374834,0,1,0,0,Fatal,PHELPS,NON-CITY OR UNINCORPORATED,I,1,1,0,4224,0.8,B ,S ,US 63,CRD 8010 SJ,Daylight,Fixed Object,2,,Tue     ,0,0,0,0,0,0,0,0,0,0,0,0,0,0,0,0,0,0,0,0,1,0,0,1,0,37.9821,-91.76314,1,07/02/2019,12:00:00,"FATALITY CRASH OCCURRED AS VEHICLE 1 CROSSED THE CENTER LINE, TRAVELED OFF THE LEFT SIDE OF THE ROADWAY AND STRUCK A TREE. NEXT OF KIN NOTIFIED. THE VICTIM WAS PRONOUNCED DECEASED BY THE PHELPS COUNTY CORONER, ANDY DAVIS AT 1210 HOURS AT THE SCENE. THIS IS TROOP I'S 1ST FATALITY FOR JULY AND THE 16TH FOR 2019."
1159318,3190017537,Missouri State Highway Patrol-Troop E,1562025600000,190374864,1,0,1,0,Personal Injury,STODDARD,ESSEX,E,3,3,0,195,0.04,B ,N,CST ALMA ST,CST TROTTER ST,Daylight,Parked Motor Vehicle,2,61,Tue     ,0,0,0,0,0,1,1,0,0,0,0,0,0,0,0,1,0,0,0,0,1,0,0,1,0,36.81109,-89.85962,0,07/02/2019,12:11:00,"CRASH OCCURRED AS VEHICLE 1 RAN OFF LEFT SIDE OF ROADWAY, STRIKING PARKED VEHICLE 2 WHICH STRUCK PARKED VEHICLE 3"