objectid,accident,agency,inv_date,complaint,injured,killed,min_inj,dis_inj,severity,county,city,troop,no_vehicle,motor_veh,left_scene,dist_feet,dist_mile,inter_loc,direction,on_street,at_street,light_cond,acc_type,on_off_rd,two_veh,day_week,dr_drink,dr_drug,ped_drink,ped_drug,speed,dr_under21,dr_under25,dr_over55,dr_over64,electrical,emer_veh,stop_sign,yield_sign,czone,hazmat,aggressive,cell_phone,texting,veh_defect,school_bus,truck,motorcycle,atv,pickup,cmv,gps_lat,gps_long,severity_fatal,acc_date,acc_time,narrative
1212213,3190018389,Missouri State Highway Patrol-Troop C,1562025600000,190374875,1,0,0,1,Personal Injury,WASHINGTON,NON-CITY OR UNINCORPORATED,C,2,2,0,1045,0.2,B ,S ,MO 21,CRD SANSOUCIE RD,Daylight,Overturn,1,,Tue     ,0,0,0,0,0,0,0,1,1,0,0,0,0,0,0,0,0,0,0,0,1,1,0,1,0,38.04402,-90.75894,0,07/02/2019,12:20:00,VEHICLE 1 WAS ATTEMPTING TO TURN LEFT INTO A PRIVATE DRIVE. VEHICLE 2 WAS TRAVELING BEHIND VEHICLE 1. VEHICLE 2 STRUCK THE LEFT SIDE OF VEHICLE 1.  ASSISTED BY TPR. Z.A. PRESTON (503)
1286717,3190019277,Missouri State Highway Patrol-Troop C,1562025600000,190375188,1,0,1,0,Personal Injury,ST. LOUIS,NON-CITY OR UNINCORPORATED,C,1,1,0,58,0.01,A ,W ,IS 44,PVT LEWIS RD,Daylight,Fixed Object,2,,Tue     ,0,0,0,0,1,0,0,0,0,0,0,0,0,0,0,1,0,0,0,0,0,1,0,0,0,38.50472,-90.59028,0,07/02/2019,14:57:00,DRIVER 1 FAILED TO MAINTAIN CONTROL OF VEHICLE 1 AND VEHICLE 1 STRUCK THE CONCRETE TRAFFIC BARRIER.  VEHICLE 1 ROLLED ONTO ITS LEFT SIDE AND BEGAN SLIDING. ASSISTED BY ST. LOUIS COUNTY.
1217469,3190017529,Missouri State Highway Patrol-Troop C,1562025600000,190375217,3,0,3,0,Personal Injury,FRANKLIN,NON-CITY OR UNINCORPORATED,C,1,1,0,330,0.06,A ,E ,IS 44,ERM EAST IS 44 MILE 2520,Daylight,Fixed Object,2,,Tue     ,0,0,0,0,1,0,0,1,0,0,0,0,0,0,0,1,0,0,0,0,0,0,0,0,0,38.47883,-90.84765,0,07/02/2019,15:10:00,DRIVER 1 LOST CONTROL OF VEHICLE 1 ON THE WET ROADWAY.  VEHICLE 1 TRAVELED OFF THE RIGHT SIDE OF THE ROADWAY AND DOWN AN EMBANKMENT WHERE IT STRUCK MULTIPLE TREES AND OVERTURNED.
1226206,3190017783,Missouri State Highway Patrol-Troop C,1562025600000,190375282,3,0,3,0,Personal Injury,JEFFERSON,NON-CITY OR UNINCORPORATED,C,2,2,0,50,0.01,A ,S ,MO 141,CRD FIEDLER LN,Daylight,Motor Vehicle in Transport,1,60,Tue     ,0,0,0,0,1,0,0,0,0,1,0,0,1,0,0,1,0,0,0,0,1,0,0,1,0,38.47708,-90.43888,0,07/02/2019,15:50:00,VEHICLE 1 WAS TRAVELING EASTBOUND ON FIELDER LN. VEHICLE 2 WAS STOPPED AT THE RIGHT LIGHT ON NORTHBOUND HIGHWAY 141.  VEHICLE 1 MADE A WIDE RIGHT TURN AND DROVE THROUGH THE MEDIAN AND THE FRONT OF VEHICLE 1 STRUCK THE FRONT OF VEHICLE 2.
1155480,3190019001,Missouri State Highway Patrol-Troop E,1562025600000,190375423,0,1,0,0,Fatal,SCOTT,NON-CITY OR UNINCORPORATED,E,1,1,0,1510,0.29,A ,S ,MO 77,CRD 264,Daylight,Pedestrian,1,,Tue     ,0,0,0,0,0,0,0,0,0,0,0,0,0,0,0,0,0,0,0,0,0,0,0,0,0,37.12554,-89.67639,1,07/02/2019,16:40:00,***FATALITY CRASH***NEXT OF KIN NOTIFIED***CRASH OCCURRED AS VEHICLE 1 STRUCK PEDESTRIAN WHICH HAD WALKED INTO THE ROADWAY.  SUBJECT PRONOUNCED AT ST FRANCIS MEDICAL CENTER BY DR LAUREN BLAKE AT 1732.  TROOP E #22 FATALITY
1181840,3190017966,Missouri State Highway Patrol-Troop F,1562025600000,190375590,1,0,1,0,Personal Injury,OSAGE,NON-CITY OR UNINCORPORATED,F,1,1,0,733,0.14,B ,S ,US 63,PVT CLEARVIEW LN,Daylight,Fixed Object,2,,Tue     ,0,0,0,0,0,0,0,0,0,0,0,0,0,0,0,0,0,0,0,0,0,0,0,0,1,38.47694,-92.00533,0,07/02/2019,18:00:00,OCCURRED AS VEHICLE 1 WAS SOUTHBOUND ON US 63 WHEN DRIVER 1 SUFFERED A MEDICAL EMERGENCY.  VEHICLE 1 TRAVELED OFF THE RIGHT SIDE OF THE ROADWAY STRIKING SEVERAL TREES.  VEHICLE 1'S LOAD THEN SHIFTED AND WENT THROUGH THE FRONT PORTION OF THE TRAILER STRIKING THE CAB OF THE TRACTOR WHICH DISCONNECTED FROM ITS FRAME AND LANDED ON ITS TOP.  ASSISTED BY OSAGE COUNTY SHERIFF'S DEPARTMENT AND WESTPHALIA FIRE DEPARTMENT.
792827,3190017659,Missouri State Highway Patrol-Troop A,1562025600000,190375648,3,0,3,0,Personal Injury,CASS,NON-CITY OR UNINCORPORATED,A,2,2,0,0,0,AT,S ,RT D,CRD 195TH ST,Daylight,Motor Vehicle in Transport,1,64,Tue     ,0,0,0,0,0,0,0,0,0,0,0,1,0,0,0,1,0,0,0,0,0,0,0,0,0,38.77408,-94.58839,0,07/02/2019,18:30:00,CRASH OCCURRED AS VEH1 PULLED INTO THE PATH OF AND WAS STRUCK BY VEH2.  ASSISTED BY TPR D J JACKSON /456/
1226202,3190017567,Missouri State Highway Patrol-Troop C,1562025600000,190375684,1,0,1,0,Personal Injury,JEFFERSON,NON-CITY OR UNINCORPORATED,C,1,1,0,1209,0.23,B ,W ,CRD RICE RD,CRD ALLEN RD,Daylight,Fixed Object,2,,Tue     ,0,0,0,0,1,1,1,0,0,0,0,0,0,0,0,1,0,0,0,0,0,0,0,0,0,38.30658,-90.49095,0,07/02/2019,18:55:00,DRIVER 1 FAILED TO NEGOTIATE A CURVE TO THE RIGHT. VEHICLE 1 TRAVELED OFF THE LEFT SIDE OF THE ROADWAY AND STRUCK A TREE.
1036120,3190017282,Missouri State Highway Patrol-Troop I,1562025600000,190375745,1,0,1,0,Personal Injury,PHELPS,NON-CITY OR UNINCORPORATED,I,1,1,0,1056,0.2,B ,E ,MO 68,RT F,Daylight,Fixed Object,2,,Tue     ,0,0,0,0,1,0,1,0,0,0,0,0,0,0,0,1,0,0,0,0,0,0,0,0,0,37.82831,-91.56271,0,07/02/2019,19:30:00,THE CRASH OCCURRED AS DRIVER 1 LOST CONTROL IN CURVE. VEHICLE 1 TRAVELED OFF THE RIGHT SIDE OF THE ROAD AND STRUCK A TREE.
1155481,3190018159,Missouri State Highway Patrol-Troop E,1562025600000,190375849,1,0,1,0,Personal Injury,SCOTT,NON-CITY OR UNINCORPORATED,E,2,2,0,22,0,B ,N,MO 77,CRD CAPE GIRARDEAU 250,Dark-Unlighted,Motor Vehicle in Transport,1,61,Tue     ,0,0,0,0,0,0,1,1,0,0,0,0,0,0,0,0,0,0,0,0,1,0,0,1,0,37.0975,-89.56156,0,07/02/2019,20:40:00,CRASH OCCURRED AS VEHICLE 1 STRUCK VEHICLE 2 IN THE REAR CAUSING VEHICLE 1 TO RUN OFF ROADWAY AND STRIKE A DITCH.
929601,3190017475,Missouri State Highway Patrol-Troop D,1562025600000,190375986,1,0,0,1,Personal Injury,STONE,HURLEY,D,1,1,0,1689,0.32,A ,W ,RT A,CRD TWILIGHT DR,Dark-Unlighted,Overturn,1,,Tue     ,1,0,0,0,0,0,0,0,0,0,0,0,0,0,0,0,0,0,0,0,0,0,1,0,0,36.93541,-93.47251,0,07/02/2019,21:30:00,VEHICLE 1 OVERTURNED IN THE ROADWAY.
958014,3190017222,Missouri State Highway Patrol-Troop D,1562025600000,190376014,1,0,0,1,Personal Injury,TANEY,NON-CITY OR UNINCORPORATED,D,1,1,Y,20,0,,,PP SIGHT AND SOUND DRIVE,EAST OF SHEPHERD HILLS EXP,Dark-Lighted,Overturn,1,,Tue     ,0,0,0,0,0,0,0,1,1,0,0,0,0,0,0,0,0,0,0,0,0,1,0,0,0,36.66384,-93.26118,0,07/02/2019,22:18:00,"VEHICLE #1 STOPPED FOR TRAFFIC AND OCCUPANTS LOST THEIR BALANCE, CAUSING VEHICLE #1 TO OVERTURN ON ITS SIDE."
1211264,3190017420,Missouri State Highway Patrol-Troop F,1562025600000,190376038,1,0,1,0,Personal Injury,COLE,NON-CITY OR UNINCORPORATED,F,2,2,0,110,0.02,B ,E ,US 54,CRD BUFFALO RD WJ,Dark-Unlighted,Motor Vehicle in Transport,1,61,Tue     ,0,0,0,0,0,0,1,0,0,0,0,0,0,0,0,1,0,0,0,0,0,0,0,0,0,38.50396,-92.26445,0,07/02/2019,22:40:00,"OCCURRED AS VEHICLE 1 MERGED ONTO US 54 EASTBOUND FROM A HIGHWAY CROSSOVER AND MERGED DIRECTLY IN FRONT OF VEHICLE 2, CAUSING VEHICLE 2 TO STRIKE VEHICLE 1 IN THE REAR."
799490,3190018144,Missouri State Highway Patrol-Troop A,1562025600000,190376070,1,0,1,0,Personal Injury,JACKSON,LEES SUMMIT,A,2,2,0,200,0.04,B ,E ,IS 470,ERM EAST IS 470 MILE 96,Dark-Unlighted,Motor Vehicle in Transport,1,61,Tue     ,0,0,0,0,0,0,1,0,0,0,0,0,0,0,0,1,0,0,0,0,0,0,0,0,0,38.94464,-94.37263,0,07/02/2019,23:20:00,CRASH OCCURRED AS VEHICLE 1 STRUCK THE REAR OF VEHICLE 2. VEHICLE 2 TRAVELED OFF THE LEFT SIDE OF THE ROADWAY AND STRUCK THE MEDIAN CABLES. ASSISTED BY LEES SUMMIT PD.
853122,3190017766,Missouri State Highway Patrol-Troop A,1562112000000,190376155,1,0,1,0,Personal Injury,PETTIS,NON-CITY OR UNINCORPORATED,A,1,1,0,2154,0.41,B ,W ,CRD GRIESSEN RD,CST HEARD AVE N,Dark-Unlighted,Fixed Object,2,,Wed     ,0,0,0,0,0,0,0,0,0,0,0,0,0,0,0,0,0,0,0,0,0,0,0,0,0,38.72268,-93.19593,0,07/03/2019,02:25:00,CRASH OCCURRED AS DVR1 SWERVED TO AVOID ANIMALS IN THE ROADWAY.  VEH1 TRAVELED OFF THE ROADWAY AND OVERTURNED.  ASSISTED BY PETTIS COUNTY SHERIFF'S DEPARTMENT
1311621,3190017559,Missouri State Highway Patrol-Troop C,1562112000000,190376163,1,0,1,0,Personal Injury,ST. CHARLES,ST PETERS,C,2,2,0,448,0.08,B ,W ,MO 370,RP 277652,Dark-Unlighted,Parked Motor Vehicle,2,61,Wed     ,0,0,0,0,0,0,0,0,0,0,0,0,0,0,0,1,0,0,0,0,0,0,0,0,0,38.81727,-90.56353,0,07/03/2019,03:45:00,"VEHICLE 1 TRAVELED OFF OF THE RIGHT SIDE OF THE ROADWAY AND STRUCK VEHICLE 2, WHICH WAS ABANDONED ON THE SHOULDER."
1145167,3190017915,Missouri State Highway Patrol-Troop E,1562112000000,190376277,3,0,0,3,Personal Injury,NEW MADRID,NON-CITY OR UNINCORPORATED,E,1,1,0,373,0.07,B ,S ,IS 55,ERM SOUTH IS 55 MILE 382,Daylight,Overturn,2,,Wed     ,0,0,0,0,0,0,0,0,0,0,0,0,0,0,0,0,1,1,0,0,0,0,0,0,0,36.48734,-89.62841,0,07/03/2019,07:03:00,CRASH OCCURRED AS VEHICLE 1 RAN OFF RIGHT SIDE OF ROADWAY AND OVERTURNED
969156,3190017289,Missouri State Highway Patrol-Troop D,1562112000000,190376382,1,0,0,1,Personal Injury,BARRY,NON-CITY OR UNINCORPORATED,D,1,1,0,1816,0.34,B ,W ,MO 112,SP 112,Daylight,Fixed Object,2,,Wed     ,0,0,0,0,0,0,0,1,0,0,0,0,0,0,0,1,0,0,0,0,1,0,0,1,0,36.58938,-93.84074,0,07/03/2019,07:51:00,"ACCIDENT OCCURRED AS VEHICLE #1 TRAVELED OFF OF THE RIGHT SIDE OF THE ROADWAY, STRUCK AN EMBANKMENT, AND OVERTURNED."
893878,3190017468,Missouri State Highway Patrol-Troop D,1562112000000,190376407,1,0,1,0,Personal Injury,LAWRENCE,NON-CITY OR UNINCORPORATED,D,2,2,0,0,0,AT,W ,MO 14,RT T,Daylight,Motor Vehicle in Transport,1,64,Wed     ,0,0,0,0,0,0,0,0,0,0,0,0,0,0,0,1,0,0,0,0,0,1,0,0,0,37.06015,-93.62759,0,07/03/2019,08:10:00,OCCURRED AS #1 BEGAN TO SKID AND OVERTURNED CROSSING THE CENTERLINE AND STRIKING  #2
1320154,3190017159,Missouri State Highway Patrol-Troop G,1562112000000,190376447,2,0,2,0,Personal Injury,TEXAS,NON-CITY OR UNINCORPORATED,G,2,2,0,5,0,A ,E ,MO 32,CRD PURSIFULL DRIVE,Daylight,Motor Vehicle in Transport,1,64,Wed     ,0,0,0,0,0,1,1,0,0,0,0,1,0,0,0,1,0,0,0,0,0,0,0,0,0,37.50976,-91.78589,0,07/03/2019,08:25:00,VEHICLE #1 FAILED TO YIELD TO VEHICLE #2  AND STRUCK VEHICLE #2.                                       ASSISTED BY TPR C L GOODWIN   (318)
1286691,3190017620,Missouri State Highway Patrol-Troop C,1562112000000,190377271,1,0,1,0,Personal Injury,ST. LOUIS,NON-CITY OR UNINCORPORATED,C,2,2,0,253,0.05,B ,S ,IS 55,ERM SOUTH IS 55 MILE 1936,Daylight,Motor Vehicle in Transport,1,63,Wed     ,0,0,0,0,0,0,1,0,0,0,0,0,0,0,0,0,0,0,1,0,1,0,0,0,1,38.46658,-90.37136,0,07/03/2019,12:33:00,"VEHICLE 2'S FRONT RIGHT TIRE RAPIDLY DEFLATED AND VEHICLE 2 BEGAN SKIDDING. THE RIGHT SIDE OF VEHICLE 2 STRUCK THE LEFT SIDE OF VEHICLE 1, AND VEHICLE 1 BEGAN SKIDDING. VEHICLE 1 TRAVELED OFF THE RIGHT SIDE OF THE ROADWAY AND STRUCK A GUARDRAIL. VEHICLE 2 THEN RAN OFF THE RIGHT SIDE OF THE ROADWAY AND STRUCK A GUARDRAIL."
1011291,3190018019,Missouri State Highway Patrol-Troop D,1562112000000,190377289,1,0,1,0,Personal Injury,WEBSTER,NON-CITY OR UNINCORPORATED,D,2,2,0,528,0.1,B ,E ,NOR 44,PVT HIGHLAND CT,Daylight,Fixed Object,2,,Wed     ,0,0,0,0,0,0,0,1,1,0,0,0,0,0,0,0,0,0,0,0,1,0,0,1,0,37.27722,-93.04735,0,07/03/2019,12:59:00,DRIVER OF VEHICLE #2 FELL ASLEEP AT THE WHEEL.  VEHICLE #2 CROSSED THE CENTER LINE AND STRUCK VEHICLE #1 HEAD-ON.
1334647,3190018645,Missouri State Highway Patrol-Troop G,1562112000000,190377306,2,0,2,0,Personal Injury,WRIGHT,NON-CITY OR UNINCORPORATED,G,1,1,0,3695,0.7,A ,E ,CRD COKE RD,CRD DORIS RD,Daylight,Fixed Object,2,,Wed     ,0,0,0,0,0,1,1,0,0,0,0,0,0,0,0,0,0,0,0,0,1,0,0,1,0,37.17681,-92.36079,0,07/03/2019,12:30:00,CRASH OCCURRED AS VEHICLE ONE RAN OFF THE RIGHT SIDE OF THE ROADWAY OVERCORRECTED MULTIPLE TIMES FINALLY STRIKING A TREE
1040670,3190017164,Missouri State Highway Patrol-Troop I,1562112000000,190377459,1,0,1,0,Personal Injury,CRAWFORD,NON-CITY OR UNINCORPORATED,I,1,1,0,3168,0.6,A ,N,CRD CAVE ROAD,CRD FSR23,Daylight,Fixed Object,2,,Wed     ,0,0,0,0,1,0,0,0,0,0,0,0,0,0,0,1,0,0,0,0,0,0,0,0,0,38.03571,-91.2021,0,07/03/2019,13:00:00,OCCURRED AS DVR 1 LOST CONTROL ON GRAVEL ROAD AND SLID INTO AN EMBANKMENT
1226198,3190017750,Missouri State Highway Patrol-Troop C,1562112000000,190377507,1,0,1,0,Personal Injury,JEFFERSON,NON-CITY OR UNINCORPORATED,C,1,1,0,153,0.03,B ,N,US 61,PVT FOX FARM RD,Daylight,Overturn,2,,Wed     ,0,0,0,0,0,1,1,0,0,0,0,0,0,0,0,0,0,0,0,0,0,0,0,0,0,38.19079,-90.39584,0,07/03/2019,13:15:00,"VEHICLE 1 TRAVELED OFF THE ROADWAY, DOWN EMBANKMENT, OVERTURNED, AND STRUCK A TREE"
1285514,3190019345,Missouri State Highway Patrol-Troop C,1562112000000,190377528,1,0,1,0,Personal Injury,ST. FRANCOIS,NON-CITY OR UNINCORPORATED,C,1,1,0,3168,0.6,B ,E ,RT NN,CRD STONO TOWER RD,Daylight,Fixed Object,2,,Wed     ,0,0,0,0,0,0,0,1,0,0,0,0,0,0,0,0,0,0,0,0,0,0,0,0,1,37.70606,-90.55755,0,07/03/2019,13:22:00,VEHICLE ONE RAN OFF OF THE RIGHT SIDE OF THE ROADWAY AND STRUCK A CULVERT.
1332778,3190018825,Missouri State Highway Patrol-Troop G,1562112000000,190377757,3,0,3,0,Personal Injury,CARTER,NON-CITY OR UNINCORPORATED,G,2,2,0,0,0,AT,E ,US 60,RT B,Daylight,Motor Vehicle in Transport,1,64,Wed     ,0,0,0,0,0,0,0,1,0,0,0,0,1,0,0,1,0,0,0,0,0,0,0,0,0,36.88,-90.67471,0,07/03/2019,14:12:00,VEHICLE #1 FAILED TO YIELD TO VEHICLE #2.
963864,3190017195,Missouri State Highway Patrol-Troop D,1562112000000,190377791,1,0,0,1,Personal Injury,BARTON,NON-CITY OR UNINCORPORATED,D,1,1,0,3168,0.6,B ,W ,CRD SW 20TH RD,CRD SW 10TH LN,Daylight,Fixed Object,2,,Wed     ,0,0,0,0,1,1,1,0,0,0,0,0,0,0,0,1,0,0,0,0,0,0,1,0,0,37.47203,-94.30678,0,07/03/2019,14:10:00,"DRIVER OF VEHICLE #1 LOST CONTROL ON THE GRAVEL ROAD.  VEHICLE #1 SKIDDED OFF THE RIGHT SIDE OF THE ROADWAY AND STRUCK A FIELD ENTRANCE.  FOLLOWING IMPACT, VEHICLE #1 OVERTURNED SEVERAL TIMES, EJECTING THE DRIVER."
1211262,3190017469,Missouri State Highway Patrol-Troop F,1562112000000,190377993,6,0,4,2,Personal Injury,COLE,NON-CITY OR UNINCORPORATED,F,2,2,0,681,0.13,A ,W ,US 50,RP 279424,Daylight,Motor Vehicle in Transport,1,61,Wed     ,0,0,0,0,1,0,0,1,0,0,0,0,0,0,0,1,0,0,0,0,0,0,0,0,0,38.57767,-92.29595,0,07/03/2019,14:56:00,"VEHICLE 1 STRUCK REAR OF VEHICLE 2. VEHICLE 2 ROTATED COUNTER CLOCK WISE AND CAME TO REST ON RIGHT SIDE. ASSISTED BY SGT M. T. HALFORD (509), SGT J. L. COULSON (566), AND LT S. M. LANCE (67), AND COLE COUNTY SHERIFF'S OFFICE."
1149350,3190018705,Missouri State Highway Patrol-Troop E,1562112000000,190378172,2,1,0,2,Fatal,PEMISCOT,CARUTHERSVILLE,E,2,2,0,290,0.05,B ,W ,MO 84,CST SHIPYARD RD,Daylight,Motor Vehicle in Transport,1,60,Wed     ,0,0,0,0,0,0,0,1,1,0,0,0,0,0,0,1,0,0,0,0,0,0,0,0,0,36.20478,-89.67598,1,07/03/2019,15:33:00,FATALITY REPORT - NEXT OF KIN NOTIFIED -CRASH OCCURRED AS VEHICLE ONE CROSSED CENTER LINE AND STRUCK VEHICLE TWO HEAD ON -  PRONOUNCED AT PEMISCOT MEMORIAL HOSPITAL BY DR ARSHAD ON 20190703 AT 1702 HOURS TROOP E FATALITY 23 FOR 2019
1012543,3190017695,Missouri State Highway Patrol-Troop D,1562112000000,190378234,1,0,1,0,Personal Injury,VERNON,NON-CITY OR UNINCORPORATED,D,2,2,0,374,0.07,A ,W ,US 54,RT AA,Daylight,Motor Vehicle in Transport,1,61,Wed     ,0,0,0,0,0,0,0,1,0,0,0,0,0,0,0,0,0,0,0,0,1,0,0,0,1,37.85531,-94.12935,0,07/03/2019,15:45:00,BOTH VEHICLES WERE TRAVELING WB AND VEHICLE # 2 STRUCK VEHICLE #1 IN THE REAR
1120497,3190017549,Missouri State Highway Patrol-Troop E,1562112000000,190378274,1,0,1,0,Personal Injury,IRON,ANNAPOLIS,E,1,1,0,153,0.03,B ,N,MO 49,CST CENTER,Daylight,Fixed Object,2,,Wed     ,0,0,0,0,0,0,0,0,0,0,0,0,0,0,0,0,0,0,0,0,0,0,0,0,0,37.3603,-90.69476,0,07/03/2019,15:55:00,CRASH OCCURRED AS VEHICLE ONE - TRAVELED OFF RIGHT SIDE OF ROADWAY AND OVERTURNED
1011292,3190017847,Missouri State Highway Patrol-Troop D,1562112000000,190379339,5,0,4,1,Personal Injury,WEBSTER,NON-CITY OR UNINCORPORATED,D,1,1,0,887,0.17,A ,S ,RT CC,BRIDGE G0719,Daylight,Fixed Object,2,,Wed     ,1,0,0,0,1,0,0,0,0,0,0,0,0,0,0,1,0,0,0,0,0,0,0,0,0,37.36935,-92.86752,0,07/03/2019,19:49:00,"NBR 1 SLID ON WET PAVEMENT ON A CURVE, NBR 1 OVERTURNED, EJECTING THE SERIOUSLY INJURED PASSENGER."
969039,3190017326,Missouri State Highway Patrol-Troop D,1562112000000,190379469,2,0,2,0,Personal Injury,BARRY,NON-CITY OR UNINCORPORATED,D,1,1,0,9,0,B ,N,PVT QUIET LANE,PVT COVE RD,Daylight,Overturn,1,,Wed     ,0,0,0,0,1,1,1,0,0,0,0,0,0,0,0,1,0,0,0,0,0,0,0,0,0,36.5937,-93.58156,0,07/03/2019,20:37:00,CRASH OCCURRED AS VEHICLE #1 WAS ATTEMPTED LEFT TURN AND OVERTURNED.
1176926,3190018790,Missouri State Highway Patrol-Troop F,1562112000000,190379569,1,0,1,0,Personal Injury,MONTGOMERY,NON-CITY OR UNINCORPORATED,F,1,1,0,0,0,AT,E ,RT K,MO 19,Dark-Unlighted,Overturn,1,,Wed     ,0,0,0,0,0,0,0,0,0,0,0,0,0,0,0,0,0,0,0,0,0,1,0,0,0,38.80264,-91.47785,0,07/03/2019,21:17:00,CRASH OCCURRED AS VEHICLE 1 TRAVELED OFF THE ROADWAY TO AVOID ANOTHER VEHICLE.
1016221,3190017216,Missouri State Highway Patrol-Troop D,1562112000000,190379775,1,0,1,0,Personal Injury,NEWTON,NON-CITY OR UNINCORPORATED,D,2,2,0,0,0,AT,N,MO 43,CRD IRIS RD,Dark-Unlighted,Motor Vehicle in Transport,1,64,Wed     ,0,0,0,0,0,1,1,0,0,0,0,1,0,0,0,1,0,0,0,0,1,0,0,1,0,36.92561,-94.57216,0,07/03/2019,22:44:00,"CRASH OCCURRED AS VEHICLE #1 WAS NORTHBOUND ON MO 43,  WHEN EASTBOUND VEHICLE #2 FAILED TO YIELD, AND STRUCK VEHICLE #1."
1226180,3190019903,Missouri State Highway Patrol-Troop C,1562198400000,190379899,1,0,0,1,Personal Injury,JEFFERSON,NON-CITY OR UNINCORPORATED,C,1,1,0,36,0.01,A ,N,RT NN,PVT SHADY VALLEY DRIVE,Dark-Unlighted,Overturn,2,,Wed     ,0,0,0,0,1,0,1,0,0,0,0,0,0,0,0,1,0,0,0,0,0,0,0,0,0,38.34966,-90.66548,0,07/03/2019,23:45:00,VEHICLE 1 WAS TRAVELING NORTHBOUND ON HIGHWAY N. VEHICLE 1 TRAVELED OFF THE RIGHT SIDE OF THE ROADWAY AND OVERTURNED. DRIVER 1 WAS EJECTED.
864346,3190018658,Missouri State Highway Patrol-Troop A,1562198400000,190380066,2,0,0,2,Personal Injury,JOHNSON,NON-CITY OR UNINCORPORATED,A,1,1,0,1694,0.32,B ,E ,US 50,RP 992559,Dark-Unlighted,Overturn,1,,Thu     ,0,0,0,0,1,0,0,0,0,0,0,0,0,0,0,1,0,0,0,0,0,1,0,0,0,38.77335,-93.69692,0,07/04/2019,02:32:00,"CRASH OCCURRED AS VEHICLE 1 LOST CONTROL  ON THE WET ROADWAY, OVERTURNED, AND EJECTED DRIVER 1 AND OCCUPANT 1. VEHICLE 1 TRAVELED OFF THE RIGHT SIDE OF THE ROADWAY. DRIVER 1 AND OCCUPANT 1 CAME TO REST IN THE ROADWAY. ASSISTED BY JOHNSON COUNTY SHERIFF'S DEPARTMENT."
800574,3190017934,Missouri State Highway Patrol-Troop A,1562630400000,190380078,2,0,2,0,Personal Injury,SALINE,NON-CITY OR UNINCORPORATED,A,1,1,0,125,0.02,B ,W ,IS 70,ERM WEST IS 70 MILE 762,Dark-Unlighted,Fixed Object,2,,Thu     ,0,0,0,0,1,0,0,1,1,0,0,0,0,0,0,1,0,0,0,0,0,0,0,0,0,38.96984,-93.24242,0,07/04/2019,03:25:00,"CRASH OCCURRED AS VEH1 TRAVELED OFF THE ROADWAY, THROUGH THE MEDIAN CABLE AND CAME TO REST ON THE OPPOSITE SIDE OF THE INTERSTATE.  ASSISTED BY TPR A D MARTIN /701/ AND SALINE COUNTY SHERIFF'S DEPARTMENT"
1217468,3190017780,Missouri State Highway Patrol-Troop C,1562198400000,190380096,1,0,1,0,Personal Injury,FRANKLIN,NON-CITY OR UNINCORPORATED,C,1,1,0,147,0.03,A ,N,RT N,CRD HILLVIEW ROAD,Daylight,Fixed Object,2,,Thu     ,1,0,0,0,0,0,1,0,0,0,0,0,0,0,0,0,0,0,0,0,0,0,0,0,0,38.38185,-90.81863,0,07/04/2019,05:37:00,"VEHICLE #1 WAS TRAVELING SOUTHBOUND ON ROUTE N.  DRIVER #1 FELL ASLEEP AT THE WHEEL.  VEHICLE #1 TRAVELED OFF THE LEFT SIDE OF THE ROADWAY, STRUCK AN EMBANKMENT, AND WENT INTO A CREEK."
1211033,3190018184,Missouri State Highway Patrol-Troop C,1562198400000,190380122,1,0,0,1,Personal Injury,ST. LOUIS,DES PERES,C,1,1,0,242,0.05,A ,W ,IS 270,ERM SOUTH IS 270 MILE 96,Daylight,Fixed Object,2,,Thu     ,0,0,0,0,0,0,0,0,0,0,0,0,0,0,0,1,0,0,0,0,0,0,0,0,0,38.59617,-90.44992,0,07/04/2019,06:23:00,"VEHICLE #1 WAS TRAVELING SOUTHBOUND ON INTERSTATE 270.  VEHICLE #1 TRAVELED OFF THE RIGHT SIDE OF THE ROADWAY, STRUCK A GUARDRAIL, STRUCK A WALL, THEN OVERTURNED CAUSING DRIVER #1 TO BE EJECTED.  ASSISTED BY TPR. B.A. TEAGUE (1385)"
1142020,3190017347,Missouri State Highway Patrol-Troop E,1562198400000,190380310,1,0,1,0,Personal Injury,BUTLER,NEELYVILLE,E,2,2,0,30,0.01,B ,E ,MO 142,US 67,Daylight,Motor Vehicle in Transport,1,61,Thu     ,0,0,0,0,0,0,0,1,0,0,0,1,0,0,0,1,0,0,0,0,1,0,0,1,0,36.56182,-90.5211,0,07/04/2019,08:25:00,CRASH OCCURRED AS VEHICLE 1 STRUCK REAR OF VEHICLE 2
1012544,3190017606,Missouri State Highway Patrol-Troop D,1562198400000,190380375,1,0,0,1,Personal Injury,VERNON,NON-CITY OR UNINCORPORATED,D,1,1,0,1087,0.21,A ,W ,RT B,BRIDGE A7987,Daylight,Fixed Object,2,,Thu     ,0,0,0,0,0,0,0,1,1,0,0,0,0,0,0,1,0,0,0,0,0,0,0,0,0,37.6546,-94.08111,0,07/04/2019,08:45:00,"NR1 RAN OFF LEFT SIDE OF ROADWAY, STRUCK A DRIVEWAY AND OVERTURNED."
1123223,3190017550,Missouri State Highway Patrol-Troop E,1562198400000,190380876,1,0,1,0,Personal Injury,MADISON,NON-CITY OR UNINCORPORATED,E,1,1,0,142,0.03,A ,S ,CRD 447,CRD 422,Daylight,Overturn,1,,Thu     ,0,0,0,0,1,1,1,0,0,0,0,0,0,0,0,1,0,0,0,0,0,0,1,0,0,37.32967,-90.50067,0,07/04/2019,10:30:00,"CRASH OCCURRED AS DRIVER 1 LOST CONTROL ON THE ROADWAY, OVERTURNED, AND TRAVELED OFF THE RIGHT SIDE OF THE ROADWAY."