objectid,accident,agency,inv_date,complaint,injured,killed,min_inj,dis_inj,severity,county,city,troop,no_vehicle,motor_veh,left_scene,dist_feet,dist_mile,inter_loc,direction,on_street,at_street,light_cond,acc_type,on_off_rd,two_veh,day_week,dr_drink,dr_drug,ped_drink,ped_drug,speed,dr_under21,dr_under25,dr_over55,dr_over64,electrical,emer_veh,stop_sign,yield_sign,czone,hazmat,aggressive,cell_phone,texting,veh_defect,school_bus,truck,motorcycle,atv,pickup,cmv,gps_lat,gps_long,severity_fatal,acc_date,acc_time,narrative
882787,3190017350,Missouri State Highway Patrol-Troop A,1562198400000,190380996,1,0,1,0,Personal Injury,BATES,NON-CITY OR UNINCORPORATED,A,2,2,0,60,0.01,B ,N,IS 49,ERM NORTH IS 49 MILE 1414,Daylight,Motor Vehicle in Transport,1,64,Thu     ,0,0,0,0,1,0,0,0,0,0,0,0,0,0,0,1,0,0,0,0,0,0,0,0,1,38.38985,-94.34103,0,07/04/2019,12:30:00,OCCURRED AS VEH1 WAS TRAVELING TOO FAST FOR CONDITIONS AND STRUCK VEH 2 WHILE ATTEMPTING TO PASS BEFORE TRAVELING OFF RIGHT SIDE OF THE ROADWAY. ASSISTED BY BATES COUNTY.
897277,3190017463,Missouri State Highway Patrol-Troop D,1562198400000,190381014,1,0,1,0,Personal Injury,GREENE,NON-CITY OR UNINCORPORATED,D,2,2,0,26,0,B ,S ,CRD SCENIC AVE,CRD PRIMROSE LN,Daylight,Motor Vehicle in Transport,1,61,Thu     ,0,0,0,0,0,0,0,1,0,0,0,0,0,0,0,0,0,0,0,0,0,1,0,0,0,37.14897,-93.33232,0,07/04/2019,12:40:00,"#2 WAS STOPPED, WAITING TO MAKE A LEFT TURN.  #1 STRUCK #2 IN THE REAR"
1301401,3190017497,Missouri State Highway Patrol-Troop C,1562198400000,190381088,2,0,2,0,Personal Injury,ST. CHARLES,NON-CITY OR UNINCORPORATED,C,2,2,0,0,0,AT,S ,RT Z,CRD S POINT PRAIRIE ROAD,Daylight,Motor Vehicle in Transport,1,64,Thu     ,0,0,0,0,0,0,0,1,1,0,0,1,0,0,0,1,0,0,0,0,0,0,0,0,0,38.73757,-90.87955,0,07/04/2019,13:00:00,VEHICLE 2 WAS TRAVELING SOUTHBOUND ON HIGHWAY Z.  VEHICLE 1 MADE A LEFT TURN FROM SOUTH POINTE PRAIRIE ROAD IN FRONT OF VEHICLE 2.  THE LEFT FRONT OF VEHICLE 2 STRUCK THE LEFT REAR OF VEHICLE 1.
1155502,3190018074,Missouri State Highway Patrol-Troop E,1562198400000,190381155,1,0,0,1,Personal Injury,SCOTT,NON-CITY OR UNINCORPORATED,E,1,1,0,221,0.04,B ,S ,RT P,CRD FOURTH ST,Daylight,Fixed Object,2,,Thu     ,1,1,0,0,1,0,0,0,0,0,0,0,0,0,0,1,0,0,0,0,0,0,0,0,0,37.09386,-89.77557,0,07/04/2019,13:25:00,"CRASH OCCURRED AS VEHICLE 1 RAN OFF THE LEFT SIDE OF THE ROADWAY STRIKING NUMEROUS ITEMS BEFORE STRIKING A CULVERT.   VEHICLE BECAME AIRBORNE, STRUCK A TREE, EJECTING THE DRIVER"
1226181,3190017833,Missouri State Highway Patrol-Troop C,1562198400000,190381365,1,0,1,0,Personal Injury,JEFFERSON,NON-CITY OR UNINCORPORATED,C,2,2,Y,1515,0.29,B ,S ,RT B,PVT KLONDIKE FARMS RD,Daylight,Motor Vehicle in Transport,1,63,Thu     ,0,0,0,0,0,,,1,,0,0,0,0,0,0,1,0,0,0,0,1,1,0,1,0,38.31407,-90.64862,0,07/04/2019,14:30:00,BOTH VEHICLES WERE TRAVELING SOUTHBOUND ON HIGHWAY B. VEHICLE 1 APPROACHED VEHICLE 2 AND RAN IT INTO THE GUARDRAIL. VEHICLE 1 LEFT THE SCENE OF THE CRASH.
839721,3190017466,Missouri State Highway Patrol-Troop A,1562198400000,190381497,1,0,1,0,Personal Injury,LAFAYETTE,NON-CITY OR UNINCORPORATED,A,2,2,0,4224,0.8,B ,E ,RT TT,CRD SHACKLEFORD RD,Daylight,Motor Vehicle in Transport,1,62,Thu     ,0,0,0,0,0,1,1,0,0,0,0,0,0,0,0,1,0,0,0,0,0,0,0,0,0,38.96029,-94.09162,0,07/04/2019,15:20:00,CRASH OCCURRED AS VEHICLE1 WAS TRAVELING EASTBOUND WHEN IT CROSSED THE CENTER LINE.  VEHICLE1 STRUCK EASTBOUND VEH2.
1068119,3190017649,Missouri State Highway Patrol-Troop I,1562198400000,190381798,2,0,2,0,Personal Injury,PHELPS,DOOLITTLE,I,2,2,0,0,0,AT,S ,RT T,CST EISENHOWER,Daylight,Motor Vehicle in Transport,1,64,Thu     ,0,0,0,0,0,0,1,0,0,0,0,1,0,0,0,1,0,0,0,0,0,0,0,0,0,37.9402,-91.88108,0,07/04/2019,17:05:00,OCCURRED AS VEH 1 WAS WESTBOUND ON EISENHOWER AND VEH 2 WAS NORTHBOUND ON TRUMAN ST. VEH 1 FAILED TO YIELD TO VEH 2. FRONT LEFT OF VEH 1 STRUCK THE FRONT RIGHT OF VEH 2.
1226154,3190017308,Missouri State Highway Patrol-Troop C,1562198400000,190381863,2,0,2,0,Personal Injury,JEFFERSON,NON-CITY OR UNINCORPORATED,C,2,2,0,0,0,AT,E ,RT H,PVT LYNNWOOD DRIVE,Daylight,Motor Vehicle in Transport,1,60,Thu     ,0,0,0,0,0,1,1,0,0,0,0,0,0,0,0,1,0,0,0,0,0,0,0,0,0,38.13847,-90.5983,0,07/04/2019,17:20:00,VEHICLE 1 WAS EASTBOUND ON ROUTE H. VEHICLE 2 WAS WESTBOUND PREPARING TO TURN ONTO LYNNWOOD DRIVE. DRIVER 2 FAILED TO YIELD TO VEHICLE 1. VEHICLE 1 STRUCK THE FRONT OF VEHICLE 2.
1031918,3190017494,Missouri State Highway Patrol-Troop I,1562198400000,190381916,1,0,0,1,Personal Injury,PULASKI,NON-CITY OR UNINCORPORATED,I,1,1,0,114,0.02,A ,W ,MO 28,CRD CHIVE LANE,Daylight,Fixed Object,2,,Thu     ,0,0,0,0,1,1,1,0,0,0,0,0,0,0,0,1,1,1,0,0,0,0,0,0,0,37.9351,-92.09494,0,07/04/2019,17:46:00,"THE CRASH OCCURRED AS VEHICLE 1 TRAVELED OFF THE LEFT SIDE OF THE ROAD AND STRUCK A DITCH. VEHICLE 1 BECAME AIRBORNE, STRUCK A TREE AND OVERTURNED."
1192317,3190017672,Missouri State Highway Patrol-Troop B,1562198400000,190381976,2,0,2,0,Personal Injury,LEWIS,NON-CITY OR UNINCORPORATED,B,1,1,0,1774,0.34,A ,E ,CRD 429 ORANGE STREET,CRD 423 288TH AVE,Daylight,Fixed Object,2,,Thu     ,0,0,0,0,1,1,1,0,0,0,0,0,0,0,0,1,0,0,0,0,0,0,0,0,0,40.16506,-91.59258,0,07/04/2019,18:10:00,"VEHICLE 01 LOST CONTROL ON LOOSE GRAVEL, TRAVELED OF THE RIGHT SIDE OF THE ROADWAY AND STRUCK A TREE."
1311623,3190020332,Missouri State Highway Patrol-Troop C,1562198400000,190382095,1,0,1,0,Personal Injury,ST. CHARLES,ST PETERS,C,3,3,Y,528,0.1,A ,E ,IS 70,ERM EAST IS 70 MILE 2218,Daylight,Motor Vehicle in Transport,1,61,Thu     ,1,0,0,0,1,0,0,1,0,0,0,0,0,0,0,1,0,0,0,0,0,0,0,0,1,38.80014,-90.62694,0,07/04/2019,18:44:00,"VEHICLES 1 AND 2 WERE TRAVELING EAST ON I-70 IN LANE 4. VEHICLE 3 WAS TRAVELING EAST ON I-70 IN LANE 3. DRIVER 1 FAILED TO KEEP A PROPER LOOKOUT AND THE FRONT OF VEHICLE 1 STRUCK THE REAR OF VEHICLE 2. VEHICLE 1 SPUN COUNTER CLOCKWISE INTO LANE 3 AND THE FRONT OF VEHICLE 3 STRUCK THE LEFT SIDE OF VEHICLE 1. AFTER IMPACT, VEHICLE 1 LEFT THE SCENE. VEHICLES 2 AND 3 CAME TO A CONTROLLED STOP ON THE RIGHT SHOULDER."
858590,3190017586,Missouri State Highway Patrol-Troop A,1562198400000,190382110,1,0,1,0,Personal Injury,JACKSON,BLUE SPRINGS,A,1,1,0,200,0.04,B ,E ,IS 70,ERM EAST IS 70 MILE 190,Daylight,Fixed Object,2,,Thu     ,0,0,0,0,1,0,0,0,0,0,0,0,0,0,0,1,0,0,0,0,0,0,0,0,0,39.03388,-94.30293,0,07/04/2019,18:58:00,CRASH OCCURRED AS VEHICLE WAS TRAVELING EASTBOUND ON I-70 IN THE CENTER LANE DURING HEAVY RAIN. DRIVER APPLIED BRAKES TO AVOID A SLOWING VEHICLE AHEAD AND LOST CONTROL. VEHICLE STRUCK THE CONCRETE MEDIAN BARRIER AND CAME TO REST. ASSISTED BY CPL. C.S. KUTZNER (462) AND BLUE SPRINGS POLICE DEPARTMENT.
1041496,3190017473,Missouri State Highway Patrol-Troop I,1562198400000,190382166,1,0,1,0,Personal Injury,MARIES,NON-CITY OR UNINCORPORATED,I,1,1,0,2634,0.5,B ,N,RT AA,BRIDGE A1858,Daylight,Fixed Object,2,,Thu     ,0,0,0,0,1,0,1,0,0,0,0,0,0,0,0,1,0,0,0,0,0,0,0,0,0,38.26253,-91.99619,0,07/04/2019,19:20:00,CRASH OCCURRED AS VEHICLE 1 TRAVELED OFF THE RIGHT SIDE OF THE ROADWAY AND IMPACTED THE DITCH. ASSISTED BY TPR J E BELLERS (160)
1012542,3190017967,Missouri State Highway Patrol-Troop D,1562198400000,190382333,2,0,2,0,Personal Injury,VERNON,NON-CITY OR UNINCORPORATED,D,1,1,Y,1895,0.36,B ,E ,RT RA,BRIDGE A2890,Daylight,Fell/Jumped from MV,1,,Thu     ,1,0,0,0,0,0,0,0,0,0,0,0,0,0,0,0,0,0,0,0,0,0,1,0,0,38.01085,-94.10639,0,07/04/2019,20:25:00,CRASH OCCURRED AS VEHICLE #1 WAS STRUCK BY A DEER AND THE OCCUPANTS WERE EJECTED.  VEHICLE #1 WENT OFF THE LEFT SIDE OF THE ROADWAY AND STRUCK A TREE.
784086,3190018224,Missouri State Highway Patrol-Troop A,1562198400000,190382372,1,0,1,0,Personal Injury,CLAY,KANSAS CITY,A,2,2,0,142,0.03,A ,N,IS 29,ERM NORTH IS 29 MILE 16,Dark-Lighted,Other Non Collision,1,,Thu     ,0,0,0,0,0,0,0,0,0,0,0,0,0,0,0,0,0,0,1,0,1,0,0,1,0,39.1796,-94.57817,0,07/04/2019,20:42:00,CRASH OCCURRED AS VEHICLE 2 HAD A VEHICLE DEFECT AND THE DRIVER'S FRONT TIRE SEPARATED FROM THE VEHICLE STRIKING VEHICLE 1 ON THE NORTHBOUND SIDE OF THE ROADWAY.
1126336,3190017412,Missouri State Highway Patrol-Troop E,1562198400000,190382486,2,0,2,0,Personal Injury,PEMISCOT,NON-CITY OR UNINCORPORATED,E,2,2,0,0,0,AT,N,US 61,RT F,Dark-Unlighted,Motor Vehicle in Transport,1,64,Thu     ,0,0,0,0,0,0,0,1,0,0,0,1,0,0,0,1,0,0,0,0,1,0,0,1,0,36.05568,-89.8665,0,07/04/2019,21:50:00,VEH1 FAILED TO YIELD AND PULLED INTO THE PATH OF VEH2. VEH2 STRUCK VEH1 IN THE PASSENGER SIDE.
1285515,3190018429,Missouri State Highway Patrol-Troop C,1562198400000,190382492,2,0,2,0,Personal Injury,ST. FRANCOIS,NON-CITY OR UNINCORPORATED,C,2,2,0,744,0.14,A ,S ,CRD VO-TECH RD,PVT ST FRANCOIS CEMETARY,Dark-Unlighted,Motor Vehicle in Transport,1,61,Thu     ,0,0,0,0,0,1,1,0,0,0,0,0,0,0,0,1,0,0,0,0,0,0,0,0,0,37.89231,-90.51122,0,07/04/2019,21:55:00,VEHICLE 2 WAS STOPPED FOR TRAFFIC AHEAD AND THE FRONT OF VEHICLE 1 STRUCK THE REAR OF VEHICLE 2.
925218,3190017765,Missouri State Highway Patrol-Troop D,1562198400000,190382654,1,0,1,0,Personal Injury,MCDONALD,NON-CITY OR UNINCORPORATED,D,1,1,0,1055,0.2,A ,N,CRD MCMILLEN RD,CRD MITCHELL LN,Dark-Unlighted,Fixed Object,2,,Thu     ,0,0,0,0,0,1,1,0,0,0,0,0,0,0,0,0,0,0,0,0,0,0,1,0,0,36.64555,-94.56506,0,07/04/2019,22:40:00,"CRASH OCCURRED AS VEHICLE #1 TRAVELED OFF RIGHT EDGE OF ROADWAY, STRUCK EMBANKMENT AND OVERTURNED EJECTING THE DRIVER."
1226155,3190017309,Missouri State Highway Patrol-Troop C,1562198400000,190382751,1,0,1,0,Personal Injury,JEFFERSON,NON-CITY OR UNINCORPORATED,C,1,1,0,369,0.07,B ,S ,MO 141,PVT HARPER LN,Dark-Unlighted,Overturn,1,,Thu     ,0,0,0,0,0,0,0,0,0,0,0,0,0,0,0,1,0,0,0,0,1,0,0,1,0,38.45792,-90.41676,0,07/04/2019,23:35:00,VEHICLE 1 TRAVELED PARTLY IN CENTER MEDIAN. DRIVER 1 OVERCORRECTED AND VEHICLE 1 OVERTURNED.
1011295,3190017815,Missouri State Highway Patrol-Troop D,1562284800000,190382752,1,0,0,1,Personal Injury,WEBSTER,NON-CITY OR UNINCORPORATED,D,1,1,0,42,0.01,B ,W ,RT M,CRD SHOOTING STAR LP EJ,Dark-Unlighted,Overturn,2,,Thu     ,0,0,0,0,1,0,1,0,0,0,0,0,0,0,0,1,0,0,0,0,0,1,0,0,0,37.37764,-92.75889,0,07/04/2019,23:30:00,"CRASH OCCURRED AS VEHICLE #1 FAILED TO NEGOTIATE A CURVE, SKIDDED OFF THE RIGHT SIDE OF THE ROADWAY AND OVERTURNED."
803485,3190017889,Missouri State Highway Patrol-Troop A,1562284800000,190382868,1,0,1,0,Personal Injury,JOHNSON,NON-CITY OR UNINCORPORATED,A,1,1,0,1705,0.32,B ,W ,MO 2,MO 131,Dark-Unlighted,Fixed Object,2,,Fri     ,0,0,0,0,1,0,0,0,0,0,0,0,0,0,0,1,0,0,0,0,0,0,0,0,0,38.62412,-94.00001,0,07/05/2019,00:40:00,"CRASH OCCURRED AS VEHICLE WAS WESTBOUND ON 2 HWY WHEN IT ENCOUNTERED WATER OVER THE ROAD AND HYDROPLANED OFF THE RIGHT SIDE.  THE VEHICLE OVERTURNED, STRUCK A FENCE, AND CAME TO REST RIGHT SIDE UP, PARTIALLY BLOCKING WESTBOUND LANE OF 2 HWY."
903633,3190018472,Missouri State Highway Patrol-Troop D,1562284800000,190382902,4,0,4,0,Personal Injury,CHRISTIAN,NON-CITY OR UNINCORPORATED,D,4,4,0,327,0.06,A ,N,CRD N NICHOLAS RD,RT AA,Dark-Unlighted,Motor Vehicle in Transport,1,60,Fri     ,1,0,0,0,0,0,0,0,0,0,0,0,0,0,0,0,0,0,0,0,1,1,0,1,0,37.08827,-93.32548,0,07/05/2019,01:30:00,ACCIDENT OCCURRED AS NORTHBOUND VEH #1 STRUCK VEHS #2 AND #3 THAT WERE STOPPED IN NORTHBOUND LANE FACING SOUTH AS DRIVERS WERE OFF THE VEHS ASSISTING STRANDED MOTORIST. VEHS # 2 AND #3 WERE PUSHED INTO PEDESTRIANS CAUSING INJURY TO ONE PEDESTRIAN. VEH # 4 PARKED EAST OF ROADWAY IN A FIELD WAS STRUCK CAUSING MINOR DAMAGE TO MOTOR CYCLE LOADED IN BED OF VEH # 4
1012541,3190017699,Missouri State Highway Patrol-Troop D,1562284800000,190382956,1,0,1,0,Personal Injury,VERNON,NON-CITY OR UNINCORPORATED,D,1,1,0,1209,0.23,A ,W ,CRD MINNIE BALL,CRD 1350,Dark-Unlighted,Fixed Object,2,,Fri     ,0,0,0,0,1,1,1,0,0,0,0,0,0,0,0,1,0,0,0,0,0,0,0,0,0,37.86278,-94.39416,0,07/05/2019,03:00:00,"VEHICLE 1 RAN OFF THE ROADWAY, STRUCK AN EMBANKMENT AND OVERTURNED."
990328,3190017612,Missouri State Highway Patrol-Troop D,1562284800000,190382979,1,0,1,0,Personal Injury,NEWTON,JOPLIN,D,1,1,0,332,0.06,A ,N,CRD COYOTE DR,CRD MORNINGSIDE DR,Dark-Unlighted,Fixed Object,2,,Fri     ,0,0,0,0,1,1,1,0,0,0,0,0,0,0,0,1,0,0,0,0,0,1,0,0,0,37.04819,-94.55245,0,07/05/2019,04:30:00,"CRASH OCCURRED AS VEHICLE #1 TRAVELED OFF THE RIGHT SIDE OF THE ROADWAY, EJECTING THE DRIVER."
875490,3190017854,Missouri State Highway Patrol-Troop A,1562284800000,190382986,1,0,1,0,Personal Injury,PLATTE,NON-CITY OR UNINCORPORATED,A,1,1,0,600,0.11,A ,S ,IS 29,ERM SOUTH IS 29 MILE 240,Dark-Unlighted,Fixed Object,2,,Fri     ,0,0,0,0,0,0,0,1,0,0,0,0,0,0,0,0,0,0,0,0,0,0,0,0,1,39.42729,-94.78994,0,07/05/2019,05:08:00,CRASH OCCURRED AS VEH 1 WAS SB ON I 29.  VEH 1 SWERVED TO AVOID STRIKING ANOTHER VEHICHE.  VEH 1 RAN OFF THE LEFT SIDE OF THE ROADWAY AND OVERTURNED.  ASSISTED BY TPR J M HARRISON /549/ AND TPR B S GUNBY /349/.
877845,3190017883,Missouri State Highway Patrol-Troop A,1562284800000,190382999,1,0,1,0,Personal Injury,JACKSON,NON-CITY OR UNINCORPORATED,A,1,1,0,918,0.17,B ,W ,MO 150,CRD HARRIS RD,Dark-Unlighted,Overturn,1,,Fri     ,0,0,0,0,0,0,0,0,0,0,0,0,0,0,0,0,0,0,0,0,0,1,0,0,0,38.85004,-94.28836,0,07/05/2019,05:55:00,CRASH OCCURRED AS VEH 1 WAS WESTBOUND ON M 150.  VEH 1 SLID ON MUD ON THE ROADWAY CAUSING DRIVER 1 TO LOSE CONTROL OF VEH 1 AND DRIVER 1 WAS EJECTED FROM THE VEHICLE.  ASSISTED BY TPR E J VILLANUEVA /690/.
1036152,3190017368,Missouri State Highway Patrol-Troop I,1562284800000,190383082,1,0,1,0,Personal Injury,PHELPS,NON-CITY OR UNINCORPORATED,I,1,1,0,776,0.15,A ,E ,RT F,CRD 3210,Daylight,Fixed Object,2,,Fri     ,0,0,0,0,0,0,1,0,0,0,0,0,0,0,0,1,0,0,0,0,0,0,0,0,0,37.90696,-91.6682,0,07/05/2019,07:30:00,CRASH OCCURRED AS VEHICLE 1 TRAVELED OFF THE RIGHT SIDE OF THE ROADWAY AND STRUCK A TREE.
1147901,3190017499,Missouri State Highway Patrol-Troop E,1562284800000,190383178,1,0,1,0,Personal Injury,STODDARD,NON-CITY OR UNINCORPORATED,E,2,2,0,2201,0.42,A ,E ,CRD 343,CRD 343A,Daylight,Motor Vehicle in Transport,1,60,Fri     ,0,0,0,0,0,0,0,1,1,0,0,0,0,0,0,1,0,0,0,0,1,0,0,1,0,37.04349,-89.83564,0,07/05/2019,08:30:00,CRASH OCCURRED AS VEHICLE 1 STRUCK VEHICLE 2 HEAD-ON.
1036124,3190017334,Missouri State Highway Patrol-Troop I,1562284800000,190383183,0,0,0,0,Property Damage,PHELPS,NON-CITY OR UNINCORPORATED,I,1,1,0,475,0.09,B ,E ,IS 44,ERM EAST IS 44 MILE 1824,Daylight,Fixed Object,2,,Fri     ,0,0,0,0,1,0,0,0,0,0,0,0,0,0,0,1,0,0,0,0,0,0,0,0,0,37.93884,-91.83634,0,07/05/2019,12:22:00,"CRASH OCCURRED AS VEHICLE 1 FAILED TO STOP FOR A STOP SIGN, TRAVELED ACROSS THE ROADWAY, TRAVELED OFF THE ROADWAY, STRUCK A SIGN AND TREES.  ASSISTED BY SGT J.L. KEATHLEY (838)"
903634,3190017360,Missouri State Highway Patrol-Troop D,1562284800000,190383209,1,0,1,0,Personal Injury,CHRISTIAN,NON-CITY OR UNINCORPORATED,D,2,2,0,68,0.01,B ,E ,US 160,CRD OLD HWY 160,Daylight,Motor Vehicle in Transport,1,61,Fri     ,0,0,0,0,0,1,1,0,0,0,0,0,0,0,0,1,0,0,0,0,0,0,0,0,0,36.82669,-93.33759,0,07/05/2019,08:40:00,NR1 WAS SLOWING FOR STOPPED TRAFFIC AHEAD.  NR2 STRUCK NR1 IN THE REAR.
1300758,3190017451,Missouri State Highway Patrol-Troop C,1562284800000,190383298,1,0,1,0,Personal Injury,ST. CHARLES,WEST ALTON,C,3,3,0,137,0.03,A ,N,US 67,CST RED SCHOOL ROAD,Daylight,Motor Vehicle in Transport,1,61,Fri     ,0,0,0,0,0,0,1,0,0,0,0,0,0,0,0,1,0,0,0,0,0,0,0,0,0,38.85482,-90.22766,0,07/05/2019,09:18:00,"VEHICLES #2 AND #3 WERE STOPPED IN THE SOUTHBOUND LANES . VEHICLE #1 STRUCK THE REAR OF VEHICLE #2, WHICH CAUSED VEHICLE #2 TO  STRIKE THE REAR OF VEHICLE #3. ASSISTED BY TRP. Q. H. HOOKS (373)"
1509401,3190017692,Missouri State Highway Patrol-Troop H,1562284800000,190383642,1,0,1,0,Personal Injury,NODAWAY,NON-CITY OR UNINCORPORATED,H,1,1,0,80,0.02,A ,S ,RT KK,CRD 180TH STREET,Daylight,Fixed Object,2,,Fri     ,0,0,0,0,0,0,0,1,1,0,0,0,0,0,0,1,0,0,0,0,0,0,0,0,0,40.4625,-95.12004,0,07/05/2019,11:10:00,"CRASH OCCURRED AS VEH 1 WAS SOUTHBOUND ON RTE KK. DRIVER 1 SUFFERED A MEDICAL CONDITION AND BLACKED OUT. VEH 1 TRAVELED OFF THE WEST SIDE OF THE ROADWAY AND STRUCK AN EMBANKMENT. VEH 1 CAME TO REST ON ITS WHEELS FACING SOUTH. ASSISTED BY WEST NODAWAY FIRE AND RESCUE, ELMO FIRST RESPONDERS AND NODAWAY COUNTY SHERIFF'S OFFICE."
803480,3190018094,Missouri State Highway Patrol-Troop A,1562284800000,190383786,2,0,2,0,Personal Injury,JOHNSON,NON-CITY OR UNINCORPORATED,A,1,1,0,491,0.09,A ,N,MO 13,CRD 900,Daylight,Overturn,1,,Fri     ,0,0,0,0,0,0,0,0,0,0,0,0,0,0,0,0,0,0,0,0,0,1,0,0,0,38.62066,-93.74007,0,07/05/2019,12:20:00,CRASH OCCURRED AS VEHICLE 1 WAS TRAVELING NORTH ON MISSOURI 13 HIGHWAY AT A LOW SPEED THROUGH MOVING WATER.  AN UNKNOWN SOUTHBOUND VEHICLE TRAVELED THROUGH THE WATER AT A HIGH RATE OF SPEED.  THE WAVE CAUSED BY THE UNKNOWN VEHICLE STRUCK VEHICLE 1 CAUSING IT TO OVERTURN.  DRIVER 1 AND PASSENGER 1 WERE EJECTED AS VEHICLE 1 OVERTURNED.
1031368,3190018179,Missouri State Highway Patrol-Troop I,1562284800000,190383825,1,0,1,0,Personal Injury,PULASKI,ST ROBERT,I,1,1,0,250,0.05,B ,E ,IS 44,ERM EAST IS 44 MILE 1642,Daylight,Fixed Object,2,,Fri     ,0,0,0,0,1,0,1,0,0,0,0,0,0,0,0,1,0,0,0,0,0,0,0,0,0,37.83693,-92.09631,0,07/05/2019,12:31:00,OCCURRED AS VEHICLE 1 HYDROPLANED TRAVELING OFF THE LEFTSIDE OF THE ROADWAY. VEHICLE 1 CAME  TO REST AGAINST THE MEDIAN CABLES.
1132419,3190017733,Missouri State Highway Patrol-Troop E,1562284800000,190384200,1,0,1,0,Personal Injury,BUTLER,NON-CITY OR UNINCORPORATED,E,1,1,0,4224,0.8,A ,E ,US 60,CST 411,Daylight,Fixed Object,2,,Fri     ,0,0,0,0,1,1,1,0,0,0,0,0,0,0,0,1,0,0,0,0,0,0,0,0,0,36.84489,-90.55541,0,07/05/2019,14:35:00,"CRASH OCCURRED AS  VEHICLE 1 RAN OFF OF THE LEFT SIDE OF THE ROADWAY, STRIKING ROCKS."
995856,3190017375,Missouri State Highway Patrol-Troop D,1562284800000,190384209,1,0,1,0,Personal Injury,STONE,NON-CITY OR UNINCORPORATED,D,1,1,0,50,0.01,B ,E ,MO 86,CRD COW CREEK RD,Daylight,Fixed Object,2,,Fri     ,0,0,0,0,1,1,1,0,0,0,0,0,0,0,0,1,0,0,0,0,1,0,0,1,0,36.53851,-93.39141,0,07/05/2019,14:41:00,CRASH OCCURRED AS VEHICLE #1 APPROACHED TRAFFIC THAT WAS STOPPED.  VEHICLE #1 RAN OFF THE RIGHT SIDE OF THE ROADWAY AND INTO A TREE.
792860,3190018233,Missouri State Highway Patrol-Troop A,1562284800000,190384446,0,1,0,0,Fatal,CASS,NON-CITY OR UNINCORPORATED,A,1,1,0,757,0.14,A ,N,RT D,CRD 223RD ST,Daylight,Fixed Object,2,,Fri     ,0,1,0,0,0,0,0,0,0,0,0,0,0,0,0,1,0,0,0,0,1,0,0,1,0,38.72497,-94.59077,1,07/05/2019,16:15:00,"F A T A L    C R A S H  -  FATALITY CRASH #36 AND FATAL #41    -   CRASH OCCURRED AS VEHICLE #1 WAS TRAVELING SOUTHBOUND AND CROSSED THE CENTERLINE.  DRIVER #1 OVERCORRECTED AND LOST CONTROL OF VEHICLE #1, CAUSING VEHICLE #1 TO TRAVEL ACROSS THE NORTHBOUND LANES OF TRAFFIC, CONTINUE OFF THE LEFT SIDE OF THE ROADWAY AND OVERTURN BEFORE COMING TO REST."
1115103,3190017686,Missouri State Highway Patrol-Troop E,1562284800000,190384449,2,0,2,0,Personal Injury,MISSISSIPPI,NON-CITY OR UNINCORPORATED,E,2,2,0,1056,0.2,B ,N,MO 105,MO 102,Daylight,Motor Vehicle in Transport,1,61,Fri     ,0,0,0,0,0,0,0,0,0,0,0,0,0,0,0,1,0,0,0,0,0,0,0,0,0,36.80071,-89.35914,0,07/05/2019,16:15:00,CRASH OCCURRED AS VEHICLE TWO SLOWED FOR ANIMAL IN THE ROADWAY. VEHICLE ONE STRUCK THE REAR OF VEHICLE TWO.
995829,3190017304,Missouri State Highway Patrol-Troop D,1562284800000,190384456,4,0,4,0,Personal Injury,STONE,NON-CITY OR UNINCORPORATED,D,2,2,0,75,0.01,B ,S ,MO 13,MO 86 SJ,Daylight,Motor Vehicle in Transport,1,61,Fri     ,0,0,0,0,1,0,0,0,0,0,0,0,0,0,0,1,0,0,0,0,0,0,0,0,0,36.51233,-93.39649,0,07/05/2019,16:18:00,CRASH OCCURRED AS VEHICLE #1 STRUCK VEHICLE #2 FROM BEHIND.
1229566,3190018753,Missouri State Highway Patrol-Troop C,1562284800000,190384619,2,0,2,0,Personal Injury,LINCOLN,NON-CITY OR UNINCORPORATED,C,2,2,0,0,0,AT,N,RT W,PVT SEQUOIA RIDGE DR,Daylight,Motor Vehicle in Transport,1,64,Fri     ,0,0,0,0,0,0,1,0,0,0,0,0,0,0,0,0,0,0,0,0,1,0,0,1,0,39.02309,-90.86081,0,07/05/2019,17:23:00,VEHICLE 2 WAS TURNING LEFT ONTO SEQUOIA RIDGE. VEHICLE 1 WAS TRAVELING TOO FAST FOR CONDITIONS AND STRUCK VEHICLE 2 ON THE REAR PASSENGER SIDE.
1212193,3190018503,Missouri State Highway Patrol-Troop C,1562284800000,190384746,1,0,1,0,Personal Injury,WASHINGTON,NON-CITY OR UNINCORPORATED,C,1,1,0,327,0.06,A ,S ,MO 185,RT AA,Daylight,Fixed Object,2,,Fri     ,0,0,0,0,0,0,0,1,1,0,0,0,0,0,0,0,0,0,0,0,0,0,0,0,0,37.95649,-90.80976,0,07/05/2019,18:12:00,"VEHICLE 1 WAS TRAVELING EASTBOUND ON MO 185. VEHICLE 2 WAS TRAVELING WESTBOUND ON MO 185. VEHICLE 2 TURNED IN FRONT OF VEHICLE ONE, DRIVER 1 SWERVED TO AVOID A COLLISION WITH VEHICLE 2. VEHICLE 1 RAN OFF THE ROAD, AND STRUCK A TREE. VEHICLE 2 LEFT THE SCENE."