objectid,accident,agency,inv_date,complaint,injured,killed,min_inj,dis_inj,severity,county,city,troop,no_vehicle,motor_veh,left_scene,dist_feet,dist_mile,inter_loc,direction,on_street,at_street,light_cond,acc_type,on_off_rd,two_veh,day_week,dr_drink,dr_drug,ped_drink,ped_drug,speed,dr_under21,dr_under25,dr_over55,dr_over64,electrical,emer_veh,stop_sign,yield_sign,czone,hazmat,aggressive,cell_phone,texting,veh_defect,school_bus,truck,motorcycle,atv,pickup,cmv,gps_lat,gps_long,severity_fatal,acc_date,acc_time,narrative
1036125,3190018098,Missouri State Highway Patrol-Troop I,1562284800000,190384802,3,0,2,1,Personal Injury,PHELPS,NON-CITY OR UNINCORPORATED,I,2,2,0,538,0.1,B ,E ,RT V,CRD 2080,Daylight,Motor Vehicle in Transport,1,60,Fri     ,1,0,0,0,0,1,1,0,0,0,0,0,0,0,0,1,0,0,0,0,1,0,0,1,0,38.00765,-91.72461,0,07/05/2019,18:30:00,OCCURRED AS VEH 1 WAS SOUTHBOUND ON STATE ROUTE V AND TRAVELED INTO THE ONCOMING LANE STRIKING VEH 2 IN RIGHT FRONT.
1316259,3190022424,Missouri State Highway Patrol-Troop C,1562284800000,190384870,3,1,1,2,Fatal,ST. LOUIS,VALLEY PARK,C,2,2,0,205,0.04,A ,W ,IS 44,ERM WEST IS 44 MILE 2724,Daylight,Fixed Object,2,,Fri     ,0,0,0,0,0,0,0,1,0,0,0,0,0,0,0,0,0,0,0,0,0,0,0,0,0,38.53826,-90.50161,1,07/05/2019,18:54:00,"FATALITY REPORT- BOTH VEHICLES WERE TRAVELING WESTBOUND ON I-44. VEHICLE 1 LOST CONTROL, ROTATED AND STRUCK THE GUARDRAIL, TRAVELED ACROSS ALL LANES OF TRAFFIC AND STRUCK THE CONCRETE MEDIAN. THE FRONT OF VEHICLE 2 STRUCK THE DIVERS SIDE OF VEHICLE 1. PASSENGER 1 IN VEHICLE 1 WAS EJECTED. SUBJECT PRONOUNCED ON SCENE BY VALLEY PARK FIRE DISTRICT AT 1902 HOURS ON 7-5-19. ASSISTED BY CPL R. L. CALVERT (165) AND TPR T. J. STRAATMANN (959)"
803484,3190017888,Missouri State Highway Patrol-Troop A,1562284800000,190384994,0,0,0,0,Property Damage,JOHNSON,NON-CITY OR UNINCORPORATED,A,1,1,Y,210,0.04,,,PP 1609 US 50,NORTH OF NW 650 RD,Unknown,Fixed Object,2,,Unk     ,,,,,,,,,,0,0,0,0,0,0,,0,0,,,,,,,,38.86241,-94.04934,0,07/05/2019,00:00:00,DRIVER #1 WAS DRIVING IN A FIELD WHEN HE MADE A SHARP TURN AND ACCELERATED QUICKLY CAUSING VEHICLE #1 TO OVERTURN.  VEHICLE #1 CAME TO REST ON THE DRIVER'S SIDE FACING EAST.
1330020,3190018839,Missouri State Highway Patrol-Troop G,1562371200000,190385712,1,0,1,0,Personal Injury,HOWELL,NON-CITY OR UNINCORPORATED,G,1,1,0,1335,0.25,A ,S ,RT E,CRD 7400,Dark-Unlighted,Overturn,2,,Sat     ,1,0,0,0,0,0,0,0,0,0,0,0,0,0,0,0,0,0,0,0,0,0,1,0,0,36.58369,-91.97013,0,07/06/2019,00:10:00,"OCCURRED AS VEHICLE 1 RAN OFF THE LEFT SIDE OF THE ROADWAY, OVERCORRECTED AND OVERTURNED."
819072,3190017953,Missouri State Highway Patrol-Troop A,1562371200000,190385828,1,0,1,0,Personal Injury,PETTIS,WINDSOR,A,1,1,0,500,0.09,A ,W ,MO 52,RT B,Dark-Unlighted,Fixed Object,2,,Sat     ,0,0,0,0,1,1,1,0,0,0,0,0,0,0,0,1,0,0,0,0,0,0,0,0,0,38.54082,-93.50153,0,07/06/2019,01:05:00,OCCURRED AS VEH1 TRAVELED OFF ROADWAY AND STRUCK UTILITY POLE. ASSISTED BY HENRY COUNTY DEPUTIES
1128037,3190018262,Missouri State Highway Patrol-Troop E,1562630400000,190385878,1,0,1,0,Personal Injury,WAYNE,NON-CITY OR UNINCORPORATED,E,1,1,0,3168,0.6,A ,N,RT D,CRD HARPER LANE,Dark-Unlighted,Fixed Object,2,,Sat     ,1,0,0,0,0,0,0,1,0,0,0,0,0,0,0,0,0,0,0,0,1,0,0,1,0,37.01356,-90.27802,0,07/06/2019,01:40:00,"CRASH OCCURRED AS VEHICLE ONE TRAVELED OFF RIGHT SIDE OF  ROADWAY, STRIKING TREES"
1197645,3190018866,Missouri State Highway Patrol-Troop F,1562371200000,190385884,4,0,3,1,Personal Injury,CAMDEN,NON-CITY OR UNINCORPORATED,F,1,1,0,167,0.03,A ,E ,CRD HIGHLY DRIVE,CRD RAIN DROP DRIVE,Dark-Unlighted,Overturn,1,,Sat     ,1,0,0,0,1,0,0,0,0,0,0,0,0,0,0,1,0,0,0,0,0,0,0,0,0,38.17433,-92.71452,0,07/06/2019,01:40:00,"OCCURRED AS VEHICLE 1 WAS TRAVELING DOWN A HILL WITH NO LIGHTS ON. DRIVER 1 LOST CONTROL, AND VEHICLE 1 OVERTURNED."
1111408,3190017579,Missouri State Highway Patrol-Troop E,1562371200000,190385988,0,1,0,0,Fatal,DUNKLIN,NON-CITY OR UNINCORPORATED,E,1,1,0,364,0.07,B ,N,MO 25,CRD 304,Dark-Unlighted,Fixed Object,2,,Sat     ,0,0,0,0,0,0,0,1,1,0,0,0,0,0,0,1,0,0,0,0,0,0,0,0,0,36.48326,-89.96804,1,07/06/2019,04:40:00,"F A T A L I T Y  C R A S H - CRASH OCCURRED AS VEHICLE 1 RAN OFF RIGHT SIDE OF ROADWAY, RETURNED TO ROADWAY, OVERCORRECTED AND OVERTURNED - NEXT OF KIN NOTIFIED - PRONOUNCED AT SCENE BY DUNKLIN COUNTY CORONER JAMES POWELL AT 0535 HOURS - TROOP E FATALITY # 24 FOR 2019"
1511459,3190018383,Missouri State Highway Patrol-Troop H,1562371200000,190386047,1,0,0,1,Personal Injury,BUCHANAN,NON-CITY OR UNINCORPORATED,H,1,1,0,60,0.01,B ,N,IS 29,ERM NORTH IS 29 MILE 374,Daylight,Fixed Object,2,,Sat     ,0,0,0,0,0,0,1,0,0,0,0,0,0,0,0,1,0,0,0,0,0,0,0,0,0,39.62396,-94.78804,0,07/06/2019,07:00:00,"CRASH OCCURRED AS VEH 1 WAS TRAVELING NORTHBOUND ON I-29. VEH 1 TRAVELED PARTIALLY OFF THE WEST SIDE OF THE ROADWAY, OVERCORRECTED AND BEGAN SKIDDING. VEH 1 TRAVELED OFF THE EAST SIDE OF THE ROADWAY, STRUCK AN EMBANKMENT AND OVERTURNED. VEH 1 CAME TO REST ON ITS WHEELS FACING EAST.  ASSISTED BY CPL. R.P. DUDECK (516), BUCHANAN COUNTY SHERIFF'S OFFICE, AGENCY FIRE DEPARTMENT, FAUCETT FIRE DEPARTMENT  AND BUCHANAN COUNTY EMS."
1336576,3190018196,Missouri State Highway Patrol-Troop G,1562371200000,190386049,2,0,2,0,Personal Injury,DOUGLAS,NON-CITY OR UNINCORPORATED,G,1,1,Y,2640,0.5,A ,N,MO 181,RT AP,Daylight,Fixed Object,2,,Sat     ,0,0,0,0,0,0,0,0,0,0,0,0,0,0,0,0,0,0,0,0,0,0,0,0,0,36.95733,-92.10473,0,07/06/2019,07:00:00,ACCIDENT OCCURRED AS VEHICLE #1 RAN OFF THE ROADWAY AND STRUCK A TREE
1173835,3190017441,Missouri State Highway Patrol-Troop F,1562371200000,190386077,2,0,2,0,Personal Injury,CALLAWAY,NON-CITY OR UNINCORPORATED,F,1,1,0,448,0.08,B ,W ,IS 70,ERM WEST IS 70 MILE 1398,Daylight,Fixed Object,2,,Sat     ,0,0,0,0,0,0,0,0,0,0,0,0,0,0,0,1,0,0,0,0,1,0,0,1,0,38.95325,-92.09079,0,07/06/2019,07:25:00,"OCCURRED AS VEHICLE 1 TRAVELED OFF THE RIGHT SIDE OF THE ROADWAY AND STRUCK A CONCRETE CULVERT.  VEHICLE 1 THEN BECAME AIRBORNE, STRUCK THE GROUND AND OVERTURNED."
1271936,3190019184,Missouri State Highway Patrol-Troop C,1562371200000,190386080,6,1,3,3,Fatal,PERRY,NON-CITY OR UNINCORPORATED,C,1,1,0,3695,0.7,B ,N,IS 55,RP 122,Daylight,Fixed Object,2,,Sat     ,0,0,0,0,0,0,0,1,1,0,0,0,0,0,0,1,0,0,0,0,0,0,0,0,0,37.77214,-89.9307,1,07/06/2019,07:25:00,"VEHICLE 1 TRAVELED OFF THE LEFT SIDE OF THE ROADWAY, STRUCK AN EMBANKMENT AND BEGAN OVERTURNING. VEHICLE 1 CAME TO REST ON ITS TOP IN THE MEDIAN. THE STEPHENSON SUBJECT WAS PRONOUNCED ON SCENE AT 0725 HOURS AT BY PERRY COUNTY CORONER WILLIAM BOHNERT. ASSISTED BY MSGT. W.B. SEVIER (1229)"
1145147,3190017430,Missouri State Highway Patrol-Troop E,1562371200000,190386538,3,0,3,0,Personal Injury,NEW MADRID,NON-CITY OR UNINCORPORATED,E,2,2,0,2112,0.4,A ,N,RT AA,MO 80,Daylight,Motor Vehicle in Transport,1,61,Sat     ,0,0,0,0,0,0,0,0,0,0,0,0,0,0,0,1,0,0,0,0,0,0,0,0,0,36.76523,-89.51981,0,07/06/2019,11:10:00,CRASH OCCURRED AS VEHICLE 2 WAS NORTHBOUND AND WAS STRUCK IN THE REAR BY VEHICLE 1.
1187136,3190018255,Missouri State Highway Patrol-Troop B,1562371200000,190386548,1,0,0,1,Personal Injury,MARION,NON-CITY OR UNINCORPORATED,B,1,1,Y,4224,0.8,B ,N,CRD 229,CRD 224,Daylight,Fixed Object,2,,Sat     ,0,0,0,0,1,0,1,0,0,0,0,0,0,0,0,1,0,0,0,0,1,0,0,1,0,39.73024,-91.74234,0,07/06/2019,07:00:00,"DRIVER LOST CONTROL ON A GRAVEL ROADWAY, DROVE INTO A DITCH AND OVERTURNED."
1031912,3190018289,Missouri State Highway Patrol-Troop I,1562371200000,190386611,2,0,1,1,Personal Injury,PULASKI,NON-CITY OR UNINCORPORATED,I,1,1,0,3168,0.6,A ,W ,CRD TULSA ROAD,CRD TEAK LANE,Daylight,Overturn,2,,Sat     ,0,0,0,0,1,0,1,0,0,0,0,0,0,0,0,1,0,0,0,0,0,0,0,0,0,37.82215,-92.09407,0,07/06/2019,11:38:00,"OCCURRED AS VEHICLE 1 TRAVELED OFF THE RIGHT SIDE OF THE ROADWAY, DOWN AN EMBANKMENT. VEHICLE 1 CAME TO REST AGAINST THE TREES.   ASSISTED BY TPR E A GOANS (322)"
1318858,3190017930,Missouri State Highway Patrol-Troop G,1562371200000,190386847,1,0,1,0,Personal Injury,REYNOLDS,NON-CITY OR UNINCORPORATED,G,1,1,0,1726,0.33,A ,W ,CRD 802,CST GOODMAN LN,Daylight,Overturn,2,,Sat     ,0,0,0,0,1,1,1,0,0,0,0,0,0,0,0,1,0,0,0,0,0,0,1,0,0,37.43656,-90.97023,0,07/06/2019,13:14:00,"OCCURRED AS VEHICLE FAILED TO NEGOTIATE A CURVE, TRAVELED OFF THE SIDE OF THE ROADWAY, STRUCK AN EMBANKMENT, AND OVERTURNED. ASSISTED BY REYNOLDS COUNTY SHERIFFS DEPARTMENT."
901638,3190017543,Missouri State Highway Patrol-Troop D,1562371200000,190386959,2,0,2,0,Personal Injury,ST. CLAIR,LOWRY CITY,D,2,2,0,0,0,AT,S ,MO 13,CST 3RD,Daylight,Motor Vehicle in Transport,1,64,Sat     ,0,0,0,0,0,0,1,0,0,0,0,1,0,0,0,1,0,0,0,0,0,0,0,0,0,38.14027,-93.71878,0,07/06/2019,13:56:00,ACCIDENT OCCURRED AS VEHICLE #1 ATTEMPTED TO CROSS HIGHWAY 13. VEHICLE #2 STRUCK VEHICLE #1 IN THE SIDE.
1020333,3190017681,Missouri State Highway Patrol-Troop D,1562371200000,190387136,1,0,1,0,Personal Injury,HICKORY,NON-CITY OR UNINCORPORATED,D,2,2,0,818,0.15,A ,E ,CRD 316,CRD 363,Daylight,Motor Vehicle in Transport,1,64,Sat     ,0,0,0,0,0,0,0,1,0,0,0,0,0,0,0,1,0,0,0,0,1,1,0,1,0,37.84297,-93.23856,0,07/06/2019,14:55:00,NBR 1 TRIED TO PASS NBR 2 AS NBR 2 WAS MAKING A LEFT TURN.  NBR 1 STRUCK NBR 2 IN THE SIDE.
925245,3190018450,Missouri State Highway Patrol-Troop D,1562371200000,190387232,1,1,1,0,Fatal,MCDONALD,NON-CITY OR UNINCORPORATED,D,2,2,0,158,0.03,A ,E ,MO 90,CRD REAGAN HOLLOW ROAD,Daylight,Motor Vehicle in Transport,1,60,Sat     ,0,0,0,0,0,0,0,1,0,0,0,0,0,0,0,1,0,0,0,0,1,0,0,0,1,36.55058,-94.50377,1,07/06/2019,15:25:00,FATAL ACCIDENT   THIS IS TROOP D'S 1ST FATAL OF THE MONTH AND 47TH OF THE YEAR   NEXT OF KIN NOTIFIED   OCCURRED AS #1 CROSSED THE CENTER LINE AND STRUCK #2 HEAD ON.  DRIVER #1 WAS PRONOUNCED AT 1525 BY DEPUTY CORONER JONATHAN FLETCHER.
822181,3190018692,Missouri State Highway Patrol-Troop A,1562371200000,190387908,1,1,0,1,Fatal,BENTON,NON-CITY OR UNINCORPORATED,A,1,1,0,37,0.01,A ,E ,RT BB,CO RT BB TO ALLEN RD,Daylight,Fixed Object,2,,Sat     ,1,0,0,0,1,0,0,1,0,0,0,0,0,0,0,1,0,0,0,0,1,0,0,1,0,38.31092,-93.29648,1,07/06/2019,19:07:00,"F A T A L I T Y    C R A S H   -  FATAL CRASH #37 AND FATALITY #42  - CRASH OCCURRED AS VEHICLE #1 WAS SOUTHBOUND, FAILED TO NEGOTIATE A LEFT HAND CURVE AND RAN OFF THE RIGHT SIDE OF THE ROADWAY.  AFTER LEAVING THE ROADWAY, VEHICLE #1 STRUCK A WARNING SIGN AND THREE TREES. PASSENGER WAS PRONOUNCED AT THE SCENE BY BENTON COUNTY CORONER, WESTON MILLER AT 1946 HOURS. ASSISTED BY D. C. BELARDO AND THE BENTON COUNTY SHERIFF'S DEPARTMENT."
800576,3190019059,Missouri State Highway Patrol-Troop A,1562371200000,190388029,0,1,0,0,Fatal,SALINE,NON-CITY OR UNINCORPORATED,A,1,1,0,976,0.18,B ,N,RT AC,RT P,Daylight,Overturn,2,,Sat     ,0,0,0,0,1,0,0,0,0,0,0,0,0,0,0,1,0,0,0,0,0,0,1,0,0,39.13775,-92.95294,1,07/06/2019,19:45:00,"F A T A L  C R A S H   -  FATALITY CRASH #38 AND FATALITY #43 CRASH OCCURRED AS VEHICLE #1 BEGAN SLIDING, CROSSED CENTERLANE, TRAVELED OFF THE LEFT SIDE OF THE ROADWAY AND OVERTURNED SEVERAL TIMES.  PRONOUNCED AT THE SCENE BY SALINE COUNTY CORONER, WILLIAM HARLOW AT 2042.  ASSISTED BY MSGT. C.G. DUNFEE, SALINE COUNTY SHERIFF'S DEPARTMENT AND SLATER FIRE AND EMS."
1330018,3190018154,Missouri State Highway Patrol-Troop G,1562371200000,190388420,6,0,5,1,Personal Injury,HOWELL,NON-CITY OR UNINCORPORATED,G,2,2,0,0,0,AT,S ,US 63,RT P,Dark-Unlighted,Motor Vehicle in Transport,1,64,Sat     ,0,0,0,0,0,1,1,0,0,0,0,0,1,0,0,1,0,0,0,0,1,0,0,1,0,36.86682,-91.91774,0,07/06/2019,22:02:00,ACCIDENT OCCURRED AS VEHICLE #1 WAS ATTEMPTING TO CROSS US 63 AND PULLED INTO THE PATH OF VEHICLE #2
1036123,3190017762,Missouri State Highway Patrol-Troop I,1562371200000,190388437,1,0,0,1,Personal Injury,PHELPS,NON-CITY OR UNINCORPORATED,I,1,1,0,501,0.09,B ,W ,MO 68,CRD 3500,Dark-Unlighted,Overturn,2,,Sat     ,0,0,0,0,1,0,0,0,0,0,0,0,0,0,0,1,0,0,0,0,0,1,0,0,0,37.95517,-91.56904,0,07/06/2019,22:10:00,OCCURRED AS VEHICLE 1 TRAVELED OFF THE RIGHT SIDE OF THE ROADWAY AND STARTED TO SLIDE. ASSISTED BY TPR B N CRAWFORD (406)
971423,3190017959,Missouri State Highway Patrol-Troop D,1562457600000,190388674,1,0,1,0,Personal Injury,CEDAR,NON-CITY OR UNINCORPORATED,D,1,1,0,464,0.09,B ,E ,MO 32,CRD 2125,Dark-Unlighted,Animal,1,,Sat     ,0,0,0,0,0,0,0,0,0,0,0,0,0,0,0,0,0,0,0,0,0,0,0,0,0,37.66557,-93.68727,0,07/06/2019,23:20:00,VEHICLE 1 STRUCK A COW IN THE ROADWAY.
1226152,3190018592,Missouri State Highway Patrol-Troop C,1562457600000,190388880,0,1,0,0,Fatal,JEFFERSON,NON-CITY OR UNINCORPORATED,C,1,1,0,168,0.03,B ,E ,MO 30,CRD OLD GRAVOIS RD,Dark-Lighted,Fixed Object,2,,Sun     ,1,1,0,0,1,0,0,0,0,0,0,0,0,0,0,1,0,0,0,0,0,1,0,0,0,38.48526,-90.49698,1,07/07/2019,01:05:00,FATALITY CRASH- VEHICLE 1 TRAVELED OFF THE RIGHT SIDE OF THE ROADWAY AND DRIVER 1 WAS EJECTED.  DRIVER 1 PRONOUNCED ON SCENE BY NORTH JEFFERSON COUNTY AMBULANCE DISTRICT PARAMEDIC AT 0118 HOURS. ASSISTED BY TPR B J MAGNAN (1343)
1267246,3190017951,Missouri State Highway Patrol-Troop C,1562457600000,190388929,0,1,0,0,Fatal,FRANKLIN,SULLIVAN,C,1,1,0,450,0.09,A ,E ,IS 44,ERM EAST IS 44 MILE 2250,Dark-Unlighted,Fixed Object,2,,Sun     ,1,0,0,0,0,0,0,0,0,0,0,0,0,0,0,1,1,0,0,0,1,0,0,1,0,38.21524,-91.16784,1,07/07/2019,02:10:00,"FATALITY REPORT- VEHICLE 1 WAS EASTBOUND ON I-44 AND TRAVELED OFF THE LEFT SIDE OF THE ROADWAY. VEHICLE 1 RETURNED TO THE ROADWAY AND DRIVER 1 OVER CORRECTED AND VEHICLE 1 TRAVELED OFF THE RIGHT SIDE OF THE ROADWAY, STRUCK A SIGN AND OVERTURNED. SUBJECT PRONOUNCED ON SCENE AT 0215 HOURS ON 7-7-19 BY MISSOURI BAPTIST AMBULANCE PERSONNEL."
803487,3190018062,Missouri State Highway Patrol-Troop A,1562457600000,190388989,1,0,1,0,Personal Injury,JOHNSON,NON-CITY OR UNINCORPORATED,A,1,1,Y,1187,0.22,B ,S ,CRD NE 401 RD,CRD NE 900 RD,Unknown,Fixed Object,2,,Unk     ,,,,,,,,,,0,0,0,0,0,0,,0,0,,0,0,0,0,0,0,38.89309,-93.66193,0,07/07/2019,00:00:00,SUBJECT ADVISED HE WAS EJECTED FROM UNKNOWN VEHICLE AND TRANSPORTED FOR MEDICAL TREATMENT. SUBJECT AND WITNESS ARE NOT COOPERATING WITH THE INVESTIGATION.
1502059,3190017638,Missouri State Highway Patrol-Troop H,1562457600000,190388990,1,0,0,1,Personal Injury,ANDREW,NON-CITY OR UNINCORPORATED,H,1,1,0,528,0.1,A ,N,BU 71,CRD 348,Dark-Unlighted,Overturn,2,,Sun     ,1,0,0,0,0,0,1,0,0,0,0,0,0,0,0,0,0,0,0,0,0,0,0,0,0,39.86647,-94.80814,0,07/07/2019,04:55:00,"CRASH OCCURRED AS VEH 1 WAS NORTHBOUND ON BUS-71. VEH 1 TRAVELED OFF THE WEST SIDE OF THE ROADWAY, CROSSED THE MEDIAN, CROSSED THE SOUTHBOUND LANES AND OVERTURNED. VEH 1 CAME TO REST OFF THE EAST SIDE OF THE ROADWAY ON ITS TOP IN THE DITCH FACING SOUTH."
1301400,3190018628,Missouri State Highway Patrol-Troop C,1562457600000,190389057,1,0,0,1,Personal Injury,ST. CHARLES,NON-CITY OR UNINCORPORATED,C,2,2,0,1219,0.23,B ,W ,MO 94,PVT HINNAH LN,Daylight,Motor Vehicle in Transport,1,60,Sun     ,1,0,0,0,0,0,0,0,0,0,0,0,0,0,0,1,0,0,0,0,1,1,0,1,0,38.5862,-90.92272,0,07/07/2019,07:20:00,"VEHICLE #1 FAILED TO NEGOTIATE A CURVE AND TRAVELED INTO THE EASTBOUND LANE, STRIKING VEHICLE #2. DRIVER #2 WAS EJECTED. VEHICLE #2 TRAVELED OFF THE RIGHT SIDE OF THE ROAD."
1328896,3190018076,Missouri State Highway Patrol-Troop G,1562457600000,190389238,2,0,1,1,Personal Injury,OREGON,NON-CITY OR UNINCORPORATED,G,1,1,0,654,0.12,B ,N,CRD 105,CRD 106,Daylight,Fixed Object,2,,Sun     ,0,0,0,0,0,0,0,1,1,0,0,0,0,0,0,0,0,0,0,0,1,0,0,1,0,36.73895,-91.37909,0,07/07/2019,09:55:00,OCCURRED AS VEHICLE #1 TRAVELED OFF OF THE RIGHT SIDE OF THE ROADWAY AND STRUCK A TREE.
1192951,3190017982,Missouri State Highway Patrol-Troop B,1562457600000,190389465,5,0,5,0,Personal Injury,RALLS,NON-CITY OR UNINCORPORATED,B,2,2,0,0,0,AT,S ,US 61,RT A,Daylight,Motor Vehicle in Transport,1,64,Sun     ,0,0,0,0,0,0,0,1,0,0,0,1,0,0,0,1,0,0,0,0,1,0,0,1,0,39.58804,-91.40733,0,07/07/2019,11:31:00,VEHICLE 2 SOUTHBOUND ON US 61 AND VEHICLE 1 EASTBOUND ON RT A WHEN  VEHICLE 1 FAILED TO STOP AT THE STOP SIGN AND PULLED INTO THE PATH OF VEHICLE 2.
1182821,3190017931,Missouri State Highway Patrol-Troop B,1562457600000,190389690,1,0,1,0,Personal Injury,RANDOLPH,NON-CITY OR UNINCORPORATED,B,1,1,0,360,0.07,B ,N,RT A,CRD 2561,Daylight,Fixed Object,2,,Sun     ,0,0,0,0,0,0,0,0,0,0,0,0,0,0,0,1,0,0,0,0,0,0,0,0,0,39.29972,-92.50317,0,07/07/2019,12:48:00,"VEHICLE 1 RAN OFF THE RIGHT SIDE OF THE ROAD, STRUCK THE GROUND, AND OVERTURNED COMING TO AN UNCONTROLLED STOP EAST OF ROUTE A.  ASSISTED BY THE RANDOLPH COUNTY SHERIFF'S OFFICE AND HIGBEE FIRE."
1213249,3190018058,Missouri State Highway Patrol-Troop C,1562457600000,190389700,2,0,2,0,Personal Injury,WARREN,WRIGHT CITY,C,2,2,0,179,0.03,B ,E ,IS 70,ERM EAST IS 70 MILE 1994,Daylight,Motor Vehicle in Transport,1,61,Sun     ,0,0,0,0,0,0,0,0,0,0,0,0,0,0,0,1,0,0,0,0,1,0,0,1,0,38.82869,-91.03473,0,07/07/2019,12:50:00,VEHICLE 2 WAS TRAVELING EASTBOUND ON INTERSTATE 70 IN THE RIGHT LANE.  VEHICLE 1 WAS BEHIND VEHICLE 2.  VEHICLE 2 SLOWED DUE TO TRAFFIC CONGESTION AHEAD.  DRIVER 1 ATTEMPTED TO AVOID VEHICLE 2 BY SWERVING TO THE LEFT.  THE FRONT RIGHT OF VEHICLE 1 THEN STRUCK THE REAR LEFT OF VEHICLE 2.
1115105,3190017858,Missouri State Highway Patrol-Troop E,1562457600000,190390331,1,0,1,0,Personal Injury,MISSISSIPPI,NON-CITY OR UNINCORPORATED,E,2,2,Y,79,0.01,B ,W ,MO 102,CRD 528,Daylight,Motor Vehicle in Transport,2,64,Sun     ,0,0,0,0,0,0,1,0,0,0,0,0,0,0,0,1,0,0,0,0,1,0,0,1,0,36.74892,-89.35564,0,07/07/2019,15:50:00,CRASH OCCURRED AS VEHICLE ONE WAS PARKED IN THE ROADWAY AND WAS STRUCK IN THE PASSENGER SIDE BY VEHICLE TWO.
958021,3190017897,Missouri State Highway Patrol-Troop D,1562457600000,190390419,1,0,0,1,Personal Injury,TANEY,NON-CITY OR UNINCORPORATED,D,2,2,0,190,0.04,B ,N,US 65,RP 279112,Daylight,Motor Vehicle in Transport,1,61,Sun     ,0,0,0,0,0,0,0,1,1,0,0,0,0,0,0,0,0,0,0,0,0,0,0,0,0,36.74537,-93.22237,0,07/07/2019,16:18:00,VEH #1 OVERTOOK VEH #2 AND STRUCK IT IN THE REAR.
995858,3190017526,Missouri State Highway Patrol-Troop D,1562457600000,190390560,1,0,0,1,Personal Injury,STONE,NON-CITY OR UNINCORPORATED,D,1,1,0,60,0.01,A ,W ,MO 76,PVT DEER FOOT TRAIL,Daylight,Overturn,2,,Sun     ,0,0,0,0,0,0,0,1,1,0,0,0,0,0,0,1,0,0,0,0,0,1,0,0,0,36.73702,-93.48529,0,07/07/2019,16:48:00,VEH #1 RAN OFF THE RIGHT SIDE OF THE ROAD AND OVERTURNED.  DVR #1 WAS EJECTED.
1212211,3190018494,Missouri State Highway Patrol-Troop C,1562457600000,190390862,2,0,0,2,Personal Injury,WASHINGTON,NON-CITY OR UNINCORPORATED,C,2,2,0,163,0.03,A ,N,CRD TIFF RD,CRD HACKSAW RD,Daylight,Motor Vehicle in Transport,1,60,Sun     ,0,0,0,0,0,1,1,0,0,0,0,0,0,0,0,1,0,0,0,0,0,0,0,0,0,38.00233,-90.6505,0,07/07/2019,18:40:00,VEHICLE 1 AND 2 MET AT THE CREST OF A HILL AND COLLIDED HEAD ON. ASSISTED BY TPR K D RONEY (1433).
1130634,3190018160,Missouri State Highway Patrol-Troop E,1562457600000,190391013,3,0,3,0,Personal Injury,CAPE GIRARDEAU,NON-CITY OR UNINCORPORATED,E,1,1,0,1520,0.29,B ,S ,CRD 325,CST GORDONVILLE MAIN,Daylight,Fixed Object,2,,Sun     ,0,0,0,0,0,1,1,0,0,0,0,0,0,0,0,0,0,0,0,0,0,0,0,0,0,37.32006,-89.67254,0,07/07/2019,19:40:00,"CRASH OCCURRED AS VEHICLE 1 RAN OFF ROADWAY, STRUCK A CULVERT AND OVERTURNED."
1510597,3190017756,Missouri State Highway Patrol-Troop H,1562457600000,190391144,2,0,2,0,Personal Injury,HARRISON,NON-CITY OR UNINCORPORATED,H,1,1,0,512,0.1,A ,N,IS 35,ERM NORTH IS 35 MILE 868,Dark-Unlighted,Animal,1,,Sun     ,0,0,0,0,0,0,1,0,0,0,0,0,0,0,0,0,0,0,0,0,0,0,0,0,0,40.18804,-94.01441,0,07/07/2019,20:40:00,CRASH OCCURRED AS VEHICLE 1 WAS NORTHBOUND ON I35 APPROXIMATELY 6 MILES SOUTH OF BETHANY. A DEER RAN FROM THE WEST INTO THE PATH OF VEHICLE 1 CAUSING VEHICLE 1 TO STRIKE THE DEER IN THE WINDSHIELD AND THE DRIVER'S SIDE WINDOWS. VEHICLE 1 CAME TO A CONTROLLED STOP ON ITS WHEELS ON THE EAST SHOULDER FACING NORTH.
1014331,3190018050,Missouri State Highway Patrol-Troop D,1562457600000,190391333,1,0,0,1,Personal Injury,VERNON,NEVADA,D,2,2,0,644,0.12,B ,W ,US 54,CRD 1700,Dark-Unlighted,Motor Vehicle in Transport,1,62,Sun     ,1,0,0,0,0,0,1,0,0,0,0,0,0,0,0,1,0,0,0,0,0,0,0,0,1,37.84921,-94.32502,0,07/07/2019,22:47:00,NR1 CROSSED OVER THE CENTER AND STRUCK NR2 IN THE SIDE.
1193207,3190018345,Missouri State Highway Patrol-Troop F,1562544000000,190391773,1,0,1,0,Personal Injury,GASCONADE,NON-CITY OR UNINCORPORATED,F,2,2,0,1716,0.32,A ,S ,MO 19,CRD LOVERS LN,Daylight,Motor Vehicle in Transport,1,62,Mon     ,0,0,0,0,0,0,0,1,0,0,0,0,0,0,0,1,0,0,0,0,0,0,0,0,0,38.67295,-91.43465,0,07/08/2019,09:20:00,OCCURRED AS VEHICLE 1 CROSSED THE CENTER LINE AND STRUCK VEHICLE 2.