objectid,accident,agency,inv_date,complaint,injured,killed,min_inj,dis_inj,severity,county,city,troop,no_vehicle,motor_veh,left_scene,dist_feet,dist_mile,inter_loc,direction,on_street,at_street,light_cond,acc_type,on_off_rd,two_veh,day_week,dr_drink,dr_drug,ped_drink,ped_drug,speed,dr_under21,dr_under25,dr_over55,dr_over64,electrical,emer_veh,stop_sign,yield_sign,czone,hazmat,aggressive,cell_phone,texting,veh_defect,school_bus,truck,motorcycle,atv,pickup,cmv,gps_lat,gps_long,severity_fatal,acc_date,acc_time,narrative
1318179,3190017841,Missouri State Highway Patrol-Troop G,1562544000000,190391995,1,0,1,0,Personal Injury,OZARK,NON-CITY OR UNINCORPORATED,G,2,2,Y,100,0.02,A ,S ,RT J,BRIDGE X0768,Daylight,Motor Vehicle in Transport,1,62,Mon     ,,,,,,,,1,1,0,0,0,0,0,0,,0,0,,0,1,0,0,1,0,36.5502,-92.34378,0,07/08/2019,10:40:00,SOUTHBOUND VEHICLE 1 AND NORTHBOUND VEHICLE 2 STRUCK MIRRORS.  VEHICLE 1 DID NOT STOP.
1123224,3190017806,Missouri State Highway Patrol-Troop E,1562544000000,190392390,1,0,1,0,Personal Injury,MADISON,NON-CITY OR UNINCORPORATED,E,2,2,0,1050,0.2,A ,W ,MO 72,RT MM,Daylight,Motor Vehicle in Transport,1,61,Mon     ,0,0,0,0,0,0,0,1,0,0,0,0,0,0,0,0,0,0,0,0,0,0,0,0,0,37.59881,-90.51009,0,07/08/2019,14:05:00,CRASH OCCURRED AS VEHICLE ONE RAN INTO THE REAR OF VEHICLE TWO
1181789,3190019629,Missouri State Highway Patrol-Troop F,1562544000000,190392479,2,0,1,1,Personal Injury,OSAGE,NON-CITY OR UNINCORPORATED,F,2,2,0,865,0.16,A ,N,MO 89,CRD 709,Daylight,Motor Vehicle in Transport,1,62,Mon     ,0,0,0,0,0,1,1,1,0,0,0,0,0,0,0,1,0,0,0,0,0,0,0,0,0,38.33599,-91.77244,0,07/08/2019,14:55:00,OCCURRED AS VEHICLE 1 CROSSED THE CENTER LINE AND STRUCK VEHICLE 2 HEAD-ON. ASSISTED BY TPR. T. W. DECRAMER (1321).
1502060,3190017919,Missouri State Highway Patrol-Troop H,1562544000000,190392577,3,0,3,0,Personal Injury,ANDREW,NON-CITY OR UNINCORPORATED,H,2,2,0,90,0.02,A ,S ,RT K,CRD 390 NJ,Daylight,Motor Vehicle in Transport,1,64,Mon     ,0,0,0,0,0,0,0,1,1,0,0,0,0,0,0,1,0,0,0,0,0,0,0,0,0,39.85526,-94.87214,0,07/08/2019,15:40:00,"CRASH OCCURRED AS VEHICLE 2 WAS NORTHBOUND ON RT K. VEHICLE 2 ATTEMPTED TO MAKE A TURN INTO A PRIVATE DRIVE. VEHICLE 1 ATTEMPTED TO PASS VEHICLE 2 ALSO TRAVELING NORTHBOUND. VEHICLE 1 STRUCK THE DRIVER SIDE OF VEHICLE 2 CAUSING BOTH VEHICLES TO TRAVEL OFF THE LEFT SIDE OF THE ROADWAY AND DOWN AN EMBANKMENT. BOTH VEHICLES CAME TO REST ON THEIR WHEELS FACING WEST. ASSISTED BY SGT. T.L. WILLIAMS (1234), CPL .R.P. DUDECK (516), TPR. A. PIERSON (1235), TPR L.T. MCDANIEL (630) AND TPR. R.A. ALLEE (465)."
1301149,3190018016,Missouri State Highway Patrol-Troop C,1562544000000,190392609,1,0,1,0,Personal Injury,ST. CHARLES,COTTLEVILLE,C,1,1,0,7920,1.5,A ,W ,MO 364,CST MID RIVERS MALL DRIVE,Daylight,Fixed Object,2,,Mon     ,0,0,0,0,1,0,0,1,1,0,0,0,0,0,0,1,0,0,0,0,0,1,0,0,0,38.73217,-90.66023,0,07/08/2019,15:55:00,DRIVER 1 FAILED TO NEGOTIATE A TURN AND DROVE OFF THE LEFT SIDE OF THE ROADWAY. VEHICLE 1 STRUCK A DITCH.
1145142,3190017917,Missouri State Highway Patrol-Troop E,1562544000000,190392723,1,0,0,1,Personal Injury,NEW MADRID,NON-CITY OR UNINCORPORATED,E,2,2,0,2312,0.44,B ,N,RT B,CRD 352,Daylight,Motor Vehicle in Transport,1,61,Mon     ,0,0,0,0,1,0,0,0,0,0,0,0,0,0,0,1,0,0,0,0,1,0,0,1,0,36.47475,-89.81757,0,07/08/2019,16:43:00,"CRASH OCCURRED AS VEHICLE ONE WAS OVERTAKING A VEHICLE, STRUCK VEHICLE TWO IN THE REAR, CAUSING IT TO OVERTURN"
918335,3190018035,Missouri State Highway Patrol-Troop D,1562544000000,190392970,1,0,1,0,Personal Injury,JASPER,NON-CITY OR UNINCORPORATED,D,1,1,0,180,0.03,,,PP 20950 JULIP LANE,SOUTH OF JULIP LANE,Daylight,Fixed Object,2,,Mon     ,0,0,0,0,0,0,0,0,0,0,0,0,0,0,0,0,0,0,1,0,0,0,1,0,0,37.18524,-94.43726,0,07/08/2019,18:15:00,OCCURRED AS VEHICLE EXPERIENCED AN EQUIPMENT FAILURE AND EJECTED DRIVER 1.
1217437,3190018073,Missouri State Highway Patrol-Troop C,1562544000000,190393140,1,0,0,1,Personal Injury,FRANKLIN,NON-CITY OR UNINCORPORATED,C,2,2,0,462,0.09,B ,E ,RT ZZ,CRD KAMPER RD,Daylight,Motor Vehicle in Transport,1,62,Mon     ,0,0,0,0,1,0,0,1,0,0,0,0,0,0,0,1,0,0,0,0,1,0,0,1,0,38.46192,-91.33452,0,07/08/2019,20:00:00,VEHICLE 1 WAS TRAVELING WEST ON ROUTE ZZ. VEHICLE 2 WAS TRAVELING EAST ON ROUTE ZZ. VEHICLE 1 CROSSED THE CENTER LINE AND THE FRONT LEFT OF VEHICLE 1 STRUCK THE FRONT LEFT OF VEHICLE 2. VEHICLE 1 EXITED THE ROADWAY TO THE RIGHT AND STRUCK SEVERAL TREES.
1510594,3190018129,Missouri State Highway Patrol-Troop H,1562544000000,190393249,3,0,3,0,Personal Injury,HARRISON,NON-CITY OR UNINCORPORATED,H,1,1,Y,353,0.07,A ,N,CRD E 310 AVE,CRD E 222 ST,Dark-Unlighted,Fixed Object,2,,Mon     ,0,0,0,0,1,1,1,0,0,0,0,0,0,0,0,1,0,0,0,0,0,0,0,0,0,40.39187,-93.84025,0,07/08/2019,21:10:00,CRASH OCCURRED AS VEHICLE 1 WAS SOUTHBOUND ON 310TH AVE NORTH OF 222ND ST. VEHICLE 1 TRAVELED OFF THE EAST SIDE OF THE ROADWAY CAUSING DRIVER 1 TO OVERCORRECT. VEHICLE 1 SKIDDED BACK ONTO THE ROADWAY AND THEN TRAVELED OFF THE WEST SIDE OF THE ROADWAY WHERE IT STRUCK AN EMBANKMENT. VEHICLE 1 CAME TO REST OFF THE WEST SIDE OF THE ROADWAY WITH ITS BUMPERS RESTING ON THE EMBANKMENTS ABOVE A RAVINE FACING SOUTHWEST. ASSISTED BY NORTH HARRISON FIRE DISTRICT AND NORTH HARRISON EMS.
1187140,3190018504,Missouri State Highway Patrol-Troop B,1562544000000,190393270,1,0,1,0,Personal Injury,MARION,NON-CITY OR UNINCORPORATED,B,1,1,0,3695,0.7,A ,N,US 61,CRD 341,Dark-Unlighted,Animal,1,,Mon     ,0,0,0,0,0,0,0,1,1,0,0,0,0,0,0,0,0,0,0,0,0,0,0,0,0,39.83276,-91.51743,0,07/08/2019,21:35:00,VEHICLE 1 STRUCK A DEER IN THE ROADWAY.
995857,3190017633,Missouri State Highway Patrol-Troop D,1562544000000,190393291,1,0,1,0,Personal Injury,STONE,NON-CITY OR UNINCORPORATED,D,1,1,0,2640,0.5,A ,N,RT AA,CRD WHEELER BRANCH RD,Dark-Unlighted,Fixed Object,2,,Mon     ,0,0,0,0,0,0,1,0,0,0,0,0,0,0,0,1,0,0,0,0,1,0,0,1,0,36.84856,-93.46488,0,07/08/2019,21:46:00,"NR1 RAN OFF THE ROADWAY, STRUCK A TREE AND OVERTURNED DOWN AN EMBANKMENT"
1192967,3190018497,Missouri State Highway Patrol-Troop B,1562544000000,190393353,3,0,0,3,Personal Injury,RALLS,NON-CITY OR UNINCORPORATED,B,1,1,0,1541,0.29,A ,N,US 61,CRD CHOCTAW TRL,Dark-Unlighted,Fixed Object,2,,Mon     ,0,0,0,0,0,0,0,0,0,0,0,0,0,0,0,0,0,0,0,0,0,0,0,0,0,39.61792,-91.40964,0,07/08/2019,22:39:00,"VEHICLE 1 TRAVELED OFF THE LEFT SIDE OF THE ROAD AND DRIVER OVER CORRECTED, VEHICLE 1 STRUCK A GUARD RAIL AND CAME TO REST IN THE MEDIAN."
1040637,3190018034,Missouri State Highway Patrol-Troop I,1562544000000,190393381,1,0,1,0,Personal Injury,CRAWFORD,NON-CITY OR UNINCORPORATED,I,1,1,0,5280,1,A ,S ,RT FF,CRD FARRIS ROAD,Dark-Unlighted,Overturn,2,,Mon     ,0,0,0,0,1,0,1,0,0,0,0,0,0,0,0,1,0,0,0,0,1,0,0,0,1,38.15286,-91.17773,0,07/08/2019,23:00:00,CRASH OCCURRED AS VEHICLE 1 TRAVELED OFF THE RIGHT SIDE OF THE ROADWAY AND OVERTURNED
963861,3190017702,Missouri State Highway Patrol-Troop D,1562630400000,190393478,1,0,1,0,Personal Injury,BARTON,NON-CITY OR UNINCORPORATED,D,1,1,0,834,0.16,B ,W ,CRD SW 20TH RD,CRD SW STATE LINE RD,Dark-Unlighted,Fixed Object,2,,Tue     ,0,0,0,0,1,1,1,0,0,0,0,0,0,0,0,1,0,0,0,0,0,0,0,0,0,37.48504,-94.61446,0,07/09/2019,02:10:00,"NR1 FAILED TO NEGOTIATE A CURVE, SLID OFF THE ROADWAY AND STRUCK THE DITCH EMBANKMENT AND OVERTURNED."
1217439,3190018072,Missouri State Highway Patrol-Troop C,1562630400000,190393493,1,0,0,1,Personal Injury,FRANKLIN,NON-CITY OR UNINCORPORATED,C,1,1,0,31,0.01,A ,E ,IS 44,ERM EAST IS 44 MILE 2280,Dark-Unlighted,Fixed Object,2,,Tue     ,0,0,0,0,0,1,1,0,0,0,0,0,0,0,0,0,0,0,0,0,0,0,0,0,0,38.24835,-91.13572,0,07/09/2019,05:15:00,"VEHICLE 1 TRAVELED OFF OF THE RIGHT SIDE OF THE ROADWAY,  OVER THE GUARDRAIL AND LANDED IN A CREEK."
1212210,3190018411,Missouri State Highway Patrol-Troop C,1562630400000,190393530,1,0,1,0,Personal Injury,WASHINGTON,NON-CITY OR UNINCORPORATED,C,1,1,0,1056,0.2,B ,S ,CRD STONEY POINT RD 428,MO 8,Daylight,Fixed Object,2,,Tue     ,0,0,0,0,0,0,0,0,0,0,0,0,0,0,0,0,0,0,0,0,1,0,0,1,0,37.87832,-90.65743,0,07/09/2019,06:24:00,DRIVER 1 SWERVED TO MISS A DEER. VEHICLE 1 TRAVELED OFF THE RIGHT SIDE OF THE ROADWAY AND STRUCK A BRIDGE.
784050,3190020281,Missouri State Highway Patrol-Troop A,1562630400000,190393636,1,0,0,1,Personal Injury,CLAY,KANSAS CITY,A,1,1,0,159,0.03,B ,S ,RP 5520,IS 29,Daylight,Overturn,1,,Tue     ,0,0,0,0,1,0,0,0,0,0,0,0,0,0,0,1,0,0,0,0,0,0,0,0,1,39.17928,-94.5786,0,07/09/2019,07:27:00,CRASH OCCURRED AS VEHICLE 1 WAS TRAVELING ON RAMP TOO FAST FOR CONDITIONS AND OVERTURNED ON THE DRIVER'S SIDE. VEHICLE 1 THEN CAME TO REST OFF THE ROADWAY.
1064006,3190017825,Missouri State Highway Patrol-Troop I,1562630400000,190394178,1,0,1,0,Personal Injury,DENT,NON-CITY OR UNINCORPORATED,I,1,1,0,1056,0.2,B ,E ,MO 32,CRD 4350,Daylight,Overturn,2,,Tue     ,0,0,0,0,0,0,0,0,0,0,0,0,0,0,1,1,0,0,0,0,0,0,0,0,1,37.6229,-91.35004,0,07/09/2019,11:35:00,"VEHICLE TRAVELED OFF THE RIGHT SIDE OF THE ROADWAY AND OVERTURNED. ASSISTED BY MSGT K. D. WILMONT, (678), TPR T. D. STEWART, (795), SGT J. L. KEATHLEY, (838), AND MSGT R. A. COPELAND, (308), DENT COUNTY FIRE DEPARTMENT, SHERIFF'S OFFICE DENT COUNTY, AND MISSOURI DEPARTMENT OF TRANSPORTATION."
995825,3190018210,Missouri State Highway Patrol-Troop D,1562630400000,190394319,1,0,0,1,Personal Injury,STONE,NON-CITY OR UNINCORPORATED,D,1,1,Y,638,0.12,A ,W ,RT H,CRD DOGWOOD VILLAGE LN EJ,Daylight,Overturn,1,,Tue     ,0,0,0,0,1,0,1,0,0,0,0,0,0,0,0,1,0,0,0,0,0,1,0,0,0,36.57353,-93.45326,0,07/09/2019,12:35:00,OCCURRED AS DRIVER 1 LOST CONTROL OF THE VEHICLE AND IT OVERTURNED. THE DRIVER WAS EJECTED FROM THE VEHICLE.
1330016,3190018136,Missouri State Highway Patrol-Troop G,1562630400000,190394362,2,0,2,0,Personal Injury,HOWELL,NON-CITY OR UNINCORPORATED,G,2,2,0,189,0.04,A ,E ,US 60,CRD 2950,Daylight,Motor Vehicle in Transport,1,61,Tue     ,0,0,0,0,0,1,1,1,1,0,0,0,0,0,0,1,0,0,0,0,1,0,0,1,0,36.99173,-91.7641,0,07/09/2019,13:00:00,ACCIDENT OCCURRED AS VEHICLE #1 STRUCK VEHICLE #2  IN THE REAR.  ASSISTED BY CPL S J CREWSE (424) AND TPR M J CHASTAIN (512)
1301383,3190021216,Missouri State Highway Patrol-Troop C,1562630400000,190394391,1,0,1,0,Personal Injury,ST. CHARLES,NON-CITY OR UNINCORPORATED,C,2,2,0,0,0,AT,S ,US 61,CRD MCHUGH RD,Daylight,Motor Vehicle in Transport,1,64,Tue     ,0,0,0,0,0,0,1,0,0,0,0,0,1,0,0,1,0,0,0,0,1,0,0,1,0,38.86311,-90.88171,0,07/09/2019,13:10:00,VEHICLE 2 WAS ATTEMPTING TO CROSS THE SOUTHBOUND LANES OF US-61. THE FRONT OF VEHICLE 1 STRUCK THE PASSENGER SIDE OF VEHICLE 2.
1217393,3190018005,Missouri State Highway Patrol-Troop C,1562630400000,190394826,1,0,0,1,Personal Injury,FRANKLIN,NON-CITY OR UNINCORPORATED,C,2,2,0,512,0.1,A ,S ,RT HH,CRD HENDRICKS RD,Daylight,Motor Vehicle in Transport,1,60,Tue     ,0,0,0,0,0,0,0,1,1,0,0,0,0,0,0,1,0,0,0,0,1,0,0,1,0,38.32983,-90.78441,0,07/09/2019,16:50:00,VEHICLE 1 CROSSED THE CENTER LINE AND STRUCK VEHICLE 2 HEAD ON.
1226124,3190021543,Missouri State Highway Patrol-Troop C,1562630400000,190394876,1,0,1,0,Personal Injury,JEFFERSON,NON-CITY OR UNINCORPORATED,C,1,1,0,300,0.06,B ,S ,CRD OLD SUGAR CREEK RD,PVT BALI HAI DR,Daylight,Fixed Object,2,,Tue     ,0,0,0,0,1,0,0,0,0,0,0,0,0,0,0,1,0,0,0,0,0,0,0,0,0,38.45536,-90.48896,0,07/09/2019,17:08:00,VEHICLE #1 TRAVELING SOUTHBOUND HUNNING RD. VEHICLE #2 TRAVELING NORTHBOUND HUNNING RD TRAVELED IN THE SOUTHBOUND LANES. VEHICLE #1 VEERED TO THE RIGHT TO AVOID VEHICLE #2 AND TRAVELED OFF THE RIGHT SIDE OF ROAD STRUCK A ROAD SIGN AND A TREE.
1188654,3190017894,Missouri State Highway Patrol-Troop F,1562630400000,190394957,3,0,2,1,Personal Injury,CALLAWAY,KINGDOM CITY,F,2,2,0,0,0,AT,W ,US 54,RT FF,Daylight,Motor Vehicle in Transport,1,64,Tue     ,0,0,0,0,0,0,0,0,0,1,0,0,0,0,0,1,0,0,0,0,1,0,0,1,0,38.94916,-91.9407,0,07/09/2019,17:42:00,CRASH OCCURRED AS VEHICLE 1 RAN A RED LIGHT AND STRUCK THE PASSENGER SIDE OF VEHICLE 2. ASSISTED BY SGT. J. L. ARNOLD (351).
1226128,3190018631,Missouri State Highway Patrol-Troop C,1562630400000,190395159,1,0,1,0,Personal Injury,JEFFERSON,NON-CITY OR UNINCORPORATED,C,1,1,0,168,0.03,B ,W ,MO 30,PVT CANDELA RD,Daylight,Fixed Object,2,,Tue     ,0,0,0,0,0,0,0,0,0,0,0,0,0,0,0,0,0,0,0,0,0,0,0,0,0,38.33457,-90.66461,0,07/09/2019,19:45:00,VEHICLE 1 WAS TRAVELING WESTBOUND ON HIGHWAY 30. VEHICLE 1 LOST CONTROL AND TRAVELED OFF THE LEFT SIDE OF THE ROADWAY. ASSISTED BY TPR. M. T. MCCOY  (878)
1212207,3190018493,Missouri State Highway Patrol-Troop C,1562630400000,190395192,1,0,1,0,Personal Injury,WASHINGTON,NON-CITY OR UNINCORPORATED,C,1,1,0,591,0.11,A ,S ,MO 185,CRD SPARKS SUB RD NJ,Daylight,Fixed Object,2,,Tue     ,0,0,0,0,0,1,1,0,0,0,0,0,0,0,0,0,0,0,0,0,0,0,0,0,0,38.02821,-90.89985,0,07/09/2019,20:12:00,DRIVER 1 SWERVED TO AVOID AN ANIMAL IN THE ROADWAY.   VEHICLE 1 THENTRAVELED OFF THE LEFT SIDE OF THE ROADWAY AND OVERTURNED.
1145140,3190017816,Missouri State Highway Patrol-Troop E,1562630400000,190395305,2,0,2,0,Personal Injury,NEW MADRID,NON-CITY OR UNINCORPORATED,E,1,1,0,3168,0.6,B ,E ,RT M,MO 162,Dark-Unlighted,Overturn,2,,Tue     ,0,0,0,0,0,1,1,0,0,0,0,0,0,0,0,1,0,0,0,0,0,0,0,0,0,36.43341,-89.56552,0,07/09/2019,21:25:00,VEH1 RAN OFF THE ROADWAY AND OVERTURNED.
1205236,3190018118,Missouri State Highway Patrol-Troop F,1562630400000,190395341,1,0,1,0,Personal Injury,COOPER,NON-CITY OR UNINCORPORATED,F,1,1,0,1974,0.37,B ,N,RT M,BRIDGE R0590,Dark-Unlighted,Overturn,2,,Tue     ,0,0,0,0,0,1,1,0,0,0,0,0,0,0,0,0,0,0,0,0,1,0,0,1,0,38.90344,-92.91589,0,07/09/2019,21:30:00,"CRASH OCCURRED AS VEHICLE 1 SWERVED TO AVOID A DEER THAT WAS IN THE ROADWAY. VEHICLE 1 TRAVELED OFF THE RIGHT SIDE OF THE ROADWAY, OVERCORRECTED, RETURNED TO THE ROADWAY, RAN OFF THE LEFT SIDE OF THE HIGHWAY AND OVERTURNED."
1167444,3190018284,Missouri State Highway Patrol-Troop F,1562630400000,190395392,1,0,1,0,Personal Injury,MILLER,NON-CITY OR UNINCORPORATED,F,1,1,0,364,0.07,B ,W ,MO 52,CRD BROWN ROAD,Dark-Unlighted,Animal,1,,Tue     ,0,0,0,0,0,0,0,0,0,0,0,0,0,0,0,0,0,0,0,0,0,0,0,0,0,38.2591,-92.51946,0,07/09/2019,22:35:00,CRASH OCCURRED AS VEHICLE 1 WAS TRAVELING WESTBOUND ON HIGHWAY 52 WHEN A DEER RAN OUT AND VEHICLE 1 STRUCK THE DEER. ASSISTED BY TPR. M. R. LAWSON (831)
803519,3190018377,Missouri State Highway Patrol-Troop A,1562630400000,190395396,1,0,0,1,Personal Injury,JOHNSON,NON-CITY OR UNINCORPORATED,A,1,1,0,818,0.15,A ,W ,US 50,CO US50E TO US50W,Dark-Unlighted,Fixed Object,2,,Tue     ,0,0,0,0,0,1,1,0,0,0,0,0,0,0,0,1,0,0,0,0,0,0,0,0,0,38.77845,-93.83333,0,07/09/2019,22:40:00,"OCCURRED AS VEH1 TRAVELED OFF ROADWAY, OVERCORRECTED AND RETURNED TO ROADWAY. VEH1 THEN STRUCK GUARDRAIL AND OVERTURNED, COMING TO REST ON ITS TOP. ASSISTED BY MSGT M P FENNEWALD /395/, TPR W T SMITH /1461/, AND TPR W M GRAHAM /620/"
1132157,3190017760,Missouri State Highway Patrol-Troop E,1562716800000,190395607,1,0,1,0,Personal Injury,BUTLER,NON-CITY OR UNINCORPORATED,E,1,1,0,923,0.17,A ,S ,RT T,RT KK,Daylight,Fixed Object,2,,Wed     ,0,0,0,0,0,0,0,1,0,0,0,0,0,0,0,0,0,0,0,0,1,0,0,1,0,36.90006,-90.31452,0,07/10/2019,06:20:00,VEHICLE 1 RAN OFF RIGHT SIDE OF ROAD STRUCK DITCH DRIVER WAS EJECTED
851876,3190020096,Missouri State Highway Patrol-Troop A,1562716800000,190395712,1,0,1,0,Personal Injury,CLAY,RANDOLPH,A,3,3,0,150,0.03,A ,S ,IS 435,RP 5413,Daylight,Motor Vehicle in Transport,1,61,Wed     ,0,0,0,0,0,0,1,0,0,0,0,0,0,1,0,1,0,0,0,0,0,0,0,0,0,39.1568,-94.49807,0,07/10/2019,07:55:00,CRASH OCCURRED AS ALL 7 VEHICLES WERE SOUTHBOUND ON I 435. VEH 6 WAS STOPPED DUE TO TRAFFIC CONGESTION.  VEH 1 OVERTOOK AND STRUCK VEH 6. VEH 2 OVERTOOK AND STRUCK THE REAR OF VEH 1.  VEH 3 OVERTOOK AND STRUCK THE REAR OF VEH 4.  VEH 7 OVERTOOK AND STRUCK VEH 5. VEH 7 THEN FLED THE SCENE.  ASSISTED BY SGT B A KUMPF /994/.
893844,3190018433,Missouri State Highway Patrol-Troop D,1562716800000,190395831,1,0,1,0,Personal Injury,LAWRENCE,NON-CITY OR UNINCORPORATED,D,1,1,0,84,0.02,A ,E ,IS 44,ERM EAST IS 44 MILE 426,Daylight,Fixed Object,2,,Wed     ,0,0,0,0,0,0,0,1,1,0,0,0,0,0,0,0,0,0,0,0,0,0,0,0,0,37.07838,-93.87698,0,07/10/2019,08:35:00,"OCCURRED AS #1 RAN OFF THE ROADWAY, STRUCK A FENCE, AND A TREE."
887986,3190018784,Missouri State Highway Patrol-Troop A,1562716800000,190395867,1,0,1,0,Personal Injury,RAY,NON-CITY OR UNINCORPORATED,A,2,2,0,70,0.01,B ,S ,MO 13,CRD E 116TH ST,Daylight,Motor Vehicle in Transport,1,61,Wed     ,0,0,0,0,0,1,1,0,0,0,0,0,0,0,0,1,0,0,0,0,0,0,0,0,0,39.29979,-93.97401,0,07/10/2019,08:40:00,BOTH VEHICLES WERE SOUTHBOUND ON MISSOURI 13. VEHICLE #2 WAS STOPPING FOR TRAFFIC ATTEMPTING A LEFT TURN. VEHICLE #1 IMPACTED WITH THE REAR OF VEHICLE #2. VEHICLE #1 CAME TO REST ON THE SHOULDER OF MISSOURI 13. VEHICLE #2 TRAVELED OFF THE RIGHT SIDE OF MISSOURI 13 INTO A GRASSY AREA OFF THE SIDE OF THE ROAD.
835328,3190018783,Missouri State Highway Patrol-Troop A,1562716800000,190395869,1,0,1,0,Personal Injury,CARROLL,NON-CITY OR UNINCORPORATED,A,2,2,0,3695,0.7,B ,W ,RT M,CRD 305,Daylight,Motor Vehicle in Transport,1,61,Wed     ,0,0,0,0,0,0,0,1,1,0,0,0,0,0,0,1,0,0,0,0,0,0,0,0,0,39.48552,-93.44449,0,07/10/2019,08:45:00,BOTH VEHICLES WERE WESTBOUND ON ROUTE M. VEHICLE #2 WAS A SLOW MOVING TRACTOR WITH AN IMPLEMENT. VEHICLE #1 IMPACTED WITH THE IMPLEMENT ON VEHICLE #2. BOTH VEHICLES CAME TO REST IN THE WESTBOUND LANE.
1147902,3190018047,Missouri State Highway Patrol-Troop E,1562716800000,190395885,1,0,1,0,Personal Injury,STODDARD,NON-CITY OR UNINCORPORATED,E,2,2,0,0,0,AT,S ,MO 25,CRD 270,Daylight,Motor Vehicle in Transport,1,61,Wed     ,0,0,0,0,0,0,0,1,0,0,0,0,0,0,0,1,0,0,0,0,0,0,0,0,0,36.93247,-89.9166,0,07/10/2019,08:55:00,CRASH OCCURRED AS VEHICLE 2 WAS STOPPED TO MAKE A LEFT HAND TURN AND WAS STRUCK IN THE REAR BY VEHICLE 1.  DAMAGE TO STATE PROPERTY - HWY 25 ROAD MARKER SIGN.
1182839,3190018223,Missouri State Highway Patrol-Troop B,1562716800000,190396209,3,0,2,1,Personal Injury,RANDOLPH,NON-CITY OR UNINCORPORATED,B,2,2,0,3168,0.6,A ,S ,US 63,BU 63 SJ,Daylight,Motor Vehicle in Transport,1,64,Wed     ,0,0,0,0,0,0,0,1,1,0,0,0,0,0,0,1,0,0,0,0,1,0,0,1,0,39.33444,-92.38633,0,07/10/2019,11:20:00,"VEHICLE 1 CROSSED THE MEDIAN, COLLIDED WITH VEHICLE 2, CROSSED THE MEDIAN, TRAVELED OFF THE RIGHT SIDE OF THE ROADWAY, AND OVERTURNED.  ASSISTED BY MSGT. MATTINGLY #587, CPL. QUINN #937, RANDOLPH COUNTY SHERIFF'S OFFICE, RANDOLPH COUNTY AMBULANCE, AND EASTERN RANDOLPH COUNTY FIRE DEPARTMENT."
1121072,3190018391,Missouri State Highway Patrol-Troop E,1562716800000,190396283,1,0,1,0,Personal Injury,IRON,NON-CITY OR UNINCORPORATED,E,1,1,0,3695,0.7,B ,S ,MO 21,CRD 118,Daylight,Overturn,2,,Wed     ,0,0,0,0,0,0,0,0,0,0,0,0,0,0,0,0,0,0,0,0,0,0,0,0,0,37.48922,-90.7158,0,07/10/2019,12:15:00,CRASH OCCURRED AS VEHICLE 1 RAN OFF ROADWAY AND OVERTURNED
1222321,3190020587,Missouri State Highway Patrol-Troop C,1562716800000,190396306,1,0,1,0,Personal Injury,ST. LOUIS,NON-CITY OR UNINCORPORATED,C,1,1,0,316,0.06,B ,N,IS 55,ERM NORTH IS 55 MILE 1950,Daylight,Fixed Object,2,,Wed     ,0,0,0,0,0,0,0,1,0,0,0,0,0,0,0,0,0,0,0,0,0,0,0,0,0,38.48132,-90.35898,0,07/10/2019,10:50:00,"VEHICLE 1 TRAVELED OFF THE RIGHT SIDE OF THE ROADWAY, STRUCK TWO SIGNS, RETURNED TO THE ROAD, AND STOPPED ON THE RIGHT SHOULDER."
957978,3190020234,Missouri State Highway Patrol-Troop D,1562716800000,190396364,0,1,0,0,Fatal,TANEY,NON-CITY OR UNINCORPORATED,D,2,2,0,110,0.02,B ,W ,MO 76,RT K,Daylight,Motor Vehicle in Transport,1,64,Wed     ,0,0,0,0,1,0,0,1,0,0,0,0,0,0,0,1,0,0,0,0,1,0,0,1,1,36.62541,-93.13962,1,07/10/2019,12:50:00,"FATALITY ACCIDENT. THIS IS TROOP D'S 48TH FATALITY FOR 2019. NEXT OF KIN HAS BEEN NOTIFIED. OCCURRED AS VEH1 CROSSED CENTER LINE INTO THE PATH OF VEH2. VEH2 THEN RAN OFF THE ROADWAY AND OVERTURNED. DRIVER 1 WAS PRONOUNCED ON SCENE AT 1340 HOURS  BY TANEY COUNTY DEPUTY CORONER BRYAN KOPPITZ.  AS REQUIRED BY LAW, THE SURVIVING DRIVER WAS TESTED FOR ALCOHOL.  ASSISTED BY CRASH TEAM SGT S.R. RICHARDSON #753."
1212208,3190018409,Missouri State Highway Patrol-Troop C,1562716800000,190396438,1,0,1,0,Personal Injury,WASHINGTON,NON-CITY OR UNINCORPORATED,C,2,2,Y,3695,0.7,B ,E ,MO 8,CRD OLD HWY 8 EJ,Daylight,Motor Vehicle in Transport,1,61,Wed     ,0,0,0,0,0,0,0,0,0,0,0,0,0,0,0,1,0,0,0,0,0,0,0,0,0,37.88453,-90.66852,0,07/10/2019,13:23:00,VEHICLE 1 WAS TRAVELING BEHIND VEHICLE 2 . DRIVER 1 FAILED TO SEE VEHICLE 2 SLOWING AND STRUCK THE REAR OF VEHICLE 2.