objectid,accident,agency,inv_date,complaint,injured,killed,min_inj,dis_inj,severity,county,city,troop,no_vehicle,motor_veh,left_scene,dist_feet,dist_mile,inter_loc,direction,on_street,at_street,light_cond,acc_type,on_off_rd,two_veh,day_week,dr_drink,dr_drug,ped_drink,ped_drug,speed,dr_under21,dr_under25,dr_over55,dr_over64,electrical,emer_veh,stop_sign,yield_sign,czone,hazmat,aggressive,cell_phone,texting,veh_defect,school_bus,truck,motorcycle,atv,pickup,cmv,gps_lat,gps_long,severity_fatal,acc_date,acc_time,narrative
1011275,3190018531,Missouri State Highway Patrol-Troop D,1562716800000,190396560,1,0,1,0,Personal Injury,WEBSTER,NON-CITY OR UNINCORPORATED,D,1,1,0,1964,0.37,A ,E ,RT U,RT KK,Daylight,Fixed Object,2,,Wed     ,0,0,0,0,1,1,1,0,0,0,0,0,0,0,0,1,0,0,0,0,0,0,0,0,0,37.08749,-92.97604,0,07/10/2019,14:20:00,"VEHICLE #1 FAILED TO NEGOTIATE A CURVE, TRAVELED OFF THE LEFT SIDE OF THE ROADWAY, STRUCK A DITCH AND OVERTURNED INTO A FENCE."
1226096,3190019188,Missouri State Highway Patrol-Troop C,1562716800000,190396618,1,0,1,0,Personal Injury,JEFFERSON,NON-CITY OR UNINCORPORATED,C,1,1,0,0,0,AT,N,US 67,CRD VICTORIA RD,Daylight,Fixed Object,2,,Wed     ,0,0,0,0,0,1,1,0,0,0,0,0,0,0,0,1,0,0,0,0,0,0,0,0,0,38.16343,-90.45513,0,07/10/2019,14:55:00,"VEHICLE 1 WAS TRAVELING NORTH ON US 67. VEHICLE 1 TRAVELED OFF THE LEFT SIDE OF THE ROADWAY, CROSSED SOUTHBOUND US 67 AND STRUCK A FENCE. VEHICLE 1 CONTINUED NORTH AND STRUCK A PARKED TRAILER."
969151,3190020457,Missouri State Highway Patrol-Troop D,1562716800000,190396643,0,1,0,0,Fatal,BARRY,NON-CITY OR UNINCORPORATED,D,2,2,0,670,0.13,A ,W ,MO 86,CRD 1218,Daylight,Motor Vehicle in Transport,1,64,Wed     ,0,0,0,0,1,0,1,0,0,0,0,0,0,0,0,1,0,0,0,0,0,0,1,0,0,36.50708,-93.67994,1,07/10/2019,15:00:00,"FATALITY CRASH. THIS IS THE 49TH FATALITY CRASH FOR TROOP D IN THE YEAR 2019. NEXT OF KIN NOTIFIED. VEHICLE 1 WAS EASTBOUND ON MO 86 AND ATTEMPTED TO TURN.  VEHICLE 2 WAS WESTBOUND AND STRUCK THE FRONT OF VEHICLE 1, EJECTING THE DRIVER OF VEHICLE 2.  DRIVER 2 WAS PRONOUNCED AT THE SCENE BY DEP CORONER GARY SWEARINGEN AT 1540. AS REQUIRED BY STATE LAW, THE SURVIVING DRIVER WAS TESTED FOR ALCOHOL."
957974,3190018591,Missouri State Highway Patrol-Troop D,1562716800000,190396647,1,0,0,1,Personal Injury,TANEY,NON-CITY OR UNINCORPORATED,D,2,2,0,110,0.02,B ,E ,US 160,MO 176 EJ,Daylight,Motor Vehicle in Transport,1,64,Wed     ,0,0,0,0,0,1,1,1,0,0,0,0,0,0,0,1,0,0,0,0,0,0,0,0,0,36.7161,-93.12556,0,07/10/2019,15:02:00,VEHICLE 1 CROSSED THE CENTER OF THE ROADWAY AND STRUCK VEHICLE 2 HEAD ON.
1183564,3190018434,Missouri State Highway Patrol-Troop F,1562716800000,190396742,2,0,0,2,Personal Injury,AUDRAIN,NON-CITY OR UNINCORPORATED,F,2,2,0,0,0,AT,E ,CRD 924,CRD 989,Daylight,Motor Vehicle in Transport,1,64,Wed     ,0,0,0,0,0,1,1,0,0,0,0,0,0,0,0,1,0,0,0,0,1,0,0,1,0,39.16672,-92.08776,0,07/10/2019,15:48:00,NORTHBOUND VEHICLE #1 STRUCK THE PASSENGER SIDE OF EASTBOUND VEHICLE #2 AT A 4-WAY INTERSECTION. BOTH VEHICLES TRAVELED OFF THE ROAD AND CAME TO REST IN THE DITCH NORTH-EAST OF THE INTERSECTION.
948253,3190018257,Missouri State Highway Patrol-Troop D,1562716800000,190396802,1,0,1,0,Personal Injury,POLK,ALDRICH,D,2,2,0,0,0,AT,S ,MO 123,CST TENNESSEE ST,Daylight,Motor Vehicle in Transport,1,64,Wed     ,0,0,0,0,0,1,1,1,0,0,0,1,0,0,0,1,0,0,0,0,1,0,0,1,1,37.54686,-93.54781,0,07/10/2019,16:25:00,"CRASH OCCURRED AS VEHICLE 2 WAS TRAVELING NORTHBOUND ON MO 123, VEHICLE 1 WAS TRAVELING WESTBOUND ON RTE T AND  TRAVELED INTO THE PATH OF VEHICLE 2 WHILE CROSSING MO 123 AT RTE T."
1132155,3190018000,Missouri State Highway Patrol-Troop E,1562716800000,190396895,1,0,1,0,Personal Injury,BUTLER,NON-CITY OR UNINCORPORATED,E,1,1,0,190,0.04,A ,E ,RT W,CRD 526,Daylight,Fixed Object,2,,Wed     ,0,0,0,0,1,1,1,0,0,0,0,0,0,0,0,1,0,0,0,0,0,0,0,0,0,36.81569,-90.43651,0,07/10/2019,17:05:00,"CRASH OCCURRED AS VEHICLE ONE TRAVELED OFF THE ROADWAY,  STRIKING A MAILBOX AND A BUILDING."
1285516,3190019349,Missouri State Highway Patrol-Troop C,1562716800000,190396944,2,0,2,0,Personal Injury,ST. FRANCOIS,NON-CITY OR UNINCORPORATED,C,1,1,0,3168,0.6,A ,W ,CRD SILVER SPRINGS RD,PVT SILVER SPRINGS DR,Daylight,Fixed Object,2,,Wed     ,0,0,0,0,0,0,1,0,0,0,0,0,0,0,0,0,0,0,0,0,0,0,0,0,0,38.01364,-90.53538,0,07/10/2019,17:35:00,VEHICLE 1 TRAVELED OFF THE RIGHT SIDE OF THE ROADWAY AND STRUCK A TREE.
1196374,3190018688,Missouri State Highway Patrol-Troop F,1562716800000,190396960,0,1,0,0,Fatal,HOWARD,NON-CITY OR UNINCORPORATED,F,2,2,0,649,0.12,A ,S ,CRD 318,CRD 312,Daylight,Motor Vehicle in Transport,1,60,Wed     ,1,0,0,0,0,1,1,1,0,0,0,0,0,0,0,1,0,0,0,0,1,0,0,1,0,39.11364,-92.78539,1,07/10/2019,17:38:00,***FATALITY CRASH*** *** NEXT OF KIN NOTIFIED***  VEHICLE 1 WAS TRAVELING NORTHBOUND AND VEHICLE 2 WAS TRAVELING SOUTHBOUND. CRASH OCCURRED AS DRIVER 2 SWERVED VEHICLE 2 TO THE LEFT TO AVOID A COLLISION WITH VEHICLE 1 WHICH WAS TRAVELING IN THE MIDDLE OF THE ROAD. DRIVER 1 SWERVED VEHICLE 1 TO THE RIGHT.  VEHICLE 1 AND VEHICLE 2 HIT HEAD-ON. VEHICLE 2 RAN OFF THE LEFT SIDE OF THE ROADWAY AND CAME TO REST ON THE EMBANKMENT.  VEHICLE 1 CAME TO REST PARTIALLY OFF THE EAST SIDE OF THE ROADWAY.  NATION WAS PRONOUNCED DECEASED AT THE SCENE BY HOWARD COUNTY CORONER FRANK FLASPOHLER AT 6:48 PM.  ASSISTED BY HOWARD COUNTY SHERIFF'S DEPARTMENT.  THIS IS TROOP F'S 1ST FATALITY FOR JULY AND 32ND FOR 2019.
1301379,3190018244,Missouri State Highway Patrol-Troop C,1562716800000,190397079,1,0,1,0,Personal Injury,ST. CHARLES,NON-CITY OR UNINCORPORATED,C,2,2,0,0,0,AT,N,RT W,CRD QUIET VILLAGE DR,Daylight,Motor Vehicle in Transport,1,64,Wed     ,0,0,0,0,0,0,0,0,0,0,0,0,0,0,0,1,0,0,0,0,1,0,0,1,1,38.86211,-90.92503,0,07/10/2019,18:55:00,VEHICLES 1 AND 2 WERE TRAVELING NORTH ON ROUTE W. VEHICLE 1 WAS TRAVELING BEHIND VEHICLE 2. VEHICLE 2 ATTEMPTED TO MAKE A LEFT TURN ONTO QUIET VILLAGE DRIVE. VEHICLE 1 ATTEMPTED TO PASS VEHICLE 2 IN THE ONCOMING LANE OF TRAFFIC. THE FRONT OF VEHICLE 1 STRUCK THE LEFT SIDE OF VEHICLE 2.
1217434,3190018258,Missouri State Highway Patrol-Troop C,1562716800000,190397282,1,0,1,0,Personal Injury,FRANKLIN,NON-CITY OR UNINCORPORATED,C,1,1,0,501,0.09,B ,N,CRD BASSETT WOODS DR,CST BASSETT RD NJ,Dark-Unlighted,Pedestrian,1,,Wed     ,0,0,0,0,0,0,0,0,0,0,0,0,0,0,0,0,0,0,0,0,0,0,1,0,0,38.55504,-90.739,0,07/10/2019,20:42:00,"VEHICLE 1 WAS STOPPED ON BASSETT WOODS DRIVE TALKING WITH PEDESTRIAN 1. UPON COMPLETION OF CONVERSATION, PEDESTRIAN 1 WALKED IN FRONT OF VEHICLE 1. DRIVER 1 DID NOT OBSERVE PEDESTRIAN 1. VEHICLE 1 STRUCK PEDESTRIAN 1."
1130637,3190017992,Missouri State Highway Patrol-Troop E,1562716800000,190397303,1,0,1,0,Personal Injury,CAPE GIRARDEAU,NON-CITY OR UNINCORPORATED,E,1,1,0,158,0.03,A ,N,MO 25,PVT CHINA BLUE,Dark-Unlighted,Animal,1,,Wed     ,0,0,0,0,0,0,0,1,0,0,0,0,0,0,0,0,0,0,0,0,0,0,0,0,0,37.3304,-89.66398,0,07/10/2019,20:54:00,CRASH OCCURRED AS VEHICLE ONE STRUCK AN ANIMAL IN THE ROADWAY.
1132156,3190018265,Missouri State Highway Patrol-Troop E,1562716800000,190397418,1,0,1,0,Personal Injury,BUTLER,NON-CITY OR UNINCORPORATED,E,2,2,0,300,0.06,A ,N,CRD ELAINE AVE,PVT CHELSEA LANE,Dark-Unlighted,Parked Motor Vehicle,2,64,Wed     ,1,0,0,0,0,0,0,0,0,0,0,0,0,0,0,0,0,0,0,0,0,0,0,0,0,36.79445,-90.41472,0,07/10/2019,22:25:00,CRASH OCCURRED AS VEHICLE 1 STRUCK PARKED VEHICLE 2 AND OVERTURNED.
1332776,3190019435,Missouri State Highway Patrol-Troop G,1562716800000,190397425,1,0,1,0,Personal Injury,CARTER,NON-CITY OR UNINCORPORATED,G,1,1,0,3168,0.6,B ,W ,US 60,CRD 256,Dark-Unlighted,Overturn,2,,Wed     ,0,0,0,0,0,0,0,1,0,0,0,0,0,0,0,0,0,0,0,0,0,0,0,0,1,36.92033,-90.73777,0,07/10/2019,22:30:00,"ACCIDENT OCCURRED AS VEHICLE #1 TRAVELED OFF THE RIGHT SHOULDER OF THE ROADWAY AND OVERTURNED.    ASSISTED BY THE CARTER COUNTY SHERIFF'S DEPARTEMENT, ELLSINORE POLICE DEPARTMENT AND THE ELLSINORE FIRE DEPARTMENT."
1233495,3190019084,Missouri State Highway Patrol-Troop C,1562716800000,190397438,1,1,0,1,Fatal,JEFFERSON,NON-CITY OR UNINCORPORATED,C,1,1,0,813,0.15,A ,S ,RT F,CRD LAKE TEKAWITHA RD SJ,Dark-Unlighted,Fixed Object,2,,Wed     ,0,0,0,0,1,0,1,0,0,0,0,0,0,0,0,1,0,0,0,0,0,0,0,0,0,38.43569,-90.70531,1,07/10/2019,22:45:00,"FATALITY REPORT- VEHICLE 1 WAS TRAVELING WESTBOUND ON ROUTE F. DRIVER 1 FAILED TO DRIVE ON THE RIGHT HALF OF THE ROADWAY AND WAS TRAVELING TOO FAST FOR THE CONDITIONS. VEHICLE 1 SLID OFF THE ROADWAY TO THE LEFT, STRUCK A METAL POST AND A TREE. PASSENGER PRONOUNCED AT 0207 HOURS ON 07112019 BY MERCY HOSPITAL ER DR MEGAN LITZAU. ASSISTED BY TPR B C BRIDGES (723) AND TPR M T MCCOY (878). CORRECTED REPORT"
1264959,3190018023,Missouri State Highway Patrol-Troop C,1562716800000,190397439,1,0,1,0,Personal Injury,ST. CHARLES,O'FALLON,C,1,1,0,174,0.03,A ,W ,IS 64,ERM WEST IS 64 MILE 68,Dark-Unlighted,Fixed Object,2,,Wed     ,0,0,0,0,0,0,0,0,0,0,0,0,0,0,0,1,0,0,0,0,0,0,0,0,0,38.74194,-90.74665,0,07/10/2019,22:16:00,VEHICLE 1 WAS WESTBOUND INTERSTATE 64 IN LANE 1.  DRIVER 1 SWERVED TO THE LEFT TO AVOID AN ACCIDENT AHEAD.  VEHICLE 1 TRAVELED OFF THE LEFT SIDE OF THE ROADWAY AND STRUCK A MEDIAN CABLE BARRIER.
1217433,3190018214,Missouri State Highway Patrol-Troop C,1562803200000,190397508,1,0,1,0,Personal Injury,FRANKLIN,NON-CITY OR UNINCORPORATED,C,1,1,Y,2640,0.5,A ,S ,MO 185,CRD NOSER MILL ROAD,Dark-Unlighted,Animal,1,,Wed     ,0,0,0,0,0,0,1,0,0,0,0,0,0,0,0,0,0,0,0,0,0,0,0,0,0,38.38216,-91.1926,0,07/10/2019,23:50:00,"DRIVER 1 STRUCK A DEER IN THE ROADWAY, SKIDDED OFF THE ROADWAY AND OVERTURNED."
1285517,3190023499,Missouri State Highway Patrol-Troop C,1562803200000,190397650,6,1,2,4,Fatal,ST. FRANCOIS,NON-CITY OR UNINCORPORATED,C,2,1,0,1584,0.3,A ,N,RT OO,BRIDGE H0488,Daylight,Animal Drawn Veh/Animal Ridden Trans,1,,Thu     ,0,0,0,0,1,1,1,0,0,0,0,0,0,0,0,1,0,0,0,0,1,0,0,1,0,37.69344,-90.2988,1,07/11/2019,06:45:00,"FATALITY REPORT - DRIVER #1 WAS INATTENTIVE TO THE ROADWAY AHEAD AND FAILED TO SEE VEHICLE #2. THE FRONT OF VEHICLE #1 STRUCK THE REAR OF VEHICLE #2, EJECTING ALL MEMBERS OF VEHICLE #2 FROM THE BUGGY. FATALITY WAS PRONOUNCED ON SCENE BY ST. FRANCOIS COUNTY CORONER JIM COPELAND AT 0645 HOURS ON 7-11-2019.  ASSISTED BY TPR. K. D. RONEY (1433)"
957972,3190017870,Missouri State Highway Patrol-Troop D,1562803200000,190397864,1,0,1,0,Personal Injury,TANEY,NON-CITY OR UNINCORPORATED,D,1,1,0,2212,0.42,B ,E ,US 160,CRD CATSKILL RD,Daylight,Fixed Object,2,,Thu     ,0,0,0,0,1,0,0,1,1,0,0,0,0,0,0,1,0,0,0,0,0,0,0,0,0,36.72543,-93.19597,0,07/11/2019,08:50:00,"ACCIDENT OCCURRED AS VEHICLE #1 RAN OFF THE RIGHT SIDE OF THE ROAD, STRUCK A SIGN AND THE DITCH AND THEN OVERTURNED."
1171034,3190018507,Missouri State Highway Patrol-Troop F,1562803200000,190398240,1,0,1,0,Personal Injury,MORGAN,NON-CITY OR UNINCORPORATED,F,1,1,0,2640,0.5,A ,E ,CRD PROCTOR RD,PVT CODY RD,Daylight,Fixed Object,2,,Thu     ,0,0,0,0,1,0,0,0,0,0,0,0,0,0,0,1,0,0,0,0,1,0,0,1,0,38.272,-92.95027,0,07/11/2019,11:40:00,CRASH OCCURRED AS VEHICLE 1 TRAVELED OFF THE LEFT SIDE OF THE ROAD AND STRUCK SEVERAL TREES.
1276991,3190019756,Missouri State Highway Patrol-Troop C,1562803200000,190398338,1,0,1,0,Personal Injury,ST. CHARLES,WELDON SPRING,C,2,2,0,47,0.01,B ,E ,MO 94,CST INDEPENDENCE RD,Daylight,Motor Vehicle in Transport,1,64,Thu     ,0,0,0,0,0,0,0,1,1,0,0,0,1,0,0,1,0,0,0,0,0,0,0,0,0,38.71936,-90.66959,0,07/11/2019,12:45:00,VEHICLE 1 FAILED TO YIELD TO TRAFFIC ON EASTBOUND MISSOURI 94. VEHICLE 1 TRAVELED SOUTH IN FRONT OF EASTBOUND 94 TRAFFIC. THE FRONT OF VEHICLE 2 STRUCK THE REAR PASSENGER SIDE OF VEHICLE 1. ASSISTED BY TPR. B.P. WAASO (1452)
1233496,3190018122,Missouri State Highway Patrol-Troop C,1562803200000,190398536,1,0,1,0,Personal Injury,JEFFERSON,NON-CITY OR UNINCORPORATED,C,1,1,0,1752,0.33,B ,S ,US 67,CRD MEYER RD,Daylight,Overturn,1,,Thu     ,0,0,0,0,0,0,0,1,0,0,0,0,0,0,0,0,0,0,0,0,0,1,0,0,0,38.17861,-90.44553,0,07/11/2019,14:10:00,VEHICLE 1 LOST CONTROL ON LOOSE GRAVEL AND OVERTURNED.
1332777,3190018573,Missouri State Highway Patrol-Troop G,1562803200000,190398549,1,0,1,0,Personal Injury,CARTER,NON-CITY OR UNINCORPORATED,G,2,2,0,10,0,B ,E ,US 60,RT ZZ WJ,Daylight,Motor Vehicle in Transport,1,64,Thu     ,0,0,0,0,0,0,0,1,0,0,0,0,0,0,0,1,0,0,0,0,1,0,0,1,1,36.97422,-90.86449,0,07/11/2019,14:30:00,OCCURRED AS VEHICLE #1 ATTEMPTED A U-TURN AND WAS STRUCK BY VEHICLE #2. ASSISTED BY CARTER COUNTY SHERIFF'S DEPARTMENT AND ELLSINORE FIRE DEPARTMENT
918367,3190018541,Missouri State Highway Patrol-Troop D,1562803200000,190398613,3,0,3,0,Personal Injury,JASPER,NON-CITY OR UNINCORPORATED,D,2,2,0,4,0,B ,E ,CRD IVY RD,MO 171,Daylight,Motor Vehicle in Transport,1,64,Thu     ,0,0,0,0,0,0,1,0,0,0,0,1,0,0,0,1,0,0,0,0,0,0,0,0,0,37.18717,-94.54719,0,07/11/2019,14:50:00,VEHICLE #1 FAILED TO YIELD AND WAS STRUCK BY VEHICLE #2.
803521,3190018986,Missouri State Highway Patrol-Troop A,1562803200000,190398719,1,0,0,1,Personal Injury,JOHNSON,NON-CITY OR UNINCORPORATED,A,2,2,0,3168,0.6,B ,E ,US 50,RT AA,Daylight,Parked Motor Vehicle,2,61,Thu     ,0,0,0,0,0,1,1,0,0,0,0,0,0,0,0,1,0,0,0,0,1,0,0,1,1,38.86895,-94.09937,0,07/11/2019,15:48:00,"CRASH OCCURRED AS VEHICLE2 WAS STATIONARY ON THE RIGHT SHOULDER AND VEHICLE1 WAS TRAVELING EASTBOUND ON US-50 IN THE RIGHT LANE. VEHICLE1 TRAVELED OFF THE RIGHT SIDE OF THE ROAD AND STRUCK THE REAR OF VEHICLE2. VEHICLE1 RETURNED TO THE ROAD AND CAME TO REST IN THE LEFT LANE OF US-50. ASSISTED BY TPR. D.W. SCHUBERT (1228), CPL. J.J. CRUMP (1361), TPR. W.M. GRAHAM (620), TPR. B.W. MONTGOMERY (1348), TPR. A.L. ROYSTER (941), TPR. Z.D. DAVIDSON (288), JOHNSON COUNTY SHERIFFS OFFICE, AND KINGSVILLE POLICE DEPARTMENT."
1285949,3190018492,Missouri State Highway Patrol-Troop C,1562803200000,190398720,5,0,5,0,Personal Injury,ST. FRANCOIS,DESLOGE,C,1,1,0,2640,0.5,B ,S ,CST EASTERN OUTER RD,CRD HALTER RD,Daylight,Fixed Object,2,,Thu     ,0,0,0,0,1,1,1,0,0,0,0,0,0,0,0,1,0,0,0,0,0,0,0,0,0,37.87192,-90.50144,0,07/11/2019,15:44:00,DRIVER #1 SWERVED TO AVOID A PEDESTRIAN ON THE BRIDGE CAUSING VEHICLE #1 TO TRAVEL OFF THE WEST SIDE OF THE ROADSIDE BEFORE STRIKING A ROCK BLUFF AND OVERTURNING.
925251,3190018088,Missouri State Highway Patrol-Troop D,1562803200000,190399208,1,0,1,0,Personal Injury,MCDONALD,NON-CITY OR UNINCORPORATED,D,2,2,0,0,0,AT,S ,US 71,RT OO,Daylight,Motor Vehicle in Transport,1,64,Thu     ,0,0,0,0,0,0,0,0,0,1,0,0,0,0,0,1,0,0,0,0,1,0,0,1,0,36.50356,-94.27674,0,07/11/2019,19:15:00,"NR2 ATTEMPTING TO MAKE A LEFTHAND TURN, TURNED INTO THE PATH OF NR1, NR1 STRUCK NR2 BROADSIDE"
1226104,3190020301,Missouri State Highway Patrol-Troop C,1562803200000,190399272,1,0,1,0,Personal Injury,JEFFERSON,NON-CITY OR UNINCORPORATED,C,1,1,0,549,0.1,A ,S ,CRD OLD LEMAY FERRY RD,PVT WINDY ACRES DR,Daylight,Fixed Object,2,,Thu     ,1,0,0,0,0,0,0,1,1,0,0,0,0,0,0,1,0,0,0,0,0,0,0,0,0,38.3671,-90.46579,0,07/11/2019,20:05:00,"VEHICLE #1 TRAVELED OFF THE ROAD TO THE RIGHT AND BEGAN SKIDDING.  THE FRONT END OF VEHICLE 1 STRUCK A ROAD SIGN.  VEHICLE 1 CAME TO REST OFF THE ROADWAY, FACING SOUTH."
1130638,3190018089,Missouri State Highway Patrol-Troop E,1562803200000,190399349,1,0,0,1,Personal Injury,CAPE GIRARDEAU,NON-CITY OR UNINCORPORATED,E,1,1,0,2640,0.5,B ,W ,RT FF,CRD 436,Dark-Unlighted,Fixed Object,2,,Thu     ,1,0,0,0,1,0,0,0,0,0,0,0,0,0,0,1,0,0,0,0,0,0,0,0,0,37.45252,-89.66615,0,07/11/2019,21:00:00,"CRASH OCCURRED AS VEHICLE 1 RAN OFF RIGHT SIDE OF ROADWAY, STRUCK A FENCE AND A TREE."
1504729,3190018171,Missouri State Highway Patrol-Troop H,1562803200000,190399542,4,0,4,0,Personal Injury,DAVIESS,NON-CITY OR UNINCORPORATED,H,1,1,0,0,0,AT,E ,RT C,RP 3616,Dark-Unlighted,Fixed Object,2,,Thu     ,0,0,0,0,0,0,0,0,0,0,0,0,0,1,0,1,0,0,0,0,0,0,0,0,0,40.07647,-94.09441,0,07/11/2019,23:30:00,"CRASH OCCURRED AS VEHICLE 1 EXITED ONTO ROUTE C, TRAVELED OFF THE SOUTH SIDE OF THE ROADWAY, STRUCK A DITCH AND THEN A FENCE.  VEHICLE 1 CAME TO REST IN A FIELD FACING SOUTH ON ITS WHEELS.  ASSISTED BY DAVIESS COUNTY SHERIFF'S DEPARTMENT AND PATTONSBURG FIRE."
1229563,3190018547,Missouri State Highway Patrol-Troop C,1562889600000,190399550,1,0,0,1,Personal Injury,LINCOLN,NON-CITY OR UNINCORPORATED,C,2,2,0,0,0,AT,N,US 61,CRD CREECH LANE,Dark-Unlighted,Motor Vehicle in Transport,1,64,Thu     ,0,0,0,0,0,1,1,0,0,0,0,1,0,0,0,1,0,0,0,0,1,1,0,1,0,39.0695,-90.9734,0,07/11/2019,23:47:00,VEHICLE 1 WAS TRAVELING NORTHBOUND ON US 61. VEHICLE 2 DROVE INTO THE PATH OF VEHICLE 1. VEHICLE 1 STRUCK  THE DRIVERS SIDE OF VEHICLE 2 AND DRIVER 1 WAS EJECTED.
1126331,3190018260,Missouri State Highway Patrol-Troop E,1562889600000,190399646,0,1,0,0,Fatal,PEMISCOT,NON-CITY OR UNINCORPORATED,E,1,1,0,35,0.01,A ,S ,RT NN,CRD 735,Dark-Unlighted,Fixed Object,2,,Fri     ,1,0,0,0,0,0,1,0,0,0,0,0,0,0,0,1,0,0,0,0,0,0,0,0,0,36.15536,-89.95929,1,07/12/2019,04:05:00,**** FATALITY CRASH **** NEXT OF KIN NOTIFIED **** VEH1 RAN OFF THE ROADWAY STRUCK A TREE AND OVERTURNED. DVR1 PRONOUNCED AT THE SCENE BY PEMISCOT COUNTY CORONER JAMES BRIMHALL AT 0450 HRS. TROOP E FATALITY #25 FOR 2019
1119301,3190018166,Missouri State Highway Patrol-Troop E,1562889600000,190399656,1,0,0,1,Personal Injury,BOLLINGER,NON-CITY OR UNINCORPORATED,E,1,1,0,628,0.12,A ,W ,RT A,CRD 858,Dark-Unlighted,Overturn,1,,Fri     ,0,0,0,0,0,0,0,1,1,0,0,0,0,0,0,1,0,0,0,0,0,0,0,0,1,37.46323,-90.10146,0,07/12/2019,05:10:00,CRASH OCCURRED AS VEHICLE OVERTURNED ON THE ROADWAY
1509400,3190018384,Missouri State Highway Patrol-Troop H,1562889600000,190399674,1,0,1,0,Personal Injury,NODAWAY,NON-CITY OR UNINCORPORATED,H,1,1,0,160,0.03,B ,W ,CRD 170TH,CRD HAWK,Daylight,Fixed Object,2,,Fri     ,0,0,0,0,1,0,0,1,0,0,0,0,0,0,0,1,0,0,0,0,1,0,0,0,1,40.47545,-94.90774,0,07/12/2019,06:00:00,"CRASH OCCURRED AS VEH 1 WAS NORTHBOUND ON HAWK RD. VEH 1 CAME TO A DOWNHILL CURVE TO THE RIGHT TO 170TH ST. VEH 1 RAN OFF THE NORTH SIDE OF THE ROADWAY, STRUCK A TREE, AND OVERTURNED ONTO ITS PASSENGER SIDE WHERE IT CAME TO REST. ASSISTED BY CVO K.L. SHEWEY (W066), NODAWAY COUNTY SHERIFFS OFFICE, NODAWAY COUNTY AMBULANCE AND NODAWAY COUNTY FIRST RESPONDERS."
1136435,3190018148,Missouri State Highway Patrol-Troop E,1562889600000,190399720,1,0,1,0,Personal Injury,BUTLER,FISK,E,3,3,0,200,0.04,B ,N,MO 51,CRD 626,Daylight,Motor Vehicle in Transport,1,64,Fri     ,0,0,0,0,0,1,1,0,0,0,0,0,0,0,0,1,0,0,0,0,1,0,0,1,1,36.77925,-90.20974,0,07/12/2019,06:45:00,CRASH OCCURRED AS VEHICLE ONE FAILED TO YIELD AND STRUCK VEHICLE TWO. VEHICLE ONE THEN TRAVELED INTO PATH OF VEHICLE THREE
1510593,3190018238,Missouri State Highway Patrol-Troop H,1562889600000,190399741,0,1,0,0,Fatal,HARRISON,NON-CITY OR UNINCORPORATED,H,1,1,0,533,0.1,B ,N,US 69,CRD W 390 ST,Daylight,Animal,1,,Fri     ,0,0,0,0,0,0,0,1,1,0,0,0,0,0,0,0,0,0,0,0,0,1,0,0,0,40.14818,-94.09241,1,07/12/2019,07:05:00,"FATALITY REPORT- CRASH OCCURRED AS VEH 1 WAS TRAVELING NORTHBOUND ON US-69. DRV 1 ATTEMPTED TO AVOID STRIKING A DEER AND BEGAN TO SKID. VEH 1 STRUCK THE DEER AND TRAVELED OFF THE EAST SIDE OF THE ROADWAY. DRV 1 WAS EJECTED AND CAME TO REST PARTIALLY IN THE NORTHBOUND LANE AND PARTIALLY ON THE EAST SHOULDER OF US-69. VEH 1 CAME TO REST OFF THE EAST SIDE OF THE ROADWAY FACING SOUTHWEST. DRV 1 WAS PRONOUNCED DECEASED AT HARRISON COUNTY COMMUNITY HOSPITAL BY  DR. RICHARD KIMMEL ON 7/12/19 AT 0902 HOURS. NEXT OF KIN NOTIFIED. ASSISTED BY CPL. B.R. HILLIARD (468), AND HARRISON COUNTY SHERIFF'S DEPARTMENT."
1259864,3190018909,Missouri State Highway Patrol-Troop C,1562889600000,190399786,2,0,2,0,Personal Injury,ST. CHARLES,ST CHARLES,C,2,2,0,955,0.18,B ,E ,MO 370,BRIDGE A5116,Daylight,Motor Vehicle in Transport,1,64,Fri     ,0,0,0,0,0,0,0,0,0,0,0,0,0,0,0,1,0,0,0,0,1,0,0,1,1,38.82505,-90.52932,0,07/12/2019,07:27:00,DRIVER 2 SLOWED FOR TRAFFIC CONGESTION. DRIVER 1 FAILED TO KEEP PROPER LOOKOUT AND STEERED TO THE RIGHT TO AVOID A VEHICLE AHEAD OF VEHICLE 1. VEHICLE 1 STRUCK THE LEFT REAR OF VEHICLE 2.  VEHICLE 2 OVERTURNED AND VEHICLE 1 CAME TO REST FACING SOUTH.
993909,3190018410,Missouri State Highway Patrol-Troop D,1562889600000,190399825,1,0,0,1,Personal Injury,STONE,NON-CITY OR UNINCORPORATED,D,2,2,0,0,0,AT,E ,MO 86,PVT DAPPLE LN,Daylight,Motor Vehicle in Transport,1,60,Fri     ,0,0,0,0,0,0,0,0,0,0,0,0,0,0,0,1,0,0,0,0,1,0,0,1,0,36.53451,-93.32943,0,07/12/2019,07:53:00,ACCIDENT OCCURRED AS VEHICLE #1 TURNED INTO THE PATH OF VEHICLE #2.