objectid,accident,agency,inv_date,complaint,injured,killed,min_inj,dis_inj,severity,county,city,troop,no_vehicle,motor_veh,left_scene,dist_feet,dist_mile,inter_loc,direction,on_street,at_street,light_cond,acc_type,on_off_rd,two_veh,day_week,dr_drink,dr_drug,ped_drink,ped_drug,speed,dr_under21,dr_under25,dr_over55,dr_over64,electrical,emer_veh,stop_sign,yield_sign,czone,hazmat,aggressive,cell_phone,texting,veh_defect,school_bus,truck,motorcycle,atv,pickup,cmv,gps_lat,gps_long,severity_fatal,acc_date,acc_time,narrative
1300759,3190020691,Missouri State Highway Patrol-Troop C,1562889600000,190399879,2,0,2,0,Personal Injury,ST. CHARLES,WEST ALTON,C,2,2,0,267,0.05,A ,N,US 67,CO RIVERLANDS WAY TO US67N,Daylight,Motor Vehicle in Transport,1,61,Fri     ,0,0,0,0,0,0,0,1,0,0,1,0,0,1,0,0,0,0,0,0,1,0,0,1,1,38.87591,-90.19165,0,07/12/2019,08:30:00,VEHICLE 2 SLOWED TO A STOP IN LANE 1 OF NORTHBOUND US 67 TO RESET TRAFFIC CONTROL CONES. VEHICLE 1 WAS TRAVELING NORTHBOUND ON US 67 AND SLOWED FOR VEHICLE 2 . DRIVER 1'S FOOT SLIPPED OFF THE BRAKES. VEHICLE 1 MOVED FORWARD AND THE FRONT OF VEHICLE 1 STRUCK THE REAR OF VEHICLE 2. ASSISTED BY TPR. A.D. BAKER (151)
1502902,3190019039,Missouri State Highway Patrol-Troop H,1562889600000,190399906,1,0,1,0,Personal Injury,CALDWELL,NON-CITY OR UNINCORPORATED,H,2,2,0,0,0,AT,W ,US 36,RT M,Daylight,Motor Vehicle in Transport,1,61,Fri     ,0,0,0,0,0,0,0,0,0,0,0,0,0,0,0,0,1,0,0,0,0,0,0,0,1,39.73512,-93.79623,0,07/12/2019,08:43:00,"CRASH OCCURRED AS VEH 2 WAS WB US-36 TURNING NORTH ON RTE M. DRV 1 WAS DISTRACTED AND VEH 1 STRUCK THE REAR OF VEH 2. VEH 1 AND VEH 2 CAME TO REST AT THE INTERSECTION OF US-36 AND RTE M IN THE DRIVING LANE. VEH 1 BECAME FULLY ENGULFED IN FLAMES. ASSISTED BY  TPR. C.S. RILEY (1264), TPR. J.W. SMITH (372), CVE R.E. POWELL (W129), CALDWELL COUNTY SHERIFF'S OFFICE, BRAYMER FIRE AND CALDWELL COUNTY EMS."
897355,3190018039,Missouri State Highway Patrol-Troop D,1562889600000,190399917,1,0,1,0,Personal Injury,GREENE,NON-CITY OR UNINCORPORATED,D,1,1,0,1071,0.2,B ,S ,RT J,CRD 174,Daylight,Overturn,2,,Fri     ,0,0,0,0,0,0,0,0,0,0,0,0,0,0,0,0,0,0,0,0,1,0,0,0,1,37.13076,-93.19039,0,07/12/2019,08:45:00,CRASH OCCURRED AS VEH #1 TRAVELED OFF THE ROADWAY AND OVERTURNED
1185979,3190018529,Missouri State Highway Patrol-Troop B,1562889600000,190399999,1,0,0,1,Personal Injury,SULLIVAN,NON-CITY OR UNINCORPORATED,B,1,1,0,929,0.18,B ,W ,RT E,CRD BELFRY DR,Daylight,Other Non Collision,1,,Fri     ,0,0,0,0,0,0,0,0,0,0,0,0,0,0,0,0,0,0,1,0,1,0,0,0,1,40.25916,-93.27246,0,07/12/2019,09:30:00,"VEHICLE HAD A TIRE BLOW OUT ON THE FRONT AXLE, RAN OFF THE LEFT SIDE OF THE ROADWAY, STRUCK AN EMBANKMENT, OVERTURNED AND STRUCK A FENCE. ASSISTED BY CPL. FESSLER #992, SULLIVAN COUNTY SHERIFF'S OFFICE, MEDICINE CREEK FIRE DEPARTMENT, GALT FIRE DEPARTMENT, MILAN FIRE DEPARTMENT, SULLIVAN COUNTY AMBULANCE AND AIR EVAC."
1132152,3190018044,Missouri State Highway Patrol-Troop E,1562889600000,190400018,2,0,2,0,Personal Injury,BUTLER,NON-CITY OR UNINCORPORATED,E,2,2,0,1356,0.26,A ,S ,US 67,RT JJ,Daylight,Motor Vehicle in Transport,1,64,Fri     ,0,0,0,0,0,0,0,0,0,0,0,0,0,0,0,1,0,0,0,0,1,0,0,0,1,36.89751,-90.48937,0,07/12/2019,09:50:00,CRASH OCCURRED AS VEHICLE ONE ATTEMPTED TO PASS VEHICLE TWO STRIKING LEFT FRONT OF VEHICLE TWO
1311646,3190019753,Missouri State Highway Patrol-Troop C,1562889600000,190400095,1,0,1,0,Personal Injury,ST. CHARLES,ST PETERS,C,3,3,0,105,0.02,B ,W ,IS 70,CST MID RIVERS MALL DR,Daylight,Motor Vehicle in Transport,1,61,Fri     ,0,0,0,0,0,0,0,0,0,0,0,0,0,1,0,1,0,0,0,0,1,0,0,0,1,38.79983,-90.61996,0,07/12/2019,10:30:00,VEHICLE 2 WAS TRAVELING WESTBOUND ON I-70 IN LANE 2 AND STOPPED FOR TRAFFIC CONGESTION. VEHICLE 1 FOLLOWED VEHICLE 2 TOO CLOSE AND THE FRONT OF VEHICLE 1 STRUCK THE REAR OF VEHICLE 2. THE IMPACT CAUSED VEHICLE 2 TO TRAVEL INTO LANE 3 AND STRIKE VEHICLE 3.
957945,3190018394,Missouri State Highway Patrol-Troop D,1562889600000,190400143,1,0,1,0,Personal Injury,TANEY,NON-CITY OR UNINCORPORATED,D,1,1,0,6864,1.3,A ,W ,US 160,CRD FRANK REA RD,Daylight,Overturn,2,,Fri     ,0,0,0,0,0,0,0,0,0,0,0,0,0,0,0,1,0,0,0,0,0,1,0,0,0,36.6162,-92.93993,0,07/12/2019,11:03:00,ACCIDENT OCCURRED AS VEHICLE #1 TRAVELED OFF OF THE RIGHT SIDE OR THE ROADWAY AND STRUCK AN EMBANKMENT.
1193210,3190018668,Missouri State Highway Patrol-Troop F,1562889600000,190400220,2,0,2,0,Personal Injury,GASCONADE,NON-CITY OR UNINCORPORATED,F,2,2,0,4224,0.8,B ,E ,MO 28,CRD CLEAVESVILLE RD,Daylight,Motor Vehicle in Transport,1,61,Fri     ,0,0,0,0,0,0,0,1,1,0,0,0,0,0,0,1,0,0,0,0,0,0,0,0,0,38.29535,-91.60712,0,07/12/2019,11:45:00,CRASH OCCURRED AS VEHICLE 2 WAS STOPPED IN TRAFFIC AND WAS STRUCK IN THE REAR BY VEHICLE 1.
1226099,3190018123,Missouri State Highway Patrol-Troop C,1562889600000,190400357,1,0,1,0,Personal Injury,JEFFERSON,NON-CITY OR UNINCORPORATED,C,1,1,0,570,0.11,B ,S ,CRD KNEFF RD,PVT SUSAN DR,Daylight,Fixed Object,2,,Fri     ,0,0,0,0,0,0,0,1,1,0,0,0,0,0,0,1,0,0,0,0,0,0,0,0,0,38.3795,-90.45532,0,07/12/2019,12:46:00,"VEHICLE 1 TRAVELED OFF THE RIGHT SIDE OF THE ROADWAY AND STRUCK A MAILBOX, UTILITY POLE, AND A TRAFFIC SIGN."
957984,3190018412,Missouri State Highway Patrol-Troop D,1562889600000,190400462,1,0,0,1,Personal Injury,TANEY,NON-CITY OR UNINCORPORATED,D,1,1,0,506,0.1,A ,W ,MO 176,CRD KESSLER DR,Daylight,Fixed Object,2,,Fri     ,0,0,0,0,0,0,0,0,0,0,0,0,0,0,0,1,0,0,0,0,0,1,0,0,0,36.75541,-93.19341,0,07/12/2019,13:40:00,"VEH #1 CROSSED THE CENTER OF THE ROADWAY, RAN OFF THE LEFT SIDE OF THE ROADWAY,  AND IMPACTED SEVERAL LARGE ROCKS IN AN EMBANKMENT, A TREE, AND A BARBED WIRE FENCE."
1264961,3190019052,Missouri State Highway Patrol-Troop C,1562889600000,190400574,0,1,0,0,Fatal,ST. CHARLES,O'FALLON,C,1,1,0,1436,0.27,A ,S ,MO 79,RT M,Daylight,Other Non Collision,2,,Fri     ,0,0,0,0,0,0,0,0,0,0,0,0,0,0,0,0,0,0,0,0,0,0,0,0,0,38.84052,-90.69103,1,07/12/2019,14:16:00,FATALITY ACCIDENT - VEHICLE 1 WAS TRAVELING SOUTHBOUND WHEN A TREE BRANCH FELL AND STRUCK VEHICLE 1. DRIVER 1 PRONOUNCED ON SCENE BY EMS PERSONNEL AT 1426 HOURS. ASSISTED BY TPR. J. S. BAIRD (203) AND TPR. S. T. BRUENGER (505)
876205,3190018993,Missouri State Highway Patrol-Troop A,1562889600000,190400735,2,0,2,0,Personal Injury,PLATTE,KANSAS CITY,A,2,2,0,0,0,AT,S ,IS 29,ERM SOUTH IS 29 MILE 100,Daylight,Motor Vehicle in Transport,1,61,Fri     ,0,0,0,0,0,0,0,0,0,0,0,0,0,0,0,1,0,0,0,0,0,0,0,0,0,39.2677,-94.66538,0,07/12/2019,15:40:00,CRASH OCCURRED AS BOTH VEHICLES WERE TRAVELING SOUTHBOUND.  VEHICLE #2 SLOWED DUE TO TRAFFIC CONGESTION AND WAS STRUCK BY VEHICLE #1.
1278132,3190020744,Missouri State Highway Patrol-Troop C,1562889600000,190400766,1,0,1,0,Personal Injury,ST. CHARLES,LAKE ST LOUIS,C,3,3,0,285,0.05,B ,W ,IS 70,ERM WEST IS 70 MILE 2146,Daylight,Motor Vehicle in Transport,1,61,Fri     ,0,0,0,0,0,0,0,0,0,0,0,0,0,0,0,1,0,0,0,0,1,0,0,1,0,38.80383,-90.75996,0,07/12/2019,16:01:00,DRIVER 1 FAILED TO OBSERVE VEHICLES 2 AND 3 STOPPED FOR TRAFFIC CONGESTION AND VEHICLE 1 STRUCK THE REAR OF VEHICLES 2 AND 3.
1303181,3190018186,Missouri State Highway Patrol-Troop C,1562889600000,190400805,1,0,1,0,Personal Injury,ST. LOUIS,FENTON,C,2,2,0,179,0.03,B ,E ,IS 44,ERM EAST IS 44 MILE 2754,Daylight,Motor Vehicle in Transport,1,61,Fri     ,0,0,0,0,0,0,0,1,1,0,0,0,0,0,0,1,0,0,0,0,0,0,0,0,0,38.54273,-90.44564,0,07/12/2019,16:10:00,VEHICLE 2 AND VEHICLE 1 WERE EASTBOUND ON I-44. VEHICLE 2 STOPPED FOR TRAFFIC CONGESTION. VEHICLE 1 FAILED TO STOP AND THE FRONT OF VEHICLE 1 STRUCK THE REAR OF VEHICLE 2.
1337708,3190018194,Missouri State Highway Patrol-Troop G,1562889600000,190400935,1,0,1,0,Personal Injury,SHANNON,NON-CITY OR UNINCORPORATED,G,2,2,0,786,0.15,A ,E ,MO 106,CO MO106 TO RTE,Daylight,Motor Vehicle in Transport,1,64,Fri     ,0,0,0,0,0,1,1,0,0,0,0,0,0,0,0,0,0,0,0,0,1,0,0,1,0,37.14066,-91.41529,0,07/12/2019,17:00:00,OCCURRED AS VEHICLE #1 TURNED INTO THE PATH OF VEHICLE #2. ASSISTED BY TPR. T. D. POND (1427)
1304711,3190019067,Missouri State Highway Patrol-Troop C,1562889600000,190400961,1,1,1,0,Fatal,WARREN,NON-CITY OR UNINCORPORATED,C,1,1,0,5,0,B ,W ,MO 94,CRD PINCKNEY BOTTOM RD WJ,Daylight,Overturn,2,,Fri     ,0,0,0,0,1,0,0,0,0,0,0,0,0,0,0,1,0,0,0,0,1,0,0,1,0,38.64557,-91.216,1,07/12/2019,17:12:00,FATALITY ACCIDENT - VEHICLE 1 TRAVELED THROUGH STANDING WATER AND BEGAN TO HYDROPLANE CAUSING VEHICLE 1  TO TRAVEL OFF THE RIGHT SIDE OF THE ROADWAY AND OVERTURN INTO A DITCH FILLED WITH WATER. OCCUPANT 1 PRONOUNCED AT MERCY HOSPITAL WASHINGTON BY DR. MELISSA STAPP AT 1818 HOURS.
1506692,3190018010,Missouri State Highway Patrol-Troop H,1562889600000,190401078,1,0,1,0,Personal Injury,DEKALB,NON-CITY OR UNINCORPORATED,H,1,1,Y,1056,0.2,B ,E ,CRD HICKORY RD,CST ST JOSEPH AVE,Daylight,Fixed Object,2,,Fri     ,0,0,0,0,1,0,0,0,0,0,0,0,0,0,0,1,0,0,0,0,0,0,0,0,0,39.75513,-94.51169,0,07/12/2019,17:30:00,"OCCURRED AS VEHICLE 1 WAS WESTBOUND ON S-W HICKORY ROAD. VEHICLE 1 RAN OFF THE SOUTH SIDE OF THE ROADWAY, STRUCK A FENCE POST AND OVERTURNED, COMING TO REST ON ITS TOP FACING EAST,"
803490,3190019221,Missouri State Highway Patrol-Troop A,1562889600000,190401101,1,0,0,1,Personal Injury,JOHNSON,NON-CITY OR UNINCORPORATED,A,2,2,0,62,0.01,A ,E ,US 50,MO 131 WJ,Daylight,Motor Vehicle in Transport,1,61,Fri     ,0,0,0,0,0,0,0,1,1,0,0,0,1,0,0,1,0,0,0,0,0,1,0,0,0,38.85085,-93.99758,0,07/12/2019,18:18:00,"OCCURRED AS VEH1 ENTERED EASTBOUND US-50 FROM THE J-TURN. VEH2 STRUCK THE REAR PASSENGER CORNER OF VEH 1 AND OVERTURNED, TRAVELING OFF THE RIGHT SIDE OF THE ROADWAY. ASSISTED BY MSGT. M. P. FENNEWALD /395/,TPR. W. M. GRAHAM /620/ AND JOHNSON COUNTY"
1126333,3190018483,Missouri State Highway Patrol-Troop E,1562889600000,190401244,2,0,1,1,Personal Injury,PEMISCOT,NON-CITY OR UNINCORPORATED,E,2,2,0,2640,0.5,B ,S ,US 61,CRD 470 SJ,Daylight,Motor Vehicle in Transport,1,60,Fri     ,0,0,0,0,0,0,0,0,0,0,0,0,0,0,0,1,0,0,0,0,0,0,0,0,0,36.06824,-89.85321,0,07/12/2019,19:24:00,CRASH OCCURRED AS VEHICLE ONE CROSSED THE CENTER LINE AND COLLIDED WITH VEHICLE TWO.
903637,3190019177,Missouri State Highway Patrol-Troop D,1562889600000,190401248,1,1,1,0,Fatal,CHRISTIAN,NON-CITY OR UNINCORPORATED,D,2,2,0,0,0,AT,W ,RT O,CRD GLOSSIP AVE,Daylight,Motor Vehicle in Transport,1,64,Fri     ,1,0,0,0,0,0,0,1,0,0,0,0,0,0,0,1,0,0,0,0,1,1,0,1,0,36.91842,-93.2864,1,07/12/2019,19:25:00,"FATALITY REPORT - THIS IS TROOP D'S 50TH FATALITY FOR 2019. CRASH OCCURRED AS VEHICLE #1 WAS WESTBOUND AND VEHICLE #2 WAS EASTBOUND ON ROUTE O. VEHICLE #2 FAILED TO YIELD AND TURNED IN FRONT OF VEHICLE #1. DVR1 WAS PRONOUNCED DECEASED AT THE SCENE BY CHRISTIAN COUNTY CORONER CALEB BAKER AT 2035 HOURS.  NEXT OF KIN NOTIFIED. AS REQUIRED BY LAW, THE SURVIVING DRIVER WAS TESTED FOR ALCOHOL."
1233490,3190019956,Missouri State Highway Patrol-Troop C,1562889600000,190401502,1,0,1,0,Personal Injury,JEFFERSON,NON-CITY OR UNINCORPORATED,C,2,2,0,0,0,AT,N,US 61,CRD MILLER RD,Dark-Unlighted,Motor Vehicle in Transport,1,64,Fri     ,0,0,0,0,0,0,0,0,0,0,0,0,0,0,0,1,0,0,0,0,0,0,0,0,0,38.39708,-90.37542,0,07/12/2019,21:31:00,VEHICLE 1 WAS NORTHBOUND ON US-61/67 IN THE RIGHT LANE. VEHICLE 2 WAS STOPPED ON THE PARKING LOT OF DOLLAR GENERAL FACING WESTBOUND. VEHICLE 2 ENTERED THE ROADWAY AND THE FRONT OF VEHICLE 1 STRUCK THE LEFT SIDE OF VEHICLE 2. THE IMPACT CAUSED VEHICLE 1 TO TRAVEL OFF THE RIGHT SIDE OF THE ROADWAY.
1132161,3190018181,Missouri State Highway Patrol-Troop E,1562889600000,190401568,1,0,0,1,Personal Injury,BUTLER,NON-CITY OR UNINCORPORATED,E,1,1,0,0,0,AT,S ,RT T,CRD RUSTY,Dark-Unlighted,Pedestrian,1,,Fri     ,0,0,0,0,0,0,0,0,0,0,0,0,0,0,0,0,0,0,0,0,0,0,0,0,0,36.91279,-90.28002,0,07/12/2019,22:00:00,CRASH OCCURRED AS VEHICLE ONE STRUCK PEDESTRIAN
800570,3190018953,Missouri State Highway Patrol-Troop A,1562976000000,190401856,1,0,1,0,Personal Injury,SALINE,NON-CITY OR UNINCORPORATED,A,2,2,0,0,0,AT,N,US 65,CRD 116TH TRL,Dark-Unlighted,Motor Vehicle in Transport,1,64,Sat     ,0,0,0,0,0,0,1,0,0,0,0,0,1,0,0,1,0,0,0,0,0,0,0,0,1,38.95687,-93.20743,0,07/13/2019,00:39:00,"CRASH OCCURRED AS VEHICLE 1 WAS TURNING NORTH ON US 65 FROM SOUTHBOUND US 65 AND STRUCK VEHICLE 2. BOTH VEHICLES CAME TO REST, BLOCKING BOTH LANES OF NORTHBOUND US 65.  ASSISTED BY TPR. A. D. MARTIN /701/, TPR. E. P. VOLKART /407/, SALINE COUNTY, AND MARSHALL FIRE."
1168775,3190018966,Missouri State Highway Patrol-Troop F,1562976000000,190401867,1,0,1,0,Personal Injury,MONITEAU,NON-CITY OR UNINCORPORATED,F,2,2,0,2640,0.5,B ,E ,US 50,CO US50E TO WEINEKE BRANCH RD,Dark-Unlighted,Parked Motor Vehicle,2,61,Sat     ,0,0,0,0,0,1,1,0,0,0,0,0,0,0,0,0,0,0,0,0,0,0,0,0,0,38.60291,-92.4788,0,07/13/2019,00:39:00,OCCURRED AS DRIVER 1 WAS INATTENTIVE TO PARKED VEHICLE 2. VEHICLE 1 TRAVELED ONTO THE SHOULDER AND STRUCK PARKED VEHICLE 2.
858623,3190018707,Missouri State Highway Patrol-Troop A,1562976000000,190402049,1,0,1,0,Personal Injury,JACKSON,BLUE SPRINGS,A,1,1,0,353,0.07,A ,W ,IS 70,ERM WEST IS 70 MILE 178,Dark-Unlighted,Pedestrian,2,,Sat     ,0,0,0,0,0,0,0,0,0,0,0,0,0,0,0,0,0,0,0,0,0,0,0,0,0,39.03692,-94.32582,0,07/13/2019,05:30:00,"CRASH OCCURRED AS VEHICLE 1 WAS TRAVELING WESTBOUND, OBSERVED A TRAFFIC CRASH AND PULLED TO THE SHOULDER TO CHECK ON THE DRIVER. VEHICLE 1 BEGAN BACKING UP AND STRUCK DRIVER 1."
1229564,3190018571,Missouri State Highway Patrol-Troop C,1562976000000,190402057,2,0,2,0,Personal Injury,LINCOLN,NON-CITY OR UNINCORPORATED,C,1,1,0,295,0.06,B ,N,EOR 61,CRD CREECH LANE,Dark-Unlighted,Fixed Object,2,,Fri     ,0,0,0,0,1,1,1,0,0,0,0,0,0,0,0,1,0,0,0,0,0,0,0,0,0,39.06899,-90.97163,0,07/12/2019,23:59:00,"DRIVER #1 FAILED TO NEGOTIATE A CURVE TO THE LEFT CAUSING VEHICLE #1 TO TRAVEL OFF EAST SIDE OF THE ROADWAY, DOWN AND EMBANKMENT BEFORE STRIKING A DITCH AND OVERTURNING."
835327,3190019513,Missouri State Highway Patrol-Troop A,1562976000000,190402112,1,0,1,0,Personal Injury,CARROLL,NON-CITY OR UNINCORPORATED,A,1,1,0,4224,0.8,A ,E ,MO 10,CRD 191,Daylight,Fixed Object,2,,Sat     ,1,0,0,0,1,0,0,0,0,0,0,0,0,0,0,1,0,0,0,0,0,0,0,0,0,39.32556,-93.57282,0,07/13/2019,06:00:00,"VEHICLE 1 WAS EASTBOUND ON MISSOURI 10 AND SWERVED TO AVOID ROAD CLOSED BARRICADES. VEHICLE 1 SWERVED OVER THE CENTER LINE, THEN STARTED SKIDDING BACK ACROSS THE CENTER LINE AND OFF THE RIGHT SIDE OF THE ROADWAY. AFTER LEAVING THE ROADWAY, VEHICLE 1 ROLLED AND CAME TO REST ON IT'S TOP IN A DITCH."
1278133,3190018910,Missouri State Highway Patrol-Troop C,1562976000000,190402121,1,0,1,0,Personal Injury,ST. CHARLES,LAKE ST LOUIS,C,1,1,0,290,0.05,A ,W ,IS 64,ERM WEST IS 64 MILE 28,Daylight,Overturn,2,,Sat     ,0,1,0,0,0,0,1,0,0,0,0,0,0,0,0,1,0,0,0,0,0,0,0,0,0,38.78353,-90.79853,0,07/13/2019,07:15:00,"DRIVER 1 FAILED TO MAINTAIN THE ROADWAY, VEHICLE 1 TRAVELED OFF THE RIGHT SIDE AND OVERTURNED."
1233489,3190018679,Missouri State Highway Patrol-Troop C,1562976000000,190402127,1,0,1,0,Personal Injury,JEFFERSON,NON-CITY OR UNINCORPORATED,C,2,2,0,0,0,AT,W ,MO 30,CRD LITTLE BRENNAN RD,Daylight,Motor Vehicle in Transport,1,64,Sat     ,0,0,0,0,0,0,0,1,1,1,0,0,0,0,0,1,0,0,0,0,1,0,0,1,0,38.48536,-90.50255,0,07/13/2019,07:24:00,VEHICLE 1 WAS TRAVELING WESTBOUND ON HIGHWAY 30. VEHICLE 2 WAS TRAVELING SOUTHBOUND ON LITTLE BRENNAN ROAD. VEHICLE 1 FAILED TO STOP FOR A STEADY RED SIGNAL. THE FRONT OF VEHICLE 1 STRUCK THE LEFT SIDE OF VEHICLE 2. ASSISTED BY CPL. R.A. METTEER (975) AND TPR. J.D. PROCKNOW (1453)
1217459,3190018451,Missouri State Highway Patrol-Troop C,1562976000000,190402193,1,0,1,0,Personal Injury,FRANKLIN,NON-CITY OR UNINCORPORATED,C,1,1,0,121,0.02,A ,W ,RT O,CRD NORTHWOODS DRIVE,Daylight,Fixed Object,2,,Sat     ,0,0,0,0,0,0,0,0,0,0,0,0,0,0,0,1,0,0,0,0,1,0,0,1,0,38.44377,-90.74154,0,07/13/2019,08:15:00,VEHICLE #1  DROVE OFF THE RIGHT SIDE OF ROAD VEHICLE #1 RETURNED TO THE ROAD. DRIVER #1 OVERCORRECTED VEHICLE #1 STARTED TO SKID AND TRAVELED OFF THE RIGHT SIDE OF THE ROAD STRIKING A FENCE AND A BARN.. ASSISTED BY CPL. E. R. KESSLER (890)
796971,3190019046,Missouri State Highway Patrol-Troop A,1562976000000,190402260,1,0,1,0,Personal Injury,CLAY,LIBERTY,A,2,2,0,443,0.08,A ,S ,IS 35,MO 291,Daylight,Motor Vehicle in Transport,1,61,Sat     ,0,0,0,0,0,0,0,1,1,0,0,0,0,0,0,0,0,0,0,0,0,1,0,0,1,39.26409,-94.44757,0,07/13/2019,09:02:00,"CRASH OCCURRED AS BOTH VEHICLES WERE SOUTHBOUND ON I 35. VEH 2 WAS IN THE LEFT LANE WAS SLOWING DUE TO CONGESTED TRAFFIC.  VEH 1 OVERTOOK AND STRUCK THE REAR OF VEH 2.  ASSISTED BY TPR B S FLORAY /746/, TPR C A ADKISON /530/ AND LIBERTY POLICE DEPARTMENT."
1263785,3190018710,Missouri State Highway Patrol-Troop C,1562976000000,190402646,4,0,4,0,Personal Injury,WARREN,WARRENTON,C,2,2,0,290,0.05,A ,E ,IS 70,ERM EAST IS 70 MILE 1960,Daylight,Motor Vehicle in Transport,1,61,Sat     ,0,0,0,0,0,0,1,0,0,0,0,0,0,0,0,1,0,0,0,0,1,0,0,1,0,38.82043,-91.09445,0,07/13/2019,12:10:00,VEHICLE 2 SLOWED ABRUPTLY DUE TO TRAFFIC CONGESTION. VEHICLE 1 WAS UNABLE TO SLOW AND THE FRONT OF VEHICLE 1 STRUCK THE REAR OF VEHICLE 2.
1318177,3190018169,Missouri State Highway Patrol-Troop G,1562976000000,190402724,1,0,1,0,Personal Injury,OZARK,NON-CITY OR UNINCORPORATED,G,1,1,0,2592,0.49,B ,E ,US 160,CST W RIDGE DR,Daylight,Fixed Object,2,,Sat     ,0,0,0,0,0,0,0,0,0,0,0,0,0,0,0,1,0,0,0,0,0,0,0,0,0,36.5979,-92.45292,0,07/13/2019,12:50:00,ACCIDENT OCCURRED AS VEHICLE #1 RAN OFF THE ROADWAY
1304713,3190018443,Missouri State Highway Patrol-Troop C,1562976000000,190402917,1,0,0,1,Personal Injury,WARREN,NON-CITY OR UNINCORPORATED,C,1,1,0,10560,2,B ,S ,RT B,MO 94,Daylight,Overturn,2,,Sat     ,0,0,0,0,0,0,0,1,1,0,0,0,0,0,0,1,0,0,0,0,0,1,0,0,0,38.75607,-91.33148,0,07/13/2019,14:15:00,VEHICLE #1 TRAVELED OFF THE WEST SIDE OF THE ROAD BEFORE OVERTURNING AND EJECTING DRIVER #1.
1217445,3190018567,Missouri State Highway Patrol-Troop C,1562976000000,190402997,1,0,0,1,Personal Injury,FRANKLIN,NON-CITY OR UNINCORPORATED,C,1,1,0,68,0.01,B ,W ,MO 100,CRD ROBERTSVILLE ROAD,Daylight,Fixed Object,2,,Sat     ,0,0,0,0,0,0,0,1,0,0,0,0,0,0,0,1,0,0,0,0,0,0,0,0,0,38.48104,-90.82944,0,07/13/2019,14:44:00,VEHICLE #1 TRAVELED OFF THE NORTH SIDE OF THE ROADWAY STRIKING A UTILITY POLE AND OVERTURNING.
1250026,3190018309,Missouri State Highway Patrol-Troop C,1562976000000,190403035,1,0,1,0,Personal Injury,STE. GENEVIEVE,NON-CITY OR UNINCORPORATED,C,2,2,0,15,0,B ,N,RP 184,MO 32,Daylight,Motor Vehicle in Transport,1,61,Sat     ,0,0,0,0,0,0,0,1,1,0,0,1,0,0,0,1,0,0,0,0,0,1,0,0,0,37.9365,-90.12126,0,07/13/2019,15:13:00,VEHICLE #1 WAS STOPPED A STOPPED SIGN AND  VEHICLE #2 STRUCK VEHICLE #1.
1336622,3190018392,Missouri State Highway Patrol-Troop G,1562976000000,190403258,3,0,2,1,Personal Injury,DOUGLAS,AVA,G,2,2,0,0,0,AT,S ,MO 5,CST JOHNSON AVE,Daylight,Motor Vehicle in Transport,1,64,Sat     ,0,0,0,0,0,0,1,0,0,0,0,1,0,0,0,1,0,0,0,0,1,0,0,1,1,36.95393,-92.67239,0,07/13/2019,16:15:00,VEHICLE #1 TURNED IN FRONT OF VEHICLE #2.
1304298,3190018564,Missouri State Highway Patrol-Troop C,1562976000000,190403297,1,1,0,1,Fatal,WARREN,MARTHASVILLE,C,1,1,0,344,0.07,A ,S ,PVT ORCHARD LN,CRD TOWN BRANCH RD,Daylight,Immersion,2,,Sat     ,0,0,0,0,0,0,0,0,0,0,0,0,0,0,0,1,0,0,0,0,0,0,0,0,0,38.63471,-91.07038,1,07/13/2019,16:30:00,FATALITY ACCIDENT - VEHICLE 1 WAS TRAVELING SOUTH ON ORCHARD LANE. DRIVER 1 HAD HER VISION OBSCURRED BY DUST IN THE ROAD. VEHICLE 1 EXITED THE ROADWAY AND ENTERED A POND. PRONOUNCED BY DEPUTY CORONER CURT HAY AT 1905 HOURS. ASSISTED BY AND MASTER SGT. C.A. BOWLES (1194)
1217444,3190018590,Missouri State Highway Patrol-Troop C,1562976000000,190403373,3,0,3,0,Personal Injury,FRANKLIN,NON-CITY OR UNINCORPORATED,C,4,4,0,353,0.07,B ,E ,MO 100,CRD THIEBES RD,Daylight,Motor Vehicle in Transport,1,61,Sat     ,0,0,0,0,0,0,0,1,1,0,0,0,0,0,0,0,0,0,0,0,1,0,0,1,0,38.49812,-90.80675,0,07/13/2019,17:15:00,"DRIVER 3 FAILED TO NOTICE VEHICLES 1 AND 2 STOPPED FOR TRAFFIC. THE FRONT OF VEHICLE 3 STRUCK THE REAR OF VEHICLE 2, CAUSING VEHICLE 2 TO STRIKE THE REAR OF VEHICLE 1. VEHICLE 3 THEN CROSSED OVER THE CENTER LINE AND WAS STRUCK BY VEHICLE 4"
903636,3190018317,Missouri State Highway Patrol-Troop D,1562976000000,190403533,1,0,1,0,Personal Injury,CHRISTIAN,NON-CITY OR UNINCORPORATED,D,1,1,0,1399,0.26,A ,W ,PVT RIVERVIEW ROAD,CRD ARROWHEAD DR,Daylight,Overturn,2,,Sat     ,0,0,0,0,0,1,1,0,0,0,0,0,0,0,0,0,0,0,0,0,0,1,0,0,0,36.981,-93.29904,0,07/13/2019,18:10:00,"CRASH OCCURRED AS DRIVER WAS LOOKING BEHIND HER, RAN OFF THE SIDE OF THE ROAD AND OVERTURNED."