objectid,accident,agency,inv_date,complaint,injured,killed,min_inj,dis_inj,severity,county,city,troop,no_vehicle,motor_veh,left_scene,dist_feet,dist_mile,inter_loc,direction,on_street,at_street,light_cond,acc_type,on_off_rd,two_veh,day_week,dr_drink,dr_drug,ped_drink,ped_drug,speed,dr_under21,dr_under25,dr_over55,dr_over64,electrical,emer_veh,stop_sign,yield_sign,czone,hazmat,aggressive,cell_phone,texting,veh_defect,school_bus,truck,motorcycle,atv,pickup,cmv,gps_lat,gps_long,severity_fatal,acc_date,acc_time,narrative
1264962,3190021101,Missouri State Highway Patrol-Troop C,1562976000000,190403536,2,0,2,0,Personal Injury,ST. CHARLES,O'FALLON,C,3,3,Y,464,0.09,B ,W ,IS 64,ERM WEST IS 64 MILE 84,Daylight,Motor Vehicle in Transport,1,63,Sat     ,0,1,0,0,1,0,0,1,1,0,0,0,0,0,0,1,0,0,0,0,0,0,0,0,0,38.72346,-90.72699,0,07/13/2019,18:11:00,"ALL VEHICLES WERE TRAVELING WESTBOUND ON I-64. DRIVER 3 ATTEMPTED TO DRIVE BETWEEN LANES 1 AND 2 AT A HIGH RATE OF SPEED, CAUSING THE RIGHT SIDE OF VEHICLE 3 TO STRIKE THE LEFT SIDE OF VEHICLE 1. VEHICLE 1 ROTATED AND TRAVELED OFF THE RIGHT SIDE OF THE ROADWAY. VEHICLE 3 CONTINUED WESTBOUND, TRAVELED OFF THE RIGHT SIDE OF THE ROADWAY AND STRUCK THE RIGHT SIDE OF VEHICLE 2. VEHICLE 3 TRAVELED OFF THE RIGHT SIDE OF ROADWAY AND CAME TO REST IN THE GRASSY EMBANKMENT. ASSISTED BY TPR S T BRUENGER (505) AND TPR K T WELKER (498)"
1193949,3190018515,Missouri State Highway Patrol-Troop B,1562976000000,190403667,3,0,3,0,Personal Injury,RALLS,NON-CITY OR UNINCORPORATED,B,2,2,0,1420,0.27,A ,N,RT H,CRD SPRINGVIEW TRL,Daylight,Motor Vehicle in Transport,1,62,Sat     ,0,0,0,0,0,0,0,0,0,0,0,0,0,0,0,1,0,0,0,0,1,0,0,1,1,39.62084,-91.53385,0,07/13/2019,19:00:00,"VEHICLE 1 CROSSED THE CENTER LINE AND STRUCK VEHICLE 2. ASSISTED BY CPL. MCGIVNEY #366, RALLS COUNTY SHERIFF'S DEPARTMENT, RALLS COUNTY AMBULANCE AND CENTER RURAL FIRE DEPARTMENT."
1204230,3190018307,Missouri State Highway Patrol-Troop F,1562976000000,190403668,3,0,2,1,Personal Injury,COOPER,BOONVILLE,F,2,2,0,205,0.04,B ,W ,IS 70,ERM WEST IS 70 MILE 1014,Daylight,Motor Vehicle in Transport,1,64,Sat     ,0,0,0,0,0,0,0,0,0,0,0,0,0,0,0,1,0,0,0,0,1,0,0,1,0,38.93564,-92.78415,0,07/13/2019,18:55:00,CRASH OCCURRED AS VEHICLE 1 AND VEHICLE 2 TRAVELED WEST ON INTERSTATE 70.  VEHICLE 1 CHANGED LANES AND VEHICLE 2 AVOIDED VEHICLE 1.  VEHICLE 1 OVERCORRECTED WHEN RETURNING TO THE DRIVING LANE AND SLID.  VEHICLE 1 STRUCK VEHICLE 2 AND OVERTURNED.  VEHICLE 2 EXITED THE RIGHT SIDE OF THE ROAD AND STRUCK THE GUARDRAIL AND A TREE.
1217443,3190018200,Missouri State Highway Patrol-Troop C,1562976000000,190403711,0,1,0,0,Fatal,FRANKLIN,NON-CITY OR UNINCORPORATED,C,2,2,0,65,0.01,B ,N,RT K,CRD DEEP WOODS DR,Daylight,Motor Vehicle in Transport,1,60,Sat     ,0,0,0,0,0,0,1,1,1,0,0,0,0,0,0,1,0,0,0,0,0,0,0,0,0,38.31437,-90.94889,1,07/13/2019,19:17:00,LATE FATALITY REPORT - VEHICLE 2 CROSSED THE CENTER LINE AND STRUCK VEHICLE 1 HEAD ON. DRIVER 2 PRONOUNCED ON 08/10/2019 AT 1949 HOURS BY DR. BUNAYE AT MERCY HOSPITAL ST LOUIS.
1132177,3190018517,Missouri State Highway Patrol-Troop E,1562976000000,190403911,2,0,2,0,Personal Injury,BUTLER,NON-CITY OR UNINCORPORATED,E,1,1,0,70,0.01,A ,E ,CRD 488,PVT MERINO LANE,Dark-Unlighted,Fixed Object,2,,Sat     ,0,1,0,0,0,0,1,0,0,0,0,0,0,0,0,0,0,0,0,0,0,0,0,0,0,36.67914,-90.51254,0,07/13/2019,20:15:00,CRASH OCCURRED AS VEHICLE 1 RAN OFF ROADWAY AND STRUCK A MAILBOX AND A DITCH.
824529,3190019519,Missouri State Highway Patrol-Troop A,1562976000000,190403926,1,0,0,1,Personal Injury,BENTON,NON-CITY OR UNINCORPORATED,A,1,1,0,1399,0.26,B ,W ,CRD SWINGING BRIDGE RD,CRD WEST DAM ACCESS ROAD,Daylight,Fell/Jumped from MV,1,,Sat     ,0,0,0,0,0,0,0,0,0,0,0,0,0,0,0,0,0,0,0,0,0,1,0,0,0,38.24351,-93.39262,0,07/13/2019,20:30:00,"CRASH OCCURRED AS VEHICLE1 WAS TRAVELING WESTBOUND.  PASSENGER1 FELL OFF THE REAR OF THE MOTORCYCLE, AND STRUCK THE GROUND.  VEHICLE1 CAME TO A CONTROLLED STOP IN THE WESTBOUND LANE.  ASSISTED BY TPR. R.W. ROSENTHAL/930/"
1222298,3190018280,Missouri State Highway Patrol-Troop C,1562976000000,190404149,2,0,2,0,Personal Injury,ST. LOUIS,NON-CITY OR UNINCORPORATED,C,2,2,0,110,0.02,B ,W ,IS 44,ERM WEST IS 44 MILE 2736,Dark-Lighted,Motor Vehicle in Transport,1,64,Sat     ,1,0,0,0,1,0,1,1,0,0,0,0,0,0,0,1,0,0,0,0,0,0,0,0,0,38.54098,-90.47765,0,07/13/2019,22:10:00,DRIVER 1 WAS UNABLE TO MAINTAIN A LANE AND THE FRONT RIGHT SIDE OF VEHICLE 1 STRUCK THE LEFT REAR OF VEHICLE 2. VEHICLES 1 AND 2 TRAVELED OFF THE LEFT SIDE OF THE ROADWAY. VEHICLE 1 OVERTURNED INTO A CABLE BARRIER. ASSISTED BY TPR. B. A. TEAGUE (1385) AND TPR. N. W. STEVENS (575).
1304712,3190018977,Missouri State Highway Patrol-Troop C,1563062400000,190404351,2,0,2,0,Personal Injury,WARREN,NON-CITY OR UNINCORPORATED,C,1,1,0,5808,1.1,A ,W ,NOR 70,CST W WARRENTON BLVD,Dark-Unlighted,Overturn,1,,Sat     ,1,0,0,0,0,1,1,0,0,0,0,0,0,0,0,0,0,0,0,0,0,0,0,0,0,38.82454,-91.19901,0,07/13/2019,23:55:00,"DRIVER 1 SWERVED TO AVOID ANOTHER VEHICLE, CAUSING VEHICLE 1 TO OVERTURN."
1286590,3190018613,Missouri State Highway Patrol-Troop C,1563062400000,190404374,3,0,2,1,Personal Injury,ST. LOUIS,NON-CITY OR UNINCORPORATED,C,2,2,0,580,0.11,B ,E ,IS 270,ERM EAST IS 270 MILE 308,Dark-Lighted,Fixed Object,2,,Sun     ,0,0,0,0,0,1,1,0,0,0,0,0,0,0,0,0,0,0,0,0,0,0,0,0,0,38.77087,-90.2604,0,07/14/2019,00:10:00,VEHICLE 2 TRAVELED OFF THE LEFT SIDE OF THE ROADWAY ATTEMPTING TO AVOID VEHICLE 1 IN FRONT OF IT AND STRUCK A CONCRETE MEDIAN BARRIER.  AFTER THIS IMPACT THE FRONT OF VEHICLE 2 STRUCK THE REAR OF VEHICLE 1.
1304708,3190019054,Missouri State Highway Patrol-Troop C,1563062400000,190404506,0,1,0,0,Fatal,WARREN,NON-CITY OR UNINCORPORATED,C,1,1,0,259,0.05,A ,E ,RT D,CRD BOONE MONUMENT RD,Dark-Unlighted,Fixed Object,2,,Sun     ,1,0,0,0,1,1,1,0,0,0,0,0,0,0,0,1,0,0,0,0,1,0,0,1,0,38.62796,-91.0393,1,07/14/2019,01:42:00,"FATALITY REPORT - VEHICLE 1 TRAVELED OFF THE RIGHT SIDE OF THE ROADWAY, STRUCK A ROAD SIGN, CONTINUED THROUGH A GRASS EMBANKMENT AND STRUCK A TREE. DRIVER 1 PRONOUNCED ON SCENE BY WARREN COUNTY AMBULANCE PERSONNEL AT 0205 HOURS."
1285538,3190018506,Missouri State Highway Patrol-Troop C,1563062400000,190404753,1,0,1,0,Personal Injury,ST. FRANCOIS,NON-CITY OR UNINCORPORATED,C,1,1,0,3168,0.6,A ,N,RT B,CRD RUSSELL RD,Daylight,Fixed Object,2,,Sun     ,0,0,0,0,0,1,1,0,0,0,0,0,0,0,0,0,0,0,0,0,1,0,0,1,0,37.79561,-90.53747,0,07/14/2019,08:27:00,"VEHICLE #1 WAS TRAVELING NORTHBOUND ON ROUTE B.  VEHICLE #1 TRAVELED OFF THE RIGHT SIDE OF THE ROADWAY, STRUCK AND EMBANKMENT, AND OVERTURNED."
1016270,3190018454,Missouri State Highway Patrol-Troop D,1563062400000,190404914,2,0,1,1,Personal Injury,NEWTON,NON-CITY OR UNINCORPORATED,D,2,2,0,63,0.01,B ,W ,MO 86,CRD KENTUCKY ROAD,Daylight,Motor Vehicle in Transport,1,64,Sun     ,0,0,0,0,0,0,0,1,1,0,0,0,0,0,0,1,0,0,0,0,0,1,0,0,0,36.89175,-94.48334,0,07/14/2019,09:55:00,VEH #2 CROSSED THE CENTER OF THE ROADWAY AND STRUCK VEHICLE #1.  ASSISTED BY TPR J.T. DAY #363.
1226227,3190018552,Missouri State Highway Patrol-Troop C,1563062400000,190404980,1,0,1,0,Personal Injury,JEFFERSON,NON-CITY OR UNINCORPORATED,C,2,2,0,404,0.08,A ,N,MO 21,ERM NORTH MO 21 MILE 1756,Daylight,Motor Vehicle in Transport,1,64,Sun     ,0,0,0,0,0,0,0,0,0,0,0,0,0,0,0,1,0,0,0,0,1,0,0,1,0,38.34813,-90.50491,0,07/14/2019,10:25:00,"VEHICLE 1 WAS IN THE RIGHT LANE AND VEHICLE 2 WAS IN THE LEFT LANE. VEHICLE 2 TRAVELED INTO THE RIGHT LANE, AND STRUCK THE LEFT SIDE OF VEHICLE 1. VEHICLE 1 TRAVELED OFF THE RIGHT SIDE OF THE ROADWAY AND STRUCK A ROCK BLUFF."
1229717,3190018343,Missouri State Highway Patrol-Troop C,1563062400000,190405264,1,0,0,1,Personal Injury,LINCOLN,NON-CITY OR UNINCORPORATED,C,1,1,0,79,0.01,A ,N,CRD RIDGE RD,PVT SPRING CHURCH RD,Daylight,Fixed Object,2,,Sun     ,0,0,0,0,1,1,1,0,0,0,0,0,0,0,0,1,0,0,0,0,1,0,0,1,0,38.99624,-90.88874,0,07/14/2019,13:00:00,"VEHICLE 1 TRAVELED OFF THE RIGHT SIDE OF THE ROADWAY, OVERCORRECTED, AND STRUCK A TREE.  ASSISTED BY CPL B. LONG (855)"
1500141,3190018300,Missouri State Highway Patrol-Troop H,1563062400000,190405693,2,0,2,0,Personal Injury,CLINTON,NON-CITY OR UNINCORPORATED,H,2,2,0,169,0.03,B ,N,CRD COUNTY LINE RD,CRD SW 247TH ST,Daylight,Motor Vehicle in Transport,1,64,Sun     ,0,0,0,0,0,0,0,0,0,0,0,0,0,0,0,1,0,0,0,0,0,1,0,0,0,39.54099,-94.60126,0,07/14/2019,15:55:00,"CRASH OCCURRED AS VEHICLE 2 AND VEHICLE 1 WERE SOUTHBOUND ON COUNTY LINE RD FROM SW 247TH ST. AS VEHICLE 2 MADE A U-TURN ON COUNTY LINE RD TO GO BACK NORTHBOUND, VEHICLE 1 SWERVED TO AVOID VEHICLE 2 AND THE FRONT WHEEL OF VEHICLE 1 STRUCK THE FRONT WHEEL OF VEHICLE 2. VEHICLE 1 TRAVELED OFF THE EAST SIDE OF THE ROADWAY AND OVERTURNED, COMING TO REST ON ITS RIGHT SIDE FACING NORTHBOUND. DRIVER 1 WAS EJECTED COMING TO REST PARTIALLY IN THE ROADWAY OFF THE EAST SIDE OF THE ROADWAY. VEHICLE 2 CAME TO REST IN THE MIDDLE OF THE ROADWAY ON ITS LEFT SIDE FACING SOUTHWEST. ASSISTED BY TPR. J.H. HIRNER (819), TPR. B.T. QUIRING (907), CLINTON COUNTY SHERIFF?S DEPARTMENT AND TRI-COUNTY EMS."
1226229,3190019390,Missouri State Highway Patrol-Troop C,1563062400000,190405732,1,0,1,0,Personal Injury,JEFFERSON,NON-CITY OR UNINCORPORATED,C,2,2,0,528,0.1,A ,S ,RT TT,CRD HARNESS RD,Daylight,Motor Vehicle in Transport,1,64,Sun     ,0,0,0,0,0,0,0,1,1,0,0,0,0,0,0,1,0,0,0,0,0,0,0,0,0,38.12749,-90.35538,0,07/14/2019,16:10:00,VEHICLE 1 WAS TRAVELING SOUTHBOUND AND VEHICLE 2 WAS TRAVELING NORTHBOUND ON ROUTE TT. DRIVER 2 ATTEMPTED TO EFFECT A LEFT TURN INTO A PRIVATE DRIVE AND THE FRONT OF VEHICLE 2 STRUCK THE FRONT LEFT OF VEHICLE 1.
1229715,3190018418,Missouri State Highway Patrol-Troop C,1563062400000,190405772,1,0,0,1,Personal Injury,LINCOLN,NON-CITY OR UNINCORPORATED,C,1,1,0,2391,0.45,B ,S ,CRD LINNS MILL RD,CRD TRACKSIDE FARM RD,Daylight,Fixed Object,2,,Sun     ,0,0,0,0,0,0,0,0,0,0,0,0,0,0,0,1,0,0,0,0,0,0,0,0,0,38.9652,-91.04718,0,07/14/2019,16:32:00,"VEHICLE 1 TRAVELED OFF THE RIGHT SIDE OF THE ROAD, STRUCK A POLE, AND OVERTURNED."
835369,3190020462,Missouri State Highway Patrol-Troop A,1563062400000,190405861,1,0,0,1,Personal Injury,CARROLL,NON-CITY OR UNINCORPORATED,A,2,2,0,274,0.05,B ,W ,RT E,RT D,Daylight,Motor Vehicle in Transport,1,64,Sun     ,0,0,0,0,0,0,0,1,0,0,0,1,0,0,0,1,0,0,0,0,0,1,0,0,0,39.37979,-93.68222,0,07/14/2019,17:10:00,"CRASH OCCURRED AS NORTHBOUND VEHICLE1 RAN A STOP SIGN.  VEHICLE1 ATTEMPTED A RIGHT TURN ONTO ROUTE E.  VEHICLE1 WAS TRAVELING TOO FAST, AND STRUCK THE SIDE OF VEHICLE2.   ASSISTED BY TPR. J.H. THOMPSON/606/"
1126354,3190020583,Missouri State Highway Patrol-Troop E,1563148800000,190406040,3,1,0,3,Fatal,PEMISCOT,NON-CITY OR UNINCORPORATED,E,1,1,0,2640,0.5,A ,S ,RT B,CRD 254,Daylight,Fixed Object,2,,Sun     ,0,0,0,0,1,1,1,0,0,0,0,0,0,0,0,1,0,0,0,0,0,0,0,0,0,36.30626,-89.8264,1,07/14/2019,18:20:00,**** FATALITY CRASH **** NEXT OF KIN NOTIFIED ***** VEH1 RAN OFF THE ROADWAY STRIKING A DITCH AND OVERTURNED. EJECTING THREE OF THE PASSENGERS. A PASSENGER IN VEHICLE ONE PRONOUNCED BY MISSISSIPPI COUNTY ARKANSAS CORONER MIKE GODSEY AT 2127 HRS.  *** TROOP E FATALITY #26 FOR 2019
1285534,3190019350,Missouri State Highway Patrol-Troop C,1563062400000,190406228,1,0,0,1,Personal Injury,ST. FRANCOIS,NON-CITY OR UNINCORPORATED,C,1,1,0,675,0.13,A ,E ,RT M,CRD STATE HWY 8 OLD,Daylight,Fixed Object,2,,Sun     ,0,0,0,0,0,0,0,0,0,0,0,0,0,0,0,0,0,0,0,0,0,0,0,0,0,37.86678,-90.61222,0,07/14/2019,20:15:00,VEHICLE 1 WAS TRAVELING EASTBOUND ON ROUTE M.  VEHICLE 1 TRAVELED OFF THE RIGHT ROAD EDGE AND THEN THE LEFT ROAD EDGE.  THE FRONT RIGHT OF VEHICLE 1 STRUCK A CULVERT AND OVERTURNED. ASSISTED BY TPR. T. L. SULLIVAN (380).
925560,3190018597,Missouri State Highway Patrol-Troop D,1563062400000,190406328,1,0,1,0,Personal Injury,MCDONALD,NON-CITY OR UNINCORPORATED,D,1,1,0,36,0.01,B ,E ,CRD FLETCHER RIDGE RD,PVT OAKRIDGE RD,Dark-Unlighted,Fixed Object,2,,Sun     ,1,0,0,0,0,0,0,0,0,0,0,0,0,0,0,0,0,0,0,0,1,0,0,1,0,36.52236,-94.10409,0,07/14/2019,21:20:00,NR1 RAN OFF THE ROADWAY AND STRUCK A FENCE
1126744,3190018539,Missouri State Highway Patrol-Troop E,1563062400000,190406430,2,0,2,0,Personal Injury,REYNOLDS,NON-CITY OR UNINCORPORATED,G,1,1,0,4224,0.8,B ,E ,RT AA,CRD 468,Dark-Unlighted,Overturn,2,,Sun     ,1,0,0,0,1,0,0,0,0,0,0,0,0,0,0,1,0,0,0,0,1,0,0,1,0,37.1927,-90.75582,0,07/14/2019,23:00:00,"CRASH OCCURRED AS VEHICLE 1 FAILED TO NEGOTIATE A CURVE, RAN OFF ROADWAY AND OVERTURNED."
898024,3190018580,Missouri State Highway Patrol-Troop D,1563148800000,190406519,1,0,1,0,Personal Injury,GREENE,NON-CITY OR UNINCORPORATED,D,1,1,0,600,0.11,B ,W ,US 160,CRD 17,Dark-Unlighted,Fixed Object,2,,Mon     ,0,0,0,0,0,0,0,0,0,0,0,0,0,0,0,0,0,0,0,0,0,0,0,0,0,37.32367,-93.59576,0,07/15/2019,03:25:00,NR1 RAN OFF THE ROADWAY AND STRUCK A TREE
898025,3190018480,Missouri State Highway Patrol-Troop D,1563148800000,190406580,1,0,1,0,Personal Injury,GREENE,NON-CITY OR UNINCORPORATED,D,1,1,0,47,0.01,A ,N,RT NN,PVT KELLY SPRINGS LN,Daylight,Fixed Object,2,,Mon     ,0,0,0,0,1,0,0,1,1,0,0,0,0,0,0,1,0,0,0,0,0,0,0,0,0,37.11214,-93.19043,0,07/15/2019,06:35:00,VEHICLE #1 SLID OFF THE ROADWAY INTO THE DITCH AND STRUCK A TREE.
1501597,3190019364,Missouri State Highway Patrol-Troop H,1563148800000,190406606,0,1,0,0,Fatal,ATCHISON,NON-CITY OR UNINCORPORATED,H,1,1,0,1056,0.2,A ,N,US 59,CRD 280 ST,Daylight,Fixed Object,2,,Mon     ,0,0,0,0,0,0,0,0,0,0,0,0,0,0,0,1,0,0,0,0,0,0,0,0,0,40.32416,-95.36932,1,07/15/2019,06:45:00,"FATALITY REPORT -  CRASH OCCURRED AS VEH#1 WAS SOUTHBOUND ON US 59.  VEH#1 BEGAN SKIDDING AND WENT ACROSS THE CENTER LINE AND OFF THE EAST SIDE OF THE ROADWAY.  VEH#1'S FRONT DRIVER'S SIDE STRUCK AN EMBANKMENT.  VEH#1 OVERTURNED ONE TIME, EJECTING THE DRIVER, VEH#1 ROTATED COUNTER CLOCKWISE AND CAME TO REST ON ITS WHEELS FACING NORTH OFF THE EAST SIDE OF US 59.  DVR#1 WAS PRONOUNCED DEAD AT THE SCENE AT 0715 07/15/2019 BY THE ATCHISON COUNTY CORONER, SHAWN MINTER.    ASSISTED BY SGT. M. P. QUILTY (1221), TPR. J. D. FARMER (390), TPR. T. R. HECKER (680), TPR. K. L SHEWEY (W066), TARKIO FIRE DEPARTMENT, FAIRFAX FIRE DEPARTMENT, ATCHISON HOLT AMBULANCE DISTRICT, TARKIO PD, AND THE ATCHISON COUNTY SHERIFF'S DEPARTMENT."
1502061,3190018586,Missouri State Highway Patrol-Troop H,1563148800000,190406645,1,0,1,0,Personal Injury,ANDREW,NON-CITY OR UNINCORPORATED,H,1,1,0,311,0.06,B ,N,BU 71,CRD 3392,Daylight,Fixed Object,2,,Mon     ,0,0,0,0,0,1,1,0,0,0,0,0,0,0,0,1,0,0,0,0,0,0,0,0,0,39.90746,-94.80906,0,07/15/2019,07:25:00,"CRASH OCCURRED AS VEH #1 WAS NB ON BUSINESS 71 WHEN DVR#1 FELL ASLEEP AND RAN OFF THE RIGHT SIDE OF THE ROADWAY.  VEH#1 STRUCK A UTILITY POLE BECOMING AIRBORNE AND STRUCK A TREE.  VEH#1 CAME TO REST FACING NORTH ON COUNTY ROAD 3394.  ASSISTED BY CAPTAIN J. E. MCDONALD (10), CPL. A. J. WEBB (851), TPR. K. F. JEFFERS (669), ANDREW COUNTY SHERIFF'S DEPARTMENT AND SAVANNAH FIRE."
1182841,3190019446,Missouri State Highway Patrol-Troop B,1563148800000,190406664,1,0,1,0,Personal Injury,RANDOLPH,NON-CITY OR UNINCORPORATED,B,2,2,0,2888,0.55,B ,E ,RT M,CRD 2370,Daylight,Other Object,1,,Mon     ,0,0,0,0,0,0,0,1,1,0,0,0,0,0,0,1,0,0,0,0,1,0,0,1,1,39.39348,-92.37513,0,07/15/2019,07:40:00,VEHICLE 2 WAS STOPPED IN THE ROADWAY. VEHICLE 1 STRUCK VEHICLE 2 IN THE REAR.
803561,3190019237,Missouri State Highway Patrol-Troop A,1563148800000,190406667,1,0,1,0,Personal Injury,JOHNSON,NON-CITY OR UNINCORPORATED,A,2,2,0,3695,0.7,A ,W ,US 50,BRIDGE G0528,Daylight,Motor Vehicle in Transport,1,61,Mon     ,0,0,0,0,0,1,1,0,0,0,0,0,0,0,0,0,0,0,0,0,1,0,0,1,0,38.86987,-94.11522,0,07/15/2019,07:40:00,"CRASH OCCURRED AS VEHICLE2 WAS TURNING SOUTH FROM WESTBOUND.  VEHICLE1 STRUCK THE REAR OF VEHICLE2.  VEHICLE2 TRAVELED OFF THE ROADWAY.  VEHICLE1 WAS STOPPED, BLOCKING THE INTERSECTION."
1130848,3190018868,Missouri State Highway Patrol-Troop E,1563148800000,190406700,1,0,1,0,Personal Injury,CAPE GIRARDEAU,NON-CITY OR UNINCORPORATED,E,2,2,0,58,0.01,B ,S ,US 61,RP 79,Daylight,Motor Vehicle in Transport,1,63,Mon     ,0,0,0,0,0,0,0,1,0,1,0,0,0,0,0,0,0,0,0,0,0,0,0,0,1,37.42836,-89.6403,0,07/15/2019,07:45:00,CRASH OCCURRED AS VEHICLE ONE STRUCK THE FRONT RIGHT OF VEHICLE TWO AS BOTH VEHICLES WERE TURNING LEFT
920188,3190019712,Missouri State Highway Patrol-Troop D,1563148800000,190406769,9,0,9,0,Personal Injury,LAWRENCE,MOUNT VERNON,D,1,1,0,1890,0.36,A ,W ,RT V,MO 39,Daylight,Fixed Object,2,,Mon     ,0,0,0,0,0,0,0,1,1,0,0,0,0,0,0,0,0,0,0,0,0,0,0,0,1,37.09813,-93.83166,0,07/15/2019,08:35:00,OCCURRED AS VEH1 RAN OFF ROADWAY AND STRUCK AN EMBANKMENT.
1304710,3190018479,Missouri State Highway Patrol-Troop C,1563148800000,190406920,1,0,1,0,Personal Injury,WARREN,NON-CITY OR UNINCORPORATED,C,1,1,0,10,0,A ,N,CRD BOONE MONUMENT RD,CRD LOOP RD,Daylight,Fixed Object,2,,Mon     ,0,0,0,0,1,1,1,0,0,0,0,0,0,0,0,1,0,0,0,0,0,0,0,0,0,38.62694,-91.039,0,07/15/2019,10:03:00,"VEHICLE #1 WAS TRAVELING NORTHBOUND ON BOONE MONUMENT ROAD. DRIVER #1 FAILED TO NEGOTIATE A CURVE IN THE ROADWAY, RAN OFF THE RIGHT SIDE OF THE ROADWAY AND STRUCK AN AMEREN UTILITY POLE."
803563,3190018836,Missouri State Highway Patrol-Troop A,1563148800000,190406962,1,0,1,0,Personal Injury,JOHNSON,NON-CITY OR UNINCORPORATED,A,1,1,0,50,0.01,B ,E ,US 50,CRD NW 500,Daylight,Overturn,2,,Mon     ,0,0,0,0,1,1,1,0,0,0,0,0,0,0,0,1,0,0,0,0,0,0,0,0,0,38.84291,-93.95672,0,07/15/2019,10:25:00,"CRASH OCCURRED AS VEH 1 WAS EASTBOUND ON US 50 ATTEMPTING TO TURN ONTO COUNTY ROAD NW 500.  VEH 1 BEGAN SKIDDING, RAN OFF THE RIGHT SIDE OF THE ROADWAY, OVERTURNED AND STRUCK AN EMBAKMENT."
1285536,3190018420,Missouri State Highway Patrol-Troop C,1563148800000,190406968,2,0,2,0,Personal Injury,ST. FRANCOIS,NON-CITY OR UNINCORPORATED,C,2,2,0,290,0.05,A ,E ,MO 32,CRD COPELAND RD EJ,Daylight,Motor Vehicle in Transport,1,61,Mon     ,0,0,0,0,1,0,1,1,1,0,0,0,0,0,0,1,0,0,0,0,0,0,0,0,0,37.81547,-90.57287,0,07/15/2019,10:31:00,VEHICLE #1 AND VEHICLE #2 WERE TRAVELING EASTBOUND ON MISSOURI 32.  VEHICLE #2 SLOWED FOR A RAILROAD CROSSING WITH RED LIGHTS FLASHING.  VEHICLE #1 STRUCK THE REAR OF VEHICLE #2.
1301202,3190020045,Missouri State Highway Patrol-Troop C,1563148800000,190406982,1,0,1,0,Personal Injury,ST. CHARLES,NON-CITY OR UNINCORPORATED,C,1,1,0,2640,0.5,B ,W ,MO 94,RT H WJ,Daylight,Overturn,2,,Mon     ,0,0,0,0,1,1,1,0,0,0,0,0,0,0,0,1,0,0,0,0,1,0,0,1,0,38.85861,-90.45071,0,07/15/2019,10:40:00,"VEHICLE #1 WAS TRAVELING EASTBOUND ON MISSOURI 94, WEST OF MISSOURI H.   DRIVER #1 LOST CONTROL OF THE VEHICLE AND RAN OFF THE ROADWAY.  VEHICLE #1 OVERTURNED ONTO ITS LEFT SIDE.  ASSISTED BY TPR. A.D. BAKER (151)"
1226226,3190018775,Missouri State Highway Patrol-Troop C,1563148800000,190407019,2,0,2,0,Personal Injury,JEFFERSON,NON-CITY OR UNINCORPORATED,C,2,2,0,0,0,AT,E ,CRD IMPERIAL MAIN ST,RP 228715,Daylight,Motor Vehicle in Transport,1,64,Mon     ,0,0,0,0,0,0,0,0,0,1,0,0,0,0,0,1,0,0,0,0,1,0,0,1,0,38.36945,-90.38162,0,07/15/2019,11:05:00,"VEHICLE #1 WAS MAKING A LEFT TURN AT A GREEN ELECTRIC SIGNAL.  VEHICLE #2 WAS TRAVELING EASTBOUND AND FAILED TO STOP FOR A RED ELECTRIC SIGNAL.  DRIVER #2 STEERED RIGHT TO AVOID A CRASH, AND THE LEFT SIDE OF VEHICLE #2 STRUCK THE REAR LEFT OF VEHICLE #1.  VEHICLE #2 CONTINUED AND THE FRONT OF VEHICLE #2 STRUCK AN ELECTRIC SIGNAL."
1217253,3190018452,Missouri State Highway Patrol-Troop C,1563148800000,190407060,4,0,4,0,Personal Injury,FRANKLIN,NON-CITY OR UNINCORPORATED,C,3,3,0,63,0.01,A ,W ,IS 44,ERM WEST IS 44 MILE 2490,Daylight,Motor Vehicle in Transport,1,61,Mon     ,0,0,0,0,1,0,0,1,1,0,0,0,0,0,0,1,0,0,0,0,0,0,0,0,1,38.45199,-90.88872,0,07/15/2019,11:30:00,"TRAFFIC AHEAD CAME TO A STOP.  VEHICLE #3 CAME TO A STOP, AND VEHICLE #2 CAME TO A STOP BEHIND VEHICLE #3.  DRIVER #1 WAS UNABLE TO STOP IN TIME AND THE FRONT OF VEHICLE #1 STRUCK THE REAR OF VEHICLE #2, WHICH PUSHED THE FRONT OF VEHICLE #2 INTO THE REAR OF VEHICLE #3."
1285537,3190020421,Missouri State Highway Patrol-Troop C,1563148800000,190407079,1,0,1,0,Personal Injury,ST. FRANCOIS,NON-CITY OR UNINCORPORATED,C,1,1,0,68,0.01,A ,N,RT N,RT NN,Daylight,Overturn,1,,Mon     ,0,0,0,0,1,0,0,1,1,0,0,0,0,0,0,1,0,0,0,0,0,0,0,0,1,37.70817,-90.61937,0,07/15/2019,11:37:00,VEHICLE 1 WAS TRAVELING NORTH ON HIGHWAY N. DRIVER 1 WAS INATTENTIVE AND VEHICLE 1 EXITED THE ROADWAY TO THE RIGHT AND OVERTURNED.
1286561,3190020110,Missouri State Highway Patrol-Troop C,1563148800000,190407113,1,0,1,0,Personal Injury,ST. LOUIS,NON-CITY OR UNINCORPORATED,C,1,1,0,528,0.1,A ,E ,IS 44,ERM EAST IS 44 MILE 2602,Daylight,Fixed Object,2,,Mon     ,0,0,0,0,1,1,1,0,0,0,0,0,0,0,0,1,0,0,0,0,0,0,0,0,0,38.50194,-90.70338,0,07/15/2019,11:50:00,DRIVER #1 FAILED TO MAINTAIN CONTROL OF VEHICLE #1 AND VEHICLE #1 TRAVELED OFF THE RIGHT SIDE OF THE ROADWAY. VEHICLE #1 FRONT DRIVER'S SIDE STRUCK THE EMBANKMENT AND OVERTURNED ON TIME. VEHICLE #1'S DRIVER'S SIDE STRUCK A TREE. THE FORCE OF THE IMPACT CAUSED VEHICLE #1 TO ROTATE CLOCKWISE AND VEHICLE #1 CAME TO REST FACING EAST IN THE DITCH.