objectid,accident,agency,inv_date,complaint,injured,killed,min_inj,dis_inj,severity,county,city,troop,no_vehicle,motor_veh,left_scene,dist_feet,dist_mile,inter_loc,direction,on_street,at_street,light_cond,acc_type,on_off_rd,two_veh,day_week,dr_drink,dr_drug,ped_drink,ped_drug,speed,dr_under21,dr_under25,dr_over55,dr_over64,electrical,emer_veh,stop_sign,yield_sign,czone,hazmat,aggressive,cell_phone,texting,veh_defect,school_bus,truck,motorcycle,atv,pickup,cmv,gps_lat,gps_long,severity_fatal,acc_date,acc_time,narrative
1035882,3190018662,Missouri State Highway Patrol-Troop I,1563148800000,190407114,1,0,1,0,Personal Injury,PHELPS,NON-CITY OR UNINCORPORATED,I,1,1,0,1415,0.27,A ,W ,RT F,CRD 4010,Daylight,Fixed Object,2,,Mon     ,0,0,0,0,0,0,0,0,0,0,0,0,0,0,0,0,0,0,0,0,0,0,0,0,0,37.91079,-91.70251,0,07/15/2019,12:00:00,"DRIVER 1  SWERVED TO AVOID AN ONCOMING VEHICLE, LOST CONTROL OF VEHICLE 1 AND STRUCK AN UTILITY POLE."
1055764,3190019882,Missouri State Highway Patrol-Troop I,1563148800000,190407147,1,1,1,0,Fatal,CRAWFORD,BOURBON,I,2,2,0,121,0.02,A ,W ,IS 44,ERM WEST IS 44 MILE 2172,Daylight,Fixed Object,2,,Mon     ,0,0,0,0,1,0,1,0,0,0,0,0,0,0,0,1,0,0,0,0,1,0,0,1,0,38.14052,-91.27302,1,07/15/2019,12:25:00,"FATALITY CRASH - OCCURRED AS VEH 1 WAS WESTBOUND ON I-44. DVR 1 LOST CONTROL OF VEH 1. VEH 1 TRAVELED OFF OF THE INTERSTATE, CROSSED THE MEDIAN ONTO THE NORTH OUTER RD WHERE VEH 1 WAS STRUCK BY VEH 2. SUBJECT PRONOUNCED AT 1232 HRS BY CORONER PAUL HUDSON. NEXT OF KIN HAS BEEN NOTIFIED. THIS IS TROOP I'S 2ND FATALITY IN JULY AND 17TH IN 2019. ASSISTED BY  RECONSTRUCTIONIST TPR J S LEATHERS (822) AND MCIU SGT J A MULKEY (1186). ASSISTED BY TPR C W TIERNEY (1386)"
1296116,3190020124,Missouri State Highway Patrol-Troop C,1563148800000,190407154,2,0,2,0,Personal Injury,ST. LOUIS,NON-CITY OR UNINCORPORATED,C,1,1,0,422,0.08,A ,S ,IS 55,ERM SOUTH IS 55 MILE 1976,Daylight,Fixed Object,2,,Mon     ,0,0,0,0,1,1,1,0,0,0,0,0,0,0,0,1,0,0,0,0,0,0,0,0,0,38.51414,-90.33516,0,07/15/2019,12:30:00,"VEHICLE #1 WAS TRAVELING NORTHBOUND ON INTERSTATE 55 IN LANE 1.  VEHICLE 1 TRAVELED OFF THE LEFT SIDE OF THE ROADWAY, STRUCK CONCRETE BARRIER, AND OVERTURNED  ASSISTED BY TPR. T.J. STRAATMANN (959)"
1303165,3190020949,Missouri State Highway Patrol-Troop C,1563148800000,190407403,1,0,1,0,Personal Injury,ST. LOUIS,FENTON,C,6,6,0,253,0.05,B ,W ,IS 44,ERM WEST IS 44 MILE 2758,Daylight,Fixed Object,2,,Mon     ,0,0,0,0,0,1,1,1,1,0,0,0,0,1,0,1,0,0,1,0,1,0,0,1,0,38.54322,-90.43661,0,07/15/2019,14:45:00,"ALL VEHICLES WERE TRAVELING EASTBOUND ON INTERSTATE 44. VEHICLE 1'S FRONT LEFT TIRE BLEW CAUSING IT TO TRAVEL OFF THE LEFT SIDE OF THE ROAD AND STRIKE THE CONCRETE TRAFFIC BARRIER. VEHICLE 1 RETURNED TO THE ROAD AND TRAVELED INTO LANE 2. DRIVER 3 ATTEMPTED TO SLOW AND STOP. THE FRONT OF VEHICLE 3 STRUCK THE REAR OF VEHICLE 1. DRIVERS 4, 5, AND 6, SLOWED TO AVOID STRIKING VEHICLE 3. DRIVER 6 WAS UNABLE TO STOP AND THE FRONT OF VEHICLE 6 STRUCK THE REAR OF VEHICLE 5. THE FORCE OF THE IMPACT CAUSED VEHICLE 5 TO STRIKE THE REAR OF VEHICLE 4. THE FORCE OF THE IMPACT CAUSED THE FRONT OF VEHICLE 4 TO STRIKE THE REAR OF VEHICLE 3. THE FORCE OF THE IMPACT BETWEEN VEHICLES 1 AND 3, CAUSED VEHICLE 1 TO TRAVEL BACK INTO LANE 1. DRIVER 2 ATTEMPTED TO SLOW AND THE RIGHT FRONT OF VEHICLE 2 STRUCK THE DRIVER SIDE REAR OF VEHICLE 1."
1320102,3190018354,Missouri State Highway Patrol-Troop G,1563148800000,190407419,2,0,2,0,Personal Injury,TEXAS,NON-CITY OR UNINCORPORATED,G,1,1,0,154,0.03,A ,N,MO 17,CRD LILY ROAD,Daylight,Overturn,2,,Mon     ,0,0,0,0,0,0,1,0,0,0,0,0,0,0,0,0,0,0,0,0,0,0,0,0,0,37.28997,-91.94845,0,07/15/2019,14:58:00,OCCURRED AS VEHICLE #1 TRAVELED OFF OF THE RIGHT SIDE OF ROADWAY AND OVERTURNED
1337731,3190019593,Missouri State Highway Patrol-Troop G,1563148800000,190407470,2,1,1,1,Fatal,SHANNON,NON-CITY OR UNINCORPORATED,G,2,2,0,2122,0.4,B ,S ,MO 19,CRD 513A,Daylight,Motor Vehicle in Transport,1,60,Mon     ,0,0,0,0,0,0,0,0,0,0,0,0,0,0,0,1,0,0,0,0,0,0,0,0,0,37.06818,-91.34411,1,07/15/2019,15:25:00,"FATALITY ACCIDENT - VEHICLE 1 CROSSED THE CENTER OF THE ROADWAY AND STRUCK ONCOMING VEHICLE 2.  DRIVER 1 PRONOUNCED DEAD AT THE SCENE BY DEPUTY CORONER HUNTER WARREN AT 1600 HOURS.  NEXT OF KIN NOTIFIED. TROOP G FATALITY NUMBER 14 COMPARED TO 20 AT THIS TIME IN 2018.  ASSISTING OFFICERS: MSGT. B. D. FOSTER (1303), MSGT. T. E. YOUNG (749) AND CPL. J. S. CUNNINGHAM (451), CPL. M. B. LOMEDICO (481) AND TPR. J. M. KENYON (1213)."
1213250,3190018813,Missouri State Highway Patrol-Troop C,1563148800000,190407519,1,0,1,0,Personal Injury,WARREN,WRIGHT CITY,C,1,1,0,0,0,AT,W ,IS 70,ERM WEST IS 70 MILE 2004,Daylight,Fixed Object,2,,Mon     ,0,0,0,0,1,0,0,0,0,0,0,0,0,0,0,1,0,0,0,0,0,0,0,0,0,38.82974,-91.01399,0,07/15/2019,15:55:00,"VEHICLE #1 WAS TRAVELING WESTBOUND  INTERSTATE 70 IN THE LEFT LANE. DRIVER #1 LOST CONTROL OF VEHICLE #1,  TRAVELED OFF THE RIGHT SIDE OF THE ROADWAY AND STRUCK A GUARDRAIL.  VEHICLE #1 CROSSED BOTH LANES, TRAVELING OFF THE LEFT SIDE OF THE ROADWAY, AND STRUCK A CONCRETE BARRIER."
1217237,3190019427,Missouri State Highway Patrol-Troop C,1563148800000,190407526,1,0,1,0,Personal Injury,FRANKLIN,NON-CITY OR UNINCORPORATED,C,1,1,0,50,0.01,B ,W ,IS 44,ERM WEST IS 44 MILE 2424,Daylight,Fixed Object,2,,Mon     ,0,0,0,0,1,0,0,0,0,0,0,0,0,0,0,1,0,0,0,0,1,0,0,1,0,38.38349,-90.96156,0,07/15/2019,15:55:00,"VEHICLE 1 WAS TRAVELING WESTBOUND ON INTERSTATE 44. VEHICLE 1 HYDROPLANED AND SLID OFF THE LEFT SIDE OF THE ROADWAY, STRIKING THE CONCRETE MEDIAN DIVIDER. VEHICLE 1 THEN RETURNED TO THE ROADWAY AND SLID OFF THE RIGHT SIDE OF THE ROADWAY."
813075,3190020820,Missouri State Highway Patrol-Troop A,1563148800000,190407527,1,0,1,0,Personal Injury,BENTON,WARSAW,A,2,2,0,0,0,AT,W ,CRD TRUMAN DAM ACCESS,RP 283920,Daylight,Motor Vehicle in Transport,1,64,Mon     ,0,0,0,0,0,1,1,1,1,0,0,1,0,0,0,1,0,0,0,0,0,0,0,0,0,38.26505,-93.36755,0,07/15/2019,15:55:00,"CRASH OCCURRED AS VEH 1 FAILED TO STOP AT STOP SIGN, STRIKING VEH 2 IN THE INTERSECTION.  VEH 2 THEN ROLLED ONTO ITS SIDE BEFORE COMING TO REST BACK ON ALL FOUR TIRES. ASSISTED BY MSGT N K JOHNSON/1112"
1187260,3190019264,Missouri State Highway Patrol-Troop B,1563148800000,190407583,3,0,3,0,Personal Injury,MARION,NON-CITY OR UNINCORPORATED,B,2,2,0,3168,0.6,B ,S ,CRD 275,CRD 258,Daylight,Motor Vehicle in Transport,1,61,Mon     ,0,0,0,0,0,1,1,1,1,0,0,0,0,0,0,1,0,0,0,0,1,0,0,1,1,39.72871,-91.53777,0,07/15/2019,16:22:00,"VEHICLE 2 SLOWED TO MAKE A TURN AND WAS STRUCK IN THE REAR BY VEHICLE 1. ASSISTED BY MARION COUNTY SHERIFF'S DEPARTMENT, PALMYRA FIRE DEPARTMENT, AND MARION COUNTY AMBULANCE."
1330469,3190019167,Missouri State Highway Patrol-Troop G,1563148800000,190407593,4,0,3,1,Personal Injury,HOWELL,NON-CITY OR UNINCORPORATED,G,2,2,0,10,0,A ,E ,US 160,CRD 8040,Daylight,Motor Vehicle in Transport,1,64,Mon     ,0,0,0,0,0,0,0,1,0,0,0,1,0,0,0,1,0,0,0,0,0,0,0,0,0,36.74121,-91.81139,0,07/15/2019,16:33:00,OCCURRED AS VEHICLE# 1 PULLED INTO PATH OF VEHICLE #2.
934210,3190018722,Missouri State Highway Patrol-Troop D,1563148800000,190407672,1,0,0,1,Personal Injury,JASPER,PURCELL,D,1,1,0,26,0,B ,E ,RT D,CRD 6TH ST EJ,Daylight,Overturn,1,,Mon     ,0,0,0,0,0,0,0,0,0,0,0,0,0,0,0,0,0,0,0,0,0,0,0,0,0,37.23876,-94.43142,0,07/15/2019,17:15:00,NR1 STRUCK A DOG IN THE ROADWAY. NR1 OVERTURNED ON THE ROAD.
1263802,3190018812,Missouri State Highway Patrol-Troop C,1563148800000,190407694,1,0,0,1,Personal Injury,WARREN,WARRENTON,C,1,1,0,0,0,AT,E ,IS 70,ERM EAST IS 70 MILE 1956,Daylight,Fixed Object,2,,Mon     ,0,0,0,0,1,0,0,1,1,0,0,0,0,0,0,1,0,0,0,0,0,0,0,0,0,38.81946,-91.10287,0,07/15/2019,17:30:00,"VEHICLE 1 WAS TRAVELING EASTBOUND ON INTERSTATE 70 IN THE LEFT LANE. DRIVER 1 LOST CONTROL. VEHICLE 1 TRAVELED OFF THE RIGHT SIDE OF THE ROADWAY, STRUCK A MILE MARKER SIGN, AND OVERTURNED SEVERAL TIMES, COMING TO REST ON ITS ROOF."
1227548,3190019479,Missouri State Highway Patrol-Troop C,1563148800000,190407781,1,0,1,0,Personal Injury,ST. LOUIS,BRIDGETON,C,1,1,0,432,0.08,B ,S ,RP 6399,IS 70,Daylight,Fixed Object,2,,Mon     ,0,0,0,0,1,0,1,0,0,0,0,0,0,0,0,1,0,0,0,0,0,0,0,0,0,38.74306,-90.3973,0,07/15/2019,18:10:00,"VEHICLE 1 WAS TRAVELING SOUTHBOUND ON US-67 ON THE EXIT RAMP TO EASTBOUND INTERSTATE 70. VEHICLE 1 WAS TRAVELING TOO FAST FOR THE WET ROAD CONDITIONS. DRIVER 1 LOST CONTROL OF VEHICLE 1, TRAVELED OFF THE LEFT SIDE OF THE ROADWAY, AND STRUCK A LIGHT POLE. ASSISTED BY TPR. A. M. COLLINS (216)."
941399,3190019387,Missouri State Highway Patrol-Troop D,1563148800000,190407791,1,0,1,0,Personal Injury,DALLAS,NON-CITY OR UNINCORPORATED,D,1,1,0,897,0.17,A ,N,RT H,CRD NAVY RD,Daylight,Fixed Object,2,,Mon     ,1,0,0,0,0,0,0,1,0,0,0,0,0,0,0,0,0,0,0,0,1,0,0,1,0,37.59083,-93.04107,0,07/15/2019,18:10:00,"CRASH OCCURRED AS VEHICLE #1 RAN OFF LEFT SIDE OF THE ROADWAY, STRUCK THE DITCH, AND OVERTURNED."
1296115,3190019788,Missouri State Highway Patrol-Troop C,1563148800000,190407820,1,0,1,0,Personal Injury,ST. LOUIS,NON-CITY OR UNINCORPORATED,C,3,3,0,126,0.02,A ,W ,IS 70,RP 6388 WJ,Daylight,Motor Vehicle in Transport,1,61,Mon     ,0,0,0,0,1,0,0,0,0,0,0,0,0,0,0,1,0,0,0,0,0,0,0,0,0,38.74811,-90.43813,0,07/15/2019,18:25:00,DRIVER 1 FAILED TO OBSERVE VEHICLES 3 AND 2  STOPPED FOR TRAFFIC. THE FRONT OF VEHICLE 1 STRUCK THE REAR OF VEHICLE 2 CAUSING VEHICLE 2 TO STRIKE THE REAR OF VEHICLE 3.
1226232,3190019389,Missouri State Highway Patrol-Troop C,1563148800000,190407868,1,0,1,0,Personal Injury,JEFFERSON,NON-CITY OR UNINCORPORATED,C,3,3,0,0,0,AT,N,US 61,MO 231,Daylight,Motor Vehicle in Transport,1,64,Mon     ,0,0,0,0,0,1,1,0,0,1,0,0,0,0,0,1,0,0,0,0,1,0,0,1,0,38.40497,-90.37697,0,07/15/2019,18:55:00,"DRIVER 1 FAILED TO YIELD TO VEHICLE 2 BY ATTEMPTING TO MAKE A LEFT TURN ONTO TELEGRAPH ROAD FROM JEFFCO BOULEVARD.  VEHICLE 1'S FRONT IMPACTED VEHICLE 2'S FRONT LEFT SIDE, CAUSING VEHICLE 2'S FRONT TO IMPACT VEHICLE 3'S FRONT.  ALL THREE VEHICLES CAME TO REST IN THE CENTER OF THE INTERSECTION OF JEFFCO BOULEVARD AND TELEGRAPH ROAD"
1229714,3190018734,Missouri State Highway Patrol-Troop C,1563148800000,190407898,3,0,2,1,Personal Injury,LINCOLN,NON-CITY OR UNINCORPORATED,C,1,1,0,36,0.01,B ,E ,RT V,PVT WHIPOORWILL TRL,Daylight,Fixed Object,2,,Mon     ,1,0,0,0,1,0,0,0,0,0,0,0,0,0,0,1,0,0,0,0,0,0,0,0,0,39.08358,-90.94544,0,07/15/2019,19:15:00,"VEHICLE 1 RAN OFF THE RIGHT SIDE OF THE ROADWAY, STRUCK AN EMBANKMENT AND OVERTURNED. ASSISTED BY CPL. B. W. LONG (855)"
969116,3190018558,Missouri State Highway Patrol-Troop D,1563148800000,190408133,1,0,1,0,Personal Injury,BARRY,NON-CITY OR UNINCORPORATED,D,2,2,0,2101,0.4,B ,W ,RT B,BRIDGE Y0149,Dark-Unlighted,Motor Vehicle in Transport,1,62,Mon     ,0,0,0,0,0,1,1,0,0,0,1,0,0,0,0,1,0,0,0,0,0,0,0,0,0,36.81637,-93.94048,0,07/15/2019,22:40:00,"VEHICLE 1 CROSSED THE CENTER LINE AND STRUCK VEHICLE 2,"
839800,3190019505,Missouri State Highway Patrol-Troop A,1563148800000,190408138,1,0,1,0,Personal Injury,LAFAYETTE,NON-CITY OR UNINCORPORATED,A,1,1,0,1905,0.36,B ,S ,MO 13,CRD LONG GROVE RD,Dark-Unlighted,Fixed Object,2,,Mon     ,0,0,0,0,0,0,1,0,0,0,0,0,0,0,0,1,1,0,0,0,1,0,0,1,0,39.10805,-93.75597,0,07/15/2019,22:40:00,"CRASH OCCURRED AS VEHICLE 1 TRAVELED OFF THE RIGHT SIDE OF THE ROADWAY. VEHICLE 1 STRUCK A FENCE AND CONTINUED TRAVELING IN AN OPEN FIELD BEFORE STRIKING A TREE AND COMING TO REST. ASSISTED BY TPR. M. J. OWEN /488/, LAFAYETTE COUNTY, AND HIGGINSVILLE PD"
901639,3190019029,Missouri State Highway Patrol-Troop D,1563235200000,190408178,2,0,0,2,Personal Injury,ST. CLAIR,LOWRY CITY,D,1,1,0,135,0.03,B ,S ,MO 13,CST MAHAN,Dark-Unlighted,Fixed Object,2,,Mon     ,0,0,0,0,0,0,1,0,0,0,0,0,0,0,0,1,0,0,0,0,0,0,0,0,0,38.14612,-93.72313,0,07/15/2019,23:25:00,"NR1 RAN OFF THE ROADWAY, STRUCK A DITCH AND OVER TURNED."
1171059,3190019104,Missouri State Highway Patrol-Troop F,1563148800000,190408179,1,0,0,1,Personal Injury,MORGAN,NON-CITY OR UNINCORPORATED,F,1,1,0,1541,0.29,B ,E ,MO 52,RT AA,Dark-Unlighted,Fixed Object,2,,Mon     ,1,0,0,0,0,0,0,1,1,0,0,0,0,0,0,0,0,0,0,0,0,0,0,0,0,38.38137,-92.67965,0,07/15/2019,23:33:00,OCCURRED AS VEHICLE 1 TRAVELED OFF THE RIGHT SIDE OF THE ROADWAY STRIKING A SIGN AND A CULVERT. ASSISTED BY TPR M. R. PARKER (816)
784083,3190018595,Missouri State Highway Patrol-Troop A,1563235200000,190408277,1,0,0,1,Personal Injury,CLAY,KANSAS CITY,A,2,2,0,52,0.01,B ,N,IS 435,BRIDGE A1667,Dark-Unlighted,Motor Vehicle in Transport,1,63,Tue     ,0,0,0,0,0,0,0,0,0,0,0,0,0,0,1,1,0,0,0,0,1,0,0,1,1,39.18028,-94.49279,0,07/16/2019,05:10:00,"CRASH OCCURRED AS VEHICLE 1 BEGAN TO OVERTAKE VEHICLE 2 AND STRUCK THE LEFT SIDE OF VEHICLE 2. AFTER IMPACT, VEHICLE 1 TRAVELED OFF THE RIGHT SIDE OF THE ROADWAY AND STRUCK THE GUARDRAIL. ASSISTED BY TPR D R BECKER /219/."
1226254,3190018776,Missouri State Highway Patrol-Troop C,1563235200000,190408336,1,0,1,0,Personal Injury,JEFFERSON,NON-CITY OR UNINCORPORATED,C,1,1,0,174,0.03,A ,N,CRD SALINE RD,PVT STONE CLIFF DR,Daylight,Fixed Object,2,,Tue     ,0,0,0,0,1,0,0,0,0,0,0,0,0,0,0,1,0,0,0,0,0,0,0,0,0,38.49459,-90.45158,0,07/16/2019,06:50:00,DRIVER 1 LOST CONTROL OF VEHICLE 1 CAUSING VEHICLE 1 TO TRAVEL OFF THE ROADWAY AND STRIKE AND EMBANKMENT.
1508854,3190018741,Missouri State Highway Patrol-Troop H,1563235200000,190408428,1,0,1,0,Personal Injury,HOLT,NON-CITY OR UNINCORPORATED,H,1,1,0,1758,0.33,A ,S ,US 59,WOR 29,Daylight,Fixed Object,2,,Tue     ,0,0,0,0,0,0,0,1,1,0,0,0,0,0,0,1,0,0,0,0,1,0,0,1,0,40.0395,-95.14152,0,07/16/2019,07:41:00,CRASH OCCURRED AS VEH#1 WAS SOUTHBOUND ON US 59. VEH#1 WENT OFF THE WEST SIDE OF THE ROAD. VEH#1 CONTINUED SOUTHBOUND ALONG AN EMBANKMENT.  THE UNDERCARRIAGE OF VEH#1 STRUCK THE EMBANKMENT AND VEH#1 CAME TO REST OFF THE WEST US 59 ON ITS WHEELS FACING SOUTH.
839782,3190018884,Missouri State Highway Patrol-Troop A,1563235200000,190408581,1,0,1,0,Personal Injury,LAFAYETTE,NON-CITY OR UNINCORPORATED,A,1,1,0,285,0.05,A ,E ,IS 70,ERM EAST IS 70 MILE 418,Daylight,Fixed Object,2,,Tue     ,0,0,0,0,0,0,0,0,0,0,0,0,0,0,0,0,0,0,0,0,0,0,0,0,0,39.00493,-93.87159,0,07/16/2019,08:30:00,CRASH OCCURRED AS VEHICLE 1 TRAVELED OFF THE RIGHT SIDE OF THE ROADWAY AND IMPACTED A GUARDRAIL.
1217234,3190019095,Missouri State Highway Patrol-Troop C,1563235200000,190408670,0,0,0,0,Property Damage,FRANKLIN,NON-CITY OR UNINCORPORATED,C,1,1,0,1320,0.25,B ,N,CRD HENDRICKS ROAD,RT HH,Daylight,Fixed Object,2,,Tue     ,0,0,0,0,0,0,0,1,0,0,0,0,0,0,0,1,0,0,0,0,0,0,0,0,0,38.32835,-90.7898,0,07/16/2019,09:38:00,VEHICLE 1 TRAVELED OFF THE LEFT SIDE OF THE ROADWAY AND STRUCK SEVERAL TREES.
852490,3190018840,Missouri State Highway Patrol-Troop A,1563235200000,190408685,2,0,2,0,Personal Injury,PETTIS,NON-CITY OR UNINCORPORATED,A,2,2,0,85,0.02,B ,S ,US 65,CRD ANGUS DR,Daylight,Motor Vehicle in Transport,1,61,Tue     ,0,0,0,0,1,0,1,0,0,0,0,0,0,0,0,1,0,0,0,0,1,0,0,1,0,38.87756,-93.21732,0,07/16/2019,09:45:00,CRASH OCCURRED AS VEHICLE1 REAR-ENDED VEHICLE2 WHEN VEHICLE2  SLOWED TO MAKE A LEFT TURN INTO THE MEDIAN CROSSOVER.  VEHICLE2 SLID OFF THE LEFT SIDE OF THE ROAD AND CAME TO REST FACING NORTHWEST.  VEHICLE 1 CAME TO REST IN THE LEFT LANE FACING SOUTHWEST.
1213251,3190018686,Missouri State Highway Patrol-Troop C,1563235200000,190408722,1,0,1,0,Personal Injury,WARREN,WRIGHT CITY,C,1,1,0,5,0,B ,W ,IS 70,ERM WEST IS 70 MILE 2010,Daylight,Fixed Object,2,,Tue     ,0,0,0,0,0,0,0,1,1,0,0,0,0,0,0,0,0,0,0,0,0,0,0,0,0,38.82665,-91.0049,0,07/16/2019,10:08:00,VEHICLE #1 WAS TRAVELING WESTBOUND ON INTERSTATE 70.  DRIVER #1 SUFFERED A MEDICAL CONDITION CAUSING VEHICLE #1 TO TRAVEL OFF THE LEFT SIDE OF THE ROADWAY AND STRIKE THE CABLE MEDIAN BARRIER.
958054,3190018801,Missouri State Highway Patrol-Troop D,1563235200000,190408726,2,0,2,0,Personal Injury,TANEY,NON-CITY OR UNINCORPORATED,D,2,2,0,375,0.07,A ,W ,RT F,CRD LOWE RD,Daylight,Motor Vehicle in Transport,1,60,Tue     ,0,0,0,0,0,0,0,0,0,0,0,0,0,0,0,1,0,0,0,0,1,0,0,1,0,36.7181,-93.20457,0,07/16/2019,10:05:00,NR1 CROSSED CENTER OF ROAD AND STRUCK NR2 HEAD-ON.
1217235,3190019214,Missouri State Highway Patrol-Troop C,1563235200000,190408935,1,0,1,0,Personal Injury,FRANKLIN,NON-CITY OR UNINCORPORATED,C,2,2,0,12,0,B ,E ,MO 100,CRD ST JOHNS ROAD,Daylight,Motor Vehicle in Transport,1,61,Tue     ,0,0,0,0,0,0,0,1,1,0,0,0,0,0,0,0,0,0,0,0,0,0,0,0,0,38.5265,-90.94456,0,07/16/2019,11:57:00,VEHICLE 2 SLOWED TO MAKE A RIGHT TURN. VEHICLE 1 HIT VEHICLE 2.
858625,3190019432,Missouri State Highway Patrol-Troop A,1563235200000,190408966,1,0,1,0,Personal Injury,JACKSON,BLUE SPRINGS,A,2,2,Y,2640,0.5,B ,E ,IS 70,CST ADAMS DAIRY PKWY,Daylight,Motor Vehicle in Transport,1,63,Tue     ,0,0,0,0,0,,,,,0,0,0,0,0,,1,0,0,0,0,0,0,0,0,1,39.02855,-94.25839,0,07/16/2019,12:15:00,"CRASH OCCURRED AS VEH 2 CHANGED LANES INTO VEH 1, CAUSING IT TO LEAVE THE ROADWAY AND STRIKE THE MEDIAN CABLES.  VEH 2 LEFT THE SCENE AND CONTINUED EAST ON I-70. ASSISTED BY MSGT R S SMITH/691 AND TPR B W MONTGOMERY/1348"
793151,3190018770,Missouri State Highway Patrol-Troop A,1563235200000,190409206,1,0,0,1,Personal Injury,CASS,NON-CITY OR UNINCORPORATED,A,1,1,0,2112,0.4,B ,E ,CRD 227TH STREET,CRD TIMBERVIEW RD,Daylight,Fixed Object,2,,Tue     ,0,0,0,0,0,0,0,1,1,0,0,0,0,0,0,1,0,0,0,0,0,0,0,0,0,38.70445,-94.29716,0,07/16/2019,14:05:00,CRASH OCCURRED AS VEHICLE #1 WAS TRAVELING EASTBOUND.  VEHICLE #1 TRAVELED OFF RIGHT SIDE OF ROADWAY AND OVERTURNED.  ASSISTED BY TPR. B.R. SIERCKS/1252/.
1042907,3190019021,Missouri State Highway Patrol-Troop I,1563321600000,190409240,1,0,0,1,Personal Injury,LACLEDE,NON-CITY OR UNINCORPORATED,I,1,1,0,1990,0.38,B ,E ,MO 32,CRD VALLEY VISTA DR,Daylight,Fixed Object,2,,Wed     ,0,0,0,0,0,0,0,0,0,0,0,0,0,0,0,0,1,0,0,0,1,0,0,1,0,37.5904,-92.35694,0,07/17/2019,14:20:00,"OCCURRED AS DVR 1 WENT OFF RIGHT SIDE OF ROADWAY, CROSSED BACK OVER ROADWAY AND WENT OFF LEFT SIDE OF ROADWAY, THEN STRUCK A TREE"
793179,3190019371,Missouri State Highway Patrol-Troop A,1563235200000,190409325,2,0,2,0,Personal Injury,CASS,NON-CITY OR UNINCORPORATED,A,2,2,0,21,0,B ,N,MO 291,CRD 235TH ST,Daylight,Motor Vehicle in Transport,1,61,Tue     ,0,0,0,0,0,0,0,0,0,0,0,0,0,0,0,1,0,0,0,0,1,0,0,1,1,38.69208,-94.36624,0,07/16/2019,15:05:00,"THE CRASH OCCURRED IN THE INTERSECTION OF MISSOURI 291 AT COUNTY ROAD 235TH STREET.  VEHICLE #2, TRAVELING NORTHBOUND ON MISSOURI 291, SLOWED TO TURN EAST ONTO COUNTY ROAD 235TH STREET. VEHICLE #1, ALSO TRAVELING NORTHBOUND ON MISSOURI 291, BEHIND VEHICLE #2, STRUCK THE REAR OF VEHICLE #2'S TOWED UNIT. VEHICLE #2'S TOWED UNIT TRAVELED PARTIALLY OFF THE EAST SIDE OF MISSOURI 291 WHERE IT AND VEHICLE #2 REACHED FINAL REST. VEHICLE #1 CROSSED THE CENTER OF MISSOURI 291 AND TRAVELED OFF THE WEST SIDE OF THE ROADWAY, REACHING FINAL REST OFF THE ROADWAY, FACING NORTH.  ASSISTED BY CPL. D.A. JONES/854/ AND TPR. J.C. EWING/524/"
893677,3190019541,Missouri State Highway Patrol-Troop D,1563235200000,190409479,2,0,2,0,Personal Injury,LAWRENCE,NON-CITY OR UNINCORPORATED,D,2,2,0,0,0,AT,W ,US 60,BU 60,Daylight,Motor Vehicle in Transport,1,64,Tue     ,0,0,0,0,0,1,1,0,0,0,0,1,0,0,0,1,0,0,0,0,0,0,0,0,0,36.9282,-93.84089,0,07/16/2019,16:20:00,ACCIDENT OCCURRED AS NBR 1 FAILED TO YIELD AND PULLED INTO THE PATH OF NBR 2.
925562,3190018815,Missouri State Highway Patrol-Troop D,1563235200000,190409550,1,0,1,0,Personal Injury,MCDONALD,NON-CITY OR UNINCORPORATED,D,1,1,0,3695,0.7,A ,N,CRD HILL TOP,PVT YARBROUGH CIR,Daylight,Fixed Object,2,,Tue     ,0,0,0,0,1,0,0,0,0,0,0,0,0,0,0,1,0,0,1,0,0,1,0,0,0,36.53117,-94.5178,0,07/16/2019,16:30:00,ACCIDENT OCCURRED AS NBR 1 FAILED TO NEGOTIATE A CURVE WENT OFF THE ROADWAY AND OVERTURNED.
1281089,3190018821,Missouri State Highway Patrol-Troop C,1563235200000,190409569,1,0,1,0,Personal Injury,ST. LOUIS,MARYLAND HEIGHTS,C,2,2,0,491,0.09,B ,W ,IS 270,ERM SOUTH IS 270 MILE 1920,Daylight,Motor Vehicle in Transport,1,64,Tue     ,0,0,0,0,0,0,0,1,1,0,0,0,0,0,0,0,0,0,0,0,1,0,0,0,1,38.73709,-90.4424,0,07/16/2019,16:48:00,DRIVER 1 SLOWED TO AVOID ANOTHER VEHICLE CAUSING VEHICLE 1 TO SPIN. VEHICLE 2 WAS THEN STRUCK BY VEHICLE 1. ASSISTED BY MSGT M. E. BRONIEC (598)
995784,3190018674,Missouri State Highway Patrol-Troop D,1563235200000,190409666,1,0,1,0,Personal Injury,STONE,NON-CITY OR UNINCORPORATED,D,1,1,0,280,0.05,A ,S ,CRD JOE BALD RD,CRD FOX FIRE KNOLL DR,Daylight,Fixed Object,2,,Tue     ,0,0,0,0,0,0,0,0,0,0,0,0,0,0,0,0,0,0,0,0,1,0,0,1,0,36.63621,-93.44895,0,07/16/2019,17:39:00,CRASH OCCURRED AS DRIVER SUFFERED A MEDICAL CONDITION.  VEH 1 VEERED ACROSS THE CENTER LINE AND OFF THE LEFT SIDE OF THE ROADWAY BEFORE STRIKING A TREE.