objectid,accident,agency,inv_date,complaint,injured,killed,min_inj,dis_inj,severity,county,city,troop,no_vehicle,motor_veh,left_scene,dist_feet,dist_mile,inter_loc,direction,on_street,at_street,light_cond,acc_type,on_off_rd,two_veh,day_week,dr_drink,dr_drug,ped_drink,ped_drug,speed,dr_under21,dr_under25,dr_over55,dr_over64,electrical,emer_veh,stop_sign,yield_sign,czone,hazmat,aggressive,cell_phone,texting,veh_defect,school_bus,truck,motorcycle,atv,pickup,cmv,gps_lat,gps_long,severity_fatal,acc_date,acc_time,narrative
1227528,3190020021,Missouri State Highway Patrol-Troop C,1563235200000,190409670,1,0,1,0,Personal Injury,ST. LOUIS,BRIDGETON,C,2,2,0,464,0.09,B ,W ,IS 70,ERM WEST IS 70 MILE 2340,Daylight,Motor Vehicle in Transport,1,61,Tue     ,0,0,0,0,0,0,0,1,1,0,0,0,0,0,0,1,0,0,0,0,0,0,0,0,0,38.74378,-90.41595,0,07/16/2019,17:40:00,"VEHICLE 1 WAS TRAVELING ON WESTBOUND I-70, IN LANE 1. VEHICLE 2 WAS TRAVELING ON WESTBOUND I-70, IN LANE 1, AHEAD OF VEHICLE 1. VEHICLE 2 STOPPED FOR TRAFFIC. VEHICLE 1 SLOWED, BUT IMPACTED VEHICLE 2 IN THE REAR."
1155506,3190018894,Missouri State Highway Patrol-Troop E,1563235200000,190409865,1,0,1,0,Personal Injury,SCOTT,NON-CITY OR UNINCORPORATED,E,1,1,0,500,0.09,B ,S ,IS 55,ERM SOUTH IS 55 MILE 826,Daylight,Fixed Object,2,,Tue     ,0,0,0,0,1,0,0,1,0,0,0,0,0,0,0,1,0,0,0,0,0,0,0,0,1,37.11384,-89.53666,0,07/16/2019,19:20:00,CRASH OCCCURED AS VEHICLE 1 RAN OFF THE ROADWAY AND STRUCK THE CABLE BARRIER.  STATE PROPERTY DAMAGE TO 10 CABLE BARRIER POSTS.
1189809,3190019640,Missouri State Highway Patrol-Troop B,1563235200000,190409959,1,0,1,0,Personal Injury,LINN,NON-CITY OR UNINCORPORATED,B,2,2,0,1584,0.3,A ,N,RT M,RT C NJ,Daylight,Motor Vehicle in Transport,1,60,Tue     ,0,0,0,0,0,0,1,0,0,0,0,0,0,1,0,1,0,0,0,0,0,0,0,0,0,39.96072,-93.05726,0,07/16/2019,20:13:00,VEHICLE 1 WAS SOUTHBOUND AND MET VEHICLE 2 (A PILOT VEHICLE IN A CONSTRUCTION ZONE WHICH WAS NORTHBOUND IN THE SOUTHBOUND LANE) ON A HILLCREST WHERE THE VEHICLES COLLIDED.  ASSISTED BY THE LINN COUNTY SHERIFF'S OFFICE AND LINN COUNTY AMBULANCE.
1040677,3190019113,Missouri State Highway Patrol-Troop I,1563235200000,190409970,0,1,0,0,Fatal,CRAWFORD,NON-CITY OR UNINCORPORATED,I,1,1,0,3695,0.7,A ,E ,RT Z,CRD EAGLE HURST ROAD,Daylight,Fixed Object,2,,Tue     ,1,0,0,0,0,0,0,0,0,0,0,0,0,0,0,1,0,0,0,0,1,0,0,0,1,37.90122,-91.14437,1,07/16/2019,20:11:00,"**FATALITY CRASH** OCCURRED AS VEHICLE 1 CROSSED THE CENTER LINE, TRAVELED OFF THE LEFT SIDE OF THE ROADWAY STRUCK A TREE, WENT AIRBORN AND STRUCK ANOTHER TREE. DRIVER 1 WAS EJECTED AND VEHICLE CAME TO REST ON THE NORTH SIDE OF ROADWAY. PRONOUNCED AT 2033 HOURS BY DARREN DAKE CRAWFORD COUNTY CORONER. NEXT OF KIN NOTIFIED. THIS IS TROOP I'S 3RD FATALITY FOR JULY AND 18TH FATALITY FOR 2019."
1016269,3190019821,Missouri State Highway Patrol-Troop D,1563235200000,190410077,0,1,0,0,Fatal,NEWTON,NON-CITY OR UNINCORPORATED,D,2,1,0,528,0.1,B ,N,IS 49,ERM NORTH IS 49 MILE 280,Dark-Unlighted,Pedalcycle,1,,Tue     ,1,0,0,0,0,0,0,1,0,0,0,0,0,0,0,0,0,0,0,0,0,0,0,0,1,36.88607,-94.43077,1,07/16/2019,21:43:00,"FATALITY ACCIDENT- THIS IS TROOP D'S 51ST FATALITY FOR 2019 - NEXT OF KIN NOTIFIED - NR1 STRUCK NR2 IN THE ROADWAY - NEWTON COUNTY DEPUTY CORONER JERRY DEEMS RESPONDED TO THE SCENE AND PRONOUNCED AT 2143 HOURS - AS REQUIRED BY LAW, THE SURVIVING DRIVER WAS TESTED FOR ALCOHOL."
1161706,3190019129,Missouri State Highway Patrol-Troop F,1563321600000,190410206,1,0,1,0,Personal Injury,BOONE,NON-CITY OR UNINCORPORATED,F,1,1,0,2640,0.5,B ,S ,RT Z,CRD MEXICO GRAVEL RD,Dark-Unlighted,Fixed Object,2,,Tue     ,1,0,0,0,0,0,1,0,0,0,0,0,0,0,0,1,0,0,0,0,0,0,0,0,0,38.99163,-92.19985,0,07/16/2019,23:50:00,"OCCURRED AS VEHICLE 1 TRAVELED NORTHBOUND ON RT Z. VEHICLE 1 TRAVELED OFF THE LEFT SIDE OF THE ROADWAY AND STRUCK A DITCH, A MAILBOX AND A FENCE."
1181795,3190018445,Missouri State Highway Patrol-Troop F,1563321600000,190410290,1,0,1,0,Personal Injury,OSAGE,NON-CITY OR UNINCORPORATED,F,1,1,0,0,0,AT,S ,RT NN,MO 28,Dark-Unlighted,Fixed Object,2,,Wed     ,0,0,0,0,0,0,0,0,0,0,0,1,0,0,0,1,0,0,0,0,0,0,0,0,0,38.30036,-91.67321,0,07/17/2019,03:34:00,"VEHICLE WAS SOUTHBOUND RT NN, DVR 1 FAILED TO STOP AT THE STOP SIIGN, TRAVELED THROUGH THE INTERSECTION, OFF THE SOUTH SIDE OF THE ROADWAY, AND STRUCK A DITCH.. ASSISTED BY OSAGE COUNTY S.O."
918410,3190018764,Missouri State Highway Patrol-Troop D,1563321600000,190410333,2,0,2,0,Personal Injury,JASPER,NON-CITY OR UNINCORPORATED,D,1,1,0,2175,0.41,B ,W ,RT H,CRD 300,Daylight,Animal,1,,Wed     ,0,0,0,0,0,1,1,0,0,0,0,0,0,0,0,0,0,0,0,0,0,0,0,0,0,37.33445,-94.58701,0,07/17/2019,06:00:00,VEHICLE #1 STRUCK A DEER IN THE ROADWAY.
1161707,3190018987,Missouri State Highway Patrol-Troop F,1563321600000,190410471,0,1,0,0,Fatal,BOONE,NON-CITY OR UNINCORPORATED,F,1,1,0,332,0.06,B ,S ,RT F,BRIDGE P0384,Daylight,Fixed Object,2,,Wed     ,0,1,0,0,1,0,0,0,0,0,0,0,0,0,0,1,0,0,0,0,0,0,0,0,0,39.16505,-92.43364,1,07/17/2019,07:30:00,"***FATAL CRASH*** NEXT OF KIN NOTIFIED*** CRASH OCCURRED AS VEHICLE 1 CROSSED THE CENTER LINE, DRIVER 1 OVERCORRECTED AND STRUCK A BRIDGE BARRIER. THIS IS TROOP F'S 2ND FATALITY FOR JULY AND 33RD FOR 2019. ASSISTED BY TPR. M. H. MISTLER (871) AND TPR. N. W. MARCH (762)"
1301199,3190018675,Missouri State Highway Patrol-Troop C,1563321600000,190410624,1,0,1,0,Personal Injury,ST. CHARLES,NON-CITY OR UNINCORPORATED,C,2,2,0,612,0.12,A ,E ,MO 364,CRD ARENA PKWY,Daylight,Motor Vehicle in Transport,1,63,Wed     ,0,0,0,0,0,0,0,1,0,0,0,0,0,0,0,1,0,0,0,0,0,0,0,0,0,38.74264,-90.52818,0,07/17/2019,08:34:00,VEHICLE 2 CHANGED LANE AND HIT THE RIGHT SIDE OF VEHICLE 1.
1171055,3190019535,Missouri State Highway Patrol-Troop F,1563321600000,190411006,1,0,1,0,Personal Injury,MORGAN,NON-CITY OR UNINCORPORATED,F,2,2,0,2640,0.5,A ,W ,US 50,CRD WILDLIFE DR,Daylight,Motor Vehicle in Transport,1,64,Wed     ,0,0,0,0,0,0,0,1,0,0,0,0,0,0,0,1,0,0,0,0,0,0,0,0,1,38.67849,-92.90751,0,07/17/2019,11:27:00,"OCCURRED AS VEHICLE 1 CROSSED CENTER OF ROADWAY AND STRUCK VEHICLE 2, VEHICLE 1 SKIDDED OFF LEFT SIDE OF ROADWAY AND OVERTURNED."
1041617,3190019103,Missouri State Highway Patrol-Troop I,1563321600000,190411063,1,0,1,0,Personal Injury,MARIES,NON-CITY OR UNINCORPORATED,I,1,1,0,3168,0.6,A ,E ,MO 42,CRD 330,Daylight,Fixed Object,2,,Wed     ,0,0,0,0,0,1,1,0,0,0,0,0,0,0,0,1,1,0,0,0,0,0,0,0,0,38.19663,-91.86608,0,07/17/2019,11:50:00,OCCURRED AS VEH 1 TRAVELED OFF OF THE RIGHT SIDE OF THE ROADWAY AND IMPACTED A TELEPHONE POLE. VEH 1 TRAVELED BACK ACROSS THE ROADWAY AND CAME TO REST.
1040676,3190019549,Missouri State Highway Patrol-Troop I,1563321600000,190411152,1,0,1,0,Personal Injury,CRAWFORD,NON-CITY OR UNINCORPORATED,I,1,1,0,5280,1,A ,E ,MO 8,CRD BARNICLE CHAPEL RD,Daylight,Fixed Object,2,,Wed     ,0,1,0,0,0,0,0,1,0,0,0,0,0,0,0,0,0,0,0,0,1,0,0,1,0,37.95393,-91.44973,0,07/17/2019,12:45:00,"DRIVER 1 TRAVELED OFF THE LEFT SIDE OF THE ROADWAY, STRUCK A CULVERT AND CAME TO REST FACING WEST."
1505870,3190019473,Missouri State Highway Patrol-Troop H,1563321600000,190411169,1,0,1,0,Personal Injury,BUCHANAN,ST JOSEPH,H,1,1,0,130,0.02,A ,N,RP 5139,IS 29,Daylight,Fixed Object,2,,Wed     ,0,0,0,0,1,0,0,0,0,0,0,0,0,0,0,1,0,0,0,0,0,0,0,0,0,39.75075,-94.78935,0,07/17/2019,12:50:00,CRASH OCCURRED AS VEHICLE 1 ATTEMPTED TO NEGOTIATE CURVE AND TRAVELED OFF THE LEFT SIDE OF THE ROADWAY. VEHICLE 1 STRUCK A MODOT SIGN AND CAME TO REST ON ITS WHEELS FACING NORTH. ASSISTED BY SGT. M.A. WILHOIT (1212)
1177022,3190018584,Missouri State Highway Patrol-Troop B,1563321600000,190411257,1,0,0,1,Personal Injury,PUTNAM,NON-CITY OR UNINCORPORATED,B,2,2,0,2006,0.38,B ,S ,CRD 290TH,RT F,Daylight,Working Motor Vehicle,1,60,Wed     ,0,0,0,0,0,0,1,1,1,0,0,0,0,0,0,0,0,0,0,0,1,0,0,1,0,40.43106,-93.00653,0,07/17/2019,13:35:00,VEHICLE 1 WAS SOUTHBOUND AND VEHICLE 2 WAS NORTHBOUND. VEHICLE 1 AND VEHICLE 2  STRUCK IN THE MIDDLE OF THE ROAD.
1264965,3190019752,Missouri State Highway Patrol-Troop C,1563321600000,190411392,1,0,1,0,Personal Injury,ST. CHARLES,O'FALLON,C,3,3,0,89,0.02,B ,W ,IS 70,CST WOODLAWN AVE,Daylight,Motor Vehicle in Transport,1,61,Wed     ,0,0,0,0,0,0,0,1,0,0,0,0,0,1,0,1,0,0,0,0,0,0,0,0,0,38.80245,-90.70486,0,07/17/2019,14:45:00,"VEHICLE #1 REAR ENDED VEHICLE #2.  DRIVER #2 LOST CONTROL OF VEHICLE #2 AND TRAVELED RIGHT, STRIKING VEHICLE #3."
1035887,3190018602,Missouri State Highway Patrol-Troop I,1563321600000,190411446,1,0,1,0,Personal Injury,PHELPS,NON-CITY OR UNINCORPORATED,I,1,1,0,570,0.11,B ,N,US 63,CRD VIRGIL FAULKNER DR,Daylight,Fixed Object,2,,Wed     ,0,0,0,0,1,0,0,0,0,0,0,0,0,0,0,1,0,0,0,0,1,0,0,1,0,37.87523,-91.79463,0,07/17/2019,14:56:00,"CRASH OCCURRED AS VEHICLE 1 BEGAN SLIDING, TRAVELED OFF THE LEFT SIDE OF THE ROADWAY AND OVERTURNED."
1031062,3190019151,Missouri State Highway Patrol-Troop I,1563321600000,190411707,2,0,2,0,Personal Injury,PULASKI,NON-CITY OR UNINCORPORATED,I,2,2,0,895,0.17,B ,S ,MO 133,CRD BADGER RD,Daylight,Motor Vehicle in Transport,1,60,Wed     ,0,0,0,0,0,0,0,0,0,0,0,0,0,0,0,1,0,0,0,0,0,0,0,0,0,37.91867,-92.31341,0,07/17/2019,17:12:00,OCCURRED AS VEH 1 FAILED TO YIELD TO ONCOMING TRAFFIC AND CROSSED INTO THE PATH OF VEH 2. VEH 1 CAME TO REST OFF OF THE RIGHT SIDE OF THE ROADWAY AND VEH 2 CAME TO REST OFF THE LEFT SIDE OF THE ROADWAY.
912729,3190018691,Missouri State Highway Patrol-Troop D,1563321600000,190411742,1,0,1,0,Personal Injury,POLK,NON-CITY OR UNINCORPORATED,D,2,2,0,0,0,AT,S ,RT D,CST HARTFORD AVE,Daylight,Motor Vehicle in Transport,1,64,Wed     ,1,0,0,0,0,0,0,1,0,0,0,1,0,0,0,1,0,0,0,0,1,0,0,1,0,37.63166,-93.39322,0,07/17/2019,17:25:00,#1 PULLED OUT INTO THE PAST OF #2 AND WAS STRUCK BROADSIDE
1511465,3190018989,Missouri State Highway Patrol-Troop H,1563321600000,190411863,1,0,1,0,Personal Injury,BUCHANAN,NON-CITY OR UNINCORPORATED,H,2,2,0,0,0,AT,W ,RT DD,WOR 29 S,Daylight,Motor Vehicle in Transport,1,64,Wed     ,0,0,0,0,0,1,1,0,0,0,0,1,0,0,0,1,0,0,0,0,0,0,1,0,0,39.59987,-94.79093,0,07/17/2019,18:30:00,"OCCURRED AS VEHICLE 1 WAS NORTHBOUND ON THE I-29 FRONTAGE ROAD AND VEHICLE 2 WAS WESTBOUND ON HWY DD.  VEHICLE 1 FAILED TO YIELD AFTER STOPPING AT A STOP SIGN AND DROVE INTO THE PATH OF VEHICLE 2.  THE FRONT OF VEHICLE 2 STRUCK THE FRONT OF VEHICLE 1, EJECTING THE DRIVER WHO WAS SPARED MAJOR INJURY BY WEARING PROTECTIVE HEAD GEAR.  ASSISTED BY TPR D L HUGHES (1261) AND BUCHANAN CO SO"
888023,3190020550,Missouri State Highway Patrol-Troop A,1563321600000,190411921,1,0,1,0,Personal Injury,RAY,NON-CITY OR UNINCORPORATED,A,1,1,0,2449,0.46,B ,E ,CRD W 216TH ST,CRD TROUT RD,Daylight,Overturn,1,,Wed     ,0,0,0,0,1,0,0,0,0,0,0,0,0,0,0,1,0,0,0,0,0,0,1,0,0,39.48317,-94.1438,0,07/17/2019,18:45:00,OCCURRED AS VEH1 WAS TRAVELING WESTBOUND AND SWERVED TO AVOID VEH2 WHICH WAS IMPOPERLY STOPPED IN THE ROADWAY. ASSISTED BY TPR. J. H. THOMPSON /606/.
1126356,3190018604,Missouri State Highway Patrol-Troop E,1563321600000,190411947,1,0,1,0,Personal Injury,PEMISCOT,NON-CITY OR UNINCORPORATED,E,2,2,0,0,0,AT,E ,RT K,RT J,Daylight,Motor Vehicle in Transport,1,64,Wed     ,0,0,0,0,0,0,0,1,1,0,0,1,0,0,0,1,0,0,0,0,1,0,0,1,0,36.29872,-89.70358,0,07/17/2019,19:00:00,"CRASH OCCURRED AS VEHICLE ONE FAILED TO STOP AT A STOP SIGN, COLLIDING WITH VEHICLE TWO"
969224,3190018639,Missouri State Highway Patrol-Troop D,1563321600000,190411989,1,0,0,1,Personal Injury,BARRY,NON-CITY OR UNINCORPORATED,D,1,1,0,718,0.14,A ,W ,MO 86,CRD 1210,Daylight,Fixed Object,2,,Wed     ,1,0,0,0,0,0,0,1,0,0,0,0,0,0,0,1,0,0,0,0,0,0,0,0,0,36.51113,-93.69294,0,07/17/2019,19:45:00,OCCURRED AS VEH1 RAN OFF ROADWAY AND VAULTED OVER A FENCE.
1066483,3190018708,Missouri State Highway Patrol-Troop I,1563321600000,190412044,1,0,1,0,Personal Injury,PHELPS,ROLLA,I,2,2,0,26,0,A ,E ,IS 44,ERM EAST IS 44 MILE 1848,Dark-Unlighted,Fixed Object,2,,Wed     ,0,0,0,0,1,0,1,1,0,0,0,0,0,0,0,1,0,0,0,0,0,0,0,0,1,37.94426,-91.79178,0,07/17/2019,20:30:00,"CRASH OCCURRED AS VEHICLE 1 LOST CONTROL, SLID OFF THE LEFT SIDE OF THE ROADWAY.  DEBRIS FROM VEHICLE 1 STRUCK VEHICLE 2.  VEHICLE 1 STRUCK THE CABLE MEDIAN BARRIER AND CAME TO REST IN THE LEFT LANE."
1137990,3190018920,Missouri State Highway Patrol-Troop E,1563321600000,190412080,1,0,1,0,Personal Injury,DUNKLIN,CAMPBELL,E,1,1,0,5,0,B ,E ,CST BAILEY ST,CST SPEEDWAY ST,Dark-Unlighted,Fixed Object,2,,Wed     ,0,0,0,0,1,0,0,0,0,0,0,1,0,0,0,1,0,0,0,0,0,0,0,0,0,36.48467,-90.07313,0,07/17/2019,21:15:00,"CRASH OCCURRED AS VEHICLE 1 FAILED TO YIELD AT AN INTERSECTION, RAN OFF ROADWAY AND OVERTURNED."
1502064,3190018990,Missouri State Highway Patrol-Troop H,1563321600000,190412133,1,0,1,0,Personal Injury,ANDREW,NON-CITY OR UNINCORPORATED,H,1,1,0,585,0.11,B ,S ,RT Z,CRD 284,Dark-Unlighted,Animal,1,,Wed     ,0,0,0,0,0,0,0,0,0,0,0,0,0,0,0,0,0,0,0,0,1,0,0,1,0,39.87986,-94.65444,0,07/17/2019,21:55:00,"CRASH OCCURRED AS VEH #1 WAS TRAVELING SOUTHBOUND ON RTE Z IN ANDREW COUNTY. VEH #1 STRUCK A DEER, TRAVELED OFF THE WEST SIDE OF THE ROADWAY. DVR #1 OVERCORRECTED, AND VEH #1 BEGAN TO SKID. VEH #1 THEN CROSSED THE CENTER LINE, TRAVELED INTO THE NORTHBOUND LANE, AND TRAVELED OFF THE EAST SIDE OF THE ROADWAY. VEH #1 CAME TO REST OFF THE EAST SIDE OF RTE Z FACING NORTH ON ITS WHEELS. ASSISTED BY TPR D.L. HUGHES (1261), AND THE ANDREW COUNTY SHERIFF?S DEPARTMENT."
888024,3190019722,Missouri State Highway Patrol-Troop A,1563321600000,190412141,1,0,1,0,Personal Injury,RAY,NON-CITY OR UNINCORPORATED,A,1,1,0,2275,0.43,B ,S ,RT Y,CRD PRENTISS AVE,Dark-Unlighted,Overturn,2,,Wed     ,0,0,0,0,0,0,0,0,0,0,0,0,0,0,0,0,0,0,0,0,0,1,0,0,0,39.34986,-94.20892,0,07/17/2019,22:01:00,OCCURRED AS VEHICLE TRAVELED OFF THE LEFT SIDE OF THE ROADWAY AND SLID TO A STOP IN A DITCH. ASSISTED BY RAY COUNTY.
1167395,3190019520,Missouri State Highway Patrol-Troop F,1563321600000,190412171,1,0,1,0,Personal Injury,MILLER,NON-CITY OR UNINCORPORATED,F,1,1,0,675,0.13,B ,N,RT FF,CRD SHAW RD,Dark-Unlighted,Overturn,2,,Wed     ,0,0,0,0,0,0,0,0,0,0,0,0,0,0,0,0,0,0,0,0,0,0,0,0,0,38.42176,-92.4862,0,07/17/2019,22:35:00,"CRASH OCCURRED AS VEHICLE 1 TRAVELED OFF OF THE RIGHT SIDE OF ROADWAY, DRIVER 1 OVER-CORRECTED, VEHICLE 1 THEN TRAVELED OFF OF THE LEFT SIDE OF THE ROADWAY AND OVERTURNED."
1115294,3190018965,Missouri State Highway Patrol-Troop E,1563321600000,190412210,2,0,2,0,Personal Injury,MISSISSIPPI,NON-CITY OR UNINCORPORATED,E,1,1,0,2254,0.43,B ,N,RT N,CRD 222,Dark-Unlighted,Fixed Object,2,,Wed     ,1,0,0,0,1,0,0,0,0,0,0,0,0,0,0,1,0,0,0,0,0,0,0,0,0,36.94886,-89.35667,0,07/17/2019,23:15:00,CRASH OCCURRED AS VEHICLE 1 RAN OFF ROADWAY AND STRUCK A DITCH.
898020,3190018802,Missouri State Highway Patrol-Troop D,1563408000000,190412272,1,0,1,0,Personal Injury,GREENE,NON-CITY OR UNINCORPORATED,D,1,1,Y,980,0.19,B ,W ,CRD 116,CRD 203,Dark-Unlighted,Fixed Object,2,,Wed     ,0,0,0,0,0,0,0,0,0,0,0,0,0,0,0,0,0,0,0,0,0,0,0,0,0,37.23708,-93.17101,0,07/17/2019,22:45:00,NR1 RAN OFF THE ROADWAY AND STRUCK A FENCE
1171057,3190018856,Missouri State Highway Patrol-Troop F,1563408000000,190412322,2,0,2,0,Personal Injury,MORGAN,NON-CITY OR UNINCORPORATED,F,1,1,0,42,0.01,A ,N,RT T,BRIDGE N0035,Dark-Unlighted,Fixed Object,2,,Thu     ,1,0,0,0,0,0,0,0,0,0,0,0,0,0,0,1,0,0,0,0,0,0,0,0,0,38.38875,-92.92073,0,07/18/2019,02:15:00,"CRASH OCCURRED AS VEHICLE 1 SLID OFF THE LEFT SIDE OF THE ROADWAY, STRUCK A MODOT SIGN, TRAVELED OFF A BRIDGE, STRUCK AN EMBANKMENT AND OVERTURNED, COMING TO REST ON ITS TOP. ASSISTED BY TPR T.C. FICK (787) AND THE MORGAN COUNTY SHERIFFS DEPARTMENT."
897993,3190019718,Missouri State Highway Patrol-Troop D,1563408000000,190412663,1,0,1,0,Personal Injury,GREENE,NON-CITY OR UNINCORPORATED,D,1,1,0,163,0.03,B ,W ,IS 44,ERM WEST IS 44 MILE 658,Daylight,Fixed Object,2,,Thu     ,0,0,0,0,0,0,0,0,0,0,0,0,0,0,0,0,0,0,0,0,0,0,0,0,0,37.18501,-93.4998,0,07/18/2019,08:45:00,VEHICLE 1 RAN OFF THE LEFT SIDE OF THE ROADWAY AND STRUCK THE MEDIAN CABLE.
1212234,3190020424,Missouri State Highway Patrol-Troop C,1563408000000,190412777,2,0,2,0,Personal Injury,WASHINGTON,NON-CITY OR UNINCORPORATED,C,2,2,0,0,0,AT,E ,RT M,CRD AXLE RD,Daylight,Motor Vehicle in Transport,1,64,Thu     ,0,0,0,0,0,1,1,1,1,0,0,0,0,0,0,0,0,0,0,0,0,0,0,0,0,37.85177,-90.64631,0,07/18/2019,09:37:00,VEHICLE #2 WAS TURNING LEFT TO TURN WEST ONTO HIGHWAY M AND WAS STRUCK BY VEHICLE #1.  ASSISTED BY CPL. B.M. BEARD (154)
1035890,3190018666,Missouri State Highway Patrol-Troop I,1563408000000,190412858,1,0,1,0,Personal Injury,PHELPS,NON-CITY OR UNINCORPORATED,I,2,2,0,21,0,B ,E ,MO 72,CRD 4020,Daylight,Motor Vehicle in Transport,1,61,Thu     ,0,0,0,0,0,1,1,0,0,0,0,0,0,0,0,0,0,0,0,0,0,0,0,0,0,37.88884,-91.71067,0,07/18/2019,10:15:00,"CRASH OCCURRED AS VEHICLE 2 WAS STOPPED TO MAKE A TURN, VEHICLE 1 THEN STRUCK THE REAR OF VEHICLE 2. ASSISTED BY TPR B N CRAWFORD (406) AND THE ROLLA RURAL FIRE DEPARTMENT."
1132181,3190018771,Missouri State Highway Patrol-Troop E,1563408000000,190413144,1,0,1,0,Personal Injury,BUTLER,NON-CITY OR UNINCORPORATED,E,2,2,Y,31,0.01,B ,N,RT T,CRD NORTHWOOD LAKE ROAD,Daylight,Motor Vehicle in Transport,1,61,Thu     ,,,,,,,,,,0,0,0,0,0,0,,0,0,,0,1,0,0,1,0,36.90605,-90.305,0,07/18/2019,12:40:00,CRASH OCCURRED AS VEHICLE TWO WAS STOPPED IN TRAFFIC  AND WAS STRUCK BY VEHICLE ONE IN THE REAR- VEHICLE ONE LEFT THE SCENE
1286567,3190019325,Missouri State Highway Patrol-Troop C,1563408000000,190413161,1,0,1,0,Personal Injury,ST. LOUIS,NON-CITY OR UNINCORPORATED,C,2,2,Y,327,0.06,B ,E ,IS 70,ERM EAST IS 70 MILE 2322,Daylight,Motor Vehicle in Transport,1,70,Thu     ,0,0,0,0,0,,,,,0,0,0,0,0,0,0,0,0,0,,,,,,,38.75219,-90.4497,0,07/18/2019,12:50:00,VEHICLE #1 WAS TRAVELING EASTBOUND BEHIND VEHICLE #2.  VEHICLE #2 LOST DEBRIS.  THE DEBRIS STRUCK THE FRONT OF VEHICLE #1.  ASSISTED BY CPL. V.M. KASPUT (133)
839758,3190019330,Missouri State Highway Patrol-Troop A,1563408000000,190413420,1,0,1,0,Personal Injury,LAFAYETTE,NON-CITY OR UNINCORPORATED,A,1,1,0,1642,0.31,A ,N,RT O,CRD PRAIRIE VALLEY RD,Daylight,Overturn,2,,Thu     ,0,0,0,0,0,1,1,0,0,0,0,0,0,0,0,0,0,0,0,0,0,0,0,0,0,39.07085,-93.88602,0,07/18/2019,14:35:00,CRASH OCCURRED AS DRIVER 1 WAS DISTRACTED AND LOST CONTROL OF VEH 1 CAUSING IT TO OVERTURN.
897992,3190020250,Missouri State Highway Patrol-Troop D,1563408000000,190413422,6,3,5,1,Fatal,GREENE,NON-CITY OR UNINCORPORATED,D,2,2,0,438,0.08,A ,W ,IS 44,ERM WEST IS 44 MILE 730,Daylight,Motor Vehicle in Transport,1,69,Thu     ,0,0,0,0,1,0,0,1,0,0,0,0,0,0,0,1,0,0,0,0,0,0,0,0,1,37.21719,-93.38022,1,07/18/2019,14:35:00,"TRIPLE FATALITY CRASH. THIS IS TROOP D'S 52ND, 53RD AND 54TH FATALITY FOR 2019. NEXT OF KIN NOTIFIED. NR1 WAS STOPPED ON THE SHOULDER OF I44. WHILE ATTEMPTING TO PULL BACK ONTO THE INTERSTATE NR1 PULLED INTO THE PATH OF NR2. NR2 SWERVED TO AVOID NR1 AND STRUCK THE TOWED TRAILER OF NR1 AND THE TRUCK ITSELF. NR2 RAN OFF THE ROADWAY AND STRUCK THE CABLE BARRIER. 3 OCCUPANTS WERE EJECTED.  ALL FATALITIES PRONOUNCED DECEASED AT 1554 BY GREENE COUNTY MEDICAL EXAMINER NOAH CROSS. AS REQUIRED BY LAW THE SURVIVING DRIVERS WERE TESTED FOR ALCOHOL.  ASSISTED BY TPR M. MCKNIGHT #1121, TPR K. RUTLEDGE #205, TPR M. LEE #842, CVO D. JONES W104, MSGT S. MONK #1185, LT. J. JOHNSON #63, LT. B. JONES #45, LT D.S. SATER #52"
1194608,3190019248,Missouri State Highway Patrol-Troop F,1563408000000,190413556,1,0,1,0,Personal Injury,CALLAWAY,NON-CITY OR UNINCORPORATED,F,1,1,0,2597,0.49,A ,W ,RT O,CRD 111,Daylight,Fixed Object,2,,Thu     ,0,0,0,0,0,1,1,0,0,0,0,0,0,0,0,1,0,0,0,0,0,0,0,0,0,38.79021,-91.85949,0,07/18/2019,15:40:00,CRASH OCCURRED AS VEHICLE 1 TRAVELED OFF THE ROADWAY AND OVERTURNED.
918406,3190019362,Missouri State Highway Patrol-Troop D,1563408000000,190413612,1,0,1,0,Personal Injury,JASPER,NON-CITY OR UNINCORPORATED,D,2,2,0,556,0.11,B ,W ,MO 96,BRIDGE A8424,Daylight,Motor Vehicle in Transport,1,64,Thu     ,0,0,0,0,0,0,0,1,1,0,0,0,0,0,0,1,0,0,0,0,0,0,0,0,0,37.18928,-94.29551,0,07/18/2019,16:00:00,"OCCURRED AS THE DRIVER OF VEHICLE 1, WAS STOPPED ON THE WESTBOUND SHOULDER OF MO. 96.  VEHICLE 1 THEN PULLED ONTO WESTBOUND MO 96, INTO THE PATH OF VEHICLE 2.  AFTER IMMPACT, VEHICLE 2 OVERTURNED COMING TO REST ON ITS TOP."