objectid,accident,agency,inv_date,complaint,injured,killed,min_inj,dis_inj,severity,county,city,troop,no_vehicle,motor_veh,left_scene,dist_feet,dist_mile,inter_loc,direction,on_street,at_street,light_cond,acc_type,on_off_rd,two_veh,day_week,dr_drink,dr_drug,ped_drink,ped_drug,speed,dr_under21,dr_under25,dr_over55,dr_over64,electrical,emer_veh,stop_sign,yield_sign,czone,hazmat,aggressive,cell_phone,texting,veh_defect,school_bus,truck,motorcycle,atv,pickup,cmv,gps_lat,gps_long,severity_fatal,acc_date,acc_time,narrative
1212856,3190018709,Missouri State Highway Patrol-Troop F,1563408000000,190413665,1,0,1,0,Personal Injury,COLE,NON-CITY OR UNINCORPORATED,F,2,2,0,913,0.17,B ,N,RT B,PVT SCHULTE LN,Daylight,Motor Vehicle in Transport,1,62,Thu     ,0,0,0,0,0,0,0,1,0,0,0,0,0,0,0,1,0,0,0,0,1,0,0,1,0,38.40556,-92.21915,0,07/18/2019,16:25:00,CRASH OCCURRED AS VEHICLE 1 CROSSED THE CENTER LINE AND STRUCK VEHICLE 2. BOTH VEHICLES THEN CAME TO REST ON THE ROAD. ASSISTED BY COLE COUNTY S.O.
1311665,3190020388,Missouri State Highway Patrol-Troop C,1563408000000,190413789,1,0,1,0,Personal Injury,ST. CHARLES,ST PETERS,C,2,2,0,0,0,AT,W ,MO 94,CRD FLORENCE DR,Daylight,Motor Vehicle in Transport,1,64,Thu     ,0,0,0,0,0,0,0,1,0,1,0,0,0,0,0,1,0,0,0,0,1,0,0,1,0,38.7318,-90.64052,0,07/18/2019,17:15:00,"VEHICLE #1 WAS TRAVELING WESTBOUND HIGHWAY 94, VEHICLE #2 WAS AT A STOPLIGHT ON WESTWOOD DR. DRIVER #2 PROCEEDED THROUGH THE INTERSECTION ONTO WESTBOUND HIGHWAY 94, AND THE  FRONT OF VEHICLE #1 STRUCK THE DRIVER SIDE OF VEHICLE #2."
1286597,3190019737,Missouri State Highway Patrol-Troop C,1563408000000,190414175,1,0,0,1,Personal Injury,ST. LOUIS,NON-CITY OR UNINCORPORATED,C,1,1,0,31,0.01,A ,N,IS 55,ERM NORTH IS 55 MILE 2010,Dark-Lighted,Fixed Object,2,,Thu     ,0,0,0,0,1,0,1,0,0,0,0,0,0,0,0,1,1,0,0,0,0,0,0,0,0,38.54739,-90.28932,0,07/18/2019,20:34:00,"DRIVER 1 ATTEMPTED TO AVOID ANOTHER VEHICLE CAUSING VEHICLE 1 TO TRAVEL OFF THE ROADWAY,  STRIKE THE CONCRETE MEDIAN AND OVERTURN."
1226302,3190018822,Missouri State Highway Patrol-Troop C,1563408000000,190414224,1,0,0,1,Personal Injury,JEFFERSON,NON-CITY OR UNINCORPORATED,C,1,1,0,538,0.1,A ,S ,RT F,PVT KILKENNY HILLS RD,Dark-Unlighted,Overturn,2,,Thu     ,1,0,0,0,1,0,0,0,0,0,0,0,0,0,0,1,0,0,0,0,0,0,1,0,0,38.43129,-90.69416,0,07/18/2019,21:00:00,"VEHICLE 1 TRAVELED OFF THE RIGHT SIDE OF THE ROADWAY, OVERTURNED SEVERAL TIMES AND STRUCK A TREE."
1330489,3190018725,Missouri State Highway Patrol-Troop G,1563408000000,190414228,1,0,1,0,Personal Injury,HOWELL,NON-CITY OR UNINCORPORATED,G,2,2,0,2640,0.5,B ,E ,US 60,CRD 2850,Dark-Unlighted,Motor Vehicle in Transport,1,61,Thu     ,0,0,0,0,0,1,1,0,0,0,0,0,0,0,0,0,1,0,0,0,0,0,0,0,0,36.99201,-91.77834,0,07/18/2019,21:00:00,ACCIDENT OCCURRED AS DRIVER #1 DROPPED A CELL PHONE IN HIS VEHICLE.  DRIVER ATTEMPTED TO RETRIEVE THE CELL PHONE.  DRIVER ATTEMPTED TO SWERVE TO THE LEFT BUT STRUCK VEHICLE #2 IN THE REAR.     VEHICLE #2 OVERTURNED AND CAME TO REST ON ITS WHEELS.         ASSISTED BY TPR J.M.KENYON(1213) .
1115295,3190018927,Missouri State Highway Patrol-Troop E,1563408000000,190414370,1,0,1,0,Personal Injury,MISSISSIPPI,NON-CITY OR UNINCORPORATED,E,1,1,0,5280,1,A ,W ,MO 80,PVT PRIVATE ROAD,Dark-Unlighted,Animal,1,,Thu     ,0,0,0,0,0,0,0,0,0,0,0,0,0,0,0,0,0,0,0,0,0,1,0,0,0,36.75743,-89.139,0,07/18/2019,22:35:00,VEH1 STRUCK AN ANIMAL CROSSING THE ROADWAY. DVR1 WAS EJECTED.
1505706,3190018937,Missouri State Highway Patrol-Troop H,1563494400000,190414446,1,0,1,0,Personal Injury,WORTH,NON-CITY OR UNINCORPORATED,H,1,1,0,27,0.01,A ,S ,RT Z,BRIDGE P0578,Dark-Unlighted,Animal,1,,Thu     ,0,0,0,0,0,1,1,0,0,0,0,0,0,0,0,0,0,0,0,0,0,0,0,0,0,40.47775,-94.46053,0,07/18/2019,23:35:00,"CRASH OCCURRED AS VEH #1 WAS SOUTHBOUND ON RTE Z IN WORTH COUNTY. VEH #1 STRUCK A COW IN THE ROADWAY. VEH #1 CAME TO A CONTROLLED STOP IN THE SOUTHBOUND LANE OF RTE Z. ASSISTED BY WORTH COUNTY SHERIFF?S OFFICE, WORTH COUNTY AMBULANCE, AND GRANT CITY FIRE DEPARMTENT."
1016267,3190018890,Missouri State Highway Patrol-Troop D,1563494400000,190414530,1,0,1,0,Personal Injury,NEWTON,NON-CITY OR UNINCORPORATED,D,1,1,0,475,0.09,B ,N,CRD OLD HWY 71,RT V,Dark-Unlighted,Fixed Object,2,,Fri     ,0,0,0,0,1,0,0,0,0,0,0,0,0,0,0,1,0,0,0,0,0,1,0,0,0,36.9929,-94.43495,0,07/19/2019,01:20:00,NR1 RAN OFF THE ROADWAY AND STRUCK A DITCH
1189064,3190019384,Missouri State Highway Patrol-Troop B,1563494400000,190414795,1,0,1,0,Personal Injury,ADAIR,NON-CITY OR UNINCORPORATED,B,2,2,0,522,0.1,B ,W ,MO 6,CRD STRAWBERRY WAY,Daylight,Motor Vehicle in Transport,1,64,Fri     ,0,0,0,0,0,1,1,0,0,0,0,0,0,0,0,1,0,0,0,0,1,0,0,1,0,40.16805,-92.51353,0,07/19/2019,07:45:00,"VEHICLE 1 ATTEMPTED TO PASS ANOTHER VEHICLE WITH ONCOMING TRAFFIC. VEHICLE 1 SWERVED BACK TO THE RIGHT, RAN OFF THE RIGHT SIDE OF THE ROADWAY, RETURNED TO THE ROADWAY AND STRUCK VEHICLE 2. VEHICLE 1 THEN CROSSED THE CENTER OF THE ROADWAY, RAN OFF THE LEFT SIDE, STRUCK A FENCE AND OVERTURNED COMING TO REST ON ITS WHEELS IN A FIELD."
1132182,3190018769,Missouri State Highway Patrol-Troop E,1563494400000,190414857,1,0,0,1,Personal Injury,BUTLER,NON-CITY OR UNINCORPORATED,E,1,1,0,380,0.07,B ,E ,RP 277609,RT PP,Daylight,Fixed Object,2,,Fri     ,0,0,0,0,0,0,0,1,1,0,0,0,0,0,0,0,0,0,0,0,1,0,0,1,0,36.76584,-90.45508,0,07/19/2019,08:15:00,CRASH OCCURRED AS VEHICLE 1 RAN OFF WEST SIDE OF ROADWAY AND CAME TO REST IN THE DITCH
787696,3190019194,Missouri State Highway Patrol-Troop A,1563494400000,190415028,2,0,2,0,Personal Injury,HENRY,NON-CITY OR UNINCORPORATED,A,1,1,0,3695,0.7,A ,N,RT V,CRD NE 470,Daylight,Fixed Object,2,,Fri     ,0,0,0,0,0,1,1,0,0,0,0,0,0,0,0,0,0,0,0,0,0,0,0,0,0,38.43886,-93.58747,0,07/19/2019,09:15:00,"CRASH OCCURRED AS VEHICLE 1 TRAVELED OFF THE RIGHT SIDE OF THE ROADWAY, RETURNED TO THE ROADWAY AND THEN TRAVELED OFF THE LEFT SIDE OF THE ROADWAY AND STRIKING A DITCH, TELEPHONE POLE, FENCE AND THEN OVERTURNED.  ASSISTED BY CPL R C WEST /1170/, TPR J R ATHERTON /682/, TPR J L DEDMON /229/ AND HENRY COUNTY DEPUTIES"
1198838,3190018794,Missouri State Highway Patrol-Troop F,1563494400000,190415337,1,0,1,0,Personal Injury,CAMDEN,NON-CITY OR UNINCORPORATED,F,1,1,0,1166,0.22,B ,S ,CRD GRANGER LN,CRD FORK PARK DR,Dark-Unlighted,Fixed Object,2,,Fri     ,0,0,0,0,1,0,0,1,0,0,0,0,0,0,0,1,0,0,0,0,1,0,0,1,0,38.08588,-92.96137,0,07/19/2019,02:30:00,"CRASH OCCURRED AS DRIVER 1 FAILED TO NEGOTIATE A CURVE. VEHICLE 1 TRAVELED OFF THE RIGHT SIDE OF THE ROADWAY, STRUCK A TREE AND A FENCE."
1329732,3190018838,Missouri State Highway Patrol-Troop G,1563494400000,190415442,1,0,1,0,Personal Injury,OREGON,NON-CITY OR UNINCORPORATED,G,1,1,0,2027,0.38,A ,W ,RT AA,CRD 103,Daylight,Fixed Object,2,,Fri     ,0,0,0,0,0,1,1,0,0,0,0,0,0,0,0,0,0,0,0,0,1,0,0,1,0,36.71371,-91.37065,0,07/19/2019,12:05:00,"VEHICLE 1 RAN OFF THE RIGHT SIDE OF THE ROADWAY, OVERCORRECTED, RETURNED TO THE ROADWAY  AND OVERTURNED EJECTING DRIVER 1."
1278110,3190019229,Missouri State Highway Patrol-Troop C,1563494400000,190415622,2,0,2,0,Personal Injury,ST. CHARLES,LAKE ST LOUIS,C,1,1,0,47,0.01,B ,W ,IS 70,ERM WEST IS 70 MILE 2144,Daylight,Fixed Object,2,,Fri     ,0,0,0,0,0,0,0,0,0,0,0,0,0,0,0,1,0,0,1,0,0,0,0,0,0,38.80392,-90.76381,0,07/19/2019,13:21:00,VEHICLE 1 SLID OFF THE ROAD TO THE RIGHT DUE TO A BLOWN TIRE.  THE FRONT OF VEHICLE 1 STRUCK THE GUARDRAIL.
787695,3190019838,Missouri State Highway Patrol-Troop A,1563494400000,190415833,1,0,1,0,Personal Injury,HENRY,NON-CITY OR UNINCORPORATED,A,2,2,0,1056,0.2,A ,S ,MO 13,WOR 13,Daylight,Motor Vehicle in Transport,1,64,Fri     ,0,0,0,0,0,0,0,1,1,0,0,0,0,0,0,1,0,0,0,0,1,0,0,1,0,38.2934,-93.75917,0,07/19/2019,14:40:00,"CRASH OCCURRED AS BOTH VEHICLE WERE TRAVELING SOUTH.  DRIVER 1 CONDUCTED A LANE CHANGE AND STRUCK VEHICLE 2.  AFTER IMPACT, VEHICLE 1 TRAVELED OFF THE LEFT SIDE OF THE ROADWAY STRIKING THE CONCRETE BARRIER.  ASSITED BY CPL R C WEST /1170/"
1287919,3190018930,Missouri State Highway Patrol-Troop C,1563494400000,190415889,1,0,1,0,Personal Injury,PIKE,NON-CITY OR UNINCORPORATED,C,1,1,0,0,0,AT,S ,RT D,CRD 253,Daylight,Fixed Object,2,,Fri     ,0,0,0,0,0,0,1,0,0,0,0,0,0,0,0,1,0,0,0,0,0,0,0,0,0,39.37235,-91.0249,0,07/19/2019,14:50:00,VEHICLE 1 TRAVELED OFF THE RIGHT SIDE OF THE ROADWAY AND OVERTURNED.
1194606,3190019222,Missouri State Highway Patrol-Troop F,1563494400000,190415895,1,0,1,0,Personal Injury,CALLAWAY,NON-CITY OR UNINCORPORATED,F,1,1,0,992,0.19,A ,N,RT M,CRD 240,Daylight,Fixed Object,2,,Fri     ,0,0,0,0,0,0,0,1,1,0,0,0,0,0,0,1,0,0,0,0,1,0,0,1,0,38.97342,-92.00958,0,07/19/2019,15:04:00,"CRASH OCCURRED AS VEHICLE 1 TRAVELED OFF THE LEFT SIDE OF THE ROADWAY, STRUCK A CONCRETE CULVERT, OVERTURNED AND CAUGHT ON FIRE."
1120544,3190018898,Missouri State Highway Patrol-Troop E,1563494400000,190415930,2,0,2,0,Personal Injury,IRON,ARCADIA,E,2,2,0,0,0,AT,S ,MO 21,CST HOME AVE,Daylight,Motor Vehicle in Transport,1,64,Fri     ,0,0,0,0,0,0,0,1,1,0,0,1,0,0,0,1,0,0,0,0,0,0,0,0,0,37.59098,-90.6246,0,07/19/2019,15:10:00,"CRASH OCCURRED AS VEHICLE 1 PULLED INTO THE PATH OF VEHICLE 2, CAUSING VEHICLE 2 TO OVERTURN."
903995,3190019317,Missouri State Highway Patrol-Troop D,1563494400000,190416091,2,0,2,0,Personal Injury,CHRISTIAN,NON-CITY OR UNINCORPORATED,D,2,2,0,58,0.01,B ,W ,US 160,RT AA,Daylight,Motor Vehicle in Transport,1,61,Fri     ,0,0,0,0,1,0,0,1,0,1,0,0,0,0,0,1,0,0,0,0,1,0,0,1,1,37.09062,-93.29777,0,07/19/2019,16:25:00,CRASH OCCURRED AS VEH 2 WAS STOPPED AT RED TRAFFIC LIGHT.  VEH 1 STRUCK VEH 2 IN THE REAR.
1016266,3190018809,Missouri State Highway Patrol-Troop D,1563494400000,190416094,2,0,2,0,Personal Injury,NEWTON,NON-CITY OR UNINCORPORATED,D,2,2,0,31,0.01,B ,E ,US 60,CRD HOTTEL SPRINGS RD,Daylight,Motor Vehicle in Transport,1,61,Fri     ,0,0,0,0,0,0,0,0,0,0,0,0,0,0,0,1,0,0,0,0,1,0,0,1,1,36.82343,-94.57471,0,07/19/2019,16:25:00,NR2 WAS STOPPED TO MAKE A LEFT TURN.  NR1 STRUCK NR2 IN THE REAR.
1210692,3190020270,Missouri State Highway Patrol-Troop C,1563494400000,190416144,1,0,1,0,Personal Injury,ST. LOUIS,BERKELEY,C,2,2,0,137,0.03,A ,E ,IS 70,ERM EAST IS 70 MILE 2396,Daylight,Motor Vehicle in Transport,1,61,Fri     ,0,0,0,0,1,1,1,0,0,0,0,0,0,0,0,1,0,0,0,0,0,0,0,0,0,38.72249,-90.32253,0,07/19/2019,16:42:00,DRIVER 2 BEGAN TO BRAKE FOR CONGESTION AHEAD AND THE FRONT OF VEHICLE 1 STRUCK THE REAR OF VEHICLE 2.
1281104,3190022023,Missouri State Highway Patrol-Troop C,1563494400000,190416181,2,0,2,0,Personal Injury,ST. LOUIS,MARYLAND HEIGHTS,C,2,2,0,237,0.04,A ,E ,IS 270,ERM NORTH IS 270 MILE 186,Daylight,Motor Vehicle in Transport,1,64,Fri     ,0,0,0,0,1,0,0,0,0,0,0,0,0,0,0,1,0,0,0,0,0,0,0,0,0,38.72766,-90.4443,0,07/19/2019,16:59:00,VEHICLES 1 AND 2 WERE TRAVELING NORTHBOUND ON I-270. VEHICLE 1 TRAVELED INTO VEHICLE 2'S LANE AND STRUCK VEHICLE 2. VEHICLE 2 THEN STRUCK THE CONCRETE CENTER MEDIAN
1502066,3190018992,Missouri State Highway Patrol-Troop H,1563494400000,190416374,1,0,1,0,Personal Injury,ANDREW,NON-CITY OR UNINCORPORATED,H,2,2,0,3695,0.7,A ,S ,US 59,RT CC,Daylight,Motor Vehicle in Transport,1,60,Fri     ,0,0,0,0,0,0,0,1,0,0,0,0,0,0,0,1,0,0,0,0,0,0,0,0,0,39.96666,-94.89585,0,07/19/2019,18:05:00,"OCCURRED AS VEHICLE 1 NORTHBOUND AND VEHICLE 2 SOUTHBOUND US 59. VEHICLE 1 CROSSED THE CENTERLINE AND STRUCK AN IMPLEMENT BEING TOWED BY VEHICLE 2. VEHICLE 2 SWERVED AND TRAVELED PARTLY OFF THE SOUTH SIDE OF THE ROAD. VEHICLE 1 SKIDDED OFF THE NORTH SIDE OF THE ROAD AND CAME TO REST FACING WEST. ASSISTED BY ANDREW CO SO,"
1320104,3190019367,Missouri State Highway Patrol-Troop G,1563494400000,190416379,3,0,0,3,Personal Injury,TEXAS,NON-CITY OR UNINCORPORATED,G,2,1,0,4224,0.8,B ,S ,RT AT,RT N,Daylight,Animal Drawn Veh/Animal Ridden Trans,1,,Fri     ,0,0,0,0,0,0,0,1,0,0,0,0,0,0,0,1,0,0,0,0,1,0,0,1,0,37.55181,-91.93557,0,07/19/2019,18:05:00,"ACCIDENT OCCURRED AS VEHICLE #1 STRUCK VEHICLE #2 IN THE REAR.  ASSISTED BY CPL T R NELSON (655), LICKING PD OFFICER GOODWIN, LICKING PD OFFICER ALGIRE"
1285544,3190020143,Missouri State Highway Patrol-Troop C,1563494400000,190416429,1,0,0,1,Personal Injury,ST. FRANCOIS,NON-CITY OR UNINCORPORATED,C,1,1,0,374,0.07,B ,E ,RT O,PVT PRIVATE DR,Daylight,Fixed Object,2,,Fri     ,0,0,0,0,0,0,0,0,0,0,0,0,0,0,0,0,0,0,0,0,0,0,0,0,0,37.8497,-90.46656,0,07/19/2019,18:20:00,"VEHICLE 1 TRAVELED OFF THE LEFT SIDE OF THE ROADWAY, STRUCK A FENCE, AND A TREE. ASSISTED BY TPR. K. L. ELLEDGE (396)."
897988,3190018926,Missouri State Highway Patrol-Troop D,1563494400000,190416436,1,0,0,1,Personal Injury,GREENE,NON-CITY OR UNINCORPORATED,D,2,2,0,3168,0.6,B ,E ,RT BB,RT Z WJ,Daylight,Overturn,1,,Fri     ,0,0,0,0,0,0,0,1,1,0,0,0,0,0,0,1,0,0,0,0,1,1,0,1,0,37.409,-93.43943,0,07/19/2019,18:23:00,VEHICLE #1 PULLED INTO PATH OF VEHICLE #2.
1511467,3190019109,Missouri State Highway Patrol-Troop H,1563494400000,190416812,1,0,0,1,Personal Injury,BUCHANAN,NON-CITY OR UNINCORPORATED,H,1,1,0,3168,0.6,A ,W ,CRD 207,RT U,Dark-Unlighted,Fixed Object,2,,Fri     ,0,0,0,0,1,0,0,0,0,0,0,0,0,0,0,1,0,0,0,0,0,0,1,0,0,39.69101,-94.95641,0,07/19/2019,21:20:00,"OCCURRED AS VEHICLE 1 WAS WESTBOUND ON CR 207.  UPON SEEING A CLOSED GATE BLOCKING THE ROAD, DRIVER APPLIED THE BRAKES AND VEHICLE 1 BEGAN TO SKID.  THE FRONT OF VEHICLE 1 AND THEN THE DRIVER'S HEAD STRUCK THE GATE; VEHICLE 1 CONTINUED WESTBOUND AND CAME TO REST OFF THE NORTH SIDE OF THE ROAD ON ITS WHEELS. ASSISTED BY TPR S J FORCE (316); TPR D L HUGHES (1261) AND BUCHANAN CO SO."
969114,3190018779,Missouri State Highway Patrol-Troop D,1563494400000,190416865,1,0,0,1,Personal Injury,BARRY,NON-CITY OR UNINCORPORATED,D,1,1,0,1584,0.3,B ,N,MO 39,CRD 2080,Dark-Unlighted,Fixed Object,2,,Fri     ,,,,,,0,0,1,0,0,0,0,0,0,0,,0,0,,0,0,0,0,0,0,36.80777,-93.68948,0,07/19/2019,21:40:00,OCCURRED AS #1 LEFT THE ROADWAY AND STRUCK A TREE.
1006161,3190019101,Missouri State Highway Patrol-Troop D,1563494400000,190416926,1,0,1,0,Personal Injury,WEBSTER,SEYMOUR,D,2,2,0,0,0,AT,E ,US 60,CST LOVELAND ST,Dark-Lighted,Motor Vehicle in Transport,1,64,Fri     ,0,0,0,0,0,1,1,0,0,1,0,0,0,0,0,1,0,0,0,0,1,0,0,1,0,37.14976,-92.75349,0,07/19/2019,22:00:00,VEHICLE #1 RAN A RED LIGHT AND STRUCK VEHICLE #2 IN THE SIDE.
1020161,3190020681,Missouri State Highway Patrol-Troop D,1563494400000,190417024,0,1,0,0,Fatal,HICKORY,NON-CITY OR UNINCORPORATED,D,1,1,0,3168,0.6,A ,S ,CRD 189,CO MO83 TO CRD 189,Dark-Unlighted,Overturn,2,,Fri     ,1,0,0,0,1,0,0,1,0,0,0,0,0,0,0,1,0,0,0,0,0,0,0,0,0,37.92042,-93.39602,1,07/19/2019,22:55:00,"FATALITY REPORT.  THIS IS TROOP D'S 55TH FATALITY FOR 2019.  NEXT OF KIN NOTIFIED.  VEHICLE #1 RAN OFF THE LEFT SIDE OF THE ROADWAY AND OVERTURNED, EJECTING DRIVER.  SUBJECT WAS PRONOUNCED DECEASED BY HICKORY COUNTY CORONER CONNIE BOLLER AT 2325 HOURS."
1171039,3190022188,Missouri State Highway Patrol-Troop F,1563580800000,190417128,3,0,1,2,Personal Injury,MORGAN,NON-CITY OR UNINCORPORATED,F,1,1,0,2640,0.5,B ,E ,CRD VICTORIA DR,MO 135,Dark-Unlighted,Overturn,2,,Fri     ,1,0,0,0,1,1,1,0,0,0,0,0,0,0,0,1,0,0,0,0,0,0,1,0,0,38.46992,-93.03323,0,07/19/2019,23:30:00,VEHICLE 1 WAS TRAVELING WEST ON VICTORIA RD AND FAILED TO NEGOTIATE A RIGHT CURVE.  VEHICLE 1 TRAVELED OFF THE LEFT SIDE OF THE ROAD AND OVERTURNED.  ALL OCCUPANTS WERE EJECTED.   ASSISTED BY MORGAN COUNTY SHERIFF'S DEPARTMENT.
1285545,3190022334,Missouri State Highway Patrol-Troop C,1563580800000,190417265,1,0,1,0,Personal Injury,ST. FRANCOIS,NON-CITY OR UNINCORPORATED,C,1,1,Y,153,0.03,B ,S ,US 67,PVT PK FRA3 A,Dark-Unlighted,Fixed Object,2,,Sat     ,0,0,0,0,0,0,0,0,0,0,0,0,0,0,0,0,0,0,0,0,0,0,0,0,0,37.97448,-90.53726,0,07/20/2019,01:00:00,"VEHICLE 1 WAS TRAVELING SOUTHBOUND ON US-67, AND TRAVELED OFF THE LEFT SIDE OF THE ROADWAY, STRIKING THE CABLE MEDIAN BARRIER."
1040695,3190019040,Missouri State Highway Patrol-Troop I,1563580800000,190417401,1,0,1,0,Personal Injury,CRAWFORD,NON-CITY OR UNINCORPORATED,I,1,1,0,528,0.1,B ,N,MO 19,BRIDGE A5508,Daylight,Fixed Object,2,,Sat     ,0,0,0,0,0,0,0,0,0,0,0,0,0,0,0,0,0,0,0,0,0,0,0,0,0,37.93999,-91.33052,0,07/20/2019,06:30:00,"DRIVER 1 FELL ASLEEP, TRAVELED OFF THE RIGHT SIDE OF THE ROADWAY AND STRUCK A CHEVRON SIGN AND A TREE. ASSISTED BY SHERIFF'S OFFICE CRAWFORD COUNTY."
839779,3190019328,Missouri State Highway Patrol-Troop A,1563580800000,190417466,1,0,1,0,Personal Injury,LAFAYETTE,NON-CITY OR UNINCORPORATED,A,1,1,0,1668,0.32,B ,S ,RT D,CRD OAKWOOD DRIVE,Daylight,Overturn,1,,Sat     ,0,0,0,0,0,0,0,1,0,0,0,0,0,0,0,0,0,0,0,0,0,1,0,0,0,39.06545,-94.05883,0,07/20/2019,07:10:00,"VEHICLE 1 WAS SOUTHBOUND ON ROUTE D HIGHWAY. VEHICLE 1 CRESTED A HILL AND BEGAN TO NEGOTIATE A RIGHT DIRECTIONAL CURVE. VEHICLE 1 RAN OVER LOOSE GRAVEL IN THE ROADWAY. DRIVER 1 LOST CONTROL, VEHICLE 1 IMPACTED THE ROADWAY AND DRIVER 1 WAS EJECTED FROM THE VEHICLE. VEHICLE 1 CAME TO REST OFF THE WEST SIDE OF THE ROADWAY."
912756,3190019705,Missouri State Highway Patrol-Troop D,1563580800000,190417658,1,0,0,1,Personal Injury,POLK,NON-CITY OR UNINCORPORATED,D,1,1,0,105,0.02,A ,N,MO 215,BRIDGE P0921,Daylight,Fixed Object,2,,Sat     ,0,0,0,0,1,0,0,0,0,0,0,0,0,0,0,1,0,0,0,0,1,0,0,1,0,37.45402,-93.2444,0,07/20/2019,08:15:00,"VEH #1 TRAVELED OFF THE LEFT SIDE OF THE ROADWAY, STRUCK A FENCE, AND A TREE."
1196160,3190019011,Missouri State Highway Patrol-Troop B,1563580800000,190417688,3,0,2,1,Personal Injury,MACON,NON-CITY OR UNINCORPORATED,B,1,1,0,1119,0.21,B ,E ,US 36,CO US36 W TO US36 E,Daylight,Fixed Object,2,,Sat     ,0,0,0,0,0,0,0,0,0,0,0,0,0,0,0,0,0,0,0,0,0,0,0,0,0,39.74977,-92.30306,0,07/20/2019,09:05:00,"VEHICLE 1 RAN OFF THE LEFT SIDE OF THE ROADWAY, OVERCORRECTED, RAN OFF THE RIGHT SIDE OF THE ROADWAY AND OVERTURNED EJECTING ONE PASSENGER. VEHICLE 1 CAME TO REST ON ITS WHEELS OFF THE ROADWAY."
1212871,3190019080,Missouri State Highway Patrol-Troop F,1563580800000,190417759,2,0,1,1,Personal Injury,COLE,NON-CITY OR UNINCORPORATED,F,2,2,0,0,0,AT,W ,CRD BUS 50 W,NOR 50,Daylight,Motor Vehicle in Transport,1,64,Sat     ,0,0,0,0,0,0,0,1,0,0,0,0,0,0,0,1,0,0,0,0,0,1,0,0,0,38.58132,-92.28318,0,07/20/2019,09:45:00,"CRASH OCCURRED AS VEHICLE 1 ATTEMPTED TO TURN LEFT FROM BUSINESS 50 WEST ONTO COUNTRY CLUB DRIVE.  DRIVER 1 FAILED TO YIELD TO VEHICLE 2 AND TURNED INTO THE PATH OF VEHICLE 2.  VEHICLE 2 STRUCK VEHICLE 1, EJECTING DRIVER 2"
1212218,3190020066,Missouri State Highway Patrol-Troop C,1563580800000,190417798,2,0,2,0,Personal Injury,WASHINGTON,NON-CITY OR UNINCORPORATED,C,2,2,0,15,0,A ,S ,MO 21,RT CC,Daylight,Motor Vehicle in Transport,1,64,Sat     ,0,0,0,0,0,1,1,1,0,0,0,1,0,0,0,1,0,0,0,0,1,0,0,1,0,38.07675,-90.68604,0,07/20/2019,10:04:00,VEHICLE 1 TURNED INTO THE PATH OF VEHICLE 2. VEHICLE 2 STRUCK THE LEFT SIDE OF VEHICLE 1.
829344,3190020097,Missouri State Highway Patrol-Troop A,1563580800000,190417966,1,0,1,0,Personal Injury,CLAY,EXCELSIOR SPRINGS,A,1,1,0,800,0.15,A ,S ,US 69,CRD VICKIE ROAD,Daylight,Fixed Object,2,,Sat     ,0,0,0,0,0,0,0,0,0,0,0,0,0,0,0,0,0,0,0,0,0,0,0,0,0,39.37701,-94.23157,0,07/20/2019,12:01:00,CRASH OCCURRED AS VEH1 TRAVELED OFF THE ROADWAY AND STRUCK AN EMBANKMENT.  ASSISTED BY MSGT B A KUMPF /994/
1155529,3190018855,Missouri State Highway Patrol-Troop E,1563580800000,190418006,3,0,2,1,Personal Injury,SCOTT,NON-CITY OR UNINCORPORATED,E,2,2,0,475,0.09,A ,S ,IS 55,ERM SOUTH IS 55 MILE 740,Daylight,Motor Vehicle in Transport,1,61,Sat     ,0,0,0,0,0,0,0,0,0,0,0,0,0,0,0,1,0,0,0,0,1,0,0,1,0,36.9865,-89.53487,0,07/20/2019,11:40:00,CRASH OCCURRED AS VEH 1 ATTEMPTED TO MAKE A LEFT TURN INTO AN UNAUTHORIZED CROSSOVER AND WAS STRUCK IN THE REAR BY VEH 2.
1126358,3190019453,Missouri State Highway Patrol-Troop E,1563580800000,190418038,2,0,1,1,Personal Injury,PEMISCOT,NON-CITY OR UNINCORPORATED,E,2,2,0,488,0.09,B ,N,IS 55,ERM NORTH IS 55 MILE 188,Daylight,Motor Vehicle in Transport,1,60,Sat     ,0,0,0,0,0,0,0,1,0,0,0,0,0,0,0,0,0,0,0,0,0,0,0,0,1,36.22734,-89.73577,0,07/20/2019,12:00:00,CRASH OCCURRED AS VEH 1 WAS TRAVELING SOUTHBOUND IN THE NORTHBOUND LANES OF INTERSTATE 55 AND STRUCK VEH 2 HEAD-ON.
803568,3190019183,Missouri State Highway Patrol-Troop A,1563580800000,190418222,1,0,1,0,Personal Injury,JOHNSON,NON-CITY OR UNINCORPORATED,A,2,2,0,31,0.01,A ,E ,RT DD,CRD SE 421,Daylight,Motor Vehicle in Transport,1,61,Sat     ,0,0,0,0,0,0,0,1,1,0,0,0,0,0,0,1,0,0,0,0,0,0,0,0,0,38.74327,-93.66361,0,07/20/2019,13:15:00,CRASH OCCURRED AS VEHICLE 1 WAS SLOWING TO MAKE A RIGHT TURN AND WAS STRUCK IN THE REAR BY VEHICLE 2.
1016263,3190019087,Missouri State Highway Patrol-Troop D,1563580800000,190418249,1,0,1,0,Personal Injury,NEWTON,NON-CITY OR UNINCORPORATED,D,1,1,0,3168,0.6,A ,S ,CRD OTTER DRIVE,EOR 59 SJ,Daylight,Fixed Object,2,,Sat     ,0,0,0,0,0,0,0,0,0,0,0,0,0,0,0,0,0,0,1,0,0,0,0,0,0,36.93,-94.31113,0,07/20/2019,13:20:00,OCCURRED AS VEH1 RAN OFF ROADWAY AND STRUCK A CONCRETE TRAFFIC BARRIER.