objectid,accident,agency,inv_date,complaint,injured,killed,min_inj,dis_inj,severity,county,city,troop,no_vehicle,motor_veh,left_scene,dist_feet,dist_mile,inter_loc,direction,on_street,at_street,light_cond,acc_type,on_off_rd,two_veh,day_week,dr_drink,dr_drug,ped_drink,ped_drug,speed,dr_under21,dr_under25,dr_over55,dr_over64,electrical,emer_veh,stop_sign,yield_sign,czone,hazmat,aggressive,cell_phone,texting,veh_defect,school_bus,truck,motorcycle,atv,pickup,cmv,gps_lat,gps_long,severity_fatal,acc_date,acc_time,narrative
1155530,3190019775,Missouri State Highway Patrol-Troop E,1563580800000,190418275,1,0,1,0,Personal Injury,SCOTT,NON-CITY OR UNINCORPORATED,E,1,1,0,80,0.02,B ,E ,RT A,PVT FAWN DR,Daylight,Overturn,2,,Sat     ,0,0,0,0,0,0,0,0,0,0,0,0,0,0,0,0,0,0,0,0,0,1,0,0,0,37.16711,-89.61234,0,07/20/2019,13:35:00,CRASH OCCURRED AS VEHICLE 1 FAILED TO NEGOTIATE A CURVE TRAVELED OFF THE RIGHT SIDE OF ROADWAY AND OVERTURNED
1189065,3190019391,Missouri State Highway Patrol-Troop B,1563580800000,190418343,2,0,2,0,Personal Injury,ADAIR,NON-CITY OR UNINCORPORATED,B,1,1,0,1890,0.36,A ,S ,CRD BULLION WAY,MO 11,Daylight,Fixed Object,2,,Sat     ,0,0,0,0,1,1,1,0,0,0,0,0,0,0,0,1,0,0,0,0,0,0,0,0,0,40.19202,-92.49266,0,07/20/2019,14:12:00,"DRIVER OF VEHICLE 1 LOST CONTROL, RAN OFF THE RIGHT SIDE OF THE ROADWAY STRIKING A DITCH AND OVERTURNING.  VEHICLE 1 CAME TO REST UPRIGHT ON A FENCE.  ASSISTED BY THE ADAIR COUNTY SHERIFF'S OFFICE."
1031032,3190019220,Missouri State Highway Patrol-Troop I,1563580800000,190418350,1,0,0,1,Personal Injury,PULASKI,NON-CITY OR UNINCORPORATED,I,1,1,0,2365,0.45,B ,S ,MO 17,CRD BEATTY ROAD,Daylight,Overturn,1,,Sat     ,0,0,0,0,1,0,0,0,0,0,0,0,0,0,0,1,0,0,0,0,1,0,0,1,0,38.01355,-92.26891,0,07/20/2019,14:15:00,"OCCURRED AS DRIVER TRAVELED OFF RIGHT SIDE OF ROADWAY. VEHICLE 1 RETURNED TO THE ROADWAY, BEGAN ROTATING AND SLIDING, THEN OVERTURNED IN NORTHBOUND LANE. DRIVER WAS EJECTED"
1502830,3190018880,Missouri State Highway Patrol-Troop H,1563580800000,190418469,1,0,1,0,Personal Injury,CALDWELL,NON-CITY OR UNINCORPORATED,H,2,2,0,2449,0.46,A ,N,MO 13,CRD JC PENNY DR,Daylight,Motor Vehicle in Transport,1,62,Sat     ,0,0,0,0,0,0,0,0,0,0,0,0,0,0,0,1,1,0,0,0,1,0,0,1,1,39.77707,-93.99011,0,07/20/2019,15:00:00,"CRASH OCCURRED AS VEHICLE 1 WAS SOUTHBOUND ON MO-13 AND VEHICLE 2 WAS NORTHBOUND ON  MO-13.  VEHICLE 1 CROSSED THE CENTER LINE AND STRUCK THE TOWED UNIT OF VEHICLE 2.  VEHICLE 1 TRAVELED OFF THE EAST SIDE OF MO-13, OVERTURNED AND STRUCK A BARBED WIRE FENCE, EJECTING DRIVER 1.  VEHICLE 2 CAME TO A CONTROLLED STOP ON MO-13 AFTER IMPACT.  VEHICLE 1 CAME TO REST UPRIGHT FACING NORTHEAST, OFF THE EAST SIDE OF MO-13.  ASSISTED BY CALDWELL COUNTY SHERIFF'S DEPARTMENT."
1145174,3190018905,Missouri State Highway Patrol-Troop E,1563580800000,190418577,1,0,1,0,Personal Injury,NEW MADRID,NON-CITY OR UNINCORPORATED,E,1,1,0,400,0.08,A ,N,IS 55,ERM NORTH IS 55 MILE 420,Daylight,Fixed Object,2,,Sat     ,0,0,0,0,0,0,0,0,0,0,0,0,0,0,0,1,0,0,0,0,0,0,0,0,0,36.53377,-89.59435,0,07/20/2019,15:58:00,CRASH OCCURRED AS VEHICLE ONE TRAVELED OFF RIGHT SIDE OF ROADWAY AND STRUCK SMALL TREE
1184829,3190019441,Missouri State Highway Patrol-Troop B,1563580800000,190418604,1,0,1,0,Personal Injury,SCHUYLER,LANCASTER,B,2,2,0,22,0,A ,W ,MO 202,US 63,Daylight,Motor Vehicle in Transport,1,64,Sat     ,0,0,0,0,0,0,0,1,1,1,0,0,0,0,0,1,0,0,0,0,1,0,0,1,0,40.52251,-92.54424,0,07/20/2019,16:05:00,VEHICLE 1 ATTEMPTED TO CROSS US 63 AND WAS STRUCK BY VEHICLE 2.
1226307,3190020090,Missouri State Highway Patrol-Troop C,1563580800000,190418618,2,0,2,0,Personal Injury,JEFFERSON,NON-CITY OR UNINCORPORATED,C,2,2,0,0,0,AT,N,MO 21,CRD YELLOW ROCK RD,Daylight,Motor Vehicle in Transport,1,64,Sat     ,0,0,0,0,0,0,1,1,0,0,0,0,0,0,0,1,0,0,0,0,1,1,0,1,0,38.12627,-90.58094,0,07/20/2019,16:09:00,"DRIVER 1 WAS NORTHBOUND ON HIGHWAY 21 AND SLOWED TO STOP ON THE RIGHT SHOULDER NEAR YELLOW ROCK ROAD. DRIVER 2 WAS NORTHBOUND ON HIGHWAY 21 . VEHICLE 1 BEGAN MAKING A LEFT TURN ONTO YELLOW ROCK ROAD, TRAVELING INTO THE PATH OFF VEHICLE 2. VEHICLE 2 SWERVED LEFT AND STRUCK VEHICLE 1. VEHICLE 1 OVERTURNED IN THE ROADWAY AND EJECTED DRIVER 1 AND PASSENGER 1. ASSISTED BY TPR A S HUSKEY (781)."
958061,3190019375,Missouri State Highway Patrol-Troop D,1563580800000,190418624,1,0,1,0,Personal Injury,TANEY,NON-CITY OR UNINCORPORATED,D,1,1,Y,342,0.06,B ,S ,CRD RIDGEDALE RD,PVT HORTON RD,Daylight,Fixed Object,2,,Sat     ,0,0,0,0,1,0,0,0,0,0,0,0,0,0,0,1,0,0,0,0,0,0,0,0,0,36.51532,-93.23038,0,07/20/2019,16:10:00,VEHICLE #1 TRAVELED OFF THE ROADWAY AND STRUCK SEVERAL TREES.
835368,3190019577,Missouri State Highway Patrol-Troop A,1563580800000,190418874,0,1,0,0,Fatal,CARROLL,NON-CITY OR UNINCORPORATED,A,1,1,0,1805,0.34,A ,N,US 65,BRIDGE K0057,Daylight,Fixed Object,2,,Sat     ,0,0,0,0,0,0,0,1,1,0,0,0,0,0,0,1,0,0,0,0,0,0,0,0,0,39.60655,-93.47738,1,07/20/2019,17:40:00,"*** FATAL CRASH *** NEXT OF KIN NOTIFIED, FATALITY #40, TROOP A FATALITY #46. OCCURRED AS VEH1 TRAVELED OFF ROADWAY AND STRUCK FENCEPOST.  DRIVER #1 WAS PRONOUNCED AT THE SCENE BY CHILLICOTHE PARAMEDIC, ROB WILLIAMS AT 1809.  ASSISTED BY  SGT J J RONGEY /689/, CPL D J KLINE /765/, AND CARROLL COUNTY DEPUTIES"
1198837,3190019339,Missouri State Highway Patrol-Troop F,1563580800000,190418940,1,0,1,0,Personal Injury,CAMDEN,NON-CITY OR UNINCORPORATED,F,2,2,0,47,0.01,A ,N,MO 5,PVT PRIVATE,Daylight,Motor Vehicle in Transport,1,60,Sat     ,0,0,0,0,0,0,0,1,1,0,0,0,0,0,0,1,0,0,0,0,0,0,0,0,0,38.09869,-92.82173,0,07/20/2019,18:20:00,VEHICLE 1 WAS TURNING INTO A PRIVATE DRIVE AND PULLED INTO THE PATH OF VEHICLE 2.  VEHICLE 1 AND VEHICLE 2 STRUCK HEAD-ON.  ASSISTED BY TPR M.R. LAWSON (831)
1510171,3190019449,Missouri State Highway Patrol-Troop H,1563580800000,190419042,1,0,1,0,Personal Injury,GRUNDY,NON-CITY OR UNINCORPORATED,H,1,1,0,749,0.14,B ,N,CRD NW 22ND AVE,CRD NW 27TH ST,Daylight,Fixed Object,2,,Sat     ,1,0,0,0,1,1,1,0,0,0,0,0,0,0,0,1,0,0,0,0,1,0,0,1,0,40.10996,-93.62245,0,07/20/2019,19:11:00,"CRASH OCCURRED AS VEHICLE 1 WAS SOUTHBOUND ON NW 22ND AVENUE.  DRIVER 1 LOST CONTROL AND TRAVELED OFF THE EAST SIDE OF THE ROADWAY, STRUCK A DITCH, AND OVERTURNED.  VEHICLE 1 CAME TO REST ON ITS TOP FACING WEST.  ASSISTED BY SGT J. J. RONGEY (689) AND GRUNDY COUNTY SHERIFF'S DEPARTMENT."
1111164,3190019247,Missouri State Highway Patrol-Troop E,1563580800000,190419329,1,0,1,0,Personal Injury,DUNKLIN,NON-CITY OR UNINCORPORATED,E,1,1,0,1594,0.3,A ,N,CRD 217,CRD 228,Dark-Unlighted,Fixed Object,2,,Sat     ,1,0,0,0,1,0,0,0,0,0,0,0,0,0,0,1,0,0,0,0,1,0,0,1,0,36.49944,-90.12987,0,07/20/2019,21:00:00,CRASH OCCURRED AS VEHICLE ONE TRAVELED OFF THE RIGHT SIDE OF ROADWAY AND STRUCK  A DITCH
882795,3190019401,Missouri State Highway Patrol-Troop A,1563580800000,190419407,1,0,1,0,Personal Injury,BATES,NON-CITY OR UNINCORPORATED,A,1,1,0,211,0.04,A ,E ,CRD SW 10008 RD,CRD SW 2007 RD,Dark-Unlighted,Fixed Object,2,,Sat     ,0,0,0,0,0,0,0,0,0,0,0,0,0,0,0,1,0,0,0,0,1,0,0,1,0,38.07684,-94.38799,0,07/20/2019,21:19:00,OCCURRED AS VEH1 TRAVELED OFF ROADWAY AND DOWN INTO A CULVERT. ASSISTED BY BATES COUNTY DEPUITIES
1121077,3190018944,Missouri State Highway Patrol-Troop E,1563580800000,190419556,1,0,1,0,Personal Injury,IRON,NON-CITY OR UNINCORPORATED,E,1,1,0,5808,1.1,B ,W ,RT E,BRIDGE A3895,Dark-Unlighted,Fixed Object,2,,Sat     ,0,0,0,0,0,0,0,1,0,0,0,0,0,0,0,0,0,0,0,0,0,0,0,0,0,37.4416,-90.55395,0,07/20/2019,21:45:00,"CRASH OCCURRED AS VEHICLE ONE TRAVELED OFF THE RIGHT SIDE OF THE ROAD, STRUCK ROCKS AND TREES, AND OVERTURNED"
1250839,3190019267,Missouri State Highway Patrol-Troop C,1563667200000,190419657,2,0,2,0,Personal Injury,STE. GENEVIEVE,NON-CITY OR UNINCORPORATED,C,2,2,0,1694,0.32,A ,N,RT WW,BRIDGE X0958,Dark-Unlighted,Motor Vehicle in Transport,1,62,Sat     ,1,0,0,0,0,0,0,0,0,0,0,0,0,0,0,1,0,0,0,0,0,0,0,0,1,37.77511,-90.17529,0,07/20/2019,23:40:00,DRIVER #1 FAILED TO NEGOTIATE A CURVE AND TRAVELED ACROSS THE CENTER OF THE ROADWAY. VEHICLE #1 STRUCK VEHICLE #2.
1229914,3190019464,Missouri State Highway Patrol-Troop C,1563667200000,190419798,3,0,3,0,Personal Injury,LINCOLN,OLD MONROE,C,2,2,0,987,0.19,B ,N,MO 79,RP 6833,Dark-Lighted,Motor Vehicle in Transport,1,60,Sun     ,0,0,0,0,1,1,1,0,0,0,0,0,0,0,0,1,0,0,0,0,0,0,0,0,0,38.92668,-90.75466,0,07/21/2019,01:20:00,VEHICLE 1 CROSSED THE CENTER OF THE ROADWAY AND STRUCK VEHICLE 2.
1210697,3190019027,Missouri State Highway Patrol-Troop C,1563667200000,190419822,1,0,0,1,Personal Injury,ST. LOUIS,BERKELEY,C,1,1,0,481,0.09,A ,W ,IS 70,ERM EAST IS 70 MILE 2396,Dark-Lighted,Fixed Object,2,,Sun     ,0,0,0,0,0,0,1,0,0,0,0,0,0,0,0,1,0,0,0,0,1,0,0,1,0,38.72391,-90.32391,0,07/21/2019,01:50:00,"VEHICLE 1 WAS TRAVELING WESTBOUND ON I-70 EAST OF I-170 WHEN IT TRAVELED OFF THE LEFT SIDE OF THE ROADWAY, STRUCK THE CONCRETE MEDIAN AND OVERTURNED ONTO ITS LEFT SIDE."
1155528,3190018848,Missouri State Highway Patrol-Troop E,1563667200000,190419899,1,0,0,1,Personal Injury,SCOTT,NON-CITY OR UNINCORPORATED,E,1,1,0,939,0.18,B ,N,CRD 529,CRD 532,Daylight,Animal,1,,Sun     ,0,0,0,0,0,0,0,0,0,0,0,0,0,0,0,0,0,0,0,0,0,1,0,0,0,36.93303,-89.51552,0,07/21/2019,05:45:00,"CRASH OCCURRED AS VEHICLE ONE STRUCK A DOG, LOST CONTROL RUNNING OFF THE RIGHT SIDE OF THE ROADWAY"
1031030,3190019111,Missouri State Highway Patrol-Troop I,1563667200000,190419969,1,0,1,0,Personal Injury,PULASKI,NON-CITY OR UNINCORPORATED,I,1,1,0,2112,0.4,B ,S ,MO 17,CRD RESTFUL LN,Daylight,Fixed Object,2,,Sun     ,0,0,0,0,0,1,1,0,0,0,0,0,0,0,0,0,0,0,0,0,1,0,0,1,0,37.87724,-92.24835,0,07/21/2019,07:22:00,"VEHICLE TRAVELED OFF THE RIGHT SIDE OF THE ROADWAY, RETURNED TO THE ROADWAY CROSSING OVER THE CENTER LINE. VEHICLE 1 TRAVELED OFF THE RIGHT SIDE OF THE ROAD AGAIN, OVERTURNED AND STRUCK A ROAD SIGN. ASSISTED BY CROCKER FIRE DEPARTMENT."
969112,3190019062,Missouri State Highway Patrol-Troop D,1563667200000,190420125,1,0,1,0,Personal Injury,BARRY,NON-CITY OR UNINCORPORATED,D,1,1,0,42,0.01,B ,S ,RT T,MO 97,Daylight,Fixed Object,2,,Sun     ,0,0,0,0,0,0,1,0,0,0,0,0,0,0,0,0,0,0,0,0,0,0,0,0,0,36.81962,-94.05477,0,07/21/2019,08:59:00,VEHICLE 1 FAILED TO MAINTAIN SINGLE LANE OF TRAVEL AND RAN OFF LEFT SIDE OF ROADWAY. VEHICLE 1 OVERTURNED AND CAME TO REST IN THE DITCH.
1204231,3190018903,Missouri State Highway Patrol-Troop F,1563667200000,190420161,1,0,1,0,Personal Injury,COOPER,BOONVILLE,F,1,1,0,245,0.05,B ,W ,IS 70,ERM WEST IS 70 MILE 1014,Daylight,Fixed Object,2,,Sun     ,0,0,0,0,0,0,0,1,1,0,0,0,0,0,0,1,0,0,0,0,0,0,0,0,0,38.93564,-92.78401,0,07/21/2019,09:17:00,"CRASH OCCURRED AS DRIVER 1 SWERVED TO AVOID ANOTHER VEHICLE, LEFT THE LEFT SIDE OF THE ROADWAY AND STRUCK THE MEDIAN CABLES."
1336595,3190019181,Missouri State Highway Patrol-Troop G,1563667200000,190420194,1,0,1,0,Personal Injury,DOUGLAS,NON-CITY OR UNINCORPORATED,G,1,1,0,1895,0.36,B ,E ,MO 14,CRD 14-331,Daylight,Overturn,2,,Sun     ,0,0,0,0,0,0,0,1,0,0,0,0,0,0,0,0,0,0,0,0,0,1,0,0,0,36.88594,-92.48088,0,07/21/2019,09:30:00,CRASH OCCURRED AS VEHICLE ONE RAN OFF THE RIGHT SIDE OF THE ROADWAY AND OVERTURNED
1217231,3190019354,Missouri State Highway Patrol-Troop C,1563667200000,190420353,0,1,0,0,Fatal,FRANKLIN,NON-CITY OR UNINCORPORATED,C,2,2,0,0,0,AT,N,MO 47,CRD SCHUCHART RD,Daylight,Motor Vehicle in Transport,1,64,Sun     ,0,1,0,0,0,1,1,0,0,0,0,1,0,0,0,1,0,0,0,0,0,1,0,0,0,38.39262,-90.98365,1,07/21/2019,11:21:00,FATALITY ACCIDENT  - VEHICLE #1 WAS NORTHBOUND ON MO 47. VEHICLE #2 WAS EASTBOUND ON ROUTE AD. VEHICLE #2 FAILED TO YIELD TO VEHICLE #1. FRONT OF VEHICLE #1 STRUCK RIGHT SIDE OF VEHICLE #2 AND DRIVER #1 WAS EJECTED. PRONOUNCED AT 1347 HOURS BY DR. DANIEL JONES AT MERCY WASHINGTON. ASSISTED BY TPR. M.K. HALIM (834) AND CPL. E. R. KESSLER (890).
918377,3190019531,Missouri State Highway Patrol-Troop D,1563667200000,190420518,2,0,2,0,Personal Injury,JASPER,NON-CITY OR UNINCORPORATED,D,2,2,0,63,0.01,A ,W ,IS 44,ERM WEST IS 44 MILE 170,Daylight,Motor Vehicle in Transport,1,61,Sun     ,0,0,0,0,0,0,1,0,0,0,0,0,0,0,0,1,0,0,0,0,0,0,0,0,1,37.08217,-94.33958,0,07/21/2019,12:40:00,CRASH OCCURRED AS VEHICLE ONE WAS TRAVELING WESTBOUND WITH A BLOWN TIRE TRYING TO MAKE IT TO THE SHOULDER. VEHICLE TWO WAS UNAWARE THAT VEHICLE TWO WAS GOING SLOW AND STRUCK VEHICLE ONE IN THE REAR.
1510173,3190019650,Missouri State Highway Patrol-Troop H,1563667200000,190420579,1,0,1,0,Personal Injury,GRUNDY,NON-CITY OR UNINCORPORATED,H,1,1,Y,918,0.17,A ,E ,CRD NW 3RD ST,CRD SW 30TH AVE,Daylight,Fixed Object,2,,Sun     ,0,0,0,0,0,1,1,0,0,0,0,0,0,0,0,1,0,0,1,0,0,0,0,0,0,40.0798,-93.64196,0,07/21/2019,10:45:00,"VEH 1 WAS EASTBOUND ON NW 3RD. VEH 1 TRAVELED OFF THE SOUTH SIDE OF THE ROADWAY, DOWN INTO A DITCH, AND STRUCK A TREE. VEH 1 CAME TO REST FACING WEST OFF THE SOUTH SIDE OF THE ROADWAY. ASSISTED BY TPR. J.E. HAINEY (775), GRUNDY COUNTY SHERIFF DEPARTMENT, AND TRENTON FIRE."
1286591,3190020020,Missouri State Highway Patrol-Troop C,1563667200000,190420814,2,0,2,0,Personal Injury,ST. LOUIS,NON-CITY OR UNINCORPORATED,C,2,2,0,26,0,A ,N,RP 6502,CRD VON TALGE RD,Daylight,Motor Vehicle in Transport,1,61,Sun     ,0,0,0,0,0,1,1,0,0,0,0,0,0,0,0,1,0,0,0,0,0,0,0,0,0,38.50506,-90.3442,0,07/21/2019,14:50:00,VEHICLE 2 SLOWED FOR TRAFFIC AHEAD AND VEHICLE 1 STRUCK THE REAR OF VEHICLE 2.
1213225,3190019672,Missouri State Highway Patrol-Troop C,1563667200000,190420837,2,0,2,0,Personal Injury,WARREN,WRIGHT CITY,C,5,5,0,15,0,B ,E ,IS 70,ERM EAST IS 70 MILE 2000,Daylight,Motor Vehicle in Transport,1,61,Sun     ,0,0,0,0,0,0,1,0,0,0,0,0,0,0,0,1,0,0,0,0,1,0,0,1,0,38.82982,-91.02266,0,07/21/2019,14:58:00,ALL VEHICLES WERE TRAVELING EASTBOUND I-70 IN THE LEFT LANE. VEHICLE 4 AND 5 STOPPED IN TRAFFIC. THE FRONT OF VEHICLE 3 STRUCK THE REAR OF VEHICLE 4. THE IMPACT CAUSED THE FRONT OF VEHICLE 4 TO STRIKE THE REAR OF VEHICLE 5. THE FRONT OF VEHICLE 2 STRUCK THE REAR OF VEHICLE 3 AND THE FRONT OF VEHICLE 1 STRUCK THE REAR OF VEHICLE 2. ASSISTED BY TPR W. H. ABEL (132)
1160944,3190019160,Missouri State Highway Patrol-Troop F,1563667200000,190420927,1,0,1,0,Personal Injury,COOPER,WINDSOR PLACE,F,2,2,0,528,0.1,B ,W ,IS 70,ERM WEST IS 70 MILE 1064,Daylight,Motor Vehicle in Transport,1,61,Sun     ,0,0,0,0,1,0,0,0,0,0,0,0,0,0,0,1,0,0,0,0,0,0,0,0,0,38.93771,-92.69044,0,07/21/2019,15:35:00,CRASH OCCURRED AS VEHICLE 2 ATTEMPTED TO OVERTAKE VEHICLE 1. AS VEHICLE 2 CHANGED LANES IT STRUCK THE DRIVER SIDE REAR OF VEHICLE 1.
1041621,3190019165,Missouri State Highway Patrol-Troop I,1563667200000,190420972,1,0,1,0,Personal Injury,MARIES,NON-CITY OR UNINCORPORATED,I,2,2,0,4224,0.8,B ,E ,RT M,CST BRIDGE ST,Daylight,Motor Vehicle in Transport,1,64,Sun     ,0,0,0,0,0,0,1,0,0,0,0,0,0,0,0,0,0,0,0,0,1,0,0,1,0,38.28247,-91.75294,0,07/21/2019,15:35:00,"VEHICLE 1 WAS TRAVELING WEST, ATTEMPTED TO MAKE A LEFT TURN INTO A PRIVATE DRIVE WHEN IT WAS STRUCK BY EASTBOUND VEHICLE 2."
1217283,3190018918,Missouri State Highway Patrol-Troop C,1563667200000,190420990,2,0,2,0,Personal Injury,FRANKLIN,NON-CITY OR UNINCORPORATED,C,1,1,0,6,0,B ,W ,CRD OLD HIGHWAY 100,MO 100,Daylight,Fixed Object,2,,Sun     ,0,0,0,0,1,1,1,0,0,0,0,0,0,0,0,1,0,0,0,0,0,0,0,0,0,38.48025,-90.87682,0,07/21/2019,16:03:00,"VEHICLE 1 WAS EASTBOUND ON HIGHWAY 100 IN THE RIGHT LANE, ATTEMPTED TO MAKE A RIGHT TURN ONTO OLD HWY 100 AND DROVE OFF THE ROADWAY INTO A GRASS FIELD STRIKING THE GROUND."
1016262,3190019466,Missouri State Highway Patrol-Troop D,1563667200000,190421181,1,0,1,0,Personal Injury,NEWTON,NON-CITY OR UNINCORPORATED,D,4,4,0,828,0.16,A ,N,CRD KODIAK RD,CRD NORWAY RD,Daylight,Motor Vehicle in Transport,1,64,Sun     ,0,1,0,0,0,1,1,1,1,0,0,0,0,0,0,1,0,0,0,0,1,0,0,1,0,36.85343,-94.40961,0,07/21/2019,17:35:00,"CRASH OCCURRED AS VEHICLE #1 CROSSED THE CENTER OF THE ROADWAY AND STRUCK VEHICLE #2.  VEHICLE #2 BEGAN TO SPIN, CROSSED THE CENTER OF THE ROADWAY, AND STRUCK VEHICLE #3 AND #4."
1502829,3190019256,Missouri State Highway Patrol-Troop H,1563667200000,190421211,1,0,0,1,Personal Injury,CALDWELL,NON-CITY OR UNINCORPORATED,H,1,1,0,1800,0.34,B ,S ,CRD TURKEY,CRD HAUNS MILL,Daylight,Overturn,2,,Sun     ,0,0,0,0,1,0,0,1,1,0,0,0,0,0,0,1,0,0,0,0,0,1,0,0,0,39.67536,-93.8523,0,07/21/2019,17:45:00,"CRASH OCCURRED AS VEH 1 WAS SOUTHBOUND ON TURKEY RD. VEH TRAVELED OFF THE WEST SIDE OF THE ROADWAY. DVR LOST CONTROL AND OVERTURNED. ASSISTED BY CPL. D.A. LANDI (684), CALDWELL COUNTY SHERIFFS DEPARTMENT, BRECKENRIDGE FIRE,  AND BRAYMER FIRE."
1193953,3190019471,Missouri State Highway Patrol-Troop B,1563667200000,190421223,1,0,0,1,Personal Injury,RALLS,NON-CITY OR UNINCORPORATED,B,1,1,0,84,0.02,A ,E ,RT D,CRD OREGON RD,Daylight,Overturn,1,,Sun     ,0,0,0,0,1,0,1,0,0,0,0,0,0,0,0,1,0,0,0,0,0,1,0,0,0,39.3827,-91.71641,0,07/21/2019,17:45:00,"RIDER OF VEHICLE 1 WHILE TURNING ONTO ROUTE D LOST CONTROL OF THE MOTORCYCLE AND OVERTURNED.  ASSISTED BY THE RALLS COUNTY SHERIFF'S OFFICE, THE MONROE COUNTY SHERIFF'S OFFICE, PERRY FIRE, AND RALLS COUNTY EMS"
1196159,3190019791,Missouri State Highway Patrol-Troop B,1563667200000,190421286,1,0,1,0,Personal Injury,MACON,NON-CITY OR UNINCORPORATED,B,1,1,0,184,0.03,B ,N,US 63,CRD AXTELL RD,Daylight,Other Object,2,,Sun     ,0,0,0,0,0,0,0,0,0,0,0,0,0,0,0,0,0,0,0,0,0,1,0,0,0,39.82383,-92.47289,0,07/21/2019,17:40:00,"01 NORTHBOUND, SLOWING TO TURN EASTBOUND ONTO AXTELL ROAD, AND STRUCK A LARGE ROCK IN THE ROADWAY.  01 OVERTURNED EJECTING THE DRIVER."
1285542,3190019486,Missouri State Highway Patrol-Troop C,1563667200000,190421326,2,0,2,0,Personal Injury,ST. FRANCOIS,NON-CITY OR UNINCORPORATED,C,1,1,0,22,0,A ,W ,RT K,RT D,Daylight,Overturn,1,,Sun     ,0,0,0,0,1,0,0,0,0,0,0,1,0,0,0,1,0,0,0,0,0,1,0,0,0,37.92582,-90.41693,0,07/21/2019,18:30:00,VEHICLE 1 WAS TRAVELING EASTBOUND ON ROUTE K AND FAILED TO STOP FOR THE STOP SIGN AT HIGHWAY D. VEHICLE 1 OVERTURNED AND WENT OFF THE ROADWAY.
1132431,3190018963,Missouri State Highway Patrol-Troop E,1563667200000,190421420,0,0,0,0,Property Damage,BUTLER,NON-CITY OR UNINCORPORATED,E,2,2,0,0,0,AT,W ,RT B,RT AA,Daylight,Motor Vehicle in Transport,1,64,Sun     ,0,0,0,0,0,0,0,1,0,1,0,1,0,0,0,1,0,0,0,0,0,0,0,0,0,36.76517,-90.33477,0,07/21/2019,19:30:00,CRASH OCCURRED AS VEHICLE 2 STRUCK VEHICLE1
1197032,3190019383,Missouri State Highway Patrol-Troop B,1563667200000,190421544,2,0,2,0,Personal Injury,MACON,BEVIER,B,3,3,0,80,0.02,B ,S ,RT C,CRD OLD HWY 36,Dark-Lighted,Other Non Collision,1,,Sun     ,0,0,0,0,0,1,1,0,0,0,0,0,0,0,0,0,0,0,1,0,1,0,0,1,0,39.75354,-92.56459,0,07/21/2019,21:25:00,"01 LOST LEFT REAR TIRE CAME ACROSS CENTER LINE AND STRUCK 02.  ASSISTED BY MACON COUNTY SHERIFFS DEPARTMENT, AND FIRST RESPONDERS."
826567,3190019528,Missouri State Highway Patrol-Troop A,1563667200000,190421623,1,0,1,0,Personal Injury,PLATTE,NON-CITY OR UNINCORPORATED,A,1,1,0,52,0.01,A ,N,CRD DOWLING LN,CRD JATZEN LN,Dark-Unlighted,Pedestrian,1,,Sun     ,0,0,1,1,0,0,0,0,0,0,1,1,0,0,0,0,0,0,0,0,0,0,0,0,0,39.33222,-94.8444,0,07/21/2019,22:31:00,CRASH OCCURRED AS VEHICLE 1 WAS TURNING NORTHBOUND ONTO DOWLING LANE AND STRUCK PEDESTRIAN 1.
903984,3190019156,Missouri State Highway Patrol-Troop D,1563753600000,190421694,1,0,0,1,Personal Injury,CHRISTIAN,NON-CITY OR UNINCORPORATED,D,2,2,0,3695,0.7,A ,S ,MO 125,CRD BLACK BEAR DR,Dark-Unlighted,Motor Vehicle in Transport,1,64,Mon     ,0,0,0,0,1,1,1,0,0,0,0,0,0,0,0,1,0,0,0,0,1,0,0,1,0,36.95083,-93.05495,0,07/22/2019,01:00:00,"NR1 CROSSED THE CENTER OF THE ROAD, SKIDDING SIDE WAYS AND COLLIDED WITH NR2.  NR1 RAN OFF THE ROAD WHERE DRIVER 1 WAS EJECTED."
1217277,3190020501,Missouri State Highway Patrol-Troop C,1563753600000,190421707,1,0,1,0,Personal Injury,FRANKLIN,NON-CITY OR UNINCORPORATED,C,1,1,0,3168,0.6,A ,E ,RT W,RT Y,Dark-Unlighted,Overturn,2,,Mon     ,0,0,0,0,1,1,1,0,0,0,0,0,0,0,0,1,0,0,0,0,0,0,0,0,0,38.58744,-91.27327,0,07/22/2019,01:50:00,DRIVER 1 WAS TRAVELING TOO FAST FOR ROAD CONDITIONS. VEHICLE 1 SKIDDED ACROSS THE CENTERLINE AND OFF THE LEFT SIDE OF THE ROADWAY.  VEHICLE 1 STRUCK A STREET SIGN AND OVERTURNED MULTIPLE TIMES.
1259812,3190019205,Missouri State Highway Patrol-Troop C,1563753600000,190421757,2,0,2,0,Personal Injury,ST. CHARLES,ST CHARLES,C,2,2,0,435,0.08,A ,E ,IS 70,CST CAVE SPRINGS RD,Daylight,Motor Vehicle in Transport,1,63,Mon     ,0,0,0,0,0,0,0,1,0,0,0,0,0,0,0,1,0,0,0,0,1,0,0,1,0,38.793,-90.56376,0,07/22/2019,06:00:00,"DRIVER #1 FAILED TO MAINTAIN A SINGLE LANE CAUSING THE FRONT OF VEHICLE #1 TO STRIKE REAR OF VEHICLE #2. AFTER IMPACT, BOTH VEHICLES TRAVELED OFF THE ROADWAY STRIKING A CONCRETE BARRIER."