objectid,accident,agency,inv_date,complaint,injured,killed,min_inj,dis_inj,severity,county,city,troop,no_vehicle,motor_veh,left_scene,dist_feet,dist_mile,inter_loc,direction,on_street,at_street,light_cond,acc_type,on_off_rd,two_veh,day_week,dr_drink,dr_drug,ped_drink,ped_drug,speed,dr_under21,dr_under25,dr_over55,dr_over64,electrical,emer_veh,stop_sign,yield_sign,czone,hazmat,aggressive,cell_phone,texting,veh_defect,school_bus,truck,motorcycle,atv,pickup,cmv,gps_lat,gps_long,severity_fatal,acc_date,acc_time,narrative
1210696,3190019654,Missouri State Highway Patrol-Troop C,1563753600000,190421768,1,0,1,0,Personal Injury,ST. LOUIS,BERKELEY,C,1,1,0,205,0.04,A ,E ,IS 170,BRIDGE A2926,Daylight,Fixed Object,2,,Mon     ,0,0,0,0,1,0,0,0,0,0,0,0,0,0,0,1,0,0,0,0,0,0,0,0,0,38.75774,-90.33954,0,07/22/2019,06:09:00,VEHICLE #1 HYDROPLANED BEFORE STRIKING A CONCRETE BARRIER. ASSISTED BY MSGT. J.R. DIFFEE (496)
1261073,3190019475,Missouri State Highway Patrol-Troop C,1563840000000,190421825,2,0,2,0,Personal Injury,ST. LOUIS,NORTHWOODS,C,2,2,0,322,0.06,B ,E ,IS 70,RP 6171,Daylight,Motor Vehicle in Transport,1,61,Mon     ,0,0,0,0,1,0,0,0,0,0,0,0,0,0,0,1,0,0,0,0,1,0,0,1,0,38.71039,-90.28419,0,07/22/2019,07:03:00,"VEHICLE #1 AND #2 WERE TRAVELING EASTBOUND ON INTERSTATE 70 AT LUCAS AND HUNT. VEHICLE #2 WAS TRAVELING IN FRONT OF VEHICLE #1 WHEN DRIVER #2 LOST CONTROL OF VEHICLE #2, SPUN AROUND AND STRUCK VEHICLE #1'S FRONT WITH IT'S FRONT. VEHICLE #2 THEN TRAVELED OFF THE LEFT SIDE OF THE ROADWAY AND STRUCK THE CONCRETE MEDIAN BEFORE RETURNING TO THE ROADWAY. ASSISTED BY ST LOUIS COUNTY AND NORTHWOODS PD."
1286586,3190020588,Missouri State Highway Patrol-Troop C,1563753600000,190421851,1,0,1,0,Personal Injury,ST. LOUIS,NON-CITY OR UNINCORPORATED,C,1,1,0,1056,0.2,B ,W ,RP 279195,CST LINDBERGH BLVD,Daylight,Fixed Object,2,,Mon     ,0,0,0,0,1,0,1,0,0,0,0,0,0,0,0,1,0,0,0,0,0,0,0,0,0,38.51416,-90.33539,0,07/22/2019,07:15:00,"VEHICLE #1 TRAVELED OFF THE LEFT SIDE OF THE ROADWAY AND THE FRONT OF VEHICLE #1 STRUCK THE GUARDRAIL FACE, THEN RETURNED TO THE ROADWAY."
1167445,3190019283,Missouri State Highway Patrol-Troop F,1563753600000,190421868,2,0,1,1,Personal Injury,MILLER,NON-CITY OR UNINCORPORATED,F,2,2,0,1277,0.24,A ,N,RT W,CRD EASTWOOD RD,Daylight,Motor Vehicle in Transport,1,64,Mon     ,0,0,0,0,1,0,0,0,0,0,0,0,0,0,0,1,0,0,0,0,0,0,0,0,0,38.23705,-92.66434,0,07/22/2019,07:30:00,"SOUTHBOUND VEHICLE 1 HYDROPLANED, LOST CONTROL, AND CROSSED INTO THE PATH OF NORTHBOUND VEHICLE 2. VEHICLE 2 THEN STRUCK VEHICLE 1. ASSISTED BY TPR. A. A. LINDLEY (840), TPR. S. W. MAHANEY (921), THE MILLER COUNTY SHERIFF'S OFFICE, AND THE LAKE OZARK POLICE DEPARTMENT."
1250841,3190020138,Missouri State Highway Patrol-Troop C,1563753600000,190421874,1,0,0,1,Personal Injury,STE. GENEVIEVE,NON-CITY OR UNINCORPORATED,C,1,1,0,406,0.08,A ,S ,RT D,BRIDGE T0120,Daylight,Fixed Object,2,,Mon     ,0,0,0,0,1,0,0,0,0,0,0,0,0,0,0,1,0,0,0,0,0,0,0,0,0,37.85942,-90.42334,0,07/22/2019,07:34:00,VEHICLE 1 TRAVELED OFF THE RIGHT SIDE OF THE ROADWAY. VEHICLE 1 STRUCK THE DITCH AND THEN A TREE. ASSISTED BY F.T.O. TPR. K.L. ELLEDGE (396)
903985,3190019157,Missouri State Highway Patrol-Troop D,1563753600000,190421909,1,0,1,0,Personal Injury,CHRISTIAN,NON-CITY OR UNINCORPORATED,D,2,2,0,142,0.03,A ,W ,RT CC,CRD CALHOUN RD,Daylight,Motor Vehicle in Transport,1,64,Mon     ,0,0,0,0,0,0,1,0,0,0,0,0,0,0,0,1,0,0,0,0,1,0,0,1,0,37.08347,-93.29708,0,07/22/2019,08:12:00,CRASH OCCURRED AS VEHICLE 1 PULLED SOUTH OUT OF CASEY'S PARKING LOT ONTO RTE CC AND INTO THE PATH OF VEHICLE 2 WHICH WAS TRAVELING WEST BOUND ON RTE CC
882792,3190019355,Missouri State Highway Patrol-Troop A,1563753600000,190422084,1,0,1,0,Personal Injury,BATES,NON-CITY OR UNINCORPORATED,A,1,1,0,438,0.08,A ,W ,MO 52,CRD NE 14235,Daylight,Fixed Object,2,,Mon     ,0,1,0,0,0,0,1,0,0,0,0,0,0,0,0,1,0,0,0,0,0,0,0,0,0,38.19941,-94.09158,0,07/22/2019,10:00:00,CRASH OCCURRED AS VEH1 TRAVELED OFF THE ROADWAY AND STRUCK THE DITCH.  VEH1 OVERTURNED AND CAME TO REST FACING NORTH.
958099,3190018973,Missouri State Highway Patrol-Troop D,1563753600000,190422119,1,0,1,0,Personal Injury,TANEY,NON-CITY OR UNINCORPORATED,D,1,1,0,295,0.06,A ,W ,MO 76,CRD TIMOTHY RD WJ,Daylight,Fixed Object,2,,Mon     ,0,0,0,0,1,0,0,0,0,0,0,0,0,0,0,1,0,0,0,0,0,0,0,0,0,36.63085,-93.10809,0,07/22/2019,10:08:00,VEHICLE 1 RAN OFF LEFT SIDE OF ROADWAY AND STRUCK A DITCH AND A SIGN.
803530,3190020383,Missouri State Highway Patrol-Troop A,1563753600000,190422120,1,0,1,0,Personal Injury,JOHNSON,NON-CITY OR UNINCORPORATED,A,1,1,0,188,0.04,B ,N,MO 13,RT DD NJ,Daylight,Fixed Object,2,,Mon     ,0,0,0,0,1,0,0,1,0,0,0,0,0,0,0,1,0,0,0,0,0,0,0,0,1,38.74285,-93.68682,0,07/22/2019,09:50:00,CRASH OCCURRED AS VEHICLE WAS TRAVELING NORTH ON MO13 AND FAILED TO NEGOTIATE THE ROUNDABOUT.   ASSISTED BY TPR. C.D. PARROTT (944).
1145189,3190019048,Missouri State Highway Patrol-Troop E,1563753600000,190422164,1,0,1,0,Personal Injury,NEW MADRID,NON-CITY OR UNINCORPORATED,E,1,1,0,5,0,B ,W ,US 60,RT E,Daylight,Fixed Object,2,,Mon     ,0,0,0,0,1,0,0,0,0,0,0,0,0,0,0,1,0,0,0,0,0,0,0,0,0,36.84058,-89.68623,0,07/22/2019,10:40:00,"STATE PROPERTY DAMAGE - CRASH OCCURRED AS VEHICLE ONE LOST CONTROL ON THE WET PAVEMENT, RUNNING OFF THE LEFT SIDE OF THE ROADWAY STRIKING A SIGN - STATE PROPERTY DAMAGE TO STOP SIGN AT THE INTERSECTION"
995750,3190019083,Missouri State Highway Patrol-Troop D,1563753600000,190422364,3,0,2,1,Personal Injury,STONE,NON-CITY OR UNINCORPORATED,D,2,2,0,600,0.11,A ,S ,MO 13,PVT RED ROSE LN,Daylight,Motor Vehicle in Transport,1,64,Mon     ,1,0,0,0,0,0,0,1,0,0,0,0,0,0,0,1,0,0,0,0,0,0,0,0,0,36.57216,-93.42841,0,07/22/2019,12:12:00,CRASH OCCURRED AS SOUTH BOUND VEHICLE # 1 CROSSED CENTER LINE AND STRUCK NORTH BOUND VEHICLE # 2
1192456,3190019225,Missouri State Highway Patrol-Troop B,1563753600000,190422511,1,0,0,1,Personal Injury,LEWIS,NON-CITY OR UNINCORPORATED,B,1,1,0,1584,0.3,B ,E ,CRD 522 240TH AVENUE,CRD 516 195TH STREET,Daylight,Overturn,1,,Mon     ,0,0,0,0,1,1,1,0,0,0,0,0,0,0,0,1,0,0,0,0,0,0,1,0,0,40.11386,-91.68978,0,07/22/2019,13:15:00,"01 SOUTHBOUND, LOST CONTROL ON GRAVEL ROADWAY, OVERTURNED,  EJECTING THE DRIVER.  ASSISTED BY LEWIS COUNTY SHERIFFS DEPARTMENT."
1194635,3190021554,Missouri State Highway Patrol-Troop F,1563753600000,190422755,1,0,1,0,Personal Injury,CALLAWAY,NON-CITY OR UNINCORPORATED,F,2,2,0,0,0,AT,E ,RP 7692,RT TT,Daylight,Motor Vehicle in Transport,1,64,Mon     ,0,0,0,0,0,0,0,1,1,0,0,1,0,0,0,1,0,0,0,0,1,0,0,1,0,38.69805,-92.08897,0,07/22/2019,15:25:00,DRIVER 1 FAILED TO YIELD AND PULLED VEHICLE 1 INTO THE PATH OF VEHICLE 2.
1250842,3190020147,Missouri State Highway Patrol-Troop C,1563753600000,190422795,1,0,1,0,Personal Injury,STE. GENEVIEVE,NON-CITY OR UNINCORPORATED,C,1,1,0,58,0.01,A ,W ,MO 32,CRD RIVER AUX VASES CHURCH RD,Daylight,Fixed Object,2,,Mon     ,0,0,0,0,0,1,1,0,0,0,0,0,0,0,0,1,0,0,0,0,0,0,0,0,0,37.89259,-90.21355,0,07/22/2019,15:50:00,"VEHICLE 1 WAS TRAVELING WESTBOUND ON MO-32, DRIVER 1 SWERVED TO THE RIGHT IN ATTEMPT TO AVOID A VEHICLE THAT WAS STOPPED IN ANTICIPATION OF A LEFT TURN. VEHICLE 1 TRAVELED OFF THE RIGHT SIDE OF THE ROADWAY AND STRUCK A UTILITY POLE."
1031021,3190019130,Missouri State Highway Patrol-Troop I,1563753600000,190422916,2,0,1,1,Personal Injury,PULASKI,NON-CITY OR UNINCORPORATED,I,1,1,0,427,0.08,A ,S ,RT T,CRD RAINBOW LN,Daylight,Fixed Object,2,,Mon     ,0,0,0,0,0,0,0,0,0,0,0,0,0,0,0,0,0,0,0,0,0,0,0,0,0,37.82268,-92.25817,0,07/22/2019,16:48:00,"CRASH OCCURRED AS VEHICLE 1 CROSSED THE CENTER LINE, TRAVELING OFF THE LEFT SIDE OF THE ROADWAY, AND STRIKING THE EMBANKMENT. ASSISTED BY THE WAYNESVILLE FIRE DEPARTMENT."
1285540,3190021292,Missouri State Highway Patrol-Troop C,1563753600000,190423013,1,0,0,1,Personal Injury,ST. FRANCOIS,NON-CITY OR UNINCORPORATED,C,1,1,0,237,0.04,B ,N,US 67,BRIDGE A0259,Daylight,Fixed Object,2,,Mon     ,0,1,0,0,0,0,0,0,0,0,0,0,0,0,0,1,0,0,0,0,0,0,0,0,0,37.7062,-90.40072,0,07/22/2019,17:31:00,"VEHICLE 1 WAS TRAVELING NORTHBOUND ON US-67, TRAVELED OFF THE LEFT SIDE OF THE ROADWAY, AND STRUCK THE CABLE MEDIAN BARRIER AND A BRIDGE. ASSISTED BY CPL. B. M. BEARD (254)."
1278134,3190020739,Missouri State Highway Patrol-Troop C,1563753600000,190423015,1,0,1,0,Personal Injury,ST. CHARLES,LAKE ST LOUIS,C,3,3,0,42,0.01,B ,W ,IS 64,BRIDGE A1456,Daylight,Motor Vehicle in Transport,1,61,Mon     ,0,0,0,0,0,0,1,0,0,0,0,0,0,0,0,1,0,0,0,0,0,0,0,0,1,38.78645,-90.80337,0,07/22/2019,17:30:00,"ALL THREE VEHICLES WERE TRAVELING WESTBOUND ON I-64. VEHICLES 1 AND 2 WERE IN LANE 1 AND VEHICLE 3 WAS IN LANE 2. VEHICLE 2 S SLOWED FOR TRAFFIC AHEAD, VEHICLE 1 WAS FOLLOWING TOO CLOSE, AND THE FRONT OF VEHICLE 1 STRUCK THE REAR OF VEHICLE 2. VEHICLE 1 SLID INTO LANE 2 AND THE FRONT OF VEHICLE 3 STRUCK VEHICLE 1. ASSISTED BY CPL. T. R. JENKINS (460) AND TPR. B. P. WAASO (1452)."
1012678,3190019145,Missouri State Highway Patrol-Troop D,1563753600000,190423112,1,0,1,0,Personal Injury,VERNON,NON-CITY OR UNINCORPORATED,D,2,2,0,0,0,AT,S ,RT AA,CRD KATY TRACK,Daylight,Motor Vehicle in Transport,1,64,Mon     ,0,0,0,0,0,0,0,0,0,0,0,1,0,0,0,1,0,0,0,0,1,0,0,1,0,37.88778,-94.12187,0,07/22/2019,18:15:00,OCCURRED AS #1 FAILED TO STOP AT A STOP SIGN AND PULLED INTO THE PATH OF #2.
903987,3190019388,Missouri State Highway Patrol-Troop D,1563753600000,190423163,2,0,2,0,Personal Injury,CHRISTIAN,NON-CITY OR UNINCORPORATED,D,2,2,0,221,0.04,B ,W ,US 60,CRD IRIS DRIVE,Daylight,Motor Vehicle in Transport,1,61,Mon     ,0,0,0,0,1,1,1,0,0,0,0,0,0,0,0,1,0,0,0,0,1,0,0,1,0,37.08926,-93.52079,0,07/22/2019,18:43:00,VEHICLE 1 WAS SLOWING WHEN STRUCK FROM BEHIND BY VEHICLE 2.
801840,3190019858,Missouri State Highway Patrol-Troop A,1563753600000,190423375,1,0,1,0,Personal Injury,JACKSON,LEES SUMMIT,A,3,3,0,248,0.05,B ,E ,IS 470,ERM EAST IS 470 MILE 62,Daylight,Motor Vehicle in Transport,1,61,Mon     ,0,0,0,0,0,0,1,0,0,0,0,0,0,0,0,1,0,0,0,0,1,0,0,1,1,38.93519,-94.4332,0,07/22/2019,17:45:00,OCCURRED AS VEH1 OVERTOOK AND STRUCK REAR OF VEH3. VEH3 THEN STRUCK REAR OF VEH2.
898071,3190020249,Missouri State Highway Patrol-Troop D,1563753600000,190423504,0,1,0,0,Fatal,GREENE,NON-CITY OR UNINCORPORATED,D,1,1,0,445,0.08,B ,W ,IS 44,ERM WEST IS 44 MILE 704,Dark-Unlighted,Fixed Object,2,,Mon     ,0,0,0,0,1,0,0,0,0,0,0,0,0,0,0,1,0,0,0,0,1,0,0,1,0,37.20162,-93.41836,1,07/22/2019,23:10:00,"FATALITY REPORT - NEXT OF KIN NOTIFIED. THIS IS TROOP D'S 56TH FATALITY IN 2019. CRASH OCCURRED AS VEHICLE #1 TRAVELED OFF THE RIGHT SIDE OF THE ROADWAY, STUCK A ROCK, OVERTURNED AND STRUCK A ROAD SIGN. DRIVER #1 WAS EJECTED FROM THE VEHICLE. DRIVER #1 WAS PRONOUNCED DECEASED AT THE SCENE ON JULY 22, 2019, AT 2310 HOURS BY DEATH INVESTIGATOR NOAH CROSS OF THE GREENE COUNTY MEDICAL EXAMINER'S OFFICE."
898100,3190019538,Missouri State Highway Patrol-Troop D,1563926400000,190423525,1,0,1,0,Personal Injury,GREENE,NON-CITY OR UNINCORPORATED,D,1,1,Y,36,0.01,B ,S ,CRD S PARK AVE,CRD VINCENT ST,Dark-Lighted,Fixed Object,2,,Mon     ,1,0,0,0,0,0,0,0,0,0,0,0,0,0,0,1,0,0,0,0,1,0,0,1,0,37.13241,-93.32531,0,07/22/2019,23:44:00,VEH #1 TRAVELED OFF THE RIGHT SIDE OF THE ROADWAY AND STRUCK A TREE.
1278135,3190020056,Missouri State Highway Patrol-Troop C,1563840000000,190423589,1,0,1,0,Personal Injury,ST. CHARLES,LAKE ST LOUIS,C,2,1,0,0,0,AT,W ,RT N,CST HAWK RIDGE TRAIL,Dark-Lighted,Pedalcycle,1,,Tue     ,0,0,0,0,0,0,1,0,0,1,0,0,0,0,0,0,0,0,0,0,0,0,0,0,0,38.76788,-90.78242,0,07/23/2019,01:26:00,VEHICLE 1 WAS TRAVELING SOUTH ON HAWK RIGHT TRAIL AND EFFECTED A LEFT TURN ONTO WESTBOUND HIGHWAY N. BICYCLE 2 WAS TRAVELING EASTBOUND ON HIGHWAY N. DRIVER 2 FAILED TO OBEY THE STEADY RED ELECTRIC SIGNAL AND TRAVELED INTO THE PATH VEHICLE 1. BICYCLE 2 STRUCK VEHICLE 1.
958097,3190019086,Missouri State Highway Patrol-Troop D,1563840000000,190423727,2,0,2,0,Personal Injury,TANEY,NON-CITY OR UNINCORPORATED,D,1,1,0,2434,0.46,B ,W ,MO 76,CRD CEDAR HOLLOW ROAD,Dark-Unlighted,Fixed Object,2,,Tue     ,0,0,0,0,1,0,0,1,0,0,0,0,0,0,0,1,0,0,0,0,0,0,0,0,0,36.78065,-92.92521,0,07/23/2019,05:00:00,CRASH OCCURRED AS VEHICLE 1 EXITED THE ROAD TO THE RIGHT AND STRUCK A TREE
958095,3190019431,Missouri State Highway Patrol-Troop D,1563840000000,190424021,1,0,1,0,Personal Injury,TANEY,NON-CITY OR UNINCORPORATED,D,1,1,0,2640,0.5,B ,E ,MO 248,CRD BUCHANAN RD,Daylight,Fixed Object,2,,Tue     ,0,0,0,0,1,0,0,1,0,0,0,0,0,0,0,1,0,0,0,0,1,0,0,0,1,36.70432,-93.2575,0,07/23/2019,09:45:00,"CRASH OCCURRED AS  VEHICLE 1 WAS TRAVELING SOUTHBOUND ON MO 248, VEHICLE 1 RAN OFF THE RIGHT SIDE OF THE ROAD, STRUCK A MAILBOX, CROSSED THE ROAD, TRAVELED OFF THE LEFT SIDE OF THE ROADWAY AND OVERTURNED"
1035865,3190019244,Missouri State Highway Patrol-Troop I,1563840000000,190424091,2,0,2,0,Personal Injury,PHELPS,NON-CITY OR UNINCORPORATED,I,2,2,0,0,0,AT,W ,RT F,CRD 3170,Daylight,Motor Vehicle in Transport,1,64,Tue     ,0,0,0,0,0,1,1,1,1,0,0,1,0,0,0,1,0,0,0,0,1,0,0,1,1,37.90899,-91.69832,0,07/23/2019,10:27:00,"VEHICLE 2 FAILED TO YIELD TO VEHICLE 1, CAUSING VEHICLE 1 TO STRIKE VEHICLE 2. ASSISTED BY CPL C. R. CAPPS, (485) AND TPR B. C. ROWDEN, (1431)."
1189080,3190019808,Missouri State Highway Patrol-Troop B,1563840000000,190424140,1,0,1,0,Personal Injury,ADAIR,NON-CITY OR UNINCORPORATED,B,1,1,0,3168,0.6,B ,S ,RT A,CRD APACHE WAY,Daylight,Fixed Object,2,,Tue     ,0,0,0,0,0,0,0,1,0,0,0,0,0,0,0,0,0,0,0,0,0,1,0,0,0,40.33128,-92.43963,0,07/23/2019,10:55:00,VEHICLE 01 TRAVELED OFF RIGHT SIDE OF ROADWAY EJECTING THE DRIVER.  ASSISTED BY ADAIR COUNTY SHERIFF'S DEPARTMENT AND ADAIR COUNTY AMBULANCE.
1212216,3190020907,Missouri State Highway Patrol-Troop C,1563840000000,190424156,2,0,2,0,Personal Injury,WASHINGTON,NON-CITY OR UNINCORPORATED,C,2,2,0,0,0,AT,N,MO 21,RT E,Daylight,Motor Vehicle in Transport,1,64,Tue     ,0,0,0,0,0,0,0,1,1,1,0,0,0,0,0,1,0,0,0,0,1,0,0,1,1,37.94687,-90.76595,0,07/23/2019,11:00:00,DRIVER 1 FAILED TO STOP FOR A RED TRAFFIC SIGNAL AND TRAVELED INTO THE PATH OF VEHICLE 2 CAUSING VEHICLE 2 TO STRIKE THE DRIVERS SIDE OF VEHICLE 1
918375,3190019178,Missouri State Highway Patrol-Troop D,1563840000000,190424207,2,0,2,0,Personal Injury,JASPER,NON-CITY OR UNINCORPORATED,D,3,3,0,262,0.05,B ,N,MO 171,CRD REDBUD,Daylight,Motor Vehicle in Transport,1,64,Tue     ,0,0,0,0,1,0,0,0,0,0,0,0,0,0,0,1,0,0,0,0,1,0,0,1,0,37.31982,-94.61423,0,07/23/2019,12:06:00,"CRASH OCCURRED AS VEH 1 CUT THROUGH A CORNFIELD, ENTERED MO 171 AND TRAVELED INTO THE PATH OF VEH 2.  AFTER IMPACT, VEH 1 SPUN AND WAS IMPACTED BY VEH 3."
969106,3190019191,Missouri State Highway Patrol-Troop D,1563840000000,190424233,1,0,1,0,Personal Injury,BARRY,NON-CITY OR UNINCORPORATED,D,3,3,Y,137,0.03,B ,N,MO 37,CRD 2090,Daylight,Motor Vehicle in Transport,1,61,Tue     ,0,0,0,0,0,,,1,1,0,0,0,0,1,0,0,0,0,0,0,1,0,0,1,0,36.80137,-93.9264,0,07/23/2019,11:50:00,"CRASH OCCURRED AS VEHICLE 3 & 2 STOPPED IN TRAFFIC FOR SOMEONE TURNING LEFT IN FRONT OF THEM, VEHICLE #1 REAR ENDED VEHICLE #2, PUSHING VEHICLE #2 INTO VEHICLE # 3"
1111146,3190019249,Missouri State Highway Patrol-Troop E,1563840000000,190424368,1,0,1,0,Personal Injury,DUNKLIN,NON-CITY OR UNINCORPORATED,E,2,2,0,89,0.02,B ,N,MO 53,RT J,Daylight,Motor Vehicle in Transport,1,61,Tue     ,0,0,0,0,0,1,1,0,0,0,0,0,0,1,0,1,0,0,0,0,0,0,0,0,0,36.56946,-90.16842,0,07/23/2019,13:08:00,CRASH OCCURRED AS VEH 1 WAS STOPPED IN THE ROADWAY FOR CONSTRUCTION AND WAS STRUCK IN THE REAR BY VEH 2.
969109,3190019170,Missouri State Highway Patrol-Troop D,1563840000000,190424376,1,0,1,0,Personal Injury,BARRY,NON-CITY OR UNINCORPORATED,D,1,1,0,728,0.14,A ,S ,CRD SANS SOUCI DR,CRD 2236,Daylight,Fixed Object,2,,Tue     ,0,0,0,0,0,0,1,0,0,0,0,0,0,0,0,0,0,0,0,0,0,0,0,0,0,36.59505,-93.64948,0,07/23/2019,13:02:00,"ACCIDENT OCCURRED AS VEH #1 NORTHBOUND ON SANS SOUCI DRIVE, WAS DISTRACTED BY OCCUPANT , RAN OFF THE LEFT SIDE OF ROADWAY AND STRUCK A TREE"
898101,3190019716,Missouri State Highway Patrol-Troop D,1563840000000,190424433,1,0,1,0,Personal Injury,GREENE,NON-CITY OR UNINCORPORATED,D,2,2,0,0,0,AT,N,MO 123,CRD 79,Daylight,Motor Vehicle in Transport,1,64,Tue     ,0,0,0,0,0,0,0,1,1,0,0,1,0,0,0,1,0,0,0,0,1,0,0,1,0,37.33712,-93.47773,0,07/23/2019,13:40:00,VEHICLE 1 FAILED TO STOP AT A STOP SIGN AND PULLED INTO THE PATH OF VEHICLE 2.
1181790,3190019142,Missouri State Highway Patrol-Troop F,1563840000000,190424505,0,1,0,0,Fatal,OSAGE,NON-CITY OR UNINCORPORATED,F,1,1,0,1056,0.2,A ,E ,US 50,MO 89 EJ,Daylight,Overturn,2,,Tue     ,0,0,0,0,0,0,0,1,1,0,0,0,0,0,0,1,0,0,0,0,1,0,0,1,0,38.47255,-91.78172,1,07/23/2019,14:20:00,"***LATE FATALITY***CRASH OCCURRED AS VEHICLE 1 TRAVELED OFF THE RIGHT SIDE OF THE ROADWAY, UP AN EMBANKMENT, BEGAN TO ROTATE CLOCKWISE AND OVERTURNED ONTO THE DRIVER SIDE. VEHICLE 1 STRUCK A TREE, RETURNED ONTO ITS WHEELS, DOWN AN EMBANKMENT AND CAME TO REST ON ITS WHEELS FACING WEST IN A DITCH,  ASSISTED BY CPL C. G. HOLZSCHUH (1119), TPR. N. W. MARCH (762) AND FIRE MARSHALL J. DUNN (FM1479). PRONOUNCED DECEASED ON 08/04/2019 AT 0959 BY DOCTOR QUICK AT UNIVERSITY HOSPITAL NEXT OF KIN NOTIFIED TROOP F FATALITY #2 FOR AUGUST AND #37 FOR 2019."
882794,3190019793,Missouri State Highway Patrol-Troop A,1563840000000,190424507,1,0,0,1,Personal Injury,BATES,NON-CITY OR UNINCORPORATED,A,1,1,0,105,0.02,B ,N,IS 49,ERM NORTH IS 49 MILE 1238,Daylight,Fixed Object,2,,Tue     ,0,0,0,0,0,0,0,0,0,0,0,0,0,0,0,1,0,0,0,0,0,0,0,0,0,38.1404,-94.35125,0,07/23/2019,14:24:00,"THE CRASH OCCURRED AS VEH 1 WAS NORTHBOUND ON I 49.  VEH 1 RAN OFF THE LEFT SIDE OF THE ROADWAY INTO THE MEDIAN STRIKING THE GROUND.  VEH 1 THEN WENT AIRBORNE AND STRUCK THE ROADWAY, RAN OFF THE ROADWAY AGAIN COMING TO REST IN THE MARAIS DES CYGNES RIVER."
1226327,3190019326,Missouri State Highway Patrol-Troop C,1563840000000,190424988,1,0,1,0,Personal Injury,JEFFERSON,NON-CITY OR UNINCORPORATED,C,2,2,0,0,0,AT,S ,MO 141,CRD OLD MISSOURI STATE RD,Daylight,Motor Vehicle in Transport,1,64,Tue     ,0,0,0,0,0,0,0,0,0,1,0,0,0,1,0,1,0,0,0,0,1,0,0,1,0,38.45367,-90.41305,0,07/23/2019,18:08:00,VEHICLE 1 WAS SOUTHBOUND ON HIGHWAY 141.  VEHICLE 2 WAS EASTBOUND ON OLD MISSOURI STATE ROAD.  VEHICLE 2 ATTEMPTED TO MAKE A LEFT TURN ONTO NORTHBOUND HIGHWAY 141.  DRIVER 1 FAILED TO STOP FOR A RED TRAFFIC SIGNAL.  VEHICLE 2 STRUCK THE RIGHT SIDE OF VEHICLE 1.  VEHICLE 1 OVERTURNED AND TRAVELED OFF THE LEFT SIDE OF THE ROADWAY.
1148034,3190019289,Missouri State Highway Patrol-Troop E,1563840000000,190424997,3,0,3,0,Personal Injury,STODDARD,NON-CITY OR UNINCORPORATED,E,2,2,0,36,0.01,B ,N,MO 91,CRD 385,Daylight,Motor Vehicle in Transport,1,61,Tue     ,0,0,0,0,0,0,0,1,1,0,0,0,0,0,0,1,0,0,0,0,0,0,0,0,0,37.03835,-89.76326,0,07/23/2019,18:10:00,CRASH OCCURRED AS VEHICLE TWO WAS STOPPED IN TRAFFIC PREPARING TO TURN AND WAS STRUCK IN THE REAR BY VEHICLE ONE.
995436,3190019380,Missouri State Highway Patrol-Troop D,1563840000000,190425163,1,0,1,0,Personal Injury,STONE,NON-CITY OR UNINCORPORATED,D,2,2,Y,612,0.12,A ,E ,MO 76,PVT LARINO LN,Daylight,Motor Vehicle in Transport,1,61,Tue     ,0,0,0,0,0,0,1,0,0,0,0,0,0,0,0,1,0,0,0,0,0,0,0,0,0,36.67197,-93.33761,0,07/23/2019,20:00:00,#2 SLOWED DUE TO TRAFFIC AND #1 STRUCK #2 IN THE REAR.  DRIVER #1 FLED THE SCENE AND WAS LOCATED LATER.
898069,3190019706,Missouri State Highway Patrol-Troop D,1563840000000,190425279,3,0,3,0,Personal Injury,GREENE,NON-CITY OR UNINCORPORATED,D,2,2,0,0,0,AT,S ,CRD 139,CRD PLAINVIEW ROAD,Dark-Lighted,Motor Vehicle in Transport,1,64,Tue     ,0,0,0,0,0,1,1,0,0,0,0,1,0,0,0,1,0,0,0,0,0,0,0,0,0,37.11652,-93.32903,0,07/23/2019,21:15:00,SB #1 FAILED TO YEILD FOR #2 AND STRUCK #2 IN THE DRIVERS SIDE
1016232,3190019228,Missouri State Highway Patrol-Troop D,1563840000000,190425358,1,0,1,0,Personal Injury,NEWTON,NON-CITY OR UNINCORPORATED,D,1,1,0,1066,0.2,B ,N,RT C,CRD CRESENT LN,Dark-Unlighted,Fixed Object,2,,Tue     ,0,0,0,0,0,0,0,1,1,0,0,0,0,0,0,0,0,0,0,0,0,0,0,0,0,36.97737,-94.54423,0,07/23/2019,22:10:00,"OCCURRED AS #1 LEFT THE ROADWAY, STRUCK A CONCRETE CULVERT AND OVERTURNED."