objectid,accident,agency,inv_date,complaint,injured,killed,min_inj,dis_inj,severity,county,city,troop,no_vehicle,motor_veh,left_scene,dist_feet,dist_mile,inter_loc,direction,on_street,at_street,light_cond,acc_type,on_off_rd,two_veh,day_week,dr_drink,dr_drug,ped_drink,ped_drug,speed,dr_under21,dr_under25,dr_over55,dr_over64,electrical,emer_veh,stop_sign,yield_sign,czone,hazmat,aggressive,cell_phone,texting,veh_defect,school_bus,truck,motorcycle,atv,pickup,cmv,gps_lat,gps_long,severity_fatal,acc_date,acc_time,narrative
1194634,3190019312,Missouri State Highway Patrol-Troop F,1563840000000,190425444,1,0,1,0,Personal Injury,CALLAWAY,NON-CITY OR UNINCORPORATED,F,2,2,0,232,0.04,A ,W ,IS 70,ERM WEST IS 70 MILE 1502,Dark-Unlighted,Motor Vehicle in Transport,1,64,Tue     ,0,0,0,0,0,0,0,0,0,0,0,0,0,0,0,1,0,0,0,0,1,0,0,0,1,38.9439,-91.90205,0,07/23/2019,23:45:00,OCCURRED AS DRIVER 1 FELL ASLEEP WHILE OPERATING VEHICLE 1.  VEHICLE 1 CROSSED THE CENTER LINE AND STRUCK VEHICLE 2.  VEHICLE 1 TRAVELED OFF THE LEFT SIDE OF THE ROADWAY AND STRUCK THE MEDIAN CABLE BARRIER BEFORE IT OVERTURNED AND CAME TO REST ON ITS PASSENGER SIDE FACING EAST.  VEHICLE 2 CAME TO A CONTROLLED STOP ON THE RIGHT SHOULDER NEARBY.
969107,3190021102,Missouri State Highway Patrol-Troop D,1563926400000,190425506,0,2,0,0,Fatal,BARRY,NON-CITY OR UNINCORPORATED,D,1,1,0,21,0,A ,N,MO 39,MO 76 SJ,Dark-Lighted,Overturn,2,,Wed     ,1,0,0,0,1,0,0,0,0,0,0,0,0,0,0,1,0,0,0,0,0,0,0,0,0,36.66566,-93.67213,1,07/24/2019,01:30:00,"DOUBLE FATALITY CRASH. NEXT OF KIN NOTIFIED. THIS IS TROOP D'S 57TH & 58TH FATALITY OF 2019. CRASH OCCURRED AS  VEHICLE 1 TRAVELED OFF RIGHT SIDE OF ROADWAY, OVERTURNED DOWN AN EMBANKMENT, AND STRUCK SEVERAL TREES. DRIVER WAS PRONOUNCED BY JIM FOHN DEPUTY CORONER AT 0225, PASSENGER WAS PRONOUNCED AT 0336 BY A DOCTOR SALAS AT MERCY SPRINGFIELD"
925596,3190019147,Missouri State Highway Patrol-Troop D,1563926400000,190425568,1,0,1,0,Personal Injury,MCDONALD,NON-CITY OR UNINCORPORATED,D,1,1,0,237,0.04,B ,E ,CRD ELK RIVER ROAD,IS 49,Daylight,Fixed Object,2,,Wed     ,0,0,0,0,0,0,0,0,0,0,0,0,0,0,0,0,0,0,0,0,0,0,0,0,0,36.58622,-94.39874,0,07/24/2019,06:10:00,CRASH OCCURRED AS VEHICLE DROVE OFF THE RIGHT SIDE OF THE ROADWAY AND STRUCK A TREE
1286588,3190022068,Missouri State Highway Patrol-Troop C,1563926400000,190425657,2,0,2,0,Personal Injury,ST. LOUIS,NON-CITY OR UNINCORPORATED,C,3,3,0,322,0.06,B ,E ,IS 270,ERM NORTH IS 270 MILE 16,Daylight,Motor Vehicle in Transport,1,61,Wed     ,0,0,0,0,0,0,0,0,0,0,0,0,0,0,0,1,0,0,0,0,1,0,0,1,0,38.51081,-90.36252,0,07/24/2019,07:35:00,"VEHICLE 2 AND VEHICLE 3 WERE STOPPED IN TRAFFIC. THE FRONT OF VEHICLE 1 STRUCK THE REAR OF VEHICLE 2, PUSHING VEHICLE 2 INTO VEHICLE 3. TPR. J.S. HUSKEY (1265)"
898064,3190020510,Missouri State Highway Patrol-Troop D,1563926400000,190425695,1,0,1,0,Personal Injury,GREENE,NON-CITY OR UNINCORPORATED,D,2,2,0,0,0,AT,S ,MO 13,CRD 44,Daylight,Motor Vehicle in Transport,1,61,Wed     ,0,0,0,0,0,0,0,0,0,0,0,0,0,0,0,1,0,0,1,0,0,0,0,0,1,37.36261,-93.3355,0,07/24/2019,07:55:00,CRASH OCCURRED AS VEHICLE 1 STRUCK VEHICLE 2 IN THE REAR
1311668,3190020280,Missouri State Highway Patrol-Troop C,1563926400000,190425803,1,0,1,0,Personal Injury,ST. CHARLES,ST PETERS,C,1,1,0,3168,0.6,B ,W ,IS 70,MO 79,Daylight,Fixed Object,2,,Wed     ,0,1,0,0,0,0,0,0,0,0,0,0,0,0,0,1,0,0,0,0,0,0,0,0,0,38.80034,-90.6422,0,07/24/2019,08:50:00,VEHICLE 1 TRAVELED OFF THE RIGHT SIDE OF THE ROADWAY AND STRUCK THE GUARDRAIL. VEHICLE 1 OVERTURNED. ASSISTED BY TPR. E.M. REYNOSO (768) AND TPR. K.T. WELKER (498).
1286619,3190020266,Missouri State Highway Patrol-Troop C,1563926400000,190425905,2,0,0,2,Personal Injury,ST. LOUIS,NON-CITY OR UNINCORPORATED,C,2,2,0,63,0.01,B ,W ,IS 70,ERM WEST IS 70 MILE 2302,Daylight,Motor Vehicle in Transport,1,61,Wed     ,0,0,0,0,1,0,1,0,0,0,0,0,0,0,0,1,0,0,0,0,0,0,0,0,0,38.76409,-90.48172,0,07/24/2019,09:45:00,"VEHICLE 1 CHANGED LANES AND STRUCK VEHICLE 2 IN THE REAR. ASSISTED BY TPR. L.A. BENKE (156), TPR. B.G. GROVES (837) AND TPR. Q.H. HOOKS (373)"
1501593,3190020456,Missouri State Highway Patrol-Troop H,1563926400000,190426295,1,0,0,1,Personal Injury,ATCHISON,NON-CITY OR UNINCORPORATED,H,1,1,0,636,0.12,A ,N,RT N,CRD 260 ST,Daylight,Overturn,1,,Wed     ,0,0,0,0,0,0,0,0,0,0,0,0,0,0,0,1,0,0,0,0,1,0,0,0,1,40.35187,-95.27414,0,07/24/2019,12:50:00,"CRASH OCCURRED AS VEH1 WAS TRAVELING NORTHBOUND ON RT N. VEH 1 TRAVELED OFF THE EAST SIDE OF THE ROADWAY. DVR OVERCORRECTED AND RETURNED TO THE ROADWAY. VEH 1 OVERTURNED ONTO ITS PASSENGER SIDE. DVR WAS EJECTED FROM THE VEH AND LANDED OFF THE EAST SIDE OF THE ROADWAY. VEH 1 CAME TO REST ON PASSENGER SIDE OFF THE EAST SIDE OF THE ROADWAY FACING WEST. ASSISTED  BY TPR. K.L. EBERSOLD (381), ATCHISON COUNTY SHERIFFS DEPARTMENT, ATCHISON-HOLT AMBULANCE, AND MODOT."
901487,3190019734,Missouri State Highway Patrol-Troop D,1563926400000,190426514,1,0,1,0,Personal Injury,ST. CLAIR,NON-CITY OR UNINCORPORATED,D,1,1,0,512,0.1,A ,E ,MO 52,RT A,Daylight,Fixed Object,2,,Wed     ,0,0,0,0,0,0,0,1,1,0,0,0,0,0,0,0,0,0,0,0,0,0,0,0,0,38.19123,-93.99606,0,07/24/2019,14:28:00,"CRASH OCCURRED AS VEH 1 RAN OFF THE LEFT SIDE OF THE ROADWAY IN A CURVE, STRUCK A ROAD DITCH AND JUMPED OVER A SMALL DRAINAGE AREA."
1226336,3190020302,Missouri State Highway Patrol-Troop C,1563926400000,190426731,1,0,1,0,Personal Injury,JEFFERSON,NON-CITY OR UNINCORPORATED,C,1,1,0,601,0.11,B ,W ,CRD FLUCOM ROAD,PVT TIFFANY LN,Daylight,Fixed Object,2,,Wed     ,0,0,0,0,0,0,1,0,0,0,0,0,0,0,0,1,0,0,0,0,0,0,0,0,0,38.12646,-90.54104,0,07/24/2019,16:20:00,"VEHICLE 1 TRAVELED OFF THE RIGHT SIDE OF THE ROAD, DRIVER 1 OVERCORRECTED AND CROSSED CENTER LINE, DRIVER 1 THEN OVERCORRECTED AGAIN AND TRAVELED INTO A DITCH. ASSISTED BY TPR. A. S. HUSKEY (781)"
800447,3190019692,Missouri State Highway Patrol-Troop A,1563926400000,190426820,3,0,3,0,Personal Injury,SALINE,NON-CITY OR UNINCORPORATED,A,1,1,0,2112,0.4,A ,N,RT O,CRD 245TH ROAD,Daylight,Fixed Object,2,,Wed     ,0,0,0,0,1,1,1,0,0,0,0,0,0,0,0,1,0,0,0,0,1,0,0,1,0,39.14478,-93.17071,0,07/24/2019,16:55:00,"CRASH OCCURRED AS VEH1 TRAVELED OFF THE ROADWAY, STRUCK A DITCH AND SEVERAL TREES.  VEH1 OVERTURNED AND CAME TO REST ON ITS WHEELS.  ASSISTED BY TPR N A PEREZ /1423/, TPR M J OWENS /488/ AND SALINE COUNTY DEPUTIES"
801867,3190020058,Missouri State Highway Patrol-Troop A,1563926400000,190426902,1,0,1,0,Personal Injury,JACKSON,LEES SUMMIT,A,2,2,0,369,0.07,B ,E ,IS 470,ERM EAST IS 470 MILE 98,Daylight,Overturn,1,,Wed     ,0,0,0,0,0,0,0,0,0,0,0,0,0,0,0,1,0,0,0,0,0,1,0,0,0,38.94473,-94.36945,0,07/24/2019,17:35:00,"OCCURRED AS VEH1 WAS SLOWING FOR TRAFFIC CONGESTION AND OVERTURNED, EJECTING DRV1 AND PASS1. VEH1 THEN STRUCK VEH2 IN REAR."
1217307,3190019932,Missouri State Highway Patrol-Troop C,1563926400000,190426907,2,0,2,0,Personal Injury,FRANKLIN,NON-CITY OR UNINCORPORATED,C,1,1,0,179,0.03,B ,E ,IS 44,ERM EAST IS 44 MILE 2538,Daylight,Fixed Object,2,,Wed     ,0,0,0,0,0,0,0,1,0,0,0,0,0,0,0,0,0,0,0,0,0,0,0,0,0,38.48432,-90.81834,0,07/24/2019,17:40:00,VEHICLE 1 TRAVELED OFF THE RIGHT SIDE OF THE ROAD AND STRUCK THE GUARDRAIL. VEHICLE 1 RETURNED TO THE ROADWAY AND TRAVELED OFF THE LEFT SIDE OF THE ROAD AND STRUCK THE MEDIAN WALL. ASSISTED BY CPL. C. M. BISHOP (202)
1334671,3190019958,Missouri State Highway Patrol-Troop G,1563926400000,190427038,3,0,3,0,Personal Injury,WRIGHT,NON-CITY OR UNINCORPORATED,G,2,2,0,0,0,AT,W ,MO 38,CRD ZOLA DR,Daylight,Motor Vehicle in Transport,1,64,Wed     ,0,0,0,0,0,0,0,0,0,0,0,0,0,0,0,0,0,0,0,0,1,0,0,1,0,37.236,-92.54764,0,07/24/2019,18:45:00,"CRASH OCCURRED AS VEH 1 BACKING FROM PRIVATE DRIVEWAY, BACKED IN TO PATH OF VEH 2.  VEH 2 STRUCK VEH 1"
1336112,3190019997,Missouri State Highway Patrol-Troop G,1563926400000,190427144,2,0,2,0,Personal Injury,DOUGLAS,NON-CITY OR UNINCORPORATED,G,1,1,0,3695,0.7,B ,N,CRD 76-149,CRD 95-148,Daylight,Other Object,1,,Wed     ,0,0,0,0,0,1,1,0,0,0,0,0,0,0,0,0,0,0,0,0,0,0,1,0,0,37.00808,-92.25674,0,07/24/2019,17:30:00,"CRASH OCCURRED AS VEHICLE ONE TRAVELING NORTHBOUND ON FARM ROAD 149 IMPACTED AN OBJECT IN THE ROADWAY, RAN OFF THE RIGHT SIDE OF THE ROADWAY, HIT AN EMBANKMENT, OVERTURNED A STRUCK A FENCE"
901488,3190019813,Missouri State Highway Patrol-Troop D,1563926400000,190427168,1,0,1,0,Personal Injury,ST. CLAIR,NON-CITY OR UNINCORPORATED,D,1,1,0,1029,0.19,B ,E ,RT B,BRIDGE A3641,Daylight,Animal,1,,Wed     ,0,0,0,0,0,0,0,1,0,0,0,0,0,0,0,0,0,0,0,0,0,1,0,0,0,38.05305,-93.79669,0,07/24/2019,19:50:00,VEHICLE 1 STRUCK A HORSE IN THE ROADWAY.
1278136,3190021341,Missouri State Highway Patrol-Troop C,1563926400000,190427203,1,0,1,0,Personal Injury,ST. CHARLES,LAKE ST LOUIS,C,1,1,0,126,0.02,A ,E ,IS 70,ERM EAST IS 70 MILE 2134,Daylight,Fixed Object,2,,Wed     ,1,0,0,0,0,0,0,0,0,0,0,0,0,0,0,1,0,0,0,0,1,0,0,1,0,38.80433,-90.78289,0,07/24/2019,20:10:00,"VEHICLE 1 TRAVELED OFF THE RIGHT SIDE OF THE ROADWAY, ACROSS THE LANES OF VETERAN'S MEMORIAL PARKWAY AND STRUCK A ROAD SIGN AND AN ELECTRICAL BOX. VEHICLE 1 CONTINUED SOUTH ACROSS HARBER VIEW DRIVE AND STRUCK A STREET SIGN AND A PRIVATE RESIDENCE."
1155532,3190019848,Missouri State Highway Patrol-Troop E,1563926400000,190427255,1,0,1,0,Personal Injury,SCOTT,NON-CITY OR UNINCORPORATED,E,1,1,0,84,0.02,B ,S ,RT N,RT E NJ,Dark-Unlighted,Overturn,2,,Wed     ,0,0,0,0,0,0,0,0,0,0,0,0,0,0,0,1,0,0,0,0,0,1,0,0,0,37.14674,-89.47032,0,07/24/2019,20:35:00,"CRASH OCCURRED AS VEHICLE 1 RAN OFF THE ROADWAY, OVERTURNED AMD STRUCK A TREE."
1111148,3190019580,Missouri State Highway Patrol-Troop E,1563926400000,190427328,2,0,2,0,Personal Injury,DUNKLIN,NON-CITY OR UNINCORPORATED,E,2,2,0,0,0,AT,S ,MO 25,CST MADISON,Dark-Lighted,Motor Vehicle in Transport,1,64,Wed     ,0,0,0,0,0,0,0,0,0,0,0,0,0,0,0,1,0,0,0,0,1,0,0,1,0,36.53606,-89.96584,0,07/24/2019,21:15:00,CRASH OCCURRED AS VEHICLE 2 PULLED INTO THE PATH OF VEHICLE 1.  VEHICLE 1 STRUCK VEHICLE 2.
1212215,3190022922,Missouri State Highway Patrol-Troop C,1563926400000,190427490,1,0,1,0,Personal Injury,WASHINGTON,NON-CITY OR UNINCORPORATED,C,1,1,0,2112,0.4,B ,S ,RT U,CRD ZINC MINE RD SJ,Dark-Unlighted,Overturn,1,,Wed     ,0,0,0,0,1,1,1,0,0,0,0,0,0,0,0,1,0,0,0,0,0,0,0,0,0,37.85418,-90.7068,0,07/24/2019,23:10:00,"DRIVER 1 FAILED TO NEGOTIATE A TURN IN THE ROADWAY, CAUSING VEHICLE 1 TO LEAVE THE ROADWAY EDGE. VEHICLE 1 STRUCK AN EMBANKMENT AND OVERTURNED."
1145190,3190019732,Missouri State Highway Patrol-Troop E,1564012800000,190427577,1,0,1,0,Personal Injury,NEW MADRID,NON-CITY OR UNINCORPORATED,E,1,1,0,0,0,AT,N,IS 55,ERM IS 55 NORTH MILE 570,Dark-Unlighted,Overturn,1,,Thu     ,0,0,0,0,0,0,0,0,0,0,0,0,0,0,0,1,0,0,0,0,0,0,0,0,1,36.74189,-89.53765,0,07/25/2019,01:30:00,"TRAFFIC CRASH OCCURRED AS VEHICLE 1 TRAVELED OFF LEFT SIDE OF ROADWAY, RETURNED TO ROADWAY, AND OVERTURNED."
1319734,3190020069,Missouri State Highway Patrol-Troop G,1564012800000,190427618,1,0,1,0,Personal Injury,REYNOLDS,NON-CITY OR UNINCORPORATED,G,1,1,0,132,0.02,A ,S ,RT N,RT MM,Dark-Unlighted,Overturn,1,,Thu     ,,,,,,0,0,0,0,0,0,0,0,0,0,,0,0,,0,1,0,0,0,1,37.5484,-90.85189,0,07/25/2019,05:15:00,"CRASH OCCURRED AS VEH 1 RAN OFF ROADWAY, OVERCORRECTED AND OVERTURNED IN THE ROADWAY"
1226353,3190019927,Missouri State Highway Patrol-Troop C,1564012800000,190427651,0,0,0,0,Property Damage,JEFFERSON,NON-CITY OR UNINCORPORATED,C,1,1,0,674,0.13,A ,N,RT P,CRD MAPAVILLE HEMATITE RD,Daylight,Fixed Object,2,,Thu     ,0,0,0,0,0,0,0,0,0,0,0,0,0,0,0,1,0,0,0,0,0,0,0,0,0,38.20884,-90.47731,0,07/25/2019,06:00:00,FATALITY REPORT - VEHICLE #1 TRAVELED OFF THE EAST SIDE OF ROAD STRIKING A STEEL FENCE POST. DRIVER #1 PRONOUNCED ON SCENE BY JOACHIM PLATTIN AMBULANCE PERSONNEL AT 0617 HOURS ON 07/25/2019. ASSISTED BY TRP. B.J. MAGNAN (1343)
1329736,3190020102,Missouri State Highway Patrol-Troop G,1564012800000,190428034,1,0,1,0,Personal Injury,OREGON,NON-CITY OR UNINCORPORATED,G,2,2,0,1610,0.3,A ,N,MO 19,CRD 198,Daylight,Motor Vehicle in Transport,1,63,Thu     ,0,0,0,0,0,0,0,1,0,0,0,0,0,0,0,1,0,0,0,0,0,0,0,0,0,36.57036,-91.51794,0,07/25/2019,09:46:00,CRASH OCCURRED AS VEH 1 ATTEMPTED TO OVERTAKE VEH 2 AS VEH 2 WAS TURNING LEFT.  VEH 1 STRUCK VEH 2.
1042868,3190020373,Missouri State Highway Patrol-Troop I,1564012800000,190428217,3,0,2,1,Personal Injury,LACLEDE,NON-CITY OR UNINCORPORATED,I,2,2,0,1515,0.29,A ,E ,MO 64,CRD NEOSHO DRIVE,Daylight,Motor Vehicle in Transport,1,64,Thu     ,0,0,0,0,0,1,1,1,0,0,0,0,0,0,0,0,0,0,0,0,0,0,0,0,0,37.69251,-92.71733,0,07/25/2019,10:57:00,"CRASH OCCURRED AS VEHICLE 1 BEGAN SLOWING TO TURN LEFT INTO A PRIVATE DRIVE.  VEHICLE 2 BEGAN SLOWING TO AVOID COLLISION, VEHICLE 1 CROSSED THE CENTER OF THE ROADWAY AND STRUCK VEHICLE 2."
1024476,3190019503,Missouri State Highway Patrol-Troop D,1564012800000,190428272,1,0,1,0,Personal Injury,JASPER,AIRPORT DRIVE,D,2,2,0,120,0.02,A ,S ,MO 171,CST RIDGE RD,Daylight,Fixed Object,2,,Thu     ,0,0,0,0,0,0,0,0,0,0,0,0,0,0,0,0,0,0,0,0,1,0,0,1,1,37.14528,-94.52253,0,07/25/2019,11:28:00,"OCCURRED AS VEHICLE 1 RAN OFF THE LEFT SIDE OF THE ROAD, AND DROVE INTO THE FUEL ISLAND OF THE HARPS GROCERY STORE. VEHICLE 1 THEN STRUCK A FUEL PUMP AND STRUCK VEHICLE 2, WHICH WAS FUELING AT THE GAS PUMP.  VEHICLE 2 WAS TOWING A 25' TRAVEL TRAILER.  AFTER IMPACT, VEHICLE 1, VEHICLE 2 AND THE TRAVEL TRAILER CAUGHT FIRE."
893684,3190020515,Missouri State Highway Patrol-Troop D,1564012800000,190428406,1,1,0,1,Fatal,LAWRENCE,NON-CITY OR UNINCORPORATED,D,1,1,0,216,0.04,A ,W ,IS 44,ERM WEST IS 44 MILE 566,Daylight,Overturn,2,,Thu     ,0,0,0,0,1,0,0,1,1,0,0,0,0,0,0,1,0,0,0,0,0,0,0,0,0,37.17518,-93.66258,1,07/25/2019,12:45:00,"FATALITY REPORT - NEXT OF KIN NOTIFIED - THIS IS TROOP D'S 59TH FATALITY OF 2019. CRASH OCCURRED AS VEHICLE #1 BEGAN TO SKID AND TRAVELED OFF THE LEFT SIDE OF THE ROADWAY. THE VEHICLE OVERCORRECTED, RETURNED TO THE ROADWAY, TRAVELED OFF THE RIGHT SIDE OF THE ROADWAY AND OVERTURNED, EJECTING THE PASSENGER. THE PASSENGER WAS PRONOUNCED DECEASED AT THE SCENE BY LAWRENCE COUNTY DEPUTY CORONER SHELBY BERRY ON 07-25-2019 AT 1420 HOURS. ASSISTED BY CPL. D. S. CALL #283, CPL. M. W. LEE #842 AND THE LAWRENCE COUNTY SHERIFF'S OFFICE."
1300761,3190019899,Missouri State Highway Patrol-Troop C,1564012800000,190428554,1,0,1,0,Personal Injury,ST. CHARLES,WEST ALTON,C,2,2,0,0,0,AT,N,US 67,CRD RIVERLANDS WAY,Daylight,Motor Vehicle in Transport,1,64,Thu     ,0,0,0,0,0,0,0,1,1,0,0,1,0,0,0,1,0,0,0,0,0,0,0,0,0,38.87548,-90.19331,0,07/25/2019,13:50:00,VEHICLE 2 FAILED TO YIELD TO ONCOMING TRAFFIC. THE RIGHT FRONT SIDE OF VEHICLE 2 STRUCK THE LEFT FRONT SIDE OF VEHICLE 1.  ASSISTED BY TPR Z. C. KRAL (1379)
1217304,3190020680,Missouri State Highway Patrol-Troop C,1564012800000,190428662,1,0,1,0,Personal Injury,FRANKLIN,NON-CITY OR UNINCORPORATED,C,2,2,0,0,0,AT,W ,MO 100,RT T,Daylight,Motor Vehicle in Transport,1,64,Thu     ,0,0,0,0,0,1,1,0,0,0,0,0,0,0,0,0,0,0,0,0,0,0,0,0,0,38.49914,-90.9006,0,07/25/2019,14:40:00,DRIVER 1 FAILED TO YIELD. THE FRONT OF VEHICLE 1 STRUCK THE PASSENGER SIDE OF VEHICLE 2
1226356,3190020049,Missouri State Highway Patrol-Troop C,1564012800000,190428853,1,0,1,0,Personal Injury,JEFFERSON,NON-CITY OR UNINCORPORATED,C,1,1,0,475,0.09,B ,S ,US 61,PVT HIGHGATE DR,Daylight,Overturn,2,,Thu     ,0,0,0,0,0,1,1,0,0,0,0,0,0,0,0,1,0,0,0,0,0,0,0,0,0,38.17679,-90.38792,0,07/25/2019,16:08:00,VEHICLE 1 TRAVELED OF THE RIGHT SIDE OF THE ROAD.  DRIVER 1 OVERCORRECTED TO THE LEFT AND RETURNED TO THE ROAD.  DRIVER 1 THEN OVERCORRECTED TO THE RIGHT AND TRAVELED OFF THE RIGHT SIDE OF THE ROAD.  VEHICLE 1 OVERTURNED DOWN AN EMBANKMENT.
893680,3190021731,Missouri State Highway Patrol-Troop D,1564012800000,190428887,2,1,2,0,Fatal,LAWRENCE,NON-CITY OR UNINCORPORATED,D,2,2,0,533,0.1,B ,W ,MO 96,BRIDGE A8497,Daylight,Motor Vehicle in Transport,1,64,Thu     ,0,0,0,0,0,0,0,1,0,0,0,0,0,0,0,1,0,0,0,0,1,0,0,1,0,37.18996,-93.89889,1,07/25/2019,16:15:00,"FATALITY CRASH - THIS IS TROOP D'S 60TH FATALITY FOR 2019 - NEXT OF KIN NOTIFIED.  VEH #1 WAS OVERTAKING ANOTHER EASTBOUND VEHCLE WHEN IT TRAVELED ONTO THE WESTBOUND SHOULDER.  VEH #1 THEN RETURNED TO THE ROADWAY AND WAS STRUCK BROADSIDE BY VEHICLE #2. SUBJECT WAS PRONOUNCED BY DR BOSS WITH MERCY HOSPITAL AT 1727 HOURS.  AS REQUIRED BY LAW, THE SURVIVING DRIVER WAS TESTED FOR ALCOHOL."
1226359,3190020309,Missouri State Highway Patrol-Troop C,1564012800000,190428895,2,0,2,0,Personal Injury,JEFFERSON,NON-CITY OR UNINCORPORATED,C,2,2,0,0,0,AT,S ,US 67,CRD FLUCOM ROAD,Daylight,Motor Vehicle in Transport,1,64,Thu     ,0,0,0,0,0,1,1,1,1,0,0,0,1,1,0,1,0,0,0,0,0,0,0,0,0,38.10579,-90.48284,0,07/25/2019,16:26:00,VEHICLE 1 WAS NORTHBOUND ON US-67 AND VEHICLE 2 WAS SOUTHBOUND ON US-67. VEHICLE 1 ATTEMPTED TO TURN WEST ONTO FLUCOM ROAD AND FAILED TO SEE VEHICLE 2. THE FRONT OF VEHICLE 2 STRUCK THE FRONT OF VEHICLE 1. THE IMPACT CAUSED BOTH VEHICLES TO STRIKE THE CONCRETE MEDIAN. VEHICLE 2 THEN TRAVELED OFF THE ROADWAY. ASSISTED BY FTO TPR A. S. HUSKEY (781)
1330490,3190019655,Missouri State Highway Patrol-Troop G,1564012800000,190428959,1,0,1,0,Personal Injury,HOWELL,NON-CITY OR UNINCORPORATED,G,1,1,0,1710,0.32,B ,W ,CRD 3780,CRD 1030,Daylight,Fixed Object,2,,Thu     ,0,0,0,0,1,1,1,0,0,0,0,0,0,0,0,1,0,0,0,0,0,0,0,0,0,37.02617,-91.98362,0,07/25/2019,16:50:00,OCCURRED AS VEHICLE #1 TRAVELED OFF OF THE ROADWAY AND STRUCK A TREE.
1502068,3190019589,Missouri State Highway Patrol-Troop H,1564012800000,190429531,1,0,1,0,Personal Injury,ANDREW,NON-CITY OR UNINCORPORATED,H,1,1,0,50,0.01,A ,N,IS 29,ERM NORTH IS 29 MILE 662,Dark-Unlighted,Animal,1,,Thu     ,0,0,0,0,0,0,1,0,0,0,0,0,0,0,0,0,0,0,0,0,0,0,0,0,0,39.97094,-94.99089,0,07/25/2019,21:35:00,CRASH OCCURRED AS VEH 1 WAS NORTHBOUND ON I-29. A DEER CAME FROM EAST SIDE OF THE ROADWAY AND CROSSED IN FRONT OF VEH 1. VEH 1 STRUCK THE DEER WITH ITS FRONT BUMPER. VEH 1 CAME TO REST ON THE EAST SHOULDER FACING NORTH.
803526,3190019949,Missouri State Highway Patrol-Troop A,1564099200000,190429717,1,0,0,1,Personal Injury,JOHNSON,NON-CITY OR UNINCORPORATED,A,1,1,0,1056,0.2,A ,S ,MO 131,CRD SW 500,Dark-Unlighted,Fixed Object,2,,Fri     ,0,0,0,0,0,0,0,0,0,0,0,0,0,0,0,1,0,0,0,0,0,0,0,0,0,38.69339,-93.99509,0,07/26/2019,00:10:00,"CRASH OCCURRED AS VEHICLE 1 CROSSED OVER THE CENTER LINE AND TRAVELED OFF THE LEFT SIDE OF THE ROADWAY. VEHICLE 1 STRUCK A DITCH, OVERTURNED, AND EJECTED DRIVER 1. ASSISTED BY JOHNSON COUNTY SHERIFF'S DEPARTMENT AND HOLDEN POLICE DEPARTMENT."
882791,3190019402,Missouri State Highway Patrol-Troop A,1564099200000,190429718,1,0,1,0,Personal Injury,BATES,NON-CITY OR UNINCORPORATED,A,1,1,0,7,0,A ,E ,RT A,CRD 8007,Dark-Unlighted,Fixed Object,2,,Fri     ,0,0,0,0,0,0,0,0,0,0,0,0,0,0,0,0,1,0,0,0,0,0,0,0,0,38.10095,-94.49729,0,07/26/2019,00:40:00,"CRASH OCCURRED AS VEHICLE 1 WAS EASTBOUND ON ROUTE A. VEHICLE 1 TRAVELED OFF THE RIGHT SIDE OF THE ROADWAY, STRUCK A SIGN, THEN RETURNED TO THE ROADWAY AND CAME TO A CONTROLLED STOP. ASSISTED BY CPL J. E. THUSS /1206/ AND BATES COUNTY DEPUTIES."
1226362,3190019836,Missouri State Highway Patrol-Troop C,1564099200000,190429959,1,0,1,0,Personal Injury,JEFFERSON,NON-CITY OR UNINCORPORATED,C,3,3,0,79,0.01,B ,N,WOR 55,CRD OLD ANTONIA RD,Daylight,Motor Vehicle in Transport,1,62,Fri     ,0,0,0,0,0,0,0,0,0,0,1,0,0,0,0,0,0,0,0,0,0,0,0,0,0,38.37303,-90.38151,0,07/26/2019,07:34:00,VEHICLE 2 CROSSED THE CENTER DOUBLE YELLOW LINE STRIKING VEHICLE 1. VEHICLE 1 TRAVELED OFF THE RIGHT SIDE OF THE ROADWAY. VEHICLE 2 CONTINUED FORWARD AND STRUCK THE FRONT OF VEHICLE 3. ASSISTED BY TPR B J MAGNAN (1343) AND JEFFERSON COUNTY SHERIFFS OFFICE.
1042872,3190019905,Missouri State Highway Patrol-Troop I,1564099200000,190430031,4,0,4,0,Personal Injury,LACLEDE,NON-CITY OR UNINCORPORATED,I,2,2,0,0,0,AT,W ,MO 32,CRD NEOSHO DR,Daylight,Motor Vehicle in Transport,1,64,Fri     ,0,0,0,0,0,0,0,1,1,0,0,1,0,0,0,1,0,0,0,0,0,0,0,0,0,37.64933,-92.72275,0,07/26/2019,08:11:00,CRASH OCCURRED AS VEHICLE 1 FAILED TO YIELD TO VEHICLE 2.  VEHICLE 1 PULLED INTO THE PATH OF VEHICLE 2.
799358,3190019708,Missouri State Highway Patrol-Troop A,1564099200000,190430142,3,0,3,0,Personal Injury,JACKSON,LEES SUMMIT,A,3,3,0,362,0.07,B ,E ,IS 470,ERM EAST IS 470 MILE 80,Daylight,Motor Vehicle in Transport,1,61,Fri     ,0,0,0,0,0,0,0,1,1,0,0,0,0,0,0,1,0,0,0,0,0,0,0,0,0,38.9379,-94.39779,0,07/26/2019,09:00:00,"CRASH OCCURRED AS ALL  VEHICLES WERE WESTBOUND AND SLOWED DUE TO TRAFFIC CONGESTION FROM A PREVIOUS ACCIDENT.  VEHICLE #1 OVERTOOK AND STRUCK #2, CAUSING VEHICLE #2 TO STRIKE #3 . AFTER IMPACT, VEHICLE #1 TRAVELED OFF THE RIGHT SIDE OF THE ROAD BEFORE COMING TO REST.  ASSISTED BY CPL. D.W. CAMPBELL /1241/, LEE'S SUMMIT POLICE DEPARTMENT AND JACKSON COUNTY SHERIFF'S DEPARTMENT."