objectid,accident,agency,inv_date,complaint,injured,killed,min_inj,dis_inj,severity,county,city,troop,no_vehicle,motor_veh,left_scene,dist_feet,dist_mile,inter_loc,direction,on_street,at_street,light_cond,acc_type,on_off_rd,two_veh,day_week,dr_drink,dr_drug,ped_drink,ped_drug,speed,dr_under21,dr_under25,dr_over55,dr_over64,electrical,emer_veh,stop_sign,yield_sign,czone,hazmat,aggressive,cell_phone,texting,veh_defect,school_bus,truck,motorcycle,atv,pickup,cmv,gps_lat,gps_long,severity_fatal,acc_date,acc_time,narrative
803527,3190020116,Missouri State Highway Patrol-Troop A,1564099200000,190430144,1,0,1,0,Personal Injury,JOHNSON,NON-CITY OR UNINCORPORATED,A,2,2,0,11,0,A ,E ,RT E,MO 23,Daylight,Motor Vehicle in Transport,1,64,Fri     ,0,0,0,0,0,1,1,1,1,0,0,0,0,0,0,1,0,0,0,0,1,0,0,1,0,38.8705,-93.5461,0,07/26/2019,08:50:00,CRASH OCCURRED AS VEHICLE #1 ATTEMPTED TO MAKE A LEFT TURN AND TRAVELED INTO THE PATH OF VEHICLE #2.
1187243,3190019880,Missouri State Highway Patrol-Troop B,1564099200000,190430158,1,0,1,0,Personal Injury,MARION,NON-CITY OR UNINCORPORATED,B,2,2,0,1853,0.35,B ,W ,MO 6,CRD 150,Daylight,Motor Vehicle in Transport,1,61,Fri     ,0,0,0,0,0,0,1,1,1,0,0,0,0,0,0,1,0,0,0,0,1,0,0,0,1,39.9242,-91.57285,0,07/26/2019,09:00:00,VEHICLE 2 SLOWED TO MAKE A TURN AND WAS STRUCK IN THE REAR BY VEHICLE 1.
803528,3190019889,Missouri State Highway Patrol-Troop A,1564099200000,190430283,2,0,2,0,Personal Injury,JOHNSON,NON-CITY OR UNINCORPORATED,A,3,3,0,0,0,AT,W ,US 50,CRD NW 251,Daylight,Motor Vehicle in Transport,1,64,Fri     ,0,0,0,0,0,0,1,1,0,0,0,0,0,0,0,0,0,0,1,0,1,0,0,0,1,38.77706,-93.79114,0,07/26/2019,10:00:00,"CRASH OCCURRED AS VEHICLE #1 WAS EASTBOUND ON U.S. 50, ENTERED A CROSSOVER IN AN ATTEMPT TO TURN WEST ONTO U.S. 50. VEHICLE #2 AND #3 WERE WESTBOUND ON U.S. 50. VEHICLE #1 FAILED TO YIELD TO VEHICLE #2 AND VEHICLE #3, TRAVELING INTO THE WESTBOUND LANES OF U.S. 50, CAUSING VEHICLE #2 TO STRIKE VEHICLE #1. VEHICLE #1 OVERTURNED AND STRUCK VEHICLE #3. VEHICLE #1 CAUGHT FIRE AND WAS DESTROYED BY FIRE. ASSISTED BY TPR. A. M. JEFFREYS \933\ AND JOHNSON COUNTY SHERIFF'S OFFICE AND FIRE DEPARTMENT."
925567,3190019684,Missouri State Highway Patrol-Troop D,1564099200000,190430347,1,0,1,0,Personal Injury,MCDONALD,NON-CITY OR UNINCORPORATED,D,2,2,0,0,0,AT,S ,US 71,RT OO,Daylight,Motor Vehicle in Transport,1,64,Fri     ,0,0,0,0,0,0,0,1,1,1,0,0,0,0,0,1,0,0,0,0,0,0,0,0,0,36.50356,-94.27674,0,07/26/2019,10:30:00,OCCURRED AS VEHICLE #1 MADE A LEFT TURN INTO THE PATH OF VEHICLE #2.
1194614,3190019608,Missouri State Highway Patrol-Troop F,1564099200000,190430479,1,0,1,0,Personal Injury,CALLAWAY,NON-CITY OR UNINCORPORATED,F,2,2,0,2027,0.38,B ,E ,RT AA,CRD 488,Daylight,Motor Vehicle in Transport,1,61,Fri     ,0,0,0,0,0,1,1,0,0,0,0,0,0,0,0,1,0,0,0,0,1,0,0,1,0,38.65369,-92.07619,0,07/26/2019,11:15:00,OCCURRED AS VEHICLE 1 SLOWED TO YIELD TO A TURNING VEHICLE AND WAS STRUCK IN THE REAR BY VEHICLE 2
1068128,3190019719,Missouri State Highway Patrol-Troop I,1564099200000,190430490,0,1,0,0,Fatal,PHELPS,DOOLITTLE,I,1,1,0,591,0.11,B ,S ,RT T,CST WIESE LANE,Daylight,Fixed Object,2,,Fri     ,0,1,0,0,0,1,1,0,0,0,0,0,0,0,0,1,0,0,0,0,1,0,0,1,0,37.93737,-91.88144,1,07/26/2019,11:30:00,"FATAL CRASH- NEXT OF KIN NOTIFIED- OCCURRED AS VEHICLE 1 TRAVELED OFF THE RIGHT SIDE OF THE ROADWAY, STRIKING A TREE BEFORE COMING TO REST.  DRIVER 1 WAS PRONOUNCED AT THE SCENE BY PHELPS COUNTY CORONER ANDY DAVIS AT 1138 HRS.   THIS IS TROOP I FATAL #4  FOR JULY AND #19  FOR 2019. ASSISTED BY CPL C R CAPPS (485)  DOOLITTLE POLICE DEPARTMENT, DOOLITTLE FIRE DEPARTMENT, AND PULASKI COUNTY AMBULANCE"
1162045,3190019598,Missouri State Highway Patrol-Troop F,1564099200000,190430639,1,0,1,0,Personal Injury,BOONE,NON-CITY OR UNINCORPORATED,F,2,2,0,650,0.12,A ,E ,MO 124,CRD ROBINSON RD,Daylight,Motor Vehicle in Transport,1,64,Fri     ,0,0,0,0,0,1,1,1,1,0,0,0,0,0,0,1,0,0,0,0,0,0,0,0,0,39.1191,-92.28658,0,07/26/2019,12:36:00,OCCURRED AS VEHICLE 2 WAS EXITING A PRIVATE DRIVEWAY AND ENTERED PATH OF VEHICLE 1.  ASSISTED BY SGT. S. B. JOHNSON (797)
1035863,3190019820,Missouri State Highway Patrol-Troop I,1564099200000,190430701,1,0,1,0,Personal Injury,PHELPS,NON-CITY OR UNINCORPORATED,I,3,3,0,79,0.01,B ,S ,US 63,CRD 5020,Daylight,Motor Vehicle in Transport,1,61,Fri     ,0,0,0,0,0,0,0,1,0,0,0,0,0,0,0,1,0,0,0,0,1,0,0,1,0,37.91176,-91.77576,0,07/26/2019,12:55:00,CRASH OCCURRED AS VEHICLE 1 STRUCK THE REAR OF VEHICLE 2.  VEHICLE 2 TRAVELED INTO THE PATH AND STRUCK VEHICLE 3.  ASSISTED BY SGT S.D ALTERMATT (158)
1176243,3190019547,Missouri State Highway Patrol-Troop B,1564099200000,190430733,1,0,1,0,Personal Injury,CLARK,NON-CITY OR UNINCORPORATED,B,2,2,0,270,0.05,B ,W ,US 136,CST AVONDALE ST,Daylight,Motor Vehicle in Transport,1,61,Fri     ,0,0,0,0,0,0,0,0,0,0,0,0,0,0,0,0,1,1,0,0,0,0,0,0,0,40.39234,-91.58507,0,07/26/2019,13:10:00,VEHICLE 02 SLOWED TO TURN AND VEHICLE 01 STRUCK THE REAR OF VEHICLE 02.  ASSISTED BY WAYLAND FIRST RESPONDERS.
803529,3190020635,Missouri State Highway Patrol-Troop A,1564099200000,190431152,2,1,2,0,Fatal,JOHNSON,NON-CITY OR UNINCORPORATED,A,2,2,0,1010,0.19,B ,N,CRD 1821,CRD 275,Daylight,Motor Vehicle in Transport,1,60,Fri     ,0,0,0,0,1,1,1,0,0,0,0,0,0,0,0,1,0,0,0,0,1,0,0,1,0,38.72888,-94.09721,1,07/26/2019,15:42:00,FATALITY CRASH - TROOP A FATAL CRASH # 41 TROOP A FATAILITY # 47 - NEXT OF KIN NOTIFIED - CRASH OCCURRED AS VEHICLE #1 WAS SOUTHBOUND AND VEHICLE #2 WAS NORTHBOUND ON SW 1821 ROAD.  VEHICLES STRUCK HEAD-ON.  DRIVER # 2 WAS PRONOUNCED ON SCENE BY JOHNSON COUNTY CORONER CLARK HOLDREN AT 1712.  ASSISTED BY SGT.D S GREEN/650 AND JOHNSON COUNTY SHERIFF'S OFFICE.
1011317,3190019451,Missouri State Highway Patrol-Troop D,1564099200000,190431215,1,0,1,0,Personal Injury,WEBSTER,NON-CITY OR UNINCORPORATED,D,1,1,0,6336,1.2,B ,W ,RT V,CRD LOVE RIDGE RD,Daylight,Overturn,1,,Fri     ,0,0,0,0,1,1,1,0,0,0,0,0,0,0,0,1,0,0,0,0,0,0,0,0,0,37.19679,-92.72215,0,07/26/2019,16:15:00,"CRASH OCCURRED AS VEHICLE #1 FAILED TO NEGOTIATE A CURVE, OVERCORRECTED BACK ONTO THE ROADWAY, BEGAN TO OVERTURN AND TRAVELED OFF THE RIGHT SIDE OF THE ROADWAY."
1182848,3190019483,Missouri State Highway Patrol-Troop B,1564099200000,190431259,1,0,1,0,Personal Injury,RANDOLPH,NON-CITY OR UNINCORPORATED,B,2,2,0,0,0,AT,E ,CRD 1430,CRD 1440,Daylight,Motor Vehicle in Transport,1,64,Fri     ,0,0,0,0,0,0,0,1,1,0,0,0,0,0,0,1,0,0,0,0,1,0,0,1,1,39.49713,-92.42138,0,07/26/2019,16:20:00,VEHICLE 01 AND VEHICLE 02 ARRIVED AT AN INTERSECTION SIMULTANEOUSLY AND COLLIDED.  ASSISTED BY RANDOLPH COUNTY SHERIFF'S DEPARTMENT.
801605,3190019565,Missouri State Highway Patrol-Troop A,1564099200000,190431288,1,0,1,0,Personal Injury,JACKSON,LEES SUMMIT,A,1,1,0,359,0.07,A ,E ,IS 470,ERM NORTH IS 470 MILE 154,Daylight,Fixed Object,2,,Fri     ,0,0,0,0,1,1,1,0,0,0,0,0,0,0,0,1,0,0,0,0,0,0,0,0,0,39.02374,-94.35998,0,07/26/2019,16:37:00,CRASH OCCURRED AS VEH #1 BRAKED FOR CONGESTED TRAFFIC.  VEH #1  RAN OFF THE RIGHT SIDE OF THE ROADWAY STRUCK A GAURDRAIL AND OVERTURNED COMMING TO REST ON ITS TOP.  ASSISTED BY LEE'S SUMMIT POLICE DEPARTMENT.
1318281,3190022498,Missouri State Highway Patrol-Troop G,1564099200000,190431340,0,3,0,0,Fatal,OZARK,NON-CITY OR UNINCORPORATED,G,2,2,0,1504,0.28,B ,S ,MO 5,CRD 831,Daylight,Motor Vehicle in Transport,1,60,Fri     ,0,0,0,0,0,0,1,1,0,0,0,0,0,0,0,1,0,0,0,0,1,0,0,0,1,36.67213,-92.50513,1,07/26/2019,16:56:00,"*** FATALITY ACCIDENT*** NEXT OF KIN NOTIFIED - CRASH OCCURRED AS VEHICLE ONE CROSSED THE CENTERLINE AND IMPACTED VEHICLE TWO HEAD ON. FATAL 15 AND 16 PRONOUNCED AT THE SCENE 1658 HOURS  BY THE  OZARK COUNTY CORONER SHANE LEDBETTER. FATAL 17 PRONOUNCED BY DR. STILLS  1842 HOURS AT BAXTER REGIONAL MEDICAL CENTER.  TROOP G FATALITY 15, 16 AND 17 COMPARED TO 22 THIS TIME LAST YEAR.  ASSISTED BY CPL. D J JOHNSON (439),   CPL. J R ROBERTS (1295), CPL. J C UTZ (850), CPL. S J CREWSE (424), TPR. J W PHILPOTT (1182), AND TPR. T A HARTSHORN (656)"
1024477,3190020051,Missouri State Highway Patrol-Troop D,1564099200000,190431384,1,0,1,0,Personal Injury,JASPER,AIRPORT DRIVE,D,2,2,0,100,0.02,B ,N,MO 43,CST DEMOTT DR,Daylight,Motor Vehicle in Transport,1,61,Fri     ,1,0,0,0,0,0,0,0,0,0,0,0,0,0,0,1,0,0,0,0,0,0,0,0,0,37.14194,-94.51072,0,07/26/2019,17:10:00,CRASH OCCURRED AS VEH 2 STRUCK THE REAR OF VEH 1.
793148,3190019649,Missouri State Highway Patrol-Troop A,1564099200000,190431408,3,0,1,2,Personal Injury,CASS,NON-CITY OR UNINCORPORATED,A,1,1,0,76,0.01,A ,N,IS 49,ERM IS 49 NORTH MILE 1664,Daylight,Overturn,2,,Fri     ,0,0,0,0,0,0,0,1,0,0,0,0,0,0,0,0,0,0,0,0,0,0,0,0,0,38.71308,-94.44542,0,07/26/2019,17:20:00,"CRASH OCCURRED AS DVR1 SWERVED TO AVOID COLLIDING WITH A TRACTOR TRAILER.  VEH1 TRAVELED OFF THE ROADWAY AND ROLLED INTO THE MEDIAN.  ASSISTED BY TPR B R PETERS /1384/, CASS COUNTY AND PECULIAR POLICE DEPARTMENTS"
1506510,3190019758,Missouri State Highway Patrol-Troop H,1564099200000,190431448,2,0,1,1,Personal Injury,DEKALB,STEWARTSVILLE,H,2,2,0,0,0,AT,E ,US 36,RT K,Daylight,Motor Vehicle in Transport,1,64,Fri     ,0,0,0,0,0,0,0,1,1,0,0,1,0,0,0,1,0,0,0,0,0,0,0,0,0,39.76199,-94.49764,0,07/26/2019,17:35:00,OCCURRED AS VEHICLE 1 WAS EASTBOUND US 36 AND VEHICLE 2 WAS NORTHBOUND ON HIGHWAY K AND CROSSING US 36.  VEHICLE 2 CROSSED INTO THE PATH OF VEHICLE 1 WITH FRONT LEFT OF VEHICLE 1 STRIKING THE REAR LEFT OF VEHICLE 2.  VEHICLE 1 CAME TO REST FACING WEST ON THE SOUTH SHOULDER OF EASTBOUND US. VEHICLE CAME TO REST FACING EAST ON THE NORTH SHOULDER OF EASTBOUND US 36.  ASSISTED BY DEKALB COUNTY SO AND STEWARTSVILLE PD.
969077,3190019757,Missouri State Highway Patrol-Troop D,1564099200000,190431525,1,0,0,1,Personal Injury,BARRY,NON-CITY OR UNINCORPORATED,D,1,1,0,3168,0.6,B ,E ,PVT GLADE ROCK LN,CRD COUNTYLINE ROAD,Daylight,Fixed Object,2,,Fri     ,0,0,0,0,0,0,0,1,0,0,0,0,0,0,0,1,0,0,0,0,0,0,0,0,0,36.60527,-93.59042,0,07/26/2019,18:07:00,VEH #1 TRAVELED OFF THE RIGHT SIDE OF THE ROADWAY AND STRUCK A POST.  DVR #1 WAS EJECTED.
1226333,3190021305,Missouri State Highway Patrol-Troop C,1564099200000,190431739,2,0,0,2,Personal Injury,JEFFERSON,NON-CITY OR UNINCORPORATED,C,1,1,0,232,0.04,A ,E ,CRD MEYER RD,CRD CARON RD,Daylight,Fixed Object,2,,Fri     ,0,0,0,0,1,0,0,0,0,0,0,0,0,0,0,1,0,0,0,0,0,0,0,0,0,38.18074,-90.45593,0,07/26/2019,19:24:00,"VEHICLE 1 WAS TRAVELING ON EASTBOUND MEYER ROAD, EAST OF CARRON ROAD. DRIVER 1 ATTEMPTED TO NEGOTIATE A CURVE, TRAVELED OFF THE RIGHT SIDE OF THE ROAD, AND STRUCK A MAILBOX AND A TREE."
793149,3190019562,Missouri State Highway Patrol-Troop A,1564099200000,190431915,2,0,0,2,Personal Injury,CASS,NON-CITY OR UNINCORPORATED,A,1,1,Y,1056,0.2,B ,W ,CRD E 263RD STREET,CRD BRUSH COLLEGE RD,Daylight,Fixed Object,2,,Fri     ,0,0,0,0,1,,,,,0,0,0,0,0,0,1,0,0,0,0,1,0,0,1,0,38.64009,-94.37471,0,07/26/2019,20:30:00,CRASH OCCURRED AS VEH # 1 WAS WESTBOUND ON COUNTY RD 263 AND TRAVELED OFF THE RIGHT SIDE OF THE ROADWAY OVER CORRECTED THEN TRAVELED OFF THE LEFT SIDE OF THE ROADWAY AND STUCK A TREE.  TPR B R PETERS 1384 ASSISTED.
969076,3190019485,Missouri State Highway Patrol-Troop D,1564099200000,190432044,2,0,2,0,Personal Injury,BARRY,NON-CITY OR UNINCORPORATED,D,1,1,0,1589,0.3,B ,E ,RT TT,CRD 1230,Dark-Unlighted,Fixed Object,2,,Fri     ,1,0,0,0,0,0,0,1,1,0,0,0,0,0,0,0,0,0,0,0,1,0,0,1,0,36.88284,-93.6534,0,07/26/2019,21:35:00,VEHICLE #1 DROVE INTO EMBANKMENT.
1505417,3190019961,Missouri State Highway Patrol-Troop H,1564099200000,190432045,2,0,1,1,Personal Injury,LIVINGSTON,NON-CITY OR UNINCORPORATED,H,1,1,0,43,0.01,B ,N,RT N,BRIDGE T0378,Dark-Unlighted,Fixed Object,2,,Fri     ,1,0,0,0,0,0,0,1,0,0,0,0,0,0,0,0,0,0,0,0,0,0,0,0,0,39.81643,-93.70371,0,07/26/2019,21:32:00,"CRASH OCCURRED AS VEH 1 WAS TRAVELING EASTBOUND ON RTE N. VEH 1 DROVE OFF THE RIGHT SIDE OF THE ROADWAY AND STRUCK A GUARD RAIL CAUSING VEH 1 TO ROTATE 180 DEGREES. VEH 1 CAME TO REST IN THE MIDDLE OF RTE N FACING SOUTH. ASSISTED BY SGT. J.J RONGEY (689), TPR. T.B. HEINTZ (305), TPR. C.S. RILEY (1264), AND LIVINGSTON COUNTY SHERIFF'S OFFICE."
970114,3190019735,Missouri State Highway Patrol-Troop D,1564099200000,190432276,1,0,1,0,Personal Injury,CEDAR,STOCKTON,D,1,1,0,248,0.05,B ,E ,MO 32,CST WEST WJ,Dark-Unlighted,Fixed Object,2,,Fri     ,1,0,0,0,0,0,0,0,0,0,0,0,0,0,0,0,0,0,0,0,0,0,0,0,0,37.70171,-93.8132,0,07/26/2019,23:28:00,"CRASH OCCURRED AS VEHICLE #1 RAN OFF RIGHT SIDE OF THE ROADWAY, STRUCK A SIGN, AND OVERTURNED."
1229718,3190020088,Missouri State Highway Patrol-Troop C,1564185600000,190432414,2,0,2,0,Personal Injury,LINCOLN,NON-CITY OR UNINCORPORATED,C,1,1,0,5,0,A ,S ,CRD SCOTT RD,PVT SEPTEMBER ST,Dark-Unlighted,Fixed Object,2,,Sat     ,0,0,0,0,1,1,1,0,0,0,0,0,0,0,0,1,0,0,0,0,0,0,0,0,0,38.89121,-90.86691,0,07/27/2019,00:56:00,VEHICLE 1 TRAVELED OFF THE RIGHT SIDE OF THE ROADWAY AND STRUCK A ROCK AND A FENCE.
969075,3190019673,Missouri State Highway Patrol-Troop D,1564185600000,190432485,1,0,0,1,Personal Injury,BARRY,NON-CITY OR UNINCORPORATED,D,1,1,0,1705,0.32,B ,N,CRD COUNTYLINE ROAD,PVT S SUNSET LN,Dark-Unlighted,Overturn,2,,Sat     ,1,0,0,0,0,0,0,0,0,0,0,0,0,0,0,0,0,0,0,0,0,0,1,0,0,36.59445,-93.58151,0,07/27/2019,02:25:00,VEHICLE #1 OVERTURNED OFF THE ROADWAY.
1319733,3190020448,Missouri State Highway Patrol-Troop G,1564185600000,190432499,0,1,0,0,Fatal,REYNOLDS,NON-CITY OR UNINCORPORATED,G,1,1,0,1605,0.3,B ,S ,CRD 468,CRD 472,Dark-Unlighted,Overturn,2,,Sat     ,1,1,0,0,1,1,1,0,0,0,0,0,0,0,0,1,0,0,0,0,1,0,0,1,0,37.21802,-90.77038,1,07/27/2019,02:00:00,"***FATALITY CRASH*** NEXT OF KIN NOTIFIED - CRASH OCCURRED AS VEHICLE ONE RAN OFF THE RIGHT SIDE OF THE ROADWAY, OVERTURNED AND STRUCK A TREE.  PRONOUNCED AT THE SCENE BY THE REYNOLDS COUNTY CORONER JEFFREY MCSPADDEN AT 0430 HOURS. TROOP G FATALITY 18 COMPARED TO 22 THIS TIME LAST YEAR.     ASSISTED BY TPR. K A BARNETT (1353), AND REYNOLDS COUNTY DEPUTIES"
1011319,3190019452,Missouri State Highway Patrol-Troop D,1564185600000,190432513,1,0,1,0,Personal Injury,WEBSTER,NON-CITY OR UNINCORPORATED,D,1,1,0,242,0.05,B ,E ,IS 44,ERM EAST IS 44 MILE 1066,Dark-Unlighted,Fixed Object,2,,Sat     ,0,0,0,0,0,0,1,0,0,0,0,0,0,0,0,0,0,0,0,0,1,0,0,1,1,37.41368,-92.88778,0,07/27/2019,03:20:00,"CRASH OCCURRED AS DRIVER # 1 FELL ASLEEP, TRAVELED OFF THE RIGHT SIDE OF THE ROADWAY DOWN AN EMBANKMENT"
877778,3190019963,Missouri State Highway Patrol-Troop A,1564185600000,190432530,1,0,1,0,Personal Injury,JACKSON,NON-CITY OR UNINCORPORATED,A,1,1,0,380,0.07,B ,W ,IS 70,ERM EAST IS 70 MILE 262,Dark-Unlighted,Fixed Object,2,,Sat     ,0,0,0,0,0,1,1,0,0,0,0,0,0,0,0,1,0,0,0,0,0,0,0,0,0,39.01884,-94.16704,0,07/27/2019,04:25:00,VEHICLE #1 WAS TRAVELING ON WESTBOUND I-70 WHEN IT TRAVELED OFF THE LEFT SIDE OF THE ROADWAY AND STRUCK THE CABLE MEDIAN.
1226331,3190019979,Missouri State Highway Patrol-Troop C,1564185600000,190432965,0,1,0,0,Fatal,JEFFERSON,NON-CITY OR UNINCORPORATED,C,1,1,0,2148,0.41,A ,S ,CRD MAPAVILLE HEMATITE RD,CRD PLASS RD,Daylight,Fixed Object,2,,Sat     ,1,1,0,0,1,0,1,0,0,0,0,0,0,0,0,1,0,0,0,0,0,0,0,0,0,38.24113,-90.48556,1,07/27/2019,10:20:00,"LATE FATALITY REPORT - VEHICLE 1 TRAVELED OFF THE RIGHT SIDE OF THE ROADWAY, STRUCK A UTILITY POLE AND A TREE CAUSING VEHICLE 1 TO CATCH FIRE. ASSISTED BY CPL J.S. WARREN (1175), TPR K.W. KAISER (298) AND THE JEFFERSON CO SHERIFFS DEPARTMENT. DRIVER 1 PRONOUNCED AT 2000 HOURS BY MERCY DR NEHA SARVEPALLI."
893716,3190020516,Missouri State Highway Patrol-Troop D,1564185600000,190432979,1,0,0,1,Personal Injury,LAWRENCE,NON-CITY OR UNINCORPORATED,D,2,2,0,0,0,AT,S ,MO 265,CRD 1247,Daylight,Motor Vehicle in Transport,1,64,Sat     ,0,0,0,0,0,0,1,1,1,0,0,1,0,0,0,1,0,0,0,0,1,0,0,1,0,36.99581,-93.61472,0,07/27/2019,10:20:00,CRASH OCCURRED AS VEHICLE 1 FAILED TO YIELD TO VEHICLE 2 AND WAS STRUCK BROADSIDE BY VEHICLE 2
1007135,3190019605,Missouri State Highway Patrol-Troop D,1564185600000,190432982,1,0,1,0,Personal Injury,WEBSTER,DIGGINS,D,2,2,0,0,0,AT,E ,US 60,NOR 60,Daylight,Motor Vehicle in Transport,1,67,Sat     ,0,0,0,0,0,0,0,1,0,0,0,0,0,0,0,0,0,0,1,0,1,0,0,1,0,37.17031,-92.83613,0,07/27/2019,10:27:00,"CRASH OCCURRED AS VEHICLE 1 LOST A TIRE AND RAN OFF RIGHT SIDE OF ROAD AND RETURNED TO ROAD AND OVERTURNED BEFORE COMING TO REST IN THE MEDIAN, DEBRIS FROM VEHICLE 1 STRUCK VEHICLE 2"
1197878,3190020108,Missouri State Highway Patrol-Troop F,1564185600000,190433149,2,0,2,0,Personal Injury,CAMDEN,NON-CITY OR UNINCORPORATED,F,2,2,0,10,0,B ,S ,MO 5,CRD HARVEST RD,Daylight,Motor Vehicle in Transport,1,60,Sat     ,0,0,0,0,0,0,0,1,1,0,0,1,0,0,0,1,0,0,0,0,0,0,0,0,0,38.06953,-92.80046,0,07/27/2019,11:30:00,CRASH OCCURRED AS VEHICLE 1 WAS STOPPED AT HARVEST RD AND PULLED INTO THE PATH OF VEHICLE 2. VEHICLE 2 STRUCK VEHICLE 1.
1162046,3190020619,Missouri State Highway Patrol-Troop F,1564185600000,190433211,1,0,1,0,Personal Injury,BOONE,NON-CITY OR UNINCORPORATED,F,1,1,0,89,0.02,B ,W ,RP 3568,US 40,Daylight,Fixed Object,2,,Sat     ,0,0,0,0,1,0,0,1,0,0,0,0,0,0,0,1,0,0,0,0,0,1,0,0,0,38.97114,-92.43061,0,07/27/2019,11:57:00,CRASH OCCURRED AS DRIVER 1 EXITED AND LOST CONTROL. VEHICLE 1 TRAVELED OFF THE RIGHT SIDE OF THE ROADWAY AND STRUCK THE GUARDRAIL.
882790,3190019896,Missouri State Highway Patrol-Troop A,1564185600000,190433343,2,0,1,1,Personal Injury,BATES,NON-CITY OR UNINCORPORATED,A,2,2,0,2112,0.4,A ,E ,CRD NE 14004,RT T,Daylight,Motor Vehicle in Transport,1,60,Sat     ,0,0,0,0,0,1,1,0,0,0,0,0,0,0,0,1,0,0,0,0,1,0,0,1,0,38.42191,-94.14706,0,07/27/2019,12:40:00,"CRASH OCCURRED AS VEHICLE 2 WAS MAKING A RIGHT TURN AND WAS STRUCK BY VEHICLE 1.  ASSISTED BY CPL M A PATE /980/, CPL D A JONES /854/ AND BATES COUNTY DEPUTIES."
941405,3190019638,Missouri State Highway Patrol-Troop D,1564185600000,190433413,2,0,2,0,Personal Injury,DALLAS,NON-CITY OR UNINCORPORATED,D,2,2,0,0,0,AT,S ,US 65,CRD KELLY,Daylight,Motor Vehicle in Transport,1,64,Sat     ,0,0,0,0,0,0,0,0,0,0,0,0,1,0,0,1,0,0,0,0,1,0,0,1,0,37.59729,-93.12376,0,07/27/2019,13:19:00,#1 WAS WESTBOUND ON KELLY ROAD AND ATTEMPTED TO CROSS US HIGHWAY 65.  #2 WAS SOUTHBOUND AND STRUCK #1 IN THE PASSENGER SIDE.
912762,3190019680,Missouri State Highway Patrol-Troop D,1564185600000,190433430,1,0,1,0,Personal Injury,POLK,NON-CITY OR UNINCORPORATED,D,1,1,0,4752,0.9,A ,W ,RT C,CRD S 205TH RD,Daylight,Fixed Object,2,,Sat     ,0,0,0,0,0,0,0,1,0,0,0,0,0,0,0,1,0,0,0,0,1,0,0,1,0,37.70808,-93.27165,0,07/27/2019,13:20:00,ACCIDENT OCCURRED AS NBR 1 WENT OFF THE ROADWAY STRUCK A FENCE AND OVERTURNED.
898105,3190021467,Missouri State Highway Patrol-Troop D,1564185600000,190433542,1,0,1,0,Personal Injury,GREENE,NON-CITY OR UNINCORPORATED,D,1,1,0,174,0.03,A ,W ,IS 44,ERM WEST IS 44 MILE 600,Daylight,Fixed Object,2,,Sat     ,1,0,0,0,0,0,0,0,0,0,0,0,0,0,0,1,0,0,0,0,0,0,0,0,0,37.18677,-93.60556,0,07/27/2019,13:58:00,"CRASH OCCURRED AS VEHICLE #1 TRAVELED OFF THE LEFT SIDE OF THE ROADWAY, OVERCORRECTED, TRAVELED OFF THE RIGHT SIDE OF THE ROADWAY AND STRUCK AN EMBANKMENT."
800444,3190021299,Missouri State Highway Patrol-Troop A,1564185600000,190433563,1,0,0,1,Personal Injury,SALINE,NON-CITY OR UNINCORPORATED,A,1,1,0,71,0.01,A ,W ,MO 240,RT D,Daylight,Fixed Object,2,,Sat     ,0,0,0,0,0,0,0,0,0,0,0,0,0,0,0,0,0,0,0,0,1,0,0,1,0,39.22946,-92.99522,0,07/27/2019,14:05:00,CRASH OCCURRED AS VEH 1 LEFT THE ROADWAY.  DRIVER 1 OVERCORRECTED CAUSING IT TO STRIKE A DITCH AND OVERTURN.  ASSISTED BY TPR N A PEREZ/1426 AND SALINE COUNTY SHERIFF'S DEPARTMENT
1217329,3190020211,Missouri State Highway Patrol-Troop C,1564185600000,190433604,2,0,2,0,Personal Injury,FRANKLIN,NON-CITY OR UNINCORPORATED,C,2,2,0,3695,0.7,A ,W ,NOR 44,CRD LOLLAR BRANCH RD,Daylight,Fixed Object,2,,Sat     ,0,0,0,0,0,0,0,0,0,0,0,0,0,0,0,0,0,0,0,0,0,0,0,0,0,38.28684,-91.10384,0,07/27/2019,14:28:00,"AN UNKNOWN VEHICLE TURNED IN FRONT OF VEHICLE 1. DRIVER 1 SWERVED TO THE RIGHT, CAUSING VEHICLE 1 TO TRAVEL OFF THE ROADWAY. VEHICLE 1 STRUCK THE CULVERT, WENT AIRBORNE, AND STARTED TO OVERTURN.  VEHICLE 1 STRUCK THE FRONT OF VEHICLE 2 WHILE OVERTURNING."
958128,3190019829,Missouri State Highway Patrol-Troop D,1564185600000,190433695,1,1,1,0,Fatal,TANEY,NON-CITY OR UNINCORPORATED,D,1,1,0,1404,0.27,B ,W ,MO 76,BRIDGE A8480,Daylight,Fixed Object,2,,Sat     ,0,0,0,0,0,1,1,0,0,0,0,0,0,0,0,1,0,0,0,0,1,0,0,1,0,36.80007,-92.83219,1,07/27/2019,14:55:00,"FATALITY REPORT.  NEXT OF KIN NOTIFIED.  THIS IS TROOP D'S 61ST FATALITY FOR 2019.  #1 RAN OFF THE RIGHT SIDE OF THE ROADWAY.  DRIVER #1 OVERCORRECTED AND RETURNED TO THE ROAD.  #1 RAN OFF THE RIGHT SIDE OF THE ROAD A SECOND TIME AND STRUCK A FENCE.  THE IMPACT CAUSED PASSENGER TO BE PARTIALLY EJECTED.  DECEASED WAS PRONOUNCED BY TANEY COUNTY CORONER TONY MULLEN AT 1455 HOURS AT THE SCENE.  AS REQUIRED BY LAW, SURVIVING DRIVER WAS TESTED FOR ALCOHOL.  ASSISTED BY TROOP G CPL D JOHNSON #439.  TPR M EDEN #1326 WITH THE CRASH TEAM WILL BE ASSISTING WITH THE INVESTIGATION."