objectid,accident,agency,inv_date,complaint,injured,killed,min_inj,dis_inj,severity,county,city,troop,no_vehicle,motor_veh,left_scene,dist_feet,dist_mile,inter_loc,direction,on_street,at_street,light_cond,acc_type,on_off_rd,two_veh,day_week,dr_drink,dr_drug,ped_drink,ped_drug,speed,dr_under21,dr_under25,dr_over55,dr_over64,electrical,emer_veh,stop_sign,yield_sign,czone,hazmat,aggressive,cell_phone,texting,veh_defect,school_bus,truck,motorcycle,atv,pickup,cmv,gps_lat,gps_long,severity_fatal,acc_date,acc_time,narrative
1286616,3190020859,Missouri State Highway Patrol-Troop C,1564185600000,190433802,1,0,0,1,Personal Injury,ST. LOUIS,NON-CITY OR UNINCORPORATED,C,1,1,0,1103,0.21,B ,S ,US 67,BRIDGE A6638,Daylight,Fixed Object,2,,Sat     ,0,0,0,0,0,0,0,0,0,0,0,0,0,0,0,0,0,0,0,0,0,1,0,0,0,38.82398,-90.23236,0,07/27/2019,15:43:00,DRIVER 1 SWERVED TO AVOID DEBRIS IN THE ROADWAY AND LOST CONTROL OF VEHICLE 1. VEHICLE 1 TRAVELED OFF THE LEFT SIDE OF THE ROADWAY  AND STRUCK AN EMBANKMENT. ASSISTED BY Z. C. KRAL (1379)
1334673,3190019911,Missouri State Highway Patrol-Troop G,1564185600000,190433939,3,0,3,0,Personal Injury,WRIGHT,NON-CITY OR UNINCORPORATED,G,2,2,0,4224,0.8,A ,W ,US 60,RP 2193,Daylight,Motor Vehicle in Transport,1,61,Sat     ,0,0,0,0,0,0,0,0,0,0,0,0,0,0,0,0,0,0,0,0,1,0,0,1,0,37.11152,-92.4982,0,07/27/2019,16:45:00,CRASH OCCURRED AS VEH 2 STRUCK VEH 1 IN THE REAR
898103,3190019539,Missouri State Highway Patrol-Troop D,1564185600000,190434201,1,0,0,1,Personal Injury,GREENE,NON-CITY OR UNINCORPORATED,D,1,1,0,3695,0.7,B ,S ,RT AF,PVT HACKBERRY LN,Daylight,Fixed Object,2,,Sat     ,0,0,0,0,1,0,0,0,0,0,0,0,0,0,0,1,0,0,0,0,1,0,0,1,0,37.40087,-93.16803,0,07/27/2019,18:25:00,CRASH OCCURRED AS VEHICLE #1 FAILED TO NEGOTIATE A CURVE AND STUCK A TREE.
1121074,3190019583,Missouri State Highway Patrol-Troop E,1564185600000,190434230,1,0,1,0,Personal Injury,IRON,NON-CITY OR UNINCORPORATED,E,1,1,0,1320,0.25,B ,N,MO 49,CRD 124,Daylight,Fixed Object,2,,Sat     ,0,0,0,0,0,0,0,0,0,0,0,0,0,0,0,0,0,0,0,0,0,0,0,0,0,37.45294,-90.68879,0,07/27/2019,18:28:00,"CRASH OCCURRED AS VEHICLE 1 TRAVELED OFF THE RIGHT SIDE OF ROADWAY, DRIVER 1 OVERCORRECTED, VEHICLE 1 THEN  TRAVELED OFF OF THE RIGHT SIDE OF ROADWAY AND OVERTURNED."
1198784,3190020264,Missouri State Highway Patrol-Troop F,1564185600000,190434273,2,0,1,1,Personal Injury,CAMDEN,NON-CITY OR UNINCORPORATED,F,1,1,0,2640,0.5,A ,W ,CRD TWIN RIVERS,PVT MARINA,Daylight,Overturn,1,,Sat     ,1,0,0,0,1,1,1,0,0,0,0,0,0,0,0,1,0,0,0,0,0,0,1,0,0,38.09704,-92.80515,0,07/27/2019,18:50:00,"CRASH OCCURRED AS VEHICLE 1 TRAVELED OFF THE LEFT SIDE OF THE ROADWAY AND OVERTURNED. ASSISTED BY SGT M.J. CODY (271), TPR R.M. MALONE (1274), TPR J.K. MARLIN (1167), AND  CAMDEN COUNTY S.O."
901486,3190019669,Missouri State Highway Patrol-Troop D,1564185600000,190434348,1,0,1,0,Personal Injury,ST. CLAIR,NON-CITY OR UNINCORPORATED,D,1,1,0,528,0.1,A ,S ,RT F,CRD NW 1150,Daylight,Fixed Object,2,,Sat     ,0,0,0,0,0,0,0,0,0,0,0,0,0,0,0,0,0,0,0,0,0,0,0,0,0,38.19021,-93.84994,0,07/27/2019,19:15:00,CRASH OCCURRED AS VEH 1 TRAVELED OFF THE LEFT SIDE OF THE ROADWAY AND STRUCK A DITCH.  ASSISTED BY MSGT G.W. RIGGS #863.
1286007,3190020140,Missouri State Highway Patrol-Troop C,1564185600000,190434373,1,0,0,1,Personal Injury,ST. FRANCOIS,DOE RUN,C,2,1,0,316,0.06,B ,W ,CRD HILDEBRECHT RD,MO 221,Daylight,Pedalcycle,1,,Sat     ,0,0,0,0,0,0,0,0,0,0,0,0,0,0,0,0,0,0,0,0,0,0,0,0,0,37.74648,-90.49149,0,07/27/2019,19:30:00,"VEHICLE 1 WAS TRAVELING NORTHBOUND ON HILDEBRECHT ROAD. BICYCLIST 1 WAS RIDING DOWN A GRAVEL DRIVEWAY AND ATTEMPTED TO STOP BUT SLID ON THE GRAVEL, CAUSING THE BICYCLE TO STRIKE THE PASSENGER SIDE OF VEHICLE 1. CORRECTED REPORT"
1041625,3190019774,Missouri State Highway Patrol-Troop I,1564185600000,190434464,1,0,0,1,Personal Injury,MARIES,NON-CITY OR UNINCORPORATED,I,1,1,0,443,0.08,B ,W ,CRD 325,US 63,Daylight,Overturn,1,,Unk     ,0,0,0,0,0,0,0,0,0,0,0,0,0,0,0,1,0,0,0,0,0,1,0,0,0,38.15431,-91.90195,0,07/27/2019,20:00:00,OCCURRED AS THE DRIVER FAILED TO NEGOTIATE A CURVE. THE MOTORCYCLE TRAVELED OFF THE RIGHT SIDE OF THE ROADWAY EJECTING THE DRIVER.
858632,3190020347,Missouri State Highway Patrol-Troop A,1564358400000,190434645,1,0,1,0,Personal Injury,JACKSON,BLUE SPRINGS,A,2,2,0,0,0,AT,E ,US 40,CST BOWLIN RD WJ,Dark-Unlighted,Motor Vehicle in Transport,1,64,Sat     ,1,0,0,0,0,0,0,0,0,0,0,1,0,0,0,1,0,0,0,0,0,0,0,0,0,39.01226,-94.31917,0,07/27/2019,21:30:00,OCCURRED AS VEH1 FAILED TO YIELD TO VEH2. ASSISTED BY CPL. J. W. HUFF /1373/ AND TPR. Z. D. DAVIDSON /288/
800581,3190021382,Missouri State Highway Patrol-Troop A,1564185600000,190434776,4,0,0,4,Personal Injury,SALINE,NON-CITY OR UNINCORPORATED,A,3,3,0,82,0.02,A ,W ,IS 70,ERM WEST IS 70 MILE 658,Dark-Unlighted,Motor Vehicle in Transport,1,61,Sat     ,1,0,0,0,0,1,1,0,0,0,0,0,0,0,0,1,0,0,0,0,0,1,0,0,0,38.97777,-93.43557,0,07/27/2019,22:30:00,CRASH OCCURRED AS ALL THREE VEHICLES WERE WB ON I-70 WHEN VEHICLE 1 STRUCK THE REAR OF VEHICLE 2.  CAUSING BOTH PASSENGERS TO BE EJECTED FROM VEHICLE 2. VEHICLE 2 BEGAN TO SKID ON THE ROADWAY AND CAME TO REST IN THE ROAD. VEHICLE 3 THEN INPACTED VEHICLE 2 CAUSING PASSENGER FROM VEHICLE 3 TO BE EJECTED.   VEHICLE 1 TRAVELED OFF THE LEFT SIDE OF THE ROAD AND INPACTED THE BRIDGE WALL. VEHICLE 3 CAME TO A CONTROLLED STOP ON THE RIGHT SHOULDER.  ASSITED BY TPR B A OWENS/1423 TPR T A HARTSHORN/656 TPR M J HANRAHAN/1370 AND SALINE COUNTY.
1121075,3190019924,Missouri State Highway Patrol-Troop E,1564185600000,190434830,1,0,1,0,Personal Injury,IRON,NON-CITY OR UNINCORPORATED,E,1,1,0,1911,0.36,B ,E ,RT E,BRIDGE T0222,Dark-Unlighted,Fixed Object,2,,Sat     ,1,0,0,0,1,0,1,0,0,0,0,0,0,0,0,1,0,0,0,0,0,0,0,0,0,37.4792,-90.59177,0,07/27/2019,22:40:00,CRASH OCCURRED AS VEHICLE 1 RAN OFF THE RIGHT SIDE OF THE ROADWAY STRUCK A TREE AND OVERTURNED
893688,3190020518,Missouri State Highway Patrol-Troop D,1564185600000,190434863,0,1,0,0,Fatal,LAWRENCE,NON-CITY OR UNINCORPORATED,D,1,1,0,190,0.04,B ,E ,MO 174,CRD 1217,Dark-Unlighted,Fixed Object,2,,Sat     ,1,1,0,0,0,0,0,1,0,0,0,0,0,0,0,0,0,0,0,0,0,0,0,0,0,37.12071,-93.66868,1,07/27/2019,23:10:00,"FATALITY REPORT.  THIS IS TROOP D'S 62ND FATALITY FOR 2019.  NEXT OF KIN NOTIFIED.  VEHICLE #1 FAILED TO NEGOTIATE A CURVE, SKIDDED OFF THE LEFT SIDE OF THE ROADWAY, STRUCK AN EMBANKMENT AND OVERTURNED.  SUBJECT WAS PRONOUNCED DECEASED ON SCENE BY LAWRENCE COUNTY CORONER SCOTT LAKIN AT 2325 HOURS."
1205242,3190019789,Missouri State Highway Patrol-Troop F,1564185600000,190434933,1,0,0,1,Personal Injury,COOPER,NON-CITY OR UNINCORPORATED,F,1,1,0,4224,0.8,A ,E ,MO 98,MO 87,Dark-Unlighted,Fixed Object,2,,Sat     ,1,1,0,0,0,0,0,0,0,0,0,0,0,0,0,0,0,0,0,0,0,0,0,0,0,38.95708,-92.7004,0,07/27/2019,23:45:00,"CRASH OCCURRED AS VEHICLE 1 WAS EASTBOUND ON HIGHWAY 98, TRAVELED OFF THE RIGHT SIDE OF THE ROAD, STRUCK A DITCH, RETURNED TO THE ROADWAY AND OVERTURNED, COMING TO REST ON ITS TOP."
839801,3190021086,Missouri State Highway Patrol-Troop A,1564272000000,190435070,0,0,0,0,Property Damage,LAFAYETTE,NON-CITY OR UNINCORPORATED,A,1,1,0,406,0.08,A ,W ,CRD GILLEN ROAD,CRD CROUCH ROAD,Dark-Unlighted,Other Object,2,,Sun     ,0,0,0,0,1,0,0,0,0,0,0,0,0,1,0,1,0,0,0,0,1,0,0,1,0,38.97987,-94.01305,0,07/28/2019,00:05:00,CRASH OCCURRED AS VEHICLE 1 CRESTED A HILLTOP AND SLID INTO PARKED VEHICLE 2 POSITIONED AT BOTTOM OF THE HILL BLOCKING THE ROADWAY. ASSISTED BY LAFAYETTE COUNTY SHERIFF'S DEPARTMENT.
879251,3190020418,Missouri State Highway Patrol-Troop A,1564272000000,190435163,2,0,0,2,Personal Injury,CLAY,PLEASANT VALLEY,A,3,3,0,221,0.04,B ,N,IS 35,RP 1058854,Dark-Unlighted,Motor Vehicle in Transport,1,60,Sun     ,1,0,0,0,0,0,1,1,1,0,0,0,0,0,0,0,0,0,0,0,1,0,0,1,0,39.21228,-94.47989,0,07/28/2019,05:00:00,CRASH OCCURRED WHEN VEHICLE #1 WAS TRAVELING SOUTHBOUND IN THE NORTHBOUND LANES. VEHICLE #1 STRUCK VEHICLE #2. VEHICLE #3 STRUCK THE DEBRIS IN MOTION ON THE HIGHWAY.  DRIVER 1 WAS TRANSPORTED TO LIBERTY HOSPITAL. DRIVER #2 WAS TRANSPORTED TO NORTH KANSAS CITY HOSPITAL. ASSISTED BY TPR. J. D. HALL /1334/ AND TPR. Z. D. THOMAS /391/
1318283,3190020003,Missouri State Highway Patrol-Troop G,1564272000000,190435185,1,0,1,0,Personal Injury,OZARK,NON-CITY OR UNINCORPORATED,G,1,1,0,755,0.14,B ,E ,CRD 5-803,MO 5 EJ,Dark-Unlighted,Fixed Object,2,,Sun     ,0,0,0,0,0,0,0,0,0,0,0,0,0,0,0,1,0,0,0,0,0,0,0,0,0,36.62472,-92.44445,0,07/28/2019,03:00:00,VEH #1 RAN OFF RIGHT SIDE OF ROADWAY AND STRUCK A ROCK BLUFF.
1127991,3190020251,Missouri State Highway Patrol-Troop E,1564272000000,190435600,1,0,0,1,Personal Injury,WAYNE,NON-CITY OR UNINCORPORATED,E,1,1,0,4224,0.8,A ,W ,MO 34,CRD 217,Daylight,Fixed Object,2,,Sun     ,0,0,0,0,1,0,0,1,1,0,0,0,0,0,0,1,0,0,0,0,0,1,0,0,0,37.20354,-90.43085,0,07/28/2019,10:50:00,"CRASH OCCURRED AS VEHICLE 1 RAN OFF RIGHT SIDE OF ROADWAY, STRUCK SIGN AND OVERTURNED"
784170,3190020503,Missouri State Highway Patrol-Troop A,1564272000000,190435780,5,0,5,0,Personal Injury,CLAY,KANSAS CITY,A,1,1,0,0,0,AT,S ,IS 29,RP 5420,Daylight,Fixed Object,2,,Sun     ,0,0,0,0,1,1,1,0,0,0,0,0,0,0,0,1,0,0,0,0,0,0,0,0,0,39.17672,-94.56273,0,07/28/2019,12:06:00,"CRASH OCCURRED AS DRIVER 1 SWERVED TO AVOID ANOTHER VEHICLE.  VEH 1 LEFT ROADWAY, STRUCK GUARDRAIL AND OVERTURNED. VEH 1 THEN CAME TO REST ON TOP OF GUARDRAIL. ASSISTED BY CPL J A GREEN/1190"
1193968,3190020958,Missouri State Highway Patrol-Troop B,1564272000000,190435823,2,0,0,2,Personal Injury,RALLS,NON-CITY OR UNINCORPORATED,B,2,2,0,10,0,A ,N,US 61,RT A,Daylight,Motor Vehicle in Transport,1,64,Sun     ,0,0,0,0,0,0,0,1,1,0,0,0,0,0,0,1,0,0,0,0,0,0,0,0,0,39.5881,-91.40699,0,07/28/2019,12:23:00,"VEHICLE 1 ATTEMPTED TO CROSS US 61 AND WAS STRUCK BY VEHICLE 2. ASSISTED BY MSGT BEHRENS #302,  RALLS COUNTY SHERIFF'S DEPARTMENT, RALLS COUNTY AMBULANCE, AND THE NEW LONDON FIRE DEPARTMENT,"
1132579,3190020216,Missouri State Highway Patrol-Troop E,1564272000000,190435831,1,0,1,0,Personal Injury,RIPLEY,NON-CITY OR UNINCORPORATED,E,2,2,0,1230,0.23,B ,S ,RT T,CRD T3,Daylight,Motor Vehicle in Transport,1,64,Sun     ,0,0,0,0,1,0,0,1,0,0,0,0,0,0,0,1,0,0,0,0,0,0,0,0,0,36.60194,-90.67778,0,07/28/2019,12:20:00,TRAFFIC CRASH OCCURRED AS VEHICLE 1 CROSSED CENTER OF ROADWAY STRIKING VEHICLE 2.
1267141,3190020207,Missouri State Highway Patrol-Troop C,1564272000000,190435866,3,0,3,0,Personal Injury,FRANKLIN,SULLIVAN,C,3,3,0,190,0.04,B ,E ,IS 44,RT AF,Daylight,Motor Vehicle in Transport,1,63,Sun     ,0,0,0,0,1,1,1,1,0,0,0,0,0,0,,1,0,0,0,0,0,0,0,0,1,38.2244,-91.15595,0,07/28/2019,12:39:00,"VEHICLE 1 AND 3 WERE STOPPED IN TRAFFIC I-44 EASTBOUND.  VEHICLE 2 WAS UNABLE TO STOP IN TIME, VEHICLE 2 FRONT LEFT SIDE STRUCK VEHICLE 1.  VEHICLE 2 THEN STRUCK THE REAR OF VEHICLE 3.  VEHICLE 2 TRAVELED OFF THE LEFT SIDE OF THE ROADWAY AND STRUCK THE MEDIAN BARRIER.  VEHICLE 3 TRAVELED OFF THE LEFT SIDE OF THE ROADWAY, STRUCK THE MEDIAN BARRIER, AND RETURNED TO THE ROADWAY AND CAME TO REST."
1249792,3190019971,Missouri State Highway Patrol-Troop C,1564272000000,190435878,1,0,1,0,Personal Injury,STE. GENEVIEVE,NON-CITY OR UNINCORPORATED,C,1,1,0,570,0.11,A ,W ,CRD EISENBEIS BOTTOM ROAD,CRD BAHR ROAD,Daylight,Fixed Object,2,,Sun     ,0,0,0,0,0,0,1,0,0,0,0,0,0,0,0,1,0,0,0,0,0,0,0,0,0,37.90303,-90.05766,0,07/28/2019,12:39:00,"VEHICLE 1 TRAVELED OFF THE RIGHT SIDE OF THE ROADWAY, STRUCK A CULVERT, ROCKS AND A TREE."
1307479,3190020578,Missouri State Highway Patrol-Troop C,1564272000000,190436221,4,0,4,0,Personal Injury,JEFFERSON,NON-CITY OR UNINCORPORATED,C,4,4,0,126,0.02,B ,E ,MO 30,CRD LITTLE BRENNAN RD,Daylight,Motor Vehicle in Transport,1,61,Sun     ,0,0,0,0,0,1,1,1,0,1,0,0,0,0,0,1,0,0,0,0,1,0,0,1,0,38.48507,-90.50294,0,07/28/2019,14:45:00,"ALL VEHICLES WERE IN LANE 2. VEHICLE 1, 2, AND 3 STOPPED FOR A RED TRAFFIC SIGNAL. VEHICLE 4 DID NOT STOP IN TIME AND STRUCK THE REAR OF 3. VEHICLE 3 STRUCK VEHICLE 2. VEHICLE 2 STRUCK VEHICLE 1."
810881,3190019901,Missouri State Highway Patrol-Troop A,1564272000000,190436303,1,0,0,1,Personal Injury,RAY,NON-CITY OR UNINCORPORATED,A,1,1,0,237,0.04,B ,W ,MO 10,CRD FITCH RD,Daylight,Animal,1,,Sun     ,0,0,0,0,0,0,0,0,0,0,0,0,0,0,0,0,0,0,0,0,0,0,0,0,0,39.265,-94.01358,0,07/28/2019,15:15:00,CRASH OCCURRED AS VEHICLE 1 STRUCK A DEER IN THE ROADWAY. ASSISTED BY CPL D J KLINE /765/.
1511007,3190020286,Missouri State Highway Patrol-Troop H,1564272000000,190436362,2,0,2,0,Personal Injury,MERCER,NON-CITY OR UNINCORPORATED,H,1,1,0,1140,0.22,A ,E ,US 136,CRD FRENCH STREET,Daylight,Fixed Object,2,,Sun     ,0,0,0,0,1,0,0,0,0,0,0,0,0,0,0,1,0,0,0,0,0,0,0,0,0,40.41095,-93.5409,0,07/28/2019,15:30:00,"CRASH OCCURRED AS VEH 1 WAS WESTBOUND ON US-136. VEH 1 CROSSED THE CENTER OF THE ROADWAY AND DROVE OFF THE SOUTH SIDE OF THE ROADWAY, STRIKING A MODOT ROAD SIGN AND MAILBOX. VEH 1 RETURNED TO THE ROADWAY, DROVE OFF THE NORTH SIDE AND STRUCK AN EMBANKMENT. VEH 1 OVERTURNED TWICE AND CAME TO REST OFF THE NORTH SIDE OF US-136 FACING SOUTH. ASSISTED BY MERCER COUNTY SHERIFFS OFFICE AND MERCER COUNTY EMS."
1205368,3190020261,Missouri State Highway Patrol-Troop F,1564272000000,190436404,1,0,1,0,Personal Injury,MILLER,TUSCUMBIA,F,3,3,0,42,0.01,B ,S ,MO 17,MO 52 NJ,Daylight,Motor Vehicle in Transport,1,64,Sun     ,0,0,0,0,0,0,0,0,0,0,0,0,1,0,0,1,0,0,0,0,0,0,0,0,0,38.23976,-92.45245,0,07/28/2019,15:50:00,"VEHICLE 1 FAILED TO YIELD TO VEHICLE 2. VEHICLE 2 STRUCK VEHICLE 1, TRAVELED OFF THE RIGHT SIDE OF THE ROADWAY, ENTERED INTO A PARKING LOT A , AND STRUCK STATIONARY VEHICLE 3. ASSISTED BY SGT. M.J. CODY (271)"
1333769,3190019635,Missouri State Highway Patrol-Troop G,1564272000000,190436530,1,0,0,1,Personal Injury,WRIGHT,NON-CITY OR UNINCORPORATED,G,1,1,0,1663,0.31,A ,E ,BU 60,CST FIRST ROAD,Daylight,Fixed Object,2,,Sun     ,0,0,0,0,1,0,0,0,0,0,0,0,0,0,0,1,0,0,0,0,0,0,0,0,0,37.13146,-92.28916,0,07/28/2019,16:40:00,CRASH OCCURRED AS VEHICLE ONE TRAVELED OFF RIGHT SIDE OF THE ROADWAY AND STRUCK A TREE.
1505397,3190019923,Missouri State Highway Patrol-Troop H,1564272000000,190436581,1,0,1,0,Personal Injury,LIVINGSTON,NON-CITY OR UNINCORPORATED,H,2,2,0,2122,0.4,A ,S ,CRD 239,CRD 224,Daylight,Motor Vehicle in Transport,1,64,Sun     ,0,0,0,0,0,1,1,0,0,0,0,0,0,0,0,1,0,0,0,0,0,0,0,0,0,39.84193,-93.55983,0,07/28/2019,17:00:00,CRASH OCCURRED AS VEHICLE 1 WAS SOUTHBOUND ON LIV-239 AND STRUCK NORTHBOUND VEHICLE 2 IN VEHICLE 2'S LANE.  VEHICLE 1 ROTATED 180 DEGREES AND CAME TO REST IN THE MIDDLE OF THE ROADWAY FACING EAST.  VEHICLE 2 DROVE OFF THE EAST SIDE OF THE ROADWAY AND CAME TO REST FACING NORTH.  ASSISTED BY LIVINGSTON COUNTY SHERIFF'S DEPARTMENT.
1048327,3190019776,Missouri State Highway Patrol-Troop I,1564272000000,190436653,1,0,1,0,Personal Injury,CRAWFORD,NON-CITY OR UNINCORPORATED,I,1,1,0,2640,0.5,B ,N,CRD CEDAR LANE,CRD CLINTON HILL ROAD,Daylight,Fixed Object,1,,Sun     ,1,0,0,0,0,0,0,0,0,0,0,0,0,0,0,0,0,0,0,0,1,0,0,1,0,37.95457,-91.3781,0,07/28/2019,17:30:00,"CRASH OCCURRED AS VEHICLE 1 TRAVELED OFF THE LEFT SIDE OF THE ROADWAY, STRUCK A LOW WATER CROSSING AND CAME TO REST."
1212893,3190022924,Missouri State Highway Patrol-Troop C,1564272000000,190436684,1,0,1,0,Personal Injury,WASHINGTON,NON-CITY OR UNINCORPORATED,C,1,1,0,1056,0.2,A ,S ,MO 21,CRD DELBRIDGE RD 617,Daylight,Overturn,1,,Sun     ,0,0,0,0,0,0,1,0,0,0,0,0,0,0,0,0,0,0,0,0,1,0,0,0,1,37.87662,-90.78092,0,07/28/2019,17:51:00,VEHICLE 2 WAS STOPPED TO TURN. DRIVER 1 WAS INATTENTIVE AND VEHICLE 1 TRAVELED OFF THE RIGHT SIDE OF THE ROADWAY AND OVERTURNED.
1505871,3190020901,Missouri State Highway Patrol-Troop H,1564272000000,190437087,1,0,0,1,Personal Injury,BUCHANAN,ST JOSEPH,H,1,1,0,88,0.02,A ,S ,IS 29,ERM SOUTH IS 29 MILE 470,Dark-Unlighted,Fixed Object,2,,Sun     ,1,0,0,0,0,0,0,0,0,0,0,0,0,0,0,1,0,0,0,0,1,0,0,1,0,39.76271,-94.79169,0,07/28/2019,22:03:00,"CRASH OCCURRED AS VEH 1 WAS SOUTHBOUND ON I-29. VEH 1 TRAVELED OFF THE EAST SIDE OF THE ROADWAY AND DRV 1 OVERCORRECTED. VEH 1 SKIDDED OFF THE WEST SIDE OF THE ROADWAY AND STRUCK A GUARDRAIL EJECTING DRV 1 THROUGH THE DRIVER SIDE WINDOW. VEH 1 OVERTURNED ONTO ITS DRIVER SIDE AND THEN CAME UP ONTO ITS WHEELS. VEH 1 CAME TO REST ON ITS WHEELS FACING EAST IN THE DRIVING LANE, PARTIALLY BLOCKING THE PASSING LANE. DRV 1 CAME TO REST ON THE WEST SHOULDER. ASSISTED BY TPR. D.L. HUGHES (1261) AND BUCHANAN COUNTY SHERIFFS OFFICE."
1115083,3190019840,Missouri State Highway Patrol-Troop E,1564272000000,190437096,1,0,1,0,Personal Injury,MISSISSIPPI,NON-CITY OR UNINCORPORATED,E,1,1,0,16896,3.2,A ,S ,RT CC,US 62,Dark-Unlighted,Fixed Object,2,,Sun     ,0,0,0,0,0,1,1,0,0,0,0,0,0,0,0,1,0,0,0,0,1,0,0,1,0,36.85814,-89.49226,0,07/28/2019,21:50:00,CRASH OCCURRED AS VEHICLE 1 RAN OFF ROADWAY AND STRUCK AN EMBANKMENT.
1257823,3190020466,Missouri State Highway Patrol-Troop C,1564272000000,190437102,1,0,1,0,Personal Injury,ST. LOUIS,HAZELWOOD,C,4,4,Y,73,0.01,A ,W ,IS 270,ERM SOUTH IS 270 MILE 230,Dark-Unlighted,Motor Vehicle in Transport,1,64,Sun     ,,,,,,,,,,0,0,0,0,0,0,,0,0,,0,0,0,0,0,0,38.77349,-90.39908,0,07/28/2019,22:10:00,"VEHICLE 1 WAS DISABLED BLOCKING LANE 5. VEHICLE 2 WAS TRAVELING SOUTHBOUND ON I-270 AT MISSOURI BOTTOM ROAD AND COLLIDE WITH THE REAR OF VEHICLE 1. VEHICLE 3 STRUCK THE RIGHT SIDE OF VEHICLE 1. VEHICLE 1 TRAVELED OFF THE RIGHT SIDE OF THE ROAD AND STRUCK VEHICLE 4, WHICH WAS ALSO ABANDON ON THE SHOULDER."
1217521,3190020167,Missouri State Highway Patrol-Troop C,1564272000000,190437130,1,0,0,1,Personal Injury,FRANKLIN,NON-CITY OR UNINCORPORATED,C,1,1,0,306,0.06,B ,W ,RT O,CRD NORTHWOODS,Dark-Unlighted,Fixed Object,2,,Sun     ,1,0,0,0,0,0,0,0,0,0,0,0,0,0,0,0,1,1,0,0,0,0,0,0,0,38.44485,-90.74099,0,07/28/2019,22:50:00,"DRIVER 1 WAS DISTRACTED, DROVE OFF THE RIGHT SIDE OF THE ROADWAY AND STRUCK AN EMBANKMENT.  VEHICLE 1 THEN TRAVELED OVER NORTHWOODS DRIVE AND OFF THE RIGHT SIDE OF THE ROADWAY, STRIKING A TREE. ASSISTED BY TPR B A TEAGUE (1385)."
1209844,3190020202,Missouri State Highway Patrol-Troop F,1564272000000,190437163,2,0,2,0,Personal Injury,COLE,NON-CITY OR UNINCORPORATED,F,1,1,0,95,0.02,B ,N,CRD S COUNTRY CLUB DR,RT C NJ,Dark-Unlighted,Fixed Object,2,,Sun     ,0,0,0,0,1,0,1,0,0,0,0,1,0,0,0,1,0,0,0,0,0,0,0,0,0,38.54201,-92.28352,0,07/28/2019,23:20:00,"CRASH OCCURRED AS DRIVER 1 OF VEHICLE 1 FAILED TO STOP AT A STOP SIGN, TRAVELED ACROSS ROUTE C AND OFF THE LEFT SIDE OF S COUNTRY CLUB DRIVE, STRIKING A TREE."
1055766,3190020582,Missouri State Highway Patrol-Troop I,1564358400000,190437309,1,0,1,0,Personal Injury,CRAWFORD,BOURBON,I,1,1,0,63,0.01,B ,E ,IS 44,ERM EAST IS 44 MILE 2148,Daylight,Fixed Object,2,,Mon     ,0,0,0,0,1,0,0,0,0,0,0,0,0,0,0,1,0,0,0,0,0,0,0,0,0,38.1224,-91.30994,0,07/29/2019,07:00:00,CRASH OCCURRED AS VEHICLE 1 TRAVELED OFF THE LEFT SIDE OF THE ROADWAY AND OVERTURNED
982702,3190019594,Missouri State Highway Patrol-Troop D,1564358400000,190437318,2,0,2,0,Personal Injury,TANEY,NON-CITY OR UNINCORPORATED,D,1,1,0,459,0.09,A ,S ,US 65,ERM SOUTH US 65 MILE 158,Daylight,Overturn,2,,Mon     ,0,0,0,0,1,0,0,0,0,0,0,0,0,0,0,1,0,0,0,0,0,0,0,0,0,36.70548,-93.22097,0,07/29/2019,07:07:00,"CRASH OCCURRED AS VEHICLE 1 WAS SOUTHBOUND ON HWY 65, LOST CONTROL OF VEHICLE AND TRAVELED OFF THE RIGHT SIDE OF THE ROAD"
817307,3190020867,Missouri State Highway Patrol-Troop A,1564358400000,190437385,1,0,0,1,Personal Injury,CLAY,LIBERTY,A,1,1,0,26,0,B ,N,RP 6080,IS 35,Daylight,Overturn,1,,Mon     ,0,0,0,0,0,0,0,0,0,0,0,0,0,0,0,0,0,0,0,0,0,0,0,0,0,39.22466,-94.46945,0,07/29/2019,08:01:00,"CRASH OCCURRED AS VEHICLE1 WAS NORTHBOUND FROM THE RAMP TO PLEASANT VALLEY.  DRIVER1 BECAME DISTRACTED.  VEHICLE1 BEGAN TO SWERVE, RAN OFF THE ROADWAY AND OVERTURNED, STRIKING THE CABLE BARRIER FACING SOUTH."
1043500,3190020374,Missouri State Highway Patrol-Troop I,1564358400000,190437464,1,0,1,0,Personal Injury,LACLEDE,NON-CITY OR UNINCORPORATED,I,1,1,0,337,0.06,B ,W ,IS 44,ERM WEST IS 44 MILE 1394,Daylight,Fixed Object,2,,Mon     ,0,0,0,0,1,0,1,0,0,0,0,0,0,0,0,1,0,0,0,0,0,0,0,0,0,37.75996,-92.51602,0,07/29/2019,08:51:00,CRASH OCCURRED AS DRIVER 1 LOST CONTROL OF THE VEHICLE.  VEHICLE 1 TRAVELED OFF THE LEFT SIDE OF THE ROADWAY AND STRUCK THE METAL GUARDRAIL AND MEDIAN CABLE BARRIER