objectid,accident,agency,inv_date,complaint,injured,killed,min_inj,dis_inj,severity,county,city,troop,no_vehicle,motor_veh,left_scene,dist_feet,dist_mile,inter_loc,direction,on_street,at_street,light_cond,acc_type,on_off_rd,two_veh,day_week,dr_drink,dr_drug,ped_drink,ped_drug,speed,dr_under21,dr_under25,dr_over55,dr_over64,electrical,emer_veh,stop_sign,yield_sign,czone,hazmat,aggressive,cell_phone,texting,veh_defect,school_bus,truck,motorcycle,atv,pickup,cmv,gps_lat,gps_long,severity_fatal,acc_date,acc_time,narrative
1212892,3190020528,Missouri State Highway Patrol-Troop C,1564358400000,190437576,1,0,1,0,Personal Injury,WASHINGTON,NON-CITY OR UNINCORPORATED,C,1,1,0,121,0.02,A ,W ,RT O,CRD PARKWOOD DR,Daylight,Fixed Object,2,,Mon     ,0,0,0,0,0,0,0,0,0,0,0,0,0,0,0,0,0,0,0,0,0,0,0,0,0,37.93398,-90.73423,0,07/29/2019,09:51:00,"VEHICLE 1 TRAVELED OFF THE RIGHT SIDE OF THE ROADWAY, STRUCK AN EMBANKMENT AND OVERTURNED."
967070,3190019679,Missouri State Highway Patrol-Troop D,1564358400000,190437627,1,0,1,0,Personal Injury,BARRY,NON-CITY OR UNINCORPORATED,D,1,1,0,1789,0.34,A ,S ,MO 37,BRIDGE A4509,Daylight,Fixed Object,2,,Mon     ,0,0,0,0,1,0,0,0,0,0,0,0,0,0,0,1,0,0,0,0,0,0,0,0,0,36.59881,-93.94642,0,07/29/2019,10:20:00,"CRASH OCCURRED AS VEHICLE 1 WAS NORTHBOUND HWY 37, LOST CONTROL OF VEHICLE, SKIDDED OFF THE LEFT SIDE OF THE ROADWAY INTO THE DITCH"
1307474,3190019804,Missouri State Highway Patrol-Troop C,1564358400000,190437771,2,0,2,0,Personal Injury,JEFFERSON,NON-CITY OR UNINCORPORATED,C,1,1,0,411,0.08,B ,N,RP 282877,US 67,Daylight,Overturn,2,,Mon     ,0,0,0,0,0,0,0,1,0,0,0,0,0,0,0,0,0,0,0,0,0,0,0,0,0,38.04424,-90.49367,0,07/29/2019,11:35:00,"VEHICLE 1 TRAVELED OFF THE LEFT SIDE OF THE ROADWAY. DRIVER 1 OVER CORRECTED TO RIGHT, OVER CORRECTED TO LEFT, AND VEHICLE 1 OVERTURNED EJECTING DRIVER 1. ASSISTED BY TPR B. J. MAGNAN (1343)"
853550,3190020531,Missouri State Highway Patrol-Troop A,1564358400000,190437925,1,0,1,0,Personal Injury,PETTIS,NON-CITY OR UNINCORPORATED,A,2,2,0,68,0.01,B ,S ,US 65,CRD SPRING GARDEN RD,Daylight,Motor Vehicle in Transport,1,61,Mon     ,0,0,0,0,0,0,1,1,0,0,0,0,0,0,0,0,0,0,0,0,1,0,0,0,1,38.92546,-93.20962,0,07/29/2019,12:50:00,"CRASH OCCURRED AS VEH 2 WAS ATTEMPTING TO MAKE A RIGHT TURN ONTO ROUTE C. DRIVER 1 FAILED TO RECOGNIZE VEH 2 WAS TURNING AND STUCK THE REAR OF VEH 2 AND VEH 1 OVERTURNED INTO THE MEDIAN.  ASSISTED BY SGT M D DEGRAFFENREID/334, TPR N A PEREZ/1426, AND TPR E P VOLKART/407."
1130642,3190020581,Missouri State Highway Patrol-Troop E,1564358400000,190437927,0,1,0,0,Fatal,CAPE GIRARDEAU,NON-CITY OR UNINCORPORATED,E,1,1,0,1356,0.26,A ,W ,RT Y,PVT RUSTIC HILLS LANE,Daylight,Fixed Object,2,,Mon     ,0,0,0,0,0,0,0,1,1,0,0,0,0,0,0,1,0,0,0,0,0,0,0,0,0,37.42482,-89.59877,1,07/29/2019,12:49:00,"FATALITY CRASH - NEXT OF KIN NOTIFIED - CRASH OCCURRED AS VEH 1 FAILED TO NEGOTIATE A CURVE, RAN OFF THE RIGHT SIDE OF THE ROADWAY AND STRUCK A TREE, VEHICLE BECAME ENGULFED IN FLAMES.   SUBJECT PRONOUNCED AT THE SCENE AT 1430 HOURS BY CAPE GIRARDEAU COUNTY CORONER JOHN CLIFTON.  TROOP E FATALITY # 27 FOR 2019."
1298057,3190020134,Missouri State Highway Patrol-Troop C,1564358400000,190438024,2,0,2,0,Personal Injury,JEFFERSON,HERCULANEUM,C,3,3,0,168,0.03,B ,N,IS 55,BRIDGE A0945,Daylight,Motor Vehicle in Transport,1,69,Mon     ,0,0,0,0,1,0,0,1,0,0,0,0,0,0,0,1,0,0,0,0,1,0,0,1,1,38.26514,-90.40261,0,07/29/2019,14:00:00,VEHICLE 3  STEERED RIGHT TO AVOID VEHICLE 2. DRIVER SIDE OF VEHICLE 3 STRUCK THE REAR OF VEHICLE 2.  VEHICLE 3 TRAVELED TO THE RIGHT AND ITS PASSENGER SIDE STRUCK THE DRIVER'S SIDE OF VEHICLE 1.  ASSISTED BY MSGT C. M. ARBUTHNOT (694)
1017228,3190019689,Missouri State Highway Patrol-Troop D,1564358400000,190438035,1,0,1,0,Personal Injury,NEWTON,NON-CITY OR UNINCORPORATED,D,2,2,0,0,0,AT,W ,US 60,CRD HERON,Daylight,Motor Vehicle in Transport,1,64,Mon     ,0,0,0,0,0,0,0,1,0,0,0,1,0,0,0,1,0,0,0,0,1,0,0,1,0,36.8378,-94.45713,0,07/29/2019,13:50:00,CRASH OCCURRED AS VEHICLE #1 WAS WESTBOUND ON U.S. 60 AND VEHICLE #2 WAS SOUTHBOUND ON HERON DR. VEHICLE #2 FAILED TO YIELD TO VEHICLE #1 WHICH STRUCK VEHICLE #2.
784198,3190021394,Missouri State Highway Patrol-Troop A,1564358400000,190438057,2,0,2,0,Personal Injury,CLAY,KANSAS CITY,A,2,2,0,400,0.08,B ,N,IS 29,ERM NORTH IS 29 MILE 30,Daylight,Motor Vehicle in Transport,1,63,Mon     ,,,,,,0,0,1,1,0,0,0,0,0,0,,0,0,,0,0,0,0,0,0,39.18682,-94.59978,0,07/29/2019,14:00:00,CRASH OCCURRED AS VEH1 AND VEH2 MERGED INTO THE SIDE OF EACH OTHER.  ASSISTED BY TPR S S GATES /552/
1140873,3190020189,Missouri State Highway Patrol-Troop E,1564358400000,190438065,1,0,1,0,Personal Injury,BUTLER,NON-CITY OR UNINCORPORATED,E,2,2,0,596,0.11,A ,S ,RT W,CRD 525,Daylight,Motor Vehicle in Transport,1,60,Mon     ,0,0,0,0,0,0,0,1,1,0,0,0,0,0,0,1,0,0,0,0,0,0,0,0,0,36.81956,-90.42946,0,07/29/2019,14:03:00,CRASH OCCURRED AS VEH 1 CROSSED THE CENTERLINE AND STRUCK VEH 2 HEAD-ON.
1036161,3190020470,Missouri State Highway Patrol-Troop I,1564358400000,190438243,0,1,0,0,Fatal,PHELPS,NON-CITY OR UNINCORPORATED,I,1,1,0,217,0.04,B ,W ,IS 44,ERM WEST IS 44 MILE 1750,Daylight,Overturn,2,,Mon     ,0,0,0,0,1,0,0,1,0,0,0,0,0,0,0,1,0,0,0,0,1,0,0,0,1,37.93279,-91.96107,1,07/29/2019,15:32:00,"FATALITY CRASH - NEXT OF KIN NOTIFIED - CRASH OCCURRED AS VEHICLE 1 TRAVELED OFF THE RIGHT SIDE OF THE ROADWAY, OVERTURNED AND CAME TO REST.  DRIVER 1 WAS PRONOUNCED AT THE SCENE BY PHELPS COUNTY CORONER ANDY DAVIS AT 15:37.  ASSISTED BY SGT J.A. MULKEY (1186), CPL J.D. FARIOLE (1364) AND TPR B.C. ROWDEN (1431)  THIS IS TROOP I'S 5TH FATAL FOR JULY AND 20TH FOR 2019."
1233845,3190020184,Missouri State Highway Patrol-Troop C,1564358400000,190438404,2,0,2,0,Personal Injury,ST. LOUIS,NON-CITY OR UNINCORPORATED,C,4,4,Y,322,0.06,A ,W ,IS 270,ERM WEST IS 270 MILE 14,Daylight,Motor Vehicle in Transport,1,64,Mon     ,0,0,0,0,0,,,1,,0,0,0,0,0,0,1,0,0,0,0,0,0,0,0,0,38.50987,-90.35981,0,07/29/2019,16:50:00,ALL VEHICLES WERE SOUTHBOUND ON I-270. VEHICLE 8 MADE A SUDDEN LANE CHANGE IN FRONT OF VEHICLE 4 WHICH CAUSED VEHICLE 4 TO TRAVEL INTO THE PATH OF VEHICLE 5. VEHICLE 4 STRUCK VEHICLE 6. THE FRONT OF VEHICLE 5 STRUCK THE REAR OF VEHICLE 7. VEHICLE 3 THEN STRUCK THE REAR OF VEHICLE 1 WHICH CAUSED VEHICLE 1 TO STRIKE VEHICLE 2. THE FRONT OF VEHICLE 2 STRUCK THE REAR OF VEHICLE 3. VEHICLE 8 LEFT THE SCENE.
876279,3190020443,Missouri State Highway Patrol-Troop A,1564358400000,190438520,1,0,1,0,Personal Injury,PLATTE,KANSAS CITY,A,2,2,Y,158,0.03,B ,S ,IS 29,ERM SOUTH IS 29 MILE 86,Daylight,Fixed Object,2,,Mon     ,0,0,0,0,0,,,1,1,0,0,0,0,0,0,1,0,0,0,0,1,0,0,0,0,39.24904,-94.65855,0,07/29/2019,17:50:00,CRASH OCCURRED AS UNKNOWN VEHICLE 1 STRUCK THE MEDIAN AND THEN LEFT THE SCENE. VEHICLE 2 WAS STRUCK BY FLYING DEBRIS FROM VEHICLE 1 STRIKING THE MEDIAN.  ASSISTED BY TPR C M MCDONALD /892/
1130643,3190020661,Missouri State Highway Patrol-Troop E,1564358400000,190438682,1,0,1,0,Personal Injury,CAPE GIRARDEAU,NON-CITY OR UNINCORPORATED,E,1,1,0,110,0.02,B ,W ,CRD WEST CAPE ROCK DRIVE,CRD 645,Daylight,Fixed Object,2,,Mon     ,1,0,0,0,1,0,0,0,0,0,0,0,0,0,0,1,0,0,0,0,1,0,0,1,0,37.35011,-89.52917,0,07/29/2019,19:20:00,CRASH OCCUURED AS VEH 1 RAN OFF THE ROADWAY AND STRUCK A UTILITY POLE.
1187141,3190020364,Missouri State Highway Patrol-Troop B,1564358400000,190438889,1,0,0,1,Personal Injury,MARION,NON-CITY OR UNINCORPORATED,B,1,1,0,617,0.12,B ,W ,US 36,RT EE,Dark-Unlighted,Fixed Object,2,,Mon     ,0,0,0,0,0,0,1,0,0,0,0,0,0,0,0,0,0,0,0,0,1,0,0,1,0,39.65875,-91.80744,0,07/29/2019,21:35:00,"VEHICLE ONE SWERVED TO AVOID A DEER IN THE ROADWAY, TRAVELED OFF THE RIGHT SIDE OF ROADWAY AND STRUCK A CONCRETE STORM DRAIN .  ASSISTED TPR PRIMM 792."
785669,3190019745,Missouri State Highway Patrol-Troop A,1564444800000,190438965,1,0,1,0,Personal Injury,HENRY,NON-CITY OR UNINCORPORATED,A,1,1,0,1657,0.31,B ,W ,MO 52,RT AC,Dark-Unlighted,Fixed Object,2,,Mon     ,0,0,0,0,0,1,1,0,0,0,0,0,0,0,0,0,0,0,0,0,1,0,0,1,0,38.44614,-93.67708,0,07/29/2019,23:20:00,CRASH OCCURRED AS VEHICLE 1 OVERCORRECTED AND BEGAN TO SKID. VEHICLE 1 TRAVELED OFF THE LEFT SIDE OF THE ROADWAY AND STRUCK A TREE. ASSISTED BY HENRY COUNTY SHERIFF'S DEPARTMENT.
1212891,3190021034,Missouri State Highway Patrol-Troop C,1564444800000,190439073,1,0,0,1,Personal Injury,WASHINGTON,NON-CITY OR UNINCORPORATED,C,1,1,0,1019,0.19,B ,W ,RT A,CRD BUTLER HILL RD WJ,Dark-Unlighted,Fixed Object,2,,Tue     ,0,0,0,0,0,0,0,0,0,0,0,0,0,0,0,0,0,0,0,0,0,0,0,0,0,38.15183,-90.85243,0,07/30/2019,05:20:00,DRIVER #1 FAILED TO NEGOTIATE A CURVE IN THE ROADWAY CAUSING VEHICLE #1 TO TRAVEL OFF THE NORTH SIDE OF ROADWAY STRIKING A TREE BEFORE OVERTURNING.
858661,3190020706,Missouri State Highway Patrol-Troop A,1564444800000,190439074,1,0,1,0,Personal Injury,JACKSON,BLUE SPRINGS,A,1,1,0,40,0.01,A ,E ,IS 70,ERM EAST IS 70 MILE 184,Daylight,Fixed Object,2,,Tue     ,0,0,0,0,0,1,1,0,0,0,0,0,0,0,0,0,0,0,0,0,1,0,0,1,0,39.03508,-94.31302,0,07/30/2019,06:05:00,"OCCURRED AS DRV1 EXPERIENCED MEDICAL INCIDENT, TRAVELED OFF ROADWAY AND STRUCK TREES, FENCE, AND RETAINING WALL ON PRIVATE PROPERTY. ASSISTED BY CPL S D GALASKA /1366/ AND BLUE SPRINGS POLICE"
920189,3190021736,Missouri State Highway Patrol-Troop D,1564444800000,190439090,1,0,0,1,Personal Injury,LAWRENCE,MOUNT VERNON,D,2,2,0,359,0.07,B ,W ,IS 44,ERM WEST IS 44 MILE 462,Daylight,Motor Vehicle in Transport,1,61,Tue     ,0,0,0,0,0,0,0,1,0,0,0,0,0,0,0,0,0,0,0,0,0,0,0,0,1,37.08819,-93.8139,0,07/30/2019,06:23:00,CRASH OCCURRED AS VEHICLE #1 WAS STRUCK IN THE REAR BY VEHICLE #2
900923,3190020704,Missouri State Highway Patrol-Troop D,1564444800000,190439137,1,0,1,0,Personal Injury,ST. CLAIR,NON-CITY OR UNINCORPORATED,D,1,1,0,52,0.01,B ,S ,RT P,CRD NW 1501,Daylight,Overturn,2,,Tue     ,0,0,0,0,0,0,0,1,1,0,0,0,0,0,0,1,0,0,0,0,1,0,0,1,0,38.14754,-94.05111,0,07/30/2019,06:34:00,CRASH OCCURRED AS VEH #1 CROSSED THE CENTER OF THE ROAD LEFT SIDE AND OVERTURNED
1031441,3190020029,Missouri State Highway Patrol-Troop I,1564444800000,190439275,1,0,0,1,Personal Injury,PULASKI,NON-CITY OR UNINCORPORATED,I,1,1,0,52,0.01,B ,W ,MO 28,CRD HATFIELD,Daylight,Pedestrian,2,,Tue     ,0,0,0,0,0,0,0,1,0,0,0,0,0,0,0,1,0,0,0,0,1,0,0,1,0,37.84778,-92.09285,0,07/30/2019,08:10:00,CRASH OCCURRED AS  DRIVER OF VEHICLE 1 TRAVELED OFF OF THE  RIGHT SIDE OF THE ROADWAY  STRIKING PEDESTRIAN. ASSISTED BY TPR S.M. BLACKSTON (166)
792901,3190020099,Missouri State Highway Patrol-Troop A,1564444800000,190439409,1,0,0,1,Personal Injury,CASS,NON-CITY OR UNINCORPORATED,A,2,2,0,0,0,AT,E ,RT P,CRD FUNKHOUSER ROAD,Daylight,Motor Vehicle in Transport,1,61,Tue     ,0,0,0,0,1,0,0,1,1,0,0,0,0,0,0,1,0,0,0,0,1,0,0,1,1,38.73314,-94.2699,0,07/30/2019,09:00:00,"THE CRASH OCCURRED AS VEHICLE #1 WAS TRAVELING EASTBOUND ON ROUTE P AND PULLED ONTO FUNKHOUSER ROAD PARALLEL TO ROUTE P.   VEHICLE # 2 TRAVELING EASTBOUND ON ROUTE P, STRUCK THE REAR OF THE TOWED UNIT OF VEHICLE #1, CAUSING VEHICLE #2 TO OVERTURN."
1130660,3190020603,Missouri State Highway Patrol-Troop E,1564444800000,190439491,1,0,1,0,Personal Injury,CAPE GIRARDEAU,NON-CITY OR UNINCORPORATED,E,3,3,0,0,0,AT,N,CRD LARCH LN,PVT WALNUT DR,Daylight,Motor Vehicle in Transport,1,61,Tue     ,0,0,0,0,0,0,0,1,0,0,0,1,0,0,0,1,0,0,0,0,1,0,0,1,1,37.43972,-89.64547,0,07/30/2019,09:40:00,"CRASH OCCURRED AS VEH 1 STRUCK VEH 2 IN THE REAR, CAUSING VEH 2 TO STRIKE VEH 3."
814117,3190020650,Missouri State Highway Patrol-Troop A,1564444800000,190439724,2,0,0,2,Personal Injury,CLAY,NON-CITY OR UNINCORPORATED,A,5,5,0,211,0.04,B ,W ,MO 92,CRD PLATTSBURG RD,Daylight,Motor Vehicle in Transport,1,61,Tue     ,0,0,0,0,0,1,1,1,0,0,0,0,0,0,0,1,0,0,0,0,1,0,0,1,1,39.36793,-94.41151,0,07/30/2019,11:41:00,"CRASH OCCURRED AS ALL VEHICLES WERE SLOWING FOR A STOP SIGN AND VEH2 FAILED TO SLOW.  VEH1 STRUCK THE REAR OF VEH2 CAUSING VEH2 TO STRIKE THE REAR OF VEH3.  VEH3 THEN STRUCK THE REAR OF VEH4 AND VEH4 STRUCK THE REAR OF VEH5.  ASSISTED BY TPR C A ADKISON /530/, TPR J D HALL /1334/, TPR B S FLORAY /746/ AND CPL J A GREEN /1190/."
792900,3190019904,Missouri State Highway Patrol-Troop A,1564444800000,190439801,1,0,0,1,Personal Injury,CASS,NON-CITY OR UNINCORPORATED,A,2,2,0,828,0.16,A ,S ,CRD PECULIAR DR,BRIDGE G0619,Daylight,Motor Vehicle in Transport,1,61,Tue     ,0,0,0,0,0,0,0,1,1,0,0,0,0,0,0,1,0,0,0,0,1,0,0,1,1,38.75793,-94.48442,0,07/30/2019,12:30:00,"THE CRASH OCCURRED AS VEHICLE #2 WAS STOPPED IN SOUTHBOUND TRAFFIC WITH A PEDESTRIAN BETWEEN VEHICLE #2 AND VEHICLE #2'S TOWED UNIT, AND VEHICLE #1 WAS TRAVELING SOUTHBOUND BEHIND VEHICLE #2.  DRIVER #1 FAILED TO OBSERVE VEHICLE #2 STOPPED AND VEHICLE #1'S FRONT STRUCK THE REAR OF VEHICLE #2'S TOWED UNIT.  THE IMPACT PUSHED THE TOWED UNIT FORWARD INTO VEHICLE #2 AND THE PEDESTRIAN CAME TO REST IN THE BED OF VEHICLE #2.  VEHICLE #1'S FRONT CAME TO REST ON TOP OF THE TOWED UNIT."
903679,3190019966,Missouri State Highway Patrol-Troop D,1564444800000,190439810,1,0,1,0,Personal Injury,CHRISTIAN,NON-CITY OR UNINCORPORATED,D,2,2,0,242,0.05,B ,E ,CRD E CARDINAL RD,CRD E LAKECREST DR,Daylight,Motor Vehicle in Transport,1,61,Tue     ,0,0,0,0,0,1,1,0,0,0,0,0,0,0,0,0,0,0,0,0,1,0,0,1,0,37.06185,-93.186,0,07/30/2019,12:35:00,"CRASH OCCURRED AS VEHICLE #1 WAS STOPPED TO MAKE A TURN INTO A PRIVATE DRIVE, VEHICLE #2 STRUCK REAR END OF VEHICLE #1'S TRAILER"
982674,3190020777,Missouri State Highway Patrol-Troop D,1564444800000,190439897,1,0,1,0,Personal Injury,TANEY,NON-CITY OR UNINCORPORATED,D,1,1,0,2043,0.39,A ,E ,CRD JONES RD,CRD ANDERSON RD,Daylight,Fixed Object,2,,Tue     ,0,0,0,0,0,0,0,1,1,0,0,0,0,0,0,1,0,0,0,0,1,0,0,1,0,36.50658,-93.26825,0,07/30/2019,12:15:00,VEHICLE 1 RAN OFF LEFT SIDE OF ROADWAY AND STRUCK A TREE.
845684,3190021070,Missouri State Highway Patrol-Troop A,1564444800000,190439912,1,0,1,0,Personal Injury,JOHNSON,NON-CITY OR UNINCORPORATED,A,2,2,0,528,0.1,B ,W ,CRD NW 675 RD,CRD NW 871 RD,Daylight,Motor Vehicle in Transport,1,60,Tue     ,0,0,0,0,0,1,1,0,0,0,0,0,0,0,0,1,0,0,0,0,1,0,0,0,1,38.86238,-93.90284,0,07/30/2019,12:40:00,"THIS CRASH OCCURRED AS VEHICLE 1 WAS EASTBOUND AND VEHICLE 2 WAS WESTBOUND ON COUNTY ROAD 675.  AS VEHICLE 1 WAS TRAVELING EAST IT APPROACHED A HILLCREST AND MET VEHICLE 2.  AS BOTH DRIVER'S OBSERVED EACH OTHER BOTH DRIVER'S APPLIED THEIR BRAKES AND BEGAN SLIDING ON THE GRAVEL ROAD SURFACE.  ULTIMATELY, THE FRONT LEFT OF VEHICLE 1 STRUCK THE FRONT LEFT OF VEHICLE 2."
1274403,3190020530,Missouri State Highway Patrol-Troop C,1564444800000,190440005,2,0,1,1,Personal Injury,ST. FRANCOIS,NON-CITY OR UNINCORPORATED,C,1,1,0,454,0.09,A ,S ,RT AA,CRD CARTEE RD,Daylight,Fixed Object,2,,Tue     ,0,0,0,0,0,0,0,1,0,0,0,0,0,0,0,1,0,0,0,0,1,0,0,1,0,37.70121,-90.43481,0,07/30/2019,14:02:00,"VEHICLE ONE WAS TRAVELING NORTHBOUND ON ROUTE AA. VEHICLE ONE TRAVELED OFF THE RIGHT SIDE OF THE ROAD, OVERCORRECTED, TRAVELED OFF THE LEFT SIDE OF THE ROAD, AND OVERTURNED."
1307449,3190020379,Missouri State Highway Patrol-Troop C,1564444800000,190440036,1,0,1,0,Personal Injury,JEFFERSON,NON-CITY OR UNINCORPORATED,C,1,1,0,126,0.02,B ,E ,CRD W ROCK CREEK RD,PVT OLD HOMESTEAD DR,Daylight,Fixed Object,2,,Tue     ,1,0,0,0,0,0,0,0,0,0,0,0,0,0,0,0,1,0,0,0,0,0,0,0,0,38.43825,-90.48573,0,07/30/2019,14:22:00,VEHICLE 1 TRAVELED OFF THE RIGHT SIDE OF THE ROADWAY AND STRUCK A TREE.
1336736,3190021748,Missouri State Highway Patrol-Troop G,1564444800000,190440184,0,2,0,0,Fatal,DOUGLAS,NON-CITY OR UNINCORPORATED,G,1,1,0,686,0.13,A ,N,MO 181,RT AP,Daylight,Overturn,1,,Tue     ,0,0,0,0,0,1,1,0,0,0,0,0,0,0,0,0,0,0,0,0,0,0,0,0,0,36.95263,-92.10796,1,07/30/2019,15:29:00,"FATALITY CRASH. THIS IS TROOP G'S 19TH AND 20TH FATALITIES FOR 2019 AS OPPOSED TO 22 THIS TIME LAST YEAR. CRASH  OCCURRED AS VEHICLE ONE TRAVELED OFF THE RIGHT SIDE OF THE ROAD OVERCORRECTED, OVERTURNED AND CAME TO REST ON THE LEFT SIDE OF THE ROADWAY. PRONOUNCED BY DOUGLAS COUNTY CORONER, RICK MILLER, AT 1553 AND 1556. NEXT OF KIN NOTIFIED. ASSISTED BY CPL S J CREWSE #424, TPR J A PHILPOTT #1182, CRASH TEAM SGT B C GRUBEN #1195"
785670,3190021251,Missouri State Highway Patrol-Troop A,1564444800000,190440324,1,0,1,0,Personal Injury,HENRY,NON-CITY OR UNINCORPORATED,A,1,1,0,834,0.16,B ,N,RT U,CRD SE 450,Daylight,Fixed Object,2,,Tue     ,0,0,0,0,0,0,0,0,0,0,0,0,0,0,0,0,0,0,0,0,1,0,0,1,0,38.29452,-93.61197,0,07/30/2019,16:29:00,CRASH OCCURRED AS VEHICLE 1 TRAVELING NORTHBOUND ON ROUTE U RAN OFF THE RIGHT SIDE OF ROAD STUCK A DITCH  BECAME AIRBORNE AND STRUCK A TREE. VEHILCE 1 OVER TURNED LANDED ON ITS WHEELS. ASSISTED BY CPL R C WEST/1170
1274404,3190020908,Missouri State Highway Patrol-Troop C,1564444800000,190440374,1,0,0,1,Personal Injury,ST. FRANCOIS,NON-CITY OR UNINCORPORATED,C,1,1,0,517,0.1,A ,S ,CRD BERRY RD,CRD SILVER SPRINGS RD,Daylight,Fixed Object,2,,Tue     ,1,0,0,0,0,0,0,0,0,0,0,0,0,0,0,0,0,0,0,0,0,0,0,0,0,37.99384,-90.52664,0,07/30/2019,17:30:00,VEHICLE 1 WAS SOUTHBOUND ON BERRY RD AND TRAVELED OFF THE RIGHT SIDE OF THE ROADWAY. DRIVER 1 OVER CORRECTED AND WENT OFF THE LEFT SIDE OF THE ROADWAY AND STRUCK A TREE. ASSISTED BY CPL J. A. ASHBY (234) AND TPR N. W. STEVENS (575)
944752,3190021071,Missouri State Highway Patrol-Troop D,1564444800000,190440375,1,0,1,0,Personal Injury,JASPER,NON-CITY OR UNINCORPORATED,D,2,2,0,0,0,AT,E ,MO 66,CRD BLACKCAT RD,Daylight,Motor Vehicle in Transport,1,64,Tue     ,0,0,0,0,0,1,1,0,0,1,0,1,1,0,0,1,0,0,0,0,0,0,0,0,0,37.08485,-94.56692,0,07/30/2019,17:05:00,VEHICLE 1 PULLED INTO THE PATH OF VEHICLE 2.
1147906,3190020236,Missouri State Highway Patrol-Troop E,1564444800000,190440399,1,0,1,0,Personal Injury,STODDARD,NON-CITY OR UNINCORPORATED,E,1,1,0,1056,0.2,A ,N,RT WW,CRD 420,Daylight,Fixed Object,2,,Tue     ,0,0,0,0,0,0,0,0,0,0,0,0,0,0,0,1,0,0,0,0,1,0,0,1,0,36.88059,-90.11435,0,07/30/2019,17:20:00,"CRASH OCCURRED AS VEH 1 RAN OFF ROADWAY, STRUCK A TREE AND OVERTURNED."
1233821,3190020464,Missouri State Highway Patrol-Troop C,1564444800000,190440423,3,0,3,0,Personal Injury,ST. LOUIS,NON-CITY OR UNINCORPORATED,C,4,4,0,95,0.02,B ,E ,IS 70,ERM IS 70 EAST MILE 2322,Daylight,Motor Vehicle in Transport,1,61,Tue     ,0,0,0,0,0,0,1,0,0,0,0,0,0,0,0,0,0,0,0,0,1,0,0,1,0,38.75183,-90.44873,0,07/30/2019,17:22:00,DRIVER 1 BECAME DISTRACTED AND STRUCK THE REAR OF VEHICLE 2.  VEHICLE 2 WAS PUSHED INTO VEHICLE 3. VEHICLE 3 WAS PUSHED INTO VEHICLE 4 WHICH STRUCK THE CONCRETE MEDIAN. ASSISTED BY MSGT. M.E. BRONIEC (598)
1185609,3190020062,Missouri State Highway Patrol-Troop B,1564444800000,190440441,1,0,1,0,Personal Injury,SULLIVAN,NON-CITY OR UNINCORPORATED,B,1,1,0,1267,0.24,B ,E ,MO 6,RT W,Daylight,Animal,1,,Tue     ,0,0,0,0,0,0,0,1,0,0,0,0,0,0,0,0,0,0,0,0,0,0,0,0,0,40.12578,-93.2958,0,07/30/2019,17:15:00,VEHICLE 1 WAS TRAVELING EASTBOUND ON HIGHWAY 6 WHEN A DEER ENTERED THE ROADWAY. VEHICLE 1 STRUCK THE DEER.
982667,3190019863,Missouri State Highway Patrol-Troop D,1564444800000,190440526,1,0,1,0,Personal Injury,TANEY,NON-CITY OR UNINCORPORATED,D,2,2,0,63,0.01,B ,S ,RT BB,PVT MALLARD CT,Daylight,Overturn,2,,Tue     ,0,0,0,0,1,1,1,0,0,0,0,0,0,0,0,1,0,0,0,0,0,0,0,0,0,36.61985,-93.18998,0,07/30/2019,18:25:00,VEHICLE #1 CROSSED OVER THE CENTER LINE AND BOTH VEHICLES ATTEMPTED TO MISS EACH OTHER.  VEHICLE #2 TRAVELED OFF THE ROADWAY AND STRUCK A TREE WHILE VEHICLE #1 TRAVELED OFF THE ROADWAY AND OVERTURNED.
1181473,3190020637,Missouri State Highway Patrol-Troop B,1564444800000,190440542,2,0,1,1,Personal Injury,RANDOLPH,NON-CITY OR UNINCORPORATED,B,1,1,0,0,0,AT,W ,RT B,CRD 2480,Daylight,Fell/Jumped from MV,1,,Tue     ,0,0,0,0,1,0,0,0,0,0,0,1,0,0,0,1,0,0,0,0,0,0,1,0,0,39.31028,-92.59986,0,07/30/2019,18:28:00,"VEHICLE 1 WAS ATTEMPTING TO TURN ONTO HIGHWAY B FROM A COUNTY ROAD AND TURNED TOO SHARPLY , THE LEFT SIDE WHEELS LEFT THE ROADWAY EJECTING THE OCCUPANTS"
1500275,3190020533,Missouri State Highway Patrol-Troop H,1564444800000,190440544,1,0,1,0,Personal Injury,CLINTON,NON-CITY OR UNINCORPORATED,H,2,2,0,290,0.05,A ,S ,IS 35,ERM SOUTH IS 35 MILE 382,Daylight,Motor Vehicle in Transport,1,61,Tue     ,0,0,0,0,0,0,0,1,0,0,0,0,0,0,0,0,0,0,0,0,1,0,0,1,1,39.5262,-94.28029,0,07/30/2019,18:36:00,CRASH OCCURRED AS VEH 1 AND VEH 2 WERE SOUTHBOUND ON I-35. VEH 2 STRUCK THE REAR OF VEH 1. BOTH VEH CAME TO CONTROLLED STOP ON THE SHOULDER.