objectid,accident,agency,inv_date,complaint,injured,killed,min_inj,dis_inj,severity,county,city,troop,no_vehicle,motor_veh,left_scene,dist_feet,dist_mile,inter_loc,direction,on_street,at_street,light_cond,acc_type,on_off_rd,two_veh,day_week,dr_drink,dr_drug,ped_drink,ped_drug,speed,dr_under21,dr_under25,dr_over55,dr_over64,electrical,emer_veh,stop_sign,yield_sign,czone,hazmat,aggressive,cell_phone,texting,veh_defect,school_bus,truck,motorcycle,atv,pickup,cmv,gps_lat,gps_long,severity_fatal,acc_date,acc_time,narrative
789596,3190020006,Missouri State Highway Patrol-Troop A,1564444800000,190440547,1,0,1,0,Personal Injury,CASS,BELTON,A,2,2,Y,30,0.01,B ,N,RT D,CRD 166TH ST,Daylight,Motor Vehicle in Transport,1,62,Tue     ,,,,,,,,,,0,0,0,0,0,0,,0,0,,0,1,0,0,1,0,38.83391,-94.5844,0,07/30/2019,18:30:00,"CRASH OCCURRED AS VEH 1 CROSSED CENTERLINE, STRUCK VEH 2'S MIRROR. VEH 1 CONTINUED SOUTHBOUND. VEH 2 DRIVEN TO FINAL REST"
1307447,3190019915,Missouri State Highway Patrol-Troop C,1564444800000,190440614,2,0,2,0,Personal Injury,JEFFERSON,NON-CITY OR UNINCORPORATED,C,1,1,0,939,0.18,A ,E ,CRD MEYER RD,PVT MORIOT EST,Daylight,Fixed Object,2,,Tue     ,0,0,0,0,0,1,1,0,0,0,0,0,0,0,0,0,0,0,0,0,0,0,0,0,0,38.17727,-90.45124,0,07/30/2019,19:28:00,"VEHICLE #1 WAS TRAVELING EASTBOUND ON MEYER ROAD, EAST OF MORIOT ESTATE, TRAVELED OFF THE ROAD TO THE RIGHT AND STRUCK A MAILBOX.  VEHICLE #1 BEGAN SKIDDING, CROSSED A DITCH AND STRUCK A SECOND MAILBOX BEFORE OVERTURNING."
1316339,3190021603,Missouri State Highway Patrol-Troop C,1564444800000,190440714,1,0,0,1,Personal Injury,ST. LOUIS,VINITA PARK,C,1,1,0,21,0,A ,W ,RT D,CST CRYSTAL COURT,Dark-Lighted,Fixed Object,2,,Tue     ,0,0,0,0,1,0,0,0,0,0,0,0,0,0,0,1,0,0,0,0,0,0,0,0,0,38.6856,-90.34305,0,07/30/2019,20:30:00,"VEHICLE 1 WAS TRAVELING WESTBOUND ON MO ROUTE D. VEHICLE 1 TRAVELED OFF THE RIGHT SIDE OF THE ROADWAY AND BECAME AIRBORNE, STRUCK A STOP SIGN AND OVERTURNED. ASSISTED BY MSGT M. E. BRONIEC (598), TPR B. A. COLLINS (197) AND TPR E. R. BESSERUD (529)"
810883,3190020690,Missouri State Highway Patrol-Troop A,1564444800000,190440812,2,0,0,2,Personal Injury,RAY,NON-CITY OR UNINCORPORATED,A,1,1,0,1103,0.21,A ,N,RT N,CRD WOODS RD,Dark-Lighted,Fixed Object,2,,Tue     ,0,0,0,0,1,1,1,0,0,0,0,0,0,0,0,1,0,0,0,0,0,0,0,0,0,39.26824,-94.11257,0,07/30/2019,21:54:00,CRASH OCCURRED AS VEHICLE 1 FAILED TO NEGOTIATE A CURVE.  VEHICLE 1 TRAVELED OFF RIGHT SIDE OF THE ROADWAY AND STRUCK A DITCH.  ASSISTED BY CPL D J KLINE /765/ AND RAY COUNTY DEPUTIES.
1043497,3190021924,Missouri State Highway Patrol-Troop I,1564444800000,190440845,1,1,1,0,Fatal,LACLEDE,NON-CITY OR UNINCORPORATED,I,2,1,0,1256,0.24,A ,W ,RT MM,CST PENNINGTON DRIVE,Dark-Lighted,Pedalcycle,1,,Tue     ,1,0,0,0,0,1,1,0,0,0,0,0,0,0,0,0,0,0,0,0,0,0,0,0,0,37.69858,-92.62529,1,07/30/2019,22:10:00,"FATAL CRASH - NEXT OF KIN NOTIFIED.  OCCURRED AS VEH 1 WAS WESTBOUND AND APPROACHED A BICYCLE IN THE WESTBOUND DRIVING LANE. THE DRIVER OF VEH 1 WAS UNABLE TO SEE THE BICYCLE DUE TO THE NIGHT TIME CONDITIONS.  VEH 1 STRUCK THE BICYCLE, EJECTING THE RIDER OF THE BICYCLE.  MILLER WAS PRONOUNCED AT THE SCENE AT 2250 HOURS BY THE LACLEDE COUNTY CORONER STEVE MURRELL. THIS IS TROOP I'S 6TH FATALITY FOR JULY AND 21ST OF 2019.  ASSISTED BY TPR G.S. SLOAN (1403)"
1161732,3190020185,Missouri State Highway Patrol-Troop F,1564444800000,190440920,1,0,1,0,Personal Injury,BOONE,COLUMBIA,F,2,1,0,528,0.1,A ,W ,SOR 70,CRD SUNNY VALE DR,Other,Pedalcycle,1,,Tue     ,0,0,0,0,0,0,0,0,0,0,0,0,0,0,0,0,0,0,0,0,0,0,0,0,0,38.95992,-92.22835,0,07/30/2019,23:31:00,"CRASH OCCURRED AS VEHICLE 1 BEGAN SKIDDING WHILE ATTEMPTING TO AVOID A BICYCLIST TRAVELING ON THE ROADWAY.  VEHICLE 1 STRUCK THE BICYCLIST, CONTINUED TO SKID OFF THE ROADWAY, STRUCK A GUARDRAIL AND RETURNED TO THE ROADWAY.  ASSISTED BY TPR. B. L. HARRIS (700)."
1307451,3190020520,Missouri State Highway Patrol-Troop C,1564531200000,190441027,1,0,1,0,Personal Injury,JEFFERSON,NON-CITY OR UNINCORPORATED,C,1,1,0,1061,0.2,B ,N,US 67,RP 282878,Dark-Unlighted,Fixed Object,2,,Wed     ,0,0,0,0,0,0,0,1,0,0,0,0,0,0,0,1,0,0,0,0,0,0,0,0,1,38.03609,-90.4921,0,07/31/2019,03:00:00,"VEHICLE #1 WAS TRAVELING NORTHBOUND ON US 67 IN LANE 2. VEHICLE #1 TRAVELED OFF RIGHT SIDE OF THE ROADWAY AND STRUCK TWO REFLECTOR POSTS.  VEHICLE #1'S TOWED UNIT STRUCK A TRAFFIC SIGN.  VEHICLE #1 TRAVELED OFF THE LEFT SIDE OF THE ROADWAY, STRUCK THE MEDIAN, AND OVERTURNED ONTO ITS LEFT SIDE.  ASSISTED BY SGT. T.S. CROFT #183, CPL. C.D. GULLETT #333, AND TPR. T.H. ELLISTON #763"
1307446,3190021578,Missouri State Highway Patrol-Troop C,1564531200000,190441043,2,0,2,0,Personal Injury,JEFFERSON,NON-CITY OR UNINCORPORATED,C,1,1,0,116,0.02,A ,S ,RT W,BRIDGE L0411,Dark-Unlighted,Fixed Object,2,,Wed     ,0,0,0,0,0,1,1,0,0,0,0,0,0,0,0,1,0,0,0,0,0,0,0,0,0,38.45186,-90.6163,0,07/31/2019,05:09:00,"DRIVER 1 FELL ASLEEP AND VEHICLE 1 TRAVELED OFF THE LEFT SIDE OF THE ROADWAY.  VEHICLE 1 STRUCK A TRAFFIC SIGN, AND OVERTURNED INTO A CULVERT."
1209845,3190019893,Missouri State Highway Patrol-Troop F,1564531200000,190441201,1,0,1,0,Personal Injury,COLE,NON-CITY OR UNINCORPORATED,F,2,2,0,379,0.07,B ,E ,RT C,RT CC,Daylight,Motor Vehicle in Transport,1,61,Wed     ,0,0,0,0,1,0,0,0,0,1,0,0,0,0,0,1,0,0,0,0,0,0,0,0,0,38.54645,-92.2284,0,07/31/2019,07:20:00,OCCURRED AS VEHICLE 2 SLOWED FOR A TRAFFIC LIGHT AND VEHICLE 1 STRUCK VEHICLE 2 IN THE REAR.
1213228,3190020041,Missouri State Highway Patrol-Troop C,1564531200000,190441225,2,0,1,1,Personal Injury,WARREN,WRIGHT CITY,C,3,3,0,0,0,AT,E ,NOR 70,CRD N STRACKS CHURCH RD,Daylight,Motor Vehicle in Transport,1,64,Wed     ,0,0,0,0,0,0,0,1,1,0,0,1,0,0,0,1,0,0,0,0,1,0,0,1,0,38.82419,-91.07406,0,07/31/2019,07:51:00,"VEHICLE #1 WAS TRAVELING EASTBOUND ON THE NORTH OUTER ROAD AND FAILED TO YIELD TO VEHICLE #2 THAT WAS CROSSING THE NORTH OUTER ROAD FROM NORTH STRACKS CHURCH ROAD.  VEHICLE #2 STRUCK THE REAR OF VEHICLE #1 CAUSING IT TO ROTATE COUNTERCLOCKWISE AND CROSS THE CENTER OF THE NORTH OUTER ROAD.  VEHICLE #3 WAS STOPPED AT THE STOP SIGN ON THE WESTBOUND LANE OF THE NORTH OUTER ROAD.  VEHICLE #1 STRUCK VEHICLE #3, CAUSING VEHICLE #3 TO TRAVEL OFF THE ROADWAY INTO THE GUARDRAIL  VEHICLE #1 THEN TRAVELED OFF THE ROADWAY AND STRUCK THE GUARDRAIL."
1270296,3190021794,Missouri State Highway Patrol-Troop C,1564531200000,190441308,2,0,1,1,Personal Injury,ST. LOUIS CITY,ST LOUIS,C,2,2,0,68,0.01,B ,S ,CST KINGSHIGHWAY BLVD,CST MC REE AVE,Daylight,Motor Vehicle in Transport,1,60,Wed     ,0,0,0,0,0,0,1,1,0,1,0,0,0,0,0,1,0,0,0,0,0,0,0,0,0,38.62072,-90.26601,0,07/31/2019,08:30:00,"INJURY PATROL VEHICLE ACCIDENT.  VEHICLE 1 WAS STOPPED SOUTHBOUND ON KINGSHIGHWAY BLVD AT THE INTERSECTION IN THE LEFT TURN LANE.  VEHICLE 2 WAS NORTHBOUND ON KINGSHIGHWAY BLVD IN LANE 1.  A UNIDENTIFIED VEHICLE TRAVELING SOUTHBOUND IN LANE 2 MADE AN IMPROPER LEFT TURN INTO THE PATH OF VEHICLE 2.  DRIVER 2 SWERVED TO THE LEFT, CAUSING THE FRONT OF VEHICLE TO STRIKE THE FRONT OF VEHICLE 1.  P18183  - PLATES/DB9N9W - MILEAGE/13238 - ESTIMATE TO VEHICLE 1 - $8500 (DAMAGE TO FRONT END)"
1332780,3190020405,Missouri State Highway Patrol-Troop G,1564531200000,190441525,2,0,1,1,Personal Injury,CARTER,NON-CITY OR UNINCORPORATED,G,1,1,0,2640,0.5,A ,E ,CRD 356,CRD 368,Daylight,Fixed Object,2,,Wed     ,0,0,0,0,1,0,0,0,0,0,0,0,0,0,0,1,0,0,0,0,0,0,0,0,0,36.91495,-90.68474,0,07/31/2019,09:45:00,OCCURRED AS VEHICLE #1 LOST CONTROL AND OVERTURNED. ASSISTED BY  CPL. M.L . FREEMAN (1151) AND CARTER COUNTY DEPUTIES
1144647,3190020877,Missouri State Highway Patrol-Troop E,1564531200000,190441551,1,0,1,0,Personal Injury,NEW MADRID,NON-CITY OR UNINCORPORATED,E,1,1,0,26,0,A ,W ,RT A,CRD 629,Daylight,Overturn,2,,Wed     ,0,0,0,0,0,0,0,1,1,0,0,1,0,0,0,1,0,0,0,0,0,0,0,0,1,36.71623,-89.69342,0,07/31/2019,10:15:00,CRASH OCCURRED AS VEHICLE 1 TRAVELED OFF THE RIGHT SIDE OF ROADWAY AND OVERTURNED
967065,3190020105,Missouri State Highway Patrol-Troop D,1564531200000,190441575,1,0,1,0,Personal Injury,BARRY,NON-CITY OR UNINCORPORATED,D,1,1,0,179,0.03,A ,N,CRD 1005,CRD 2025,Daylight,Pedestrian,2,,Wed     ,0,0,0,0,0,0,0,0,0,0,0,0,0,0,0,0,0,0,1,0,1,0,0,0,1,36.89592,-94.05529,0,07/31/2019,10:21:00,"CRASH OCCURRED AS OPERATOR VEHICLE #1 GOT OUT OF VEHICLE TO OPEN A GATE, EQUIPMENT FAILURE CAUSED VEHICLE #1 TO ROLL-OVER PEDESTRIAN #1"
1140870,3190020223,Missouri State Highway Patrol-Troop E,1564531200000,190441728,3,0,3,0,Personal Injury,BUTLER,NON-CITY OR UNINCORPORATED,E,2,2,0,2640,0.5,B ,N,MO 51,CRD 644,Daylight,Motor Vehicle in Transport,1,64,Wed     ,0,0,0,0,0,0,0,0,0,0,0,0,0,0,0,1,0,0,0,0,1,0,0,1,0,36.69713,-90.24594,0,07/31/2019,11:40:00,TRAFFIC CRASH OCCURRED AS VEHICLE 1 TURNED INTO THE PATH OF VEHICLE 2.
1170018,3190020288,Missouri State Highway Patrol-Troop F,1564531200000,190441750,2,0,2,0,Personal Injury,MORGAN,NON-CITY OR UNINCORPORATED,F,1,1,0,2354,0.45,A ,S ,MO 5,PVT CHIGER LN,Daylight,Overturn,2,,Wed     ,0,0,0,0,0,0,0,0,0,0,0,0,0,0,0,0,0,0,0,0,1,0,0,1,0,38.31892,-92.82956,0,07/31/2019,11:53:00,"CRASH OCCURRED AS VEHICLE 1 TRAVELED OFF THE LEFT SIDE OF THE ROADWAY, STRUCK AN EMBANKMENT AND OVERTURNED. ASSISTED BY MORGAN COUNTY SHERIFF'S OFFICE"
1305208,3190020042,Missouri State Highway Patrol-Troop C,1564531200000,190441913,1,0,1,0,Personal Injury,WARREN,NON-CITY OR UNINCORPORATED,C,2,2,0,2006,0.38,A ,W ,RT M,CRD S STRACKS CHURCH RD,Daylight,Animal,1,,Wed     ,0,0,0,0,0,0,0,1,0,0,1,0,0,0,0,0,0,0,0,0,1,0,0,1,0,38.80681,-91.0815,0,07/31/2019,13:15:00,VEHICLE 1 WAS TRAVELING WEST ON ROUTE M. VEHICLE 1 STRUCK A DEER. THE DEER WENT AIRBORNE AND STRUCK VEHICLE 2.
982669,3190020343,Missouri State Highway Patrol-Troop D,1564531200000,190441987,1,0,1,0,Personal Injury,TANEY,NON-CITY OR UNINCORPORATED,D,1,1,0,3168,0.6,B ,E ,US 160,CRD WAGNER BOTTOM RD,Daylight,Fixed Object,2,,Wed     ,0,0,0,0,0,1,1,0,0,0,0,0,0,0,0,0,0,0,0,0,0,0,0,0,0,36.68112,-93.03921,0,07/31/2019,13:48:00,"CRASH OCCURRED AS VEH 1 RAN OFF THE RIGHT SIDE OF THE ROADWAY AND STARTED TO SLIDE.  VEH 1 RETURNED TO ROADWAY, CROSSED CENTER, RAN OFF THE LEFT SIDE OF THE ROADWAY AND STRUCK A SIGN AND TREE."
967067,3190020111,Missouri State Highway Patrol-Troop D,1564531200000,190442056,1,0,1,0,Personal Injury,BARRY,NON-CITY OR UNINCORPORATED,D,1,1,0,353,0.07,B ,W ,RT TT,CRD 1240,Daylight,Fixed Object,2,,Wed     ,0,0,0,0,0,0,0,1,0,0,0,0,0,0,0,1,0,0,0,0,1,0,0,1,0,36.88402,-93.62867,0,07/31/2019,14:12:00,"#1 FAILED TO MAINTAIN A SINGLE LANE OF TRAVEL, RAN OFF THE RIGHT SIDE OF THE ROADWAY AND STRUCK A TELEPHONE POLE."
942800,3190020684,Missouri State Highway Patrol-Troop D,1564531200000,190442151,1,1,0,1,Fatal,DALLAS,NON-CITY OR UNINCORPORATED,D,2,2,0,0,0,AT,N,US 65,CRD NEILL ROAD,Daylight,Motor Vehicle in Transport,1,64,Wed     ,0,0,0,0,0,1,1,,,0,0,0,1,0,0,1,0,0,0,0,1,0,1,1,0,37.61162,-93.11474,1,07/31/2019,14:59:00,"FATALITY REPORT-NEXT OF KIN NOTIFIED-THIS IS TROOP D'S 63RD FATALITY FOR 2019-PRONOUNCED AT THE SCENE BY DALLAS COUNTY CORONER BOB WHETSTEN AT 1600 HOURS.  EASTBOUND VEHICLE #1 ATTEMPTED TO CROSS THE NORTHBOUND LANE OF THE HIGHWAY AND PULLED INTO THE PATH OF VEHICLE #2.  VEHICLE #2 STRUCK THE FRONT RIGHT CORNER OF VEHICLE #1, CAUSING VEHICLE #1 TO SPIN, EJECTING BOTH OCCUPANTS.  VEHICLE #2 THEN SKIDDED OFF THE ROADWAY AND STRUCK A SIGN.  AS REQUIRED BY LAW, THE SURVIVING DRIVER WAS TESTED FOR ALCOHOL."
1123228,3190020246,Missouri State Highway Patrol-Troop E,1564531200000,190442231,1,0,0,1,Personal Injury,MADISON,NON-CITY OR UNINCORPORATED,E,1,1,0,966,0.18,B ,E ,RT E,RT KK,Daylight,Fixed Object,2,,Wed     ,0,0,0,0,0,0,0,1,0,0,0,0,0,0,0,0,0,0,0,0,0,0,0,0,0,37.52494,-90.3601,0,07/31/2019,15:40:00,STATE PROPERTY DAMAGE- CRASH OCCURRED AS VEHICLE ONE TRAVELED OFF THE LEFT SIDE OF THE ROADWAY AND  STRUCK A TRAFFIC SIGN AS WELL AS A PRIVATE DRIVE.
1500976,3190019870,Missouri State Highway Patrol-Troop H,1564531200000,190442353,1,0,1,0,Personal Injury,ANDREW,NON-CITY OR UNINCORPORATED,H,1,1,0,301,0.06,B ,S ,IS 29,ERM SOUTH IS 29 MILE 518,Daylight,Fixed Object,2,,Wed     ,0,0,0,0,0,1,1,0,0,0,0,0,0,0,0,1,0,0,0,0,0,0,0,0,0,39.83245,-94.80545,0,07/31/2019,16:45:00,"CRASH OCCURRED AS VEH 1 WAS SOUTHBOUND ON I-29 IN THE PASSING LANE. VEH 1 ATTEMPTED TO MERGE INTO THE DRIVING LANE AND SWERVED TO AVOID STRIKING ANOTHER VEH. VEH 1  OVERCORRECTED, BEGAN TO SKID AND TRAVELED OFF THE WEST SIDE OF THE ROADWAY. VEH 1'S FRONT PASSENGER  SIDE STRUCK AN EMBANKMENT CAUSING IT TO OVERTURN. VEH 1 CAME TO REST ON ITS TOP FACING NORTH. ASSISTED BY TPR. K.F. JEFFERS (669), TPR. J.H. HIRNER (819), ANDREW COUNTY SHERIFF'S OFFICE, AND ANDREW COUNTY EMS."
1017230,3190019992,Missouri State Highway Patrol-Troop D,1564531200000,190442380,1,0,0,1,Personal Injury,NEWTON,NON-CITY OR UNINCORPORATED,D,3,3,0,2133,0.4,B ,E ,US 60,CRD IVY DR,Daylight,Parked Motor Vehicle,2,64,Wed     ,0,0,0,0,0,0,0,1,1,0,0,0,0,0,0,1,0,0,0,0,0,0,0,0,1,36.91875,-94.12967,0,07/31/2019,16:57:00,"IN AN ATTEMPT TO AVOID VEHICLE 1, WHICH WAS SLOWING TO MAKE A LEFT TURN, VEHICLE 2 SWERVED TO THE RIGHT STRIKING VEHICLE 3 WHICH WAS PARKED ON THE SHOULDER OF THE ROADWAY. VEHICLE 2 THEN STRUCK VEHICLE 1."
880163,3190020345,Missouri State Highway Patrol-Troop A,1564531200000,190442498,1,0,1,0,Personal Injury,JACKSON,NON-CITY OR UNINCORPORATED,A,1,1,0,2085,0.39,B ,S ,RT F,CRD FAULKENBERRY RD,Daylight,Fixed Object,2,,Wed     ,0,0,0,0,1,1,1,0,0,0,0,0,0,0,0,1,0,0,0,0,0,0,0,0,0,38.89757,-94.13437,0,07/31/2019,16:00:00,CRASH OCCURRED AS DVR1 LOST CONTROL OF VEH1 ON WET PAVEMENT.  VEH1 TRAVELED OFF THE ROADWAY AND STRUCK AN EMBANKMENT.  ASSISTED BY MSGT D L SCHWALM /924/
1336751,3190019999,Missouri State Highway Patrol-Troop G,1564531200000,190442618,1,0,1,0,Personal Injury,DOUGLAS,NON-CITY OR UNINCORPORATED,G,1,1,0,1768,0.33,B ,E ,MO 14,CRD 14-331,Daylight,Fixed Object,2,,Wed     ,0,0,0,0,0,0,0,1,0,0,0,0,0,0,0,0,0,0,0,0,0,1,0,0,0,36.88629,-92.48087,0,07/31/2019,19:10:00,"ACCIDENT OCCURRED AS VEHICLE #1 WAS NORTHBOUND ON MO14, TRAVELED OFF THE RIGHT SIDE OF ROADWAY, STRUCK A DITCH AND OVERTURNED 3 TIMES, EJECTING THE DRIVER."
1183947,3190020641,Missouri State Highway Patrol-Troop F,1564531200000,190442772,3,0,3,0,Personal Injury,AUDRAIN,NON-CITY OR UNINCORPORATED,F,2,2,0,1943,0.37,A ,N,RT E,CRD 308,Daylight,Motor Vehicle in Transport,1,62,Wed     ,0,0,0,0,0,0,0,1,0,0,0,0,0,0,0,1,0,0,0,0,0,0,0,0,1,39.19937,-92.01059,0,07/31/2019,20:02:00,"VEHICLE 1 CROSSED THE CENTER LINE, STRIKING VEHICLE 2. ASSISTED BY TPR. C. W. REICHERT (605)"
967061,3190020121,Missouri State Highway Patrol-Troop D,1564531200000,190442801,1,0,1,0,Personal Injury,BARRY,NON-CITY OR UNINCORPORATED,D,1,1,0,1056,0.2,B ,E ,US 60,CRD 1020,Dark-Unlighted,Animal,1,,Wed     ,0,0,0,0,0,0,0,0,0,0,0,0,0,0,0,0,0,0,0,0,0,0,0,0,0,36.91669,-94.03077,0,07/31/2019,20:50:00,CRASH OCCURRED AS A DOG STEPPED INTO THE PATH OF VEH 1 AND VEH 1 STRUCK THE DOG.
1140869,3190020063,Missouri State Highway Patrol-Troop E,1564531200000,190442940,1,0,1,0,Personal Injury,BUTLER,NON-CITY OR UNINCORPORATED,E,1,1,0,42,0.01,B ,E ,CRD 456,CRD 462,Dark-Unlighted,Fixed Object,2,,Wed     ,1,0,0,0,0,0,0,0,0,0,0,0,0,0,0,0,0,0,0,0,0,0,0,0,0,36.75218,-90.58889,0,07/31/2019,23:30:00,CRASH OCCURRED AS VEHICLE 1 RAN OFF ROADWAY AND STRUCK AN EMBANKMENT.
792866,3190020005,Missouri State Highway Patrol-Troop A,1564617600000,190442972,1,0,1,0,Personal Injury,CASS,NON-CITY OR UNINCORPORATED,A,1,1,0,1737,0.33,B ,N,MO 7,CRD 203RD ST,Dark-Unlighted,Fixed Object,2,,Wed     ,0,0,0,0,0,1,1,0,0,0,0,0,0,0,0,1,0,0,0,0,0,0,0,0,0,38.74303,-94.27876,0,07/31/2019,23:45:00,CRASH OCCURRED AS VEHICLE 1 TRAVELED OFF THE RIGHT SIDE OF THE ROADWAY AND STRUCK A GUARDRAIL END AND CONCRETE CULVERT. ASSISTED BY TPR R O GREEN /901/.
1016617,3190021007,Missouri State Highway Patrol-Troop D,1564617600000,190443004,1,0,1,0,Personal Injury,NEWTON,REDINGS MILL,D,1,1,0,300,0.06,B ,S ,CST CASTLE DRIVE,CST MARK TWAIN DR,Dark-Unlighted,Fixed Object,2,,Thu     ,0,0,0,0,1,1,1,0,0,0,0,0,0,0,0,1,0,0,0,0,0,0,0,0,0,37.02,-94.51937,0,08/01/2019,00:50:00,DVR 1 FAILED TO NEGOTIATE A CURVE.   NBR 1 RAN OFF THE ROADWAY AND STRUCK A TREE.
1233819,3190020941,Missouri State Highway Patrol-Troop C,1564617600000,190443064,1,0,1,0,Personal Injury,ST. LOUIS,NON-CITY OR UNINCORPORATED,C,2,2,0,432,0.08,B ,N,IS 55,ERM NORTH IS 55 MILE 2000,Dark-Unlighted,Motor Vehicle in Transport,1,61,Thu     ,0,0,0,0,0,0,1,1,0,0,0,0,0,0,0,1,0,0,0,0,1,0,0,1,0,38.53852,-90.3059,0,08/01/2019,05:35:00,"VEHICLES 1 AND 2 WERE NORTHBOUND ON I-55. DUE TO TRAFFIC CONGESTION AHEAD, DRIVER 2 APPLIED THE BRAKES AND SWERVED TO THE RIGHT TO AVOID STRIKING A VEHICLE AHEAD CAUSING VEHICLE 2 TO STRIKE THE REAR OF VEHICLE 1."
1111562,3190020559,Missouri State Highway Patrol-Troop E,1564617600000,190443077,1,0,1,0,Personal Injury,DUNKLIN,NON-CITY OR UNINCORPORATED,E,1,1,0,757,0.14,A ,N,MO 53,CRD 322,Daylight,Fixed Object,2,,Thu     ,0,0,0,0,0,1,1,0,0,0,0,0,0,0,0,1,0,0,0,0,0,0,0,0,0,36.44275,-90.02859,0,08/01/2019,05:45:00,"CRASH OCCURRED AS VEHICLE 1 RAN OFF THE RIGHT SIDE OF THE ROADWAY, STRUCK A DRIVEWAY AND OVERTURNED"
835331,3190020562,Missouri State Highway Patrol-Troop A,1564617600000,190443093,1,0,1,0,Personal Injury,CARROLL,NON-CITY OR UNINCORPORATED,A,1,1,0,696,0.13,A ,S ,MO 139,CRD 190,Daylight,Animal,1,,Thu     ,0,0,0,0,1,1,1,0,0,0,0,0,0,0,0,1,0,0,0,0,0,0,0,0,0,39.48401,-93.32841,0,08/01/2019,06:07:00,VEHICLE #1 WAS SOUTHBOUND ON HIGHWAY 139 WHEN A GROUP OF DEER ENTERED THE ROADWAY. VEHICLE #1 BEGAN SLIDING AND STRUCK A DEER. ASSISTED BY CARROLL COUNTY.
1510218,3190020370,Missouri State Highway Patrol-Troop H,1564617600000,190443675,1,0,1,0,Personal Injury,GRUNDY,NON-CITY OR UNINCORPORATED,H,1,1,0,0,0,AT,W ,MO 6,MO 139,Daylight,Fixed Object,2,,Thu     ,0,0,0,0,1,1,1,0,0,0,0,0,0,0,0,1,0,0,0,0,0,0,0,0,0,40.12849,-93.36749,0,08/01/2019,11:10:00,CRASH OCCURRED AS VEH 1 WAS TRAVELING EAST ON MO 6 AND TURNED NORTHBOUND ON MO 139. DVR 1 LOST CONTROL AND VEH 1 TRAVELED OFF THE EAST SIDE OF MO 139. DVR 1 OVERCORRECTED AND VEH 1TRAVELED OFF THE WEST SIDE OF MO 139. VEH1 STRUCK A UTILITY POLE AND CAME TO REST UPRIGHT FACING NORTH. ASSISTED BY GRUNDY COUNTY.
1325092,3190020053,Missouri State Highway Patrol-Troop G,1564617600000,190443678,1,0,1,0,Personal Injury,HOWELL,NON-CITY OR UNINCORPORATED,G,1,1,0,2200,0.42,A ,S ,RT BB,CRD 1580,Daylight,Fixed Object,2,,Thu     ,0,0,0,0,0,0,0,0,0,0,0,0,0,0,0,1,0,0,0,0,0,0,0,0,0,36.79688,-91.84571,0,08/01/2019,11:12:00,"VEHICLE #1 RAN OFF THE RIGHT SIDE OF THE ROADWAY, STRUCK AN EMBANKMENT, WENT AIRBORNE, LANDED ON IT'S WHEELS."
1291104,3190020864,Missouri State Highway Patrol-Troop C,1564617600000,190443760,1,0,0,1,Personal Injury,ST. CHARLES,NON-CITY OR UNINCORPORATED,C,1,1,0,137,0.03,A ,E ,MO 94,RT H WJ,Daylight,Fixed Object,2,,Thu     ,0,0,0,0,1,0,0,1,1,0,0,0,0,0,0,1,0,0,0,0,0,0,0,0,0,38.85257,-90.44735,0,08/01/2019,11:55:00,"DRIVER 1 FAILED TO NEGOTIATE A CURVE.  VEHICLE 1 TRAVELED OFF OF THE ROAD, OVERTURNED, AND CAME TO REST OFF THE ROADWAY. ASSISTED BY FTO CPL. A. D. SMITH (1357)"
810484,3190020469,Missouri State Highway Patrol-Troop A,1564617600000,190444330,1,0,1,0,Personal Injury,RAY,ORRICK,A,2,2,0,5,0,B ,W ,MO 210,RT Z,Daylight,Motor Vehicle in Transport,1,61,Thu     ,1,0,0,0,0,0,0,1,1,0,0,0,0,0,0,0,0,0,0,0,0,0,0,0,0,39.22132,-94.1276,0,08/01/2019,15:45:00,CRASH OCCURRED AS VEHICLE 2 ATTEMPTED TO MAKE A LEFT TURN ONTO RT Z. VEHICLE 1 FAILED TO YIELD TO VEHICLE 2 AND STRUCK THE REAR OF VEHICLE 2. ASSISTED BY CPL C O TUBBS /1122/ AND THE RAY COUNTY SHERIFF'S DEPARTMENT.
1150277,3190020833,Missouri State Highway Patrol-Troop E,1564617600000,190444415,1,0,1,0,Personal Injury,PEMISCOT,HAYTI HEIGHTS,E,2,2,0,36,0.01,B ,W ,US 412,CST MALLORY ST,Daylight,Motor Vehicle in Transport,1,61,Thu     ,0,0,0,0,0,0,0,0,0,0,0,0,0,0,0,1,0,0,0,0,1,0,0,1,1,36.22648,-89.76379,0,08/01/2019,16:35:00,CRASH OCCURRED AS VEHICLE ONE STRUCK VEHICLE TWO IN THE REAR AS VEHICLE TWO WAS MAKING A RIGHT TURN.
853545,3190021248,Missouri State Highway Patrol-Troop A,1564617600000,190444500,2,0,2,0,Personal Injury,PETTIS,NON-CITY OR UNINCORPORATED,A,2,2,0,992,0.19,A ,E ,CRD WHITFIELD RD,CRD GOTTSCHALK RD,Daylight,Motor Vehicle in Transport,1,61,Thu     ,0,0,0,0,0,0,0,1,0,0,0,0,0,1,0,0,0,0,0,0,0,0,0,0,0,38.74635,-93.31899,0,08/01/2019,17:08:00,OCCURRED AS VEHICLE 2 WAS STOPPED FOR ROAD CONSTRUCTION. VEHICLE 1 STRUCK THE REAR OF VEHICLE 2.
982673,3190019993,Missouri State Highway Patrol-Troop D,1564617600000,190444607,2,0,2,0,Personal Injury,TANEY,NON-CITY OR UNINCORPORATED,D,2,2,0,105,0.02,B ,E ,MO 76,CRD SWEET GUM,Daylight,Motor Vehicle in Transport,1,61,Thu     ,0,0,0,0,0,1,1,0,0,0,0,0,0,0,0,1,0,0,0,0,0,1,0,0,0,36.63153,-93.11927,0,08/01/2019,18:02:00,CRASH OCCURRED AS VEHICLE #1 REAR ENDED VEHICLE #2 AND BOTH VEHICLES OVERTURNED.