objectid,accident,agency,inv_date,complaint,injured,killed,min_inj,dis_inj,severity,county,city,troop,no_vehicle,motor_veh,left_scene,dist_feet,dist_mile,inter_loc,direction,on_street,at_street,light_cond,acc_type,on_off_rd,two_veh,day_week,dr_drink,dr_drug,ped_drink,ped_drug,speed,dr_under21,dr_under25,dr_over55,dr_over64,electrical,emer_veh,stop_sign,yield_sign,czone,hazmat,aggressive,cell_phone,texting,veh_defect,school_bus,truck,motorcycle,atv,pickup,cmv,gps_lat,gps_long,severity_fatal,acc_date,acc_time,narrative
1325094,3190020399,Missouri State Highway Patrol-Troop G,1564617600000,190444609,3,0,2,1,Personal Injury,HOWELL,NON-CITY OR UNINCORPORATED,G,2,2,0,0,0,AT,N,MO 17,CRD 9100,Daylight,Motor Vehicle in Transport,1,64,Thu     ,0,0,0,0,0,0,0,1,0,0,0,1,0,0,0,1,0,0,0,0,1,0,0,1,1,36.63309,-91.86234,0,08/01/2019,18:50:00,ACCIDENT OCCURRED AS VEHICLE #1 PULLED OUT IN FRONT OF VEHICLE #2.
1229590,3190020337,Missouri State Highway Patrol-Troop C,1564617600000,190444652,1,0,1,0,Personal Injury,LINCOLN,NON-CITY OR UNINCORPORATED,C,1,1,0,364,0.07,A ,E ,RT WW,PVT SUGAR WOOD DR,Daylight,Overturn,2,,Thu     ,0,0,0,0,0,0,0,0,0,0,0,0,0,0,0,1,0,0,0,0,0,0,0,0,0,38.8718,-90.99086,0,08/01/2019,18:25:00,VEHICLE 1 TRAVELED OFF THE RIGHT SIDE OF THE ROADWAY AND OVERTURNED.
1206476,3190020542,Missouri State Highway Patrol-Troop F,1564617600000,190444701,1,0,1,0,Personal Injury,MILLER,NON-CITY OR UNINCORPORATED,F,2,2,0,712,0.13,B ,S ,CRD ARMSTEAD,CRD COLUMBUS ROAD,Daylight,Fixed Object,2,,Thu     ,1,0,0,0,0,0,0,0,0,0,0,0,0,0,0,0,0,0,0,0,1,0,0,1,0,38.14254,-92.58177,0,08/01/2019,18:57:00,"DRIVER 1 FAILED TO NEGOTIATE A CORNER AND VEHICLE 1 TRAVELED OFF THE LEFT SIDE OF THE ROADWAY, STRUCK A RAISED MANHOLE COVER AND STRUCK PARKED VEHICLE 2.  ASSISTED BY SGT M J CODY (271), CPL B J BLANKENBEKER (895),  AND TPR M R PARKER (816)."
1288869,3190020568,Missouri State Highway Patrol-Troop C,1564617600000,190445008,1,0,0,1,Personal Injury,PIKE,EOLIA,C,1,1,0,2112,0.4,B ,S ,US 61,RP 6837,Dark-Unlighted,Overturn,2,,Unk     ,0,0,0,0,1,0,0,0,0,0,0,0,0,0,0,1,0,0,0,0,0,1,0,0,0,39.24078,-91.01851,0,08/01/2019,00:00:00,VEHICLE 1 TRAVELED OFF THE RIGHT SIDE OF THE ROADWAY AND OVERTURNED IN THE MEDIAN.
1325096,3190020247,Missouri State Highway Patrol-Troop G,1564704000000,190445247,1,0,0,1,Personal Injury,HOWELL,NON-CITY OR UNINCORPORATED,G,1,1,0,401,0.08,B ,E ,US 160,CRD 7690,Daylight,Other Non Collision,1,,Fri     ,0,0,0,0,0,0,0,0,0,0,0,0,0,0,0,0,0,0,0,0,0,1,0,0,0,36.61449,-92.08678,0,08/02/2019,06:00:00,VEHICLE 1 STRUCK A DEER IN THE ROADWAY.
1265166,3190021055,Missouri State Highway Patrol-Troop C,1564704000000,190445396,1,0,1,0,Personal Injury,ST. CHARLES,O'FALLON,C,5,5,Y,300,0.06,A ,E ,IS 70,RT K,Daylight,Motor Vehicle in Transport,1,61,Fri     ,,,,,,,,,,0,0,0,0,0,,1,0,0,,0,0,0,0,0,1,38.80239,-90.69914,0,08/02/2019,07:50:00,"VEHICLES 1, 2, AND 3 SLOWED FOR TRAFFIC. DRIVER 4 WAS UNABLE TO STOP AND STRUCK VEHICLE 3. VEHICLE 4 CONTINUED AND STRUCK VEHICLE 2 AND THE REAR OF VEHICLE 1.  VEHICLE 5 STRUCK VEHICLE 4 AND LEFT THE SCENE."
1170019,3190020378,Missouri State Highway Patrol-Troop F,1564704000000,190445511,3,0,3,0,Personal Injury,MORGAN,NON-CITY OR UNINCORPORATED,F,2,2,0,0,0,AT,S ,MO 5,RT J,Daylight,Motor Vehicle in Transport,1,64,Fri     ,0,0,0,0,0,0,1,1,1,0,0,1,0,0,0,1,0,0,0,0,0,0,0,0,0,38.33492,-92.85162,0,08/02/2019,08:46:00,"CRASH OCCURRED AS VEHICLE 1, TRAVELING EASTBOUND, FAILED TO YIELD TO SOUTHBOUND VEHICLE 2. ASSISTED BY C.A. SUMNER (1441)"
912562,3190020431,Missouri State Highway Patrol-Troop D,1564704000000,190445513,1,0,1,0,Personal Injury,POLK,NON-CITY OR UNINCORPORATED,D,1,1,0,554,0.1,A ,E ,RT KK,BRIDGE A7312,Daylight,Fixed Object,2,,Fri     ,0,0,0,0,1,1,1,0,0,0,0,0,0,0,0,1,0,0,0,0,0,0,0,0,0,37.5011,-93.29318,0,08/02/2019,08:42:00,"CRASH OCCURRED AS VEHICLE #1 RAN OFF THE RIGHT SIDE OF THE ROAD, OVERCORRECT, RETURNED TO THE ROAD, SKIDDED ACROSS THE CENTER OF THE ROAD, OVERCORRECT, TRAVELED OFF THE RIGHT SIDE OF THE ROAD, STRUCK THE GROUND, AND OVERTURNED."
782450,3190020974,Missouri State Highway Patrol-Troop A,1564704000000,190445560,1,1,1,0,Fatal,JACKSON,RAYTOWN,A,1,1,0,200,0.04,A ,S ,CST WESTRIDGE RD,CST 76TH TER,Daylight,Fixed Object,2,,Fri     ,0,0,0,0,0,0,0,1,1,0,0,0,0,0,0,0,0,0,0,0,1,0,0,1,0,38.98302,-94.44133,1,08/02/2019,08:45:00,"ACCIDENT OCCURRED AS VEHICLE 1 WAS NORTHBOUND ON WESTRIDGE ROAD AND DRIVER 1 EXPERIENCED A MEDICAL ISSUE. VEHICLE 1 DRIFTED ACROSS THE SOUTHBOUND LANE AND RAN OFF THE ROADWAY. AFTER LEAVING THE ROADWAY, VEHICLE 1 STRUCK A MAILBOX, THEN A KCP&L POLE, AND CAME TO REST AFTER STRIKING A BRICK MAILBOX. ASSISTED BY TPR. E. N. WILSON /1417/"
1055767,3190020499,Missouri State Highway Patrol-Troop I,1564704000000,190445776,3,0,3,0,Personal Injury,CRAWFORD,BOURBON,I,2,2,0,0,0,AT,W ,SOR 44,RT H,Daylight,Motor Vehicle in Transport,1,64,Fri     ,0,0,0,0,0,0,1,1,1,0,0,1,0,0,0,1,0,0,0,0,0,0,0,0,0,38.11813,-91.31327,0,08/02/2019,10:30:00,"VEHICLE 1 FAILED TO YIELD TO VEHICLE 2, CAUSING VEHICLE 2 TO STRIKE VEHICLE 1."
912561,3190020430,Missouri State Highway Patrol-Troop D,1564704000000,190445852,1,0,1,0,Personal Injury,POLK,NON-CITY OR UNINCORPORATED,D,2,2,0,353,0.07,B ,W ,MO 32,CRD 150TH RD,Daylight,Motor Vehicle in Transport,1,61,Fri     ,0,0,0,0,0,1,1,1,0,0,0,0,0,0,0,1,0,0,0,0,1,0,0,1,0,37.607,-93.35743,0,08/02/2019,11:00:00,#1 STRUCK #2 IN THE REAR
1157851,3190020154,Missouri State Highway Patrol-Troop E,1564704000000,190445868,1,0,1,0,Personal Injury,SCOTT,NON-CITY OR UNINCORPORATED,E,1,1,0,300,0.06,B ,W ,CRD 472,CRD 473,Daylight,Fixed Object,2,,Fri     ,0,0,0,0,1,1,1,0,0,0,0,0,0,0,0,1,0,0,0,0,0,0,0,0,0,36.93525,-89.5697,0,08/02/2019,11:00:00,CRASH OCCURRED AS VEHICLE 1 RAN OFF THE ROADWAY AND STRUCK AN EMBANKMENT.
920789,3190021805,Missouri State Highway Patrol-Troop D,1564704000000,190445895,2,0,0,2,Personal Injury,LAWRENCE,NON-CITY OR UNINCORPORATED,D,2,2,0,570,0.11,B ,S ,MO 39,CRD 2240,Daylight,Motor Vehicle in Transport,1,60,Fri     ,0,1,0,0,0,0,0,1,1,0,0,0,0,0,0,1,0,0,0,0,0,0,0,0,0,36.92719,-93.71909,0,08/02/2019,11:22:00,CRASH OCCURRED AS VEHICLE #1 CROSSED CENTER LINE AND STRUCK VEHICLE #2 HEAD ON.
1031437,3190021267,Missouri State Highway Patrol-Troop I,1564704000000,190445898,2,0,2,0,Personal Injury,PULASKI,NON-CITY OR UNINCORPORATED,I,2,2,0,1441,0.27,B ,W ,RT AB,CRD SOUTH BEND ROAD,Daylight,Motor Vehicle in Transport,1,60,Fri     ,0,0,0,0,0,0,0,1,1,0,0,0,0,0,0,0,0,0,0,0,1,0,0,0,1,37.75214,-92.36982,0,08/02/2019,11:25:00,"VEHICLE 1 WAS STOPPED IN A PRIVATE DRIVE, ATTEMPTING TO MAKE A U-TURN ONTO EASTBOUND HWY AB, TRAVELED INTO THE PATH OF VEHICLE 2.  VEHICLE 2 ATTEMPTED TO EVADE COLLISION WITH VEHICLE 1, BUT IMPACTED VEHICLE 1.  VEHICLE 1 CAME TO REST IN THE EASTBOUND LANE OF THE HIGHWAY, WHILE VEHICLE 2 CROSSED THE CENTER OF THE ROAD, OVERTURNING AND ALSO COMING TO REST IN THE EASTBOUND LANE OF THE HIGHWAY."
1150667,3190020371,Missouri State Highway Patrol-Troop E,1564704000000,190445922,1,0,1,0,Personal Injury,PEMISCOT,NON-CITY OR UNINCORPORATED,E,2,2,0,22,0,A ,N,IS 55,ERM NORTH IS 55 MILE 102,Daylight,Motor Vehicle in Transport,1,61,Fri     ,0,0,0,0,0,0,0,1,1,0,0,0,0,0,0,1,0,0,0,0,0,0,0,0,0,36.11296,-89.76762,0,08/02/2019,11:20:00,CRASH OCCURRED AS VEHICLE ONE REAR ENDED VEHICLE TWO
1144643,3190020133,Missouri State Highway Patrol-Troop E,1564704000000,190445998,4,0,3,1,Personal Injury,NEW MADRID,NON-CITY OR UNINCORPORATED,E,2,2,0,0,0,AT,W ,RT EE,CRD 315,Daylight,Motor Vehicle in Transport,1,64,Fri     ,0,0,0,0,0,0,0,1,1,0,0,1,0,0,0,1,0,0,0,0,0,0,0,0,0,36.51936,-89.70121,0,08/02/2019,12:31:00,CRASH OCCURRED AS VEHICLE ONE FAILED TO STOP AT STOP SIGN AND COLLIDED WITH VEHICLE TWO
1332781,3190020853,Missouri State Highway Patrol-Troop G,1564704000000,190446121,1,1,1,0,Fatal,CARTER,NON-CITY OR UNINCORPORATED,G,1,1,0,6,0,B ,S ,RT V,CRD 342,Daylight,Fixed Object,2,,Fri     ,0,0,0,0,1,0,0,1,0,0,0,0,0,0,0,1,0,0,0,0,0,0,0,0,0,36.94469,-90.7459,1,08/02/2019,13:00:00,"FATALITY ACCIDENT-LATE DEATH- OCCURRED AS VEHICLE 1 FAILED TO NEGOTIATE A CURVE, RAN OFF THE ROADWAY AND STRUCK A TREE. SUBJECT PRONOUNCED ON 08/07/2019 AT 2010 HOURS BY DR P. WILKENSON AT BARNES-JEWISH HOSPITAL. NEXT OF KIN NOTIFIED. TROOP G FATALITY  21 FOR 2019 COMPARED TO 23 FOR 2018."
1196534,3190021428,Missouri State Highway Patrol-Troop B,1564704000000,190446128,3,0,3,0,Personal Injury,MACON,NON-CITY OR UNINCORPORATED,B,2,2,0,0,0,AT,N,RT O,RP 904578,Daylight,Motor Vehicle in Transport,1,64,Fri     ,0,0,0,0,0,1,1,0,0,0,0,1,0,0,0,1,0,0,0,0,0,0,0,0,0,39.76117,-92.56431,0,08/02/2019,13:19:00,VEHICLE 1 WAS TRAVELING NORTHBOUND WHEN VEHICLE 2 FAILED TO YIELD WHILE TURNING SOUTHBOUND.  VEHICLE 1 STRUCK VEHICLE 2.  BOTH VEHICLES CAME TO REST PARTIALLY BLOCKING ROADWAY
1508606,3190020482,Missouri State Highway Patrol-Troop H,1564704000000,190446129,1,0,1,0,Personal Injury,HOLT,NON-CITY OR UNINCORPORATED,H,2,2,0,320,0.06,B ,N,IS 29,ERM NORTH IS 29 MILE 760,Daylight,Motor Vehicle in Transport,1,67,Fri     ,0,0,0,0,0,0,0,1,0,0,0,0,0,0,0,1,0,0,0,0,1,0,0,1,0,40.04723,-95.14214,0,08/02/2019,13:15:00,CRASH OCCURRED AS VEH 1 AND VEH 2 WERE TRAVELING IN THE PASSING LANE OF NORTHBOUND I-29. A SPARE TIRE THAT WAS ATTACHED TO THE REAR OF VEH 1'S TOWED UNIT FELL  OFF AND STRUCK VEH 2'S WINDSHIELD. VEH 2 TRAVELED OFF THE WEST SIDE OF THE ROADWAY AND INTO THE MEDIAN. VEH 2 CAME TO REST ON ITS WHEELS FACING NORTH. VEH 1 CONTINUED NORTHBOUND  AND LATER RETURNED TO THE SCENE. ASSISTED BY ATCHISON HOLT EMS.
1178056,3190020507,Missouri State Highway Patrol-Troop B,1564704000000,190446196,2,0,2,0,Personal Injury,MONROE,NON-CITY OR UNINCORPORATED,B,1,1,0,2640,0.5,A ,E ,US 24,RT AA,Daylight,Fixed Object,1,,Fri     ,0,0,0,0,0,0,0,1,1,1,0,0,0,0,0,1,0,0,0,0,1,0,0,1,0,39.4804,-92.16211,0,08/02/2019,13:40:00,VEHICLE 1 FAIL TO YIELD FOR A RAILROAD CROSSING SIGNAL AND STRUCK A RAILROAD CROSSING ARM.
1502944,3190020135,Missouri State Highway Patrol-Troop H,1564704000000,190446226,2,0,0,2,Personal Injury,CALDWELL,NON-CITY OR UNINCORPORATED,H,1,1,0,1135,0.21,B ,W ,US 36,BRIDGE A0014,Daylight,Overturn,2,,Fri     ,0,0,0,0,0,0,0,0,0,0,0,0,0,0,0,0,0,0,0,0,1,0,0,1,0,39.73548,-93.88222,0,08/02/2019,13:45:00,"ACCIDENT OCCURRED AS NR1 WAS WESTBOUND ON US36.  NR1 TRAVELED OFF THE NORTH SIDE OF THE ROADWAY, OVERCORRECTED, TRAVELED OFF THE NORTH SIDE OF THE ROADWAY AGAIN, OVERTURNED, COMING TO REST ON ITS WHEELS OFF THE NORTH SIDE OF US36.  ASSISTED BY TPR. N.A. REGAN (1454) AND CALDWELL COUNTY SHERIFF'S DEPARTMENT."
947701,3190020770,Missouri State Highway Patrol-Troop D,1564704000000,190446607,1,0,0,1,Personal Injury,BARTON,NON-CITY OR UNINCORPORATED,D,1,1,0,2027,0.38,A ,N,CRD NE 30TH LN,CRD NE 1ST RD,Daylight,Fixed Object,2,,Fri     ,0,0,0,0,0,1,1,0,0,0,0,0,0,0,0,0,0,0,0,0,1,0,0,1,0,37.50629,-94.24244,0,08/02/2019,16:14:00,VEHICLE #1 TRAVELED OFF THE ROADWAY AND STRUCK A ROCK EMBANKMENT
1144645,3190020835,Missouri State Highway Patrol-Troop E,1564704000000,190446625,3,0,3,0,Personal Injury,NEW MADRID,NON-CITY OR UNINCORPORATED,E,2,2,0,174,0.03,A ,N,IS 55,ERM NORTH IS 55 MILE 400,Daylight,Motor Vehicle in Transport,1,61,Fri     ,0,0,0,0,0,0,0,1,1,0,0,0,0,0,0,1,0,0,1,0,0,0,0,0,1,36.50697,-89.60923,0,08/02/2019,16:45:00,CRASH OCCURRED AS BOTH VEHICLES WERE TRAVELING NORTHBOUND. VEHICLE TWO STRUCK VEHICLE ONE IN THE REAR DUE TO VEHICLE ONE TRAVELING AT A LOW RATE OF SPEED .
903672,3190020172,Missouri State Highway Patrol-Troop D,1564704000000,190446886,3,0,2,1,Personal Injury,CHRISTIAN,NON-CITY OR UNINCORPORATED,D,3,3,0,0,0,AT,W ,MO 14,CRD DELAWARE TOWN RD,Daylight,Motor Vehicle in Transport,1,60,Fri     ,1,0,0,0,1,1,1,0,0,0,0,0,0,0,0,1,0,0,0,0,1,0,0,1,0,37.04814,-93.38485,0,08/02/2019,18:20:00,VEHICLE 1 CROSSED THE CENTER LINE AND STRUCK VEHICLE 2.  VEHICLE 3 SWERVED TO AVOID AND STRUCK VEHICLE 1.
1185907,3190020183,Missouri State Highway Patrol-Troop F,1564704000000,190446911,1,0,0,1,Personal Injury,BOONE,NON-CITY OR UNINCORPORATED,F,1,1,0,1584,0.3,A ,S ,US 63,CRD WESTBROOK DR,Daylight,Fixed Object,2,,Fri     ,0,0,0,0,0,0,1,0,0,0,0,0,0,0,0,0,1,1,0,0,0,1,0,0,0,38.69334,-92.25515,0,08/02/2019,18:30:00,"CRASH OCCURRED AS VEHICLE 1 TRAVELED OFF THE LEFT SIDE OF THE ROADWAY, STRUCK THE MEDIAN CABLE BARRIER, OVERTURNED SEVERAL TIMES AND EJECTED DRIVER 1. ASSISTED BY TPR. G. T. PEMBERTON (1115) AND BOONE COUNTY SHERIFF'S DEPARTMENT."
787957,3190020252,Missouri State Highway Patrol-Troop A,1564704000000,190446919,2,0,2,0,Personal Injury,HENRY,URICH,A,1,1,0,813,0.15,B ,S ,MO 7,BRIDGE A4488,Daylight,Fixed Object,2,,Fri     ,0,0,0,0,1,0,0,0,0,0,0,0,0,0,0,1,0,0,0,0,0,0,0,0,0,38.46442,-93.99598,0,08/02/2019,18:40:00,"CRASH OCCURRED VEH 1 STARTED TO SLIDE ON WET ROADWAY, TRAVELED INTO MEDIAN, STRUCK EMBANKMENT AND OVERTURNED."
1206471,3190021568,Missouri State Highway Patrol-Troop F,1564704000000,190446935,4,0,2,2,Personal Injury,MILLER,NON-CITY OR UNINCORPORATED,F,2,2,0,0,0,AT,W ,US 54,CRD LAKE LAND RD,Daylight,Motor Vehicle in Transport,1,64,Fri     ,1,0,0,0,1,0,0,1,0,0,0,0,1,0,0,1,0,0,0,0,1,0,0,1,0,38.23223,-92.62206,0,08/02/2019,18:40:00,CRASH OCCURRED AS VEHICLE 1 FAILED TO YIELD. MADE LEFT TURN INTO PATH OF VEHICLE 2 AND WAS STRUCK IN SIDE.
1229592,3190020476,Missouri State Highway Patrol-Troop C,1564704000000,190447039,1,0,1,0,Personal Injury,LINCOLN,NON-CITY OR UNINCORPORATED,C,1,1,0,316,0.06,B ,N,RT OO,RT C,Daylight,Fixed Object,2,,Fri     ,1,0,0,0,1,0,1,0,0,0,0,0,0,0,0,1,0,0,0,0,0,0,0,0,0,38.93763,-90.81382,0,08/02/2019,19:35:00,"VEHICLE 1 WAS NORTHBOUND ON ROUTE OO.  VEHICLE 1 TRAVELED OFF THE RIGHT EDGE OF THE ROADWAY, OVERTURNED AND STRUCK A FENCE.  ASSISTED BY TPR A. T. BORGIC (192)."
1191917,3190022705,Missouri State Highway Patrol-Troop F,1564704000000,190447064,1,1,1,0,Fatal,CALLAWAY,NON-CITY OR UNINCORPORATED,F,2,2,0,1884,0.36,A ,W ,RT OO,CRD MERMAC DRS,Daylight,Motor Vehicle in Transport,1,60,Fri     ,0,1,0,0,0,1,1,1,0,0,0,0,0,0,0,1,0,0,0,0,1,0,0,1,0,38.65529,-92.13667,1,08/02/2019,19:30:00,"**FATALITY CRASH**  **NEXT OF KIN NOTIFIED** VEHICLE 1 CROSSED THE CENTER OF THE ROAD AND STRUCK THE FRONT OF VEHICLE 2.  VEHICLE 1 CAUGHT FIRE AFTER IMPACT. DRIVER 1 PRONOUNCED ON SCENE AT 1943 BY MEDICAL EXAMINER DORI BURKE.  THIS IS TROOP F'S 1ST FATALITY FOR AUGUST AND 35TH FOR 2019.  ASSISTED BY MCIU TEAM 2 SGT. MULKEY (1186), TPR. E. PENROD (1400), TPR C. FRAME (1329), SGT. J. ARNOLD (351), CPL. B. SALMONS (742), SGT. M. HALFORD (509), LT. C. HARRIS (82)."
1031423,3190020305,Missouri State Highway Patrol-Troop I,1564704000000,190447088,1,0,1,0,Personal Injury,PULASKI,NON-CITY OR UNINCORPORATED,I,2,2,0,510,0.1,B ,W ,MO 28,CRD HOLLY LANE,Daylight,Motor Vehicle in Transport,1,61,Fri     ,0,0,0,0,0,0,1,0,0,0,0,0,0,0,0,1,0,0,0,0,0,0,0,0,0,37.84268,-92.09343,0,08/02/2019,19:54:00,"OCCURRED AS VEHICLE 1 REAR ENDED VEHICLE 2, WHO STOPPED IN THE ROADWAY FOR AN ANIMAL."
985064,3190020292,Missouri State Highway Patrol-Troop D,1564704000000,190447194,1,0,1,0,Personal Injury,TANEY,KIRBYVILLE,D,1,1,0,269,0.05,B ,W ,MO 76,CRD HARP LN WJ,Dark-Unlighted,Fixed Object,2,,Fri     ,0,0,0,0,1,1,1,0,0,0,0,0,0,0,0,1,0,0,0,0,0,0,0,0,0,36.62636,-93.17212,0,08/02/2019,20:50:00,"DRIVER 1 LOST CONTROL OF VEHICLE 1 AND EXIITED THE ROADWAY, STRIKING A SIGN AND OVERTURNING."
1233794,3190020436,Missouri State Highway Patrol-Troop C,1564704000000,190447316,1,0,0,1,Personal Injury,ST. LOUIS,NON-CITY OR UNINCORPORATED,C,1,1,0,42,0.01,A ,E ,RP 6503,CRD VON TALGE RD,Dark-Lighted,Fixed Object,2,,Fri     ,0,0,0,0,0,0,0,1,0,0,0,0,0,0,0,1,0,0,0,0,0,1,0,0,0,38.50553,-90.34387,0,08/02/2019,22:01:00,"VEHICLE 1 WAS TRAVELING NORTHBOUND ON THE RAMP FROM INTERSTATE 55 TO NORTHBOUND INTERSTATE 270. DRIVER 1 FAILED TO NEGOTIATE A CURVE TO THE LEFT AND OVERCORRECTED, CAUSING VEHICLE 1 TO OVERTURN, EJECTING DRIVER 1."
1307523,3190021082,Missouri State Highway Patrol-Troop C,1564790400000,190447517,2,0,0,2,Personal Injury,JEFFERSON,NON-CITY OR UNINCORPORATED,C,1,1,Y,47,0.01,B ,N,RT Y,PVT NEAL DR,Dark-Unlighted,Overturn,2,,Fri     ,1,0,0,0,1,1,1,0,0,0,0,0,0,0,0,1,0,0,0,0,0,0,0,0,0,38.29584,-90.74707,0,08/02/2019,23:30:00,"VEHICLE 1 RAN OFF THE RIGHT SIDE OF THE ROADWAY. DRIVER 1 OVERCORRECTED CAUSING VEHICLE 1 TO TRAVEL OFF THE LEFT SIDE OF THE ROADWAY, OVERTURN, AND STRIKE A FENCE AND A TREE."
879254,3190020474,Missouri State Highway Patrol-Troop A,1564790400000,190447626,1,0,1,0,Personal Injury,CLAY,PLEASANT VALLEY,A,2,2,0,126,0.02,A ,N,IS 35,ERM NORTH IS 35 MILE 134,Dark-Unlighted,Motor Vehicle in Transport,1,61,Sat     ,0,0,0,0,0,0,0,1,0,0,0,0,0,0,0,1,0,0,0,0,0,0,0,0,0,39.21031,-94.48311,0,08/03/2019,00:50:00,"CRASH OCCURRED AS VEH2 STOPPED FOR TRAFFIC AND WAS STRUCK IN THE REAR BY VEH1.  ASSISTED BY CPL B E THOMAN /1256/, PLEASANT VALLEY POLICE, CLAYCOMO POLICE, CLAY COUNTY SHERIFF'S DEPARTMENT."
944747,3190021180,Missouri State Highway Patrol-Troop D,1564790400000,190447715,1,0,0,1,Personal Injury,JASPER,NON-CITY OR UNINCORPORATED,D,1,1,0,285,0.05,A ,N,RT AA,CRD 180,Dark-Unlighted,Fixed Object,2,,Sat     ,1,0,0,0,0,0,1,0,0,0,0,0,0,0,0,0,0,0,0,0,0,0,0,0,0,37.11162,-94.38677,0,08/03/2019,02:21:00,VEHICLE 1 RAN OFF THE LEFT SIDE OF THE ROADWAY AND ROLLED SEVERAL TIMES AFTER STRKING AN EMBANKMENT.
1048264,3190020648,Missouri State Highway Patrol-Troop I,1564790400000,190447730,2,0,0,2,Personal Injury,CRAWFORD,NON-CITY OR UNINCORPORATED,I,1,1,0,1061,0.2,A ,N,MO 19,CRD FOUR MILE ROAD,Dark-Unlighted,Overturn,1,,Sat     ,1,0,0,0,1,0,0,0,0,0,0,0,0,0,0,1,0,0,0,0,1,0,0,1,0,38.1326,-91.43416,0,08/03/2019,02:50:00,"CRASH OCCURRED AS VEHICLE 1 TRAVELING NORTHBOUND, TRAVELED OFF THE RIGHT SIDE OF THE ROADWAY, OVERCORRECTED, RETURNED TO ROADWAY AND OVERTURNED. THE VEHICLE THEN CROSSED THE CENTER OF THE ROADWAY, TRAVELED OFF THE LEFT SIDE OF ROADWAY AND CAME TO REST IN THE ROADWAY FACING SOUTH, DRIVER WAS EJECTED. ASSISTED BY CPL J J MCDONALD (693)CPL Z WANG (1392)"
797276,3190020438,Missouri State Highway Patrol-Troop A,1564790400000,190448206,2,0,2,0,Personal Injury,SALINE,NON-CITY OR UNINCORPORATED,A,2,2,0,3168,0.6,B ,W ,RT H,CRD KITTYHAWK AVE,Daylight,Motor Vehicle in Transport,1,64,Sat     ,0,0,0,0,0,1,1,1,1,0,0,0,0,0,0,1,0,0,0,0,1,0,0,1,0,39.03474,-93.16232,0,08/03/2019,10:28:00,CRASH OCCURRED AS VEH 1 ATTEMPTED TO TURN WEST AND CROSSED IN FRONT OF VEH 2. VEH 1 AND VEH 2 COLLIDED HEAD ON. VEH 2 THEN OVERTURNED COMING TO REST ON ITS SIDE IN THE DITCH.  VEH 1 CAME TO REST IN THE WESTBOUND LANES.  ASSISTED BY CPL N A PEREZ/1426 AND SALINE COUNTY SHERIFFS DEPARTMENT
982632,3190020517,Missouri State Highway Patrol-Troop D,1564790400000,190448219,1,0,1,0,Personal Injury,TANEY,NON-CITY OR UNINCORPORATED,D,1,1,0,248,0.05,A ,E ,MO 76,CRD VALLEY PARK RD,Daylight,Fixed Object,2,,Sat     ,0,0,0,0,0,0,0,0,0,0,0,0,0,0,0,0,0,0,0,0,1,0,0,0,1,36.63353,-93.1762,0,08/03/2019,10:34:00,VEH 1 DROPPED A TIRE OFF THE EDGE OF THE ROADWAY.  NBR 1 STRUCK THE EDGE OF THE ROADWAY WITH THE UNDERCARRIAGE AND RAN OFF THE ROADWAY.
882866,3190020782,Missouri State Highway Patrol-Troop A,1564790400000,190448338,1,0,0,1,Personal Injury,BATES,NON-CITY OR UNINCORPORATED,A,1,1,0,3695,0.7,B ,E ,MO 18,RT Y,Daylight,Overturn,2,,Sat     ,0,0,0,0,1,0,0,0,0,0,0,0,0,0,0,1,0,0,0,0,0,1,0,0,0,38.41684,-94.58729,0,08/03/2019,11:25:00,CRASH OCCURRED AS VEHICLE TRAVELED OFF THE RIGHT SIDE OF THE ROADWAY. VEHICLE 1 OVERTURNED AND CAME TO REST ON ITS TOP.
982634,3190020244,Missouri State Highway Patrol-Troop D,1564790400000,190448509,2,0,2,0,Personal Injury,TANEY,NON-CITY OR UNINCORPORATED,D,2,2,0,131,0.02,A ,E ,MO 76,CRD QUINCY RD,Daylight,Motor Vehicle in Transport,1,64,Sat     ,0,0,0,0,0,0,0,1,1,0,0,0,0,0,0,1,0,0,0,0,1,0,0,1,0,36.63328,-93.10349,0,08/03/2019,12:40:00,CRASH OCCURRED AS VEHICLE #1 FAILED TO YIELD AND PULLED INTO THE PATH OF VEHICLE # 2.
1017234,3190020352,Missouri State Highway Patrol-Troop D,1564790400000,190448626,1,0,1,0,Personal Injury,NEWTON,NON-CITY OR UNINCORPORATED,D,2,2,0,5,0,B ,E ,RT J,RT E WJ,Daylight,Motor Vehicle in Transport,1,64,Sat     ,0,0,0,0,0,1,1,1,0,0,0,1,0,0,0,1,0,0,0,0,1,0,0,1,0,36.99475,-94.2612,0,08/03/2019,13:15:00,NBR 1 FAILED TO YIELD AND STRUCK NBR 2.