objectid,accident,agency,inv_date,complaint,injured,killed,min_inj,dis_inj,severity,county,city,troop,no_vehicle,motor_veh,left_scene,dist_feet,dist_mile,inter_loc,direction,on_street,at_street,light_cond,acc_type,on_off_rd,two_veh,day_week,dr_drink,dr_drug,ped_drink,ped_drug,speed,dr_under21,dr_under25,dr_over55,dr_over64,electrical,emer_veh,stop_sign,yield_sign,czone,hazmat,aggressive,cell_phone,texting,veh_defect,school_bus,truck,motorcycle,atv,pickup,cmv,gps_lat,gps_long,severity_fatal,acc_date,acc_time,narrative
982662,3190020237,Missouri State Highway Patrol-Troop D,1564790400000,190448677,2,0,2,0,Personal Injury,TANEY,NON-CITY OR UNINCORPORATED,D,2,2,0,929,0.18,B ,W ,US 160,RT O,Daylight,Motor Vehicle in Transport,1,61,Sat     ,0,0,0,0,0,0,0,1,1,0,0,0,0,0,0,1,0,0,0,0,0,0,0,0,0,36.68257,-93.04723,0,08/03/2019,13:35:00,"VEHICLE #2 HAD STOPPED AND PULLED TO THE RIGHT TO DELIVER MAIL--VEHICLE #1 STRUCK VEHICLE #2 FROM BEHIND, CAUSING VEHICLE #2 TO CROSS A DRIVEWAY AND STRIKE A FENCE POST."
900925,3190020565,Missouri State Highway Patrol-Troop D,1564790400000,190448911,2,0,2,0,Personal Injury,ST. CLAIR,NON-CITY OR UNINCORPORATED,D,2,2,0,2497,0.47,A ,N,RT V,CRD SE 324,Daylight,Motor Vehicle in Transport,1,60,Sat     ,1,0,0,0,0,0,0,1,0,0,0,0,0,0,0,1,0,0,0,0,0,0,0,0,0,37.98003,-93.7136,0,08/03/2019,15:00:00,VEH #1 CROSSED THE CENTER LINE AND STUCK VEH #2 HEAD ON.
942831,3190020798,Missouri State Highway Patrol-Troop D,1564790400000,190449020,1,0,1,0,Personal Injury,DALLAS,NON-CITY OR UNINCORPORATED,D,2,2,0,1605,0.3,B ,E ,RT D,CRD ORCHARD ROAD,Daylight,Motor Vehicle in Transport,1,60,Sat     ,0,0,0,0,1,0,0,1,1,0,0,0,0,0,0,1,0,0,0,0,1,0,0,1,1,37.85079,-93.05351,0,08/03/2019,15:55:00,"DVR 1 FAILED TO NEGOTIATE A CURVE.  NBR 1 RAN OFF THE ROADWAY, OVERCORRECTED, CAME BACK ON THE ROADWAY AND STRUCK NBR 2."
1233798,3190023174,Missouri State Highway Patrol-Troop C,1564790400000,190449231,1,0,1,0,Personal Injury,ST. LOUIS,NON-CITY OR UNINCORPORATED,C,4,4,Y,186,0.04,A ,E ,IS 270,CRD OLD HALLS FERRY ROAD,Daylight,Motor Vehicle in Transport,1,61,Sat     ,0,0,0,0,0,,,1,,0,0,0,0,0,0,1,0,0,0,0,1,0,0,1,0,38.77086,-90.25997,0,08/03/2019,17:08:00,"VEHICLE 4 STOPPED FOR A VEHICLE BLOCKING THE LANES OF I-270. VEHICLE 1 WAS FOLLOWING TOO CLOSELY AND STRUCK THE REAR OF VEHICLE 2, CAUSING VEHICLE 2 TO STRIKE THE REAR OF VEHICLE 3, AND VEHICLE 3 TO STRIKE VEHICLE 4. VEHICLES 1 AND 4 THEN FLED THE SCENE."
1274400,3190023589,Missouri State Highway Patrol-Troop C,1564790400000,190449369,2,0,1,1,Personal Injury,ST. FRANCOIS,NON-CITY OR UNINCORPORATED,C,1,1,0,374,0.07,A ,N,RT EE,BRIDGE A0575,Daylight,Fixed Object,2,,Sat     ,1,0,0,0,1,0,0,0,0,0,0,0,0,0,0,1,0,0,0,0,0,1,0,0,0,37.81,-90.38863,0,08/03/2019,17:52:00,"VEHICLE #1 TRAVELING EASTBOUND HIGHWAY EE. DRIVER #1 FAILED TO NEGOTIATE A LEFT CURVE, TRAVELED OFF THE RIGHT SIDE OF ROAD, STUCK A CULVERT, AND EJECTED BOTH OCCUPANTS."
1305292,3190020818,Missouri State Highway Patrol-Troop C,1564790400000,190449420,2,0,1,1,Personal Injury,WARREN,NON-CITY OR UNINCORPORATED,C,1,1,0,133,0.03,B ,N,CRD CONCORD HILL RD,CRD HATCHERY RD,Daylight,Overturn,2,,Sat     ,0,0,0,0,1,1,1,0,0,0,0,0,0,0,0,1,0,0,0,0,0,0,0,0,0,38.66471,-91.1386,0,08/03/2019,18:10:00,"VEHICLE #1 WAS SB ON CONCORD HILL ROAD, TRAVELING AROUND A CURVE TO THE LEFT, WHEN IT HIT LOOSE GRAVEL AND BEGAN TO SLIDE.  VEHICLE #1 WENT OVER THE CENTER LINE OF THE ROADWAY AND OFF THE LEFT SIDE OF THE ROAD.  VEHICLE #1 OVERTURNED AND CAME TO FINAL REST OVERTURNED IN A FIELD."
1170020,3190020796,Missouri State Highway Patrol-Troop F,1564790400000,190449426,2,0,2,0,Personal Injury,MORGAN,NON-CITY OR UNINCORPORATED,F,2,2,0,728,0.14,B ,S ,MO 135,CRD PYRMONT RD,Daylight,Motor Vehicle in Transport,1,64,Sat     ,0,0,0,0,0,1,1,0,0,0,0,0,0,0,0,0,0,0,0,0,1,0,1,1,0,38.5143,-93.02451,0,08/03/2019,18:20:00,VEHICLE 2 ATTEMPTED TO OVERTAKE VEHICLE 1 AND VEHICLE 1 MADE A U-TURN IN FRONT OF VEHICLE 2.
801639,3190020591,Missouri State Highway Patrol-Troop A,1564790400000,190449461,2,0,2,0,Personal Injury,JACKSON,LEES SUMMIT,A,2,2,0,21,0,A ,E ,RP 988709,CST NW BLUE PARKWAY,Daylight,Motor Vehicle in Transport,1,64,Sat     ,0,0,0,0,0,0,0,1,1,1,0,0,0,0,0,1,0,0,0,0,1,0,0,1,0,38.93405,-94.40268,0,08/03/2019,18:30:00,CRASH OCCURRED AS VEH1 MADE AN IMPROPER LEFT TURN IN FRONT OF VEH2.  VEH2 STRUCK THE SIDE OF VEH1. ASSISTED BY CPL R A WOOD /788/ AND LEE'S SUMMIT POLICE DEPARTMENT. ***CORRECTED REPORT***
1130663,3190021664,Missouri State Highway Patrol-Troop E,1564790400000,190449472,1,0,1,0,Personal Injury,CAPE GIRARDEAU,NON-CITY OR UNINCORPORATED,E,1,1,0,24,0,B ,N,PVT PK TRA12 B,PVT PK TRA24 B SJ,Daylight,Fixed Object,2,,Sat     ,1,0,0,0,1,0,0,0,0,0,0,0,0,0,0,1,0,0,0,0,0,0,0,0,0,37.45605,-89.47929,0,08/03/2019,18:40:00,CRASH OCCURRED AS VEHICLE  ONE FAILED TO MAINTAIN SINGLE LANE AND DROVE OFF THE LEFT SIDE OF THE ROADWAY AND STRUCK A TREE.
1325098,3190020398,Missouri State Highway Patrol-Troop G,1564790400000,190449486,2,0,2,0,Personal Injury,HOWELL,NON-CITY OR UNINCORPORATED,G,1,1,0,1129,0.21,B ,W ,CRD 8780,RT PP,Daylight,Fixed Object,2,,Sat     ,0,0,0,0,1,1,1,0,0,0,0,0,0,0,0,1,0,0,0,0,0,0,0,0,0,36.67152,-91.79359,0,08/03/2019,17:30:00,ACCIDENT OCCURRED AS VEHICLE #1 RAN OFF THE ROADWAY AND OVERTURNED
1026629,3190022674,Missouri State Highway Patrol-Troop D,1564790400000,190449529,1,3,0,1,Fatal,GREENE,SPRINGFIELD,D,4,4,Y,12,0,B ,S ,CST GLENSTONE AVE,CST KEARNEY ST,Daylight,Motor Vehicle in Transport,1,63,Sat     ,1,0,0,0,1,0,0,1,1,1,0,0,0,0,0,1,0,0,0,0,1,0,0,1,0,37.24014,-93.26093,1,08/03/2019,19:08:00,"FATALITY REPORT. NEXT OF KIN NOTIFIED. THIS IS THE 64TH, 65TH, AND 66TH FATALITY FOR TROOP D IN 2019.  CRASH OCCURRED AS VEHICLE 1 STRUCK VEHICLE 3, WHICH WAS STOPPED AT A RED LIGHT AT GLENSTONE AND KEARNEY. VEHICLE 1 THEN FAILED TO YIELD TO THE RED LIGHT AND STRUCK VEHICLE 2. VEHICLE 2 WAS THEN KNOCKED INTO THE PATH OF VEHICLE 4. DRIVER AND BOTH PASSENGERS OF VEHICLE 2 WERE PRONOUNCED AT THE SCENE BY GREENE COUNTY MEDICAL EXAMINER MIKE LAMPHERE AT 1909 HOURS. AS REQUIRED BY LAW, THE SURVIVING DRIVERS WERE TESTED FOR ALCOHOL. ASSISTED BY CPL T. A. BADGETT #256, CPL M. D. ADAMS #463, TPR A. W. POULSON #589, AND TPR M. C. MCKNIGHT #1121.  TIME OF ACCIDENT ADJUSTED PER LT. SATER #52 TO SHOW 1908 INSTEAD OF 1808."
1320336,3190020627,Missouri State Highway Patrol-Troop G,1564790400000,190449654,1,0,1,0,Personal Injury,TEXAS,NON-CITY OR UNINCORPORATED,G,1,1,0,3168,0.6,A ,N,CRD SPLIT LIMB RD,CRD MCCOLGIN RD,Daylight,Fixed Object,2,,Sat     ,1,0,0,0,1,0,1,0,0,0,0,0,0,0,0,1,0,0,0,0,0,0,1,0,0,37.37123,-91.79134,0,08/03/2019,19:30:00,"ACCIDENT OCCURRED AS VEHICLE TRAVELED OFF OF RIGHT SIDE OF ROADWAY, RETURNED TO ROADWAY, AND OVERTURNED.  ASSISTING OFFICER ,SGT. D. B. POUNDS (984) AND CPL. T. L. BROWN (328)"
1140850,3190020260,Missouri State Highway Patrol-Troop E,1564790400000,190449727,3,0,3,0,Personal Injury,BUTLER,NON-CITY OR UNINCORPORATED,E,2,2,0,52,0.01,A ,W ,CRD 456,CRD 462,Dark-Unlighted,Motor Vehicle in Transport,1,64,Sat     ,0,0,0,0,0,0,0,1,0,0,0,0,0,0,0,1,0,0,0,0,1,0,0,1,1,36.75219,-90.58892,0,08/03/2019,20:27:00,CRASH OCCURRED AS VEHICLE ONE WAS TRAVELING WESTBOUND IN THE EASTBOUND LANE AND STRUCK VEHICLE TWO.
1206470,3190020930,Missouri State Highway Patrol-Troop F,1564790400000,190449740,0,0,0,0,Property Damage,MILLER,NON-CITY OR UNINCORPORATED,F,1,1,0,5,0,A ,E ,CRD CAVE DR,US 54,Dark-Unlighted,Fixed Object,2,,Sat     ,0,0,0,0,1,1,1,0,0,0,0,0,0,0,0,1,0,0,0,0,0,0,0,0,0,38.29601,-92.58027,0,08/03/2019,20:30:00,VEHICLE 1 ATTEMPTED TO TURN ONTO A COUNTY ROAD AT A HIGH RATE OF SPEED. VEHICLE EXITED THE ROADWAY AND DOWN AN EMBANKMENT. ASSISTED BY TPR. R. M. MALONE (1274)
1170022,3190020590,Missouri State Highway Patrol-Troop F,1564790400000,190449938,2,0,0,2,Personal Injury,MORGAN,NON-CITY OR UNINCORPORATED,F,1,1,0,2249,0.43,B ,S ,MO 135,CRD WOLF LN,Dark-Unlighted,Overturn,1,,Sat     ,1,0,0,0,0,0,0,0,0,0,0,0,0,0,0,0,0,0,0,0,0,1,0,0,0,38.63128,-93.00941,0,08/03/2019,22:14:00,"VEHICLE 1 STRUCK A DOG IN THE ROADWAY, EJECTING BOTH OCCUPANTS."
1196531,3190021925,Missouri State Highway Patrol-Troop B,1564790400000,190449945,1,0,1,0,Personal Injury,MACON,NON-CITY OR UNINCORPORATED,B,1,1,0,1985,0.38,A ,E ,MO 156,EOR 63,Dark-Unlighted,Overturn,2,,Sat     ,1,0,0,0,1,0,0,0,0,0,0,0,0,0,0,1,0,0,0,0,0,0,0,0,0,40.02063,-92.47207,0,08/03/2019,22:16:00,"VEH 1 SWERVED TO AVOID AN ANIMAL IN THE ROADWAY,  LOST CONTROL, OVERTURNED AND WENT OFF SOUTH SIDE OF ROADWAY. VEH 1 CAME TO REST ON ITS TOP."
1191914,3190020713,Missouri State Highway Patrol-Troop F,1564790400000,190449965,1,0,1,0,Personal Injury,CALLAWAY,NON-CITY OR UNINCORPORATED,F,1,1,0,971,0.18,A ,W ,US 54,BRIDGE A0043,Dark-Unlighted,Other Non Collision,1,,Sat     ,0,0,0,0,0,1,1,0,0,0,0,0,0,0,0,0,0,0,1,0,1,0,0,1,0,38.60945,-92.14476,0,08/03/2019,22:22:00,VEHICLE 1 LOST A TIRE CAUSING VEHICLE 1 TO EXIT THE RIGHT SIDE OF THE ROADWAY AND STRIKE THE GROUND.
897479,3190020348,Missouri State Highway Patrol-Troop D,1564876800000,190450125,2,0,2,0,Personal Injury,GREENE,NON-CITY OR UNINCORPORATED,D,1,1,0,0,0,AT,E ,CRD 166,CRD WOODLAND TRAIL AVE,Dark-Unlighted,Animal,1,,Sun     ,0,0,0,0,0,0,0,0,0,0,0,0,0,0,0,0,0,0,0,0,0,1,0,0,0,37.14621,-93.19575,0,08/04/2019,00:05:00,VEHICLE 1 STRUCK A DEER IN THE ROADWAY AND EJECTED THE DRIVER.
897480,3190020404,Missouri State Highway Patrol-Troop D,1564876800000,190450284,1,0,1,0,Personal Injury,GREENE,NON-CITY OR UNINCORPORATED,D,1,1,0,0,0,AT,S ,CRD 169,CRD W COUNTY LINE RD,Dark-Unlighted,Fixed Object,2,,Sun     ,0,0,0,0,1,0,1,0,0,0,0,0,0,0,0,1,0,0,0,0,0,0,0,0,0,37.09339,-93.25484,0,08/04/2019,04:10:00,VEHICLE 1 RAN OFF THE ROADWAY AND STRUCK A TREE
1170021,3190020991,Missouri State Highway Patrol-Troop F,1564876800000,190450299,1,0,1,0,Personal Injury,MORGAN,NON-CITY OR UNINCORPORATED,F,1,1,0,723,0.14,B ,N,MO 135,CRD DEAR RIDGE RD,Dark-Unlighted,Fixed Object,2,,Sun     ,0,0,0,0,0,0,0,0,0,0,0,0,0,0,0,1,0,0,0,0,1,0,0,1,0,38.36522,-92.97954,0,08/04/2019,05:00:00,"DRIVER 1 FELL ASLEEP, VEHICLE 1 TRAVELED OFF THE LEFT SIDE OF THE ROADWAY AND STRUCK A TREE.  ASSISTED BY SGT J.E. LOWARY (466)"
1185909,3190022443,Missouri State Highway Patrol-Troop F,1564876800000,190450758,1,0,1,0,Personal Injury,BOONE,NON-CITY OR UNINCORPORATED,F,2,2,0,15,0,B ,S ,RT B,CRD MC GEE RD,Daylight,Motor Vehicle in Transport,1,61,Sun     ,0,0,0,0,0,0,0,0,0,0,0,0,0,0,0,1,0,0,0,0,0,0,0,0,0,39.05978,-92.26189,0,08/04/2019,11:26:00,"OCCURRED AS VEHICLE 2 WAS STOPPED FOR A VEHICLE TURNING RIGHT, VEHICLE 1 STRUCK THE REAR OF STOPPED VEHICLE 2"
1026491,3190020558,Missouri State Highway Patrol-Troop D,1564876800000,190450859,2,0,0,2,Personal Injury,DADE,NON-CITY OR UNINCORPORATED,D,2,2,0,718,0.14,A ,N,RT M,RT K,Daylight,Motor Vehicle in Transport,1,64,Sun     ,0,0,0,0,0,0,0,1,1,0,0,0,0,0,0,1,0,0,0,0,0,1,0,0,0,37.33714,-93.70692,0,08/04/2019,12:15:00,VEHICLE 2 ATTEMPTED TO MAKE A LEFT TURN FROM THE SOUTHBOUND LANE OR RTE M AND PULLED INTO THE PATH OF VEHICLE 1. VEHICLE 1 STRUCK VEHICLE 2 BROADSIDE AND BOTH VEHICLES TRAVELED OFF THE EAST SIDE OF THE ROADWAY.
1249714,3190020480,Missouri State Highway Patrol-Troop C,1564876800000,190450910,1,0,1,0,Personal Injury,STE. GENEVIEVE,NON-CITY OR UNINCORPORATED,C,1,1,0,0,0,AT,W ,RT Z,BRIDGE X0421,Daylight,Fixed Object,2,,Sun     ,0,0,0,0,0,0,0,1,0,0,0,0,0,0,0,1,0,0,0,0,0,0,0,0,0,37.84928,-89.9954,0,08/04/2019,12:35:00,VEHICLE #1 TRAVELED OFF THE RIGHT SIDE OF THE ROADWAY AND STRUCK A BRIDGE SUPPORT POST.
903644,3190020715,Missouri State Highway Patrol-Troop D,1564876800000,190451041,4,0,4,0,Personal Injury,CHRISTIAN,NON-CITY OR UNINCORPORATED,D,2,2,0,501,0.09,B ,E ,RT CC,CRD CARNEGIE,Daylight,Motor Vehicle in Transport,1,64,Sun     ,0,0,0,0,1,1,1,0,0,0,0,0,0,0,0,1,0,0,0,0,0,0,0,0,0,37.07153,-93.27082,0,08/04/2019,13:30:00,CRASH OCCURRED AS VEHICLE 2 CROSSED INTO THE EASTBOUND LANE AND WAS STRUCK BY VEHICLE 1
814421,3190020473,Missouri State Highway Patrol-Troop A,1564876800000,190451230,1,0,1,0,Personal Injury,CLAY,NON-CITY OR UNINCORPORATED,A,1,1,0,50,0.01,A ,W ,MO 92,CRD WHB RD,Daylight,Fixed Object,2,,Sun     ,0,0,0,0,0,0,0,1,0,0,0,0,0,0,0,1,0,0,0,0,0,0,0,0,0,39.36797,-94.4873,0,08/04/2019,14:40:00,"CRASH OCCURRED AS VEHICLE 1 CRESTED A HILL AND DRIVER 1 OBSERVED ANOTHER VEHICLE STOPPED AT THE INTERSECTION OF WHB AND MO 92 WAITING TO TURN LEFT.  VEHICLE 1 TRAVELED OFF THE RIGHT SIDE OF THE ROADWAY AND OVERTURNED.  ASSISTED BY TPR B N MARQUART /784/, TPR K L BROWN /1317/ AND CLAY COUNTY DEPUTIES."
810885,3190020662,Missouri State Highway Patrol-Troop A,1564876800000,190451433,1,0,1,0,Personal Injury,RAY,NON-CITY OR UNINCORPORATED,A,1,1,0,454,0.09,A ,N,RT A,BRIDGE B0309,Daylight,Fixed Object,2,,Sun     ,0,0,0,0,0,0,0,0,0,0,0,0,0,0,0,1,0,0,0,0,0,0,0,0,0,39.36288,-93.81453,0,08/04/2019,15:45:00,"OCCURRED AS VEH1 TRAVELED OFF ROADWAY, OVERCORRECTED AND RETURNED TO ROADWAY. VEH1 THEN TRAVELED OFF ROADWAY A SECOND TIME AND OVERTURNED, COMING TO REST ON ITS TOP. ASSISTED BY TPR J H THOMPSON /606/"
801640,3190020728,Missouri State Highway Patrol-Troop A,1564876800000,190451525,2,0,2,0,Personal Injury,JACKSON,LEES SUMMIT,A,2,2,0,0,0,AT,E ,RP 988709,CST BLUE PARKWAY,Daylight,Motor Vehicle in Transport,1,64,Sun     ,,,,,,0,0,1,1,1,0,0,0,0,0,,0,0,,0,0,0,0,0,0,38.93394,-94.40287,0,08/04/2019,15:25:00,CRASH OCCURRED AS BOTH VEHICLES ENTERED THE INTERSECTION AND VEH1 STRUCK THE DRIVER SIDE OF VEH2.  ASSISTED BY LEE'S SUMMIT POLICE DEPARTMENT
784088,3190021857,Missouri State Highway Patrol-Troop A,1564876800000,190451658,1,0,1,0,Personal Injury,CLAY,KANSAS CITY,A,2,2,0,100,0.02,B ,N,CST NE ANTIOCH ROAD,CST ENGLEWOOD ROAD,Daylight,Motor Vehicle in Transport,1,61,Sun     ,0,0,0,0,0,0,0,1,1,0,0,0,0,0,0,1,0,0,0,0,0,0,0,0,0,39.19472,-94.54864,0,08/04/2019,17:18:00,CRASH OCCURRED AS VEH2 WAS STOPPED AT A RED TRAFFIC LIGHT AND WAS STRUCK IN THE REAR BY VEH1.
1144832,3190021271,Missouri State Highway Patrol-Troop E,1564876800000,190451762,2,0,2,0,Personal Injury,NEW MADRID,RISCO,E,3,3,0,0,0,AT,W ,US 62,CRD 241,Daylight,Motor Vehicle in Transport,1,64,Sun     ,0,0,0,0,0,0,1,1,0,0,0,1,0,0,0,0,0,0,1,0,1,0,0,1,0,36.55343,-89.82773,0,08/04/2019,17:50:00,"CRASH OCCURRED AS VEHICLE ONE, TRAVELING SOUTHBOUND, EXPERIENCED MECHANICAL DEFECTS, TRAVELED THROUGH AN INTERSECTION AND STRUCK WESTBOUND VEHICLE TWO'S TOWED UNIT. VEHICLE ONE THEN TRAVELED OFF THE ROADWAY AND STRUCK A RESIDENCE."
1150719,3190021014,Missouri State Highway Patrol-Troop E,1564876800000,190451900,3,0,3,0,Personal Injury,PEMISCOT,NON-CITY OR UNINCORPORATED,E,1,1,0,1605,0.3,A ,E ,CRD 344,PVT PRIVATE,Daylight,Fixed Object,2,,Sun     ,0,0,0,0,0,0,0,0,0,0,0,0,0,0,0,0,0,0,0,0,0,0,1,0,0,36.21527,-89.73559,0,08/04/2019,19:05:00,VEH1 RAN OFF THE ROADWAY AND STRUCK A MAILBOX.
835330,3190021306,Missouri State Highway Patrol-Troop A,1564876800000,190451916,1,0,1,0,Personal Injury,CARROLL,NON-CITY OR UNINCORPORATED,A,1,1,0,760,0.14,B ,W ,US 24,CRD 279,Daylight,Fixed Object,2,,Sun     ,1,0,0,0,0,0,0,0,0,0,0,0,0,0,0,0,0,0,0,0,0,0,0,0,0,39.36638,-93.41973,0,08/04/2019,19:35:00,"OCCURRED AS VEH1 TRAVELED OFF ROADWAY, STRUCK A ROADWAY SIGN AND A TREE, COMING TO REST IN DITCH. ASSISTED BY CARROLL COUNTY DEPUTIES"
1170027,3190022069,Missouri State Highway Patrol-Troop F,1564876800000,190451924,0,1,0,0,Fatal,MORGAN,NON-CITY OR UNINCORPORATED,F,1,1,0,1346,0.25,A ,W ,CRD PRAIRIE HOLLOW RD,PVT TWIN RIDGE RD,Daylight,Fixed Object,2,,Sun     ,0,0,0,0,1,0,0,0,0,0,0,0,0,0,0,1,0,0,0,0,0,0,0,0,0,38.29564,-92.87493,1,08/04/2019,19:35:00,"CRASH OCCURRED AS VEHICLE 1 TRAVELED EASTBOUND ON PRAIRIE HOLLOW RD TOO FAST FOR LOOSE PACKED GRAVEL ROAD AND BEGAN TO SLIDE. DRIVER 1 OVERCORRECTED ATTEMPTING TO REGAIN CONTROL OVER VEHICLE. VEHICLE 1 TRAVELED OF RIGHT EDGE OF ROADWAY AND OVERTURNED. DRIVER 1 WAS EJECTED. ASSISTED BY TPR. S. D. SEARS (1407), AND MORGAN COUNTY SHERIFF'S OFFICE."
853554,3190021065,Missouri State Highway Patrol-Troop A,1564876800000,190452014,1,0,1,0,Personal Injury,PETTIS,NON-CITY OR UNINCORPORATED,A,2,2,0,20,0,B ,N,US 65,CO US65S TO US65N,Dark-Unlighted,Motor Vehicle in Transport,1,64,Sun     ,0,0,0,0,0,1,1,0,0,0,0,0,0,0,0,0,0,0,0,0,1,0,0,1,1,38.87722,-93.21684,0,08/04/2019,20:45:00,CRASH OCCURRED AS VEH2 OVERTOOK AND STRUCK VEH1 AS DVR1 ATTEMPTED TO MAKE A LEFT TURN FROM THE RIGHT LANE.  ASSISTED BY CPL S S GATES /552/ AND PETTIS COUNTY SHERIFF'S DEPARTMENT
897482,3190020703,Missouri State Highway Patrol-Troop D,1564876800000,190452017,3,0,3,0,Personal Injury,GREENE,NON-CITY OR UNINCORPORATED,D,1,1,0,0,0,AT,N,CRD CELEBRATION,CRD MELODY,Dark-Lighted,Overturn,1,,Sun     ,0,0,0,0,0,1,1,0,0,0,0,0,0,0,0,0,0,0,0,0,0,0,0,0,0,37.1736,-93.21002,0,08/04/2019,20:45:00,VEHICLE 1 OVERTURNED WHILE MAKING A LEFT TURN.
1275754,3190020851,Missouri State Highway Patrol-Troop C,1564876800000,190452083,1,0,1,0,Personal Injury,FRANKLIN,ST CLAIR,C,1,1,0,464,0.09,A ,W ,IS 44,ERM WEST IS 44 MILE 2402,Dark-Unlighted,Fixed Object,2,,Sun     ,0,0,0,0,0,0,0,0,0,0,0,0,0,0,0,0,0,0,0,0,1,0,0,1,0,38.35676,-90.98358,0,08/04/2019,21:42:00,DRIVER 1 FELL ASLEEP AT THE WHEEL. VEHICLE 1 WENT OFF THE RIGHT SIDE OF THE ROADWAY AND OVERTURNED.
1144642,3190021013,Missouri State Highway Patrol-Troop E,1564876800000,190452219,1,0,1,0,Personal Injury,NEW MADRID,NON-CITY OR UNINCORPORATED,E,1,1,0,459,0.09,B ,N,IS 55,ERM NORTH IS 55 MILE 492,Dark-Unlighted,Overturn,2,,Sun     ,0,0,0,0,0,0,0,0,0,0,0,0,0,0,0,0,0,0,1,0,0,1,0,0,0,36.62893,-89.5486,0,08/04/2019,00:27:00,"CRASH OCCURRED AS VEHICLE 1 LOST CONTROL, RAN OFF ROADWAY AND OVERTURNED."
1181971,3190020727,Missouri State Highway Patrol-Troop F,1564963200000,190452269,1,0,1,0,Personal Injury,OSAGE,NON-CITY OR UNINCORPORATED,F,1,1,0,2207,0.42,A ,N,RT D,CRD 702,Dark-Unlighted,Fixed Object,2,,Mon     ,0,0,0,0,0,0,0,1,0,0,0,0,0,0,0,0,0,0,0,0,0,0,0,0,0,38.42356,-91.68392,0,08/05/2019,04:45:00,"DRIVER 1 SWERVED TO AVOID STRIKING A DEER, TRAVELED OFF THE RIGHT SIDE OF THE ROAD, STRUCK A DITCH AND OVERTURNED."
1189739,3190020671,Missouri State Highway Patrol-Troop B,1564963200000,190452305,1,0,1,0,Personal Injury,LINN,NON-CITY OR UNINCORPORATED,B,1,1,0,1679,0.32,B ,S ,MO 129,CRD NAPLES DR,Daylight,Fixed Object,2,,Mon     ,0,0,0,0,0,0,0,1,0,0,0,0,0,0,0,0,0,0,0,0,0,0,0,0,0,39.86606,-92.86741,0,08/05/2019,06:30:00,"DRIVER SWERVED TO MISS A DEER IN THE ROADWAY, TRAVELED OFF RIGHT SIDE OF THE ROAD, STRUCK A FENCE, AND OVERTURNED. ASSISTED BY LINN COUNTY SHERIFF'S OFFICE."
1307499,3190024115,Missouri State Highway Patrol-Troop C,1564963200000,190452335,0,1,0,0,Fatal,JEFFERSON,NON-CITY OR UNINCORPORATED,C,1,1,0,881,0.17,A ,W ,MO 30,RT PP,Daylight,Fixed Object,2,,Mon     ,0,0,0,0,0,0,0,1,0,0,0,0,0,0,0,1,0,0,0,0,0,0,0,0,1,38.45358,-90.53579,1,08/05/2019,11:25:00,"FATALITY REPORT - VEHICLE 1 WAS CONNECTED AS A PUSH VEHICLE AT THE REAR OF AN OVER DIMENSION LOAD. VEHICLE 1 BEGAN TO SWERVE, ATTEMPTED TO BRAKE, AND TRAVELED OFF THE RIGHT SIDE OF THE ROADWAY.  VEHICLE 1 TRAVELED ACROSS BOTH LANES OF HIGHWAY 30 AND TRAVELED OFF THE LEFT SIDE OF THE ROADWAY. VEHICLE 1 RETURNED TO THE ROADWAY AND TRAVELED OFF THE RIGHT SIDE OF THE ROADWAY.  VEHICLE 1 STRUCK A SIGN, RETURNED TO THE ROADWAY, AND OVERTURNED.  PRONOUNCED ON SCENE BY NORTH JEFFERSON COUNTY EMS PERSONNEL AT 1125 HOURS ON 08/05/2019.  ASSISTED BY MSGT B. D. MOORE (470), MSGT K. L. LICHAY (443), CPL C. W. BONE (230) TPR J. R. SUMMERS (1254), TPR B. A. TEAGUE (1385), TPR S. T. ROETTGER (1429), AND TPR N. W. STEVENS (575)."
1217541,3190020927,Missouri State Highway Patrol-Troop C,1564963200000,190452366,1,0,0,1,Personal Injury,FRANKLIN,NON-CITY OR UNINCORPORATED,C,1,1,0,681,0.13,B ,S ,RT N,CRD WOODS CREEK RD,Daylight,Fixed Object,2,,Mon     ,0,0,0,0,1,0,0,0,0,0,0,0,0,0,0,1,0,0,0,0,0,1,0,0,0,38.39674,-90.82133,0,08/05/2019,07:11:00,"VEHICLE 1 TRAVELED OFF THE RIGHT SIDE OF THE ROADWAY, STRUCK A UTILITY POLE, AND OVERTURNED. ASSISTED BY TPR M. K. HALIM (834)"
1031420,3190020439,Missouri State Highway Patrol-Troop I,1564963200000,190452419,1,0,1,0,Personal Injury,PULASKI,NON-CITY OR UNINCORPORATED,I,1,1,0,0,0,AT,S ,MO 133,CRD ROSE FINCH RD,Daylight,Overturn,2,,Mon     ,0,0,0,0,1,1,1,0,0,0,0,0,0,0,0,1,0,0,0,0,0,0,0,0,0,37.89346,-92.38152,0,08/05/2019,07:48:00,"VEHICLE 1 TRAVELED OFF THE RIGHT SIDE OF THE ROADWAY, RETURNED TO THE ROADWAY, TRAVELED OFF OF THE LEFT SIDE OF THE ROADWAY AND OVERTURNED. ASSISTED BY SHERIFF'S OFFICE PULASKI COUNTY."
1249713,3190020573,Missouri State Highway Patrol-Troop C,1564963200000,190452461,1,0,0,1,Personal Injury,STE. GENEVIEVE,NON-CITY OR UNINCORPORATED,C,1,1,0,1156,0.22,A ,E ,MO 32,CRD MEYER LN,Daylight,Fixed Object,2,,Mon     ,0,0,0,0,0,0,0,1,0,0,0,0,0,0,0,1,0,0,0,0,0,0,0,0,1,37.87931,-90.22069,0,08/05/2019,08:10:00,VEHICLE 1 TRAVELED OFF THE RIGHT SIDE OF THE ROADWAY AND STRUCK TREES.