objectid,accident,agency,inv_date,complaint,injured,killed,min_inj,dis_inj,severity,county,city,troop,no_vehicle,motor_veh,left_scene,dist_feet,dist_mile,inter_loc,direction,on_street,at_street,light_cond,acc_type,on_off_rd,two_veh,day_week,dr_drink,dr_drug,ped_drink,ped_drug,speed,dr_under21,dr_under25,dr_over55,dr_over64,electrical,emer_veh,stop_sign,yield_sign,czone,hazmat,aggressive,cell_phone,texting,veh_defect,school_bus,truck,motorcycle,atv,pickup,cmv,gps_lat,gps_long,severity_fatal,acc_date,acc_time,narrative
920792,3190021643,Missouri State Highway Patrol-Troop D,1564963200000,190452545,4,0,2,2,Personal Injury,LAWRENCE,NON-CITY OR UNINCORPORATED,D,1,1,0,390,0.07,B ,N,MO 39,CRD 2160,Daylight,Fixed Object,2,,Mon     ,0,0,0,0,1,0,0,0,0,0,0,0,0,0,0,1,0,0,0,0,0,0,0,0,0,37.0408,-93.78234,0,08/05/2019,08:50:00,"NR1 WAS NORTHBOUND ON THE SHOULDER OF HWY 39, OVERTAKING AND PASSING TRAFFIC. NR1 LOST CONTROL, RAN OFF ROADWAY AND OVERTURNED."
996206,3190020915,Missouri State Highway Patrol-Troop D,1564963200000,190452769,1,0,1,0,Personal Injury,STONE,NON-CITY OR UNINCORPORATED,D,2,2,0,0,0,AT,N,MO 13,MO 248 NJ,Daylight,Motor Vehicle in Transport,1,64,Mon     ,0,0,0,0,0,0,1,0,0,0,0,1,0,0,0,1,0,0,0,0,0,0,0,0,0,36.76737,-93.34992,0,08/05/2019,10:58:00,CRASH OCCURRED AS VEHICLE 1 PULLED INTO THE  PATH OF VEHICLE 2 WHILE ATTEMPTING TO MAKE A LEFT TURN
900972,3190020805,Missouri State Highway Patrol-Troop D,1564963200000,190452773,3,0,0,3,Personal Injury,ST. CLAIR,OSCEOLA,D,2,2,0,1214,0.23,B ,S ,BU 13,MO 82,Daylight,Motor Vehicle in Transport,1,64,Mon     ,0,0,0,0,0,0,0,1,0,0,0,0,0,0,0,1,0,0,0,0,0,0,0,0,1,38.0416,-93.6865,0,08/05/2019,10:45:00,VEH #2 ATTEMPTED A LEFT TURN AND STRUCK THE REAR CORNER OF VEH #1.  VEH #1 THAN RAN OFF THE ROADWAY AND OVERTURNED.
1189740,3190021512,Missouri State Highway Patrol-Troop B,1564963200000,190452875,1,0,1,0,Personal Injury,LINN,NON-CITY OR UNINCORPORATED,B,2,2,0,1932,0.37,B ,E ,US 36,CRD BEAR DR,Daylight,Motor Vehicle in Transport,1,63,Mon     ,0,0,0,0,0,0,0,1,0,0,0,0,0,0,1,1,0,0,0,0,1,0,0,0,1,39.77744,-93.31659,0,08/05/2019,11:51:00,"VEHICLE 2 WAS ATTEMPTING TO PASS VEHICLE 1 AND VEHICLE 1 CHANGED LANES.  THE LEFT SIDE OF VEHICLE 1 IMPACTED VEHICLE 2 CAUSING VEHICLE 2 TO TRAVEL OFF THE LEFT SIDE OF ROADWAY AND COME TO REST IN THE MEDIAN.  VEHICLE 1 TRAVELED OFF THE RIGHT SIDE OF ROADWAY, OVERTURNED, AND CAME TO REST ON ITS WHEELS.  ASSISTED BY CPL. WRIGHT #1397, LINN COUNTY SHERIFF'S OFFICE. MEADVILLE FIRE DEPARTMENT, AND MEADVILLE FIRST RESPONDERS."
1200647,3190021719,Missouri State Highway Patrol-Troop F,1564963200000,190452918,2,0,0,2,Personal Injury,CAMDEN,NON-CITY OR UNINCORPORATED,F,2,2,0,1499,0.28,B ,S ,MO 5,PVT PRIVATE,Daylight,Motor Vehicle in Transport,1,64,Mon     ,0,0,0,0,0,0,1,1,0,0,0,0,0,0,0,1,0,0,0,0,0,1,0,0,0,38.10258,-92.82189,0,08/05/2019,12:15:00,VEHICLE 1 FAILED TO YIELD AND TURNED LEFT INTO THE PATH OF VEHICLE 2. VEHICLE 2 STRUCK VEHICLE 1 AND BOTH VEHICLES CAME TO REST BLOCKING THE ROADWAY. ASSISTED BY CPL. B .J. BLANKENBEKER (895)
846612,3190021935,Missouri State Highway Patrol-Troop A,1564963200000,190452944,1,0,0,1,Personal Injury,JOHNSON,KNOB NOSTER,A,2,2,0,0,0,AT,E ,US 50,BU 50 EJ,Daylight,Motor Vehicle in Transport,1,64,Mon     ,0,0,0,0,0,0,0,1,1,0,0,0,1,0,0,1,0,0,0,0,0,0,0,0,1,38.76798,-93.53345,0,08/05/2019,12:35:00,CRASH OCCURRED AS VEHICLE 1 TURNED SOUTH ON ROUTE D AND VEHICLE 2 TRAVELED EASTBOUND ON US 50 HIGHWAY. VEHICLE 1 FAILED TO YIELD TO VEHICLE 2. VEHICLE 2'S FRONT BUMPER STRUCK VEHICLE1'S PASSANGER SIDE.   VEHICLE1 THEN TRAVELED OFF THE SOUTH SIDE OF THE ROADWAY AND STRUCK A YIELD SIGN.  ASSISTED BY KNOB NOSTER POLICE DEPARTMENT.
900924,3190021151,Missouri State Highway Patrol-Troop D,1564963200000,190452998,1,0,1,0,Personal Injury,ST. CLAIR,NON-CITY OR UNINCORPORATED,D,1,1,0,469,0.09,A ,N,MO 13,CRD SE 1300,Daylight,Fixed Object,2,,Mon     ,0,0,0,0,0,0,0,1,1,0,0,0,0,0,0,0,1,0,0,0,1,0,0,1,0,37.83038,-93.61784,0,08/05/2019,13:00:00,"VEH #1 RAN OFF THE ROADWAY, STRUCK SEVERAL SIGNS AND CULVERTS, AND OVERTURNED SEVERAL TIMES."
1184042,3190023108,Missouri State Highway Patrol-Troop B,1564963200000,190453001,1,0,1,0,Personal Injury,KNOX,EDINA,B,2,2,0,0,0,AT,N,MO 15,CST MONTICELLO ST,Daylight,Motor Vehicle in Transport,1,64,Mon     ,0,0,0,0,0,1,1,0,0,0,0,1,0,0,0,1,0,0,0,0,1,0,0,1,0,40.16845,-92.17508,0,08/05/2019,13:05:00,VEHICLE 2 FAILED TO YIELD AND WAS STRUCK BY VEHICLE 1 IN THE RIGHT SIDE. ASSISTED BY THE KNOX COUNTY SHERIFF'S DEPARTMENT AND THE EDINA POLICE DEPARTMENT.
897478,3190020471,Missouri State Highway Patrol-Troop D,1564963200000,190453055,2,0,1,1,Personal Injury,GREENE,NON-CITY OR UNINCORPORATED,D,2,2,0,269,0.05,B ,E ,US 60,PVT HIGHLAND SPRINGS BLVD,Daylight,Motor Vehicle in Transport,1,61,Mon     ,0,0,0,0,0,0,0,0,0,0,0,0,0,0,0,0,0,0,0,0,1,0,0,0,1,37.12097,-93.21689,0,08/05/2019,13:30:00,CRASH OCCURRED AS FRONT OF VEH #2 STRUCK THE REAR OF VEH #1. AFTER IMPACT VEH #2 CROSSED THE MEDIAN INTO THE WESTBOUND LANES.
1307501,3190021154,Missouri State Highway Patrol-Troop C,1564963200000,190453375,1,0,0,1,Personal Injury,JEFFERSON,NON-CITY OR UNINCORPORATED,C,3,3,0,0,0,AT,W ,MO 30,CRD HIGH RIDGE BLVD,Daylight,Motor Vehicle in Transport,1,63,Mon     ,0,0,0,0,0,0,0,1,0,1,0,0,0,0,0,1,0,0,0,0,0,0,0,0,0,38.46413,-90.5252,0,08/05/2019,16:10:00,"VEHICLE 1 AND 2 WERE TRAVELING WESTBOUND ON ROUTE 30. VEHICLE 3 WAS TRAVELING SOUTHBOUND ON HIGH RIDGE BOULEVARD. DRIVER 1 EXECUTED A LANE CHANGE TO THE RIGHT, CAUSING THE FRONT RIGHT OF VEHICLE 1 TO STRIKE THE LEFT SIDE OF VEHICLE 2. VEHICLE 2 WAS THEN PUSHED INTO VEHICLE 3."
1123230,3190020402,Missouri State Highway Patrol-Troop E,1564963200000,190453404,2,0,1,1,Personal Injury,MADISON,NON-CITY OR UNINCORPORATED,E,1,1,0,1985,0.38,B ,S ,RT M,CRD 202,Daylight,Fixed Object,2,,Mon     ,0,0,0,0,0,0,0,0,0,0,0,0,0,0,0,0,0,0,0,0,0,0,0,0,0,37.32141,-90.27881,0,08/05/2019,16:15:00,"CRASH OCCURRED AS VEHICLE ONE WAS TRAVELING SOUTH ON ROUTE M. VEHICLE ONE TRAVELED OFF THE RIGHT SIDE OF THE ROADWAY STRIKING A FENCE, THEN CONTINUED AND STRUCK A TREE BEFORE COMING TO REST."
1212894,3190023664,Missouri State Highway Patrol-Troop C,1564963200000,190453565,2,0,0,2,Personal Injury,WASHINGTON,NON-CITY OR UNINCORPORATED,C,1,1,0,9504,1.8,B ,E ,CRD DUG OUT ROAD,PVT PK WAS18 D,Daylight,Fixed Object,2,,Mon     ,1,0,0,0,0,0,0,1,0,0,0,0,0,0,0,0,0,0,0,0,1,0,0,1,0,38.09343,-90.70707,0,08/05/2019,17:15:00,VEHICLE 1 WAS TRAVELING NORTHBOUND ON DUG OUT ROAD AND TRAVELED OFF THE RIGHT SIDE OF THE ROADWAY. DRIVER 1 OVERCORRECTED. VEHICLE 1 TRAVELED OFF THE LEFT SIDE OF THE ROADWAY AND STRUCK A TREE. ASSISTED BY TPR. D. M. DOOLEY (301) AND TPR. T. J. STRAATMANN (959).
817335,3190021489,Missouri State Highway Patrol-Troop A,1564963200000,190453572,3,0,3,0,Personal Injury,CLAY,LIBERTY,A,2,2,0,300,0.06,A ,S ,IS 35,ERM SOUTH IS 35 MILE 196,Daylight,Motor Vehicle in Transport,1,61,Mon     ,0,0,0,0,0,1,1,0,0,0,0,0,0,0,0,1,0,0,0,0,0,0,0,0,0,39.27988,-94.42059,0,08/05/2019,17:00:00,CRASH OCCURRED AS VEHICLE #1 WAS STOPPED IN TRAFFIC AND VEHICLE #2 FAILED TO STOP AND STRUCK VEHICLE #1.
1193704,3190020563,Missouri State Highway Patrol-Troop F,1564963200000,190453661,1,0,0,1,Personal Injury,GASCONADE,NON-CITY OR UNINCORPORATED,F,1,1,0,274,0.05,B ,W ,US 50,CRD CHARLOTTE CHURCH WJ,Daylight,Fixed Object,2,,Mon     ,1,0,0,0,0,0,0,1,0,0,0,0,0,0,0,1,0,0,0,0,0,0,0,0,0,38.44973,-91.44735,0,08/05/2019,17:56:00,"VEH 1 TRAVELED OFF THE RIGHT SIDE OF THE ROADWAY,OVERCORRECTED, RETURNED TO THE ROADWAY, OVERCORRECTED, TRAVELED OF THE RIGHT SIDE, STRUCK A STOP SIGN AND ROAD SIGN, STRUCK A FENCE, AND 3 COWS BEFORE COMING TO REST OFF THE ROADWAY. ASSISTED BY SGT. K. M. KREFTMEYER (934) AND GASCONADE COUNTY S.O."
1140853,3190020872,Missouri State Highway Patrol-Troop E,1564963200000,190453701,3,0,3,0,Personal Injury,BUTLER,NON-CITY OR UNINCORPORATED,E,2,2,0,116,0.02,A ,N,US 67,RT C,Daylight,Motor Vehicle in Transport,1,61,Mon     ,0,0,0,0,0,0,0,0,0,0,0,0,0,0,0,1,0,0,0,0,1,0,0,0,1,36.68777,-90.48416,0,08/05/2019,18:15:00,CRASH OCCURRED AS VEHICLE 1 STRUCK THE REAR OF VEHICLE 2.
835329,3190020595,Missouri State Highway Patrol-Troop A,1564963200000,190453725,1,0,1,0,Personal Injury,CARROLL,NON-CITY OR UNINCORPORATED,A,1,1,0,853,0.16,B ,N,RT D,RT E,Daylight,Fixed Object,2,,Mon     ,0,0,0,0,0,0,0,1,0,0,0,0,0,0,0,1,0,0,0,0,0,0,0,0,0,39.37767,-93.68248,0,08/05/2019,18:15:00,CRASH OCCURRED AS VEHICLE 1 WAS NORTHBOUND ON ROUTE D. VEHICLE RAN OFF THE RIGHT SIDE OF THE ROADWAY AND STRUCK A CULVERT. VEHICLE 1 OVERTURNED AND CAME TO REST ON ITS TOP IN THE ROADWAY. ASSISTED BY TPR T. K. LEFTWICH /862/
944748,3190020689,Missouri State Highway Patrol-Troop D,1564963200000,190453943,1,0,1,0,Personal Injury,JASPER,NON-CITY OR UNINCORPORATED,D,1,1,0,601,0.11,A ,E ,CRD CEDAR RD,CRD 130,Dark-Unlighted,Overturn,1,,Mon     ,0,0,0,0,0,0,0,1,1,0,0,0,0,0,0,1,0,0,0,0,0,0,0,0,0,37.09674,-94.29192,0,08/05/2019,20:50:00,"VEHICLE 1 RAN OFF RIGHT SIDE OF ROADWAY, DRIVER OVERCORRECTED AND VEHICLE OVERTURNED."
1140854,3190020594,Missouri State Highway Patrol-Troop E,1564963200000,190453954,5,0,5,0,Personal Injury,BUTLER,NON-CITY OR UNINCORPORATED,E,2,2,0,4752,0.9,A ,S ,US 67,CRD 276,Dark-Unlighted,Motor Vehicle in Transport,1,61,Mon     ,0,0,0,0,0,0,0,0,0,0,0,0,0,0,0,1,0,0,0,0,0,0,0,0,0,36.50439,-90.53977,0,08/05/2019,21:10:00,CRASH OCCURRED AS VEHICLE 1 STRUCK VEHICLE 2 IN THE REAR.
1048291,3190020868,Missouri State Highway Patrol-Troop I,1564963200000,190453970,1,0,1,0,Personal Injury,CRAWFORD,NON-CITY OR UNINCORPORATED,I,1,1,0,3168,0.6,A ,S ,RT JJ,CST FOREST HILL RD SJ,Dark-Unlighted,Fixed Object,2,,Mon     ,0,0,0,0,0,0,1,0,0,0,0,0,0,0,0,0,0,0,0,0,1,0,0,1,0,38.14177,-91.24833,0,08/05/2019,20:45:00,THE CRASH OCCURRED AS DRIVER 1 FAILED TO NEGOTIATE A CURVE. VEHICLE 1 TRAVELED OFF THE RIGHT SIDE OF THE ROADWAY AND STRUCK AN EMBANKMENT.
967059,3190021104,Missouri State Highway Patrol-Troop D,1564963200000,190454094,1,0,0,1,Personal Injury,BARRY,NON-CITY OR UNINCORPORATED,D,1,1,0,35,0.01,A ,W ,MO 76,CRD 2142,Dark-Unlighted,Overturn,2,,Mon     ,1,0,0,0,0,0,0,0,0,0,0,0,0,0,0,0,0,0,0,0,0,0,0,0,0,36.72889,-94.03132,0,08/05/2019,22:45:00,CRASH OCCURRED AS VEHICLE #1 WENT OFF LEFT SIDE OF THE ROADWAY AND OVERTURNED.
1170025,3190021307,Missouri State Highway Patrol-Troop F,1565049600000,190454164,0,1,0,0,Fatal,MORGAN,NON-CITY OR UNINCORPORATED,F,1,1,0,374,0.07,A ,S ,CRD BEE STING DR,CRD CRYSTAL RD,Dark-Unlighted,Fixed Object,2,,Mon     ,0,0,0,0,1,0,0,0,0,0,0,0,0,0,0,1,0,0,0,0,0,0,1,0,0,38.49455,-92.92041,1,08/05/2019,23:55:00,***FATALITY ACCIDENT***NEXT OF KIN NOTIFIED***OCCURRED AS VEHICLE 1 WAS TRAVELING SOUTHBOUND ON BEE STING DRIVE. VEHICLE 1 CROSSED THE CENTER LINE AND TRAVELED OFF THE LEFT SIDE OF THE ROADWAY. VEHICLE 1   STRUCK A DITCH AND OVERTURNED. DRIVER 1 WAS PRONOUNCED BY DR. LEACH AT LAKE REGIONAL HOSPITAL AT 0143. THIS IS TROOP F'S 2ND FATALITY FOR AUGUST AND 36TH FOR 2019.
784089,3190020810,Missouri State Highway Patrol-Troop A,1565049600000,190454187,1,0,0,1,Personal Injury,CLAY,KANSAS CITY,A,1,1,0,380,0.07,A ,N,IS 35,ERM NORTH IS 35 MILE 90,Dark-Unlighted,Fixed Object,2,,Tue     ,1,0,0,0,0,0,0,0,0,0,0,0,0,0,0,1,0,0,0,0,1,0,0,1,0,39.17299,-94.54442,0,08/06/2019,00:28:00,"OCCURRED AS VEH1 TRAVELED OFF ROADWAY AND STRUCK GUARD RAIL, OVERTURNING AND COMING TO REST ON PASSERNGER SIDE. ASSISTED BY CPL J D HALL /1334/ AND TPR C A ADKISON /530/"
1150717,3190021162,Missouri State Highway Patrol-Troop E,1565049600000,190454190,1,0,1,0,Personal Injury,PEMISCOT,NON-CITY OR UNINCORPORATED,E,1,1,0,190,0.04,A ,N,IS 55,ERM NORTH IS 55 MILE 168,Dark-Unlighted,Overturn,1,,Tue     ,0,0,0,0,0,0,0,0,0,0,0,0,0,0,0,1,0,0,0,0,0,0,0,0,1,36.20547,-89.75354,0,08/06/2019,00:20:00,VEH1 RAN OFF THE ROADWAY AND OVERTURNED.
1009695,3190020450,Missouri State Highway Patrol-Troop D,1565049600000,190454252,1,0,1,0,Personal Injury,WEBSTER,NON-CITY OR UNINCORPORATED,D,1,1,0,300,0.06,B ,W ,IS 44,ERM WEST IS 44 MILE 1026,Daylight,Overturn,2,,Tue     ,0,0,0,0,0,0,0,0,0,0,0,0,0,0,0,0,0,0,0,0,0,0,0,0,0,37.36006,-92.91022,0,08/06/2019,06:05:00,OCCURRED AS #1 LEFT THE ROADWAY AND OVERTURNED
1210675,3190020535,Missouri State Highway Patrol-Troop C,1565049600000,190454291,1,0,1,0,Personal Injury,ST. LOUIS,BERKELEY,C,2,2,0,184,0.03,B ,E ,RP 228096,CST AIRPORT RD,Daylight,Motor Vehicle in Transport,1,61,Tue     ,0,0,0,0,1,0,0,0,0,0,0,0,0,0,0,1,0,0,0,0,1,0,0,1,0,38.74915,-90.33725,0,08/06/2019,06:50:00,VEHICLE 1 WAS DRIVING TOO FAST FOR CONDITIONS AND STRUCK VEHICLE 2 IN THE REAR. ASSISTED BY F.T.O. MSGT. M.E. BRONIEC (598)
1036178,3190021120,Missouri State Highway Patrol-Troop I,1565049600000,190454364,1,0,1,0,Personal Injury,PHELPS,NON-CITY OR UNINCORPORATED,I,1,1,0,23,0,B ,E ,IS 44,ERM EAST IS 44 MILE 1712,Daylight,Fixed Object,2,,Tue     ,0,0,0,0,0,0,1,0,0,0,0,0,0,0,0,0,0,0,0,0,0,0,0,0,0,37.89583,-92.00892,0,08/06/2019,07:39:00,"OCCURRED AS VEHICLE 1 WAS RAN OFF THE ROADWAY BY AN UNKNOWN TRACTOR TRAILER UNIT, TRAVELED DOWN AND EMBANKMENT,  IMPACTING A DITCH AND A TREE. ASSISTED BY SGT S W CUNNINGHAM (285) AND TPR J N RIGSBY (1196)"
1233891,3190020735,Missouri State Highway Patrol-Troop C,1565049600000,190454463,1,0,1,0,Personal Injury,ST. LOUIS,NON-CITY OR UNINCORPORATED,C,2,2,0,216,0.04,A ,N,IS 55,CST GREEN PARK RD,Daylight,Motor Vehicle in Transport,1,61,Tue     ,0,0,0,0,0,0,0,1,0,0,0,0,0,0,0,1,0,0,0,0,0,0,0,0,0,38.52499,-90.31927,0,08/06/2019,08:30:00,VEHICLE 2 WAS SLOWING FOR TRAFFIC. VEHICLE 1 FAILED TO STOP IN TIME. VEHICLE 1 STRUCK THE REAR OF VEHICLE 2.
927501,3190021125,Missouri State Highway Patrol-Troop D,1565049600000,190454879,1,0,1,0,Personal Injury,MCDONALD,NON-CITY OR UNINCORPORATED,D,2,2,0,448,0.08,B ,S ,IS 49,ERM SOUTH IS 49 MILE 112,Daylight,Motor Vehicle in Transport,1,64,Tue     ,0,0,0,0,0,0,0,1,0,0,0,0,0,0,0,1,0,0,0,0,1,0,0,1,1,36.65395,-94.42021,0,08/06/2019,11:25:00,CRASH OCCURRED AS VEHICLE #1 WAS IN THE PASSING LANE AND VEHICLE #2 WAS IN THE DRIVING LANE. VEHICLE #1'S TOWED UNIT BEGAN TO FISHTAILED AND STRUCK THE DRIVER'S SIDE OF VEHICLE #2 WHICH TRAVELED OFF THE RIGHT SIDE OF THE ROADWAY AND STRUCK A GUARDRAIL. VEHICLE #1 TRAVELED INTO THE MEDIAN AND THE TOWED UNIT OVERTURNED.
1012548,3190020599,Missouri State Highway Patrol-Troop D,1565049600000,190454892,1,0,1,0,Personal Injury,VERNON,NON-CITY OR UNINCORPORATED,D,2,2,0,105,0.02,B ,W ,US 54,CRD 2300,Daylight,Motor Vehicle in Transport,1,61,Tue     ,0,0,0,0,0,1,1,0,0,0,0,0,0,0,0,0,0,0,0,0,1,0,0,1,0,37.86144,-94.21527,0,08/06/2019,11:30:00,CRASH OCCURRED AS VEH #2 WAS SLOWING TO MAKE A LEFT TURN AND WAS STRUCK IN THE REAR BY VEH #1
1017251,3190021532,Missouri State Highway Patrol-Troop D,1565049600000,190454893,2,0,2,0,Personal Injury,NEWTON,NON-CITY OR UNINCORPORATED,D,2,2,Y,0,0,AT,N,RT H,RT HH,Daylight,Motor Vehicle in Transport,1,64,Tue     ,0,0,0,0,0,0,1,0,0,0,0,1,0,0,0,1,0,0,0,0,1,0,0,1,0,36.82696,-94.26581,0,08/06/2019,11:30:00,"CRASH OCCURRED AS VEH 1 FAILED TO STOP FOR STOP FOR STOP SIGN AND PULLED INTO THE PATH OF VEH 2.  AFTER IMPACT, VEH 2 RAN OFF THE ROADWAY AND OVERTURNED.  ASSISTED BY TPR B. DODSON #1324."
1200662,3190020697,Missouri State Highway Patrol-Troop F,1565049600000,190454951,2,0,2,0,Personal Injury,CAMDEN,NON-CITY OR UNINCORPORATED,F,1,1,0,1246,0.24,A ,N,RT D,PVT HA19P A,Daylight,Overturn,2,,Tue     ,0,0,0,0,0,0,1,0,0,0,0,0,0,0,0,0,0,0,0,0,0,0,0,0,0,37.98625,-92.76976,0,08/06/2019,12:00:00,"CRASH OCCURRED AS VEHICLE 1 SWERVED TO AVOID A DEER, RAN OFF THE RIGHT SIDE OF THE ROAD, AND OVERTURNED."
1058123,3190021215,Missouri State Highway Patrol-Troop I,1565049600000,190455002,2,0,0,2,Personal Injury,CRAWFORD,CUBA,I,2,2,0,0,0,AT,W ,RT ZZ,CRD COTTON DODD ROAD,Daylight,Motor Vehicle in Transport,1,60,Tue     ,0,0,0,0,0,0,0,1,1,0,0,1,0,0,0,1,0,0,0,0,1,0,0,1,0,38.04962,-91.42946,0,08/06/2019,12:25:00,"VEHICLE 2 FAILED TO YIELD TO ONCOMING TRAFFIC AND TRAVELED INTO THE PATH OF VEHICLE 1. ASSISTED BY MSGT D. E. DICUS, (441), MSGT R. A. COPELAND, (308), AND SHERIFF'S OFFICE CRAWFORD COUNTY."
1259907,3190023506,Missouri State Highway Patrol-Troop C,1565049600000,190455028,0,1,0,0,Fatal,ST. CHARLES,ST CHARLES,C,1,1,0,322,0.06,A ,E ,RP 6457,IS 70 WJ,Daylight,Fixed Object,2,,Tue     ,0,0,0,0,0,0,0,1,0,0,0,0,0,0,0,1,0,0,0,0,0,1,0,0,0,38.77807,-90.51415,1,08/06/2019,12:35:00,"LATE FATALITY REPORT - VEHICLE 1 TRAVELED OFF THE RIGHT SIDE OF THE ROADWAY, STRUCK AN EXIT SIGN AND OVERTURNED EJECTING DRIVER 1. DRIVER 1 PRONOUNCED ON 08/13/2019 AT 0827 HOURS BY DR. RYAN CLEARY AT SSM HEALTH ST LOUIS UNIVERSITY HOSPITAL. ASSISTED BY MSGT J.L. DECKER (240)  AND CPL K L. HAMMERLING (1242)"
1217511,3190020900,Missouri State Highway Patrol-Troop C,1565049600000,190455107,1,0,1,0,Personal Injury,FRANKLIN,NON-CITY OR UNINCORPORATED,C,1,1,0,2265,0.43,A ,N,MO 185,CRD MUELLER ROAD,Daylight,Overturn,2,,Tue     ,0,0,0,0,1,0,0,0,0,0,0,0,0,0,0,1,0,0,0,0,1,0,0,0,1,38.37063,-91.19146,0,08/06/2019,13:10:00,"VEHICLE 1 TRAVELED OFF THE RIGHT SIDE OF THE ROAD, OVERTURNED, AND STRUCK A FENCE."
1196535,3190021106,Missouri State Highway Patrol-Troop B,1565049600000,190455116,1,0,1,0,Personal Injury,MACON,NON-CITY OR UNINCORPORATED,B,1,1,0,360,0.07,A ,N,RT C,BRIDGE B0142,Daylight,Fixed Object,2,,Tue     ,0,0,0,0,0,0,0,0,0,0,0,0,0,0,0,0,0,0,0,0,0,0,0,0,1,39.64416,-92.56959,0,08/06/2019,13:10:00,"VEH 1'S  TOWED TRAILER DROPPED OFF THE EAST SIDE OF ROADWAY. DRIVER 1 LOST CONTROL, TRAVELED OFF THE EAST SIDE OF ROADWAY, STRUCK AN EMBANKMENT, A MAILBOX, AND OVERTURNED. VEH 1 CAME TO REST ON THE PASSENGER SIDE AND PARTIALLY ON THE ROADWAY."
1115082,3190020547,Missouri State Highway Patrol-Troop E,1565049600000,190455329,1,0,0,1,Personal Injury,MISSISSIPPI,NON-CITY OR UNINCORPORATED,E,1,1,0,389,0.07,B ,S ,IS 57,ERM SOUTH IS 57 MILE 32,Daylight,Fixed Object,2,,Tue     ,0,0,0,0,0,1,1,0,0,0,0,0,0,0,0,1,0,0,0,0,0,0,0,0,0,36.89286,-89.47896,0,08/06/2019,14:44:00,CRASH OCCURRED AS VEHICLE 1 WAS SOUTH BOUND ON INTERSTATE 57- DRIVER ATTEMPTED TO CHANGE LANES AND ALMOST STRUCK ANOTHER SOUTH BOUND VEHICLE- OVERCORRECTED AND TRAVELED OFF THE RIGHT SIDE OF ROADWAY STRIKING SOME TREES
1127648,3190021247,Missouri State Highway Patrol-Troop E,1565049600000,190455658,2,0,2,0,Personal Injury,WAYNE,NON-CITY OR UNINCORPORATED,E,1,1,0,458,0.09,B ,N,MO 49,CRD 451 SJ,Daylight,Overturn,2,,Tue     ,0,0,0,0,1,1,1,0,0,0,0,0,0,0,0,1,0,0,0,0,0,0,0,0,0,37.07434,-90.70698,0,08/06/2019,16:55:00,CRASH OCCURRED AS VEHICLE ONE RAN OFF THE RIGHT SIDE OF THE ROADWAY AND OVERTURNED
869053,3190021966,Missouri State Highway Patrol-Troop A,1565049600000,190455659,1,0,1,0,Personal Injury,CLAY,GLADSTONE,A,3,3,Y,100,0.02,B ,S ,IS 29,ERM SOUTH IS 29 MILE 22,Daylight,Motor Vehicle in Transport,1,61,Tue     ,0,0,0,0,0,,,1,,0,0,0,0,0,0,0,0,0,0,0,1,0,0,1,0,39.18144,-94.58895,0,08/06/2019,17:00:00,"OCCURRED AS VEH1 OVERTOOK AND STRUCK REAR OF VEH2, PUSHING VEH2 INTO REAR OF VEH3. ASSISTED BY TPR B N MARQUART /784/"
1116888,3190020951,Missouri State Highway Patrol-Troop E,1565049600000,190455679,1,0,1,0,Personal Injury,NEW MADRID,SIKESTON,E,2,2,0,174,0.03,A ,N,RT AA,EOR 55,Daylight,Motor Vehicle in Transport,1,61,Tue     ,0,0,0,0,0,0,0,0,0,1,0,0,0,1,0,0,0,0,0,0,1,1,0,1,0,36.85463,-89.53104,0,08/06/2019,17:05:00,CRASH OCCURRED AS VEHICLE TWO STRUCK VEHICLE ONE PARKED AT A RED LIGHT
1187161,3190020495,Missouri State Highway Patrol-Troop B,1565049600000,190455707,1,0,1,0,Personal Injury,MARION,NON-CITY OR UNINCORPORATED,B,1,1,0,1388,0.26,B ,E ,MO 168,CRD 171,Daylight,Fixed Object,2,,Tue     ,0,0,0,0,0,0,0,0,0,0,0,0,0,0,0,0,0,0,0,0,0,0,0,0,0,39.84009,-91.81051,0,08/06/2019,16:30:00,VEH 1 DRIVER FELL ASLEEP AND TRAVELED OFF THE LEFT SIDE OF ROADWAY AND STRUCK A FIELD ENTRANCE.
897401,3190021912,Missouri State Highway Patrol-Troop D,1565049600000,190455740,1,0,1,0,Personal Injury,GREENE,NON-CITY OR UNINCORPORATED,D,1,1,0,300,0.06,B ,E ,IS 44,ERM EAST IS 44 MILE 760,Daylight,Fixed Object,2,,Tue     ,1,0,0,0,1,0,1,0,0,0,0,0,0,0,0,1,0,0,0,0,0,0,0,0,0,37.24952,-93.34313,0,08/06/2019,17:40:00,"CRASH OCCURRED AS VEHICLE 1 WAS TRAVELING EAST ON I-44.  VEHICLE 1 RAN OFF THE LEFT SIDE OF THE ROAD, STRUCK THE MEDIAN CABLES, AND OVERTURNED INTO THE MEDIAN."