objectid,accident,agency,inv_date,complaint,injured,killed,min_inj,dis_inj,severity,county,city,troop,no_vehicle,motor_veh,left_scene,dist_feet,dist_mile,inter_loc,direction,on_street,at_street,light_cond,acc_type,on_off_rd,two_veh,day_week,dr_drink,dr_drug,ped_drink,ped_drug,speed,dr_under21,dr_under25,dr_over55,dr_over64,electrical,emer_veh,stop_sign,yield_sign,czone,hazmat,aggressive,cell_phone,texting,veh_defect,school_bus,truck,motorcycle,atv,pickup,cmv,gps_lat,gps_long,severity_fatal,acc_date,acc_time,narrative
1249715,3190021565,Missouri State Highway Patrol-Troop C,1565049600000,190455772,1,0,1,0,Personal Injury,STE. GENEVIEVE,NON-CITY OR UNINCORPORATED,C,1,1,0,887,0.17,A ,S ,RT M,PVT TOOTS HILL LN,Daylight,Fixed Object,2,,Tue     ,0,0,0,0,0,1,1,0,0,0,0,0,0,0,0,1,0,0,0,0,1,0,0,1,0,37.88489,-90.04307,0,08/06/2019,17:43:00,"DRIVER 1 FAILED TO NEGOTIATE A CURVE TO THE LEFT. VEHICLE 1 TRAVELED OFF THE LEFT SIDE OF THE ROADWAY, STRUCK SEVERAL SMALL TREES, AND OVERTURNED."
1336752,3190021432,Missouri State Highway Patrol-Troop G,1565049600000,190455802,1,0,1,0,Personal Injury,DOUGLAS,NON-CITY OR UNINCORPORATED,G,1,1,0,4224,0.8,A ,S ,RT K,CRD K-514,Daylight,Fixed Object,2,,Tue     ,0,0,0,0,0,0,0,0,0,0,0,0,0,0,0,0,0,0,0,0,1,0,0,1,0,37.00553,-92.70672,0,08/06/2019,17:55:00,"VEH #1 RAN OFF RIGHT SIDE OF ROADWAY, OVERCORRECTED AND OVERTURNED WHEN RETURNING TO ROADWAY."
1183949,3190020852,Missouri State Highway Patrol-Troop F,1565049600000,190456104,1,0,1,0,Personal Injury,AUDRAIN,NON-CITY OR UNINCORPORATED,F,1,1,0,1060,0.2,A ,E ,CRD 116,CRD 173,Dark-Unlighted,Fixed Object,2,,Tue     ,0,0,0,0,1,1,1,0,0,0,0,0,0,0,0,1,0,0,0,0,1,0,0,1,0,39.2745,-92.29628,0,08/06/2019,20:48:00,DRIVER 1 LOST CONTROL OF VEHICLE 1 ON THE GRAVEL ROADWAY. VEHICLE 1 OVERTURNED AND DRIVER 1 WAS EJECTED.
1509191,3190021156,Missouri State Highway Patrol-Troop H,1565049600000,190456281,2,0,0,2,Personal Injury,NODAWAY,NON-CITY OR UNINCORPORATED,H,1,1,0,0,0,AT,W ,CRD 280TH STREET,CRD KATYDID ROAD,Dark-Unlighted,Fixed Object,2,,Tue     ,0,0,0,0,1,0,0,0,0,0,0,0,0,0,0,1,0,0,0,0,1,0,0,1,0,40.31571,-94.8175,0,08/06/2019,22:45:00,"CRASH OCCURRED AS VEHICLE 1 WAS WESTBOUND ON 280TH STREET. VEHICLE RAN THROUGH THE INTERSECTION OF KATYDID RD AND TRAVELED OFF THE WEST SIDE WHERE IT STRUCK AN EMBANKMENT. VEHICLE 1 CAME TO REST OFF THE WEST SIDE OF THE INTERSECTION ON ITS WHEELS FACING WEST. ASSISTED BY NODAWAY COUNTY SHERIFF'S DEPARTMENT, MARYVILLE FIRE DEPARTMENT, HOLT TOWNSHIP FIRE DEPARTMENT AND NODAWAY COUNTY EMS."
1204305,3190021958,Missouri State Highway Patrol-Troop F,1565049600000,190456298,0,1,0,0,Fatal,COOPER,NON-CITY OR UNINCORPORATED,F,1,1,0,242,0.05,B ,N,CRD CALIFORNIA DR,RT H,Dark-Unlighted,Fell/Jumped from MV,1,,Tue     ,1,0,0,0,0,0,1,0,0,0,0,0,0,0,0,0,0,0,0,0,0,0,0,0,0,38.69584,-92.65322,1,08/06/2019,23:15:00,***FATALITY ACCIDENT***NEXT OF KIN NOTIFIED***OCCURRED AS VEHICLE 1 WAS TRAVELING NORTHBOUND ON CALIFORNIA DRIVE. PASSENGER WAS IN THE BUCKET OF THE SKID STEER. VEHICLE 1 STRUCK A POTHOLE IN THE ROADWAY AND PASSENGER WAS EJECTED. VEHICLE 1 THEN STRUCK PASSENGER. KRAMEL WAS PRONOUNCED BY DR. MARK KATSAROS AT SSM HEALTH ST. MARY'S HOSPITAL - JEFFERSON CITY AT 0026. THIS IS TROOP F'S 3RD FATALITY FOR AUGUST AND 38TH FOR 2019.
1510220,3190020726,Missouri State Highway Patrol-Troop H,1565136000000,190456356,1,0,1,0,Personal Injury,GRUNDY,NON-CITY OR UNINCORPORATED,H,1,1,0,231,0.04,B ,E ,MO 6,CRD NE 70TH AVE,Dark-Unlighted,Animal,1,,Wed     ,0,0,0,0,0,0,0,1,0,0,0,0,0,0,0,0,0,0,0,0,0,1,0,0,0,40.09027,-93.46193,0,08/07/2019,00:30:00,"CRASH OCCURRED AS VEHICLE 1 WAS EASTBOUND ON MO6. VEHICLE 1 SWERVED TO AVOID AN ANIMAL IN THE ROADWAY BUT ENDED UP STRIKING IT. VEHICLE 1 CAME TO REST ON ITS SIDE IN THE WESTBOUND LANE OF MO6 AT SE 70TH RD. ASSISTED BY GRUNDY COUNTY SHERIFF'S DEPARTMENT, GALT FIRE PROTECTION DISTRICT AND GRUNDY COUNTY EMS."
1180902,3190021928,Missouri State Highway Patrol-Troop B,1565136000000,190456485,2,1,2,0,Fatal,PUTNAM,NON-CITY OR UNINCORPORATED,B,2,2,0,2291,0.43,A ,E ,CRD 230TH ST,CRD FOREST ST,Daylight,Motor Vehicle in Transport,1,60,Wed     ,0,0,0,0,1,1,1,0,0,0,0,0,0,0,0,1,0,0,0,0,1,0,0,1,0,40.39767,-93.35869,1,08/07/2019,06:57:00,"FATALITY ACCIDENT- NEXT OF KIN NOTIFIED- VEHICLE 1 WAS EASTBOUND AND VEHICLE 2 WAS WESTBOUND WHEN THEY MET ON A HILL CREST AND STRUCK NEARLY HEAD ON. BOTH VEHICLE OVERTURNED AND CAME TO REST OFF THE ROADWAY. DRIVER 1 WAS EJECTED. DRIVER 1 WAS PRONOUNCED DEAD AT THE SCENE BY THE MERCER CO CORONER, DOUGLAS PRIEST, AT 0736 HOURS."
1111566,3190020560,Missouri State Highway Patrol-Troop E,1565136000000,190456510,1,0,1,0,Personal Injury,DUNKLIN,NON-CITY OR UNINCORPORATED,E,1,1,0,2640,0.5,A ,S ,RT NN,CRD 720,Daylight,Fixed Object,2,,Wed     ,0,0,0,0,0,0,0,0,0,0,0,0,0,0,0,1,0,0,0,0,0,0,0,0,0,36.0526,-89.95927,0,08/07/2019,07:15:00,CRASH OCCURRED AS VEHICLE ONE TRAVELED OFF THE LEFT SIDE OF THE ROADWAY AND STRUCK A DITCH.
1017256,3190020655,Missouri State Highway Patrol-Troop D,1565136000000,190456559,2,0,2,0,Personal Injury,NEWTON,NON-CITY OR UNINCORPORATED,D,2,2,0,42,0.01,A ,N,CRD RACCOON RD,CRD MCDONALD RD,Daylight,Motor Vehicle in Transport,1,64,Wed     ,0,0,0,0,0,1,1,0,0,0,0,0,0,0,0,1,0,0,0,0,1,0,0,1,0,36.75367,-94.23794,0,08/07/2019,07:45:00,CRASH OCCURRED AS THE VEHICLES MET ON A BLIND CURVE AND STRUCK NEARLY HEAD ON.
1307558,3190022271,Missouri State Highway Patrol-Troop C,1565136000000,190456766,1,0,1,0,Personal Injury,JEFFERSON,NON-CITY OR UNINCORPORATED,C,3,3,0,84,0.02,B ,W ,RT MM,PVT PEACEFUL VALLEY,Daylight,Motor Vehicle in Transport,1,61,Wed     ,0,0,0,0,0,0,1,1,0,0,0,0,0,0,0,1,0,0,0,0,0,0,0,0,0,38.37943,-90.51778,0,08/07/2019,09:30:00,VEHICLE #1 STARTED SLOWING DOWN IN PREPARATION TO MAKE A RIGHT TURN ONTO BUCKEYE VALLEY ROAD.  VEHICLE #2 ALSO STARTED SLOWING DOWN.  THE FRONT OF VEHICLE #3 STRUCK THE REAR OF VEHICLE #2 AND PUSHED VEHICLE #2 INTO VEHICLE #1. ASSISTED BY TPR. R.P. MAHONEY (938)
785671,3190024617,Missouri State Highway Patrol-Troop A,1565136000000,190456790,1,1,0,1,Fatal,HENRY,NON-CITY OR UNINCORPORATED,A,2,2,0,459,0.09,A ,E ,MO 52,RT YY,Daylight,Motor Vehicle in Transport,1,60,Wed     ,0,0,0,0,0,0,0,1,1,0,0,0,0,0,0,1,0,0,0,0,0,0,0,0,0,38.40302,-93.73309,1,08/07/2019,09:38:00,"FATALITY CRASH - TROOP A FATALITY CRASH # 43 TROOP A FATAILY # 48.- NEXT OF KIN NOTIFIED - CRASH OCCURRED AS VEHICLE 1 WAS TRAVELING WESTBOUND AND VEHICLE 2 WAS TRAVING EASTBOUND ON MO 52 EAST OF ROUTE YY.  VEHICLE 1 CROSSED CENTERLINE AND STRUCK VEHICLE 2. VEHICLE 1 CAME TO REST IN THE CENTER OF THE ROADWAY. VEHICLE 2 CAME TO REST ON THE RIGHT SIDE OF THE ROADWAY. DRIVER 1 WAS PRONOUNCED ON SCENE BY CORONER DAIN SISK AT 0938.  ASSISTED BY TRP J M TOAL/967, TPR R W ROSENTHAL/930 AND HENRY COUNTY DEPUTIES."
1307555,3190020750,Missouri State Highway Patrol-Troop C,1565136000000,190456811,1,0,1,0,Personal Injury,JEFFERSON,NON-CITY OR UNINCORPORATED,C,2,2,0,158,0.03,B ,N,US 67,PVT CLOVER LEAF DRIVE,Daylight,Motor Vehicle in Transport,1,63,Wed     ,0,0,0,0,0,0,0,1,1,0,0,0,0,0,0,0,0,0,0,0,1,0,0,1,0,38.19393,-90.40825,0,08/07/2019,09:35:00,DRIVER #1 SUFFERED A MEDICAL CONDITION CAUSING VEHICLE #1 TO STRIKE THE SIDE OF VEHICLE #2. FORCE OF IMPACT CAUSED VEHICLE #2 TO STRIKE THE MEDIAN WALL AND VEHICLE #1 TO TRAVEL OFF THE EAST SIDE OF THE ROAD.
792907,3190020653,Missouri State Highway Patrol-Troop A,1565136000000,190456871,1,0,1,0,Personal Injury,CASS,NON-CITY OR UNINCORPORATED,A,1,1,0,421,0.08,B ,E ,MO 58,CRD HICKORY GROVE RD,Daylight,Fixed Object,2,,Wed     ,0,0,0,0,1,1,1,0,0,0,0,0,0,0,0,1,0,0,0,0,0,0,0,0,0,38.78269,-94.301,0,08/07/2019,10:25:00,"CRASH OCCURRED AS VEHICLE 1 CROSSED THE CENTER LINE, OVERCORRECTED AND TRAVELED OFF THE RIGHT SIDE OF THE ROADWAY. VEHICLE 1 TRAVELED DOWN AN EMBANKMENT AND CAME TO FINAL REST IN TREES. ASSISTED BY CASS COUNTY SHERIFF'S OFFICE."
785698,3190020822,Missouri State Highway Patrol-Troop A,1565136000000,190456915,1,0,1,0,Personal Injury,HENRY,NON-CITY OR UNINCORPORATED,A,1,1,0,2539,0.48,B ,E ,MO 52,BRIDGE H0016,Daylight,Fixed Object,2,,Wed     ,0,0,0,0,1,0,0,1,0,0,0,0,0,0,0,1,0,0,0,0,1,0,0,1,0,38.51887,-93.54414,0,08/07/2019,10:00:00,CRASH OCCURRED AS VEHICLE 1 WAS TRAVELING EASTBOUND ON MO 52.  VEHICLE 1 STARTED SLIDING AND RAN OFF THE RIGHT SIDE OF THE ROAD. VEHICLE 1 STRUCK A CENTURY LINK BOX AND A FENCE.  VEHICLE 1 CAME TO A FINAL REST FACING NORTHEAST.
1212886,3190021707,Missouri State Highway Patrol-Troop C,1565136000000,190456923,1,0,1,0,Personal Injury,WASHINGTON,NON-CITY OR UNINCORPORATED,C,1,1,0,464,0.09,B ,N,RT F,CRD PAT DALY RD,Daylight,Fixed Object,2,,Wed     ,0,0,0,0,0,0,0,0,0,0,0,0,0,0,0,0,0,0,0,0,0,0,0,0,0,38.01029,-90.82391,0,08/07/2019,10:58:00,VEHICLE 1 TRAVELED OFF THE LEFT SIDE OF THE ROADWAY AND STRUCK A TREE.
1017258,3190020980,Missouri State Highway Patrol-Troop D,1565136000000,190457038,1,0,1,0,Personal Injury,NEWTON,NON-CITY OR UNINCORPORATED,D,2,2,0,0,0,AT,S ,CRD KODIAK RD,CRD NORWAY RD,Daylight,Motor Vehicle in Transport,1,64,Wed     ,0,0,0,0,0,1,1,0,0,0,0,0,0,0,0,1,0,0,0,0,0,0,0,0,0,36.85116,-94.40968,0,08/07/2019,12:01:00,"ACCIDENT OCCURRED AS VEHICLE 1 WAS TRAVELING NORTHBOUND ON KODIAK WHEN IT ATTEMPTED TO TURN WESTBOUND ON MAY RD.  VEHICLE 2 ATTEMPTED TO PASS VEHICLE 1, STRIKING VEHICLE 1 ON THE LEFT SIDE."
1140846,3190020664,Missouri State Highway Patrol-Troop E,1565136000000,190457064,1,0,1,0,Personal Injury,BUTLER,NON-CITY OR UNINCORPORATED,E,2,2,0,84,0.02,A ,W ,US 60,RP 277598,Daylight,Motor Vehicle in Transport,1,61,Wed     ,0,0,0,0,1,0,0,1,0,0,0,0,0,0,0,1,0,0,0,0,0,0,0,0,0,36.79382,-90.33832,0,08/07/2019,12:25:00,CRASH OCCURRED AS VEHICLE ONE STRUCK THE REAR OF VEHICLE TWO
1328948,3190021550,Missouri State Highway Patrol-Troop G,1565136000000,190457199,2,0,1,1,Personal Injury,OREGON,NON-CITY OR UNINCORPORATED,G,1,1,0,945,0.18,B ,E ,US 160,BRIDGE J0603,Daylight,Fixed Object,2,,Wed     ,0,0,0,0,0,0,0,1,1,0,0,0,0,0,0,0,0,0,0,0,1,0,0,1,0,36.73373,-91.46224,0,08/07/2019,13:30:00,VEHICLE ONE TRAVELED OFF THE RIGHT SIDE OF THE ROADWAY AND STRUCK A TREE
1017257,3190020981,Missouri State Highway Patrol-Troop D,1565136000000,190457240,1,0,1,0,Personal Injury,NEWTON,NON-CITY OR UNINCORPORATED,D,1,1,0,2112,0.4,A ,N,CRD TIGER,CRD CHERRY RD,Daylight,Fixed Object,2,,Wed     ,0,0,0,0,0,0,1,0,0,0,0,0,0,0,0,0,1,0,0,0,1,0,0,1,0,37.01291,-94.16953,0,08/07/2019,13:53:00,"VEHICLE 1 WAS TRAVELING SOUTH BOUND ON TIGER ROAD.  DRIVER LOST CONTROL OF VEHICLE 1 AND OVERCORRECTED, CAUSING VEHICLE TO ROLL OVER AND COME TO REST ON ITS TOP."
1307556,3190021032,Missouri State Highway Patrol-Troop C,1565136000000,190457363,2,0,2,0,Personal Injury,JEFFERSON,NON-CITY OR UNINCORPORATED,C,1,1,0,1056,0.2,A ,W ,CRD OLD HWY M,PVT RUNGE FOREST DR,Daylight,Overturn,2,,Wed     ,0,0,0,0,0,1,1,0,0,0,0,0,0,0,0,1,0,0,0,0,0,0,0,0,0,38.35255,-90.40959,0,08/07/2019,14:55:00,VEHICLE #1 TRAVELED OFF THE NORTH SIDE OF THE ROADWAY AND OVERTURNED. ASSISTED BY CPL. J.S. WARREN (1175)
942835,3190020799,Missouri State Highway Patrol-Troop D,1565136000000,190457413,2,0,0,2,Personal Injury,DALLAS,NON-CITY OR UNINCORPORATED,D,2,2,0,0,0,AT,N,US 65,CRD NEILL ROAD,Daylight,Motor Vehicle in Transport,1,64,Wed     ,0,0,0,0,0,0,1,0,0,0,0,0,1,0,0,1,0,0,0,0,1,0,0,1,1,37.61162,-93.11474,0,08/07/2019,15:25:00,CRASH OCCURRED AS VEHICLE 1 AND A TOWED UNIT WAS TRAVELING NORTHBOUND.  EASTBOUND VEHICLE 2 ATTEMPTED TO CROSS NORTHBOUND LANES AND STRUCK VEHICLE 1'S TOWED UNIT. BOTH OCCUPANTS OF VEHICLE 2 WERE EJECTED.  DRIVER OF VEHICLE 2 HAS NOT BEEN DETERMINED.
1200918,3190021412,Missouri State Highway Patrol-Troop C,1565136000000,190457428,2,0,2,0,Personal Injury,LINCOLN,MOSCOW MILLS,C,5,5,0,517,0.1,A ,N,US 61,CST AUTO SALVAGE RD,Daylight,Motor Vehicle in Transport,1,61,Wed     ,,,,,,0,0,1,1,0,0,0,0,0,0,,0,0,,0,0,0,0,0,1,38.92996,-90.92478,0,08/07/2019,15:34:00,"ALL VEHICLES WERE NORTHBOUND ON HIGHWAY 61.  DRIVER 2 ATTEMPTED TO MAKE A LANE CHANGE FROM THE RIGHT LANE TO THE LEFT IN FRONT OF VEHICLE 1.  DRIVER 1 WAS UNABLE TO STOP IN TIME, CAUSING VEHICLE 1 TO STRIKE VEHICLE 2.  VEHICLE 2 THEN STRUCK VEHICLE 3.  AFTER STRIKING VEHICLE 3, VEHICLE 2 ALSO STRUCK VEHICLE4. VEHICLE 1 THEN STRUCK VEHICLE 5."
1233899,3190021227,Missouri State Highway Patrol-Troop C,1565136000000,190457457,1,0,1,0,Personal Injury,ST. LOUIS,NON-CITY OR UNINCORPORATED,C,2,2,0,248,0.05,B ,W ,IS 270,ERM SOUTH IS 270 MILE 152,Daylight,Motor Vehicle in Transport,1,61,Wed     ,0,0,0,0,0,0,0,0,0,0,0,0,0,0,0,1,0,0,0,0,0,0,0,0,0,38.67884,-90.44974,0,08/07/2019,15:40:00,VEHICLE 1 WAS BEHIND VEHICLE 2. DRIVER 2 SLOWED TO STOP AND THE FRONT OF VEHICLE 1 STRUCK THE REAR OF VEHICLE 2. ASSISTED BY CPL A. D. SMITH (1357).
1209847,3190021138,Missouri State Highway Patrol-Troop F,1565136000000,190457545,1,0,1,0,Personal Injury,COLE,NON-CITY OR UNINCORPORATED,F,1,1,0,1013,0.19,A ,N,RT D,CRD VAUGHN FORD RD,Daylight,Fixed Object,2,,Wed     ,,,,,,0,0,0,0,0,0,0,0,0,0,,0,0,,0,0,0,0,0,0,38.47878,-92.33074,0,08/07/2019,16:18:00,OCCURRED AS VEHICLE 1 TRAVELED OFF THE RIGHT SIDE OF THE ROAD AND STRUCK A TREE.
1274399,3190020923,Missouri State Highway Patrol-Troop C,1565136000000,190457563,5,0,4,1,Personal Injury,ST. FRANCOIS,NON-CITY OR UNINCORPORATED,C,1,1,0,30,0.01,B ,W ,RT CC,CRD COLE RD,Daylight,Fixed Object,2,,Wed     ,0,0,0,0,0,1,1,0,0,0,0,0,0,0,0,0,0,0,0,0,0,0,0,0,0,38.04514,-90.62334,0,08/07/2019,16:15:00,DRIVER 1 WAS DRIVING TOO FAST FOR CONDITIONS AND  DROVE OFF THE RIGHT SIDE OF THE ROADWAY CAUSING  VEHICLE 1 TO OVERTURN
944744,3190021351,Missouri State Highway Patrol-Troop D,1565136000000,190457740,1,1,0,1,Fatal,JASPER,NON-CITY OR UNINCORPORATED,D,3,3,0,2782,0.53,B ,E ,MO 96,CRD 120,Daylight,Motor Vehicle in Transport,1,64,Wed     ,0,0,0,0,0,1,1,1,0,0,0,0,0,0,0,1,0,0,0,0,1,0,0,1,0,37.19596,-94.28157,1,08/07/2019,17:30:00,"FATALITY REPORT.  THIS IS TROOP D'S 67TH FATALITY FOR 2019.  NEXT OF KIN NOTIFIED.  VEHICLE #1'S TRAILER CROSSED THE CENTER OF THE ROADWAY AND STRUCK VEHICLE #2. CARGO FROM VEHICLE #1'S TRAILER STRUCK VEHICLE #3.  SUBJECT WAS PRONOUNCED DECEASED BY DR CLINT LOY AT MERCY HOSPITAL, JOPLIN AT 1843 HOURS.  AS REQUIRED BY LAW THE SURVIVING DRIVER WAS TESTED FOR ALCOHOL."
1017255,3190021531,Missouri State Highway Patrol-Troop D,1565136000000,190457891,2,0,1,1,Personal Injury,NEWTON,NON-CITY OR UNINCORPORATED,D,2,2,0,31,0.01,B ,S ,MO 43,CRD GUM,Daylight,Motor Vehicle in Transport,1,62,Wed     ,0,0,0,0,0,0,0,0,0,0,0,0,0,0,0,1,0,0,0,0,1,0,0,0,1,36.95442,-94.55647,0,08/07/2019,18:51:00,CRASH OCCURRED AS NORTHBOUND VEHICLE 1 CROSSED THE CENTER LINE STRIKING SOUTHBOUND VEHICLE 2.
1307554,3190020968,Missouri State Highway Patrol-Troop C,1565136000000,190457931,3,0,3,0,Personal Injury,JEFFERSON,NON-CITY OR UNINCORPORATED,C,2,2,0,0,0,AT,S ,RT E,CRD UPPER BLACKWELL RD,Daylight,Motor Vehicle in Transport,1,64,Wed     ,0,0,0,0,0,0,1,0,0,0,0,1,0,0,0,1,0,0,0,0,0,0,0,0,0,38.02442,-90.56846,0,08/07/2019,19:15:00,VEHICLE 1 WAS SOUTHBOUND  ON HIGHWAY E. VEHICLE 2 WAS WESTBOUND ON UPPER BLACKWELL ROAD. DRIVER 2  FAILED TO YIELD TO VEHICLE 1 AT THE STOP SIGN. THE FRONT OF VEHICLE 1 STRUCK THE REAR PASSENGER SIDE OF VEHICLE 2. VEHICLE 1 DROVE OFF RIGHT SIDE OF ROADWAY. VEHICLE 2 DROVE OFF THE LEFT SIDE OF THE ROAD AND OVERTURNED
996203,3190020817,Missouri State Highway Patrol-Troop D,1565136000000,190458072,2,0,1,1,Personal Injury,STONE,NON-CITY OR UNINCORPORATED,D,1,1,0,506,0.1,B ,W ,MO 86,CRD COW CREEK RD,Dark-Unlighted,Fixed Object,2,,Wed     ,1,0,0,0,1,0,0,0,0,0,0,0,0,0,0,1,0,0,0,0,0,0,0,0,0,36.53897,-93.38967,0,08/07/2019,20:35:00,V1 RAN OFF THE LEFT SIDE OF THE ROAD AND OVERTURNED.
1319150,3190020854,Missouri State Highway Patrol-Troop G,1565222400000,190458395,0,1,0,0,Fatal,REYNOLDS,NON-CITY OR UNINCORPORATED,G,1,1,0,5280,1,A ,S ,RT KK,CRD 907,Dark-Unlighted,Fixed Object,2,,Thu     ,0,0,0,0,1,0,1,0,0,0,0,0,0,0,0,1,0,0,0,0,0,0,0,0,0,37.5351,-91.11405,1,08/08/2019,05:15:00,"F A T A L I T Y    A C C I D E N T  LATE DEATH     DRIVER PRONOUNCED AT 1345 HOURS, AUGUST 13, 2019 BY DR MARY PARK AT BARNES JEWISH HOSPITAL ST LOUIS   NEXT OF KIN HAS BEEN NOTIFIED   TROOP G FATAL #22 FOR 2019 COMPARED TO 23 SAME TIME PERIOD IN 2018  VEHICLE ONE TRAVELED OFF THE RIGHT SIDE OF THE ROADWAY AND IMPACTED A TREE"
784128,3190021228,Missouri State Highway Patrol-Troop A,1565222400000,190458440,2,0,2,0,Personal Injury,CLAY,KANSAS CITY,A,2,2,0,21,0,A ,W ,MO 210,MO 210,Daylight,Motor Vehicle in Transport,1,61,Thu     ,0,0,0,0,0,0,0,1,0,0,0,0,0,1,0,1,0,0,0,0,1,0,0,1,1,39.15922,-94.49676,0,08/08/2019,06:35:00,CRASH OCCURRED AS VEHICLE 2 SLOWED FOR TRAFFIC CONGESTION AND WAS STRUCK IN THE REAR BY VEHICLE 1.  ASSISTED BY CLAY COUNTY DEPUTIES
1017252,3190020979,Missouri State Highway Patrol-Troop D,1565222400000,190458703,1,0,0,1,Personal Injury,NEWTON,NON-CITY OR UNINCORPORATED,D,1,1,0,142,0.03,B ,S ,IS 49,ERM SOUTH IS 49 MILE 356,Daylight,Fixed Object,2,,Thu     ,0,0,0,0,1,0,0,0,0,0,0,0,0,0,0,1,0,0,0,0,0,0,0,0,0,36.99788,-94.43122,0,08/08/2019,09:00:00,"CRASH OCCURRED AS VEH #1 WAS SOUTHBOUND ON I49 . DRIVER LOST CONTROL ON WET ROADWAY, RAN OFF THE RIGHT SIDE OF THE ROADWAY RETURNED TO ROAD COMING TO STOP ON SB I49 BLOCKING BOTH LANES"
1017253,3190020983,Missouri State Highway Patrol-Troop D,1565222400000,190458793,1,0,1,0,Personal Injury,NEWTON,NON-CITY OR UNINCORPORATED,D,2,2,0,47,0.01,A ,S ,IS 49,RT V,Daylight,Motor Vehicle in Transport,2,61,Thu     ,0,0,0,0,0,0,0,1,0,0,0,0,0,0,0,0,0,0,0,0,0,0,0,0,1,36.99647,-94.43172,0,08/08/2019,09:00:00,"ATTEMPTING TO AVOID AN ACCIDENT THAT JUST OCCURRED, VEHICLE 1 AND VEHICLE 2 TRAVELED OFF THE RIGHT SIDE OF THE ROADWAY. VEHICLE 2 WAS THEN REAR ENDED BY VEHICLE 1."
982704,3190020995,Missouri State Highway Patrol-Troop D,1565222400000,190458907,1,0,1,0,Personal Injury,TANEY,NON-CITY OR UNINCORPORATED,D,1,1,0,8,0,A ,W ,MO 76,CRD CANDLESTICK RD,Daylight,Fixed Object,2,,Thu     ,0,0,0,0,1,0,0,0,0,0,0,0,0,0,0,1,0,0,0,0,0,0,0,0,0,36.64194,-93.20558,0,08/08/2019,10:40:00,VEHICLE 1 LOST CONTROL DUE TO WET ROAD CONDITIONS AND SLID OFF THE RIGHT EDGE OF THE ROADWAY. VEHICLE THEN OVERTURNED AND CAME TO REST ON ITS PASSENGER SIDE.
996202,3190021164,Missouri State Highway Patrol-Troop D,1565222400000,190459010,1,0,1,0,Personal Injury,STONE,NON-CITY OR UNINCORPORATED,D,1,1,0,63,0.01,A ,N,MO 13,PVT BELLVIEW,Daylight,Overturn,2,,Thu     ,0,0,0,0,1,1,1,0,0,0,0,0,0,0,0,1,0,0,0,0,0,0,0,0,0,36.52823,-93.42169,0,08/08/2019,11:33:00,CRASH OCCURRED AS VEHICLE 1 WAS TRAVELING SOUTH ON MISSOURI 13 SOUTH OF MISSOURI 86. VEHICLE 1 CROSSED THE CENTER OF THE ROADWAY AND RAN OFF THE ROAD TO THE LEFT. VEHICLE 1 OVERTURNED AND STRUCK A TREE.
876243,3190021538,Missouri State Highway Patrol-Troop A,1565222400000,190459034,3,0,3,0,Personal Injury,PLATTE,KANSAS CITY,A,1,1,0,657,0.12,A ,S ,IS 29,RP 1039725 SJ,Daylight,Fixed Object,2,,Thu     ,0,0,0,0,1,0,0,0,0,0,0,0,0,0,0,1,0,0,0,0,0,0,0,0,0,39.31746,-94.69326,0,08/08/2019,13:02:00,"CRASH AS VEH 1 TRAVELED OFF LEFT ROADWAY, STRUCK GUARDRAIL,  OVERTURNED AND CAUGHT FIRE.  ASSISTED BY TPR V F SELSOR/860/, TPR B S BUNBY/349 AND PLATTE COUNTY SHERIFF'S DEPARTMENT AND KANSAS CITY PD AND KANSAS CITY FIRE DEPARTMENT"
1184915,3190021447,Missouri State Highway Patrol-Troop B,1565222400000,190459056,1,0,1,0,Personal Injury,SCHUYLER,NON-CITY OR UNINCORPORATED,B,1,1,0,2112,0.4,B ,W ,US 136,RT AA,Daylight,Fixed Object,2,,Thu     ,0,0,0,0,0,0,0,1,0,0,0,0,0,0,0,0,0,0,1,0,0,0,0,0,0,40.48921,-92.61823,0,08/08/2019,12:00:00,"THE FRONT LEFT TIRE ON VEHICLE 1 BLEW OUT CAUSING VEHICLE 1 TO RUN OFF THE RIGHT SIDE OF THE ROAD, COLLIDE WITH THE GROUND AND OVERTURN.  ASSISTED BY THE SCHUYLER COUNTY SHERIFF'S DEPARTMENT, SCHUYLER COUNTY FIRE, AND SCHUYLER COUNTY AMBULANCE."
996201,3190021163,Missouri State Highway Patrol-Troop D,1565222400000,190459329,1,0,1,0,Personal Injury,STONE,NON-CITY OR UNINCORPORATED,D,1,1,0,834,0.16,A ,E ,MO 176,CRD BOB WHITE RD,Daylight,Overturn,2,,Thu     ,0,0,0,0,1,0,0,0,0,0,0,0,0,0,0,1,0,0,0,0,1,0,0,1,0,36.80929,-93.45141,0,08/08/2019,14:05:00,CRASH OCCURRED AS VEHICLE 1 WAS TRAVELING EAST ON MISSOURI 176 ON BALD EAGLE ROAD. VEHICLE BEGAN TO SLIDE AND RAN OFF THE ROAD. VEHICLE 1 OVERTURNED AND ROLLED OVER STRIKING AN EMBANKMENT.
1144641,3190021557,Missouri State Highway Patrol-Troop E,1565222400000,190459335,1,0,0,1,Personal Injury,NEW MADRID,NON-CITY OR UNINCORPORATED,E,2,2,0,31,0.01,B ,S ,RP 508,RT EE,Daylight,Motor Vehicle in Transport,1,61,Thu     ,0,0,0,0,0,0,0,1,0,0,0,1,0,0,0,1,0,0,0,0,1,1,0,1,0,36.5189,-89.6017,0,08/08/2019,14:05:00,CRASH OCCURRED AS VEHICLE ONE STRUCK VEHICLE TWO IN THE REAR.