objectid,accident,agency,inv_date,complaint,injured,killed,min_inj,dis_inj,severity,county,city,troop,no_vehicle,motor_veh,left_scene,dist_feet,dist_mile,inter_loc,direction,on_street,at_street,light_cond,acc_type,on_off_rd,two_veh,day_week,dr_drink,dr_drug,ped_drink,ped_drug,speed,dr_under21,dr_under25,dr_over55,dr_over64,electrical,emer_veh,stop_sign,yield_sign,czone,hazmat,aggressive,cell_phone,texting,veh_defect,school_bus,truck,motorcycle,atv,pickup,cmv,gps_lat,gps_long,severity_fatal,acc_date,acc_time,narrative
1191922,3190021357,Missouri State Highway Patrol-Troop F,1565222400000,190459369,2,0,2,0,Personal Injury,CALLAWAY,NON-CITY OR UNINCORPORATED,F,2,2,0,269,0.05,A ,E ,US 54,RT BB,Daylight,Motor Vehicle in Transport,1,64,Thu     ,0,0,0,0,0,0,0,0,0,0,1,0,0,0,0,0,0,0,0,0,0,0,0,0,1,38.77624,-92.02928,0,08/08/2019,14:32:00,CRASH OCCURRED AS VEHICLE 2 STRUCK VEHICLE 1 IN THE SIDE AS IT ATTEMPTED TO MAKE A U-TURN IN THE ROADWAY WITH ITS EMERGENCY LIGHTS ACTIVATED.  ASSISTED BY TPR C.C. FRAME (1329)
860415,3190021746,Missouri State Highway Patrol-Troop A,1565222400000,190459468,2,0,1,1,Personal Injury,LAFAYETTE,NON-CITY OR UNINCORPORATED,A,3,3,Y,10,0,B ,E ,US 24,RT BB,Daylight,Motor Vehicle in Transport,1,62,Thu     ,0,0,0,0,0,1,1,1,0,0,0,0,0,0,0,1,0,0,0,0,1,0,0,1,0,39.19402,-93.6124,0,08/08/2019,15:27:00,"CRASH OCCURRED AS VEH1 CROSSED THE CENTER LINE INTO THE PATH OF VEH2.  VEH1 STRUCK VEH2 AND THEN STRUCK VEH3. ASSISTED BY TPR N A PEREZ /1426/, TPR T A HARTSHORN /656/ AND LAFAYETTE COUNTY SHERIFF'S DEPARTMENT."
944746,3190020804,Missouri State Highway Patrol-Troop D,1565222400000,190459580,3,0,3,0,Personal Injury,JASPER,NON-CITY OR UNINCORPORATED,D,2,2,0,0,0,AT,N,CRD 290,CRD JUNIPER RD,Daylight,Motor Vehicle in Transport,1,64,Thu     ,0,0,0,0,0,1,1,0,0,0,0,1,0,0,0,1,0,0,0,0,0,0,0,0,0,37.20267,-94.57886,0,08/08/2019,16:25:00,VEHICLE #1 FAILED TO YIELD AND PULLED INTO THE PATH OF VEHICLE #2.
1328974,3190021053,Missouri State Highway Patrol-Troop G,1565222400000,190459650,1,0,0,1,Personal Injury,OREGON,NON-CITY OR UNINCORPORATED,G,1,1,0,2624,0.5,A ,W ,RT V,CRD 258,Daylight,Overturn,2,,Thu     ,0,0,0,0,1,0,0,0,0,0,0,0,0,0,0,1,0,0,0,0,1,0,0,1,0,36.49881,-91.34444,0,08/08/2019,16:50:00,VEHICLE #1 TRAVELED OFF LEFT SIDE OF ROADWAY AND OVERTURNED.
1217493,3190020963,Missouri State Highway Patrol-Troop C,1565222400000,190459684,1,0,1,0,Personal Injury,FRANKLIN,NON-CITY OR UNINCORPORATED,C,2,2,0,2112,0.4,A ,N,MO 47,CRD CLEARVIEW ROAD,Daylight,Motor Vehicle in Transport,1,61,Thu     ,0,0,0,0,0,1,1,0,0,0,0,0,0,0,0,0,0,0,0,0,0,0,0,0,0,38.48799,-91.0052,0,08/08/2019,17:10:00,VEHICLE 2 WAS SLOWING DUE TO TRAFFIC.  THE FRONT OF VEHICLE 1 STRUCK THE REAR OF VEHICLE 2.
1307573,3190021861,Missouri State Highway Patrol-Troop C,1565222400000,190459771,1,0,1,0,Personal Injury,JEFFERSON,NON-CITY OR UNINCORPORATED,C,2,2,0,496,0.09,B ,S ,IS 55,ERM SOUTH IS 55 MILE 1838,Daylight,Motor Vehicle in Transport,1,61,Thu     ,0,0,0,0,0,0,1,1,0,0,0,0,0,0,0,1,0,0,0,0,0,0,0,0,0,38.33082,-90.40032,0,08/08/2019,18:00:00,VEHICLES 1 AND 2 WERE TRAVELING SOUTH ON I-55. VEHICLE 1 SLOWED FOR TRAFFIC AHEAD. VEHICLE 2 FAILED TO SLOW AND THE FRONT OF VEHICLE 2 STRUCK THE REAR OF VEHICLE 1.
876244,3190021580,Missouri State Highway Patrol-Troop A,1565222400000,190459789,4,0,4,0,Personal Injury,PLATTE,KANSAS CITY,A,4,4,Y,220,0.04,B ,S ,IS 29,RP 103564,Daylight,Motor Vehicle in Transport,1,67,Thu     ,0,0,0,0,0,0,1,0,0,0,0,0,0,1,0,0,0,0,1,0,1,0,0,0,1,39.29941,-94.68617,0,08/08/2019,17:55:00,"CRASH OCCURRED AS ALL VEHICLES WERE TRAVELING SOUTHBOUND ON I29. A METAL OBJECT DROPPED FROM AN UNINVOLVED COMMERCIAL VEHICLE CAUSING VEHICLES1 AND 2 TO SLOW ABRUPTLY. VEHICLE1 STRUCK THE REAR OF VEHICLE2. VEHICLE3 THEN STRUCK THE REAR OF VEHICLE1, PUSHING VEHICLE1 INTO VEHICLE2 AGAIN. ALL VEHICLES CAME TO REST IN THE LEFT LANE OF I29. ASSISTED BY CPL. J.A. GREEN (1190) AND TPR. B.S. FLORAY (746)."
920785,3190021406,Missouri State Highway Patrol-Troop D,1565222400000,190460048,3,0,2,1,Personal Injury,LAWRENCE,NON-CITY OR UNINCORPORATED,D,2,2,0,0,0,AT,E ,CRD LAWRENCE 2210,CRD LAWRENCE 1070,Daylight,Motor Vehicle in Transport,1,64,Thu     ,0,0,0,0,1,0,1,0,0,0,0,1,0,0,0,1,0,0,0,0,0,0,0,0,0,36.9726,-93.93486,0,08/08/2019,20:15:00,VEHICLE #1 RAN A STOP SIGN AND STRUCK VEHICLE #2.  BOTH VEHICLES TRAVELED OFF THE ROADWAY AND STRUCK A FENCE. **CORRECTED COPY FOR DRIVER INFORMATION ON VEHICLE #1.**
1031418,3190021317,Missouri State Highway Patrol-Troop I,1565222400000,190460078,3,0,3,0,Personal Injury,PULASKI,NON-CITY OR UNINCORPORATED,I,1,1,0,105,0.02,B ,W ,MO 28,PVT COLT DR,Dark-Unlighted,Fixed Object,2,,Thu     ,1,0,0,0,0,0,0,0,0,0,0,0,0,0,0,0,0,0,0,0,1,0,0,1,0,37.97417,-92.09683,0,08/08/2019,20:30:00,"OCCURRED AS VEHICLE 1 TRAVELED OFF LEFT SIDE OF ROADWAY, OVERTURNED AND STRUCK A FENCE."
1127649,3190020940,Missouri State Highway Patrol-Troop E,1565222400000,190460281,1,0,1,0,Personal Injury,WAYNE,NON-CITY OR UNINCORPORATED,E,1,1,0,2640,0.5,B ,W ,RT HH,CRD 357B,Dark-Unlighted,Fixed Object,2,,Thu     ,0,0,0,0,1,0,0,0,0,0,0,0,0,0,0,1,0,0,0,0,0,0,0,0,0,37.12472,-90.71771,0,08/08/2019,22:50:00,"CRASH OCCURRED AS VEHICLE 1 RAN OFF ROADWAY, STRUCK A DITCH, STRUCK A ROADSIGN AND OVERTURNED.  STATE PROPERTY DAMAGE TO ONE CHEVRON SIGN."
1204307,3190021959,Missouri State Highway Patrol-Troop F,1565308800000,190460444,2,1,2,0,Fatal,COOPER,NON-CITY OR UNINCORPORATED,F,3,3,0,427,0.08,A ,E ,IS 70,ERM EAST IS 70 MILE 984,Dark-Unlighted,Motor Vehicle in Transport,1,61,Fri     ,,,,,,0,0,1,1,0,0,0,0,0,0,1,0,0,,0,0,0,0,0,1,38.93509,-92.8394,1,08/09/2019,03:20:00,"CORRECTED VEHICLE 2 INFORMATION****FATALITY CRASH****NEXT OF KIN NOTIFIED**** CRASH OCCURRED AS VEHICLE 2 STRUCK THE REAR OF VEHICLE 1. VEHICLE 2 THEN CROSSED THE MEDIAN IN THE I-70 EASTBOUND LANES AND OVERTURNED. VEHICLE 3 STRUCK VEHICLE 2'S TOWED UNIT. VEHICLE 3 EXPLODED ON IMPACT. DRIVER 3 WAS PRONOUNCED DECEASED ON SCENE AT 03:54 BY COOPER COUNTY DEPUTY CORONER CHRIS HOWARD. THIS IS TROOP F'S 4TH FATALITY FOR THE MONTH OF AUGUST, AND 39TH FATALITY FOR THE YEAR 2019. ASSISTED BY LT K.J. HUNTER (62), SGT W.V. AHRENS (900), SGT J.A. VEASMAN (671), CVO S.M. SULING (W025), CVO T.A. MORRIS (W154), AND SGT D. TAUBER (1169)"
1157832,3190021635,Missouri State Highway Patrol-Troop E,1565308800000,190460456,1,0,1,0,Personal Injury,SCOTT,NON-CITY OR UNINCORPORATED,E,1,1,0,633,0.12,B ,S ,MO 77,BRIDGE J0899,Dark-Unlighted,Fixed Object,2,,Fri     ,1,0,0,0,0,0,1,0,0,0,0,0,0,0,0,0,0,0,0,0,1,0,0,1,0,37.10298,-89.66774,0,08/09/2019,04:30:00,"CRASH OCCURRED AS VEHICLE 1 RAN OFF ROADWAY, STRUCK A GUARDRAIL AND OVERTURNED.  STATE PROPERTY DAMAGE TO 20 FEET OF BRIDGE GUARDRAIL."
853583,3190022490,Missouri State Highway Patrol-Troop A,1565308800000,190460474,1,0,1,0,Personal Injury,PETTIS,NON-CITY OR UNINCORPORATED,A,2,2,0,0,0,AT,E ,US 50,CST AIRPARK RD,Daylight,Motor Vehicle in Transport,1,61,Fri     ,0,0,0,0,0,0,0,0,0,0,0,0,0,0,0,0,0,0,0,0,0,0,0,0,0,38.6967,-93.17939,0,08/09/2019,05:40:00,OCCURRED AS VEH1 WAS STOPPED WAITING TO TURN ONTO AIRPARK ROAD AND VEH2 STRUCK THE REAR OF VEH1. ASSISTED BY PETTIS COUNTY
1144640,3190021012,Missouri State Highway Patrol-Troop E,1565308800000,190460501,1,0,1,0,Personal Injury,NEW MADRID,NON-CITY OR UNINCORPORATED,E,1,1,0,15,0,B ,W ,MO 162,CRD 274,Daylight,Fixed Object,2,,Fri     ,0,0,0,0,0,0,1,0,0,0,0,0,0,0,0,0,0,0,0,0,0,0,0,0,0,36.43734,-89.82681,0,08/09/2019,06:15:00,CRASH OCCURRED AS VEHICLE 1 RAN OFF THE LEFT SIDE OF THE ROADWAY AND STRUCK A DITCH
1307574,3190021450,Missouri State Highway Patrol-Troop C,1565308800000,190460516,1,0,0,1,Personal Injury,JEFFERSON,NON-CITY OR UNINCORPORATED,C,4,4,0,49,0.01,A ,E ,RT MM,PVT TINA DR,Daylight,Motor Vehicle in Transport,1,62,Fri     ,0,0,0,0,0,0,0,0,0,0,0,0,0,0,0,1,0,0,0,0,1,0,0,1,0,38.40389,-90.5596,0,08/09/2019,06:40:00,"VEHICLE #1 WAS TRAVELING WEST ON  MISSOURI ROUTE MM. VEHICLES #2,#3 AND #4 WERE EASTBOUND ON ROUTE MM. VEHICLE #1 CROSSED THE CENTER OF THE ROAD, AND THE FRONT OF VEHICLE #1 STRUCK THE LEFT SIDE OF VEHICLES #2 AND #3. THE FRONT OF VEHICLE #1 THEN STRUCK THE FRONT OF VEHICLE #4 HEAD ON.  ASSISTED BY CPL. J.A. ASHBY (234) AND TPR. M.T. MCCOY (878)"
1307575,3190020759,Missouri State Highway Patrol-Troop C,1565308800000,190460554,1,0,1,0,Personal Injury,JEFFERSON,NON-CITY OR UNINCORPORATED,C,2,2,0,749,0.14,A ,E ,CRD IMPERIAL MAIN ST,CRD OLD ANTONIA RD,Daylight,Motor Vehicle in Transport,1,64,Fri     ,0,0,0,0,0,0,0,1,1,0,0,1,0,0,0,1,0,0,0,0,1,0,0,1,0,38.36956,-90.38791,0,08/09/2019,07:02:00,VEHICLE #1 WAS TRAVELING EASTBOUND ON IMPERIAL MAIN STREET. VEHICLE # 2 TURNED LEFT ONTO IMPERIAL MAIN STREET FROM A PRIVATE DRIVE.  VEHICLE #2 STRUCK THE DRIVER'S SIDE OF VEHICLE #1.
1217494,3190021282,Missouri State Highway Patrol-Troop C,1565308800000,190460589,1,0,1,0,Personal Injury,FRANKLIN,NON-CITY OR UNINCORPORATED,C,2,2,0,168,0.03,B ,W ,IS 44,ERM WEST IS 44 MILE 2538,Daylight,Motor Vehicle in Transport,1,61,Fri     ,0,0,0,0,0,0,0,1,0,0,0,0,0,0,0,0,0,0,0,0,0,0,0,0,1,38.48486,-90.81698,0,08/09/2019,07:28:00,DRIVER 1 FELL ASLEEP CAUSING VEHICLE 1 TO STRIKE THE REAR OF VEHICLE 2.
858663,3190022463,Missouri State Highway Patrol-Troop A,1565308800000,190460608,2,0,2,0,Personal Injury,JACKSON,BLUE SPRINGS,A,2,2,0,417,0.08,B ,W ,IS 70,ERM WEST IS 70 MILE 176,Daylight,Motor Vehicle in Transport,1,61,Fri     ,0,0,0,0,0,0,0,0,0,0,0,0,0,0,0,0,0,0,0,0,1,0,0,1,0,39.03708,-94.32696,0,08/09/2019,07:25:00,CRASH OCCURRED AS VEH 2 SLOWED FOR TRAFFIC AND VEH 1 OVERTOOK AND STRUCK REAR OF VEH 1.  ASSISTED BY BLUE SPRINGS PD
1273906,3190023498,Missouri State Highway Patrol-Troop C,1565308800000,190461136,0,1,0,0,Fatal,ST. FRANCOIS,LEADINGTON,C,1,1,0,2640,0.5,B ,N,US 67,MO 32 MJ,Daylight,Pedestrian,1,,Fri     ,0,0,0,0,0,0,0,0,0,0,0,0,0,0,0,0,0,0,0,0,0,0,0,0,1,37.83171,-90.47672,1,08/09/2019,11:35:00,"FATALITY REPORT - DRIVER OF VEHICLE 1 PULLED OVER AND THE PASSENGER OF VEHICLE 1 EXITED.  AS VEHICLE 1 STARTED TO TRAVEL NORTHBOUND, PEDESTRIAN 1 (FORMER PASSENGER) TRAVELED INTO THE PATH OF VEHICLE 1.  VEHICLE 1  STRUCK PEDESTRIAN 1. SUBJECT WAS PRONOUNCED AT PARKLAND HEALTH CENTER SOUTH FARMINGTON BY DR. HOPPS AT 1217 HOURS ON 08/09/2019.  ASSISTED BY SGT. A. H. MICHAJLICZENKO (769) AND CPL. B. M. BEARD (254)"
1273907,3190021183,Missouri State Highway Patrol-Troop C,1565308800000,190461198,1,0,1,0,Personal Injury,ST. FRANCOIS,LEADINGTON,C,2,2,0,2640,0.5,A ,N,US 67,RP 913873,Daylight,Motor Vehicle in Transport,1,61,Fri     ,0,0,0,0,0,0,0,1,1,0,0,0,0,0,0,1,0,0,0,0,1,0,0,1,0,37.82928,-90.4724,0,08/09/2019,11:59:00,VEHICLE 2 FAILED TO OBSERVE VEHICLE 1 CAUSING THE FRONT OF VEHICLE 2 TO STRIKE THE REAR OF VEHICLE 1.  ASSISTED BY CPL. B. M. BEARD (254).
858664,3190023780,Missouri State Highway Patrol-Troop A,1565308800000,190461215,2,0,1,1,Personal Injury,JACKSON,BLUE SPRINGS,A,1,1,0,126,0.02,A ,E ,IS 70,ERM EAST IS 70 MILE 220,Daylight,Overturn,1,,Fri     ,0,0,0,0,0,0,1,0,0,0,0,0,0,0,0,1,0,0,0,0,0,0,0,0,0,39.02662,-94.24224,0,08/09/2019,12:10:00,CRASH OCCURRED AS VEH 1 SWERVED TO AVOID SLOWED TRAFFIC.  DRIVER 1 LOST CONTROL LEFT ROADWAY AND OVERTURNED COMING TO REST IN CENTER MEDIAN AGAINST CABLES.  ASSISTED TPR J T LANGSDALE/1318 AND SGT M R SCHMIDT/1114
1229581,3190021343,Missouri State Highway Patrol-Troop C,1565308800000,190461285,1,0,1,0,Personal Injury,LINCOLN,NON-CITY OR UNINCORPORATED,C,1,1,0,506,0.1,B ,E ,RT C,BRIDGE X0351,Daylight,Fixed Object,2,,Fri     ,1,0,0,0,0,0,0,1,0,0,0,0,0,0,0,1,0,0,0,0,0,0,0,0,0,38.94266,-90.84247,0,08/09/2019,12:40:00,"VEHICLE 1 TRAVELED OFF THE RIGHT SIDE OF THE ROADWAY, STRUCK A TREE, AND CAME TO REST AGAINST AN EMBANKMENT."
1185887,3190020989,Missouri State Highway Patrol-Troop F,1565308800000,190461463,5,0,5,0,Personal Injury,BOONE,NON-CITY OR UNINCORPORATED,F,2,2,0,971,0.18,A ,W ,MO 124,BRIDGE A2981,Daylight,Motor Vehicle in Transport,1,60,Fri     ,0,0,0,0,0,0,0,0,0,0,0,0,0,0,0,1,0,0,0,0,0,0,0,0,0,39.17263,-92.17754,0,08/09/2019,13:55:00,VEHICLE 1 TURNED LEFT INTO THE PATH OF VEHICLE 2.  VEHICLE 2 STRUCK VEHICLE 1.  VEHICLE 2 TRAVELED OFF THE WEST SIDE OF THE ROADWAY AND OVERTURNED.  VEHICLE 1 SLIDE OFF THE EAST SIDE OF THE ROADWAY AND CAME TO REST.  ASSISTED BY THE BOONE COUNTY SHERIFF'S DEPARTMENT AND THE HALLSVILLE POLICE DEPARTMENT.
1325099,3190021314,Missouri State Highway Patrol-Troop G,1565308800000,190461524,1,0,0,1,Personal Injury,HOWELL,NON-CITY OR UNINCORPORATED,G,1,1,0,0,0,AT,W ,US 160,CRD 8040,Daylight,Fixed Object,2,,Fri     ,0,0,0,0,0,0,0,0,0,0,0,0,0,0,0,0,0,0,0,0,0,0,0,0,0,36.7412,-91.81143,0,08/09/2019,14:20:00,"VEHICLE 1 RAN OFF THE RIGHT SIDE OF THE ROADWAY, STRUCK A FENCE AND A UTILITY BOX. THE DRIVER WAS EJECTED."
846616,3190021233,Missouri State Highway Patrol-Troop A,1565308800000,190461569,1,0,1,0,Personal Injury,JOHNSON,NON-CITY OR UNINCORPORATED,A,2,2,0,0,0,AT,W ,US 50,RT Z,Daylight,Motor Vehicle in Transport,1,64,Fri     ,0,0,0,0,0,0,0,0,0,0,0,1,0,0,0,1,0,0,0,0,1,0,0,0,1,38.86843,-94.05962,0,08/09/2019,14:35:00,"CRASH OCCURRED AS VEHICLE 1 WAS SOUTHTBOUND ON ROUTE Z AND FAILED TO STOP AT A STOP SIGN, AND PULLED INTO THE PATH OF WESTBOUND VEHICLE 2.  ASSISTED BY JOHNSON COUNTY."
842393,3190021458,Missouri State Highway Patrol-Troop A,1565308800000,190461638,1,0,1,0,Personal Injury,SALINE,NON-CITY OR UNINCORPORATED,A,2,2,0,835,0.16,A ,S ,MO 127,CRD 170TH RD,Daylight,Motor Vehicle in Transport,1,62,Fri     ,0,0,0,0,0,1,1,0,0,0,0,0,0,0,0,1,0,0,0,0,0,0,0,0,0,39.04008,-93.4161,0,08/09/2019,15:05:00,CRASH OCCURRED AS VEHICLE1 WAS TRAVELING NORTHBOUND ON MO 127 AND VEHICLE 2 WAS SOUTHBOUND APPROACHING A HILL CREST. VEHICLE 1 CROSSED CENTER LINE AT WHICH TIME VEHICLE 1 AND VEHICLE 2  COLLIDED AT A HILL CREST.  ASSISTED BY CPL N A PEREZ/1426.
1311592,3190021286,Missouri State Highway Patrol-Troop C,1565308800000,190461696,3,0,3,0,Personal Injury,ST. CHARLES,ST PETERS,C,2,2,0,3695,0.7,B ,E ,IS 70,MO 370 EJ,Daylight,Fixed Object,2,,Fri     ,0,0,0,0,1,0,1,1,1,0,0,0,0,0,0,1,0,0,0,0,1,0,0,1,0,38.79848,-90.60496,0,08/09/2019,15:30:00,DRIVER 1 CUT IN FRONT OF UNKNOWN VEHICLE AND ABRUPTLY SLOWED AND LOST CONTROL OF VEHICLE 1. VEHICLE 1 WENT OFF THE ROADWAY AND STRUCK THE CONCRETE MEDIAN WALL. VEHICLE RETURNED TO THE ROADWAY AND INTO THE PATH OF VEHICLE 2. DRIVER 2 WAS UNABLE TO STOP CAUSING THE FRONT OF VEHICLE 2 TO STRIKE THE REAR OF VEHICLE 1.
1041515,3190021261,Missouri State Highway Patrol-Troop I,1565308800000,190461822,1,0,0,1,Personal Injury,MARIES,NON-CITY OR UNINCORPORATED,I,2,2,0,818,0.15,B ,N,US 63,MO 28 NJ,Daylight,Motor Vehicle in Transport,1,61,Fri     ,0,0,0,0,0,0,0,1,1,0,0,0,0,0,0,0,0,0,0,0,0,1,0,0,0,38.15091,-91.93059,0,08/09/2019,16:24:00,THE CRASH OCCURRED AS VEHICLE 1 STRUCK THE REAR OF VEHICLE 2. DRIVER 2 WAS EJECTED. ASSISTED BY MSGT S.D. ALTERMATT (158)
1170028,3190021415,Missouri State Highway Patrol-Troop F,1565308800000,190461957,2,0,2,0,Personal Injury,MORGAN,NON-CITY OR UNINCORPORATED,F,1,1,0,232,0.04,A ,W ,MO 52,CRD CHURCH RD,Daylight,Fixed Object,2,,Fri     ,0,0,0,0,0,0,0,1,0,0,0,0,0,0,0,0,0,0,0,0,0,0,0,0,0,38.44524,-92.81935,0,08/09/2019,17:18:00,"CRASH OCCURRED AS VEHICLE 1 TRAVELED OFF THE RIGHT SIDE OF THE ROAD TO AVOID A VEHICLE THAT TURNED INTO ITS PATH. VEHICLE 1 THEN STRUCK A DITCH, A CURB, AND TWO LARGE ROCKS. ASSISTED BY MORGAN COUNTY F.O."
846643,3190021770,Missouri State Highway Patrol-Troop A,1565308800000,190462077,1,0,1,0,Personal Injury,JOHNSON,NON-CITY OR UNINCORPORATED,A,1,1,0,2354,0.45,B ,W ,US 50,BRIDGE L0461,Daylight,Fixed Object,2,,Fri     ,0,0,0,0,0,0,1,0,0,0,0,0,0,0,0,0,0,0,0,0,0,0,0,0,0,38.8626,-94.04915,0,08/09/2019,17:50:00,CRASH OCCURRED AS DRIVER 1 SUFFERED A MEDICAL EMERGENCY CAUSING THE VEHICLE TOTRAVEL  OFF THE RIGHT SIDE OF THE ROAD AND STRICK A TREE. ASSISTED BY JOHNSON COUNTY
1178413,3190023161,Missouri State Highway Patrol-Troop B,1565308800000,190462187,2,0,2,0,Personal Injury,SCOTLAND,NON-CITY OR UNINCORPORATED,B,2,2,Y,765,0.14,A ,W ,US 136,CRD 413,Daylight,Motor Vehicle in Transport,1,61,Fri     ,1,0,0,0,0,0,0,1,0,0,0,0,0,0,0,1,0,0,0,0,1,0,0,1,0,40.45412,-92.00501,0,08/09/2019,18:45:00,VEHICLE 2 WAS ATTEMPTING TO MAKE A RIGHT HAND TURN AND WAS STRUCK IN THE REAR BY VEHICLE 1.
860413,3190021079,Missouri State Highway Patrol-Troop A,1565308800000,190462302,3,0,3,0,Personal Injury,LAFAYETTE,NON-CITY OR UNINCORPORATED,A,1,1,0,42,0.01,B ,E ,CRD MT MORIAH RD,CRD SHELBY RD,Daylight,Fixed Object,2,,Fri     ,0,0,0,0,1,1,1,0,0,0,0,0,0,0,0,1,0,0,0,0,0,0,0,0,0,39.05104,-93.7142,0,08/09/2019,19:30:00,CRASH OCCURRED AS VEHICLE 1 ATTEMPTED TO TURN FROM SHELBY ROAD ON TO MT MORIAH ROAD. VEHILCE 1 TRAVELED OFF THE SOUTH SIDE OF THE ROADWAY AND STRUCK A DITCH.  ASSISTED BY TPR M J HANRAHAN/1370 AND HIGGINSVILLE POLICE DEPARTMENT.
1181455,3190021177,Missouri State Highway Patrol-Troop B,1565308800000,190462606,1,0,1,0,Personal Injury,RANDOLPH,NON-CITY OR UNINCORPORATED,B,2,2,0,971,0.18,A ,N,US 63,CRD 1370,Dark-Unlighted,Motor Vehicle in Transport,1,61,Fri     ,0,0,0,0,0,1,1,1,1,0,0,0,0,0,0,0,0,0,0,0,0,0,0,0,0,39.47083,-92.43416,0,08/09/2019,21:45:00,VEHICLE 1 WAS NORTHBOUND WHEN DRIVER 1 FELL ASLEEP AND RAN INTO THE BACK OF VEHICLE 2.
1274397,3190023500,Missouri State Highway Patrol-Troop C,1565395200000,190462837,1,1,1,0,Fatal,ST. FRANCOIS,NON-CITY OR UNINCORPORATED,C,1,1,0,190,0.04,A ,W ,PVT BLUEBIRD DR,PVT WREN DR,Dark-Unlighted,Fixed Object,2,,Fri     ,1,0,0,0,0,0,0,0,0,0,0,0,0,0,0,0,0,0,0,0,0,0,0,0,0,37.97611,-90.34871,1,08/09/2019,22:59:00,FATALITY CRASH- VEHICLE 1 WAS TRAVELING SOUTH ON BLUEBIRD DR. DRIVER 1 FAILED TO NEGOTIATE A CURVE CAUSING VEHICLE 1 TO TRAVEL OFF THE ROADWAY AND STRIKE 2 TREES.  PRONOUNCED BY PARKLAND HOSPITAL NORTH DR EVELYN YOUNG AT 0106 HOURS 08102019.
1185608,3190021132,Missouri State Highway Patrol-Troop B,1565395200000,190462863,1,0,1,0,Personal Injury,SULLIVAN,NON-CITY OR UNINCORPORATED,B,1,1,0,290,0.05,B ,E ,RT E,CRD BEAR DR,Daylight,Fixed Object,2,,Fri     ,0,0,0,0,0,0,0,0,0,0,0,0,0,0,0,0,0,0,0,0,1,0,0,1,0,40.30375,-93.31135,0,08/09/2019,20:00:00,VEHICLE 1 RAN OFF THE ROAD AND STRUCK A DITCH.
1286141,3190021505,Missouri State Highway Patrol-Troop C,1565395200000,190463109,0,1,0,0,Fatal,ST. FRANCOIS,FARMINGTON,C,1,1,0,79,0.01,B ,N,RT EE,CST BURKS RD NJ,Dark-Unlighted,Fixed Object,2,,Sat     ,0,0,0,0,1,0,0,0,0,0,0,0,0,0,0,1,0,0,0,0,0,0,0,0,0,37.79843,-90.40026,1,08/10/2019,03:43:00,"FATALITY CRASH - DRIVER 1 FAILED TO NEGOTIATE A CURVE TO THE RIGHT. VEHICLE 1 TRAVELED OFF THE ROADWAY AND STRUCK A SIGN, A UTILITY POLE AND A TREE. PRONOUNCED BY CORONER JAMES COPLIN AT 0403 HOURS 08102019. ASSISTED BY CPL B M BEARD (254)"
1191924,3190021470,Missouri State Highway Patrol-Troop F,1565395200000,190463231,2,0,2,0,Personal Injury,CALLAWAY,NON-CITY OR UNINCORPORATED,F,1,1,0,253,0.05,A ,W ,IS 70,ERM WEST IS 70 MILE 1516,Daylight,Overturn,2,,Sat     ,0,0,0,0,0,0,1,0,0,0,0,0,0,0,0,0,0,0,0,0,0,0,0,0,1,38.94266,-91.87625,0,08/10/2019,07:40:00,"VEHICLE 1 TRAVELED OF LEFT SIDE OF ROADWAY, OVER CORRECTED, JACK-KNIFED AS IT CAME BACK ON THE ROADWAY, RAN OFF RIGHT SIDE OF ROAD, AND OVERTURNED. ASSISTED BY SGT S. B. JOHNSON (797)"
1509189,3190021246,Missouri State Highway Patrol-Troop H,1565395200000,190463242,1,0,1,0,Personal Injury,NODAWAY,NON-CITY OR UNINCORPORATED,H,1,1,0,972,0.18,A ,E ,RT VV,CRD MERCURY,Daylight,Fixed Object,2,,Sat     ,0,0,0,0,0,0,0,1,0,0,0,0,0,0,0,1,0,0,0,0,1,0,0,1,0,40.24252,-94.72167,0,08/10/2019,07:28:00,"CRASH OCCURRED AS VEH 1 WAS EASTBOUND ON RTE VV. VEH 1 TRAVELED OFF THE SOUTH SIDE OF THE ROADWAY, AND STRUCK A METAL CULVERT. VEH 1 THEN STRUCK GROUND, BECAME PARTIALLY AIRBORNE, AND STRUCK A UTILITY POLE. VEH 1 CAME TO REST ON ITS WHEELS FACING SOUTHEAST UNDERNEATH A UTILITY WIRE. ASSISTED BY TPR. J.D. FARMER (390), NODAWAY COUNTY SHERIFFS OFFICE, NODAWAY COUNTY EMS AND LIFE FLIGHT EAGLE."
1177799,3190021448,Missouri State Highway Patrol-Troop B,1565395200000,190463245,1,0,1,0,Personal Injury,ADAIR,NON-CITY OR UNINCORPORATED,B,2,2,0,2640,0.5,B ,E ,MO 6,RT B,Daylight,Motor Vehicle in Transport,1,61,Sat     ,0,0,0,0,0,0,0,1,1,0,0,0,0,0,0,1,0,0,0,0,0,1,0,0,0,40.21545,-92.60165,0,08/10/2019,07:45:00,"VEHICLE 2 WAS SLOWING TO MAKE A LEFT HAND TURN.  VEHICLE 1 WAS BEHIND VEHICLE 2, BEGAN SLIDING AND COLLIDED WITH THE REAR OF VEHICLE 2.  ASSISTED BY THE ADAIR COUNTY SHERIFF'S DEPARTMENT AND ADAIR COUNTY AMBULANCE."