objectid,accident,agency,inv_date,complaint,injured,killed,min_inj,dis_inj,severity,county,city,troop,no_vehicle,motor_veh,left_scene,dist_feet,dist_mile,inter_loc,direction,on_street,at_street,light_cond,acc_type,on_off_rd,two_veh,day_week,dr_drink,dr_drug,ped_drink,ped_drug,speed,dr_under21,dr_under25,dr_over55,dr_over64,electrical,emer_veh,stop_sign,yield_sign,czone,hazmat,aggressive,cell_phone,texting,veh_defect,school_bus,truck,motorcycle,atv,pickup,cmv,gps_lat,gps_long,severity_fatal,acc_date,acc_time,narrative
1185882,3190021529,Missouri State Highway Patrol-Troop F,1565395200000,190463397,3,0,2,1,Personal Injury,BOONE,NON-CITY OR UNINCORPORATED,F,2,2,0,0,0,AT,N,US 63,CRD PEABODY RD,Daylight,Motor Vehicle in Transport,1,64,Sat     ,0,0,0,0,0,0,1,1,1,0,0,1,0,0,0,1,0,0,0,0,0,0,0,0,0,39.07688,-92.32991,0,08/10/2019,09:08:00,"VEHICLE 1 WAS ATTEMPTING TO CROSS NORTHBOUND US 63 TRAFFIC AT PEABODY RD IN FRONT OF VEHICLE 2, CAUSING VEHICLE 2 TO STRIKE VEHICLE 1. AFTER IMPACT, VEHICLE 2 TRAVELED OFF ROADWAY AND STRUCK ROAD SIGN."
982787,3190021574,Missouri State Highway Patrol-Troop D,1565395200000,190463400,1,0,0,1,Personal Injury,TANEY,NON-CITY OR UNINCORPORATED,D,1,1,0,3695,0.7,A ,W ,US 160,MO 125 EJ,Daylight,Fixed Object,2,,Sat     ,0,0,0,0,0,0,0,1,0,0,0,0,0,0,0,1,0,0,0,0,0,1,0,0,0,36.60335,-92.84987,0,08/10/2019,09:10:00,"CRASH OCCURRED AS VEH 1 FAILED TO NEGOTIATE A RIGHT HAND CURVE, TRAVELED OFF THE LEFT SIDE OF THE ROAD, STRUCK A TREE AND DRIVER WAS EJECTED."
1274398,3190022549,Missouri State Highway Patrol-Troop C,1565395200000,190463438,1,0,0,1,Personal Injury,ST. FRANCOIS,NON-CITY OR UNINCORPORATED,C,2,2,0,0,0,AT,E ,MO 8,CRD STATE HWY 8 OLD EJ,Daylight,Motor Vehicle in Transport,1,64,Sat     ,0,0,0,0,0,0,0,1,0,0,0,1,0,0,0,1,0,0,0,0,1,1,0,1,0,37.86739,-90.62963,0,08/10/2019,09:25:00,"VEHICLE 1 WAS WESTBOUND ON MO-8 AND VEHICLE 2 WAS ATTEMPTING TO CROSS MO-8 FROM OLD HIGHWAY 8. VEHICLE 2 TRAVELED INTO THE PATH OF VEHICLE 1 CAUSING VEHICLE 1 TO STRIKE THE RIGHT SIDE OF VEHICLE 2, EJECTING DRIVER 1"
944710,3190021481,Missouri State Highway Patrol-Troop D,1565395200000,190463587,3,0,3,0,Personal Injury,JASPER,NON-CITY OR UNINCORPORATED,D,2,2,0,50,0.01,B ,W ,RT YY,CRD 284,Daylight,Motor Vehicle in Transport,1,64,Sat     ,0,0,0,0,0,0,0,0,0,0,0,1,0,0,0,1,0,0,0,0,1,0,0,1,0,37.20195,-94.56731,0,08/10/2019,10:35:00,CRASH OCCURRED AS VEHICLE 1 WAS TRAVELING NORTHBOUND ON MISSOURI 284 AND VEHICLE 2 WAS TRAVELING WESTBOUND MISSOURI YY. VEHICLE 1 FAILED TO YIELD TO VEHICLE 2.  VEHICLE 2 STRUCK VEHICLE 1.
942834,3190021300,Missouri State Highway Patrol-Troop D,1565395200000,190463715,1,0,1,0,Personal Injury,DALLAS,NON-CITY OR UNINCORPORATED,D,1,1,0,1584,0.3,A ,N,RT B,CRD HANDLEY RD,Daylight,Fixed Object,2,,Sat     ,,,,,,0,0,0,0,0,0,0,0,0,0,,0,0,,0,0,1,0,0,0,37.51739,-92.85607,0,08/10/2019,11:30:00,"CRASH OCCURRED AS VEHICLE 1 WAS TRAVELING NORTHBOUND ON ROUTE B. VEHICLE 1 RAN OFF THE RIGHT SIDE OF THE ROAD, STRUCK A DITCH AND OVERTURNED."
820917,3190021113,Missouri State Highway Patrol-Troop A,1565395200000,190463760,1,0,1,0,Personal Injury,PLATTE,PLATTE WOODS,A,4,4,Y,147,0.03,A ,N,IS 29,CST 72ND ST,Daylight,Motor Vehicle in Transport,1,61,Sat     ,,,,,,,1,,,0,0,0,0,0,0,1,0,0,,0,0,0,0,0,0,39.22529,-94.65055,0,08/10/2019,11:45:00,"CRASH OCCURRED AS ALL VEHICLES WERE TRAVELING NORTHBOUND ON I29. VEHICLE2 STRUCK THE REAR OF VEHICLE3 CAUSING VEHICLE3 TO STRIKE THE REAR OF VEHICLE4. SHORTLY AFTER VEHICLE2 STRUCK VEHICLE3, VEHICLE1 STRUCK THE REAR OF VEHICLE2 CAUSING VEHICLE2 TO AGAIN STRIKE VEHICLE3 AND VEHICLE3 TO AGAIN STRIKE VEHICLE4. VEHICLE1 LEFT THE SCENE."
1147909,3190021226,Missouri State Highway Patrol-Troop E,1565395200000,190464039,1,0,1,0,Personal Injury,STODDARD,NON-CITY OR UNINCORPORATED,E,2,2,0,681,0.13,A ,E ,US 60,CRD 657,Daylight,Motor Vehicle in Transport,1,63,Sat     ,0,0,0,0,0,0,0,0,0,0,0,0,0,0,0,1,0,0,0,0,1,0,0,1,0,36.80418,-90.0319,0,08/10/2019,13:52:00,CRASH OCCURRED AS VEHICLE ONE STRUCK VEHICLE TWO IN THE REAR.
792909,3190021539,Missouri State Highway Patrol-Troop A,1565395200000,190464066,1,0,1,0,Personal Injury,CASS,NON-CITY OR UNINCORPORATED,A,1,1,0,316,0.06,A ,N,RT C,CRD 261ST STREET,Daylight,Fixed Object,2,,Sat     ,0,0,0,0,0,0,0,1,1,0,0,0,0,0,0,0,0,0,0,0,1,0,0,1,0,38.64693,-94.472,0,08/10/2019,14:00:00,"CRASH OCCURRED AS VEHICLE 1 WAS TRAVELING NORTHBOUND WHEN DRIVER 1 EXPERENICED A MEDICAL EMERGENCY. DIVER1 WENT OFF THE RIGHT SIDE OF THE ROADWAY RAN THROUGH A FENCE,  HIT SOME TREES, AND THEN SLID DOWN INTO A CREEK.  ASSISTED BY J C EWING/524"
1176121,3190021367,Missouri State Highway Patrol-Troop F,1565395200000,190464191,1,0,1,0,Personal Injury,MONTGOMERY,JONESBURG,F,1,1,0,2138,0.4,A ,W ,NOR 70,RT NN EJ,Daylight,Fixed Object,2,,Sat     ,0,0,0,0,0,0,0,0,0,0,0,0,0,0,0,0,0,0,0,0,1,0,0,1,0,38.85677,-91.29872,0,08/10/2019,14:57:00,DRIVER 1 SUFFERED A MEDICAL EMERGENCY. VEHICLE 1 TRAVELED OFF THE RIGHT SIDE OF THE ROADWAY AND INTO A FIELD. ASSISTED BY MONTGOMERY COUNTY SHERIFF'S OFFICE.
1009732,3190021427,Missouri State Highway Patrol-Troop D,1565395200000,190464269,1,0,1,0,Personal Injury,WEBSTER,NON-CITY OR UNINCORPORATED,D,1,1,0,332,0.06,B ,E ,CRD OLGA RD,RT Z,Daylight,Fixed Object,2,,Sat     ,0,0,0,0,0,0,0,1,0,0,0,0,0,0,0,0,0,0,0,0,1,0,0,1,0,37.08746,-92.9081,0,08/10/2019,15:10:00,CRASH OCCURRED AS VEHICLE #1 TRAVELED OFF THE RIGHT SIDE OF THE ROADWAY AND STRUCK A PROPANE TANK AND ELECTRIC METER ATTACHED TO A BUILDING.
912559,3190021327,Missouri State Highway Patrol-Troop D,1565395200000,190464725,2,0,2,0,Personal Injury,POLK,NON-CITY OR UNINCORPORATED,D,2,2,0,32,0.01,B ,S ,CRD 80TH RD,CRD 450TH RD,Daylight,Motor Vehicle in Transport,1,64,Sat     ,0,0,0,0,1,0,0,0,0,0,0,0,0,0,0,1,0,0,0,0,0,0,0,0,0,37.59907,-93.48577,0,08/10/2019,18:15:00,OCCURRED AS #2 WAS STRUCK IN THE SIDE BY #1.
1042911,3190021368,Missouri State Highway Patrol-Troop I,1565395200000,190464754,1,0,1,0,Personal Injury,LACLEDE,NON-CITY OR UNINCORPORATED,I,1,1,0,411,0.08,B ,S ,CRD MARIGOLD DRIVE,CRD INDUSTRY ROAD,Daylight,Fell/Jumped from MV,1,,Sat     ,0,0,0,0,0,1,1,0,0,0,0,0,0,0,0,0,0,0,0,0,1,0,0,1,0,37.76674,-92.83526,0,08/10/2019,18:25:00,OCCURRED AS VEHICLE 1 WAS TRAVELING SOUTHBOUND ON MARIGOLD DRIVE AND PASSENGER IN THE UNENCLOSED BED OF THE PICKUP FELL OUT
1206495,3190021185,Missouri State Highway Patrol-Troop F,1565395200000,190465061,1,0,1,0,Personal Injury,MILLER,NON-CITY OR UNINCORPORATED,F,2,2,Y,6336,1.2,A ,S ,CRD BROCKMAN SPRINGS RD,CRD LICK CREEK RD SJ,Dark-Unlighted,Motor Vehicle in Transport,1,60,Sat     ,0,0,0,0,1,0,0,0,0,0,0,0,0,0,0,1,0,0,0,0,0,0,0,0,0,38.19982,-92.51911,0,08/10/2019,20:25:00,CRASH OCCURRED AS VEHICLE 1 CROSSED THE CENTER OF THE ROADWAY AT THE CREST OF A HILL AND STRUCK VEHICLE 2 HEAD ON.   ASSISTED BY TPR. M. P. ACORD (170).
1017277,3190021045,Missouri State Highway Patrol-Troop D,1565395200000,190465121,1,0,1,0,Personal Injury,NEWTON,NON-CITY OR UNINCORPORATED,D,1,1,0,1510,0.29,B ,E ,RT EE,CRD VIXEN,Dark-Unlighted,Fixed Object,2,,Sat     ,1,0,0,0,0,0,0,0,0,0,0,0,0,0,0,1,0,0,0,0,0,0,0,0,0,36.8752,-94.1246,0,08/10/2019,20:45:00,OCCURRED AS #1 LEFT THE ROADWAY AND STRUCK A FENCE   ASSISTED BY CPL K.R. SANDERS #636
1120654,3190021202,Missouri State Highway Patrol-Troop E,1565395200000,190465377,1,0,1,0,Personal Injury,IRON,NON-CITY OR UNINCORPORATED,E,1,1,0,131,0.02,A ,N,MO 21,MO 72,Dark-Unlighted,Fixed Object,2,,Sat     ,0,0,0,0,0,1,1,0,0,0,0,0,0,0,0,0,0,0,0,0,1,0,0,1,0,37.59139,-90.62462,0,08/10/2019,22:35:00,"TRAFFIC CRASH OCCURRED AS VEHICLE 1 CROSSED CENTER OF ROADWAY, RAN OFF LEFT SIDE OF ROADWAY, STRUCK A TREE, AND OVERTURNED."
1191939,3190021329,Missouri State Highway Patrol-Troop F,1565395200000,190465393,1,0,1,0,Personal Injury,CALLAWAY,NON-CITY OR UNINCORPORATED,F,3,3,0,1119,0.21,A ,W ,CRD 4036,CRD 4047,Dark-Unlighted,Motor Vehicle in Transport,1,62,Sat     ,1,0,0,0,0,0,0,0,0,0,0,0,0,0,0,1,0,0,0,0,1,0,0,1,0,38.61125,-92.13392,0,08/10/2019,22:30:00,"OCCURRED AS VEHICLE 1 WAS SOUTHBOUND ON COUNTY ROAD 4036, VEHICLE 2 WAS NORTHBOUND, CROSSED CENTER LINE AND SIDESWIPED VEHICLE 1.  AFTER IMPACT VEHICLE 2 TRAVELED OFF THE LEFT SIDE OF THE ROAD THROUGH A RESIDENTIAL YARD AND STRUCK VEHICLE 3.  ASSISTED BY TPR. M. A. DICKENS (675), CPL. J. A. CLUVER (134) AND LT. K. J. HUNTER (62)."
1035726,3190020948,Missouri State Highway Patrol-Troop I,1565395200000,190465419,1,0,1,0,Personal Injury,PHELPS,NON-CITY OR UNINCORPORATED,I,1,1,0,934,0.18,B ,E ,RT Y,CRD 8120 EJ,Dark-Unlighted,Fixed Object,2,,Sat     ,0,0,0,0,0,0,0,0,0,0,0,0,0,0,0,1,1,1,0,0,0,0,0,0,0,37.96835,-91.81961,0,08/10/2019,22:45:00,VEHICLE 1 DROVE OFF THE RIGHT SIDE OF THE ROADWAY AND STRUCK A TREE.
967030,3190021196,Missouri State Highway Patrol-Troop D,1565481600000,190465600,3,0,2,1,Personal Injury,BARRY,NON-CITY OR UNINCORPORATED,D,2,2,0,0,0,AT,E ,RT BB,CRD 1090,Dark-Unlighted,Motor Vehicle in Transport,1,64,Sat     ,0,0,0,0,0,1,1,0,0,0,0,1,0,0,0,1,0,0,0,0,0,0,0,0,0,36.87009,-93.90184,0,08/10/2019,23:56:00,"DVR 2 FAILED TO STOP FOR A STOP SIGN, NBR 2 STRUCK NBR 1."
1170044,3190021530,Missouri State Highway Patrol-Troop F,1565481600000,190465621,1,0,1,0,Personal Injury,MORGAN,NON-CITY OR UNINCORPORATED,F,1,1,0,3695,0.7,A ,N,MO 5,PVT MILLFORD LN,Dark-Unlighted,Animal,1,,Sun     ,1,0,0,0,0,0,0,0,0,0,0,0,0,0,0,0,0,0,0,0,0,0,0,0,0,38.23215,-92.84037,0,08/11/2019,00:10:00,"CRASH OCCURRED AS VEHICLE 1 WAS TRAVELING NORTHBOUND A DEER ENTERED THE ROADWAY FROM THE LEFT.   VEHICLE 1 TRAVELED OFF OF RIGHT SIDE OF THE ROADWAY, STRUCK A TREE AND THEN A SIGN."
1198757,3190021773,Missouri State Highway Patrol-Troop F,1565481600000,190465637,1,0,0,1,Personal Injury,CAMDEN,NON-CITY OR UNINCORPORATED,F,1,1,0,1599,0.3,A ,S ,RT EE,CRD SANTEE TRL,Dark-Unlighted,Fixed Object,2,,Sun     ,1,0,0,0,0,1,1,0,0,0,0,0,0,0,0,0,0,0,0,0,0,0,0,0,0,38.07388,-92.83287,0,08/11/2019,00:10:00,"CRASH OCCURRED AS VEHICLE 1 TRAVELED OFF THE RIGHT SIDE OF THE ROADWAY, STRUCK A GUARDRAIL, OVER-CORRECTED, WENT OFF OF THE LEFT SIDE OF THE ROADWAY AND OVERTURNED.   ASSISTED BY TPR. K. R. DINWIDDIE (300)."
1209849,3190021551,Missouri State Highway Patrol-Troop F,1565481600000,190465685,2,0,2,0,Personal Injury,COLE,NON-CITY OR UNINCORPORATED,F,2,2,0,533,0.1,B ,E ,US 54,CRD SHEPHERD HILLS RD,Dark-Unlighted,Motor Vehicle in Transport,1,61,Sun     ,1,0,0,0,0,0,1,0,0,0,0,0,0,0,0,1,0,0,0,0,0,0,0,0,0,38.5164,-92.23672,0,08/11/2019,00:45:00,"CRASH OCCURRED AS VEHICLE 1 STRUCK THE REAR OF VEHICLE 2.  AFTER IMPACT VEHICLE 1 TRAVELED OFF THE RIGHT SIDE OF THE ROADWAY, STRUCK AN EMBANKMENT AND OVERTURNED.  VEHICLE 2 CROSSED THE WESTBOUND LANES AND STRUCK A DITCH WHERE IT CAME TO REST.  ASSISTED BY COLE COUNTY SHERIFF'S DEPARTMENT."
1181970,3190021379,Missouri State Highway Patrol-Troop F,1565481600000,190465816,2,0,1,1,Personal Injury,OSAGE,NON-CITY OR UNINCORPORATED,F,1,1,0,1937,0.37,A ,W ,CRD OLD 50,CRD 602,Dark-Unlighted,Fixed Object,2,,Sun     ,0,0,0,0,0,0,0,0,0,0,0,0,0,0,0,0,0,0,0,0,0,0,0,0,0,38.50792,-91.94951,0,08/11/2019,02:15:00,OCCURRED AS DRIVER FELL ASLEEP AND VEHICLE WENT DOWN AN EMBANKMENT STRIKING SEVERAL TREES.
1181456,3190021174,Missouri State Highway Patrol-Troop B,1565481600000,190465836,1,0,1,0,Personal Injury,RANDOLPH,NON-CITY OR UNINCORPORATED,B,1,1,Y,2640,0.5,B ,W ,CRD 2610,BU 63,Dark-Unlighted,Fixed Object,2,,Sun     ,1,0,0,0,0,0,1,0,0,0,0,0,0,0,0,1,0,0,0,0,1,0,0,1,0,39.36833,-92.42826,0,08/11/2019,02:55:00,"DRIVER LOST CONTROL OF THE VEHICLE ON A GRAVEL ROAD, VEHICLE TRAVELED OFF THE RIGHT SIDE OF THE ROADWAY, AND STRUCK A DITCH.  ASSISTED BY RANDOLPH COUNTY SHERIFF'S OFFICE."
1217515,3190021236,Missouri State Highway Patrol-Troop C,1565481600000,190465856,2,0,2,0,Personal Injury,FRANKLIN,NON-CITY OR UNINCORPORATED,C,1,1,0,116,0.02,A ,N,RT N,CRD FINNEY RD,Dark-Unlighted,Fixed Object,2,,Sun     ,1,0,0,0,1,1,1,0,0,0,0,0,0,0,0,1,1,0,0,0,0,0,0,0,0,38.37523,-90.81893,0,08/11/2019,03:45:00,"DRIVER 1 WAS INATTENTIVE TO THE ROADWAY ON HER CELL PHONE. VEHICLE 1 TRAVELED OFF THE RIGHT SIDE OF THE ROADWAY AND BEGAN SLIDING, STRIKING A DITCH."
1026490,3190021285,Missouri State Highway Patrol-Troop D,1565481600000,190465861,1,0,0,1,Personal Injury,DADE,NON-CITY OR UNINCORPORATED,D,1,1,0,681,0.13,B ,W ,US 160,CRD 145,Dark-Unlighted,Fixed Object,2,,Sun     ,0,0,0,0,0,0,0,0,0,0,0,0,0,0,0,0,0,0,0,0,0,0,0,0,0,37.42111,-93.82334,0,08/11/2019,03:39:00,"#1 RAN OFF THE ROAD, STRUCK AN EMBANKMENT AND OVERTURNED."
1321902,3190021321,Missouri State Highway Patrol-Troop G,1565481600000,190465874,1,0,1,0,Personal Injury,TEXAS,NON-CITY OR UNINCORPORATED,G,1,1,0,501,0.09,A ,W ,RT B,BRIDGE A3914,Dark-Unlighted,Animal,1,,Sun     ,0,0,0,0,0,0,0,0,0,0,0,0,0,0,0,0,0,0,0,0,1,0,0,1,0,37.33007,-91.88497,0,08/11/2019,05:42:00,OCCURRED AS VEHICLE #1 STRUCK A HORSE IN ROADWAY. ASSISTED BY TPR. J. L. SENTMAN (1298)
1217516,3190023190,Missouri State Highway Patrol-Troop C,1565481600000,190465880,1,1,0,1,Fatal,FRANKLIN,NON-CITY OR UNINCORPORATED,C,2,2,0,0,0,AT,E ,MO 100,RT V,Daylight,Motor Vehicle in Transport,1,64,Sun     ,1,1,0,0,1,0,0,0,0,0,0,1,0,0,0,1,0,0,0,0,0,1,0,0,0,38.49914,-90.90094,1,08/11/2019,06:02:00,"FATALITY REPORT - DRIVER #2 ATTEMPTED TO CROSS THE HIGHWAY PULLING INTO THE PATH OF VEHICLE #1. DRIVER #1 PRONOUNCED ON SCENE AT 0610 HOURS ON 08/11/2019 BY PERSONNEL WITH THE BOLES FIRE PROTECTION DISTRICT. ASSISTED BY TPR. B.A. COLLINS (197), SGT. A.H. MICHAJLICZENKO (769), TPR. J.E. LACY (313) AND TPR. D.L. BILYEU (174)"
1177801,3190021295,Missouri State Highway Patrol-Troop B,1565481600000,190465887,1,0,1,0,Personal Injury,ADAIR,NON-CITY OR UNINCORPORATED,B,1,1,0,670,0.13,A ,S ,MO 11,CRD CLAY WAY,Daylight,Animal,1,,Sun     ,0,0,0,0,0,0,0,0,0,0,0,0,0,0,0,0,0,0,0,0,0,0,0,0,0,40.22595,-92.45514,0,08/11/2019,06:15:00,"01 SOUTHBOUND, STRUCK A DEER.  ASSISTED BY ADAIR COUNTY SHERIFFS DEPARTMENT."
1147908,3190021204,Missouri State Highway Patrol-Troop E,1565481600000,190465894,0,1,0,0,Fatal,STODDARD,NON-CITY OR UNINCORPORATED,E,1,1,0,42,0.01,B ,W ,MO 114,BRIDGE G0892,Daylight,Fixed Object,2,,Sun     ,0,0,0,0,0,0,0,0,0,0,0,0,0,0,0,1,0,0,0,0,0,0,0,0,0,36.8141,-89.84752,1,08/11/2019,06:15:00,"F A T A L I T Y  C R A S H - CRASH OCCURRED AS VEHICLE 1 RAN OFF RIGHT SIDE OF ROADWAY, STRUCK EMBANKMENT, OVERTURNED AND CAUGHT FIRE - NEXT OF KIN NOTIFIED - PRONOUNCED BY STODDARD COUNTY CORONER KENNY POPE AT SCENE AT 0744 HOURS - TROOP E FATALITY #28 FOR 2019"
1229583,3190021660,Missouri State Highway Patrol-Troop C,1565481600000,190465951,1,0,1,0,Personal Injury,LINCOLN,NON-CITY OR UNINCORPORATED,C,1,1,0,528,0.1,A ,S ,CRD HAMMETT RD,PVT WARDWAY DR,Daylight,Fixed Object,2,,Sun     ,0,1,0,0,1,0,1,0,0,0,0,0,0,0,0,1,0,0,0,0,1,0,0,1,0,38.99592,-90.86109,0,08/11/2019,07:28:00,VEHICLE #1 TRAVELED OFF THE WEST SIDE OF THE ROADWAY STRIKING A UTILITY POLE BEFORE OVERTURNING.
1182158,3190023303,Missouri State Highway Patrol-Troop B,1565481600000,190466162,0,1,0,0,Fatal,KNOX,NON-CITY OR UNINCORPORATED,B,1,1,0,739,0.14,B ,S ,RT A,CRD NORMANDY STREET,Daylight,Animal,1,,Sun     ,0,0,0,0,0,0,0,0,0,0,0,0,0,0,0,0,0,0,0,0,0,1,0,0,0,40.03957,-92.27427,1,08/11/2019,09:45:00,"FATALITY CRASH- 01 SOUTHBOUND, STRUCK A DEER, RAN OFF THE EAST SIDE OF THE ROADWAY AND CAME TO REST.  ASSISTED BY TPR SMITH 1459, KNOX COUNTY SHERIFFS DEPARTMENT, AND AMBULANCE. NEXT OF KIN NOTIFIED."
1212888,3190021038,Missouri State Highway Patrol-Troop C,1565481600000,190466272,6,0,6,0,Personal Injury,WASHINGTON,NON-CITY OR UNINCORPORATED,C,2,2,0,5808,1.1,A ,S ,RT U,CRD SKILES RD 502,Daylight,Motor Vehicle in Transport,1,62,Sun     ,0,0,0,0,0,0,1,0,0,0,0,0,0,0,0,1,0,0,0,0,0,0,0,0,0,37.89491,-90.74597,0,08/11/2019,11:35:00,"VEHICLE 1 WAS NORTHBOUND ON ROUTE U.  VEHICLE 2 WAS SOUTHBOUND ON ROUTE U.  VEHICLE 1 CROSSED THE CENTER LINE, CAUSING THE LEFT FRONT OF VEHICLE 1 TO STRIKE THE LEFT FRONT OF VEHICLE 2.  VEHICLE 1 THEN TRAVELED OFF THE WEST SIDE OF THE ROADWAY.  VEHICLE 2 TRAVELED OFF THE EAST SIDE OF THE ROADWAY, STRUCK AN EMBANKMENT AND OVERTURNED."
1017278,3190021338,Missouri State Highway Patrol-Troop D,1565481600000,190466306,1,0,0,1,Personal Injury,NEWTON,NON-CITY OR UNINCORPORATED,D,2,2,0,401,0.08,B ,E ,MO 86,CRD MONARK DR,Daylight,Motor Vehicle in Transport,1,64,Sun     ,0,0,0,0,0,1,1,0,0,0,0,0,0,0,0,1,0,0,0,0,1,1,0,1,0,36.87477,-94.29286,0,08/11/2019,11:55:00,ACCIDENT OCCURRED AS VEHICLE #2 CROSSED THE CENTER LINE INTO THE PATH OF VEHICLE #1.
982785,3190021417,Missouri State Highway Patrol-Troop D,1565481600000,190466433,2,1,2,0,Fatal,TANEY,NON-CITY OR UNINCORPORATED,D,2,2,0,0,0,AT,N,US 65,CRD BRANSON CREEK BLVD,Daylight,Motor Vehicle in Transport,1,64,Sun     ,0,0,0,0,0,0,0,0,0,0,0,1,0,0,0,1,0,0,0,0,0,0,0,0,0,36.58811,-93.23133,1,08/11/2019,13:10:00,FATALITY REPORT.  THIS IS TROOP D'S 5TH FATALITY FOR AUGUST AND 68TH FATALITY FOR 2019.  NEXT OF KIN HAS BEEN NOTIFIED.  CRASH OCCURRED AS VEHICLE #1 WAS MAKING A LEFT TURN AND PULLED INTO THE PATH OF VEHICLE #2.   VEHICLE #1 WAS STRUCK IN THE DRIVER'S SIDE BY VEHICLE #2.  DRIVER #1 WAS PRONOUNCED BY TANEY COUNTY CORONER BRYAN KOPPITZ AT 13:45 HOURS ON SCENE.  AS REQUIRED BY LAW THE SURVIVING DRIVER WAS TESTED FOR ALCOHOL.
877844,3190021937,Missouri State Highway Patrol-Troop A,1565481600000,190466453,1,0,1,0,Personal Injury,JACKSON,NON-CITY OR UNINCORPORATED,A,1,1,0,1583,0.3,A ,E ,US 50,RT F,Daylight,Overturn,2,,Sun     ,0,0,0,0,1,0,0,1,1,0,0,0,0,0,0,1,0,0,0,0,0,0,0,0,0,38.86993,-94.12801,0,08/11/2019,13:20:00,"CRASH OCCURRED AS VEHICLE 1 WAS TRAVELING EASTBOUND ON US 50. VEHICLE 1 ATTEMPTED TO MAKE LEFT HAND TURN BUT WAS TRAVELING TO FAST.  VEHICLE 1 TRAVELED OFF THE ROADWAY AND OVER TURNED.  VEHICLE1 CAME TO REST ON ITS SIDE ON THE NORTH SIDE OF US 50.  ASSISTED BY MSGT D L  SCHWALM/924, LAKE LOTAWANA POLICE DEPARTMENT AND LONE JACK POLICE DEPARTMENT."
1031100,3190022036,Missouri State Highway Patrol-Troop I,1565568000000,190466807,1,0,0,1,Personal Injury,PULASKI,NON-CITY OR UNINCORPORATED,I,1,1,0,190,0.04,B ,W ,CRD TEXAS RD,CRD TAMPA RD,Daylight,Fixed Object,2,,Mon     ,1,0,0,0,0,1,1,0,0,0,0,0,0,0,0,0,0,0,0,0,0,0,0,0,0,37.80986,-92.12735,0,08/12/2019,16:24:00,CRASH OCCURRED AS VEHICLE 1 TRAVELED OFF THE LEFT SIDE OF THE ROADWAY AND STRUCK A TREE
1304756,3190021798,Missouri State Highway Patrol-Troop C,1565481600000,190466857,1,0,1,0,Personal Injury,WARREN,NON-CITY OR UNINCORPORATED,C,2,2,0,438,0.08,A ,W ,IS 70,ERM WEST IS 70 MILE 1870,Daylight,Motor Vehicle in Transport,1,61,Sun     ,0,0,0,0,0,0,0,0,0,0,0,0,0,0,0,1,0,0,0,0,0,0,0,0,0,38.84622,-91.2521,0,08/11/2019,16:45:00,VEHICLES 1 AND 2 WERE TRAVELING WESTBOUND ON I-70. VEHICLE 1 SLOWED TO AVOID A SEPARATE TRAFFIC CRASH AND WAS STRUCK IN THE REAR BY VEHICLE 2.
1304758,3190021801,Missouri State Highway Patrol-Troop C,1565481600000,190466931,1,0,1,0,Personal Injury,WARREN,NON-CITY OR UNINCORPORATED,C,2,2,0,506,0.1,A ,W ,IS 70,ERM WEST IS 70 MILE 1870,Daylight,Motor Vehicle in Transport,1,61,Sun     ,0,0,0,0,0,1,1,0,0,0,0,0,0,0,0,1,0,0,0,0,1,0,0,1,0,38.84621,-91.25234,0,08/11/2019,16:45:00,VEHICLE #1 WAS TRAVELING WESTBOUND ON INTERSTATE 70 IN THE LEFT LANE AND WAS BEING FOLLOWED BY VEHICLE #2.  TRAFFIC IN FRONT OF VEHICLE #1 CAME TO A SUDDEN STOP.  VEHICLE #1 STOPPED AND WAS STRUCK IN THE LEFT REAR BY THE RIGHT FRONT OF VEHICLE #2. ASSISTED BY MSGT. C. A. BOWLES (1194)
1304757,3190021800,Missouri State Highway Patrol-Troop C,1565481600000,190466933,2,0,2,0,Personal Injury,WARREN,NON-CITY OR UNINCORPORATED,C,2,2,0,469,0.09,A ,W ,IS 70,ERM WEST IS 70 MILE 1870,Daylight,Motor Vehicle in Transport,1,61,Sun     ,0,0,0,0,0,1,1,0,0,0,0,0,0,0,0,1,0,0,0,0,0,0,0,0,0,38.84621,-91.25221,0,08/11/2019,16:45:00,VEHICLE #1 WAS TRAVELING WESTBOUND ON I 70 IN THE LEFT LANE AND WAS BEING FOLLOWED BY VEHICLE #2.   A SEPARATE TRAFFIC CRASH OCCURRED IN FRONT OF VEHICLE #1.  DRIVER #1 AVOIDED THE OTHER CRASH AND WAS STRUCK IN THE REAR BY THE FRONT OF VEHICLE #2.
1504704,3190021502,Missouri State Highway Patrol-Troop H,1565481600000,190466989,1,0,1,0,Personal Injury,DAVIESS,NON-CITY OR UNINCORPORATED,H,2,2,0,105,0.02,A ,S ,IS 35,ERM SOUTH IS 35 MILE 810,Daylight,Motor Vehicle in Transport,1,61,Sun     ,0,0,0,0,0,0,0,1,0,0,0,0,0,0,0,1,0,0,0,0,1,0,0,1,1,40.11238,-94.06475,0,08/11/2019,17:50:00,"OCCURRED AS NR1 AND NR2 WERE SOUTHBOUND. NR2 STRUCK REAR OF NR1 AND CAME TO REST ON THE RIGHT SHOULDER. NR1 CAME TO REST IN THE DRIVING LANE. ASSISTED BY TPR J.P. LYNCH (522), TPR D.M. WILBURN (1467), AND SO DAVIESS CO."