objectid,accident,agency,inv_date,complaint,injured,killed,min_inj,dis_inj,severity,county,city,troop,no_vehicle,motor_veh,left_scene,dist_feet,dist_mile,inter_loc,direction,on_street,at_street,light_cond,acc_type,on_off_rd,two_veh,day_week,dr_drink,dr_drug,ped_drink,ped_drug,speed,dr_under21,dr_under25,dr_over55,dr_over64,electrical,emer_veh,stop_sign,yield_sign,czone,hazmat,aggressive,cell_phone,texting,veh_defect,school_bus,truck,motorcycle,atv,pickup,cmv,gps_lat,gps_long,severity_fatal,acc_date,acc_time,narrative
1012702,3190021141,Missouri State Highway Patrol-Troop D,1565481600000,190467019,3,0,2,1,Personal Injury,VERNON,NON-CITY OR UNINCORPORATED,D,2,2,0,0,0,AT,E ,US 54,CRD 2200,Daylight,Motor Vehicle in Transport,1,64,Sun     ,0,0,0,0,0,0,0,1,1,0,0,1,0,0,0,1,0,0,0,0,1,0,0,0,1,37.86204,-94.23391,0,08/11/2019,18:00:00,VEHICLE #2 FAILED TO YIELD AT STOP SIGN AND PULLED INTO THE PATH OF VEHICLE #1.  VEHICLE #1 STRUCK VEHICLE #2.
793225,3190021051,Missouri State Highway Patrol-Troop A,1565481600000,190467075,1,0,0,1,Personal Injury,CASS,NON-CITY OR UNINCORPORATED,A,1,1,0,0,0,AT,N,RT Y,CRD GROH RD,Daylight,Overturn,1,,Sun     ,0,0,0,0,1,0,0,0,0,0,0,0,0,0,0,1,0,0,0,0,0,1,0,0,0,38.68476,-94.54046,0,08/11/2019,18:30:00,CRASH OCCURRED AS VEHICLE 1 WAS TRAVELING NORTHBOUND AND TRAVELED OFF THE RIGHT SIDE OF THE ROADWAY AND OVERTURNED PARTAILLY EJECTING THE DRIVER.  ASSISTED BY BELTON FIRE.
1111166,3190021108,Missouri State Highway Patrol-Troop E,1565481600000,190467203,3,0,3,0,Personal Injury,DUNKLIN,NON-CITY OR UNINCORPORATED,E,1,1,0,522,0.1,B ,W ,RT A,CRD 510,Dark-Unlighted,Fixed Object,2,,Sun     ,0,0,0,0,0,1,1,0,0,0,0,0,0,0,0,0,0,0,0,0,0,0,0,0,0,36.20728,-90.13917,0,08/11/2019,19:40:00,"CRASH OCCURRED AS VEHICLE ONE RAN OFF THE RIGHT SIDE OF THE ROADWAY, STRUCK TWO TREES, ANDTHEN OVERTURNED."
971980,3190021564,Missouri State Highway Patrol-Troop D,1565481600000,190467217,1,0,1,0,Personal Injury,CEDAR,NON-CITY OR UNINCORPORATED,D,1,1,0,401,0.08,A ,W ,MO 32,BRIDGE H0623,Daylight,Fixed Object,2,,Sun     ,1,0,0,0,0,0,0,0,0,0,0,0,0,0,0,0,0,0,0,0,1,0,0,1,0,37.73018,-93.8804,0,08/11/2019,19:15:00,VEHICLE 1 RAN OFF THE ROADWAY AND STRUCK A FENCE.
1233013,3190021404,Missouri State Highway Patrol-Troop C,1565481600000,190467297,1,0,1,0,Personal Injury,JEFFERSON,NON-CITY OR UNINCORPORATED,C,2,2,0,10,0,A ,E ,CRD ROMAINE CREEK RD,MO 141,Dark-Unlighted,Motor Vehicle in Transport,1,60,Sun     ,0,0,0,0,0,0,0,0,0,1,0,0,0,0,0,1,0,0,0,0,1,0,0,1,0,38.47001,-90.43142,0,08/11/2019,20:40:00,VEHICLE 1 WAS TRAVELING WESTBOUND ON ROMAINE CREEK ROAD. VEHICLE 2 WAS TRAVELING EASTBOUND ON ROMAINE CREEK RD AND WAS PREPARING TO MAKE A LEFT TURN. DRIVER 2 FAILED TO YIELD TO VEHICLE 1 AND THE FRONT OF VEHICLE 2 STRUCK THE FRONT OF VEHICLE 1.
1250322,3190022712,Missouri State Highway Patrol-Troop C,1565481600000,190467339,1,0,1,0,Personal Injury,STE. GENEVIEVE,BLOOMSDALE,C,2,2,0,605,0.11,B ,S ,IS 55,ERM SOUTH IS 55 MILE 1582,Dark-Unlighted,Motor Vehicle in Transport,1,61,Sun     ,0,0,0,0,0,0,0,1,0,0,0,0,0,0,0,1,0,0,0,0,0,0,0,0,0,38.01324,-90.22881,0,08/11/2019,21:25:00,VEHICLES 1 AND 2 WERE SOUTHBOUND ON I-55. VEHICLE 1 STRUCK THE REAR OF VEHICLE 2. VEHICLE 1 DROVE OFF THE RIGHT SIDE OF THE ROADWAY.
1040534,3190021438,Missouri State Highway Patrol-Troop I,1565481600000,190467346,2,0,2,0,Personal Injury,CRAWFORD,NON-CITY OR UNINCORPORATED,I,1,1,0,543,0.1,B ,S ,MO 19,RT O,Dark-Unlighted,Fixed Object,2,,Sun     ,0,0,0,0,0,1,1,0,0,0,0,0,0,0,0,0,0,0,0,0,0,0,0,0,0,38.04493,-91.39392,0,08/11/2019,21:20:00,"VEHICLE 1 WAS SOUTHBOUND WHEN IT TRAVELED INTO THE NORTHBOUND LANE.  DRIVER 1 OVERCORRECTED, CAUSING THE VEHICLE TO OVERTURN COMING TO REST IN THE DITCH."
1234298,3190021253,Missouri State Highway Patrol-Troop C,1565481600000,190467360,1,0,1,0,Personal Injury,ST. LOUIS,NON-CITY OR UNINCORPORATED,C,1,1,0,216,0.04,B ,E ,IS 44,ERM EAST IS 44 MILE 2684,Dark-Lighted,Fixed Object,2,,Sun     ,0,0,0,0,1,0,0,0,0,0,0,0,0,0,0,1,0,0,0,0,0,0,0,0,0,38.50772,-90.55786,0,08/11/2019,21:37:00,VEHICLE 1 WAS TRAVELING EASTBOUND ON I-44. DRIVER 1 WAS DRIVING TOO FAST FOR CONDITIONS AND LOST CONTROL OF THE VEHICLE. THE  FRONT LEFT OF VEHICLE 1 STRUCK THE CONCRETE BARRIER.
1128996,3190021363,Missouri State Highway Patrol-Troop E,1565481600000,190467418,1,0,1,0,Personal Injury,WAYNE,NON-CITY OR UNINCORPORATED,E,1,1,0,728,0.14,B ,S ,MO 143,CRD 318,Dark-Unlighted,Fixed Object,2,,Sun     ,0,0,0,0,1,1,1,0,0,0,0,0,0,0,0,1,0,0,0,0,1,0,0,1,0,37.26914,-90.49903,0,08/11/2019,22:00:00,"CRASH OCCURRED AS VEHICLE 1 RAN OFF ROADWAY, STRUCK A FENCE & TREE AND OVERTURNED."
1210672,3190021862,Missouri State Highway Patrol-Troop C,1565481600000,190467422,1,0,1,0,Personal Injury,ST. LOUIS,BERKELEY,C,2,2,0,0,0,AT,N,MO 115,CST NATURAL BRIDGE RD NJ,Dark-Lighted,Motor Vehicle in Transport,1,64,Sun     ,0,0,0,0,0,1,1,0,0,0,0,0,0,0,0,1,0,0,0,0,0,0,0,0,0,38.73173,-90.34842,0,08/11/2019,22:25:00,DRIVER 1 WAS IN THE LEFT TURN LANE TO CONTINUE TRAVELING ON NATURAL BRIDGE ROAD.  DRIVER 2 WAS TRAVELING WESTBOUND ON NATURAL BRIDGE ROAD ONTO WESTBOUND INTERSTATE 70.  DRIVER 1 MADE AN IMPROPER LANE CHANGE AND STRUCK THE LEFT SIDE OF VEHICLE 2.
1229728,3190023155,Missouri State Highway Patrol-Troop C,1565481600000,190467431,3,2,2,1,Fatal,LINCOLN,NON-CITY OR UNINCORPORATED,C,1,1,0,897,0.17,A ,N,MO 47,CST WINGATE DR,Dark-Lighted,Fixed Object,2,,Sun     ,0,1,0,0,1,1,1,0,0,0,0,0,0,0,0,1,0,0,0,0,0,0,0,0,0,38.97378,-91.01971,1,08/11/2019,22:40:00,"FATALITY REPORT - VEHICLE 1 TRAVELED OFF THE LEFT SIDE OF THE ROADWAY AND STRUCK A TREE. PASSENGER 2 FATALITY PRONOUNCED AT ST. LOUIS CHILDREN'S HOSPITAL BY DR. KELLY AT 0406 HOURS ON 08/12/2019. PASSENGER 3 FATALITY PRONOUNCED ON SCENE BY THE LINCOLN COUNTY DEPUTY CORONER: BRIAN REED  AT 2330 HOURS ON 08/11/2019. ASSISTED BY TPR. N.A. COCKRUM (179), SGT. R.E. HOEHN (902), CPL. V.M. KASPUT (1339), TPR. S.T. BRUENGER (505), TPR. L.A. BENKE (156), AND CPL. J.R. BREITBACH (790)."
898226,3190022392,Missouri State Highway Patrol-Troop D,1565568000000,190467567,0,1,0,0,Fatal,GREENE,NON-CITY OR UNINCORPORATED,D,2,2,0,807,0.15,B ,S ,CRD 149,CRD 48,Dark-Unlighted,Motor Vehicle in Transport,1,64,Mon     ,0,0,0,0,0,0,0,1,0,0,0,0,0,0,0,0,0,0,0,0,1,0,0,1,0,37.35687,-93.30344,1,08/12/2019,02:50:00,LATE FATALITY ACCIDENT. THIS IS TROOP D'S 69TH FATALITY FOR 2019. NEXT OF KIN WAS NOTIFIED. NR2 STRUCK NR1 WHICH WAS PARTIALLY DISABLED IN THE ROADWAY.  NR2 PUSHED NR1 INTO PEDESTRIAN IN ROADWAY. SUBJECT WAS PRONOUNCED ON 08/15/2019 AT 0836 HOURS AT MERCY SPRINGFIELD BY DR BRIAN DRAPER.
1121049,3190021313,Missouri State Highway Patrol-Troop E,1565568000000,190467583,1,0,1,0,Personal Injury,IRON,NON-CITY OR UNINCORPORATED,E,1,1,0,686,0.13,B ,S ,MO 21,BRIDGE A4771,Dark-Unlighted,Overturn,2,,Mon     ,0,1,0,0,0,0,0,0,0,0,0,0,0,0,0,1,0,0,0,0,0,1,0,0,0,37.6958,-90.73349,0,08/12/2019,02:50:00,CRASH OCCURRED AS VEH 1 RAN OFF RIGHT SIDE OF ROADWAY AND OVERTURNED.
1196178,3190022082,Missouri State Highway Patrol-Troop B,1565568000000,190467607,1,0,0,1,Personal Injury,MACON,NON-CITY OR UNINCORPORATED,B,1,1,0,417,0.08,B ,S ,RT UU,CRD OLD HWY 36 NJ,Dark-Unlighted,Fixed Object,2,,Mon     ,1,0,0,0,1,0,0,0,0,0,0,0,0,0,0,1,0,0,0,0,0,0,0,0,0,39.76017,-92.64508,0,08/12/2019,05:55:00,"VEH 1 TRAVELED OFF WEST SIDE OF ROADWAY, STRUCK A HIGHWAY SIGN, OVERTURNED AND CAME TO REST ON ITS SIDE EJECTING THE DRIVER."
863584,3190021946,Missouri State Highway Patrol-Troop A,1565568000000,190467647,2,0,1,1,Personal Injury,JOHNSON,NON-CITY OR UNINCORPORATED,A,2,2,0,918,0.17,B ,W ,RT Y,CRD SE 1251 RD,Daylight,Motor Vehicle in Transport,1,64,Mon     ,0,0,0,0,0,0,0,1,1,0,0,0,0,0,0,1,0,0,0,0,1,0,0,1,0,38.70874,-93.51084,0,08/12/2019,06:30:00,CRASH OCCURRED AS EAST BOUND VEHICLE 2 WAS ATTEMPTING TO MAKE A LEFT HAND TURN AND TRAVELED INTO THE PATH OF WESTBOUND VEHICLE 1.   VEHICLE 1 STRUCK VEHICLE 2.  ASSISTED BY TPR C R BLACKMON /218/ AND CPL J J CRUMP /1361/
1249794,3190021727,Missouri State Highway Patrol-Troop C,1565568000000,190467766,1,0,1,0,Personal Injury,STE. GENEVIEVE,NON-CITY OR UNINCORPORATED,C,1,1,0,3695,0.7,B ,W ,RT J,PVT SALINE VALLEY DRIVE,Daylight,Fixed Object,2,,Mon     ,1,0,0,0,0,0,0,0,0,0,0,0,0,0,0,1,0,0,0,0,1,0,0,1,0,37.89399,-90.00917,0,08/12/2019,07:50:00,VEHICLE 1 TRAVELED OFF THE RIGHT SIDE OF THE ROADWAY AND STRUCK AN EMBANKMENT.  ASSISTED BY MSGT W. B. SEVIER (1229)
1508785,3190022028,Missouri State Highway Patrol-Troop H,1565568000000,190468176,1,0,1,0,Personal Injury,HOLT,NON-CITY OR UNINCORPORATED,H,1,1,0,1584,0.3,B ,S ,MO 113,CRD RAINTREE DR,Daylight,Overturn,1,,Mon     ,0,0,0,0,1,0,0,0,0,0,0,0,0,0,0,1,0,0,0,0,1,0,0,0,1,40.13006,-95.10444,0,08/12/2019,11:27:00,"OCCURRED AS VEHICLE 1 WAS SOUTHBOUND ON M-113 AND WENT OFF THE RIGHT SIDE OF THE ROADWAY. DRIVER OVERCORRECTED AND VEHICLE 1 WENT BACK ACROSS THE ROADWAY AND OVERTURNED ONTO ITS PASSENGER SIDE, LOSING ITS LOAD OF GRAVEL IN THE ROADWAY. VEHICLE 1 CAME TO REST OFF THE LEFT SIDE OF THE ROADWAY. ASSISTED BY TPR M A HARRIS (585) AND TPR T L SHUPE (1432)"
968950,3190021114,Missouri State Highway Patrol-Troop D,1565568000000,190468332,2,0,1,1,Personal Injury,BARRY,NON-CITY OR UNINCORPORATED,D,1,1,0,1399,0.26,B ,N,CRD SANS SOUCI DR,CRD 2236,Daylight,Fixed Object,2,,Mon     ,0,0,0,0,0,0,0,1,0,0,0,0,0,0,0,0,0,0,0,0,1,0,0,1,0,36.59324,-93.64904,0,08/12/2019,12:40:00,ACCIDENT OCCURRED AS VEHICLE #1 TRAVELED OFF THE RIGHT SIDE OF THE ROADWAY AND STRUCK A TREE.
1234347,3190022487,Missouri State Highway Patrol-Troop C,1565568000000,190468512,2,0,2,0,Personal Injury,ST. LOUIS,NON-CITY OR UNINCORPORATED,C,1,1,0,269,0.05,A ,N,IS 55,ERM NORTH IS 55 MILE 2008,Daylight,Overturn,2,,Mon     ,0,0,0,0,0,0,0,1,0,0,0,0,0,0,0,0,0,0,0,0,0,0,0,0,0,38.54619,-90.29179,0,08/12/2019,14:30:00,"VEHICLE 1 WAS TRAVELING NORTHBOUND ON INTERSTATE 55, TRAVELED OFF THE RIGHT SIDE OF THE ROADWAY, THEN OVERTURNED."
1259910,3190021669,Missouri State Highway Patrol-Troop C,1565568000000,190468520,1,0,1,0,Personal Injury,ST. CHARLES,ST CHARLES,C,3,3,0,380,0.07,A ,W ,IS 70,ERM WEST IS 70 MILE 2256,Daylight,Motor Vehicle in Transport,1,61,Mon     ,0,0,0,0,0,0,1,0,0,0,0,0,0,0,0,0,0,0,0,0,0,0,0,0,0,38.79192,-90.56015,0,08/12/2019,14:30:00,VEHICLE 1 AND VEHICLE 2 STOPPED DUE TO CONGESTION AHEAD.  DRIVER 3 WAS INATTENTIVE AND FAILED TO KEEP A PROPER LOOKOUT.  THE FRONT OF VEHICLE 3 STRUCK THE REAR OF VEHICLE 2.  VEHICLE 2 WAS PUSHED FORWARD AND STRUCK VEHICLE 1.
1128995,3190022127,Missouri State Highway Patrol-Troop E,1565568000000,190468681,2,1,2,0,Fatal,WAYNE,NON-CITY OR UNINCORPORATED,E,1,1,0,1066,0.2,B ,N,US 67,RT EE,Daylight,Overturn,1,,Mon     ,0,0,0,0,0,0,0,0,0,0,0,0,0,0,0,1,0,0,0,0,0,0,0,0,0,37.30681,-90.41054,1,08/12/2019,15:45:00,"FATALITY CRASH - OCCURRED AS VEHICLE 1 RAN OFF THE LEFT SIDE OF THE ROADWAY RETURNED TO THE ROADWAY, OVERCORRECTED AND OVERTURNED EJECTING A PASSENGER - LATE DEATH - NEXT OF KIN NOTIFIED - TAMMY JONES PRONOUNCED ON 081319 AT 0923 HOURS AT ST FRANCIS MEDICAL CENTER IN CAPE GIRARDEAU BY DR STEVEN SCHUMACHER - TROOP E FATALITY #29 FOR 2019"
863582,3190021807,Missouri State Highway Patrol-Troop A,1565568000000,190468911,1,0,1,0,Personal Injury,JOHNSON,NON-CITY OR UNINCORPORATED,A,2,2,0,2112,0.4,A ,W ,US 50,CRD NW 375 EJ,Daylight,Motor Vehicle in Transport,1,63,Mon     ,0,0,0,0,0,0,0,0,0,0,0,0,0,0,0,1,0,0,0,0,1,0,0,1,0,38.82612,-93.9208,0,08/12/2019,17:25:00,"CRASH OCCURRED AS VEHICLE 1 AND VEHICLE 2 TRAVELED WESTBOUND ON US 50. VEHICLE 2 WAS IN LEFT LANE AND VEHICLE 1 WAS IN RIGHT LANE WHEN VEHICLE 1 ATTEMPTED TO PASS VEHICLE 2 ON THE RIGHT.  VEH ICLE1 STRUCK VEHICLE 2'S FRONT RIGHT, THEN RAN OFF THE LEFT SIDE OF THE ROADWAY AND BEGAN TO ROLL. VEHICLE1 CAME TO REST IN THE MEDIAN. VEHICLE 2 CAME TO A CONTROLLED REST ON THE SHOULDER.  .ASSISTED BY TPR B S FAHNESTOCK/793, JOHNSON COUNTY SHERIFF'S OFFICE, JOHNSON COUNTY FIRE AND AMBULANCE."
800238,3190021266,Missouri State Highway Patrol-Troop A,1565568000000,190468949,1,0,1,0,Personal Injury,SALINE,NON-CITY OR UNINCORPORATED,A,2,2,0,84,0.02,A ,E ,IS 70,ERM EAST IS 70 MILE 662,Daylight,Motor Vehicle in Transport,1,63,Mon     ,0,0,0,0,0,0,0,0,0,0,0,0,0,0,0,1,0,0,0,0,1,0,0,1,1,38.97725,-93.4278,0,08/12/2019,17:30:00,"CRASH OCCURRED AS VEHICLE 1 WAS MAKING LANE CHANGE, LOST CONTROL, AND STRUCK VEHICLE 2. AFTER IMPACT, VEHICLE TWO TRAVELED OFF THE SOUTH SIDE OF THE ROADWAY. ASSISTED BY MSGT A V DILLON /990/, TPR T A HARTSHORN /656/, AND SALINE COUNTY SHERIFF'S DEPARTMENT"
800118,3190021852,Missouri State Highway Patrol-Troop A,1565568000000,190469024,1,0,1,0,Personal Injury,SALINE,NON-CITY OR UNINCORPORATED,A,2,2,0,84,0.02,A ,E ,IS 70,ERM EAST IS 70 MILE 662,Daylight,Motor Vehicle in Transport,1,61,Mon     ,0,0,0,0,0,0,1,0,0,0,0,0,0,0,0,1,0,0,0,0,0,0,0,0,1,38.97725,-93.4278,0,08/12/2019,17:30:00,"CRASH OCCURRED AS TRAFFIC WAS SLOWING FOR PREVIOUS CRASH ON THE ROADWAY. VEHICLE 2 WAS TRYING TO AVOID THE CRASH WHEN VEHICLE 1 OVERTOOK AND STRUCK VEHICLE 2 IN THE REAR. ASSISTED BY MSGT A V DILLON /990/, TPR T A HARTSHORN /656/, AND SALINE COUNTY SHERIFF'S DEPARTMENT."
1232995,3190021595,Missouri State Highway Patrol-Troop C,1565568000000,190469079,1,0,0,1,Personal Injury,JEFFERSON,NON-CITY OR UNINCORPORATED,C,2,2,0,47,0.01,A ,S ,US 67,CRD PAPIN RD,Daylight,Motor Vehicle in Transport,1,61,Mon     ,0,0,0,0,0,0,0,0,0,0,0,1,0,0,0,1,0,0,0,0,1,0,0,0,1,38.06618,-90.4869,0,08/12/2019,18:30:00,DRIVER 1 WAS STOPPED ON PAPIN ROAD PREPARING TO TURN ONTO HIGHWAY 67 . VEHICLE 2 SOUTHBOUND ON HIGHWAY 67. DRIVER 2 MADE A RIGHT TURN IN FRONT OF VEHICLE 1. DRIVER 1 ATTEMPTED TO AVOID COLLISION BY STEERING TO LEFT. THE FRONT RIGHT OF VEHICLE 1 STRUCK THE LEFT REAR OF VEHICLE 2. ASSISTED BY TPR. R. J. NORTH (517) AND TPR L. M. BOLTON (260).
1148057,3190022032,Missouri State Highway Patrol-Troop E,1565568000000,190469094,1,0,1,0,Personal Injury,STODDARD,NON-CITY OR UNINCORPORATED,E,1,1,0,1584,0.3,A ,E ,CRD 256,CRD 271,Daylight,Overturn,1,,Mon     ,0,0,0,0,1,1,1,0,0,0,0,0,0,0,0,1,0,0,0,0,0,0,1,0,0,36.9739,-90.06904,0,08/12/2019,18:50:00,TRAFFIC CRASH OCCURRED AS VEHICLE 1 RAN OFF LEFT SIDE OF ROADWAY AND OVERTURNED.
942541,3190022502,Missouri State Highway Patrol-Troop D,1565568000000,190469262,1,0,0,1,Personal Injury,DADE,NON-CITY OR UNINCORPORATED,D,1,1,0,1774,0.34,B ,S ,MO 39,CRD 154,Dark-Unlighted,Animal,1,,Mon     ,0,0,0,0,0,0,0,1,1,0,0,0,0,0,0,0,0,0,0,0,0,1,0,0,0,37.35307,-93.83834,0,08/12/2019,20:40:00,VEHICLE 1 STRUCKA  COW IN THE ROADWAY AND EJECTED THE DRIVER.
1278158,3190023536,Missouri State Highway Patrol-Troop C,1565568000000,190469408,2,0,1,1,Personal Injury,ST. CHARLES,LAKE ST LOUIS,C,2,2,0,61,0.01,B ,W ,IS 70,RP 7640,Dark-Unlighted,Motor Vehicle in Transport,1,63,Mon     ,0,0,0,0,0,0,0,1,0,0,0,0,0,0,0,1,0,0,0,0,0,1,0,0,0,38.80539,-90.8039,0,08/12/2019,22:40:00,"VEHICLE 1 WAS IN LANE 3. VEHICLE 2 WAS IN LANE 2. DRIVER 2 TURNED INTO VEHICLE 1. VEHICLE 1 OVERTURNED ONTO ITS SIDE. DRIVER 1 WAS EJECTED. ASSISTED BY CPL. A. M. COVAL (175), TPR K. R. BECHAUD (163), AND TPR. T. A. REENTS (916)."
1506254,3190022042,Missouri State Highway Patrol-Troop H,1565654400000,190469550,1,2,1,0,Fatal,DEKALB,CAMERON,H,2,2,0,5,0,B ,W ,US 36,CRD BOB F GRIFFIN RD,Dark-Lighted,Motor Vehicle in Transport,1,61,Tue     ,0,0,0,0,1,0,0,1,0,1,0,0,0,0,0,1,0,0,0,0,0,0,0,0,1,39.75368,-94.21531,1,08/13/2019,03:20:00,"****FATALITY CRASH**** NEXT OF KIN NOTIFIED - PRONOUNCED DECEASED ON SCENE AT 0430 HOURS 08/13/2019 BY HEATH TURNER DEKALB COUNTY CORONER - CRASH OCCURRED AS VEHICLE 1 AND VEHICLE 2 WERE TRAVELING WESTBOUND ON US 36 IN DEKALB COUNTY. VEHICLE 1 STOPPED AT A RED LIGHT AT THE INTERSECTION OF US 36 AND BOB F GRIFFIN RD IN CAMERON, MO. VEHICLE 1 BEGAN TRAVELING WESTBOUND ON US 36 AND VEHICLE 2 STRUCK THE TOWED UNIT OF VEHICLE 1. VEHICLE 1 CONTINUED WEST AND CAME TO A CONTROLLED STOP ON THE NORTH SHOULDER OF US 36 FACING EAST. VEHICLE 2 OVERTURNED AND DRIVER 2 WAS PARTIALLY EJECTED. VEHICLE 2 CAME TO REST ON ITS TOP FACING SOUTHWEST IN THE PASSING LANE OF US 36. ASSISTED BY SGT. J.M. CROSS (446), TPR. T.B. HEINTZ (305) , TPR.  J.J. THOMPSON (1414), CAMERON PD AND CAMERON FIRE DEPARTMENT."
828165,3190024703,Missouri State Highway Patrol-Troop A,1565654400000,190469597,1,1,1,0,Fatal,CLAY,NORTH KANSAS CITY,A,2,2,0,90,0.02,B ,S ,IS 35,ERM SOUTH IS 35 MILE 54,Daylight,Fixed Object,2,,Tue     ,0,0,0,0,0,1,1,0,0,0,0,0,0,0,0,1,0,0,0,0,1,0,0,1,0,39.12999,-94.56812,1,08/13/2019,06:03:00,"LATE DEATH REPORT - OCCURRED AS VEH1 TRAVELED OFF ROADWAY AND STRUCK GUARD RAIL. VEH1 RETURNED TO ROADWAY AND STRUCK VEH2 ON PASSENGER SIDE, CAUSING VEH2 TO OVERTURN, COMING TO REST ON WHEELS.  DVR2 PRONOUNCED ON 081519 AT 1932 BY DR BRANDON BACON AT TRUMAN MEDICAL CENTER.   ASSISTED BY LT R C FLETCHER /71/, TPR J M HARRISON /549/, TPR J T LANGSDALE /1318/, NORTH KANSAS CITY POLICE, AND KANSAS CITY MISSOURI POLICE.   TROOP A FATALITY CRASH 44 AND FATALITY 50 FOR 2019"
1311595,3190021765,Missouri State Highway Patrol-Troop C,1565654400000,190469615,1,0,1,0,Personal Injury,ST. CHARLES,ST PETERS,C,1,1,0,2127,0.4,A ,W ,MO 370,RP 277652,Daylight,Fixed Object,2,,Tue     ,0,0,0,0,1,0,1,0,0,0,0,0,0,0,0,1,0,0,0,0,0,0,0,0,0,38.8158,-90.57237,0,08/13/2019,06:17:00,DRIVER #1 TRAVELED TOO FAST FOR CONDITION.  VEHICLE #1 TRAVELED OFF THE RIGHT SIDE OF THE ROADWAY.
1170958,3190021440,Missouri State Highway Patrol-Troop F,1565654400000,190470053,1,0,1,0,Personal Injury,MORGAN,NON-CITY OR UNINCORPORATED,F,2,2,0,549,0.1,B ,E ,MO 52,CRD CHURCH RD,Daylight,Motor Vehicle in Transport,1,61,Tue     ,0,0,0,0,0,0,0,0,0,0,0,0,0,0,0,0,0,0,0,0,0,0,0,0,0,38.44511,-92.82045,0,08/13/2019,10:15:00,VEHICLE 2 WAS SLOWING TO TURN LEFT AND WAS STRUCK IN THE REAR BY VEHICLE 1.  ASSISTED BY TPR A. R. ENDERLE (717)
863583,3190022189,Missouri State Highway Patrol-Troop A,1565654400000,190470096,1,0,1,0,Personal Injury,JOHNSON,NON-CITY OR UNINCORPORATED,A,2,2,0,180,0.03,B ,N,BU 13,CRD SE 240,Daylight,Motor Vehicle in Transport,1,64,Tue     ,0,0,0,0,0,0,0,1,1,0,0,0,0,0,0,1,0,0,0,0,1,0,0,1,0,38.72416,-93.73267,0,08/13/2019,10:40:00,"CRASH OCCURRED AS VEHICLE 1 WAS SOUTHBOUND AND BEGAN TO TURN EASTBOUND INTO THE PATH OF VEHICLE 2. VEHICLE 2 NOTICED VEHICLE 1, APPLIED BRAKES, STRIKING VEHICLE 1 IN THE REAR. ASSISTED BY TPR A L ROYSTER /941/"
852498,3190022491,Missouri State Highway Patrol-Troop A,1565654400000,190470187,3,0,1,2,Personal Injury,PETTIS,NON-CITY OR UNINCORPORATED,A,2,2,0,0,0,AT,E ,US 50,RT W,Daylight,Motor Vehicle in Transport,1,60,Tue     ,0,0,0,0,0,0,0,0,0,0,0,0,0,0,0,1,0,0,0,0,0,0,0,0,1,38.69376,-93.09733,0,08/13/2019,11:19:00,CRASH OCCURRED AS VEH 2 MADE AN IMPROPER TURN AND PULLED INTO THE PATH OF VEH 1.  ASSISTED BY TPR W M GRAHAM /620/ AND PETTIS COUNTY SHERIFFS DEPARTMENT
1257833,3190022461,Missouri State Highway Patrol-Troop C,1565654400000,190470744,1,0,1,0,Personal Injury,ST. LOUIS,HAZELWOOD,C,4,4,0,295,0.06,A ,E ,IS 270,ERM NORTH IS 270 MILE 232,Daylight,Motor Vehicle in Transport,1,61,Tue     ,0,0,0,0,0,0,1,0,0,0,0,0,0,0,0,1,0,0,0,0,0,0,0,0,0,38.77492,-90.39539,0,08/13/2019,15:55:00,"VEHICLES WERE SLOWING FOR TRAFFIC CONGESTION AND THE FRONT OF VEHICLE 1 STRUCK THE REAR OF VEHICLE 2, CAUSING VEHICLE 2 TO STRIKE VEHICLE 3 AND VEHICLE 3 TO STRIKE VEHICLE 4."
1119091,3190021730,Missouri State Highway Patrol-Troop E,1565654400000,190470787,1,0,1,0,Personal Injury,BOLLINGER,NON-CITY OR UNINCORPORATED,E,1,1,0,2022,0.38,A ,W ,MO 34,CRD 324,Daylight,Fixed Object,2,,Tue     ,0,0,0,0,0,0,0,0,0,0,0,0,0,0,0,0,0,0,0,0,0,0,0,0,0,37.35046,-89.87535,0,08/13/2019,16:11:00,"CRASH OCCURRED AS VEHICLE 1 RAN OFF THE RIGHT SIDE OF THE ROADWAY STRUCK A DRIVEWAY EMBANKMENT, BECAME AIRBORNE AND OVERTURNED"
1182961,3190021176,Missouri State Highway Patrol-Troop F,1565654400000,190470795,1,0,1,0,Personal Injury,OSAGE,NON-CITY OR UNINCORPORATED,F,3,3,0,158,0.03,A ,S ,US 63,CRD 527 NJ,Daylight,Motor Vehicle in Transport,1,61,Tue     ,0,0,0,0,0,0,0,1,1,0,0,0,0,1,0,1,0,0,0,0,1,0,0,1,1,38.33997,-91.91166,0,08/13/2019,16:10:00,"CRASH OCCURRED AS VEHICLE 3 WAS STOPPED FOR ROAD CONSTRUCTION, VEHICLE 1 STRUCK THE REAR OF VEHICLE 2 PUSHING VEHICLE 2 INTO THE REAR OF VEHICLE 3."
1012703,3190022178,Missouri State Highway Patrol-Troop D,1565654400000,190470852,2,0,1,1,Personal Injury,VERNON,NON-CITY OR UNINCORPORATED,D,2,2,0,0,0,AT,E ,US 54,CRD 2700 RD,Daylight,Motor Vehicle in Transport,1,64,Tue     ,0,0,0,0,0,0,0,0,0,0,0,0,0,0,0,0,0,0,0,0,0,0,0,0,0,37.85781,-94.14157,0,08/13/2019,16:40:00,NBR 1 WAS ATTEMPTING TO MAKE A LEFT TURN AND WAS STRUCK IN THE REAR BY NBR 2.