objectid,accident,agency,inv_date,complaint,injured,killed,min_inj,dis_inj,severity,county,city,troop,no_vehicle,motor_veh,left_scene,dist_feet,dist_mile,inter_loc,direction,on_street,at_street,light_cond,acc_type,on_off_rd,two_veh,day_week,dr_drink,dr_drug,ped_drink,ped_drug,speed,dr_under21,dr_under25,dr_over55,dr_over64,electrical,emer_veh,stop_sign,yield_sign,czone,hazmat,aggressive,cell_phone,texting,veh_defect,school_bus,truck,motorcycle,atv,pickup,cmv,gps_lat,gps_long,severity_fatal,acc_date,acc_time,narrative
793221,3190021826,Missouri State Highway Patrol-Troop A,1565654400000,190470945,0,1,0,0,Fatal,CASS,NON-CITY OR UNINCORPORATED,A,1,1,0,0,0,AT,E ,RT YY,CRD MAJOR,Daylight,Fixed Object,2,,Tue     ,1,0,0,0,0,0,0,0,0,0,0,0,0,0,0,1,0,0,0,0,0,0,0,0,0,38.72697,-94.52435,1,08/13/2019,17:15:00,"----FATAL CRASH REPORT----NEXT OF KIN NOTIFIED---- TROOP A FATAL CRASH #43 AND FATALITY #49 OF 2019.  CRASH OCCURRED AS VEHICLE 1 WAS EASTBOUND ON ROUTE YY AND TRAVELED OFF THE RIGHT SIDE OF THE ROADWAY. VEHICLE 1 STRUCK A DRIVEWAY ENTRANCE, WENT AIRBORNE AND STRUCK THE GROUND. VEHICLE 1 HIT A SECOND DRIVEWAY ENTRANCE AND WENT AIRBORNE. VEHICLE 1 STRUCK THE GROUND AND OVERTURNED PARTIALLY EJECTING DRIVER 1. VEHICLE 1 RETURNED TO THE ROADWAY AND CAME TO REST ON ITS TOP. DRIVER 1 WAS PRONOUNCED DECEASED ON SCENE BY PARAMEDIC JON RYAN AT 1729 HOURS. ASSISTED BY TPR J. C. EWING /524/, TPR D. J. JACKSON /456/, CASS COUNTY DEPUTIES AND PECULIAR POLICE DEPARTMENT."
1329922,3190021810,Missouri State Highway Patrol-Troop G,1565654400000,190471125,2,0,1,1,Personal Injury,HOWELL,NON-CITY OR UNINCORPORATED,G,1,1,0,1087,0.21,A ,N,CRD 8530,CRD 8490,Daylight,Fixed Object,2,,Tue     ,1,0,0,0,1,1,1,0,0,0,0,0,0,0,0,1,0,0,0,0,0,0,0,0,0,36.68326,-91.82997,0,08/13/2019,18:40:00,"ACCIDENT OCCURRED AS SOUTHBOUND VEHICLE #1 FAILED TO NEGOTIATE A CURVE, TRAVELED OFF THE LEFT SIDE OF ROADWAY AND STRUCK A TREE.     ASSISTED BY SGT T.J.THOMAS(996) AND TPR W.S.LASHMET(963)."
1216490,3190021498,Missouri State Highway Patrol-Troop C,1565654400000,190471269,1,0,1,0,Personal Injury,FRANKLIN,NON-CITY OR UNINCORPORATED,C,1,1,0,733,0.14,A ,S ,RT N,CRD E LINDA LN,Dark-Unlighted,Pedestrian,1,,Tue     ,0,0,0,0,0,0,0,0,0,0,0,0,0,0,0,0,0,0,0,0,0,0,0,0,0,38.323,-90.82736,0,08/13/2019,20:18:00,VEHICLE 1 WAS TRAVELING SOUTH ON ROUTE N. PEDESTRIAN 1 WAS WALKING SOUTH ON ROUTE N. THE FRONT RIGHT OF VEHICLE 1 STRUCK PEDESTRIAN 1. ASSISTED BY MASTER SGT. K.L. LICHAY (443)
1189030,3190021712,Missouri State Highway Patrol-Troop B,1565654400000,190471271,1,0,1,0,Personal Injury,ADAIR,NON-CITY OR UNINCORPORATED,B,1,1,0,200,0.04,A ,W ,MO 6,PVT CONCORD ROAD,Dark-Unlighted,Animal,1,,Tue     ,0,0,0,0,0,0,1,0,0,0,0,0,0,0,0,0,0,0,0,0,0,0,0,0,0,40.21463,-92.61115,0,08/13/2019,20:15:00,VEHICLE 01 WAS WESTBOUND MO 6 AND STRUCK A DEER IN THE ROADWAY.
1216491,3190022243,Missouri State Highway Patrol-Troop C,1565740800000,190471674,1,0,1,0,Personal Injury,FRANKLIN,NON-CITY OR UNINCORPORATED,C,2,2,0,0,0,AT,E ,MO 100,CRD CLAY RIDGE DRIVE,Daylight,Motor Vehicle in Transport,1,61,Wed     ,0,0,0,0,0,0,0,0,0,0,0,0,0,0,0,1,0,0,0,0,1,0,0,1,0,38.54807,-91.03323,0,08/14/2019,06:45:00,VEHICLE 1 WAS ATTEMPTING A LEFT TURN AND VEHICLE 2 STRUCK THE REAR OF VEHICLE 1.
936964,3190021319,Missouri State Highway Patrol-Troop D,1565740800000,190471955,1,0,1,0,Personal Injury,NEWTON,SHOAL CREEK DRIVE,D,2,2,0,216,0.04,A ,E ,CST 45TH ST,CST PEARL AVE,Daylight,Motor Vehicle in Transport,1,61,Wed     ,0,0,0,0,0,1,1,1,1,0,0,0,0,0,0,1,0,0,0,0,0,0,0,0,0,37.03949,-94.51873,0,08/14/2019,09:10:00,VEHICLE 2 MADE AN ABRUPT STOP IN THE ROADWAY AND WAS STRUCK BY VEHICLE 1 IN THE REAR.
1011905,3190021483,Missouri State Highway Patrol-Troop D,1565740800000,190472413,1,0,0,1,Personal Injury,WEBSTER,MARSHFIELD,D,1,1,0,8,0,A ,E ,RP 2123,CST SPUR DR,Daylight,Fixed Object,2,,Wed     ,0,0,0,0,1,0,0,0,0,1,0,0,0,0,0,1,0,0,0,0,0,0,0,0,0,37.34236,-92.93,0,08/14/2019,13:11:00,VEHICLE 1 WAS ATTEMPTING TO ELUDE POLICE AND APPROACHED HWY 38 AT A HIGH SPEED FROM I44 CAUSING THE VEHICLE TO ROLL DOWN AN EMBANKMENT.
1206156,3190021841,Missouri State Highway Patrol-Troop F,1565740800000,190472440,2,0,1,1,Personal Injury,MILLER,NON-CITY OR UNINCORPORATED,F,2,2,0,50,0.01,B ,E ,US 54,SOR 54,Daylight,Motor Vehicle in Transport,2,64,Wed     ,0,0,0,0,0,0,0,1,1,0,0,0,1,0,0,1,0,0,0,0,1,0,0,0,1,38.24507,-92.59726,0,08/14/2019,13:00:00,VEHICLE 1 FAILED TO YIELD AND PULLED INTO THE BATH OF VEHICLE 2.  VEHICLE 1 WAS STRUCK IN THE SIDE.  ASSISTED BY SGT M.J. CODY (271)
887941,3190022093,Missouri State Highway Patrol-Troop A,1565740800000,190472808,1,0,0,1,Personal Injury,RAY,NON-CITY OR UNINCORPORATED,A,1,1,0,1325,0.25,A ,S ,RT J,CRD E 76TH ST,Daylight,Fixed Object,2,,Wed     ,0,0,0,0,0,0,0,0,0,0,0,0,0,0,0,1,0,0,0,0,0,0,0,0,0,39.2214,-93.88998,0,08/14/2019,15:45:00,"CRASH OCCURRED AS VEHICLE 1 RAN OFF LEFT SIDE OF THE ROADWAY, STRUCK A DITCH, AND OVERTURNED. ASSISTED BY MSGT N E RODENBERG /882/ AND RAY COUNTY SHERIFF'S DEPARTMENT."
1321899,3190021520,Missouri State Highway Patrol-Troop G,1565740800000,190473032,1,0,1,0,Personal Injury,TEXAS,NON-CITY OR UNINCORPORATED,G,2,2,0,0,0,AT,S ,MO 17,CRD EMERY RD,Daylight,Motor Vehicle in Transport,1,61,Wed     ,0,0,0,0,0,0,0,1,1,0,0,0,0,0,0,1,0,0,0,0,1,0,0,1,0,37.34431,-92.01667,0,08/14/2019,17:10:00,ACCIDENT OCCURRED AS VEHICLE 1 STOPPED IN THE ROADWAY TO TURN LEFT AND WAS STRUCK BY VEHICLE 2.
1500147,3190024423,Missouri State Highway Patrol-Troop H,1565740800000,190473155,0,1,0,0,Fatal,CLINTON,NON-CITY OR UNINCORPORATED,H,1,1,0,2814,0.53,B ,W ,CRD NW 348TH STREET,CRD WATSON RD,Daylight,Fixed Object,2,,Wed     ,1,0,0,0,1,0,0,0,0,0,0,0,0,0,0,1,0,0,0,0,1,0,0,1,0,39.72563,-94.51644,1,08/14/2019,17:50:00,"*****FATALITY REPORT***** CRASH OCCURRED AS VEHICLE 1 WAS EASTBOUND ON NW 348TH STREET APPROXIMATELY ONE MILE WEST OF ROUTE K. VEHICLE 1 LOST CONTROL AND TRAVELED OFF THE NORTH SIDE OF THE ROADWAY CAUSING IT TO OVERTURN AND EJECT DRIVER 1. VEHICLE 1 UPRIGHTED ITSELF AND TRAVELED BACK SOUTH ACROSS THE ROADWAY. VEHICLE 1 CAME TO REST OFF THE SOUTH SIDE OF THE ROADWAY ON ITS WHEELS FACING SOUTHEAST. DRIVER 1 WAS PRONOUNCED DECEASED AT THE SCENE ON 08/14/2019 AT 1815 HOURS BY CLINTON COUNTY CORONER LEE HANKS. ASSISTED BY CPL. D.A. LANDI (684), TPR. S.J. COOL (546), CLINTON COUNTY SHERIFF?S DEPARTMENT, DEKALB COUNTY SHERIFF?S DEPARTMENT, STEWARTSVILLE POLICE DEPARTMENT, STEWARTSVILLE FIRE DEPARTMENT, AND DEKALB-CLINTON EMS."
1229726,3190021511,Missouri State Highway Patrol-Troop C,1565740800000,190473393,1,0,1,0,Personal Injury,LINCOLN,NON-CITY OR UNINCORPORATED,C,2,2,0,2640,0.5,A ,S ,US 61,CRD CREECH LANE,Dark-Unlighted,Working Motor Vehicle,1,61,Wed     ,0,0,0,0,0,0,0,1,0,0,0,0,0,1,0,0,0,0,0,0,1,0,0,0,1,39.15625,-90.97337,0,08/14/2019,20:20:00,DRIVER 1 WAS INATTENTIVE AND FAILED TO NOTICE VEHICLE 2 PERFORMING ROAD MAINTENANCE. THE FRONT OF VEHICLE 1 STRUCK THE REAR OF VEHICLE 2.
1508784,3190022381,Missouri State Highway Patrol-Troop H,1565740800000,190473505,1,0,1,0,Personal Injury,HOLT,NON-CITY OR UNINCORPORATED,H,1,1,0,1626,0.31,A ,E ,CRD 300,CST OAKVALE RD,Daylight,Overturn,1,,Wed     ,0,0,0,0,0,0,0,1,0,0,0,0,0,0,0,0,0,0,0,0,0,0,0,0,0,39.96901,-95.15028,0,08/14/2019,07:30:00,"ACCIDENT OCCURRED AS NR1 WAS EASTBOUND ON COUNTY ROAD 300.  NR1 SWERVED TO MISS A DOG IN THE ROADWAY. NR1 OVERTURNED EJECTING THE DRIVER.  NR1 CAME TO REST ON ITS RIGHT SIDE IN THE ROADWAY.  ASSISTED BY TPR. T.L. SHUPE (1432), TPR. V.P. WILEY (692), AND HOLT COUNTY SHERIFF'S DEPARTMENT."
1233040,3190021594,Missouri State Highway Patrol-Troop C,1565740800000,190473547,1,0,1,0,Personal Injury,JEFFERSON,NON-CITY OR UNINCORPORATED,C,1,1,0,422,0.08,A ,S ,RT Y,CRD SIEBEL,Dark-Unlighted,Fixed Object,2,,Wed     ,0,0,0,0,0,0,0,0,0,0,0,0,0,0,0,0,0,0,0,0,1,0,0,1,0,38.18451,-90.64157,0,08/14/2019,21:57:00,"VEHICLE 1 WAS TRAVELING NORTHBOUND ON ROUTE Y, TRAVELED OFF THE LEFT SIDE OF THE ROADWAY, AND STRUCK A TREE."
1012201,3190021503,Missouri State Highway Patrol-Troop D,1565740800000,190473616,1,0,1,0,Personal Injury,WEBSTER,NON-CITY OR UNINCORPORATED,D,1,1,0,1092,0.21,B ,E ,MO 38,PVT STEVER LN,Dark-Unlighted,Fixed Object,2,,Wed     ,0,0,0,0,0,0,0,0,0,0,0,0,0,1,0,0,0,0,0,0,0,0,0,0,0,37.46818,-93.04395,0,08/14/2019,22:45:00,"NR1 RAN OFF THE ROADWAY, STRUCK THE DITCH, AND OVERTURNED."
1337685,3190022136,Missouri State Highway Patrol-Troop G,1565827200000,190473695,1,0,1,0,Personal Injury,SHANNON,NON-CITY OR UNINCORPORATED,G,1,1,0,300,0.06,A ,N,CRD 641,US 60,Dark-Unlighted,Fixed Object,2,,Thu     ,1,0,0,0,0,0,0,0,0,0,0,0,0,0,0,0,0,0,0,0,0,0,0,0,0,36.99579,-91.51098,0,08/15/2019,00:35:00,ACCIDENT OCCURRED AS VEHICLE #1 TRAVELED OFF THE LEFT SIDE OF ROADWAY AND STRUCK A DITCH.
1229725,3190022324,Missouri State Highway Patrol-Troop C,1565827200000,190473854,2,0,2,0,Personal Injury,LINCOLN,NON-CITY OR UNINCORPORATED,C,3,3,0,232,0.04,B ,S ,MO 79,PVT PIN OAK CT,Daylight,Motor Vehicle in Transport,1,61,Thu     ,0,0,0,0,0,1,1,0,0,0,0,0,0,0,0,0,0,0,1,0,1,0,0,1,0,39.0723,-90.76071,0,08/15/2019,06:47:00,VEHICLE 1 STRUCK THE REAR OF VEHICLE 2 CAUSING VEHICLE 2 TO STRKE VEHICLE 3.
793220,3190021560,Missouri State Highway Patrol-Troop A,1565827200000,190473877,3,0,2,1,Personal Injury,CASS,NON-CITY OR UNINCORPORATED,A,2,2,0,0,0,AT,W ,CRD 163RD ST,CRD QUARRY RD,Daylight,Motor Vehicle in Transport,1,64,Thu     ,0,0,0,0,0,0,0,0,0,0,0,1,0,0,0,1,0,0,0,0,0,0,0,0,0,38.82215,-94.3295,0,08/15/2019,07:05:00,OCCURRED AS VEHICLE 1 ENTERED ROADWAY INTO THE PATH OF VEHICLE 2. VEHICLE 2 THEN STRUCK THE DRIVER'S SIDE OF VEHICLE 1.
1300062,3190021967,Missouri State Highway Patrol-Troop C,1565827200000,190473889,1,0,1,0,Personal Injury,ST. CHARLES,WENTZVILLE,C,2,2,0,100,0.02,B ,E ,RT A,CRD EDINGER RD,Daylight,Motor Vehicle in Transport,2,64,Thu     ,0,0,0,0,1,0,0,0,0,0,0,1,0,0,0,1,0,0,0,0,0,1,0,0,1,38.82751,-90.83166,0,08/15/2019,07:10:00,"VEHICLE 1 WAS EASTBOUND ON HIGHWAY A AND VEHICLE 2 SOUTHBOUND ON PARR ROAD. VEHICLE 2 BEGAN TO CROSS HIGHWAY A. VEHICLE 1 RAN OFF THE RIGHT SIDE OF THE ROADWAY TO AVOID VEHICLE 2, AND THE FRONT OF VEHICLE 1 STRUCK THE TOWED UNIT OF VEHICLE 2. ASSISTED BY CPL. K.L. HAMMERLING (1242), CPL. A.M. COVAL (175), TPR. D.L. ZIEGLER (1440), AND TPR K.T. WELKER (498)."
1501946,3190021468,Missouri State Highway Patrol-Troop H,1565827200000,190474244,1,0,1,0,Personal Injury,ANDREW,NON-CITY OR UNINCORPORATED,H,2,2,0,0,0,AT,N,BU 71,RP 5845,Daylight,Motor Vehicle in Transport,1,64,Thu     ,0,0,0,0,0,0,0,1,1,0,0,0,1,0,0,1,0,0,0,0,0,0,0,0,0,39.85721,-94.81086,0,08/15/2019,09:35:00,"CRASH OCCURRED AS VEH #1 WAS TRAVELING SOUTHBOUND ON BUSINESS 71 AND VEH #2 WAS TRAVELING NORTHBOUND ON BUSINESS 71. VEH #1 ATTEMPTED TO MAKE A LEFTHAND TURN, ACROSS NORTHBOUND BUSINESS 71 TO I-29 SOUTHBOUND. VEH #1 FAILED TO YIELD TO VEH #2. THE PASSENGER SIDE OF VEH #1 STRUCK THE FRONT OF VEH #2. VEH #1 CAME TO REST FACING WEST IN THE ROADWAY ON ITS WHEELS, VEH #2 CAME TO REST IN THE ROADWAY FACING NORTH ON ITS WHEELS. ASSISTED BY TPR K.F. JEFFERS (669), TPR T.A. PIERSON (1235), TPR J.H. HIRNER (819), ANDREW COUNTY SHERIFF'S DEPARTMENT, AND ANDREW COUNTY EMS."
1148056,3190021654,Missouri State Highway Patrol-Troop E,1565827200000,190474389,1,0,0,1,Personal Injury,STODDARD,NON-CITY OR UNINCORPORATED,E,2,2,0,227,0.04,B ,N,RT ZZ,CRD 648,Daylight,Motor Vehicle in Transport,1,61,Thu     ,0,0,0,0,0,0,1,0,0,0,0,0,0,0,0,1,0,0,0,0,0,0,0,0,1,36.74251,-90.08215,0,08/15/2019,10:30:00,CRASH OCCURRED AS VEH 1 STRUCK VEH 2 IN THE REAR.
1233021,3190021545,Missouri State Highway Patrol-Troop C,1565827200000,190474507,1,0,1,0,Personal Injury,JEFFERSON,NON-CITY OR UNINCORPORATED,C,1,1,0,131,0.02,A ,N,RT BB,CRD BRACKMAN AVE,Daylight,Overturn,2,,Thu     ,0,0,0,0,0,0,0,0,0,0,0,0,0,0,0,1,0,0,0,0,0,0,0,0,0,38.35244,-90.64249,0,08/15/2019,11:20:00,VEHICLE 1 TRAVELED OFF OF THE RIGHT SIDE OF THE ROADWAY AND STRUCK THE GROUND.
1128993,3190022214,Missouri State Highway Patrol-Troop E,1565827200000,190474520,2,0,2,0,Personal Injury,WAYNE,NON-CITY OR UNINCORPORATED,E,1,1,0,908,0.17,A ,S ,MO 49,CRD NFS 3826,Daylight,Fixed Object,2,,Thu     ,0,0,0,0,1,0,1,0,0,0,0,0,0,0,0,1,0,0,0,0,0,0,0,0,0,36.94454,-90.46909,0,08/15/2019,11:25:00,CRASH OCCURRED AS VEHICLE ONE RAN OFF THE RIGHT SIDE OF THE ROADWAY AND STRUCK AN EMBANKMENT.
863589,3190022199,Missouri State Highway Patrol-Troop A,1565827200000,190474529,1,0,1,0,Personal Injury,JOHNSON,NON-CITY OR UNINCORPORATED,A,2,2,0,353,0.07,A ,S ,BU 13,CRD SE190 RD,Daylight,Motor Vehicle in Transport,1,61,Thu     ,0,0,0,0,0,0,1,0,0,0,0,0,0,0,0,1,0,0,0,0,1,0,0,1,1,38.73115,-93.73202,0,08/15/2019,11:30:00,CRASH OCCURRED AS VEHICLE 2 WAS TURNING INTO A DRIVEWAY.  VEHILCE 1 FAILED TO YEILD AND REAR ENDED VEHICLE 2. ASSISTED BY CPL J J CRUMP/1361 AND CPL J D OWENS/876.
1174563,3190022158,Missouri State Highway Patrol-Troop F,1565827200000,190474703,1,0,1,0,Personal Injury,CALLAWAY,NON-CITY OR UNINCORPORATED,F,1,1,0,10,0,A ,W ,US 54,CRD OLD 54,Daylight,Overturn,2,,Thu     ,0,0,0,0,0,0,0,1,0,0,0,0,0,0,0,0,0,0,0,0,0,0,0,0,0,38.79816,-92.00458,0,08/15/2019,12:55:00,CRASH OCCURRED AS DRIVER 1 OVERCORRECTED AND TURNED TO THE RIGHT TO AVOID ANOTHER VEHICLE. VEHICLE 1 TRAVELED OFF THE RIGHT SIDE OF THE ROADWAY AND OVERTURNED. ASSISTED BY CPL. J.W.  TURNER (846)
1276941,3190022429,Missouri State Highway Patrol-Troop C,1565827200000,190474851,1,0,1,0,Personal Injury,ST. CHARLES,WELDON SPRING,C,2,2,0,46,0.01,B ,E ,MO 94,CST WOLFRUM RD,Daylight,Motor Vehicle in Transport,1,61,Thu     ,0,0,0,0,0,0,0,0,0,1,0,0,0,0,0,1,0,0,0,0,0,0,0,0,0,38.72753,-90.6443,0,08/15/2019,14:00:00,VEHICLE 1 WAS STOPPED AT A  STEADY RED TRAFFIC SIGNAL. VEHICLE 2 FAILED TO KEEP A PROPER LOOKOUT AND STRUCK THE REAR OF VEHICLE 1.
1273143,3190022063,Missouri State Highway Patrol-Troop C,1565827200000,190474938,1,0,0,1,Personal Injury,ST. FRANCOIS,NON-CITY OR UNINCORPORATED,C,2,2,0,322,0.06,A ,W ,MO 32,PVT TJ LN,Daylight,Motor Vehicle in Transport,1,64,Thu     ,0,0,0,0,0,0,0,1,1,0,0,0,0,0,0,1,0,0,0,0,1,1,0,1,0,37.79252,-90.35132,0,08/15/2019,14:37:00,"VEHICLE 1 FAILED TO YIELD TO VEHICLE 2 AND MADE A LEFT TURN INTO THE PATH OF VEHICLE 2.  THE RIGHT SIDE OF VEHICLE 2 STRUCK THE RIGHT REAR CORNER OF VEHICLE 1.  POST IMPACT, VEHICLE 2 OVERTURNED AND DRIVER 2 WAS EJECTED FROM VEHICLE 2."
999241,3190022128,Missouri State Highway Patrol-Troop D,1565827200000,190475005,1,0,0,1,Personal Injury,STONE,CRANE,D,2,1,0,0,0,AT,N,MO 265,CST MAIN ST,Daylight,Pedalcycle,1,,Thu     ,0,0,0,0,0,0,0,0,0,0,0,1,0,0,0,0,0,0,0,0,1,0,0,1,0,36.90583,-93.57232,0,08/15/2019,14:52:00,VEHICLE #1 FAILED TO STOP AT STOP SIGN.  VEHICLE #2 WAS STRUCK BY VEHICLE #1.
1155391,3190021657,Missouri State Highway Patrol-Troop E,1565827200000,190475055,1,0,1,0,Personal Injury,SCOTT,NON-CITY OR UNINCORPORATED,E,2,2,0,4224,0.8,B ,N,CRD 402,RT C,Daylight,Motor Vehicle in Transport,1,60,Thu     ,0,0,0,0,1,1,1,0,0,0,0,0,0,0,0,1,0,0,0,0,0,0,0,0,0,37.02778,-89.53922,0,08/15/2019,15:30:00,CRASH OCCURRED AS VEHICLE ONE BEGAN SLIDING ON ROADWAY AND STRUCK VEHICLE TWO
898246,3190021449,Missouri State Highway Patrol-Troop D,1565827200000,190475075,1,0,1,0,Personal Injury,GREENE,NON-CITY OR UNINCORPORATED,D,2,2,0,0,0,AT,N,RT B,RP 2261,Daylight,Motor Vehicle in Transport,1,64,Thu     ,0,0,0,0,0,1,1,0,0,0,0,1,0,0,0,1,0,0,0,0,0,0,0,0,0,37.20111,-93.423,0,08/15/2019,15:35:00,OCCURRED AS #2 ATTEMPTED A LEFT TURN TO GO SOUTH. #1 STRUCK #2 IN THE FRONT DRIVER'S SIDE. BOTH VEHICLES CAME TO REST IN ROADWAY.
963788,3190021437,Missouri State Highway Patrol-Troop D,1565827200000,190475215,1,0,1,0,Personal Injury,BARTON,NON-CITY OR UNINCORPORATED,D,1,1,0,755,0.14,A ,S ,RT NN,CRD NW 20TH RD,Daylight,Overturn,2,,Thu     ,0,0,0,0,1,0,0,0,0,0,0,0,0,0,0,1,0,0,0,0,0,0,0,0,0,37.53296,-94.51566,0,08/15/2019,16:20:00,"VEHICLE #1 WENT OFF THE RIGHT SIDE OF THE ROADWAY, OVERTURNED AND STRUCK A UTILITY POLE."
959653,3190021642,Missouri State Highway Patrol-Troop D,1565827200000,190475233,1,0,1,0,Personal Injury,TANEY,NON-CITY OR UNINCORPORATED,D,2,2,0,417,0.08,A ,S ,US 65,ERM SOUTH US 65 MILE 30,Daylight,Motor Vehicle in Transport,1,61,Thu     ,0,0,0,0,0,1,1,0,0,0,0,0,0,0,0,1,0,0,0,0,1,0,0,1,0,36.53328,-93.2462,0,08/15/2019,16:32:00,VEHICLE #1 STRUCK THE REAR OF VEHICLE #2.
1510513,3190021883,Missouri State Highway Patrol-Troop H,1565827200000,190475324,1,0,1,0,Personal Injury,HARRISON,NON-CITY OR UNINCORPORATED,H,1,1,0,1584,0.3,A ,N,RT OO,CRD E 330 ST,Daylight,Fixed Object,2,,Thu     ,1,0,0,0,0,0,0,0,0,0,0,0,0,0,0,1,0,0,0,0,0,0,0,0,0,40.23944,-93.87852,0,08/15/2019,17:10:00,"CRASH OCCURRED AS VEHICLE 1 WAS NORTHBOUND ON ROUTE OO. VEHICLE 1 TRAVELED OFF THE EAST SIDE OF THE ROADWAY AND CROSSED THROUGH A FENCE LINE. VEHICLE 1 CROSSED BACK THROUGH THE SAME FENCE LINE BEFORE COMING TO REST ON AN EMBANKMENT OFF THE EAST SIDE OF THE ROADWAY ON ITS WHEELS FACING NORTH. ASSISTED BY TPR. D.M. WILBURN (1467), HARRISON COUNTY SHERIFF'S DEPARTMENT AND HARRISON COUNTY EMS."
1216512,3190022024,Missouri State Highway Patrol-Troop C,1565827200000,190475570,1,0,1,0,Personal Injury,FRANKLIN,NON-CITY OR UNINCORPORATED,C,1,1,0,290,0.05,A ,W ,IS 44,ERM WEST IS 44 MILE 2466,Daylight,Fixed Object,2,,Thu     ,0,0,0,0,0,1,1,0,0,0,0,0,0,0,0,0,0,0,0,0,0,0,0,0,0,38.42509,-90.91599,0,08/15/2019,19:05:00,DRIVER 1 WAS INATTENTIVE TO THE ROADWAY. VEHICLE 1 TRAVELED OFF THE LEFT SIDE OF THE ROADWAY.  THE LEFT SIDE OF VEHICLE 1 STRUCK THE CONCRETE TRAFFIC BARRIER.  VEHICLE 1 RETURNED TO THE ROADWAY.  VEHICLE 1 RELOCATED TO THE SHOULDER.
1501947,3190022065,Missouri State Highway Patrol-Troop H,1565827200000,190475582,1,0,1,0,Personal Injury,ANDREW,NON-CITY OR UNINCORPORATED,H,1,1,0,5280,1,A ,N,US 71,RT Y,Dark-Unlighted,Fixed Object,2,,Thu     ,0,0,0,0,1,1,1,0,0,0,0,0,0,0,0,1,0,0,0,0,0,0,0,0,0,40.10601,-94.86965,0,08/15/2019,19:15:00,"CRASH OCCURRED AS VEHICLE 1 WAS NORTHBOUND ON US71. VEHICLE 1 HYDROPLANED AND TRAVELED OFF THE EAST SIDE OF THE ROADWAY. VEHICLE 1 SLID DOWN AN EMBANKMENT AND STRUCK SEVERAL TREES BEFORE OVERTURNING INTO A CREEK. VEHICLE 1 CAME TO REST ON ITS TOP IN THE CREEK FACING SOUTH. ASSISTED BY CPL. R.P. DUDECK (516), ANDREW COUNTY SHERIFF'S DEPARTMENT AND ANDREW COUNTY EMS."
912807,3190021735,Missouri State Highway Patrol-Troop D,1565827200000,190475624,1,0,1,0,Personal Injury,POLK,NON-CITY OR UNINCORPORATED,D,2,2,0,0,0,AT,N,MO 13,BU 13 SJ,Daylight,Motor Vehicle in Transport,1,64,Thu     ,0,0,0,0,0,0,0,1,1,0,0,0,1,1,0,1,0,0,0,0,0,0,0,0,1,37.76416,-93.55919,0,08/15/2019,19:39:00,VEHICLE #1 FAILED TO YIELD AND STRUCK VEHICLE #2 IN THE SIDE OF ITS TOWED UNIT.
1148062,3190021783,Missouri State Highway Patrol-Troop E,1565827200000,190475883,2,0,2,0,Personal Injury,STODDARD,NON-CITY OR UNINCORPORATED,E,2,2,Y,100,0.02,B ,N,MO 25,RT K,Dark-Unlighted,Motor Vehicle in Transport,1,62,Thu     ,0,1,0,0,0,1,1,0,0,0,0,0,0,0,0,1,0,0,0,0,0,0,0,0,0,37.0223,-89.90418,0,08/15/2019,22:20:00,VEH1 CROSSED THE CENTERLINE AND STRUCK VEH2.
1234352,3190022544,Missouri State Highway Patrol-Troop C,1565827200000,190475930,1,0,1,0,Personal Injury,ST. LOUIS,NON-CITY OR UNINCORPORATED,C,1,1,0,47,0.01,B ,W ,IS 44,ERM WEST IS 44 MILE 2700,Dark-Unlighted,Fixed Object,1,,Thu     ,1,0,0,0,1,0,1,0,0,0,0,0,0,0,0,1,0,0,0,0,0,0,0,0,0,38.5275,-90.54113,0,08/15/2019,22:58:00,"VEHICLE 1 WAS TRAVELING WESTBOUND INTERSTATE 44. DRIVER 1  LOST CONTROL. VEHICLE 1 TRAVELED OFF THE RIGHT SIDE OF THE ROADWAY AND OVERTURNED. ASSISTED BY CPL. R. L. CALVERT (165), ST. LOUIS COUNTY PD OFFICERS, AND SUNSET HILLS PD OFFICERS."
893288,3190021579,Missouri State Highway Patrol-Troop D,1565913600000,190476102,8,0,8,0,Personal Injury,LAWRENCE,NON-CITY OR UNINCORPORATED,D,2,2,0,242,0.05,B ,E ,IS 44,ERM EAST IS 44 MILE 372,Dark-Unlighted,Motor Vehicle in Transport,1,61,Fri     ,0,0,0,0,0,0,0,1,0,0,0,0,0,0,0,1,0,0,0,0,0,0,0,0,1,37.07506,-93.97432,0,08/16/2019,04:35:00,VEHICLE 1 WAS TRAVELING EAST ON INTERSTATE 44 AND WAS STRUCK IN THE REAR BY VEHICLE 2. VEHICLE 1 TRAVELED OFF THE LEFT SIDE OF THE ROADWAY AND STRUCK THE MEDIAN CABLE.
1511491,3190021795,Missouri State Highway Patrol-Troop H,1565913600000,190476123,1,0,1,0,Personal Injury,BUCHANAN,NON-CITY OR UNINCORPORATED,H,1,1,0,1584,0.3,A ,S ,US 169,RT E,Dark-Unlighted,Fixed Object,2,,Fri     ,0,0,0,0,0,0,0,0,0,0,0,0,0,0,0,0,0,0,0,0,0,0,0,0,0,39.66455,-94.66034,0,08/16/2019,05:46:00,"CRASH OCCURRED AS VEH 1 WAS NORTHBOUND ON US-169. VEH 1 SWERVED TO MISS A DEER IN THE ROADWAY, AND SWERVED TO MISS ONCOMING TRAFFIC. DRV 1 LOST CONTROL OF THE VEH AND DROVE OFF THE WEST SIDE OF THE ROADWAY, STRUCK A UTILITY POLE AND OVERTURNED. VEH 1 CAME TO REST ON ITS TOP FACING WEST. ASSISTED BY TPR. K.F. JEFFERS (669), BUCHANAN COUNTY SHERIFF'S OFFICE, AND BUCHANAN COUNTY EMS."