objectid,accident,agency,inv_date,complaint,injured,killed,min_inj,dis_inj,severity,county,city,troop,no_vehicle,motor_veh,left_scene,dist_feet,dist_mile,inter_loc,direction,on_street,at_street,light_cond,acc_type,on_off_rd,two_veh,day_week,dr_drink,dr_drug,ped_drink,ped_drug,speed,dr_under21,dr_under25,dr_over55,dr_over64,electrical,emer_veh,stop_sign,yield_sign,czone,hazmat,aggressive,cell_phone,texting,veh_defect,school_bus,truck,motorcycle,atv,pickup,cmv,gps_lat,gps_long,severity_fatal,acc_date,acc_time,narrative
1182960,3190021633,Missouri State Highway Patrol-Troop F,1565913600000,190476169,2,0,2,0,Personal Injury,OSAGE,NON-CITY OR UNINCORPORATED,F,2,2,0,0,0,AT,S ,US 63,RT T,Daylight,Motor Vehicle in Transport,1,64,Fri     ,0,0,0,0,0,0,0,0,0,0,0,1,0,0,0,1,0,0,0,0,0,0,0,0,0,38.40847,-91.97143,0,08/16/2019,06:44:00,ACCIDENT OCCURRED AS VEHICLE 1 WAS ATTEMPTING TO MAKE A LEFT TURN FROM RT. T ONTO US 63. VEHICLE 1 FAILED TO YIELD TO SOUTHBOUND VEHICLE 2 PULLING INTO VEHICLE 2'S PATH. VEHICLE 1 STRUCK VEHICLE 2 CAUSING VEHICLE 2 TO COME TO REST BLOCKING THE SOUTHBOUND LANE AND VEHICLE 1 CAME TO REST BLOCKING THE NORTHBOUND LANE
1504703,3190021779,Missouri State Highway Patrol-Troop H,1565913600000,190476297,2,0,2,0,Personal Injury,DAVIESS,NON-CITY OR UNINCORPORATED,H,1,1,0,95,0.02,B ,N,IS 35,ERM NORTH IS 35 MILE 732,Daylight,Fixed Object,2,,Fri     ,0,0,0,0,0,0,0,0,0,0,0,0,0,0,0,1,0,0,0,0,0,0,0,0,1,40.00624,-94.09625,0,08/16/2019,08:00:00,"CRASH OCCURRED AS VEH 1 WAS NORTHBOUND ON I-35. DRV 1 LOST CONTROL AND VEH 1 TRAVELED OFF THE WEST SIDE OF THE ROADWAY. VEH 1 STRUCK AN EMERGENCY CROSS OVER AND A TRAFFIC SIGN . VEH 1 CAME TO REST ON ITS WHEELS IN THE MEDIAN FACING NORTH. ASSISTED BY SGT. M.A. WILHOIT  (1212), SGT. A.A. HENRY (187), AND PATTONSBURG FIRE."
1233045,3190021909,Missouri State Highway Patrol-Troop C,1565913600000,190476374,1,0,1,0,Personal Injury,JEFFERSON,NON-CITY OR UNINCORPORATED,C,1,1,0,58,0.01,A ,W ,RT MM,PVT RANDY DR,Daylight,Fixed Object,2,,Fri     ,0,0,0,0,0,0,0,1,1,0,0,0,0,0,0,0,0,0,0,0,1,0,0,1,0,38.38949,-90.53687,0,08/16/2019,08:45:00,"VEHICLE #1 WAS EASTBOUND ON ROUTE MM, CROSSED THE DOUBLE YELLOW LINE AND TRAVELED OFF THE NORTH SIDE OF THE ROADWAY.  VEHICLE #1 STRUCK A ROCK BLUFF AND OVERTURNED."
1216511,3190021634,Missouri State Highway Patrol-Troop C,1565913600000,190476905,2,0,2,0,Personal Injury,FRANKLIN,NON-CITY OR UNINCORPORATED,C,3,3,0,52,0.01,B ,E ,MO 100,CRD DAISY LANE,Daylight,Motor Vehicle in Transport,1,61,Fri     ,0,0,0,0,0,1,1,0,0,0,0,0,0,0,0,1,0,0,0,0,0,0,0,0,0,38.50684,-90.79152,0,08/16/2019,13:07:00,THE FRONT OF VEHICLE 1 STRUCK THE REAR OF VEHICLE 2. THE IMPACT CAUSED VEHICLE 2 TO CROSS THE CENTER LINE AND THE LEFT FRONT SIDE OF VEHICLE 2 STRUCK THE LEFT REAR SIDE OF VEHICLE 3.
1304755,3190021729,Missouri State Highway Patrol-Troop C,1565913600000,190477031,1,0,1,0,Personal Injury,WARREN,NON-CITY OR UNINCORPORATED,C,2,2,0,237,0.04,B ,S ,MO 47,BRIDGE H0575,Daylight,Motor Vehicle in Transport,1,62,Fri     ,0,0,0,0,0,0,0,1,0,0,0,0,0,0,0,1,0,0,0,0,1,0,0,1,0,38.69596,-91.14037,0,08/16/2019,13:58:00,VEHICLE 1 CROSSED THE CENTER OF THE ROADWAY.  VEHICLE 2 SWERVED TO THE LEFT TO AVOID VEHICLE 1.  VEHICLE 1 STRUCK THE RIGHT SIDE OF VEHICLE 2 WITH FRONT RIGHT OF VEHICLE 1.
1174581,3190022407,Missouri State Highway Patrol-Troop F,1565913600000,190477074,1,0,1,0,Personal Injury,CALLAWAY,NON-CITY OR UNINCORPORATED,F,2,2,0,68,0.01,B ,N,RT J,CRD 222 NJ,Daylight,Motor Vehicle in Transport,1,61,Fri     ,0,0,0,0,0,0,0,1,1,0,0,0,0,0,0,1,0,0,0,0,1,0,0,0,1,38.93672,-92.12857,0,08/16/2019,14:23:00,"OCCURRED AS VEHICLE 1 WAS SLOWING TO MAKE A LEFT TURN, VEHICLE 2 REAR-ENDED VEHICLE 1."
1329938,3190023349,Missouri State Highway Patrol-Troop G,1565913600000,190477123,1,0,1,0,Personal Injury,HOWELL,NON-CITY OR UNINCORPORATED,G,2,2,0,232,0.04,A ,W ,US 160,RT JJ,Daylight,Fixed Object,2,,Fri     ,0,0,0,0,0,0,0,0,0,0,0,0,0,0,0,0,0,0,0,0,1,0,0,1,0,36.67982,-91.89969,0,08/16/2019,14:45:00,OCCURRED AS VEHICLE #1 TRAVELED OFF OF THE RIGHT SIDE OF THE ROADWAY AND STRUCK A PARKED VEHICLE.
1126197,3190022002,Missouri State Highway Patrol-Troop E,1565913600000,190477127,1,0,1,0,Personal Injury,PEMISCOT,NON-CITY OR UNINCORPORATED,E,2,2,0,163,0.03,A ,S ,IS 55,ERM SOUTH IS 55 MILE 204,Daylight,Motor Vehicle in Transport,1,61,Fri     ,0,0,0,0,0,0,0,1,0,0,0,0,0,0,0,1,0,0,0,0,0,0,0,0,0,36.2504,-89.72902,0,08/16/2019,14:50:00,"CRASH OCCURRED AS BOTH VEHICLES WERE SOUTHBOUND ON INTERSTATE 55,  VEHICLE 2 STRUCK THE REAR OF VEHICLE 1."
1182558,3190022001,Missouri State Highway Patrol-Troop B,1565913600000,190477206,2,0,2,0,Personal Injury,RANDOLPH,NON-CITY OR UNINCORPORATED,B,1,1,0,52,0.01,A ,W ,RT B,CRD 2950,Daylight,Fixed Object,2,,Fri     ,0,0,0,0,0,1,1,0,0,0,0,0,0,0,0,0,0,0,0,0,0,0,0,0,0,39.27703,-92.38854,0,08/16/2019,15:20:00,"VEHICLE 01 WAS BACKING DOWN ROUTE B RAN OFF RIGHT SIDE OF ROADWAY, STRUCK A CULVERT AND OVERTURNED.  ASSISTED BY TPR GRUBAUGH #1367 AND RANDOLPH COUNTY SHERIFF'S DEPARTMENT"
1066680,3190021671,Missouri State Highway Patrol-Troop I,1565913600000,190477235,1,0,1,0,Personal Injury,PHELPS,ROLLA,I,1,1,0,174,0.03,A ,E ,IS 44,ERM EAST IS 44 MILE 1880,Daylight,Overturn,2,,Fri     ,0,0,0,0,0,0,0,0,0,0,0,0,0,0,0,1,0,0,0,0,0,0,0,0,1,37.97483,-91.75302,0,08/16/2019,15:35:00,OCCURRED AS DRIVER 1 DROVE OFF RIGHT SHOULDER AND OVERTURNED DUE TO THE HEAY WEIGHT OF THE LOAD
838918,3190022088,Missouri State Highway Patrol-Troop A,1565913600000,190477317,1,0,1,0,Personal Injury,LAFAYETTE,NON-CITY OR UNINCORPORATED,A,2,2,0,649,0.12,A ,E ,NOR 70,PVT A ST,Daylight,Motor Vehicle in Transport,1,64,Fri     ,0,0,0,0,0,0,0,0,0,0,0,0,0,0,0,1,0,0,0,0,1,0,0,1,0,39.01208,-94.06946,0,08/16/2019,16:00:00,"CRASH OCCURRED AS VEHICLE #1 CROSSED THE CENTER OF THE ROADWAY AND STRUCK VEHICLE #2.  AFTER IMPACT, BOTH VEHICLES TRAVELED OFF THE SOUTH SIDE OF THE ROADWAY."
1233041,3190023295,Missouri State Highway Patrol-Troop C,1565913600000,190477319,1,0,1,0,Personal Injury,JEFFERSON,NON-CITY OR UNINCORPORATED,C,2,2,0,26,0,B ,N,CRD NORTHWEST BLVD,MO 30,Daylight,Motor Vehicle in Transport,1,61,Fri     ,0,0,0,0,0,0,0,0,0,0,0,0,1,0,0,1,0,0,0,1,0,0,0,0,1,38.50053,-90.46085,0,08/16/2019,16:12:00,VEHICLE WAS 2 STOPPED IN TRAFFIC. THE FRONT VEHICLE 1 STRUCK THE REAR OF VEHICLE 2.
1185875,3190021782,Missouri State Highway Patrol-Troop B,1565913600000,190477434,1,0,1,0,Personal Injury,SULLIVAN,NON-CITY OR UNINCORPORATED,B,1,1,0,1008,0.19,A ,W ,RT E,CRD CLUB DR,Daylight,Overturn,2,,Fri     ,0,0,0,0,0,0,0,0,0,0,0,0,0,0,0,0,0,0,0,0,0,0,0,0,0,40.21159,-93.20867,0,08/16/2019,16:15:00,VEHICLE 01 SLID OFF LEFT SIDE OF ROADWAY AND OVERTURNED.  ASSISTED BY MSGT SPRING #791 AND SULLIVAN COUNTY SHERIFF'S DEPARTMENT.
1016089,3190021601,Missouri State Highway Patrol-Troop D,1565913600000,190477547,1,0,1,0,Personal Injury,NEWTON,NON-CITY OR UNINCORPORATED,D,1,1,0,2112,0.4,A ,E ,RT J,CRD TIGER RD,Daylight,Animal,1,,Fri     ,0,0,0,0,0,1,1,0,0,0,0,0,0,0,0,0,0,0,0,0,0,0,0,0,0,36.99251,-94.16291,0,08/16/2019,17:35:00,CRASH OCCURRED AS VEHICLE 1 SERVED TO MISS AN ANIMAL AND RAN OFF THE ROADWAY.
1227416,3190025103,Missouri State Highway Patrol-Troop C,1565913600000,190477574,2,0,2,0,Personal Injury,ST. LOUIS,BRIDGETON,C,2,2,0,390,0.07,B ,W ,IS 270,ERM SOUTH IS 270 MILE 212,Daylight,Motor Vehicle in Transport,1,61,Fri     ,0,1,0,0,1,1,1,0,0,0,0,0,0,0,0,1,0,0,0,0,1,0,0,1,0,38.76101,-90.42653,0,08/16/2019,17:52:00,"VEHICLE 1 WAS TRAVELING SOUTH ON INTERSTATE 270 IN LANE 1. VEHICLE 2 WAS TRAVELING SOUTH ON INTERSTATE 270 IN LANE 2 AHEAD OF VEHICLE 1. VEHICLE 1 ATTEMPTED TO CHANGE LANES INTO LANE 2. THE FRONT OF VEHICLE 1 STRUCK THE REAR OF VEHICLE 2. AFTER IMPACT, VEHICLE 1 CAUGHT FIRE."
1233044,3190021986,Missouri State Highway Patrol-Troop C,1565913600000,190477619,1,0,1,0,Personal Injury,JEFFERSON,NON-CITY OR UNINCORPORATED,C,1,1,0,60,0.01,B ,S ,IS 55,ERM SOUTH IS 55 MILE 1868,Daylight,Fixed Object,2,,Fri     ,1,0,0,0,0,0,0,0,0,0,0,0,0,0,0,1,0,0,0,0,0,0,0,0,0,38.37068,-90.38249,0,08/16/2019,17:58:00,VEHICLE 1 WAS TRAVELING SOUTH ON I-55. VEHICLE 1 TRAVELED OFF THE RIGHT SIDE OF THE ROADWAY STRIKING AN EMERGENCY MARKER AND A ROCK BLUFF.
1132016,3190021699,Missouri State Highway Patrol-Troop E,1565913600000,190477650,1,0,1,0,Personal Injury,BUTLER,NON-CITY OR UNINCORPORATED,E,2,2,0,1584,0.3,A ,W ,US 60,BRIDGE A3707,Daylight,Motor Vehicle in Transport,1,61,Fri     ,0,0,0,0,0,0,0,1,0,0,0,0,0,0,0,1,0,0,0,0,0,0,0,0,0,36.79096,-90.24919,0,08/16/2019,18:15:00,CRASH OCCURRED AS VEHICLE 1 STRUCK THE REAR OF VEHICLE 2
838916,3190022017,Missouri State Highway Patrol-Troop A,1565913600000,190477677,1,0,1,0,Personal Injury,LAFAYETTE,NON-CITY OR UNINCORPORATED,A,1,1,0,601,0.11,B ,N,MO 131,CRD MOUNT TABOR ROAD,Daylight,Fixed Object,2,,Fri     ,0,0,0,0,0,0,0,1,0,0,0,0,0,0,0,0,0,0,0,0,1,0,0,1,0,38.94025,-93.95543,0,08/16/2019,18:20:00,CRASH OCCURRED AS DVR1 SUFFERED A MEDICAL CONDITION.  VEH1 TRAVELED OFF THE ROADWAY AND STRUCK A CULVERT.  ASSISTED BY TPR M J HANRAHAN /1370/
1211891,3190021859,Missouri State Highway Patrol-Troop F,1565913600000,190477689,1,0,1,0,Personal Injury,COLE,NON-CITY OR UNINCORPORATED,F,2,1,0,390,0.07,B ,W ,CRD RANDALL DR,CRD SCOTT STATION RD,Daylight,Pedalcycle,1,,Fri     ,0,0,0,0,0,0,0,0,0,0,0,0,0,0,0,0,0,0,0,0,0,0,0,0,0,38.60177,-92.25565,0,08/16/2019,18:15:00,"OCCURRED AS VEHICLE 1 WAS TRAVELING WESTBOUND ON RANDALL DR , BICYCLIST ENTERED RANDALL DR FROM PRIVATE DRIVE AND RAN INTO RIGHT SIDE OF VEHICLE 1.  ASSISTED BY MSGT. M. B. PATTERSON (1383)"
956397,3190021777,Missouri State Highway Patrol-Troop D,1565913600000,190478016,1,0,0,1,Personal Injury,TANEY,MERRIAM WOODS,D,1,1,0,168,0.03,B ,W ,MO 176,PVT QUARRY RD,Dark-Unlighted,Fixed Object,2,,Fri     ,0,0,0,0,0,0,0,0,0,0,0,0,0,0,0,1,0,0,0,0,0,1,0,0,0,36.72279,-93.1716,0,08/16/2019,20:55:00,"CRASH OCCURRED AS VEH 1 FAILED TO NEGOTIATE A CURVE, RAN OFF THE RIGHT SIDE OF THE ROADWAY, STRUCK A DITCH AND EJECTED DRIVER."
1216515,3190021905,Missouri State Highway Patrol-Troop C,1565913600000,190478069,1,0,1,0,Personal Injury,FRANKLIN,NON-CITY OR UNINCORPORATED,C,1,1,0,26,0,B ,W ,MO 100,RT M,Dark-Lighted,Fixed Object,2,,Fri     ,1,0,0,0,1,0,0,0,0,1,0,0,0,0,0,1,0,0,0,0,0,1,0,0,0,38.48575,-90.88625,0,08/16/2019,21:30:00,"VEHICLE 1 CROSSED THE CENTER MEDIAN, OVERTURNED, TRAVELED OFF THE LEFT SIDE OF THE ROADWAY, AND STRUCK A LIGHT POLE. DRIVER 1 WAS EJECTED FROM VEHICLE 1. ASSISTED BY TPR. M. A. FRIGY (547)"
1505708,3190021829,Missouri State Highway Patrol-Troop H,1565913600000,190478305,2,0,1,1,Personal Injury,WORTH,NON-CITY OR UNINCORPORATED,H,1,1,0,311,0.06,B ,E ,CRD 170TH,US 169,Dark-Unlighted,Fixed Object,2,,Fri     ,1,0,0,0,1,0,0,0,0,0,0,0,0,0,0,1,0,0,0,0,0,0,0,0,0,40.47036,-94.40432,0,08/16/2019,23:30:00,CRASH OCCURRED AS VEHICLE 1 WAS EASTBOUND ON 170TH RD. DRIVER 1 FAILED TO NEGOTIATE A CURVE. VEHICLE 1 TRAVELED OFF THE SOUTH SIDE OF THE ROADWAY AND STRUCK A TREE .VEHICLE 1 CAME TO REST ON ITS WHEEL FACING SOUTH EAST. ASSISTED BY WORTH COUNTY AND GENTRY COUNTY
1031070,3190022309,Missouri State Highway Patrol-Troop I,1566000000000,190478388,1,0,1,0,Personal Injury,PULASKI,NON-CITY OR UNINCORPORATED,I,1,1,0,175,0.03,A ,E ,IS 44,ERM EAST IS 44 MILE 1644,Dark-Unlighted,Fixed Object,2,,Sat     ,0,0,0,0,0,0,0,0,0,0,0,0,0,0,0,0,0,0,0,0,0,0,0,0,0,37.83999,-92.09292,0,08/17/2019,00:10:00,CRASH OCCURRED AS VEHICLE 1 RAN OFF THE LEFT SIDE OF THE ROADWAY AND STRUCK MEDIAN CABLE
1212135,3190023600,Missouri State Highway Patrol-Troop C,1566000000000,190478507,2,0,1,1,Personal Injury,WASHINGTON,NON-CITY OR UNINCORPORATED,C,1,1,Y,116,0.02,B ,N,RT E,CRD HINCH RD,Dark-Unlighted,Fixed Object,2,,Fri     ,0,0,0,0,1,1,1,0,0,0,0,0,0,0,0,1,0,0,0,0,0,0,0,0,0,38.02561,-90.69205,0,08/16/2019,23:00:00,VEHICLE 1 WAS TRAVELING WEST ON HIGHWAY E. VEHICLE 1 EXITED THE ROADWAY TO THE LEFT AND STRUCK A TREE. ASSISTED BY CORPORAL B.M. BEARD (254)
835370,3190022095,Missouri State Highway Patrol-Troop A,1566000000000,190478530,4,0,4,0,Personal Injury,CARROLL,NON-CITY OR UNINCORPORATED,A,1,1,0,4224,0.8,B ,N,CRD 281,CRD 284,Dark-Unlighted,Fixed Object,2,,Sat     ,1,0,0,0,1,0,1,0,0,0,0,0,0,0,0,1,0,0,0,0,1,0,0,1,0,39.32665,-93.41949,0,08/17/2019,02:45:00,CRASH OCCURRED AS DRIVER 1 FAILED TO NEGOTIATE A CURVE CAUSING VEHICLE 1 TO TRAVEL OFF THE LEFT SIDE OF THE ROADWAY AND STRIKE A TREE. ASSISTED BY CARROLL COUNTY DEPUTIES
1215621,3190022159,Missouri State Highway Patrol-Troop C,1566000000000,190478562,1,0,1,0,Personal Injury,PETTIS,SEDALIA,A,1,1,0,100,0.02,,,PP MISSOURI STATE FAIRGROUNDS,EAST OF CLARENDON RD,Dark-Lighted,Fell/Jumped from MV,1,,Sat     ,0,0,0,0,0,0,0,0,0,0,0,0,0,0,0,0,0,0,0,0,0,0,0,0,0,38.69408,-93.26476,0,08/17/2019,05:25:00,VEHICLE 1 WAS MAKING A LEFT TURN OUT OF A PRIVATE PARKING LOT ONTO EASTBOUND MAPLE ST. PASSENGER 1 WAS NOT SECURED IN THE BED OF VEHICLE 1 AND WAS EJECTED. ASSISTED BY TPR C. D. TUCKER (1398)
925598,3190021658,Missouri State Highway Patrol-Troop D,1566000000000,190478618,1,0,1,0,Personal Injury,MCDONALD,NON-CITY OR UNINCORPORATED,D,1,1,0,2412,0.46,B ,N,MO 43,BRIDGE A0826,Daylight,Fixed Object,2,,Sat     ,0,0,0,0,0,1,1,0,0,0,0,0,0,0,0,0,0,0,0,0,0,0,0,0,0,36.62364,-94.58822,0,08/17/2019,07:05:00,VEHICLE 1 TRAVELED OFF THE RIGHT SIDE OF THE ROADWAY AND OVERTURNED.
1233073,3190021917,Missouri State Highway Patrol-Troop C,1566000000000,190478669,1,0,1,0,Personal Injury,JEFFERSON,NON-CITY OR UNINCORPORATED,C,2,2,0,0,0,AT,N,MO 21,MO 110,Daylight,Motor Vehicle in Transport,1,64,Sat     ,0,0,0,0,0,1,1,1,1,0,0,1,0,0,0,1,0,0,0,0,0,0,0,0,0,38.17312,-90.56564,0,08/17/2019,07:55:00,DRIVER 1 FAILED TO YIELD TO VEHICLE 2. VEHICLE 1 STRUCK VEHICLE 2.
1276942,3190021706,Missouri State Highway Patrol-Troop C,1566000000000,190478736,1,0,1,0,Personal Injury,ST. CHARLES,WELDON SPRING,C,1,1,0,300,0.06,A ,E ,IS 64,ERM EAST IS 64 MILE 114,Daylight,Fixed Object,2,,Sat     ,0,0,0,0,1,0,0,0,0,0,0,0,0,0,0,1,0,0,0,0,0,0,0,0,0,38.70871,-90.6775,0,08/17/2019,08:40:00,VEHICLE 1 TRAVELED OFF THE LEFT SIDE OF THE ROADWAY AND STRUCK THE MEDIAN.
1115313,3190021816,Missouri State Highway Patrol-Troop E,1566000000000,190478869,3,0,3,0,Personal Injury,MISSISSIPPI,NON-CITY OR UNINCORPORATED,E,2,2,0,100,0.02,B ,S ,MO 77,CRD 507,Daylight,Animal,1,,Sat     ,0,0,0,0,0,0,0,1,0,0,0,0,0,0,0,1,0,0,0,0,0,1,0,0,0,36.71083,-89.21066,0,08/17/2019,09:55:00,CRASH OCCURRED AS VEHICLE ONE STRUCK A DEER AND THEN WAS STRUCK BY VEHICLE TWO.
1177571,3190021991,Missouri State Highway Patrol-Troop B,1566000000000,190478988,1,0,1,0,Personal Injury,RANDOLPH,HUNTSVILLE,B,1,1,0,300,0.06,B ,S ,CST DEPOT,CST HOLMAN HEIGHTS,Daylight,Overturn,2,,Sat     ,0,0,0,0,0,0,1,0,0,0,0,0,0,0,0,0,0,0,0,0,0,0,0,0,0,39.44503,-92.54311,0,08/17/2019,10:50:00,VEHICLE 01 RAN OFF RIGHT SIDE OF ROADWAY AND OVERTURNED.  ASSISTED BY RANDOLPH COUNTY SHERIFF'S DEPARTMENT AND WESTRAN FIRE DEPARTMENT.
1123309,3190022142,Missouri State Highway Patrol-Troop E,1566000000000,190479077,0,1,0,0,Fatal,MADISON,NON-CITY OR UNINCORPORATED,E,1,1,0,2370,0.45,A ,W ,CRD 208,CRD 225,Daylight,Fixed Object,2,,Sat     ,0,1,0,0,0,0,0,0,0,0,0,0,0,0,0,0,0,0,0,0,0,1,0,0,0,37.55487,-90.23722,1,08/17/2019,11:45:00,LATE DEATH - FATALITY CRASH OCCURRED AS VEHICLE ONE RAN OFF THE RIGHT SIDE OF THE ROADWAY AND STRUCK A TREE.  SUBJECT PRONOUNCED ON 08.18.19 AT 2025 HOURS AT ST JOHN'S MERCY IN ST LOUIS BY DOCTOR A. SOOD / NEXT OF KIN NOTIFIED / TROOP E FATALITY #30 FOR 2019
1501950,3190021625,Missouri State Highway Patrol-Troop H,1566000000000,190479138,3,0,3,0,Personal Injury,ANDREW,NON-CITY OR UNINCORPORATED,H,2,2,0,1584,0.3,B ,E ,CRD 337,RT D,Daylight,Motor Vehicle in Transport,1,62,Sat     ,0,0,0,0,1,1,1,0,0,0,0,0,0,0,0,1,0,0,0,0,0,0,1,0,0,39.93161,-94.76291,0,08/17/2019,12:20:00,"CRASH OCCURRED AS VEH #2 WAS TRAVELING EASTBOUND ON CR 337. VEH #1 WAS TRAVELING SOUTHBOUND ON PRIVATE PROPERTY. VEH #1 TURNED WESTBOUND ON CR 337, SLID ON GRAVEL, AND ENTERED THE PATH OF VEH #2. THE REAR LEFT SIDE OF VEH #1 STRUCK THE REAR LEFT SIDE OF VEH #2. VEH #2 OVERTURNED, EJECTING DVR #2 AND PASSENGER #2. VEH #1 CAME TO REST FACING SOUTH ON ITS WHEELS IN THE ROADWAY. VEH #2 CAME TO REST ON ITS TOP FACING EAST IN THE ROADWAY. ASSISTED BY TPR T.A. PIERSON (1235), ANDREW COUNTY SHERIFF?S OFFICE, AND ANDREW COUNTY EMS."
1504705,3190021872,Missouri State Highway Patrol-Troop H,1566000000000,190479177,2,0,1,1,Personal Injury,DAVIESS,NON-CITY OR UNINCORPORATED,H,2,2,0,0,0,AT,E ,CRD NICKEL AVE,CRD 330TH,Daylight,Motor Vehicle in Transport,1,64,Sat     ,0,0,0,0,0,0,0,1,1,0,0,0,0,0,0,1,0,0,0,0,1,0,0,1,1,39.94523,-93.7803,0,08/17/2019,12:35:00,CRASH OCCURRED AS VEHICLE 2 WAS WESTBOUND ON NICKEL AVENUE WHEN VEHICLE 1 FAILED TO YIELD TO VEHICLE 2.  IMPACT OCCURRED AS VEHICLE 1 STRUCK VEHICLE 2 ON THE DRIVER'S SIDE.  VEHICLES CAME TO REST ON THEIR WHEELS ON THE NORTHWEST PORTION OF THE INTERSECTION.  ASSISTED BY DAVIESS COUNTY SHERIFF'S DEPARTMENT.
1148064,3190022360,Missouri State Highway Patrol-Troop E,1566000000000,190479178,1,0,1,0,Personal Injury,STODDARD,NON-CITY OR UNINCORPORATED,E,2,2,0,51,0.01,B ,W ,MO 114,CRD 731,Daylight,Motor Vehicle in Transport,1,64,Sat     ,0,0,0,0,0,1,1,0,0,0,0,0,0,0,0,1,0,0,0,0,0,0,0,0,0,36.78757,-89.89789,0,08/17/2019,12:35:00,CRASH OCCURRED AS VEHICLE ONE STRUCK VEHICLE TWO IN PASSENGER SIDE.
893760,3190022511,Missouri State Highway Patrol-Troop D,1566000000000,190479338,6,0,6,0,Personal Injury,LAWRENCE,NON-CITY OR UNINCORPORATED,D,2,2,0,0,0,AT,E ,MO 96,CRD OLD 66,Daylight,Motor Vehicle in Transport,1,64,Sat     ,0,0,0,0,0,0,0,1,1,0,0,1,0,0,0,1,0,0,0,0,0,0,0,0,0,37.18837,-93.69331,0,08/17/2019,13:40:00,VEHICLE #2 TRAVELED INTO THE PATH OF VEHICLE #1.
969223,3190021811,Missouri State Highway Patrol-Troop D,1566000000000,190479359,1,0,0,1,Personal Injury,BARRY,NON-CITY OR UNINCORPORATED,D,1,1,Y,1071,0.2,A ,W ,MO 112,CRD 2275,Daylight,Overturn,2,,Sat     ,0,0,0,0,1,0,0,1,0,0,0,0,0,0,0,1,0,0,0,0,0,1,0,0,0,36.54291,-93.85671,0,08/17/2019,14:00:00,"OCCURRED AS #1 FAILED TO YIELD TO A PARK RANGER JABBEN #11, RAN OFF THE ROADWAY AND OVERTURNED"
1132019,3190021639,Missouri State Highway Patrol-Troop E,1566000000000,190479444,2,0,2,0,Personal Injury,BUTLER,NON-CITY OR UNINCORPORATED,E,1,1,0,459,0.09,B ,W ,RT M,CRD SHELLY LN,Daylight,Overturn,2,,Sat     ,0,0,0,0,0,0,0,0,0,0,0,0,0,0,0,0,0,0,0,0,1,0,0,1,0,36.73695,-90.52475,0,08/17/2019,14:18:00,CRASH OCCURRED AS VEHICLE ONE OVERCORRECTED IN THEN OVERTURNED IN THE ROADWAY.
1134771,3190021653,Missouri State Highway Patrol-Troop E,1566000000000,190479623,1,0,1,0,Personal Injury,SCOTT,SCOTT CITY,E,2,2,0,46,0.01,,,PP PARKING LOT AT 2116 MAIN STREET,NORTH OF CST MAIN STREET,Daylight,Motor Vehicle in Transport,2,64,Sat     ,0,0,0,0,0,0,0,0,0,0,1,0,0,0,0,0,0,0,0,0,0,0,0,0,0,37.21489,-89.53478,0,08/17/2019,15:25:00,CRASH OCCURRED AS DRIVER OF VEHICLE ONE WAS DISTRACTED AND STRUCK VEHICLE TWO IN THE PARKING LOT
1130879,3190021930,Missouri State Highway Patrol-Troop E,1566000000000,190479651,1,0,1,0,Personal Injury,CAPE GIRARDEAU,NON-CITY OR UNINCORPORATED,E,1,1,0,132,0.02,B ,E ,RT EE,CRD 249,Daylight,Fixed Object,2,,Sat     ,1,0,0,0,0,0,1,0,0,0,0,0,0,0,0,1,0,0,0,0,0,0,0,0,0,37.18396,-89.7046,0,08/17/2019,15:47:00,"CRASH OCCURRED AS DRIVER 1 LOST CONTROL OF VEHICLE 1, RAN OFF THE RIGHT SIDE OF ROADWAY, OVERTURNED, AND CAUGHT FIRE"
1287941,3190021834,Missouri State Highway Patrol-Troop C,1566000000000,190479669,1,0,1,0,Personal Injury,PIKE,NON-CITY OR UNINCORPORATED,C,2,2,0,0,0,AT,W ,US 54,MO 154,Daylight,Motor Vehicle in Transport,1,60,Sat     ,0,0,0,0,0,0,0,1,1,0,0,1,0,0,0,1,0,0,0,0,0,0,0,0,0,39.34676,-91.4123,0,08/17/2019,15:50:00,VEHICLE 1 WAS TRAVELING EAST ON HWY 154. VEHICLE 2 WAS TRAVELING WEST ON HWY 154. DRIVER 1 ATTEMPTED TO MAKE A LEFT TURN AND PULLED INTO THE PATH OF VEHICLE 2. THE FRONT OF VEHICLE 2 STRUCK THE  SIDE OF VEHICLE 1.
1192437,3190022173,Missouri State Highway Patrol-Troop F,1566000000000,190479733,2,0,2,0,Personal Injury,GASCONADE,NON-CITY OR UNINCORPORATED,F,1,1,0,3168,0.6,B ,W ,CRD TEA RD,CRD THENHAUS RD,Daylight,Fixed Object,2,,Sat     ,1,0,0,0,1,0,0,0,0,0,0,0,0,0,0,1,0,0,0,0,0,0,1,0,0,38.29493,-91.38197,0,08/17/2019,16:05:00,CRASH OCCURRED AS VEHICLE 1 TRAVELED OFFTHE  RIGHT SIDE OF ROADWAY AND OVERTURNED. ASSISTED BY TPR. T. R. ROSA (515) AND  TPR. M. A. FRIGY (547)