objectid,accident,agency,inv_date,complaint,injured,killed,min_inj,dis_inj,severity,county,city,troop,no_vehicle,motor_veh,left_scene,dist_feet,dist_mile,inter_loc,direction,on_street,at_street,light_cond,acc_type,on_off_rd,two_veh,day_week,dr_drink,dr_drug,ped_drink,ped_drug,speed,dr_under21,dr_under25,dr_over55,dr_over64,electrical,emer_veh,stop_sign,yield_sign,czone,hazmat,aggressive,cell_phone,texting,veh_defect,school_bus,truck,motorcycle,atv,pickup,cmv,gps_lat,gps_long,severity_fatal,acc_date,acc_time,narrative
1304740,3190021749,Missouri State Highway Patrol-Troop C,1566000000000,190479842,2,0,1,1,Personal Injury,WARREN,NON-CITY OR UNINCORPORATED,C,1,1,0,142,0.03,A ,W ,RT D,BRIDGE N0306,Daylight,Fixed Object,2,,Sat     ,0,0,0,0,1,0,1,0,0,0,0,0,0,0,0,1,0,0,0,0,0,0,0,0,0,38.64544,-91.01221,0,08/17/2019,16:05:00,VEHICLE 1 TRAVELED OFF THE RIGHT SIDE OF THE ROADWAY AND STRUCK A TREE.
1227417,3190021672,Missouri State Highway Patrol-Troop C,1566000000000,190479858,1,0,1,0,Personal Injury,ST. LOUIS,BRIDGETON,C,2,2,0,216,0.04,B ,E ,IS 70,ERM EAST IS 70 MILE 2348,Daylight,Motor Vehicle in Transport,1,61,Sat     ,0,0,0,0,0,0,0,0,0,0,0,0,0,0,0,1,0,0,0,0,1,0,0,1,0,38.74399,-90.40364,0,08/17/2019,16:50:00,DRIVER 1 WAS HAVING A MEDICAL EMERGENCY CAUSING VEHICLE 1 TO STRIKE THE REAR OF VEHICLE 2. VEHICLE 2 SLID INTO LANE TWO. THE FRONT LEFT OF VEHICLE 2 STRUCK THE FRONT RIGHT OF VEHICLE 1. VEHICLE 1 TRAVELED OFF THE  LEFT SIDE OF THE ROADWAY AND STRUCK THE CONCRETE TRAFFIC BARRIER. ASSISTED BY TPR. Q. H. HOOKS. (373)
1035922,3190021806,Missouri State Highway Patrol-Troop I,1566000000000,190479865,3,0,3,0,Personal Injury,PHELPS,NON-CITY OR UNINCORPORATED,I,1,1,0,41,0.01,B ,E ,MO 72,CRD 4120,Daylight,Fixed Object,2,,Sat     ,0,0,0,0,0,0,0,1,0,0,0,0,0,0,0,1,0,0,0,0,0,0,0,0,0,37.83454,-91.70092,0,08/17/2019,17:00:00,"THE CRASH OCCURRED AS DRIVER 1 FAILED TO NEGOTIATE A CURVE. VEHICLE 1 TRAVELED OFF THE LEFT SIDE OF THE ROADWAY, DOWN AN EMBANKMENT, AND STRUCK A TREE."
1233075,3190022350,Missouri State Highway Patrol-Troop C,1566000000000,190479895,2,0,0,2,Personal Injury,JEFFERSON,NON-CITY OR UNINCORPORATED,C,1,1,0,116,0.02,B ,N,MO 21,ERM NORTH MO 21 MILE 1844,Daylight,Fixed Object,2,,Sat     ,0,0,0,0,1,0,1,0,0,0,0,0,0,0,0,1,0,0,0,0,0,0,0,0,0,38.45212,-90.43996,0,08/17/2019,17:05:00,VEHICLE 1 WAS TRAVELING NORTH ON HIGHWAY 21. DRIVER 1 LOST CONTROL AND VEHICLE 1 EXITED THE ROADWAY TO THE RIGHT AND THE FRONT OF VEHICLE 1 STRUCK A ROCK BLUFF.
1273141,3190022397,Missouri State Highway Patrol-Troop C,1566086400000,190479991,1,0,1,0,Personal Injury,ST. FRANCOIS,NON-CITY OR UNINCORPORATED,C,1,1,0,248,0.05,A ,N,RT E,PVT PRIMROSE DR,Daylight,Fixed Object,2,,Sun     ,0,0,0,0,0,0,0,0,0,0,0,0,0,0,0,0,0,0,0,0,1,0,0,1,0,37.99333,-90.56833,0,08/18/2019,17:51:00,VEHICLE 1 WAS TRAVELING SOUTH ON ROUTE E. VEHICLE 1 TRAVELED OFF THE LEFT SIDE OF THE ROADWAY AND STRUCK A TREE. ASSISTED BY CORPORAL B.M. BEARD (254)
1016063,3190021733,Missouri State Highway Patrol-Troop D,1566000000000,190480015,1,0,1,0,Personal Injury,NEWTON,LOMA LINDA,D,1,1,Y,290,0.05,B ,E ,CST LOMA LINDA DR,CST W WIND DR,Daylight,Overturn,2,,Sat     ,0,0,0,0,0,0,0,1,0,0,0,0,0,0,0,0,0,0,1,0,0,1,0,0,0,36.99382,-94.59889,0,08/17/2019,17:00:00,CRASH OCCURRED AS VEHICLE 1'S EQUIPMENT FAILED AND VEHICLE 1 RAN OFF THE ROADWAY.
893762,3190022307,Missouri State Highway Patrol-Troop D,1566000000000,190480120,2,0,2,0,Personal Injury,LAWRENCE,NON-CITY OR UNINCORPORATED,D,2,2,0,73,0.01,A ,E ,CRD 2130,CRD 1090,Daylight,Motor Vehicle in Transport,1,64,Sat     ,0,0,0,0,0,0,1,0,0,0,0,0,0,0,0,1,0,0,0,0,1,0,0,1,0,37.08822,-93.89555,0,08/17/2019,18:40:00,VEHICLE #1 MADE A LEFT TURN INTO PATH OF VEHICLE #2.  VEHICLES COLLIDED AND VEHICLE #2 WENT OFF THE ROADWAY AND STRUCK A UTILITY POLE.
1016085,3190021686,Missouri State Highway Patrol-Troop D,1566000000000,190480371,1,0,1,0,Personal Injury,NEWTON,NON-CITY OR UNINCORPORATED,D,1,1,0,865,0.16,A ,E ,RT D,CRD SKYLARK,Dark-Unlighted,Fixed Object,2,,Sat     ,0,0,0,0,0,1,1,0,0,0,0,0,0,0,0,0,0,0,0,0,0,0,0,0,0,36.78062,-94.22129,0,08/17/2019,20:35:00,"CRASH OCCURRED WHEN VEHICLE 1 TRAVELED OFF THE RIGHT SIDE OF THE ROADWAY, STRUCK A DITCH A OVERTURNED."
834805,3190024029,Missouri State Highway Patrol-Troop A,1566000000000,190480392,1,0,1,0,Personal Injury,PLATTE,KANSAS CITY,A,2,2,0,0,0,AT,W ,CST NW LP COOKINGHAM DR,RP 5493,Dark-Lighted,Motor Vehicle in Transport,1,64,Sat     ,0,0,0,0,0,0,0,1,1,1,0,0,0,0,0,1,0,0,0,0,1,0,0,1,0,39.31113,-94.6887,0,08/17/2019,20:42:00,OCCURRED AS VEH1 ATTEMPTED TO MAKE A LEFT HAND TURN AND STRUCK VEH2 ON DRIVER'S SIDE. ASSISTED BY KANSAS CITY POLICE DEPARTMENT
1505423,3190022169,Missouri State Highway Patrol-Troop H,1566000000000,190480660,1,0,1,0,Personal Injury,LIVINGSTON,NON-CITY OR UNINCORPORATED,H,1,1,0,1795,0.34,B ,E ,CRD 312,CRD 365,Dark-Unlighted,Overturn,1,,Sat     ,0,0,0,0,1,0,1,0,0,0,0,0,0,0,0,1,0,0,0,0,0,0,1,0,0,39.67402,-93.42943,0,08/17/2019,22:15:00,CRASH OCCURRED AS VEHICLE 1 WAS EASTBOUND. DRIVER 1 LOST CONTROL ON A MUD COVERED ROADWAY. VEHICLE 1 OVERTURNED AND CAME TO REST ON ITS WHEELS FACING EAST.
1288248,3190021822,Missouri State Highway Patrol-Troop C,1566000000000,190480794,1,0,1,0,Personal Injury,PIKE,LOUISIANA,C,3,3,0,279,0.05,B ,W ,US 54,CST PEACOCK,Dark-Unlighted,Motor Vehicle in Transport,1,61,Sat     ,0,0,0,0,0,1,1,0,0,0,0,0,0,0,0,1,0,0,0,0,1,0,0,1,0,39.43163,-91.08107,0,08/17/2019,23:01:00,VEHICLE 3 STOPPED TO ATTEMPT A LEFT TURN. VEHICLE 2 STOPPED BEHIND VEHICLE 3. VEHICLE 1 FAILED TO STOP AND THE FRONT OF VEHICLE 1 STRUCK THE REAR OF VEHICLE 2. THE IMPACT CAUSED THE FRONT OF VEHICLE 2 TO STRIKE THE REAR OF VEHICLE 3.
1329911,3190023377,Missouri State Highway Patrol-Troop G,1566086400000,190480932,1,2,0,1,Fatal,HOWELL,NON-CITY OR UNINCORPORATED,G,2,2,0,1541,0.29,B ,N,US 63,CRD 4620,Dark-Unlighted,Motor Vehicle in Transport,1,60,Sun     ,0,0,0,0,0,1,1,0,0,0,0,0,0,0,0,0,0,0,0,0,0,0,0,0,0,36.80982,-91.90062,1,08/18/2019,00:16:00,"FATALITY CRASH  OCCURRED AS VEHICLE 1 WAS SOUTHBOUND IN THE NORTHBOUND LANES AND STRUCK VEHICLE 2 HEAD ON. THIS IS TROOP G'S 23RD AND 24TH FATALITIES FOR THE YEAR COMPARED TO 26 THIS TIME LAST YEAR. HOWELL COUNTY CORONER, TIM CHERRY, PRONOUNCED THE DRIVER OF VEHICLE 1 ON SCENE AT 0016 HOURS. DRIVER OF VEHICLE 2 WAS PRONOUNCED BY DR. REED AT 0309 HOURS AT OZARK MEDICAL CENTER IN WEST PLAINS. NEXT OF KIN HAVE BEEN NOTIFIED. ASSISTED BY SGT B C GRUBEN (1195) OF MCIU TEAM 3, TPR. T D POND (1427),  TPR M BARRON (122), WEST PLAINS PD, HOWELL RURAL FIRE DEPARTMENT AND WEST PLAINS FIRE DEPARTMENT."
1509385,3190021831,Missouri State Highway Patrol-Troop H,1566086400000,190481045,1,0,0,1,Personal Injury,NODAWAY,NON-CITY OR UNINCORPORATED,H,1,1,0,9,0,A ,W ,US 136,CRD APOLLO TRAIL,Dark-Unlighted,Overturn,2,,Sun     ,0,0,0,0,0,1,1,0,0,0,0,0,0,0,0,1,0,0,0,0,0,1,0,0,0,40.44237,-95.15846,0,08/18/2019,01:00:00,CRASH OCCURRED AS VEHICLE 1 WAS TRAVELING WESTBOUND ON US 136 AND SLOWED TO AVOID STRIKING A DEER CROSSING THE ROADWAY. A SECOND DEER STRUCK THE REAR OF VEHICLE 1 CAUSING DRIVER 1 TO LOSE CONTROL. VEHICLE 1 TRAVELED OFF THE RIGHT SIDE OF THE ROADWAY AND CAME TO REST ON ITS SIDE FACING SOUTH. ASSISTED BY SGT. T.B. ZIEGLER (1268) AND NODAWAY COUNTY SHERIFFS OFFICE
1130880,3190022879,Missouri State Highway Patrol-Troop E,1566086400000,190481133,1,0,1,0,Personal Injury,CAPE GIRARDEAU,NON-CITY OR UNINCORPORATED,E,1,1,0,728,0.14,B ,W ,CRD 638,CRD 621,Dark-Unlighted,Fixed Object,2,,Sun     ,0,0,0,0,0,0,0,0,0,0,0,0,0,0,0,1,0,0,0,0,0,0,0,0,0,37.37622,-89.55779,0,08/18/2019,02:00:00,"CRASH OCCURRED AS VEHICLE 1 RAN OFF RIGHT SIDE OF ROADWAY, STRUCK A FENCE, AND OVERTURNED."
1234278,3190023946,Missouri State Highway Patrol-Troop C,1566086400000,190481176,2,1,0,2,Fatal,ST. LOUIS,NON-CITY OR UNINCORPORATED,C,2,2,0,522,0.1,B ,W ,IS 70,ERM WEST IS 70 MILE 2306,Dark-Lighted,Motor Vehicle in Transport,1,61,Sun     ,0,0,0,0,0,0,0,0,0,0,0,0,0,0,0,0,0,0,0,0,0,0,0,0,0,38.76129,-90.47377,1,08/18/2019,03:15:00,FATALITY REPORT - VEHICLE #2 WAS PARKED IN LANE #5. VEHICLE #1 STRUCK THE REAR OF VEHICLE #2 CAUSING VEHICLE #2 TO STRIKE PEDESTRIAN #2. DRIVER #1 PRONOUNCED BY DR. BRYAN WEISENBERG AT 0412 HOURS ON 08/18/2019. ASSISTED BY TPR. K.R. BECHAUD (163)
1319738,3190021755,Missouri State Highway Patrol-Troop G,1566086400000,190481200,1,0,1,0,Personal Injury,REYNOLDS,NON-CITY OR UNINCORPORATED,G,1,1,0,101,0.02,A ,S ,RT B,CRD 762A,Dark-Unlighted,Fixed Object,2,,Sun     ,0,0,0,0,0,0,0,0,0,0,0,0,0,0,0,0,0,0,0,0,0,0,0,0,0,37.3121,-91.12353,0,08/18/2019,06:00:00,ACCIDENT OCCURRED AS VEHICLE #1 RAN OFF THE ROADWAY AND STRUCK A TREE
1233090,3190022025,Missouri State Highway Patrol-Troop C,1566086400000,190481351,1,0,1,0,Personal Injury,JEFFERSON,NON-CITY OR UNINCORPORATED,C,1,1,0,205,0.04,B ,S ,RT W,BRIDGE A2895,Daylight,Fixed Object,2,,Sun     ,0,0,0,0,0,0,0,0,0,0,0,0,0,0,0,1,0,0,0,0,0,1,0,0,0,38.42028,-90.59208,0,08/18/2019,08:55:00,DRIVER #1 WAS TURNING LEFT ON ROUTE W FROM ROCKFORD BEACH AND STRUCK THE GUARDRAIL.
1064418,3190024520,Missouri State Highway Patrol-Troop I,1566086400000,190481433,0,1,0,0,Fatal,LACLEDE,CONWAY,I,1,1,0,84,0.02,A ,E ,IS 44,ERM EAST IS 44 MILE 1138,Unknown,Overturn,1,,Unk     ,0,0,0,0,0,0,0,0,0,0,0,0,0,0,0,0,0,0,0,0,0,0,0,0,0,37.51113,-92.83805,1,08/18/2019,00:00:00,"FATALITY CRASH - NEXT OF KIN NOTIFIED - CRASH OCCURRED AS VEHICLE 1 TRAVELED OFF THE LEFT SIDE OF THE ROADWAY.  DRIVER 1 OVERCORRECTED.  VEHICLE 1 RE-ENTERED THE ROADWAY, THE OVERCORRECTION CAUSED VEHICLE 1 TO OVERTURN EJECTING DRIVER 1.  VEHICLE 1 CAME TO REST OFF THE RIGHT SIDE OF THE ROADWAY.  DRIVER 1 WAS PRONOUNCED AT THE SCENE BY LACLEDE COUNTY CORONER STEVE MURRELL AT 10:35.  ASSISTED BY MSGT K.A. BRACKETT (444)  THIS IS TROOP I'S 1ST FATALITY FOR AUGUST AND 22ND FOR 2019."
858514,3190021846,Missouri State Highway Patrol-Troop A,1566086400000,190481621,1,0,1,0,Personal Injury,CLAY,KANSAS CITY,A,2,2,0,227,0.04,A ,N,IS 29,ERM NORTH IS 29 MILE 28,Daylight,Motor Vehicle in Transport,1,63,Sun     ,0,0,0,0,0,0,0,1,0,0,0,0,0,0,0,1,0,0,0,0,0,1,0,0,0,39.18618,-94.59842,0,08/18/2019,11:30:00,VEH1 WAS CHANGING LANES AND STRUCK VEH2. ASSISTED BY KANSAS CITY POLICE
1155368,3190021818,Missouri State Highway Patrol-Troop E,1566086400000,190481626,0,1,0,0,Fatal,SCOTT,NON-CITY OR UNINCORPORATED,E,1,1,0,205,0.04,B ,W ,RT C,BRIDGE N0760,Daylight,Fixed Object,2,,Sun     ,0,0,0,0,1,0,0,1,1,0,0,0,0,0,0,1,0,0,0,0,0,1,0,0,0,37.04139,-89.58999,1,08/18/2019,11:10:00,"***LATE DEATH REPORT*** NEXT OF KIN NOTIFIED***CRASH OCCURRED AS VEHICLE 1 TRAVELED OFF LEFT SIDE OF ROADWAY, STRUCK A DITCH, AND OVERTURNED. PRONOUNCED AT 1510 HOURS ON 8/22/2019 BY DR FARBER AT SAINT FRANCIS MEDICAL CENTER IN CAPE GIRARDEAU. FATALITY #32 FOR 2019"
1055768,3190022363,Missouri State Highway Patrol-Troop I,1566086400000,190481672,1,0,1,0,Personal Injury,CRAWFORD,BOURBON,I,1,1,0,31,0.01,B ,W ,IS 44,ERM WEST IS 44 MILE 2172,Daylight,Fixed Object,2,,Sun     ,0,1,0,0,0,0,0,0,0,0,0,0,0,0,0,0,0,0,0,0,0,0,0,0,0,38.14075,-91.27258,0,08/18/2019,11:50:00,OCCURRED AS DRIVER 1 TRAVELED OFF THE LEFT SIDE OF ROADWAY AND STRUCK THE CABLE MEDIAN BARRIER
1198788,3190022399,Missouri State Highway Patrol-Troop F,1566086400000,190481721,1,0,1,0,Personal Injury,CAMDEN,NON-CITY OR UNINCORPORATED,F,1,1,0,15,0,A ,E ,RT TT,CRD THREE OAKS DR,Daylight,Overturn,2,,Sun     ,0,0,0,0,1,0,0,0,0,0,0,0,0,0,0,1,0,0,0,0,0,1,0,0,0,38.14822,-92.75626,0,08/18/2019,12:20:00,"OCCURRED AS VEHICLE 1 ATTEMPTED TO NEGOTIATE A CURVE, TRAVELED OFF THE RIGHT SIDE OF THE ROADWAY AND OVERTURNED.  DRIVER 1 WAS EJECTED."
1187266,3190022131,Missouri State Highway Patrol-Troop B,1566086400000,190482238,1,0,1,0,Personal Injury,MARION,NON-CITY OR UNINCORPORATED,B,1,1,0,1969,0.37,B ,E ,MO 168,CRD 230,Daylight,Fixed Object,2,,Sun     ,0,0,0,0,0,1,1,0,0,0,0,0,0,0,0,0,0,0,0,0,0,0,0,0,0,39.81376,-91.56983,0,08/18/2019,15:57:00,"VEHICLE 1 RAN OFF THE RIGHT SIDE OF THE ROAD, STRUCK A FENCE, AND CAUGHT FIRE.  ASSISTED BY PALMYRA FIRE, MARION COUNTY AMBULANCE, AND THE MARION COUNTY SHERIFF'S DEPARTMENT."
959648,3190022323,Missouri State Highway Patrol-Troop D,1566086400000,190482257,1,0,0,1,Personal Injury,TANEY,NON-CITY OR UNINCORPORATED,D,1,1,0,675,0.13,A ,E ,US 160,CRD SLOUGH HOLLOW RD,Daylight,Fixed Object,2,,Sun     ,1,0,0,0,1,0,0,0,0,0,0,0,0,0,0,1,0,0,0,0,1,0,0,1,0,36.6688,-93.02085,0,08/18/2019,16:10:00,NR1 FAILED TO NEGOTIATE A CURVE AND RAN OFF THE ROADWAY.
1216571,3190022130,Missouri State Highway Patrol-Troop C,1566086400000,190482342,1,0,1,0,Personal Injury,FRANKLIN,NON-CITY OR UNINCORPORATED,C,2,2,0,686,0.13,A ,W ,CRD OSAGE PKWY,CRD OAK GROVE CHURCH RD,Daylight,Motor Vehicle in Transport,1,64,Sun     ,0,0,0,0,0,1,1,0,0,0,0,0,0,0,0,1,0,0,0,0,0,1,0,0,0,38.34272,-90.84211,0,08/18/2019,16:45:00,VEHICLE 1 WAS TRAVELING EASTBOUND ON OSAGE PARKWAY. VEHICLE 2 WAS TRAVELING NORTHBOUND ON A PRIVATE DRIVEWAY MAKING A RIGHT TURN ONTO OSAGE PARKWAY. VEHICLE 1 STRUCK THE FRONT LEFT TIRE OF VEHICLE 2. DRIVER 1 WAS EJECTED FROM VEHICLE 2. ASSISTED BY TPR. M. A. FRIGY (547)
1329913,3190022482,Missouri State Highway Patrol-Troop G,1566086400000,190482401,1,0,1,0,Personal Injury,HOWELL,NON-CITY OR UNINCORPORATED,G,1,1,Y,908,0.17,A ,E ,CRD 7960,RT E,Daylight,Overturn,2,,Sun     ,1,0,0,0,1,0,0,0,0,0,0,0,0,0,0,1,0,0,0,0,0,0,0,0,0,36.50621,-91.98279,0,08/18/2019,17:00:00,CRASH OCCURRED AS VEHICLE ONE RAN OFF THE RIGHT SIDE OF THE ROADWAY AND OVERTURNED
1155371,3190021784,Missouri State Highway Patrol-Troop E,1566086400000,190482439,1,0,1,0,Personal Injury,SCOTT,NON-CITY OR UNINCORPORATED,E,2,2,0,37,0.01,A ,N,MO 77,RP 997,Daylight,Motor Vehicle in Transport,1,60,Sun     ,0,0,0,0,0,0,1,1,0,0,0,0,0,0,0,1,0,0,0,0,0,0,0,0,0,37.08823,-89.53705,0,08/18/2019,17:14:00,"CRASH OCCURRED AS VEHICLE 1 WAS TRAVELING SOUTHBOUND ON MO 77 IN THE NORTHBOUND LANE. VEHICLE 2 EXITED FROM INTERSTATE 55, ENTERED NORTHBOUND MO 77, AND STRUCK VEHICLE 1."
1501951,3190021871,Missouri State Highway Patrol-Troop H,1566086400000,190482476,1,0,1,0,Personal Injury,ANDREW,NON-CITY OR UNINCORPORATED,H,2,2,0,225,0.04,B ,N,IS 29,ERM NORTH IS 29 MILE 526,Daylight,Overturn,1,,Sun     ,0,0,0,0,0,0,0,0,0,0,0,0,0,0,0,0,0,0,1,0,1,0,0,1,0,39.8423,-94.80507,0,08/18/2019,17:35:00,"OCCURRED AS VEHICLE 1 WAS NORTHBOUND ON I-29. THE LEFT REAR TIRE BLEW OUT AND VEHICLE 1 RAN OFF THE EAST SIDE OF THE ROADWAY AND OVERTURNED, COMING TO REST IN A DITCH ON ITS WHEELS FACING NORTH. ASSISTED BY SGT C B ROOT (1257)."
1212136,3190022388,Missouri State Highway Patrol-Troop C,1566086400000,190482649,1,0,0,1,Personal Injury,WASHINGTON,NON-CITY OR UNINCORPORATED,C,1,1,0,375,0.07,A ,S ,MO 21,CRD PAT DALY RD,Daylight,Fixed Object,2,,Sun     ,0,0,0,0,0,0,0,0,0,0,0,0,0,0,0,0,0,0,1,0,0,0,0,0,0,38.01428,-90.75605,0,08/18/2019,18:48:00,VEHICLE 1 WAS TRAVELING SOUTHBOUND ON HIGHWAY 21. VEHICLE 1 DROVE OFF THE RIGHT SIDE OF THE ROADWAY STRUCK AN EMBANKMENT AND OVERTURNED. ASSISTED BY CPL. B. M. BEARD (254)
1174566,3190022162,Missouri State Highway Patrol-Troop F,1566086400000,190482658,1,0,0,1,Personal Injury,CALLAWAY,NON-CITY OR UNINCORPORATED,F,1,1,0,1541,0.29,A ,N,RT D,RT O,Dark-Unlighted,Overturn,2,,Sun     ,0,0,0,0,0,0,0,0,0,0,0,0,0,0,0,1,0,0,0,0,0,1,0,0,0,38.79348,-91.71974,0,08/18/2019,18:55:00,"CRASH OCCURRED AS VEHICLE 1 WAS TRAVELING NORTH ON ROUTE D, TRAVELED OFF THE RIGHT SIDE OF THE ROAD AND OVERTURNED.  DRIVER 1 WAS EJECTED."
1332832,3190022075,Missouri State Highway Patrol-Troop G,1566086400000,190482676,1,0,0,1,Personal Injury,CARTER,NON-CITY OR UNINCORPORATED,G,1,1,0,2640,0.5,A ,E ,US 60,CRD 143 WJ,Daylight,Fixed Object,2,,Sun     ,0,0,0,0,1,1,1,0,0,0,0,0,0,0,0,1,0,0,0,0,1,0,0,1,0,36.94744,-91.12907,0,08/18/2019,19:03:00,"VEHICLE #1 HYDROPLANED, LOST CONTROL, RAN OFF ROADWAY AND OVERTURNED.      ASSISTED BY CARTER COUNTY DEPUTIES"
1329741,3190021824,Missouri State Highway Patrol-Troop G,1566086400000,190482853,1,0,1,0,Personal Injury,OREGON,NON-CITY OR UNINCORPORATED,G,2,2,0,0,0,AT,N,US 63,CRD 364 SJ,Dark-Unlighted,Motor Vehicle in Transport,1,64,Sun     ,0,0,0,0,0,1,1,0,0,0,0,0,0,0,0,1,0,0,0,0,1,0,0,1,1,36.57422,-91.57943,0,08/18/2019,21:00:00,CRASH OCCURRED AS VEHICLE TWO WAS MAKING A RIGHT HAND TURN. VEHICLE ONE STRUCK THE TOWED UNIT OF VEHICLE TWO
838920,3190022866,Missouri State Highway Patrol-Troop A,1566086400000,190482920,1,0,1,0,Personal Injury,LAFAYETTE,NON-CITY OR UNINCORPORATED,A,1,1,0,295,0.06,A ,W ,IS 70,ERM WEST IS 70 MILE 376,Dark-Unlighted,Fixed Object,2,,Sun     ,0,0,0,0,0,0,0,0,0,0,0,0,0,0,0,1,0,0,0,0,0,0,0,0,1,39.00831,-93.95399,0,08/18/2019,22:00:00,"OCCURRED AS DRV1 EXPERIENCED MEDICAL INCIDENT. VEH1 THEN TRAVELED OFF ROADWAY, STRUCK ROCK EMBANKMENT AND OVERTURNED. ASSISTED BY TPR B A OWENS /1423/ AND TPR B A WALKER /412/"
793191,3190022639,Missouri State Highway Patrol-Troop A,1566086400000,190482956,1,0,0,1,Personal Injury,CASS,NON-CITY OR UNINCORPORATED,A,2,2,0,4224,0.8,A ,S ,RT D,RT Y,Dark-Unlighted,Overturn,2,,Sun     ,0,0,0,0,1,1,1,0,0,0,0,0,0,0,0,1,0,0,0,0,0,0,0,0,0,38.66858,-94.59411,0,08/18/2019,22:30:00,"CRASH OCCURRED AS VEHICLE 1 WAS SOUTHBOUND ON ROUTE D. VEHICLE 1 TRAVELED OFF THE RIGHT SIDE OF THE ROADWAY. DRIVER 1 OVERCORRECTED CAUSING VEHICLE 1 TO TRAVEL ACROSS A PRIVATE DRIVE. VEHICLE 1 STRUCK THE DRIVEWAY, THEN STRUCK PARKED VEHICLE 2 AND OVERTURNED. VEHICLE 1 CAME TO REST ON ITS TOP."
1216518,3190023189,Missouri State Highway Patrol-Troop C,1566086400000,190482958,2,1,1,1,Fatal,FRANKLIN,NON-CITY OR UNINCORPORATED,C,2,2,0,263,0.05,A ,W ,IS 44,ERM WEST IS 44 MILE 2268,Dark-Unlighted,Fixed Object,2,,Sun     ,0,1,0,0,0,1,1,0,0,0,0,0,0,0,0,1,0,0,0,0,0,0,0,0,0,38.23422,-91.14721,1,08/18/2019,22:40:00,FATALITY REPORT - VEHICLE 1 TRAVELED OFF THE LEFT SIDE OF THE ROADWAY AND ACROSS THE MEDIAN. THE FRONT OF VEHICLE 1 STRUCK FRONT OF VEHICLE 2. DRIVER 2 PRONOUNCED BY ST. CLAIR AMBULANCE PERSONNEL ON SCENE AT 2308 HOURS. ASSISTED BY CPL. L. G. KEATHLEY (251)
904038,3190022143,Missouri State Highway Patrol-Troop D,1566086400000,190482976,1,0,0,1,Personal Injury,CHRISTIAN,NON-CITY OR UNINCORPORATED,D,1,1,0,248,0.05,B ,N,CRD SELMORE RD,CRD MEADOWLARK,Dark-Unlighted,Fixed Object,2,,Sun     ,0,1,0,0,0,0,1,0,0,0,0,0,0,0,0,0,0,0,0,0,0,0,0,0,0,36.953,-93.23066,0,08/18/2019,23:05:00,NR1 RAN OFF THE ROADWAY AND OVERTURNED.
863590,3190022622,Missouri State Highway Patrol-Troop A,1566172800000,190483107,1,0,0,1,Personal Injury,JOHNSON,NON-CITY OR UNINCORPORATED,A,1,1,0,1584,0.3,B ,E ,US 50,CRD NW 250,Dark-Unlighted,Fixed Object,2,,Mon     ,0,0,0,0,0,0,0,0,0,0,0,0,0,0,0,1,0,0,0,0,0,0,0,0,1,38.80629,-93.89152,0,08/19/2019,05:28:00,"CRASH OCCURRED AS DVR1 ATTEMPTED TO AVOID AN ANIMAL IN THE ROADWAY.  VEH1 TRAVELED OFF THE ROADWAY, STRUCK A SIGN AND OVERTURNED. ASSISTED BY TPR B S FAHNESTOCK /793/ , MSGT D S GREEN /650/, MSGT R S SMITH /691/, MSGT R W SHAUL /528/"
1212137,3190023510,Missouri State Highway Patrol-Troop C,1566172800000,190483146,1,0,0,1,Personal Injury,WASHINGTON,NON-CITY OR UNINCORPORATED,C,2,2,0,1176,0.22,A ,E ,CRD NORTHOAK RD,MO 8,Daylight,Railway Vehicle,1,,Mon     ,0,0,0,0,0,0,0,1,0,0,0,1,0,0,0,1,0,0,0,0,1,0,0,0,1,37.91877,-90.71956,0,08/19/2019,06:10:00,VEHICLE 1 STOPPED IN THE RAIL ROAD CROSSING. DRIVER 1 ATTEMPTED TO BACK UP AND VEHICLE 2 STRUCK VEHICLE 1 CAUSING VEHICLE 1 TO STRIKE A RAIL ROAD CROSSING SIGN.  ASSISTED BY CVET MSGT B MOORE (470) AND PIED CPL D THOMPSON (666)
828171,3190021815,Missouri State Highway Patrol-Troop A,1566172800000,190483210,1,0,1,0,Personal Injury,CLAY,NORTH KANSAS CITY,A,2,2,0,350,0.07,A ,S ,IS 35,ERM SOUTH IS 35 MILE 64,Daylight,Motor Vehicle in Transport,1,63,Mon     ,0,0,0,0,0,0,1,0,0,0,0,0,0,0,0,1,0,0,0,0,0,0,0,0,0,39.1416,-94.56473,0,08/19/2019,07:10:00,"CRASH OCCURRED AS DRIVER 1 FELL ASLEEP AT THE WHEEL, TRAVELED INTO THE LANE OF VEHICLE 2. VEHICLE 1 STRUCK VEHICLE 2, TRAVELED OFF THE RIGHT SIDE OF THE ROADWAY AND STRUCK THE GUARDRAIL. ASSISTED BY NORTH KANSAS CITY POLICE DEPARTMENT."
1031065,3190022308,Missouri State Highway Patrol-Troop I,1566172800000,190483383,1,0,1,0,Personal Injury,PULASKI,NON-CITY OR UNINCORPORATED,I,1,1,0,6336,1.2,A ,N,MO 133,CRD BISMARK RD,Daylight,Fixed Object,2,,Mon     ,0,0,0,0,0,0,0,0,0,0,0,0,0,0,0,0,0,0,0,0,0,0,0,0,0,37.97799,-92.23313,0,08/19/2019,08:20:00,"OCCURRED AS VEHICLE 1 TRAVELED OFF THE LEFT SIDE OF ROADWAY, STRIKING AN EMBANKMENT, VEHICLE 1 RETURNED TO THE ROADWAY, TRAVELING OFF THE RIGHT SIDE AND OVERTURNING BEFORE COMING TO REST."