objectid,accident,agency,inv_date,complaint,injured,killed,min_inj,dis_inj,severity,county,city,troop,no_vehicle,motor_veh,left_scene,dist_feet,dist_mile,inter_loc,direction,on_street,at_street,light_cond,acc_type,on_off_rd,two_veh,day_week,dr_drink,dr_drug,ped_drink,ped_drug,speed,dr_under21,dr_under25,dr_over55,dr_over64,electrical,emer_veh,stop_sign,yield_sign,czone,hazmat,aggressive,cell_phone,texting,veh_defect,school_bus,truck,motorcycle,atv,pickup,cmv,gps_lat,gps_long,severity_fatal,acc_date,acc_time,narrative
912766,3190021864,Missouri State Highway Patrol-Troop D,1566172800000,190483407,1,0,1,0,Personal Injury,POLK,NON-CITY OR UNINCORPORATED,D,2,2,0,0,0,AT,S ,MO 13,RT B,Daylight,Motor Vehicle in Transport,1,64,Mon     ,0,0,0,0,0,0,1,0,0,0,0,0,1,0,0,1,0,0,0,0,1,0,0,1,0,37.6678,-93.48761,0,08/19/2019,08:30:00,VEHICLE #1 FAILED TO YIELD AND PULLED INTO THE PATH OF VEHICLE #2
1148068,3190022966,Missouri State Highway Patrol-Troop E,1566172800000,190483451,1,0,1,0,Personal Injury,STODDARD,NON-CITY OR UNINCORPORATED,E,3,3,0,137,0.03,B ,S ,MO 25,RT Y,Daylight,Motor Vehicle in Transport,1,61,Mon     ,0,0,0,0,0,0,0,1,1,0,0,0,0,0,0,1,0,0,0,0,1,0,0,1,1,36.95714,-89.90646,0,08/19/2019,08:55:00,CRASH OCCURRED AS VEHICLE ONE STRUCK VEHICLE TWO IN THE REAR AND THEN STRUCK VEHICLE THRE IN THE REAR. ASSISTED BY SGT. J.T. LARAMORE #999
1115314,3190021814,Missouri State Highway Patrol-Troop E,1566172800000,190483468,1,0,1,0,Personal Injury,MISSISSIPPI,NON-CITY OR UNINCORPORATED,E,1,1,0,501,0.09,B ,S ,RT B,MO 80,Daylight,Fixed Object,2,,Mon     ,0,0,0,0,0,0,0,0,0,0,0,0,0,0,0,1,0,0,0,0,0,0,0,0,0,36.7834,-89.44557,0,08/19/2019,09:00:00,"STATE PROPERY DAMAGE - CRASH OCCURRED AS VEHICLE ONE TRAVELED OFF THE LEFT SIDE OF THE ROADWAY, STRIKING A ROAD SIGN, AND THEN A DITCH - STATE PROPERTY DAMAGE TO CAUTION ROAD SIGN"
1337202,3190023106,Missouri State Highway Patrol-Troop G,1566172800000,190483594,3,0,3,0,Personal Injury,DOUGLAS,NON-CITY OR UNINCORPORATED,G,2,2,0,2618,0.5,A ,W ,MO 14,BRIDGE A6553,Daylight,Motor Vehicle in Transport,1,60,Mon     ,0,0,0,0,0,0,0,1,1,0,0,0,0,0,0,1,0,0,0,0,1,0,0,1,0,36.90914,-92.5626,0,08/19/2019,09:55:00,ACCIDENT OCCURRED AS VEHICLE #1 WAS PULLING FROM A DRIVEWAY AND WAS STRUCK BY VEHICLE #2
1174609,3190022197,Missouri State Highway Patrol-Troop F,1566172800000,190483848,1,0,1,0,Personal Injury,CALLAWAY,NON-CITY OR UNINCORPORATED,F,1,1,0,496,0.09,A ,W ,RT OO,CRD MERMAC DRS,Daylight,Fixed Object,2,,Mon     ,0,0,0,0,0,0,0,0,0,0,0,0,0,0,0,0,0,0,0,0,1,0,0,0,1,38.65517,-92.13181,0,08/19/2019,11:35:00,"DRIVER 1 DROVE OFF THE RIGHT SIDE OF THE ROADWAY,  OVER CORRECTED, DROVE OFF THE LEFT SIDE OF THE ROADWAY AND OVERTURNED. ASSISTED BY SGT J.L. ARNOLD (351)"
1334547,3190022621,Missouri State Highway Patrol-Troop G,1566172800000,190483964,4,0,4,0,Personal Injury,WRIGHT,NON-CITY OR UNINCORPORATED,G,1,1,0,2006,0.38,B ,W ,US 60,BRIDGE A0039,Daylight,Overturn,2,,Mon     ,0,0,0,0,0,0,0,0,0,0,0,0,0,0,0,0,0,0,0,0,0,0,0,0,0,37.1074,-92.51973,0,08/19/2019,12:45:00,CRASH OCCURRED AS DRIVER ONE FELL ASLEEP RAN OFF THE LEFT SIDE OF THE ROADWAY CROSSING OVER TO THE EASTBOUND LANE AND OVERTURNED
1012221,3190022209,Missouri State Highway Patrol-Troop D,1566172800000,190484155,1,0,1,0,Personal Injury,WEBSTER,NON-CITY OR UNINCORPORATED,D,2,1,Y,26,0,A ,W ,CRD CHESTNUT RD,CRD PLEASANT VIEW RD,Daylight,Animal Drawn Veh/Animal Ridden Trans,1,,Mon     ,0,0,0,0,0,0,0,1,1,0,0,0,0,0,0,1,0,0,0,0,1,0,0,1,0,37.18699,-92.88805,0,08/19/2019,14:03:00,CRASH OCCURRED AS VEH 1 WAS PASSING VEH 2.  VEH 2 CROSSED CENTER LINE AND WAS STRUCK BY VEH 1 EJECTING DRIVER OF VEH 2.
945228,3190022260,Missouri State Highway Patrol-Troop D,1566172800000,190484169,1,0,1,0,Personal Injury,CEDAR,EL DORADO SPRINGS,D,2,2,0,0,0,AT,W ,US 54,CST MAIN,Daylight,Motor Vehicle in Transport,1,64,Mon     ,0,0,0,0,0,1,1,0,0,1,0,0,0,0,0,1,0,0,0,0,0,0,0,0,0,37.8631,-94.02222,0,08/19/2019,13:55:00,VEHICLE 1 TURNED INTO THE PATH OF VEHICLE 2.
852568,3190022191,Missouri State Highway Patrol-Troop A,1566172800000,190484179,1,0,1,0,Personal Injury,PETTIS,NON-CITY OR UNINCORPORATED,A,1,1,0,2434,0.46,A ,W ,RT B,CRD HARMS RD,Daylight,Overturn,2,,Mon     ,0,0,0,0,1,0,0,0,0,0,0,0,0,0,0,1,0,0,0,0,0,1,0,0,0,38.55213,-93.49719,0,08/19/2019,13:56:00,"CRASH OCCURRED AS VEH1 TRAVELED OFF THE ROADWAY, OVERTURNED AND SLID ACROSS A PRIVATE DRIVE.  DVR1 WAS EJECTED."
1510511,3190022129,Missouri State Highway Patrol-Troop H,1566172800000,190484202,1,0,1,0,Personal Injury,HARRISON,NON-CITY OR UNINCORPORATED,H,1,1,0,2127,0.4,B ,E ,US 136,MO 146,Daylight,Other Object,2,,Mon     ,0,0,0,0,0,0,0,1,0,0,0,0,0,0,0,1,0,0,0,0,1,0,0,1,0,40.26454,-93.95748,0,08/19/2019,14:06:00,"OCCURRED AS NR1 WAS WESTBOUND. DVR NR1 FELL ASLEEP AND WENT OFF THE SOUTH SIDE OF ROADWAY. NR1 WENT THROUGH A FIELD STRUCK A HAY BALE, SHED, AND A CAMPER WHERE IT CAME TO REST. ASSISTED BY TPR D.M. WILBURN (1467), SO HARRISON CO, AND BETHANY FD."
1336207,3190022632,Missouri State Highway Patrol-Troop G,1566172800000,190484295,1,0,0,1,Personal Injury,DOUGLAS,NON-CITY OR UNINCORPORATED,G,1,1,0,1335,0.25,A ,E ,RT N,RT OO,Daylight,Overturn,1,,Mon     ,0,0,0,0,1,1,1,0,0,0,0,0,0,0,0,1,0,0,0,0,1,0,0,1,0,36.82792,-92.46587,0,08/19/2019,14:56:00,"OCCURRED AS VEHICLE #1 DROVE OFF OF THE RIGHT SIDE OF THE ROADWAY, OVERCORRECTED AND OVERTURNED. ASSISTED BY TPR. D.L. NASH (719)"
1012219,3190022210,Missouri State Highway Patrol-Troop D,1566172800000,190484307,1,0,0,1,Personal Injury,WEBSTER,NON-CITY OR UNINCORPORATED,D,1,1,0,153,0.03,B ,E ,IS 44,ERM EAST IS 44 MILE 1030,Daylight,Fixed Object,2,,Mon     ,0,0,0,0,0,0,0,0,0,0,0,0,0,0,0,0,0,0,0,0,1,0,0,1,0,37.36468,-92.90827,0,08/19/2019,15:05:00,"CRASH OCCURRED AS DRIVER OF VEH 1 FELL ASLEEP, RAN OFF LEFT SIDE OF THE ROADWAY INTO MEDIAN, OVERCORRECTED TO THE RIGHT, TRAVELED OFF THE ROADWAY TO THE RIGHT SIDE, STRUCK AN EMBANKMENT AND OVERTURNED."
1301122,3190023067,Missouri State Highway Patrol-Troop C,1566172800000,190484343,1,0,1,0,Personal Injury,ST. CHARLES,NON-CITY OR UNINCORPORATED,C,1,1,0,723,0.14,B ,E ,RT F,BRIDGE A4981,Daylight,Overturn,1,,Mon     ,0,0,0,0,0,0,0,1,0,0,0,0,0,0,0,1,0,0,0,0,1,0,0,0,1,38.69966,-90.8847,0,08/19/2019,15:18:00,"VEHICLE #1 WAS TRAVELING NORTHBOUND ON ROUTE F SOUTH OF ROUTE D.  VEHICLE #1 TRAVELED OFF THE RIGHT SIDE OF THE ROADWAY, OVERCORRECTED TO THE LEFT, AND OVERTURNED."
822790,3190022232,Missouri State Highway Patrol-Troop A,1566172800000,190484405,2,0,2,0,Personal Injury,BENTON,NON-CITY OR UNINCORPORATED,A,1,1,0,1056,0.2,B ,N,RT MM,CRD IRONWOOD AVE,Daylight,Overturn,2,,Mon     ,0,0,0,0,0,1,1,0,0,0,0,0,0,0,0,1,0,0,0,0,0,0,0,0,0,38.24591,-93.3102,0,08/19/2019,15:52:00,"CRASH OCCURRED AS VEHICLE #1 WAS TRAVELING NORTHBOUND ON ROUTE MM, TWO-TENTHS OF A MILE SOUTH OF IRONWOOD AVENUE, AND TRAVELED OFF THE RIGHT SIDE OF THE ROADWAY AND DRIVER #1 OVER-CORRECTED TO THE LEFT. VEHICLE #1 BEGAN TO SLIDE, CROSSED THE CENTER OF THE ROAD, AND RAN OFF THE LEFT SIDE OF THE ROADWAY. VEHICLE #1 TRAVELED DOWN A STEEP EMBANKMENT, OVERTURNED, AND CAME TO REST, UPRIGHT, OFF THE ROADWAY, FACING NORTHEAST."
918097,3190021990,Missouri State Highway Patrol-Troop D,1566172800000,190484424,1,0,1,0,Personal Injury,JASPER,NON-CITY OR UNINCORPORATED,D,2,2,0,100,0.02,B ,E ,CST NEWMAN RD,RP 919577,Daylight,Motor Vehicle in Transport,1,61,Mon     ,0,0,0,0,0,0,0,1,0,0,0,0,0,1,0,1,0,0,0,0,0,0,0,0,0,37.09765,-94.42735,0,08/19/2019,15:50:00,"CRASH OCCURRED AS VEHICLE #1 ENTERED THE CONSTRUCTION ZONE, AND SLOWED OR STOPPED.  VEHICLE #2 STRUCK VEHICLE #1."
1506626,3190021993,Missouri State Highway Patrol-Troop H,1566172800000,190484582,1,0,0,1,Personal Injury,DEKALB,NON-CITY OR UNINCORPORATED,H,1,1,0,1504,0.28,B ,W ,US 36,CRD LAKESITE RD,Daylight,Fixed Object,2,,Mon     ,0,0,0,0,0,0,0,0,0,0,0,0,0,0,0,0,0,0,0,0,0,0,0,0,1,39.76193,-94.36966,0,08/19/2019,17:00:00,"CRASH OCCURRED AS VEH #1 WAS TRAVELING IN THE DRIVING LANE OF US-36 WESTBOUND. VEH #1 BEGAN TO TRAVEL OFF THE NORTH SIDE OF THE ROADWAY. DVR #1 CORRECTED STEERING OF VEH #1 CAUSING ITS LOAD TO SHIFT, RESULTING IN VEH #1 FALLING ONTO ITS PASSENGER SIDE. VEH #1 CAME TO REST ON THE SHOULDER OF US-36 WESTBOUND FACING WEST PARTIALLY BLOCKING THE ROADWAY. ASSISTED BY TPR J.P. LYNCH (522), TPR B.R. MUCK (1419), AND THE DEKALB COUNTY SHERIFF?S OFFICE."
863612,3190023097,Missouri State Highway Patrol-Troop A,1566172800000,190484740,1,0,1,0,Personal Injury,JOHNSON,NON-CITY OR UNINCORPORATED,A,1,1,0,79,0.01,B ,E ,CRD NE 175,CRD NE 151,Daylight,Fixed Object,2,,Mon     ,0,0,0,0,1,1,1,0,0,0,0,0,0,0,0,1,0,0,0,0,0,0,0,0,0,38.79222,-93.71406,0,08/19/2019,17:45:00,"CRASH OCCURRED AS VEHICLE 1 WAS SOUTHBOUND ON COUNTY ROAD NE 151. DRIVER 1 ATTEMPTED TO MAKE A RIGHT HAND TURN DUE TO AN UNINVOLVED VEHICLE BEING IN THE LANE OF TRAVEL OF VEHICLE 1. VEHICLE 1 RAN OFF THE SOUTH SIDE OF THE ROADWAY AND STRUCK A DITCH. ASSISTED BY SGT K. M. FISHER /399/, AND JOHNSON COUNTY SHERIFF'S DEPARTMENT"
1130883,3190022579,Missouri State Highway Patrol-Troop E,1566172800000,190484769,1,1,0,1,Fatal,CAPE GIRARDEAU,NON-CITY OR UNINCORPORATED,E,1,1,0,4224,0.8,A ,N,RT B,RT KK,Daylight,Fixed Object,2,,Mon     ,0,0,0,0,1,0,0,0,0,0,0,0,0,0,0,1,0,0,0,0,0,0,0,0,0,37.58566,-89.84164,1,08/19/2019,18:09:00,***FATALITY CRASH***NEXT OF KIN NOTIFIED***CRASH OCCURRED AS VEHICLE 1 RAN OFF THE LEFT SIDE OF THE ROADWAY AND STRUCK A UTILITY POLE. PRONOUNCED AT THE SCENE BY BY THE CAPE GIRARDEAU COUNTY DEPUTY CORONER DENNIS TURNER AT 1904. TROOP E FATALITY # 31 FOR 2019
1216569,3190021957,Missouri State Highway Patrol-Troop C,1566172800000,190484786,3,0,3,0,Personal Injury,FRANKLIN,NON-CITY OR UNINCORPORATED,C,2,2,0,0,0,AT,E ,RT AT,RT O,Daylight,Motor Vehicle in Transport,1,64,Mon     ,0,0,0,0,0,1,1,0,0,0,0,0,0,0,0,1,0,0,0,0,0,0,0,0,0,38.44334,-90.9067,0,08/19/2019,18:15:00,DRIVER 2 WAS ATTEMPTING A LEFT TURN ONTO ROUTE O FROM ROUTE AT AND TRAVELED INTO THE PATH OF VEHICLE 1.
1273140,3190022426,Missouri State Highway Patrol-Troop C,1566172800000,190485068,0,1,0,0,Fatal,ST. FRANCOIS,NON-CITY OR UNINCORPORATED,C,1,1,0,121,0.02,B ,E ,CRD OLD CADET RD,MO 47,Dark-Unlighted,Overturn,2,,Mon     ,0,0,0,0,0,0,0,0,0,0,0,1,0,0,0,0,0,0,0,0,0,1,0,0,0,37.93472,-90.57681,1,08/19/2019,21:37:00,"FATALITY REPORT - VEHICLE 1 WAS TRAVELING WESTBOUND ON MISSOURI 47. DRIVER 1 FAILED TO NEGOTIATE A TURN. VEHICLE 1 TRAVELED OFF THE RIGHT SIDE OF THE ROADWAY AND STRUCK A SIGN, EJECTING DRIVER 1. DRIVER 1 FATALITY PRONOUNCED ON SCENE BY DR. HARTLEY ON 08/19/2019 AT 2152 HOURS. ASSISTED BY CPL. B. M. BEARD (254) AND ST. FRANCOIS COUNTY DEPUTIES. ."
1170949,3190023193,Missouri State Highway Patrol-Troop F,1566172800000,190485182,0,1,0,0,Fatal,MORGAN,NON-CITY OR UNINCORPORATED,F,1,1,0,1378,0.26,A ,E ,MO 52,RT T,Dark-Unlighted,Fixed Object,2,,Unk     ,1,0,0,0,0,0,1,0,0,0,0,0,0,0,0,0,0,0,0,0,0,0,0,0,0,38.43113,-92.88426,1,08/19/2019,00:00:00,"**FATALITY CRASH** NEXT OF KIN HAS BEEN NOTIFIED** CRASH OCCURRED AS VEHICLE 1 TRAVELED OFF THE RIGHT SIDE OF THE ROADWAY, DRIVER 1 OVER-CORRECTED, VEHICLE 1 BEGAN SKIDDING AND SLIDING, TRAVELED OFF THE RIGHT SIDE OF THE ROADWAY AGAIN AND STRUCK A TREE WHERE IT CAME TO REST.  WILSON WAS PRONOUNCED DECEASED AT THE SCENE AT 11:55PM BY MORGAN COUNTY CORONER, M. B. JONES.  THIS IS TROOP F'S 5TH FATALITY FOR THE MONTH OF AUGUST, AND 40TH FOR 2019.  ASSISTED BY THE MORGAN COUNTY SHERIFF'S DEPARTMENT AND VERSAILLES POLICE DEPARTMENT."
1174608,3190022235,Missouri State Highway Patrol-Troop F,1566259200000,190485193,1,0,1,0,Personal Injury,CALLAWAY,NON-CITY OR UNINCORPORATED,F,1,1,0,0,0,AT,N,RT A,CRD 1006,Dark-Unlighted,Fixed Object,2,,Mon     ,1,0,0,0,1,0,0,0,0,0,0,0,0,0,0,1,0,0,0,0,0,0,0,0,0,38.99323,-91.77269,0,08/19/2019,23:38:00,CRASH OCCURRED AS DRIVER 1  FAILED TO NEGOTIATE A LEFT CURVE AND VEHICLE 1 TRAVELED OFF OF THE RIGHT SIDE OF THE ROADWAY STRIKING AN EMBANKMENT.
1042941,3190023091,Missouri State Highway Patrol-Troop I,1566259200000,190485242,1,0,0,1,Personal Injury,LACLEDE,NON-CITY OR UNINCORPORATED,I,1,1,0,1040,0.2,B ,W ,MO 64,MO 64A,Dark-Unlighted,Fixed Object,2,,Tue     ,1,0,0,0,0,0,0,0,0,0,0,0,0,0,0,0,0,0,0,0,0,0,0,0,0,37.71812,-92.83919,0,08/20/2019,02:35:00,"CRASH OCCURRED AS VEHICLE 1 TRAVELED OFF THE RIGHT SIDE OF THE ROADWAY, BECAME AIRBORNE AND OVERTURNED"
1233047,3190022326,Missouri State Highway Patrol-Troop C,1566259200000,190485255,2,0,1,1,Personal Injury,JEFFERSON,NON-CITY OR UNINCORPORATED,C,2,2,0,49,0.01,B ,S ,IS 55,ERM SOUTH IS 55 MILE 1690,Dark-Unlighted,Motor Vehicle in Transport,1,61,Tue     ,0,0,0,0,0,0,1,0,0,0,0,0,0,0,0,0,0,0,0,0,1,0,0,1,1,38.14033,-90.33108,0,08/20/2019,04:15:00,VEHICLE 1 BEGAN TO SLOW FOR A CRASH AHEAD THAT WAS PARTIALLY BLOCKING THE ROADWAY. THE FRONT OF VEHICLE 2 STRUCK THE REAR OF VEHICLE 1. ASSISTED BY TPR. C.W. CHERRY (625)
893722,3190022503,Missouri State Highway Patrol-Troop D,1566259200000,190485387,1,0,1,0,Personal Injury,LAWRENCE,NON-CITY OR UNINCORPORATED,D,1,1,0,316,0.06,B ,E ,IS 44,ERM EAST IS 44 MILE 490,Daylight,Fixed Object,2,,Tue     ,0,0,0,0,0,0,0,0,0,0,0,0,0,0,0,0,0,0,0,0,0,0,0,0,0,37.10914,-93.77313,0,08/20/2019,07:10:00,CRASH OCCURRED WHEN VEHICLE 1 RAN OFF THE ROAD AND STRUCK THE MEDIAN BARRIER CABLE.
1337701,3190022138,Missouri State Highway Patrol-Troop G,1566259200000,190485500,4,0,4,0,Personal Injury,SHANNON,NON-CITY OR UNINCORPORATED,G,1,1,0,2624,0.5,A ,S ,CRD 629,CRD 637,Daylight,Fixed Object,2,,Tue     ,0,0,0,0,0,1,1,0,0,0,0,0,0,0,0,0,0,0,1,0,0,0,0,0,0,36.93397,-91.44234,0,08/20/2019,07:20:00,"OCCURRED AS VEHICLE TRAVELED OFF THE LEFT SIDE OF THE ROAD, STRUCK AN EMBANKMENT, AND OVERTURNED."
1198760,3190021950,Missouri State Highway Patrol-Troop F,1566259200000,190485556,1,0,1,0,Personal Injury,CAMDEN,NON-CITY OR UNINCORPORATED,F,1,1,0,1531,0.29,B ,E ,RT H,CRD PETERSON CIR,Daylight,Fixed Object,2,,Tue     ,0,0,0,0,1,1,1,0,0,0,0,0,0,0,0,1,0,0,0,0,0,0,0,0,0,37.84063,-92.55937,0,08/20/2019,08:00:00,"VEHICLE 1 FAILED TO NEGOTIATE A CURVE, BEGAN TO SKID, TRAVELED OFF THE RIGHT SIDE OF ROADWAY, STRUCK A CULVERT, AND OVERTURNED. ASSISTED BY TPR C. M. STAUFFER (1209)"
1212138,3190022926,Missouri State Highway Patrol-Troop C,1566259200000,190485750,1,0,1,0,Personal Injury,WASHINGTON,NON-CITY OR UNINCORPORATED,C,1,1,0,2640,0.5,A ,E ,RT A,RT T,Daylight,Fixed Object,2,,Tue     ,0,0,0,0,0,0,0,0,0,0,0,0,0,0,0,0,0,0,0,0,1,0,0,0,1,38.14946,-90.88591,0,08/20/2019,09:45:00,"VEHICLE 1 WAS TRAVELING EAST ON ROUTE A. VEHICLE 1 BEGAN TO EXIT THE ROADWAY TO THE RIGHT. DRIVER 1 OVERCORRECTED. VEHICLE 1 EXITED THE ROADWAY TO THE LEFT, STRUCK A TREE, AND OVERTURNED."
904041,3190021881,Missouri State Highway Patrol-Troop D,1566259200000,190485946,1,0,1,0,Personal Injury,CHRISTIAN,NON-CITY OR UNINCORPORATED,D,3,3,0,89,0.02,B ,E ,US 160,RT CC,Daylight,Motor Vehicle in Transport,1,61,Tue     ,0,0,0,0,0,0,0,1,1,1,0,0,0,0,0,0,0,0,0,0,1,0,0,1,1,37.08404,-93.29881,0,08/20/2019,11:10:00,"VEHICLE #2 AND VEHICLE #3 WERE STOPPED IN TRAFFIC AT A MALFUNCTIONING TRAFFIC SIGNAL.  VEHICLE #1 STRUCK VEHICLE #2, FORCING VEHICLE #2 INTO VEHICLE 3."
959657,3190022061,Missouri State Highway Patrol-Troop D,1566259200000,190486406,4,0,4,0,Personal Injury,TANEY,NON-CITY OR UNINCORPORATED,D,2,2,0,120,0.02,B ,W ,US 160,CRD SUNDOWN LN,Daylight,Motor Vehicle in Transport,1,61,Tue     ,0,0,0,0,0,1,1,0,0,0,0,0,0,0,0,1,0,0,0,0,0,0,0,0,0,36.72692,-93.13673,0,08/20/2019,15:25:00,NBR 2 STOPPED FOR TRAFFIC CONGESTION AHEAD AND WAS STRUCK IN THE REAR BY NBR 1.
1212139,3190022893,Missouri State Highway Patrol-Troop C,1566259200000,190486466,1,0,1,0,Personal Injury,WASHINGTON,NON-CITY OR UNINCORPORATED,C,1,1,0,549,0.1,B ,W ,MO 8,CST SUNNEN LAKE RD 218,Daylight,Fixed Object,2,,Tue     ,0,0,0,0,1,0,0,0,0,0,0,0,0,0,0,1,0,0,0,0,0,0,0,0,0,37.91168,-90.91417,0,08/20/2019,15:51:00,"VEHICLE 1 WAS TRAVELING TOO FAST FOR CONDITIONS, TRAVELED OFF THE RIGHT SIDE OF THE ROADWAY AND STRUCK A ROCK BLUFF."
963789,3190022133,Missouri State Highway Patrol-Troop D,1566259200000,190486480,0,1,0,0,Fatal,BARTON,NON-CITY OR UNINCORPORATED,D,1,1,0,0,0,AT,E ,RT EE,CRD NE 30TH LN,Daylight,Fixed Object,2,,Tue     ,0,0,0,0,1,0,0,1,0,0,0,0,0,0,0,1,0,0,0,0,0,0,0,0,1,37.54393,-94.2407,1,08/20/2019,15:40:00,FATALITY CRASH   NEXT OF KIN NOTIFIED   THIS IS TROOP D'S 7TH FATALITY IN AUGUST AND 70TH FATALITY IN 2019.  CRASH OCCURRED AS VEH 1 FAILED TO NEGOTIATE A CURVE.  TRAILER OF VEH SLID OFF THE ROADWAY AND VEH 1 OVERTURNED.  DRIVER PRONOUNCED DECEASED AT THE SCENE BY BARTON COUNTY CORONER TAMMY DEHERRERA AT 1544 HRS.  ASSISTED BY SGT B.B. BYRNES #211 AND BARTON COUNTY SHERIFF'S DEPARTMENT.
1155366,3190022029,Missouri State Highway Patrol-Troop E,1566259200000,190486548,1,0,1,0,Personal Injury,SCOTT,NON-CITY OR UNINCORPORATED,E,2,2,0,3168,0.6,A ,N,IS 57,IS 55,Daylight,Jackknife,2,,Tue     ,0,0,0,0,1,0,0,1,0,0,0,0,0,0,0,1,0,0,0,0,0,0,0,0,1,36.87698,-89.52303,0,08/20/2019,16:33:00,CRASH OCCURRED AS VEHICLE ONE RAN OFF THE LEFT SIDE OF THE ROADWAY. DEBRIS FROM VEHICLE ONE STRUCK VEHICLE TWO.
1115316,3190021887,Missouri State Highway Patrol-Troop E,1566259200000,190486555,2,0,2,0,Personal Injury,MISSISSIPPI,NON-CITY OR UNINCORPORATED,E,1,1,0,100,0.02,A ,N,IS 57,ERM NORTH IS 55 MILE 208,Daylight,Fixed Object,2,,Tue     ,0,0,0,0,1,1,1,0,0,0,0,0,0,0,0,1,0,0,0,0,0,0,0,0,0,37.00843,-89.22254,0,08/20/2019,16:40:00,CRASH OCCURRED AS VEHICLE 1 LOST CONTROL ON WET PAVEMENT AND STRUCK THE BRIDGE RAILING.
1161444,3190022246,Missouri State Highway Patrol-Troop F,1566259200000,190486607,1,0,1,0,Personal Injury,BOONE,NON-CITY OR UNINCORPORATED,F,2,2,0,51,0.01,B ,E ,IS 70,ERM EAST IS 70 MILE 1220,Daylight,Motor Vehicle in Transport,1,64,Tue     ,0,0,0,0,0,0,1,1,0,0,0,0,0,0,0,1,0,0,0,0,0,0,0,0,0,38.97126,-92.41874,0,08/20/2019,16:57:00,CRASH OCCURRED AS VEHICLE 2 SLOWED FOR CONGESTION AND WAS STRUCK BY VEHICLE 1.
1035926,3190023194,Missouri State Highway Patrol-Troop I,1566259200000,190486633,2,1,0,2,Fatal,PHELPS,NON-CITY OR UNINCORPORATED,I,3,3,0,1103,0.21,B ,E ,MO 68,RT F,Daylight,Motor Vehicle in Transport,1,60,Tue     ,0,0,0,0,1,0,0,1,1,0,0,0,0,0,0,1,0,0,0,0,1,0,0,1,0,37.82844,-91.56269,1,08/20/2019,17:05:00,"FATALITY CRASH - NEXT OF KIN NOTIFIED - CRASH OCCURRED AS VEHICLE 1 WAS SOUTHBOUND ON HWY 68, HYDROPLANING AND CROSSING THE CENTER LINE.  VEHICLE 1 STRUCK VEHICLE 2 HEAD ON, OVERTURNING AND STRIKING VEHICLE 3. DRIVER 2 WAS PRONOUNCED AT THE SCENE AT 1802 BY PHELPS COUNTY DEPUTY CORONER GAVIN MCDONALD.  ASSISTED BY SGT P MEYERS (1183), SGT J A MULKEY  (1186), CPL J S LEATHERS (822), TPR W W FAIR (435), ST JAMES FIRE DEPARTMENT, ST JAMES AMBULANCE, AND MODOT.  THIS IS TROOP I'S 2ND FATALITY FOR AUGUST, AND 23RD FOR 2019."
1055769,3190022354,Missouri State Highway Patrol-Troop I,1566259200000,190486723,1,0,1,0,Personal Injury,CRAWFORD,BOURBON,I,1,1,0,21,0,B ,S ,CST OLD HWY 66,CST JOHNSON,Daylight,Overturn,1,,Tue     ,0,0,0,0,0,,,,,0,0,0,0,0,0,0,0,0,0,0,0,1,0,0,0,38.14516,-91.25503,0,08/20/2019,17:40:00,CRASH OCCURRED AS VEHICLE 1 BEGAN TO SKID WHILE TRYING TO AVOID AN UNKNOWN VEHICLE IN ROADWAY AHEAD.
1194188,3190022455,Missouri State Highway Patrol-Troop B,1566259200000,190486824,3,0,0,3,Personal Injury,RALLS,MONROE CITY,B,1,1,0,0,0,AT,W ,US 24,BU 36,Daylight,Fixed Object,2,,Tue     ,0,0,0,0,1,1,1,0,0,0,0,1,0,0,0,1,0,0,0,0,0,0,0,0,0,39.66419,-91.71416,0,08/20/2019,19:11:00,"VEHICLE 01 WAS WESTBOUND ON US 24 FLEEING FROM OFFICERS AND ATTEMPTED TO EXIT AT RT Z MONROE CITY.  VEHICLE 01 RAN OFF THE ROADWAY,  BECAME AIRBORNE AND STRUCK THE GROUND WHERE IT CAME TO REST."
1212140,3190023492,Missouri State Highway Patrol-Troop C,1566259200000,190487128,0,1,0,0,Fatal,WASHINGTON,NON-CITY OR UNINCORPORATED,C,1,1,0,115,0.02,B ,S ,MO 21,CRD BROWN HOLLOW RD,Dark-Unlighted,Fixed Object,2,,Tue     ,,,,,,0,0,0,0,0,0,0,0,0,0,,0,0,,0,0,0,0,0,0,38.05992,-90.75861,1,08/20/2019,22:30:00,"LATE FATALITY REPORT - VEHICLE 1 TRAVELED OFF THE RIGHT SIDE OF THE ROADWAY, BECAME AIR BORNE OVER A CREEK, AND STRUCK A TREE. PRONOUNCED AT 0150 HOURS 08-21-2019 BY DR PHILLIP AT MERCY HOSPITAL SOUTH.  ASSISTED BY CPL B. M. BEARD (254)"