objectid,accident,agency,inv_date,complaint,injured,killed,min_inj,dis_inj,severity,county,city,troop,no_vehicle,motor_veh,left_scene,dist_feet,dist_mile,inter_loc,direction,on_street,at_street,light_cond,acc_type,on_off_rd,two_veh,day_week,dr_drink,dr_drug,ped_drink,ped_drug,speed,dr_under21,dr_under25,dr_over55,dr_over64,electrical,emer_veh,stop_sign,yield_sign,czone,hazmat,aggressive,cell_phone,texting,veh_defect,school_bus,truck,motorcycle,atv,pickup,cmv,gps_lat,gps_long,severity_fatal,acc_date,acc_time,narrative
1168995,3190022751,Missouri State Highway Patrol-Troop F,1566345600000,190487217,1,0,1,0,Personal Injury,MONITEAU,NON-CITY OR UNINCORPORATED,F,1,1,0,253,0.05,A ,W ,RT N,CRD MILLER FORD RD,Unknown,Overturn,2,,Unk     ,0,0,0,0,1,0,0,0,0,0,0,0,0,0,0,1,0,0,0,0,0,0,0,0,0,38.68684,-92.47003,0,08/21/2019,00:00:00,CRASH OCCURRED AS VEHICLE 1 TRAVELED OFF THE RIGHT SIDE OF THE ROADWAY OVERTURNED AND STRUCK A FENCE.  ASSISTED BY SGT. A. R. SULLIVAN (621) AND THE MONITEAU COUNTY SHERIFF'S DEPARTMENT.
1012681,3190022257,Missouri State Highway Patrol-Troop D,1566345600000,190487307,1,0,0,1,Personal Injury,VERNON,NON-CITY OR UNINCORPORATED,D,1,1,0,459,0.09,A ,S ,IS 49,ERM SOUTH IS 49 MILE 1056,Dark-Unlighted,Fixed Object,2,,Wed     ,0,0,0,0,0,0,0,1,1,0,0,0,0,0,0,1,0,0,0,0,0,0,0,0,0,37.89011,-94.34342,0,08/21/2019,05:50:00,"OCCURRED AS VEHICLE 1 DROVE OFF THE ROADWAY STRUCK AN EMBANKMENT, AND OVERTURNED."
1016080,3190022041,Missouri State Highway Patrol-Troop D,1566345600000,190487374,2,0,2,0,Personal Injury,NEWTON,NON-CITY OR UNINCORPORATED,D,2,2,0,1478,0.28,B ,S ,MO 175,CRD GAYLEN LN,Daylight,Motor Vehicle in Transport,1,60,Wed     ,0,0,0,0,0,0,0,0,0,0,0,0,0,0,0,1,0,0,0,0,0,0,0,0,0,36.95414,-94.41792,0,08/21/2019,06:45:00,OCCURRED AS VEHICLE 2 CROSSED CENTER LINE AND STRUCK VEHICLE 1 HEAD ON.
1205129,3190022471,Missouri State Highway Patrol-Troop F,1566345600000,190487482,1,0,1,0,Personal Injury,COOPER,NON-CITY OR UNINCORPORATED,F,2,2,0,116,0.02,A ,E ,IS 70,ERM EAST IS 70 MILE 1124,Daylight,Motor Vehicle in Transport,1,61,Wed     ,0,0,0,0,0,0,1,0,0,0,0,0,0,0,0,1,0,0,0,0,0,0,0,0,1,38.94031,-92.57641,0,08/21/2019,07:55:00,OCCURRED AS VEHICLE 1 SLID AND STRUCK THE REAR OF VEHICLE 2
893726,3190022566,Missouri State Highway Patrol-Troop D,1566345600000,190487521,3,0,3,0,Personal Injury,LAWRENCE,NON-CITY OR UNINCORPORATED,D,2,2,0,4224,0.8,B ,N,RT T,CRD LAWRENCE 1230,Daylight,Motor Vehicle in Transport,1,60,Wed     ,0,0,0,0,0,0,0,1,0,0,0,0,0,0,0,1,0,0,0,0,0,0,0,0,0,37.07269,-93.6275,0,08/21/2019,08:15:00,CRASH OCCURRED AS VEHICLE #1 WAS TRAVELING NORTH ON ROUTE T.  VEHICLE #1 CROSSED THE CENTER LINE AND STRUCK VEHICLE #2 HEAD ON.
1282695,3190022400,Missouri State Highway Patrol-Troop C,1566345600000,190487646,1,0,1,0,Personal Injury,ST. CHARLES,ST CHARLES,C,2,2,0,2640,0.5,B ,E ,IS 70,CST 5TH ST,Daylight,Motor Vehicle in Transport,1,61,Wed     ,0,0,0,0,0,0,1,0,0,0,0,0,0,0,0,0,0,0,0,0,1,0,0,1,1,38.77125,-90.50147,0,08/21/2019,09:21:00,"DRIVER 1 WAS DISTRACTED, SWERVED TO AVOID A COLLISION WITH ANOTHER VEHICLE, AND THE FRONT OF VEHICLE 1 STRUCK THE TOWED UNIT OF VEHICLE 2. ASSISTED BY TPR. T.A. REENTS (916)"
1011039,3190022270,Missouri State Highway Patrol-Troop D,1566345600000,190487737,1,0,1,0,Personal Injury,WEBSTER,NON-CITY OR UNINCORPORATED,D,2,2,0,36,0.01,B ,W ,US 60,CRD PORTER CROSSING LOOP,Daylight,Motor Vehicle in Transport,1,64,Wed     ,0,0,0,0,0,0,1,0,0,0,0,0,0,0,0,0,0,0,0,0,0,0,0,0,0,37.12418,-92.98774,0,08/21/2019,09:53:00,VEHICLE #2 ATTEMPTED TO MAKE A LEFT TURN ON TO PORTER LOOP FROM THE RIGHT LANE OF US60 AS VEHICLE #1 ATTEMPTED TO PASS.  VEHICLE #1 STRUCK VEHICLE #2.
1211908,3190022294,Missouri State Highway Patrol-Troop F,1566345600000,190487929,1,0,1,0,Personal Injury,COLE,NON-CITY OR UNINCORPORATED,F,1,1,0,311,0.06,B ,N,RT D,CRD KROLL RD,Daylight,Fixed Object,2,,Wed     ,0,0,0,0,0,1,1,0,0,0,0,0,0,0,0,1,0,0,0,0,0,0,0,0,0,38.56585,-92.33663,0,08/21/2019,11:34:00,OCCURRED AS VEHICLE 1 TRAVELED OFF THE RIGHT SIDE OF THE ROAD STRIKING A GUARDRAIL AND UTILITY POLE
1031067,3190022897,Missouri State Highway Patrol-Troop I,1566345600000,190488010,1,0,1,0,Personal Injury,PULASKI,NON-CITY OR UNINCORPORATED,I,1,1,0,960,0.18,B ,S ,MO 133,CRD BROADWAY RD,Daylight,Fixed Object,2,,Wed     ,0,0,0,0,0,0,0,1,1,0,0,0,0,0,0,0,1,0,0,0,0,0,0,0,0,37.92519,-92.2871,0,08/21/2019,12:26:00,"VEHICLE 1 TRAVELED OFF OF THE RIGHT SIDE OF THE ROADWAY, DRIVER 1 OVER CORRECTED, LOST CONTROL, AND STRUCK A DITCH. ASSISTED BY TPR N. A. SMITH, (1376)  AND SHERIFF'S OFFICE PULASKI COUNTY."
1506625,3190022078,Missouri State Highway Patrol-Troop H,1566345600000,190488011,1,0,1,0,Personal Injury,DEKALB,NON-CITY OR UNINCORPORATED,H,2,2,0,300,0.06,A ,W ,US 36,CRD WATSON RD,Daylight,Motor Vehicle in Transport,1,61,Wed     ,0,0,0,0,0,0,1,1,0,0,0,0,0,0,0,1,0,0,0,0,0,0,0,0,1,39.76238,-94.52753,0,08/21/2019,12:25:00,"CRASH OCCURRED AS VEH#1 AND VEH#2 WERE WESTBOUND ON US 36. VEH#2 CHANGED LANES AND THE FRONT OF VEH#2 STRUCK VEH#1. VEH#1 TRAVELED OFF THE SOUTH SIDE OF THE ROADWAY, OVERTURNED, AND CAME TO REST ON ITS PASSENGER SIDE FACING EAST . VEH#2 CAME TO A CONTROLLED STOP IN THE DRIVING LANE FACING WEST. ASSISTED BY SGT. L.M. NEWMAN (576), STEWARTSVILLE FIRE, AND DEKALB COUNTY EMS."
858542,3190022101,Missouri State Highway Patrol-Troop A,1566345600000,190488178,1,0,1,0,Personal Injury,CLAY,KANSAS CITY,A,4,4,Y,174,0.03,A ,E ,RP 1070573,IS 435,Daylight,Motor Vehicle in Transport,1,64,Wed     ,0,0,0,0,0,,,1,,0,0,0,0,0,0,1,0,0,0,0,0,0,0,0,1,39.16046,-94.49713,0,08/21/2019,13:41:00,CRASH OCCURRED AS VEH4 ENTERED THE INTERSTATE AND STRUCK VEH3.  VEH2 BROKE TO AVOID THE COLLISION AND WAS STRUCK IN THE REAR BY VEH1.
1131994,3190022393,Missouri State Highway Patrol-Troop E,1566345600000,190488288,3,0,3,0,Personal Injury,BUTLER,NON-CITY OR UNINCORPORATED,E,2,2,0,0,0,AT,S ,US 67,SOR 60 SJ,Daylight,Motor Vehicle in Transport,1,64,Wed     ,0,0,0,0,0,0,0,1,1,0,0,0,1,0,0,1,0,0,0,0,1,0,0,1,0,36.80224,-90.45596,0,08/21/2019,14:30:00,CRASH OCCURRED AS WESTBOUND VEHICLE 1 PULLED INTO THE PATH OF SOUTHBOUND VEHICLE 2
925602,3190022113,Missouri State Highway Patrol-Troop D,1566345600000,190488347,2,0,2,0,Personal Injury,MCDONALD,NON-CITY OR UNINCORPORATED,D,2,2,0,0,0,AT,E ,MO 76,CRD CARNELL LN,Daylight,Motor Vehicle in Transport,1,64,Wed     ,1,0,0,0,0,0,0,0,0,0,0,0,0,0,0,1,0,0,0,0,1,0,0,1,0,36.69429,-94.20404,0,08/21/2019,15:00:00,CRASH OCCURRED AS VEHICLE #1 MADE A LEFT TURN IN FRONT OF VEHICLE # 2 AND VEHICLE # 2 STRUCK VEHICLE # 1
1131993,3190021975,Missouri State Highway Patrol-Troop E,1566345600000,190488399,1,0,1,0,Personal Injury,BUTLER,NON-CITY OR UNINCORPORATED,E,1,1,0,300,0.06,B ,S ,CRD 441,PVT RED CEDAR BLVD,Daylight,Overturn,1,,Wed     ,0,0,0,0,1,0,0,0,0,0,0,0,0,0,0,1,0,0,0,0,0,1,0,0,0,36.76175,-90.46514,0,08/21/2019,15:25:00,CRASH OCCURRED AS DRIVER OF VEHICLE 1 LOST CONTROL AND OVERTURNED ON ROADWAY
1187268,3190024035,Missouri State Highway Patrol-Troop B,1566345600000,190488453,2,0,2,0,Personal Injury,MARION,NON-CITY OR UNINCORPORATED,B,2,2,0,0,0,AT,N,CRD VETERAN'S ROAD,CRD 412,Daylight,Motor Vehicle in Transport,1,64,Wed     ,0,0,0,0,0,0,0,1,1,0,0,1,0,0,0,1,0,0,0,0,1,0,0,1,0,39.70973,-91.41877,0,08/21/2019,15:48:00,"VEHICLE 01 WAS EASTBOUND ON COUNTY ROAD 412, FAILED TO YIELD TO VEHICLE 02 AND WAS STRUCK AT THE INTERSECTION."
1502831,3190022934,Missouri State Highway Patrol-Troop H,1566345600000,190488531,2,0,2,0,Personal Injury,CALDWELL,NON-CITY OR UNINCORPORATED,H,1,1,0,2402,0.45,B ,N,CRD SUNSET RD,CRD SANDSTONE DR,Daylight,Fixed Object,2,,Wed     ,0,0,0,0,1,1,1,0,0,0,0,0,0,0,0,1,0,0,0,0,0,0,0,0,0,39.72153,-93.96398,0,08/21/2019,16:25:00,"CRASH OCCURRED AS VEH#1 WAS SOUTHBOUND ON SUNSET ROAD AND DRIVER #1 LOST CONTROL. VEH#1 TRAVELED OFF THE NORTH SIDE OF THE ROADWAY, STRUCK AN EMBANKMENT, OVERTURNED, AND STRUCK A FENCE. VEH#1 CAME TO REST ON ITS TOP FACING NORTH OFF THE NORTH SIDE OF THE ROADWAY. ASSISTED BY SGT. A.A. HENRY (187) AND CPL. R.A.SHERMAN (1136)."
1508781,3190022278,Missouri State Highway Patrol-Troop H,1566345600000,190488550,3,0,2,1,Personal Injury,HOLT,NON-CITY OR UNINCORPORATED,H,2,2,0,140,0.03,B ,N,IS 29,ERM SOUTH IS 29 MILE 948,Daylight,Motor Vehicle in Transport,1,69,Wed     ,0,0,0,0,0,0,0,1,0,0,0,0,0,0,0,0,0,0,0,0,1,0,0,1,0,40.22045,-95.3924,0,08/21/2019,16:40:00,"CRASH OCCURRED AS VEH#1 WAS NORTHBOUND AND VEH#2 WAS SOUTHBOUND ON I-29. VEH#1 TRAVELED OFF THE WEST SIDE OF THE ROADWAY, CROSSED THE MEDIAN, AND ENTERED SB I-29. THE REAR PASSENGER SIDE BUMPER OF VEH#1 STRUCK THE DRIVER SIDE OF VEH#2. VEH#1 OVERTURNED, TRAVELED OFF THE WEST SIDE OF THE ROADWAY, AND CAME TO REST ON ITS ROOF FACING SOUTHEAST. VEH#2 CAME TO A CONTROLLED STOPPED ON THE WEST SHOULDER. ASSISTED BY TPR. K.L. EBERSOLD (381), T.L. SHUPE (1432), HOLT COUNTY SHERIFF'S DEPARTMENT, MOUND CITY POLICE DEPARTMENT, ATCHISON-HOLT EMS, AND CRAIG FIRE DEPARTMENT"
1036182,3190023441,Missouri State Highway Patrol-Troop I,1566345600000,190488603,1,0,1,0,Personal Injury,PHELPS,NON-CITY OR UNINCORPORATED,I,2,2,0,0,0,AT,S ,RT O,CRD 5160,Daylight,Motor Vehicle in Transport,1,64,Wed     ,0,0,0,0,0,0,0,0,0,0,0,0,0,0,0,1,0,0,0,0,1,0,0,1,0,37.88595,-91.74876,0,08/21/2019,16:50:00,"CRASH OCCURRED AS VEHICLE 1 WAS TRAVELING SOUTHBOUND, MERGING ONTO THE SHOULDER BEFORE EXECUTING A U-TURN.  VEHICLE 1 TRAVELED INTO THE PATH OF VEHICLE 2 WHICH WAS ALSO TRAVELING SOUTHBOUND ON HWY O."
1273903,3190022894,Missouri State Highway Patrol-Troop C,1566345600000,190488607,1,0,0,1,Personal Injury,ST. FRANCOIS,LEADINGTON,C,1,1,0,1056,0.2,A ,N,US 67,RP 228911,Daylight,Fixed Object,2,,Wed     ,0,0,0,0,0,1,1,0,0,0,0,0,0,0,0,0,0,0,0,0,0,0,0,0,0,37.84518,-90.48546,0,08/21/2019,16:51:00,"VEHICLE 1 RAN OFF THE LEFT SIDE OF THE ROAD, STRUCK THE CABLE MEDIAN BARRIER, THEN RAN OFF THE RIGHT SIDE OF THE ROAD AND STRUCK A ROCK BLUFF AND OVERTURNED."
1133434,3190022355,Missouri State Highway Patrol-Troop E,1566345600000,190488988,1,0,1,0,Personal Injury,RIPLEY,NON-CITY OR UNINCORPORATED,E,1,1,0,1451,0.27,A ,N,MO 21,US 160 NJ,Dark-Unlighted,Animal,1,,Wed     ,0,0,0,0,0,0,0,0,0,0,0,0,0,0,0,0,0,0,0,0,0,0,0,0,0,36.64823,-90.79364,0,08/21/2019,20:31:00,CRASH OCCURRED AS VEHICLE 1 STRUCK A DEER
1234277,3190023300,Missouri State Highway Patrol-Troop C,1566345600000,190489115,1,0,1,0,Personal Injury,ST. LOUIS,NON-CITY OR UNINCORPORATED,C,2,2,0,147,0.03,B ,N,IS 55,BRIDGE A0591,Dark-Unlighted,Fixed Object,2,,Wed     ,0,0,0,0,1,0,0,1,0,0,0,0,0,0,0,1,0,0,0,0,1,0,0,1,0,38.52398,-90.32029,0,08/21/2019,22:05:00,VEHICLE 1 AND VEHICLE 2 WERE TRAVELING NORTHBOUND I-55 NORTH OF LINDBERGH BLVD. VEHICLE 1 HYDROPLANED AND TRAVELED OFF THE RIGHT SIDE OF THE ROAD AND STRUCK THE CONCRETE DIVIDER WITH ITS FRONT END. VEHICLE 2 BEGAN TO HYDROPLANE AND STRUCK THE REAR OF VEHICLE 1.
1200117,3190022264,Missouri State Highway Patrol-Troop C,1566345600000,190489147,1,0,1,0,Personal Injury,ST. LOUIS CITY,ST LOUIS,C,3,3,0,52,0.01,A ,W ,IS 70,ERM WEST IS 70 MILE 2436,Dark-Lighted,Motor Vehicle in Transport,1,61,Wed     ,0,0,0,0,0,0,0,0,0,0,0,0,0,0,0,0,0,0,0,0,0,0,0,0,0,38.69644,-90.26045,0,08/21/2019,22:45:00,VEHICLE 3 WAS STOPPED IN LANE 4 DUE TO VEHICLE DEFECTS AND VEHICLE 2 WAS STOPPED BEHIND IT. PEDESTRIAN 1 WAS STANDING IN FRONT OF VEHICLE 3.  DRIVER 1 DID NOT SEE THE STOPPED VEHICLES AND THE FRONT OF VEHICLE 1 STRUCK THE REAR OF VEHICLE 2 WHICH CAUSED THE FRONT OF VEHICLE 2 TO STRIKE THE REAR OF VEHICLE 3. PEDESTRIAN 1 WAS STRUCK BY THE FRONT OF VEHICLE 3.  ASSISTED BY TPR A M COLLINS (216).
859027,3190023348,Missouri State Highway Patrol-Troop A,1566432000000,190489302,3,0,3,0,Personal Injury,JACKSON,BLUE SPRINGS,A,2,2,0,195,0.04,A ,W ,IS 70,ERM WEST IS 70 MILE 214,Dark-Unlighted,Motor Vehicle in Transport,1,61,Thu     ,0,0,0,0,0,0,0,0,0,0,0,0,0,0,0,0,0,0,0,0,1,0,0,1,1,39.02828,-94.25469,0,08/22/2019,05:50:00,CRASH OCCURRED AS VEHICLE 1 MERGED ONTO WB 70 AND SLOWED DUE CONGESTION AND WAS STRUCK IN THE REAR BY VEHICLE 2.
1042934,3190022299,Missouri State Highway Patrol-Troop I,1566432000000,190489318,1,0,1,0,Personal Injury,LACLEDE,NON-CITY OR UNINCORPORATED,I,1,1,0,897,0.17,A ,S ,MO 5,CRD ATLANTA ROAD,Daylight,Fixed Object,2,,Thu     ,0,0,0,0,1,0,0,0,0,0,0,0,0,0,0,1,0,0,0,0,0,0,0,0,0,37.52394,-92.58192,0,08/22/2019,06:25:00,"OCCURRED AS VEHICLE 1 BEGAN TO SKID ON THE WET PAVEMENT, CROSSED THE CENTER OF THE ROADWAY, TRAVELED OFF THE LEFT SIDE OF THE ROADWAY STRIKING THE DITCH."
893757,3190022565,Missouri State Highway Patrol-Troop D,1566432000000,190489383,3,0,3,0,Personal Injury,LAWRENCE,NON-CITY OR UNINCORPORATED,D,2,2,0,670,0.13,B ,W ,US 60,BU 60,Daylight,Motor Vehicle in Transport,1,61,Thu     ,0,0,0,0,1,0,0,1,0,0,0,0,0,0,0,1,0,0,0,0,0,0,0,0,0,36.92882,-93.839,0,08/22/2019,07:15:00,"NR2 LOST CONTROL, CROSSED CENTER OF ROADWAY AND STRUCK NR1. NR2 RAN OFF ROADWAY."
822792,3190022317,Missouri State Highway Patrol-Troop A,1566432000000,190489439,2,0,2,0,Personal Injury,BENTON,NON-CITY OR UNINCORPORATED,A,1,1,0,2640,0.5,A ,S ,MO 7,RT DD,Daylight,Fixed Object,2,,Thu     ,0,0,0,0,0,0,0,0,0,0,0,0,0,0,0,1,0,0,0,0,0,0,0,0,0,38.1273,-93.09411,0,08/22/2019,07:50:00,CRASH OCCURRED AS VEH 1 TRAVELED OFF RIGHT SIDE OF ROADWAY AND STRUCK A TREE.  ASSISTED  BY TPR R W ROSENTHAL/930 AND BENTON COUNTY SHERIFFS DEPARTMENT
1301120,3190022797,Missouri State Highway Patrol-Troop C,1566432000000,190489458,1,0,1,0,Personal Injury,ST. CHARLES,NON-CITY OR UNINCORPORATED,C,2,2,0,100,0.02,A ,E ,IS 64,BRIDGE A7577,Daylight,Motor Vehicle in Transport,1,63,Thu     ,0,0,0,0,0,0,0,0,0,0,0,0,0,0,0,1,0,0,0,0,0,0,0,0,1,38.68695,-90.66316,0,08/22/2019,08:00:00,BOTH VEHICLES WERE TRAVELING EASTBOUND ON INTERSTATE 70.  VEHICLE #2 CHANGED FROM LANE 2 INTO LANE 3.  THE FRONT RIGHT OF VEHICLE #2 STRUCK THE LEFT REAR OF VEHICLE #1.  VEHICLE #1 TRAVELED OFF THE LEFT SIDE OF THE ROADWAY AND STRUCK THE CONCRETE MEDIAN.
1336209,3190022499,Missouri State Highway Patrol-Troop G,1566432000000,190489460,0,1,0,0,Fatal,DOUGLAS,NON-CITY OR UNINCORPORATED,G,1,1,0,1320,0.25,A ,N,MO 181,CRD 181-356,Dark-Unlighted,Fixed Object,2,,Unk     ,0,0,0,0,1,0,0,0,0,0,0,0,0,0,0,1,0,0,0,0,0,0,0,0,0,36.79992,-92.22225,1,08/22/2019,00:00:00,"FATALITY ACCIDENT - OCCURRED AS VEHICLE 1 CROSSED THE CENTERLINE, RAN OFF THE ROADWAY AND OVERTURNED EJECTING THE DRIVER. DRIVER PRONOUNCED AT THE SCENE BY THE DOUGLAS COUNTY SHERIFF AT 0850 HOURS. TROOP G FATALITY 25 FOR 2019 COMPARED TO 26 AT THIS POINT IN 2018. ASSISTED BY CPL. N J BRITT (368) AND CPL. J C HOWELL (490)."
1206181,3190023112,Missouri State Highway Patrol-Troop F,1566432000000,190489545,1,0,1,0,Personal Injury,MILLER,NON-CITY OR UNINCORPORATED,F,2,2,0,316,0.06,B ,S ,RT W,PVT GILLIAM RD,Daylight,Motor Vehicle in Transport,1,61,Thu     ,0,0,0,0,1,0,1,0,0,0,0,0,0,0,0,1,0,0,0,0,1,0,0,1,0,38.23608,-92.65488,0,08/22/2019,08:45:00,VEHICLE 1 SLOWED DUE TO AN UNINVOLVED TRACTOR TRAILER AHEAD THAT WAS ENTERING THE ROADWAY AND HAD CROSSED OVER THE CENTER LINE. VEHICLE 2 FAILED TO SLOW AND STRUCK THE REAR OF VEHICLE 1. BOTH VEHICLES WERE ABLE TO PULL TO THE SHOULDER WITHOUT BLOCKING THE ROADWAY.
959654,3190022114,Missouri State Highway Patrol-Troop D,1566432000000,190489699,1,0,1,0,Personal Injury,TANEY,NON-CITY OR UNINCORPORATED,D,1,1,0,253,0.05,A ,W ,MO 76,CRD CANDLESTICK RD,Daylight,Overturn,2,,Thu     ,0,0,0,0,1,0,0,0,0,0,0,0,0,0,0,1,0,0,0,0,0,0,0,0,0,36.64158,-93.20629,0,08/22/2019,10:13:00,OCCURRED AS DRIVER 1 LOST CONTROL OF VEHICLE WHICH LEFT THE ROADWAY AND OVERTURNED.
898181,3190022314,Missouri State Highway Patrol-Troop D,1566432000000,190489920,1,0,1,0,Personal Injury,GREENE,NON-CITY OR UNINCORPORATED,D,2,2,0,0,0,AT,N,MO 13,RT O,Daylight,Motor Vehicle in Transport,1,64,Thu     ,0,0,0,0,1,0,1,1,0,1,0,0,0,0,0,1,0,0,0,0,0,0,0,0,1,37.31178,-93.33081,0,08/22/2019,12:20:00,CRASH OCCURRED AS VEHICLE #2 WAS TRAVELING WEST AND VEHICLE #1 FAILED TO STOP AT THE STOP LIGHT. VEHICLE #1 STRUCK VEHICLE #2 IN THE FRONT DRIVERS SIDE.
1206165,3190022679,Missouri State Highway Patrol-Troop F,1566432000000,190490102,3,0,1,2,Personal Injury,MILLER,NON-CITY OR UNINCORPORATED,F,2,2,0,0,0,AT,W ,US 54,CRD LAKE LAND RD,Daylight,Motor Vehicle in Transport,1,64,Thu     ,0,0,0,0,0,0,0,1,0,0,0,0,1,0,0,1,0,0,0,0,0,0,0,0,0,38.23223,-92.62206,0,08/22/2019,13:37:00,"OCCURRED AS VEHICLE 1 ATTEMPTED A LEFT TURN ONTO LAKELAND ROAD FROM US 54 FAILING TO YIELD TO VEHICLE 2.  ASSISTED BY SGT. M. J. CODY (271), CPL. M. L. RICE (796), CPL. D. A. BARTLETT (1284) AND SGT. J. E. LOWARY (466)."
1185873,3190022512,Missouri State Highway Patrol-Troop B,1566432000000,190490211,0,1,0,0,Fatal,SULLIVAN,NON-CITY OR UNINCORPORATED,B,2,2,0,2001,0.38,A ,W ,MO 6,CRD GULLY DR,Daylight,Motor Vehicle in Transport,1,61,Thu     ,0,0,0,0,0,0,0,1,1,0,0,0,0,0,0,1,0,0,0,0,0,0,0,0,0,40.25328,-92.97615,1,08/22/2019,14:30:00,FATALITY ACCIDENT -- VEHICLE 1 SLOWED TO YIELD TO A FARM TRACTOR IN THE ROADWAY AND WAS STRUCK IN THE REAR BY VEHICLE 2. DRIVER 2 WAS PRONOUNCED DECEASED AT THE SCENE BY SULLIVAN COUNTY CORONER ROBERT WYANT AT 1505. NEXT OF KIN HAS BEEN NOTIFIED.
1206167,3190022756,Missouri State Highway Patrol-Troop F,1566432000000,190490237,2,0,2,0,Personal Injury,MILLER,NON-CITY OR UNINCORPORATED,F,2,2,0,454,0.09,A ,W ,MO 42,CRD KAISER INDUSTRIAL DRIVE,Daylight,Motor Vehicle in Transport,1,61,Thu     ,0,0,0,0,0,0,0,1,1,0,0,0,0,0,0,1,0,0,0,1,0,0,0,0,1,38.13966,-92.58653,0,08/22/2019,14:52:00,VEHICLE 2 WAS ATTEMPTING TO MAKE A LEFT TURN AND WAS STRUCK IN THE REAR BY VEHICLE 1. ASSISTED BY SGT. M. J. CODY (271) AND OSAGE BEACH POLICE DEPARTMENT .
800885,3190024770,Missouri State Highway Patrol-Troop A,1566432000000,190490311,1,0,1,0,Personal Injury,JACKSON,LEES SUMMIT,A,1,1,0,31,0.01,B ,E ,IS 470,BRIDGE A7503,Daylight,Fixed Object,2,,Thu     ,0,0,0,0,0,0,0,1,1,0,0,0,0,0,0,1,0,0,0,0,0,0,0,0,0,38.9676,-94.35818,0,08/22/2019,15:25:00,"CRASH OCCURRED AS DVR1 SWERVED TO AVOID STOPPED TRAFFIC.  VEH1 STRUCK A GUARDRAIL, AN OVERPASS AND THEN TRAVELED DOWN THE EMBANKMENT."
1211909,3190022331,Missouri State Highway Patrol-Troop F,1566432000000,190490325,1,0,1,0,Personal Injury,COLE,NON-CITY OR UNINCORPORATED,F,2,2,0,158,0.03,A ,S ,RT B,PVT CLOVER HILL LN,Daylight,Motor Vehicle in Transport,1,61,Thu     ,0,0,0,0,0,1,1,1,0,0,0,0,0,0,0,1,0,0,0,0,0,0,0,0,0,38.51681,-92.18188,0,08/22/2019,15:30:00,VEHICLE 2 WAS STOPPED IN TRAFFIC AND WAS STRUCK IN THE REAR BY VEHICLE 1. ASSISTED BY TPR. R. R. DOWD (932)
1196177,3190023099,Missouri State Highway Patrol-Troop B,1566432000000,190490522,1,0,1,0,Personal Injury,MACON,NON-CITY OR UNINCORPORATED,B,1,1,0,32,0.01,B ,W ,US 36,BRIDGE L0569,Daylight,Fixed Object,2,,Thu     ,0,0,0,0,0,0,0,0,0,0,0,0,0,0,0,1,0,0,0,0,0,0,0,0,1,39.759,-92.59698,0,08/22/2019,16:57:00,"VEHICLE 1 DROVE OFF THE RIGHT SIDE OF THE ROADWAY, STRUCK A BRIDGE RAIL AND OVERTURNED. ASSISTED BY CPL. PORTER #782, MACON COUNTY SHERIFF'S DEPARTMENT AND THE MACON COUNTY RURAL FIRE DEPARTMENT."
1329918,3190022438,Missouri State Highway Patrol-Troop G,1566432000000,190490526,1,0,1,0,Personal Injury,HOWELL,NON-CITY OR UNINCORPORATED,G,1,1,0,2449,0.46,B ,N,MO 17,CRD 9180,Daylight,Fixed Object,2,,Thu     ,0,0,0,0,0,0,0,0,0,0,0,0,0,0,0,0,0,0,1,0,0,0,0,0,0,36.60484,-91.83723,0,08/22/2019,16:50:00,VEHICLE TRAVELED OFF ROADWAY LEFT AND STRUCK A FENCE AND TREE.
1232966,3190023283,Missouri State Highway Patrol-Troop C,1566432000000,190490649,2,0,2,0,Personal Injury,JEFFERSON,NON-CITY OR UNINCORPORATED,C,2,2,0,200,0.04,B ,S ,MO 21,ERM SOUTH MO 21 MILE 1840,Daylight,Motor Vehicle in Transport,1,63,Thu     ,0,0,0,0,1,0,0,0,0,0,0,0,0,0,0,1,0,0,0,0,0,0,0,0,0,38.4487,-90.44387,0,08/22/2019,17:45:00,VEHICLE 1 WAS TRAVELING IN THE RIGHT LANE.  VEHICLE 2 WAS TRAVELING IN THE LEFT LANE. VEHICLE 2 BEGAN SLIDING AND TRAVELED INTO THE RIGHT LANE. THE FRONT RIGHT OF VEHICLE 2 STRUCK THE LEFT SIDE OF VEHICLE 1.
1232963,3190022623,Missouri State Highway Patrol-Troop C,1566432000000,190490747,1,0,1,0,Personal Injury,JEFFERSON,NON-CITY OR UNINCORPORATED,C,1,1,0,200,0.04,A ,N,MO 141,CRD 13 ST,Daylight,Fixed Object,2,,Thu     ,0,0,0,0,1,0,0,1,0,1,0,0,0,0,0,1,0,0,1,0,0,0,0,0,0,38.48511,-90.44393,0,08/22/2019,18:30:00,VEHICLE 1 SLID OFF THE RIGHT SIDE OF ROADWAY AND STRUCK A ROCK BLUFF.
1216544,3190022417,Missouri State Highway Patrol-Troop C,1566432000000,190490786,2,0,2,0,Personal Injury,FRANKLIN,NON-CITY OR UNINCORPORATED,C,1,1,0,3168,0.6,B ,N,MO 185,CRD SLEEPY HOLLOW ROAD,Daylight,Overturn,2,,Thu     ,0,0,0,0,1,0,0,0,0,0,0,0,0,0,0,1,0,0,0,0,0,0,0,0,0,38.20959,-91.08179,0,08/22/2019,18:35:00,VEHICLE 1 WAS TRAVELING NORTHBOUND ON MISSOURI 185. DRIVER 1 WAS TRAVELING TOO FAST FOR CONDITIONS. VEHICLE 1 SLID OFF THE RIGHT SIDE OF THE ROADWAY AND OVERTURNED.