objectid,accident,agency,inv_date,complaint,injured,killed,min_inj,dis_inj,severity,county,city,troop,no_vehicle,motor_veh,left_scene,dist_feet,dist_mile,inter_loc,direction,on_street,at_street,light_cond,acc_type,on_off_rd,two_veh,day_week,dr_drink,dr_drug,ped_drink,ped_drug,speed,dr_under21,dr_under25,dr_over55,dr_over64,electrical,emer_veh,stop_sign,yield_sign,czone,hazmat,aggressive,cell_phone,texting,veh_defect,school_bus,truck,motorcycle,atv,pickup,cmv,gps_lat,gps_long,severity_fatal,acc_date,acc_time,narrative
863611,3190022641,Missouri State Highway Patrol-Troop A,1566432000000,190490812,1,0,1,0,Personal Injury,JOHNSON,NON-CITY OR UNINCORPORATED,A,2,2,0,0,0,AT,N,BU 13,RT BB,Daylight,Motor Vehicle in Transport,1,64,Thu     ,0,0,0,0,0,0,0,1,0,0,0,1,0,0,0,1,0,0,0,0,0,0,0,0,0,38.73455,-93.7323,0,08/22/2019,19:06:00,CRASH OCCURRED AS VEHICLE2 TRAVELED INTO THE PATH OF VEHICLE1 CAUSING VEHICLES TO COLLIDE. ASSISTED BY CPL. S.S. GATES (552) AND TPR. A.J. FOSS (820).
1501953,3190023250,Missouri State Highway Patrol-Troop H,1566432000000,190491013,0,1,0,0,Fatal,ANDREW,NON-CITY OR UNINCORPORATED,H,1,1,0,350,0.07,A ,S ,IS 29,ERM SOUTH IS 29 MILE 512,Dark-Unlighted,Pedestrian,1,,Thu     ,0,0,1,1,0,0,0,1,1,0,0,0,0,0,0,0,0,0,0,0,0,0,0,0,1,39.82197,-94.80552,1,08/22/2019,21:18:00,"FATALITY REPORT- NEXT OF KIN NOTIFIED - CRASH OCCURRED AS VEH 1 WAS SOUTHBOUND IN THE DRIVING LANE OF I-29, AND PED 1 WAS WALKING SOUTHBOUND IN THE DRIVING LANE OF I-29. VEH 1 STRUCK PED 1 WITH ITS FRONT PASSENGER FENDER. VEH 1 CAME TO A CONTROLLED STOP JUST SOUTH OF THE CRASH SCENE. PED 1 WAS PRONOUNCED DECEASED ON 8/22/2019 AT 2130 HOURS BY ANDREW COUNTY CORONER DOUG JOHNSON. ASSISTED BY CHIEF CVO M.A. MCCARTNEY (W003), SGT. H.A. SEARS (1200), CPL. R.P. DUDECK (516), CPL. S.J. COOL (546), TPR. R.A. ALLEE (465), ANDREW COUNTY SHERIFF'S OFFICE, AND BUCHANAN COUNTY SHERIFF'S OFFICE."
1031068,3190022247,Missouri State Highway Patrol-Troop I,1566432000000,190491089,1,0,1,0,Personal Injury,PULASKI,NON-CITY OR UNINCORPORATED,I,1,1,0,1900,0.36,B ,N,MO 17,CRD BUFORD LANE,Dark-Unlighted,Fixed Object,2,,Thu     ,0,0,0,0,0,0,0,0,0,0,0,0,0,0,0,0,0,0,1,0,0,0,0,0,0,37.8634,-92.24901,0,08/22/2019,22:04:00,"VEHICLE 1 WAS TRAVELING SOUTHBOUND WHEN IT EXPERIENCED A MECHANICAL DEFECT, CAUSING IT TO CROSS THE CENTER OF THE ROADWAY AND STRIKE A CULVERT.  IT OVERTURNED BEFORE COMING TO REST."
1287939,3190022348,Missouri State Highway Patrol-Troop C,1566518400000,190491174,1,0,1,0,Personal Injury,PIKE,NON-CITY OR UNINCORPORATED,C,1,1,0,2640,0.5,A ,S ,RT O,MO 161,Dark-Unlighted,Fixed Object,2,,Thu     ,0,0,0,0,0,0,1,0,0,0,0,0,0,0,0,0,0,0,0,0,1,0,0,1,0,39.18011,-91.27848,0,08/22/2019,23:25:00,VEHICLE 1 TRAVELED OFF THE RIGHT SIDE OF THE ROADWAY.
1232961,3190022444,Missouri State Highway Patrol-Troop C,1566518400000,190491285,1,0,1,0,Personal Injury,JEFFERSON,NON-CITY OR UNINCORPORATED,C,1,1,0,237,0.04,B ,S ,IS 55,ERM SOUTH IS 55 MILE 1860,Dark-Unlighted,Fixed Object,2,,Fri     ,0,0,0,0,0,0,0,0,0,0,0,0,0,0,0,0,0,0,0,0,0,0,0,0,0,38.3604,-90.38881,0,08/23/2019,04:00:00,VEHICLE 1 TRAVELED OFF THE LEFT SIDE OF THE ROADWAY AND STRUCK THE CONCRETE MEDIAN AFTER DRIVER 1 FELL ASLEEP.
1232962,3190022779,Missouri State Highway Patrol-Troop C,1566518400000,190491304,1,0,1,0,Personal Injury,JEFFERSON,NON-CITY OR UNINCORPORATED,C,1,1,0,3168,0.6,A ,N,MO 21,CRD BRITTON RD NJ,Dark-Unlighted,Fixed Object,2,,Fri     ,0,0,0,0,1,0,0,0,0,0,0,0,0,0,0,1,0,0,0,0,1,0,0,1,0,38.08387,-90.63336,0,08/23/2019,04:50:00,DRIVER 1 FAILED TO NEGOTIATE A CURVE CAUSING VEHICLE 1 TO TRAVEL OFF THE RIGHT SIDE OF THE ROADWAY AND STRIKE A DITCH.  ASSISTED BY TPR D A CROWELL (414)
817337,3190022266,Missouri State Highway Patrol-Troop A,1566518400000,190491339,1,0,1,0,Personal Injury,CLAY,LIBERTY,A,2,2,0,21,0,A ,S ,IS 35,ERM SOUTH IS 35 MILE 184,Daylight,Motor Vehicle in Transport,1,61,Fri     ,0,0,0,0,0,0,0,1,0,0,0,0,0,0,0,1,0,0,0,0,0,1,0,0,0,39.26964,-94.437,0,08/23/2019,06:23:00,CRASH OCCURRED AS VEHICLE 2 FOR TRAFFIC CONGESTION AND WAS STRUCK IN THE REAR BY VEHICLE 1.  ASSISTED BY CPL B E THOMAN /1256/ AND CLAY COUNTY DEPUTIES.
918170,3190022839,Missouri State Highway Patrol-Troop D,1566518400000,190491351,1,0,0,1,Personal Injury,JASPER,NON-CITY OR UNINCORPORATED,D,2,2,0,396,0.07,A ,E ,IS 44,ERM EAST IS 44 MILE 272,Dark-Unlighted,Motor Vehicle in Transport,1,64,Fri     ,0,0,0,0,0,0,0,1,0,0,0,0,0,0,0,0,0,0,0,0,0,0,0,0,1,37.07927,-94.15332,0,08/23/2019,06:12:00,"CRASH OCCURRED AS VEHICLE 1 STRUCK VEHICLE 2, CAUSING VEHICLE 2 TO OVERTURN."
904047,3190022150,Missouri State Highway Patrol-Troop D,1566518400000,190491391,2,0,2,0,Personal Injury,CHRISTIAN,NON-CITY OR UNINCORPORATED,D,2,2,0,554,0.1,A ,S ,MO 125,CRD THORNBROOKE DR,Daylight,Motor Vehicle in Transport,1,60,Fri     ,0,0,0,0,1,0,0,1,0,0,0,0,0,0,0,1,0,0,0,0,0,0,0,0,0,37.05796,-93.12141,0,08/23/2019,06:55:00,CRASH OCCURRED AS VEH #1 LOST CONTROL ON WET PAVEMENT SLID ACROSS CENTER AND STRUCK VEH #2 HEAD ON
867905,3190023002,Missouri State Highway Patrol-Troop A,1566518400000,190491455,1,0,1,0,Personal Injury,JACKSON,LAKE LOTAWANA,A,2,2,0,4752,0.9,B ,W ,US 50,RP 1056170,Daylight,Motor Vehicle in Transport,1,61,Fri     ,0,0,0,0,0,1,1,1,0,0,0,0,0,0,0,0,0,0,0,0,0,0,0,0,0,38.89998,-94.29808,0,08/23/2019,07:30:00,CRASH OCCURRED AS VEHICLE 1 STOPPED IN THE NUMBER 1 LANE AND WAS STRUCK IN THE REAR BY VEHICLE 2.  ASSISTED BY LAKE LOTAWANA POLICE.
1249813,3190022825,Missouri State Highway Patrol-Troop C,1566518400000,190491531,2,0,2,0,Personal Injury,STE. GENEVIEVE,NON-CITY OR UNINCORPORATED,C,1,1,0,2032,0.38,A ,E ,RT C,BRIDGE T0201,Daylight,Fixed Object,2,,Fri     ,0,0,0,0,0,0,0,0,0,0,0,0,0,0,0,1,0,0,0,0,0,0,0,0,0,37.87828,-90.23613,0,08/23/2019,08:10:00,VEHICLE 1 RAN OFF THE RIGHT SIDE OF THE ROADWAY AND STRUCK A EMBANKMENT.
1249811,3190022470,Missouri State Highway Patrol-Troop C,1566518400000,190491827,1,0,1,0,Personal Injury,STE. GENEVIEVE,NON-CITY OR UNINCORPORATED,C,1,1,0,4752,0.9,B ,E ,RT C,CRD SAW MILL ROAD,Daylight,Fixed Object,2,,Fri     ,0,0,0,0,1,1,1,0,0,0,0,0,0,0,0,1,0,0,0,0,0,0,0,0,0,37.88533,-90.26276,0,08/23/2019,10:35:00,"VEHICLE 1 CROSSED THE CENTER OF THE ROADWAY, TRAVELED OFF THE LEFT SIDE, AND STRUCK AN EMBANKMENT."
904046,3190024657,Missouri State Highway Patrol-Troop D,1566518400000,190491844,1,1,0,1,Fatal,CHRISTIAN,NON-CITY OR UNINCORPORATED,D,2,2,0,1895,0.36,B ,S ,CRD GREGG RD,CRD W RIVERDALE DR,Daylight,Motor Vehicle in Transport,1,64,Fri     ,0,0,0,0,1,0,0,0,0,0,0,0,0,0,0,1,0,0,0,0,0,0,0,0,0,36.98507,-93.32471,1,08/23/2019,10:35:00,"FATALITY REPORT - NEXT OF KIN HAS BEEN NOTIFIED - THIS IS THE 71ST FATALITY ACCIDENT FOR TROOP D IN 2019 - #1 WAS SOUTHBOUND AND RAN OFF THE RIGHT SIDE OF THE ROAD, OVERCORRECTED AND SLID INTO THE PATH OF #2.  #1 WAS STRUCK IN THE RIGHT SIDE BY #2 IN THE NORTHBOUND LANE.  THE DECEASED WAS PRONOUNCED BY DR. ALEXANDER AT COX SOUTH HOSPITAL IN SPRINGFIELD MO AT 11:20AM ON 08/23/2019.  AS REQUIRED BY LAW THE SURVIVING DRIVER TESTED FOR ALCOHOL."
1211893,3190022653,Missouri State Highway Patrol-Troop F,1566518400000,190491855,1,0,0,1,Personal Injury,COLE,NON-CITY OR UNINCORPORATED,F,1,1,0,153,0.03,A ,W ,RT C,RT D,Daylight,Overturn,1,,Fri     ,0,0,0,0,1,0,0,0,0,0,0,0,0,1,0,1,0,0,0,0,0,1,0,0,0,38.51939,-92.36554,0,08/23/2019,10:45:00,CRASH OCCURRED AS DRIVER 1 ATTEMPTED TO SLOW FOR STOPPED TRAFFIC AND VEHICLE 1 BEGAN SKIDDING. VEHICLE 1 CROSSED THE CENTER OF THE ROADWAY AND OVERTURNED OFF THE LEFT SIDE OF THE ROADWAY EJECTING DRIVER 1. ASSISTED BY TPR. R.R. DOWD (932) AND THE COLE COUNTY SHERIFFS DEPARTMENT
995475,3190022135,Missouri State Highway Patrol-Troop D,1566518400000,190491921,1,0,1,0,Personal Injury,STONE,NON-CITY OR UNINCORPORATED,D,1,1,0,543,0.1,A ,S ,MO 465,MO 76 NJ,Daylight,Fixed Object,2,,Fri     ,0,0,0,0,1,0,0,0,0,0,0,0,0,0,0,1,0,0,0,0,0,0,0,0,0,36.67412,-93.31829,0,08/23/2019,11:12:00,DRIVER LOST CONTROL OF VEHICLE AND WENT OFF THE RIGHT SIDE OF THE ROADWAY STRIKING A ROAD SIGN.
828200,3190023279,Missouri State Highway Patrol-Troop A,1566950400000,190492390,4,0,3,1,Personal Injury,CLAY,NORTH KANSAS CITY,A,2,2,0,0,0,AT,W ,MO 210,CST VERNON,Daylight,Motor Vehicle in Transport,1,64,Wed     ,0,0,0,0,0,0,0,0,0,1,1,0,0,0,0,1,0,0,0,0,1,0,0,0,1,39.14569,-94.55668,0,08/28/2019,15:49:00,CRASH OCCURRED AS VEH1 PULLED OUT IN FRONT OF VEH2. ASSISTED BY MSGT. B. A. KUMPF /994/ AND NORTH KANSAS CITY POLICE
800199,3190022312,Missouri State Highway Patrol-Troop A,1566518400000,190492438,3,0,3,0,Personal Injury,SALINE,NON-CITY OR UNINCORPORATED,A,2,2,0,456,0.09,A ,W ,IS 70,ERM WEST IS 70 MILE 828,Daylight,Motor Vehicle in Transport,1,61,Fri     ,0,0,0,0,1,0,1,0,0,0,0,0,0,0,0,1,0,0,0,0,0,0,0,0,0,38.95534,-93.12105,0,08/23/2019,15:11:00,"CRASH OCCURRED AS VEHICLE 1 AND 2 ARE WESTBOUND ON I70. TRAFFIC SLOWS DUE TO CONGESTION. VEHICLE 2 STARTED TO SLOW, VEHICLE 1 DID NOT AND OVERTOOK AND STRUCK THE REAR OF VEHICLE 2. ASSISTED BY MSGT C E UTTERBACK /688/,  CPL L R DANCY /1362/, AND TPR N A PEREZ /1426/."
1133433,3190022833,Missouri State Highway Patrol-Troop E,1566518400000,190492506,1,0,1,0,Personal Injury,RIPLEY,NON-CITY OR UNINCORPORATED,E,1,1,0,283,0.05,B ,E ,MO 142,CRD 142E-6,Daylight,Fixed Object,2,,Fri     ,0,1,0,0,0,0,0,1,0,0,0,0,0,0,0,1,0,0,0,0,1,0,0,1,0,36.5952,-90.8161,0,08/23/2019,15:40:00,CRASH OCCURRED AS VEHICLE ONE TRAVELED OFF THE RIGHT SIDE OF THE ROADWAY AND STRUCK A TREE
1287940,3190022528,Missouri State Highway Patrol-Troop C,1566518400000,190492550,1,0,1,0,Personal Injury,PIKE,NON-CITY OR UNINCORPORATED,C,1,1,0,644,0.12,B ,S ,EOR 61,BRIDGE F0604,Daylight,Fixed Object,2,,Fri     ,0,0,0,0,0,1,1,0,0,0,0,0,0,0,0,0,0,0,0,0,0,0,0,0,0,39.48183,-91.30592,0,08/23/2019,15:24:00,VEHICLE 1 TRAVELED OFF THE RIGHT SIDE OF THE ROADWAY.  VEHICLE  1 RETURNED TO THE ROADWAY AND DRIVER 1 OVERCORRECTED.  VEHICLE 1 TRAVELED OFF THE LEFT SIDE OF THE ROADWAY AND STRUCK A TREE.
1198754,3190022659,Missouri State Highway Patrol-Troop F,1566518400000,190492643,4,0,4,0,Personal Injury,CAMDEN,NON-CITY OR UNINCORPORATED,F,2,2,0,21,0,B ,E ,CRD S BUSINESS RT 5,CRD NEW WOODBRIDGE RD,Daylight,Motor Vehicle in Transport,1,64,Fri     ,0,0,0,0,0,0,0,0,0,0,0,0,0,0,0,1,0,0,0,0,0,0,0,0,0,37.99284,-92.71671,0,08/23/2019,16:38:00,"OCCURRED AS VEHICLE 1 CROSSED THE CENTER LINE AND STRUCK VEHICLE 2 IN THE DRIVERS DOOR. VEHICLE 2 TRAVELED OFF THE RIGHT SIDE OF THE ROADWAY STRIKING A ROAD SIGN. ASSISTED BY TPR M. R. LAWSON (831), TPR M. P. ACORD (170), RANGER T. ROBY (R12), AND RANGER K. N. ROBERTSON (R28)"
1159293,3190023007,Missouri State Highway Patrol-Troop E,1566518400000,190492792,1,0,1,0,Personal Injury,PERRY,NON-CITY OR UNINCORPORATED,C,1,1,0,205,0.04,A ,S ,US 61,BRIDGE B0519,Daylight,Fixed Object,2,,Fri     ,0,0,0,0,1,1,1,0,0,0,0,0,0,0,0,1,0,0,0,0,0,0,0,0,0,37.59663,-89.71415,0,08/23/2019,17:25:00,"CRASH OCCURRED AS SOUTHBOUND VEHICLE 1 RAN OFF RIGHT SIDE OF ROADWAY, STRUCK A BRIDGE AND OVERTURNED."
1336206,3190022668,Missouri State Highway Patrol-Troop G,1566518400000,190492831,1,0,1,0,Personal Injury,DOUGLAS,NON-CITY OR UNINCORPORATED,G,1,1,0,4224,0.8,B ,E ,MO 14,BRIDGE J0748,Daylight,Fixed Object,2,,Fri     ,0,0,0,0,0,1,1,0,0,0,0,0,0,0,0,1,0,0,0,0,0,0,0,0,0,36.818,-92.15931,0,08/23/2019,17:41:00,ACCIDENT OCCURRED AS VEHICLE TRAVELED OFF THE ROADWAY AND STRUCK AN EMBANKMENT
1035924,3190023139,Missouri State Highway Patrol-Troop I,1566518400000,190492915,1,0,1,0,Personal Injury,PHELPS,NON-CITY OR UNINCORPORATED,I,1,1,0,802,0.15,A ,E ,RT CC,CRD 7080 EJ,Daylight,Fixed Object,2,,Fri     ,0,0,0,0,1,0,1,0,0,0,0,0,0,0,0,1,0,0,0,0,0,0,0,0,0,37.91481,-91.80667,0,08/23/2019,18:07:00,"OCCURRED AS DRIVER 1 TRAVELING AT A HIGH RATE OF SPEED TRAVELED OFF LEFT SIDE OF ROAD, STRUCK THE DITCH AND OVERTURNED SEVERAL TIMES."
959689,3190022325,Missouri State Highway Patrol-Troop D,1566518400000,190493000,3,0,2,1,Personal Injury,TANEY,NON-CITY OR UNINCORPORATED,D,3,3,0,295,0.06,B ,S ,US 65,ERM SOUTH US 65 MILE 146,Daylight,Motor Vehicle in Transport,1,61,Fri     ,0,1,0,0,0,0,1,1,1,0,0,0,0,0,0,1,0,0,0,0,0,0,0,0,0,36.69004,-93.22112,0,08/23/2019,18:43:00,#1 STRUCK #2 IN THE REAR CAUSING #2 TO STRIKE #3 IN THE REAR.
1334551,3190023015,Missouri State Highway Patrol-Troop G,1566518400000,190493396,2,0,2,0,Personal Injury,WRIGHT,NON-CITY OR UNINCORPORATED,G,2,2,0,195,0.04,A ,W ,US 60,CRD LEADHILL DRIVE,Dark-Unlighted,Motor Vehicle in Transport,1,61,Fri     ,0,0,0,0,0,0,0,1,1,0,0,0,1,0,0,1,0,0,0,0,0,0,0,0,0,37.11118,-92.63925,0,08/23/2019,21:30:00,"ACCIDENT OCCURRED AS VEHICLE #2 PULLED INTO VEHICLE #1, STRIKING VEHICLE #1 IN THE REAR"
800198,3190022975,Missouri State Highway Patrol-Troop A,1566518400000,190493407,3,0,3,0,Personal Injury,SALINE,NON-CITY OR UNINCORPORATED,A,2,2,0,144,0.03,A ,E ,IS 70,ERM EAST IS 70 MILE 770,Dark-Unlighted,Fixed Object,2,,Fri     ,0,0,0,0,0,0,0,1,1,0,0,0,0,0,0,1,0,0,0,0,0,0,0,0,0,38.96802,-93.22752,0,08/23/2019,21:30:00,"VEHICLE 1 WAS EASTBOUND ON I-70 WHEN IT TRAVELED OFF THE RIGHT SIDE OF THE ROAD AND STRUCK THE GUARDRAIL, VEHICLE 1 TRAVELED BACK ONTO THE ROADWAY AND STRUCK VEHICLE 2.  ASSISTED BY TPR. T. A. HARTSHORN /656/ AND TPR B. A. OWENS /1423/"
1023734,3190022410,Missouri State Highway Patrol-Troop D,1566518400000,190493494,1,0,1,0,Personal Injury,TANEY,HOLLISTER,D,1,1,0,52,0.01,A ,N,BU 65,CST BRANSON LANDING BLVD SJ,Dark-Lighted,Fixed Object,2,,Fri     ,0,0,0,0,1,0,0,0,0,0,1,0,1,0,0,1,0,0,0,0,0,0,0,0,0,36.63459,-93.21328,0,08/23/2019,22:02:00,"VEHICLE 1 FAILED TO NEGOTIATE A CURVE, STRUCK THE CENTER DIVIDER AND AN EMBANKMENT"
918169,3190023136,Missouri State Highway Patrol-Troop D,1566518400000,190493557,1,1,0,1,Fatal,JASPER,NON-CITY OR UNINCORPORATED,D,1,1,0,292,0.06,B ,S ,IS 49,ERM SOUTH IS 49 MILE 606,Dark-Unlighted,Overturn,2,,Fri     ,0,0,0,0,0,0,0,0,0,0,0,0,0,0,0,1,0,0,0,0,0,1,0,0,0,37.26059,-94.30539,1,08/23/2019,22:20:00,"FATALITY REPORT - NEXT OF KIN NOTIFIED - THIS IS TROOP D'S 9TH FATALITY CRASH FOR AUGUST AND 72ND FATALITY CRASH IN 2019. CRASH OCCURRED AS THE VEHICLE TRAVELED OFF THE RIGHT SIDE OF THE ROADWAY AND OVERTURNED, EJECTING BOTH OCCUPANTS. DRIVER #1 WAS PRONOUNCED DECEASED AT THE SCENE AT 2239 HOURS ON  8-23-2019 BY JASPER COUNTY DEPUTY CORONER KEITH LANCASTER. ASSISTED BY SGT. B. D. HELMS #635 AND TPR. J. L. CLEETON #337."
1318287,3190023104,Missouri State Highway Patrol-Troop G,1566604800000,190493798,1,0,0,1,Personal Injury,OZARK,NON-CITY OR UNINCORPORATED,G,1,1,0,3695,0.7,B ,N,CRD 517,CRD 521,Dark-Unlighted,Fixed Object,2,,Fri     ,0,0,0,0,1,0,0,0,0,0,0,0,0,0,0,1,0,0,0,0,0,0,0,0,0,36.57485,-92.36771,0,08/23/2019,23:55:00,ACCIDENT OCCURRED AS VEHICLE SWERVED TO AVOID AN ANIMAL IN ROADWAY AND STRUCK AN EMBANKMENT.
1232968,3190023141,Missouri State Highway Patrol-Troop C,1566604800000,190493802,1,0,1,0,Personal Injury,JEFFERSON,NON-CITY OR UNINCORPORATED,C,1,1,0,42,0.01,A ,N,CRD OLD HWY 21,CRD LIONS DEN RD,Dark-Unlighted,Overturn,2,,Sat     ,1,0,0,0,1,0,0,0,0,0,0,0,0,0,0,1,0,0,0,0,1,0,0,1,0,38.43012,-90.46352,0,08/24/2019,00:03:00,VEHICLE 1 TRAVELED OFF THE RIGHT SIDE OF THE ROADWAY AND OVERTURNED. ASSISTED BY CPL. C. D. GULLETT (333) AND TPR T. H. ELLISTON (763).
971977,3190022617,Missouri State Highway Patrol-Troop D,1566604800000,190493965,1,0,1,0,Personal Injury,CEDAR,NON-CITY OR UNINCORPORATED,D,1,1,0,47,0.01,A ,S ,MO 97,RT C,Dark-Unlighted,Fixed Object,2,,Sat     ,0,0,0,0,0,1,1,0,0,0,0,0,0,0,0,0,0,0,0,0,0,0,0,0,0,37.62514,-94.03228,0,08/24/2019,00:30:00,"VEHICLE 1 RAN OFF THE ROADWAY, STRUCK A DITCH AND OVERTURNED SEVERAL TIMES."
1189814,3190022844,Missouri State Highway Patrol-Troop B,1566604800000,190493968,1,0,1,0,Personal Injury,LINN,NON-CITY OR UNINCORPORATED,B,1,1,0,324,0.06,B ,N,MO 5,BRIDGE J0189,Dark-Unlighted,Fixed Object,2,,Sat     ,0,0,0,0,0,1,1,0,0,0,0,0,0,0,0,1,0,0,0,0,0,0,0,0,0,39.99138,-93.18408,0,08/24/2019,01:30:00,VEHICLE 1 RAN OFF THE RIGHT SIDE OF THE ROADWAY AND STRUCK A GUARDRAIL.  VEHICLE 1 THEN RETURNED TO THE ROADWAY AND RAN OFF THE LEFT SIDE OF THE ROADWAY STRIKING ANOTHER GUARDRAIL.  VEHICLE 1 CAME TO REST UPRIGHT.  ASSISTED BY THE LINN COUNTY SHERIFF'S DEPARTMENT.
925603,3190022686,Missouri State Highway Patrol-Troop D,1566604800000,190494039,2,0,2,0,Personal Injury,MCDONALD,NON-CITY OR UNINCORPORATED,D,1,1,0,1525,0.29,B ,W ,CRD FAIRVIEW RD,CRD PLAINVIEW,Dark-Unlighted,Fixed Object,2,,Sat     ,0,0,0,0,1,1,1,0,0,0,0,0,0,0,0,1,0,0,0,0,1,0,0,1,0,36.63745,-94.27528,0,08/24/2019,04:00:00,OCCURRED AS VEHICLE 1 RAN OFF LEFT SIDE OF ROADWAY AND STRUCK A TREE.
898145,3190022340,Missouri State Highway Patrol-Troop D,1566604800000,190494040,1,0,1,0,Personal Injury,GREENE,NON-CITY OR UNINCORPORATED,D,1,1,0,332,0.06,B ,W ,US 60,CRD 189,Dark-Unlighted,Fixed Object,2,,Sat     ,0,0,0,0,0,0,0,0,0,0,0,0,0,0,0,0,0,0,0,0,0,0,0,0,0,37.12101,-93.20778,0,08/24/2019,04:00:00,"CRASH OCCURRED AS VEH 1 TRAVELD OFF THE LEFT SIDE OF THE ROADWAY INTO MEDIAN, STRUCK EDGE OF CROSSOVER, WENT AIRBORNE AND OVERTURNED ON ITS SIDE."
793185,3190022816,Missouri State Highway Patrol-Troop A,1566604800000,190494059,1,0,1,0,Personal Injury,CASS,NON-CITY OR UNINCORPORATED,A,1,1,0,120,0.02,B ,S ,IS 49,ERM SOUTH IS 49 MILE 1524,Dark-Unlighted,Fixed Object,2,,Sat     ,1,1,0,0,0,0,0,0,0,0,0,0,0,0,0,1,0,0,0,0,0,0,0,0,0,38.54768,-94.35177,0,08/24/2019,05:20:00,"CRASH OCCURRED AS VEH 1 TRAVELED OFF RIGHT SIDE OF ROADWAY, LEFT THE ROADWAY AND STRUCK A ROAD SIGN . DRIVER WAS FOUND TO BE INTOXICATED AND TRANSPORTED WITHOUT INCIDENT.  ASSISTED BY CASS COUNTY SHERIFF'S DEPARTMENT"
1206162,3190022701,Missouri State Highway Patrol-Troop F,1566604800000,190494060,1,0,1,0,Personal Injury,MILLER,NON-CITY OR UNINCORPORATED,F,1,1,0,1114,0.21,A ,N,RT W,PVT KRISTY RD,Dark-Unlighted,Fixed Object,2,,Sat     ,1,0,0,0,0,0,0,0,0,0,0,0,0,0,0,1,0,0,0,0,0,0,0,0,0,38.25215,-92.6706,0,08/24/2019,05:25:00,"OCCURRED AS VEHICLE 1 TRAVELED OFF THE RIGHT SIDE OF THE ROADWAY,  OVERCORRECTED, RETURNED TO THE ROADWAY, RAN OFF LEFT SIDE  OF THE ROAD, STRUCK A TREE AND A UTILITY POLE."
1222710,3190022772,Missouri State Highway Patrol-Troop C,1566604800000,190494158,1,0,0,1,Personal Injury,ST. LOUIS,PINE LAWN,C,1,1,0,26,0,A ,E ,IS 70,CST JENNINGS STATION RD,Daylight,Fixed Object,2,,Sat     ,0,0,0,0,1,1,1,0,0,0,0,0,0,0,0,1,0,0,0,0,0,0,0,0,0,38.70268,-90.26909,0,08/24/2019,07:30:00,VEHICLE 1 WENT OFF THE RIGHT SIDE OF THE ROADWAY AND STRUCK A GUARDRAIL. ASSISTED BY F.T.O. MSGT. M.E. BRONIEC (598) AND TPR. B.A. COLLINS (197)
1318301,3190022633,Missouri State Highway Patrol-Troop G,1566604800000,190494327,1,0,1,0,Personal Injury,OZARK,NON-CITY OR UNINCORPORATED,G,2,2,0,2592,0.49,A ,E ,CRD 816,CRD 160-829,Daylight,Motor Vehicle in Transport,1,60,Sat     ,0,0,0,0,0,0,0,1,1,0,0,0,0,0,0,0,0,0,0,0,1,0,0,1,0,36.61934,-92.58013,0,08/24/2019,09:20:00,OCCURRED AS VEHICLES STRUCK EACH OTHER IN A CURVE
788035,3190022474,Missouri State Highway Patrol-Troop A,1566604800000,190494397,1,0,1,0,Personal Injury,HENRY,NON-CITY OR UNINCORPORATED,A,1,1,0,422,0.08,B ,N,RT Y,BRIDGE B0245,Daylight,Fixed Object,2,,Sat     ,0,0,0,0,1,1,1,0,0,0,0,0,0,0,0,1,0,0,0,0,1,0,0,1,0,38.48312,-93.53368,0,08/24/2019,10:10:00,"CRASH OCCURRED AS VEH 1 LEFT THE ROADWAY, STRUCK A GUARDRAIL AND CAME TO REST IN ROADWAY.  ASSISTED BY R W ROSENTHAL/930"
800200,3190022561,Missouri State Highway Patrol-Troop A,1566604800000,190494497,3,0,1,2,Personal Injury,SALINE,NON-CITY OR UNINCORPORATED,A,2,2,0,459,0.09,A ,N,CRD LOTUS AVE,RT C,Daylight,Motor Vehicle in Transport,1,60,Sat     ,0,0,0,0,0,0,0,1,1,0,0,0,0,0,0,1,0,0,0,0,1,0,0,0,0,39.30091,-93.11417,0,08/24/2019,10:50:00,"CRASH OCCURRED AS VEH 1 WAS SOUTHBOUND AND IT CROSSED THE CENTER LINE ON A HILLCREST.  VEH 1 THEN STRUCK VEH 2 HEAD-ON CAUSING VEH 1 TO OVERTURN.  ASSISTED  BY CPL N A PEREZ/1426, TPR E P VOLKART/407, SALINE COUNTY SHERIFF'S DEPARTMENT AND SLATER EMS"
904045,3190022406,Missouri State Highway Patrol-Troop D,1566604800000,190494574,4,0,2,2,Personal Injury,CHRISTIAN,NON-CITY OR UNINCORPORATED,D,2,2,0,5,0,B ,E ,US 60,CRD STAIGER,Daylight,Motor Vehicle in Transport,1,64,Sat     ,0,0,0,0,0,1,1,1,1,0,0,1,0,0,0,1,0,0,0,0,1,0,0,1,0,37.01805,-93.60946,0,08/24/2019,11:30:00,VEHICLE #2 PULLED FROM STAIGER ROAD ON TO US 60 INTO THE PATH OF VEHICLE #1.