objectid,accident,agency,inv_date,complaint,injured,killed,min_inj,dis_inj,severity,county,city,troop,no_vehicle,motor_veh,left_scene,dist_feet,dist_mile,inter_loc,direction,on_street,at_street,light_cond,acc_type,on_off_rd,two_veh,day_week,dr_drink,dr_drug,ped_drink,ped_drug,speed,dr_under21,dr_under25,dr_over55,dr_over64,electrical,emer_veh,stop_sign,yield_sign,czone,hazmat,aggressive,cell_phone,texting,veh_defect,school_bus,truck,motorcycle,atv,pickup,cmv,gps_lat,gps_long,severity_fatal,acc_date,acc_time,narrative
1145085,3190022315,Missouri State Highway Patrol-Troop E,1566604800000,190494656,1,0,1,0,Personal Injury,NEW MADRID,NON-CITY OR UNINCORPORATED,E,1,1,0,760,0.14,B ,W ,RT D,CRD 531,Daylight,Fixed Object,2,,Sat     ,0,0,0,0,0,0,0,1,0,0,0,0,0,0,0,0,0,0,0,0,0,0,0,0,0,36.61295,-89.78085,0,08/24/2019,12:15:00,"CRASH OCCURRED AS VEHICLE 1 RAN OFF ROADWAY, OVERCORRECTED AND STRUCK TREE"
822793,3190022352,Missouri State Highway Patrol-Troop A,1566604800000,190494962,1,0,1,0,Personal Injury,BENTON,NON-CITY OR UNINCORPORATED,A,1,1,0,340,0.06,A ,S ,MO 83,CRD MIDDLE BRIDGE AVE,Daylight,Fixed Object,2,,Sat     ,0,0,0,0,0,0,0,1,1,0,0,0,0,0,0,1,0,0,0,0,0,1,0,0,0,38.21274,-93.37122,0,08/24/2019,14:40:00,"THIS CRASH OCCURRED AS DRIVER #1 FAILED TO NEGOTIATE A LEFT HAND CURVE AND THE TIRES OF VEHICLE #1, A MOTORCYCLE, DROPPED OFF THE RIGHT EDGE OF THE ROADWAY. VEHICLE #1 STRUCK A DITCH AND DRIVER #1 WAS EJECTED OVER THE HANDLEBARS AND CAME TO A REST IN THE DITCH, IN FRONT OF VEHICLE #1. VEHICLE #1 CAME TO REST ON ITS RIGHT SIDE, IN THE DITCH, FACING SOUTH. ASSISTED BY WARSAW CITY POLICE DEPARTMENT, BENTON COUNTY'S SHERIFF'S OFFICE, AND WARSAW FIRE DEPARTMENT."
1234382,3190023110,Missouri State Highway Patrol-Troop C,1566604800000,190494967,1,0,1,0,Personal Injury,ST. LOUIS,NON-CITY OR UNINCORPORATED,C,2,2,0,116,0.02,B ,E ,IS 270,ERM EAST IS 270 MILE 300,Daylight,Motor Vehicle in Transport,1,61,Sat     ,0,0,0,0,0,0,1,0,0,0,0,0,0,0,0,1,0,0,0,0,0,0,0,0,0,38.771,-90.27358,0,08/24/2019,14:45:00,VEHICLE 1 WAS TRAVELING IN LANE 1 AND VEHICLE 2 WAS TRAVELING IN LANE 2. A VEHICLE SLOWED QUICKLY IN FRONT OF VEHICLE 2. DRIVER 2 MADE A LANE CHANGE INTO LANE 1. THE FRONT OF VEHICLE 1 STRUCK THE REAR OF VEHICLE 2. VEHICLE 2 THEN STRUCK THE CONCRETE MEDIAN.
1198753,3190022445,Missouri State Highway Patrol-Troop F,1566604800000,190495295,1,0,1,0,Personal Injury,CAMDEN,NON-CITY OR UNINCORPORATED,F,1,1,0,1589,0.3,A ,E ,CRD POSSUM RIDGE,CRD PIER THIRTY ONE RD,Daylight,Fixed Object,2,,Sat     ,1,0,0,0,0,0,0,0,0,0,0,0,0,0,0,0,0,0,0,0,1,0,0,1,0,38.05371,-92.7565,0,08/24/2019,17:00:00,OCCURRED AS VEHICLE 1 TRAVELED OFF THE RIGHT SIDE OF THE ROADWAY AND STRUCK A TREE
1011041,3190022851,Missouri State Highway Patrol-Troop D,1566604800000,190495723,1,0,1,0,Personal Injury,WEBSTER,NON-CITY OR UNINCORPORATED,D,2,2,0,0,0,AT,N,RT K,CRD GOSS CAVE RD,Dark-Unlighted,Motor Vehicle in Transport,1,64,Sat     ,0,0,0,0,0,1,1,0,0,0,0,0,0,0,0,1,0,0,0,0,1,0,0,1,0,37.10571,-92.76257,0,08/24/2019,20:05:00,#2 WAS MAKING A LEFT TURN FROM K HIGHWAY ONTO GOSS CAVE ROAD WITH AN INOPERABLE TURNING SIGNAL.  #1 WAS OVERTAKING #2 AND STRUCK #2 ON THE LEFT SIDE.  #2 TRAVLED OFF THE ROAD AND OVERTURNED.
971978,3190022451,Missouri State Highway Patrol-Troop D,1566604800000,190495856,2,0,2,0,Personal Injury,CEDAR,NON-CITY OR UNINCORPORATED,D,1,1,0,649,0.12,A ,W ,RT N,CRD 2351,Dark-Unlighted,Animal,1,,Sat     ,0,0,0,0,0,0,0,1,1,0,0,0,0,0,0,0,0,0,0,0,0,0,0,0,0,37.79714,-93.64136,0,08/24/2019,21:00:00,ACCIDENT OCCURRED AS VEHICLE #1 STRUCK A DEER THEN TRAVELED OFF THE RIGHT SIDE OF THE ROADWAY AND OVERTURNED.
898138,3190022554,Missouri State Highway Patrol-Troop D,1566604800000,190496211,1,0,1,0,Personal Injury,GREENE,NON-CITY OR UNINCORPORATED,D,1,1,0,126,0.02,A ,E ,RT AD,CRD 241,Dark-Unlighted,Overturn,2,,Sat     ,0,0,0,0,0,0,0,0,0,0,0,0,0,0,0,0,0,0,0,0,0,1,0,0,0,37.19224,-93.09804,0,08/24/2019,23:35:00,VEHICLE RAN OFF THE ROADWAY AND OVERTURNED EJECTING THE DRIVER.
1174583,3190023378,Missouri State Highway Patrol-Troop F,1566691200000,190496232,1,0,0,1,Personal Injury,CALLAWAY,NON-CITY OR UNINCORPORATED,F,1,1,0,1869,0.35,B ,N,RT J,CRD 354,Dark-Unlighted,Fixed Object,2,,Sat     ,0,0,0,0,1,1,1,0,0,0,0,0,0,0,0,1,0,0,0,0,0,0,0,0,0,38.84518,-92.11244,0,08/24/2019,23:50:00,"OCCURRED AS VEHICLE 1 TRAVELED OFF THE RIGHT SIDE OF THE ROADWAY, STRIKING A DITCH AND BECOMING AIRBORNE. UPON LANDING, THE VEHICLE BEGAN ROLLING OVER CAUSING THE DRIVER TO BE EJECTED. ASSISTED BY TPR A. W. LAWMAN (779) AND CPL S. A. BRAZAS (315)"
1505420,3190022813,Missouri State Highway Patrol-Troop H,1566691200000,190496323,1,0,0,1,Personal Injury,LIVINGSTON,NON-CITY OR UNINCORPORATED,H,1,1,0,1826,0.35,B ,W ,CRD 204,CRD 273,Dark-Unlighted,Overturn,2,,Sun     ,1,0,0,0,1,0,1,0,0,0,0,0,0,0,0,1,0,0,0,0,0,0,1,0,0,39.95272,-93.36896,0,08/25/2019,00:17:00,CRASH OCCURRED AS VEH 1 WAS EASTBOUND ON CO RD 204. DRIVER 1 LOST CONTROL ON THE GRAVEL AND TRAVELED OFF THE NORTH SIDE OF THE ROADWAY. VEH 1 OVERTURNED DOWN AN EMBANKMENT AND CAME TO REST ON ITS TOP IN THE DITCH FACING WEST. ASSISTED BY LIVINGSTON COUNTY SHERIFF'S OFFICE AND CHILLICOTHE EMERGENCY SERVICES.
1040531,3190023390,Missouri State Highway Patrol-Troop I,1566691200000,190496329,3,1,0,3,Fatal,CRAWFORD,NON-CITY OR UNINCORPORATED,I,1,1,0,2148,0.41,A ,N,CRD OAK HILL ROAD,CRD BAILEY ROAD,Dark-Unlighted,Overturn,2,,Sun     ,0,0,0,0,1,1,1,0,0,0,0,0,0,0,0,1,0,0,0,0,1,0,0,1,0,38.15694,-91.40031,1,08/25/2019,00:35:00,"***FATAL CRASH*** CRASH OCCURRED AS VEHICLE 1 WAS TRAVELING SOUTH ON OAK HILL ROAD, THE VEHICLE BEGAN SKIDDING, TRAVELING OFF THE LEFT SIDE OF THE ROAD BEFORE OVERTURNING.  THE VEHICLE THEN STRUCK A TREE BEFORE COMING TO REST.  DECEASED WAS PRONOUNCED AT THE SCENE BY CRAWFORD COUNTY CORONER DARREN DAKE AT 0122. ASSISTED BY LT J A BAIR (109), CPL J T PEART (922), CPL J J MCDONALD (693), CRAWFORD COUNTY SHERIFF DEPARTMENT, NORTH CRAWFORD AMBULANCE, CUBA FIRE DEPARTMENT AND BOURBON RURAL FIRE DEPARTMENT.  THIS IS THE 4TH FATAL CRASH FOR TROOP I DURING THE MONTH OF AUGUST AND THE 25TH FOR 2019."
1016065,3190022796,Missouri State Highway Patrol-Troop D,1566691200000,190496517,1,0,1,0,Personal Injury,NEWTON,NON-CITY OR UNINCORPORATED,D,2,2,0,359,0.07,A ,S ,IS 49,ERM SOUTH IS 49 MILE 194,Dark-Unlighted,Motor Vehicle in Transport,1,63,Sun     ,0,1,0,0,0,1,1,0,0,0,0,0,0,0,1,1,0,0,0,0,0,0,0,0,1,36.76695,-94.4255,0,08/25/2019,04:50:00,"VEH #1 WAS OVERTAKINGVEH #2, CROSSED THE CEENTER LINE AND SIDESWIPPED VEH #2.  VEH #1 THEN RAN OFF THE ROADWAY."
1055800,3190023113,Missouri State Highway Patrol-Troop I,1566691200000,190496581,1,0,1,0,Personal Injury,CRAWFORD,BOURBON,I,1,1,0,353,0.07,B ,E ,IS 44,ERM EAST IS 44 MILE 2156,Daylight,Overturn,2,,Sun     ,0,0,0,0,0,0,0,0,0,0,0,0,0,0,0,0,0,0,0,0,0,0,0,0,1,38.13065,-91.3013,0,08/25/2019,07:05:00,"CRASH OCCURRED AS VEHICLE 1 TRAVELED  OFF OF THE  LEFT SIDE OF THE ROADWAY, RETURNED TO ROADWAY AND OVERTURNED ONTO  ITS SIDE. ASSISTED BY MSGT A.B. SWEARINGIN (1168), TPR J.M. VANMETER (1396), TPR C.M. BARCLAY (135)."
1285570,3190024501,Missouri State Highway Patrol-Troop C,1566691200000,190496757,4,0,4,0,Personal Injury,ST. FRANCOIS,NON-CITY OR UNINCORPORATED,C,1,1,0,1584,0.3,A ,N,US 67,CRD CASH LN,Daylight,Fixed Object,2,,Sun     ,0,0,0,0,0,0,0,0,0,0,0,0,0,0,0,0,0,0,0,0,1,0,0,1,0,37.96305,-90.5464,0,08/25/2019,09:34:00,VEHICLE #1 WAS TRAVELING NORTHBOUND AND TRAVELED OFF THE RIGHT SIDE OF THE ROADWAY AND STRUCK A ROCK BLUFF AND A GUARDRAIL THEN OVERTURNED.
1311958,3190022806,Missouri State Highway Patrol-Troop C,1568419200000,190496826,1,0,1,0,Personal Injury,ST. CHARLES,ST PETERS,C,1,1,0,2478,0.47,A ,E ,IS 70,RP 7811 EJ,Daylight,Fixed Object,2,,Sun     ,0,0,0,0,1,1,1,0,0,0,0,0,0,0,0,1,0,0,0,0,0,0,0,0,0,38.79674,-90.57765,0,08/25/2019,10:09:00,VEHICLE #1 WAS TRAVELING EASTBOUND IN LANE #2. DRIVER 1 ATTEMPTED TO MERGE AND LOST CONTROL OF VEHICLE 1. VEHICLE 1 SPUN AND STRUCK THE CONCRETE BARRIER MULTIPLE TIMES. ASSISTED BY CPL. J. R. BREITBACH (790) AND CPL. A. M. COVAL (175).
1216541,3190022709,Missouri State Highway Patrol-Troop C,1566691200000,190497089,5,0,5,0,Personal Injury,FRANKLIN,NON-CITY OR UNINCORPORATED,C,1,1,0,260,0.05,B ,S ,RT N,CRD STONEY CREEK RD,Daylight,Fixed Object,2,,Sun     ,0,0,0,0,1,0,0,0,0,0,0,0,0,0,0,1,0,0,0,0,0,0,0,0,0,38.37412,-90.82018,0,08/25/2019,12:33:00,VEHICLE #1 CROSSED CENTER LINE AND STRUCK A TREE OFF THE LEFT SIDE OF THE ROADWAY.
1182958,3190022992,Missouri State Highway Patrol-Troop F,1566691200000,190497104,1,0,1,0,Personal Injury,OSAGE,NON-CITY OR UNINCORPORATED,F,1,1,0,1980,0.37,B ,W ,CRD 737,CRD 738,Daylight,Fixed Object,2,,Sun     ,1,0,0,0,1,0,0,0,0,0,0,0,0,0,0,1,0,0,0,0,0,0,0,0,0,38.32977,-91.69361,0,08/25/2019,12:30:00,"OCCURRED AS VEHICLE 1 FAILED TO NEGOTIATE A CURVE, TRAVELED OFF THE LEFT EDGE OF THE ROAD AND STRUCK A TREE.  ASSISTED BY OSAGE COUNTY SHERIFF'S DEPARTMENT"
851848,3190022483,Missouri State Highway Patrol-Troop A,1566691200000,190497126,1,0,1,0,Personal Injury,CLAY,RANDOLPH,A,2,2,0,300,0.06,B ,S ,IS 435,ERM SOUTH IS 435 MILE 562,Daylight,Fixed Object,2,,Sun     ,0,0,0,0,0,0,1,0,0,0,0,0,0,0,0,1,0,0,0,0,1,0,0,1,0,39.15279,-94.49819,0,08/25/2019,12:56:00,CRASH OCCURRED AS DRIVER 1 HAD A MEDICAL ISSUE. VEHICLE 1 BEGAN TO SKID AND STRUCK THE CONCRETE BARRIER. VEHICLE 1 CONTINUED TO TRAVEL AND THEN STRUCK VEHICLE 2. ASSISTED BY CPL C O TUBBS /1122/
1301123,3190022803,Missouri State Highway Patrol-Troop C,1566691200000,190497162,2,0,2,0,Personal Injury,ST. CHARLES,NON-CITY OR UNINCORPORATED,C,2,2,0,1620,0.31,B ,W ,RT D,CRD CAPPELN OSAGE RD,Daylight,Motor Vehicle in Transport,1,64,Sun     ,0,0,0,0,1,1,1,1,1,0,0,0,0,0,0,1,0,0,0,0,0,0,0,0,0,38.68529,-90.9336,0,08/25/2019,13:18:00,"VEHICLE #1 WAS TRAVELING WESTBOUND ON ROUTE D . VEHICLE #2 WAS TRAVELING EASTBOUND ON ROUTE D AND BEGAN SKIDDING AND SLIDING, SPUN COUNTERCLOCKWISE INTO THE WESTBOUND LANE OF ROUTE D AND ENDED UP FACING WEST AND VEHICLE #1 HIT VEHICLE #2 REAR END. ASSISTED BY TPR. S. T. BRUENGER (505)"
1148065,3190023046,Missouri State Highway Patrol-Troop E,1566691200000,190497209,1,0,1,0,Personal Injury,STODDARD,NON-CITY OR UNINCORPORATED,E,1,1,0,2207,0.42,A ,S ,CRD 409,CRD 426,Daylight,Fixed Object,2,,Sun     ,0,0,0,0,0,1,1,0,0,0,0,0,0,0,0,0,1,0,0,0,0,0,0,0,0,36.86956,-89.94009,0,08/25/2019,13:37:00,CRASH OCCURRED VEHICLE TRAVELED OFF THE RIGHT SIDE OF THE ROADWAY AND STRUCK A CONCRETE PRIVATE DRIVEWAY.
1232990,3190022906,Missouri State Highway Patrol-Troop C,1566691200000,190497308,3,0,2,1,Personal Injury,JEFFERSON,NON-CITY OR UNINCORPORATED,C,2,2,0,242,0.05,B ,S ,RT V,PVT WARNCKE RD,Daylight,Motor Vehicle in Transport,1,60,Sun     ,0,0,0,0,1,0,0,1,0,0,0,0,0,0,0,1,0,0,0,0,1,0,0,1,0,38.0929,-90.52932,0,08/25/2019,14:30:00,"DRIVER 1 LOST CONTROL OF VEHICLE 1. VEHICLE 1 CROSSED THE CENTER OF THE ROADWAY, AND THE FRONT OF VEHICLE 1 STRUCK THE FRONT OF VEHICLE 2."
1300245,3190023086,Missouri State Highway Patrol-Troop C,1566691200000,190497371,2,0,2,0,Personal Injury,ST. CHARLES,WENTZVILLE,C,3,3,0,311,0.06,B ,W ,IS 70,US 61,Daylight,Motor Vehicle in Transport,1,63,Sun     ,0,0,0,0,1,0,0,0,0,0,0,0,0,0,0,1,0,0,0,0,0,0,0,0,1,38.80658,-90.83496,0,08/25/2019,15:05:00,VEHICLE 2 WAS TRAVELING TOO FAST FOR CONDITIONS IN LANE 2.  DRIVER 2 ATTEMPTED TO MERGE INTO LANE 3 TO EXIT INTERSTATE 70.  VEHICLE 2 STRUCK THE SIDE OF VEHICLE 1.  VEHICLE 2 THEN CONTINUED AND STRUCK THE TRAILER OF VEHICLE 3.
1130901,3190022369,Missouri State Highway Patrol-Troop E,1566691200000,190497475,1,0,1,0,Personal Injury,CAPE GIRARDEAU,NON-CITY OR UNINCORPORATED,E,1,1,0,908,0.17,B ,W ,CRD 371,PVT SHADY CREEK LN,Daylight,Fixed Object,2,,Sun     ,0,0,0,0,1,1,1,0,0,0,0,0,0,0,0,1,0,0,0,0,1,0,0,1,0,37.34225,-89.85638,0,08/25/2019,15:50:00,CRASH OCCURRED VEHICLE ONE TRAVELED OFF THE RIGHT SIDE OF THE ROADWAY AND STRUCK A TREE.
800202,3190023201,Missouri State Highway Patrol-Troop A,1566691200000,190497560,2,0,1,1,Personal Injury,SALINE,NON-CITY OR UNINCORPORATED,A,2,2,0,0,0,AT,S ,US 65,RT H,Daylight,Motor Vehicle in Transport,1,64,Sun     ,1,0,0,0,0,0,0,0,0,0,0,0,0,0,0,0,0,0,0,0,0,0,0,0,0,39.03873,-93.19523,0,08/25/2019,14:50:00,"THIS CRASH OCCURRED AS VEHICLE 1 STOPPED IN THE ROADWAY, REVERSED, AND TURNED LEFT INTO THE PATH OF VEHICLE 2. ASSISTED BY MSGT A. V. DILLON /990/, SALINE COUNTY SHERIFF'S DEPARTMENT. SALINE COUNTY EMS, AND MARSHALL FIRE DEPARTMENT."
1202017,3190022446,Missouri State Highway Patrol-Troop F,1566691200000,190497737,1,0,0,1,Personal Injury,CAMDEN,NON-CITY OR UNINCORPORATED,F,1,1,0,300,0.06,,,PP 201 DRY RIDGE RD,NORTH OF DRY RIDGE RD,Daylight,Pedestrian,2,,Sun     ,0,0,0,0,0,0,0,1,0,0,0,0,0,0,0,0,0,0,0,0,1,0,0,1,0,37.98483,-92.7333,0,08/25/2019,18:45:00,"OCCURRED AS VEHICLE 1 PULLED INTO DRIVEWAY, AS DRIVER 1 BEGAN TO BACK VEHICLE 1 UP THE RIGHT REAR TIRE OF VEHICLE 1 TRAVELED OVER PEDESTRIAN 1.  ASSISTED BY TPR. W. R. PLUMLEY (1294) AND CAMDEN COUNTY SHERIFF'S DEPARTMENT"
800201,3190022977,Missouri State Highway Patrol-Troop A,1566691200000,190497761,1,0,1,0,Personal Injury,SALINE,NON-CITY OR UNINCORPORATED,A,1,1,0,897,0.17,B ,N,US 65,CRD MOUNT OLIVE,Daylight,Fixed Object,2,,Sun     ,0,0,0,0,1,0,0,0,0,0,0,0,0,0,0,1,0,0,0,0,0,0,0,0,0,39.05469,-93.1943,0,08/25/2019,18:50:00,"VEHICLE #1 SLID OFF THE LEFT SIDE OF ROADWAY, DOWN INTO AN EMBANKMENT, AND STRUCK A DITCH."
1205135,3190022770,Missouri State Highway Patrol-Troop F,1566691200000,190497767,1,0,1,0,Personal Injury,COOPER,NON-CITY OR UNINCORPORATED,F,1,1,0,95,0.02,B ,W ,IS 70,ERM WEST IS 70 MILE 886,Daylight,Fixed Object,2,,Sun     ,0,0,0,0,1,0,1,0,0,0,0,0,0,0,0,1,0,0,0,0,0,0,0,0,0,38.94831,-93.01592,0,08/25/2019,19:00:00,THE CRASH OCCURRED AS DRIVER ONE LOST CONTROL OF THE VEHICLE DUE TO WATER ON THE ROAD.  VEHICLE ONE RAN INTO THE MEDIAN AND IMPACTED THE MEDIAN CABLE.
1016079,3190022863,Missouri State Highway Patrol-Troop D,1566691200000,190497777,1,0,1,0,Personal Injury,NEWTON,NON-CITY OR UNINCORPORATED,D,1,1,Y,696,0.13,B ,N,CRD RACCOON RD,CRD SORREL RD,Daylight,Overturn,1,,Unk     ,,,,,,1,1,0,0,0,0,0,0,0,0,,0,0,,0,0,1,0,0,0,36.76613,-94.23735,0,08/25/2019,18:30:00,VEHICLE 1 LOST CONTRAL AND EJECTED BOTH OCCUPANTS.
1148066,3190022539,Missouri State Highway Patrol-Troop E,1566691200000,190497797,1,0,1,0,Personal Injury,STODDARD,NON-CITY OR UNINCORPORATED,E,1,1,0,0,0,AT,S ,CRD CIRCLE DR,CRD S COUNTY CIRCLE DR SJ,Daylight,Fixed Object,2,,Sun     ,1,0,0,0,1,0,0,0,0,0,0,0,0,0,0,1,0,0,0,0,0,0,0,0,0,36.63728,-89.97133,0,08/25/2019,19:30:00,"CRASH OCCURRED AS VEHICLE 1 FAILED TO NEGOTIATE A CURVE, RAN OFF THE LEFT SIDE OF THE ROADWAY, STRUCK A CABLE BOX AND A SHED, AND OVERTURNED.  DRIVER WAS EJECTED."
1323104,3190023282,Missouri State Highway Patrol-Troop G,1566691200000,190497890,0,1,0,0,Fatal,TEXAS,NON-CITY OR UNINCORPORATED,G,2,2,0,1061,0.2,A ,S ,MO 137,CRD LOG CABIN DR,Dark-Unlighted,Motor Vehicle in Transport,1,64,Sun     ,0,0,0,0,1,1,1,1,0,0,0,0,0,0,0,1,0,0,0,0,1,1,0,0,1,37.4441,-91.83681,1,08/25/2019,20:26:00,"""FATALITY ACCIDENT""   ""NEXT OF KIN HAVE BEEN NOTIFIED""  ACCIDENT OCCURRED AS VEHICLE #1 WAS ATTEMPTING TO TURN FROM A PRIVATE DRIVE ONTO NORTHBOUND MO137.  SOUTHBOUND VEHICLE #2 STRUCK THE SIDE OF THE TOWED UNIT OF VEHICLE #1 IN THE SOUTHBOUND LANE.   TROOP G FATALITY ACCIDENT NUMBER 26 FOR 2019 COMPARED TO 27 THIS SAME TIME PERIOD IN 2018.        ASSISTED BY TPR J.L.SENTMAN(1298), CPL S.J.CREWSE(424) AND SGT B.C.GRUBEN(1195) MAJOR CRASH INVESTIGATION UNIT."
1275756,3190023243,Missouri State Highway Patrol-Troop C,1566691200000,190497970,0,0,0,0,Property Damage,FRANKLIN,ST CLAIR,C,2,2,0,100,0.02,A ,W ,IS 44,ERM WEST IS 44 MILE 2354,Daylight,Motor Vehicle in Transport,1,63,Sun     ,0,0,0,0,0,1,1,0,0,0,0,0,1,0,,1,0,0,0,0,0,0,0,0,1,38.31683,-91.04608,0,08/25/2019,20:22:00,VEHICLE #2 WAS TRAVELING WESTBOUND IN THE LEFT LANE OF INTERSTATE 44. VEHICLE #1 WAS ENTERING WESTBOUND INTERSTATE 44 FROM THE REST AREA. DRIVER #1 WAS INATTENTIVE AND TRAVELED INTO THE PATH OF VEHICLE #2. THE RIGHT FRONT CORNER OF VEHICLE #1 STRUCK THE TOWED UNIT OF VEHICLE #2
1507637,3190023307,Missouri State Highway Patrol-Troop H,1566691200000,190498002,2,1,0,2,Fatal,GENTRY,NON-CITY OR UNINCORPORATED,H,1,1,0,528,0.1,A ,N,RT B,CRD 305 ST,Dark-Unlighted,Fixed Object,2,,Sun     ,1,0,0,0,0,0,1,0,0,0,0,0,0,0,0,1,0,0,0,0,0,0,1,0,0,40.27983,-94.53847,1,08/25/2019,22:25:00,"FATALITY ACCIDENT - NEXT OF KIN NOTIFIED - ACCIDENT OCCURRED AS VEH #1 WAS SOUTHBOUND ON RT-B, 4 MILES NORTH OF STANBERRY. VEH #1 DROVE OFF THE EAST SIDE OF THE ROADWAY AND CONTINUED SOUTH. VEH #1 STEERED BACK TOWARDS THE ROADWAY AND STRUCK A CULVERT. VEH #1 WENT AIRBORNE AND RETURNED TO THE ROADWAY. UPON STRIKING THE GROUND, VEH #1 OVERTURNED MULTIPLE TIMES AND OCCUPANTS WERE EJECTED. VEH #1 CAME TO REST ON ITS PASSENGER SIDE. PASSENGER #3 CAME TO REST UNDER VEH #1. PASSENGER #3 WAS PRONOUNCED DECEASED BY GENTRY COUNTY CORONER ANDREW LINDER AT THE SCENE AT 2244 HRS. ASSISTED BY TPR T.B. HEINTZ (305), TPR T.R. HECKER (680), TPR D.L. HUGHES (1261), GENTRY COUNTY SHERIFF'S DEPARTMENT, STANBERRY FIRE DEPARTMENT, AND GRAND RIVER AMBULANCE."
785867,3190022859,Missouri State Highway Patrol-Troop A,1566691200000,190498035,1,0,0,1,Personal Injury,HENRY,CALHOUN,A,1,1,0,65,0.01,B ,W ,MO 52,CST MAPLE ST,Dark-Lighted,Fixed Object,2,,Sun     ,0,0,0,0,1,0,1,0,0,0,0,0,0,0,0,1,0,0,0,0,0,0,0,0,0,38.46734,-93.62613,0,08/25/2019,23:10:00,"CRASH OCCURRED AS VEHICLE 1 FAILED TO YIELD TO HENRY COUNTY SHERIFF'S DEPARTMENT AND PURSUIT ENSUED. VEHICLE 1 TRAVELED OFF THE ROADWAY AND STRUCK A HOUSE. ASSISTED BY CPL R C WEST /1170/,  TPR H L CLEMONS /214/, AND HENRY COUNTY SHERIFF'S DEPARTMENT."
904075,3190022558,Missouri State Highway Patrol-Troop D,1566691200000,190498041,1,0,0,1,Personal Injury,CHRISTIAN,NON-CITY OR UNINCORPORATED,D,1,1,0,528,0.1,A ,E ,RT M,CRD W OAK RIDGE,Dark-Unlighted,Fixed Object,2,,Sun     ,0,0,0,0,0,0,0,0,0,0,0,0,0,0,0,1,0,0,0,0,1,0,0,1,0,37.01246,-93.33882,0,08/25/2019,23:10:00,ACCIDENT OCCURRED AS VEHICLE #1 TRAVELED OFF THE LEFT SIDE OF THE ROADWAY AND STRUCK A TREE.
1174586,3190023804,Missouri State Highway Patrol-Troop F,1566777600000,190498116,1,0,1,0,Personal Injury,CALLAWAY,NON-CITY OR UNINCORPORATED,F,1,1,0,4224,0.8,B ,E ,RT K,CRD 193,Dark-Unlighted,Fixed Object,2,,Mon     ,0,0,0,0,0,0,0,1,0,0,0,0,0,0,0,0,0,0,0,0,0,0,0,0,0,38.79541,-91.66339,0,08/26/2019,02:25:00,"VEHICLE 1 TRAVELING EASTBOUND ON ROUTE K, ROAD GAVE WAY AT CREEK CROSSING DUE TO FLOODING AND VEHICLE SANK INTO THE GROUND."
1211398,3190024412,Missouri State Highway Patrol-Troop C,1566777600000,190498128,2,0,1,1,Personal Injury,WASHINGTON,NON-CITY OR UNINCORPORATED,C,1,1,0,2508,0.47,B ,W ,CRD DOC WALLEN RD 529,CRD SHUT IN RD 539,Dark-Unlighted,Fixed Object,1,,Mon     ,0,0,0,0,0,1,1,0,0,0,0,0,0,0,0,0,0,0,0,0,0,0,0,0,0,37.79951,-90.69488,0,08/26/2019,03:10:00,VEHICLE 1 TRAVELED OFF OF THE RIGHT SIDE OF THE ROADWAY AND STRUCK A TREE.
857491,3190023476,Missouri State Highway Patrol-Troop A,1566777600000,190498129,1,0,1,0,Personal Injury,CLAY,KANSAS CITY,A,1,1,0,200,0.04,B ,N,IS 35,ERM NORTH IS 35 MILE 92,Dark-Unlighted,Fixed Object,2,,Mon     ,0,0,0,0,0,0,0,0,0,0,0,0,0,0,0,0,0,0,0,0,0,0,0,0,0,39.17313,-94.54279,0,08/26/2019,03:30:00,OCCURRED AS VEH1 WAS TRAVELING NB ON I-35 AND TRAVELED OFF THE LEFT SIDE OF THE ROAD. VEH1 STRUCK THE MEDIAN CABLE BARRIER AND OVERTURNED SEVERAL TIMES BEFORE COMING TO REST ON SB I-35. ASSISTED BY TPR. D. R. BECKER /219/
900459,3190023169,Missouri State Highway Patrol-Troop D,1566777600000,190498440,0,1,0,0,Fatal,ST. CLAIR,NON-CITY OR UNINCORPORATED,D,1,1,0,1995,0.38,A ,W ,MO 82,CRD NE 230,Unknown,Overturn,2,,Sat     ,,,,,,0,0,1,0,0,0,0,0,0,0,,0,0,,0,0,1,0,0,0,38.04894,-93.58152,1,08/24/2019,00:00:00,"FATALITY CRASH. THIS IS THE 73RD FATALITY FOR TROOP D IN 2019. OCCURRED AS VEHICLE #1 LEFT THE ROADWAY, EJECTED THE DRIVER, AND STRUCK A TREE. SUBJECT WAS DISCOVERED 8/26/2019 BUT DATE/TIME OF CRASH IS ESTIMATED TO BE 24 TO 48 HOURS PRIOR. SUBJECT WAS PRONOUNCED DECEASED AT THE SCENE BY THE ST.CLAIR COUNTY CORONER. NEXT OF KIN NOTIFIED. CORRECTED REPORT"