objectid,accident,agency,inv_date,complaint,injured,killed,min_inj,dis_inj,severity,county,city,troop,no_vehicle,motor_veh,left_scene,dist_feet,dist_mile,inter_loc,direction,on_street,at_street,light_cond,acc_type,on_off_rd,two_veh,day_week,dr_drink,dr_drug,ped_drink,ped_drug,speed,dr_under21,dr_under25,dr_over55,dr_over64,electrical,emer_veh,stop_sign,yield_sign,czone,hazmat,aggressive,cell_phone,texting,veh_defect,school_bus,truck,motorcycle,atv,pickup,cmv,gps_lat,gps_long,severity_fatal,acc_date,acc_time,narrative
1261276,3190022519,Missouri State Highway Patrol-Troop C,1566777600000,190498473,1,0,1,0,Personal Injury,ST. LOUIS,OAKLAND,C,3,3,0,263,0.05,A ,W ,IS 44,CST HOLMES AVE,Daylight,Fixed Object,2,,Mon     ,0,0,0,0,1,0,0,0,0,0,0,0,0,0,0,1,0,0,0,0,1,0,0,1,0,38.57122,-90.39158,0,08/26/2019,09:00:00,"VEHICLE 1 WAS TRAVELING IN LANE 2 AND VEHICLE 2 WAS TRAVELING IN LANE 4 ON WESTBOUND INTERSTATE 44.  THERE WAS STANDING WATER NEAR THE HOLMES AVENUE OVERPASS DUE TO EXCESSIVE RAIN FALL IN A SHORT PERIOD OF TIME.  BOTH DRIVERS WERE TRAVELING TOO FAST FOR THE WET ROADWAY AND FAILED TO DRIVE WITHIN A SINGLE LANE.  AS BOTH VEHICLES STRUCK THE STANDING WATER, THEY BOTH BEGAN TO SLIDE AND ROTATE COUNTER-CLOCKWISE.  VEHICLE 1 SLID OFF THE ROADWAY TO THE LEFT AND THE RIGHT REAR OF VEHICLE 1 STRUCK THE RAISED CONCRETE BARRIER.  VEHICLE 2 SLID OFF THE ROADWAY TO THE LEFT AND THE RIGHT SIDE OF VEHICLE 2 STRUCK THE FRONT OF VEHICLE 1.  THE FRONT OF VEHICLE 2 ALSO STRUCK THE RAISED CONCRETE BARRIER.  VEHICLE 2 OVERTURNED OVER VEHICLE 1, RETURNING TO THE ROADWAY.  VEHICLE 3 WAS TRAVELING EASTBOUND AS VEHICLE 2 STRUCK VEHICLE 1.  DEBRIS FROM THEIR IMPACT TRAVELED OVER THE CONCRETE BARRIER INTO THE PATH OF VEHICLE 3.  THE DEBRIS STRUCK THE HOOD AND WINDSHIELD OF VEHICLE 3.  ASSISTED BY KIRKWOOD PD."
989669,3190022619,Missouri State Highway Patrol-Troop D,1566777600000,190498600,1,0,0,1,Personal Injury,JASPER,NON-CITY OR UNINCORPORATED,D,1,1,0,0,0,AT,S ,CRD 90,CRD 85,Daylight,Fixed Object,2,,Unk     ,0,0,0,0,1,0,0,0,0,0,0,0,0,0,0,1,0,0,0,0,1,0,0,1,0,37.17495,-94.21856,0,08/26/2019,00:00:00,"CRASH OCCURRED AS VEH 1 FAILED TO NEGOTIATE A RIGHT CURVE, TRAVELED OFF THE LEFT SIDE OF THE ROADWAY, STRUCK A TREE AND OVERTURNED."
1257105,3190023954,Missouri State Highway Patrol-Troop C,1566777600000,190498804,2,0,2,0,Personal Injury,JEFFERSON,FESTUS,C,3,3,0,241,0.05,B ,N,IS 55,ERM NORTH IS 55 MILE 1774,Daylight,Motor Vehicle in Transport,1,61,Mon     ,0,0,0,0,1,1,1,1,0,0,0,0,0,0,0,1,0,0,0,0,0,0,0,0,1,38.23693,-90.40305,0,08/26/2019,11:53:00,"VEHICLE 1 CAME OVER HILLCREST - TRAFFIC WAS STOPPED. VEHICLE 1 WAS UNABLE TO STOP.  VEHICLE 1 STRUCK VEHICLE 2 AND THEN STRUCK VEHICLE 3.  VEHICLE 1 PUSHED VEHICLE 2 AND VEHICLE 3 OFF THE RIGHT SIDE OF THE ROADWAY.  VEHICLE 1 CAME TO STOP UNDER CONTROL ON THE LEFT SHOULDER. ASSISTED BY CPL. A. R. FLANNERY (551), TPR A. S. HUSKEY (781), AND TPR. D. A. CROWELL (414)."
991096,3190022688,Missouri State Highway Patrol-Troop D,1566777600000,190499034,1,0,1,0,Personal Injury,NEWTON,NON-CITY OR UNINCORPORATED,D,1,1,0,1980,0.37,B ,N,CRD SHETLAND RD,CRD ASPEN RD,Daylight,Overturn,2,,Mon     ,0,0,0,0,1,1,1,0,0,0,0,0,0,0,0,1,0,0,0,0,1,0,0,1,0,37.03155,-94.20509,0,08/26/2019,13:45:00,"CRASH OCCURRED AS VEHICLE LOSS CONTROL ON GRAVEL, WENT OFF RIGHT SIDE OF ROADWAY AND OVERTURNED"
1030659,3190023200,Missouri State Highway Patrol-Troop I,1566777600000,190499075,1,0,0,1,Personal Injury,PULASKI,NON-CITY OR UNINCORPORATED,I,2,2,0,1367,0.26,A ,E ,MO 28,CRD CHICAGO ROAD,Daylight,Motor Vehicle in Transport,1,60,Mon     ,0,0,0,0,0,1,1,0,0,0,0,0,0,0,0,1,0,0,0,0,1,0,0,1,1,37.99691,-92.06659,0,08/26/2019,14:09:00,CRASH OCCURRED AS VEHICLE 1 CROSSED THE CENTER LINE AND STRUCK VEHICLE 2 HEAD ON.
1297919,3190023326,Missouri State Highway Patrol-Troop C,1566777600000,190499116,2,0,1,1,Personal Injury,JEFFERSON,NON-CITY OR UNINCORPORATED,C,2,2,0,12,0,B ,N,MO 141,CRD 13TH ST,Daylight,Motor Vehicle in Transport,1,64,Mon     ,0,0,0,0,0,0,0,1,0,1,0,0,0,0,0,1,0,0,0,1,0,0,0,0,1,38.48452,-90.44365,0,08/26/2019,14:34:00,VEHICLE #1 WAS NORTHBOUND IN THE RIGHT TURN LANE OF NORTHBOUND MISSOURI 141.  VEHICLE #2 WAS STOPPED ON WESTBOUND 13TH STREET AT MISSOURI 141.  THE LIGHT TURNED GREEN FOR VEHICLE #2.  VEHICLE #2 BEGAN TO TURN LEFT ONTO SOUTHBOUND MISSOURI 141.  VEHICLE #1 TRAVELED THROUGH THE RED TURN SIGNAL.    THE PASSENGER SIDE OF VEHICLE #1 STRUCK THE FRONT OF VEHICLE #2.
1201995,3190022545,Missouri State Highway Patrol-Troop F,1566777600000,190499380,1,0,1,0,Personal Injury,CAMDEN,NON-CITY OR UNINCORPORATED,F,2,2,0,36,0.01,B ,W ,US 54,CRD RUGEN CUTOFF,Daylight,Motor Vehicle in Transport,1,61,Mon     ,0,0,0,0,1,0,1,0,0,0,0,0,0,0,0,1,0,0,0,0,1,0,0,1,0,37.98453,-92.87866,0,08/26/2019,17:02:00,CRASH OCCURRED AS VEHICLE 2 WAS STOPPED TO MAKE LEFT TURN.  VEHICLE 1 FAILED TO STOP AND STRUCK VEHICLE 2 IN THE REAR.  ASSISTED BY CAMDEN COUNTY SHERIFF'S DEPARTMENT.
1162910,3190022957,Missouri State Highway Patrol-Troop F,1566777600000,190499563,1,0,1,0,Personal Injury,MILLER,NON-CITY OR UNINCORPORATED,F,1,1,0,417,0.08,B ,N,RT Y,CRD FORGOTTEN LN,Daylight,Overturn,1,,Mon     ,0,0,0,0,1,1,1,0,0,0,0,0,0,0,0,1,0,0,0,0,0,0,0,0,0,38.33256,-92.65896,0,08/26/2019,18:55:00,"CRASH OCCURRED AS VEHICLE 1 WAS TRAVELING NORTHBOUND ON ROUTE Y. VEHICLE 1 STRUCK A LARGE AREA OF WATER DUE TO FLOODING AND HYDROPLANED, TRAVELED  OFF RIGHT SIDE OF ROADWAY AND OVERTURNED."
1123335,3190022877,Missouri State Highway Patrol-Troop E,1566777600000,190499647,1,0,0,1,Personal Injury,MADISON,NON-CITY OR UNINCORPORATED,E,1,1,0,3168,0.6,B ,W ,RT J,CRD 250,Dark-Unlighted,Fixed Object,2,,Mon     ,0,0,0,0,1,0,0,0,0,0,0,0,0,0,0,1,0,0,0,0,0,0,0,0,0,37.56743,-90.19476,0,08/26/2019,19:50:00,"CRASH OCCURRED AS VEHICLE 1 WAS TRAVELING EASTBOUND ON RT J, VEH 1 BEGAN TO SLIDE, CROSSED THE CENTER LINE, RAN OFF OF LEFT SIDE OF ROADWAY, AND OVERTURNED."
1061337,3190022577,Missouri State Highway Patrol-Troop I,1566777600000,190499660,1,0,1,0,Personal Injury,DENT,NON-CITY OR UNINCORPORATED,I,1,1,0,1356,0.26,B ,W ,MO 72,CRD 3020,Dark-Unlighted,Animal,1,,Mon     ,0,0,0,0,0,0,0,0,0,0,0,0,0,0,0,0,0,0,0,0,0,0,0,0,0,37.77191,-91.66654,0,08/26/2019,19:50:00,OCCURRED AS VEHICLE ONE STRUCK A DEER ATTEMPTING TO CROSS THE ROADWAY.
1282716,3190024886,Missouri State Highway Patrol-Troop C,1566777600000,190499852,1,0,1,0,Personal Injury,ST. CHARLES,ST CHARLES,C,1,1,0,623,0.12,A ,W ,MO 370,BRIDGE A5123,Dark-Unlighted,Fixed Object,2,,Mon     ,1,0,0,0,1,0,0,0,0,0,0,0,0,0,0,1,0,0,0,0,0,0,0,0,0,38.82561,-90.52769,0,08/26/2019,23:10:00,VEHICLE 1 WAS TRAVELING WEST ON HIGHWAY 370. VEHICLE 1 WAS TRAVELING TOO FAST FOR THE WET ROAD CONDITIONS. DRIVER 1 LOST CONTROL AND THE FRONT OF VEHICLE 1 STRUCK THE LEFT CONCRETE MEDIAN.
1123334,3190022683,Missouri State Highway Patrol-Troop E,1566864000000,190500022,1,0,1,0,Personal Injury,MADISON,NON-CITY OR UNINCORPORATED,E,1,1,0,3695,0.7,A ,S ,US 67,RT N,Daylight,Fixed Object,2,,Tue     ,0,0,0,0,0,0,0,0,0,0,0,0,0,0,0,0,0,0,0,0,0,0,0,0,0,37.34071,-90.38139,0,08/27/2019,06:05:00,CRASH OCCURRED AS VEHICLE TRAVELED OFF THE RIGHT SIDE OF ROADWAY AND STRUCK A TREE
888681,3190022707,Missouri State Highway Patrol-Troop A,1566864000000,190500029,1,0,1,0,Personal Injury,RAY,NON-CITY OR UNINCORPORATED,A,1,1,0,438,0.08,B ,S ,MO 13,RT FF,Daylight,Animal,1,,Tue     ,0,0,0,0,0,0,0,1,1,0,0,0,0,0,0,0,0,0,0,0,0,0,0,0,0,39.36585,-93.99126,0,08/27/2019,06:15:00,CRASH OCCURRED AS VEH1 STRUCK A DEER.
1293235,3190023609,Missouri State Highway Patrol-Troop C,1566864000000,190500042,1,0,1,0,Personal Injury,ST. LOUIS,NON-CITY OR UNINCORPORATED,C,2,2,0,147,0.03,A ,N,IS 55,ERM NORTH IS 55 MILE 1948,Daylight,Motor Vehicle in Transport,1,61,Tue     ,0,0,0,0,0,0,0,0,0,0,0,0,0,0,0,1,0,0,0,0,1,0,0,1,0,38.48013,-90.35995,0,08/27/2019,06:35:00,DRIVER 2 SLOWED FOR CONGESTION. THE FRONT OF VEHICLE 1 STRUCK THE REAR OF VEHICLE 2.
1022147,3190022848,Missouri State Highway Patrol-Troop D,1566864000000,190500187,1,0,1,0,Personal Injury,DALLAS,NON-CITY OR UNINCORPORATED,D,1,1,0,2275,0.43,B ,S ,RT H,CRD HERITAGE LANE,Daylight,Fixed Object,2,,Tue     ,0,0,0,0,0,1,1,0,0,0,0,0,0,0,0,0,0,0,0,0,0,0,0,0,0,37.53647,-93.0378,0,08/27/2019,07:45:00,"VEHICLE #1 TRAVELED OFF THE ROADWAY, STRUCK A FENCE AND A UTILITY POLE"
1024483,3190022615,Missouri State Highway Patrol-Troop D,1566864000000,190500195,1,0,1,0,Personal Injury,JASPER,AIRPORT DRIVE,D,2,2,0,0,0,AT,S ,MO 171,MO 43 NJ,Daylight,Motor Vehicle in Transport,1,61,Tue     ,0,0,0,0,0,0,0,1,0,0,0,0,1,0,0,1,0,0,0,0,0,0,0,0,1,37.14272,-94.51092,0,08/27/2019,07:45:00,CRASH OCCURRED AS VEH #2 STRUCK THE REAR OF VEH #1
1297918,3190023147,Missouri State Highway Patrol-Troop C,1566864000000,190500243,3,0,3,0,Personal Injury,JEFFERSON,NON-CITY OR UNINCORPORATED,C,1,1,0,733,0.14,A ,W ,RT Z,PVT VICTORY DR,Daylight,Fixed Object,2,,Tue     ,0,0,0,0,1,0,0,0,0,0,0,0,0,0,0,1,0,0,0,0,0,0,0,0,0,38.26695,-90.4407,0,08/27/2019,08:10:00,"VEHICLE 1 BEGAN TO SKID ON WET PAVEMENT, TRAVELED OFF THE RIGHT SIDE OF THE ROADWAY, AND STRUCK A TREE."
989641,3190023132,Missouri State Highway Patrol-Troop D,1566864000000,190500333,1,0,1,0,Personal Injury,JASPER,NON-CITY OR UNINCORPORATED,D,2,2,0,195,0.04,B ,W ,IS 44,ERM WEST IS 44 MILE 178,Daylight,Motor Vehicle in Transport,1,64,Tue     ,0,0,0,0,0,0,0,1,0,0,0,0,0,0,0,1,0,0,0,0,0,0,0,0,0,37.08205,-94.32424,0,08/27/2019,08:51:00,CRASH OCCURRED AS VEH #1 WAS TRAVELING IN THE LEFT LANE AND WAS FORCED OFF THE ROADWAY BY  VEH #2. VEH #1 RETURNED TO ROADWAY STRUCK VEH #2 THEN VEH #1 RAN OFF THE RIGHT SIDE OF THE ROADWAY AND STRUCK A GUARDRAIL
1159232,3190022613,Missouri State Highway Patrol-Troop E,1566864000000,190500385,1,0,1,0,Personal Injury,SCOTT,SIKESTON,E,2,2,0,134,0.03,B ,N,US 61,CST MCCULLAH DRIVE,Daylight,Motor Vehicle in Transport,1,61,Tue     ,0,0,0,0,0,0,0,1,1,0,0,0,0,0,0,1,0,0,0,0,0,0,0,0,0,36.93006,-89.61225,0,08/27/2019,09:14:00,CRASH OCCURRED AS VEHICLE 2 STRUCK THE REAR OF VEHICLE 1
1000236,3190022572,Missouri State Highway Patrol-Troop D,1566864000000,190500494,1,0,1,0,Personal Injury,STONE,NON-CITY OR UNINCORPORATED,D,2,2,0,0,0,AT,S ,CRD CASTLE ROCK RD,PVT HUMMER LN,Daylight,Motor Vehicle in Transport,1,60,Tue     ,0,0,0,0,1,0,0,0,0,0,0,0,0,0,0,1,0,0,0,0,0,0,0,0,0,36.65134,-93.3775,0,08/27/2019,10:00:00,CRASH OCCURRED AS VEHICLE 1 AND VEHICLE 2 STRUCK HEAD-ON IN A CURVE.
1118510,3190022878,Missouri State Highway Patrol-Troop E,1566864000000,190500539,1,0,1,0,Personal Injury,BOLLINGER,NON-CITY OR UNINCORPORATED,E,1,1,0,1858,0.35,B ,N,RT B,CRD 304,Daylight,Fixed Object,2,,Tue     ,0,0,0,0,1,0,0,0,0,0,0,0,0,0,0,1,0,0,0,0,0,0,0,0,0,37.32251,-89.93089,0,08/27/2019,10:30:00,CRASH OCCURRED AS VEHICLE ONE RAN OFF THE RIGHT SIDE OF THE ROADWAY AND STRUCK A TREE.
1189298,3190022608,Missouri State Highway Patrol-Troop B,1566864000000,190500561,1,0,1,0,Personal Injury,ADAIR,NON-CITY OR UNINCORPORATED,B,1,1,0,300,0.06,B ,N,MO 11,CRD HAZEL GREEN WAY,Daylight,Fixed Object,2,,Tue     ,0,0,0,0,0,0,0,1,1,0,0,0,0,0,0,0,0,0,0,0,1,0,0,1,0,40.23683,-92.42736,0,08/27/2019,10:00:00,VEHICLE 1 NORTHBOUND ON  MO 11 ATTEMPTED TO AVOID AN ONCOMING VEHICLE  AND TRAVELED OFF THE ROADWAY COMING TO REST IN A DITCH.
1216681,3190022857,Missouri State Highway Patrol-Troop C,1566864000000,190501163,3,0,3,0,Personal Injury,FRANKLIN,NON-CITY OR UNINCORPORATED,C,1,1,0,4224,0.8,B ,E ,CRD BEND ROAD,CRD MERAMEC FARM VALLEY,Daylight,Other Object,2,,Tue     ,0,0,0,0,1,1,1,0,0,0,0,0,0,0,0,1,0,0,0,0,0,0,0,0,0,38.45416,-90.78892,0,08/27/2019,15:00:00,"DRIVER 1 LOST CONTROL OVER A HILLCREST CAUSING VEHICLE 1 TO TRAVEL OFF THE RIGHT SIDE OF THE ROADWAY. VEHICLE 1 RETURNED TO THE ROADWAY, TRAVELED OFF THE LEFT SIDE, STRUCK A HAY BALE AND OVERTURNED."
859030,3190023994,Missouri State Highway Patrol-Troop A,1566864000000,190501202,1,0,0,1,Personal Injury,JACKSON,BLUE SPRINGS,A,1,1,0,84,0.02,B ,E ,IS 70,ERM EAST IS 70 MILE 204,Daylight,Fixed Object,2,,Tue     ,0,0,0,0,0,0,0,0,0,0,0,0,0,0,0,0,0,0,0,0,0,0,0,0,0,39.03075,-94.27657,0,08/27/2019,15:30:00,"CRASH OCCURRED AS DRIVER 1 FELL ASLEEP, WENT OFF THE RIGHT SIDE OF THE ROAD AND STRUCK THE GUARDRAIL."
1203680,3190023009,Missouri State Highway Patrol-Troop F,1566864000000,190501479,1,0,1,0,Personal Injury,COOPER,NON-CITY OR UNINCORPORATED,F,1,1,0,10560,2,A ,E ,CRD BEECH LN,RT Z,Daylight,Fixed Object,2,,Tue     ,0,0,0,0,1,0,0,0,0,0,0,0,0,0,0,1,0,0,0,0,1,0,0,1,0,38.93365,-93.0196,0,08/27/2019,17:48:00,DRIVER 1 ATTEMPTED TO MAKE A RIGHT TURN BUT VEHICLE 1 WAS TRAVELING TOO FAST.  VEHICLE 1 WENT OFF THE RIGHT SIDE OF THE ROADWAY AND STRUCK A ROCK COLUMN LINING A PRIVATE DRIVE
1008695,3190023135,Missouri State Highway Patrol-Troop D,1566864000000,190501540,1,0,0,1,Personal Injury,WEBSTER,NON-CITY OR UNINCORPORATED,D,1,1,0,202,0.04,A ,W ,CRD EMERALD LP,MO 38 EJ,Daylight,Fixed Object,2,,Tue     ,0,0,0,0,0,0,0,0,0,0,0,0,0,0,0,0,0,0,0,0,1,0,0,1,0,37.34927,-92.95634,0,08/27/2019,17:40:00,FATAL ACCIDENT    THIS IS TROOP D'S 11TH OF THE MONTH AND 75TH OF THE YEAR   NEXT OF KIN NOTIFIED   OCCURRED AS #1 RAN OFF THE ROADWAY AND STRUCK A FENCE.  SUBJECT PRONOUNCED ON AT 1817 HOURS BY ASSISTANT CORONER ROBBY JERNIGAN.
1293241,3190023839,Missouri State Highway Patrol-Troop C,1566864000000,190501610,2,0,2,0,Personal Injury,ST. LOUIS,NON-CITY OR UNINCORPORATED,C,2,2,0,422,0.08,A ,W ,IS 270,MO 21,Daylight,Motor Vehicle in Transport,1,61,Tue     ,0,0,0,0,0,0,0,0,0,0,0,0,0,0,0,1,0,0,0,0,0,0,0,0,0,38.51263,-90.36994,0,08/27/2019,18:17:00,DRIVER 1 FAILED TO NOTICE VEHICLE 2 SLOWIING FOR TRAFFIC CONGESTION AHEAD AND THE FRONT OF VEHICLE 1 STRUCK THE REAR OF VEHICLE 2.
1260243,3190022667,Missouri State Highway Patrol-Troop C,1566864000000,190501612,1,0,1,0,Personal Injury,ST. CHARLES,NON-CITY OR UNINCORPORATED,C,3,3,0,675,0.13,B ,W ,MO 364,RP 279579,Daylight,Motor Vehicle in Transport,1,61,Tue     ,0,0,0,0,0,0,0,1,0,0,0,0,0,0,0,1,0,0,0,0,0,0,0,0,0,38.73903,-90.52395,0,08/27/2019,18:20:00,DRIVER 1 FAILED TO NOTICE VEHICLES 2 AND 3 WERE STOPPED FOR TRAFFIC CONGESTION AND THE FRONT OF VEHICLE 1 STRUCK THE REAR OF VEHICLE 2. THE FRONT OF VEHICLE 2 THEN STRUCK THE REAR OF VEHICLE 3
1316579,3190023014,Missouri State Highway Patrol-Troop G,1566864000000,190501643,1,0,0,1,Personal Injury,WEBSTER,NON-CITY OR UNINCORPORATED,D,1,1,0,4224,0.8,A ,E ,US 60,CO US60 TO NOR60,Daylight,Overturn,2,,Tue     ,1,0,0,0,1,0,0,0,0,0,0,0,0,0,0,1,0,0,0,0,0,0,0,0,0,37.11801,-92.68376,0,08/27/2019,18:39:00,"CRASH OCCURRED AS VEHICLE ONE TRAVELED OFF THE LEFT SIDE OF THE ROADWAY, OVERTURNED AND CAME TO REST ON ITS TOP IN THE MEDIAN. ASSISTED BY SGT. A D JOHNSON #803, CPL. T L BROWN #328, TPR. D W  HENLEY #727"
1160776,3190023819,Missouri State Highway Patrol-Troop F,1566864000000,190501675,2,0,0,2,Personal Injury,BOONE,NON-CITY OR UNINCORPORATED,F,2,2,0,460,0.09,B ,W ,RT K,CRD DONALD NEIL CT,Daylight,Motor Vehicle in Transport,1,60,Tue     ,0,1,0,0,0,0,0,1,0,0,0,0,0,0,0,1,0,0,0,0,0,0,0,0,0,38.88719,-92.34066,0,08/27/2019,18:50:00,OCCURRED AS VEHICLE 1 CROSSED THE CENTER LINE AND STRUCK VEHICLE 2.
904115,3190022843,Missouri State Highway Patrol-Troop D,1566864000000,190501705,1,0,1,0,Personal Injury,CHRISTIAN,NON-CITY OR UNINCORPORATED,D,1,1,0,332,0.06,A ,W ,CRD ROSEDALE RD,CRD STONE HILL CT,Daylight,Fixed Object,2,,Tue     ,0,0,0,0,1,1,1,0,0,0,0,0,0,0,0,1,0,0,0,0,0,0,0,0,0,37.01435,-93.32641,0,08/27/2019,19:15:00,"CRASH OCCURRED AS VEHICLE WAS TRAVELING WEST ON ROSEDALE RD, DRIVER 1 LOST CONTROL AND SKIDDED OFF RIGHT SIDE OF ROADWAY, VEHICLE 1 STRUCK AND TREE AND OVERTURNED."
1146464,3190024600,Missouri State Highway Patrol-Troop E,1566864000000,190501857,1,0,0,1,Personal Injury,NEW MADRID,NON-CITY OR UNINCORPORATED,E,1,1,0,3695,0.7,A ,W ,RT D,CRD 560,Daylight,Overturn,1,,Tue     ,0,0,0,0,0,1,1,0,0,0,0,0,0,0,0,1,0,0,0,0,0,0,0,0,0,36.61415,-89.94124,0,08/27/2019,17:30:00,"CRASH OCCURRED AS VEHICLE 1 CROSSED THE CENTERLINE, CAME BACK ACROSS THE CENTERLINE, RAN OFF THE ROADWAY AND OVERTURNED."
1293262,3190026674,Missouri State Highway Patrol-Troop C,1566864000000,190501944,2,0,2,0,Personal Injury,ST. LOUIS,NON-CITY OR UNINCORPORATED,C,2,2,0,137,0.03,B ,W ,IS 270,RP 228011,Dark-Unlighted,Motor Vehicle in Transport,1,61,Tue     ,0,0,0,0,1,0,0,0,0,0,0,0,0,0,0,1,0,0,0,0,0,0,0,0,0,38.77119,-90.27555,0,08/27/2019,22:15:00,VEHICLES 1 AND 2 WERE TRAVELING WEST IN LANE 1. VEHICLE 1 WAS FOLLOWING VEHICLE 2. VEHICLE 1 BEGAN TO SKID AND THE FRONT OF VEHICLE 1 STRUCK THE REAR OF VEHICLE 2.
1139690,3190022631,Missouri State Highway Patrol-Troop E,1566864000000,190501987,1,0,1,0,Personal Injury,BUTLER,NON-CITY OR UNINCORPORATED,E,1,1,0,131,0.02,A ,N,CRD 441,PVT JERRY LANE,Dark-Unlighted,Fixed Object,2,,Tue     ,0,0,0,0,0,0,0,0,0,0,0,0,0,0,0,0,0,0,0,0,0,0,0,0,0,36.73397,-90.46539,0,08/27/2019,22:43:00,"CRASH OCCURRED AS VEHICLE 1 RAN OFF ROADWAY, STRUCK AN EMBANKMENT AND OVERTURNED."
1335364,3190022740,Missouri State Highway Patrol-Troop G,1566950400000,190502071,3,0,3,0,Personal Injury,HOWELL,NON-CITY OR UNINCORPORATED,G,1,1,0,1309,0.25,A ,S ,CRD 8870,CRD 9300,Dark-Unlighted,Fixed Object,2,,Wed     ,0,0,0,0,0,0,0,0,0,0,0,0,0,0,0,0,0,0,0,0,0,0,0,0,0,36.58494,-91.80751,0,08/28/2019,01:15:00,"ACCIDENT OCCURRED AS SOUTHBOUND VEHICLE #1 SWERVED TO MISS A DEER IN THE ROADWAY, TRAVELED OFF THE RIGHT SIDE OF THE ROADWAY AND STRUCK A TREE."
846001,3190023133,Missouri State Highway Patrol-Troop A,1566950400000,190502677,2,0,1,1,Personal Injury,JOHNSON,NON-CITY OR UNINCORPORATED,A,2,2,0,158,0.03,A ,N,BU 13,CRD SE 130 RD,Daylight,Motor Vehicle in Transport,1,61,Wed     ,0,0,0,0,0,0,0,0,0,0,0,0,0,0,0,1,0,0,0,0,1,0,0,1,1,38.74085,-93.73206,0,08/28/2019,09:51:00,CRASH OCCURRED AS VEHICLE 2 SLOWED TO TURN INTO A PARKING LOT AND VEHICLE 1 STRUCK THE REAR OF VEHICLE 2.   ASSISTED BY MSGT D S GREEN/650 AND JOHNSON COUNTY SHERIFF'S DEPARTMENT
1139689,3190023870,Missouri State Highway Patrol-Troop E,1566950400000,190503002,2,0,2,0,Personal Injury,BUTLER,NON-CITY OR UNINCORPORATED,E,2,2,0,64,0.01,B ,S ,US 67,BRIDGE A5523,Daylight,Motor Vehicle in Transport,1,63,Wed     ,0,0,0,0,0,0,1,0,0,0,0,0,0,0,0,1,0,0,0,0,0,0,0,0,1,36.7293,-90.46242,0,08/28/2019,12:25:00,"STATE PROPERTY DAMAGE - CRASH OCCURRED AS VEHICLE ONE CROSSED THE CENTER LINE, STRIKING VEHICLE TWO. VEHICLE ONE THEN STRUCK THE CONCRETE RAILING OF A BRIDGE. ASSISTED BY SGT. M.D. TACKETT # 917 AND TPR. E.M. WESTMORELAND #1445"
912844,3190023443,Missouri State Highway Patrol-Troop D,1566950400000,190503222,0,1,0,0,Fatal,POLK,NON-CITY OR UNINCORPORATED,D,1,1,0,1362,0.26,B ,E ,CRD 385TH RD,CRD 380TH RD,Daylight,Overturn,2,,Unk     ,0,0,0,0,1,0,0,1,0,0,0,0,0,0,0,1,0,0,0,0,0,1,0,0,0,37.69684,-93.46452,1,08/28/2019,00:00:00,"LATE DEATH REPORT   NEXT OF KIN NOTIFICATION MADE   THIS IS THE 77TH FATALITY FOR TROOP D IN 2019   CRASH OCCURRED AS VEHICLE 1 SKIDDED OFF A 90 DEGREE CURVE, VEHICLE 1 OVERTURNED, EJECTING DRIVER 1.   DRIVER PRONOUNCED AT COX SOUTH 08/30/19  SOUTH BY DR. ODEHNAL AT 1706 HOURS."
1171757,3190023043,Missouri State Highway Patrol-Troop F,1566950400000,190503260,2,0,1,1,Personal Injury,MORGAN,NON-CITY OR UNINCORPORATED,F,1,1,0,1056,0.2,A ,S ,RT W,CRD MARVIN CUTOFF,Daylight,Overturn,1,,Wed     ,0,0,0,0,1,0,0,1,0,0,0,0,0,0,0,1,0,0,0,0,0,1,0,0,0,38.39,-92.79598,0,08/28/2019,14:20:00,"CRASH OCCURRED AS VEHICLE 1 TRAVELED OFF THE RIGHT SIDE OF THE ROADWAY AND OVERTURNED DOWN AN EMBANKMENT, EJECTING DRIVER 1 AND OCCUPANT 1. ASSISTED BY TPR H.M. MCDANIEL (1416) AND MORGAN COUNTY S.O."
1319571,3190023707,Missouri State Highway Patrol-Troop G,1566950400000,190503527,1,0,0,1,Personal Injury,REYNOLDS,NON-CITY OR UNINCORPORATED,G,1,1,0,2624,0.5,B ,E ,RT UU,CRD 900,Daylight,Fell/Jumped from MV,1,,Wed     ,0,0,0,0,0,1,1,0,0,0,0,0,0,0,0,0,0,0,0,0,0,0,1,0,0,37.47498,-91.21072,0,08/28/2019,16:30:00,CRASH OCCURRED AS VEHICLE MADE A TURN AND PASSENGER SLID OFF VEHICLE
1203679,3190023033,Missouri State Highway Patrol-Troop F,1566950400000,190503544,1,0,0,1,Personal Injury,COOPER,NON-CITY OR UNINCORPORATED,F,2,2,0,2640,0.5,A ,N,MO 5,CRD MILE CORNER ROAD,Daylight,Overturn,1,,Wed     ,0,0,0,0,1,0,0,1,1,0,0,0,0,0,0,1,0,0,0,0,0,1,0,0,0,38.86902,-92.83386,0,08/28/2019,16:54:00,"CRASH OCCURRED AS VEHICLE 1 STOPPED FOR A PEDESTRIAN NEAR THE ROADWAY. VEHICLE 2, BEHIND VEHICLE 1, LOST CONTROL WHILE SLOWING, STRIKING VEHICLE 1 AND EJECTING DRIVER 2. ASSISTED BY TPR C.B. NELSON (720)"
835373,3190024060,Missouri State Highway Patrol-Troop A,1566950400000,190503666,1,0,1,0,Personal Injury,CARROLL,NON-CITY OR UNINCORPORATED,A,2,2,0,2180,0.41,B ,S ,RT D,CRD 110,Daylight,Motor Vehicle in Transport,1,62,Wed     ,0,0,0,0,0,0,0,0,0,0,0,0,0,0,0,1,0,0,0,0,0,0,0,0,0,39.60291,-93.70214,0,08/28/2019,17:44:00,"CRASH OCCURRED AS VEHICLE 1 WAS NORTHBOUND ON ROUTE D AND CROSSED THE CENTER OF ROAD. VEHICLE 1 STRUCK VEHICLE 2 AND WENT OFF THE RIGHT SIDE OF THE ROAD. STRUCK AN EMBANKMENT AND CAME TO REST IN A FIELD. ASSISTED TPR A M BECKWITH /314/, CPL J C GILLILAND /415/ AND TPR J H THOMPSON /606/."