objectid,accident,agency,inv_date,complaint,injured,killed,min_inj,dis_inj,severity,county,city,troop,no_vehicle,motor_veh,left_scene,dist_feet,dist_mile,inter_loc,direction,on_street,at_street,light_cond,acc_type,on_off_rd,two_veh,day_week,dr_drink,dr_drug,ped_drink,ped_drug,speed,dr_under21,dr_under25,dr_over55,dr_over64,electrical,emer_veh,stop_sign,yield_sign,czone,hazmat,aggressive,cell_phone,texting,veh_defect,school_bus,truck,motorcycle,atv,pickup,cmv,gps_lat,gps_long,severity_fatal,acc_date,acc_time,narrative
1118509,3190023297,Missouri State Highway Patrol-Troop E,1566950400000,190503902,4,0,3,1,Personal Injury,BOLLINGER,NON-CITY OR UNINCORPORATED,E,1,1,0,7391,1.4,A ,E ,CRD 324,RT B,Daylight,Fixed Object,2,,Wed     ,0,0,0,0,0,1,1,0,0,0,0,0,0,0,0,0,0,0,0,0,0,0,1,0,0,37.38123,-89.9111,0,08/28/2019,19:30:00,CRASH OCCURRED AS VEHICLE 1 RAN OFF ROADWAY EJECTING ALL OCCUPANTS.
1297916,3190024228,Missouri State Highway Patrol-Troop C,1566950400000,190503934,2,0,1,1,Personal Injury,JEFFERSON,NON-CITY OR UNINCORPORATED,C,2,2,0,538,0.1,A ,N,RT W,BRIDGE A2895,Dark-Unlighted,Motor Vehicle in Transport,1,61,Wed     ,0,0,0,0,0,0,1,0,0,0,0,0,0,0,0,1,0,0,0,0,0,1,0,0,0,38.41995,-90.59125,0,08/28/2019,20:10:00,BOTH VEHICLES WERE TRAVELING NORTHBOUND ON ROUTE W. DRIVER 2 SLOWED IN ATTEMPT TO EFFECT A RIGHT TURN. THE FRONT OF VEHICLE 1 STRUCK THE REAR OF VEHICLE 2. CORRECTED REPORT
1216659,3190022767,Missouri State Highway Patrol-Troop C,1566950400000,190503937,2,0,2,0,Personal Injury,FRANKLIN,NON-CITY OR UNINCORPORATED,C,2,2,0,0,0,AT,N,MO 47,CRD COLLEGE ROAD,Dark-Unlighted,Motor Vehicle in Transport,1,64,Wed     ,0,0,0,0,0,1,1,1,1,0,0,1,0,0,0,1,0,0,0,0,0,0,0,0,0,38.41479,-90.98648,0,08/28/2019,20:15:00,VEHICLE 1 WAS TRAVELING NORTHBOUND ON HIGHWAY 47. VEHICLE 2 WAS STOPPED WESTBOUND AT A STOP SIGN AT THE INTERSECTION. VEHICLE 2  FAILED TO YIELD TO VEHICLE 1.
1123333,3190023060,Missouri State Highway Patrol-Troop E,1566950400000,190503991,1,0,1,0,Personal Injury,MADISON,NON-CITY OR UNINCORPORATED,E,1,1,0,1668,0.32,A ,E ,CRD 219,CRD 217,Dark-Unlighted,Fixed Object,2,,Wed     ,0,0,0,0,0,0,0,0,0,0,0,0,0,0,0,0,0,0,0,0,0,1,0,0,0,37.59311,-90.25475,0,08/28/2019,20:20:00,CRASH OCCURRED AS VEHICLE ONE RAN OFF THE ROAD AND STRUCK A DITCH
1150293,3190024218,Missouri State Highway Patrol-Troop E,1566950400000,190504114,5,0,4,1,Personal Injury,PEMISCOT,HAYTI HEIGHTS,E,2,2,0,0,0,AT,W ,US 412,CST SERVICE ROAD,Dark-Unlighted,Motor Vehicle in Transport,1,64,Wed     ,0,0,0,0,0,0,0,1,1,0,0,0,1,0,0,1,0,0,0,0,1,0,0,1,0,36.225,-89.75876,0,08/28/2019,22:25:00,VEH1 FAIL TO YIELD AT INTERSECTION. VEH2 STRUCK VEH1. A MODOT STOP SIGN AND DIRECTION SIGN WAS DAMAGED IN THIS INCIDENT.
1330311,3190022726,Missouri State Highway Patrol-Troop G,1567036800000,190504265,1,0,1,0,Personal Injury,DOUGLAS,NON-CITY OR UNINCORPORATED,G,1,1,0,1467,0.28,A ,S ,MO 5,CRD 5-301,Dark-Unlighted,Fixed Object,2,,Thu     ,0,0,0,0,0,1,1,0,0,0,0,0,0,0,0,0,0,0,0,0,1,0,0,1,0,36.91617,-92.66569,0,08/29/2019,04:20:00,"ACCIDENT OCCURRED AS NORTHBOUND VEHICLE #1 ATTEMPTED TO AVOID DEER IN THE ROADWAY.  VEHICLE #1 TRAVELED OFF THE LEFT SIDE OF ROADWAY, STRUCK A GUARD RAIL, BECAME AIRBORNE AND STRUCK A TREE.   APPROX 6 FEET OF GUARD RAIL WAS DAMAGED."
1261859,3190023607,Missouri State Highway Patrol-Troop C,1567036800000,190504275,1,0,1,0,Personal Injury,ST. LOUIS,TOWN AND COUNTRY,C,2,2,0,179,0.03,B ,E ,IS 270,ERM NORTH IS 270 MILE 122,Dark-Lighted,Motor Vehicle in Transport,1,63,Thu     ,0,0,0,0,0,0,0,1,0,0,0,0,0,0,0,1,0,0,0,0,1,0,0,0,1,38.63326,-90.45014,0,08/29/2019,05:15:00,VEHICLE 1 WAS TRAVELING NORTHBOUND INTERSTATE 270 IN LANE #5 AND VEHICLE #2 WAS TRAVELING IN LANE #4. THE RIGHT FRONT OF VEHICLE #2 STRUCK THE LEFT REAR OF VEHICLE #1.  ASSISTED BY TPR. J.D PROKNOW  (1453)
921954,3190023919,Missouri State Highway Patrol-Troop D,1567036800000,190504281,1,0,1,0,Personal Injury,LAWRENCE,NON-CITY OR UNINCORPORATED,D,1,1,0,1932,0.37,A ,W ,CRD 2220,CRD 1070,Dark-Unlighted,Pedestrian,1,,Thu     ,0,0,0,1,0,0,0,1,1,0,0,0,0,0,0,0,0,0,0,0,1,0,0,1,0,36.95822,-93.94194,0,08/29/2019,05:30:00,PEDESTRIAN WAS WALKING WESTBOUND IN THE ROADWAY WITH TRAFFIC ON LAWRENCE COUNTY2220 AND WAS STRUCK BY WESTBOUND #1
1337364,3190022889,Missouri State Highway Patrol-Troop G,1567036800000,190504308,1,0,0,1,Personal Injury,SHANNON,BIRCH TREE,G,2,2,0,1309,0.25,B ,W ,US 60,CST SUNSET STREET,Daylight,Motor Vehicle in Transport,1,61,Thu     ,0,0,0,0,0,1,1,0,0,0,0,0,0,0,0,0,0,0,0,0,0,0,0,0,1,36.99931,-91.4989,0,08/29/2019,06:15:00,CRASH OCCURRED AS VEH 1 STRUCK THE REAR OF VEH 2
867821,3190023425,Missouri State Highway Patrol-Troop A,1567036800000,190504309,1,0,1,0,Personal Injury,JACKSON,NON-CITY OR UNINCORPORATED,A,2,2,0,3168,0.6,A ,W ,US 50,CRD ALLEY JACKSON,Dark-Unlighted,Motor Vehicle in Transport,1,61,Thu     ,0,0,0,0,0,0,0,0,0,0,0,0,0,0,0,1,0,0,0,0,0,0,0,0,0,38.8895,-94.24304,0,08/29/2019,06:15:00,OCCURRED AS VEH1 MADE A LEFT TURN AND WAS STRUCK IN THE REAR BY VEH2. ASSISSTED BY LONE JACK POLICE DEPARTMENT.
828169,3190023022,Missouri State Highway Patrol-Troop A,1567036800000,190504377,1,0,0,1,Personal Injury,CLAY,NORTH KANSAS CITY,A,2,2,0,359,0.07,B ,N,IS 35,ERM SOUTH IS 35 MILE 60,Daylight,Other Non Collision,1,,Thu     ,0,0,0,0,0,0,0,1,0,0,0,0,0,0,0,0,0,0,1,0,1,0,0,1,0,39.1362,-94.56777,0,08/29/2019,07:10:00,CRASH OCCURRED AS VEHICLE 1 WAS TRAVELING SOUTHBOUND AND VEHICLE 2 WAS TRAVELING NORTHBOUND .  VEHICLE 2 EXPERIENCED A MECHANICAL ISSUE AND THE LEFT REAR WHEEL SEPERATED FROM THE VEHICLE.  THE WHEEL BEGAN TRAVELING ACROSS THE CONCRETE BARRIER AND ONTO SOUTHBOUND I-35.  THE WHEEL THEN STRUCK VEHICLE 1 CAUSING  VEHICLE 1 TO TRAVEL OFF THE RIGHT SIDE OF THE ROADWAY AND STRIKE THE GAURDRAIL. VEHICLE 1  RETURNED TO THE ROADWAY THEN WENT OFF THE LEFTSIDE OF THE ROADWAY STRIKING THE CONCRETE BARRIER TWICE. ASSISTED BY NORTH KANSAS CITY FIRE AND NORTH KANSAS CITY POLICE DEPARTMENT.
1190188,3190023413,Missouri State Highway Patrol-Troop F,1567036800000,190504952,1,0,0,1,Personal Injury,CALLAWAY,NON-CITY OR UNINCORPORATED,F,3,3,0,528,0.1,A ,E ,RT E,CRD 271,Daylight,Motor Vehicle in Transport,1,63,Thu     ,0,0,0,0,0,0,0,1,0,0,0,0,0,0,0,1,0,0,0,0,1,0,0,1,0,39.02562,-91.9225,0,08/29/2019,10:52:00,"CRASH OCCURRED AS VEHICLE 1 AND 2 WERE TRAVELING WESTBOUND ON MISSOURI ROUTE E.  VEHICLE 1 BEGAN TO PASS VEHICLE 2.  VEHICLE 3 PULLED FROM A PRIVATE DRIVE AND INTO THE PATH OF VEHICLE 1.  VEHICLE 1 SWERVED RIGHT, STRIKING THE LEFT REAR OF VEHICLE 2 AND THE LEFT FRONT OF VEHICLE 3.  VEHICLE 1 AND 2 TRAVELED OFF THE NORTH SIDE OF THE ROADWAY.  VEHICLE 2 OVERTURNED, EJECTING DRIVER 2. ASSISTED BY TPR E.C. PENROD (1400)"
991100,3190022914,Missouri State Highway Patrol-Troop D,1567036800000,190504961,5,0,5,0,Personal Injury,NEWTON,NON-CITY OR UNINCORPORATED,D,2,2,0,53,0.01,B ,W ,RT V,CRD CARVER RD,Daylight,Motor Vehicle in Transport,1,61,Thu     ,0,0,0,0,0,0,0,0,0,0,0,0,0,0,0,1,0,0,0,0,1,0,0,1,0,36.99547,-94.3505,0,08/29/2019,10:55:00,NR1 WAS ATTEMPTING TO MAKE A LEFT TURN AND WAS STRUCK IN THE REAR BY NR2.
1504874,3190023451,Missouri State Highway Patrol-Troop H,1567036800000,190505070,1,0,1,0,Personal Injury,DAVIESS,NON-CITY OR UNINCORPORATED,H,2,2,0,10,0,A ,W ,MO 6,CRD 242ND,Daylight,Motor Vehicle in Transport,1,64,Thu     ,0,0,0,0,0,0,0,1,1,0,0,0,0,0,0,1,0,0,0,0,0,0,0,0,0,39.92778,-93.93784,0,08/29/2019,12:00:00,CRASH OCCURRED AS VEH 1 AND VEH 2 WERE EASTBOUND ON MO-6. VEH 2 ATTEMPTED TO TURN NORTH INTO A PRIVATE DRIVE. VEH 1 ATTEMPTED TO OVERTAKE VEH 2 AND STRUCK VEH 2 IN THE FRONT DRIVER SIDE. VEH 1 AND VEH 2 CAME TO REST OFF THE NORTH SIDE OF MO-6 FACING NORTH. ASSISTED BY DAVIESS COUNTY SHERIFF'S DEPARTMENT.
1335361,3190022880,Missouri State Highway Patrol-Troop G,1567036800000,190505596,1,0,0,1,Personal Injury,HOWELL,NON-CITY OR UNINCORPORATED,G,1,1,0,2154,0.41,A ,N,MO 17,CRD 1820,Daylight,Fixed Object,2,,Thu     ,1,0,0,0,0,0,0,0,0,0,0,0,0,0,0,0,0,0,0,0,0,0,0,0,0,36.83855,-91.78677,0,08/29/2019,15:20:00,"VEHICLE 1 RAN OFF THE RIGHT SIDE OF THE ROADWAY, OVERCORRECTED, RAN OFF THE LEFT SIDE OF THE ROADWAY AND STRUCK A FENCE."
1122077,3190023049,Missouri State Highway Patrol-Troop E,1567036800000,190505715,2,0,2,0,Personal Injury,RIPLEY,NON-CITY OR UNINCORPORATED,E,2,2,0,1964,0.37,A ,E ,US 160,CRD 160E-16,Daylight,Motor Vehicle in Transport,1,61,Thu     ,0,0,0,0,0,0,0,1,0,0,0,0,0,0,0,0,0,0,0,0,1,0,0,1,0,36.66564,-90.67599,0,08/29/2019,16:05:00,CRASH OCCURRED AS VEHICLE 1 STRUCK REAR OF VEHICLE 2
1297898,3190023543,Missouri State Highway Patrol-Troop C,1567036800000,190505963,1,0,1,0,Personal Injury,JEFFERSON,NON-CITY OR UNINCORPORATED,C,1,1,0,501,0.09,A ,W ,CRD ROMAINE CREEK RD,PVT PARAMOUNT CT,Daylight,Fixed Object,2,,Thu     ,0,0,0,0,1,0,0,1,0,0,0,0,0,0,0,1,0,0,0,0,0,0,0,0,0,38.46812,-90.44511,0,08/29/2019,17:20:00,"VEHICLE 1 TRAVELED OFF THE RIGHT SIDE OF THE ROADWAY, STRUCK UTILITY POLE AND OVERTURNED."
915920,3190023447,Missouri State Highway Patrol-Troop D,1567036800000,190506209,1,0,0,1,Personal Injury,JASPER,FIDELITY,D,1,1,0,0,0,AT,N,MO 59,CRD BURR OAK RD,Daylight,Fixed Object,2,,Thu     ,0,0,0,0,1,0,1,0,0,0,0,0,0,0,0,1,0,0,0,0,0,0,0,0,0,37.07653,-94.31252,0,08/29/2019,19:10:00,OCCURRED AS #1 LEFT THE ROADWAY AND STRUCK A DITCH.TPR J.D. FISCHER #493
1122076,3190022862,Missouri State Highway Patrol-Troop E,1567036800000,190506303,1,0,0,1,Personal Injury,RIPLEY,NON-CITY OR UNINCORPORATED,E,2,2,0,4,0,B ,E ,MO 142,MO 21 WJ,Dark-Unlighted,Motor Vehicle in Transport,1,64,Thu     ,0,0,0,0,0,0,0,1,0,0,0,1,0,0,0,0,0,0,0,0,0,1,0,0,0,36.60456,-90.86333,0,08/29/2019,19:55:00,CRASH OCCURRED AS VEHICLE 1 PULLED INTO THE PATH OF VEHICLE 2.
991130,3190023728,Missouri State Highway Patrol-Troop D,1567036800000,190506361,1,0,0,1,Personal Injury,NEWTON,NON-CITY OR UNINCORPORATED,D,1,1,0,1070,0.2,B ,W ,RT HH,CRD TEAL DRIVE,Dark-Unlighted,Animal,1,,Thu     ,0,0,0,0,0,0,0,1,1,0,0,0,0,0,0,0,0,0,0,0,0,0,0,0,0,36.82402,-94.17285,0,08/29/2019,20:25:00,CRASH OCCURRED AS VEHICLE #1 STRUCK A COW IN THE ROADWAY. VEHICLE #1 THEN BECAME AIRBORNE AND OVERTURNED.
1201999,3190024788,Missouri State Highway Patrol-Troop F,1567036800000,190506449,2,0,1,1,Personal Injury,CAMDEN,NON-CITY OR UNINCORPORATED,F,2,2,0,3695,0.7,A ,S ,MO 5,CRD MOUNT HOREB RD,Dark-Unlighted,Motor Vehicle in Transport,1,64,Thu     ,1,0,0,0,0,0,0,0,0,0,0,0,0,0,0,1,0,0,0,0,1,0,0,1,0,37.89709,-92.70161,0,08/29/2019,21:18:00,"OCCURRED AS VEHICLE 1 CROSSED THE CENTER LINE AND STRUCK VEHICLE 2 HEAD ON. ASSISTED BY TPR. W. R. PLUMLEY (1294), TPR. J. C. SOUTHWOOD (1448) AND TPR. S. R. HOUSE (413)"
801010,3190022849,Missouri State Highway Patrol-Troop A,1567036800000,190506452,3,0,3,0,Personal Injury,JACKSON,LEES SUMMIT,A,1,1,0,447,0.08,B ,E ,US 40,CST POWELL AVE,Dark-Unlighted,Fixed Object,2,,Thu     ,0,0,0,0,1,1,1,0,0,0,0,0,0,0,0,1,0,0,0,0,0,0,0,0,0,39.02186,-94.33324,0,08/29/2019,21:20:00,CRASH OCCURRED AS VEHICLE WAS TRAVELING EASTBOUND ON US40. DRIVER LOST CONTROL OF VEHICLE CAUSING IT TO TRAVEL OFF THE LEFT SIDE OF THE ROAD AND STRIKE A DITCH. ASSISTED BY MSGT. R.S. SMITH (691).
899446,3190022854,Missouri State Highway Patrol-Troop D,1567036800000,190506467,1,0,1,0,Personal Injury,GREENE,NON-CITY OR UNINCORPORATED,D,1,1,0,1151,0.22,B ,S ,CRD 197,PVT E RED OAK ST,Dark-Unlighted,Fixed Object,2,,Thu     ,0,0,0,0,0,1,1,0,0,0,0,0,0,0,0,0,0,0,0,0,0,0,0,0,0,37.2803,-93.18647,0,08/29/2019,21:30:00,NBR 1 RAN OFF THE ROADWAY AND STRUCK A TREE.
859384,3190023748,Missouri State Highway Patrol-Troop A,1567036800000,190506486,1,0,1,0,Personal Injury,LAFAYETTE,NON-CITY OR UNINCORPORATED,A,1,1,0,105,0.02,A ,W ,CRD OSBORN RD,CRD BEAR GROVE RD,Dark-Unlighted,Fixed Object,2,,Thu     ,0,0,0,0,1,1,1,0,0,0,0,0,0,0,0,1,0,0,0,0,0,0,0,0,0,39.03585,-93.72027,0,08/29/2019,21:35:00,"CRASH OCCURRED AS VEHICLE 1 CROSSED THE CENTER OF THE ROADWAY, TRAVELED OFF THE LEFT SIDE OF THE ROAD, AND STRUCK AN EMBANKMENT. ASSISTED BY TPR B A OWENS /1423/, MSGT A V DILLON /990/, MSGT C E UTTERBACK /688/, HIGGINSVILLE PD, AND LAFAYETTE COUNTY SHERIFF'S DEPARTMENT."
1200841,3190023844,Missouri State Highway Patrol-Troop C,1567036800000,190506553,0,1,0,0,Fatal,LINCOLN,MOSCOW MILLS,C,1,1,0,322,0.06,B ,S ,US 61,PVT ANDERSON ROAD,Dark-Unlighted,Pedestrian,1,,Thu     ,0,0,0,1,0,0,0,0,0,0,0,0,0,0,0,0,0,0,0,0,0,0,0,0,1,38.92252,-90.92518,1,08/29/2019,22:41:00,"FATALITY REPORT- VEHICLE 1 WAS SOUTHBOUND ON HIGHWAY 61. PEDESTRIAN 1 WAS IN LANE 1. VEHICLE 1 STRUCK THE PEDESTRIAN. PEDESTRIAN 1 WAS PRONOUNCED ON SCENE AT 2251 HOURS ON 8/29/2019 BY LINCOLN COUNTY CORONER KELLY WALTERS. ASSISTED BY MSGT. J. L. DECKER (240), CPL. A. H. MICHAJLICZENKO (769), TPR. W. H. ABEL (132), AND TPR. J. L. HUGHES (879)."
859383,3190023463,Missouri State Highway Patrol-Troop A,1567123200000,190506620,1,0,1,0,Personal Injury,LAFAYETTE,NON-CITY OR UNINCORPORATED,A,2,2,0,42,0.01,A ,E ,IS 70,ERM EAST IS 70 MILE 446,Dark-Unlighted,Motor Vehicle in Transport,1,61,Thu     ,0,0,0,0,1,0,1,0,0,0,0,0,0,0,0,1,0,0,0,0,0,0,0,0,0,39.003,-93.82126,0,08/29/2019,23:54:00,"CRASH OCCURRED AS VEHICLE 1 SPUN OUT IN LANES OF TRAFFIC AND STRUCK VEHICLE 2. BOTH VEHICLES TRAVELED OFF THE RIGHT SIDE OF THE ROADWAY AND VEHICLE 2 OVERTURNED. BOTH VEHICLES CAME TO REST ON THE SOUTH OUTER RD. ASSISTED BY TPR B A OWENS /1423/, TPR B A WALKER /412/. AND LAFAYETTE COUNTY SHERIFF'S DEPARTMENT"
813162,3190023386,Missouri State Highway Patrol-Troop A,1567123200000,190506649,2,0,2,0,Personal Injury,BENTON,NON-CITY OR UNINCORPORATED,A,2,2,0,0,0,AT,E ,MO 52,CRD CENTERLINE AVE,Dark-Unlighted,Motor Vehicle in Transport,1,64,Fri     ,1,0,0,0,0,1,1,0,0,0,0,1,0,0,0,1,0,0,0,0,0,0,0,0,0,38.46235,-93.27549,0,08/30/2019,00:25:00,CRASH OCCURRED AS VEHICLE 1 FAILED TO YIELD TO VEHICLE 2 AND TRAVELED INTO THE PATH OF VEHICLE 2. VEHICLE 2 STRUCK THE PASSENGER SIDE OF VEHICLE 1. BOTH VEHICLES TRAVELED OFF THE RIGHT SIDE OF THE ROADWAY AND CAME TO REST. ASSISTED BY BENTON COUNTY SHERIFF'S DEPARTMENT.
1293265,3190024214,Missouri State Highway Patrol-Troop C,1567123200000,190506713,1,0,1,0,Personal Injury,ST. LOUIS,NON-CITY OR UNINCORPORATED,C,1,1,0,31,0.01,B ,E ,IS 70,ERM EAST IS 70 MILE 2426,Dark-Lighted,Fixed Object,2,,Fri     ,1,0,0,0,1,1,1,0,0,0,0,0,0,0,0,1,0,0,0,0,0,0,0,0,0,38.70612,-90.27308,0,08/30/2019,02:39:00,VEHICLE 1 RAN OFF THE LEFT SIDE OF THE ROADWAY AND STRUCK THE CONCRETE MEDIAN BARRIER. VEHICLE 1 THEN RAN OFF THE RIGHT SIDE OF THE ROADWAY AND STRUCK A FENCE.
1185456,3190023356,Missouri State Highway Patrol-Troop B,1567123200000,190506733,1,0,0,1,Personal Injury,SULLIVAN,NON-CITY OR UNINCORPORATED,B,1,1,0,1842,0.35,A ,S ,RT B,RT M,Dark-Unlighted,Overturn,2,,Fri     ,0,0,0,0,0,0,0,0,0,0,0,0,0,0,0,0,0,0,0,0,0,0,0,0,1,40.35159,-93.02605,0,08/30/2019,03:55:00,"VEHICLE 1 WAS SOUTHBOUND ON RT B, RAN OFF THE ROAD AND OVERTURNED."
928045,3190022915,Missouri State Highway Patrol-Troop D,1567123200000,190506853,1,0,1,0,Personal Injury,MCDONALD,JANE,D,1,1,0,850,0.16,A ,N,US 71,CRD SQUIRREL LN,Daylight,Fixed Object,2,,Fri     ,1,0,0,0,1,0,0,0,0,0,0,0,0,0,0,1,0,0,0,0,1,0,0,1,0,36.53774,-94.30056,0,08/30/2019,06:55:00,"OCCURRED AS VEHICLE 1 HYDROPLANED, STRUCK A CONCRETE BARRIER, AND OVERTURNED"
912837,3190023573,Missouri State Highway Patrol-Troop D,1567123200000,190506890,2,0,2,0,Personal Injury,POLK,NON-CITY OR UNINCORPORATED,D,2,2,0,0,0,AT,W ,MO 32,CRD BUFFALO ST,Daylight,Motor Vehicle in Transport,1,61,Fri     ,0,0,0,0,1,0,0,1,0,0,0,0,0,0,0,1,0,0,0,0,1,0,0,1,0,37.60804,-93.38155,0,08/30/2019,07:20:00,NR2 WAS STOPPED WAITING TO MAKE A LEFT TURN. NR1 STRUCK NR2 IN THE REAR.
1265145,3190023262,Missouri State Highway Patrol-Troop C,1567123200000,190507042,1,0,1,0,Personal Injury,ST. CHARLES,O'FALLON,C,3,3,0,3695,0.7,B ,E ,IS 64,RT K,Daylight,Motor Vehicle in Transport,1,61,Fri     ,0,0,0,0,0,0,0,0,0,0,0,0,0,0,0,1,0,0,0,0,1,0,0,1,0,38.71757,-90.71588,0,08/30/2019,08:30:00,"VEHICLE 3 STOPPED FOR TRAFFIC AHEAD, VEHICLE 2 SLOWED BEHIND VEHICLE 3, AND VEHICLE 1 STRUCK THE REAR OF VEHICLE 2. VEHICLE 2 STRUCK THE REAR OF VEHICLE 3."
1297892,3190023327,Missouri State Highway Patrol-Troop C,1567123200000,190507043,1,0,1,0,Personal Injury,JEFFERSON,NON-CITY OR UNINCORPORATED,C,2,2,0,316,0.06,B ,S ,MO 231,US 61,Daylight,Motor Vehicle in Transport,1,64,Fri     ,0,0,0,0,0,0,0,0,0,0,0,0,0,0,0,1,0,0,0,0,0,0,0,0,0,38.40555,-90.37614,0,08/30/2019,08:20:00,"DRIVER #2 FAILED TO YIELD TO VEHICLE #1 WHEN TURNING LEFT ONTO NORTHBOUND MISSOURI 231 FROM A PARKING LOT, CAUSING THE FRONT OF VEHICLE #1 TO STRIKE THE LEFT SIDE OF VEHICLE #2. ASSISTED BY R.P. MAHONEY #938"
801012,3190023995,Missouri State Highway Patrol-Troop A,1567123200000,190507158,2,0,2,0,Personal Injury,JACKSON,LEES SUMMIT,A,3,3,0,0,0,AT,W ,CST SW 3RD ST,CST WARD RD,Daylight,Motor Vehicle in Transport,1,64,Fri     ,,,,,,0,0,1,1,1,0,0,0,0,0,,0,0,,0,0,0,0,0,0,38.91131,-94.39593,0,08/30/2019,09:10:00,CRASH OCCURRED AS DVR3 FAILED TO STOP AT A SIGNAL.  VEH3 STRUCK THE FRONT OF VEH2.  VEH2 SPUN AND STRUCK THE FRONT OF VEH1.  ASSISTED BY LEE'S SUMMIT POLICE DEPARTMENT
899516,3190022846,Missouri State Highway Patrol-Troop D,1567123200000,190507332,1,0,1,0,Personal Injury,GREENE,NON-CITY OR UNINCORPORATED,D,1,1,0,100,0.02,A ,N,RT NN,PVT KELLY SPRINGS LN,Daylight,Fixed Object,2,,Fri     ,0,0,0,0,1,1,1,0,0,0,0,0,0,0,0,1,0,0,0,0,0,0,0,0,0,37.11226,-93.19033,0,08/30/2019,10:00:00,OCCURRED AS VEH1 RAN OFF ROADWAY AND OVERTURNED.
912838,3190023576,Missouri State Highway Patrol-Troop D,1567123200000,190507541,2,0,2,0,Personal Injury,POLK,NON-CITY OR UNINCORPORATED,D,2,2,0,155,0.03,A ,S ,MO 13,RT B,Daylight,Motor Vehicle in Transport,1,61,Fri     ,0,0,0,0,0,0,0,1,0,0,0,0,1,0,0,1,0,0,0,0,0,0,0,0,0,37.66743,-93.48735,0,08/30/2019,10:55:00,CRASH OCCURRED AS VEH #1 WAS MERGING ONTO SOUTHBOUND MO 13 FROM A CROSSOVER - DRIVER #1 CHANGED LANES FROM LEFT TO RIGHT  LANE DIRECTLY IN FRONT OF VEH #2 AND VEH #2 STRUCK VEH #1 IN THE REAR
1266803,3190022972,Missouri State Highway Patrol-Troop C,1567123200000,190507606,1,0,1,0,Personal Injury,FRANKLIN,OAK GROVE VILLAGE,C,2,2,0,211,0.04,B ,E ,IS 44,ERM EAST IS 44 MILE 2266,Daylight,Overturn,2,,Fri     ,0,0,0,0,0,0,0,1,1,0,0,0,0,0,0,0,0,0,0,0,0,0,0,0,0,38.23136,-91.14921,0,08/30/2019,11:34:00,"VEHICLE #1 WAS TRAVELING EASTBOUND ON INTERSTATE 44.  VEHICLE #1 ATTEMPTED TO AVOID ANOTHER VEHICLE.  VEHICLE #1 TRAVELED OFF THE RIGHT SIDE OF THE ROADWAY.  VEHICLE #1 RETURNED TO THE ROADWAY AND TRAVELED OFF THE LEFT SIDE OF THE ROADWAY, STRUCK THE MEDIAN, AND OVERTURNED.  VEHICLE #2 WAS TRAVELING WESTBOUND ON INTERSTATE 44 AND STRUCK DEBRIS FROM THE CRASH.  ASSISTED BY FTO M.A. FRIGY (547)"
861660,3190024593,Missouri State Highway Patrol-Troop A,1567123200000,190507745,1,0,1,0,Personal Injury,LAFAYETTE,EMMA,A,2,2,0,50,0.01,B ,E ,IS 70,ERM EAST IS 70 MILE 626,Daylight,Motor Vehicle in Transport,1,64,Fri     ,0,0,0,0,0,0,0,0,0,0,0,0,0,0,0,0,0,0,0,0,0,0,0,0,1,38.98472,-93.49464,0,08/30/2019,12:20:00,"THIS CRASH OCCURRED AS VEHICLES 1 AND 2 WERE TRAVELING EAST ON INTERSTATE 70. DRIVER 1  ATTEMPTED TO AVOID IMPACT WITH VEHICLE 2 BY MAKING A LANE CHANGE. VEHICLE 1 BEGAN SKIDDING CAUSING VEHICLE'S 1 TOWED UNIT TO STRIKE VEHICLE 2. AFTER IMPACT, VEHICLE 2 BEGAN SKIDDING AND TRAVELED OFF THE RIGHT SIDE OF THE ROADWAY. VEHICLE 2 CAME TO REST IN THE DITCH, FACING SOUTH. VEHICLE 1 WAS DRIVEN TO A CONTROLLED STOP ON THE RIGHT SHOULDER. TRAFFIC WAS CONGESTED DUE TO A CRASH AT THE 63. 2"
1263811,3190023546,Missouri State Highway Patrol-Troop C,1567123200000,190507851,2,0,2,0,Personal Injury,WARREN,WARRENTON,C,1,1,0,464,0.09,B ,W ,IS 70,ERM WEST IS 70 MILE 1928,Daylight,Jackknife,2,,Fri     ,0,0,0,0,1,0,0,1,1,0,0,0,0,0,0,1,0,0,0,0,1,0,0,1,1,38.82114,-91.15284,0,08/30/2019,12:45:00,VEHICLE #1 WAS TRAVELING WESTBOUND ON INTERSTATE 70. VEHICLE #1'S TRAILER BEGAN TO FISHTAIL.  DRIVER #1 LOST CONTROL OF HIS VEHICLE.  VEHICLE #1 TRAVELED OFF THE RIGHT SIDE OF THE ROADWAY AND OVERTURNED.
973868,3190023268,Missouri State Highway Patrol-Troop D,1567123200000,190508455,1,0,1,0,Personal Injury,BARRY,NON-CITY OR UNINCORPORATED,D,1,1,0,1536,0.29,B ,W ,RT Z,CRD 1160,Daylight,Fixed Object,2,,Fri     ,0,0,0,0,0,0,0,0,0,0,0,0,0,0,0,0,0,0,0,0,1,0,0,1,0,36.89615,-93.7685,0,08/30/2019,14:45:00,"VEHICLE #1 WENT OFF THE LEFT SIDE OF THE ROADWAY, STRUCK A DITCH, AND OVERTURNED."