objectid,accident,agency,inv_date,complaint,injured,killed,min_inj,dis_inj,severity,county,city,troop,no_vehicle,motor_veh,left_scene,dist_feet,dist_mile,inter_loc,direction,on_street,at_street,light_cond,acc_type,on_off_rd,two_veh,day_week,dr_drink,dr_drug,ped_drink,ped_drug,speed,dr_under21,dr_under25,dr_over55,dr_over64,electrical,emer_veh,stop_sign,yield_sign,czone,hazmat,aggressive,cell_phone,texting,veh_defect,school_bus,truck,motorcycle,atv,pickup,cmv,gps_lat,gps_long,severity_fatal,acc_date,acc_time,narrative
846004,3190022921,Missouri State Highway Patrol-Troop A,1567123200000,190508539,1,0,1,0,Personal Injury,JOHNSON,NON-CITY OR UNINCORPORATED,A,3,3,0,327,0.06,A ,N,MO 13,CRD 500,Daylight,Motor Vehicle in Transport,1,61,Fri     ,0,0,0,0,0,1,1,0,0,0,0,0,0,0,0,1,0,0,0,0,1,0,0,1,0,38.83501,-93.74115,0,08/30/2019,15:03:00,"CRASH OCCURRED AS VEHICLE 2 HAD SLOWED IN THE ROADWAY FOR A TURNING VEHICLE.  WHILE ACCELERATING, VEHICLE 2 WAS STRUCK IN THE REAR BY VEHICLE 1.  VEHICLE 3 THEN STRUCK THE REAR OF VEHICLE 1."
1210321,3190023205,Missouri State Highway Patrol-Troop F,1567123200000,190508666,2,0,2,0,Personal Injury,COLE,NON-CITY OR UNINCORPORATED,F,2,2,0,73,0.01,A ,N,CRD HERITAGE HWY,CRD PROPST RD SJ,Daylight,Motor Vehicle in Transport,1,64,Fri     ,0,0,0,0,0,0,0,1,1,0,0,0,0,0,0,1,0,0,0,0,0,0,0,0,0,38.49386,-92.27411,0,08/30/2019,15:25:00,CRASH OCCURRED ON HERITAGE HIGHWAY AS VEHICLE 1 TRAVELING SOUTHBOUND AND ATTEMPTED A LEFT TURN IN FRONT OF NORTHBOUND VEHICLE 2. DRIVER OF VEHICLE 2 ATTEMPTED TO AVOID AN ACCIDENT AND STRUCK VEHICLE 1 IN A PRIVATE RESIDENCE DRIVEWAY. ASSISTED BY TPR C.A. WINTER (1113)
1501230,3190023122,Missouri State Highway Patrol-Troop H,1567123200000,190508714,1,0,1,0,Personal Injury,ANDREW,NON-CITY OR UNINCORPORATED,H,1,1,0,327,0.06,A ,S ,RP 5842,IS 29,Daylight,Fixed Object,2,,Fri     ,0,0,0,0,1,1,1,0,0,0,0,0,0,0,0,1,0,0,0,0,0,0,0,0,1,39.91252,-94.90061,0,08/30/2019,15:34:00,"CRASH OCCURRED AS VEHICLE 1 WAS SOUTHBOUND ON I-29 AND ATTEMPTED TO TAKE THE EXIT AT THE 60 MILE MARKER. VEHICLE 1 TRAVELED OFF THE EAST SIDE OF THE ROADWAY, STRUCK A GUARD RAIL, OVERTURNED, AND CAME TO REST ON ITS DRIVER'S SIDE FACING NORTH IN THE ROADWAY. ASSISTED BY TPR K.F. JEFFERS (669) AND THE ANDREW COUNTY SHERIFF'S DEPARTMENT."
1036224,3190024619,Missouri State Highway Patrol-Troop I,1567123200000,190508935,1,1,0,1,Fatal,PHELPS,NON-CITY OR UNINCORPORATED,I,1,1,0,592,0.11,B ,E ,IS 44,ERM EAST IS 44 MILE 1706,Daylight,Fixed Object,2,,Fri     ,0,0,0,0,0,0,0,1,1,0,0,0,0,0,0,1,0,0,0,0,0,0,0,0,0,37.88639,-92.01379,1,08/30/2019,16:20:00,"FATALITY CRASH -- CRASH OCCURRED AS VEHICLE 1 TRAVELED OFF THE RIGHT SIDE OF THE ROADWAY, STRUCK A CULVERT, A TREE AND A FIBER CABLE POST.  VEHICLE 1 CONTINUED TRAVELING AND STRUCK A SECOND CULVERT THEN WENT AIRBORNE. NEXT OF KIN HAS BEEN NOTIFIED. THE DRIVER WAS PRONOUNCED DECEASED AT 1832 HOURS BY DR. CLAY AT PHELPS HEALTH EMERGENCY ROOM. THIS IS TROOP I'S 5TH FATALITY FOR THE MONTH OF AUGUST AND THE 26TH FATALITY FOR 2019.  ASSISTED BY TPR R.A. TYLER (428), TPR J.N. RIGSBY (1196) AND CONSERVATION AGENT J.K. HALL (CC563), AND MCIU TEAM 2 SGT. J. D. COX, (654)."
846006,3190024548,Missouri State Highway Patrol-Troop A,1567123200000,190509027,2,0,1,1,Personal Injury,JOHNSON,NON-CITY OR UNINCORPORATED,A,2,2,0,0,0,AT,S ,MO 13,CRD E DIVISION RD,Daylight,Motor Vehicle in Transport,1,64,Fri     ,0,0,0,0,0,1,1,0,0,0,0,1,0,0,0,1,0,0,0,0,0,0,0,0,0,38.75837,-93.68631,0,08/30/2019,16:30:00,VEHICLE 2 WAS TRAVELING NORTH ON MO13. VEHICLE 1 ATTEMPTED TO TURN IN FRONT OF VEHICLE 2 AND STRUCK VEHICLE 1 DRIVER'S SIDE. ASSISTED BY JOHNSON COUNTY.
801013,3190022943,Missouri State Highway Patrol-Troop A,1567123200000,190509092,1,0,1,0,Personal Injury,JACKSON,LEES SUMMIT,A,2,2,0,126,0.02,A ,E ,IS 470,ERM EAST IS 470 MILE 60,Daylight,Motor Vehicle in Transport,1,61,Fri     ,0,0,0,0,1,1,1,0,0,0,0,0,0,0,0,1,0,0,0,0,0,0,0,0,0,38.93535,-94.43557,0,08/30/2019,16:50:00,OCCURRED AS VEHICLE 1 AND VEHICLE 2 WERE EASTBOUND ON INTERSTATE 470.  VEHICLE 2 SLOWED DOWN DUE TO CONGESTED TRAFFIC.  VEHICLE 1 WAS UNABLE TO SLOW DOWN AND STRUCK VEHICLE 2 FROM BEHIND. ASSISTED BY CPL. R. A. WOOD /788/ AND TPR. Z. D. DAVIDSON /288/.
1203683,3190023016,Missouri State Highway Patrol-Troop F,1567123200000,190509165,1,0,1,0,Personal Injury,COOPER,NON-CITY OR UNINCORPORATED,F,2,2,0,253,0.05,B ,W ,IS 70,ERM WEST IS 70 MILE 1130,Daylight,Motor Vehicle in Transport,1,61,Fri     ,0,0,0,0,1,0,1,0,0,0,0,0,0,0,0,1,0,0,0,0,0,0,0,0,0,38.94392,-92.56991,0,08/30/2019,17:00:00,"OCCURRED AS VEHICLE 1 SLOWED DUE TO TRAFFIC CONGESTION, AND VEHICLE 2 STRUCK THE REAR OF VEHICLE 1"
1285954,3190028281,Missouri State Highway Patrol-Troop C,1567123200000,190509365,1,0,1,0,Personal Injury,ST. FRANCOIS,NON-CITY OR UNINCORPORATED,C,2,2,0,0,0,AT,N,US 67,CRD Y CUT OFF RD,Daylight,Motor Vehicle in Transport,1,64,Fri     ,1,0,0,0,0,0,0,1,1,0,0,0,0,0,0,0,0,0,0,0,1,0,0,1,0,38.01086,-90.48751,0,08/30/2019,17:45:00,BOTH VEHICLES WERE TRAVELING NORTHBOUND US 67. VEHICLE #1 WAS STOPPED IN THE NORTHBOUND LANES OF US 67. DRIVER #2 COULD NOT AVOID VEHICLE #1 AND STRUCK THE RIGHT REAR.
973869,3190023548,Missouri State Highway Patrol-Troop D,1567123200000,190509379,1,0,1,0,Personal Injury,BARRY,NON-CITY OR UNINCORPORATED,D,2,2,0,0,0,AT,S ,MO 37,CRD 1062,Daylight,Motor Vehicle in Transport,1,64,Fri     ,1,0,0,0,0,0,0,0,0,0,0,1,0,0,0,1,0,0,0,0,0,0,1,0,0,36.54239,-93.96369,0,08/30/2019,18:00:00,VEH #1 FAILED TO STOP FOR A STOP SIGN AND DROVE INTO THE SIDE OF VEH #2.
1335363,3190025699,Missouri State Highway Patrol-Troop G,1567123200000,190509470,2,0,0,2,Personal Injury,HOWELL,NON-CITY OR UNINCORPORATED,G,1,1,0,0,0,AT,S ,RT BB,CRD 1360,Daylight,Fixed Object,2,,Fri     ,0,0,0,0,1,1,1,0,0,0,0,0,0,0,0,1,0,0,0,0,0,0,0,0,0,36.78972,-91.84158,0,08/30/2019,18:25:00,OCCURRED AS VEHICLE #1 TRAVELED OFF OF THE LEFT SIDE OF THE ROADWAY AND STRUCK A TREE. ASSISTED BY CPL. M.T. WEAKLEY (1144) AND TPR. D.A. HUFFMAN (436)
1211039,3190024149,Missouri State Highway Patrol-Troop C,1567123200000,190509597,1,0,1,0,Personal Injury,ST. LOUIS,DES PERES,C,1,1,0,459,0.09,A ,W ,IS 270,ERM SOUTH IS 270 MILE 82,Dark-Unlighted,Fixed Object,2,,Fri     ,0,0,0,0,1,1,1,0,0,0,0,0,0,0,0,1,0,0,0,0,1,0,0,1,0,38.5758,-90.44493,0,08/30/2019,18:58:00,"VEHICLE #1 WAS TRAVELING SOUTHBOUND ON INTERSTATE 270, HYDROPLANED STRIKING THE MEDIAN WALL, AND OVERTURNED."
1260220,3190023533,Missouri State Highway Patrol-Troop C,1567123200000,190509788,1,0,1,0,Personal Injury,ST. CHARLES,NON-CITY OR UNINCORPORATED,C,2,2,0,0,0,AT,S ,RT T,RT OO,Dark-Unlighted,Motor Vehicle in Transport,1,64,Fri     ,0,0,0,0,0,1,1,0,0,0,0,1,0,0,0,1,0,0,0,0,0,0,0,0,0,38.77423,-90.96219,0,08/30/2019,19:50:00,"VEHICLE 1 WAS TRAVELING SOUTHBOUND ON HIGHWAY T, RAN A STOP SIGN, AND COLLIDE WITH THE LEFT SIDE OF VEHICLE 2. BOTH VEHICLES TRAVELED OFF THE LEFT SIDE OF THE ROADWAY. ASSISTED BY TPR J L HUGHES (879)."
991088,3190023934,Missouri State Highway Patrol-Troop D,1567123200000,190510133,1,0,1,0,Personal Injury,NEWTON,NON-CITY OR UNINCORPORATED,D,1,1,0,0,0,AT,S ,CRD DANVILLE LANE,CRD OLD 60 DRIVE,Dark-Unlighted,Fixed Object,2,,Fri     ,0,0,0,0,1,1,1,0,0,0,0,1,0,0,0,1,1,0,0,0,0,0,0,0,0,36.83012,-94.54396,0,08/30/2019,21:25:00,"OCCURRED AS #1 WAS SOUTHBOUND AND FAILED TO STOP AT A T-INTERSECTION, RAN OFF THE ROAD AND COLLIDED WITH AN EMBANKMENT"
834849,3190025275,Missouri State Highway Patrol-Troop A,1567123200000,190510402,1,0,1,0,Personal Injury,PLATTE,KANSAS CITY,A,3,3,0,322,0.06,B ,N,RP 227500,CST NW BARRY RD,Dark-Unlighted,Motor Vehicle in Transport,1,61,Fri     ,1,0,0,0,0,1,1,1,0,1,0,0,0,0,0,0,0,0,0,0,0,0,0,0,0,39.24591,-94.65786,0,08/30/2019,22:47:00,CRASH OCCURRED AS VEHICLES 2 AND 3 WERE STATIONARY AT A RED LIGHT ON THE RAMP TO BARRY ROAD FROM I29. VEHICLE1 FAILED TO YIELD AND STRUCK VEHICLE2 IN THE REAR CAUSING VEHICLE2 TO STRIKE VEHICLE3. ASSISTED BY KANSAS CITY FIRE AND EMS.
1233816,3190025198,Missouri State Highway Patrol-Troop C,1567123200000,190510418,0,1,0,0,Fatal,ST. LOUIS,KIRKWOOD,C,4,4,0,15,0,A ,W ,IS 44,ERM WEST IS 44 MILE 2790,Dark-Lighted,Other Object,1,,Fri     ,0,0,0,0,0,0,1,0,0,0,0,0,0,0,0,0,0,0,0,0,1,0,0,1,1,38.56967,-90.39264,1,08/30/2019,22:58:00,"FATALITY REPORT - ALL VEHICLES WERE TRAVELING WESTBOUND ON INTERSTATE 44. VEHICLE 3 WAS INVOLVED IN A PREVIOUS SINGLE VEHICLE ACCIDENT AND WAS FACING EASTBOUND IN WESTBOUND LANE 3. THE FRONT LEFT OF VEHICLE 2 STRUCK THE FRONT OF VEHICLE 3. THE FRONT OF VEHICLE 1 STRUCK THE FRONT LEFT OF VEHICLE 3. VEHICLE 4 STRUCK DEBRIS IN THE ROADWAY FROM VEHICLE 3. DRIVER 3 FATALITY PRONOUNCED AT THE SCENE BY KIRKWOOD FIRE RESCUE PERSONNEL AT 2308 HOURS. ASSISTED BY MSGT. T. M. WILLIAMS (1132), TPR. J. D. PROCKNOW (1453), TPR. C. A. GROVES (348), CPL. E. R. KESSLER (890), AND KIRKWOOD PD OFFICERS."
1156171,3190023178,Missouri State Highway Patrol-Troop E,1567209600000,190510654,2,0,1,1,Personal Injury,SCOTT,NON-CITY OR UNINCORPORATED,E,1,1,0,385,0.07,B ,N,IS 55,ERM NORTH IS 55 MILE 686,Dark-Unlighted,Overturn,2,,Sat     ,0,0,0,0,0,0,0,0,0,0,0,0,0,0,0,0,0,0,0,0,0,0,0,0,0,36.90833,-89.53344,0,08/31/2019,00:18:00,CRASH OCCURRED AS VEHICLE 1 TRAVELED OFF THE LEFT SIDE OF THE ROADWAY AND OVERTURNED.
915921,3190023140,Missouri State Highway Patrol-Troop D,1567209600000,190510692,1,0,1,0,Personal Injury,JASPER,FIDELITY,D,1,1,0,105,0.02,B ,W ,IS 44,ERM WEST IS 44 MILE 180,Dark-Unlighted,Fixed Object,2,,Sat     ,0,0,0,0,0,0,0,0,0,0,0,0,0,0,0,0,0,0,0,0,0,0,0,0,0,37.08204,-94.32089,0,08/31/2019,00:36:00,"CRASH OCCURRED AS VEHICLE #1 TRAVELED OFF LEFT SIDE OF THE ROADWAY. DRIVER OVERCORRECTED AND THE VEHICLE TRAVELED OFF THE RIGHT SIDE OF THE ROADWAY, STRUCK AN EMBANKMENT AND OVERTURNED."
1031251,3190023497,Missouri State Highway Patrol-Troop I,1567209600000,190510733,1,0,1,0,Personal Injury,PULASKI,ST ROBERT,I,1,1,Y,126,0.02,A ,W ,IS 44,ERM WEST IS 44 MILE 1610,Dark-Unlighted,Fixed Object,2,,Sat     ,1,0,0,0,0,0,0,0,0,0,0,0,0,0,0,0,0,0,0,0,0,0,0,0,0,37.82321,-92.14841,0,08/31/2019,00:53:00,CRASH OCCURRED AS VEHICLE 1 DROVE OFF OF THE  LEFT SIDE OF ROADWAY STRIKING CABLE BARRIER.
866652,3190024668,Missouri State Highway Patrol-Troop A,1567209600000,190510778,1,0,0,1,Personal Injury,PETTIS,NON-CITY OR UNINCORPORATED,A,1,1,Y,70,0.01,A ,S ,MO 127,CRD UPTON RD,Dark-Unlighted,Fixed Object,2,,Sat     ,1,0,0,0,1,0,0,0,0,0,0,0,0,0,0,1,0,0,0,0,1,0,0,1,0,38.56723,-93.42253,0,08/31/2019,00:45:00,CRASH OCCURRED AS DRIVER 1 FAILED TO NEGOTIATE A SHARP LEFT HAND CURVE. VEHICLE 1 RAN OFF THE RIGHT SIDE OF THE ROADWAY. DRIVER 1 OVERCORRECTED CAUSING VEHICLE 1 TO TRAVEL OFF THE LEFT SIDE OF THE ROADWAY. VEHICLE 1 STRUCK A DITCH AND OVERTURNED. ASSISTED BY CPL A. S. CRAIG /477/
1057890,3190023704,Missouri State Highway Patrol-Troop I,1567209600000,190510850,1,0,1,0,Personal Injury,CRAWFORD,NON-CITY OR UNINCORPORATED,I,1,1,0,36,0.01,A ,N,RT J,CST PINE ST 907,Dark-Unlighted,Fixed Object,2,,Sat     ,1,0,0,0,0,0,0,1,0,0,0,0,0,0,0,0,0,0,0,0,1,0,0,1,0,38.16265,-91.24542,0,08/31/2019,02:10:00,"CRASH OCCURRED AS VEHICLE 1 TRAVELED  OFF OF THE RIGHT SIDE OF THE ROADWAY,  DRIVER OVERCORRECTED TRAVELED  OFF OF THE  LEFT SIDE OF ROADWAY STRIKING SEVERAL  ROCK  EMBANKMENTS. ASSISTED BY TPR J.L. DUNMIRE (244)"
1332849,3190023553,Missouri State Highway Patrol-Troop G,1567209600000,190510872,1,0,1,0,Personal Injury,CARTER,NON-CITY OR UNINCORPORATED,G,1,1,0,2148,0.41,B ,N,CRD 253,RT O,Dark-Unlighted,Fixed Object,2,,Sat     ,0,0,0,0,1,0,0,0,0,0,0,0,0,0,0,1,0,0,0,0,0,0,0,0,0,36.81803,-90.86609,0,08/31/2019,02:35:00,OCCURRED AS VEHICLE #1 TRAVELED OFF OF THE LEFT SIDE OF THE ROADWAY AND OVERTURNED.
1504877,3190022991,Missouri State Highway Patrol-Troop H,1567209600000,190510884,1,0,1,0,Personal Injury,DAVIESS,NON-CITY OR UNINCORPORATED,H,1,1,0,396,0.07,A ,N,IS 35,ERM NORTH IS 35 MILE 702,Dark-Unlighted,Overturn,2,,Sat     ,1,0,0,0,0,0,0,0,0,0,0,0,0,0,0,0,0,0,0,0,0,0,0,0,0,39.9651,-94.10006,0,08/31/2019,03:05:00,"CRASH OCCURRED AS VEH#1 WAS NORTHBOUND ON I-35, TRAVELED OFF THE EAST SIDE OF THE ROADWAY, AND OVERTURNED. VEHICLE #1 CAME TO REST ON ITS DRIVERS SIDE FACING SOUTH."
921748,3190024496,Missouri State Highway Patrol-Troop D,1567209600000,190510889,1,0,1,0,Personal Injury,LAWRENCE,NON-CITY OR UNINCORPORATED,D,1,1,0,242,0.05,B ,E ,IS 44,ERM EAST IS 44 MILE 430,Dark-Unlighted,Fixed Object,2,,Sat     ,0,0,0,0,0,0,0,1,1,0,0,0,0,1,0,0,0,0,0,0,0,0,0,0,0,37.08051,-93.87142,0,08/31/2019,03:15:00,OCCURRED AS #1 WAS EASTBOUND ON I44 IN A CONSTRUCTION ZONE WHEN DRIVER #1 LOST CONTROL CAUSING  # 1 TO TRAVEL OFF THE ROADWAY STRIKING SOME PILED ROCK IN THE MEDIAN OFF THE ROADWAY.
1287947,3190024124,Missouri State Highway Patrol-Troop C,1567209600000,190510891,1,0,1,0,Personal Injury,PIKE,NON-CITY OR UNINCORPORATED,C,1,1,0,269,0.05,A ,S ,RT Y,CRD 402,Dark-Unlighted,Fixed Object,2,,Sat     ,1,0,0,0,0,0,1,0,0,0,0,0,0,0,0,0,1,0,0,0,0,0,0,0,0,39.34185,-91.21923,0,08/31/2019,02:50:00,VEHICLE 1 WAS TRAVELING WESTBOUND ON HIGHWAY Y NEAR PIKE COUNTY ROAD 402. DRIVER 1 BECAME DISTRACTED WITH HIS CELL PHONE . VEHICLE 1 TRAVELED OFF THE RIGHT SIDE OF THE ROADWAY BEFORE STRIKING AN EMBANKMENT AND OVERTURNING.
1216649,3190023153,Missouri State Highway Patrol-Troop C,1567209600000,190510912,2,0,2,0,Personal Injury,FRANKLIN,NON-CITY OR UNINCORPORATED,C,1,1,0,258,0.05,A ,E ,IS 44,ERM EAST IS 44 MILE 2446,Dark-Unlighted,Overturn,2,,Sat     ,0,0,0,0,1,0,0,0,0,0,0,0,0,0,0,1,0,0,0,0,0,0,0,0,1,38.40002,-90.92854,0,08/31/2019,04:45:00,"VEHICLE #1 TRAVELED OFF THE RIGHT SIDE OF THE ROADWAY, DOWN AN EMBANKMENT AND OVERTURNED."
1210338,3190022988,Missouri State Highway Patrol-Troop F,1567209600000,190510923,1,0,1,0,Personal Injury,COLE,NON-CITY OR UNINCORPORATED,F,3,3,0,64,0.01,B ,W ,CRD SCHERR DR,CRD RENE CT,Dark-Unlighted,Parked Motor Vehicle,2,60,Sat     ,0,0,0,0,0,1,1,0,0,0,0,0,0,0,0,0,1,0,0,0,1,0,0,1,0,38.55888,-92.29825,0,08/31/2019,06:00:00,"VEHICLE 1 WAS TRAVELING EASTBOUND ON SCHERR DRIVE, SWERVED TO AVOID PEDESTRIAN, CROSSED CENTER LINE, STRUCK PARKED VEHICLE 2, WHICH CAUSED PARKED VEHICLE 2 TO STRIKE PARKED VEHICLE 3. VEHICLE 1 CONTINUED EASTBOUND, ROLLED TO SIDE, AND SKIDDED TO STOP, COMING TO REST ON ITS TOP."
1187286,3190023304,Missouri State Highway Patrol-Troop B,1567209600000,190510926,0,1,0,0,Fatal,MARION,NON-CITY OR UNINCORPORATED,B,1,1,0,364,0.07,B ,E ,MO 168,CRD 324,Dark-Unlighted,Fixed Object,2,,Sat     ,1,0,0,0,1,0,1,0,0,0,0,0,0,0,0,1,0,0,0,0,0,0,0,0,0,39.82193,-91.57497,1,08/31/2019,06:05:00,"FATALITY ACCIDENT - VEHICLE 01 TRAVELED OFF RIGHT SIDE OF ROADWAY, STRUCK A UTILITY POLE AND OVERTURNED.  ASSISTED BY MARION COUNTY SHERIFF'S DEPARTMENT AND PALMYRA FIRE DEPARTMENT.  PRONOUNCED BY DR HEMAL PATEL AT HANNIBAL REGIONAL HOSPITAL AT 0753 ON 08/31.  NEXT OF KIN NOTIFIED."
1297967,3190023404,Missouri State Highway Patrol-Troop C,1567209600000,190510967,1,0,1,0,Personal Injury,JEFFERSON,NON-CITY OR UNINCORPORATED,C,2,2,0,0,0,AT,N,CRD OLD HIGHWAY 21,PVT ENCHANTED FOREST DR,Daylight,Motor Vehicle in Transport,1,64,Sat     ,0,0,0,0,0,1,1,0,0,0,0,1,0,0,0,1,0,0,0,0,0,0,0,0,0,38.4425,-90.45645,0,08/31/2019,07:02:00,VEHICLE 2 TURNED FROM ENCHANTED PARKWAY ONTO OLD HIGHWAY 21 IN FRONT OF VEHICLE 1.  VEHICLE 1 STRUCK THE FRONT RIGHT SIDE OF VEHICLE 2.  ASSISTED BY SGT. T. S. CROFT (183)
1122074,3190023118,Missouri State Highway Patrol-Troop E,1567209600000,190511489,1,0,1,0,Personal Injury,RIPLEY,NON-CITY OR UNINCORPORATED,E,2,2,0,158,0.03,A ,W ,CRD 142E-20,MO 142,Daylight,Motor Vehicle in Transport,1,64,Sat     ,0,0,0,0,0,1,1,0,0,0,0,0,0,0,0,1,0,0,0,0,0,0,0,0,0,36.5942,-90.77229,0,08/31/2019,11:00:00,CRASH OCCURRED AS VEHICLE ONE CROSSED THE CENTER LINE STRIKING VEHICLE TWO.
1297968,3190023412,Missouri State Highway Patrol-Troop C,1567209600000,190511848,1,0,1,0,Personal Injury,JEFFERSON,NON-CITY OR UNINCORPORATED,C,2,2,0,10,0,A ,S ,RT B,PVT COLUMN DR,Daylight,Motor Vehicle in Transport,1,60,Sat     ,0,0,0,0,0,1,1,1,0,0,0,0,0,0,0,1,0,0,0,0,0,0,0,0,0,38.25146,-90.61803,0,08/31/2019,12:55:00,DRIVER 1 FAILED TO SEE VEHICLE 2 APPROACHING. DRIVER 1 ATTEMPTED TO MAKE A LEFT TURN ONTO A PRIVATE DRIVE. THE FRONT LEFT OF VEHICLE 1 IMPACTED THE FRONT RIGHT OF VEHICLE 2.
1130276,3190023249,Missouri State Highway Patrol-Troop E,1567209600000,190512075,1,0,1,0,Personal Injury,CAPE GIRARDEAU,NON-CITY OR UNINCORPORATED,E,1,1,0,0,0,AT,E ,RT EE,CRD 264,Daylight,Fixed Object,2,,Sat     ,0,0,0,0,1,0,0,1,0,0,0,0,0,0,0,1,0,0,0,0,0,1,0,0,0,37.18451,-89.72829,0,08/31/2019,14:08:00,"STATE PROPERTY DAMAGE - CRASH OCCURRED AS VEHICLE ONE RAN OFF THE ROADWAY, STRUCK A SIGN, AND OVERTURNED. STATE PROPERTY DAMAGE - ONE CURVE WARNING SIGN"
899488,3190023586,Missouri State Highway Patrol-Troop D,1567209600000,190512134,2,0,2,0,Personal Injury,GREENE,NON-CITY OR UNINCORPORATED,D,2,2,0,45,0.01,A ,N,RT N,CRD 156,Daylight,Motor Vehicle in Transport,1,61,Sat     ,0,0,0,0,0,1,1,0,0,0,0,0,0,0,0,1,0,0,0,0,1,0,0,1,0,37.17039,-93.47901,0,08/31/2019,14:20:00,VEHICLE #1 BEGAN TO SKID AND STRUCK VEHICLE #2 FROM BEHIND.  VEHICLE #2 TRAVELED OFF THE RIGHT SIDE OF THE ROADWAY.
1190168,3190023401,Missouri State Highway Patrol-Troop F,1567209600000,190512146,1,0,1,0,Personal Injury,CALLAWAY,NON-CITY OR UNINCORPORATED,F,1,1,0,665,0.13,A ,W ,RT UU,CRD 101,Daylight,Fixed Object,2,,Sat     ,0,0,0,0,0,0,0,0,0,0,0,0,0,0,0,0,0,0,0,0,0,0,0,0,0,38.84481,-91.88634,0,08/31/2019,14:25:00,DRIVER 1 EXPERIENCED UNKNOWN MEDICAL ISSUE RESULTING IN VEHICLE 1 TRAVELING OFF THE ROADWAY AND STRIKING A FENCE AND A TREE.
1335356,3190023415,Missouri State Highway Patrol-Troop G,1567209600000,190512285,1,0,1,0,Personal Injury,HOWELL,NON-CITY OR UNINCORPORATED,G,1,1,0,850,0.16,B ,W ,MO 14,CRD 5090,Daylight,Overturn,2,,Sat     ,0,0,0,0,0,0,0,0,0,0,0,0,0,0,0,0,0,0,0,0,0,1,0,0,0,36.79874,-91.97473,0,08/31/2019,15:10:00,VEHICLE 1 RAN OFF THE RIGHT SIDE OF THE ROADWAY AND OVERTURNED.
1180807,3190023294,Missouri State Highway Patrol-Troop B,1567209600000,190512671,1,0,1,0,Personal Injury,PUTNAM,NON-CITY OR UNINCORPORATED,B,1,1,0,348,0.07,B ,W ,RT E,CRD 160TH ST,Daylight,Fixed Object,2,,Sat     ,0,0,0,0,0,0,1,0,0,0,0,0,0,0,0,0,0,0,0,0,0,0,0,0,0,40.49958,-93.15667,0,08/31/2019,17:30:00,VEHICLE 1 RAN OFF THE RIGHT SIDE OF THE ROADWAY AND STRUCK A DITCH COMING TO REST FACING WEST.  ASSISTED BY THE PUTNAM COUNTY SHERIFF'S OFFICE AND PUTNAM COUNTY AMBULANCE.
1190434,3190024359,Missouri State Highway Patrol-Troop B,1567209600000,190513281,1,0,0,1,Personal Injury,SHELBY,NON-CITY OR UNINCORPORATED,B,1,1,0,517,0.1,A ,S ,MO 15,CRD 330,Dark-Unlighted,Fixed Object,2,,Sat     ,1,0,0,0,0,0,0,0,0,0,0,0,0,0,0,0,0,0,0,0,0,0,0,0,0,39.76076,-92.04218,0,08/31/2019,21:45:00,"VEHICLE 1 BEGAN TO RUN OFF THE RIGHT SIDE OF THE ROADWAY, OVERCORRECTED, SKIDDED BACK OFF THE RIGHT SIDE OF ROADWAY. STRUCK A DITCH AND OVERTURNED COMING TO REST ON ITS TOP PARTIALLY EJECTING DRIVER 1."
1297965,3190025217,Missouri State Highway Patrol-Troop C,1567209600000,190513290,1,1,1,0,Fatal,JEFFERSON,NON-CITY OR UNINCORPORATED,C,2,2,0,95,0.02,B ,S ,CRD OLD HWY 21,PVT ENCHANTED FOREST DR,Dark-Unlighted,Motor Vehicle in Transport,1,60,Sat     ,0,0,0,0,0,0,1,1,0,0,0,0,0,0,0,1,0,0,0,0,0,1,0,0,0,38.44274,-90.4565,1,08/31/2019,21:50:00,LATE FATALITY - VEHICLE 1 WAS TRAVELING SOUTHBOUND ON OLD HIGHWAY 21. VEHICLE 2 WAS TRAVELING NORTHBOUND ON OLD HIGHWAY 21. DRIVER 2 WAS ATTEMPTING TO MAKE A LEFT TURN INTO A PRIVATE PARKING LOT AND TRAVELED INTO THE PATH OF VEHICLE 1. ASSISTED BY TPR K W KAISER (298). PRONOUNCED BY MERCY SOUTH MEDICAL STAFF
989637,3190023357,Missouri State Highway Patrol-Troop D,1567209600000,190513404,4,0,4,0,Personal Injury,JASPER,NON-CITY OR UNINCORPORATED,D,2,2,0,131,0.02,B ,W ,IS 44,ERM WEST IS 44 MILE 164,Dark-Unlighted,Motor Vehicle in Transport,1,64,Sat     ,0,0,0,0,0,0,0,0,0,0,0,0,0,0,0,0,0,0,0,0,0,0,0,0,1,37.08223,-94.34972,0,08/31/2019,22:28:00,"VEHICLE 1 RAN OFF THE ROADWAY, LOST CONTROL, OVERCORRECTED BACK INTO THE ROADWAY AND WAS STRUCK BY VEHICLE 2.  BOTH VEHICLES THEN RAN OFF THE ROADWAY AND STRUCK THE MEDIAN CABLES CAUSING  VEHICLE 2 TO OVERTURN."
1171755,3190024022,Missouri State Highway Patrol-Troop F,1567209600000,190513431,1,0,0,1,Personal Injury,MORGAN,NON-CITY OR UNINCORPORATED,F,1,1,Y,15,0,B ,N,RT TT,MO 5 NJ,Dark-Unlighted,Fell/Jumped from MV,1,,Sat     ,0,0,0,0,0,0,0,0,0,0,0,1,0,0,0,0,0,0,0,0,1,0,0,1,0,38.3567,-92.85325,0,08/31/2019,22:33:00,"OCCURRED AS VEHICLE 1 WAS ATTEMPTING A U-TURN, PASSENGER OPENED THE DOOR AND FELL OUT OF THE VEHICLE STRIKING HER HEAD. ASSISTED BY TPR S. D. SEARS (1407), AND THE  VERSAILLES POLICE DEPARTMENT"