objectid,accident,agency,inv_date,complaint,injured,killed,min_inj,dis_inj,severity,county,city,troop,no_vehicle,motor_veh,left_scene,dist_feet,dist_mile,inter_loc,direction,on_street,at_street,light_cond,acc_type,on_off_rd,two_veh,day_week,dr_drink,dr_drug,ped_drink,ped_drug,speed,dr_under21,dr_under25,dr_over55,dr_over64,electrical,emer_veh,stop_sign,yield_sign,czone,hazmat,aggressive,cell_phone,texting,veh_defect,school_bus,truck,motorcycle,atv,pickup,cmv,gps_lat,gps_long,severity_fatal,acc_date,acc_time,narrative
1329229,3190023577,Missouri State Highway Patrol-Troop G,1567209600000,190513469,2,0,2,0,Personal Injury,OREGON,NON-CITY OR UNINCORPORATED,G,1,1,0,3168,0.6,B ,S ,CRD 225,CRD 234,Dark-Unlighted,Fixed Object,2,,Sat     ,1,0,0,0,1,0,0,0,0,0,0,0,0,0,0,1,0,0,0,0,0,0,1,0,0,36.62674,-91.23687,0,08/31/2019,22:30:00,OCCURRED AS VEHICLE #1 TRAVELED OFF OF RIGHT SIDE OF ROADWAY AND STRUCK A TREE. ASSISTED BY TPR. J.M. HEIMSOTH (1270) AND CPL. M.T. WEAKLEY (1144)
1136519,3190023323,Missouri State Highway Patrol-Troop E,1567296000000,190513660,1,0,1,0,Personal Injury,DUNKLIN,NON-CITY OR UNINCORPORATED,E,1,1,Y,380,0.07,A ,N,MO 25,CRD 304,Dark-Unlighted,Fixed Object,2,,Sun     ,1,0,0,0,1,1,1,0,0,0,0,0,0,0,0,1,0,0,0,0,1,0,0,1,0,36.48523,-89.96872,0,09/01/2019,00:22:00,"CRASH OCCURRED AS VEHICLE ONE RAN OFF THE RIGHT SIDE OF THE ROADWAY, STRIKING A DITCH AND TOMBSTONES IN A CEMETERY"
1115805,3190023406,Missouri State Highway Patrol-Troop E,1567296000000,190513864,1,0,1,0,Personal Injury,MISSISSIPPI,NON-CITY OR UNINCORPORATED,E,1,1,Y,2112,0.4,B ,S ,RT NN,US 62,Dark-Unlighted,Fixed Object,2,,Sun     ,0,0,0,0,0,0,0,0,0,0,0,0,0,0,0,1,0,0,0,0,0,0,0,0,0,36.92659,-89.39267,0,09/01/2019,03:09:00,"CRASH OCCURRED AS VEHICLE 1 RAN OFF ROADWAY, STRUCK CULVERT, THROUGH FIELD AND STRUCK UTILITY POLE.  DRIVER FLED THE SCENE."
989636,3190023231,Missouri State Highway Patrol-Troop D,1567296000000,190513880,2,0,2,0,Personal Injury,JASPER,NON-CITY OR UNINCORPORATED,D,2,2,0,0,0,AT,N,MO 43,CRD IVY RD,Daylight,Motor Vehicle in Transport,1,64,Sun     ,0,0,0,0,0,0,0,0,0,0,0,1,0,0,0,1,0,0,0,0,1,0,0,1,0,37.18601,-94.50886,0,09/01/2019,06:35:00,ACCIDENT OCCURRED AS NBR 2 FAILED TO YIELD AND PULLED INTO THE PATH OF VEHICLE NBR 1.
1196802,3190024200,Missouri State Highway Patrol-Troop F,1567296000000,190513952,2,0,2,0,Personal Injury,HOWARD,NON-CITY OR UNINCORPORATED,F,1,1,0,5280,1,A ,S ,MO 5,RT DD,Daylight,Fixed Object,2,,Sun     ,0,0,0,0,0,1,1,0,0,0,0,0,0,0,0,0,0,0,0,0,0,0,0,0,0,39.12728,-92.7053,0,09/01/2019,07:45:00,"VEH1 CROSSED THE CENTERLINE, TRAVELED OFF THE LEFT SIDE OF THE ROADWAY, AND STRUCK A CULVERT."
1019183,3190023848,Missouri State Highway Patrol-Troop D,1567296000000,190514191,1,0,1,0,Personal Injury,HICKORY,NON-CITY OR UNINCORPORATED,D,2,2,0,0,0,AT,W ,RT P,RT VV,Daylight,Motor Vehicle in Transport,1,64,Sun     ,0,0,0,0,0,1,1,0,0,0,0,1,0,0,0,1,0,0,0,0,1,0,0,1,0,38.02473,-93.21265,0,09/01/2019,10:05:00,VEHICLE 1 FAILED TO YIELD AND WAS STRUCK BROADSIDE BY VEHICLE 2.
1162917,3190023227,Missouri State Highway Patrol-Troop F,1567296000000,190514272,3,0,2,1,Personal Injury,MILLER,NON-CITY OR UNINCORPORATED,F,2,2,0,0,0,AT,S ,MO 87,RT P,Daylight,Motor Vehicle in Transport,1,64,Sun     ,0,0,0,0,0,1,1,0,0,1,0,1,0,0,0,1,0,0,0,0,1,0,0,1,0,38.41246,-92.54827,0,09/01/2019,11:00:00,"CRASH OCCURRED AS VEHICLE 1 PULLED INTO THE PATH OF VEHICLE 2.  VEHICLE 2 STRUCK VEHICLE 1 IN THE SIDE, TRAVELED OFF THE ROAD, AND STRUCK A UTILITY POLE AND A HIGHWAY SIGN. ASSISTED BY TPR R.M. MALONE (1274) AND SGT M.J. CODY (271)"
1142021,3190023688,Missouri State Highway Patrol-Troop E,1567296000000,190514362,1,0,1,0,Personal Injury,BUTLER,NEELYVILLE,E,1,1,0,2640,0.5,A ,S ,US 67,CST HART,Daylight,Fixed Object,2,,Sun     ,0,0,0,0,0,0,0,1,0,0,0,0,0,0,0,0,0,0,0,0,1,0,0,1,0,36.55457,-90.52116,0,09/01/2019,11:48:00,CRASH OCCURRED AS VEHICLE ONE TRAVELED OFF THE LEFT SIDE OF THE ROADWAY AND STRUCK A DITCH.
1139740,3190023121,Missouri State Highway Patrol-Troop E,1567296000000,190514438,3,0,3,0,Personal Injury,BUTLER,NON-CITY OR UNINCORPORATED,E,2,2,0,0,0,AT,E ,RT B,RT AA,Daylight,Motor Vehicle in Transport,1,64,Sun     ,0,0,0,0,0,0,0,1,1,0,0,1,0,0,0,1,0,0,0,0,1,0,0,1,0,36.76517,-90.33477,0,09/01/2019,12:20:00,CRASH OCCURRED AS VEHICLE 1 PULLED INTO THE PATH OF VEHICLE 2
1174587,3190023724,Missouri State Highway Patrol-Troop F,1566777600000,190514636,1,0,1,0,Personal Injury,CALLAWAY,NON-CITY OR UNINCORPORATED,F,2,2,0,4224,0.8,B ,E ,RT K,CRD 193,Dark-Unlighted,Fixed Object,2,,Mon     ,0,0,0,0,0,0,0,0,0,0,0,0,0,0,0,0,0,0,0,0,1,0,0,1,0,38.79541,-91.66339,0,08/26/2019,02:30:00,"VEHICLE WAS TRAVELING WESTBOUND ON ROUTE B, IN CALLAWAY COUNTY; WHEN A DEER ENTERED THE ROADWAY; THE MC OPERATOR ATTEMPTED TO SLOWED VEHICLE ONE BEFORE IT IMPACTED THE DEER IN THE ROADWAY, OVERTURNED AND CAME TO REST IN THE ROADWAY.  BOTH OPERATOR AND PASSENGER WERE EJECTED AND WEARING DOT HELMETS."
1335355,3190023525,Missouri State Highway Patrol-Troop G,1567296000000,190514652,1,0,1,0,Personal Injury,HOWELL,NON-CITY OR UNINCORPORATED,G,1,1,Y,2543,0.48,A ,E ,RT CC,CRD 6750,Daylight,Overturn,2,,Sun     ,1,0,0,0,0,1,1,0,0,0,0,0,0,0,0,1,0,0,0,0,1,0,0,1,0,36.74492,-91.96115,0,09/01/2019,13:00:00,"VEHICLE 1 RAN OFF THE ROADWAY, OVERCORRECTED, LOST CONTROL AND OVERTURNED."
964231,3190023107,Missouri State Highway Patrol-Troop D,1567296000000,190514735,1,0,1,0,Personal Injury,BARTON,NON-CITY OR UNINCORPORATED,D,1,1,Y,278,0.05,A ,E ,US 160,CRD SE 25TH RD,Daylight,Fixed Object,2,,Sun     ,0,0,0,0,0,0,0,1,0,0,0,0,0,0,0,0,0,0,0,0,1,0,0,1,0,37.49236,-94.25149,0,09/01/2019,13:30:00,"VEHICLE #1 TRAVELED OFF THE ROADWAY, ACROSS A PRIVATE DRIVEWAY, BECAME AIRBORNE, THEN STRUCK A STOP SIGN."
1337913,3190023354,Missouri State Highway Patrol-Troop G,1567296000000,190515057,1,0,0,1,Personal Injury,SHANNON,NON-CITY OR UNINCORPORATED,G,1,1,0,601,0.11,A ,S ,RT T,CRD OLD ROUTE 60 NJ,Daylight,Fixed Object,2,,Sun     ,0,0,0,0,0,0,0,0,0,0,0,0,0,0,0,0,0,0,0,0,0,0,0,0,0,36.98768,-91.632,0,09/01/2019,16:00:00,VEHICLE 1 RAN OFF THE LEFT SIDE OF THE ROADWAY AND STRUCK A TREE.
1216655,3190023246,Missouri State Highway Patrol-Troop C,1567296000000,190515064,3,0,3,0,Personal Injury,FRANKLIN,NON-CITY OR UNINCORPORATED,C,2,2,0,0,0,AT,S ,RT A,RT BB,Daylight,Motor Vehicle in Transport,1,60,Sun     ,0,0,0,0,0,0,0,1,1,0,0,1,0,0,0,1,0,0,0,0,0,0,0,0,0,38.48195,-91.0439,0,09/01/2019,15:59:00,"VEHICLE 1 WAS SOUTHBOUND ON ROUTE A. VEHICLE 2 WAS NORTHBOUND ON ROUTE BB. DRIVER 2 FAILED TO YIELD AT AN INTERSECTION TO DRIVER 1, CAUSING THE FRONT OF VEHICLE 2 TO STRIKE THE FRONT OF VEHICLE 1. BOTH VEHICLES CAME TO REST OFF THE LEFT SIDE OF THE ROADWAY."
1300782,3190024969,Missouri State Highway Patrol-Troop C,1567296000000,190515399,1,0,1,0,Personal Injury,ST. CHARLES,WEST ALTON,C,2,2,Y,739,0.14,B ,S ,US 67,MO 94,Daylight,Motor Vehicle in Transport,1,61,Sun     ,1,0,0,0,0,0,0,1,1,0,0,0,0,0,0,1,0,0,0,0,0,0,0,0,0,38.86366,-90.22284,0,09/01/2019,17:51:00,VEHICLE 1 STRUCK THE REAR OF VEHICLE 2.
1136520,3190024847,Missouri State Highway Patrol-Troop E,1567296000000,190515433,2,0,1,1,Personal Injury,DUNKLIN,NON-CITY OR UNINCORPORATED,E,2,2,0,0,0,AT,N,CRD 643,CRD 602,Daylight,Motor Vehicle in Transport,1,64,Sun     ,0,0,0,0,1,0,0,1,1,0,0,0,0,0,0,1,0,0,0,0,0,0,0,0,0,36.0757,-90.1773,0,09/01/2019,18:08:00,CRASH OCCURRED AS VEHICLE 2 PULLED INTO THE PATH OF VEHICLE 1. VEHICLE 1 THEN STRUCK THE DRIVER'S SIDE OF VEHICLE 2
1139741,3190023048,Missouri State Highway Patrol-Troop E,1567296000000,190515458,0,1,0,0,Fatal,BUTLER,NON-CITY OR UNINCORPORATED,E,1,1,0,190,0.04,A ,E ,RT JJ,PVT MOONSTONE LANE,Daylight,Fell/Jumped from MV,1,,Sun     ,0,0,0,0,0,0,0,1,1,0,0,0,0,0,0,0,0,0,0,0,0,0,1,0,0,36.91584,-90.52046,1,09/01/2019,18:15:00,FATALITY CRASH -  NEXT OF KIN NOTIFIED - CRASH OCCURRED AS DRIVER WAS THROWN FROM VEHICLE ONE.   SUBJECT PRONOUNCED AT ST FRANCIS HOSPITAL BY DOCTOR JOSEPH MCCLAIN AT 2202 HOURS.  TROOP E FATALITY 33 FOR 2019
964230,3190024120,Missouri State Highway Patrol-Troop D,1567296000000,190515485,2,0,1,1,Personal Injury,BARTON,NON-CITY OR UNINCORPORATED,D,1,1,0,184,0.03,A ,N,CRD NW 20TH LN,CRD NW 40TH RD,Daylight,Fixed Object,2,,Sun     ,0,0,0,0,1,0,0,0,0,0,0,0,0,0,0,1,0,0,0,0,0,0,0,0,0,37.56055,-94.33109,0,09/01/2019,18:34:00,VEHICLE 1 RAN OFF THE ROADWAY IN A CURVE AND STRUCK A TREE WHILE FLEEING LAW ENFORCEMENT
1030642,3190023165,Missouri State Highway Patrol-Troop I,1567296000000,190515902,1,0,1,0,Personal Injury,PULASKI,NON-CITY OR UNINCORPORATED,I,1,1,0,1805,0.34,B ,N,RT BB,CRD BROOKLYN ROAD,Dark-Unlighted,Fixed Object,2,,Sun     ,0,0,0,0,1,1,1,0,0,0,0,0,0,0,0,1,0,0,0,0,0,0,0,0,0,37.94456,-92.36112,0,09/01/2019,22:05:00,"CRASH OCCURRED AS VEHICLE 1 CROSSED THE CENTERLINE, TRAVELED  OFF OF THE  LEFT SIDE OF ROADWAY STRUCK DITCH WITH THE VEHICLES  UNDERCARRIAGE  BEGAN TO ROTATE AND OVERTURNED."
1501232,3190023388,Missouri State Highway Patrol-Troop H,1567382400000,190516049,2,0,2,0,Personal Injury,ANDREW,NON-CITY OR UNINCORPORATED,H,1,1,0,121,0.02,A ,S ,RP 5832,IS 29,Dark-Unlighted,Overturn,2,,Mon     ,0,0,0,0,1,0,1,0,0,0,0,0,0,0,0,1,0,0,0,0,0,0,0,0,0,39.88314,-94.85378,0,09/02/2019,01:18:00,"CRASH OCCURRED AS VEH#1 WAS SOUTHBOUND ON I-29. DRIVER#1 OVERCORRECTED AND VEH#1 TRAVELED OFF THE WEST SIDE OF THE ROADWAY, TRAVELED DOWN AN EMBANKMENT, AND OVERTURNED. VEH#1 CAME TO REST ON ITS PASSENGER SIDE FACING NORTH. ASSISTED BY TPR. K.F. JEFFERS (669), ANDREW COUNTY SHERIFF'S DEPARTMENT, AND ANDREW COUNTY EMS"
1330952,3190023629,Missouri State Highway Patrol-Troop G,1567382400000,190516075,2,0,2,0,Personal Injury,WRIGHT,NON-CITY OR UNINCORPORATED,G,1,1,0,1547,0.29,A ,S ,CRD DAVIS RD,CRD RED OAK RD SJ,Dark-Unlighted,Fixed Object,2,,Mon     ,1,0,0,0,1,0,0,0,0,0,0,0,0,0,0,1,0,0,0,0,0,0,1,0,0,37.18286,-92.64053,0,09/02/2019,02:00:00,"OCCURRED AS VEHICLE #1 FAILED TO NEGOTIATE A CURVE, RAN OFF ROADWAY AND STRUCK A TREE"
1000077,3190023370,Missouri State Highway Patrol-Troop D,1567382400000,190516102,1,0,1,0,Personal Injury,STONE,NON-CITY OR UNINCORPORATED,D,1,1,0,823,0.16,B ,E ,RT Y,PVT COLLINS LN,Dark-Unlighted,Overturn,2,,Mon     ,0,0,0,0,0,0,0,1,0,0,0,0,0,0,0,0,0,0,0,0,0,1,0,0,0,36.69632,-93.47333,0,09/02/2019,05:20:00,ACCIDENT OCCURRED AS NBR 1 SWERVED TO AVOID A DEER IN THE ROADWAY WENT OFF THE ROAD AND STRUCK THE DITCH.
793426,3190023199,Missouri State Highway Patrol-Troop A,1567382400000,190516104,1,0,1,0,Personal Injury,CASS,NON-CITY OR UNINCORPORATED,A,1,1,0,3168,0.6,A ,N,RT D,CRD 215TH STREET,Dark-Unlighted,Animal,1,,Mon     ,0,0,0,0,0,0,0,0,0,0,0,0,0,0,0,0,0,0,0,0,0,0,0,0,0,38.74634,-94.58994,0,09/02/2019,05:40:00,CRASH OCCURRED AS VEHICLE 1 WAS NORTHBOUND ON ROUTE D AND STRUCK A COW IN THE ROADWAY. ASSISTED BY TPR T. C. SMITH /1352/
912840,3190023248,Missouri State Highway Patrol-Troop D,1567382400000,190516117,1,0,1,0,Personal Injury,POLK,NON-CITY OR UNINCORPORATED,D,1,1,0,52,0.01,A ,N,RT D,CO RTD TO RTC,Dark-Unlighted,Overturn,2,,Mon     ,0,0,0,0,0,0,0,0,0,0,0,0,0,0,0,1,0,0,0,0,0,0,0,0,0,37.7159,-93.29969,0,09/02/2019,06:15:00,"OCCURRED WHEN VEHICLE 1 TRAVELED OFF RIGHT SIDE OF ROAD, OVERCORRECTED, SKIDDED OFF LEFT SIDE OF ROADWAY, AND OVERTURNED."
1015835,3190023238,Missouri State Highway Patrol-Troop D,1567382400000,190516124,1,0,0,1,Personal Injury,NEWTON,GRANBY,D,1,1,0,279,0.05,B ,S ,CST GRANBY MINER RD,CST OLD CEMETERY RD,Daylight,Pedestrian,1,,Mon     ,,,,,,1,1,0,0,0,0,0,0,0,0,,0,0,,0,1,0,0,0,1,36.90739,-94.26353,0,09/02/2019,06:20:00,"CRASH OCCURRED AS VEHICLE #1 WAS SOUTHBOUND ON GRANBY MINOR ROAD.  VEHICLE #1 RAN OFF THE RIGHT SIDE OF ROADWAY, RETURNED TO THE ROADWAY, AND COLLIDED WITH A PEDESTRIAN."
1147215,3190023076,Missouri State Highway Patrol-Troop E,1567382400000,190516157,1,0,1,0,Personal Injury,STODDARD,NON-CITY OR UNINCORPORATED,E,1,1,0,116,0.02,A ,E ,RT M,CRD 221,Daylight,Fixed Object,2,,Mon     ,0,0,0,0,0,0,0,0,0,0,0,0,0,0,0,0,0,0,0,0,0,0,0,0,0,36.94728,-89.92482,0,09/02/2019,07:00:00,"CRASH OCCURRED  AS VEHICLE 1 RAN OFF THE RIGHT SIDE OF ROADWAY, OVERCORRECTED STRUCK AN EMBANKMENT AND OVERTURNED"
1500432,3190023149,Missouri State Highway Patrol-Troop H,1567382400000,190516191,1,0,1,0,Personal Injury,BUCHANAN,NON-CITY OR UNINCORPORATED,H,1,1,0,528,0.1,A ,N,IS 29,ERM NORTH IS 29 MILE 430,Daylight,Fixed Object,2,,Mon     ,0,0,0,0,0,1,1,0,0,0,0,0,0,0,0,0,0,0,0,0,0,0,0,0,0,39.70674,-94.78819,0,09/02/2019,07:28:00,"CRASH OCCURRED AS VEH #1 WAS TRAVELING NORTHBOUND ON I-29. VEH #1 TRAVELED OFF THE WEST SIDE OF THE ROADWAY. DVR #1 OVERCORRECTED, AND VEH #1 BEGAN TO SKID. VEH #1 TRAVELED OFF THE EAST SIDE OF THE ROADWAY STRIKING A HIGHWAY SIGN. VEH #1 OVERTURNED AND CAME TO REST OFF THE EAST SIDE OF I-29 ON ITS WHEELS FACING SOUTHEAST. ASSISTED BY CPL C.M. DOLLARD (504), AND BUCHANAN COUNTY SHERIFFS OFFICE."
912841,3190023292,Missouri State Highway Patrol-Troop D,1567382400000,190516788,2,0,2,0,Personal Injury,POLK,NON-CITY OR UNINCORPORATED,D,2,2,0,1177,0.22,B ,E ,MO 32,CRD 438TH RD,Daylight,Motor Vehicle in Transport,1,64,Mon     ,0,0,0,0,0,0,0,0,0,0,0,0,0,0,0,0,0,0,0,0,1,1,0,1,1,37.61085,-93.27919,0,09/02/2019,11:10:00,CRASH OCCURRED AS VEH #2 WAS ATTEMPTING TO OVERTAKE VEH #1 AS VEH #1 MADE A LEFT TURN. THE FRONT OF VEH #2 STRUCK THE REAR LEFT OF VEH #1
843566,3190023622,Missouri State Highway Patrol-Troop A,1567382400000,190517015,2,0,1,1,Personal Injury,SALINE,NON-CITY OR UNINCORPORATED,A,1,1,0,5808,1.1,A ,N,CRD MOCCASIN TRAIL,CRD 270TH RD,Daylight,Overturn,1,,Mon     ,0,0,0,0,0,0,0,1,1,0,0,0,0,0,0,0,0,0,0,0,1,0,0,1,0,39.19116,-93.09046,0,09/02/2019,12:05:00,CRASH OCCURRED AS VEH 1 WAS EASTBOUND ON MOCCASIN TRAIL.  VEH 1 RAN OFF THE SOUTH SIDE OF THE ROADWAY AND OVERTURNED COMING TO REST ON ITS WHEELS.
899482,3190023258,Missouri State Highway Patrol-Troop D,1567382400000,190517383,1,0,0,1,Personal Injury,GREENE,NON-CITY OR UNINCORPORATED,D,1,1,0,2476,0.47,A ,N,RT F,CRD 102,Daylight,Fixed Object,2,,Mon     ,0,0,0,0,0,1,1,0,0,0,0,0,0,0,0,0,1,0,0,0,0,0,0,0,0,37.2726,-93.59022,0,09/02/2019,13:15:00,"OCCURRED AS #1 LEFT THE ROADWAY, STUCK A CULVERT, AND OVERTURNED"
920191,3190023177,Missouri State Highway Patrol-Troop D,1567382400000,190518156,3,0,3,0,Personal Injury,LAWRENCE,MOUNT VERNON,D,2,2,0,0,0,AT,W ,IS 44,ERM WEST IS 44 MILE 466,Daylight,Motor Vehicle in Transport,1,61,Mon     ,0,0,0,0,1,0,0,0,0,0,0,0,0,0,0,1,0,0,0,0,1,0,0,1,0,37.09083,-93.8089,0,09/02/2019,15:55:00,VEHICLE #1 WAS STOPPED IN TRAFFIC CONGESTION AND WAS STRUCK FROM BEHIND BY VEHICLE #2
1189815,3190023927,Missouri State Highway Patrol-Troop B,1567382400000,190518222,1,0,1,0,Personal Injury,LINN,NON-CITY OR UNINCORPORATED,B,3,3,0,0,0,AT,W ,US 36,RT F,Daylight,Motor Vehicle in Transport,1,64,Mon     ,0,0,0,0,0,1,1,0,0,0,0,1,1,0,0,1,0,0,0,0,0,0,0,0,0,39.76243,-93.00779,0,09/02/2019,16:12:00,VEHICLE 1 FAILED TO YIELD TO VEHICLE 2 WHILE CROSSING WESTBOUND 36.  VEHICLE 2 STRUCK VEHICLE 1 CAUSING BOTH VEHICLES TO TRAVEL OFF THE ROADWAY.  VEHICLE 1 STRUCK VEHICLE 3 WHICH WAS STOPPED AT A STOP SIGN AT ROUTE F AND US-36.  ASSISTED BY TPR BRENTON #319 AND THE LINN COUNTY SHERIFF'S DEPARTMENT.
1293152,3190023521,Missouri State Highway Patrol-Troop C,1567382400000,190518862,1,0,1,0,Personal Injury,ST. LOUIS,NON-CITY OR UNINCORPORATED,C,2,2,0,55,0.01,A ,N,IS 55,ERM NORTH IS 55 MILE 1962,Daylight,Motor Vehicle in Transport,1,61,Mon     ,0,0,0,0,0,0,0,0,0,0,1,0,0,0,0,1,0,0,0,0,0,0,0,0,0,38.49663,-90.34493,0,09/02/2019,18:39:00,"INJURY PATROL CAR ACCIDENT- VEHICLE 2 STRUCK THE REAR OF VEHICLE 1. 575HP P#18318 MILEAGE 10221 DAMAGE TO REAR OF VEHICLE WITH ESTIMATED COST OF $15,000.00"
1156172,3190023419,Missouri State Highway Patrol-Troop E,1567382400000,190518864,1,0,1,0,Personal Injury,SCOTT,NON-CITY OR UNINCORPORATED,E,2,2,0,0,0,AT,S ,MO 77,RP 997,Daylight,Motor Vehicle in Transport,1,64,Mon     ,0,0,0,0,0,1,1,0,0,0,0,0,0,0,0,1,0,0,0,0,1,0,0,0,1,37.08818,-89.53694,0,09/02/2019,18:40:00,CRASH OCCURRED AS VEHICLE ONE TRAVELED INTO THE DIRECT PATH OF VEHICLE TWO AND WAS STRUCK ON THE PASSENGER SIDE.
973834,3190024239,Missouri State Highway Patrol-Troop D,1567382400000,190519064,2,0,2,0,Personal Injury,BARRY,NON-CITY OR UNINCORPORATED,D,3,3,0,93,0.02,B ,N,MO 37,CRD 2212,Daylight,Motor Vehicle in Transport,1,69,Mon     ,0,0,0,0,1,1,1,0,0,0,0,0,0,0,0,1,0,0,0,0,1,0,0,1,1,36.62425,-93.92439,0,09/02/2019,19:45:00,"NBR 3 WAS STOPPED IN TRAFFIC WAITING TO MAKE A LEFT TURN.  NBR 2 WAS STOPPED BEHIND NBR 3.  NBR 1 FAILED TO STOP, STRUCK NBR 2 IN THE REAR AND NBR 2 STRUCK NBR 3."
866653,3190024588,Missouri State Highway Patrol-Troop A,1567382400000,190519117,1,0,1,0,Personal Injury,PETTIS,NON-CITY OR UNINCORPORATED,A,1,1,0,500,0.09,B ,N,RT E,CRD MALTSBARGER RD,Dark-Unlighted,Animal,1,,Mon     ,0,0,0,0,0,0,0,0,0,0,0,0,0,0,0,0,0,0,0,0,0,1,0,0,0,38.57883,-93.33465,0,09/02/2019,20:05:00,CRASH OCCURRED AS VEHICLE 1 STRUCK DEER IN THE ROADWAY AND OVERTURNED.
1251131,3190023806,Missouri State Highway Patrol-Troop C,1567382400000,190519220,3,0,3,0,Personal Injury,STE. GENEVIEVE,NON-CITY OR UNINCORPORATED,C,1,1,0,89,0.02,B ,S ,CRD COFFMAN RD,CRD AVON RD,Dark-Unlighted,Fixed Object,2,,Mon     ,0,0,0,0,1,1,1,0,0,0,0,0,0,0,0,1,0,0,0,0,0,0,0,0,0,37.75161,-90.2594,0,09/02/2019,20:50:00,"VEHICLE 1 WAS TRAVELING SOUTHBOUND ON COFFMAN ROAD. DRIVER 1 LOST CONTROL, TRAVELED OFF THE RIGHT SIDE OF THE ROADWAY, AND STRUCK AN EMBANKMENT."
1008697,3190023584,Missouri State Highway Patrol-Troop D,1567382400000,190519233,2,0,1,1,Personal Injury,WEBSTER,NON-CITY OR UNINCORPORATED,D,1,1,0,790,0.15,B ,W ,IS 44,ERM WEST IS 44 MILE 928,Dark-Unlighted,Overturn,1,,Mon     ,0,0,0,0,0,0,0,0,0,0,0,0,0,0,0,0,0,0,1,0,0,1,0,0,0,37.27856,-93.04597,0,09/02/2019,21:10:00,OCCURRED AS #1 LOST IT'S REAR TIRE CAUSING THE DRIVER TO LOSE CONTROL. #1 OVERTURNED AND SLID OFF THE ROADWAY EJECTING BOTH DRIVER AND PASSENGER.  ASSISTED BY TPR T.V. MOSLEY #659 AND TPR C.J. BECK #146
1510295,3190023681,Missouri State Highway Patrol-Troop H,1567382400000,190519247,1,0,1,0,Personal Injury,GRUNDY,NON-CITY OR UNINCORPORATED,H,2,2,0,42,0.01,B ,W ,MO 6,CRD SW 30TH AVE,Dark-Unlighted,Motor Vehicle in Transport,1,61,Mon     ,0,0,0,0,0,1,1,0,0,0,0,0,0,0,0,1,0,0,0,0,0,0,0,0,0,40.06899,-93.64418,0,09/02/2019,21:15:00,"CRASH OCCURRED AS VEH#1 AND VEH#2 WERE WESTBOUND ON MO-6. VEH#2 SLOWED TO MAKE A LEFT TURN AND VEH#1  STRUCK THE REAR OF VEH#2. BOTH VEHICLES CAME TO REST ON THE ROADWAY FACING WEST. ASSISTED BY SGT. D.P. LITTLE (833), GRUNDY COUNTY SHERIFF'S OFFICE, TRENTON PD, AND GRUNDY COUNTY EMS."
1211053,3190023850,Missouri State Highway Patrol-Troop C,1567382400000,190519323,1,0,1,0,Personal Injury,ST. LOUIS,DES PERES,C,1,1,0,237,0.04,A ,W ,IS 270,CST DOUGHERTY FERRY RD,Dark-Unlighted,Fixed Object,2,,Mon     ,0,1,0,0,0,0,0,0,0,0,0,0,0,0,0,1,0,0,0,0,0,0,0,0,0,38.58095,-90.4479,0,09/02/2019,22:00:00,"VEHICLE 1 WAS TRAVELING SOUTH ON 270 AND EXITED THE ROADWAY TO THE RIGHT. THE FRONT OF VEHICLE 1 STRUCK A CONCRETE SEWER COVER AND OVERTURNED, EJECTING DRIVER 1."
813868,3190023436,Missouri State Highway Patrol-Troop A,1567382400000,190519324,1,0,0,1,Personal Injury,BATES,NON-CITY OR UNINCORPORATED,A,2,2,0,189,0.04,A ,N,IS 49,ERM SOUTH IS 49 MILE 1292,Dark-Lighted,Parked Motor Vehicle,2,61,Mon     ,,,,,,0,0,0,0,0,0,0,0,0,0,1,0,0,,0,0,0,0,0,0,38.21919,-94.35052,0,09/02/2019,22:02:00,"CRASH OCCURRED AS VEHICLE 2 WAS PARKED ON THE RIGHT SHOULDER AND PEDESTRIAN WAS OUTSIDE OF VEHICLE 2. VEHICLE 1 TRAVELED OFF THE RIGHT SIDE OF ROADWAY AND STRUCK VEHICLE 2, PEDESTRIAN WAS STRUCK BY VEHICLE 2. VEHICLE 2 TRAVELED OFF THE RIGHT SIDE OF THE ROADWAY AND STRUCK A DITCH. VEHICLE 1 TRAVELED INTO MEDIAN AND CAME TO REST. ASSISTED BY CPL B. J. HAMERLE /1174/ AND BATES COUNTY DEPUTIES"
1261880,3190024213,Missouri State Highway Patrol-Troop C,1567468800000,190519518,2,0,2,0,Personal Injury,ST. LOUIS,TOWN AND COUNTRY,C,1,1,0,195,0.04,B ,W ,IS 64,RP 228274,Dark-Unlighted,Fixed Object,2,,Tue     ,0,0,0,0,0,0,0,0,0,0,0,0,0,0,0,0,0,0,0,0,0,0,0,0,0,38.64344,-90.515,0,09/03/2019,05:40:00,"VEHICLE 1 WAS TRAVELING IN LANE 1, DRIVER 1 STEERED TO THE RIGHT TO AVOID AN UNKNOWN VEHICLE.  DRIVER 1 OVER CORRECTED, LOST CONTROL OF VEHICLE 1 AND TRAVELED OFF THE LEFT SIDE OF THE ROAD.  VEHICLE 1'S FRONT END COLLIDED WITH THE MEDIAN WALL.    ASSISTED BY MSGT. J.R. DIFFEE (496), TPR. L.A. DEZNER (660) AND TPR. A.M. COLLINS (216)"