objectid,accident,agency,inv_date,complaint,injured,killed,min_inj,dis_inj,severity,county,city,troop,no_vehicle,motor_veh,left_scene,dist_feet,dist_mile,inter_loc,direction,on_street,at_street,light_cond,acc_type,on_off_rd,two_veh,day_week,dr_drink,dr_drug,ped_drink,ped_drug,speed,dr_under21,dr_under25,dr_over55,dr_over64,electrical,emer_veh,stop_sign,yield_sign,czone,hazmat,aggressive,cell_phone,texting,veh_defect,school_bus,truck,motorcycle,atv,pickup,cmv,gps_lat,gps_long,severity_fatal,acc_date,acc_time,narrative
1260219,3190025880,Missouri State Highway Patrol-Troop C,1567468800000,190519526,0,1,0,0,Fatal,ST. CHARLES,NON-CITY OR UNINCORPORATED,C,2,2,0,440,0.08,A ,W ,RT D,BRIDGE A6664,Daylight,Motor Vehicle in Transport,2,60,Tue     ,0,0,0,0,0,0,0,1,0,0,0,0,0,0,0,1,0,0,0,0,0,1,0,0,1,38.70918,-90.84939,1,09/03/2019,06:20:00,"VEHICLE 1 ATTEMPTED TO PASS A VEHICLE ON A CURVE AND THE FRONT OF VEHICLE 1 STRUCK THE FRONT RIGHT OF VEHICLE 2. DRIVER 1 PRONOUNCED AT 0631 HOURS ON 09-03-2019 BY ST CHARLES COUNTY EMS PERSONNEL. ASSISTED BY MSGT. J.L. DECKER (240), TPR. J.E. LACY (313), SGT. R.E. HOEHN (902), CPL. C.M. BISHOP (202), TPR. J.R. SUMMERS (1254)"
1178140,3190025045,Missouri State Highway Patrol-Troop B,1567468800000,190519530,3,0,2,1,Personal Injury,MONROE,NON-CITY OR UNINCORPORATED,B,2,2,0,528,0.1,B ,E ,US 24,CRD 496,Dark-Unlighted,Motor Vehicle in Transport,2,69,Tue     ,1,0,0,0,0,0,0,0,0,0,0,0,0,0,0,1,0,0,0,0,1,0,0,1,0,39.56364,-91.83473,0,09/03/2019,06:10:00,"01 WESTBOUND, & 02 EASTBOUND. 01 RAN OFF THE SOUTH SIDE OF THE ROADWAY, DRIVER OVERCORRECTED AND STRUCK 02.  ASSISTED BY MSGT MATTINGLY 587, CPL SIEGRIED 747, MONROE COUNTY SHERIFF'S DEPARTMENT, & MONROE CITY FIRE DEPARTMENT."
1261881,3190024190,Missouri State Highway Patrol-Troop C,1567468800000,190519576,2,0,2,0,Personal Injury,ST. LOUIS,TOWN AND COUNTRY,C,2,2,0,147,0.03,B ,W ,IS 64,RP 228274,Dark-Unlighted,Motor Vehicle in Transport,1,64,Tue     ,0,0,0,0,0,0,0,0,0,0,0,0,0,0,0,0,0,0,1,0,0,0,0,0,0,38.64348,-90.51516,0,09/03/2019,05:43:00,"VEHICLE 1 WAS INVOLVED IN A PRIOR CRASH AND WAS DISABLED, PARTIALLY BLOCKING LANE 1.  VEHICLE 2 WAS TRAVELING IN LANE 1 BEHIND VEHICLE 1 AND COULD NOT STOP IN TIME TO AVOID COLLISION.  VEHICLE 2'S FRONT END COLLIDED WITH THE REAR OF THE DISABLED VEHICLE 1.  ASSISTED BY MSGT. J.R. DIFFEE (496), TPR. L.A. DEZNER (660) AND TPR. A.M. COLLINS (216)"
1261882,3190024424,Missouri State Highway Patrol-Troop C,1567468800000,190519579,1,0,1,0,Personal Injury,ST. LOUIS,TOWN AND COUNTRY,C,1,1,0,84,0.02,A ,W ,IS 64,RP 228274,Dark-Lighted,Fixed Object,2,,Tue     ,0,0,0,0,0,0,1,0,0,0,0,0,0,0,0,0,0,0,0,0,0,0,0,0,0,38.64367,-90.51593,0,09/03/2019,05:43:00,"DRIVER 1 WAS IN LEFT LANE. DRIVER 1 CHANGED LANES TO THE RIGHT TO AVOID THE CRASH AHEAD. DRIVER 1 STRUCK ANOTHER VEHICLE, LOST CONTROL, AND STRUCK THE MEDIAN. THE VEHICLE THAT WAS STRUCK BY VEHICLE 1 LEFT THE SCENE. ASSISTED BY MSGT. J.R. DIFFEE (496), CPL. A.D. SMITH (1357), TPR. A.M. COLLINS (216)"
1323129,3190023188,Missouri State Highway Patrol-Troop G,1567468800000,190519689,0,0,0,0,Property Damage,TEXAS,NON-CITY OR UNINCORPORATED,G,1,1,0,2571,0.49,A ,S ,MO 17,CRD SUZAN DR,Daylight,Fixed Object,2,,Tue     ,0,0,0,0,1,1,1,0,0,0,0,0,0,0,0,1,0,0,0,0,0,0,0,0,0,37.36302,-92.06455,0,09/03/2019,08:08:00,"ACCIDENT OCCURRED AS VEHICLE #1 FAILED TO NEGOTIATE A CURVE, RAN OFF THE ROADWAY AND STRUCK A TREE"
899480,3190023358,Missouri State Highway Patrol-Troop D,1567468800000,190519842,1,0,0,1,Personal Injury,GREENE,NON-CITY OR UNINCORPORATED,D,1,1,Y,454,0.09,A ,E ,CRD 80,PVT BRYNWOOD LN,Dark-Unlighted,Fixed Object,2,,Tue     ,0,0,0,0,0,0,0,1,0,0,0,0,0,0,0,1,0,0,0,0,0,0,0,0,0,37.30338,-93.6156,0,09/03/2019,00:05:00,CRASH OCCURRED AS VEH #1 TRAVELED OFF THE RIGHT SIDE OF THE ROAD AND STRUCK A BRIDGE
1008584,3190023920,Missouri State Highway Patrol-Troop D,1567468800000,190519891,1,0,0,1,Personal Injury,WEBSTER,NIANGUA,D,1,1,0,190,0.04,A ,E ,RT M,CST ELMORE ST,Daylight,Fixed Object,2,,Tue     ,0,0,0,0,1,0,0,0,0,0,0,0,0,0,0,1,0,0,0,0,0,1,0,0,0,37.38586,-92.82767,0,09/03/2019,09:50:00,"ACCIDENT OCCURRED AS VEHICLE #1 FAILED TO NEGOTIATE A CURVE, RAN OFF THE LEFT SIDE OF THE ROADWAY AND STRUCK A MAILBOX, DITCH, AND A TREE."
991093,3190023496,Missouri State Highway Patrol-Troop D,1567468800000,190519950,2,0,1,1,Personal Injury,NEWTON,NON-CITY OR UNINCORPORATED,D,2,2,0,0,0,AT,W ,US 60,RT CC,Daylight,Motor Vehicle in Transport,1,64,Tue     ,0,0,0,0,0,0,0,1,1,1,0,1,0,0,0,1,0,0,0,0,1,0,0,1,0,36.83044,-94.52038,0,09/03/2019,10:10:00,VEHICLE 2 FAILED TO YIELD AND COLLIDED WITH VEHICLE 1.
1123329,3190023296,Missouri State Highway Patrol-Troop E,1567468800000,190520186,1,0,1,0,Personal Injury,MADISON,NON-CITY OR UNINCORPORATED,E,1,1,0,110,0.02,A ,E ,MO 72,CRD 519,Daylight,Fixed Object,2,,Tue     ,0,0,0,0,0,1,1,0,0,0,0,0,0,0,0,1,0,0,0,0,1,0,0,1,0,37.56948,-90.33833,0,09/03/2019,12:25:00,"TRAFFIC CRASH OCCURRED AS VEHICLE 1 RAN OFF LEFT SIDE OF ROADWAY, STRUCK A TREE, AND OVERTURNED."
1211396,3190026190,Missouri State Highway Patrol-Troop C,1567468800000,190520431,1,0,1,0,Personal Injury,WASHINGTON,NON-CITY OR UNINCORPORATED,C,2,2,0,6864,1.3,B ,S ,MO 185,PVT OLD JEFFERSON CITY RD,Daylight,Motor Vehicle in Transport,1,62,Tue     ,0,0,0,0,1,0,0,0,0,0,0,0,0,0,0,1,0,0,0,0,0,0,0,0,1,38.06534,-90.94451,0,09/03/2019,14:10:00,"VEHICLE #1 WAS TRAVELING NORTH ON MISSOURI 185. A MECHANICAL FAILURE WITH VEHICLE #1 CAUSED DRIVER #1 TO LOSE CONTROL OF VEHICLE #1, RESULTING IN IT STRIKING VEHICLE #2'S TRAILER. DRIVER #1 OVERCORRECTED AND VEHICLE #1 LEFT THE RIGHT SIDE OF THE ROADWAY AND OVERTURNED."
1156166,3190023552,Missouri State Highway Patrol-Troop E,1567468800000,190520506,2,0,2,0,Personal Injury,SCOTT,NON-CITY OR UNINCORPORATED,E,2,2,0,7,0,A ,N,US 61,CRD 446 NJ,Daylight,Motor Vehicle in Transport,1,64,Tue     ,0,0,0,0,0,0,0,1,1,0,0,0,0,0,0,1,0,0,0,0,1,0,0,1,0,36.99323,-89.62317,0,09/03/2019,15:00:00,CRASH OCCURRED AS VEHICLE ONE ATTEMPTED TO PASS VEHICLE TWO AS VEHICLE TWO WAS MAKING A LEFT TURN. VEHICLE ONE THEN TRAVELED OFF ROADWAY STRIKING FENCE AND OVER TURNED
1210322,3190023738,Missouri State Highway Patrol-Troop F,1567468800000,190520546,1,0,1,0,Personal Injury,COLE,NON-CITY OR UNINCORPORATED,F,1,1,0,1725,0.33,B ,N,CRD MT CARMEL RD,CRD BINKLEY RD,Daylight,Overturn,2,,Tue     ,0,0,0,0,1,0,0,0,0,0,0,0,0,0,0,1,0,0,0,0,0,0,0,0,0,38.3874,-92.38753,0,09/03/2019,15:20:00,"CRASH OCCURRED AS VEHICLE 1 TRAVELED OFF THE RIGHT SIDE OF THE ROADWAY, OVERCORRECTED, RAN OFF THE LEFT SIDE OF THE HIGHWAY, OVERTURNED AND STRUCK A FENCE."
1297943,3190024056,Missouri State Highway Patrol-Troop C,1567468800000,190520591,2,0,2,0,Personal Injury,JEFFERSON,NON-CITY OR UNINCORPORATED,C,1,1,0,570,0.11,A ,N,CRD WHITE OAK SCHOOL RD,PVT PUTT LN,Daylight,Fixed Object,2,,Tue     ,0,0,0,0,0,0,0,0,0,0,0,0,0,0,0,1,0,0,0,0,0,0,0,0,0,38.44442,-90.60791,0,09/03/2019,15:42:00,"VEHICLE #1 WAS TRAVELING SOUTH ON WHITE OAK SCHOOL ROAD. VEHICLE #1 CROSSED THE CENTER OF THE ROAD, TRAVELED OFF THE LEFT SIDE OF THE ROADWAY, AND STRUCK A TREE."
846009,3190024887,Missouri State Highway Patrol-Troop A,1567468800000,190520841,3,0,1,2,Personal Injury,JOHNSON,NON-CITY OR UNINCORPORATED,A,2,2,0,0,0,AT,W ,RT Y,CRD SE 251 RD,Daylight,Motor Vehicle in Transport,1,64,Tue     ,1,0,0,0,0,0,0,0,0,0,0,1,0,0,0,1,0,0,0,0,0,0,0,0,0,38.69329,-93.70159,0,09/03/2019,17:44:00,"CRASH OCCURRED AS VEHICLE 1 FAILED TO STOP AT A STOP SIGN AND DROVE INTO THE PATH OF VEHICLE 2. VEHICLE 1 STRUCK THE FRONT RIGHT CORNER OF VEHICLE 2. ASSISTED BY CPL J. J. CRUMP /1361/, TPR W. T. SMITH /1461/ AND TPR W. M. GRAHAM /620/"
1182236,3190023335,Missouri State Highway Patrol-Troop F,1567468800000,190520880,2,0,2,0,Personal Injury,OSAGE,NON-CITY OR UNINCORPORATED,F,2,2,0,311,0.06,A ,N,US 63,PVT COUNTRY VALLEY TRL,Daylight,Motor Vehicle in Transport,1,61,Tue     ,0,0,0,0,0,0,1,0,0,0,0,0,0,0,0,1,0,0,0,0,0,0,0,0,0,38.47149,-92.00341,0,09/03/2019,18:00:00,CRASH OCCURRED AS DRIVER 1 WAS SLOWING FOR CONGESTED TRAFFIC AHEAD.  DRIVER 2 FAILED TO YIELD AND STRUCK THE REAR OF VEHICLE 1.
785935,3190023669,Missouri State Highway Patrol-Troop A,1567468800000,190521047,1,0,1,0,Personal Injury,HENRY,NON-CITY OR UNINCORPORATED,A,1,1,0,1056,0.2,A ,S ,MO 13,CRD SW 400,Dark-Unlighted,Fixed Object,2,,Tue     ,1,0,0,0,0,0,0,1,0,0,0,0,0,0,0,0,0,0,0,0,0,0,0,0,0,38.30483,-93.75866,0,09/03/2019,20:10:00,"CRASH OCCURRED AS VEHICLE 1 TRAVELED OFF THE LEFT SIDE OF THE ROADWAY, STRUCK AN EMBANKMENT, AND RETURNED TO THE SOUTHBOUND LANES. VEHICLE 1 TRAVELED OFF THE RIGHT SIDE OF THE ROADWAY AND CAME TO REST. ASSISTED BY HENRY COUNTY SHERIFF'S DEPARTMENT."
1211585,3190026020,Missouri State Highway Patrol-Troop F,1567468800000,190521122,3,3,0,3,Fatal,COLE,WARDSVILLE,F,2,2,0,1061,0.2,B ,S ,RT B,PVT CLOVER HILL LN,Dark-Unlighted,Motor Vehicle in Transport,1,60,Tue     ,0,1,0,0,0,1,1,0,0,0,0,0,0,0,0,1,0,0,0,0,1,0,0,1,0,38.52016,-92.18181,1,09/03/2019,20:59:00,"***FATALITY CRASH*** NEXT OF KIN NOTIFICATION MADE***  CRASH OCCURRED AS VEHICLE 1 CROSSED THE CENTER LINE AND STRUCK VEHICLE 2 HEAD ON.  ASSISTED BY LT. C. R. KICKER (77), TPR. M. A. DICKENS (675), AND THE COLE COUNTY SHERIFF'S DEPARTMENT.   DRIVER 1 AND FIRST OCCUPANT 1 WERE PRONOUNCED DECEASED ON SCENE AT 08:59 PM BY COLE COUNTY CORONER DR. DOERHOFF.THIS IS TROOP F'S 1ST AND 2ND FATALITY FOR SEPTEMBER AND 41ST AND 42ND FOR 2019.  ***LATE DEATH REPORT*** SECOND OCCUPANT 1 WAS PROUNOUNCED AT 9:26 P.M. BY DR. MARY CARR AT UNIVERSITY HOSPITAL ON 09/04/2019. THIS IS TROOP F'S 5TH FATALITY FOR SEPTEMBER AND 45TH FATALITY FOR 2019."
898253,3190023583,Missouri State Highway Patrol-Troop D,1567468800000,190521258,1,0,0,1,Personal Injury,GREENE,NON-CITY OR UNINCORPORATED,D,1,1,0,0,0,AT,N,CRD 171,CRD 94,Dark-Unlighted,Fixed Object,2,,Tue     ,0,0,0,0,0,0,0,0,0,0,0,1,0,0,0,1,0,0,0,0,0,0,0,0,0,37.27318,-93.25118,0,09/03/2019,23:10:00,"NR1 FAILED TO NEGOTIATE A T INTERSECTION, RAN OFF THE ROADWAY AND STRUCK A TREE."
813867,3190023340,Missouri State Highway Patrol-Troop A,1567555200000,190521287,1,0,1,0,Personal Injury,BATES,NON-CITY OR UNINCORPORATED,A,1,1,0,439,0.08,B ,N,IS 49,ERM NORTH IS 49 MILE 1276,Dark-Unlighted,Overturn,2,,Tue     ,0,0,0,0,0,0,1,0,0,0,0,0,0,0,0,1,0,0,0,0,0,0,0,0,1,38.19432,-94.35111,0,09/03/2019,23:45:00,"OCCURRED AS VEH1 ATTEMPTED TO AVOID ANIMAL IN ROADWAY, TRAVELED OFF ROADWAY AND OVERTURNED, COMING TO REST ON DRIVER'S SIDE. ASSISTED BY CPL B J HAMERLE /1174/, TPR J C EWING /524/, AND BATES COUNTY DEPUTIES"
1260226,3190023901,Missouri State Highway Patrol-Troop C,1567555200000,190521508,0,0,0,0,Property Damage,ST. CHARLES,NON-CITY OR UNINCORPORATED,C,1,1,0,1209,0.23,A ,N,RT W,CRD QUIET RIDGE CT,Daylight,Fixed Object,2,,Wed     ,0,0,0,0,0,0,1,0,0,0,0,0,0,0,0,1,0,0,0,0,0,0,0,0,0,38.87192,-90.91215,0,09/04/2019,07:35:00,"VEHICLE #1 WAS TRAVELING SOUTHBOUND AND  TRAVELED OFF THE LEFT SIDE OF THE ROADWAY AND STRUCK THE CULVERT. AFTER IMPACT, VEHICLE #1 OVERTURNED ONTO ITS TOP."
1297941,3190023568,Missouri State Highway Patrol-Troop C,1567555200000,190521559,2,0,2,0,Personal Injury,JEFFERSON,NON-CITY OR UNINCORPORATED,C,2,2,0,0,0,AT,N,RT P,CRD HILLSBORO HEMATITE RD,Daylight,Motor Vehicle in Transport,1,64,Wed     ,0,0,0,0,0,0,0,1,1,0,0,0,1,0,0,1,0,0,0,0,0,0,0,0,0,38.20154,-90.47898,0,09/04/2019,08:00:00,VEHICLE 1 WAS TRAVELING NORTHBOUND ON HIGHWAY P . WESTBOUND VEHICLE 2 FAILED TO YIELD TO NORTHBOUND TRAFFIC AND PULLED INTO THE PATH OF VEHICLE 1.
1182254,3190023893,Missouri State Highway Patrol-Troop F,1567555200000,190521571,1,0,1,0,Personal Injury,OSAGE,NON-CITY OR UNINCORPORATED,F,1,1,0,110,0.02,B ,E ,MO 100,BRIDGE A1848,Daylight,Fixed Object,2,,Wed     ,0,0,0,0,0,0,0,1,0,0,0,0,0,0,0,0,0,0,0,0,0,0,0,0,0,38.55602,-91.83847,0,09/04/2019,08:05:00,"DRIVER 1 FELL ASLEEP, VEHICLE 1 TRAVELED OFF RIGHT SIDE OF ROADWAY AND STRUCK A BRIDGE. ASSISTED BY OSAGE COUNTY SHERIFF'S OFFICE."
1193571,3190024466,Missouri State Highway Patrol-Troop F,1567555200000,190521663,0,1,0,0,Fatal,CALLAWAY,FULTON,F,2,2,0,369,0.07,A ,E ,US 54,RP 279346,Daylight,Working Motor Vehicle,1,61,Wed     ,0,0,0,0,0,0,0,1,1,0,0,0,0,1,0,1,0,0,0,0,1,1,0,0,1,38.87427,-91.96585,1,09/04/2019,08:55:00,"***LATE DEATH REPORT***CRASH OCCURRED AS VEHICLE 1 REAR ENDED VEHICLE 2,  CAUSING DRIVER OF VEHICLE 1 TO BE EJECTED. PRONOUNCED BY DR. MARY CARR AT 7:39 P.M. 09/04/2019 AT THE UNIVERSITY HOSPITAL. THIS IS TROOP F'S 4TH FATALITY FOR SEPTEMBER AND 44TH FATALITY FOR 2019. ASSISTED BY TPR A. W. LAWMAN (779)"
1335360,3190023554,Missouri State Highway Patrol-Troop G,1567555200000,190521715,1,0,0,1,Personal Injury,HOWELL,NON-CITY OR UNINCORPORATED,G,1,1,0,2080,0.39,B ,E ,MO 14,CRD 5130,Daylight,Overturn,2,,Wed     ,0,0,0,0,1,0,0,1,0,0,0,0,0,1,0,1,0,0,0,0,0,1,0,0,0,36.80282,-91.99618,0,09/04/2019,09:28:00,"ACCIDENT OCCURRED AS VEHICLE #1 FAILED TO NEGOTIATE A CURVE, RAN OFF THE ROADWAY AND OVERTURNED, EJECTING THE DRIVER"
1044628,3190024051,Missouri State Highway Patrol-Troop I,1567555200000,190522255,2,0,2,0,Personal Injury,LACLEDE,NON-CITY OR UNINCORPORATED,I,2,2,Y,100,0.02,B ,E ,IS 44,ERM EAST IS 44 MILE 1226,Daylight,Motor Vehicle in Transport,1,63,Wed     ,,,,,,,,,,0,0,0,0,0,,,0,0,,0,0,0,0,0,1,37.59535,-92.72297,0,09/04/2019,14:30:00,"CRASH OCCURRED AS VEHICLE 1 TRAVELED OFF THE LEFT SIDE OF THE ROADWAY, RETURNED TO THE ROADWAY AND SKIDDED INTO VEHICLE 2,   VEHICLE 1 TRAVELED OFF THE LEFT SIDE OF THE ROADWAY, INTO THE MEDIAN, WENT THROUGH THE MEDIAN CABLES, INTO THE WESTBOUND LANES THEN TRAVELED BACK INTO THE MEDIAN AND CAME TO REST."
1156167,3190023551,Missouri State Highway Patrol-Troop E,1567555200000,190522385,2,0,2,0,Personal Injury,SCOTT,NON-CITY OR UNINCORPORATED,E,2,2,0,1584,0.3,B ,S ,RT BB,CRD ELLEN,Daylight,Motor Vehicle in Transport,1,64,Wed     ,0,0,0,0,0,1,1,0,0,0,0,0,0,0,0,1,0,0,0,0,0,0,0,0,0,36.90673,-89.6338,0,09/04/2019,15:15:00,"CRASH OCCURRED AS VEHICLE 1 PULLED INTO PATH OF VEHICLE 2, STRIKING VEHICLE 2"
1187270,3190024446,Missouri State Highway Patrol-Troop B,1567555200000,190522424,1,0,1,0,Personal Injury,MARION,NON-CITY OR UNINCORPORATED,B,2,2,0,2090,0.4,B ,N,CRD 159,CRD 134,Daylight,Motor Vehicle in Transport,1,62,Wed     ,0,0,0,0,0,1,1,0,0,0,0,0,0,0,0,1,0,0,0,0,1,0,0,1,0,39.86239,-91.68798,0,09/04/2019,15:05:00,VEHICLE 1 AND VEHICLE 2 MET NEAR THE CENTER OF THE ROADWAY AND STRUCK ONE ANOTHER.
1277903,3190023790,Missouri State Highway Patrol-Troop C,1567555200000,190522526,1,0,1,0,Personal Injury,ST. CHARLES,LAKE ST LOUIS,C,3,3,0,2640,0.5,B ,W ,IS 64,RT N,Daylight,Motor Vehicle in Transport,1,61,Wed     ,0,0,0,0,0,0,0,1,1,0,0,0,0,0,0,1,0,0,0,0,0,0,0,0,0,38.76064,-90.76424,0,09/04/2019,16:50:00,"VEHICLE 1 WAS STOPPED IN TRAFFIC ON WESTBOUND INTERSTATE 64.  VEHICLE 2 WAS SLOWING DUE TO TRAFFIC AHEAD.  DRIVER 3 WAS INATTENTIVE, CAUSING THE FRONT OF VEHICLE 3 TO STRIKE THE REAR OF VEHICLE 2.  THE FRONT OF VEHICLE 2 WAS THEN PUSHED INTO THE REAR OF VEHICLE 1."
1036186,3190023387,Missouri State Highway Patrol-Troop I,1567555200000,190522565,3,0,3,0,Personal Injury,PHELPS,NON-CITY OR UNINCORPORATED,I,2,2,0,760,0.14,B ,W ,RT Y,CRD 8120 WJ,Daylight,Motor Vehicle in Transport,1,61,Wed     ,0,0,0,0,0,1,1,0,0,0,0,0,0,0,0,0,0,0,0,0,1,0,0,1,0,37.97155,-91.82902,0,09/04/2019,17:15:00,CRASH OCCURRED AS VEHICLE 2 WAS BACKING OUT OF A DRIVEWAY.  VEHICLE 1 STRUCK VEHICLE 2.
991091,3190023861,Missouri State Highway Patrol-Troop D,1567555200000,190522676,2,0,2,0,Personal Injury,NEWTON,NON-CITY OR UNINCORPORATED,D,2,2,0,2080,0.39,A ,S ,CRD KODIAK RD,CRD POPPY DR,Daylight,Fixed Object,2,,Wed     ,0,0,0,0,0,1,1,0,0,0,0,0,0,0,0,0,0,0,1,0,0,0,0,0,0,36.79746,-94.41449,0,09/04/2019,18:05:00,"OCCURRED WHEN VEHICLE 1 RAN OFF THE LEFT SIDE OF THE ROAD, STRIKING A MAILBOX AND A TREE."
1335359,3190023416,Missouri State Highway Patrol-Troop G,1567555200000,190522696,3,0,3,0,Personal Injury,HOWELL,NON-CITY OR UNINCORPORATED,G,2,2,0,1821,0.34,A ,E ,RT CC,CRD 6750,Daylight,Motor Vehicle in Transport,1,63,Wed     ,0,0,0,0,1,0,0,1,0,0,0,0,0,0,0,1,0,0,0,0,0,0,0,0,0,36.74498,-91.96362,0,09/04/2019,18:15:00,ACCIDENT OCCURRED AS VEHICLE #2 WAS SLOWING TO MAKE A LEFT TURN INTO A PRIVATE DRIVEWAY AND VEHICLE #1 ATTEMPTED TO OVERTAKE VEHICLE #2.   VEHICLE #1 STRUCK VEHICLE #2.  VEHICLE #1 TRAVELED OFF THE LEFT SIDE OF ROADWAY AND STRUCK A TREE.         ASSISTED BY MSGT R.T.REES(542) AND THE HOWELL RURAL FIRE DEPARTMENT.
1330313,3190023562,Missouri State Highway Patrol-Troop G,1567555200000,190522745,1,0,1,0,Personal Injury,DOUGLAS,NON-CITY OR UNINCORPORATED,G,2,2,0,533,0.1,A ,S ,RT O,RT NN,Daylight,Motor Vehicle in Transport,1,64,Wed     ,0,0,0,0,0,0,0,1,0,0,0,0,0,0,0,1,0,0,0,0,1,0,0,1,0,36.93669,-92.81099,0,09/04/2019,18:40:00,ACCIDENT OCCURRED AS VEHICLE #1 WAS MAKING A LEFT TURN AND IMPACTED SOUTHBOUND VEHICLE #2.
975677,3190023588,Missouri State Highway Patrol-Troop D,1567555200000,190522815,1,0,1,0,Personal Injury,MCDONALD,NON-CITY OR UNINCORPORATED,D,1,1,0,1283,0.24,B ,W ,RT NN,CRD EAST RD,Daylight,Overturn,2,,Wed     ,0,0,0,0,0,0,0,0,0,0,0,0,0,0,0,0,0,0,0,0,0,1,0,0,0,36.68626,-94.40715,0,09/04/2019,19:15:00,NR1 RAN OFF THE ROADWAY AND OVERTURNED.
981197,3190023658,Missouri State Highway Patrol-Troop D,1567555200000,190522952,1,0,1,0,Personal Injury,TANEY,NON-CITY OR UNINCORPORATED,D,1,1,Y,835,0.16,A ,N,CRD STRAWBERRY ROAD,CRD FORSYTH TANEYVILLE RD,Dark-Unlighted,Overturn,1,,Wed     ,0,0,0,0,0,0,0,0,0,0,0,0,0,0,0,0,0,0,0,0,0,0,0,0,0,36.70008,-93.09736,0,09/04/2019,20:30:00,NR1 LOST CONTROL AND OVERTURNED.
846039,3190024480,Missouri State Highway Patrol-Troop A,1567555200000,190522956,1,0,0,1,Personal Injury,JOHNSON,NON-CITY OR UNINCORPORATED,A,1,1,0,121,0.02,A ,S ,CRD OLD HIGHWAY 13,BU 13,Dark-Unlighted,Fixed Object,2,,Wed     ,0,0,0,0,0,0,1,0,0,0,0,0,0,0,0,1,0,0,0,0,0,0,0,0,0,38.71095,-93.73346,0,09/04/2019,21:02:00,"OCCURRED AS VEH1 CROSSED CENTER OF ROADWAY, TRAVELED OFF ROADWAY, DOWN EMBANKMENT, AND STRUCK A DITCH."
1260224,3190024327,Missouri State Highway Patrol-Troop C,1567641600000,190523118,2,0,2,0,Personal Injury,ST. CHARLES,NON-CITY OR UNINCORPORATED,C,1,1,0,19,0,A ,E ,RT Y,CST VOMUND RD,Dark-Unlighted,Fixed Object,2,,Thu     ,1,0,0,0,0,0,0,0,0,0,0,0,0,0,0,0,0,0,0,0,0,0,0,0,0,38.8763,-90.74066,0,09/05/2019,23:30:00,"VEHICLE 1 WAS TRAVELING NORTHBOUND ON ROUTE Y, TRAVELED OFF THE RIGHT SIDE OF THE ROADWAY, AND OVERTURNED. ASSISTED BY CPL. J. R. BREITBACH (790)."
1329227,3190023527,Missouri State Highway Patrol-Troop G,1567641600000,190523141,1,0,0,1,Personal Injury,OREGON,NON-CITY OR UNINCORPORATED,G,1,1,0,195,0.04,B ,W ,MO 142,BRIDGE T0971,Dark-Unlighted,Fixed Object,2,,Thu     ,1,0,0,0,0,0,0,0,0,0,0,0,0,0,0,0,0,0,0,0,1,0,0,1,0,36.52384,-91.37496,0,09/05/2019,00:05:00,"ACCIDENT OCCURRED AS VEHICLE #1 SWERVEDTO MISS AN ANIMAL IN THE ROADWAY.  VEHICLE TRAVELED OFF THE ROADWAY, IMPACTED A FENCE AND A BOX CULVERT."
1019185,3190023508,Missouri State Highway Patrol-Troop D,1567641600000,190523169,1,0,1,0,Personal Injury,HICKORY,NON-CITY OR UNINCORPORATED,D,1,1,0,4224,0.8,B ,N,MO 83,CRD 270,Dark-Unlighted,Fixed Object,2,,Thu     ,0,0,0,0,0,0,0,1,1,0,0,0,0,0,0,0,0,0,0,0,0,0,0,0,0,37.86337,-93.41835,0,09/05/2019,01:30:00,"NR1 RAN OFF THE ROADWAY, STRUCK A MAILBOX, CULVERT, AND A FENCE BEFORE OVERTURNING."
1030661,3190023376,Missouri State Highway Patrol-Troop I,1567641600000,190523218,1,0,1,0,Personal Injury,PULASKI,NON-CITY OR UNINCORPORATED,I,1,1,0,900,0.17,A ,W ,MO 28,RT D,Dark-Unlighted,Animal,1,,Thu     ,0,0,0,0,0,0,0,0,0,0,0,0,0,0,0,0,0,0,0,0,0,0,0,0,0,37.95388,-92.09085,0,09/05/2019,05:54:00,OCCURRED AS VEH 1 STRUCK A DEER IN THE ROADWAY.
1127338,3190024366,Missouri State Highway Patrol-Troop E,1567641600000,190523287,1,0,0,1,Personal Injury,WAYNE,NON-CITY OR UNINCORPORATED,E,1,1,0,1584,0.3,A ,E ,RT Z,CRD 515,Daylight,Fixed Object,2,,Thu     ,0,0,0,0,0,0,0,1,1,0,0,0,0,0,0,0,0,0,0,0,1,0,0,1,0,37.05266,-90.17719,0,09/05/2019,07:15:00,CRASH OCCURRED AS VEHICLE ONE RAN OFF THE RIGHT SIDE OF THE ROADWAY AND STRUCK A TREE.
989746,3190023938,Missouri State Highway Patrol-Troop D,1567641600000,190523369,1,0,0,1,Personal Injury,NEWTON,NEOSHO,D,2,2,Y,10,0,B ,N,MO 59,CRD LARK ROAD,Daylight,Overturn,1,,Thu     ,0,0,0,0,1,1,1,,,0,0,1,0,0,,1,0,0,0,0,0,1,0,0,1,36.78813,-94.39907,0,09/05/2019,08:00:00,VEHICLE #2 FAILED TO YIELD AND MADE A LEFT TURN FROM BUSINESS LOOP 49 ONTO MISSOURI 59 INTO THE PATH OF VEHICLE #1.  DRIVER #1 LAID THE MOTORCYCLE OVER AND WAS EJECTED UNDERNEATH THE TOWED UNIT OF VEHICLE #2 WHICH DROVE OVER DRIVER #1.