objectid,accident,agency,inv_date,complaint,injured,killed,min_inj,dis_inj,severity,county,city,troop,no_vehicle,motor_veh,left_scene,dist_feet,dist_mile,inter_loc,direction,on_street,at_street,light_cond,acc_type,on_off_rd,two_veh,day_week,dr_drink,dr_drug,ped_drink,ped_drug,speed,dr_under21,dr_under25,dr_over55,dr_over64,electrical,emer_veh,stop_sign,yield_sign,czone,hazmat,aggressive,cell_phone,texting,veh_defect,school_bus,truck,motorcycle,atv,pickup,cmv,gps_lat,gps_long,severity_fatal,acc_date,acc_time,narrative
1335357,3190023446,Missouri State Highway Patrol-Troop G,1567641600000,190523744,1,0,1,0,Personal Injury,HOWELL,NON-CITY OR UNINCORPORATED,G,2,2,0,871,0.16,B ,N,CRD 1770,CRD 1380,Daylight,Motor Vehicle in Transport,1,64,Thu     ,0,0,0,0,0,0,0,0,0,0,0,0,0,0,0,0,0,0,0,0,0,0,0,0,0,36.78758,-91.86707,0,09/05/2019,11:08:00,ACCIDENT OCCURRED AS VEHICLE #2 PULLED FROM PRIVATE DRIVE AND STRUCK VEHICLE #1
1139685,3190023715,Missouri State Highway Patrol-Troop E,1567641600000,190523794,2,0,1,1,Personal Injury,BUTLER,NON-CITY OR UNINCORPORATED,E,2,2,0,0,0,AT,N,US 67,CRD 323,Daylight,Motor Vehicle in Transport,1,64,Thu     ,0,0,0,0,0,0,1,1,1,0,0,1,0,0,0,1,0,0,0,0,0,0,0,0,0,36.6875,-90.48438,0,09/05/2019,11:38:00,CRASH OCCURRED AS VEHICLE 1 PULLED INTO THE PATH OF VEHICLE 2.
785967,3190023896,Missouri State Highway Patrol-Troop A,1567641600000,190523934,2,0,2,0,Personal Injury,HENRY,NON-CITY OR UNINCORPORATED,A,2,2,0,1042,0.2,B ,S ,MO 7,CRD SE 350,Daylight,Motor Vehicle in Transport,1,60,Thu     ,0,0,0,0,0,0,0,1,1,0,0,0,0,0,0,1,0,0,0,0,0,0,0,0,0,38.31161,-93.56514,0,09/05/2019,13:09:00,CRASH OCCURRED AS VEH 1 FAILED TO YIELD AND PULLED INTO PATH OF VEH 2.  VEH 2 THEN STRUCK VEH 1 NEARLY HEAD-ON.
1118511,3190023599,Missouri State Highway Patrol-Troop E,1567641600000,190524137,1,0,1,0,Personal Injury,BOLLINGER,NON-CITY OR UNINCORPORATED,E,1,1,0,7391,1.4,B ,E ,MO 34,CRD 820,Daylight,Fixed Object,2,,Thu     ,0,0,0,0,0,0,0,0,0,0,0,0,0,0,0,1,0,0,0,0,0,0,0,0,0,37.24758,-90.17555,0,09/05/2019,14:45:00,"CRASH OCCURRED AS VEHICLE 1 RAN OFF RIGHT SIDE OF ROADWAY, STRUCK A FENCE AND TREE. VEHICLE 1 THEN OVERTURNED AND CAUGHT ON FIRE."
1022146,3190024241,Missouri State Highway Patrol-Troop D,1567641600000,190524146,1,0,1,0,Personal Injury,DALLAS,NON-CITY OR UNINCORPORATED,D,1,1,0,3168,0.6,A ,S ,RT H,MO 32,Daylight,Other Object,2,,Thu     ,0,0,0,0,1,0,0,0,0,0,0,0,0,0,0,1,0,0,0,0,0,0,0,0,0,37.62113,-93.04543,0,09/05/2019,14:00:00,"CRASH OCCURRED AS VEH 1 FAILED TO NEGOIATE A CURVE, DROVE OFF RIGHT SIDE OF THE ROAD AND STRUCK A GRAVEL PILE AND A TREE."
1216588,3190023513,Missouri State Highway Patrol-Troop C,1567641600000,190524207,2,0,2,0,Personal Injury,FRANKLIN,NON-CITY OR UNINCORPORATED,C,1,1,0,853,0.16,A ,W ,CRD ST LOUIS ROCK RD,CRD PRIMROSE LN,Daylight,Fixed Object,2,,Thu     ,0,0,0,0,1,0,0,0,0,0,0,0,0,0,0,1,0,0,0,0,0,0,0,0,0,38.48093,-90.90813,0,09/05/2019,15:20:00,"VEHICLE 1 WAS WESTBOUND ON ST. LOUIS ROCK ROAD AND DRIVER 1 FAILED TO NEGOTIATE A CURVE TO THE LEFT.  VEHICLE 1 TRAVELED OFF THE LEFT SIDE OF THE ROADWAY, STUCK AN EMBANKMENT AND OVERTURNED."
1139688,3190023772,Missouri State Highway Patrol-Troop E,1567641600000,190524272,3,0,3,0,Personal Injury,BUTLER,NON-CITY OR UNINCORPORATED,E,2,2,0,0,0,AT,E ,US 160,RT C,Daylight,Motor Vehicle in Transport,1,64,Thu     ,0,0,0,0,0,0,0,1,1,0,0,1,0,0,0,1,0,0,0,0,0,0,0,0,0,36.66391,-90.52009,0,09/05/2019,15:50:00,CRASH OCCURRED AS VEHICLE 1 FAILED TO YIELD AND STRUCK VEHICLE 2 IN THE SIDE
837178,3190024293,Missouri State Highway Patrol-Troop A,1567641600000,190524652,1,0,1,0,Personal Injury,CASS,ARCHIE,A,2,1,0,42,0.01,A ,W ,RT A,CST IOWA STREET,Daylight,Pedalcycle,1,,Thu     ,0,0,0,0,0,0,0,1,1,0,0,0,0,0,0,0,0,0,0,0,0,0,0,0,0,38.48341,-94.35851,0,09/05/2019,18:33:00,"CRASH OCCURRED AS VEH 2 WAS WESTBOUND AND VEH 1 CROSSED INTO THE PATH OF VEH 2.  DRIVER 1 WAS EJECTED FROM BICYCLE.  BOTH VEH 1 AND VEH 2 AND TO REST IN THE ROADWAY.  ASSISTED BY MSGT R W SHAUL/528, TPR R O GREEN/901, CASS COUNTY SHERIFF'S DEPARTMENT AND ARCHIE PD"
904155,3190023699,Missouri State Highway Patrol-Troop D,1567641600000,190524888,2,0,2,0,Personal Injury,CHRISTIAN,NON-CITY OR UNINCORPORATED,D,1,1,0,1710,0.32,A ,W ,RT EE,CRD HENRY LN,Dark-Unlighted,Overturn,2,,Thu     ,,,,,,0,0,0,0,0,0,0,0,0,0,,0,0,,0,0,1,0,0,0,36.94041,-93.25352,0,09/05/2019,21:56:00,VEHICLE #1 WENT OFF THE RIGHT SIDE OF THE ROADWAY AND OVERTURNED.
1216574,3190023863,Missouri State Highway Patrol-Troop C,1567641600000,190524906,1,0,1,0,Personal Injury,FRANKLIN,NON-CITY OR UNINCORPORATED,C,1,1,0,110,0.02,A ,E ,CRD CLEARVIEW RD,CRD BETHLEHEM CHURCH,Dark-Unlighted,Overturn,1,,Thu     ,0,0,0,0,1,1,1,0,0,0,0,1,0,0,0,1,0,0,0,0,0,0,0,0,0,38.48042,-90.99254,0,09/05/2019,22:15:00,DRIVER 1 DROVE TOO FAST FOR THE CURVATURE OF THE ROADWAY. VEHICLE 1 BEGAN SLIDING. VEHICLE 1 TRAVELED OFF THE RIGHT SIDE OF THE ROADWAY. VEHICLE 1 RETURNED TO THE ROADWAY AND CROSSED THE CENTER OF THE ROAD AND OVERTURNED.
1316777,3190023662,Missouri State Highway Patrol-Troop G,1567728000000,190524999,1,0,1,0,Personal Injury,OZARK,NON-CITY OR UNINCORPORATED,G,1,1,0,543,0.1,B ,N,RT J,CRD 511,Dark-Unlighted,Animal,1,,Thu     ,0,0,0,0,0,0,0,0,0,0,0,0,0,0,0,0,0,0,0,0,0,0,0,0,0,36.55307,-92.34423,0,09/05/2019,23:30:00,ACCIDENT OCCURRED AS NORTHBOUND VEHICLE #1 NB STRUCK A COW IN THE ROADWAY.       ASSISTED BY OZARK COUNTY SHERIFF'S DEPARTMENT.
1297945,3190023897,Missouri State Highway Patrol-Troop C,1567728000000,190525016,1,0,0,1,Personal Injury,JEFFERSON,NON-CITY OR UNINCORPORATED,C,1,1,0,543,0.1,A ,S ,CRD WEST FOUR RIDGE RD,PVT FOREST LN,Dark-Unlighted,Overturn,1,,Fri     ,0,0,0,0,1,0,0,0,0,0,0,0,0,0,0,1,0,0,0,0,0,1,0,0,0,38.39334,-90.4998,0,09/06/2019,00:15:00,"DRIVER 1 FAILED TO NEGOTIATE A RIGHT TURN, CAUSING VEHICLE 1 TO TRAVEL OFF THE LEFT SIDE OF THE ROADWAY AND STRIKE A ROCK"
898282,3190024541,Missouri State Highway Patrol-Troop D,1567728000000,190525103,3,0,3,0,Personal Injury,GREENE,NON-CITY OR UNINCORPORATED,D,2,2,0,150,0.03,A ,W ,IS 44,ERM WEST IS 44 MILE 692,Dark-Unlighted,Parked Motor Vehicle,2,61,Fri     ,0,0,0,0,0,0,0,1,0,0,0,0,0,0,0,1,0,0,0,0,0,0,0,0,1,37.19681,-93.44128,0,09/06/2019,05:24:00,"VEHICLE #1 TRAVELED ON TO THE SHOULDER AND STRUCK VEHICLE #2 WHICH WAS PARKED ON THE SHOULDER, CAUSING VEHICLE #2 TO OVERTURN ONTO ITS TOP.  VEHICLE #1 CONTINUED OFF THE ROADWAY AND STRUCK A ROCK BLUFF. THE INVESTIGATION CONTINUES"
1300784,3190024211,Missouri State Highway Patrol-Troop C,1567728000000,190525108,2,0,2,0,Personal Injury,ST. CHARLES,WEST ALTON,C,2,2,0,0,0,AT,N,US 67,CRD RIVERLANDS WAY,Daylight,Motor Vehicle in Transport,1,64,Fri     ,0,0,0,0,0,1,1,0,0,0,0,0,0,0,0,1,0,0,0,0,0,0,0,0,0,38.87548,-90.19331,0,09/06/2019,06:02:00,VEHICLE #1 WAS CROSSING NORTHBOUND US 67 ONTO RIVERLANDS WAY AND WAS STRUCK BY VEHICLE #2.
1030662,3190023717,Missouri State Highway Patrol-Troop I,1567728000000,190525244,1,0,1,0,Personal Injury,PULASKI,NON-CITY OR UNINCORPORATED,I,1,1,0,259,0.05,B ,E ,MO 28,CRD COLUMBIA RD,Daylight,Fixed Object,2,,Fri     ,0,0,0,0,0,0,1,0,0,0,0,0,0,0,0,0,0,0,0,0,0,0,0,0,0,37.9829,-92.09357,0,09/06/2019,07:48:00,"OCCURRED AS VEH 1 TRAVELED OFF THE RIGHT SIDE OF THE ROADWAY, STRUCK A DITCH, AND A CULVERT."
1182211,3190024330,Missouri State Highway Patrol-Troop B,1567728000000,190525276,1,0,1,0,Personal Injury,KNOX,NON-CITY OR UNINCORPORATED,B,1,1,0,617,0.12,B ,N,RT V,RT K SJ,Daylight,Fixed Object,2,,Fri     ,0,0,0,0,0,0,1,0,0,0,0,0,0,0,0,0,0,0,0,0,1,0,0,0,1,40.24207,-92.01203,0,09/06/2019,07:55:00,"VEHICLE 1 TRAVELED OFF THE RIGHT SIDE OF THE ROAD, OVERCORRECTED, AND TRAVELED OFF THE LEFT SIDE OF THE ROAD. VEHICLE 1 THEN STRUCK A DITCH AND OVERTURNED. ASSISTED BY TPR HOOVER #369, THE KNOX COUNTY SHERIFF'S DEPARTMENT, FIRE DEPARTMENT, RESCUE SQUAD AND EMS."
1260223,3190023900,Missouri State Highway Patrol-Troop C,1567728000000,190525300,1,0,1,0,Personal Injury,ST. CHARLES,NON-CITY OR UNINCORPORATED,C,2,2,0,15,0,A ,W ,RT N,CO RTN TO RTZ,Daylight,Motor Vehicle in Transport,1,61,Fri     ,0,0,0,0,0,0,0,1,1,0,0,1,0,0,0,1,0,0,0,0,0,0,0,0,0,38.77404,-90.86416,0,09/06/2019,08:15:00,VEHICLE #1 WAS MAKING A  LEFT TURN ONTO ROUTE N FROM ROUTE Z AND TRAVELED  INTO THE PATH OF VEHICLE # 2.
1501234,3190023570,Missouri State Highway Patrol-Troop H,1567728000000,190525456,1,0,0,1,Personal Injury,ANDREW,NON-CITY OR UNINCORPORATED,H,1,1,0,464,0.09,B ,N,RT DD,CST EVERGREEN TERRACE,Daylight,Fixed Object,2,,Fri     ,0,0,0,0,0,0,0,0,0,0,0,0,0,0,0,1,0,0,0,0,0,0,0,0,0,39.85613,-94.83408,0,09/06/2019,09:15:00,"OCCURRED AS VEHICLE 1 WAS NORTHBOUND ON HWY DD, VEHICLE 1 RAN OFF THE RIGHT SIDE OF THE ROAD; DRIVER OVERCORRECTED AND VEHICLE 1 RAN BACK ACROSS THE ROADWAY AND OFF THE LEFT SIDE. VEHICLE 1 WENT INTO A RAVINE, WENT AIRBORNE AND THEN OVERTURNED COMING TO REST ON ITS PASSENGER'S SIDE AGAINST TREES.  ASSISTED BY CPL R P DUDECK (516) AND TPR S J FORCE (316)."
857649,3190024919,Missouri State Highway Patrol-Troop A,1567728000000,190525470,1,0,1,0,Personal Injury,CLAY,KANSAS CITY,A,1,1,0,337,0.06,A ,N,RP 901709,IS 29,Daylight,Fixed Object,2,,Fri     ,0,0,0,0,1,0,0,0,0,0,0,0,0,0,0,1,0,0,0,0,0,0,0,0,0,39.17958,-94.5848,0,09/06/2019,09:25:00,"CRASH OCCURRED AS VEHICLE 1 FLED FROM LAW ENFORCEMENT. VEHICLE 1 FAILED TO NEGOTIATE A CURVE, RAN OFF THE LEFT SIDE OF THE ROADWAY AND STRUCK A DITCH."
1200405,3190023821,Missouri State Highway Patrol-Troop F,1567728000000,190525564,1,0,1,0,Personal Injury,CAMDEN,NON-CITY OR UNINCORPORATED,F,2,2,0,1578,0.3,A ,N,MO 5,PVT PRIVATE,Daylight,Motor Vehicle in Transport,1,61,Fri     ,0,0,0,0,0,0,1,0,0,0,0,0,0,0,0,0,0,0,0,0,0,0,0,0,0,38.10279,-92.82183,0,09/06/2019,10:25:00,VEHICLE 2 RAN INTO THE REAR OF VEHICLE 1. ASSISTED BY TPR. A. A. LINDLEY (840)
1216593,3190023911,Missouri State Highway Patrol-Troop C,1567728000000,190525815,1,0,1,0,Personal Injury,FRANKLIN,NON-CITY OR UNINCORPORATED,C,3,3,0,1029,0.19,B ,W ,US 50,MO 185,Daylight,Motor Vehicle in Transport,1,61,Fri     ,0,0,0,0,0,1,1,1,1,0,0,0,0,0,0,0,0,0,0,0,1,0,0,1,0,38.41995,-91.18551,0,09/06/2019,12:39:00,"DRIVER #2 STOPPED TO MAKE A LEFT TURN.  DRIVER #1 FAILED TO KEEP A PROPER LOOKOUT, AND THE FRONT OF VEHICLE #1 STRUCK THE REAR OF VEHICLE #2.  THE FORCE OF THIS IMPACT FORCED VEHICLE #2 INTO VEHICLE #3. ASSISTED BY CAPT. K. C. KELLEY (16),  TPR M. W. HEDLUND (255), AND TPR. M. M. WILLIAMS (1176)"
981203,3190023713,Missouri State Highway Patrol-Troop D,1567728000000,190526053,1,0,1,0,Personal Injury,TANEY,NON-CITY OR UNINCORPORATED,D,1,1,0,126,0.02,A ,W ,MO 76,PVT PRIVATE RD 1924,Daylight,Fixed Object,2,,Fri     ,0,0,0,0,0,1,1,0,0,0,0,0,0,0,0,0,0,0,0,0,0,0,0,0,0,36.63152,-93.12365,0,09/06/2019,14:35:00,VEHICLE #1 RAN OFF THE RIGHT SIDE OF THE ROADWAY AND STRUCK AN EMBANKMENT AND A TREE STUMP
785964,3190024266,Missouri State Highway Patrol-Troop A,1567728000000,190526152,1,0,1,0,Personal Injury,HENRY,NON-CITY OR UNINCORPORATED,A,2,2,0,24,0,B ,E ,RT Z,RT BB,Daylight,Motor Vehicle in Transport,1,60,Fri     ,0,0,0,0,0,0,0,1,1,0,0,0,0,0,0,1,0,0,0,0,1,0,0,1,0,38.22023,-93.73467,0,09/06/2019,15:30:00,"CRASH OCCURRED AS VEHICLE 1 WAS WESTBOUND ON ROUTE Z WHEN IT SWERVED TO AVOID AN EASTBOUND VEHICLE THAT TURNED NORTHBOUND ACROSS ITS PATH.  VEHICLE 1 TRAVELED ACROSS THE CENTER LINE AND STRUCK EASTBOUND VEHICLE 2, WHICH HAD BEEN TRAVELING BEHIND THE VEHICLE THAT TURNED IN FRONT OF VEHICLE 1.  AFTER IMPACT, BOTH VEHICLES RAN OFF THE SOUTH SIDE OF ROUTE Z AND STRUCK A SIGN POST. ASSISTED BY TPR D. J. MAUPIN /1369/ AND RGR D. SCOTTEN /R16/"
1120152,3190023721,Missouri State Highway Patrol-Troop E,1567728000000,190526161,2,0,2,0,Personal Injury,IRON,IRONTON,E,2,2,0,25,0,B ,N,MO 21,CST MAIN ST,Daylight,Motor Vehicle in Transport,1,61,Fri     ,0,0,0,0,0,1,1,0,0,0,0,0,0,0,0,0,0,0,0,0,0,0,0,0,0,37.60871,-90.62915,0,09/06/2019,15:30:00,"CRASH OCCURRED AS VEHICLE 1 WAS STOPPED IN NORTHBOUND LANE, PREPARING TO TURN LEFT ONTO MAIN STREET.  VEHICLE 2 STRUCK REAR OF VEHICLE 1."
1265165,3190023789,Missouri State Highway Patrol-Troop C,1567728000000,190526239,1,0,1,0,Personal Injury,ST. CHARLES,O'FALLON,C,2,2,0,2640,0.5,B ,W ,IS 70,CST BRYAN RD,Daylight,Motor Vehicle in Transport,1,61,Fri     ,0,0,0,0,0,1,1,0,0,0,0,0,0,0,0,1,0,0,0,0,0,0,0,0,0,38.80292,-90.72394,0,09/06/2019,16:15:00,VEHICLE 1 SLOWED FOR TRAFFIC. DRIVER 2 WAS INATTENTIVE AND THE FRONT OF VEHICLE 2 STRUCK THE REAR OF VEHICLE 1.
859377,3190024288,Missouri State Highway Patrol-Troop A,1567728000000,190526251,1,0,1,0,Personal Injury,LAFAYETTE,NON-CITY OR UNINCORPORATED,A,1,1,0,2539,0.48,A ,N,MO 13,CRD LONG GROVE RD,Daylight,Fixed Object,2,,Fri     ,0,1,0,0,0,0,0,0,0,0,0,0,0,0,0,1,0,0,0,0,0,0,0,0,0,39.10979,-93.7561,0,09/06/2019,16:19:00,"CRASH OCCURRED AS VEHICLE 1 TRAVELED OFF THE RIGHT SIDE OF THE ROADWAY, BECAME AIRBORNE, STRUCK THE GROUND, AND OVERTURNED. ASSISTED BY TPR M W NEELY /1328/, LAFAYETTE COUNTY SHERIFF'S DEPARTMENT, AND HIGGINSVILLE PD."
793433,3190024155,Missouri State Highway Patrol-Troop A,1567728000000,190526387,4,0,4,0,Personal Injury,CASS,NON-CITY OR UNINCORPORATED,A,2,2,0,0,0,AT,N,RT D,MO 58,Daylight,Motor Vehicle in Transport,1,64,Fri     ,0,0,0,0,0,0,0,1,1,1,0,0,0,0,0,1,0,0,0,0,0,0,0,0,0,38.81787,-94.58573,0,09/06/2019,17:13:00,CRASH OCCURRED AS VEHICLE 1 FAILED TO YIELD TO VEHICLE 2 WHILE ATTEMPTING TO MAKE A LEFT TURN. VEHICLE 1 STRUCK VEHICLE 2 IN THE INTERSECTION. ASSISTED BY CASS COUNTY SHERIFF'S DEPARTMENT
1044649,3190024165,Missouri State Highway Patrol-Troop I,1567728000000,190526472,3,0,0,3,Personal Injury,LACLEDE,NON-CITY OR UNINCORPORATED,I,3,3,0,137,0.03,B ,S ,CRD OLD HWY 5,MO 5 SJ,Daylight,Motor Vehicle in Transport,1,64,Fri     ,0,0,0,0,0,0,1,1,0,0,0,1,0,0,0,0,0,0,0,0,1,0,0,1,1,37.78834,-92.68002,0,09/06/2019,17:50:00,"CRASH OCCURRED AS VEHICLE ONE RAN OFF THE RIGHT SIDE OF THE ROADWAY ON OLD HWY 5, GOING AIRBRON AND STRIKING SOUTHBOUND VEHICLE 2 ON HWY 5.  AFTER BEING STRUCK BY VEHICLE 1, VEHICLE 2 TRAVELED INTO THE NORTHBOUND LANE AND WAS STRUCK BY VEHICLE 3.  AFTER STRIKING VEHICLE 2, VEHICLE 3 CROSSED INTO THE SOUTHBOUND AND LANE STRUCK VEHICLE 1.  ASSISTED BY THE LACLEDE COUNTY SHERIFF'S DEPARTMENT, ELDRIDGE RURAL FIRE DEPARTMENT, AND MODOT."
1139666,3190023774,Missouri State Highway Patrol-Troop E,1567728000000,190526481,2,0,2,0,Personal Injury,BUTLER,NON-CITY OR UNINCORPORATED,E,2,2,0,0,0,AT,S ,MO 51,CRD 652,Daylight,Motor Vehicle in Transport,1,64,Fri     ,0,0,0,0,0,1,1,0,0,0,0,0,0,0,0,1,0,0,0,0,1,0,0,1,1,36.65028,-90.24236,0,09/06/2019,17:55:00,CRASH OCCURRED AS VEHICLE TWO WAS MAKING A RIGHT HAND TURN AND VEHICLE ONE RAN INTO THE SIDE OF VEHICLE TWO
1287965,3190024604,Missouri State Highway Patrol-Troop C,1567728000000,190526549,1,0,1,0,Personal Injury,PIKE,NON-CITY OR UNINCORPORATED,C,1,1,0,1721,0.33,A ,E ,RT UU,PVT 9146 911 RD,Daylight,Fixed Object,2,,Fri     ,1,1,0,0,1,0,0,0,0,0,0,0,0,0,0,1,0,0,0,0,1,0,0,1,0,39.41672,-91.11331,0,09/06/2019,18:15:00,"VEHICLE #1 TRAVELING EASTBOUND HIGHWAY UU, TRAVELED OFF THE RIGHT SIDE OF THE ROADWAY. VEHICLE #1 OVERCORRECTED RETURNED BACK TO THE ROADWAY, TRAVELED OFF THE RIGHT SIDE OF ROAD AGAIN, STRUCK AN EMBANKMENT, OVERTURNED AND STRUCK A FENCE. ASSISTED BY MSGT. S. A. MILLER (1184)"
927230,3190024146,Missouri State Highway Patrol-Troop D,1567728000000,190526599,3,1,1,2,Fatal,MCDONALD,ANDERSON,D,2,2,0,26,0,A ,E ,MO 76,CRD SPIDER K RD,Daylight,Motor Vehicle in Transport,1,60,Fri     ,0,0,0,0,0,0,0,0,0,0,0,0,0,0,0,1,0,0,0,0,0,0,0,0,0,36.64737,-94.47532,1,09/06/2019,18:45:00,FATALITY REPORT.  THIS IS TROOP D'S 77TH FATALITY FOR 2019.  NEXT OF KIN NOTIFIED.  VEHICLE #1 ATTEMPTED TO MAKE A LEFT TURN IN FRONT OF ONCOMING VEHICLE #2.  VEHICLE #1 STRUCK VEHICLE #2.  SUBJECT WAS PRONOUNCED DECEASED AT THE SCENE AT 1940 HOURS BY MCDONALD COUNTY DEPUTY CORONER JONATHAN FLETCHER.
888648,3190024237,Missouri State Highway Patrol-Troop A,1567728000000,190526604,2,0,2,0,Personal Injury,RAY,NON-CITY OR UNINCORPORATED,A,2,2,0,153,0.03,A ,W ,RT D,CRD MAYS,Daylight,Motor Vehicle in Transport,1,61,Fri     ,0,0,0,0,0,0,1,0,0,0,0,1,0,0,0,1,0,0,0,0,0,0,0,0,0,39.4636,-94.0419,0,09/06/2019,18:47:00,CRASH OCCURRED AS VEHICLE 1 FAILED TO YIELD AND PULLED INTO THE PATH OF VEHICLE 2. VEHICLE 2 STRUCK THE REAR OF VEHICLE 1.
1022150,3190023828,Missouri State Highway Patrol-Troop D,1567728000000,190526611,2,0,2,0,Personal Injury,DALLAS,NON-CITY OR UNINCORPORATED,D,1,1,0,58,0.01,B ,E ,RT C,US 65,Daylight,Fixed Object,2,,Fri     ,0,0,0,0,1,0,0,1,1,0,0,0,0,0,0,1,0,0,0,0,0,0,0,0,0,37.67679,-93.10337,0,09/06/2019,18:50:00,CRASH OCCURRED AS VEHICLE  TRAVELED OFF THE RIGHT SIDE OF THE ROADWAY AND STRUCK A FENCE.
1156190,3190023597,Missouri State Highway Patrol-Troop E,1567728000000,190526655,1,0,1,0,Personal Injury,SCOTT,NON-CITY OR UNINCORPORATED,E,1,1,0,4224,0.8,A ,S ,CRD ROTH DRIVE,CRD 321,Daylight,Fixed Object,2,,Fri     ,0,0,0,0,1,0,0,0,0,0,0,0,0,0,0,1,0,0,0,0,0,0,0,0,0,37.17088,-89.47297,0,09/06/2019,19:14:00,CRASH OCCURRED AS VEHICLE 1 RAN OFF THE RIGHT SIDE OF THE ROADWAY AND STRUCK A TREE
1192058,3190025996,Missouri State Highway Patrol-Troop B,1567728000000,190526703,1,0,0,1,Personal Injury,LEWIS,NON-CITY OR UNINCORPORATED,B,1,1,0,3168,0.6,B ,E ,MO 16,BRIDGE B0189,Daylight,Overturn,2,,Fri     ,1,0,0,0,0,0,0,0,0,0,0,0,0,0,0,0,0,0,0,0,0,1,0,0,0,40.13223,-91.62937,0,09/06/2019,19:34:00,"01 EASTBOUND, RAN OFF THE SOUTH SIDE OF THE ROADWAY, OVERTURNED, AND EJECTED THE DRIVER.  ASSISTED BY LEWIS COUNTY SHERIFFS DEPARTMENT, AMBULANCE, CANTON FIRE AND MONTICELLO FIRE DEPARTMENTS."
1057885,3190024339,Missouri State Highway Patrol-Troop I,1567728000000,190526710,1,0,1,0,Personal Injury,CRAWFORD,NON-CITY OR UNINCORPORATED,I,1,1,Y,1050,0.2,A ,S ,MO 49,CRD DAN HALBERT RD,Dark-Unlighted,Overturn,2,,Fri     ,1,0,0,0,0,,,,,0,0,0,0,0,0,0,0,0,0,0,1,0,0,1,0,37.84442,-91.25045,0,09/06/2019,19:30:00,"OCCURRED AS VEHICLE 1 TRAVELED OFF THE SOUTH SIDE OF THE ROADWAY, OVERTURNED, AND STRUCK THE DITCH. ASSISTED BY THE CRAWFORD COUNTY SHERIFF'S OFFICE."
1323128,3190024058,Missouri State Highway Patrol-Troop G,1567728000000,190526827,1,0,1,0,Personal Injury,TEXAS,NON-CITY OR UNINCORPORATED,G,1,1,Y,1895,0.36,B ,S ,MO 17,BRIDGE A7022,Dark-Unlighted,Animal,1,,Fri     ,0,0,0,0,0,0,0,1,0,0,0,0,0,0,0,0,0,0,0,0,0,0,0,0,0,37.06125,-91.66533,0,09/06/2019,21:00:00,CRASH OCCURRED AS VEHICLE ONE STRUCK A DEER.
1285976,3190025855,Missouri State Highway Patrol-Troop C,1567728000000,190526836,1,0,1,0,Personal Injury,ST. FRANCOIS,NON-CITY OR UNINCORPORATED,C,1,1,0,311,0.06,A ,N,RT H,CRD PERRINE RD,Dark-Unlighted,Fixed Object,2,,Fri     ,0,0,0,0,0,1,1,0,0,0,0,0,0,0,0,0,1,0,0,0,1,0,0,1,0,37.74552,-90.4286,0,09/06/2019,21:05:00,"VEHICLE 1 WAS TRAVELING NORTHBOUND ON ROUTE H. VEHICLE 1 CROSSED INTO THE SOUTHBOUND LANE AND OVER CORRECTED TO THE RIGHT. VEHICLE 1 RAN OFF THE RIGHT SIDE OF THE ROADWAY, IMPACTED A TREE AND OVERTURNED."
1303576,3190027708,Missouri State Highway Patrol-Troop C,1567728000000,190526878,1,0,1,0,Personal Injury,ST. LOUIS,NORMANDY,C,2,2,Y,506,0.1,B ,E ,RP 901541,CST BERMUDA DR,Dark-Lighted,Working Motor Vehicle,1,61,Fri     ,1,0,0,0,0,0,0,1,0,1,0,0,0,1,0,0,0,0,0,0,1,0,0,1,1,38.71741,-90.29919,0,09/06/2019,21:22:00,"VEHICLE #2, WITH A TOW UNIT ATTACHED WAS BLOCKING THE ROADWAY IN A WORK ZONE. DRIVER #1 WAS INATTENTIVE CAUSING VEHICLE #1 TO STRIKE THE ATTENUATOR ON THE TOW UNIT OF VEHICLE #2."
846040,3190025061,Missouri State Highway Patrol-Troop A,1567728000000,190527080,1,0,1,0,Personal Injury,JOHNSON,NON-CITY OR UNINCORPORATED,A,1,1,0,110,0.02,A ,E ,MO 58,CRD SW 200,Dark-Unlighted,Fixed Object,2,,Fri     ,0,0,0,0,0,0,1,0,0,0,0,0,0,0,0,1,0,0,0,0,0,0,0,0,0,38.7355,-93.84087,0,09/06/2019,23:20:00,"CRASH OCCURRED AS VEHICLE 1 TRAVELED OFF THE RIGHT SIDE OF THE ROADWAY AND STRUCK A POLE.  ASSISTED BY MSGT R W SHAUL /528/, CPL J J CRUMP /1361/, TPR W M GRAHAM /620/, AND TPR A L ROYSTER /941/"
857652,3190024265,Missouri State Highway Patrol-Troop A,1567728000000,190527091,1,0,0,1,Personal Injury,CLAY,KANSAS CITY,A,1,1,0,364,0.07,B ,N,US 169,RP 1034778 SJ,Dark-Unlighted,Other Non Collision,1,,Fri     ,0,0,0,0,1,0,0,0,0,0,0,0,0,0,0,1,0,0,0,0,0,1,0,0,0,39.15662,-94.5885,0,09/06/2019,23:25:00,CRASH OCCURRED AS VEHICLE 1 WAS TRAVELING NORTHBOUND TRAVELED OFF THE LEFT SIDE OF THE ROADWAY AND STRUCK A CONCRETE BARRIER.  ASSISTED BY TPR C M MCDONALD /892/ AND KANSAS CITY PD.