objectid,accident,agency,inv_date,complaint,injured,killed,min_inj,dis_inj,severity,county,city,troop,no_vehicle,motor_veh,left_scene,dist_feet,dist_mile,inter_loc,direction,on_street,at_street,light_cond,acc_type,on_off_rd,two_veh,day_week,dr_drink,dr_drug,ped_drink,ped_drug,speed,dr_under21,dr_under25,dr_over55,dr_over64,electrical,emer_veh,stop_sign,yield_sign,czone,hazmat,aggressive,cell_phone,texting,veh_defect,school_bus,truck,motorcycle,atv,pickup,cmv,gps_lat,gps_long,severity_fatal,acc_date,acc_time,narrative
1200610,3190023835,Missouri State Highway Patrol-Troop F,1567814400000,190527187,2,0,2,0,Personal Injury,CAMDEN,NON-CITY OR UNINCORPORATED,F,1,1,0,1383,0.26,B ,E ,RT MM,CRD SHAWNEE FOUR DR,Dark-Unlighted,Fixed Object,2,,Sat     ,0,0,0,0,1,1,1,0,0,0,0,0,0,0,0,1,0,0,0,0,0,0,0,0,0,38.15762,-92.69189,0,09/07/2019,00:45:00,"OCCURRED AS VEHICLE 1 LOST CONTROL WHILE ATTEMPTING TO NAVIGATE A CURVE IN THE ROAD, TRAVELED OFF THE LEFT SIDE OF THE ROAD STRIKING A TREE. ASSISTED BY CPL B. J. BLANKENBEKER (895)"
900183,3190024004,Missouri State Highway Patrol-Troop D,1567814400000,190527268,3,0,3,0,Personal Injury,POLK,PLEASANT HOPE,D,2,2,0,1034,0.2,B ,W ,RT KK,CRD 530TH RD,Dark-Unlighted,Motor Vehicle in Transport,1,60,Sat     ,1,0,0,0,0,1,1,0,0,0,0,0,0,0,0,1,0,0,0,0,1,0,0,1,0,37.47486,-93.27476,0,09/07/2019,02:02:00,VEHICLE 1 CROSSED THE CENTER LINE AND STRUCK VEHICLE 2.
1272030,3190024281,Missouri State Highway Patrol-Troop C,1567814400000,190527271,1,0,0,1,Personal Injury,PERRY,NON-CITY OR UNINCORPORATED,C,1,1,0,2317,0.44,A ,N,MO 51,CRD 708,Dark-Unlighted,Fixed Object,2,,Sat     ,0,0,0,0,0,0,0,0,0,0,0,0,0,0,0,1,0,0,0,0,0,0,0,0,0,37.66577,-89.93955,0,09/07/2019,01:58:00,"VEHICLE 1 WAS SOUTHBOUND ON HIGHWAY 51 AND TRAVELED OFF THE LEFT SIDE OF THE ROADWAY, STRUCK A TREE AND OVERTURNED. DRIVER 1 WAS EJECTED."
1503082,3190023591,Missouri State Highway Patrol-Troop H,1567814400000,190527275,2,0,0,2,Personal Injury,CALDWELL,NON-CITY OR UNINCORPORATED,H,1,1,0,114,0.02,B ,N,PVT FAWN LAKE DR,PVT EAGLE CREEK DR,Dark-Unlighted,Overturn,1,,Sat     ,0,0,0,0,1,0,0,0,0,0,0,0,0,0,0,1,0,0,0,0,0,1,0,0,0,39.53019,-94.0403,0,09/07/2019,02:20:00,"VEHICLE 1 WAS NORTHBOUND ON FAWN LAKE DRIVE IN HIDE AWAY LAKE. VEHICLE 1 BEGAN TO SLIDE ON GRAVEL CAUSING DRIVER 1 TO LOSE CONTROL OF THE VEHICLE. VEHICLE 1 OVERTURNED ONTO ITS LEFT SIDE AND EJECTED BOTH OCCUPANTS. VEHICLE 1 CAME TO REST ON ITS DRIVER?S SIDE FACING NORTH AND BOTH OCCUPANTS CAME TO REST IN THE ROADWAY DIRECTLY EAST OF VEHICLE 1. ASSISTED BY CALDWELL COUNTY SHERIFF?S DEPARTMENT, POLO FIRE AND CALDWELL COUNTY EMS."
1262948,3190024078,Missouri State Highway Patrol-Troop C,1567814400000,190527285,1,0,1,0,Personal Injury,WARREN,NON-CITY OR UNINCORPORATED,C,1,1,0,475,0.09,A ,E ,RP 6808,RT A,Dark-Unlighted,Overturn,2,,Sat     ,0,0,0,0,0,0,0,0,0,0,0,0,0,0,0,1,0,0,0,0,0,0,0,0,1,38.83762,-91.22378,0,09/07/2019,02:48:00,VEHICLE #1 WAS TRAVELING EASTBOUND ON THE INTERSTATE 70 ENTRANCE RAMP.  VEHICLE #1 TRAVELED OFF THE LEFT SIDE OF THE ROADWAY AND OVERTURNED.
785965,3190025083,Missouri State Highway Patrol-Troop A,1567814400000,190527357,0,1,0,0,Fatal,HENRY,NON-CITY OR UNINCORPORATED,A,1,1,0,52,0.01,B ,W ,RT C,CRD CO RTC TO RTY,Dark-Unlighted,Fixed Object,2,,Sat     ,0,0,0,0,1,0,0,0,0,0,0,0,0,0,0,1,0,0,0,0,0,0,0,0,0,38.39307,-93.53944,1,09/07/2019,05:30:00,"FATALITY CRASH - NEXT OF KIN NOTIFIED - TROOP A FATALITY CRASH #45  TROOP A FATALITY #51.  CRASH OCCURRED AS VEH 1 WAS WESTBOUND ON ROUTE C.  DVR 1 FAILED TO NEGOTIATE A CURVE, VEH 1 RAN OFF THE RIGHT SIDE OF THE ROADWAY AND STRUCK A TREE.  DVR 1 PRONOUNCED ON SCENE BY HENRY COUNTY CORONER, PAUL ABBOTT, AT 0530.   ASSISTED BY THE HENRY COUNTY SHERIFFS DEPARTMENT."
1181668,3190024316,Missouri State Highway Patrol-Troop B,1567814400000,190527515,3,0,3,0,Personal Injury,RANDOLPH,NON-CITY OR UNINCORPORATED,B,2,2,0,0,0,AT,N,US 63,BU 63 SJ,Daylight,Motor Vehicle in Transport,1,63,Sat     ,0,0,0,0,0,0,0,1,1,0,0,0,0,0,0,0,0,0,0,0,0,0,0,0,0,39.3423,-92.39086,0,09/07/2019,08:45:00,VEH 1 MADE A LEFT TURN FROM THE DRIVING LANE AND INTO THE LANE OF VEH 2. VEH 1 CAME TO REST IN THE PASSING LANE AND VEH 2 DROVE OFF INTO THE MEDIAN.
921615,3190024253,Missouri State Highway Patrol-Troop D,1567814400000,190527528,1,0,1,0,Personal Injury,LAWRENCE,NON-CITY OR UNINCORPORATED,D,2,2,Y,15,0,A ,W ,IS 44,MO 96,Daylight,Motor Vehicle in Transport,1,63,Sat     ,,,,,,,,1,,0,0,0,0,0,0,,0,0,,0,0,0,0,0,0,37.18722,-93.64224,0,09/07/2019,08:55:00,"OCCURRED AS VEHICLE 2 CROSSED THE CENTER LINE AND STRUCK VEHICLE 1, CAUSING VEHICLE 1 TO RUN OFF ROADWAY AND OVERTURN."
1148083,3190023627,Missouri State Highway Patrol-Troop E,1567814400000,190527550,3,0,3,0,Personal Injury,STODDARD,NON-CITY OR UNINCORPORATED,E,2,2,0,1056,0.2,B ,S ,US 25,CRD 260,Daylight,Motor Vehicle in Transport,1,61,Sat     ,0,0,0,0,0,0,0,0,0,0,0,0,0,0,0,1,0,0,0,0,0,0,0,0,0,37.00806,-89.90464,0,09/07/2019,09:00:00,CRASH OCCURRED AS VEHICLE ONE DROVE INTO THE REAR OF VEHICLE TWO
1160914,3190023745,Missouri State Highway Patrol-Troop F,1567814400000,190527651,1,0,1,0,Personal Injury,BOONE,NON-CITY OR UNINCORPORATED,F,1,1,0,179,0.03,B ,S ,US 63,CRD CLAYSVILLE RD,Daylight,Fixed Object,2,,Sat     ,0,0,0,0,0,0,0,1,1,0,0,0,0,0,0,1,0,0,0,0,0,0,0,0,0,38.6721,-92.23743,0,09/07/2019,10:05:00,"VEHICLE 1 TRAVELED OFF THE LEFT SIDE OF THE ROADWAY, STRUCK THE CABLE BARRIER AND TRAVELED ACROSS THE MEDIAN CROSS OVER."
1148084,3190023867,Missouri State Highway Patrol-Troop E,1567814400000,190527689,0,1,0,0,Fatal,STODDARD,NON-CITY OR UNINCORPORATED,E,1,1,0,171,0.03,A ,S ,CRD 483,RT J,Daylight,Overturn,2,,Sat     ,0,0,0,0,0,1,1,0,0,0,0,0,0,0,0,1,0,0,0,0,0,0,1,0,0,36.90299,-90.13313,1,09/07/2019,10:20:00,"LATE FATALITY CRASH**CRASH OCCURRED AS VEHICLE ONE LOST CONTROL, RAN OFF THE LEFT SIDE OF THE ROADWAY AND OVERTURNING. NEXT OF KIN NOTIFIED, PRONOUNCED AT CARDINAL GLENNON HOSPITAL BY DR JEREMY GARRETT AT 0756 ON 20190914."
1216599,3190024026,Missouri State Highway Patrol-Troop C,1567814400000,190527746,1,0,1,0,Personal Injury,FRANKLIN,NON-CITY OR UNINCORPORATED,C,2,2,0,0,0,AT,S ,MO 47,CRD CLEARVIEW ROAD,Daylight,Motor Vehicle in Transport,1,64,Sat     ,0,0,0,0,0,1,1,1,1,1,0,0,0,0,0,1,0,0,0,0,0,0,0,0,0,38.48219,-91.0051,0,09/07/2019,10:51:00,VEHICLE 1 WAS TRAVELING SOUTHBOUND ON HIGHWAY 47. VEHICLE 2 WAS TRAVELING NORTHBOUND ON HIGHWAY 47 MAKING A LEFT ONTO CLEARVIEW ROAD. VEHICLE 2 FAILED TO YIELD TO VEHICLE 1 AND THE FRONT OF VEHICLE 1 STRUCK THE SIDE OF VEHICLE 2.
1177187,3190024080,Missouri State Highway Patrol-Troop F,1567814400000,190527845,1,0,1,0,Personal Injury,MONTGOMERY,NON-CITY OR UNINCORPORATED,F,1,1,0,1230,0.23,A ,S ,RT J,BRIDGE N0793,Daylight,Overturn,2,,Sat     ,0,0,0,0,0,0,0,0,0,0,0,0,0,0,0,0,0,0,0,0,0,1,0,0,0,38.83678,-91.54523,0,09/07/2019,11:50:00,OCCURRED AS VEHICLE 1 ATTEMPTED TO AVOID GRAVEL IN THE ROADWAY AND TRAVELED OFF THE RIGHT SIDE OF THE ROADWAY AND OVERTURNED.
989601,3190024143,Missouri State Highway Patrol-Troop D,1567814400000,190527886,1,0,1,0,Personal Injury,JASPER,NON-CITY OR UNINCORPORATED,D,1,1,0,13,0,A ,S ,RT U,CRD 10,Daylight,Overturn,1,,Sat     ,0,0,0,0,1,0,0,1,0,0,0,0,0,0,0,1,0,0,0,0,0,1,0,0,0,37.1356,-94.07477,0,09/07/2019,12:10:00,"OCCURRED AS VEHICLE 1 WAS ATTEMPTING TO MAKE A RIGHT TURN, HIT LOOSE GRAVEL AND OVERTURNED."
1139719,3190023742,Missouri State Highway Patrol-Troop E,1567814400000,190528027,1,0,1,0,Personal Injury,BUTLER,NON-CITY OR UNINCORPORATED,E,1,1,0,56,0.01,B ,E ,RT V,CRD 355,Daylight,Fixed Object,2,,Sat     ,0,0,0,0,0,0,0,0,0,0,0,0,0,0,0,0,0,0,0,0,0,0,0,0,0,36.65124,-90.5383,0,09/07/2019,13:25:00,**STATE PROPERY DAMAGE** CRASH OCCURRED AS VEHICLE ONE RAN OFF THE RIGHT SIDE OF THE ROAD AND STRUCK A TREE - STATE PROPERTY DAMAGE TO ONE SCHOOL  BUS STOP AHEAD SIGN
1506271,3190024315,Missouri State Highway Patrol-Troop H,1567814400000,190528036,1,0,1,0,Personal Injury,DEKALB,NON-CITY OR UNINCORPORATED,H,2,2,0,44,0.01,B ,W ,US 36,CRD OGLE RD,Daylight,Motor Vehicle in Transport,1,61,Sat     ,0,0,0,0,0,0,0,1,0,0,0,0,0,0,0,1,0,0,0,0,0,0,0,0,1,39.76245,-94.48461,0,09/07/2019,13:30:00,"CRASH OCCURRED AS VEH #1 AND VEH #2 WERE TRAVELING WESTBOUND IN THE PASSING LANE OF US-36 IN DEKALB COUNTY. VEH #2 WAS TRAVELING IN FRONT OF VEH #1. VEH #1 OVERTOOK VEH #2, STRIKING THE REAR OF VEH #2. VEH #1 JACK-KNIFED AND CAME TO REST IN THE PASSING LANE OF US-36 ON ITS WHEELS FACING NORTHBOUND. VEH #2 CAME TO REST FACING NORTH ON OGLE RD ON ITS WHEELS. ASSISTED BY STEWARTSVILLE FIRE DEPARTMENT."
973875,3190023984,Missouri State Highway Patrol-Troop D,1567814400000,190528094,1,0,1,0,Personal Injury,BARRY,NON-CITY OR UNINCORPORATED,D,1,1,0,660,0.12,B ,S ,CRD 1040,CRD 1042,Daylight,Overturn,1,,Sat     ,1,0,0,0,1,0,0,1,0,0,0,0,0,0,0,1,0,0,0,0,0,1,0,0,0,36.64752,-94.00036,0,09/07/2019,13:50:00,"OCCURRED AS DRIVER LOST CONTROL OF #1 AND #1 FELL OVER, EJECTING THE DRIVER"
1216595,3190024025,Missouri State Highway Patrol-Troop C,1567814400000,190528203,1,0,0,1,Personal Injury,FRANKLIN,NON-CITY OR UNINCORPORATED,C,2,2,0,0,0,AT,W ,CRD ST LOUIS ROCK ROAD,CRD ST JOHNS ROAD,Daylight,Motor Vehicle in Transport,1,64,Sat     ,0,0,0,0,0,0,1,0,0,0,0,1,0,0,0,1,0,0,0,0,0,1,0,0,0,38.46948,-90.94306,0,09/07/2019,14:58:00,VEHICLE #2  WAS TRAVELING WESTBOUND ON ST LOUIS ROCK ROAD. VEHICLE #1 WAS STOPPED AT A STOP SIGN SOUTHBOUND ON ST JOHNS ROAD.   VEHICLE #1 FAILED TO YIELD AND THE FRONT OF VEHICLE #1 STRUCK VEHICLE #2.  VEHICLE #2 OVERTURNED AND TRAVELED OFF THE LEFT SIDE OF THE ROADWAY.
911354,3190023903,Missouri State Highway Patrol-Troop D,1567814400000,190528249,1,0,1,0,Personal Injury,POLK,NON-CITY OR UNINCORPORATED,D,1,1,0,401,0.08,A ,N,CRD 188TH RD,CRD 400TH RD,Daylight,Fixed Object,2,,Sat     ,0,0,0,0,0,0,0,0,0,0,0,0,0,0,0,0,0,0,0,0,1,0,0,0,1,37.6681,-93.2879,0,09/07/2019,14:30:00,"OCCURRED AS #1 TRAVELED  OFF THE RIGHT SIDE OF THE ROADWAY, WHERE ITS UNDERCARRIAGE STRUCK THE GROUND.  AFTER THE IMPACT, #1 OVERTURNED AND CAME TO REST ON ITS LEFT SIDE, FACING WEST.  ASSISTED BY MSGT K.L. MILLS $764 AND TPR R.E. DOUTHETT #221."
1297999,3190023694,Missouri State Highway Patrol-Troop C,1567814400000,190528398,2,0,1,1,Personal Injury,JEFFERSON,NON-CITY OR UNINCORPORATED,C,1,1,0,422,0.08,A ,S ,CRD KLONDIKE RD,PVT VIEHMAN CREEK RD,Daylight,Fixed Object,2,,Sat     ,0,0,0,0,0,0,0,0,0,0,0,0,0,0,0,1,0,0,0,0,0,1,0,0,0,38.10352,-90.57017,0,09/07/2019,16:35:00,"VEHICLE 1 WAS TRAVELING SOUTH ON KLONDIKE ROAD. VEHICLE 1 TRAVELED OFF THE RIGHT SIDE OF THE ROAD AND IMPACTED A CHEVRON SIGN WITH ITS FRONT. VEHICLE 1 OVERTURNED ONTO ITS RIGHT SIDE, EJECTING DRIVER 1 AND PASSENGER 1."
1148082,3190023937,Missouri State Highway Patrol-Troop E,1567814400000,190528496,2,0,2,0,Personal Injury,STODDARD,NON-CITY OR UNINCORPORATED,E,1,1,0,2112,0.4,B ,N,CRD 775,MO 114,Daylight,Fixed Object,2,,Sat     ,0,0,0,0,0,0,0,1,0,0,0,0,0,0,0,1,0,0,0,0,0,0,0,0,0,36.81169,-89.82586,0,09/07/2019,17:25:00,"CRASH OCCURRED AS VEHICLE 1 RAN OFF ROADWAY, STRUCK DITCH AND UTILITY POLE"
1022151,3190023827,Missouri State Highway Patrol-Troop D,1567814400000,190528556,1,0,1,0,Personal Injury,DALLAS,NON-CITY OR UNINCORPORATED,D,1,1,0,1415,0.27,A ,W ,MO 32,CRD ROYAL OAK LN,Daylight,Overturn,1,,Sat     ,0,0,0,0,1,0,0,0,0,0,0,0,0,0,0,1,0,0,0,0,0,1,0,0,0,37.62394,-92.99041,0,09/07/2019,17:50:00,CRASH OCCURRED AS #1 SKIDDED OUT OF CONTROL AND OVERTURNED ON THE ROADWAY.
1030665,3190024622,Missouri State Highway Patrol-Troop I,1567814400000,190528631,3,0,0,3,Personal Injury,PULASKI,NON-CITY OR UNINCORPORATED,I,1,1,0,0,0,AT,W ,RT DD,MO 17,Daylight,Fixed Object,2,,Sat     ,0,0,0,0,1,1,1,0,0,0,0,1,0,0,0,1,0,0,0,0,0,0,0,0,0,37.91504,-92.25412,0,09/07/2019,18:40:00,"OCCURRED AS DRIVER 1 WAS SPEEDING, FAILED TO STOP AT A STOP SIGN, LOST CONTROL OF VEHICLE 1, CROSSED ROADWAY AND RAN OFF RIGHT SIDE STRIKING AN EMBANKMENT"
1160913,3190024790,Missouri State Highway Patrol-Troop F,1567814400000,190528727,1,0,1,0,Personal Injury,BOONE,NON-CITY OR UNINCORPORATED,F,1,1,Y,110,0.02,B ,E ,IS 70,ERM EAST IS 70 MILE 1366,Daylight,Fixed Object,2,,Sat     ,0,0,0,0,0,,,,,0,0,0,0,0,0,1,0,0,0,0,0,0,0,0,0,38.9543,-92.15223,0,09/07/2019,19:27:00,"OCCURRED AS VEHICLE 1 TRAVELED OFF THE LEFT SIDE OF THE ROADWAY AND STRUCK A GUARDRAIL.  VEHICLE 1 CAME TO REST ENTANGLED IN THE GUARDRAIL, PARTIALLY BLOCKING THE EASTBOUND PASSING LANE.  DRIVER 1 FLED ON FOOT, PASSENGER 1 INDICATED SHE DID NOT KNOW WHO DRIVER 1 WAS, AND DRIVER 1 WAS NOT LOCATED."
1210343,3190024508,Missouri State Highway Patrol-Troop F,1567814400000,190528817,2,0,0,2,Personal Injury,COLE,NON-CITY OR UNINCORPORATED,F,2,2,0,0,0,AT,W ,US 54,CRD W BRAZITO RD,Dark-Unlighted,Motor Vehicle in Transport,1,64,Sat     ,0,0,0,0,0,0,0,0,0,0,0,1,0,0,0,1,0,0,0,0,0,1,0,0,0,38.44574,-92.30277,0,09/07/2019,20:06:00,"OCCURRED AS VEHICLE 1, WHILE ENTERING US 54 FROM W BRAZITO RD, FAILED TO YIELD TO VEHICLE 2, STRIKING VEHICLE 2.  ASSISTED BY TPR. M. A. DICKENS (675), TPR. J. H. VISLAY (1437) AND COLE COUNTY SHERIFF'S DEPARTMENT."
1146460,3190023682,Missouri State Highway Patrol-Troop E,1567814400000,190528848,1,0,1,0,Personal Injury,NEW MADRID,NON-CITY OR UNINCORPORATED,E,1,1,0,137,0.03,B ,N,IS 55,RP 1083,Dark-Unlighted,Fixed Object,2,,Sat     ,0,0,0,0,0,0,0,0,0,0,0,0,0,1,0,1,0,0,0,0,0,0,0,0,0,36.66853,-89.53822,0,09/07/2019,20:32:00,TRAFFIC CRASH OCCURRED AS VEHICLE 1 TRAVELED OFF RIGHT SIDE OF ROADWAY AND STRUCK A ROAD WORK SIGN.
1184809,3190023917,Missouri State Highway Patrol-Troop B,1567814400000,190528905,4,0,4,0,Personal Injury,SCHUYLER,DOWNING,B,2,2,0,0,0,AT,E ,US 136,RT A,Dark-Lighted,Motor Vehicle in Transport,1,64,Sat     ,0,0,0,0,0,1,1,0,0,0,0,1,0,0,0,1,0,0,0,0,0,0,0,0,0,40.48441,-92.36584,0,09/07/2019,21:00:00,"VEHICLE 1 FAILED TO STOP AT A STOP SIGN AND STRUCK VEHICLE 2.  ASSISTED BY TPR CROSE #382, THE SCHUYLER COUNTY SHERIFF'S DEPARTMENT, SCHUYLER COUNTY AMBULANCE, SCHUYLER COUNTY FIRST RESPONDERS."
1293137,3190023687,Missouri State Highway Patrol-Troop C,1567814400000,190528983,1,0,1,0,Personal Injury,ST. LOUIS,NON-CITY OR UNINCORPORATED,C,3,3,0,258,0.05,B ,W ,IS 70,ERM WEST IS 70 MILE 2312,Dark-Unlighted,Motor Vehicle in Transport,1,61,Sat     ,0,0,0,0,0,1,1,0,0,1,0,0,0,1,0,1,1,0,0,0,0,0,0,0,0,38.75782,-90.46447,0,09/07/2019,21:37:00,"VEHICLES 2 AND 3 WERE STOPPED IN TRAFFIC ON WESTBOUND ON INTERSTATE 70. VEHICLE 1 WAS TRAVELING WESTBOUND ON INTERSTATE 70. DRIVER 1 WAS DISTRACTED BY HIS CELLULAR DEVICE. FAILED TO STOP, AND THE FRONT OF VEHICLE 1 STRUCK THE REAR OF VEHICLE 3. VEHICLE 1 CONTINUED AND STRUCK THE REAR OF VEHICLE 2."
1147207,3190023980,Missouri State Highway Patrol-Troop E,1567814400000,190529004,1,0,1,0,Personal Injury,STODDARD,NON-CITY OR UNINCORPORATED,E,1,1,0,0,0,AT,W ,RT J,MO 51 EJ,Dark-Unlighted,Fixed Object,2,,Sat     ,0,1,0,0,0,0,0,0,0,0,0,1,0,0,0,1,0,0,0,0,1,0,0,1,0,36.9035,-90.17012,0,09/07/2019,21:50:00,"TRAFFIC CRASH OCCURRED AS VEHICLE 1 FAILED TO STOP AT A T INTERSECTION, CONTINUED STRAIGHT, AND STRUCK AN EMBANKMENT."
835372,3190024069,Missouri State Highway Patrol-Troop A,1567814400000,190529050,1,0,0,1,Personal Injury,CARROLL,NON-CITY OR UNINCORPORATED,A,1,1,0,1161,0.22,A ,E ,RT K,CRD 121,Dark-Unlighted,Animal,1,,Sat     ,0,0,0,0,0,0,0,0,0,0,0,0,0,0,0,0,0,0,0,0,0,1,0,0,0,39.42305,-93.7165,0,09/07/2019,22:11:00,"CRASH OCCURRED AS VEHICLE 1 CRESTED A HILL AND STRUCK A DEER IN THE ROADWAY; UPON CONTACT, PASSENGER WAS EJECTED FROM VEHICLE 1. ASSISTED BY TPR T K LEFTWICH /862/ AND CARROLL COUNTY SHERIFF'S DEPARTMENT."
973872,3190024240,Missouri State Highway Patrol-Troop D,1567814400000,190529057,1,0,1,0,Personal Injury,BARRY,NON-CITY OR UNINCORPORATED,D,1,1,0,2112,0.4,B ,N,MO 37,RT HH,Dark-Unlighted,Animal,1,,Sat     ,0,0,0,0,0,0,0,0,0,0,0,0,0,0,0,0,0,0,0,0,0,0,0,0,0,36.77408,-93.91543,0,09/07/2019,22:15:00,#1 STRUCK A DEER IN THE ROAD
1182428,3190025213,Missouri State Highway Patrol-Troop B,1567814400000,190529094,1,0,0,1,Personal Injury,KNOX,EDINA,B,1,1,0,90,0.02,B ,W ,MO 6,MO 15 EJ,Dark-Lighted,Fixed Object,2,,Sat     ,1,0,0,0,1,0,0,0,0,0,0,0,0,0,0,1,0,0,0,0,0,0,1,0,0,40.16757,-92.17475,0,09/07/2019,22:46:00,VEHICLE 01 RAN OFF RIGHT SIDE OF ROADWAY AND STRUCK A DITCH EJECTING THE DRIVER.  KNOX COUNTY SHERIFF'S DEPARTMENT AND EDINA POLICE DEPARTMENT.
1293139,3190024071,Missouri State Highway Patrol-Troop C,1567814400000,190529113,1,0,0,1,Personal Injury,ST. LOUIS,NON-CITY OR UNINCORPORATED,C,1,1,0,417,0.08,B ,W ,IS 70,ERM WEST IS 70 MILE 2310,Dark-Unlighted,Fixed Object,2,,Sat     ,0,0,0,0,1,0,0,0,0,0,0,0,0,0,0,1,0,0,0,0,0,0,0,0,0,38.75895,-90.46754,0,09/07/2019,22:53:00,VEHICLE #1 WAS TRAVELING WESTBOUND ON INTERSTATE 70. DRIVER #1 FAILED TO MAINTAIN A PROPER LOOKOUT AND TO AVOID COLLISION TURNED LEFT AND STRUCK THE CONCRETE MEDIAN. ASSISTED BY CPL. L. G. AMIGHETTI (518)
1509517,3190024172,Missouri State Highway Patrol-Troop H,1567900800000,190529195,1,0,1,0,Personal Injury,NODAWAY,NON-CITY OR UNINCORPORATED,H,1,1,0,203,0.04,A ,E ,MO 148,CRD JUNIPER,Dark-Unlighted,Fixed Object,2,,Sat     ,0,0,0,0,1,1,1,0,0,0,0,0,0,0,0,1,0,0,0,0,0,0,0,0,0,40.53688,-94.82936,0,09/07/2019,23:41:00,"CRASH OCCURRED AS VEHICLE 1 WAS SOUTHBOUND ON MO 148. VEHICLE 1 CROSSED THE CENTER LINE AND TRAVELED OFF THE EAST SIDE OF THE ROADWAY, STRUCK AN EMBANKMENT, AND OVERTURNED. VEHICLE 1 CAME TO REST ON ITS DRIVER'S SIDE FACING SOUTHWEST. ASSISTED BY TPR A.J. KEMPA (761) AND NODAWAY COUNTY SHERIFF'S DEPARTMENT."
1190133,3190024500,Missouri State Highway Patrol-Troop F,1567900800000,190529237,1,0,0,1,Personal Injury,CALLAWAY,NON-CITY OR UNINCORPORATED,F,1,1,0,1499,0.28,B ,S ,CRD 391,CRD TURKEY CREEK RD,Dark-Unlighted,Overturn,2,,Sun     ,0,0,0,0,1,0,0,0,0,0,0,0,0,0,0,1,0,0,0,0,0,0,1,0,0,38.61286,-92.16598,0,09/08/2019,00:08:00,"OCCURRED AS DRIVER LOST CONTROL ON A GRAVEL ROAD, TRAVELED OFF THE RIGHT SIDE OF THE ROADWAY AND OVERTURNED. ASSISTED BY TPR R. R. DOWD (932) , TPR G. T. PEMBERTON (1115), AND CALLAWAY COUNTY SHERIFFS OFFICE."
868094,3190023989,Missouri State Highway Patrol-Troop A,1567900800000,190529240,1,0,0,1,Personal Injury,JACKSON,NON-CITY OR UNINCORPORATED,A,1,1,0,1040,0.2,A ,W ,US 40,CST 40TH ST,Dark-Unlighted,Fixed Object,2,,Sun     ,0,0,0,0,0,0,0,0,0,0,0,0,0,0,0,1,0,0,0,0,0,1,0,0,0,39.01061,-94.31559,0,09/08/2019,00:10:00,CRASH OCCURRED AS VEHICLE 1 TRAVELED OFF THE LEFT SIDE OF THE ROADWAY AND STRUCK A SIGN.  ASSISTED BY TPR Z D DAVIDSON /288/ AND BLUE SPRINGS POLICE
1185457,3190024187,Missouri State Highway Patrol-Troop B,1567900800000,190529295,1,0,1,0,Personal Injury,SULLIVAN,NON-CITY OR UNINCORPORATED,B,1,1,0,1921,0.36,B ,S ,CRD BOULDER DR,RT TT,Dark-Unlighted,Overturn,1,,Sun     ,0,0,0,0,0,0,0,0,0,0,0,0,0,0,0,0,0,0,0,0,0,0,0,0,0,40.2437,-93.28674,0,09/08/2019,01:00:00,VEHICLE 01 RAN OFF RIGHT SIDE OF ROADWAY THEN RETURNED TO THE ROADWAY AND OVERTURNED.  ASSISTED BY SULLIVAN COUNTY SHERIFF'S DEPARTMENT.
1130280,3190024491,Missouri State Highway Patrol-Troop E,1567900800000,190529378,1,0,1,0,Personal Injury,CAPE GIRARDEAU,NON-CITY OR UNINCORPORATED,E,1,1,0,528,0.1,A ,N,RT B,CRD 422,Dark-Unlighted,Animal,1,,Sun     ,0,0,0,0,0,0,0,1,0,0,0,0,0,0,0,0,0,0,0,0,0,1,0,0,0,37.53232,-89.80758,0,09/08/2019,05:15:00,CRASH OCCURRED AS VEHICLE 1 STRUCK AN ANIMAL IN ROADWAY
1257770,3190024546,Missouri State Highway Patrol-Troop C,1567900800000,190529503,1,0,1,0,Personal Injury,ST. LOUIS,HAZELWOOD,C,1,1,0,126,0.02,B ,E ,IS 270,ERM EAST IS 270 MILE 248,Daylight,Fixed Object,2,,Sun     ,0,0,0,0,1,0,1,0,0,0,0,0,0,0,0,1,0,0,0,0,0,0,0,0,0,38.78055,-90.36973,0,09/08/2019,08:25:00,VEHICLE #1 WAS TRAVELING ON EASTBOUND INTERSTATE 270. THE OPERATOR LOST CONTROL WHEN CHANGING LANES AND STRUCK THE CONCRETE MEDIAN BARRIER. VEHICLE #1 THEN RAN OFF THE ROADWAY TO THE RIGHT AND IMPACTED A TREE.
813838,3190024823,Missouri State Highway Patrol-Troop A,1567900800000,190529512,1,0,0,1,Personal Injury,BATES,NON-CITY OR UNINCORPORATED,A,1,1,0,71,0.01,B ,N,IS 49,ERM NORTH IS 49 MILE 1178,Daylight,Fixed Object,2,,Sun     ,0,0,0,0,0,1,1,0,0,0,0,0,0,0,0,1,0,0,0,0,1,0,0,1,0,38.05428,-94.35334,0,09/08/2019,08:20:00,"CRASH OCCURRED AS VEH 1 WAS NORTHBOUND ON I 49.  VEH 1 RAN OFF THE LEFT SIDE OF THE ROADWAY, OVERCORRECTED, RAN OFF THE RIGHT SIDE OF THE ROADWAY, STRUCK A DITCH AND OVERTURNED.  DVR 1 WAS EJECTED FROM THE VEHICLE. ASSISTED BY BY CPL M A PATE /980/, CPL D A JONES /854/ AND THE BATES COUNTY SHERIFFS DEPARTMENT."