objectid,accident,agency,inv_date,complaint,injured,killed,min_inj,dis_inj,severity,county,city,troop,no_vehicle,motor_veh,left_scene,dist_feet,dist_mile,inter_loc,direction,on_street,at_street,light_cond,acc_type,on_off_rd,two_veh,day_week,dr_drink,dr_drug,ped_drink,ped_drug,speed,dr_under21,dr_under25,dr_over55,dr_over64,electrical,emer_veh,stop_sign,yield_sign,czone,hazmat,aggressive,cell_phone,texting,veh_defect,school_bus,truck,motorcycle,atv,pickup,cmv,gps_lat,gps_long,severity_fatal,acc_date,acc_time,narrative
1229729,3190023817,Missouri State Highway Patrol-Troop C,1567900800000,190529535,1,0,0,1,Personal Injury,LINCOLN,NON-CITY OR UNINCORPORATED,C,1,1,0,528,0.1,B ,S ,CRD GRAVENS RD,CRD CREECH SCHOOL RD,Daylight,Fixed Object,2,,Sun     ,0,0,0,0,1,0,0,0,0,0,0,0,0,0,0,1,0,0,0,0,1,0,0,1,0,38.97164,-90.90336,0,09/08/2019,08:35:00,"VEHICLE #1 WAS TRAVELING NORTHBOUND, CROSSED INTO SOUTHBOUND LANE AND STRUCK A BRIDGE RAIL,  VEHICLE #1 THEN WENT OFF THE SOUTHBOUND SIDE,  STRUCK A TREE, AND OVERTURNED. ASSISTED BY LINCOLN COUNTY"
899439,3190024111,Missouri State Highway Patrol-Troop D,1567900800000,190529606,2,0,2,0,Personal Injury,GREENE,NON-CITY OR UNINCORPORATED,D,2,2,0,184,0.03,B ,E ,US 160,MO 413,Daylight,Motor Vehicle in Transport,1,61,Sun     ,0,0,0,0,0,1,1,1,1,1,0,0,0,0,0,0,0,0,0,0,1,0,0,1,0,37.18361,-93.35036,0,09/08/2019,09:50:00,VEHICLE 1 STRUCK THE REAR OF VEHICLE 2
1036217,3190024364,Missouri State Highway Patrol-Troop I,1567900800000,190529742,1,0,1,0,Personal Injury,PHELPS,NON-CITY OR UNINCORPORATED,I,1,1,0,823,0.16,B ,S ,RT B,CRD 1140,Daylight,Fixed Object,2,,Sun     ,0,0,0,0,1,0,1,0,0,0,0,0,0,0,0,1,0,0,0,0,0,0,0,0,0,38.04824,-91.58641,0,09/08/2019,11:18:00,CRASH OCCURRED AS VEHICLE 1 SKIDDED OFF THE RIGHT SIDE OF THE ROADWAY AND STRUCK A ROCK EMBANKMENT
1319572,3190024001,Missouri State Highway Patrol-Troop G,1567900800000,190529834,2,0,0,2,Personal Injury,REYNOLDS,NON-CITY OR UNINCORPORATED,G,1,1,0,1589,0.3,B ,S ,MO 49,BRIDGE S0220,Daylight,Fixed Object,2,,Sun     ,0,0,0,0,0,0,0,0,0,0,0,0,0,0,0,0,0,0,0,0,0,0,0,0,0,37.56607,-90.92492,0,09/08/2019,12:20:00,CRASH OCCURRED AS VEH 1 RAN OFF ROADWAY AND OVERTURNED
964225,3190024830,Missouri State Highway Patrol-Troop D,1567900800000,190529896,1,0,1,0,Personal Injury,BARTON,NON-CITY OR UNINCORPORATED,D,2,2,0,612,0.12,B ,S ,IS 49,ERM SOUTH IS 49 MILE 686,Daylight,Motor Vehicle in Transport,1,61,Sun     ,1,0,0,0,0,0,0,1,1,0,0,0,0,0,0,0,0,0,0,0,1,0,0,0,1,37.37285,-94.30045,0,09/08/2019,13:07:00,OCCURRED AS #1 STRUCK THE REAR OF THE TOWED VEHICLE OF #2  ASSISTED BY MSGT M.T. POLODNA #1215 AND TPR J DRUM #482
1229731,3190024601,Missouri State Highway Patrol-Troop C,1567900800000,190529940,1,0,1,0,Personal Injury,LINCOLN,NON-CITY OR UNINCORPORATED,C,1,1,0,311,0.06,A ,W ,CRD TIMBERLAND DR,PVT CANNON LN,Daylight,Animal,1,,Sun     ,0,0,0,0,1,0,0,0,0,0,0,0,0,0,0,1,0,0,0,0,0,0,1,0,0,38.88895,-91.0964,0,09/08/2019,13:30:00,"VEHICLE 1 WAS TRAVELING WESTBOUND ON TIMBERLAND DRIVE AND STRUCK A DOG, EJECTING DRIVER 1."
1148089,3190023931,Missouri State Highway Patrol-Troop E,1567900800000,190530171,4,0,2,2,Personal Injury,STODDARD,NON-CITY OR UNINCORPORATED,E,1,1,0,30,0.01,A ,E ,CRD 602,CRD 603,Daylight,Overturn,1,,Sun     ,0,0,0,0,0,1,1,0,0,0,0,0,0,0,0,0,0,0,0,0,0,0,1,0,0,36.81029,-89.95592,0,09/08/2019,15:35:00,CRASH OCCURRED AS VEHICLE 1 MADE A U-TURN LOST CONTROL AND OVERTURNED
1044647,3190024219,Missouri State Highway Patrol-Troop I,1567900800000,190530184,1,0,1,0,Personal Injury,LACLEDE,NON-CITY OR UNINCORPORATED,I,2,2,0,860,0.16,B ,E ,MO 32,CRD PALISADES DR,Daylight,Motor Vehicle in Transport,1,61,Sun     ,0,0,0,0,0,1,1,1,1,0,0,0,0,0,0,0,0,0,0,0,1,0,0,1,0,37.66777,-92.60526,0,09/08/2019,15:45:00,"CRASH OCCURRED AS VEHICLE 2 WAS TURNING LEFT, AND WAS REAR ENDED BY VEHICLE 1."
1044646,3190024827,Missouri State Highway Patrol-Troop I,1567900800000,190530394,1,0,1,0,Personal Injury,LACLEDE,NON-CITY OR UNINCORPORATED,I,2,2,0,918,0.17,A ,W ,CRD DUNKLIN RD,CRD NORMANDY DR,Daylight,Motor Vehicle in Transport,1,61,Sun     ,0,0,0,0,0,0,0,1,0,0,0,0,0,0,0,1,0,0,0,0,1,0,0,1,1,37.61295,-92.74635,0,09/08/2019,17:20:00,OCCURRED AS DRIVER 1 WAS BACKING OUT OF A DRIVEWAY AND WAS STRUCK BY VEHICLE 2
1190135,3190023888,Missouri State Highway Patrol-Troop F,1567900800000,190530548,1,0,0,1,Personal Injury,CALLAWAY,NON-CITY OR UNINCORPORATED,F,2,2,0,528,0.1,A ,W ,IS 70,ERM WEST IS 70 MILE 1534,Daylight,Motor Vehicle in Transport,1,61,Sun     ,0,0,0,0,0,1,1,0,0,0,0,0,0,0,0,1,0,0,0,0,0,0,0,0,1,38.93586,-91.84604,0,09/08/2019,18:53:00,VEHICLE 1 DROVE INTO REAR OF VEHICLE 2.
1316778,3190024285,Missouri State Highway Patrol-Troop G,1567900800000,190530599,2,0,2,0,Personal Injury,OZARK,NON-CITY OR UNINCORPORATED,G,1,1,Y,396,0.07,A ,N,CRD 150,CRD 148,Daylight,Overturn,2,,Sun     ,0,0,0,0,0,1,1,0,0,0,0,0,0,0,0,1,0,0,0,0,0,0,0,0,0,36.74219,-92.41388,0,09/08/2019,13:00:00,"ACCIDENT OCCURRED AS VEHICLE #1 TRAVELED OFF THE RIGHT SIDE OF ROADWAY, OVERCORRECTED AND TRAVELED  OFF THE LEFT SIDE OF ROADWAY, OVERTURNED AND STRUCK A FENCE.     ASSISTED BY TPR D.L.NASH(719)."
1501237,3190025073,Missouri State Highway Patrol-Troop H,1567900800000,190530649,1,0,1,0,Personal Injury,ANDREW,NON-CITY OR UNINCORPORATED,H,1,1,Y,2180,0.41,B ,N,US 59,CRD 433,Dark-Unlighted,Fixed Object,2,,Sun     ,0,1,0,0,0,1,1,0,0,0,0,0,0,0,0,1,0,0,0,0,0,0,0,0,0,39.96683,-94.92866,0,09/08/2019,20:10:00,"ACCIDENT OCCURRED AS VEH #1 WAS TRAVELING EASTBOUND ON US59. VEH #1 TRAVELED OFF THE RIGHT SIDE OF THE ROADWAY AND STRUCK THE DITCH. VEH #1 WAS REMOVED PRIOR TO OFFICERS ARRIVAL. ASSISTED BY MSGT T.L. WILLIAMS (1234), CPL D.A. LANDI (684), TPR M.S. CLINE (640), AND ANDREW COUNTY SHERIFF'S DEPARTMENT"
1510297,3190023814,Missouri State Highway Patrol-Troop H,1567987200000,190530892,1,0,1,0,Personal Injury,GRUNDY,NON-CITY OR UNINCORPORATED,H,1,1,0,93,0.02,B ,W ,MO 6,CST CHESTNUT,Dark-Unlighted,Fixed Object,2,,Mon     ,0,0,0,0,1,0,0,0,0,0,0,0,0,0,0,1,0,0,0,0,0,0,0,0,0,40.13157,-93.38555,0,09/09/2019,05:15:00,"ACCIDENT OCCURRED AS NR1 WAS EASTBOUND ON MO6.  NR1 TRAVELED ACROSS THE CENTER LINE, SKIDDED OFF THE NORTH SIDE OF MO6, STRUCK A TREE, COMING TO REST ON ITS WHEELS FACING NORTHEAST.  ASSISTED BY GRUNDY COUNTY AMBULANCE AND GALT FIRST RESPONDERS."
973873,3190023784,Missouri State Highway Patrol-Troop D,1567987200000,190530899,1,0,1,0,Personal Injury,BARRY,NON-CITY OR UNINCORPORATED,D,1,1,0,681,0.13,A ,W ,US 60,CST BEARD STREET,Dark-Unlighted,Overturn,1,,Mon     ,0,0,0,0,0,0,1,0,0,0,0,0,0,0,0,0,0,0,0,0,0,1,0,0,0,36.91582,-93.94898,0,09/09/2019,05:30:00,"VEHICLE 1 RAN OFF RIGHT SIDE OF ROADWAY, THAN CAME BACK ON THE ROADWAY AND OVERTURNED."
975688,3190023935,Missouri State Highway Patrol-Troop D,1567987200000,190531092,2,0,2,0,Personal Injury,MCDONALD,NON-CITY OR UNINCORPORATED,D,2,2,0,0,0,AT,S ,US 71,RT OO,Daylight,Motor Vehicle in Transport,1,64,Mon     ,0,0,0,0,0,0,1,1,1,1,0,0,0,0,0,1,0,0,0,0,0,0,0,0,0,36.50356,-94.27674,0,09/09/2019,08:12:00,CRASH OCCURRED AS VEHICLE #2 TRAVELING SOUTHBOUND  FAILED TO STOP FOR FLASHING RED SIGNAL AND STRUCK VEHICLE #1.
1337912,3190024130,Missouri State Highway Patrol-Troop G,1567987200000,190531514,0,1,0,0,Fatal,SHANNON,NON-CITY OR UNINCORPORATED,G,1,1,0,733,0.14,B ,W ,RT B,CRD 381,Daylight,Fixed Object,2,,Mon     ,0,0,0,0,1,0,0,1,1,0,0,0,0,0,0,1,0,0,0,0,1,0,0,1,0,37.41876,-91.60942,1,09/09/2019,10:00:00,"FATALITY ACCIDENT LATE DEATH - VEHICLE FAILED TO NEGOTIATE A CURVE, TRAVELED OFF THE ROADWAY, STRUCK AN EMBANKMENT AND OVERTURNED.  THE DRIVER OF VEHICLE 1 WAS PRONOUNCED DEAD AT 1656 HOURS ON 09/16/2019 BY DR. TESSA WOODS AT COX SOUTH HOSPITAL IN SPRINGFIELD, MO.  THIS IS TROOP G FATALITY 29 FOR 2019 COMPARED TO 30 AT THIS TIME IN 2018."
904125,3190023924,Missouri State Highway Patrol-Troop D,1567987200000,190531540,3,0,2,1,Personal Injury,CHRISTIAN,NON-CITY OR UNINCORPORATED,D,2,2,0,0,0,AT,N,US 65,RT A,Daylight,Motor Vehicle in Transport,1,64,Mon     ,0,0,0,0,0,1,1,0,0,0,0,1,0,0,0,1,0,0,0,0,0,0,0,0,0,36.84418,-93.21922,0,09/09/2019,12:14:00,"VEHICLE #1 FAILED TO YIELD AND PULLED INTO THE PATH OF VEHICLE #2.  VEHICLE #2 STRUCK VEHICLE #1, CAUSING VEHICLE #1 TO OVERTURN INTO THE MEDIAN."
1298020,3190024716,Missouri State Highway Patrol-Troop C,1567987200000,190531554,2,0,2,0,Personal Injury,JEFFERSON,NON-CITY OR UNINCORPORATED,C,2,2,0,0,0,AT,W ,MO 30,PVT VALLEY DELL DR,Daylight,Motor Vehicle in Transport,1,64,Mon     ,0,0,0,0,0,0,0,1,1,1,0,0,0,0,0,1,0,0,0,0,1,0,0,1,0,38.49473,-90.47918,0,09/09/2019,12:30:00,VEHICLE 2 RAN THROUGH A STEADY RED LIGHT TO TURN LEFT. VEHICLE 2 STRUCK THE LEFT SIDE OF VEHICLE 1.
1036218,3190024363,Missouri State Highway Patrol-Troop I,1567987200000,190531640,1,0,1,0,Personal Injury,PHELPS,NON-CITY OR UNINCORPORATED,I,1,1,0,406,0.08,B ,W ,IS 44,ERM WEST IS 44 MILE 1726,Daylight,Fixed Object,2,,Mon     ,0,0,0,0,0,0,1,0,0,0,0,0,0,0,0,1,1,0,0,0,0,0,0,0,1,37.9081,-91.98688,0,09/09/2019,13:15:00,"CRASH OCCURRED AS VEHICLE 1 TRAVELED OFF THE LEFT SIDE OF THE ROADWAY,  RETURNED TO ROADWAY AND THEN TRAVELED OFF THE RIGHT SIDE OF ROADWAY.  VEHICLE 1 STRUCK A MILE MARKER SIGN,  A ROCK BLUFF AND OVERTURNED"
1147208,3190024061,Missouri State Highway Patrol-Troop E,1567987200000,190531815,3,0,3,0,Personal Injury,STODDARD,NON-CITY OR UNINCORPORATED,E,2,2,0,2307,0.44,A ,N,MO 25,CRD 656,Daylight,Motor Vehicle in Transport,1,61,Mon     ,0,0,0,0,0,1,1,0,0,0,0,0,0,0,0,1,0,0,0,0,0,0,0,0,0,36.71946,-89.96546,0,09/09/2019,14:40:00,"CRASH OCCURRED AS VEHICLE 1 AND 2 WERE TRAVELING NORTHBOUND ON MO 25, VEHICLE 1 STRUCK VEHICLE 2 IN THE REAR."
991131,3190024039,Missouri State Highway Patrol-Troop D,1567987200000,190531907,1,0,0,1,Personal Injury,NEWTON,NON-CITY OR UNINCORPORATED,D,1,1,0,1650,0.31,B ,W ,US 60,BRIDGE A4894,Daylight,Overturn,2,,Mon     ,0,0,0,0,0,0,0,0,0,0,0,0,0,0,0,0,0,0,1,0,1,0,0,0,1,36.91877,-94.13112,0,09/09/2019,15:15:00,CRASH OCCURRED AS VEHICLE #1'S FRONT DRIVER'S SIDE TIRE DECOMPRESSED. DRIVER #1 LOST CONTROL OF THE VEHICLE WHICH OVERTURNED.
866682,3190026398,Missouri State Highway Patrol-Troop A,1567987200000,190532014,1,0,1,0,Personal Injury,PETTIS,NON-CITY OR UNINCORPORATED,A,2,2,0,0,0,AT,N,US 65,CRD BALL RD,Daylight,Motor Vehicle in Transport,1,64,Mon     ,1,0,0,0,0,0,1,1,0,0,0,0,1,0,1,1,0,0,0,0,1,0,0,0,1,38.63384,-93.26721,0,09/09/2019,16:15:00,"CRASH OCCURRED AS VEHICLE #1 PULLED INTO THE PATH OF VEHICLE #2.  AFTER IMPACT, VEHICLE #2 TRAVELED OFF THE RIGHT SIDE OF THE ROADWAY AND OVERTURNED. ASSISTED BY CPL. J.D. OWENS /876/, TPR. W.T. SMITH /1461/ AND PETTIS COUNTY SHERIFF'S DEPARTMENT"
1318385,3190025202,Missouri State Highway Patrol-Troop G,1567987200000,190532078,1,1,0,1,Fatal,OZARK,GAINESVILLE,G,2,2,0,10,0,B ,N,MO 5,CST THIRD ST,Daylight,Motor Vehicle in Transport,1,64,Mon     ,0,0,0,0,0,0,0,1,1,0,0,1,0,0,0,1,0,0,0,0,0,0,0,0,1,36.60555,-92.43457,1,09/09/2019,16:11:00,"""FATALITY ACCIDENT""  ""NEXT OF KIN NOTIFIED""  ACCIDENT OCCURRED AS VEHICLE #1 FAILED TO STOP AT STOP SIGN AND WAS IMPACTED BY VEHICLE #2.  PASSENGER IN VEHICLE #1 WAS PRONOUNCED DECEASED AT 1804 HOURS BY DR SAM ALEXANDER AT COX SOUTH HOSPITAL, SPRINGFIELD, MO.   TROOP G FATALITY NUMBER 27 FOR 2019 COMPARED TO 28 THIS SAME TIME PERIOD IN 2018.     ASSISTED BY CPL D.J.JOHNSON(439) AND SGT S.R.RICHARDSON(753) MSHP MAJOR CRASH INVESTIGATION UNIT."
1147210,3190023923,Missouri State Highway Patrol-Troop E,1567987200000,190532107,1,0,1,0,Personal Injury,STODDARD,NON-CITY OR UNINCORPORATED,E,1,1,0,1056,0.2,A ,E ,US 60,BRIDGE A5632,Daylight,Overturn,2,,Mon     ,0,0,0,0,0,1,1,0,0,0,0,0,0,0,0,0,0,0,0,0,1,0,0,1,0,36.81844,-89.92137,0,09/09/2019,16:52:00,"CRASH OCCURRED AS VEHICLE 1 DROVE OFF THE LEFT SIDE OF THE ROADWAY, AND OVERTURNED."
1507260,3190023771,Missouri State Highway Patrol-Troop H,1567987200000,190532211,1,0,1,0,Personal Injury,CLINTON,NON-CITY OR UNINCORPORATED,H,1,1,0,0,0,AT,S ,IS 35,ERM SOUTH IS 35 MILE 468,Daylight,Fire/Explosion,1,,Mon     ,0,0,0,0,0,0,0,0,0,0,0,0,0,0,0,0,0,0,1,0,0,0,0,0,0,39.64766,-94.24095,0,09/09/2019,17:48:00,"VEHICLE CAUGHT FIRE WHILE TRAVELING DOWN THE ROADWAY.  VEH#1 WAS PULLED TO THE SHOULDER WHERE DVR#1 EXITED.  ASSISTED BY SGT. L. M. NEWMAN (576), TPR .M. S. CLINE (640) AND CAMERON FIRE DEPARTMENT."
834854,3190025051,Missouri State Highway Patrol-Troop A,1567987200000,190532361,3,0,3,0,Personal Injury,PLATTE,KANSAS CITY,A,3,3,0,50,0.01,A ,S ,IS 29,RP 5528,Daylight,Motor Vehicle in Transport,1,64,Mon     ,0,0,0,0,0,1,1,1,0,0,0,0,0,0,0,0,0,0,0,0,0,0,0,0,0,39.25329,-94.65851,0,09/09/2019,19:15:00,"CRASH OCCURRED AS VEHICLE 1 WAS IN THE #4 LANE; VEHICLES 2 AND 3 WERE IN THE #1 LANE; VEHICLE 1 ATTEMPTS TO MAKE A LANE CHANGE, OVERCORRECTS AND SKIDS ACROSS ALL LANES OF TRAFFIC. VEHICLE 1 STRUCK REAR OF VEHICLE 2. VEHICLE 2 THEN STRUCK THE REAR OF VEHICLE 3. BOTH VEHICLES 1 AND 2 STRUCK THE MEDIAN BARRIER AND OVERTURNED. VEHICLE 3 CAME TO A CONTROLLED STOP ON THE RIGHT SHOULDER. ASSISTED BY TPR C. M. MCDONALD /892/."
1501239,3190024167,Missouri State Highway Patrol-Troop H,1567987200000,190532453,1,0,1,0,Personal Injury,ANDREW,NON-CITY OR UNINCORPORATED,H,1,1,0,0,0,AT,S ,RT RA,RP 5841,Dark-Unlighted,Fixed Object,2,,Mon     ,0,0,0,0,0,0,0,1,1,0,0,1,0,0,0,1,0,0,0,0,0,0,0,0,1,39.96884,-94.97445,0,09/09/2019,20:34:00,CRASH OCCURRED AS NR1 WAS NORTHBOUND. NR1 EXITED AT EXIT 65 AND FAILED TO STOP AT THE STOP SIGN. NR1 CONTINUED ACROSS RT RA AND WENT OFF THE NORTH SIDE OF THE ROADWAY. NR1S TRAILERS UNDERCARRIAGE STRUCK GROUND AS IT WAS GOING OFF THE ROADWAY CAUSING THE TRACTOR TRAILER TO JACKKNIFE AND CARGO TO SPILL ONTO THE ROADWAY. ASSISTED BY CPL C.M. DOLLARD (504) AND SO ANDREW CO.
1508273,3190023872,Missouri State Highway Patrol-Troop H,1567987200000,190532464,2,0,2,0,Personal Injury,HARRISON,EAGLEVILLE,H,2,2,0,0,0,AT,W ,RT N,RP 3627,Dark-Unlighted,Motor Vehicle in Transport,1,64,Mon     ,0,0,0,0,0,0,0,1,1,0,0,1,0,0,0,1,0,0,0,0,0,0,0,0,1,40.4666,-93.97785,0,09/09/2019,20:45:00,"ACCIDENT OCCURRED AS VEH #1 WAS WESTBOUND ON RT-N AND VEH #2 WAS SOUTHBOUND ON THE OFFRAMP FROM I-35 TO RT-N. VEH #2 FAILED TO STOP AT THE STOP SIGN AND STRUCK VEH #1 ON THE PASSENGER SIDE. VEH #1 ROTATED CLOCKWISE AND CAME TO REST IN THE CENTER OF THE ROADWAY ON ITS WHEELS. VEH #2 CAME TO A CONTROLLED STOP IN THE CENTER OF THE ROADWAY ON ITS WHEELS. ASSISTED BY TPR B.L. ISRAEL (207), AND HARRISON COUNTY SHERIFF'S DEPARTMENT"
1293140,3190024873,Missouri State Highway Patrol-Troop C,1567987200000,190532480,1,0,1,0,Personal Injury,ST. LOUIS,NON-CITY OR UNINCORPORATED,C,2,2,0,760,0.14,A ,S ,RP 6501,CRD VON TALGE RD,Dark-Unlighted,Motor Vehicle in Transport,1,61,Mon     ,0,0,0,0,0,0,0,0,0,0,0,0,0,0,0,0,0,0,0,0,1,0,0,1,0,38.50401,-90.34201,0,09/09/2019,21:05:00,VEHICLE 1 AND 2 WERE TRAVELING ON THE RAMP FROM I-270 SOUTHBOUND TO I-55 SOUTHBOUND. THE FRONT OF VEHICLE 2 STRUCK THE REAR OF VEHICLE 1.
911349,3190024129,Missouri State Highway Patrol-Troop D,1567987200000,190532482,2,0,2,0,Personal Injury,POLK,NON-CITY OR UNINCORPORATED,D,1,1,Y,322,0.06,B ,S ,MO 215,CRD 85TH RD,Dark-Unlighted,Fixed Object,2,,Unk     ,1,0,0,0,1,0,0,1,0,0,0,0,0,0,0,1,0,0,0,0,0,0,0,0,0,37.48258,-93.47721,0,09/09/2019,00:00:00,VEHICLE 1 RAN OFF THE ROADWAY AND OVERTURNED.  ASSISTED BY CPL M.D. ADAMS #463
1329231,3190024044,Missouri State Highway Patrol-Troop G,1567987200000,190532511,1,0,1,0,Personal Injury,OREGON,NON-CITY OR UNINCORPORATED,G,1,1,0,153,0.03,B ,N,CRD 377,CRD 380,Dark-Unlighted,Overturn,2,,Mon     ,0,0,0,0,1,1,1,0,0,0,0,0,0,0,0,1,0,0,0,0,0,0,0,0,0,36.56828,-91.63505,0,09/09/2019,21:30:00,ACCIDENT OCCURRED AS VEHICLE #1 TRAVELED OFF THE RIGHT SIDE OF ROADWAY AND OVERTURNED.      ASSISTED BY TPR T.D.POND(1427).
1146458,3190023958,Missouri State Highway Patrol-Troop E,1568073600000,190532666,3,0,2,1,Personal Injury,NEW MADRID,NON-CITY OR UNINCORPORATED,E,2,2,0,0,0,AT,E ,US 60,RT FF,Dark-Unlighted,Motor Vehicle in Transport,1,64,Tue     ,0,0,0,0,0,0,1,0,0,0,0,1,0,0,0,1,0,0,0,0,0,0,0,0,0,36.84412,-89.63193,0,09/10/2019,01:25:00,VEH2 PULLED INTO THE PATH OF VEH1. VEH1 STRUCK VEH2.
1297994,3190024664,Missouri State Highway Patrol-Troop C,1568073600000,190532670,1,0,1,0,Personal Injury,JEFFERSON,NON-CITY OR UNINCORPORATED,C,1,1,0,132,0.02,A ,E ,CRD STATE HWY A OLD,PVT WASHINGTON CT,Dark-Unlighted,Animal,1,,Tue     ,0,0,0,0,0,0,0,0,0,0,0,0,0,0,0,0,0,0,0,0,0,1,0,0,0,38.23698,-90.43793,0,09/10/2019,01:33:00,VEHICLE 1 WAS TRAVELING EASTBOUND ON OLD HIGHWAY A. THE FRONT OF VEHICLE 1 STRUCK A DEER AND OVERTURNED.
1319124,3190024000,Missouri State Highway Patrol-Troop G,1568073600000,190532681,1,0,1,0,Personal Injury,REYNOLDS,ELLINGTON,G,1,1,0,226,0.04,A ,N,CST MAIN ST,CST TUBBS AVE,Dark-Lighted,Fixed Object,2,,Tue     ,0,0,0,0,0,0,0,1,1,0,0,0,0,0,0,0,0,0,0,0,0,0,0,0,0,37.24012,-90.97011,0,09/10/2019,03:40:00,ACCIDENT OCCURRED AS NORTHBOUND VEHICLE #1 TRAVELED OFF THE RIGHT SIDE OF ROADWAY AND STRUCK A BRIDGE.
899410,3190024304,Missouri State Highway Patrol-Troop D,1568073600000,190532686,1,0,1,0,Personal Injury,GREENE,NON-CITY OR UNINCORPORATED,D,2,2,0,10,0,B ,W ,IS 44,RT T,Dark-Unlighted,Motor Vehicle in Transport,1,61,Tue     ,0,0,0,0,0,0,0,0,0,0,0,0,0,0,0,1,1,0,0,0,0,0,0,0,1,37.18902,-93.47835,0,09/10/2019,04:35:00,VEHICLE 1 STRUCK THE REAR OF THE TRAILER OF VEHICLE 2
1297995,3190024349,Missouri State Highway Patrol-Troop C,1568073600000,190532790,1,0,1,0,Personal Injury,JEFFERSON,NON-CITY OR UNINCORPORATED,C,2,2,0,0,0,AT,E ,MO 110,CRD FOUNTAIN CITY RD WJ,Daylight,Motor Vehicle in Transport,1,64,Tue     ,0,0,0,0,0,0,1,1,0,0,0,1,0,0,0,1,0,0,0,0,0,0,0,0,0,38.15202,-90.54023,0,09/10/2019,07:00:00,VEHICLE 1 WAS TRAVELING EASTBOUND ON HIGHWAY 110 AND VEHICLE 2 WAS TRAVELING NORTHBOUND ON FOUNTAIN CITY RD. VEHICLE 2 TURNED INTO THE PATH OF VEHICLE 1. THE FRONT LEFT CORNER OF VEHICLE 1 STRUCK THE RIGHT REAR SIDE OF VEHICLE 2.
963476,3190024802,Missouri State Highway Patrol-Troop D,1568073600000,190532847,1,0,1,0,Personal Injury,BARTON,LAMAR HEIGHTS,D,3,3,0,0,0,AT,E ,US 160,CRD SE 1ST LN,Daylight,Motor Vehicle in Transport,1,64,Tue     ,0,0,0,0,0,1,1,0,0,1,0,0,0,0,0,1,0,0,0,0,0,0,0,0,1,37.49378,-94.29816,0,09/10/2019,07:46:00,NR1 FAILED TO STOP AT A RED TRAFFIC SIGNAL. NR2 STRUCK NR1. NR1 SPUN INTO NR3.
859344,3190024456,Missouri State Highway Patrol-Troop A,1568073600000,190532908,1,0,1,0,Personal Injury,LAFAYETTE,NON-CITY OR UNINCORPORATED,A,1,1,0,47,0.01,B ,N,MO 131,PVT ELMWOOD LN,Daylight,Fixed Object,2,,Tue     ,0,0,0,0,0,0,0,1,1,0,0,0,0,0,0,1,1,0,0,0,0,0,0,0,0,39.06481,-93.97688,0,09/10/2019,08:20:00,"CRASH OCCURRED AS VEH1 TRAVELED OFF THE ROADWAY, STRUCK A CULVERT, TRAILER AND TREE. ASSISTED BY TPR G D OETTING /1277/"
921986,3190025768,Missouri State Highway Patrol-Troop D,1568073600000,190532957,1,0,1,0,Personal Injury,LAWRENCE,NON-CITY OR UNINCORPORATED,D,1,1,Y,1246,0.24,B ,S ,RT T,CRD 2130,Daylight,Pedestrian,1,,Tue     ,,,,,,,,,,0,0,0,0,0,0,,0,0,,,,,,,,37.08749,-93.63639,0,09/10/2019,08:00:00,NR1 STRUCK PEDESTRIAN THAT WAS IN THE ROADWAY. NR1 LEFT THE SCENE OF THE CRASH.
1156174,3190024099,Missouri State Highway Patrol-Troop E,1568073600000,190533109,1,0,1,0,Personal Injury,SCOTT,NON-CITY OR UNINCORPORATED,E,1,1,0,517,0.1,A ,S ,IS 55,ERM SOUTH IS 55 MILE 750,Daylight,Overturn,1,,Tue     ,0,0,0,0,0,0,0,0,0,0,0,0,0,0,0,0,0,0,0,0,0,0,0,0,1,37.00088,-89.53508,0,09/10/2019,09:50:00,"STATE PROPERTY DAMAGE - CRASH OCCURRED AS VEHICLE ONE TRAVELED OFF THE RIGHT SIDE OF THE ROADWAY, OVERCORRECTED, AND OVERTURNED. DAMAGE TO ONE CABLE BARRIER POST."
1297993,3190024348,Missouri State Highway Patrol-Troop C,1568073600000,190533119,0,1,0,0,Fatal,JEFFERSON,NON-CITY OR UNINCORPORATED,C,2,2,0,0,0,AT,S ,RT V,CRD VALLES MINES RD,Daylight,Motor Vehicle in Transport,1,64,Tue     ,0,0,0,0,0,0,0,1,1,0,0,0,0,0,0,1,0,0,0,0,1,0,0,1,0,38.04463,-90.5039,1,09/10/2019,09:50:00,VEHICLE 1 MADE A LEFT TURN INTO THE PATH OF VEHICLE 2. THE FRONT OF VEHICLE 2 STRUCK THE FRONT OF VEHICLE 1.  ASSISTED BY TPR T. H. ELLISTON (763)
899406,3190024144,Missouri State Highway Patrol-Troop D,1568073600000,190533336,0,1,0,0,Fatal,GREENE,NON-CITY OR UNINCORPORATED,D,1,1,0,10,0,,,"PP DRIVEWAY 2709 S ROUNDHILL ROAD, LOT 9",WEST OF PVT S ROUNDHILL RD,Daylight,Pedestrian,2,,Tue     ,0,0,0,0,0,0,0,1,1,0,0,0,0,0,0,0,0,0,0,0,0,0,0,0,0,37.16747,-93.38231,1,09/10/2019,11:15:00,"FATALITY CRASH -  THIS IS TROOP D'S 79TH FATALITY FOR 2019.  NEXT OF KIN NOTIFIED.  CRASH OCCURRED AS PEDESTRIAN 1 WAS REACHING INSIDE THE VEHICLE TO ASSIST DRIVER 1 WITH REMOVING THE VEHICLE FROM PARK, DRIVER 1 HAD FOOT ON ACCELERATOR AND WHEN PLACED OUT OF PARK, DRUG PEDESTRIAN 1, PEDESTRIAN 1 FELL OFF AND WAS STRUCK BY VEHICLE 1.    VEHICLE 1 CONTINUED TRAVELING AND STRUCK A STORM SHELTER.  SUBJECT WAS PRONOUNCED AT MERCY HOSPITAL  BY DR KENNETH LARSSON AT 1221 HOURS. AS REQUIRED BY LAW, THE SURVIVING DRIVER WAS TESTED FOR ALCOHOL."