objectid,accident,agency,inv_date,complaint,injured,killed,min_inj,dis_inj,severity,county,city,troop,no_vehicle,motor_veh,left_scene,dist_feet,dist_mile,inter_loc,direction,on_street,at_street,light_cond,acc_type,on_off_rd,two_veh,day_week,dr_drink,dr_drug,ped_drink,ped_drug,speed,dr_under21,dr_under25,dr_over55,dr_over64,electrical,emer_veh,stop_sign,yield_sign,czone,hazmat,aggressive,cell_phone,texting,veh_defect,school_bus,truck,motorcycle,atv,pickup,cmv,gps_lat,gps_long,severity_fatal,acc_date,acc_time,narrative
991135,3190023944,Missouri State Highway Patrol-Troop D,1568073600000,190533419,1,0,1,0,Personal Injury,NEWTON,NON-CITY OR UNINCORPORATED,D,1,1,0,5,0,B ,E ,CRD KENTUCKY RD,MO 43,Daylight,Overturn,1,,Tue     ,0,0,0,0,0,0,0,0,0,0,0,0,0,0,0,1,0,0,0,0,0,0,0,0,1,36.89517,-94.58634,0,09/10/2019,11:50:00,"NR1 LOST CONTROL, OVERTURNED ON THE ROADWAY."
1504183,3190024505,Missouri State Highway Patrol-Troop H,1568073600000,190533501,3,0,3,0,Personal Injury,BUCHANAN,ST JOSEPH,H,2,2,0,50,0.01,B ,S ,IS 29,CST GENE FIELD RD,Daylight,Working Motor Vehicle,1,61,Tue     ,0,0,0,0,0,0,0,1,0,1,0,0,0,1,0,1,0,0,0,0,1,0,0,0,1,39.79226,-94.79643,0,09/10/2019,12:35:00,"CRASH OCCURRED AS VEH 2 WAS PERFORMING DUTIES OF TRAFFIC NAVIGATION AND VEH 1 WAS SOUTHBOUND IN THE PASSING LANE AND FAILED TO YIELD TO VEH 2. VEH 1 STRUCK THE ATTENUATOR ATTACHED TO VEH 2. VEH 1 TRAVELED ACROSS BOTH SOUTHBOUND LANES OF THE INTERSTATE, TRAVELED OFF THE RIGHT SIDE OF THE ROADWAY AND STRUCK A GUARDRAIL END. VEH 1 CAME TO REST AGAINST THE GUARDRAIL PARTIALLY ON THE SHOULDER FACING SOUTH.  VEH 2 WAS DRIVEN TO THE RIGHT SHOULDER AND CAME TO A CONTROLLED STOP FACING SOUTH.  ASSISTED BY TPR. N. J. GREINER (626), TPR. J. H. HIRNER (819), BUCHANAN COUNTY, AND ST JOSEPH FIRE DEPARTMENT."
1194258,3190024555,Missouri State Highway Patrol-Troop B,1568073600000,190533622,0,0,0,0,Property Damage,RALLS,NON-CITY OR UNINCORPORATED,B,2,2,0,54,0.01,B ,S ,RT DD,CRD RENSSELAER LANE,Daylight,Motor Vehicle in Transport,1,62,Tue     ,0,0,0,0,0,0,0,1,1,0,0,0,0,0,0,1,0,0,0,0,0,0,0,0,1,39.66323,-91.59929,0,09/10/2019,13:15:00,"VEHICLE 01 CROSSED THE CENTERLINE AND INTO THE PATH OF VEHICLE 02 STRIKING VEHICLE 02 HEAD ON.  ASSISTED BY CPL PORTER #782, SHELBY COUNTY SHERIFF'S DEPARTMENT AND CLARENCE FIRE DEPARTMENT."
1319569,3190023992,Missouri State Highway Patrol-Troop G,1568073600000,190533666,1,0,1,0,Personal Injury,REYNOLDS,NON-CITY OR UNINCORPORATED,G,2,2,0,5808,1.1,A ,E ,MO 72,CRD 738,Daylight,Motor Vehicle in Transport,1,64,Tue     ,0,0,0,0,0,0,0,1,1,0,0,0,0,0,0,1,0,0,0,0,1,0,0,0,1,37.42543,-91.13853,0,09/10/2019,13:35:00,"CRASH OCCURRED AS, VEHICLE ONE ATTEMPTED TO PASS VEHICLE TWO AS VEHICLE TWO WAS MAKING A LEFT HAND TURN. ASSISTED BY REYNOLDS COUNTY SHERIFF'S DEPARTMENT."
846047,3190025262,Missouri State Highway Patrol-Troop A,1568073600000,190533886,2,0,1,1,Personal Injury,JOHNSON,NON-CITY OR UNINCORPORATED,A,2,2,0,902,0.17,A ,S ,RT AA,CRD NW 530 RD,Daylight,Motor Vehicle in Transport,1,64,Tue     ,0,0,0,0,0,0,0,1,1,0,0,0,0,0,0,1,0,0,0,0,0,0,0,0,0,38.85059,-94.08925,0,09/10/2019,15:20:00,"CRASH OCCURRED AS VEHICLE 1 WAS TURNING NORTHBOUND, FAILED TO YIELD TO VEHICLE 2. VEHICLE 2 THEN STRUCK VEHICLE 1. ASSISTED BY MSGT D S GREEN /650/"
1262949,3190024515,Missouri State Highway Patrol-Troop C,1568073600000,190534044,1,0,1,0,Personal Injury,WARREN,NON-CITY OR UNINCORPORATED,C,1,1,0,623,0.12,B ,N,CRD SCHUETZENGROUND ROAD,RT M,Daylight,Fixed Object,2,,Tue     ,0,0,0,0,0,0,0,1,0,0,0,0,0,0,0,0,0,0,0,0,0,0,0,0,0,38.80539,-91.09357,0,09/10/2019,16:40:00,DRIVER 1 SUFFERED A MEDICAL CONDITION AS VEHICLE 1 WAS SOUTHBOUND ON SCHUETZENGROUND ROAD.  VEHICLE 1 THEN TRAVELED OFF THE LEFT SIDE OF THE ROADWAY AND STRUCK A UTILITY POLE.
1330329,3190024655,Missouri State Highway Patrol-Troop G,1568073600000,190534120,0,1,0,0,Fatal,DOUGLAS,NON-CITY OR UNINCORPORATED,G,1,1,0,3168,0.6,B ,W ,MO 76,BRIDGE B0439,Daylight,Fixed Object,2,,Tue     ,1,0,0,0,1,0,0,0,0,0,0,0,0,0,0,1,0,0,0,0,0,0,0,0,0,36.90407,-92.75598,1,09/10/2019,17:00:00,"""FATALITY ACCIDENT""  ""NEXT OF KIN NOTIFIED""   ACCIDENT OCCURRED AS VEHICLE #1 TRAVELED OFF THE RIGHT SIDE OF ROADWAY AND OVERTURNED,  EJECTING THE DRIVER.   DRIVER #1 WAS PRONOUNCED DECEASED AT 1727 HOURS BY THE DOUGLAS COUNTY CORONER RICK MILLER.   FATALITY NUMBER 28 FOR THE YEAR 2019 COMPARED TO 29 THIS SAME TIME PERIOD IN 2018.       ASSISTED BY DOUGLAS COUNTY SHERIFF'S DEPARTMENT AND THE  GOODHOPE FIRE DEPARTMENT."
1311976,3190024280,Missouri State Highway Patrol-Troop C,1568073600000,190534232,1,0,1,0,Personal Injury,ST. CHARLES,ST PETERS,C,2,2,0,1000,0.19,B ,W ,MO 364,CST HARVESTER RD,Daylight,Motor Vehicle in Transport,1,63,Tue     ,0,0,0,0,0,1,1,0,0,0,0,0,0,0,0,1,0,0,0,0,0,0,0,0,0,38.74948,-90.57431,0,09/10/2019,17:45:00,VEHICLE 1 WAS TRAVELING WEST ON 364 IN LANE 1. VEHICLE 2 WAS TRAVELING WEST ON 364 IN LANE 2. DRIVER 2 CHANGED LANES INTO LANE 1 AND OBSERVED VEHICLE 1 COMING UP. DRIVER 2 ATTEMPTED TO CHANGE BACK INTO LANE 2. VEHICLE 1 SIDESWIPED VEHICLE 2 AND VEHICLE 1 EXITED THE ROADWAY TO THE LEFT AND STRUCK THE CONCRETE MEDIAN TWICE.
1189314,3190024959,Missouri State Highway Patrol-Troop B,1568073600000,190534284,1,0,0,1,Personal Injury,ADAIR,NON-CITY OR UNINCORPORATED,B,1,1,0,850,0.16,A ,N,MO 11,RT J SJ,Daylight,Pedestrian,1,,Tue     ,0,0,0,0,0,0,0,0,0,0,0,0,0,0,0,0,0,0,0,0,0,0,0,0,0,40.23997,-92.40275,0,09/10/2019,18:08:00,SUICIDAL SUBJECT WAS KNEELING IN THE DRIVING LANE AND WAS STRUCK BY VEHICLE 1
989602,3190024516,Missouri State Highway Patrol-Troop D,1568073600000,190534335,1,0,1,0,Personal Injury,JASPER,NON-CITY OR UNINCORPORATED,D,1,1,0,672,0.13,B ,E ,IS 44,ERM EAST IS 44 MILE 162,Daylight,Fixed Object,2,,Tue     ,0,0,0,0,0,0,0,1,0,0,0,0,0,0,0,0,0,0,0,0,0,0,0,0,0,37.08203,-94.356,0,09/10/2019,18:30:00,CRASH OCCURRED AS THE VEHICLE #1 TRAVELED OFF THE RIGHT SIDE OF THE ROADWAY AND OVERTURNED.
991136,3190024521,Missouri State Highway Patrol-Troop D,1568073600000,190534493,1,0,0,1,Personal Injury,NEWTON,NON-CITY OR UNINCORPORATED,D,1,1,0,294,0.06,B ,W ,RT V,CRD NIGHTHAWK,Dark-Unlighted,Pedestrian,1,,Tue     ,0,0,0,0,0,0,0,0,0,0,0,0,0,0,0,0,0,0,0,0,0,0,0,0,1,36.99523,-94.3318,0,09/10/2019,20:10:00,"CRASH OCCURRED AS VEHICLE #1 STRUCK PEDESTRIAN #1, AS THEY WERE WALKING IN THE ROADWAY."
1251134,3190024341,Missouri State Highway Patrol-Troop C,1568073600000,190534500,2,0,2,0,Personal Injury,STE. GENEVIEVE,NON-CITY OR UNINCORPORATED,C,2,2,0,86,0.02,B ,S ,IS 55,ERM SOUTH IS 55 MILE 1560,Dark-Unlighted,Motor Vehicle in Transport,1,61,Tue     ,0,0,0,0,0,0,0,1,1,0,0,0,0,0,0,1,0,0,0,0,0,0,0,0,0,37.98837,-90.20141,0,09/10/2019,20:23:00,VEHICLE 2 SLOWED FOR AN EMERGENCY VEHICLE ON THE SHOULDER. THE FRONT OF VEHICLE 1 STRUCK THE REAR OF VEHICLE 2 AND VEHICLE 1 CONTINUED INTO THE CABLE BARRIER.
975686,3190024040,Missouri State Highway Patrol-Troop D,1568073600000,190534514,4,0,4,0,Personal Injury,MCDONALD,NON-CITY OR UNINCORPORATED,D,2,2,0,190,0.04,A ,S ,IS 49,ERM SOUTH IS 49 MILE 100,Dark-Unlighted,Motor Vehicle in Transport,1,61,Tue     ,0,0,0,0,0,1,1,1,0,0,0,0,0,0,0,0,0,0,0,0,0,0,0,0,0,36.63484,-94.41894,0,09/10/2019,20:35:00,NR1 STRUCK THE REAREND OF NR2
1008663,3190024166,Missouri State Highway Patrol-Troop D,1568073600000,190534521,1,0,1,0,Personal Injury,WEBSTER,NON-CITY OR UNINCORPORATED,D,2,2,0,1980,0.37,B ,W ,MO 38,CRD HOMESTEAD RD,Dark-Unlighted,Motor Vehicle in Transport,1,61,Tue     ,0,0,0,0,0,0,0,0,0,0,0,0,0,0,0,0,0,0,0,0,1,0,0,1,1,37.2938,-92.75861,0,09/10/2019,20:40:00,"NR1 STRUCK THE TOWED UNIT OF NR2, ROTATED COUNTER-CLOCKWISE AND STRUCK THE TRUCK.  NR1 THEN RAN OFF THE ROADWAY AND OVERTURNED."
1171781,3190024419,Missouri State Highway Patrol-Troop F,1568073600000,190534528,1,0,1,0,Personal Injury,MORGAN,NON-CITY OR UNINCORPORATED,F,1,1,0,1214,0.23,A ,W ,RT C,CRD RIDGEWOOD RD,Dark-Unlighted,Fixed Object,2,,Tue     ,0,0,0,0,0,1,1,0,0,0,0,0,0,1,0,0,0,0,0,0,0,0,0,0,0,38.44863,-92.76278,0,09/10/2019,20:48:00,OCCURRED AS VEHICLE 1 TRAVELED OFF THE RIGHT SIDE OF THE ROADWAY AND STRUCK A CULVERT. ASSISTED BY CVO T. A. MORRIS (W154)
1061335,3190024270,Missouri State Highway Patrol-Troop I,1568073600000,190534531,6,0,6,0,Personal Injury,DENT,NON-CITY OR UNINCORPORATED,I,2,2,0,8,0,B ,E ,MO 72,RT B,Dark-Unlighted,Motor Vehicle in Transport,1,60,Tue     ,0,0,0,0,0,0,0,0,0,0,0,1,0,0,0,1,0,0,0,0,0,0,0,0,0,37.57735,-91.32646,0,09/10/2019,20:40:00,"CRASH OCCURRED AS VEHICLE 1 FAILED TO YIELD, TURNED INTO THE PATH OF VEHICLE TWO, STRIKING VEHICLE 2 AND  CAUSING IT TO EXIT THE ROADWAY AND OVERTURN. ASSISTED BY DENT COUNTY SHERIFFS OFFICE AND DENT COUNTY FIRE"
785968,3190025264,Missouri State Highway Patrol-Troop A,1568073600000,190534544,1,0,1,0,Personal Injury,HENRY,NON-CITY OR UNINCORPORATED,A,1,1,0,1584,0.3,B ,N,MO 7,CRD NW 700,Dark-Unlighted,Animal,1,,Tue     ,0,0,0,0,0,0,0,0,0,0,0,0,0,0,0,0,0,0,0,0,0,0,0,0,0,38.45893,-93.96677,0,09/10/2019,20:50:00,"CRASH OCCURRED AS VEHICLE 1 STRUCK A COW IN THE ROADWAY. ASSISTED BY CPL R C WEST /1170/, TPR J R ATHERTON /682/, AND HENRY COUNTY SHERIFF'S DEPARTMENT."
1183244,3190024170,Missouri State Highway Patrol-Troop F,1568073600000,190534655,2,0,2,0,Personal Injury,AUDRAIN,NON-CITY OR UNINCORPORATED,F,2,2,0,1077,0.2,B ,E ,US 54,CRD 841,Dark-Unlighted,Motor Vehicle in Transport,1,62,Tue     ,1,0,0,0,0,1,1,0,0,0,0,0,0,0,0,1,0,0,0,0,1,0,0,1,0,39.16381,-91.80409,0,09/10/2019,22:50:00,OCCURRED AS VEHICLE 1 CROSSED THE CENTER LINE AND STRUCK VEHICLE 2. ASSISTED BY AUDRAIN COUNTY SHERIFFS OFFICE
1044598,3190024798,Missouri State Highway Patrol-Troop I,1568160000000,190534737,1,0,1,0,Personal Injury,LACLEDE,NON-CITY OR UNINCORPORATED,I,1,1,0,501,0.09,A ,W ,RT W,BRIDGE F0772,Dark-Unlighted,Animal,1,,Wed     ,0,0,0,0,0,0,0,0,0,0,0,0,0,0,0,0,0,0,0,0,0,0,0,0,0,37.63443,-92.68351,0,09/11/2019,01:56:00,"CRASH OCCURRED AS VEHICLE 1 STRUCK A DEER, TRAVELING OFF OF THE RIGHT SIDE OF THE ROADWAY AND STRIKING AN EMBANKMENT. ASSISTED BY THE LACLEDE COUNTY SHERIFF'S OFFICE & THE LEBANON RURAL FIRE DEPARTMENT."
1323100,3190024794,Missouri State Highway Patrol-Troop G,1568160000000,190534827,1,0,1,0,Personal Injury,TEXAS,NON-CITY OR UNINCORPORATED,G,1,1,Y,807,0.15,A ,N,RT M,CRD STAVE MILL ROAD,Dark-Unlighted,Fixed Object,2,,Wed     ,0,1,0,0,0,0,0,0,0,0,0,0,0,0,0,1,0,0,0,0,1,0,0,1,0,37.15685,-92.14164,0,09/11/2019,06:00:00,"OCCURRED AS VEHICLE ONE TRAVELED OFF THE ROADWAY, IMPACTED A FENCE IN A YARD, AND LEFT THE SCENE."
877670,3190025887,Missouri State Highway Patrol-Troop A,1568160000000,190534843,0,0,0,0,Property Damage,JOHNSON,WARRENSBURG,A,1,1,0,850,0.16,B ,E ,US 50,CST HOLDEN ST,Daylight,Animal,1,,Wed     ,0,0,0,0,0,0,0,0,0,0,0,0,0,0,0,0,0,0,0,1,0,0,0,0,1,38.77528,-93.7427,0,09/11/2019,06:30:00,CRASH OCCURRED AS VEH1 STRUCK A DEER AND CAME TO REST ON THE SHOULDER OF THE ROADWAY
857644,3190024020,Missouri State Highway Patrol-Troop A,1568160000000,190535023,1,0,1,0,Personal Injury,CLAY,KANSAS CITY,A,1,1,0,47,0.01,B ,N,IS 435,ERM NORTH IS 435 MILE 544,Daylight,Fixed Object,2,,Wed     ,0,0,0,0,0,1,1,0,0,0,0,0,0,0,0,0,0,0,0,0,0,0,0,0,0,39.17668,-94.49283,0,09/11/2019,08:14:00,OCCURRED AS VEH1 TRAVELED OFF ROADWAY AND STRUCK MILE MARKER SIGN. ASSISTED BY CPL J D HALL /1334/ AND TPR C A ADKISON /530/
813837,3190024813,Missouri State Highway Patrol-Troop A,1568160000000,190535310,1,0,1,0,Personal Injury,BATES,NON-CITY OR UNINCORPORATED,A,1,1,0,1140,0.22,A ,N,CRD SW 13527,CRD SW 3988,Daylight,Fixed Object,2,,Wed     ,0,0,0,0,0,0,0,0,0,0,0,0,0,0,0,1,0,0,0,0,0,0,0,0,0,38.17148,-94.59528,0,09/11/2019,10:20:00,"CRASH OCCURRED AS VEH1 TRAVELED OFF THE ROADWAY, STRUCK A TREE AND OVERTURNED.  ASSISTED BY CPL M A PATE /980/"
981158,3190024940,Missouri State Highway Patrol-Troop D,1568160000000,190535326,1,0,1,0,Personal Injury,TANEY,NON-CITY OR UNINCORPORATED,D,1,1,0,1599,0.3,A ,N,MO 125,CRD BRAY CEMETERY RD,Daylight,Overturn,2,,Wed     ,0,0,0,0,0,0,0,1,1,0,0,0,0,0,0,0,0,0,0,0,0,1,0,0,0,36.73131,-92.8816,0,09/11/2019,10:30:00,"CRASH OCCURRED AS DRIVER 1 ATTEMPTED TO AVOID TWO DEER IN THE ROADWAY, VEHICLE 1 TRAVELED ACROSS THE SOUTHBOUND LANE, EJECTING THE DRIVER."
1504873,3190024832,Missouri State Highway Patrol-Troop H,1568160000000,190535734,1,0,0,1,Personal Injury,DAVIESS,NON-CITY OR UNINCORPORATED,H,2,2,0,0,0,AT,N,CRD 330TH STREET,CRD JULY AVENUE,Daylight,Motor Vehicle in Transport,1,64,Wed     ,0,0,0,0,0,0,0,1,0,0,0,0,0,0,0,1,0,0,0,0,1,0,0,0,1,39.99584,-93.78106,0,09/11/2019,13:35:00,OCCURRED AS NR1 WAS WESTBOUND AND NR2 WAS SOUTHBOUND ON 330TH ST. NR2 ENTERED THE INTERSECTION AND WAS STRUCK BY NR1. NR1 CAME TO REST OFF THE SOUTHEAST CORNER OF THE INTERSECTION FACING EAST. NR2 CAME TO A STOP ON 330TH SOUTH OF THE INTERSECTION.
1501241,3190024262,Missouri State Highway Patrol-Troop H,1568160000000,190535797,1,0,1,0,Personal Injury,ANDREW,NON-CITY OR UNINCORPORATED,H,1,1,0,1779,0.34,A ,S ,RT Z,CRD HOLT STREET,Daylight,Fixed Object,2,,Wed     ,0,0,0,0,0,0,0,0,0,0,0,0,0,0,0,1,0,0,0,0,0,0,0,0,0,39.90735,-94.64502,0,09/11/2019,14:10:00,OCCURRED AS NR1 WAS NORTHBOUND. NR1 WENT OFF THE LEFT SIDE OF THE ROADWAY AND STRUCK A CONCRETE CULVERT COMING TO REST FACING NORTHBOUND. ASSISTED BY SGT T.L. WILLIAMS (1234) AND CPL A.J. WEBB (851).
1216618,3190024585,Missouri State Highway Patrol-Troop C,1568160000000,190535825,1,0,0,1,Personal Injury,FRANKLIN,NON-CITY OR UNINCORPORATED,C,1,1,0,1642,0.31,A ,E ,CRD WIEDA ROAD,MO 47,Daylight,Overturn,1,,Wed     ,0,0,0,0,1,0,1,0,0,0,0,0,0,0,0,1,0,0,0,0,0,1,0,0,0,38.25063,-90.85806,0,09/11/2019,13:30:00,"VEHICLE 1 TRAVELED OFF THE RIGHT SIDE OF ROADWAY OVERTURNED, CROSSED THE ROADWAY AND STRUCK A FENCE"
989631,3190024141,Missouri State Highway Patrol-Troop D,1568160000000,190535883,1,0,1,0,Personal Injury,JASPER,NON-CITY OR UNINCORPORATED,D,1,1,0,322,0.06,B ,W ,RT HH,CRD 190,Daylight,Fixed Object,2,,Wed     ,0,0,0,0,0,0,0,1,1,0,0,0,0,0,0,0,0,0,0,0,1,0,0,0,1,37.14089,-94.40118,0,09/11/2019,14:57:00,ACCIDENT OCCURRED AS VEHICLE #1 TRAVELED OFF THE LEFT SIDE OF THE ROADWAY STRIKING A FENCE AND BUILDING.
991137,3190024041,Missouri State Highway Patrol-Troop D,1568160000000,190535933,1,0,1,0,Personal Injury,NEWTON,NON-CITY OR UNINCORPORATED,D,2,2,0,179,0.03,B ,N,MO 43,BRIDGE A0755,Daylight,Motor Vehicle in Transport,2,61,Wed     ,0,0,0,0,0,0,0,1,0,0,0,0,0,0,0,1,0,0,0,0,0,1,0,0,0,36.95787,-94.55355,0,09/11/2019,15:15:00,CRASH OCCURRED AS VEH 1 STRUCK THE REAR OF VEH 2.  VEH 1 RAN OFF THE ROADWAY AND OVERTURNED.
1293170,3190024161,Missouri State Highway Patrol-Troop C,1568160000000,190535987,2,0,2,0,Personal Injury,ST. LOUIS,NON-CITY OR UNINCORPORATED,C,3,3,0,1056,0.2,B ,S ,IS 55,CRD BAYLESS AVE,Daylight,Fixed Object,2,,Wed     ,0,0,0,0,0,1,1,0,0,0,0,0,0,0,0,0,0,0,0,0,0,0,0,0,0,38.54867,-90.28714,0,09/11/2019,15:50:00,"VEHICLES #1, #2, AND #3 WERE TRAVELING SOUTHBOUND ON INTERSTATE 55, NORTH OF BAYLESS AVENUE, IN LANE #1, IN NUMERICAL ORDER.  VEHICLES #1 AND #2 SLOWED FOR CONGESTED TRAFFIC AHEAD.  VEHICLE #3 SLOWED, AND THE LEFT SIDE OF VEHICLE #1 STRUCK THE CONCRETE MEDIAN WALL.  THE FRONT OF VEHICLE #3 STRUCK THE REAR OF VEHICLE #2.  THE FRONT OF VEHICLE #2 WAS FORCED INTO THE REAR OF VEHICLE #1."
1160917,3190024681,Missouri State Highway Patrol-Troop F,1568160000000,190536122,1,0,1,0,Personal Injury,BOONE,NON-CITY OR UNINCORPORATED,F,2,2,0,3695,0.7,B ,S ,US 63,CRD CANOLE RD,Daylight,Motor Vehicle in Transport,1,61,Wed     ,0,0,0,0,0,1,1,0,0,0,0,0,0,0,0,1,0,0,0,0,1,0,0,0,1,39.18392,-92.32981,0,09/11/2019,16:55:00,OCCURRED AS VEHICLE 1 REAR ENDED VEHICLE 2. ASSITED BY SGT S. A. BALLARD (127)
1201968,3190024978,Missouri State Highway Patrol-Troop F,1568160000000,190536273,1,0,1,0,Personal Injury,CAMDEN,NON-CITY OR UNINCORPORATED,F,2,2,0,5,0,B ,S ,MO 7,CRD OLD SOUTH ROUTE 5 SJ,Daylight,Motor Vehicle in Transport,1,61,Wed     ,0,0,0,0,0,1,1,1,0,0,0,0,0,0,0,1,0,0,0,0,1,0,0,0,1,37.98098,-92.69804,0,09/11/2019,18:10:00,VEHICLE 2 WAS STOPPED  TO MAKE A LEFT TURN WHEN VEHICLE 1 STRUCK IT IN THE BACK.
798458,3190023986,Missouri State Highway Patrol-Troop A,1568160000000,190536376,1,0,1,0,Personal Injury,JACKSON,GRAIN VALLEY,A,1,1,0,385,0.07,A ,E ,RP 5059,IS 70,Daylight,Overturn,1,,Wed     ,0,0,0,0,0,0,1,0,0,0,0,0,0,0,0,1,0,0,0,0,0,1,0,0,0,39.02142,-94.20057,0,09/11/2019,19:00:00,"CRASH OCCURRED AS DRIVER 1 LOST CONTROL OF VEHICLE, SLID OFF ROADWAY AND OVERTURNED. ASSISTED BY TPR J. T. LANGSDALE /1318/."
1501242,3190024864,Missouri State Highway Patrol-Troop H,1568160000000,190536399,1,0,1,0,Personal Injury,ANDREW,NON-CITY OR UNINCORPORATED,H,1,1,0,315,0.06,B ,W ,RT O,CST TATE STREET,Daylight,Other Object,1,,Wed     ,0,0,0,0,0,0,0,1,1,0,0,0,0,0,0,0,0,0,0,0,0,0,0,0,0,39.86406,-94.67532,0,09/11/2019,19:30:00,CRASH OCCURRED AS VEHICLE 1 WAS WESTBOUND ON RT O. DRIVER 1'S VISION WAS OBSTRUCTED BY THE SUN. VEHICLE 1 STRUCK THE REAR OF A SKID LOADER WITH ITS FRONT BUMPER. VEHICLE 1 CAME TO REST IN THE MIDDLE OF RT O ON ITS WHEELS FACING NORTH. ASSISTED BY TPR. S.J. FORCE (316).
1177234,3190024034,Missouri State Highway Patrol-Troop F,1568160000000,190536477,1,0,1,0,Personal Injury,MONTGOMERY,NON-CITY OR UNINCORPORATED,F,1,1,0,1890,0.36,B ,W ,MO 94,CRD ISLAND RD,Dark-Unlighted,Animal,1,,Wed     ,0,0,0,0,0,0,0,1,0,0,0,0,0,0,0,0,0,0,0,0,0,0,0,0,0,38.70242,-91.58267,0,09/11/2019,20:00:00,CRASH OCCURRED WHEN WESTBOUND DRIVER ONE STRUCK A DEER IN THE ROADWAY.
973902,3190023991,Missouri State Highway Patrol-Troop D,1568160000000,190536483,2,0,2,0,Personal Injury,BARRY,NON-CITY OR UNINCORPORATED,D,2,2,0,770,0.15,A ,E ,MO 86,CRD 1187,Dark-Unlighted,Motor Vehicle in Transport,1,64,Wed     ,0,0,0,0,0,0,0,1,1,0,0,0,0,0,0,1,0,0,0,0,0,0,0,0,0,36.53634,-93.7365,0,09/11/2019,20:00:00,OCCURRED AS VEHICLE 1 PULLED INTO THE PATH OF VEHICLE 2.
1120339,3190024467,Missouri State Highway Patrol-Troop E,1568160000000,190536585,2,1,0,2,Fatal,IRON,NON-CITY OR UNINCORPORATED,E,1,1,0,2075,0.39,B ,E ,RT E,BRIDGE T0222,Dark-Unlighted,Fixed Object,2,,Wed     ,0,0,0,0,1,0,1,0,0,0,0,0,0,0,0,1,0,0,0,0,1,0,0,1,0,37.47959,-90.59148,1,09/11/2019,21:35:00,"***FATALITY ACCIDENT***  NEXT OF KIN NOTIFIED.  TRAFFIC CRASH OCCURRED AS DRIVER 1 FAILED TO NEGOTIATE A TURN CAUSING VEHICLE 1 TO TRAVEL OFF RIGHT SIDE OF ROADWAY, STRIKING A TREE, AND CAUSING VEHICLE 1 TO CATCH FIRE.  DRIVER 1 WAS PRONOUNCED DECEASED BY CORONER TIM HARBISON AT 2231 HOURS ON SCENE.  TROOP E 2019 FATALITY #32."
1323099,3190024514,Missouri State Highway Patrol-Troop G,1568246400000,190536745,1,0,1,0,Personal Injury,TEXAS,NON-CITY OR UNINCORPORATED,G,1,1,0,0,0,AT,S ,RT MM,CRD RED SPRINGS ROAD,Dark-Lighted,Fixed Object,2,,Unk     ,0,0,0,0,0,0,0,1,1,0,0,0,0,0,0,0,0,0,0,0,1,0,0,1,0,37.17914,-92.21809,0,09/12/2019,00:00:00,"ACCIDENT OCCURRED AS VEHICLE #1 CROSSED THE CENTER LINE, TRAVELED OFF THE LEFT SIDE OF ROADWAY, IMPACTED AN EMBANKMENT AND A DITCH."
911348,3190024420,Missouri State Highway Patrol-Troop D,1568246400000,190536942,1,0,1,0,Personal Injury,POLK,NON-CITY OR UNINCORPORATED,D,1,1,0,696,0.13,B ,S ,MO 83,CRD E 418TH RD,Daylight,Fixed Object,2,,Thu     ,0,0,0,0,0,1,1,0,0,0,0,0,0,0,0,0,0,0,0,0,0,0,0,0,0,37.6467,-93.42041,0,09/12/2019,07:30:00,"VEHICLE #1 TRAVELED OFF THE ROADWAY, STRUCK A DITCH AND OVERTURNED."
857648,3190026061,Missouri State Highway Patrol-Troop A,1568246400000,190536948,2,0,2,0,Personal Injury,CLAY,KANSAS CITY,A,3,3,0,360,0.07,A ,S ,IS 35,ERM SOUTH IS 35 MILE 108,Daylight,Motor Vehicle in Transport,1,61,Thu     ,0,0,0,0,0,0,0,1,0,0,0,0,0,0,0,0,0,0,0,0,1,0,0,1,0,39.18549,-94.51913,0,09/12/2019,07:35:00,"CRASH OCCURRED AS ALL VEHICLES WERE SB ON I-35 IN STOP AND GO TRAFFIC. VEHICLE 3 AND VEHICLE 2 SLOWED DOWN AND VEHICLE 1 STRUCK THE REAR OF VEHICLE 2 AND VEHICLE 2 STRUCK THE REAR OF VEHICLE 3. VEHICLES 1 AND 2 CAME TO REST IN LEFT LANE AND DRIVER OF VEHICLE 3 MOVED VEHICLE TO INSIDE SHOULDER. ASSISTED BY KANSAS CITY POLICE DEPARTMENT, MODOT, AND KANSAS CITY SCOUT"
1000265,3190024222,Missouri State Highway Patrol-Troop D,1568246400000,190536951,1,0,1,0,Personal Injury,STONE,NON-CITY OR UNINCORPORATED,D,2,2,0,1457,0.28,A ,E ,MO 86,CRD WASHINGTON RD,Daylight,Motor Vehicle in Transport,1,61,Thu     ,0,0,0,0,0,0,0,1,0,0,0,0,0,0,0,1,0,0,0,0,0,0,0,0,0,36.50716,-93.53848,0,09/12/2019,07:38:00,CRASH OCCURRED AS VEHICLE #1 AND VEHICLE #2 WERE TRAVELING EASTBOUND ON MO-86. VEHICLE #2 WAS STOPPED BEHIND A SCHOOL BUS WHEN VEHICLE #1 REAR ENDED VEHICLE #2.