objectid,accident,agency,inv_date,complaint,injured,killed,min_inj,dis_inj,severity,county,city,troop,no_vehicle,motor_veh,left_scene,dist_feet,dist_mile,inter_loc,direction,on_street,at_street,light_cond,acc_type,on_off_rd,two_veh,day_week,dr_drink,dr_drug,ped_drink,ped_drug,speed,dr_under21,dr_under25,dr_over55,dr_over64,electrical,emer_veh,stop_sign,yield_sign,czone,hazmat,aggressive,cell_phone,texting,veh_defect,school_bus,truck,motorcycle,atv,pickup,cmv,gps_lat,gps_long,severity_fatal,acc_date,acc_time,narrative
853147,3190025599,Missouri State Highway Patrol-Troop A,1568246400000,190537006,1,0,1,0,Personal Injury,PETTIS,NON-CITY OR UNINCORPORATED,A,2,2,0,15,0,B ,W ,RT Y,CRD N HEDGEAPPLE DR,Daylight,Motor Vehicle in Transport,1,61,Thu     ,0,0,0,0,0,0,0,1,0,0,0,0,0,0,0,1,0,0,0,0,1,0,0,0,1,38.69999,-93.28756,0,09/12/2019,08:00:00,VEHICLE 1 WAS STOPPED TO NAVIGATE A LEFT TURN AND VEHICLE 2 REAR-ENDED VEHICLE 1. ASSISTED BY PETTIS COUNTY.
1265143,3190025712,Missouri State Highway Patrol-Troop C,1568246400000,190537080,1,0,1,0,Personal Injury,ST. CHARLES,O'FALLON,C,2,2,0,25,0,A ,S ,MO 79,RP 1056234,Daylight,Motor Vehicle in Transport,1,61,Thu     ,0,0,0,0,0,0,0,1,0,1,0,0,0,0,0,1,0,0,0,0,0,0,0,0,1,38.8029,-90.65087,0,09/12/2019,08:25:00,"VEHICLE 2 WAS STOPPED. VEHICLE 1 WAS TRAVELING TOO FAST, FAILED TO KEEP PROPER LOOKOUT AHEAD, AND STRUCK THE REAR OF VEHICLE 2."
1036188,3190025756,Missouri State Highway Patrol-Troop I,1568246400000,190537198,1,0,1,0,Personal Injury,PHELPS,NON-CITY OR UNINCORPORATED,I,1,1,0,327,0.06,B ,E ,IS 44,ERM EAST IS 44 MILE 1706,Daylight,Fixed Object,2,,Thu     ,0,0,0,0,0,0,0,0,0,0,0,0,0,0,0,1,0,0,0,0,0,0,0,0,0,37.88712,-92.01377,0,09/12/2019,09:10:00,"OCCURRED AS VEH 1 TRAVELED OFF THE RIGHT SIDE OF THE ROADWAY. VEH 1 STRUCK AN EMBANKMENT, BEGAN OVERTURNING AND STRUCK A TREE."
796573,3190024740,Missouri State Highway Patrol-Troop A,1568246400000,190537270,1,0,1,0,Personal Injury,CLAY,KEARNEY,A,2,2,0,242,0.05,B ,S ,IS 35,ERM SOUTH IS 35 MILE 258,Daylight,Motor Vehicle in Transport,1,61,Thu     ,0,0,0,0,0,0,0,0,0,0,0,0,0,1,0,1,0,0,0,0,1,0,0,1,1,39.36384,-94.37463,0,09/12/2019,09:36:00,THIS CRASH OCCURRED AS VEHICLES 1 AND 2 WERE TRAVELING SOUTHBOUND ON I35. VEHICLE 2 SLOWED FOR TRAFFIC CONGESTION AND VEHICLE 1 STRUCK VEHICLE 2.
1184757,3190025868,Missouri State Highway Patrol-Troop B,1568246400000,190537606,1,0,1,0,Personal Injury,SCHUYLER,NON-CITY OR UNINCORPORATED,B,2,2,0,3168,0.6,A ,W ,MO 202,CRD GLENWOOD JCT TRL,Daylight,Motor Vehicle in Transport,2,62,Thu     ,0,0,0,0,0,0,0,1,1,0,0,0,0,0,0,1,0,0,0,0,1,0,0,1,0,40.53696,-92.59594,0,09/12/2019,11:45:00,FATALITY ACCIDENT - NEXT OF KIN NOTIFIED -  SOUTHBOUND VEHICLE 1 CROSSED OVER THE CENTER-LINE AND SIDE SWIPED NORTHBOUND VEHICLE 2. VEHICLE 1 THEN TRAVELED OFF THE ROADWAY AND STRUCK A TREE. VEHICLE 2 RAN OFF THE RIGHT SIDE OF THE ROADWAY AND CAME TO REST.  DRIVER 1 WAS PRONOUNCED DECEASED AT 1219 HOURS AT THE SCENE BY DR MAPLES OF NORTHEAST REGIONAL MEDICAL CENTER.
1210345,3190024509,Missouri State Highway Patrol-Troop F,1568246400000,190537731,1,0,0,1,Personal Injury,COLE,NON-CITY OR UNINCORPORATED,F,1,1,0,575,0.11,A ,W ,US 54,CRD PLEASANT HILL RD MJ,Daylight,Overturn,2,,Thu     ,0,0,0,0,1,0,0,1,1,0,0,0,0,0,0,1,0,0,0,0,0,1,0,0,0,38.43903,-92.30544,0,09/12/2019,12:55:00,"VEHICLE 1 TRAVELED OFF THE LEFT SIDE OF THE ROADWAY AND OVERTURNED.  ASSISTED BY SGT. S. D. RUDLOFF (1225), TPR. B. R. PETERS (1384), AND THE COLE COUNTY SHERIFF'S DEPARTMENT."
1042611,3190024741,Missouri State Highway Patrol-Troop I,1568246400000,190537850,1,0,1,0,Personal Injury,LACLEDE,NON-CITY OR UNINCORPORATED,I,1,1,0,1056,0.2,A ,W ,CRD MEMPHIS DRIVE,CRD MCDONALD DRIVE,Daylight,Fixed Object,2,,Thu     ,0,0,0,0,1,0,0,0,0,0,0,0,0,0,0,1,0,0,0,0,0,0,0,0,0,37.66229,-92.80177,0,09/12/2019,13:54:00,"OCCURRED AS VEHICLE 1  LOST CONTROL ON GRAVEL ROADWAY. VEHICLE 1 TRAVELED OFF THE RIGHT SIDE,  STRIKING AN EMABANKMENT AND OVERTUREND BEFORE COMING TO REST."
1231719,3190024570,Missouri State Highway Patrol-Troop C,1568246400000,190538035,1,0,0,1,Personal Injury,LINCOLN,NON-CITY OR UNINCORPORATED,C,2,2,0,1584,0.3,B ,N,US 61,CRD SHANNON LN,Daylight,Motor Vehicle in Transport,1,61,Thu     ,0,0,0,0,0,0,0,0,0,0,0,0,0,0,0,1,0,0,0,0,0,0,0,0,1,39.13747,-90.96455,0,09/12/2019,15:28:00,VEHICLE 2 WAS TRAVELING IN LANE 2 IN FRONT OF VEHICLE 1. VEHICLE 2 SLOWED TO TURN RIGHT INTO A GAS STATION. VEHICLE 1 STRUCK VEHICLE 2 WHILE TURNING.
1219716,3190024182,Missouri State Highway Patrol-Troop C,1568246400000,190538174,1,0,1,0,Personal Injury,FRANKLIN,NON-CITY OR UNINCORPORATED,C,1,1,0,21,0,B ,E ,IS 44,ERM EAST IS 44 MILE 2490,Daylight,Overturn,1,,Thu     ,0,0,0,0,0,0,0,0,0,0,0,0,0,0,0,0,0,0,1,0,0,1,0,0,0,38.45185,-90.88843,0,09/12/2019,16:20:00,VEHICLE 1 WAS TRAVELING EASTBOUND ON I-44. VEHICLE 1 EXPERIENCED AN EQUIPMENT FAILURE AND ROLLED ONTO ITS LEFT SIDE. DRIVER 1 WAS EJECTED FROM THE VEHICLE.
1020335,3190024484,Missouri State Highway Patrol-Troop D,1568246400000,190538197,1,0,0,1,Personal Injury,HICKORY,NON-CITY OR UNINCORPORATED,D,1,1,0,1341,0.25,B ,W ,CRD 124 LOOP,CRD 134,Daylight,Fixed Object,2,,Thu     ,0,0,0,0,1,0,1,0,0,0,0,0,0,0,0,1,0,0,0,0,0,0,0,0,0,37.97812,-93.35777,0,09/12/2019,16:40:00,"VEHICLE 1 WAS TRAVELING TOO FAST FOR ROAD CONDITIONS, LOST CONTROL AND STRUCK MULTIPLE TREES AND A DITCH."
1196371,3190024634,Missouri State Highway Patrol-Troop B,1568246400000,190538277,1,0,0,1,Personal Injury,MACON,NON-CITY OR UNINCORPORATED,B,1,1,0,411,0.08,A ,E ,US 36,RP 919092,Daylight,Fixed Object,2,,Thu     ,0,0,0,0,1,0,0,0,0,0,0,0,0,0,0,1,0,0,0,0,0,0,0,0,0,39.76519,-92.74276,0,09/12/2019,17:10:00,VEHICLE 01 WAS EASTBOUND ON US 36 AND BEGAN TO HYDROPLANE.  VEHICLE 01 SLID OFF THE NORTH SIDE OF THE ROADWAY AND STRUCK A DITCH.
1161788,3190024433,Missouri State Highway Patrol-Troop F,1568246400000,190538334,1,0,1,0,Personal Injury,BOONE,NON-CITY OR UNINCORPORATED,F,1,1,0,95,0.02,B ,E ,IS 70,ERM EAST IS 70 MILE 1168,Daylight,Fixed Object,2,,Thu     ,0,1,0,0,0,0,0,0,0,0,0,0,0,0,0,0,0,0,0,0,0,0,0,0,0,38.9739,-92.51465,0,09/12/2019,17:35:00,INVOLVED IN MOTOR VEHICLE CRASH AND FOUND TO BE INTOXICATED.
968302,3190024257,Missouri State Highway Patrol-Troop D,1568246400000,190538349,3,0,1,2,Personal Injury,BARRY,NON-CITY OR UNINCORPORATED,D,2,2,0,1620,0.31,B ,W ,MO 112,CRD 2218,Daylight,Motor Vehicle in Transport,1,60,Thu     ,0,0,0,0,0,0,0,1,1,0,0,0,0,0,0,0,1,0,0,0,0,0,0,0,0,36.61923,-93.8487,0,09/12/2019,17:45:00,"CRASH OCCURRED AS DRIVER #1 WAS MANIPULATING HIS GPS ON HIS PHONE, CROSSED THE CENTER LINE, AND STRUCK VEHICLE #2 HEAD ON."
1219718,3190024183,Missouri State Highway Patrol-Troop C,1568246400000,190538586,1,0,1,0,Personal Injury,FRANKLIN,NON-CITY OR UNINCORPORATED,C,1,1,0,327,0.06,B ,W ,MO 100,CRD PETTIS DR,Dark-Unlighted,Overturn,1,,Thu     ,0,0,0,0,0,0,0,0,0,0,0,0,0,0,0,0,0,0,0,0,0,1,0,0,0,38.48762,-90.81942,0,09/12/2019,20:15:00,VEHICLE #1 WAS TRAVELING WESTBOUND ON MISSOURI 100. DRIVER #1 ATTEMPTED TO AVOID AN UNKNOWN VEHICLE THAT PULLED OUT INTO THE PATH OF VEHICLE#1. VEHICLE #1 ROLLED ONTO ITS RIGHT SIDE AND DRIVER #1 WAS EJECTED.
1193227,3190024750,Missouri State Highway Patrol-Troop F,1568332800000,190539142,1,0,1,0,Personal Injury,GASCONADE,NON-CITY OR UNINCORPORATED,F,2,2,0,10,0,B ,S ,MO 19,CRD TSCHAPPLER RD,Daylight,Motor Vehicle in Transport,1,64,Fri     ,0,0,0,0,0,0,0,0,0,0,0,0,0,0,0,0,0,0,1,0,0,0,0,0,0,38.42002,-91.49263,0,09/13/2019,08:30:00,CRASH OCCURRED AS VEHICLE 1 EXPERIENCED A MECHANICAL FAILURE AND WAS UNABLE TO STOP. VEHICLE 1 THEN STRUCK THE FRONT OF VEHICLE 2 WHILE VEHICLE 2 WAS MAKING A LEFT TURN.
1250028,3190025951,Missouri State Highway Patrol-Troop C,1568332800000,190539286,1,0,1,0,Personal Injury,STE. GENEVIEVE,NON-CITY OR UNINCORPORATED,C,1,1,0,128,0.02,A ,S ,IS 55,ERM SOUTH IS 55 MILE 1444,Daylight,Fixed Object,2,,Fri     ,0,0,0,0,0,0,0,0,0,0,0,0,0,0,0,1,0,0,0,0,1,0,0,0,1,37.88252,-90.04108,0,09/13/2019,09:29:00,"VEHICLE 1 TRAVELED OFF THE LEFT SIDE OF THE ROADWAY, STRUCK THE CABLE BARRIER AND OVERTURNED."
800449,3190024312,Missouri State Highway Patrol-Troop A,1568332800000,190539671,1,0,1,0,Personal Injury,SALINE,NON-CITY OR UNINCORPORATED,A,1,1,0,3695,0.7,A ,W ,MO 240,CRD 290TH,Daylight,Fixed Object,2,,Fri     ,0,0,0,0,0,0,0,0,0,0,0,0,0,0,0,1,0,0,0,0,1,0,0,1,0,39.19912,-93.06796,0,09/13/2019,12:00:00,CRASH OCCURRED AS VEHICLE 1 WAS SOUTHBOUND TRAVELED OFF THE RIGHT SIDE OF THE ROADWAY AND IMPACTED THE DITCH. ASSISTED BY MSGT A V DILLON/990 AND SLATER FIRE AND EMS.
1132601,3190024577,Missouri State Highway Patrol-Troop E,1568332800000,190539725,1,0,1,0,Personal Injury,RIPLEY,NON-CITY OR UNINCORPORATED,E,1,1,0,665,0.13,B ,E ,US 160,CRD 160E-14,Daylight,Fixed Object,2,,Fri     ,0,0,0,0,0,0,0,1,1,0,0,0,0,0,0,0,0,0,0,0,0,0,0,0,0,36.66601,-90.70332,0,09/13/2019,12:20:00,"CRASH OCCURRED AS VEHICLE 1 RAN OFF THE RIGHT SIDE OF THE ROADWAY, STRUCK A DRIVEWAY EMBANKMENT, AND OVERTURNED."
1111425,3190024381,Missouri State Highway Patrol-Troop E,1568332800000,190539739,1,0,1,0,Personal Injury,DUNKLIN,NON-CITY OR UNINCORPORATED,E,2,2,0,153,0.03,B ,E ,US 412,RT V,Daylight,Motor Vehicle in Transport,1,64,Fri     ,0,0,0,0,0,0,0,0,0,0,0,0,0,0,0,1,0,0,0,0,0,1,0,0,1,36.08997,-90.21535,0,09/13/2019,12:28:00,"CRASH OCCURRED AS VEHICLE 1 PASSED VEHICLE 2 ON SHOULDER, AS VEHICLE 2 TURNED RIGHT ONTO RT N, STRIKING VEHICLE 1"
1210885,3190024701,Missouri State Highway Patrol-Troop F,1568332800000,190539862,1,0,0,1,Personal Injury,COLE,NON-CITY OR UNINCORPORATED,F,1,1,0,749,0.14,B ,E ,US 54,CRD HERITAGE HWY,Daylight,Fixed Object,2,,Fri     ,0,0,0,0,1,1,1,0,0,0,0,0,0,0,0,1,0,0,0,0,0,0,0,0,0,38.5018,-92.26644,0,09/13/2019,13:18:00,"VEHICLE 1 FAILED TO NEGOTIATE A  CURVE, TRAVELED OFF OF THE ROADWAY,  STRUCK AN EMBANKMENT AND OVERTURNED, EJECTING THE DRIVER. ASSISTED BY CPL. B.H. SALMONS (742) CPL C.J. NORTH  (564) TRP. B.C. BRIDGES (723) AND COLE COUNTY SHERIFF'S OFFICE."
1333345,3190024405,Missouri State Highway Patrol-Troop G,1568332800000,190539889,5,0,4,1,Personal Injury,CARTER,NON-CITY OR UNINCORPORATED,G,2,2,0,90,0.02,B ,W ,US 60,CRD 357,Daylight,Motor Vehicle in Transport,1,61,Fri     ,0,0,0,0,1,0,0,1,1,0,0,0,0,0,0,1,0,0,0,0,1,0,0,0,1,36.91256,-90.72715,0,09/13/2019,13:25:00,"CRASH OCCURRED AS VEHICLE TWO MADE A RIGHT TURN, VEHICLE ONE STRUCK THE REAR OF THE TRAILER BEHIND PULLED BY VEHICLE TWO, THE TRAILER BROKE OFF AND WENT INTO THE BED OF VEHICLE TWO"
803598,3190025300,Missouri State Highway Patrol-Troop A,1568332800000,190540027,1,0,1,0,Personal Injury,JOHNSON,NON-CITY OR UNINCORPORATED,A,2,2,0,1562,0.3,B ,N,MO 131,CRD NW 200,Daylight,Motor Vehicle in Transport,1,62,Fri     ,0,0,0,0,0,0,0,1,1,0,0,0,0,0,0,1,0,0,0,0,1,0,0,1,0,38.80336,-93.99351,0,09/13/2019,14:30:00,"CRASH OCCURRED AS VEHICLE #1 TRAVELED OVER THE CENTERLINE AND STRUCK VEHICLE #2.  AFTER IMPACT, BOTH VEHICLES CAME TO A CONTROLLED STOP."
1318877,3190025589,Missouri State Highway Patrol-Troop G,1568332800000,190540206,1,0,0,1,Personal Injury,REYNOLDS,NON-CITY OR UNINCORPORATED,G,1,1,0,776,0.15,B ,S ,MO 49,CRD 811,Daylight,Fixed Object,2,,Fri     ,0,0,0,0,1,0,0,1,1,0,0,0,0,0,0,1,0,0,0,0,0,1,0,0,0,37.55678,-90.92344,0,09/13/2019,16:00:00,"VEHICLE 1 FAILED TO NEGOTIATE A CURVE, RAN OFF THE RIGHT SIDE OF THE ROADWAY AND STRUCK A TREE."
1506699,3190024531,Missouri State Highway Patrol-Troop H,1568332800000,190540246,0,1,0,0,Fatal,DEKALB,NON-CITY OR UNINCORPORATED,H,1,1,0,1156,0.22,A ,W ,CRD GOSPEL RD,CRD LAKESITE RD,Daylight,Fixed Object,2,,Fri     ,0,0,0,0,1,0,0,1,0,0,0,0,0,0,0,1,0,0,0,0,0,0,0,0,0,39.95171,-94.37944,1,09/13/2019,16:12:00,"CRASH OCCURRED AS VEH 1 WAS EASTBOUND ON NW GOSPEL RD. VEH 1 BEGAN SLIDING, DROVE OFF THE NORTH SIDE OF THE ROADWAY AND STRUCK A FENCE. VEH 1 CONTINUED SLIDING THROUGH A PASTURE, STRUCK ANOTHER FENCE AND OVERTURNED. VEH 1 CAME TO REST ON ITS TOP FACING NORTHWEST. ASSISTED BY DEKALB COUNTY SHERIFF'S OFFICE."
1288635,3190024602,Missouri State Highway Patrol-Troop C,1568332800000,190540522,2,0,2,0,Personal Injury,PIKE,NON-CITY OR UNINCORPORATED,C,1,1,0,1341,0.25,B ,S ,RT D,PVT PIKE 9247 911 RD,Daylight,Overturn,2,,Fri     ,0,0,0,0,0,0,0,0,0,0,1,0,0,0,0,1,0,0,0,0,1,0,0,0,1,39.38325,-91.03006,0,09/13/2019,18:15:00,"VEHICLE 1 WAS TRAVELING SOUTHBOUND ON ROUTE D. THE RIGHT WHEELS OF VEHICLE 1 TRAVELED OFF THE RIGHT SIDE OF THE ROADWAY. DRIVER 1 OVERCORRECTED. VEHICLE 1 SKIDDED ACROSS THE ROADWAY, TRAVELED OFF THE LEFT SIDE OF THE ROADWAY, AND OVERTURNED, STRIKING A FENCE, AND EJECTING PASSENGER 1. ASSISTED BY TPR. N. A. COCKRUM (179)."
1020362,3190024298,Missouri State Highway Patrol-Troop D,1568332800000,190540561,2,0,2,0,Personal Injury,HICKORY,NON-CITY OR UNINCORPORATED,D,3,3,0,252,0.05,B ,W ,US 54,CRD 121,Daylight,Motor Vehicle in Transport,1,62,Fri     ,0,0,0,0,0,0,0,0,0,0,0,0,0,0,0,1,0,0,0,0,1,0,0,1,1,37.948,-93.4558,0,09/13/2019,18:30:00,"VEHICLE 1 CROSSED THE CENTER OF THE ROAD AND STRUCK MIRRORS WITH VEHICLE 2. VEHICLE 2 THEN STRUCK THE REAR AXLE OF VEHICLE 1, CAUSING THE DRIVERS SIDE FRONT TIRE OF VEHICLE 2 TO COME OFF AND STRIKE THE FRONT OF VEHICLE 3."
1132600,3190024269,Missouri State Highway Patrol-Troop E,1568332800000,190540642,1,0,1,0,Personal Injury,RIPLEY,NON-CITY OR UNINCORPORATED,E,1,1,0,1045,0.2,B ,S ,RT Y,CRD Y-1,Daylight,Fixed Object,2,,Fri     ,0,0,0,0,1,0,0,0,0,0,0,0,0,0,0,1,0,0,0,0,0,1,0,0,0,36.6482,-90.83854,0,09/13/2019,19:00:00,CRASH OCCURRED AS VEHICLE 1 RAN OFF RIGHT SIDE OF ROADWAY
1168779,3190024784,Missouri State Highway Patrol-Troop F,1568332800000,190540772,2,0,1,1,Personal Injury,MONITEAU,NON-CITY OR UNINCORPORATED,F,2,2,0,10,0,B ,E ,US 50,RT H,Dark-Unlighted,Motor Vehicle in Transport,1,61,Fri     ,0,0,0,0,0,0,0,1,0,0,0,0,0,0,0,0,0,0,0,0,0,0,0,0,0,38.6451,-92.66914,0,09/13/2019,20:05:00,"VEHICLE 1 WAS TRAVELING BEHIND VEHICLE 2.  VEHICLE 2 SLOWED TO MAKE A LEFT TURN ONTO ROUTE H.  VEHICLE 1 STRUCK THE REAR OF VEHICLE 2.  ASSISTED BY CPL C.R. MISTLER (643), TPR H.M. MCDANIEL (1416), AND THE MONITEAU COUNTY SHERIFF'S DEPARTMENT."
914453,3190025097,Missouri State Highway Patrol-Troop D,1568332800000,190540901,1,0,1,0,Personal Injury,JASPER,NON-CITY OR UNINCORPORATED,D,1,1,0,42,0.01,B ,W ,IS 44,ERM WEST IS 44 MILE 220,Dark-Unlighted,Overturn,1,,Fri     ,0,0,0,0,0,0,0,0,0,0,0,0,0,0,0,0,0,0,0,0,0,0,0,0,0,37.08157,-94.2487,0,09/13/2019,21:23:00,NBR 1 RAN OFF THE ROADWAY AND OVERTURNED.
872237,3190025162,Missouri State Highway Patrol-Troop A,1568332800000,190541032,2,0,0,2,Personal Injury,JACKSON,NON-CITY OR UNINCORPORATED,A,1,1,0,26,0,B ,N,RT F,CRD FAULKENBERRY,Dark-Unlighted,Fixed Object,2,,Fri     ,1,0,0,0,0,0,0,0,0,0,0,0,0,0,0,1,0,0,0,0,1,0,0,1,0,38.89214,-94.13451,0,09/13/2019,22:10:00,"CRASH OCCURRED AS VEHICLE #1 TRAVELED OF THE RIGHT SIDE OF THE ROAD, STRUCK AN ARROW SIGN, CONTINUED DOWN AN EMBANKMENT AND STRUCK A TREE BEFORE OVERTURNING AND COMING TO REST, FACING SOUTH."
1205949,3190025257,Missouri State Highway Patrol-Troop F,1568419200000,190541310,1,0,1,0,Personal Injury,MILLER,LAKESIDE,F,1,1,0,179,0.03,A ,E ,BU 54,CST RIVER RD,Dark-Lighted,Fixed Object,1,,Sat     ,1,0,0,0,1,0,1,0,0,0,0,0,0,0,0,1,0,0,0,0,0,0,0,0,0,38.20571,-92.6222,0,09/14/2019,01:10:00,OCCURRED AS VEHICLE 1 ATTEMPTED TO NEGOTIATE A CURVE AT A HIGH RATE OF SPEED AND STRUCK THE BRIDGE.  ASSISTED BY TPR. R. M. MALONE (1274)
914454,3190024999,Missouri State Highway Patrol-Troop D,1568419200000,190541355,1,0,1,0,Personal Injury,JASPER,NON-CITY OR UNINCORPORATED,D,1,1,0,400,0.08,B ,S ,MO 43,CRD EAGLEWOOD RD,Dark-Unlighted,Fixed Object,2,,Sat     ,0,0,0,0,0,0,1,0,0,0,0,0,0,0,0,0,0,0,0,0,0,0,0,0,0,37.12196,-94.51111,0,09/14/2019,02:00:00,"VEHICLE 1 SWERVED TO MISS A DEER, RAN OFF THE ROADWY, STRUCK A ROAD SIGN AND SEVERAL SMALL TREES."
1179677,3190024736,Missouri State Highway Patrol-Troop B,1568419200000,190541389,0,1,0,0,Fatal,MONROE,NON-CITY OR UNINCORPORATED,B,1,1,0,1320,0.25,A ,S ,MO 15,CRD 850,Dark-Unlighted,Fixed Object,2,,Sat     ,0,0,0,0,1,0,0,1,0,0,0,0,0,0,0,1,0,0,0,0,0,0,0,0,0,39.45639,-92.00169,1,09/14/2019,03:45:00,"FATALITY ACCIDENT - VEHICLE 1 TRAVELED OFF THE RIGHT SIDE OF THE ROADWAY, RETURNED TO ROAD, CROSSED OVER THE CENTER AND OFF THE LEFT SIDE OF ROADWAY. VEHICLE 1 COLLIDED WITH THE GROUND, OVERTURNED AND STRUCK A FENCE. VEHICLE CAME TO REST ON ITS TOP IN A FIELD. DRIVER 1 WAS PRONOUNCED DECEASED AT THE SCENE BY MONROE COUNTY CORONER JAMES REINHARD AT 0404. NEXT OF KIN HAS BEEN NOTIFIED."
905369,3190024459,Missouri State Highway Patrol-Troop D,1568419200000,190541437,1,0,1,0,Personal Injury,CHRISTIAN,NON-CITY OR UNINCORPORATED,D,1,1,0,68,0.01,B ,S ,CRD SULLIVAN,CRD MT CARMEL RD,Dark-Unlighted,Overturn,1,,Sat     ,0,0,0,0,1,0,0,0,0,0,0,0,0,0,0,1,0,0,0,0,0,1,0,0,0,37.00861,-93.47405,0,09/14/2019,01:00:00,OCCURRED AS VEH1 RAN OFF ROADWAY AND OVERTURNED.
914455,3190024679,Missouri State Highway Patrol-Troop D,1568419200000,190541712,1,0,1,0,Personal Injury,JASPER,NON-CITY OR UNINCORPORATED,D,2,2,0,42,0.01,B ,E ,IS 44,ERM EAST IS 44 MILE 264,Daylight,Motor Vehicle in Transport,1,63,Sat     ,0,0,0,0,0,0,1,0,0,0,0,0,0,0,0,1,0,0,0,0,0,0,0,0,1,37.07965,-94.16926,0,09/14/2019,09:35:00,OCCURRED AS VEHICLE 2 CHANGED LANES AND STRUCK VEHICLE 1.
961828,3190025230,Missouri State Highway Patrol-Troop D,1568419200000,190541718,2,0,2,0,Personal Injury,POLK,NON-CITY OR UNINCORPORATED,D,2,2,0,0,0,AT,S ,MO 13,MO 215 SJ,Daylight,Motor Vehicle in Transport,1,64,Sat     ,0,0,0,0,0,0,0,1,1,0,0,0,0,1,0,1,0,0,0,0,0,0,0,0,0,37.46028,-93.35479,0,09/14/2019,09:35:00,ACCIDENT OCCURRED AS VEH #1 WAS SOUTHBOUND ON THE RIGHT SHOULDER AND MERGED ONTO THE RIGHT HAND LANE AND CHANGED LANES LEFT NEAR A CROSSOVER AT MO 215 MOVING INTO THE PATH OF VEH #2
961829,3190024951,Missouri State Highway Patrol-Troop D,1568419200000,190541836,1,0,1,0,Personal Injury,POLK,NON-CITY OR UNINCORPORATED,D,1,1,0,15,0,A ,N,RT O,CRD E 340TH RD SJ,Daylight,Fixed Object,2,,Sat     ,0,0,0,0,0,0,0,1,1,0,0,0,0,0,0,0,0,0,0,0,0,1,0,0,0,37.7669,-93.48502,0,09/14/2019,10:35:00,"ACCIDENT OCCURRED AS VEH #1 WAS NORTHBOUND, FAILED TO NEGOTIATE A CURVE TO THE LEFT ,TRAVELED OFF THE ROAD AND OVERTURNED"
1219719,3190024764,Missouri State Highway Patrol-Troop C,1568419200000,190541856,1,0,1,0,Personal Injury,FRANKLIN,NON-CITY OR UNINCORPORATED,C,1,1,0,174,0.03,A ,N,CRD DEERFIELD LANE,CRD GRAY SUMMIT ROAD,Daylight,Other Non Collision,1,,Sat     ,0,0,0,0,0,0,0,1,1,0,0,0,0,0,0,0,0,0,0,0,0,0,0,0,0,38.47388,-90.7902,0,09/14/2019,10:35:00,DRIVER 1 EXITED VEHICLE 1 AND FAILED TO PLACE THE TRANSMISSION IN PARK. VEHICLE 1 TRAVELED FORWARD AND STRUCK DRIVER 1.
1286300,3190026413,Missouri State Highway Patrol-Troop C,1568419200000,190542004,1,0,1,0,Personal Injury,ST. FRANCOIS,NON-CITY OR UNINCORPORATED,C,2,2,Y,50,0.01,B ,N,CRD ROCK RD,MO 32,Daylight,Motor Vehicle in Transport,1,60,Sat     ,0,0,0,0,0,0,0,0,0,0,0,1,0,0,0,1,0,0,0,0,0,0,0,0,0,37.78177,-90.61189,0,09/14/2019,11:55:00,"VEHICLE 1 MADE A LEFT TURN ONTO MO-32 IN THE WRONG LANE, STRIKING VEHICLE 2 HEAD-ON.  DRIVER 1 FLED THE SCENE."
914452,3190025130,Missouri State Highway Patrol-Troop D,1568419200000,190542044,1,0,1,0,Personal Injury,JASPER,NON-CITY OR UNINCORPORATED,D,1,1,0,36,0.01,A ,E ,IS 44,ERM EAST IS 44 MILE 170,Daylight,Fixed Object,2,,Sat     ,1,0,0,0,0,0,0,1,0,0,0,0,0,0,0,0,0,0,1,0,1,0,0,1,0,37.08193,-94.33945,0,09/14/2019,12:15:00,CRASH OCCURRED AS VEH 1 TRAVELED OFF OF THE ROADWAY AND STRUCK A GUARDRAIL.
1248489,3190026813,Missouri State Highway Patrol-Troop C,1568419200000,190542233,1,1,1,0,Fatal,ST. LOUIS,NON-CITY OR UNINCORPORATED,C,1,1,0,211,0.04,A ,E ,IS 70,ERM EAST IS 70 MILE 2302,Daylight,Overturn,1,,Sat     ,0,1,0,0,0,0,0,0,0,0,0,0,0,0,0,0,0,0,0,0,0,1,0,0,0,38.76368,-90.48157,1,09/14/2019,13:45:00,"FATALITY REPORT- VEHICLE 1 WAS EASTBOUND I-70 ON THE BLANCHETTE BRIDGE. DRIVER 1 LOST CONTROL AND VEHICLE 1 OVERTURNED AND EJECTED BOTH DRIVER 1 AND OCCUPANT 1. DRIVER 1 WAS PRONOUNCED AT MERCY HOSPITAL ST LOUIS AT 1441 HOURS ON 9-14-19 BY DR SINEFF. ASSISTED BY TPR J. E. LACY (313), TPR J. V. BONDURANT (1468), TPR B. G. GROVES (837)"