objectid,accident,agency,inv_date,complaint,injured,killed,min_inj,dis_inj,severity,county,city,troop,no_vehicle,motor_veh,left_scene,dist_feet,dist_mile,inter_loc,direction,on_street,at_street,light_cond,acc_type,on_off_rd,two_veh,day_week,dr_drink,dr_drug,ped_drink,ped_drug,speed,dr_under21,dr_under25,dr_over55,dr_over64,electrical,emer_veh,stop_sign,yield_sign,czone,hazmat,aggressive,cell_phone,texting,veh_defect,school_bus,truck,motorcycle,atv,pickup,cmv,gps_lat,gps_long,severity_fatal,acc_date,acc_time,narrative
1167418,3190025031,Missouri State Highway Patrol-Troop F,1568419200000,190542367,4,0,4,0,Personal Injury,MILLER,NON-CITY OR UNINCORPORATED,F,3,3,0,0,0,AT,N,RT W,RT Z,Daylight,Motor Vehicle in Transport,1,60,Sat     ,0,0,0,0,0,1,1,0,0,0,0,1,0,0,0,1,0,0,0,0,0,1,0,0,0,38.26985,-92.68639,0,09/14/2019,15:00:00,CRASH OCCURRED AS VEHICLE 1 FAILED TO YIELD TO VEHICLE 2 WHILE TURNING LEFT. VEHICLE 2 STRUCK VEHICLE 1 CAUSING VEHICLE 1 TO STRIKE VEHICLE 3. ASSISTED BY CPL. S. R. GISSELBECK (573)
1336939,3190024694,Missouri State Highway Patrol-Troop G,1568419200000,190542396,2,0,2,0,Personal Injury,HOWELL,NON-CITY OR UNINCORPORATED,G,1,1,0,248,0.05,B ,S ,MO 101,RT YY,Daylight,Fixed Object,2,,Sat     ,0,0,0,0,1,0,0,1,0,0,0,0,0,0,0,1,0,0,0,0,0,0,0,0,0,36.58282,-92.10876,0,09/14/2019,15:15:00,"VEHICLE 1 ATTEMPTED TO MAKE A PASS IN A CURVE AND LOST CONTROL, SKIDDED OFF THE LEFT SIDE OF THE ROADWAY, STRUCK A TREE AND OVERTURNED."
1292701,3190030424,Missouri State Highway Patrol-Troop C,1568419200000,190542425,2,1,2,0,Fatal,ST. LOUIS,FRONTENAC,C,2,2,0,0,0,AT,S ,US 61,PVT PRIVATE DR,Daylight,Motor Vehicle in Transport,1,64,Sat     ,0,1,0,0,0,1,1,1,0,1,0,0,0,0,0,1,0,0,0,0,0,1,0,0,0,38.6297,-90.4059,1,09/14/2019,15:11:00,"FATALITY REPORT- VEHICLE 1 WAS SOUTHBOUND ON LINDBERGH BOULEVARD. VEHICLE 2 WAS NORTHBOUND ON LINDBERGH BOULEVARD TO TURN LEFT ONTO FRONTENAC PLAZA DRIVE. VEHICLE 2 ENTERED INTO THE INTERSECTION TRAVELING WEST. VEHICLE 1 ENTERED INTO THE INTERSECTION. VEHICLE 1 SLOWED, AND THE FRONT OF VEHICLE 1 STRUCK THE RIGHT SIDE OF VEHICLE 2. DRIVER 1 PRONOUNCED AT MERCY HOSPITAL ST LOUIS AT 1539 HOURS ON 9-14-19 BY DR OLDEG. ASSISTED BY MSGT J. R. CAMPBELL (325), TPR J. D. PROCKNOW (1453), CPL J. R. BREITBACH (790)"
839847,3190025441,Missouri State Highway Patrol-Troop A,1568419200000,190542496,2,0,2,0,Personal Injury,LAFAYETTE,NON-CITY OR UNINCORPORATED,A,2,2,0,224,0.04,A ,W ,IS 70,ERM WEST IS 70 MILE 508,Daylight,Motor Vehicle in Transport,1,64,Sat     ,1,0,0,0,1,0,1,0,0,0,0,0,0,0,0,1,0,0,0,0,0,0,0,0,0,38.99337,-93.70931,0,09/14/2019,16:00:00,"CRASH OCCURRED AS VEHICLE #1 AND VEHICLE #2 WERE INVOLVED IN A ROAD RAGE INCIDENT.  VEHICLE #1 TRAVELED OFF THE LEFT SIDE OF THE ROADWAY, RETURNED TO THE ROAD AND IMPACTED THE DRIVER'S SIDE REAR OF VEHICLE #2.  AFTER IMPACT, VEHICLE #2 TRAVELED OFF THE LEFT SIDE OF THE ROADWAY AND STRUCK THE CABLE BARRIER.  VEHICLE #1 TRAVELED OFF THE LEFT SIDE OF THE ROADWAY AND OVERTURNED.  ASSISTED BY TPR. B.A. OWENS /1423/"
1161786,3190025672,Missouri State Highway Patrol-Troop F,1568419200000,190542498,1,0,1,0,Personal Injury,BOONE,NON-CITY OR UNINCORPORATED,F,1,1,0,58,0.01,B ,N,MO 763,CRD SHALIMAR DR,Daylight,Fixed Object,2,,Sat     ,1,0,0,0,0,0,0,0,0,0,0,0,0,0,0,1,0,0,0,0,0,0,0,0,0,39.00614,-92.32325,0,09/14/2019,16:00:00,"CRASH OCCURRED AS VEHICLE 1 TRAVELED OFF THE LEFT SIDE OF THE ROADWAY, STRUCK THE MEDIAN BARRIER AND SIGNS. VEHICLE 1 RETURNED TO THE ROADWAY AND RAN OFF THE RIGHT SIDE OF THE HIGHWAY."
1504789,3190024836,Missouri State Highway Patrol-Troop H,1568419200000,190542659,1,0,1,0,Personal Injury,DAVIESS,NON-CITY OR UNINCORPORATED,H,4,4,0,0,0,AT,W ,MO 6,RT NN,Daylight,Motor Vehicle in Transport,1,64,Sat     ,0,0,0,0,0,0,0,0,0,0,0,1,0,0,0,1,0,0,0,0,0,0,0,0,0,39.9764,-93.81468,0,09/14/2019,17:10:00,"CRASH OCCURRED AS VEH #1 WAS TRAVELING WESTBOUND ON MO-6, VEH #3 AND VEH #4 WERE TRAVELING EASTBOUND ON MO-6, AND VEH #2 WAS TRAVELING EASTBOUND ON RTE NN IN DAVIESS COUNTY. VEH #2 ATTEMPTED TO CROSS MO-6 TO CONTINUE EASTBOUND ON RTE NN AND PULLED INTO THE PATH OF VEH #1. VEH #2 STRUCK THE PASSENGER SIDE OF VEH #1, CAUSING VEH #1 TO STRIKE VEH #3. VEH #4 STRUCK DEBRIS IN THE ROADWAY FROM THE IMPACT OF VEH #1 STRIKING VEH #3. VEH #2 AND VEH #4 CAME TO CONTROLLED STOP ON MO-6. VEH #1 AND VEH #3 CAME TO REST ON THEIR WHEELS IN THE EASTBOUND LANE OF MO-6. ASSISTED BY SGT J.J. RONGEY (689) AND THE DAVIESS COUNTY SHERIFF?S OFFICE."
1036937,3190024406,Missouri State Highway Patrol-Troop I,1568419200000,190542727,1,0,0,1,Personal Injury,PHELPS,NON-CITY OR UNINCORPORATED,I,1,1,0,231,0.04,B ,N,US 63,CRD 6050,Daylight,Overturn,2,,Sat     ,0,0,0,0,0,0,0,1,1,0,0,0,0,0,0,1,0,0,0,0,0,0,0,0,0,37.72917,-91.85874,0,09/14/2019,17:51:00,OCCURRED AS VEHICLE 1 TRAVELED OFF THE LEFT SIDE OF THE ROADWAY. VEHICLE 1 OVERTURNED BEFORE STRIKING A TREE AND COMING TO REST.    ASSISTED BY MSGT S D ALTERMATT (158)
1510254,3190025611,Missouri State Highway Patrol-Troop H,1568419200000,190542783,2,0,2,0,Personal Injury,GRUNDY,SPICKARD,H,2,2,0,0,0,AT,S ,CST THIRD STREET,CST LINCOLN STREET,Daylight,Motor Vehicle in Transport,1,64,Sat     ,0,0,0,0,0,1,1,0,0,0,0,1,0,0,0,1,0,0,0,0,0,0,1,0,0,40.23989,-93.59484,0,09/14/2019,18:00:00,"CRASH OCCURRED AS VEH #1 WAS SOUTHBOUND ON 3RD ST AND VEH #2 WAS EASTBOUND ON LIBERTY ST IN SPICKARD. VEH #1 FAILED TO STOP AT A STOP SIGN, CONTINUED INTO THE INTERSECTION, AND ENTERED THE PATH OF VEH #2. VEH #2 STRUCK THE PASSENGER SIDE OF VEH #1, CAUSING VEH #1 TO OVERTURN. VEH #1 CAME TO REST ON ITS TOP IN THE INTERSECTION FACING SOUTH. VEH #2 CAME TO REST ON ITS WHEELS IN THE INTERSECTION FACING EAST. ASSISTED BY SGT J.J. RONGEY (689)."
925255,3190024532,Missouri State Highway Patrol-Troop D,1568419200000,190542833,1,0,0,1,Personal Injury,MCDONALD,NON-CITY OR UNINCORPORATED,D,1,1,0,955,0.18,B ,S ,MO 59,CRD SCOTCH HOLLOW,Daylight,Overturn,2,,Sat     ,1,0,0,0,0,0,0,0,0,0,0,0,0,0,0,1,0,0,0,0,0,0,0,0,0,36.56752,-94.46905,0,09/14/2019,18:30:00,#1 RAN OFF THE RIGHT SIDE OF THE ROAD AND OVERTURNED
1042614,3190024398,Missouri State Highway Patrol-Troop I,1568419200000,190542859,2,0,2,0,Personal Injury,LACLEDE,NON-CITY OR UNINCORPORATED,I,1,1,0,262,0.05,A ,E ,RT WW,CRD MARQUEE LANE,Daylight,Fixed Object,2,,Sat     ,0,0,0,0,0,0,1,0,0,0,0,0,0,0,0,0,0,0,0,0,0,0,0,0,0,37.72107,-92.76226,0,09/14/2019,18:45:00,"OCCURRED AS VEH 1 WAS EASTBOUND ON HWY WW. VEH 1 CROSSED THE CENTER OF THE ROADWAY AND BEGAN SKIDDING. VEH 1 CROSSED CENTER OF ROADWAY AGAIN, TRAVELED OFF OF THE RIGHT SIDE OF THE ROADWAY, STRUCK A DITCH AND OVERTURNED."
803602,3190025251,Missouri State Highway Patrol-Troop A,1568419200000,190542890,3,0,1,2,Personal Injury,JOHNSON,NON-CITY OR UNINCORPORATED,A,2,2,0,20,0,B ,S ,RT WW,CRD SE 1200,Daylight,Motor Vehicle in Transport,1,64,Sat     ,0,0,0,0,0,1,1,0,0,0,0,1,0,0,0,1,0,0,0,0,0,0,0,0,0,38.57104,-93.52423,0,09/14/2019,19:10:00,CRASH OCCURRED AS VEHICLE 1 WAS WESTBOUND ON SE 1200 ROAD AND VEHICLE 2 WAS SOUTHBOUND ON ROUTE WW. VEHICLE 1 FAILED TO YIELD AND VEHICLE 2 STRUCK VEHICLE 1. ASSISTED BY CPL J. J. CRUMP /1361/ AND TPR J. R. ATHERTON /682/.
1225294,3190025574,Missouri State Highway Patrol-Troop C,1568419200000,190542961,1,0,1,0,Personal Injury,JEFFERSON,NON-CITY OR UNINCORPORATED,C,3,3,0,0,0,AT,W ,MO 30,CRD LITTLE BRENNAN RD,Dark-Lighted,Motor Vehicle in Transport,1,64,Sat     ,1,0,0,0,0,0,0,1,0,1,0,0,0,0,0,1,0,0,0,0,1,0,0,1,0,38.48536,-90.50255,0,09/14/2019,19:50:00,"VEHICLES 2 AND 3 WERE EASTBOUND ON HIGHWAY 30, ATTEMPTING TO MAKE A LEFT TURN ONTO LITTLE BRENNAN ROAD.  VEHICLE 1 WAS WESTBOUND ON HIGHWAY 30 AND TRAVELED THROUGH A STEADY RED TRAFFIC SIGNAL.  VEHICLE 1 THEN STRUCK VEHICLES 2 AND 3."
1248440,3190024645,Missouri State Highway Patrol-Troop C,1568419200000,190543007,1,0,1,0,Personal Injury,ST. LOUIS,NON-CITY OR UNINCORPORATED,C,3,3,Y,105,0.02,A ,E ,IS 70,ERM EAST IS 70 MILE 2322,Dark-Lighted,Motor Vehicle in Transport,1,64,Sat     ,0,0,0,0,0,,,,,0,0,0,0,0,0,1,0,0,0,0,0,0,0,0,0,38.75169,-90.44833,0,09/14/2019,20:10:00,"BOTH VEHICLES WERE TRAVELING EASTBOUND ON INTERSTATE 70 IN LANE FOUR. VEHICLE #2 WAS FOLLOWING TOO CLOSELY AND TRAFFIC WAS SLOWING, CAUSING THE FRONT OF VEHICLE #2 TO STRIKE THE REAR OF VEHICLE #1"
1502907,3190024407,Missouri State Highway Patrol-Troop H,1568419200000,190543026,1,0,0,1,Personal Injury,CALDWELL,NON-CITY OR UNINCORPORATED,H,2,2,0,2640,0.5,A ,E ,MO 116,CRD FROG POND RD,Dark-Unlighted,Motor Vehicle in Transport,1,62,Sat     ,1,0,0,0,0,0,0,0,0,0,0,0,0,0,0,1,0,0,0,0,0,1,0,0,0,39.56817,-93.9357,0,09/14/2019,20:14:00,"CRASH OCCURRED AS VEHICLE 1 WESTBOUND ON MO 116 AND VEHICLE 2 WAS EASTBOUND ON MO 116. VEHICLE 1 CROSSED THE CENTER LINE AND STRUCK VEHICLE 2 ON THE DRIVER'S SIDE FRONT FENDER. VEHICLE 2 TRAVELED OFF THE SOUTH SIDE OF THE ROADWAY AND CAME REST ON ITS WHEELS FACING EAST. VEHICLE 1 CROSSED BACK OVER THE WEST BOUND LANE AND TRAVELED OFF THE NORTH SIDE OF THE ROADWAY AND OVERTURNED. DRIVER 1 WAS EJECTED. VEHICLE 1 CAME TO REST IN A DITCH ON ITS SIDE FACING EAST. ASSISTED BY LT. M.A. OTT (54), SGT. L.M. NEWMAN (576), TPR. B.T. QUIRING (907) AND CALDWELL COUNTY."
1287611,3190025613,Missouri State Highway Patrol-Troop C,1568419200000,190543080,1,0,0,1,Personal Injury,ST. CHARLES,NON-CITY OR UNINCORPORATED,C,1,1,0,2640,0.5,A ,S ,US 61,CRD N POINT PRAIRIE RD,Dark-Unlighted,Fixed Object,2,,Sat     ,0,0,0,0,1,0,0,1,0,0,0,0,0,0,0,1,0,0,0,0,1,0,0,1,0,38.87084,-90.8937,0,09/14/2019,20:46:00,"VEHICLE 1 TRAVELED OFF THE LEFT SIDE OF THE ROADWAY, DRIVER 1 OVERCORRECTED AND WENT OFF THE RIGHT SIDE OF THE ROADWAY. VEHICLE 1 STRUCK AN EMBANKMENT, OVERTURNED AND STRUCK A TREE. ASSISTED BY TPR N. A. COCKRUM (179) AND TPR A. J. MAYER (1210)"
990043,3190024539,Missouri State Highway Patrol-Troop D,1568419200000,190543128,1,1,1,0,Fatal,NEWTON,NON-CITY OR UNINCORPORATED,D,1,1,Y,2254,0.43,B ,S ,CRD RACCOON RD,CRD KENTUCKY RD,Daylight,Pedestrian,1,,Sat     ,0,0,0,0,1,1,1,0,0,0,0,0,0,0,0,1,0,0,0,0,0,1,0,0,0,36.89803,-94.2276,1,09/14/2019,20:59:00,FATALITY TRAFFIC CRASH - NEXT OF KIN NOTIFIED - THIS IS TROOP D'S 80TH FATALITY FOR 2019 - NORTHBOUND VEHICLE 1 STRUCK A PEDESTRIAN IN THE ROADWAY.  PEDESTRIAN WAS PRONOUNCED DECEASED AT 2216 HOURS BY DR. BINGMAN AT MERCY HOSPITAL IN JOPLIN.  SURVIVING DRIVER WAS NOT TESTED FOR ALCOHOL.
1042613,3190024989,Missouri State Highway Patrol-Troop I,1568419200000,190543191,1,0,0,1,Personal Injury,LACLEDE,NON-CITY OR UNINCORPORATED,I,1,1,0,570,0.11,,,PP PRIVATE PARKING LOT AT 22360 HIGHWAY MM,EAST OF ROUTE MM,Dark-Lighted,Other Object,2,,Sat     ,0,0,0,0,0,1,1,0,0,0,0,0,0,0,0,0,0,0,0,0,0,1,0,0,0,37.69816,-92.62565,0,09/14/2019,21:50:00,"OCCURRED AS VEH 1 BEGAN SLIDING, OVERTURNED, AND STRUCK A ROCK PILE EJECTING THE DRIVER."
1505711,3190025342,Missouri State Highway Patrol-Troop H,1568505600000,190543492,1,0,1,0,Personal Injury,WORTH,NON-CITY OR UNINCORPORATED,H,1,1,0,200,0.04,A ,S ,CRD GOLDENROD TRAIL,RT J SJ,Dark-Unlighted,Fixed Object,2,,Sun     ,1,0,0,0,1,0,1,0,0,0,0,0,0,0,0,1,0,0,0,0,0,0,0,0,0,40.47102,-94.5265,0,09/15/2019,00:57:00,"CRASH OCCURRED AS VEHICLE 1 FAILED TO NEGOTIATE A CURVE. VEHICLE 1 RAN OFF THE RIGHT SIDE OF THE ROADWAY AND STRUCK A TREE. VEHICLE 1 CAME TO REST OFF THE NORTHWEST SIDE OF THE ROADWAY ON ITS WHEELS FACING SOUTHWEST. ASSISTED BY CPL. S.E. PRITZEL (1192), WORTH COUNTY SHERIFF'S OFFICE, GENTRY COUNTY SHERIFF'S OFFICE AND WORTH COUNTY EMS."
1219740,3190024708,Missouri State Highway Patrol-Troop C,1568505600000,190543600,2,0,1,1,Personal Injury,FRANKLIN,NON-CITY OR UNINCORPORATED,C,1,1,0,290,0.05,A ,W ,IS 44,ERM WEST IS 44 MILE 2302,Dark-Unlighted,Fixed Object,2,,Sun     ,0,0,0,0,0,1,1,0,0,0,0,0,0,0,0,0,0,0,0,0,0,0,0,0,0,38.27011,-91.10922,0,09/15/2019,02:10:00,"VEHICLE 1 WAS WESTBOUND I-44 IN THE LEFT LANE. VEHICLE 1 TRAVELED PARTLY ONTO THE LEFT SHOULDER, DRIVER 1 OVERCORRECTED. VEHICLE 1 THEN TRAVELED OFF THE LEFT SIDE OF THE ROADWAY, STRUCK THE MEDIAN CABLE BARRIER, AND OVERTURNED."
1311979,3190024996,Missouri State Highway Patrol-Troop C,1568505600000,190543619,1,0,1,0,Personal Injury,ST. CHARLES,ST PETERS,C,2,2,0,2640,0.5,B ,W ,IS 70,CST MID RIVERS MALL DR,Dark-Lighted,Motor Vehicle in Transport,1,61,Sun     ,1,0,0,0,0,0,1,1,0,0,0,0,0,0,0,1,0,0,0,0,0,0,0,0,0,38.7991,-90.61111,0,09/15/2019,03:03:00,THE FRONT OF VEHICLE 1 STRUCK THE REAR OF VEHICLE 2.  THE FORCE OF THE IMPACT CAUSED VEHICLE 2 TO RUN OFF THE RIGHT SIDE OF THE ROADWAY. VEHICLE 2 STRUCK THE CONCRETE TRAFFIC BARRIER.
1196376,3190024513,Missouri State Highway Patrol-Troop F,1568505600000,190543621,1,0,0,1,Personal Injury,HOWARD,NON-CITY OR UNINCORPORATED,F,1,1,0,4224,0.8,B ,W ,CRD 408,CRD 408A,Dark-Unlighted,Overturn,2,,Sun     ,1,0,0,0,1,1,1,0,0,0,0,0,0,0,0,1,0,0,0,0,1,0,0,1,0,39.13452,-92.49965,0,09/15/2019,03:00:00,"OCCURRED AS VEHICLE 1 WAS TRAVELING TOO FAST FOR THE CONDITIONS, TRAVELED OFF THE RIGHT SIDE OF THE ROADWAY AND OVERTURNED."
888182,3190026507,Missouri State Highway Patrol-Troop A,1568505600000,190543649,4,0,4,0,Personal Injury,RAY,NON-CITY OR UNINCORPORATED,A,1,1,Y,2069,0.39,A ,S ,CRD UNNAMED RD,RT CC,Dark-Unlighted,Fixed Object,2,,Sun     ,0,0,0,0,0,1,1,0,0,0,0,0,0,0,0,0,0,0,0,0,0,0,0,0,0,39.18889,-93.89949,0,09/15/2019,04:30:00,CRASH OCCURRED AS VEHICLE WAS TRAVELING SOUTHBOUND ON ROUTE J. VEHICLE BEGAN TO SKID AND STRUCK THE CONCRETE BARRIERS AT THE DEAD END PORTION OF THE ROAD.
1248443,3190026516,Missouri State Highway Patrol-Troop C,1568505600000,190543710,5,0,5,0,Personal Injury,ST. LOUIS,NON-CITY OR UNINCORPORATED,C,2,2,Y,174,0.03,B ,W ,IS 270,RP 228016,Daylight,Motor Vehicle in Transport,1,61,Sun     ,,,,,,,,1,,0,0,0,0,0,0,,0,0,,0,0,0,0,0,0,38.77104,-90.26418,0,09/15/2019,07:20:00,VEHICLE 1 WAS STRUCK BY VEHICLE 2 IN THE REAR.  VEHICLE 2 LEFT THE SCENE.
1318876,3190025425,Missouri State Highway Patrol-Troop G,1568505600000,190543912,1,0,0,1,Personal Injury,REYNOLDS,NON-CITY OR UNINCORPORATED,G,1,1,0,2391,0.45,A ,E ,CRD 204,CRD 203,Daylight,Fixed Object,2,,Sun     ,,,,,,1,1,0,0,0,0,0,0,0,0,,0,0,,0,1,0,0,1,0,37.51159,-90.79947,0,09/15/2019,07:00:00,"OCCURRED AS VEHICLE #1 TRAVELED OFF OF THE LEFT SIDE OF ROADWAY, STRUCK TREES AND AN EMBANKMENT AND OVERTURNED."
1263825,3190024629,Missouri State Highway Patrol-Troop C,1568505600000,190544131,1,0,1,0,Personal Injury,WARREN,WARRENTON,C,2,2,0,501,0.09,B ,E ,IS 70,ERM EAST IS 70 MILE 1960,Daylight,Motor Vehicle in Transport,1,61,Sun     ,0,0,0,0,0,0,0,1,1,0,0,0,0,0,0,1,0,0,0,0,1,1,0,1,0,38.82013,-91.0972,0,09/15/2019,11:15:00,VEHICLE #1 WAS TRAVELING EASTBOUND ON INTERSTATE 70 IN THE LEFT LANE BEHIND VEHICLE #2. VEHICLE #2 CAME TO A STOP IN TRAFFIC. VEHICLE #1 STRUCK THE LEFT REAR OF VEHICLE #2. ASSISTED BY MSGT. G. C. SWARTZ (705)
1219735,3190024793,Missouri State Highway Patrol-Troop C,1568505600000,190544167,3,0,3,0,Personal Injury,FRANKLIN,NON-CITY OR UNINCORPORATED,C,2,2,0,0,0,AT,E ,RT AT,CRD EAST VILLA RIDGE ROAD,Daylight,Motor Vehicle in Transport,1,64,Sun     ,0,0,0,0,0,0,0,1,1,0,0,1,0,0,0,1,0,0,0,0,1,0,0,1,0,38.46219,-90.8734,0,09/15/2019,11:30:00,"DRIVER 1 FAILED TO YIELD TO VEHICLE 2, CAUSING THE FRONT OF VEHICLE 2 TO STRIKE THE LEFT FRONT SIDE OF VEHICLE 1."
1210864,3190025188,Missouri State Highway Patrol-Troop F,1568505600000,190544232,0,3,0,0,Fatal,COLE,NON-CITY OR UNINCORPORATED,F,2,2,0,1335,0.25,A ,E ,US 54,CRD GOLLER RD,Daylight,Motor Vehicle in Transport,1,60,Sun     ,0,0,0,0,0,0,0,1,1,0,0,0,0,0,0,0,0,0,0,0,1,0,0,0,1,38.5134,-92.24068,1,09/15/2019,12:04:00,"**FATALITY CRASH** NEXT OF KIN NOTIFIED.   CRASH OCCURRED AS VEHICLE 2 WAS TRAVELING WESTBOUND IN THE EASTBOUND LANES AND STRUCK VEHICLE 1 HEAD-ON.  AFTER STRIKING VEHICLE 1 VEHICLE 2 OVERTURNED INTO THE MEDIAN. ALL 3 SUBJECTS PRONOUNCED ON SCENE BY DR CARL DOERHOFF AT 1250 PM.  THIS IS TROOP F'S 5TH 6TH AND 7TH FATALITY FOR SEPTEMBER AND 45TH, 46TH, AND 47TH FOR 2019.   ASSISTED SGT. M. J. BRONIEC (526), CPL. J. W. TURNER (846), CPL. C. J. NORTH (564), SGT. M. T. HALFORD ( 509), CPL. B. H. SALMONS (742)."
1132211,3190025052,Missouri State Highway Patrol-Troop E,1568505600000,190544255,1,0,1,0,Personal Injury,BUTLER,NON-CITY OR UNINCORPORATED,E,2,2,0,52,0.01,A ,N,MO 53,CRD 617,Daylight,Motor Vehicle in Transport,1,62,Sun     ,0,0,0,0,0,0,0,1,1,0,0,0,0,0,0,0,0,0,0,0,0,0,0,0,0,36.70466,-90.36444,0,09/15/2019,12:10:00,CRASH OCCURRED AS VEHICLE 1 CROSSED THE CENTER LINE AND STRUCK VEHICLE 2
968303,3190025006,Missouri State Highway Patrol-Troop D,1568505600000,190544275,2,0,2,0,Personal Injury,BARRY,NON-CITY OR UNINCORPORATED,D,2,2,Y,892,0.17,B ,W ,MO 86,BRIDGE A0582,Daylight,Motor Vehicle in Transport,1,61,Sun     ,,,,,,,,,,0,0,0,0,0,0,,0,0,,0,0,0,0,0,0,36.51229,-93.7008,0,09/15/2019,12:27:00,"NBR 2 ATTEMPTED TO PASS NBR 1 AND IN THE PROCESS, STRUCK NBR 1 IN THE REAR.  DRIVER OF NBR 2 FLED ON FOOT AND NBR 2 ROLLED INTO THE DITCH."
1171259,3190025258,Missouri State Highway Patrol-Troop F,1568505600000,190544294,2,0,2,0,Personal Injury,MORGAN,NON-CITY OR UNINCORPORATED,F,1,1,0,3168,0.6,B ,W ,CRD WEBB RD,CRD LOCUST RD,Daylight,Fixed Object,2,,Sun     ,0,0,0,0,0,0,1,0,0,0,0,0,0,0,0,0,0,0,0,0,0,0,0,0,0,38.32629,-92.90496,0,09/15/2019,12:30:00,OCCURRED AS VEHICLE 1 TRAVELED OFF THE LEFT SIDE OF THE ROADWAY AND STRUCK A TREE.
968300,3190024739,Missouri State Highway Patrol-Troop D,1568505600000,190544394,1,0,1,0,Personal Injury,BARRY,NON-CITY OR UNINCORPORATED,D,2,2,Y,2357,0.45,B ,E ,CRD 2275,CRD 1162,Daylight,Motor Vehicle in Transport,1,60,Sun     ,0,0,0,0,1,,,,,0,0,0,0,0,0,1,0,0,0,0,1,0,0,1,0,36.5352,-93.79327,0,09/15/2019,12:20:00,#2 CROSSED THE CENTER OF THE ROADWAY AND STRUCK #1 HEADON.  OCCUPANTS OF #2 FLED ON AND HAVE NOT BEEN LOCATED YET.
1286137,3190025390,Missouri State Highway Patrol-Troop C,1568505600000,190544816,1,0,1,0,Personal Injury,ST. FRANCOIS,FARMINGTON,C,2,2,0,0,0,AT,S ,MO 221,CST WALKER DR,Daylight,Motor Vehicle in Transport,1,64,Sun     ,0,0,0,0,1,0,1,0,0,1,1,0,0,0,0,1,0,0,0,0,0,0,0,0,0,37.77024,-90.44957,0,09/15/2019,16:11:00,VEHICLE 1 WAS AN EMERGENCY VEHICLE WITH EMERGENCY LIGHTS AND SIRENS ACTIVATED. DRIVER 2 FAILED TO YIELD TO VEHICLE 1 AND THE FRONT OF VEHICLE 1 STRUCK THE SIDE OF VEHICLE 2.
1502071,3190025184,Missouri State Highway Patrol-Troop H,1568505600000,190544839,2,0,2,0,Personal Injury,ANDREW,NON-CITY OR UNINCORPORATED,H,1,1,0,1504,0.28,A ,W ,CRD 145,CRD 148,Daylight,Fixed Object,2,,Sun     ,0,0,0,0,0,1,1,0,0,0,0,0,0,0,0,1,0,0,0,0,0,0,0,0,0,40.02486,-94.83978,0,09/15/2019,15:40:00,"CRASH OCCURRED AS VEH#1 WAS EASTBOUND ON COUNTY RD 145. VEH#1 SKIDDED, CROSSED THE CENTER OF THE ROADWAY AND TRAVELED OFF THE NORTH SIDE OF THE ROADWAY. VEH#1 STRUCK THE EMBANKMENT, OVERTURNED, AND CAME TO REST ON ITS DRIVER?S SIDE FACING WEST OFF THE NORTH SIDE OF THE ROADWAY. ASSISTED BY ANDREW COUNTY SHERIFF'S DEPARTMENT AND ANDREW COUNTY EMS."
859062,3190025159,Missouri State Highway Patrol-Troop A,1568505600000,190544899,1,0,1,0,Personal Injury,JACKSON,BLUE SPRINGS,A,1,1,0,110,0.02,A ,W ,IS 70,ERM WEST IS 70 MILE 186,Dark-Unlighted,Fixed Object,2,,Fri     ,0,0,0,0,0,0,0,0,0,0,0,0,0,0,0,0,0,0,0,0,1,0,0,1,0,39.03484,-94.30964,0,09/13/2019,22:35:00,CRASH OCCURRED AS VEH 1 WAS WESTBOUND ON I 70.  VEH 1 SWERVED TO AVOID ANOTHER VEHICLE.  VEH 1 STRUCK A CONCRETE BARRIER.
1286286,3190026403,Missouri State Highway Patrol-Troop C,1568505600000,190545118,2,0,1,1,Personal Injury,ST. FRANCOIS,NON-CITY OR UNINCORPORATED,C,1,1,0,237,0.04,B ,N,RT OO,CRD BUSIEK RD,Daylight,Fixed Object,2,,Sun     ,0,0,0,0,0,0,0,0,0,0,0,0,0,0,0,0,0,0,0,0,1,0,0,1,0,37.75899,-90.37658,0,09/15/2019,18:25:00,"VEHICLE ONE WAS TRAVELING WESTBOUND ON ROUTE OO, TRAVELED OFF THE NORTH SIDE OF THE ROADWAY BEFORE CROSSING BUSIEK ROAD AND STRIKING A FENCE AND A TREE. ASSISTED BY TPR K L ELLEDGE (396)."
876579,3190027157,Missouri State Highway Patrol-Troop A,1568505600000,190545193,1,0,1,0,Personal Injury,PLATTE,NON-CITY OR UNINCORPORATED,A,1,1,0,131,0.02,B ,N,RP 5937,RT Z,Daylight,Fixed Object,2,,Sun     ,1,0,0,0,0,0,0,0,0,0,0,0,0,0,0,1,0,0,0,0,0,0,0,0,0,39.5169,-94.78611,0,09/15/2019,19:11:00,"CRASH OCCURRED AS VEH 1 WAS NORTHBOUND ON I 29 EXITING ONTO ROUTE H.  VEH 1 RAN OFF THE RIGHT SIDE OF THE ROADWAY, STRUCK A ROAD SIGN AND OVERTURNED COMING TO REST ON ITS WHEELS.  ASSISTED BY PLATTE COUNTY SHERIFFS DEPARTMENT."
1210867,3190024771,Missouri State Highway Patrol-Troop F,1568505600000,190545336,1,0,1,0,Personal Injury,COLE,NON-CITY OR UNINCORPORATED,F,1,1,0,501,0.09,B ,S ,CRD S COUNTRY CLUB DR,PVT HILL RD,Dark-Unlighted,Fixed Object,2,,Sun     ,0,0,0,0,0,1,1,0,0,0,0,0,0,0,0,0,0,0,0,0,0,1,0,0,0,38.55565,-92.28348,0,09/15/2019,20:40:00,"VEHICLE 1 TRAVELED OFF THE RIGHT SIDE OF THE ROADWAY, STRUCK A CULVERT AND OVERTURNED. ASSISTED BY SGT. M. B. PATTERSON (1383)."