objectid,accident,agency,inv_date,complaint,injured,killed,min_inj,dis_inj,severity,county,city,troop,no_vehicle,motor_veh,left_scene,dist_feet,dist_mile,inter_loc,direction,on_street,at_street,light_cond,acc_type,on_off_rd,two_veh,day_week,dr_drink,dr_drug,ped_drink,ped_drug,speed,dr_under21,dr_under25,dr_over55,dr_over64,electrical,emer_veh,stop_sign,yield_sign,czone,hazmat,aggressive,cell_phone,texting,veh_defect,school_bus,truck,motorcycle,atv,pickup,cmv,gps_lat,gps_long,severity_fatal,acc_date,acc_time,narrative
1213280,3190024853,Missouri State Highway Patrol-Troop C,1568592000000,190545521,1,0,1,0,Personal Injury,WARREN,WRIGHT CITY,C,2,2,0,543,0.1,B ,E ,IS 70,ERM EAST IS 70 MILE 1996,Dark-Unlighted,Motor Vehicle in Transport,1,61,Mon     ,0,0,0,0,0,0,0,1,0,0,0,0,0,0,0,0,1,0,0,0,1,0,0,1,0,38.82897,-91.03218,0,09/16/2019,00:40:00,VEHICLES 1 AND 2 WERE EASTBOUND I-70  IN THE RIGHT LANE. VEHICLE 1 WAS OVERTAKING VEHICLE 2. DRIVER 1 FAILED TO YIELD TO VEHICLE 2 AND THE FRONT OF VEHICLE 1 STRUCK THE REAR OF VEHICLE 2.
883612,3190024727,Missouri State Highway Patrol-Troop A,1568592000000,190545565,1,0,1,0,Personal Injury,BATES,NON-CITY OR UNINCORPORATED,A,2,2,0,432,0.08,B ,N,LP 49,CST PASSAIC CITY STREET,Dark-Unlighted,Motor Vehicle in Transport,1,64,Mon     ,0,0,0,0,1,0,0,1,1,0,0,0,0,0,0,1,0,0,0,0,1,0,0,1,1,38.31991,-94.34686,0,09/16/2019,05:19:00,CRASH OCCURRED AS VEHICLE2 WAS STATIONARY WHILE VEHICLE1 WAS TRAVELING NORTHBOUND ON LOOP I49. VEHICLE1 STRUCK THE LEFT SIDE OF VEHICLE2 BEFORE COMING TO A CONTROLLED REST. ASSISTED BY BATES COUNTY SHERIFFS OFFICE AND BUTLER FIRE DEPARTMENT.
1185982,3190025208,Missouri State Highway Patrol-Troop B,1568592000000,190545600,1,0,1,0,Personal Injury,SULLIVAN,NON-CITY OR UNINCORPORATED,B,1,1,0,1393,0.26,A ,N,MO 5,CRD NOVA RD,Daylight,Animal,1,,Mon     ,0,0,0,0,0,0,0,0,0,0,0,0,0,0,0,0,0,0,0,0,0,0,0,0,0,40.25756,-93.10858,0,09/16/2019,06:34:00,VEHICLE 01 STRUCK A DEER IN THE ROADWAY.  ASSISTED BY SULLIVAN COUNTY SHERIFF'S DEPARTMENT.
1132209,3190025334,Missouri State Highway Patrol-Troop E,1568592000000,190545615,1,0,1,0,Personal Injury,BUTLER,NON-CITY OR UNINCORPORATED,E,1,1,0,491,0.09,B ,N,RT HH,CRD 244,Daylight,Fixed Object,2,,Mon     ,0,0,0,0,1,0,0,0,0,0,0,0,0,0,0,1,0,0,0,0,0,0,0,0,0,36.56,-90.36926,0,09/16/2019,06:45:00,"CRASH OCCURRED AS VEHICLE 1 RAN OFF THE LEFT SIDE OF THE ROADWAY, STRUCK A DITCH, AND OVERTURNED"
1248490,3190026740,Missouri State Highway Patrol-Troop C,1568592000000,190545855,1,0,1,0,Personal Injury,ST. LOUIS,NON-CITY OR UNINCORPORATED,C,3,3,0,374,0.07,A ,E ,IS 70,ERM EAST IS 70 MILE 2304,Daylight,Motor Vehicle in Transport,1,61,Mon     ,0,0,0,0,0,0,0,0,0,0,0,0,0,0,0,1,0,0,0,0,0,0,0,0,0,38.76245,-90.4781,0,09/16/2019,08:39:00,"VEHICLES 1, 2, AND 3 WERE TRAVELING ON EASTBOUND I-70, IN LANE 4. VEHICLE 3 SLOWED FOR TRAFFIC, AND VEHICLE 2 SLOWED FOR VEHICLE 3. VEHICLE 1 DID NOT STOP AND STRUCK VEHICLE 2 IN THE REAR, WHICH FORCED VEHICLE 2 INTO VEHICLE 3."
1500733,3190025350,Missouri State Highway Patrol-Troop H,1568592000000,190545959,1,0,0,1,Personal Injury,BUCHANAN,NON-CITY OR UNINCORPORATED,H,1,1,Y,1314,0.25,B ,S ,RT MM,CRD BENNER LAKE SE,Daylight,Fell/Jumped from MV,1,,Mon     ,0,0,0,0,1,0,0,0,0,0,0,0,0,0,0,1,0,0,0,0,0,1,0,0,0,39.56223,-94.71305,0,09/16/2019,09:00:00,CRASH OCCURRED AS VEHICLE 1 WAS SOUTHBOUND ON RT MM. VEHICLE 1 FAILED TO NEGOTIATE A CURVE DUE TO GRAVEL ON THE ROADWAY. DRIVER 1 WAS EJECTED AS VEHICLE 1 BEGAN TO SKID OFF THE ROADWAY. VEHICLE 1 CAME TO REST ON ITS DRIVERS SIDE FACING SOUTH.
1187554,3190026037,Missouri State Highway Patrol-Troop B,1568592000000,190546230,1,0,1,0,Personal Injury,MARION,NON-CITY OR UNINCORPORATED,B,2,2,0,0,0,AT,E ,RT MM,CRD VETERANS ROAD,Daylight,Motor Vehicle in Transport,1,64,Mon     ,0,0,0,0,0,0,0,1,1,0,0,1,0,0,0,1,0,0,0,0,1,0,0,1,1,39.70355,-91.4198,0,09/16/2019,11:25:00,"VEHICLE 01 PULLED INTO THE PATH OF VEHICLE 02.  VEHICLE 02 STRUCK VEHICLE 01 IN THE DRIVER'S SIDE.  ASSISTED BY CPL MCGIVNEY #366, MARION COUNTY SHERIFF'S DEPARTMENT AND HANNIBAL FIRE DEPARTMENT."
968305,3190024599,Missouri State Highway Patrol-Troop D,1568592000000,190546286,1,0,1,0,Personal Injury,BARRY,NON-CITY OR UNINCORPORATED,D,2,2,0,2640,0.5,A ,N,MO 39,CRD 2065,Daylight,Motor Vehicle in Transport,1,62,Mon     ,0,0,0,0,0,0,0,1,1,0,0,0,0,0,0,1,0,0,0,0,1,0,0,1,1,36.83664,-93.6994,0,09/16/2019,11:50:00,CRASH OCCURRED AS VEHICLE #1 CROSSED CENTER LINE AND STRUCK THE TOWED UNIT OF VEHICLE #2.
822203,3190025514,Missouri State Highway Patrol-Troop A,1568592000000,190546388,2,1,2,0,Fatal,BENTON,NON-CITY OR UNINCORPORATED,A,2,2,0,1636,0.31,A ,S ,MO 7,RT KK,Daylight,Motor Vehicle in Transport,1,60,Mon     ,0,0,0,0,0,0,0,1,1,0,0,0,0,1,0,1,0,0,0,0,1,0,0,1,0,38.23603,-93.43155,1,09/16/2019,12:40:00,"FATALITY CRASH - NEXT OF KIN NOTIFIED - TROOP A FATALITY CRASH #46  TROOP A FATALITY #52. CRASH OCCURRED AS VEHICLE 1 WAS TRAVELING NORTHBOUND, CROSSED THE CENTER LINE AND STRUCK VEHICLE 2 HEAD-ON. ASSISTED BY TPR R W ROSENTHAL /930/ AND BENTON COUNTY SHERIFF'S OFFICE."
1185983,3190025333,Missouri State Highway Patrol-Troop B,1568592000000,190546479,1,0,1,0,Personal Injury,SULLIVAN,NON-CITY OR UNINCORPORATED,B,1,1,0,2640,0.5,B ,W ,MO 6,BRIDGE J0485,Daylight,Fixed Object,2,,Mon     ,0,0,0,0,0,0,1,0,0,0,0,0,0,0,0,0,0,0,0,0,0,0,0,0,0,40.26192,-92.91002,0,09/16/2019,13:15:00,"VEH 1 TRAVELED OFF THE NORTH SIDE OF ROADWAY, STRUCK A TREE,  FIELD GATE,  THEN STRUCK AN EMBANKMENT CAUSING VEHICLE TO BECOME AIRBORNE. VEHICLE CAME TO REST IN A DITCH."
1286138,3190030043,Missouri State Highway Patrol-Troop C,1568592000000,190546555,1,0,0,1,Personal Injury,ST. FRANCOIS,FARMINGTON,C,2,2,0,227,0.04,A ,E ,MO 32,PVT SWEET GUM DR,Daylight,Motor Vehicle in Transport,1,60,Mon     ,0,0,0,0,0,0,0,0,0,0,0,0,0,0,0,0,0,0,0,0,0,0,0,0,0,37.77883,-90.39309,0,09/16/2019,14:00:00,VEHICLE 1 SUFFERED A MECHANICAL ISSUE. DRIVER 1 LOST CONTROL OF VEHICLE 1 AND TRAVELED INTO THE PATH OF VEHICLE 2. THE FRONT OF VEHICLE 1 STRUCK THE FRONT OF VEHICLE 2.
1187552,3190024903,Missouri State Highway Patrol-Troop B,1568592000000,190546596,1,0,1,0,Personal Injury,MARION,NON-CITY OR UNINCORPORATED,B,1,1,0,3168,0.6,B ,N,CRD 410,MO 168,Daylight,Fixed Object,2,,Mon     ,0,0,0,0,0,0,0,0,0,0,0,0,0,0,0,0,0,0,0,0,0,0,0,0,0,39.74795,-91.39501,0,09/16/2019,14:30:00,VEHICLE 1 WAS  SOUTHBOUND AND ATTEMPTED TO AVOID A DEER IN THE ROADWAY. VEHICLE 1  RAN OFF THE LEFT SIDE OF THE ROADWAY AND  STRUCK A TREE.
853145,3190029674,Missouri State Highway Patrol-Troop A,1568592000000,190546605,0,1,0,0,Fatal,PETTIS,NON-CITY OR UNINCORPORATED,A,2,2,0,628,0.12,A ,N,CRD S MARSHALL AVE,CRD S HAVEN DR,Daylight,Overturn,1,,Mon     ,0,0,0,0,0,0,0,0,0,0,0,0,0,0,0,1,0,0,0,0,0,1,0,0,0,38.67784,-93.19579,1,09/16/2019,14:33:00,"F A T A L I T Y   C R A S H -  L A T E    D E A T H - TROOP A FATAL CRASH #47, FATALITY #53 - DRIVER WAS PRONOUNCED ON 09/19/19 AT 0800 BY DR. NOEL AT UNIVERSITY HOSPITAL - NEXT OF KIN NOTIFIED || CRASH OCCURRED AS VEHICLE 1 WAS TRAVELING NORTHBOUND, AVOIDED OVERTURNING, AND STRUCK VEHICLE 2 AS THEY WERE ATTEMPTING A LEFT TURN. ASSISTED BY PETTIS COUNTY SHERIFF'S OFFICE."
1312036,3190024704,Missouri State Highway Patrol-Troop C,1568592000000,190546740,1,0,1,0,Personal Injury,ST. CHARLES,ST PETERS,C,2,2,0,305,0.06,A ,E ,IS 70,ERM EAST IS 70 MILE 2248,Daylight,Motor Vehicle in Transport,1,63,Mon     ,0,0,0,0,0,0,1,0,0,0,0,0,0,0,0,1,0,0,0,0,1,0,0,1,0,38.79562,-90.57191,0,09/16/2019,15:30:00,VEHICLE #1 WAS TRAVELING EASTBOUND INTERSTATE 70 IN LANE 3.  VEHICLE #2 WAS TRAVELING EASTBOUND INTERSTATE 70 IN LANE 1.  DRIVER #1 MADE AN UNSAFE LANE CHANGE INTO LANE 1 AND STRUCK VEHICLE #2.  VEHICLE #1 TRAVELED OFF THE RIGHT SIDE OF THE ROAD AND STRUCK A DITCH.
1020363,3190024835,Missouri State Highway Patrol-Troop D,1568592000000,190546793,1,0,1,0,Personal Injury,HICKORY,NON-CITY OR UNINCORPORATED,D,2,2,Y,6864,1.3,B ,W ,CRD 64,CRD 104,Daylight,Motor Vehicle in Transport,1,60,Mon     ,0,0,0,0,1,0,0,0,0,0,0,0,0,0,0,1,0,0,0,0,1,0,0,1,0,37.99431,-93.28456,0,09/16/2019,16:10:00,ACCIDENT OCCURRED AS VEHICLE #2 CROSSED THE CENTER LINE AND STRUCK VEHICLE #1.
789333,3190025664,Missouri State Highway Patrol-Troop A,1568592000000,190546840,2,0,1,1,Personal Injury,HENRY,NON-CITY OR UNINCORPORATED,A,2,2,0,40,0.01,B ,S ,MO 13,CRD NE 1300,Daylight,Motor Vehicle in Transport,1,61,Mon     ,0,0,0,0,0,0,1,0,0,1,0,0,0,0,0,0,0,0,0,0,0,0,0,0,0,38.54714,-93.76111,0,09/16/2019,16:15:00,"CRASH OCCURRED AS VEHICLE 1 FAILED TO YIELD, OVERTOOK AND STRUCK THE REAR OF VEHICLE 2.  VEHICLE 2 TRAVELED OFF THE RIGHT SIDE OF THE ROADWAY AND STRUCK A FENCE.   VEHICLE 1 THEN OVERTURNED AND CAME TO REST ON ITS WHEELS.  ASSISTED BY GOLDEN VALLEY AMBULANCE, CLINTON FIRE, AND HENRY COUNTY SHERIFF'S OFFICE."
853146,3190024945,Missouri State Highway Patrol-Troop A,1568592000000,190546881,1,0,1,0,Personal Injury,PETTIS,NON-CITY OR UNINCORPORATED,A,2,2,0,45,0.01,B ,W ,US 50,RT MM,Daylight,Motor Vehicle in Transport,1,61,Mon     ,0,0,0,0,1,1,1,1,1,1,0,0,0,0,0,1,0,0,0,0,0,0,0,0,0,38.73477,-93.3111,0,09/16/2019,15:17:00,OCCURRED AS VEH1 OVERTOOK AND STRUCK VEH2 AT STOPLIGHT AND STRUCK VEH2 IN REAR. ASSISTED BY CPL A S CRAIG /477/
1508859,3190025413,Missouri State Highway Patrol-Troop H,1568592000000,190546905,1,0,1,0,Personal Injury,HOLT,NON-CITY OR UNINCORPORATED,H,2,2,0,37,0.01,B ,N,US 59,CRD 225,Daylight,Motor Vehicle in Transport,1,64,Mon     ,0,0,0,0,0,0,0,1,0,1,0,1,0,0,0,1,0,0,0,0,0,0,0,0,1,40.07933,-95.1355,0,09/16/2019,16:45:00,"CRASH OCCURRED AS VEHICLE 1 WAS EASTBOUND ON US159 AND VEHICLE 2 WAS NORTHBOUND ON US59. VEHICLE 1 FAILED TO YIELD TO VEHICLE 2 CAUSING VEHICLE 2 TO BEGIN TO SKID. THE FRONT DRIVER?S SIDE BUMPER OF VEHICLE 2 STRUCK THE PASSENGER?S SIDE OF VEHICLE 1. VEHICLE 1 CAME TO REST ON ITS WHEELS FACING EAST ON HOLT 225 AND VEHICLE 2 CAME TO REST ON ITS WHEELS FACING SOUTH ON HOLT 225. ASSISTED BY TPR. K.L. EBERSOLD (381), HOLT COUNTY SHERIFF?S DEPARTMENT, OREGON POLICE DEPARTMENT, AND ATCHISON-HOLT EMS."
803605,3190025235,Missouri State Highway Patrol-Troop A,1568592000000,190546976,2,0,1,1,Personal Injury,JOHNSON,NON-CITY OR UNINCORPORATED,A,2,2,0,258,0.05,A ,W ,MO 58,CRD NW 85,Daylight,Motor Vehicle in Transport,1,64,Mon     ,0,0,0,0,0,1,1,0,0,0,0,1,0,0,0,1,0,0,0,0,1,0,0,1,0,38.77587,-93.83892,0,09/16/2019,17:14:00,CRASH OCCURRED AS VEHICLE 1 WAS TRAVELING SOUTHBOUND AND VEHICLE 2 PULLED INTO THE PATH OF VEHICLE 1 FROM A PRIVATE DRIVE. VEHICLE 1 STRUCK THE DRIVERS SIDE OF VEHICLE 2. VEHICLE 2 CAME TO REST IN A DITCH. ASSISTED BY JOHNSON COUNTY SHERIFF'S OFFICE.
1225324,3190025958,Missouri State Highway Patrol-Troop C,1568592000000,190547165,1,0,1,0,Personal Injury,JEFFERSON,NON-CITY OR UNINCORPORATED,C,2,2,0,501,0.09,B ,N,WOR 55,PVT COMMERCE DR,Daylight,Fixed Object,2,,Mon     ,1,1,0,0,0,0,0,1,0,0,0,0,0,0,,1,1,0,0,0,0,0,0,0,1,38.40663,-90.38732,0,09/16/2019,18:52:00,"VEHICLE 1 WAS SOUTHBOUND ON WEST OUTER I-55. VEHICLE 2 WAS IN LANE 2 OF SOUTHBOUND I-55. VEHICLE 1 CROSSED THE CENTER LINE, TRAVELED OFF THE LEFT SIDE OF THE ROADWAY, AND STRUCK A FENCE, VEHICLE 1 THEN TRAVELED INTO LANE 2 OF SOUTHBOUND I-55 AND THE FRONT OF VEHICLE 1 STRUCK THE RIGHT SIDE OF VEHICLE 2."
783583,3190024876,Missouri State Highway Patrol-Troop A,1568592000000,190547304,1,0,1,0,Personal Injury,PLATTE,KANSAS CITY,A,2,2,0,322,0.06,B ,S ,IS 29,ERM SOUTH IS 29 MILE 94,Dark-Unlighted,Motor Vehicle in Transport,1,61,Mon     ,0,0,0,0,0,0,0,1,0,0,0,0,0,1,0,1,0,0,0,0,0,0,0,0,0,39.2609,-94.66047,0,09/16/2019,20:48:00,OCCURRED AS VEH2 MERGED AND STRUCK REAR OF VEH1. ASSISTED BY PLATTE COUNTY DEPUTIES
1312037,3190025833,Missouri State Highway Patrol-Troop C,1568592000000,190547335,1,0,1,0,Personal Injury,ST. CHARLES,ST PETERS,C,2,2,0,649,0.12,B ,E ,MO 364,RP 1034243,Daylight,Motor Vehicle in Transport,1,70,Mon     ,0,0,0,0,0,,,,,0,0,0,0,0,0,0,0,0,0,0,1,1,0,1,0,38.74667,-90.59577,0,09/16/2019,21:15:00,VEHICLE 1 WAS TRAVELING EASTBOUND ON MISSOURI 364 IN LANE 4 AND STRUCK A MATTRESS IN THE ROADWAY. DRIVER 1 WAS EJECTED FROM VEHICLE 1. ASSISTED BY ST. PETERS PD OFFICERS.
1336127,3190024676,Missouri State Highway Patrol-Troop G,1568592000000,190547443,2,0,2,0,Personal Injury,DOUGLAS,NON-CITY OR UNINCORPORATED,G,2,2,0,1341,0.25,B ,W ,MO 76,CRD 76-201,Dark-Unlighted,Motor Vehicle in Transport,1,61,Mon     ,0,0,0,0,0,0,0,0,0,0,0,0,0,0,0,1,0,0,1,0,1,0,0,0,1,36.99342,-92.64417,0,09/16/2019,23:00:00,ACCIDENT OCCURRED AS BOTH VEHICLES WERE WESTBOUND ON MO76.  VEHICLE #2 BECAME DISABLED IN THE ROADWAY.  VEHICLE #1 STRUCK REAR OF VEHICLE #2.  VEHICLE #2 TRAVELED OFF THE RIGHT SIDE OF THE ROADWAY AND OVERTURNED.                         ASSISTED BY AVA RURAL FIRE DEPARTMENT.
881549,3190024956,Missouri State Highway Patrol-Troop A,1568592000000,190547471,1,0,0,1,Personal Injury,JACKSON,KANSAS CITY,A,1,1,0,1795,0.34,A ,N,CRD PROSPECT AVENUE,CRD 155TH STREET,Dark-Unlighted,Fixed Object,2,,Mon     ,0,0,0,0,1,0,1,0,0,0,1,0,0,0,0,1,0,0,0,0,0,0,0,0,0,38.8501,-94.56466,0,09/16/2019,23:45:00,"CRASH OCCURRED AS VEHICLE 1 HAD ITS EMERGENCY EQUIPMENT ACTIVATED AND WAS IN PURSUIT OF ANOTHER VEHICLE. VEHICLE 1 TRAVELED OFF THE RIGHT SIDE OF THE ROADWAY AND STRUCK A TREE BEFORE COMING TO REST. ASSISTED BY TPR E. J. VILLANUEVA /690/, AND CPL J. E. THUSS /1206/"
1336128,3190025431,Missouri State Highway Patrol-Troop G,1568678400000,190547539,1,0,1,0,Personal Injury,DOUGLAS,NON-CITY OR UNINCORPORATED,G,1,1,0,200,0.04,A ,E ,MO 76,CRD 76-216,Dark-Unlighted,Animal,1,,Tue     ,0,0,0,0,0,0,0,0,0,0,0,0,0,0,0,1,0,0,0,0,0,0,0,0,0,36.95676,-92.51221,0,09/17/2019,03:30:00,ACCIDENT OCCURRED AS VEHICLE STRUCK A DEER IN ROADWAY AND TRAVELED OFF OF RIGHT SIDE OF ROADWAY.  VEHICLE OVERCORRECTED AND TRAVELED OFF OF LEFT SIDE OF ROADWAY.
1129273,3190024695,Missouri State Highway Patrol-Troop E,1568678400000,190547684,1,0,1,0,Personal Injury,CAPE GIRARDEAU,NON-CITY OR UNINCORPORATED,E,2,2,0,543,0.1,A ,W ,MO 34,RT U,Daylight,Motor Vehicle in Transport,2,61,Tue     ,0,0,0,0,0,0,0,0,0,0,0,0,0,0,0,1,0,0,0,0,0,0,0,0,0,37.35689,-89.84194,0,09/17/2019,07:32:00,CRASH OCCURRED AS VEHICLE 1 WAS STOPPED AND VEHICLE 2 STRUCK THE REAR OF VEHICLE 1.
1219763,3190024844,Missouri State Highway Patrol-Troop C,1568678400000,190547795,1,0,1,0,Personal Injury,FRANKLIN,NON-CITY OR UNINCORPORATED,C,1,1,0,364,0.07,B ,E ,RP 1039326,US 50 EJ,Daylight,Fixed Object,2,,Tue     ,0,0,0,0,0,1,1,0,0,0,0,0,0,0,0,0,0,0,0,0,0,0,0,0,0,38.4378,-90.91111,0,09/17/2019,08:15:00,"DRIVER 1 WAS TRAVELING ON THE EASTBOUND RAMP TO I-44. DRIVER 1'S VIEW WAS OBSTRUCTED BY GLARE FROM THE SUN CAUSING VEHICLE 1 TO TRAVEL OFF THE RIGHT SIDE OF THE ROADWAY, AND STRIKE THE GUARDRAIL."
995897,3190024533,Missouri State Highway Patrol-Troop D,1568678400000,190547860,1,0,0,1,Personal Injury,STONE,NON-CITY OR UNINCORPORATED,D,1,1,0,274,0.05,B ,S ,CRD HAPPY COVE LANE,CRD LUCKY COVE ROAD,Daylight,Overturn,1,,Tue     ,0,0,0,0,0,0,0,1,0,0,0,0,0,0,0,0,0,0,1,0,0,0,1,0,0,36.60404,-93.45995,0,09/17/2019,08:45:00,OCCURRED AS #1 LOST THE LEFT REAR WHEEL CASUING IT TO LOSE CONTROL AND OVERTURN.
1171260,3190025263,Missouri State Highway Patrol-Troop F,1568678400000,190547946,1,0,0,1,Personal Injury,MORGAN,NON-CITY OR UNINCORPORATED,F,1,1,0,2249,0.43,B ,N,RT W,BRIDGE P0338,Daylight,Fixed Object,2,,Tue     ,0,0,0,0,0,0,0,0,0,0,0,0,0,0,0,0,0,0,0,0,0,0,0,0,0,38.31789,-92.70255,0,09/17/2019,09:20:00,"OCCURRED AS VEHICLE 1 TRAVELED OFF THE RIGHT SIDE OF THE ROADWAY AND OVERCORRECTED.  VEHICLE 1 THEN TRAVELED OFF THE LEFT SIDE OF THE ROADWAY, STRUCK A UTILITY POLE AND OVERTURNED."
1210669,3190025095,Missouri State Highway Patrol-Troop C,1568678400000,190548120,1,0,0,1,Personal Injury,ST. LOUIS,BERKELEY,C,1,1,0,311,0.06,B ,E ,IS 70,ERM EAST IS 70 MILE 2396,Daylight,Fixed Object,2,,Tue     ,0,0,0,0,1,0,0,0,0,0,0,0,0,0,0,1,0,0,0,0,0,0,0,0,0,38.72338,-90.32361,0,09/17/2019,10:30:00,"VEHICLE 1 WAS EASTBOUND ON INTERSTATE 70 IN LANE 5.  DRIVER 1 LOST CONTROL, CAUSING VEHICLE 1 TO TRAVEL OFF THE RIGHT SIDE OF THE ROADWAY.  VEHICLE 1 THEN STRUCK THE CONCRETE BARRIER AND OVERTURNED."
1007138,3190024857,Missouri State Highway Patrol-Troop D,1568678400000,190548180,4,0,4,0,Personal Injury,WEBSTER,DIGGINS,D,2,2,0,0,0,AT,W ,US 60,RT A,Daylight,Motor Vehicle in Transport,1,64,Tue     ,0,0,0,0,0,0,0,1,1,0,0,1,0,0,0,1,0,0,0,0,1,0,0,1,0,37.17231,-92.86373,0,09/17/2019,10:55:00,"CRASH OCCURRED AS, VEHICLE #1 PULLED INTO THE PATH OF VEHICLE #2, WHILE TRYING TO CROSS THE ROADWAY. VEHICLE #1 WAS STRUCK BY VEHICLE #2 IN THE DRIVER'S SIDE."
1203835,3190024709,Missouri State Highway Patrol-Troop F,1568678400000,190548198,1,0,1,0,Personal Injury,COOPER,NON-CITY OR UNINCORPORATED,F,1,1,0,2043,0.39,B ,E ,RT N,CRD TWENTER WAY DR,Daylight,Overturn,2,,Tue     ,0,0,0,0,0,0,0,1,1,0,0,0,0,0,0,0,0,0,0,0,0,0,1,0,0,38.86424,-92.9821,0,09/17/2019,10:30:00,"CRASH OCCURRED AS DRIVER 1 ATTEMPTED TO CHECK LOAD WHILE DRIVING, VEHICLE 1 TRAVELED OFF THE RIGHT SIDE OF THE ROADWAY AND OVERTURNED. DRIVER 1 WAS EJECTED AND VEHICLE 1 LANDED ON DRIVER 1."
1300200,3190024962,Missouri State Highway Patrol-Troop C,1568678400000,190548360,1,0,1,0,Personal Injury,ST. CHARLES,WENTZVILLE,C,1,1,0,280,0.05,B ,E ,IS 70,ERM EAST IS 70 MILE 2088,Daylight,Fixed Object,2,,Tue     ,0,0,0,0,0,0,1,0,0,0,0,0,0,0,0,0,0,0,1,0,1,0,0,1,0,38.80989,-90.8674,0,09/17/2019,12:33:00,VEHICLE 1 SUFFERED AN EQUIPMENT MALFUNCTION. VEHICLE 1 TRAVELED OFF THE LEFT SIDE OF THE ROADWAY AND STRUCK A GUARDRAIL. ASSISTED BY TPR. R. R. DAVIS (582).
783580,3190025789,Missouri State Highway Patrol-Troop A,1568678400000,190548384,1,0,1,0,Personal Injury,PLATTE,KANSAS CITY,A,2,2,0,432,0.08,A ,N,IS 29,ERM NORTH IS 29 MILE 118,Daylight,Motor Vehicle in Transport,1,63,Tue     ,1,0,0,0,0,0,0,0,0,0,0,0,0,0,0,1,0,0,0,0,0,0,0,0,1,39.29139,-94.68242,0,09/17/2019,12:45:00,CRASH OCCURRED AS VEHICLE 1 CROSSED INTO THE PATH OF VEHICLE 2 CAUSING BOTH VEHICLES TO COLLIDE.  CPL J A GREEN /1190/
1197640,3190024995,Missouri State Highway Patrol-Troop F,1568678400000,190548425,1,0,1,0,Personal Injury,CAMDEN,NON-CITY OR UNINCORPORATED,F,1,1,0,252,0.05,B ,S ,MO 7,CRD KEYSTONE INDUSTRIAL PARK D,Daylight,Overturn,2,,Tue     ,0,0,0,0,0,0,0,1,0,0,0,0,0,0,0,0,0,0,0,0,1,0,0,1,0,37.98403,-92.70034,0,09/17/2019,13:03:00,"VEHICLE 1 TRAVELING NORTHBOUND ON HIGHWAY 7.  VEHICLE  A PULLED ONTO NORTHBOUND HIGHWAY 7 INTO THE PATH OF VEHICLE 1. THE  DRIVER OF VEHICLE 1 ATTEMPTED TO AVOID A  COLLISION  WITH VEHICLE A, SWERVED INTO THE SOUTHBOUND LANE, TRAVELED OFF THE LEFT SIDE OF THE ROADWAY, RETURNED TO THE ROADWAY, CROSSED OVER THE CENTER OF ROADWAY , TRAVELED OFF THE RIGHT SIDE  AND OVERTURNED.  ASSISTED BY SGT J.E. LOWARY ( 466 )"
859064,3190025523,Missouri State Highway Patrol-Troop A,1568678400000,190548433,1,0,0,1,Personal Injury,JACKSON,BLUE SPRINGS,A,1,1,0,3168,0.6,A ,E ,IS 70,CST ADAMS DAIRY PKWY,Daylight,Fixed Object,2,,Tue     ,1,0,0,0,0,0,0,1,0,0,0,0,0,0,0,1,0,0,0,0,0,0,0,0,0,39.02611,-94.23799,0,09/17/2019,13:05:00,CRASH OCCURRED AS VEH 1 RAN OFF RIGHT SIDE OF ROADWAY AND STRUCK A DITCH.  ASSISTED BY MSGT R S SMITH/691 AND TPR B W MONTGOMERY/1348
803610,3190025234,Missouri State Highway Patrol-Troop A,1568678400000,190548464,1,0,1,0,Personal Injury,JOHNSON,NON-CITY OR UNINCORPORATED,A,1,1,0,1763,0.33,B ,E ,US 50,CRD NW 250,Daylight,Fixed Object,2,,Tue     ,0,0,0,0,1,0,0,0,0,0,0,0,0,0,0,1,0,0,0,0,1,0,0,0,1,38.80612,-93.89117,0,09/17/2019,14:05:00,"CRASH OCCURRED AS VEHICLE 1 WAS TRAVELING EAST ON US 50 IN THE RIGHT LANE.  DRIVER 1 FAILED TO NEGOTIATE A CURVE AND TRAVELED OFF THE RIGHT SIDE OF THE ROADWAY,  STRUCK A DITCH AND TREES.  ASSISTED BY TPR W C GROSE/280."
803607,3190024936,Missouri State Highway Patrol-Troop A,1568678400000,190548633,1,0,1,0,Personal Injury,JOHNSON,NON-CITY OR UNINCORPORATED,A,2,2,0,1594,0.3,B ,E ,US 50,CRD NW 250,Daylight,Motor Vehicle in Transport,1,61,Tue     ,0,0,0,0,0,1,1,0,0,0,0,0,0,0,0,0,0,0,0,0,0,0,0,0,0,38.80589,-93.89064,0,09/17/2019,14:18:00,"CRASH OCCURRED AS VEHICLE 2 WAS TRAVELING EAST ON US 50 IN THE LEFT LANE, FOLLOWED BY VEHICLE 1.  VEHICLE 2 SLOWED FOR TRAFFIC CONGESTION AND WAS STUCK IN THE REAR BY VEHICLE 1."