objectid,accident,agency,inv_date,complaint,injured,killed,min_inj,dis_inj,severity,county,city,troop,no_vehicle,motor_veh,left_scene,dist_feet,dist_mile,inter_loc,direction,on_street,at_street,light_cond,acc_type,on_off_rd,two_veh,day_week,dr_drink,dr_drug,ped_drink,ped_drug,speed,dr_under21,dr_under25,dr_over55,dr_over64,electrical,emer_veh,stop_sign,yield_sign,czone,hazmat,aggressive,cell_phone,texting,veh_defect,school_bus,truck,motorcycle,atv,pickup,cmv,gps_lat,gps_long,severity_fatal,acc_date,acc_time,narrative
839843,3190024633,Missouri State Highway Patrol-Troop A,1568678400000,190548734,2,0,2,0,Personal Injury,LAFAYETTE,NON-CITY OR UNINCORPORATED,A,2,2,0,2502,0.47,B ,N,MO 13,CRD PAGE CITY RD,Daylight,Motor Vehicle in Transport,1,61,Tue     ,0,0,0,0,0,1,1,0,0,0,0,0,0,0,0,1,0,0,0,0,0,0,0,0,0,39.11827,-93.75996,0,09/17/2019,15:07:00,"CRASH OCCURRED AS VEH 2 SLOWED FOR TRAFFIC AND VEH 1 OVERTOOK AND STRUCK REAR OF VEH 2.  ASSISTED BY CPL T A BAXTER/297, TPR J L DILLON/215 AND LAFAYETTE COUNTY SHERIFF'S DEPARTMENT"
1225320,3190024869,Missouri State Highway Patrol-Troop C,1568678400000,190548785,1,0,1,0,Personal Injury,JEFFERSON,NON-CITY OR UNINCORPORATED,C,1,1,0,116,0.02,B ,W ,RT EE,CRD OLD MORSE MILL SPUR RD,Daylight,Fixed Object,2,,Tue     ,0,0,0,0,0,0,1,0,0,0,0,0,0,0,0,0,0,0,0,0,0,0,0,0,0,38.27783,-90.65216,0,09/17/2019,15:33:00,"VEHICLE 1 SWERVED TO AVOID A DEER IN THE ROADWAY.  VEHICLE 1 LEFT THE ROADWAY TO THE RIGHT, WENT DOWN A GULLY, STRUCK AN EMBANKMENT, BECAME AIRBORNE, STRUCK TWO TREES. AND OVERTURNED."
1036903,3190025238,Missouri State Highway Patrol-Troop I,1568678400000,190548905,1,0,1,0,Personal Injury,PHELPS,NON-CITY OR UNINCORPORATED,I,1,1,0,1061,0.2,A ,W ,CRD 3000,CRD LARSON LN,Daylight,Overturn,2,,Tue     ,0,0,0,0,0,0,0,0,0,0,0,0,0,0,0,1,0,0,0,0,0,1,0,0,0,37.94378,-91.72503,0,09/17/2019,16:30:00,CRASH OCCURRED AS VEHICLE 1 TRAVELED OFF OF THE RIGHT SIDE OF THE ROADWAY AND SLID INTO THE DITCH. ASSISTED BY CPL J.R. MCCURDY (750)
905375,3190024953,Missouri State Highway Patrol-Troop D,1568678400000,190548917,1,0,1,0,Personal Injury,CHRISTIAN,NON-CITY OR UNINCORPORATED,D,2,2,0,755,0.14,A ,W ,MO 14,CRD STARSHINE TRL,Daylight,Motor Vehicle in Transport,1,64,Tue     ,0,0,0,0,0,0,0,0,0,0,0,0,0,0,0,1,0,0,0,0,0,0,0,0,0,37.01444,-92.9744,0,09/17/2019,16:35:00,CRASH OCCURRED WHEN VEH 1 CROSSED CENTER OF ROAD AND COLLIDED WITH VEH 2. VEH 2 WENT OFF RIGHT SIDE OF ROAD AND OVERTURNED.
1023302,3190024896,Missouri State Highway Patrol-Troop D,1568678400000,190548928,1,0,1,0,Personal Injury,DALLAS,URBANA,D,2,2,0,21,0,B ,N,US 65,RT HH,Daylight,Motor Vehicle in Transport,1,61,Tue     ,0,0,0,0,0,0,0,0,0,0,0,0,0,0,0,1,0,0,0,0,1,0,0,0,1,37.83235,-93.16842,0,09/17/2019,16:40:00,NBR 1 WAS STOPPED IN THE ROADWAY TO MAKE A LEFT TURN AND WAS STRUCK IN THE REAR BY NBR 2.
968307,3190024598,Missouri State Highway Patrol-Troop D,1568678400000,190549006,1,0,1,0,Personal Injury,BARRY,NON-CITY OR UNINCORPORATED,D,1,1,0,2117,0.4,B ,E ,MO 90,CRD UU,Daylight,Fixed Object,2,,Tue     ,0,0,0,0,1,0,0,0,0,0,0,0,0,0,0,1,0,0,0,0,0,0,0,0,0,36.5895,-94.00212,0,09/17/2019,17:10:00,"NR1 LOST CONTROL ON A CURVE, RAN OFF THE ROADWAY, OVERTURNED AND STRUCK A FENCE"
794210,3190024938,Missouri State Highway Patrol-Troop A,1568678400000,190549039,1,0,1,0,Personal Injury,CASS,NON-CITY OR UNINCORPORATED,A,2,2,0,232,0.04,B ,N,RT Y,CRD E 191ST STREET,Daylight,Motor Vehicle in Transport,1,60,Tue     ,0,0,0,0,0,0,0,0,0,0,0,0,0,0,0,1,0,0,0,0,0,0,0,0,0,38.77765,-94.53256,0,09/17/2019,17:15:00,CRASH OCCURRED AS VEHICLE 1 CROSSED THE CENTER LINE AND STRUCK VEHICLE 2.  AFTER IMPACT BOTH VEHICLES TRAVELED OFF THE RIGHT SIDE OF THE ROADWAY AND CAME TO A REST.  ASSISTED BY CASS COUNTY DEPUTIES.
1225321,3190024872,Missouri State Highway Patrol-Troop C,1568678400000,190549041,1,0,1,0,Personal Injury,JEFFERSON,NON-CITY OR UNINCORPORATED,C,1,1,0,448,0.08,B ,N,RT NN,PVT OSWALD LANE,Daylight,Animal,1,,Tue     ,0,0,0,0,0,0,0,0,0,0,0,0,0,0,0,0,0,0,0,0,0,0,0,0,0,38.36564,-90.69753,0,09/17/2019,17:25:00,VEHICLE 1 STRUCK A DEER STANDING IN THE ROADWAY.
1192321,3190026224,Missouri State Highway Patrol-Troop B,1568678400000,190549073,1,0,1,0,Personal Injury,LEWIS,NON-CITY OR UNINCORPORATED,B,2,1,0,216,0.04,A ,S ,MO 81,CRD 429 ORANGE ST,Daylight,Animal Drawn Veh/Animal Ridden Trans,1,,Tue     ,0,0,0,0,0,1,1,0,0,0,0,0,0,0,0,0,0,0,0,0,1,0,0,1,1,40.17819,-91.57262,0,09/17/2019,17:45:00,VEHICLE 1 WAS NORTHBOUND WHEN THE HORSE PULLING IT GOT SPOOKED AND IT JUMPED INTO THE PATH OF SOUTHBOUND VEHICLE 2. VEHICLE 2 RAN OFF THE RIGHT SIDE OF THE ROADWAY AND STRUCK A CULVERT.
1167366,3190025048,Missouri State Highway Patrol-Troop F,1568678400000,190549127,1,0,0,1,Personal Injury,MILLER,NON-CITY OR UNINCORPORATED,F,1,1,0,1019,0.19,A ,S ,RT W,CRD FRAZIER OAKS RD SJ,Daylight,Overturn,2,,Tue     ,0,0,0,0,1,0,0,1,1,0,0,0,0,0,0,1,0,0,0,0,0,1,0,0,0,38.26615,-92.68271,0,09/17/2019,18:15:00,OCCURRED AS VEHICLE 1 TRAVELED OFF THE RIGHT SIDE OF THE ROADWAY AND OVERTURNED.
914419,3190025221,Missouri State Highway Patrol-Troop D,1568678400000,190549239,2,0,2,0,Personal Injury,JASPER,NON-CITY OR UNINCORPORATED,D,3,3,0,125,0.02,B ,W ,MO 66,CRD TRAVIS ACRES,Dark-Lighted,Motor Vehicle in Transport,1,61,Tue     ,0,0,0,0,0,1,1,1,0,1,0,0,0,0,0,0,1,0,0,0,1,0,0,1,0,37.08358,-94.4405,0,09/17/2019,19:40:00,VEHICLE 1 STRUCK THE REAR OF VEHICLE 2 AND VEHICLE 2 STRUCK THE REAR OF VEHICLE 3.
890620,3190024968,Missouri State Highway Patrol-Troop A,1568678400000,190549286,1,0,0,1,Personal Injury,RAY,WOOD HEIGHTS,A,2,2,0,47,0.01,B ,E ,MO 10,CST PISGAH DR,Dark-Unlighted,Motor Vehicle in Transport,1,62,Tue     ,0,0,0,0,0,0,0,1,0,0,0,0,0,0,0,0,0,0,0,0,0,0,0,0,0,39.33795,-94.17388,0,09/17/2019,20:05:00,"OCCURRED AS VEH1 CROSSED CENTER LINE AND STRUCK VEH2 ON DRIVER'S SIDE.VEH1 THEN STRUCK A DITCH AND OVERTURNED, EJECTING DRV1. ASSISTED BY TPR C M MCDONALD /892/ AND RAY COUNTY DEPUTIES"
789360,3190025781,Missouri State Highway Patrol-Troop A,1568678400000,190549379,1,0,1,0,Personal Injury,HENRY,NON-CITY OR UNINCORPORATED,A,1,1,0,216,0.04,B ,N,MO 7,CRD NE 91ST,Dark-Unlighted,Fixed Object,2,,Tue     ,1,0,0,0,0,0,0,0,0,0,0,0,0,0,0,0,0,0,0,0,0,0,0,0,0,38.36588,-93.73435,0,09/17/2019,21:38:00,"CRASH OCCURRED AS DRIVER 1 FAILED TO NEGOTIATE A LEFT TURN. VEHICLE 1 RAN OFF THE LEFT SIDE OF THE ROADWAY, STRUCK AN EMBANKMENT, A GUIDE WIRE, AND THEN A FENCE BEFORE COMING TO REST. ASSISTED BY HENRY COUNTY DEPUTIES."
1250043,3190025952,Missouri State Highway Patrol-Troop C,1568678400000,190549454,1,0,1,0,Personal Injury,STE. GENEVIEVE,NON-CITY OR UNINCORPORATED,C,1,1,0,591,0.11,B ,W ,MO 32,CRD FRIEDMAN ROAD,Dark-Lighted,Overturn,2,,Tue     ,1,0,0,0,0,0,0,0,0,0,0,0,0,0,0,1,0,0,0,0,1,0,0,1,0,37.93693,-90.13556,0,09/17/2019,23:30:00,DRIVER #1 FAILED TO NEGOTIATE A CURVE TO THE RIGHT. VEHICLE #1 TRAVELED OFF THE RIGHT SIDE OF THE ROADWAY AND OVERTURNED.
1225322,3190024948,Missouri State Highway Patrol-Troop C,1568678400000,190549455,1,0,1,0,Personal Injury,JEFFERSON,NON-CITY OR UNINCORPORATED,C,2,2,0,0,0,AT,W ,MO 30,CRD LITTLE BRENNAN RD,Dark-Lighted,Motor Vehicle in Transport,1,67,Tue     ,0,0,0,0,0,0,1,0,0,1,0,0,0,0,0,1,0,0,0,0,0,0,0,0,0,38.48536,-90.50255,0,09/17/2019,23:30:00,VEHICLE #1 WAS TRAVELING WESTBOUND ON ROUTE 30 IN LANE #1. DRIVER #1 FAILED TO STOP FOR A SOLID RED ELECTRIC TRAFFIC SIGNAL. VEHICLE #2 WAS TRAVELING SOUTHBOUND ON LITTLE BRENNAN ROAD. VEHICLE #2 WAS IN THE INTERSECTION OF LITTLE BRENNAN ROAD AND ROUTE 30 WHEN THE FRONT OF VEHICLE #1 STRUCK THE LEFT SIDE OF VEHICLE #2.
1167367,3190025774,Missouri State Highway Patrol-Troop F,1568764800000,190549462,1,0,1,0,Personal Injury,MILLER,NON-CITY OR UNINCORPORATED,F,1,1,0,1494,0.28,A ,S ,MO 87,BRIDGE A0957,Dark-Unlighted,Overturn,2,,Tue     ,0,0,0,0,1,0,0,0,0,0,0,0,0,0,0,1,0,0,0,0,0,1,0,0,0,38.42346,-92.54743,0,09/17/2019,21:40:00,"OCCURRED AS VEHICLE 1 FAILED TO NEGOTIATE A CURVE, TRAVELED OFF THE LEFT SIDE OF THE ROADWAY AND OVERTURNED. ASSISTED BY TPR M. R. LAWSON (831) AND TPR B. L. HARRIS (700)"
925284,3190025140,Missouri State Highway Patrol-Troop D,1568764800000,190549463,1,0,1,0,Personal Injury,MCDONALD,NON-CITY OR UNINCORPORATED,D,1,1,0,6336,1.2,B ,N,RT W,CRD THIEF HOLLOW RD,Dark-Unlighted,Fixed Object,2,,Tue     ,1,0,0,0,0,1,1,0,0,0,0,0,0,0,0,0,0,0,0,0,0,0,0,0,0,36.63207,-94.36078,0,09/17/2019,23:40:00,VEHICLE 1 RAN OFF THE ROADWAY ON A CURVE STRIKING SEVERAL ROAD SIGNS AND THEN OVERTURNED.
1330668,3190024759,Missouri State Highway Patrol-Troop G,1568764800000,190549548,1,0,0,1,Personal Injury,WRIGHT,NON-CITY OR UNINCORPORATED,G,1,1,0,343,0.06,B ,S ,RT F,CRD ANTIOCH RD,Dark-Unlighted,Fixed Object,2,,Wed     ,0,0,0,0,1,0,0,0,0,0,0,0,0,0,0,1,0,0,0,0,0,0,0,0,0,37.17123,-92.66159,0,09/18/2019,06:00:00,CRASH OCCURRED AS VEH 1 RAN OFF ROADWAY AND STRUCK AN EMBANKMENT AND OVERTURNED
914492,3190025147,Missouri State Highway Patrol-Troop D,1568764800000,190549674,1,0,1,0,Personal Injury,JASPER,NON-CITY OR UNINCORPORATED,D,4,4,0,667,0.13,B ,W ,IS 44,ERM WEST IS 44 MILE 162,Daylight,Motor Vehicle in Transport,1,61,Wed     ,0,0,0,0,1,1,1,1,0,0,0,0,0,1,0,1,0,0,0,0,1,0,0,1,1,37.08224,-94.35149,0,09/18/2019,07:45:00,"AS TRAFFIC SLOWED, VEHICLE 3 DROVE INTO THE REAR OF VEHICLE 2, WHICH CAUSED VEHICLE 2 TO PUSH FOWARD INTO THE REAR OF VEHICLE 1. VEHICLE 4 THEN DROVE INTO THE REAR OF VEHICLE 3."
1257100,3190024859,Missouri State Highway Patrol-Troop C,1568764800000,190550132,1,0,1,0,Personal Injury,JEFFERSON,FESTUS,C,2,2,0,0,0,AT,E ,CST WEST MAIN ST,CST COLLINS DR,Daylight,Motor Vehicle in Transport,1,60,Wed     ,0,0,0,0,0,0,0,0,0,0,0,0,0,0,0,1,0,0,0,0,1,0,0,1,0,38.21866,-90.41115,0,09/18/2019,11:15:00,VEHICLE 2 MADE A LEFT IN FRONT OF VEHICLE 1. VEHICLE 1 STRUCK VEHICLE 2.
1211985,3190027399,Missouri State Highway Patrol-Troop C,1568764800000,190550238,1,0,1,0,Personal Injury,WASHINGTON,NON-CITY OR UNINCORPORATED,C,1,1,0,528,0.1,B ,W ,MO 8,BRIDGE A4741,Daylight,Fixed Object,2,,Wed     ,0,0,0,0,0,1,1,0,0,0,0,0,0,0,0,0,0,0,0,0,1,0,0,1,0,37.94359,-90.80445,0,09/18/2019,12:00:00,"VEHICLE 1 RAN OFF THE RIDE SIDE OF THE ROADWAY, OVER CORRECTED, AND OVERTURNED."
839842,3190025438,Missouri State Highway Patrol-Troop A,1568764800000,190550279,1,0,1,0,Personal Injury,LAFAYETTE,NON-CITY OR UNINCORPORATED,A,2,2,0,522,0.1,B ,W ,RT TT,CRD CROUCH ROAD,Daylight,Motor Vehicle in Transport,1,61,Wed     ,0,0,0,0,0,0,0,1,1,0,0,0,0,0,0,1,0,0,0,0,0,0,0,0,0,38.97259,-94.01037,0,09/18/2019,12:25:00,CRASH OCCURRED AS VEH1 OVERTOOK AND STRUCK THE TOWED UNIT OF VEH2.  ASSISTED BY MSGT C E UTTERBACK /688/ AND CPL J C UTZ /850/
1115811,3190024800,Missouri State Highway Patrol-Troop E,1568764800000,190550291,1,0,1,0,Personal Injury,MISSISSIPPI,BERTRAND,E,2,2,0,870,0.16,B ,E ,US 62,CST CLIFFORD DR WJ,Daylight,Motor Vehicle in Transport,2,64,Wed     ,0,0,0,0,1,0,1,1,1,0,0,0,0,0,0,1,0,0,0,0,0,0,0,0,0,36.90622,-89.46112,0,09/18/2019,12:33:00,CRASH OCCURRED AS BOTH VEHICLES WERE HEADED EASTBOUND. VEHICLE 1 REAR ENDED VEHICLE 2. VEHICLE 2 OVERTURNED.
1336126,3190025430,Missouri State Highway Patrol-Troop G,1568764800000,190550337,1,0,1,0,Personal Injury,DOUGLAS,NON-CITY OR UNINCORPORATED,G,1,1,0,2640,0.5,B ,W ,MO 14,CRD 14-533,Daylight,Overturn,2,,Wed     ,0,0,0,0,0,0,0,1,0,0,0,0,0,0,0,1,0,0,0,0,1,0,0,1,0,37.01676,-92.76092,0,09/18/2019,13:00:00,"CRASH OCCURRED AS VEHICLE ONE TRAVELED OFF THE ROADWAY, OVERTURNED AND STRUCK A FENCE"
1502072,3190024745,Missouri State Highway Patrol-Troop H,1568764800000,190550347,1,0,1,0,Personal Injury,ANDREW,NON-CITY OR UNINCORPORATED,H,2,2,0,0,0,AT,S ,US 59,RP 5892,Daylight,Motor Vehicle in Transport,1,64,Wed     ,0,0,0,0,0,0,0,1,1,0,0,1,0,0,0,1,0,0,0,0,1,0,0,1,0,39.85724,-94.81117,0,09/18/2019,13:07:00,"CRASH OCCURRED AS VEHICLE 1 STOPPED AT A STOP SIGN AT THE INTERSECTION OF SOUTHBOUND BUSINESS 71 AND I-29. VEHICLE 1  PULLED INTO THE PATH OF VEHICLE 2 CAUSING THE FRONT OF VEHICLE 2 TO STRIKE THE DRIVERS SIDE OF VEHICLE 1. VEHICLE 1 CAME TO A CONTROLLED STOP ON THE RIGHT SHOULDER FACING SOUTH. VEHICLE 2 CAME TO REST IN THE PASSING LANE ON ITS WHEELS FACING SOUTH. ASSISTED BY CPL J.D. MAUDLIN (805), ANDREW COUNTY SHERIFF'S OFFICE AND ANDREW COUNTY FIRE DEPARTMENT."
1333344,3190025766,Missouri State Highway Patrol-Troop G,1568764800000,190550386,2,0,0,2,Personal Injury,CARTER,NON-CITY OR UNINCORPORATED,G,2,2,0,0,0,AT,W ,US 60,BU 60 EJ,Daylight,Motor Vehicle in Transport,1,64,Wed     ,0,0,0,0,0,0,0,1,0,0,0,1,0,0,0,1,0,0,0,0,1,0,0,1,1,37.01233,-90.99314,0,09/18/2019,13:20:00,CRASH OCCURRED AS VEH 2 FAILED TO YIELD PULLED INTO PATH OF VEH 1.  VEH 1 STRUCK VEH 2
1225218,3190025325,Missouri State Highway Patrol-Troop C,1568764800000,190550427,1,0,1,0,Personal Injury,JEFFERSON,NON-CITY OR UNINCORPORATED,C,2,2,Y,36,0.01,B ,S ,RP 6270,RT M,Daylight,Motor Vehicle in Transport,1,61,Wed     ,0,0,0,0,0,,,1,1,0,0,0,0,0,0,1,0,0,0,0,0,0,0,0,0,38.34849,-90.39641,0,09/18/2019,13:41:00,VEHICLE #1 WAS STOPPED FOR ONCOMING TRAFFIC.  VEHICLE #2 FAILED TO STOP AND STRUCK THE REAR OF VEHICLE #1.  VEHICLE #2 FLED THE SCENE.
1504790,3190024687,Missouri State Highway Patrol-Troop H,1568764800000,190550555,1,0,0,1,Personal Injury,DAVIESS,NON-CITY OR UNINCORPORATED,H,1,1,0,186,0.04,B ,S ,IS 35,ERM SOUTH IS 35 MILE 622,Daylight,Overturn,1,,Wed     ,0,0,0,0,0,0,0,0,0,0,0,0,0,0,0,1,0,0,0,0,0,1,0,0,0,39.86388,-94.17239,0,09/18/2019,14:40:00,CRASH OCCURRED AS VEHICLE 1 TRAVELED OFF THE RIGHT SIDE OF THE ROADWAY AND STRUCK AN EMBANKMENT. DRIVER 1 WAS EJECTED AND VEHICLE 1 CAME TO REST ON ITS SIDE FACING NORTHEAST. ASSISTED BY SGT. L.M. ALLEN (201) AND SGT. M.A. WILHOIT (1212).
867273,3190025791,Missouri State Highway Patrol-Troop A,1568764800000,190550689,1,0,1,0,Personal Injury,CLAY,KANSAS CITY,A,2,2,0,300,0.06,B ,N,IS 35,ERM NORTH IS 35 MILE 100,Daylight,Motor Vehicle in Transport,1,61,Wed     ,0,0,0,0,0,0,0,1,0,0,0,0,0,0,0,0,0,0,0,0,1,0,0,1,0,39.17782,-94.53012,0,09/18/2019,15:40:00,CRASH OCCURRED AS VEHICLE 1 STRUCK VEHICLE 2 IN THE REAR.  ASSISTED BY CPL J A GREEN /1190/ AND TPR B V COLE /1359/
1231722,3190025439,Missouri State Highway Patrol-Troop C,1568764800000,190550694,5,0,5,0,Personal Injury,LINCOLN,NON-CITY OR UNINCORPORATED,C,2,2,0,0,0,AT,N,MO 47,CRD THORNHILL CEMETERY RD,Daylight,Motor Vehicle in Transport,1,64,Wed     ,0,0,0,0,0,0,0,1,1,0,0,1,0,0,0,1,0,0,0,0,1,0,0,1,0,38.98903,-90.91691,0,09/18/2019,15:42:00,VEHICLE 2 WAS TRAVELING EASTBOUND ON HIGHWAY 47. VEHICLE 1 WAS SOUTHBOUND ON THORNHILL CEMETERY RD AND FAILED TO YIELD AND STRUCK VEHICLE 2. ASSISTED BY MSGT B W LONG (855)
961793,3190025412,Missouri State Highway Patrol-Troop D,1568764800000,190550966,1,0,1,0,Personal Injury,POLK,NON-CITY OR UNINCORPORATED,D,1,1,0,242,0.05,A ,N,MO 13,CO MO 13 S TO MO 215,Daylight,Other Object,2,,Wed     ,0,0,0,0,0,0,0,0,0,0,0,0,0,1,0,0,0,0,0,0,0,1,0,0,0,37.45997,-93.35452,0,09/18/2019,17:45:00,OCCURRED AS VEH1 RAN OFF ROADWAY AND OVERTURNED.
888215,3190026042,Missouri State Highway Patrol-Troop A,1568764800000,190551019,4,0,4,0,Personal Injury,RAY,NON-CITY OR UNINCORPORATED,A,2,2,0,15,0,B ,N,RT B,CRD E 224TH ST,Daylight,Motor Vehicle in Transport,1,64,Wed     ,0,0,0,0,1,0,0,0,0,0,0,0,0,0,0,1,0,0,0,0,0,0,0,0,0,39.4967,-93.9276,0,09/18/2019,18:10:00,CRASH OCCURRED AS VEHICLE 1 CRESTED HILL WHILE VEHICLE 2 WAS ATTEMPTING TO MAKE U-TURN. THE FRONT OF VEHICLE 1 STRUCK PASSENGER SIDE OF VEHICLE 2. ASSISTED BY RAY COUNTY DEPUTIES.
822207,3190025290,Missouri State Highway Patrol-Troop A,1568851200000,190551050,1,0,1,0,Personal Injury,BENTON,NON-CITY OR UNINCORPORATED,A,2,2,0,279,0.05,B ,E ,RT BB,CRD DURAN CREEK RD,Daylight,Motor Vehicle in Transport,1,61,Wed     ,0,0,0,0,0,0,0,1,0,0,0,0,0,0,0,1,0,0,0,0,0,0,1,0,0,38.30893,-93.26445,0,09/18/2019,18:30:00,CRASH OCCURRED AS VEHICLE 1 WAS PULLING OUT OF A  DRIVEWAY.  VEHICLE 2 STRUCK VEHICLE 1'S TOWED UNIT. ASSISTED BY BENTON COUNTY.
1225217,3190025571,Missouri State Highway Patrol-Troop C,1568764800000,190551073,0,1,0,0,Fatal,JEFFERSON,NON-CITY OR UNINCORPORATED,C,1,1,0,992,0.19,B ,N,RT F,PVT DUBLIN DR,Daylight,Fixed Object,2,,Wed     ,0,0,0,0,0,0,0,1,1,0,0,0,0,0,0,1,0,0,0,0,1,0,0,1,0,38.43546,-90.70476,1,09/18/2019,18:49:00,"LATE DEATH REPORT - VEHICLE 1 RAN OFF THE RIGHT SIDE OF THE ROADWAY, OVERCORRECTED THEN OVERTURNED. PRONOUNCED BY DR. THAMER FARTAWI AT MERCY HOSPITAL ST LOUIS ON 09-22-2019 AT 1821 HOURS."
1132213,3190024786,Missouri State Highway Patrol-Troop E,1568764800000,190551120,1,0,1,0,Personal Injury,BUTLER,NON-CITY OR UNINCORPORATED,E,2,2,0,21,0,B ,W ,RT M,CRD 454,Dark-Unlighted,Motor Vehicle in Transport,1,64,Wed     ,0,0,0,0,0,1,1,0,0,0,0,1,0,0,0,1,1,0,0,0,1,0,0,1,0,36.75212,-90.58252,0,09/18/2019,19:15:00,CRASH OCCURRED AS VEHICLE 1 PULLED INTO PATH OF VEHICLE 2
1132215,3190025050,Missouri State Highway Patrol-Troop E,1568764800000,190551169,2,0,2,0,Personal Injury,BUTLER,NON-CITY OR UNINCORPORATED,E,2,2,0,62,0.01,A ,W ,US 60,CRD 441,Daylight,Motor Vehicle in Transport,1,64,Wed     ,0,0,0,0,0,1,1,0,0,0,0,0,0,0,0,0,0,0,0,0,1,0,0,1,0,36.80748,-90.46469,0,09/18/2019,19:35:00,CRASH OCCURRED AS VEHICLE 2 STRUCK VEHICLE 1 IN DRIVING LANE.  VEHICLE 1 INVOLVED IN PREVIOUS CRASH CAUSING IT TO COME TO REST IN DRIVING LANE.
1111428,3190025090,Missouri State Highway Patrol-Troop E,1568764800000,190551237,2,0,1,1,Personal Injury,DUNKLIN,NON-CITY OR UNINCORPORATED,E,1,1,0,4752,0.9,A ,S ,CRD 535,CRD 541,Dark-Unlighted,Fixed Object,2,,Wed     ,0,0,0,0,1,1,1,0,0,0,0,0,0,0,0,1,0,0,0,0,0,0,0,0,0,36.22938,-90.12181,0,09/18/2019,21:00:00,VEH1 RAN OFF THE RIGHT SIDE OF THE ROADWAY AND STRUCK A DITCH.
1210883,3190025314,Missouri State Highway Patrol-Troop C,1568851200000,190551487,1,0,1,0,Personal Injury,ST. LOUIS,NON-CITY OR UNINCORPORATED,C,3,3,0,184,0.03,B ,N,IS 55,ERM NORTH IS 55 MILE 1942,Dark-Unlighted,Motor Vehicle in Transport,1,61,Thu     ,0,0,0,0,0,0,0,1,1,0,0,0,0,0,0,1,0,0,0,0,1,0,0,1,0,38.4719,-90.36667,0,09/19/2019,06:10:00,"VEHICLES 1, 2, AND 3 WERE NORTHBOUND WHEN VEHICLE 2 SLOWED FOR TRAFFIC CONGESTION. DRIVER 1 FAILED TO STOP IN TIME FOR VEHICLE 2 AND THE FRONT OF VEHICLE 1 STRUCK THE REAR OF VEHICLE 2. THE FRONT OF VEHICLE 2 THEN STRUCK THE REAR OF VEHICLE 3."
1184241,3190024828,Missouri State Highway Patrol-Troop F,1568851200000,190551562,1,0,1,0,Personal Injury,AUDRAIN,NON-CITY OR UNINCORPORATED,F,1,1,0,1415,0.27,B ,S ,RT JJ,CRD 821,Daylight,Overturn,2,,Thu     ,0,0,0,0,0,0,0,0,0,0,0,0,0,0,0,0,0,0,0,0,0,0,0,0,0,39.12363,-91.83492,0,09/19/2019,07:25:00,"CRASH OCCURRED AS VEHICLE 1 SWERVED TO AVOID A DEER, DROVE OFF THE LEFT SIDE OF THE ROADWAY, STRUCK A FENCE AND OVERTURNED."
1179679,3190025026,Missouri State Highway Patrol-Troop B,1568851200000,190551583,1,0,1,0,Personal Injury,MONROE,NON-CITY OR UNINCORPORATED,B,2,2,0,2328,0.44,A ,W ,RT M,MO 151 WJ,Daylight,Motor Vehicle in Transport,1,64,Thu     ,0,0,0,0,1,1,1,0,0,0,0,0,0,0,0,1,0,0,0,0,0,0,0,0,1,39.38911,-92.21891,0,09/19/2019,07:38:00,"VEHICLE 01 CROSSED THE CENTERLINE AND STRUCK THE TRAILER OF VEHICLE 02.  ASSISTED BY TPR MILLER #935, MADISON FIRE DEPARTMENT, MONROE COUNTY SHERIFF'S DEPARTMENT, AND MONROE COUNTY AMBULANCE."
1336129,3190024789,Missouri State Highway Patrol-Troop G,1568851200000,190551639,1,0,1,0,Personal Injury,DOUGLAS,NON-CITY OR UNINCORPORATED,G,1,1,0,300,0.06,A ,W ,MO 76,CRD 76-147,Daylight,Fixed Object,2,,Thu     ,0,0,0,0,0,0,0,1,1,0,0,0,0,0,0,1,0,0,1,0,0,0,0,0,0,36.9813,-92.31919,0,09/19/2019,08:00:00,"CRASH OCCURRED AS VEHICLE ONE CROSSED THE CENTERLINE, OVERCORRECTED RAN OFF THE ROADWAY STRIKING TREES BEFORE COMING TO REST"
1197639,3190025691,Missouri State Highway Patrol-Troop F,1568851200000,190551834,3,0,3,0,Personal Injury,CAMDEN,NON-CITY OR UNINCORPORATED,F,2,2,0,1879,0.36,B ,S ,RT Z,MO 7,Daylight,Motor Vehicle in Transport,1,62,Thu     ,0,0,0,0,0,0,0,1,1,0,0,0,0,0,0,0,0,0,0,0,1,0,0,1,0,38.11666,-92.99915,0,09/19/2019,09:25:00,CRASH OCCURRED AS VEHICLE 1 CROSSED THE CENTER LINE AND STRUCK VEHICLE 2. ASSISTED BY TPR. M. P. ACORD (170).
958176,3190027685,Missouri State Highway Patrol-Troop D,1568851200000,190551913,2,0,1,1,Personal Injury,TANEY,NON-CITY OR UNINCORPORATED,D,2,2,0,1115,0.21,A ,E ,CST SHEPHERD OF THE HILLS EXPWY,CST ROARK VALLEY RD,Daylight,Motor Vehicle in Transport,1,60,Thu     ,1,0,0,0,0,1,1,0,0,0,0,0,0,0,0,1,0,0,0,0,1,0,0,1,0,36.65392,-93.26323,0,09/19/2019,09:50:00,VEHICLE #1 CROSSED THE CENTER OF THE ROADWAY AND STRUCK VEHICLE #2.
1300202,3190026666,Missouri State Highway Patrol-Troop C,1568851200000,190551970,1,0,1,0,Personal Injury,ST. CHARLES,WENTZVILLE,C,2,2,0,0,0,AT,E ,RT A,PVT GM PLANT WEST,Daylight,Motor Vehicle in Transport,1,61,Thu     ,0,0,0,0,0,0,0,1,1,1,0,0,0,0,0,0,0,0,0,0,1,0,0,1,0,38.82325,-90.82098,0,09/19/2019,10:23:00,VEHICLE 1 WAS STOPPED AT THE INTERSECTION OF ROUTE A AT GENERAL MOTORS GATE 4. VEHICLE 2 WAS TRAVELING BEHIND VEHICLE 1 AND FAILED TO STOP. THE FRONT OF VEHICLE 2 STRUCK REAR OF VEHICLE 1. ASSISTED BY TPR. S. T. BRUENGER (505)