objectid,accident,agency,inv_date,complaint,injured,killed,min_inj,dis_inj,severity,county,city,troop,no_vehicle,motor_veh,left_scene,dist_feet,dist_mile,inter_loc,direction,on_street,at_street,light_cond,acc_type,on_off_rd,two_veh,day_week,dr_drink,dr_drug,ped_drink,ped_drug,speed,dr_under21,dr_under25,dr_over55,dr_over64,electrical,emer_veh,stop_sign,yield_sign,czone,hazmat,aggressive,cell_phone,texting,veh_defect,school_bus,truck,motorcycle,atv,pickup,cmv,gps_lat,gps_long,severity_fatal,acc_date,acc_time,narrative
1329892,3190025295,Missouri State Highway Patrol-Troop G,1568851200000,190552212,5,0,5,0,Personal Injury,HOWELL,WEST PLAINS,G,2,2,0,218,0.04,B ,S ,CST PREACHER ROE BLVD,US 160 SJ,Daylight,Motor Vehicle in Transport,1,61,Thu     ,0,0,0,0,0,0,0,1,1,0,0,0,0,0,0,1,0,0,0,0,0,0,0,0,0,36.70721,-91.87746,0,09/19/2019,12:14:00,CRASH OCCURRED AS VEHICLE TWO WAS ATTEMPTING TO MAKE A RIGHT TURN INTO PRIVATE PROPERTY WHEN IT WAS STRUCK IN THE REAR BY VEHICLE ONE
1111427,3190025399,Missouri State Highway Patrol-Troop E,1568851200000,190552320,2,0,0,2,Personal Injury,DUNKLIN,NON-CITY OR UNINCORPORATED,E,1,1,0,15,0,B ,N,US 601,US 412,Daylight,Fixed Object,2,,Thu     ,0,0,0,0,0,0,0,0,0,0,0,0,0,0,0,1,0,0,0,0,1,0,0,1,0,36.03889,-90.32905,0,09/19/2019,12:53:00,"CRASH OCCURRED AS VEHICLE 1 RAN OFF RIGHT SIDE OF ROADWAY, STRUCK 2 SIGNS AND OVERTURNED - DAMAGE TO CHEVRON AND BUCKLE UP SIGN"
1207587,3190024894,Missouri State Highway Patrol-Troop C,1568851200000,190552328,1,0,1,0,Personal Injury,FRANKLIN,PACIFIC,C,1,1,0,15,0,A ,S ,RT OO,CRD NORTHRIDGE DR,Daylight,Fixed Object,2,,Thu     ,0,0,0,0,1,0,0,1,1,0,0,0,0,0,0,1,0,0,0,0,0,0,0,0,0,38.49553,-90.7462,0,09/19/2019,12:59:00,"VEHICLE 1 TRAVELED OFF THE LEFT SIDE OF THE ROADWAY, STRIKING A STOP SIGN, ENS SIGN, SUBDIVISION SIGN AND A TREE."
941723,3190025460,Missouri State Highway Patrol-Troop D,1568851200000,190552333,1,0,1,0,Personal Injury,DALLAS,NON-CITY OR UNINCORPORATED,D,2,2,0,755,0.14,B ,S ,MO 73,BRIDGE G0911,Daylight,Motor Vehicle in Transport,1,64,Thu     ,0,0,0,0,0,0,0,1,1,0,0,0,0,0,0,1,0,0,0,0,1,0,0,0,1,37.85545,-93.02022,0,09/19/2019,12:51:00,VEH #2 PULLED INTO THE PATH OF VEH #1.  VEH #1 THEN STRUCK VEH #2.
1152685,3190025398,Missouri State Highway Patrol-Troop E,1568851200000,190552659,2,0,2,0,Personal Injury,MISSISSIPPI,WYATT,E,2,2,0,633,0.12,A ,E ,US 60,RT EE,Daylight,Motor Vehicle in Transport,2,60,Thu     ,0,0,0,0,0,0,0,1,1,0,0,0,0,0,0,1,0,0,0,0,1,0,0,1,0,36.92319,-89.20436,0,09/19/2019,15:25:00,"TRAFFIC CRASH OCCURRED AS VEHICLE 2 CROSSED CENTER LINE OF ROADWAY, STRIKING VEHICLE 1."
1189731,3190026243,Missouri State Highway Patrol-Troop B,1568851200000,190552671,1,0,1,0,Personal Injury,LINN,NON-CITY OR UNINCORPORATED,B,1,1,0,424,0.08,B ,S ,MO 11,CRD KASSIE RD,Daylight,Fixed Object,2,,Thu     ,0,0,0,0,0,1,1,0,0,0,0,0,0,0,0,0,0,0,0,0,0,0,0,0,0,39.90103,-92.97417,0,09/19/2019,15:25:00,"VEH1  TRAVELED OFF THE RIGHT SIDE OF ROADWAY AND OVERTURNED, STRIKING A UTILITY POLE. VEH 1 CAME TO REST ON IT'S SIDE."
990078,3190025040,Missouri State Highway Patrol-Troop D,1568851200000,190552764,3,0,3,0,Personal Injury,NEWTON,NON-CITY OR UNINCORPORATED,D,2,2,0,2238,0.42,A ,W ,CRD KENTUCKY,CST DESOTO LN,Daylight,Motor Vehicle in Transport,1,62,Thu     ,0,0,0,0,0,1,1,0,0,0,0,0,0,0,0,1,0,0,0,0,0,0,0,0,0,36.89608,-94.54361,0,09/19/2019,16:00:00,"OCCURRED AS VEHICLE 1 AND 2 MET AT A HILLCREST. VEHICLE 1 SIDESWIPED VEHICLE 2. AFTER IMPACT, VEHICLE 1 RAN OFF LEFT SIDE OF THE ROADWAY STRIKING A DITCH, FENCE AND TREE.   ASSISTED BY TPR M.W. COLEMAN #1320"
1211984,3190028406,Missouri State Highway Patrol-Troop C,1568851200000,190552923,2,0,0,2,Personal Injury,WASHINGTON,NON-CITY OR UNINCORPORATED,C,3,3,0,58,0.01,A ,N,MO 21,MO 104 SJ,Daylight,Motor Vehicle in Transport,1,64,Thu     ,0,0,0,0,0,0,0,1,1,0,0,0,0,0,0,1,0,0,0,0,1,0,0,1,0,38.07533,-90.69889,0,09/19/2019,17:15:00,"DRIVER 1 ATTEMPTED TO MAKE A LEFT TURN INTO A PRIVATE DRIVE, FAILING TO YIELD TO VEHICLE 2.  VEHICLE 2 STRUCK THE RIGHT SIDE OF VEHICLE 1 AND CAME TO REST ON TOP OF VEHICLE 1. VEHICLE 3 WAS STRUCK BY THE REAR OF VEHICLE 2."
910510,3190025131,Missouri State Highway Patrol-Troop D,1568851200000,190553074,1,0,1,0,Personal Injury,GREENE,NON-CITY OR UNINCORPORATED,D,2,2,0,0,0,AT,S ,CRD 135,CRD 164,Daylight,Motor Vehicle in Transport,1,64,Thu     ,0,0,0,0,0,0,0,0,0,0,0,1,0,0,0,1,0,0,0,0,0,0,0,0,0,37.15313,-93.34148,0,09/19/2019,18:30:00,ACCIDENT OCCURRED AS VEHICLE #2 FAILED TO STOP AT A STOP SIGN AND STRUCK VEHICLE #1.
968308,3190024910,Missouri State Highway Patrol-Troop D,1568851200000,190553171,4,0,4,0,Personal Injury,BARRY,NON-CITY OR UNINCORPORATED,D,2,2,0,236,0.04,B ,S ,MO 39,RT O,Dark-Unlighted,Motor Vehicle in Transport,2,60,Thu     ,0,0,0,0,0,0,0,1,0,0,0,0,0,0,0,0,0,0,0,0,0,0,0,0,0,36.78103,-93.68624,0,09/19/2019,19:40:00,"ACCIDENT OCCURRED AS VEHICLE 1 SWERVED OFF THE ROADWAY TO AVOID ANOTHER VEHICLE. VEHICLE 1 RETURNED TO ROADWAY, SKIDDED ACROSS CENTER LINE, AND STRUCK VEHICLE 2 HEAD ON."
877671,3190025677,Missouri State Highway Patrol-Troop A,1568851200000,190553297,1,0,1,0,Personal Injury,JOHNSON,WARRENSBURG,A,2,2,0,0,0,AT,W ,CST BROAD ST,CST MAGUIRE ST,Dark-Lighted,Motor Vehicle in Transport,1,64,Thu     ,0,0,0,0,0,1,1,0,0,0,0,1,0,0,0,1,0,0,0,0,0,1,0,0,0,38.76067,-93.73592,0,09/19/2019,21:19:00,OCCURRED AS VEH1 STRUCK VEH2 ON REAR.
1192320,3190025993,Missouri State Highway Patrol-Troop B,1568851200000,190553440,0,0,0,0,Property Damage,LEWIS,NON-CITY OR UNINCORPORATED,B,1,1,0,2191,0.41,B ,E ,MO 6,CRD 288 300TH ST,Dark-Unlighted,Fixed Object,2,,Thu     ,1,0,0,0,0,0,0,0,0,0,0,0,0,0,0,0,0,0,0,0,0,0,0,0,0,39.96531,-91.64978,0,09/19/2019,23:10:00,"VEHICLE 01 TRAVELED OFF THE RIGHT SIDE OF THE ROADWAY, BECAME AIRBORNE, STRUCK A FENCE AND CAME TO REST OFF THE ROADWAY."
1120123,3190026207,Missouri State Highway Patrol-Troop E,1568937600000,190553540,0,1,0,0,Fatal,IRON,IRONTON,E,2,2,0,31,0.01,A ,N,MO 21,CST MADISON ST,Dark-Lighted,Motor Vehicle in Transport,1,60,Fri     ,0,0,0,0,0,0,1,0,0,0,0,0,0,0,0,1,0,0,0,0,1,0,0,1,0,37.60112,-90.62463,1,09/20/2019,02:20:00,***FATALITY CRASH**NEXT OF KIN NOTIFIED****CRASH OCCURRED AS VEHICLE 2 CROSSED THE CENTERLINE AND STRUCK VEHICLE 1 HEAD-ON.  SUBJECT PRONOUNCED AT THE SCENE AT 0250 BY IRON COUNTY CORONER TIM HARBISON.  TROOP E FATALITY #36 FOR 2019.
853149,3190025110,Missouri State Highway Patrol-Troop A,1568937600000,190553590,1,0,1,0,Personal Injury,PETTIS,NON-CITY OR UNINCORPORATED,A,1,1,0,828,0.16,A ,S ,US 65,MO 765 NJ,Dark-Unlighted,Fixed Object,2,,Fri     ,0,0,0,0,0,0,1,0,0,0,0,0,0,0,0,0,0,0,0,0,0,0,0,0,0,38.7282,-93.22866,0,09/20/2019,06:15:00,CRASH OCCURRED AS VEHICLE WAS TRAVELING SOUTHBOUND ON US65. DRIVER STEERED RIGHT TO AVOID AN ANIMAL IN THE ROAD CAUSING VEHICLE TO TRAVEL OFF THE RIGHT SIDE OF THE ROAD.
1145366,3190025192,Missouri State Highway Patrol-Troop E,1568937600000,190553610,0,1,0,0,Fatal,NEW MADRID,NON-CITY OR UNINCORPORATED,E,1,1,0,195,0.04,B ,E ,CRD 250,MO 153,Dark-Unlighted,Fixed Object,2,,Fri     ,0,1,0,0,1,0,0,0,0,0,0,0,0,0,0,1,0,0,0,0,1,0,0,1,0,36.49546,-89.91547,1,09/20/2019,03:10:00,"FATALITY CRASH - CRASH OCCURRED AS VEHICLE 1 TRAVELED OFF THE LEFT SIDE OF THE ROADWAY, STRUCK AN EMBANKMENT, OVERTURNED, EJECTING THE DRIVER. HICKS PRONOUNCED AT THE SCENE BY NEW MADRID COUNTY CORONER, GEORGE DELISLE, AT 0741 HRS.  NEXT OF KIN NOTIFIED.  TROOP E FATALITY # 37 FOR 2019."
867353,3190025521,Missouri State Highway Patrol-Troop A,1568937600000,190553948,1,0,1,0,Personal Injury,CLAY,KANSAS CITY,A,2,2,0,58,0.01,A ,N,RP 5400,MO 1,Daylight,Motor Vehicle in Transport,1,64,Fri     ,0,0,0,0,0,0,0,1,0,1,0,0,1,0,0,1,0,0,0,0,1,0,0,0,1,39.17249,-94.54876,0,09/20/2019,09:22:00,"CRASH OCCURRED AS VEHICLE1 FAILED TO YIELD, STRIKING THE RIGHT FRONT OF VEHICLE2.  ASSISTED BY CPL. J.D. HALL/1334/"
1510207,3190025005,Missouri State Highway Patrol-Troop H,1568937600000,190554010,1,0,1,0,Personal Injury,GRUNDY,NON-CITY OR UNINCORPORATED,H,2,2,Y,5280,1,B ,W ,MO 6,CRD NE 25TH ST,Daylight,Motor Vehicle in Transport,1,61,Fri     ,0,0,0,0,0,1,1,,,0,0,0,0,0,0,1,0,0,0,0,0,0,0,0,0,40.12228,-93.4192,0,09/20/2019,09:55:00,"ACCIDENT OCCURRED AS NR1 WAS WESTBOUND ON MO6.  NR1 WAS REPORTEDLY STRUCK BY ANOTHER VEHICLE IN THE REAR.  NR1 TRAVELED OF THE NORTH SIDE OF THE ROADWAY, RETURN TO BACK TO THE ROADWAY, CROSSED THE CENTER LINE, STARTED TO SKID, CROSSED THE CENTER LINE AGAIN, TRAVELED OFF THE NORTH SIDE OF THE ROADWAY, COMING TO REST FACING SOUTHWEST IN THE DTICH ON ITS WHEELS.  NR2 REPORTEDLY LEFT THE SCENE WESTBOUND ON MO6.  ASSISTED BY GALT FIRE DEPARTMENT."
1336310,3190025731,Missouri State Highway Patrol-Troop G,1568937600000,190554194,1,0,0,1,Personal Injury,HOWELL,NON-CITY OR UNINCORPORATED,G,1,1,0,2032,0.38,A ,N,MO 17,RT N,Daylight,Fixed Object,2,,Fri     ,0,0,0,0,0,0,0,1,1,0,0,0,0,0,0,0,0,0,0,0,1,0,0,1,0,36.86713,-91.78554,0,09/20/2019,11:14:00,"CRASH OCCURRED AS VEH 1 RAN OFF ROADWAY AND STRUCK A UTILITY POLE, AND OVERTURNED"
1336311,3190025190,Missouri State Highway Patrol-Troop G,1568937600000,190554210,1,0,1,0,Personal Injury,HOWELL,NON-CITY OR UNINCORPORATED,G,2,2,0,0,0,AT,E ,US 160,RT E,Daylight,Motor Vehicle in Transport,1,64,Fri     ,0,0,0,0,0,0,0,1,1,0,0,0,0,0,0,1,0,0,0,0,0,0,0,0,0,36.62757,-91.96257,0,09/20/2019,11:27:00,"OCCURRED AS VEHICLE #1 TURNED INTO THE PATH OF VEHICLE #2. ASSISTED BY MSGT, R,T. REES (542) AND HOWELL RURAL FIRE DEPT."
914489,3190026066,Missouri State Highway Patrol-Troop D,1568937600000,190554248,1,0,1,0,Personal Injury,JASPER,NON-CITY OR UNINCORPORATED,D,2,2,0,4752,0.9,A ,W ,CRD PEMBROOK RD,CST 160,Daylight,Motor Vehicle in Transport,1,60,Fri     ,0,0,0,0,0,0,0,1,1,0,0,0,0,0,0,1,0,0,0,0,1,0,0,0,1,37.27777,-94.36272,0,09/20/2019,11:45:00,CRASH OCCURRED AS VEH 1 CROSSED THE CENTER OF ROAD AND STRUCK VEH 2 HEAD ON.
1194637,3190025983,Missouri State Highway Patrol-Troop F,1568937600000,190554432,2,0,2,0,Personal Injury,CALLAWAY,NON-CITY OR UNINCORPORATED,F,2,2,0,1510,0.29,A ,E ,RT F,BRIDGE A7277,Daylight,Motor Vehicle in Transport,1,60,Fri     ,0,0,0,0,0,1,1,1,0,0,0,0,0,0,0,0,0,0,1,0,0,0,0,0,0,38.88011,-92.08679,0,09/20/2019,13:15:00,CRASH OCCURRED WHEN THE RIGHT REAR TIRE OF VEHICLE 2 DEFLATED CAUSING DRIVER 2 TO LOSE CONTROL.  VEHICLE 2 CROSSED THE CENTERLINE AND STRUCK VEHICLE 1. ASSISTED BY SGT. J. L. ARNOLD (351) AND TPR. R. A. RIZO (307)
1181812,3190025127,Missouri State Highway Patrol-Troop F,1568937600000,190554458,1,0,1,0,Personal Injury,OSAGE,NON-CITY OR UNINCORPORATED,F,1,1,0,2640,0.5,A ,E ,MO 100,PVT BRANDT RD,Daylight,Fixed Object,2,,Fri     ,0,0,0,0,0,0,0,1,0,0,0,0,0,0,0,0,0,0,0,0,0,0,0,0,0,38.54344,-91.84579,0,09/20/2019,13:25:00,VEHICLE 1 WENT OFF RIGHT SIDE OF ROADWAY AND STRUCK A CULVERT
801249,3190025174,Missouri State Highway Patrol-Troop A,1568937600000,190554621,1,0,1,0,Personal Injury,JACKSON,LEES SUMMIT,A,1,1,0,285,0.05,A ,E ,RP 6112,US 50,Daylight,Overturn,1,,Fri     ,0,0,0,0,1,0,0,1,1,0,0,0,0,0,0,1,0,0,0,0,0,1,0,0,0,38.93132,-94.40529,0,09/20/2019,14:30:00,CRASH OCCURRED VEH 1 WAS WESTBOUND ON US 50 EXITING ONTO EASTBOUND I 470.  DVR 1 LOST CONTROL OF VEH 1. VEH 1 RAN OFF THE LEFT SIDE OF THE ROADWAY EJECTING DVR 1.  ASSISTED BY TPR W J LUZENKO /1340/ AND CPL C S KUTZNER /462/.
1225243,3190026239,Missouri State Highway Patrol-Troop C,1568937600000,190554794,1,0,0,1,Personal Injury,JEFFERSON,NON-CITY OR UNINCORPORATED,C,1,1,0,839,0.16,B ,N,US 67,CRD MEYER RD,Daylight,Fixed Object,2,,Fri     ,0,0,0,0,1,0,0,0,0,0,0,0,0,0,0,1,0,0,0,0,1,0,0,1,0,38.17181,-90.44704,0,09/20/2019,15:50:00,VEHICLE 1 TRAVELED OFF THE LEFT SIDE OF THE ROADWAY AND OVERTURNED.
1509447,3190025365,Missouri State Highway Patrol-Troop H,1568937600000,190554903,1,0,0,1,Personal Injury,NODAWAY,NON-CITY OR UNINCORPORATED,H,1,1,0,33,0.01,B ,N,RT EE,CRD 230TH STREET,Daylight,Fixed Object,2,,Fri     ,0,0,0,0,1,0,0,1,0,0,0,0,0,0,0,1,0,0,0,0,0,1,0,0,0,40.38756,-94.79198,0,09/20/2019,16:18:00,CRASH OCCURRED AS VEH#1 WAS NORTHBOUND ON RTE EE.  DVR#1 FAILED TO NEGOTIATE A CURVE AND TRAVELED OFF THE RIGHT SIDE OF THE ROAD.  DVR#1 LOST CONTROL OF VEH#1 AND WENT ACROSS 230TH STREET AND STRUCK A BARBED WIRE FENCE.  VEH#1 OVERTURNED AND EJECTED DVR#1.  VEH#1 CAME TO REST ON ITS WHEELS FACING NORTH.  ASSISTED BY NODAWAY COUNTY SHERIFF'S DEPARTMENT.
1123613,3190025086,Missouri State Highway Patrol-Troop E,1568937600000,190554922,2,0,2,0,Personal Injury,MADISON,NON-CITY OR UNINCORPORATED,E,2,2,0,823,0.16,B ,N,US 67,RP 282870,Daylight,Fixed Object,2,,Fri     ,0,0,0,0,1,0,0,0,0,0,0,0,0,0,0,1,0,0,0,0,0,0,0,0,0,37.52288,-90.31376,0,09/20/2019,15:28:00,TRAFFIC CRASH OCCURRED AS VEHICLE 1 LOST CONTROL AND STRUCK THE REAR OF STOPPED VEHICLE 2.  VEHICLE 1 STRUCK MEDIAN BARRIER CABLE. DAMAGE TO 130 FEET OF CABLE AND 10 POSTS.
1286276,3190028328,Missouri State Highway Patrol-Troop C,1568937600000,190554931,4,0,4,0,Personal Injury,ST. FRANCOIS,NON-CITY OR UNINCORPORATED,C,3,3,0,10,0,B ,E ,MO 32,PVT PINE RIDGE TRAIL,Daylight,Motor Vehicle in Transport,1,61,Fri     ,0,0,0,0,0,1,1,0,0,0,0,0,0,0,0,0,0,0,0,0,0,0,0,0,0,37.82352,-90.56119,0,09/20/2019,16:40:00,"DRIVER 3 WAS INATTENTIVE AND FAILED TO NOTICE VEHICLE 2 WAS STOPPED TO MAKE A LEFT TURN ONTO PINE RIDGE TRAIL. THE FRONT OF VEHICLE 3 STRUCK THE REAR OF VEHICLE 2, CAUSING VEHICLE 2 TO ROTATE AND STRIKE VEHICLE 1. VEHICLE 1 THEN TRAVELED OFF THE RIGHT SIDE OF THE ROADWAY."
1336936,3190025135,Missouri State Highway Patrol-Troop G,1568937600000,190554978,1,0,1,0,Personal Injury,HOWELL,NON-CITY OR UNINCORPORATED,G,3,3,0,527,0.1,B ,W ,US 160,CRD 2690,Daylight,Motor Vehicle in Transport,1,61,Fri     ,0,0,0,0,1,0,0,1,0,0,0,0,0,0,0,1,0,0,0,0,1,0,0,1,0,36.74137,-91.82569,0,09/20/2019,17:04:00,"OCCURRED AS VEHICLE ONE AND VEHICLE TWO WERE STOPPED IN THE ROADWAY, AND VEHICLE THREE STRUCK VEHICLE TWO, CAUSING VEHICLE TWO TO HIT VEHICLE ONE."
801250,3190025867,Missouri State Highway Patrol-Troop A,1568937600000,190555031,1,0,1,0,Personal Injury,JACKSON,LEES SUMMIT,A,3,3,0,237,0.04,A ,E ,IS 470,ERM EAST IS 470 MILE 84,Daylight,Motor Vehicle in Transport,1,61,Fri     ,0,0,0,0,0,0,1,0,0,0,0,0,0,0,0,1,0,0,0,0,1,0,0,1,0,38.94033,-94.39225,0,09/20/2019,17:20:00,CRASH OCCURRED AS VEHICLE 2 AND VEHICLE 3 WERE STOPPED IN TRAFFIC AND VEHICLE 1 STRUCK VEHICLE 2 IN THE REAR. VEHICLE 2 WAS PUSHED INTO VEHICLE 3. ASSISTED BY LEE'S SUMMIT FIRE.
1320174,3190025154,Missouri State Highway Patrol-Troop G,1568937600000,190555141,1,0,1,0,Personal Injury,TEXAS,NON-CITY OR UNINCORPORATED,G,2,2,0,1610,0.3,A ,E ,RT CC,US 63 EJ,Daylight,Motor Vehicle in Transport,1,64,Fri     ,0,0,0,0,0,0,0,0,0,0,0,0,0,0,0,0,0,0,0,0,0,0,0,0,0,37.58491,-91.85769,0,09/20/2019,18:05:00,OCCURRED AS VEHICLE ONE CROSSED THE CENTER OF THE ROADWAY AND STRUCK VEHICLE TWO.
1121144,3190025186,Missouri State Highway Patrol-Troop E,1568937600000,190555169,1,0,1,0,Personal Injury,IRON,NON-CITY OR UNINCORPORATED,E,1,1,0,4752,0.9,A ,N,MO 49,CRD 68,Daylight,Fixed Object,2,,Fri     ,0,0,0,0,1,0,1,0,0,0,0,0,0,0,0,1,0,0,0,0,0,0,0,0,0,37.69056,-91.12459,0,09/20/2019,18:20:00,CRASH OCCURRED AS VEHICLE 1 RAN OFF LEFT SIDE OF ROADWAY AND STRUCK A TREE
1196378,3190036993,Missouri State Highway Patrol-Troop F,1568937600000,190555208,3,0,1,2,Personal Injury,HOWARD,NON-CITY OR UNINCORPORATED,F,1,1,0,1663,0.31,A ,S ,RT DD,MO 5,Daylight,Fixed Object,2,,Fri     ,1,0,0,0,0,0,0,0,0,0,0,0,0,0,0,0,0,0,0,0,1,0,0,1,0,39.1313,-92.68954,0,09/20/2019,18:35:00,"CRASH OCCURRED AS VEHICLE 1 TRAVELED OFF THE RIGHT SIDE OF THE ROAD, OVERCORRECTED, TRAVELED OFF THE LEFT SIDE OF THE ROAD, AND STRUCK A GROUP OF TREES. ASSISTED BY TPR K.S. LINNEMAN (404) AND TPR B.A. DETTENWANGER (1323)"
1189730,3190026533,Missouri State Highway Patrol-Troop B,1568937600000,190555388,1,0,1,0,Personal Injury,LINN,NON-CITY OR UNINCORPORATED,B,1,1,0,1584,0.3,A ,S ,RT M,CRD HALLEY RD,Dark-Unlighted,Animal,1,,Fri     ,0,0,0,0,0,0,0,0,0,0,0,0,0,0,0,0,0,0,0,0,0,1,0,0,0,39.82177,-93.07764,0,09/20/2019,20:05:00,"VEHICLE 1 STRUCK A DEER IN THE ROADWAY, OVERTURNED, EJECTED THE DRIVER, AND SLID OFF THE RIGHT SIDE OF THE ROAD,"
1509448,3190025544,Missouri State Highway Patrol-Troop H,1568937600000,190555654,2,0,1,1,Personal Injury,NODAWAY,NON-CITY OR UNINCORPORATED,H,1,1,0,1262,0.24,B ,E ,MO 246,CRD LEOPARD ROAD,Dark-Unlighted,Fixed Object,2,,Fri     ,1,0,0,0,1,1,1,0,0,0,0,0,0,0,0,1,0,0,0,0,0,0,0,0,0,40.54635,-94.77814,0,09/20/2019,22:38:00,CRASH OCCURRED AS VEHICLE 1 WAS EASTBOUND. DRIVER 1 TRAVELED OFF THE RIGHT SIDE OF THE ROADWAY AND STRUCK A FIELD ENTRANCE WENT AIRBORNE AND OVERTURNED. VEHICLE 1 CAME TO REST ON ITS WHEELS FACING SOUTH. ASSISTED BY SGT. T.B. ZIEGLER (1268) AND NODAWAY COUNTY SHERIFF'S OFFICE.
1189729,3190026948,Missouri State Highway Patrol-Troop B,1568937600000,190555705,0,1,0,0,Fatal,LINN,NON-CITY OR UNINCORPORATED,B,1,1,0,1013,0.19,A ,E ,US 36,CRD BEAR DR,Dark-Unlighted,Fixed Object,2,,Fri     ,0,0,0,0,0,0,0,1,0,0,0,0,0,0,0,0,0,0,0,0,0,0,0,0,1,39.77755,-93.30612,1,09/20/2019,23:15:00,"FATALITY CRASH - NEXT OF KIN NOTIFIED - VEHICLE 1 TRAVELED OFF THE RIGHT SIDE OF THE ROADWAY, STRUCK A DITCH, AND OVERTURNED.  DRIVER WAS PRONOUNCED DECEASED AT PERSHING MEMORIAL HOSPITAL EMERGENCY ROOM 09-21-19 AT 0027 BY DR. HARMSTON. ASSISTED BY MSGT. GRIFFIN #429, CVO CULLIFER #W042, LINN COUNTY SHERIFF'S OFFICE, MEADVILLE FIRE DEPARTMENT, MEADVILLE FIRST RESPONDERS, AND BROOKFIELD FIRE DEPARTMENT."
1023736,3190025531,Missouri State Highway Patrol-Troop D,1568937600000,190555757,1,0,0,1,Personal Injury,TANEY,HOLLISTER,D,1,1,0,116,0.02,A ,N,RT BB,CST CHAD LN,Dark-Lighted,Fixed Object,2,,Fri     ,0,0,0,0,0,0,0,0,0,0,0,0,0,0,0,1,0,0,0,0,0,0,0,0,0,36.62462,-93.21363,0,09/20/2019,23:44:00,"VEHICLE 1 RAN OFF THE ROADWAY, STRUCK A ROCK BLUFF AND OVERTURNED."
958167,3190025532,Missouri State Highway Patrol-Troop D,1569024000000,190555820,1,0,1,0,Personal Injury,TANEY,NON-CITY OR UNINCORPORATED,D,1,1,0,2407,0.46,A ,E ,US 160,RT O,Dark-Unlighted,Fixed Object,2,,Sat     ,1,0,0,0,0,0,1,0,0,0,0,0,0,0,0,1,0,0,0,0,0,0,0,0,0,36.68231,-93.04224,0,09/21/2019,00:30:00,"#1 RAN OFF THE RIGHT SIDE OF THE RO9ADWAY, STRUCK A TREE, TURNED OVER AND CAME TO REST ON ITS WHEELS"
883605,3190025056,Missouri State Highway Patrol-Troop A,1569024000000,190555841,1,0,0,1,Personal Injury,BATES,NON-CITY OR UNINCORPORATED,A,1,1,0,1584,0.3,A ,S ,RT WW,CRD SW 10508 RD,Dark-Unlighted,Fixed Object,2,,Sat     ,0,0,0,0,1,0,0,0,0,0,0,0,0,0,0,1,0,0,0,0,1,0,0,1,0,38.06684,-94.46248,0,09/21/2019,00:50:00,"CRASH OCCURRED AS VEHICLE 1 FAILED TO YIELD TO LAW ENFORCEMENT AND PURSUIT ENSUED. VEHICLE 1 STARTED SLIDING ON THE ROADWAY, TRAVELED OFF THE LEFT SIDE OF THE ROADWAY, IMPACTED WITH A DITCH, AND OVERTURNED. DRIVER 1 WAS EJECTED AND VEHICLE 1 CAME TO REST ON ITS DRIVER SIDE IN A FIELD. ASSISTED BY BATES COUNTY SHERIFF'S DEPARTMENT."
1031940,3190025900,Missouri State Highway Patrol-Troop I,1569024000000,190555940,0,1,0,0,Fatal,PULASKI,NON-CITY OR UNINCORPORATED,I,1,1,0,295,0.06,B ,E ,IS 44,ERM EAST IS 44 MILE 1462,Dark-Unlighted,Pedestrian,1,,Sat     ,0,0,1,0,0,0,0,0,0,0,0,0,0,0,0,0,0,0,0,0,0,0,0,0,1,37.76908,-92.40082,1,09/21/2019,02:34:00,"FATALITY REPORT- NEXT OF KIN HAS BEEN NOTIFIED- OCCURRED AS PEDESTRIAN 1 RAN OUT IN FRONT OF VEHICLE 1.  AFTER STRIKING THE PEDESTRIAN, VEHICLE 1 CAME TO REST ROADSIDE. PEDESTRIAN 1 WAS PRONOUNCED AT THE SCENE BY CORONER NICK PAPPAS AT 0348 HRS. THIS IS TROOP I'S 1ST FATAL  FOR SEPTEMBER AND 28TH FATAL FOR 2019. ASSISTED  BY CPL J J MCDONALD (693), TPR J C SOUTHWOOD (1448) AND TPR. S R HOUSE (413), PULASKI COUNTY SHERIFF DEPARTMENT, WAYNESVILLE FIRE DEPARTMENT AND PULASKI COUNTY AMBULANCE."
1280734,3190026921,Missouri State Highway Patrol-Troop C,1569024000000,190555951,1,0,1,0,Personal Injury,ST. LOUIS,MARYLAND HEIGHTS,C,2,2,0,1040,0.2,B ,W ,MO 364,BRIDGE A5585,Dark-Unlighted,Motor Vehicle in Transport,1,63,Sat     ,1,0,0,0,0,0,0,0,0,0,0,0,0,0,0,1,0,0,0,0,0,0,0,0,0,38.73398,-90.51993,0,09/21/2019,03:10:00,VEHICLE 1 MADE AN IMPROPER LANE CHANGE STRIKING THE RIGHT SIDE OF VEHICLE 2. VEHICLE 1 TRAVELED OFF RIGHT SIDE OF THE ROADWAY.