objectid,accident,agency,inv_date,complaint,injured,killed,min_inj,dis_inj,severity,county,city,troop,no_vehicle,motor_veh,left_scene,dist_feet,dist_mile,inter_loc,direction,on_street,at_street,light_cond,acc_type,on_off_rd,two_veh,day_week,dr_drink,dr_drug,ped_drink,ped_drug,speed,dr_under21,dr_under25,dr_over55,dr_over64,electrical,emer_veh,stop_sign,yield_sign,czone,hazmat,aggressive,cell_phone,texting,veh_defect,school_bus,truck,motorcycle,atv,pickup,cmv,gps_lat,gps_long,severity_fatal,acc_date,acc_time,narrative
1320173,3190025280,Missouri State Highway Patrol-Troop G,1569024000000,190555958,1,0,1,0,Personal Injury,TEXAS,NON-CITY OR UNINCORPORATED,G,1,1,0,1626,0.31,A ,S ,RT AW,CRD PUMP STATION ROAD,Dark-Unlighted,Fixed Object,2,,Sat     ,0,0,0,0,0,0,0,0,0,0,0,0,0,0,0,0,0,0,0,0,0,0,0,0,0,37.59051,-92.13481,0,09/21/2019,04:15:00,VEHICLE TRAVELED OFF THE LEFT SIDE OF THE ROADWAY AND STRUCK A TREE.
1329021,3190025298,Missouri State Highway Patrol-Troop G,1569024000000,190556017,1,0,0,1,Personal Injury,OREGON,NON-CITY OR UNINCORPORATED,G,1,1,Y,2640,0.5,A ,N,CRD 405,CRD 410,Dark-Unlighted,Fixed Object,2,,Sat     ,0,0,0,0,1,0,1,0,0,0,0,0,0,0,0,1,0,0,0,0,1,0,0,1,0,36.77323,-91.4098,0,09/21/2019,01:00:00,OCCURRED AS VEHICLE #1 TRAVELED OFF OF THE RIGHT SIDE OF THE ROADWAY AND STRUCK A TREE.
1277929,3190025697,Missouri State Highway Patrol-Troop C,1569024000000,190556037,1,0,1,0,Personal Injury,ST. CHARLES,LAKE ST LOUIS,C,2,2,0,327,0.06,A ,W ,IS 70,ERM WEST IS 70 MILE 2124,Daylight,Motor Vehicle in Transport,1,63,Sat     ,0,0,0,0,0,0,0,1,1,0,0,0,0,0,0,1,0,0,0,0,0,0,0,0,1,38.80534,-90.8028,0,09/21/2019,07:30:00,"VEHICLE 1 WAS TRAVELING BEHIND VEHICLE 2. VEHICLE 1 CHANGED LANES TO THE LEFT TO PASS VEHICLE 2, AND LOST CONTROL. THE RIGHT FRONT OF VEHICLE 1 STRUCK THE TOWED UNIT OF VEHICLE 2. VEHICLE 1 TRAVELED OFF THE LEFT SIDE OF THE ROADWAY AND STRUCK THE MEDIAN."
800479,3190025102,Missouri State Highway Patrol-Troop A,1569024000000,190556065,1,0,1,0,Personal Injury,SALINE,NON-CITY OR UNINCORPORATED,A,1,1,0,85,0.02,B ,E ,IS 70,ERM EAST IS 70 MILE 666,Daylight,Fixed Object,2,,Sat     ,0,0,0,0,0,0,0,0,0,0,0,0,0,0,0,0,0,0,0,0,1,0,0,1,0,38.97698,-93.42103,0,09/21/2019,07:45:00,"OCCURRED AS DRV1 FELL ASLEEP AND VEH1TRAVELED OFF THE RIGHT SIDE OF THE ROAD, STRIKING TWO SIGNS AND THE CONCRETE CULVERT."
1189169,3190025112,Missouri State Highway Patrol-Troop B,1569024000000,190556108,1,0,1,0,Personal Injury,ADAIR,NON-CITY OR UNINCORPORATED,B,1,1,0,1826,0.35,B ,N,RT K,CRD SENECA TRAIL,Daylight,Fixed Object,2,,Sat     ,0,0,0,0,1,1,1,0,0,0,0,0,0,0,0,1,0,0,0,0,0,0,0,0,0,40.1814,-92.69478,0,09/21/2019,08:13:00,"VEHICLE 1 RAN OFF RIGHT SIDE OF ROAD, RETURNED TO ROADWAY, RAN OFF LEFT SIDE OF ROAD STRIKING SEVERAL SMALL TREES BEFORE COMING TO REST.  ASSISTED BY THE ADAIR COUNTY SHERIFF'S DEPARTMENT, ADAIR COUNTY AMBULANCE, ADAIR COUNTY FIRST RESPONDERS, AND KIRKSVILLE FIRE."
1196369,3190026105,Missouri State Highway Patrol-Troop B,1569024000000,190556177,1,0,0,1,Personal Injury,MACON,NON-CITY OR UNINCORPORATED,B,2,1,0,1019,0.19,A ,S ,MO 3,CRD FLORIDA PLACE,Daylight,Pedalcycle,1,,Sat     ,0,0,0,0,0,1,1,0,0,0,0,0,0,0,0,0,0,0,0,0,1,0,0,1,0,39.80293,-92.62068,0,09/21/2019,08:45:00,"VEHICLE 1 CRESTED A HILL, BEGAN SKIDDING AND STRUCK A BICYCLIST.  ASSISTED BY THE MACON COUNTY SHERIFF'S DEPARTMENT, MACON COUNTY FIRST RESPONDERS, MACON EMS."
1182868,3190025512,Missouri State Highway Patrol-Troop B,1569024000000,190556508,3,0,3,0,Personal Injury,RANDOLPH,NON-CITY OR UNINCORPORATED,B,2,2,0,0,0,AT,S ,US 63,RT K,Daylight,Motor Vehicle in Transport,1,64,Sat     ,0,0,0,0,0,1,1,0,0,0,0,1,0,0,0,1,0,0,0,0,1,0,0,1,0,39.51168,-92.43391,0,09/21/2019,11:45:00,"01 WESTBOUND CROSSING US HWY 63, FAILED TO YIELD TO ONCOMING TRAFFIC AND STRUCK 02.  ASSISTED BY RANDOLPH COUNTY SHERIFFS DEPARTMENT."
1179680,3190025537,Missouri State Highway Patrol-Troop B,1569024000000,190556623,2,0,2,0,Personal Injury,MONROE,NON-CITY OR UNINCORPORATED,B,2,2,0,15,0,B ,W ,US 24,RT HH,Daylight,Motor Vehicle in Transport,1,61,Sat     ,0,1,0,0,0,1,1,0,0,0,0,0,0,0,0,1,0,0,0,0,1,0,0,1,0,39.59266,-91.78441,0,09/21/2019,13:05:00,"01 & 02 WESTBOUND. 01 WAS STOPPED ATTEMPTING TO MAKE A LEFT TURN AND 02 STRUCK 01 IN THE REAR.  ASSISTED BY TPR FULLER 537, AND MONROE COUNTY SHERIFFS DEPARTMENT."
1219691,3190025082,Missouri State Highway Patrol-Troop C,1569024000000,190556630,2,0,2,0,Personal Injury,FRANKLIN,NON-CITY OR UNINCORPORATED,C,1,1,0,5,0,A ,E ,IS 44,ERM EAST IS 44 MILE 2284,Daylight,Other Non Collision,1,,Sat     ,0,0,0,0,0,0,0,0,0,0,0,0,0,0,0,0,0,0,1,0,1,0,0,1,0,38.25274,-91.13122,0,09/21/2019,13:12:00,"VEHICLE 1 HAD AN EQUIPMENT FAILURE, TRAVELED OFF THE LEFT SIDE OF THE ROADWAY, AND STRUCK THE CABLE BARRIER.  VEHICLE 1 CONTINUED, CROSSED THE WESTBOUND LANES, STRUCK ANOTHER CABLE BARRIER AND CROSSED THE SEPARATOR.  VEHICLE 1 CAME TO A STOP ON THE NORTH OUTER ROAD. ASSISTED BY  FTO TPR M. A. FRIGY (547)"
1225264,3190026481,Missouri State Highway Patrol-Troop C,1569024000000,190556828,3,0,0,3,Personal Injury,JEFFERSON,NON-CITY OR UNINCORPORATED,C,1,1,0,528,0.1,B ,N,MO 21,PVT GRASSY LANE,Daylight,Fixed Object,2,,Sat     ,0,0,0,0,0,0,0,0,0,0,0,0,0,0,0,1,0,0,0,0,1,0,0,0,1,38.10722,-90.61876,0,09/21/2019,14:55:00,"VEHICLE 1 TRAVELED OFF THE RIGHT SIDE OF THE ROADWAY, STRUCK A TREE AND OVERTURNED. ASSISTED BY CPL..C.D. GULLETT (333) AND TPR. R.P. MAHONEY (938)"
801278,3190025311,Missouri State Highway Patrol-Troop A,1569024000000,190556831,1,0,1,0,Personal Injury,JACKSON,LEES SUMMIT,A,5,5,Y,691,0.13,A ,W ,IS 470,ERM WEST IS 470 MILE 124,Daylight,Motor Vehicle in Transport,1,61,Sat     ,0,0,0,0,1,,,,,0,0,0,0,0,0,1,0,0,0,0,0,0,0,0,1,38.97815,-94.35685,0,09/21/2019,14:55:00,CRASH OCCURRED AS ALL VEHICLES WERE SOUTHBOUND ON I 470.  VEH 1 OVERTOOK AND STRUCK THE REAR OF VEH 2 IN THE LEFT LANE.  VEH 1 CONTINUED AND STRUCK VEH 3 ON THE LEFT SHOULDER.  VEH 1 RETURNED TO THE ROADWAY AND WAS STRUCK BY VEH 4. ASSISTED BY CPL C S KUTZNER /462/ AND THE JACKSON COUNTY SHERIFFS DEPARTMENT.
1167373,3190025297,Missouri State Highway Patrol-Troop F,1569024000000,190556839,1,0,1,0,Personal Injury,MILLER,NON-CITY OR UNINCORPORATED,F,1,1,0,1504,0.28,A ,W ,CRD ABBOTT RD,CRD HERITAGE RD EJ,Daylight,Fixed Object,2,,Sat     ,0,0,0,0,1,1,1,0,0,0,0,0,0,0,0,1,0,0,0,0,0,0,0,0,0,38.42726,-92.57591,0,09/21/2019,15:00:00,CRASH OCCURRED AS DRIVER 1 LOST CONTROL ON A CURVE AND WENT OFF THE LEFT SIDE OF THE ROAD AND STRUCK A FENCE. ASSISTED BY MILLER COUNTY SHERIFF'S DEPARTMENT
1119320,3190025349,Missouri State Highway Patrol-Troop E,1569024000000,190556969,0,1,0,0,Fatal,BOLLINGER,NON-CITY OR UNINCORPORATED,E,1,1,0,1188,0.22,B ,W ,MO 72,CRD 908,Daylight,Fixed Object,2,,Sat     ,0,0,0,0,0,0,0,0,0,0,0,0,0,0,0,0,0,0,0,0,0,1,0,0,0,37.52374,-90.08664,1,09/21/2019,16:30:00,"*FATALITY CRASH* CRASH OCCURRED AS VEHICLE 1 WAS EASTBOUND ON MISSOURI 72 THEN LOST CONTROL AND RAN OFF THE LEFT SIDE OF ROADWAY, STRUCK A DRIVEWAY AND OVERTURNED EJECTING THE DRIVER- NEXT OF KIN NOTIFIED- SUBJECT PRONOUNCED ON SCENE AT 1718 ON 09/21/2019 BY BOLLINGER COUNTY CORONER CHARLIE HUTCHINGS- TROOP E FATALITY NUMBER 6 FOR SEPTEMBER AND 38 FOR 2019"
1182869,3190025999,Missouri State Highway Patrol-Troop B,1569024000000,190557002,1,0,1,0,Personal Injury,RANDOLPH,NON-CITY OR UNINCORPORATED,B,2,2,0,1668,0.32,B ,W ,CRD 1860,CRD 1855,Daylight,Motor Vehicle in Transport,1,64,Sat     ,0,0,0,0,1,1,1,1,1,0,0,0,0,0,0,1,0,0,0,0,0,0,0,0,0,39.55342,-92.34935,0,09/21/2019,16:35:00,"01 EASTBOUND, AND 02 WESTBOUND.  01 LOST CONTROL ON A CURVE WENT INTO A SKID AND STRUCK 02 IN THE SIDE. ASSISTED BY TPR RUCKENBROD 802, TPR OBRIEN 808 AND RANDOLPH COUNTY SHERIFFS DEPARTMENT."
867357,3190024982,Missouri State Highway Patrol-Troop A,1569024000000,190557104,1,0,1,0,Personal Injury,CLAY,KANSAS CITY,A,2,2,0,295,0.06,A ,S ,IS 435,ERM SOUTH IS 435 MILE 470,Daylight,Motor Vehicle in Transport,1,63,Sat     ,0,0,0,0,0,1,1,0,0,0,0,0,0,0,0,1,0,0,0,0,0,0,0,0,0,39.28077,-94.51041,0,09/21/2019,17:45:00,CRASH OCCURRED AS VEHICLE 1 ENTERED THE INTERSTATE FROM 108TH ST AND MERGED INTO THE PATH OF VEHICLE 2.
1132188,3190025036,Missouri State Highway Patrol-Troop E,1569024000000,190557174,1,0,0,1,Personal Injury,BUTLER,NON-CITY OR UNINCORPORATED,E,1,1,0,1805,0.34,A ,E ,CRD 448,CRD 449,Daylight,Fixed Object,2,,Sat     ,0,0,0,0,0,0,0,0,0,0,0,0,0,0,0,0,0,0,0,0,1,0,0,1,0,36.76585,-90.51279,0,09/21/2019,18:10:00,CRASH OCCURRED AS VEHICLE 1 RAN OFF RIGHT SIDE OF ROADWAY AND STRUCK TREE
1225271,3190027249,Missouri State Highway Patrol-Troop C,1569024000000,190557263,1,0,0,1,Personal Injury,JEFFERSON,NON-CITY OR UNINCORPORATED,C,1,1,0,623,0.12,A ,S ,CRD BRECKENRIDGE RD,CRD GEORGE DOVER RD,Dark-Unlighted,Fixed Object,2,,Sat     ,0,0,0,0,1,0,0,0,0,0,0,0,0,0,0,1,0,0,0,0,0,0,0,0,0,38.17849,-90.68228,0,09/21/2019,19:00:00,"VEHICLE 1 WAS NORTHBOUND ON BRECKENRIDGE ROAD.  DRIVER 1 FAILED TO NEGOTIATE A CURVE TO THE RIGHT.  VEHICLE 1 THE CROSSED THE CENTER LINE AND TRAVELED OFF THE LEFT SIDE OF THE ROADWAY, STRIKING A FENCE AND A TREE."
1231743,3190025224,Missouri State Highway Patrol-Troop C,1569024000000,190557417,0,1,0,0,Fatal,LINCOLN,NON-CITY OR UNINCORPORATED,C,1,1,0,63,0.01,A ,W ,RT Y,PVT SANDY CREEK CIR,Dark-Lighted,Fixed Object,2,,Sat     ,1,1,0,0,0,0,0,1,1,0,0,0,0,0,0,1,0,0,0,0,0,0,0,0,0,39.03694,-90.74958,1,09/21/2019,20:20:00,"FATAL REPORT.  VEHICLE 1 WAS WESTBOUND ON ROUTE Y.  VEHICLE 1 TRAVELED OFF THE LEFT SIDE OF THE ROADWAY AND STRUCK A TREE.  DRIVER 1 PRONOUNCED BY LINCOLN COUNTY AMBULANCE DISTRICT PERSONNEL AT 2043 HOURS,  ASSISTED BY TPR. A. T. BORGIC (192)."
859066,3190025869,Missouri State Highway Patrol-Troop A,1569024000000,190557772,3,0,2,1,Personal Injury,JACKSON,BLUE SPRINGS,A,2,2,Y,178,0.03,A ,E ,IS 70,ERM EAST IS 70 MILE 176,Dark-Unlighted,Motor Vehicle in Transport,1,61,Sat     ,0,0,0,0,1,,,,,0,0,0,0,0,0,1,0,0,0,0,0,0,0,0,0,39.03706,-94.32789,0,09/21/2019,23:30:00,"CRASH OCCURRED AS VEHICLE 1 STRUCK THE REAR OF VEHICLE 2.  AFTER IMPACT VEHICLE 2 TRAVELED OFF THE LEFT SIDE OF THE ROADWAY AND STRUCK THE CONCRETE BARRIER AND CAME TO A REST.  ASSISTED BY CPL J W HUFF /1373/, TPR J D HOWARD /284/ AND INDEPENDENCE POLICE"
1337787,3190025367,Missouri State Highway Patrol-Troop G,1569110400000,190557780,1,0,1,0,Personal Injury,SHANNON,NON-CITY OR UNINCORPORATED,G,1,1,0,1193,0.23,A ,E ,RT YY,CRD 341,Dark-Unlighted,Fixed Object,2,,Sun     ,0,0,0,0,1,1,1,0,0,0,0,0,0,0,0,1,0,0,0,0,0,0,0,0,0,37.20481,-91.64045,0,09/22/2019,23:30:00,VEH #1 RAN OFF RIGHT SIDE OF ROADWAY IMPACTING A TREE AND A FENCE.
914457,3190027055,Missouri State Highway Patrol-Troop D,1569110400000,190557809,1,0,1,0,Personal Injury,JASPER,NON-CITY OR UNINCORPORATED,D,1,1,0,279,0.05,B ,W ,RT N,CRD 130,Dark-Unlighted,Overturn,2,,Sat     ,0,0,0,0,0,0,0,0,0,0,0,0,0,0,0,1,0,0,0,0,0,0,0,0,0,37.29561,-94.28444,0,09/21/2019,23:55:00,VEHICLE 1 RAN OFF THE ROADWAY AND OVERTURNED ONTO ITS SIDE.
1225272,3190025678,Missouri State Highway Patrol-Troop C,1569110400000,190557868,1,0,0,1,Personal Injury,JEFFERSON,NON-CITY OR UNINCORPORATED,C,1,1,0,865,0.16,A ,W ,PVT KAREN CT,PVT HILGERT DR,Dark-Unlighted,Overturn,2,,Sun     ,1,0,0,0,0,0,0,0,0,0,0,0,0,0,0,0,0,0,0,0,1,0,0,1,0,38.45786,-90.54046,0,09/22/2019,00:51:00,"VEHICLE #1 WAS TRAVELING SOUTHBOUND ON KAREN COURT, TRAVELED OFF THE ROADWAY, DOWN AN EMBANKMENT, OVERTURNED, AND STRUCK A TREE. ASSISTED BY CPL. J. A. ASHBY (234)."
990072,3190025138,Missouri State Highway Patrol-Troop D,1569110400000,190557887,1,0,0,1,Personal Injury,NEWTON,NON-CITY OR UNINCORPORATED,D,1,1,0,660,0.12,B ,S ,CRD COYOTE DR,CRD MCCLELLAND BVLD,Dark-Unlighted,Overturn,2,,Sun     ,0,0,0,0,0,0,0,0,0,0,0,0,0,0,0,0,0,0,0,0,0,0,0,0,0,37.03928,-94.55743,0,09/22/2019,01:08:00,"DRIVER #1 FELL ASLEEP, DROVE OFF THE RIGHT SIDE OF THE ROAD AND OVERTURNED."
1286281,3190028329,Missouri State Highway Patrol-Troop C,1569110400000,190557969,1,0,1,0,Personal Injury,ST. FRANCOIS,NON-CITY OR UNINCORPORATED,C,2,2,0,1330,0.25,B ,S ,CRD PENDLETON RD,PVT WEISS LN,Dark-Unlighted,Motor Vehicle in Transport,1,60,Sun     ,1,0,0,0,0,0,0,0,0,0,0,0,0,0,0,1,0,0,0,0,1,0,0,1,1,37.72167,-90.48003,0,09/22/2019,02:55:00,VEHICLE 1 WAS TRAVELING NORTHBOUND ON PENDLETON ROAD.  VEHICLE 2 WAS TRAVELING SOUTHBOUND ON PENDLETON ROAD.  DRIVER 1 CROSSED THE CENTERLINE AND TRAVELED INTO THE SOUTHBOUND LANE.  THE FRONT OF VEHICLE 1 STRUCK THE FRONT OF VEHICLE 2. ASSISTED BY TPR. K. L. ELLEDGE (396).
1502906,3190025023,Missouri State Highway Patrol-Troop H,1569110400000,190558003,2,0,2,0,Personal Injury,CALDWELL,NON-CITY OR UNINCORPORATED,H,1,1,Y,316,0.06,B ,W ,RT HH,CRD CROCKETT ROAD,Dark-Unlighted,Fixed Object,2,,Unk     ,0,0,0,0,0,0,0,0,0,0,0,0,0,0,0,0,0,0,0,0,0,0,0,0,0,39.64174,-94.10584,0,09/22/2019,00:00:00,CRASH OCCURRED AS DVR#1 FELL ASLEEP CAUSING VEH#1 TO CROSS THE CENTER LINE.  VEH#1 WENT OFF THE ROADWAY AND STRUCK A DITCH.  ASSISTED BY CPL. D.A. LANDI (684).
1222711,3190033595,Missouri State Highway Patrol-Troop C,1569110400000,190558011,1,0,0,1,Personal Injury,ST. LOUIS,PINE LAWN,C,3,3,0,174,0.03,B ,E ,IS 70,ERM EAST IS 70 MILE 2430,Daylight,Parked Motor Vehicle,2,64,Sun     ,0,0,0,0,0,0,0,1,0,0,0,0,0,0,0,0,1,1,0,0,0,0,0,0,1,38.70222,-90.2683,0,09/22/2019,06:20:00,VEHICLE #1 WAS STOPPED IN LANE 2. VEHICLE #2 STRUCK THE REAR OF VEHICLE #1.  VEHICLE #1 TURNED SIDEWAYS IN LANES 1 AND 2.  VEHICLE #3 STRUCK THE FRONT OF VEHICLE #1. THE OCCUPANTS OF VEHICLE #1 LEFT THE SCENE PRIOR TO LAW ENFORCEMENT ARRIVAL.  ASSISTED BY FTO A.D. SMITH (1357) AND TPR. C.J. MENDEZ (1411)
1182867,3190025520,Missouri State Highway Patrol-Troop B,1569110400000,190558094,1,0,1,0,Personal Injury,RANDOLPH,NON-CITY OR UNINCORPORATED,B,1,1,0,696,0.13,B ,W ,US 24,RT YY,Daylight,Fixed Object,2,,Sun     ,0,1,0,0,0,0,0,0,0,0,0,0,0,0,0,0,0,0,0,0,0,0,0,0,0,39.46683,-92.34117,0,09/22/2019,08:15:00,"DRIVER OF VEHICLE 1 FELL ASLEEP, RAN OFF THE LEFT SIDE OF THE ROADWAY AND STRUCK A FENCE.  ASSISTED BY TPR GRUBAUGH  #1367, RANDOLPH COUNTY AMBULANCE, RANDOLPH COUNTY FIRE"
867386,3190025415,Missouri State Highway Patrol-Troop A,1569110400000,190558192,1,0,1,0,Personal Injury,CLAY,KANSAS CITY,A,1,1,0,205,0.04,A ,S ,IS 435,ERM SOUTH IS 435 MILE 518,Daylight,Overturn,2,,Sun     ,0,0,0,0,1,1,1,0,0,0,0,0,0,0,0,1,0,0,0,0,0,0,0,0,0,39.21343,-94.49421,0,09/22/2019,09:15:00,"CRASH OCCURRED AS VEHICLE1 WAS SOUTHBOUND IN THE LEFT LANE.  VEHICLE1 STRUCK A POOL OF WATER AND BEGAN HYDROPLANING.  VEHICLE1 RAN OFF THE LEFT SIDE OF ROADWAY INTO THE MEDIAN, OVERTURNING.  VEHICLE1 CAME TO REST OVERTURNING, FACING WEST ON THE NORTHBOUND SHOULDER."
1014625,3190025339,Missouri State Highway Patrol-Troop D,1569110400000,190558203,1,0,1,0,Personal Injury,VERNON,NON-CITY OR UNINCORPORATED,D,1,1,0,1325,0.25,A ,E ,RT H,CRD 600,Daylight,Fixed Object,2,,Sun     ,0,0,0,0,1,0,0,0,0,0,0,0,0,0,0,1,0,0,0,0,1,0,0,1,0,37.91326,-94.52003,0,09/22/2019,09:55:00,"OCCURRED AS VEHICLE 1 WAS EASTBOUND ON ROUTE H IN VERNON COUNTY. VEHICLE 1 RAN OFF THE RIGHT SIDE OF THE ROADWAY AND STRUCK A CONCRETE CULVERT. AFTER IMPACT, VEHICLE 1 OVERTURNED AND LANDED ON ITS TOP ON A BARBED WIRE AND WOVEN WIRE FENCE."
925288,3190025423,Missouri State Highway Patrol-Troop D,1569110400000,190558271,1,0,1,0,Personal Injury,MCDONALD,NON-CITY OR UNINCORPORATED,D,2,2,0,0,0,AT,S ,US 71,RT OO,Daylight,Motor Vehicle in Transport,1,64,Sun     ,0,0,0,0,0,0,1,0,0,1,0,0,0,0,0,1,0,0,0,0,0,0,0,0,0,36.50356,-94.27674,0,09/22/2019,10:46:00,OCCURRED AS VEHICLE #1 TURNED IN FRONT OF VEHICLE #2. VEHICLE 2 CAUGHT FIRE.
961837,3190025763,Missouri State Highway Patrol-Troop D,1569110400000,190558281,3,0,3,0,Personal Injury,POLK,NON-CITY OR UNINCORPORATED,D,1,1,0,385,0.07,B ,N,MO 215,CRD 545TH RD,Daylight,Fixed Object,2,,Sun     ,0,0,0,0,1,0,0,1,0,0,0,0,0,0,0,1,0,0,0,0,0,0,0,0,0,37.45725,-93.34581,0,09/22/2019,10:50:00,NR1 FAILED TO NEGOTIATE A CURVE AND SKIDDED OFF OF THE ROAD. NR1 IMPACTED A CULVERT AND OVERTURNED.
901688,3190025161,Missouri State Highway Patrol-Troop D,1569110400000,190558283,1,0,1,0,Personal Injury,ST. CLAIR,LOWRY CITY,D,1,1,0,960,0.18,A ,N,MO 13,CRD NE700,Daylight,Fixed Object,2,,Sun     ,0,0,0,0,1,1,1,0,0,0,0,0,0,0,0,1,0,0,0,0,0,0,0,0,0,38.12461,-93.70547,0,09/22/2019,10:38:00,VEHICLE 1 LOST CONTROL ON THE WET ROADS AND STRUCK A RISE IN THE MEDIAN.
789361,3190025674,Missouri State Highway Patrol-Troop A,1569110400000,190558346,3,0,3,0,Personal Injury,HENRY,NON-CITY OR UNINCORPORATED,A,2,2,0,717,0.14,A ,S ,MO 13,CRD NW 850,Daylight,Motor Vehicle in Transport,1,61,Sun     ,0,0,0,0,1,0,1,0,0,0,0,0,0,0,0,1,0,0,0,0,0,0,0,0,0,38.4789,-93.75383,0,09/22/2019,11:50:00,CRASH OCCURRED AS VEH2 SLOWED TO MAKE A TURN.  VEH1 OVERTOOK AND STRUCK THE REAR OF VEH2.  ASSISTED BY HENRY COUNTY SHERIFF'S DEPARTMENT.
925287,3190025212,Missouri State Highway Patrol-Troop D,1569110400000,190558488,1,0,1,0,Personal Injury,MCDONALD,NON-CITY OR UNINCORPORATED,D,1,1,0,274,0.05,A ,W ,MO 90,CRD SLATE GAP LN,Daylight,Fixed Object,2,,Sun     ,0,0,0,0,1,0,0,1,1,0,0,0,0,0,0,1,0,0,0,0,1,0,0,1,0,36.55193,-94.27133,0,09/22/2019,13:35:00,ACCIDENT OCCURRED AS VEHICLE #1 RAN OFF THE RIGHT SIDE OF THE ROADWAY AND STRUCK A FENCE.
1176930,3190025518,Missouri State Highway Patrol-Troop F,1569110400000,190558556,2,0,2,0,Personal Injury,MONTGOMERY,NON-CITY OR UNINCORPORATED,F,5,5,0,343,0.06,A ,E ,IS 70,ERM EAST IS 70 MILE 1678,Daylight,Motor Vehicle in Transport,1,61,Sun     ,0,0,0,0,1,0,0,0,0,0,0,0,0,0,0,1,0,0,0,0,1,0,0,1,1,38.89916,-91.58726,0,09/22/2019,14:20:00,"VEHICLES 2, 3, AND 4 WERE STOPPED IN TRAFFIC DUE TO CONGESTION. VEHICLE 1 IMPACTED VEHICLE 2 IN THE REAR, CAUSING A CHAIN REACTION. VEHICLE 2 WAS THEN FORCED INTO THE REAR OF VEHICLE 3, VEHICLE 3 WAS FORCED INTO THE REAR OF VEHICLE 4, AND VEHICLE 4 WAS PUSHED INTO THE REAR OF VEHICLE 5. ASSISTED BY TPR. J. L. GERTSON (573), AND THE MONTGOMERY COUNTY SHERIFF'S OFFICE."
1219714,3190025305,Missouri State Highway Patrol-Troop C,1569110400000,190558594,1,0,1,0,Personal Injury,FRANKLIN,NON-CITY OR UNINCORPORATED,C,1,1,0,295,0.06,B ,E ,RP 1039326,US 50 EJ,Daylight,Overturn,1,,Sun     ,0,0,0,0,1,0,0,1,0,0,0,0,0,0,0,1,0,0,0,0,1,0,0,1,0,38.43795,-90.91097,0,09/22/2019,14:50:00,"VEHICLE #1 WAS TRAVELING ON THE ENTRANCE RAMP TO EASTBOUND I-44 FROM US 50. VEHICLE #1 WAS TRAVELING TOO FAST FOR THE WET ROADWAY AND DRIVER #1 LOST CONTROL OF VEHICLE #1. VEHICLE #1 SKIDDED OFF THE LEFT SIDE OF THE RAMP AND OVERTURNED ACROSS THE EASTBOUND LANES. VEHICLE #1 STRUCK THE GUARDRAIL OFF THE LEFT SIDE OF THE ROADWAY, BEFORE COMING TO REST, UPRIGHT, ON TOP OF THE GUARDRAIL."
995903,3190025670,Missouri State Highway Patrol-Troop D,1569110400000,190558610,1,0,1,0,Personal Injury,STONE,NON-CITY OR UNINCORPORATED,D,1,1,0,1280,0.24,A ,S ,MO 413,RT AA,Daylight,Fixed Object,2,,Sun     ,0,0,0,0,1,0,1,0,0,0,0,0,0,0,0,1,0,0,0,0,0,0,0,0,0,36.81862,-93.49169,0,09/22/2019,14:57:00,CRASH OCCURRED AS VEHICLE #1 SLID OFF THE LEFT SIDE OF THE ROADWAY AND STUCK AN EMBANKMENT.
1336935,3190025321,Missouri State Highway Patrol-Troop G,1569110400000,190558631,1,0,1,0,Personal Injury,HOWELL,NON-CITY OR UNINCORPORATED,G,1,1,0,2228,0.42,A ,N,MO 17,MO 142,Daylight,Fixed Object,2,,Sun     ,0,0,0,0,0,0,0,1,0,0,0,0,0,0,0,0,0,0,0,0,0,0,0,0,0,36.52524,-91.80102,0,09/22/2019,15:11:00,CRASH OCCURRED AS VEHICLE 1 TRAVELED OFF THE LEFT SIDE OF THE ROADWAY AND OVERTURNED.
925290,3190025181,Missouri State Highway Patrol-Troop D,1569110400000,190558636,1,0,1,0,Personal Injury,MCDONALD,NON-CITY OR UNINCORPORATED,D,1,1,0,4752,0.9,A ,N,RT E,CRD WHITE OAK RD,Daylight,Fixed Object,2,,Sun     ,0,0,0,0,1,0,0,0,0,0,0,0,0,0,0,1,0,0,0,0,0,0,0,0,0,36.53643,-94.18458,0,09/22/2019,15:15:00,ACCIDENT OCCURRED AS VEHICLE #1 RAN OFF THE RIGHT SIDE OF THE ROADWAY AND OVERTURNED.
794245,3190025633,Missouri State Highway Patrol-Troop A,1569110400000,190558638,3,0,2,1,Personal Injury,CASS,NON-CITY OR UNINCORPORATED,A,2,2,0,226,0.04,A ,N,IS 49,ERM NORTH IS 49 MILE 1708,Daylight,Motor Vehicle in Transport,1,61,Sun     ,0,0,0,0,1,0,0,1,1,0,0,0,0,0,0,1,0,0,0,0,0,0,0,0,0,38.76616,-94.49044,0,09/22/2019,15:00:00,CRASH OCCURRED AS VEHICLE 2 SLOWED DUE TO INCLEMENT WEATHER AND WAS STRUCK IN THE REAR BY VEHICLE 1. ASSISTED BY CPL J E THUSS /1206/
968339,3190025117,Missouri State Highway Patrol-Troop D,1569110400000,190558693,2,0,2,0,Personal Injury,BARRY,NON-CITY OR UNINCORPORATED,D,1,1,0,3695,0.7,B ,E ,MO 86,RT E,Daylight,Fixed Object,2,,Sun     ,0,0,0,0,1,1,1,0,0,0,0,0,0,0,0,1,0,0,0,0,0,0,0,0,0,36.57341,-93.75914,0,09/22/2019,15:45:00,ACCIDENT OCCURRED AS VEHICLE #1 TRAVELED OFF OF THE LEFT SIDE OF THE ROADWAY AND STRUCK A ROCK AND A TREE.