objectid,accident,agency,inv_date,complaint,injured,killed,min_inj,dis_inj,severity,county,city,troop,no_vehicle,motor_veh,left_scene,dist_feet,dist_mile,inter_loc,direction,on_street,at_street,light_cond,acc_type,on_off_rd,two_veh,day_week,dr_drink,dr_drug,ped_drink,ped_drug,speed,dr_under21,dr_under25,dr_over55,dr_over64,electrical,emer_veh,stop_sign,yield_sign,czone,hazmat,aggressive,cell_phone,texting,veh_defect,school_bus,truck,motorcycle,atv,pickup,cmv,gps_lat,gps_long,severity_fatal,acc_date,acc_time,narrative
1227446,3190026182,Missouri State Highway Patrol-Troop C,1569110400000,190558695,1,0,1,0,Personal Injury,ST. LOUIS,BRIDGETON,C,1,1,Y,264,0.05,B ,W ,IS 270,BRIDGE A0168,Daylight,Fixed Object,2,,Sun     ,0,0,0,0,1,0,0,0,0,0,0,0,0,0,0,1,0,0,0,0,0,0,0,0,0,38.75952,-90.42981,0,09/22/2019,15:50:00,VEHICLE 1 TRAVELED OFF THE ROADWAY AND STRUCK TWO LIGHT POLES.
1318873,3190030875,Missouri State Highway Patrol-Troop G,1569110400000,190558707,0,1,0,0,Fatal,REYNOLDS,NON-CITY OR UNINCORPORATED,G,1,1,0,2312,0.44,B ,W ,CRD 849,CRD 887,Daylight,Overturn,1,,Sun     ,0,0,0,0,1,1,1,0,0,0,0,0,0,0,0,1,0,0,1,0,0,0,1,0,0,37.46793,-91.07212,1,09/22/2019,15:55:00,"CORRECTED REPORT     FATALITY CRASH OCCURRED AS VEHICLE ONE LOST CONTROL, OVERTURNED ON RIGHT SIDE, EJECTING PASSENGER. THIS IS TROOP G'S 30TH FATALITY IN 2019 COMPARED TO 31 AT THIS TIME LAST YEAR.  REYNOLD'S CORONER, JEFF MCSPADDIN, PRONOUNCED AT 1556 HOURS. NEXT OF KIN NOTIFIED."
1126381,3190026968,Missouri State Highway Patrol-Troop E,1569110400000,190558726,1,0,1,0,Personal Injury,PEMISCOT,NON-CITY OR UNINCORPORATED,E,4,4,0,84,0.02,A ,E ,RT U,CRD 509,Daylight,Motor Vehicle in Transport,1,64,Sun     ,0,0,0,0,0,0,1,0,0,0,0,0,0,0,0,1,0,0,0,0,0,0,0,0,0,36.17622,-89.69954,0,09/22/2019,16:07:00,CRASH OCCURRED AS VEHICLE 1 FAILED TO YIELD TO VEHICLE 2
1219707,3190025240,Missouri State Highway Patrol-Troop C,1569110400000,190558730,1,0,1,0,Personal Injury,FRANKLIN,NON-CITY OR UNINCORPORATED,C,1,1,0,385,0.07,A ,W ,IS 44,ERM WEST IS 44 MILE 2470,Daylight,Fixed Object,2,,Sun     ,0,0,0,0,0,1,1,0,0,0,0,0,0,0,0,0,0,0,0,0,1,0,0,1,0,38.43044,-90.9142,0,09/22/2019,16:06:00,"VEHICLE 1 TRAVELED OFF THE RIGHT SIDE OF THE ROADWAY, STRUCK A ROCK BLUFF, AND OVERTURNED.  ASSISTED BY CPL E. R. KESSLER (890)"
937322,3190025139,Missouri State Highway Patrol-Troop D,1569110400000,190558787,2,0,2,0,Personal Injury,NEWTON,SAGINAW,D,1,1,0,1452,0.27,B ,E ,CST REDDINGS RD,CST SAGINAW RD,Daylight,Fixed Object,2,,Sun     ,0,0,0,0,1,0,1,0,0,0,0,0,0,0,0,1,0,0,0,0,0,0,0,0,0,37.01754,-94.47415,0,09/22/2019,16:33:00,"VEHICLE #1 FAILED TO NEGOTIATE A CURVE, WENT OFF THE RIGHT SIDE OF THE ROADWAY, STRUCK A TREE AND OVERTURNED."
1287710,3190025474,Missouri State Highway Patrol-Troop C,1569110400000,190558801,2,0,2,0,Personal Injury,ST. CHARLES,NON-CITY OR UNINCORPORATED,C,1,1,0,3168,0.6,A ,N,MO 79,CRD DALBOW,Daylight,Overturn,2,,Sun     ,0,0,0,0,1,0,0,0,0,0,0,0,0,0,0,1,0,0,0,0,1,0,0,1,0,38.89399,-90.73457,0,09/22/2019,16:40:00,VEHICLE 1 TRAVELED OFF THE RIGHT SIDE OF THE ROADWAY AND OVERTURNED.
1263830,3190025467,Missouri State Highway Patrol-Troop C,1569110400000,190558826,2,0,2,0,Personal Injury,WARREN,WARRENTON,C,3,3,0,42,0.01,B ,S ,MO 47,RP 6814,Daylight,Motor Vehicle in Transport,1,61,Sun     ,0,0,0,0,0,0,1,0,0,1,0,0,0,0,0,1,0,0,0,0,1,0,0,1,0,38.82175,-91.13875,0,09/22/2019,17:05:00,ALL THREE VEHICLES WERE TRAVELING SOUTHBOUND ON HIGHWAY 47. VEHICLES 2 AND 3 SLOWED TO A STOP FOR A TRAFFIC LIGHT. DRIVER 1 FAILED TO NOTICE THE LIGHT. VEHICLE 1 STRUCK THE REAR OF VEHICLE 2 AND VEHICLE 2 STRUCK THE REAR OF VEHICLE 3.
1219711,3190025354,Missouri State Highway Patrol-Troop C,1569110400000,190558932,1,0,1,0,Personal Injury,FRANKLIN,NON-CITY OR UNINCORPORATED,C,1,1,0,480,0.09,A ,E ,IS 44,ERM EAST IS 44 MILE 2444,Daylight,Fixed Object,2,,Sun     ,0,0,0,0,0,0,0,1,0,0,0,0,0,0,0,0,0,0,1,0,1,0,0,1,0,38.39831,-90.93034,0,09/22/2019,18:05:00,VEHICLE #1'S FRONT LEFT TIRE WENT FLAT AND VEHICLE #1 TRAVELED OFF THE LEFT SIDE OF THE ROADWAY. THE FRONT LEFT OF VEHICLE #1 STRUCK THE CONCRETE MEDIAN AND OVERTURNED. ASSISTED BY RANGER J KITCHELL (R50).
995902,3190025123,Missouri State Highway Patrol-Troop D,1569110400000,190558991,1,0,1,0,Personal Injury,STONE,NON-CITY OR UNINCORPORATED,D,1,1,0,0,0,AT,S ,MO 413,RT FF,Daylight,Fixed Object,2,,Sun     ,0,0,0,0,1,0,1,0,0,0,0,0,0,0,0,1,0,0,0,0,1,0,0,1,0,36.85575,-93.54135,0,09/22/2019,18:42:00,CRASH OCCURRED AS VEHICLE 1 TRAVELED OFF THE RIGHT SIDE OF THE ROADWAY AND STRUCK A HOUSE.
905406,3190025394,Missouri State Highway Patrol-Troop D,1569110400000,190559075,3,0,3,0,Personal Injury,CHRISTIAN,NON-CITY OR UNINCORPORATED,D,2,2,0,1356,0.26,B ,W ,MO 14,CRD CARROLL RD,Dark-Unlighted,Motor Vehicle in Transport,1,60,Sun     ,0,0,0,0,1,0,0,1,0,0,0,0,0,0,0,1,0,0,0,0,1,0,0,1,0,37.04865,-93.35861,0,09/22/2019,19:31:00,"ACCIDENT OCCURRED AS VEHICLE #1 FAILED TO NEGOTIATE A CURVE, CROSSED CENTER LINE AND STRUCK VEHICLE #2."
1145367,3190026967,Missouri State Highway Patrol-Troop E,1569110400000,190559282,1,0,0,1,Personal Injury,NEW MADRID,NON-CITY OR UNINCORPORATED,E,1,1,0,500,0.09,B ,S ,IS 55,ERM SOUTH IS 55 MILE 410,Dark-Unlighted,Fixed Object,2,,Sun     ,0,0,0,0,0,1,1,0,0,0,0,0,0,0,0,1,0,0,0,0,0,0,0,0,0,36.52091,-89.60015,0,09/22/2019,23:30:00,VEH1 RAN OFF THE LEFT SIDE OF THE ROADWAY AND STRUCK THE CABLE BARRIER. APPROXIMATELY 125' OF MODOT CABLE BARRIER WAS DAMAGED IN THIS INCIDENT.
801160,3190025310,Missouri State Highway Patrol-Troop A,1569196800000,190559410,1,0,1,0,Personal Injury,JACKSON,LEES SUMMIT,A,1,1,0,29,0.01,B ,W ,IS 470,ERM WEST IS 470 MILE 150,Dark-Unlighted,Fixed Object,2,,Mon     ,0,0,0,0,0,0,0,0,0,0,0,0,0,0,0,1,0,0,0,0,0,0,0,0,0,39.01737,-94.35886,0,09/23/2019,06:21:00,"CRASH OCCURRED AS VEHICLE WAS TRAVELING SOUTHBOUND ON I470. VEHICLE TRAVELED OFF RIGHT SIDE OF ROAD, STRUCK AN EMBANKMENT, AND OVERTURNED. ASSISTED BY LEE'S SUMMIT POLICE DEPARTMENT."
1500732,3190025513,Missouri State Highway Patrol-Troop H,1569196800000,190559432,1,0,1,0,Personal Injury,BUCHANAN,NON-CITY OR UNINCORPORATED,H,1,1,0,118,0.02,B ,N,IS 29,ERM NORTH IS 29 MILE 384,Daylight,Fixed Object,2,,Mon     ,0,0,0,0,0,0,1,0,0,0,0,0,0,0,0,0,0,0,1,0,0,0,0,0,0,39.63827,-94.78774,0,09/23/2019,06:50:00,CRASH OCCURRED AS VEH#1 WAS NB IN THE LEFT LANE WHEN THE RIGHT REAR TIRE SHREDDED AND DEFLATED CAUSING VEH#1 TO SKID OFF OF THE EAST SIDE OF THE ROADWAY.  VEH#1 STRUCK AN EMBANKMENT AND RETURNED TO THE ROADWAY AND CAME TO REST ON ITS WHEELS FACING WETS PARTIALLY BLOCKING THE RIGHT NORTHBOUND LANE.  ASSISTED BY LT. D. J. HEDRICK (60) AND BUCHANAN COUNTY SHERIFF'S DEPARTMENT.
872241,3190025658,Missouri State Highway Patrol-Troop A,1569196800000,190559478,1,0,1,0,Personal Injury,JACKSON,NON-CITY OR UNINCORPORATED,A,2,2,0,700,0.13,A ,W ,US 40,CST SW BOWLIN RD,Daylight,Motor Vehicle in Transport,1,63,Mon     ,0,0,0,0,0,0,0,0,0,0,0,0,0,0,0,1,0,0,0,0,0,0,0,0,0,39.01476,-94.32065,0,09/23/2019,07:20:00,CRASH OCCURRED AS BOTH VEICHELS WERE WESTBOUND ON US 40.  VEH 1 MADE A LEFT TURN FROM THE RIGHT LANE AND WAS STRUCK BY VEH 2.  ASSISTED BY BLUE SPRINGS POLICE DEPARTMENT
1210924,3190026303,Missouri State Highway Patrol-Troop C,1569196800000,190559492,3,0,3,0,Personal Injury,ST. LOUIS,NON-CITY OR UNINCORPORATED,C,3,3,0,132,0.02,B ,E ,IS 44,ERM EAST IS 44 MILE 2712,Daylight,Motor Vehicle in Transport,1,61,Mon     ,0,0,0,0,0,0,0,1,1,0,0,0,0,0,0,0,0,0,0,0,0,0,0,0,0,38.53329,-90.52139,0,09/23/2019,07:38:00,VEHICLE 2 AND VEHICLE 3 WERE STOPPED IN CONGESTED TRAFFIC. VEHICLE 1 FAILED TO STOP AND THE FRONT OF VEHICLE 1 STRUCK THE REAR OF VEHICLE 2. THE FRONT OF VEHICLE 2 STRUCK THE REAR OF VEHICLE 3. ASSISTED BY CPL. R.L. CALVERT (165)
1304625,3190025913,Missouri State Highway Patrol-Troop C,1569196800000,190559520,1,0,1,0,Personal Injury,WARREN,NON-CITY OR UNINCORPORATED,C,1,1,0,1853,0.35,A ,S ,MO 47,RT CC,Daylight,Fixed Object,2,,Mon     ,0,0,0,0,0,0,0,0,0,0,0,0,0,0,0,1,0,0,0,0,0,0,0,0,0,38.71677,-91.15033,0,09/23/2019,07:50:00,DRIVER 1 FELL ASLEEP AT THE WHEEL AND VEHICLE 1 RAN OFF THE RIGHT SIDE OF THE ROADWAY AND STRUCK AND EMBANKMENT.
941721,3190025909,Missouri State Highway Patrol-Troop D,1569196800000,190559538,1,0,1,0,Personal Injury,DALLAS,NON-CITY OR UNINCORPORATED,D,1,1,0,2428,0.46,A ,E ,RT D,CRD ORCHARD RD,Daylight,Fixed Object,2,,Mon     ,0,0,0,0,0,0,0,0,0,0,0,0,0,0,0,0,0,0,0,0,1,0,0,0,1,37.8503,-93.03973,0,09/23/2019,07:41:00,"VEHICLE #1 TRAVELED OFF THE RIGHT SIDE OF THE ROADWAY AND THE DRIVER OVER CORRECTED.  VEHICLE #1 THEN TRAVELED OFF THE LEFT SIDE OF THE ROADWAY, STRUCK A DITCH AND OVERTURNED."
1320157,3190025282,Missouri State Highway Patrol-Troop G,1569196800000,190559603,1,0,1,0,Personal Injury,TEXAS,NON-CITY OR UNINCORPORATED,G,1,1,0,543,0.1,B ,W ,RT VV,CRD SIDNEY RD,Daylight,Overturn,2,,Mon     ,0,0,0,0,0,0,0,0,0,0,0,0,0,0,0,1,0,0,0,0,1,0,0,1,0,37.46233,-91.76497,0,09/23/2019,08:00:00,DRIVER FELL ASLEEP AT THE WHEEL AND THE VEHICLE TRAVELED OFF THE ROADWAY OVERTURNING AND STRIKING A TREE.
914456,3190025323,Missouri State Highway Patrol-Troop D,1569196800000,190559606,2,0,2,0,Personal Injury,JASPER,NON-CITY OR UNINCORPORATED,D,2,2,0,1573,0.3,B ,S ,CRD 190,RT AA,Daylight,Motor Vehicle in Transport,1,64,Mon     ,0,0,0,0,0,0,0,0,0,0,0,0,0,0,0,1,0,0,0,0,1,0,0,0,1,37.11621,-94.4032,0,09/23/2019,08:30:00,CRASH OCCURRED AS VEHICLE 2 WAS TRAVELING SOUTHBOUND ON COUNTY ROAD 190 AND VEHICLE 2 FAILED TO YIELD TO VEHICLE 1 AT A PRIVATE INTERSECTION
1119319,3190025649,Missouri State Highway Patrol-Troop E,1569196800000,190559842,1,0,0,1,Personal Injury,BOLLINGER,NON-CITY OR UNINCORPORATED,E,1,1,0,42,0.01,A ,E ,RT JJ,CRD 346,Daylight,Overturn,2,,Mon     ,0,0,0,0,0,1,1,0,0,0,0,0,0,0,0,1,0,0,0,0,1,0,0,1,0,37.4639,-89.99859,0,09/23/2019,10:20:00,"CRASH OCCURRED AS VEHICLE ONE TRAVELED OFF THE RIGHT SIDE OF THE ROADWAY, OVERTURNED AND EJECTED THE DRIVER."
1196366,3190025539,Missouri State Highway Patrol-Troop B,1569196800000,190559955,1,0,1,0,Personal Injury,MACON,NON-CITY OR UNINCORPORATED,B,1,1,0,1110,0.21,B ,W ,US 36,CO US36W TO MAJOR AVE,Daylight,Overturn,2,,Mon     ,0,0,0,0,0,0,1,0,0,0,0,0,0,0,0,0,0,0,0,0,0,0,0,0,0,39.75084,-92.3772,0,09/23/2019,11:25:00,"01 WESTBOUND, DRIVER FELL ASLEEP, RAN OFF INTO THE MEDIAN, OVERTURNED AND CAME TO REST ON ITS TOP.  ASSISTED BY CPL MUELLER 548,  MACON RURAL FIRE DEPARTMENT, MACON COUNTY RESCUE SQUAD, AND FIRST RESPONDERS."
1036897,3190025598,Missouri State Highway Patrol-Troop I,1569196800000,190559986,1,0,1,0,Personal Injury,PHELPS,NON-CITY OR UNINCORPORATED,I,2,2,0,205,0.04,A ,W ,IS 44,ERM WEST IS 44 MILE 1726,Daylight,Motor Vehicle in Transport,2,64,Mon     ,0,0,0,0,0,0,1,1,0,0,0,0,0,0,0,1,0,0,0,0,1,0,0,1,0,37.90755,-91.98888,0,09/23/2019,11:30:00,"CRASH OCCURRED AS VEHICLE 2 TRAVELED OFF THE LEFT SIDE OF THE ROADWAY, RETURNED TO THE ROADWAY AND WAS STRUCK BY VEHICLE 1. VEHICLE 2 TRAVELED OFF THE LEFT SIDE OF THE ROADWAY AND CAME TO REST.  VEHICLE 1 TRAVELED OFF THE RIGHT SIDE OF THE ROADWAY AND STRUCK A ROCK EMBANKMENT.  ASSISTED BY TPR I.A. COX (294)"
905410,3190025347,Missouri State Highway Patrol-Troop D,1569196800000,190560056,1,0,1,0,Personal Injury,CHRISTIAN,NON-CITY OR UNINCORPORATED,D,1,1,0,153,0.03,A ,S ,US 65,ERM SOUTH US 65 MILE 292,Daylight,Fixed Object,2,,Mon     ,0,0,0,0,0,0,0,0,0,0,0,0,0,0,0,0,0,0,1,0,1,0,0,1,0,36.89589,-93.23911,0,09/23/2019,12:30:00,OCCURRED AS VEHICLE 1 TRAVELED OFF THE ROADWAY AND STRUCK A ROCK BLUFF.
1158579,3190026572,Missouri State Highway Patrol-Troop E,1569196800000,190560116,0,1,0,0,Fatal,SCOTT,SIKESTON,E,2,2,0,760,0.14,B ,N,IS 55,ERM NORTH IS 55 MILE 660,Daylight,Motor Vehicle in Transport,1,61,Mon     ,0,1,0,0,1,0,0,0,0,0,0,0,0,0,0,1,0,0,0,0,0,0,0,0,1,36.86972,-89.53286,1,09/23/2019,12:54:00,"FATALITY REPORT - CRASH OCCURRED AS VEH 1 WAS STOPPED IN THE PASSING LANE, VEH 2 ATTEMPTED TO AVOID VEH 1, AND STRUCK THE RIGHT REAR CORNER OF THE TRAILER. NEXT OF KIN NOTIFIED - SUBJECT PRONOUNCED AT THE SCENE AT 1306 HOURS BY DAVID UPTMOR SCOTT COUNTY EMS.  TROOP E FATALITY #39 FOR 2019"
1184755,3190025690,Missouri State Highway Patrol-Troop B,1569196800000,190560323,1,0,1,0,Personal Injury,SCHUYLER,NON-CITY OR UNINCORPORATED,B,1,1,0,2640,0.5,B ,W ,US 136,CRD HILLTOP RD,Daylight,Fixed Object,2,,Mon     ,0,0,0,0,0,0,0,0,0,0,0,0,0,0,0,1,0,0,0,0,0,0,0,0,0,40.52212,-92.42596,0,09/23/2019,14:30:00,"VEHICLE 1 TRAVELED OFF THE RIGHT SIDE OF THE ROAD, STRUCK THE GROUND, ROLLED AND CAME TO REST ON ITS WHEELS."
1042616,3190026121,Missouri State Highway Patrol-Troop I,1569196800000,190560419,2,0,1,1,Personal Injury,LACLEDE,NON-CITY OR UNINCORPORATED,I,2,2,0,1483,0.28,B ,N,RT A,CRD MADISON DR,Daylight,Motor Vehicle in Transport,1,62,Mon     ,0,0,0,0,0,0,0,1,0,0,0,0,0,0,0,1,0,0,0,0,1,0,0,1,0,37.59933,-92.81055,0,09/23/2019,15:23:00,CRASH OCCURRED AS VEHICLE 1 CROSSED THE CENTERLINE AND SIDE SWIPED VEHICLE 2.  ASSISTED BY TPR S.R. HOUSE (413)
1282736,3190026560,Missouri State Highway Patrol-Troop C,1569196800000,190560595,2,0,2,0,Personal Injury,ST. CHARLES,ST CHARLES,C,2,2,0,575,0.11,B ,E ,MO 364,RP 279558 EJ,Daylight,Motor Vehicle in Transport,1,61,Mon     ,1,0,0,0,0,0,0,1,1,0,0,0,0,0,0,1,0,0,0,0,1,0,0,1,0,38.75371,-90.54452,0,09/23/2019,16:49:00,"DRIVER 1 FAILED TO KEEP A PROPER LOOKOUT BY LOOKING TO THE RIGHT IN ORDER TO CHANGE LANES FROM LANE 2 TO LANE 3.  WHEN DRIVER LOOKED BACK TO THE FRONT, HE OBSERVED VEHICLE 2 AHEAD IN LANE 3.  DRIVER 1 APPLIED HIS BRAKES AND STEERED TO THE RIGHT IN AN ATTEMPT TO AVOID STRIKING VEHICLE 2. THE FRONT LEFT OF VEHICLE 1 STRUCK THE REAR RIGHT OF VEHICLE 2. ASSISTED BY CPL K. L. HAMMERLING (1242)."
905409,3190025395,Missouri State Highway Patrol-Troop D,1569196800000,190560632,1,0,0,1,Personal Injury,CHRISTIAN,NON-CITY OR UNINCORPORATED,D,2,2,0,696,0.13,A ,N,RT W,CRD WILD PRAIRIE RD,Daylight,Motor Vehicle in Transport,1,64,Mon     ,0,0,0,0,0,0,0,0,0,0,0,0,0,0,0,1,0,0,0,0,1,1,0,1,0,36.96863,-93.17601,0,09/23/2019,17:06:00,VEH #2 WAS MAKING A LEFT TURN AND VEH #1 STRUCK IT IN THE DRIVERS SIDE.
1155745,3190025148,Missouri State Highway Patrol-Troop E,1569196800000,190560633,1,0,0,1,Personal Injury,SCOTT,NON-CITY OR UNINCORPORATED,E,1,1,0,21,0,A ,S ,IS 55,ERM SOUTH IS 55 MILE 744,Daylight,Fixed Object,2,,Mon     ,0,0,0,0,0,0,1,0,0,0,0,0,0,0,0,0,0,0,1,0,0,0,0,0,0,36.99354,-89.53498,0,09/23/2019,17:03:00,"CRASH OCCURRED AS VEHICLE 1 HAD A FLAT TIRE, RAN OFF THE RIGHT SIDE OF ROADWAY, AND STRUCK A TREE"
1250044,3190025953,Missouri State Highway Patrol-Troop C,1569196800000,190560886,1,0,1,0,Personal Injury,STE. GENEVIEVE,NON-CITY OR UNINCORPORATED,C,1,1,0,406,0.08,B ,N,IS 55,ERM NORTH IS 55 MILE 1592,Dark-Unlighted,Animal,1,,Mon     ,0,0,0,0,0,0,0,1,1,0,0,0,0,0,0,0,0,0,0,0,0,1,0,0,0,38.02307,-90.23671,0,09/23/2019,19:25:00,VEHICLE #1 STRUCK A DEER IN THE ROADWAY.  DRIVER #1 WAS EJECTED.
883608,3190025266,Missouri State Highway Patrol-Troop A,1569196800000,190560907,1,0,1,0,Personal Injury,BATES,NON-CITY OR UNINCORPORATED,A,1,1,0,70,0.01,B ,N,IS 49,ERM NORTH IS 49 MILE 1262,Dark-Unlighted,Fixed Object,2,,Mon     ,0,0,0,0,0,0,0,0,0,0,0,0,0,0,0,1,0,0,0,0,0,0,0,0,0,38.1752,-94.354,0,09/23/2019,19:40:00,CRASH OCCURRED AS VEHICLE #1 WAS NORTHBOUND ON INTERSTATE 49. DRIVER #1 FELL ASLEEP. VEHICLE #1 TRAVELED OFF THE LEFT SIDE OF THE ROADWAY AND STRUCK THE GUARDRAIL. VEHICLE #1 CAME TO REST PARTIALLY IN THE ROADWAY.
1231745,3190028666,Missouri State Highway Patrol-Troop C,1569196800000,190560919,3,0,2,1,Personal Injury,LINCOLN,NON-CITY OR UNINCORPORATED,C,1,1,0,142,0.03,B ,S ,MO 47,PVT WESTBOROUGH,Dark-Unlighted,Fixed Object,2,,Mon     ,0,0,0,0,0,0,1,0,0,0,0,0,0,0,0,0,0,0,0,0,0,0,0,0,0,38.97187,-91.03681,0,09/23/2019,19:50:00,"VEHICLE 1 WAS TRAVELING WESTBOUND ON MISSOURI ROUTE 47 AND ATTEMPTED TO AVOID ANOTHER VEHICLE THAT WAS TRAVELING EASTBOUND ON THE WESTBOUND LANES. VEHICLE 1 TRAVELED OFF THE RIGHT SIDE OF THE ROADWAY, STRUCK AN EMBANKMENT, CONTINUED, AND THEN STRUCK A UTILITY POLE. ASSISTED BY TPR. A. J. MICHELS (1381)."
968344,3190025407,Missouri State Highway Patrol-Troop D,1569196800000,190560932,2,0,2,0,Personal Injury,BARRY,NON-CITY OR UNINCORPORATED,D,1,1,0,1075,0.2,B ,W ,RT HH,CRD 1075,Dark-Unlighted,Animal,1,,Mon     ,0,0,0,0,0,1,1,0,0,0,0,0,0,0,0,0,0,0,0,0,1,0,0,1,0,36.78006,-93.92967,0,09/23/2019,20:00:00,VEHICLE #1 STRUCK A COW IN THE ROADWAY.
1042615,3190025771,Missouri State Highway Patrol-Troop I,1569196800000,190561007,3,0,2,1,Personal Injury,LACLEDE,NON-CITY OR UNINCORPORATED,I,1,1,0,171,0.03,B ,S ,RT B,BRIDGE W0556,Dark-Unlighted,Fixed Object,2,,Mon     ,0,0,0,0,0,0,0,0,0,0,0,0,0,0,0,0,0,0,0,0,1,0,0,1,0,37.55571,-92.47598,0,09/23/2019,21:00:00,"OCCURRED AS VEHICLE 1 WAS TRAVELING SOUTHBOUND AND CAME UPON AN UNKNOWN VEHICLE THAT WAS PARTIALLY IN THE LANE OF VEHICLE 1, VEHICLE 1 RAN OFF THE RIGHT SIDE OF ROADWAY TO AVOID A COLLISION AND STRUCK AN EMBANKMENT."
1272353,3190026593,Missouri State Highway Patrol-Troop C,1569196800000,190561125,1,0,1,0,Personal Injury,PERRY,NON-CITY OR UNINCORPORATED,C,1,1,0,496,0.09,B ,N,IS 55,ERM NORTH IS 55 MILE 1228,Dark-Unlighted,Fixed Object,2,,Mon     ,1,0,0,0,0,0,1,0,0,0,0,0,0,0,0,1,0,0,0,0,0,0,0,0,0,37.62631,-89.81804,0,09/23/2019,23:00:00,VEHICLE #1 TRAVELED OFF THE LEFT SIDE OF THE ROAD AND STRUCK THE CABLE MEDIAN BARRIER.
867268,3190028143,Missouri State Highway Patrol-Troop A,1569283200000,190561184,1,0,1,0,Personal Injury,CLAY,KANSAS CITY,A,1,1,0,147,0.03,A ,S ,IS 29,ERM SOUTH IS 29 MILE 08,Dark-Unlighted,Fixed Object,2,,Tue     ,1,0,0,0,0,0,0,0,0,0,0,0,0,0,0,1,0,0,0,0,1,0,0,1,0,39.17711,-94.5634,0,09/24/2019,01:39:00,"CRASH OCCURRED AS DRIVER #1 FAILED TO MAINTAIN A SINGLE LANE. INITIAL IMPACT OCCURRED WHEN VEHICLE #1 TRAVELED OFF THE ROADWAY TO THE RIGHT AND THE FRONT OF VEHICLE #1 STRUCK A GUARDRAIL.A SECOND IMPACT OCCURRED WHEN VEHICLE #1 RETURNED TO THE ROADWAY AND OVERTURNED ON IT'S LEFT SIDE.. VEHICLE #1 CAME TO REST ON IT'S LEFT SIDE, FACING SOUTH BETWEEN LANES 1 AND 2. ASSISTED BY TPR C. M. MCDONALD /892/ AND KANSAS CITY POLICE DEPARTMENT."
1041009,3190025764,Missouri State Highway Patrol-Troop I,1569283200000,190561245,1,0,0,1,Personal Injury,MARIES,NON-CITY OR UNINCORPORATED,I,1,1,0,902,0.17,B ,W ,MO 68,CRD 431,Dark-Unlighted,Fixed Object,2,,Tue     ,0,0,0,0,1,0,0,0,0,0,0,0,0,0,0,1,0,0,0,0,1,0,0,1,0,38.08963,-91.67887,0,09/24/2019,06:28:00,CRASH OCCURRED AS VEHICLE 1 TRAVELED OFF THE RIGHT SIDE OF THE ROADWAY AND OVERTURNED.
1502076,3190026104,Missouri State Highway Patrol-Troop H,1569283200000,190561257,1,0,1,0,Personal Injury,ANDREW,NON-CITY OR UNINCORPORATED,H,2,2,0,588,0.11,A ,S ,US 71,CRD 58,Daylight,Motor Vehicle in Transport,1,61,Tue     ,0,0,0,0,0,0,1,1,0,0,0,0,0,0,0,1,0,0,0,0,1,0,0,1,0,40.00887,-94.88029,0,09/24/2019,06:44:00,OCCURRED AS NR1 AND NR2 WERE SOUTHBOUND. NR2 PULLED INTO THE PATH OF NR1 FROM A STOP SIGN. NR1 STRUCK THE REAR OF NR2. NR2 CAME TO REST OFF THE RIGHT SIDE OF ROADWAY IN A DITCH AND NR1 CAME TO REST IN THE MIDDLE OF THE ROAD. ASSISTED BY SGT C.B. ROOT (1257)
1041006,3190025630,Missouri State Highway Patrol-Troop I,1569283200000,190561258,2,0,2,0,Personal Injury,MARIES,NON-CITY OR UNINCORPORATED,I,3,3,0,285,0.05,B ,N,US 63,MO 28 NJ,Daylight,Motor Vehicle in Transport,1,61,Tue     ,0,0,0,0,0,0,0,0,0,0,0,0,0,0,0,0,0,0,0,0,0,0,0,0,1,38.15136,-91.93235,0,09/24/2019,06:45:00,"CRASH OCCURRED AS VEHICLE 1 STRUCK VEHICLE 2 THAT WAS STOPPED IN TRAFFIC. VEHICLE 2 WAS PUSHED INTO THE OPPOSING LANE AND STRUCK BY THE TOWED UNIT OF VEHICLE 3. ASSISTED BY SGT J L KEATHLEY (838), TPR R A TYLER (428), VIENNA PD, AND THE VIENNA FIRE DEPARTMENT."
1011341,3190025331,Missouri State Highway Patrol-Troop D,1569283200000,190561297,1,0,1,0,Personal Injury,WEBSTER,NON-CITY OR UNINCORPORATED,D,1,1,0,559,0.11,A ,W ,CRD GOLF COURSE RD,CRD SETTLERS TRAIL RD,Daylight,Fixed Object,2,,Tue     ,0,0,0,0,0,0,0,0,0,0,0,0,0,0,0,0,0,0,0,0,0,0,0,0,0,37.34963,-92.85842,0,09/24/2019,07:10:00,OCCURRED AS VEH1 RAN OFF ROADWAY AND STRUCK A BRICK MAILBOX.
803640,3190027031,Missouri State Highway Patrol-Troop A,1569283200000,190561312,3,0,1,2,Personal Injury,JOHNSON,NON-CITY OR UNINCORPORATED,A,2,2,0,0,0,AT,W ,US 50,CRD NW 871,Daylight,Motor Vehicle in Transport,1,64,Tue     ,0,0,0,0,0,1,1,0,0,0,0,1,0,0,0,1,0,0,0,0,0,0,0,0,0,38.81928,-93.90708,0,09/24/2019,07:20:00,"CRASH OCCURRED AS VEH2 TRAVELED INTO THE PATH OF VEH1 WHILE ATTEMPTING TO CROSS THE INTERSECTION. ASSISTED BY MSGT. M. P. FENNEWALD /395/, TPR. J. W. HUNTER /848/, AND JOHNSON COUNTY."