objectid,accident,agency,inv_date,complaint,injured,killed,min_inj,dis_inj,severity,county,city,troop,no_vehicle,motor_veh,left_scene,dist_feet,dist_mile,inter_loc,direction,on_street,at_street,light_cond,acc_type,on_off_rd,two_veh,day_week,dr_drink,dr_drug,ped_drink,ped_drug,speed,dr_under21,dr_under25,dr_over55,dr_over64,electrical,emer_veh,stop_sign,yield_sign,czone,hazmat,aggressive,cell_phone,texting,veh_defect,school_bus,truck,motorcycle,atv,pickup,cmv,gps_lat,gps_long,severity_fatal,acc_date,acc_time,narrative
1181811,3190026658,Missouri State Highway Patrol-Troop F,1569283200000,190561384,1,1,0,1,Fatal,OSAGE,NON-CITY OR UNINCORPORATED,F,2,2,0,818,0.15,B ,N,US 63,PVT COUNTRY VALLEY TRL,Daylight,Motor Vehicle in Transport,1,60,Tue     ,0,0,0,0,0,0,1,0,0,0,0,0,0,0,0,1,0,0,0,0,0,0,0,0,0,38.46854,-92.00223,1,09/24/2019,07:54:00,"FATALITY CRASH - NEXT OF KIN NOTIFIED - VEHICLE 1 CROSSED THE CENTER LINE AND INTO THE PATH OF VEHICLE 2.  VEHICLE 1 STRUCK VEHICLE 2 HEAD ON.  DRIVER 2 PRONOUNCED DECEASED AT THE SCENE BY CORONER MICHAEL BONHAM AT 0917 HOURS.  THIS IS TROOP F'S 8TH FATALITY FOR SEPTEMBER AND 48TH FOR 2019.  ASSISTED BY SGT M.R. SCHMIDT (1114), SGT M.A. MITCHELL (494), CPL N.J. BORGMEYER (159), CPL C.J. NORTH (564), TPR B.R. PETERS (1384), AND MAJOR PARK RANGER J.D. CAMPBELL (R2)"
1161834,3190025923,Missouri State Highway Patrol-Troop F,1569283200000,190561396,1,0,1,0,Personal Injury,BOONE,NON-CITY OR UNINCORPORATED,F,1,1,0,1520,0.29,B ,S ,US 63,CRD PEABODY RD,Daylight,Fixed Object,2,,Tue     ,0,0,0,0,0,0,0,1,1,0,0,0,0,0,0,1,0,0,0,0,0,0,0,0,0,39.08108,-92.33003,0,09/24/2019,08:05:00,CRASH OCCURRED AS VEHICLE 1 TRAVELED OFF THE RIGHT SIDE OF THE ROADWAY AND STRUCK A DITCH.
1219692,3190026155,Missouri State Highway Patrol-Troop C,1569283200000,190561473,1,0,1,0,Personal Injury,FRANKLIN,NON-CITY OR UNINCORPORATED,C,2,2,0,1008,0.19,B ,W ,US 50,CRD GREENSTREET RD,Daylight,Motor Vehicle in Transport,1,64,Tue     ,0,0,0,0,0,0,0,1,1,0,0,0,0,0,0,0,0,0,0,0,1,0,0,0,1,38.41992,-91.19865,0,09/24/2019,08:35:00,DRIVER 1 FELL ASLEEP AND BECAME INATTENTIVE TO THE ROADWAY. VEHICLE 1 BEGAN SLOWING/SKIDDING. VEHICLE 1 CROSSED THE CENTER OF THE ROAD. DRIVER 2 ATTEMPTED TO AVOID VEHICLE 1 BY STEERING VEHICLE 2 TO THE RIGHT. THE FRONT LEFT OF VEHICLE 1 STUCK THE FRONT LEFT OF VEHICLE 2. VEHICLE 2 TRAVELED OFF THE RIGHT SIDE OF THE ROADWAY.
875532,3190025442,Missouri State Highway Patrol-Troop A,1569283200000,190561826,1,0,1,0,Personal Injury,PLATTE,NON-CITY OR UNINCORPORATED,A,2,2,Y,0,0,AT,N,IS 29,ERM NORTH IS 29 MILE 200,Daylight,Motor Vehicle in Transport,1,63,Tue     ,0,0,0,0,0,0,0,0,0,0,0,0,0,0,0,1,0,0,0,0,0,0,0,0,0,39.37531,-94.77649,0,09/24/2019,11:40:00,CRASH OCCURRED AS VEH1 ATTEMPTED TO OVERTAKE VEH2 WHILE VEH2 WAS MAKING A LANE CHAGE. VEH1 STRUCK THE SIDE OF VEH2.
1337786,3190025744,Missouri State Highway Patrol-Troop G,1569283200000,190562086,1,0,1,0,Personal Injury,SHANNON,NON-CITY OR UNINCORPORATED,G,1,1,0,2159,0.41,B ,N,MO 19,CRD 261,Daylight,Overturn,2,,Tue     ,0,0,0,0,0,0,0,0,0,0,0,0,0,0,0,1,0,0,0,0,0,1,0,0,0,37.37409,-91.42956,0,09/24/2019,13:40:00,ACCIDENT OCCURRED AS VEHICLE #1 RAN OFF THE ROADWAY AND OVERTURNED
1210646,3190026203,Missouri State Highway Patrol-Troop C,1569283200000,190562243,1,0,1,0,Personal Injury,ST. LOUIS,BERKELEY,C,2,2,0,163,0.03,A ,E ,IS 170,RP 6429,Daylight,Motor Vehicle in Transport,1,63,Tue     ,0,0,0,0,0,0,0,0,0,0,0,0,0,0,0,1,0,0,0,0,1,0,0,0,0,38.72549,-90.33196,0,09/24/2019,15:09:00,BOTH VEHICLES WERE TRAVELING SOUTHBOUND ON INTERSTATE 170. DRIVER 1 EXECUTED AN UNSAFE LANE CHANGE TO THE LEFT. THE FRONT DRIVER SIDE OF VEHICLE 1 STRUCK THE FRONT PASSENGER SIDE OF VEHICLE 2.
1132205,3190025470,Missouri State Highway Patrol-Troop E,1569283200000,190562417,1,0,1,0,Personal Injury,BUTLER,NON-CITY OR UNINCORPORATED,E,1,1,0,274,0.05,B ,S ,MO 53,CRD 202,Daylight,Overturn,2,,Tue     ,0,0,0,0,0,0,0,1,1,0,0,0,0,0,0,0,0,0,0,0,0,0,0,0,0,36.63793,-90.29751,0,09/24/2019,16:35:00,CRASH OCCURRED AS VEHICLE ONE RAN OFF THE RIGHT SIDE OF THE ROADWAY AND OVERTURNED
1126378,3190026965,Missouri State Highway Patrol-Troop E,1569283200000,190562502,1,0,1,0,Personal Injury,PEMISCOT,NON-CITY OR UNINCORPORATED,E,1,1,0,522,0.1,A ,W ,RT K,CRD 289,Daylight,Fixed Object,2,,Tue     ,0,0,0,0,0,1,1,0,0,0,0,0,0,0,0,1,0,0,0,0,0,0,0,0,0,36.26948,-89.8996,0,09/24/2019,17:35:00,CRASH OCCURRED AS VEHICLE ONE RAN OFF THE LEFT SIDE OF THE ROADWAY AND OVERTURNED. ASSISTED BY CPL. R.L.VANNADA #1117
1312056,3190026461,Missouri State Highway Patrol-Troop C,1569283200000,190562521,1,0,1,0,Personal Injury,ST. CHARLES,ST PETERS,C,2,2,0,227,0.04,B ,E ,IS 70,ERM EAST IS 70 MILE 2230,Daylight,Motor Vehicle in Transport,1,64,Tue     ,0,0,0,0,0,1,1,0,0,0,0,0,0,0,0,1,0,0,0,0,0,0,0,0,1,38.79855,-90.6065,0,09/24/2019,17:26:00,"VEHICLE 1 WAS TRAVELING IN LANE 4 AND VEHICLE 2 WAS TRAVELING IN LANE 3 ON EASTBOUND MISSOURI ROUTE 364.  DRIVER 1 CHANGED LANES WHEN UNSAFE TO DO SO, CAUSING VEHICLE 1 TO TRAVEL FROM LANE 4 TO LANE 3.  DRIVER 1 OVERCORRECTED AND VEHICLE 1 SLID INTO THE PATH OF VEHICLE 2'S TRAILER."
905402,3190025363,Missouri State Highway Patrol-Troop D,1569283200000,190562543,1,0,0,1,Personal Injury,CHRISTIAN,NON-CITY OR UNINCORPORATED,D,1,1,0,1103,0.21,A ,E ,US 60,CRD STAIGER RD,Daylight,Fixed Object,2,,Tue     ,0,0,0,0,1,0,0,0,0,0,0,0,0,0,0,1,0,0,0,0,0,0,0,0,0,37.02024,-93.60682,0,09/24/2019,17:35:00,CRASH OCCURRED AS VEHICLE 1 WAS TRAVELING WESTBOUND AND BEGAN SLIDING ON WET ROADWAY.  VEHICLE 1 TRAVELED OFF WEST SIDE OF ROADWAY STRIKING A CULVERT AND EMBANKMENT.  VEHICLE 1 OVERTURNED MULTIPLE TIMES.
914526,3190025846,Missouri State Highway Patrol-Troop D,1569283200000,190562616,1,0,1,0,Personal Injury,JASPER,NON-CITY OR UNINCORPORATED,D,2,2,0,0,0,AT,E ,CRD DOGWOOD RD,CRD COUNTY LANE 119,Daylight,Motor Vehicle in Transport,1,64,Tue     ,0,0,0,0,0,1,1,0,0,0,0,0,0,0,0,1,0,0,0,0,0,0,0,0,0,37.11116,-94.2747,0,09/24/2019,18:18:00,OCCURRED AS #1 FAILED TO YIELD TO #2. #2 STRUCK #1
1504783,3190025586,Missouri State Highway Patrol-Troop H,1569283200000,190562682,2,0,2,0,Personal Injury,DAVIESS,NON-CITY OR UNINCORPORATED,H,1,1,0,512,0.1,B ,N,IS 35,ERM NORTH IS 35 MILE 574,Daylight,Overturn,1,,Tue     ,0,0,0,0,0,0,0,0,0,0,0,0,0,0,0,1,0,0,0,0,1,0,0,0,1,39.79608,-94.20212,0,09/24/2019,18:55:00,"CRASH OCCURRED AS VEHICLE 1 WAS NORTHBOUND ON INTERSTATE 35.  VEHICLE 1 LOST CONTROL AND OVERCORRECTED TO THE RIGHT.  VEHICLE 1 OVERTURNED ONTO ITS DRIVER SIDE, COMING TO REST ON ITS DRIVER SIDE FACING SOUTHEAST.  ASSISTED BY SGT J. H. THOMPSON (927), TPR J. W. SMITH (372), DAVIESS COUNTY SHERIFF'S DEPARTMENT, AND KAW FIRE."
1227447,3190025369,Missouri State Highway Patrol-Troop C,1569283200000,190562685,1,0,1,0,Personal Injury,ST. LOUIS,BRIDGETON,C,1,1,0,997,0.19,A ,W ,MO 370,RP 226743 WJ,Dark-Unlighted,Fixed Object,2,,Tue     ,0,0,0,0,0,0,0,1,0,0,0,0,0,0,0,0,0,0,0,0,0,0,0,0,0,38.77648,-90.41333,0,09/24/2019,19:00:00,"VEHICLE #1 TRAVELING WESTBOUND MISSOURI 370 IN LANE #2, SWERVED TO AVOID A VEHICLE THAT CUT OFF VEHICLE #1. DRIVER #1 LOST CONTROL, STRUCK THE MEDIAN, CROSSED THE ROADWAY, AND TRAVELED OFF THE RIGHT SIDE OF ROADWAY."
1193158,3190025797,Missouri State Highway Patrol-Troop F,1569283200000,190562844,1,0,1,0,Personal Injury,GASCONADE,HERMANN,F,1,1,0,501,0.09,A ,E ,CST E 10TH ST,CST GELLERT ST,Daylight,Fixed Object,2,,Tue     ,0,0,0,0,1,1,1,0,0,0,0,0,0,0,0,1,0,0,0,0,0,0,0,0,0,38.69843,-91.4275,0,09/24/2019,20:40:00,OCCURRED AS VEHICLE 1 TRAVELED OFF THE RIGHT SIDE OF THE ROADWAY AND STRUCK A TREE.
1185984,3190026159,Missouri State Highway Patrol-Troop B,1569283200000,190562886,1,0,1,0,Personal Injury,SULLIVAN,NON-CITY OR UNINCORPORATED,B,1,1,0,0,0,AT,S ,RT B,RT N,Dark-Unlighted,Fixed Object,2,,Tue     ,0,0,0,0,0,0,0,0,0,0,0,1,0,0,0,1,0,0,0,0,0,0,0,0,0,40.26918,-93.02569,0,09/24/2019,21:00:00,"VEHICLE 1 FAILED TO STOP AT THE INTERSECTION, TRAVELED OFF THE ROADWAY THROUGH A FENCE, STRUCK A TREE,  OVERTURNED AND CAME TO REST IN A DITCH.  ASSISTED BY SULLIVAN COUNTY SHERIFF'S OFFICE AND GREEN CITY RURAL FIRE DEPARTMENT."
1184239,3190025872,Missouri State Highway Patrol-Troop F,1569283200000,190562966,1,0,1,0,Personal Injury,AUDRAIN,NON-CITY OR UNINCORPORATED,F,1,1,Y,644,0.12,A ,E ,US 54,RT HH,Dark-Unlighted,Pedestrian,1,,Tue     ,0,0,0,0,0,0,0,0,0,0,0,0,0,0,0,0,0,0,0,0,0,0,0,0,0,39.0708,-91.89677,0,09/24/2019,22:45:00,OCCURRED AS VEHICLE 1 SWERVED TO MISS A PEDESTRIAN IN THE ROADWAY AND STRUCK THE PEDESTRIAN.
1173907,3190026756,Missouri State Highway Patrol-Troop F,1569283200000,190562976,0,1,0,0,Fatal,BOONE,ASHLAND,F,1,1,0,1056,0.2,A ,S ,US 63,CST PETERSON LN,Dark-Unlighted,Pedestrian,1,,Tue     ,0,0,1,0,0,0,0,0,0,0,0,0,0,0,0,0,0,0,0,0,0,0,0,0,0,38.75677,-92.25317,1,09/24/2019,23:08:00,"***FATALITY ACCIDENT*** ***NEXT OF KIN NOTIFIED*** OCCURRED AS VEHICLE 1 WAS TRAVELING SOUTHBOUND IN THE PASSING LANE, PEDESTRIAN 1 WAS WALKING IN PASSING LANE, VEHICLE 1 STRUCK PEDESTRIAN. PRONOUNCED ON SCENE BY INVESTIGATOR DORI BURKE AT 2310.  THIS IS TROOP F'S 9TH FATALITY FOR SEPTEMBER AND 49TH FOR 2019.  ASSISTED BY TPR. B. L. HARRIS (700), ASHLAND PD, BOONE COUNTY SHERIFF'S DEPARTMENT AND KOKOMO, IN PD."
794247,3190025746,Missouri State Highway Patrol-Troop A,1569369600000,190563017,1,0,1,0,Personal Injury,CASS,NON-CITY OR UNINCORPORATED,A,1,1,0,160,0.03,A ,N,IS 49,ERM NORTH IS 49 MILE 1636,Dark-Unlighted,Fixed Object,2,,Wed     ,0,0,0,0,0,0,1,0,0,0,0,0,0,0,0,1,0,0,0,0,1,0,0,1,0,38.67846,-94.41951,0,09/25/2019,00:10:00,"CRASH OCCURRED AS VEHICLE 1 TRAVELED OFF THE RIGHT SIDE OF THE ROADWAY, STRUCK A DITCH, AND OVERTURNED."
1337785,3190025374,Missouri State Highway Patrol-Troop G,1569369600000,190563029,1,0,1,0,Personal Injury,SHANNON,NON-CITY OR UNINCORPORATED,G,1,1,0,7391,1.4,A ,W ,MO 106,CRD 308,Dark-Unlighted,Animal,1,,Wed     ,0,0,0,0,0,0,1,0,0,0,0,0,0,0,0,0,0,0,0,0,0,0,0,0,0,37.15204,-91.46407,0,09/25/2019,00:40:00,ACCIDENT OCCURRED AS VEHICLE #1 STRUCK A DEER IN ROADWAY.
1210887,3190025500,Missouri State Highway Patrol-Troop F,1569369600000,190563121,1,0,1,0,Personal Injury,COLE,NON-CITY OR UNINCORPORATED,F,1,1,0,450,0.09,B ,N,CRD TANNER BRIDGE RD,PVT VIDA LN,Dark-Unlighted,Fixed Object,2,,Wed     ,0,0,0,0,1,0,1,0,0,0,0,0,0,0,0,1,0,0,0,0,0,0,0,0,0,38.51583,-92.19807,0,09/25/2019,06:10:00,"VEHICLE 1 TRAVELED ACROSS CENTER LINE, DRIVER 1 OVERCORRECTED TO RIGHT SIDE OF ROADWAY, CAUSING VEHICLE 1 TO LEAVE ROADWAY AND STRIKE TREE."
1500229,3190025422,Missouri State Highway Patrol-Troop H,1569369600000,190563244,1,0,1,0,Personal Injury,CLINTON,NON-CITY OR UNINCORPORATED,H,1,1,0,2640,0.5,B ,E ,RT H,BRIDGE A6540,Daylight,Overturn,2,,Wed     ,0,0,0,0,0,0,0,1,0,0,0,0,0,0,0,0,0,0,0,0,0,1,0,0,0,39.63077,-94.37998,0,09/25/2019,08:00:00,OCCURRED AS NR1 WAS EASTBOUND. NR1 RAN OFF THE RIGHT SIDE OF ROADWAY AND OVERTURNED. ASSISTED BY TPR M.S. CLINE (440)
1286304,3190026585,Missouri State Highway Patrol-Troop C,1569369600000,190563682,0,0,0,0,Property Damage,ST. FRANCOIS,NON-CITY OR UNINCORPORATED,C,1,1,0,1314,0.25,A ,E ,CRD OLD FREDERICKTOWN,CST S HAVEN DR,Daylight,Fixed Object,2,,Wed     ,0,0,0,0,0,0,0,0,0,0,0,0,0,0,0,0,0,0,0,0,0,0,0,0,0,37.75943,-90.41172,0,09/25/2019,11:55:00,"VEHICLE 1 TRAVELED OFF THE RIGHT SIDE OF THE ROADWAY, STRUCK A CULVERT, AND RETURNED TO THE ROADWAY COMING TO REST."
995904,3190025575,Missouri State Highway Patrol-Troop D,1569369600000,190563916,2,0,2,0,Personal Injury,STONE,NON-CITY OR UNINCORPORATED,D,2,2,0,0,0,AT,E ,MO 76,MO 265 EJ,Daylight,Motor Vehicle in Transport,1,60,Wed     ,0,0,0,0,0,0,0,0,0,1,0,0,0,0,0,1,0,0,0,0,1,0,0,1,0,36.67532,-93.32637,0,09/25/2019,13:50:00,"CRASH OCCURRED AS VEHICLE 1 ATTEMPTED TO MAKE LEFT TURN IN FRONT OF VEHICLE 2, VEHICLE 2 STRUCK VEHICLE 1 HEAD ON."
1231748,3190025889,Missouri State Highway Patrol-Troop C,1569369600000,190564051,1,0,1,0,Personal Injury,LINCOLN,NON-CITY OR UNINCORPORATED,C,1,1,0,2640,0.5,A ,S ,RT A,CRD TUNNEL RD,Daylight,Overturn,2,,Wed     ,0,0,0,0,0,0,0,1,0,0,0,0,0,0,0,0,0,0,0,0,0,0,0,0,0,38.99305,-91.21326,0,09/25/2019,15:05:00,"VEHICLE #1 TRAVELING WESTBOUND HIGHWAY A SWERVED TO MISS AN ANIMAL. VEHICLE #1 TRAVELED OFF THE LEFT SIDE OF ROADWAY, RETURNED TO THE ROADWAY, AND  OVERTURNED."
1187551,3190026805,Missouri State Highway Patrol-Troop B,1569369600000,190564168,3,0,3,0,Personal Injury,MARION,NON-CITY OR UNINCORPORATED,B,2,2,0,0,0,AT,N,CRD VETERANS ROAD,CRD 412,Daylight,Motor Vehicle in Transport,1,64,Wed     ,0,0,0,0,0,0,0,1,1,1,0,1,0,0,0,1,0,0,0,0,0,0,0,0,0,39.70964,-91.41877,0,09/25/2019,15:55:00,"VEHICLE 1 DROVE INTO THE PATH OF VEHICLE 2.  VEHICLES COLLIDED COMNG TO REST IN THE ROADWAY.  ASSISTED BY HANNIBAL PD, MARION COUNTY SHERIFF'S OFFICE, HANNIBAL RURAL FIRE, MARION COUNTY AMBULANCE."
1129280,3190025970,Missouri State Highway Patrol-Troop E,1569369600000,190564169,1,0,1,0,Personal Injury,CAPE GIRARDEAU,NON-CITY OR UNINCORPORATED,E,2,2,0,220,0.04,B ,N,IS 55,ERM NORTH IS 55 MILE 1034,Daylight,Motor Vehicle in Transport,1,61,Wed     ,0,1,0,0,0,0,0,0,0,0,0,0,0,0,0,1,1,0,0,0,0,0,0,0,1,37.39684,-89.62432,0,09/25/2019,16:00:00,CRASH OCCURRED AS VEHICLE 1 STRUCK THE REAR OF VEHICLE 2.
1286302,3190026578,Missouri State Highway Patrol-Troop C,1569369600000,190564189,1,1,0,1,Fatal,ST. FRANCOIS,NON-CITY OR UNINCORPORATED,C,1,1,0,190,0.04,A ,S ,MO 47,PVT STORK,Daylight,Fixed Object,2,,Wed     ,0,0,0,0,0,0,0,0,0,0,0,0,1,0,0,0,0,0,0,0,0,0,0,0,0,37.94728,-90.63895,1,09/25/2019,16:01:00,VEHICLE ONE WAS TRAVELING EASTBOUND ON MISSOURI 47.  DRIVER ONE TRAVELED OFF THE RIGHT ROAD EDGE AND STRUCK A TREE. VEHICLE ONE THEN RETURNED TO THE ROADWAY. ASSISTED BY TPR K L ELLEDGE (396).
941754,3190026050,Missouri State Highway Patrol-Troop D,1569369600000,190564354,1,0,1,0,Personal Injury,DALLAS,NON-CITY OR UNINCORPORATED,D,4,4,0,227,0.04,A ,N,US 65,RT NN,Daylight,Fixed Object,2,,Wed     ,0,0,0,0,0,0,0,0,0,0,0,0,0,0,0,0,0,0,0,0,0,1,0,0,0,37.86131,-93.17764,0,09/25/2019,17:15:00,"CRASH OCCURRED AS VEHICLE 1 WAS TRAVELING SOUTHBOUND ON US 65, DRIVER 1 SWERVED TO MISS AN ANIMAL IN THE ROADWAY, VEHICLE 1 TRAVELED OFF ROADWAY, STRIKING AN EMBANKMENT, VEHICLE 1 VAULTED STRIKING THE ROOF OF A BUSINESS, VEHICLE 1 THEN STRUCK SEVERAL PARKED MOTORCYCLES COMING TO A REST ON ITS TOP IN THE PARKING LOT OF THE BUSINESS."
783265,3190025502,Missouri State Highway Patrol-Troop A,1569369600000,190564377,1,0,1,0,Personal Injury,PLATTE,KANSAS CITY,A,3,3,0,211,0.04,B ,N,IS 29,ERM NORTH IS 29 MILE 52,Daylight,Motor Vehicle in Transport,1,61,Wed     ,0,0,0,0,0,1,1,0,0,0,0,0,0,0,0,1,0,0,0,0,1,0,0,1,0,39.2045,-94.63257,0,09/25/2019,17:28:00,"CRASH OCCURRED AS VEHICLE 2 AND 3 WERE STOPPED IN TRAFFIC; VEHICLE 1 STRUCK THE REAR OF VEHICLE 2, PUSHING VEHICLE 2 INTO VEHICLE 3."
905404,3190026551,Missouri State Highway Patrol-Troop D,1569369600000,190564484,1,0,0,1,Personal Injury,CHRISTIAN,NON-CITY OR UNINCORPORATED,D,1,1,0,2001,0.38,B ,E ,CRD 194,PVT BROOKFIELD DR,Daylight,Fixed Object,2,,Wed     ,1,0,0,0,0,0,0,0,0,0,0,0,0,0,0,1,0,0,0,0,0,0,0,0,0,37.0923,-93.22529,0,09/25/2019,18:29:00,OCCURRED AS #1 LEFT THE ROADWAY AND OVERTURNED.   ASSISTED BY CPL C.A. STALLCUP #1105
783887,3190026295,Missouri State Highway Patrol-Troop A,1569369600000,190564544,3,0,3,0,Personal Injury,ST. CLAIR,NON-CITY OR UNINCORPORATED,D,2,2,0,0,0,AT,N,MO 13,CRD LAKELAND SCHOOL RD,Dark-Unlighted,Motor Vehicle in Transport,1,64,Wed     ,0,0,0,0,0,0,0,0,0,0,0,1,0,0,0,1,0,0,0,0,1,0,0,1,0,38.20077,-93.74844,0,09/25/2019,18:50:00,CRASH OCCURRED AS VEHICLE 2 FAILED TO YIELD TO VEHICLE 1 AND PULLED INTO THE PATH OF VEHICLE 1. VEHICLE 1 STRUCK VEHICLE 2. ASSISTED BY CPL R C WEST /1170/ AND ST CLAIR COUNTY SHERIFF'S DEPARTMENT.
991166,3190025776,Missouri State Highway Patrol-Troop D,1569369600000,190564554,1,0,1,0,Personal Injury,NEWTON,DIAMOND,D,1,1,0,25,0,A ,E ,CST THIRD ST,CST DEPOT STREET,Daylight,Overturn,1,,Wed     ,0,0,0,0,0,0,0,0,0,0,0,0,0,0,0,0,0,0,0,0,0,0,0,0,0,36.9931,-94.31058,0,09/25/2019,19:00:00,VEH #1 WAS TRAVELING EASTBOUND WHEN THE FRONT TIRE RAISED AND EJECTED DVR #1.
803639,3190025732,Missouri State Highway Patrol-Troop A,1569369600000,190564739,1,0,1,0,Personal Injury,JOHNSON,NON-CITY OR UNINCORPORATED,A,1,1,0,971,0.18,B ,S ,MO 131,CRD NW 355,Dark-Unlighted,Fixed Object,2,,Wed     ,0,0,0,0,0,1,1,0,0,0,0,0,0,0,0,1,0,0,0,0,0,0,0,0,0,38.82878,-93.99178,0,09/25/2019,21:15:00,CRASH OCCURRED AS VEHICLE 1 TRAVELED OFF THE LEFT SIDE OF THE ROADWAY AND STRUCK A DITCH. VEHICLE 1 WENT AIRBORNE AND OVERTURNED. ASSISTED BY TPR C. R. BLACKMON /218/
990080,3190026097,Missouri State Highway Patrol-Troop D,1569369600000,190564805,1,0,1,0,Personal Injury,NEWTON,NON-CITY OR UNINCORPORATED,D,1,1,0,31,0.01,A ,S ,IS 49,BRIDGE A5219,Dark-Unlighted,Fixed Object,2,,Wed     ,0,0,0,0,0,0,0,0,0,0,0,0,0,0,0,0,0,0,0,0,0,0,0,0,0,36.99669,-94.43162,0,09/25/2019,22:20:00,"THE WINDOWS FOGGED UP ON NBR 1.  DVR 1 WAS UNABLE TO SEE, NBR 1 STRUCK THE BRIDGE AND THEN RAN OFF THE ROADWAY."
1129281,3190026025,Missouri State Highway Patrol-Troop E,1569369600000,190564820,0,1,0,0,Fatal,CAPE GIRARDEAU,NON-CITY OR UNINCORPORATED,E,1,1,0,417,0.08,A ,N,RT D,BRIDGE P0724,Dark-Unlighted,Fixed Object,2,,Wed     ,0,0,0,0,0,0,0,0,0,0,0,0,0,0,0,0,0,0,0,0,1,0,0,1,0,37.46937,-89.73183,1,09/25/2019,22:30:00,"***FATALITY CRASH***NEXT OF KIN NOTIFIED***CRASH OCCURRED AS VEHICLE 1 RAN OFF ROADWAY, STRUCK A TREE, OVERTURNED AND EJECTED DRIVER.  PRONOUNCED AT THE SCENE AT 2258 BY CAPE GIRARDEAU COUNTY CORONER DENNIS TURNER.  TROOP E FATALITY #40 FOR 2019."
1148633,3190025847,Missouri State Highway Patrol-Troop E,1569456000000,190564939,1,0,1,0,Personal Injury,STODDARD,NON-CITY OR UNINCORPORATED,E,1,1,0,2640,0.5,A ,S ,CRD 607,CRD 627,Dark-Unlighted,Fixed Object,2,,Thu     ,1,0,0,0,0,1,1,0,0,0,0,0,0,0,0,1,0,0,0,0,1,0,0,1,0,36.73151,-89.99038,0,09/26/2019,01:55:00,VEH1 RAN OFF THE ROADWAY AND STRUCK A TREE
1192975,3190026113,Missouri State Highway Patrol-Troop B,1569456000000,190564948,2,0,2,0,Personal Injury,RALLS,NON-CITY OR UNINCORPORATED,B,1,1,0,860,0.16,B ,E ,US 36,CRD TUPELO ROAD,Dark-Unlighted,Overturn,2,,Thu     ,0,0,0,0,1,0,0,0,0,0,0,0,0,0,0,1,0,0,0,0,0,0,0,0,0,39.66526,-91.67594,0,09/26/2019,02:30:00,"VEHICLE 1 LOST CONTROL ON A CURVE, TRAVELED OFF THE RIGHT SIDE OF THE ROADWAY OVERTURNED AND EJECTED THE DRIVER.  ASSISTED BY RALLS COUNTY SHERIFF'S OFFICE AND MONROE COUNTY FIRE DEPARTMENT."
1171283,3190025707,Missouri State Highway Patrol-Troop F,1569456000000,190564980,1,0,1,0,Personal Injury,MORGAN,NON-CITY OR UNINCORPORATED,F,1,1,0,153,0.03,A ,E ,RT C,RT AA,Dark-Unlighted,Fixed Object,2,,Thu     ,0,0,0,0,0,0,0,0,0,0,0,0,0,0,0,0,0,0,0,0,0,0,0,0,0,38.45516,-92.66517,0,09/26/2019,05:53:00,"VEHICLE 1 WENT OFF THE RIGHT SIDE OF THE ROADWAY AND STRUCK A ROADWAY SIGN,  DRIVER 1 OVERCORRECTED CAUSING VEHICLE 1 TO GO OFF THE LEFT SIDE OF THE ROADWAY AND STRIKE ANOTHER ROADWAY SIGN.  ASSISTED BY SGT. A. R. SULLIVAN (621)"
1263832,3190026167,Missouri State Highway Patrol-Troop C,1569456000000,190565004,1,0,1,0,Personal Injury,WARREN,WARRENTON,C,1,1,0,390,0.07,A ,W ,IS 70,ERM WEST IS 70 MILE 1964,Daylight,Fixed Object,2,,Thu     ,0,0,0,0,0,0,0,0,0,0,0,0,0,0,0,0,0,0,0,0,0,0,0,0,0,38.82105,-91.09061,0,09/26/2019,06:20:00,DRIVER 1 SUFFERED A MEDICAL CONDITION CAUSING VEHICLE 1 TO TRAVEL OFF THE LEFT SIDE OF THE ROADWAY AND STRIKE AN EMBANKMENT. VEHICLE 1 OVERTURNED SEVERAL TIMES. ASSISTED BY TPR. M. E. MORICE (545)
1225214,3190026039,Missouri State Highway Patrol-Troop C,1569456000000,190565181,2,0,2,0,Personal Injury,JEFFERSON,NON-CITY OR UNINCORPORATED,C,2,2,0,528,0.1,A ,N,RT W,PVT EUREKA,Daylight,Motor Vehicle in Transport,1,60,Thu     ,0,0,0,0,0,0,0,1,1,0,0,0,0,0,0,1,0,0,0,0,1,0,0,1,0,38.46431,-90.6276,0,09/26/2019,08:20:00,DRIVER 1 ATTEMPTED TO SLOW VEHICLE 1 CAUSING VEHICLE 1 TO SKID ACROSS THE CENTER LINE OF THE ROAD. DRIVER 2 ATTEMPTED TO AVOID VEHICLE 1 BY STEERING TO THE RIGHT CAUSING VEHICLE 2 TO SKID.  THE FRONT OF VEHICLE 1 STRUCK THE FRONT OF VEHICLE 2 THEN VEHICLE 2 CAME TO REST OFF THE RIGHT SIDE OF THE ROADWAY. ASSISTED BY TPR J S HUSKEY (1265)
968341,3190025619,Missouri State Highway Patrol-Troop D,1569456000000,190565503,3,0,2,1,Personal Injury,BARRY,NON-CITY OR UNINCORPORATED,D,1,1,0,5280,1,B ,E ,MO 90,RT NN,Daylight,Fixed Object,2,,Thu     ,0,0,0,0,0,0,0,0,0,0,0,0,0,0,0,0,0,0,0,0,1,0,0,1,0,36.5711,-94.04367,0,09/26/2019,10:50:00,"CRASH OCCURRED AS VEHICLE #1 RAN OFF THE ROADWAY, STRUCK A DITCH, OVERTURNED, AND DRIVER WAS EJECTED."