objectid,accident,agency,inv_date,complaint,injured,killed,min_inj,dis_inj,severity,county,city,troop,no_vehicle,motor_veh,left_scene,dist_feet,dist_mile,inter_loc,direction,on_street,at_street,light_cond,acc_type,on_off_rd,two_veh,day_week,dr_drink,dr_drug,ped_drink,ped_drug,speed,dr_under21,dr_under25,dr_over55,dr_over64,electrical,emer_veh,stop_sign,yield_sign,czone,hazmat,aggressive,cell_phone,texting,veh_defect,school_bus,truck,motorcycle,atv,pickup,cmv,gps_lat,gps_long,severity_fatal,acc_date,acc_time,narrative
1171282,3190027381,Missouri State Highway Patrol-Troop F,1569456000000,190565573,1,0,0,1,Personal Injury,MORGAN,NON-CITY OR UNINCORPORATED,F,1,1,0,786,0.15,B ,S ,RT D,PVT SUNNY LN,Daylight,Fixed Object,2,,Thu     ,0,0,0,0,0,0,1,0,0,0,0,0,0,0,0,0,0,0,0,0,0,0,0,0,1,38.53301,-92.89214,0,09/26/2019,11:13:00,"VEHICLE 1 WENT OFF THE RIGHT SIDE OF THE ROADWAY, RETURNED TO ROADWAY AND DRIVER 1 OVERCORRECTED.   VEHICLE 1 THEN WENT OFF THE RIGHT SIDE OF THE ROADWAY AND STRUCK A FENCE AND A TREE."
1184240,3190026019,Missouri State Highway Patrol-Troop F,1569456000000,190565713,1,0,1,0,Personal Injury,AUDRAIN,NON-CITY OR UNINCORPORATED,F,1,1,0,192,0.04,B ,N,RT P,CRD 549,Daylight,Fixed Object,2,,Thu     ,0,0,0,0,0,0,0,1,1,0,0,0,0,0,0,0,0,0,0,0,0,0,0,0,0,39.30755,-91.53269,0,09/26/2019,12:50:00,"CRASH OCCURRED AS VEHICLE 1 TRAVELED OFF RIGHT SIDE, DRIVER 1 OVER CORRECTED CAUSING VEHICLE 1 TO GO ACROSS THE ROADWAY AND OVERTURN. ASSISTED BY AUDRAIN COUNTY SHERIFF'S DEPARTMENT."
1508858,3190026138,Missouri State Highway Patrol-Troop H,1569456000000,190565805,2,0,1,1,Personal Injury,HOLT,NON-CITY OR UNINCORPORATED,H,1,1,0,145,0.03,B ,W ,CRD 320,CRD UMBER RD,Daylight,Pedestrian,1,,Thu     ,0,0,0,0,0,0,0,0,0,0,0,0,0,0,,0,0,0,1,0,0,0,0,0,1,39.93865,-95.03669,0,09/26/2019,13:27:00,"ACCIDENT OCCURRED AS VEH #1 WAS FACING WESTBOUND ON HOLT 320, UNOCCUPIED, WITH MECHANICAL DEFECTS. PEDESTRIAN #1 WAS LAYING UNDERNEATH THE TOWED UNIT TRYING TO RELEASE THE UNIT'S LOCKED-UP BRAKES. WHEN THE BRAKES RELEASED, VEH #1 BEGAN ROLLING BACKWARDS, EASTBOUND, DRAGGING AND THEN ROLLING OVER PEDESTRIAN #1. PEDESTRIAN #2 WAS BEHIND VEH #1 AND ATTEMPTED TO ROLL OUT OF THE PATH OF VEH #1. THE TOWED UNIT STRUCK PEDESTRIAN #2. THE POWER UNIT OF VEH #1 TRAVELED OFF THE NORTH SIDE OF THE ROAD AND JACKKNIFED, COMING TO REST OFF THE ROAD WITH THE TOWED UNIT BLOCKING HOLT 320. ASSISTED BY TPR T.L. SHUPE (1432), TPR K.L. EBERSOLD (381), TPR M.A. HARRIS (282), CVO K.L. SHEWEY (W066), HOLT COUNTY SHERIFF'S DEPARTMENT, AND OREGON FIRST RESPONDERS."
1509445,3190026201,Missouri State Highway Patrol-Troop H,1569456000000,190565891,1,0,1,0,Personal Injury,NODAWAY,NON-CITY OR UNINCORPORATED,H,1,1,0,3168,0.6,B ,W ,MO 46,CRD HAWK,Daylight,Fixed Object,2,,Thu     ,0,0,0,0,0,0,0,1,0,0,0,0,0,0,0,1,0,0,0,0,0,1,0,0,0,40.34574,-94.89889,0,09/26/2019,14:10:00,ACCIDENT OCCURRED AS VEH #1 WAS WESTBOUND ON MO46. THE DRIVER'S HELMET SLID OVER HIS EYES AND VEH #1 TRAVELED OFF THE RIGHT SIDE OF THE ROADWAY. VEH #1 STRUCK AN EMBANKMENT AND CAME TO REST ON ITS SIDE OFF THE RIGHT SIDE OF THE ROADWAY. ASSISTED BY NODAWAY COUNTY SHERIFF'S DEPARTMENT AND MARYVILLE DEPARTMENT OF PUBLIC SAFETY.
990079,3190025955,Missouri State Highway Patrol-Troop D,1569456000000,190565972,1,1,1,0,Fatal,NEWTON,NON-CITY OR UNINCORPORATED,D,2,2,0,0,0,AT,N,RT C,CRD DUTCH ELM RD,Daylight,Motor Vehicle in Transport,1,64,Thu     ,0,0,0,0,0,0,1,1,0,0,0,1,0,0,0,1,0,0,0,0,1,0,0,1,0,36.98687,-94.53812,1,09/26/2019,14:50:00,"FATALITY REPORT - THIS IS TROOP D'S 81ST FATALITY FOR 2019.  NEXT OF KIN NOTIFIED.  CRASH OCCURRED AS VEHICLE 2 WAS TRAVELING NORTHBOUND ON RTE C, VEHICLE 1 FAILED TO YIELD AND COLLIDED WITH VEHICLE 2.  VEHICLE 2 OVERTURNED, EJECTING THE PASSENGER.  SUBJECT PRONOUNCED BY DR PACE AT MERCY HOSPITAL AT 1603 HOURS. AS REQUIRED BY LAW, THE SURVIVING DRIVER WAS TESTED FOR ALCOHOL  ASSISTED BY NEWTON COUNTY SHERIFF OFFICE, REDDINGS MILL FIRE DEPARTMENT, TPR K.L. KNIGHT / 658/."
910516,3190025488,Missouri State Highway Patrol-Troop D,1569456000000,190566039,1,0,1,0,Personal Injury,GREENE,NON-CITY OR UNINCORPORATED,D,1,1,0,797,0.15,A ,S ,CRD 107,CRD 148,Daylight,Animal,1,,Thu     ,0,0,0,0,0,0,0,1,0,0,0,0,0,0,0,0,0,0,0,0,0,1,0,0,0,37.18137,-93.40543,0,09/26/2019,15:25:00,"CRASH OCCURRED AS VEHICLE 1 STRUCK A DOG IN THE ROADWAY.  VEHICLE 1 OVERTURNED, EJECTING DRIVER 1."
1156751,3190025784,Missouri State Highway Patrol-Troop E,1569456000000,190566236,1,0,1,0,Personal Injury,SCOTT,NON-CITY OR UNINCORPORATED,E,1,1,0,253,0.05,A ,S ,IS 55,ERM SOUTH IS 55 MILE 770,Daylight,Fixed Object,2,,Thu     ,0,0,0,0,0,0,1,0,0,0,0,0,0,0,0,1,0,0,0,0,0,0,0,0,0,37.03058,-89.5355,0,09/26/2019,17:05:00,CRASH OCCURRED AS VEHICLE 1 RAN OFF LEFT SIDE OF ROADWAY AND STRUCK CABLE BARRIER.
1042305,3190025562,Missouri State Highway Patrol-Troop I,1569456000000,190566377,1,0,0,1,Personal Injury,LACLEDE,NON-CITY OR UNINCORPORATED,I,1,1,0,73,0.01,B ,W ,MO 32,CRD ROSE LAWN DR,Daylight,Fixed Object,2,,Thu     ,0,0,0,0,0,0,0,0,0,0,0,0,0,0,0,0,0,0,0,0,0,0,0,0,0,37.6666,-92.5862,0,09/26/2019,18:00:00,"VEHICLE 1 TRAVELED OFF THE RIGHT SIDE OF THE ROAD, STRIKING A TRASH CAN, GUARD RAIL, AND THE DITCH BEFORE COMING TO REST OFF THE ROADWAY."
915609,3190028438,Missouri State Highway Patrol-Troop D,1569456000000,190566473,0,1,0,0,Fatal,JASPER,NON-CITY OR UNINCORPORATED,D,1,1,0,285,0.05,B ,E ,CRD JACKPINE RD,CST 160,Daylight,Fixed Object,2,,Thu     ,0,0,0,0,0,0,0,0,0,0,0,0,0,0,0,0,0,0,0,0,0,0,0,0,1,37.1948,-94.34605,1,09/26/2019,19:00:00,"FATALITY ACCIDENT - NEXT OF KIN NOTIFIED - THIS IS TROOP D'S 6TH FATALITY FOR 2019.  DVR 1 DROVE OFF THE EDGE OF THE ROAD AND STRUCK A FENCE.  NBR 2 CONTINUED THROUGH A MUDDY DITCH, OVERTURNED AND STRUCK A TREE.  DVR 1 WAS PRONOUNCED AT THE SCENE BY DEPUTY CORONER PRISCILLA ATWOOD AT 1920 HOURS."
961831,3190025817,Missouri State Highway Patrol-Troop D,1569456000000,190566670,1,0,1,0,Personal Injury,POLK,NON-CITY OR UNINCORPORATED,D,1,1,0,3695,0.7,A ,W ,RT BB,CRD 62ND RD,Dark-Unlighted,Fixed Object,2,,Thu     ,0,0,0,0,0,0,0,0,0,0,0,0,0,0,0,1,0,0,0,0,1,0,0,1,0,37.65679,-93.52011,0,09/26/2019,21:30:00,NR1 RAN OFF ROADWAY AND STRUCK A TREE.
925638,3190025830,Missouri State Highway Patrol-Troop D,1569456000000,190566734,1,1,1,0,Fatal,MCDONALD,NON-CITY OR UNINCORPORATED,D,1,1,0,834,0.16,B ,N,MO 59,CRD MCDONALD ROAD,Dark-Unlighted,Pedestrian,1,,Thu     ,,,,,,1,1,0,0,0,0,0,0,0,0,,0,0,,0,0,0,0,0,0,36.7574,-94.41608,1,09/26/2019,22:22:00,"FATALITY ACCIDENT - NEXT OF KIN NOTIFIED - THIS IS TROOP D'S 83RD FATALITY FOR 2019.  NBR 1 WAS OVERTAKING ANOTHER VEHICLE AND STRUCK THE PEDESTRIAN WALKING IN THE NORTHBOUND LANE.  SUBJECT PRONOUNCED AT THE SCENE AT 2251 HOURS BY MCDONALD COUNTY CORONER B. J. GOODWIN.  PER STATE LAW, SURVIVING DRIVER TESTED FOR ALCOHOL."
1011910,3190026999,Missouri State Highway Patrol-Troop D,1569456000000,190566746,2,0,2,0,Personal Injury,WEBSTER,MARSHFIELD,D,2,2,0,374,0.07,B ,W ,IS 44,ERM WEST IS 44 MILE 1016,Dark-Unlighted,Motor Vehicle in Transport,1,64,Thu     ,0,0,0,0,0,0,0,0,0,0,0,0,0,0,0,0,0,0,0,0,0,0,0,0,0,37.3497,-92.92235,0,09/26/2019,22:25:00,NBR 2 WAS INVOLVED A PRIOR ACCIDENT AND WAS DISABLED BLOCKING THE ROADWAY.  NBR 1 STRUCK NBR 2.
1333994,3190026834,Missouri State Highway Patrol-Troop G,1569542400000,190566883,3,0,2,1,Personal Injury,WRIGHT,NON-CITY OR UNINCORPORATED,G,1,1,Y,89,0.02,A ,E ,CRD KNOTTS RD,CRD STAIRSTEP RD,Dark-Unlighted,Fixed Object,2,,Thu     ,0,1,0,0,1,0,0,0,0,0,0,0,0,0,0,1,0,0,0,0,1,0,0,1,0,37.19657,-92.36098,0,09/26/2019,22:42:00,ACCIDENT OCCURRED AS VEHICLE #1 WAS NORTHBOUND ON KNOTTS ROAD AND TRAVELED OFF THE LEFT SIDE OF ROADWAY AND OVERTURNED.
1277973,3190026432,Missouri State Highway Patrol-Troop C,1569542400000,190566898,1,0,1,0,Personal Injury,ST. CHARLES,LAKE ST LOUIS,C,2,2,0,84,0.02,A ,E ,IS 70,BRIDGE L0206,Dark-Lighted,Parked Motor Vehicle,2,63,Fri     ,0,0,0,0,0,0,0,1,1,0,0,0,0,0,0,1,0,0,0,0,0,0,0,0,0,38.80379,-90.76445,0,09/27/2019,03:10:00,VEHICLE 2 WAS PARKED ON THE RIGHT SHOULDER OF EASTBOUND I-70 EAST OF LAKE ST LOUIS BLVD. DRIVER 1 TRAVELED OFF THE RIGHT SIDE OFF THE ROADWAY AND STRUCK VEHICLE 2.
1012434,3190026247,Missouri State Highway Patrol-Troop D,1569542400000,190566905,1,0,0,1,Personal Injury,VERNON,NON-CITY OR UNINCORPORATED,D,1,1,0,390,0.07,A ,E ,US 54,RT T,Dark-Unlighted,Fixed Object,2,,Fri     ,0,0,0,0,1,1,1,0,0,0,0,0,0,0,0,1,0,0,1,0,0,0,0,0,0,37.84338,-94.582,0,09/27/2019,03:40:00,VEHICLE 1 LEFT THE ROADWAY AND STRUCK A TELEPHONE POLE WHILE BEING PURSUED BY VERNON COUNTY DEPUTY.
1292457,3190026353,Missouri State Highway Patrol-Troop C,1569542400000,190566927,1,0,1,0,Personal Injury,ST. CHARLES,NON-CITY OR UNINCORPORATED,C,1,1,0,1520,0.29,B ,W ,RT H,MO 94 WJ,Dark-Unlighted,Fixed Object,2,,Fri     ,0,0,0,0,0,1,1,0,0,0,0,0,0,0,0,0,0,0,0,0,0,0,0,0,0,38.8544,-90.44307,0,09/27/2019,05:35:00,"VEHICLE 1 TRAVELED OFF OF THE RIGHT SIDE OF THE ROADWAY AND OVERCORRECTED, CAUSING VEHICLE 1 TO OVERTURN. ASSISTED BY TPR. Z.C. KRAL (1379)"
1017907,3190025640,Missouri State Highway Patrol-Troop D,1569542400000,190566974,1,0,1,0,Personal Injury,NEWTON,NON-CITY OR UNINCORPORATED,D,1,1,0,1399,0.26,A ,N,CRD OLD HIGHWAY 71,CRD REINMILLER RD,Dark-Unlighted,Fixed Object,2,,Fri     ,0,0,0,0,0,0,0,0,0,0,0,0,0,0,0,0,0,0,0,0,0,0,0,0,0,37.00172,-94.44714,0,09/27/2019,03:00:00,"CRASH OCCURRED AS VEHICLE #1 CROSSED THE CENTER LINE, WENT OFF THE LEFT SIDE OF THE ROADWAY. AND STRUCK A TREE."
1204599,3190026294,Missouri State Highway Patrol-Troop F,1569542400000,190567094,1,0,0,1,Personal Injury,COOPER,NON-CITY OR UNINCORPORATED,F,1,1,0,1837,0.35,A ,N,MO 5,CRD OLD TWELVE ROAD,Daylight,Fixed Object,2,,Fri     ,0,0,0,0,1,0,0,0,0,0,0,0,0,0,0,1,0,0,0,0,1,0,0,1,1,38.70351,-92.85348,0,09/27/2019,07:36:00,"VEHICLE 1 TRAVELED OFF THE RIGHT SIDE OF THE ROADWAY, STRUCK A UTILITY POLE, OVERTURNED AND EJECTED DRIVER 1.  ASSISTED BY SGT D POWELL (594), TPR B DETTENWANGER (1323) AND OFF-DUTY TPR A LINDLEY (840)."
1119803,3190025720,Missouri State Highway Patrol-Troop E,1569542400000,190567149,1,0,1,0,Personal Injury,BOLLINGER,NON-CITY OR UNINCORPORATED,E,1,1,0,3168,0.6,B ,S ,MO 51,CRD 524 NJ,Daylight,Fixed Object,2,,Fri     ,0,0,0,0,0,0,0,1,1,0,0,0,0,0,0,1,0,0,0,0,1,0,0,1,0,37.21349,-89.97812,0,09/27/2019,08:01:00,CRASH OCCURRED AS VEH 1 RAN OFF THE ROADWAY AND STRUCK A TREE.
1273578,3190027202,Missouri State Highway Patrol-Troop C,1569542400000,190567335,3,0,3,0,Personal Injury,ST. FRANCOIS,NON-CITY OR UNINCORPORATED,C,2,2,0,10,0,B ,N,MO 221,PVT UNKNOWN RD,Daylight,Motor Vehicle in Transport,1,61,Fri     ,0,0,0,0,0,0,0,1,0,0,0,0,0,0,0,0,0,0,0,0,1,0,0,1,0,37.64849,-90.57847,0,09/27/2019,09:25:00,VEHICLE 1 AND VEHICLE 2 WERE TRAVELING NORTHBOUND ON HIGHWAY 221. VEHICLE 2 STOPPED TO TURN LEFT. VEHICLE 1 SKIDDED AND THE FRONT OF VEHICLE 1 STRUCK THE REAR OF VEHICLE 2. ASSISTED BY F.T.O. CPL. B.M. BEARD (254)
905833,3190026234,Missouri State Highway Patrol-Troop D,1569542400000,190567350,1,0,1,0,Personal Injury,GREENE,NON-CITY OR UNINCORPORATED,D,2,2,0,0,0,AT,W ,US 160,CRD 17,Daylight,Motor Vehicle in Transport,1,63,Fri     ,0,0,0,0,0,0,1,0,0,0,0,1,0,0,0,1,0,0,0,0,1,0,0,0,1,37.32469,-93.59738,0,09/27/2019,09:30:00,OCCURRED AS VEH1 PULLED INTO THE PATH OF VEH2.
1269921,3190025989,Missouri State Highway Patrol-Troop C,1569542400000,190567373,3,0,3,0,Personal Injury,JEFFERSON,NON-CITY OR UNINCORPORATED,C,2,2,0,42,0.01,A ,S ,IS 55,ERM SOUTH IS 55 MILE 1884,Daylight,Fixed Object,2,,Fri     ,0,0,0,0,0,0,0,1,0,0,0,0,0,0,0,1,0,0,0,0,1,0,0,1,1,38.39284,-90.38221,0,09/27/2019,09:37:00,"VEHICLE #1 WAS TRAVELING SOUTHBOUND INTERSTATE  55.  VEHICLE #2 WAS TRAVELING NORTHBOUND ON THE WEST OUTER ROAD OF INTERSTATE 55.  VEHICLE #1 TRAVELED OFF THE RIGHT SIDE OF THE ROADWAY, AND ONTO THE WEST OUTER ROAD. THE FRONT OF VEHICLE #1 STRUCK FRONT OF VEHICLE #2.  ASSISTED BY TPR. L.M. BOLTON (260)"
1119804,3190025605,Missouri State Highway Patrol-Troop E,1569542400000,190567523,1,0,1,0,Personal Injury,BOLLINGER,NON-CITY OR UNINCORPORATED,E,1,1,0,2397,0.45,A ,W ,RT M,RT B,Daylight,Fixed Object,2,,Fri     ,0,0,0,0,0,0,0,1,0,0,0,0,0,0,0,1,0,0,0,0,0,0,0,0,0,37.40219,-89.92777,0,09/27/2019,10:42:00,CRASH OCCURRED AS VEH 1 RAN OFF THE ROADWAY AND INTO A PRIVATE LAKE.
1319742,3190025969,Missouri State Highway Patrol-Troop G,1569542400000,190567636,0,1,0,0,Fatal,REYNOLDS,NON-CITY OR UNINCORPORATED,G,1,1,0,7920,1.5,,,PP RIVER ROAD,NORTH OF CR 336,Daylight,Overturn,1,,Fri     ,0,0,0,0,1,1,1,0,0,0,0,0,0,0,0,1,0,0,0,0,0,0,1,0,0,37.34958,-90.77764,1,09/27/2019,11:30:00,"FATALITY CRASH -  NEXT OF KIN NOTIFIED - CRASH OCCURRED AS VEHICLE ONE CROSSED A LOW WATER CROSSING, LOST CONTROL OF THE  VEHICLE  AND OVERTURNED EJECTING THE DRIVER. REYNOLDS COUNTY  CORONER, JEFF MCSPADDEN, PRONOUNCED AT IRON COUNTY HOSPITAL 1240 HOURS.  TROOP G FATAL 31 COMPARED TO 32 THIS TIME IN 2018"
1176261,3190025924,Missouri State Highway Patrol-Troop B,1569542400000,190567769,1,0,0,1,Personal Injury,CLARK,NON-CITY OR UNINCORPORATED,B,1,1,0,1346,0.25,B ,N,CRD 272,CRD 294,Daylight,Fell/Jumped from MV,1,,Fri     ,0,0,0,0,0,0,0,0,0,0,0,0,0,0,0,0,0,0,0,0,0,1,0,0,0,40.31889,-91.64588,0,09/27/2019,12:30:00,VEHICLE 01 STRUCK A RUT IN THE ROADWAY EJECTING DRIVER 01.  ASSISTED BY CLARK COUNTY SHERIFF'S DEPARTMENT.
1129153,3190026110,Missouri State Highway Patrol-Troop E,1569542400000,190567778,1,0,1,0,Personal Injury,WAYNE,NON-CITY OR UNINCORPORATED,E,1,1,0,4752,0.9,B ,W ,MO 172,MO 49 EJ,Daylight,Overturn,2,,Fri     ,0,0,0,0,1,0,1,0,0,0,0,0,0,0,0,1,0,0,0,0,0,1,0,0,0,36.93993,-90.44278,0,09/27/2019,12:30:00,"CRASH OCCURRED AS VEHICLE 1 RAN OFF THE RIGHT SIDE OF THE ROADWAY AND OVERTURNED, EJECTING DRIVER"
1186527,3190026163,Missouri State Highway Patrol-Troop F,1569542400000,190567979,1,0,1,0,Personal Injury,BOONE,NON-CITY OR UNINCORPORATED,F,2,2,0,876,0.17,B ,W ,US 40,RT J,Daylight,Motor Vehicle in Transport,1,61,Fri     ,0,0,0,0,0,0,1,0,0,0,0,0,0,0,0,1,0,0,0,0,0,0,0,0,1,38.98909,-92.49181,0,09/27/2019,13:47:00,"CRASH OCCURRED AS VEHICLE 1 STRUCK THE REAR OF VEHICLE 2, AS VEHICLE 1 WAS PREPARING TO TURN LEFT INTO A PRIVATE FIELD ENTRANCE."
1193978,3190026214,Missouri State Highway Patrol-Troop B,1569542400000,190568010,1,0,0,1,Personal Injury,RALLS,NON-CITY OR UNINCORPORATED,B,1,1,0,359,0.07,A ,N,US 61,CO US61S TO EOR61,Daylight,Fixed Object,2,,Fri     ,0,0,0,0,0,0,0,1,0,0,0,0,0,0,0,0,0,0,0,0,0,0,0,0,0,39.66649,-91.41637,0,09/27/2019,13:49:00,"VEHICLE 1 SWERVED TO AVOID A VEHICLE THAT PULLED INTO IT'S PATH, LOST CONTROL, DROVE INTO THE MEDIAN AND OVERTURNED. ASSISTED BY TPR. FULLER #537, RALLS COUNTY AMBULANCE DISTRICT, HANNIBAL RURAL FIRE DEPARTMENT AND THE RALLS COUNTY SHERIFF'S DEPARTMENT."
1501497,3190025635,Missouri State Highway Patrol-Troop H,1569542400000,190568231,1,0,1,0,Personal Injury,ATCHISON,NON-CITY OR UNINCORPORATED,H,1,1,0,1056,0.2,A ,W ,MO 46,CRD Y AVE,Daylight,Overturn,2,,Fri     ,0,0,0,0,0,1,1,0,0,0,0,0,0,0,0,1,1,0,0,0,0,0,0,0,0,40.33484,-95.22041,0,09/27/2019,15:15:00,CRASH OCCURRED AS VEH 1 WAS WESTBOUND ON MO 46. VEH 1 TRAVELED OFF THE NORTH SIDE OF THE ROADWAY. DVR 1 OVERCORRECTED CAUSING VEH 1 TO SKID OUT OF CONTROL. VEH 1 RETURNED TO ROADWAY AND SLID ACROSS THE CENTER LINE. VEH 1 SLID OFF NORTH SIDE OF MO 46 AND WENT AIRBORNE AND OVERTURNED. VEH 1 CAME TO REST ON DRIVER'S SIDE FACING WEST OFF THE NORTH SIDE OF MO 46. ASSISTED BY CPL. S. M. HUX (536) AND ATCHISON COUNTY SHERIFF'S DEPARTMENT.
1273933,3190028336,Missouri State Highway Patrol-Troop C,1569542400000,190568240,1,0,1,0,Personal Injury,ST. FRANCOIS,LEADWOOD,C,2,2,0,10,0,B ,W ,MO 8,CST W EXIT,Daylight,Motor Vehicle in Transport,1,64,Fri     ,0,0,0,0,0,0,0,1,1,0,0,1,0,0,0,1,0,0,0,0,0,0,0,0,0,37.86981,-90.5944,0,09/27/2019,15:30:00,VEHICLE #2 WAS TRAVELING WEST ON MISSOURI 8. DRIVER #1 FAILED TO STOP FOR A POSTED STOP SIGN AND ENTERED THE ROADWAY IN FRONT OF VEHICLE #2. THE FRONT OF VEHICLE #2 STRUCK THE FRONT LEFT OF VEHICLE #1. ASSISTED BY TPR B. M. BREEDLOVE (157) AND TPR K. L. ELLEDGE (396).
1506867,3190026483,Missouri State Highway Patrol-Troop H,1569542400000,190568339,1,0,1,0,Personal Injury,DEKALB,NON-CITY OR UNINCORPORATED,H,1,1,Y,1584,0.3,B ,E ,CRD NW CAMDEN ROAD,RT A,Daylight,Fixed Object,2,,Unk     ,1,1,0,0,1,0,0,0,0,0,0,0,0,0,0,1,0,0,0,0,0,0,0,0,0,39.97514,-94.35583,0,09/27/2019,15:30:00,OCCURRED AS VEHICLE 1 WAS WESTBOUND ON CAMDEN ROAD. VEHICLE 1 WENT OFF THE NORTH SIDE OF THE ROADWAY
1509253,3190027279,Missouri State Highway Patrol-Troop H,1569542400000,190568419,0,1,0,0,Fatal,NODAWAY,NON-CITY OR UNINCORPORATED,H,1,1,0,52,0.01,B ,W ,RT A,BRIDGE A1252,Daylight,Fixed Object,2,,Fri     ,0,0,0,0,0,0,0,0,0,0,0,0,0,0,0,1,0,0,0,0,0,0,0,0,0,40.20262,-95.0682,1,09/27/2019,16:45:00,"FATALITY REPORT - ACCIDENT OCCURRED AS NR1 WAS WESTBOUND ON ROUTE A.  NR1 CROSSED THE CENTER LINE, TRAVELED OFF THE SOUTH SIDE OF THE ROADWAY, STRUCK A GUARD RAIL, CONTINUED WESTBOUND, STRUCK A CONCRETE BRIDGE RAIL, COMING TO REST ON ITS WHEELS ON ROUTE A FACING SOUTHWEST.  DRIVER PRONOUNCED DEAD AT THE SCENE AT 1712 HOURS BY DR. CHANNAVEERAIAH. NEXT OF KIN NOTIFIED. ASSISTED BY TPR. V.P. WILEY (692) AND NODAWAY COUNTY SHERIFF'S DEPARTMENT."
1039922,3190025957,Missouri State Highway Patrol-Troop I,1569542400000,190568521,1,0,1,0,Personal Injury,CRAWFORD,NON-CITY OR UNINCORPORATED,I,2,2,0,2,0,B ,E ,RT CC,RT C,Daylight,Motor Vehicle in Transport,1,60,Fri     ,0,0,0,0,0,1,1,0,0,0,0,1,0,0,0,1,0,0,0,0,0,0,0,0,0,38.19183,-91.39706,0,09/27/2019,17:25:00,OCCURRED AS VEH 1 WAS EASTBOUND ON RTE CC. VEH 2 WAS WESTBOUND ON HWY C. DVR 2 APPLIED BRAKES CAUSING VEH 2 TO BEGIN SKIDDING. VEH 2 TRAVELED ONTO HWY CC WHERE IT STRUCK VEH 1.
1196856,3190026534,Missouri State Highway Patrol-Troop F,1569542400000,190568593,1,0,1,0,Personal Injury,CALLAWAY,NON-CITY OR UNINCORPORATED,F,1,1,0,132,0.02,B ,E ,IS 70,RT HH,Daylight,Fixed Object,2,,Fri     ,0,0,0,0,0,0,0,0,0,0,0,0,0,0,0,1,0,0,0,0,0,0,0,0,0,38.95209,-92.00911,0,09/27/2019,18:10:00,VEHICLE 1 TRAVELED OFF THE LEFT SIDE OF THE ROADWAY AND STRUCK THE MEDIAN CABLES.  VEHICLE 1 CONTINUED TRAVELING STRAIGHT AND STRUCK A GUARDRAIL END CAUSING VEHICLE 1 TO OVERTURN.
1504580,3190025822,Missouri State Highway Patrol-Troop H,1569542400000,190568827,2,0,0,2,Personal Injury,DAVIESS,NON-CITY OR UNINCORPORATED,H,1,1,0,251,0.05,B ,N,IS 35,ERM NORTH IS 35 MILE 714,Dark-Unlighted,Fixed Object,2,,Fri     ,0,0,0,0,1,0,0,0,0,0,0,0,0,0,0,1,0,0,0,0,0,0,0,0,0,39.97965,-94.09426,0,09/27/2019,20:25:00,"OCCURRED AS VEHICLE 1 WAS NORTHBOUND ON I-35.  VEHICLE HYDROPLANED AND WENT OFF THE EAST SIDE OF THE ROADWAY, STRUCK AN EMBANKMENT AND OVERTURNED, COMING TO REST ON ITS PASSENGER SIDE FACING EAST,  ASSISTED BY DAVIESS COUNTY SO."
1193979,3190026117,Missouri State Highway Patrol-Troop B,1569542400000,190568850,1,0,1,0,Personal Injury,RALLS,NON-CITY OR UNINCORPORATED,B,1,1,0,205,0.04,A ,S ,CRD PERSHING ROAD,CRD 430,Dark-Unlighted,Overturn,2,,Fri     ,0,0,0,0,0,1,1,0,0,0,0,0,0,0,0,0,0,0,0,0,0,0,0,0,0,39.68467,-91.35703,0,09/27/2019,20:28:00,"01 SOUTHBOUND, SWERVED TO MISS A DEER, RAN OFF THE RIGHT SIDE OF THE ROADWAY, AND DOWN AN EMBANKMENT.  ASSISTED BY  MARION COUNTY AMBULANCE, HANNIBAL FIRE DEPARTMENT, RALLS COUNTY SHERIFFS DEPARTMENT, AND AMBULANCE."
915606,3190026100,Missouri State Highway Patrol-Troop D,1569542400000,190568974,2,0,2,0,Personal Injury,JASPER,NON-CITY OR UNINCORPORATED,D,2,2,0,0,0,AT,S ,CST N MADISON STREET,CST COUNTRY CROSSING,Dark-Unlighted,Motor Vehicle in Transport,1,64,Fri     ,0,0,0,0,0,1,1,0,0,0,0,1,0,0,0,1,0,0,0,0,1,0,0,1,0,37.15966,-94.47397,0,09/27/2019,21:42:00,#1 FAILED TO YIELD TO #2 AND #2 STRUCK THE BACK LEFT OF #1.  #1 TRAVELED OFF THE EAST SIDE OF THE ROADWAY.
1505376,3190026142,Missouri State Highway Patrol-Troop H,1569542400000,190569033,1,0,1,0,Personal Injury,LIVINGSTON,NON-CITY OR UNINCORPORATED,H,1,1,0,2640,0.5,A ,W ,US 36,RT D,Dark-Unlighted,Fixed Object,2,,Fri     ,0,0,0,0,0,0,0,0,0,0,0,0,0,0,0,1,0,0,0,0,0,0,0,0,0,39.73726,-93.71801,0,09/27/2019,22:10:00,"OCCURRED AS VEHICLE 1 WAS WESTBOUND US 36; RIGHT WHEELS EDGED OFF THE ROADWAY AND INTO THE MEDIAN.  DRIVER OVERCORRECTED; VEHICLE 1 WENT BACK ACROSS THE ROADWAY AND OFF THE NORTH SIDE, STRUCK AN EMBANKMENT AND OVERTURNED ONCE COMING TO REST ON ITS WHEELS.  ASSISTED BY LIVINGSTON COUNTY SO."