objectid,accident,agency,inv_date,complaint,injured,killed,min_inj,dis_inj,severity,county,city,troop,no_vehicle,motor_veh,left_scene,dist_feet,dist_mile,inter_loc,direction,on_street,at_street,light_cond,acc_type,on_off_rd,two_veh,day_week,dr_drink,dr_drug,ped_drink,ped_drug,speed,dr_under21,dr_under25,dr_over55,dr_over64,electrical,emer_veh,stop_sign,yield_sign,czone,hazmat,aggressive,cell_phone,texting,veh_defect,school_bus,truck,motorcycle,atv,pickup,cmv,gps_lat,gps_long,severity_fatal,acc_date,acc_time,narrative
1276892,3190027062,Missouri State Highway Patrol-Troop C,1569542400000,190569040,4,0,4,0,Personal Injury,ST. CHARLES,WELDON SPRING,C,1,1,0,227,0.04,B ,W ,MO 94,DOD SOLDIERS DR,Dark-Unlighted,Overturn,2,,Fri     ,0,0,0,0,1,1,1,0,0,0,0,0,0,0,0,1,0,0,0,0,1,0,0,1,0,38.69538,-90.7238,0,09/27/2019,22:15:00,"VEHICLE 1 WAS TRAVELING EASTBOUND IN MISSOURI ROUTE 94, TRAVELED OFF THE LEFT SIDE OF THE ROADWAY, AND OVERTURNED."
1170334,3190026227,Missouri State Highway Patrol-Troop F,1569542400000,190569056,1,0,0,1,Personal Injury,MORGAN,NON-CITY OR UNINCORPORATED,F,1,1,0,3168,0.6,B ,N,MO 135,CRD WOLF LN,Dark-Unlighted,Fixed Object,2,,Fri     ,,,,,,0,0,0,0,0,0,0,0,0,0,,0,0,,0,0,0,1,0,0,38.6213,-92.99724,0,09/27/2019,22:20:00,"VEHICLE 1 CROSSED THE CENTER LINE, RAN OFF THE ROADWAY, STRUCK A DITCH, AND OVERTURNED.  ASSISTED BY CPL W.J. SURFACE (977) AND TPR B.S. FAHNESTOCK (793)."
966803,3190026088,Missouri State Highway Patrol-Troop D,1569542400000,190569124,3,0,3,0,Personal Injury,BARRY,NON-CITY OR UNINCORPORATED,D,1,1,0,1774,0.34,A ,W ,CRD 2165,CRD 1055,Dark-Unlighted,Fixed Object,2,,Fri     ,1,0,0,0,1,0,1,0,0,0,0,0,0,0,0,1,0,0,0,0,1,0,0,1,0,36.69868,-93.9764,0,09/27/2019,23:00:00,#1 RAN OFF THE LEFT SIDE OF THE ROAD STRIKING A FENCE AND A TREE.
1324762,3190026062,Missouri State Highway Patrol-Troop G,1569542400000,190569132,1,0,1,0,Personal Injury,HOWELL,NON-CITY OR UNINCORPORATED,G,1,1,Y,300,0.06,B ,W ,US 160,CRD 7140,Dark-Unlighted,Fixed Object,2,,Fri     ,0,0,0,0,1,0,0,0,0,0,0,0,0,0,0,1,0,0,0,0,0,0,0,0,0,36.62829,-91.96049,0,09/27/2019,23:00:00,"ACCIDENT OCCURRED AS VEHICLE #1 RAN OFF THE ROADWAY, STRIKING A MAILBOX AND TREE"
887249,3190027358,Missouri State Highway Patrol-Troop A,1569542400000,190569174,0,1,0,0,Fatal,RAY,NON-CITY OR UNINCORPORATED,A,1,1,0,1850,0.35,A ,S ,RT Y,CRD W 146TH ST,Dark-Unlighted,Fell/Jumped from MV,1,,Fri     ,1,0,0,0,0,0,0,0,0,0,0,0,0,0,0,0,0,0,0,0,0,0,0,0,0,39.35015,-94.20649,1,09/27/2019,23:30:00,"*** FATAL CRASH *** NEXT OF KIN NOTIFIED. TROOP A FATAL CRASH #48, FATALITY #54.. OCCURRED AS PASS1 WAS IMPROPERLY RIDING ON VEH1, FELL OUT OF PASSENGER SIDE WINDOW AND WAS STRUCK BY VEH1. SUBJECT WAS PRONOUNCED AT SCENE BY RAY COUNTY PARAMEDIC T CALDWELL AT 2355. ASSISTED BY RAY COUNTY DEPUTIES AND EXCELSIOR SPRINGS POLICE"
1115320,3190025956,Missouri State Highway Patrol-Troop E,1569542400000,190569199,1,0,0,1,Personal Injury,MISSISSIPPI,NON-CITY OR UNINCORPORATED,E,1,1,0,528,0.1,B ,W ,MO 80,RT BB,Daylight,Fixed Object,2,,Fri     ,0,1,0,0,0,0,0,0,0,0,0,0,0,0,0,1,0,0,0,0,0,0,0,0,0,36.78272,-89.40787,0,09/27/2019,17:20:00,"CRASH OCCURRED AS VEHICLE 1 RAN OFF RIGHT SIDE OF ROADWAY STRUCK A SIGN, A TREE AND OVERTURNED"
1273576,3190027500,Missouri State Highway Patrol-Troop C,1569628800000,190569252,1,0,0,1,Personal Injury,ST. FRANCOIS,NON-CITY OR UNINCORPORATED,C,2,2,0,36,0.01,B ,W ,MO 32,PVT FRISCO AVE,Dark-Unlighted,Motor Vehicle in Transport,1,61,Sat     ,1,0,0,0,1,0,0,1,0,0,0,0,0,0,0,1,0,0,0,0,0,0,0,0,0,37.82481,-90.55167,0,09/28/2019,00:25:00,"VEHICLES 1 AND 2 WERE TRAVELING WESTBOUND ON MISSOURI ROUTE 32. VEHICLE 1 STRUCK THE REAR OF VEHICLE 2, TRAVELED OFF THE LEFT SIDE OF THE ROADWAY, STRUCK A TREE, AND OVERTURNED. ASSISTED BY TPR. E. R. BESSERUD (529)."
1197542,3190026254,Missouri State Highway Patrol-Troop B,1569628800000,190569325,3,0,3,0,Personal Injury,CHARITON,NON-CITY OR UNINCORPORATED,B,1,1,0,3168,0.6,B ,W ,CRD TWICHELL RD,CRD SLATER AVE,Dark-Unlighted,Fixed Object,2,,Sat     ,0,0,0,0,1,1,1,0,0,0,0,0,0,0,0,1,0,0,0,0,0,0,0,0,0,39.68216,-93.03534,0,09/28/2019,01:40:00,01 EASTBOUND DRIVER LOST CONTROL ON MUDDY ROADWAY OVERCORRECTED STRUCK A GUARD RAIL AND WENT OFF THE BRIDGE INTO THE CREEK.  ASSISTED BY NORTHWEST FIRST RESPONDERS AND MARCELINE FIRE DEPARTMENT.
915607,3190026099,Missouri State Highway Patrol-Troop D,1569628800000,190569332,1,0,1,0,Personal Injury,JASPER,NON-CITY OR UNINCORPORATED,D,1,1,0,4224,0.8,A ,S ,CRD 118,CRD OLD 66 BOULEVARD,Dark-Unlighted,Fixed Object,2,,Sat     ,0,0,0,0,0,0,0,0,0,0,0,0,0,0,0,0,0,0,0,0,0,0,0,0,0,37.18656,-94.26754,0,09/28/2019,01:40:00,VEHICLE 1 SWERVED TO MISS A DEER AND STRUCK A TREE.
1269942,3190026225,Missouri State Highway Patrol-Troop C,1569628800000,190569639,1,0,0,1,Personal Injury,JEFFERSON,NON-CITY OR UNINCORPORATED,C,1,1,0,1240,0.23,A ,S ,CRD SWALLER RD,PVT CREWS DR,Daylight,Animal,1,,Sat     ,0,0,0,0,0,0,0,0,0,0,0,0,0,0,0,0,0,0,0,0,0,1,0,0,0,38.41939,-90.47549,0,09/28/2019,09:00:00,VEHICLE 1 STRUCK A SQUIRREL CAUSING DRIVER 1 TO LOSE CONTROL OF VEHICLE 1 AND OVERTURN.
1217825,3190025735,Missouri State Highway Patrol-Troop C,1569628800000,190569718,1,0,1,0,Personal Injury,FRANKLIN,NON-CITY OR UNINCORPORATED,C,1,1,0,216,0.04,B ,W ,RT KK,CRD DALE DR,Daylight,Fixed Object,2,,Sat     ,0,0,0,0,1,0,0,0,0,0,0,0,0,0,0,1,0,0,0,0,0,0,0,0,0,38.55863,-91.1068,0,09/28/2019,09:50:00,"VEHICLE 1 RAN OFF THE RIGHT SIDE OF THE ROADWAY, STRUCK A DITCH, OVERTURNED, AND STRUCK A FENCE. ASSISTED BY F.T.O. TPR. M.A. FRIGY (547)"
1039951,3190025906,Missouri State Highway Patrol-Troop I,1569628800000,190569777,1,0,1,0,Personal Injury,CRAWFORD,NON-CITY OR UNINCORPORATED,I,3,3,0,417,0.08,A ,E ,IS 44,ERM EAST IS 44 MILE 2126,Daylight,Motor Vehicle in Transport,1,63,Sat     ,0,0,0,0,1,1,1,0,0,0,0,0,0,0,0,1,0,0,0,0,1,0,0,1,0,38.10702,-91.34261,0,09/28/2019,10:17:00,"DUE TO A TRAFFIC CRASH AHEAD, VEHICLE 3 STOPPED. VEHICLE 2, IN AN ATTEMPT TO AVOID STRIKING VEHICLE 3, WENT INTO THE MEDIAN.  VEHICLE 1 STUCK VEHICLE 2 AND VEHICLE 3 AND CAME TO REST IN THE MEDIAN."
905831,3190026375,Missouri State Highway Patrol-Troop D,1569628800000,190569805,2,0,2,0,Personal Injury,GREENE,NON-CITY OR UNINCORPORATED,D,2,2,0,0,0,AT,N,CRD 115,CRD 140,Daylight,Motor Vehicle in Transport,1,64,Sat     ,0,0,0,0,0,0,0,1,0,0,0,1,0,0,0,1,0,0,0,0,0,0,0,0,0,37.19797,-93.38642,0,09/28/2019,10:27:00,OCCURRED AS VEH1 PULLED INTO THE PATH OF VEH2.
966804,3190025856,Missouri State Highway Patrol-Troop D,1569628800000,190569925,1,0,1,0,Personal Injury,BARRY,NON-CITY OR UNINCORPORATED,D,1,1,0,1098,0.21,B ,E ,MO 76,CRD 1227,Daylight,Fixed Object,2,,Sat     ,0,0,0,0,0,0,0,0,0,0,0,0,0,0,0,1,0,0,0,0,0,1,0,0,0,36.67414,-93.6647,0,09/28/2019,11:18:00,"CRASH OCCURRED AS VEHICLE #1 SKIDDED OFF THE RIGHT SIDE OF THE ROADWAY, STRUCK A SIGN, AND OVERTURNED."
1143692,3190026316,Missouri State Highway Patrol-Troop E,1569628800000,190569947,3,0,3,0,Personal Injury,BUTLER,NON-CITY OR UNINCORPORATED,E,2,2,0,0,0,AT,N,US 67,NOR 67,Daylight,Motor Vehicle in Transport,1,64,Sat     ,0,0,0,0,0,0,1,1,1,0,0,1,0,0,0,1,0,0,0,0,0,0,0,0,0,36.8023,-90.45548,0,09/28/2019,11:40:00,CRASH OCCURRED AS VEHICLE 1 FAILED TO YIELD AND PULLED INTO THE PATH OF VEHICLE 2
1269939,3190025801,Missouri State Highway Patrol-Troop C,1569628800000,190569996,1,0,1,0,Personal Injury,JEFFERSON,NON-CITY OR UNINCORPORATED,C,1,1,0,792,0.15,A ,N,US 67,CRD SUNNYSIDE RD,Daylight,Fixed Object,2,,Sat     ,0,0,0,0,1,0,0,0,0,0,0,0,0,0,0,1,0,0,0,0,0,0,0,0,0,38.14983,-90.4641,0,09/28/2019,10:55:00,DRIVER 1 LOST CONTROL AND VEHICLE 1 TRAVELED INTO THE CENTER MEDIAN CABLES.
1337521,3190027636,Missouri State Highway Patrol-Troop G,1569628800000,190570013,0,2,0,0,Fatal,SHANNON,NON-CITY OR UNINCORPORATED,G,1,1,0,2111,0.4,B ,N,MO 19,CST TRAM DR,Daylight,Overturn,2,,Sat     ,0,0,0,0,1,0,0,0,0,0,0,0,0,0,0,1,0,0,0,0,1,0,0,1,0,36.98913,-91.34041,1,09/28/2019,12:10:00,"FATALITY ACCIDENT- NEXT OF KIN NOTIFIED- OCCURRED AS VEHICLE #1 TRAVELED OFF OF THE RIGHT SIDE OF THE ROADWAY, OVERCORRECTED, TRAVELED OFF OF THE LEFT SIDE OF ROADWAY AND  OVERTURNED,  EJECTING BOTH OCCUPANTS. BOTH SUBJECTS PRONOUNCED DECEASED AT1226 BY DR. FRAIZIER AT ST. FRANCIS/MERCY EMERGENCY ROOM.  THIS IS TROOP G FATALITY #32 AND 33, COMPARED TO 32 AT THIS TIME LAST YEAR."
1269938,3190026222,Missouri State Highway Patrol-Troop C,1569628800000,190570159,5,0,4,1,Personal Injury,JEFFERSON,NON-CITY OR UNINCORPORATED,C,2,2,0,200,0.04,B ,E ,CRD ROMAINE CREEK RD,PVT OLD HAVEN DR,Daylight,Motor Vehicle in Transport,1,60,Sat     ,0,0,0,0,1,0,0,0,0,0,0,0,0,0,0,1,0,0,0,0,0,0,0,0,0,38.46588,-90.44805,0,09/28/2019,13:05:00,"VEHICLE 1 WAS TRAVELING WESTBOUND ON ROMAINE CREEK ROAD. VEHICLE 2 WAS TRAVELING EASTBOUND. DRIVER 1 LOST CONTROL OF VEHICLE 1, AND VEHICLE 1 CROAASED THE DOUBLE YELLOW LINES, CAUSING THE FRONT OF VEHICLE 1 TO STRIKE FRONT OF VEHICLE 2. ASSISTED BY TPR. T. H. ELLISTON (763)"
791688,3190026558,Missouri State Highway Patrol-Troop A,1569628800000,190570363,1,0,0,1,Personal Injury,CASS,NON-CITY OR UNINCORPORATED,A,1,1,0,6336,1.2,B ,N,MO 7,RP 228568,Daylight,Fixed Object,2,,Sat     ,0,0,0,0,0,0,1,0,0,0,0,0,0,0,0,1,0,0,0,0,0,0,0,0,0,38.55489,-94.17877,0,09/28/2019,14:25:00,"CRASH OCCURRED AS VEH1 TRAVELED OFF THE ROADWAY AND STRUCK A DITCH.  VEH1 THEN BECAME AIRBORNE, STRUCK THE GROUND AND PARTIALLY OVERTURNED.  ASSISTED BY CASS COUNTY SHERIFF'S DEPARTMENT"
1039923,3190027015,Missouri State Highway Patrol-Troop I,1569628800000,190570461,2,0,2,0,Personal Injury,CRAWFORD,NON-CITY OR UNINCORPORATED,I,2,2,0,0,0,AT,E ,MO 8,CRD MERAMEC FARMS ROAD,Daylight,Motor Vehicle in Transport,1,64,Sat     ,0,0,0,0,0,0,0,0,0,0,0,0,0,0,0,1,0,0,0,0,1,0,0,1,0,37.94861,-91.50697,0,09/28/2019,15:37:00,VEHICLE 2 WAS ATTEMPTING TO MAKE A LEFT TURN. VEHICLE 1 PASSED ANOTHER VEHICLE AND STRUCK VEHICLE 2.
1227230,3190027314,Missouri State Highway Patrol-Troop C,1569628800000,190570527,1,0,1,0,Personal Injury,ST. LOUIS,NON-CITY OR UNINCORPORATED,C,2,2,0,89,0.02,A ,W ,IS 270,ERM WEST IS 270 MILE 312,Daylight,Motor Vehicle in Transport,1,64,Sat     ,1,0,0,0,1,0,0,1,0,0,0,0,0,0,0,1,0,0,0,0,0,0,0,0,0,38.77088,-90.25107,0,09/28/2019,16:15:00,"DRIVER 1 WAS TRAVELING TOO FAST FOR CONDITIONS AND LOST CONTROL OF VEHICLE 1, CAUSING VEHICLE 1 TO STRIKE THE FRONT SIDE OF VEHICLE 2. VEHICLE 2 TRAVELED OFF THE LEFT SIDE OF THE ROADWAY AND STRUCK THE CONCRETE MEDIAN BEFORE RETURNING TO ROADWAY AND BEING STRUCK BY VEHICLE 1 A SECOND TIME.. VEHICLE 1 THEN TRAVELED OFF THE LEFT SIDE OF THE ROADWAY AND STRUCK THE MEDIAN."
875181,3190025963,Missouri State Highway Patrol-Troop A,1569628800000,190570549,1,0,1,0,Personal Injury,PLATTE,NON-CITY OR UNINCORPORATED,A,1,1,0,195,0.04,A ,N,IS 29,RA IS29N DEARBORN NJ,Daylight,Fixed Object,2,,Sat     ,0,0,0,0,1,1,1,0,0,0,0,0,0,0,0,1,0,0,0,0,0,0,0,0,0,39.47975,-94.78692,0,09/28/2019,16:28:00,CRASH OCCURRED AS VEH1 TRAVELED OFF THE ROADWAY AND STRUCK THE MEDIAN CABLES.
1156750,3190025842,Missouri State Highway Patrol-Troop E,1569628800000,190570621,1,0,1,0,Personal Injury,SCOTT,NON-CITY OR UNINCORPORATED,E,1,1,0,3695,0.7,A ,W ,CRD 242,CRD 246,Daylight,Overturn,1,,Sat     ,0,0,0,0,1,0,0,1,1,0,0,0,0,0,0,1,0,0,0,0,0,0,0,0,1,37.12918,-89.63048,0,09/28/2019,17:10:00,"CRASH OCCURRED AS VEHICLE 1 RAN OFF THE LEFT SIDE OF THE ROADWAY, OVERTURNED, AND STRUCK A TREE."
1208959,3190026235,Missouri State Highway Patrol-Troop F,1569628800000,190570634,1,0,0,1,Personal Injury,MONTGOMERY,NON-CITY OR UNINCORPORATED,F,1,1,0,475,0.09,B ,W ,IS 70,ERM WEST IS 70 MILE 1724,Daylight,Overturn,2,,Sat     ,0,0,0,0,0,0,1,0,0,0,0,0,0,0,0,1,0,0,0,0,0,0,0,0,0,38.90553,-91.50447,0,09/28/2019,17:19:00,"WHILE VEHICLE 1 WAS IN THE PASSING LANE, DRIVER 1 LOST CONTROL AND OVERCORRECTED. VEHICLE 1 TRAVELED OFF THE RIGHT SIDE OF THE ROADWAY AND OVERTURNED SEVERAL TIMES COMING TO REST ON ITS WHEELS."
1510811,3190026676,Missouri State Highway Patrol-Troop H,1569628800000,190570697,1,0,1,0,Personal Injury,HARRISON,NON-CITY OR UNINCORPORATED,H,1,1,0,15,0,A ,S ,IS 35,BRIDGE A2739,Daylight,Fixed Object,2,,Sat     ,0,0,0,0,1,0,0,0,0,0,0,0,0,0,0,1,0,0,0,0,0,0,0,0,0,40.57516,-93.9377,0,09/28/2019,17:45:00,ACCIDENT OCCURRED AS VEH #1 WAS SOUTHBOUND ON I-35 AND HYDROPLANED ON WET ROADWAY. VEH #1 TRAVELED OFF THE WEST SIDE OF THE ROADWAY AND STRUCK THE BRIDGE. VEH #1 ROTATED CLOCKWISE AND STRUCK THE BRIDGE A SECOND TIME. VEH #1 SKIDDED ACROSS THE SOUTHBOUND LANES OF TRAFFIC AND CAME TO REST IN THE MEDIAN ON ITS WHEELS.ASSISTED BYTPR M.J. MILLER (1418) AND HARRISON COUNTY SHERIFF'S DEPARTMENT.
1502838,3190026465,Missouri State Highway Patrol-Troop H,1569628800000,190570804,1,0,1,0,Personal Injury,CALDWELL,NON-CITY OR UNINCORPORATED,H,2,2,0,1441,0.27,B ,N,RT A,CRD MUD CREEK RD,Dark-Unlighted,Motor Vehicle in Transport,1,64,Sat     ,0,0,0,0,0,0,1,0,0,0,0,0,0,0,0,1,0,0,0,0,1,0,0,1,0,39.56523,-93.7955,0,09/28/2019,19:00:00,"OCCURRED AS VEHICLE 1 WAS SOUTHBOUND AND VEHICLE 2 NORTHBOUND ON HWY A.  VEHICLE 1 CROSSTED THE CENTER OF THE ROADWAY AND INTO THE PATH OF VEHICLE 2.  THE TWO VEHICLES SIDESWIPED ON THEIR DRIVER SIDES AND BOTH CAME TO REST ON THE EAST SIDE OF THE ROADWAY. THE INFANT WAS SPARED SERIOUS INJURY BY BEING PROPERLY SECURED IN AN APPROVED CHILD SAFETY SEAT. ASSISTED BY TPR T M ROYSTER (957), CALDWELL COUNTY SO AND BRAYMER FIRE & RESCUE."
1500149,3190026976,Missouri State Highway Patrol-Troop H,1569628800000,190570898,2,0,1,1,Personal Injury,CLINTON,NON-CITY OR UNINCORPORATED,H,1,1,0,1763,0.33,B ,W ,CRD 312TH ST,CRD NW BRALEY RD,Dark-Unlighted,Fell/Jumped from MV,1,,Sat     ,0,0,0,0,1,1,1,0,0,0,0,0,0,0,0,1,0,0,0,0,0,0,1,0,0,39.6598,-94.42631,0,09/28/2019,20:00:00,"OCCURRED AS VEHICLE 1 WAS WESTBOUND ON CR 312. VEHICLE 1 HYDROPLANED AND WENT OFF THE WEST SIDE OF THE ROADWAY, EJECTING BOTH OCCUPANTS.  VEHICLE 1 CAME TO REST OFF THE ROADWAY.  ASSISTED BY CPL R A SHERMAN (1136)."
1507426,3190025754,Missouri State Highway Patrol-Troop H,1569628800000,190570947,1,0,1,0,Personal Injury,CLINTON,CAMERON,H,2,2,0,168,0.03,A ,S ,US 69,CST CORNHILL TER,Dark-Lighted,Motor Vehicle in Transport,1,64,Sat     ,1,1,0,0,1,0,0,0,0,0,0,0,0,0,0,1,0,0,0,0,0,0,0,0,0,39.73701,-94.23594,0,09/28/2019,20:23:00,OCCURRED AS VEHICLE 1 WAS SOUTHBOUND US 69 AT A HIGH RATE OF SPEED. VEHICLE 2 WAS EASTBOUND MAKING A LEFT TURN ONTO US 69 FROM A PRIVATE DRIVEWAY   THE FRONT RIGHT OF VEHICLE 1 STRUCK THE FRONT LEFT OF VEHICLE 2.  VEHICLE 1 CAME TO REST OFF THE EAST SIDE OF THE ROAD FACING SOUTH
1269943,3190026611,Missouri State Highway Patrol-Troop C,1569628800000,190570952,2,0,1,1,Personal Injury,JEFFERSON,NON-CITY OR UNINCORPORATED,C,4,4,0,47,0.01,B ,E ,RT M,MO 21,Dark-Unlighted,Overturn,1,,Sat     ,0,0,0,0,0,0,0,1,1,0,0,0,0,0,0,0,0,0,0,0,0,1,0,0,0,38.37762,-90.5051,0,09/28/2019,20:20:00,VEHICLE 1  WAS TRAVELING WESTBOUND IN THE EASTBOUND LANES. DRIVER 2 SWERVED TO AVOID VEHICLE 1 AND OVERTURNED VEHICLE 2.  VEHICLE 3 MADE CONTACT WITH LEFT REAR OF VEHICLE 1. VEHICLE 4 WAS STRUCK BY DEBRIS. ASSISTED BY TPR. A. S. HUSKEY (781)
1273577,3190027203,Missouri State Highway Patrol-Troop C,1569628800000,190570979,1,0,0,1,Personal Injury,ST. FRANCOIS,NON-CITY OR UNINCORPORATED,C,1,1,0,1446,0.27,B ,S ,RT U,RT BB,Dark-Unlighted,Fixed Object,2,,Sat     ,0,0,0,0,0,0,0,1,0,0,0,0,0,0,0,0,0,0,0,0,0,0,0,0,0,37.78303,-90.63389,0,09/28/2019,20:33:00,VEHICLE 1 WAS TRAVELING NORTHBOUND ON ROUTE U. VEHICLE 1 TRAVELED OFF THE LEFT SIDE OF THE ROADWAY AND STRUCK A TREE. ASSISTED BY CPL. B. M. BEARD (254)
1332745,3190027219,Missouri State Highway Patrol-Troop G,1569628800000,190571004,2,0,2,0,Personal Injury,CARTER,NON-CITY OR UNINCORPORATED,G,1,1,0,5808,1.1,A ,E ,CRD 201,US 60,Dark-Unlighted,Overturn,2,,Sat     ,0,0,0,0,1,0,0,1,0,0,0,0,0,0,0,1,0,0,0,0,0,0,1,0,0,36.98477,-90.99641,0,09/28/2019,20:45:00,"CRASH OCCURRED AS VEHICLE ONE FAILED TO NEGOTIATE A TURN, TRAVELED OFF THE RIGHT SIDE OF THE ROADWAY, AND OVERTURNED  EJECTING BOTH RIDERS."
1152877,3190025984,Missouri State Highway Patrol-Troop E,1569628800000,190571120,6,0,6,0,Personal Injury,CAPE GIRARDEAU,NON-CITY OR UNINCORPORATED,E,1,1,Y,72,0.01,B ,E ,CRD 645,PVT SUNNY LANE,Dark-Lighted,Overturn,1,,Sat     ,1,1,0,0,1,1,1,0,0,0,0,0,0,0,0,1,0,0,0,0,1,0,0,1,0,37.3506,-89.52984,0,09/28/2019,21:50:00,"CRASH OCCURRED AS DRIVER 1 LOST CONTROL, RAN OFF THE ROADWAY, AND OVERTURNED."
1143694,3190025986,Missouri State Highway Patrol-Troop E,1569628800000,190571257,1,0,0,1,Personal Injury,BUTLER,NON-CITY OR UNINCORPORATED,E,1,1,0,660,0.12,B ,W ,CRD 410,PVT 3117,Dark-Unlighted,Fixed Object,2,,Sat     ,1,0,0,0,1,0,1,0,0,0,0,0,0,0,0,1,0,0,0,0,0,0,0,0,0,36.85578,-90.54747,0,09/28/2019,23:00:00,CRASH OCCURRED AS VEHICLE 1 RAN OFF THE RIGHT SIDE OF THE ROADWAY AND STRUCK A TREE.
1178722,3190033166,Missouri State Highway Patrol-Troop B,1569715200000,190571348,3,0,3,0,Personal Injury,SCOTLAND,NON-CITY OR UNINCORPORATED,B,1,1,0,1119,0.21,B ,N,RT A,CRD 400,Dark-Unlighted,Fixed Object,2,,Sat     ,0,0,0,0,1,0,0,0,0,0,0,0,0,0,0,1,0,0,0,0,1,0,0,1,0,40.40054,-92.02239,0,09/28/2019,23:30:00,"VEHICLE 1 HYDROPLANED AND TRAVELED OFF THE LEFT SIDE OF THE ROADWAY. VEHICLE THEN OVERTURNED AND STRUCK A FENCE. ASSISTED BY THE SCOTLAND COUNTY SHERIFF'S DEPARTMENT, GORIN FIRE AND RESCUE, AND SCOTLAND COUNTY AMBULANCE."
966801,3190026175,Missouri State Highway Patrol-Troop D,1569715200000,190571459,3,0,3,0,Personal Injury,BARRY,NON-CITY OR UNINCORPORATED,D,1,1,0,454,0.09,A ,W ,CRD 2275,CRD 1136,Dark-Unlighted,Fixed Object,2,,Sun     ,1,0,0,0,1,1,1,0,0,0,0,0,0,0,0,1,0,0,0,0,0,0,0,0,0,36.53033,-93.83202,0,09/29/2019,01:00:00,CRASH OCCURRED AS #1 LEFT THE ROADWAY AND STRUCK A TREE.
1271828,3190026285,Missouri State Highway Patrol-Troop C,1569715200000,190571608,1,0,1,0,Personal Injury,PERRY,NON-CITY OR UNINCORPORATED,C,1,1,0,427,0.08,B ,S ,IS 55,ERM SOUTH IS 55 MILE 1264,Daylight,Fixed Object,2,,Sun     ,0,0,0,0,0,0,0,0,0,0,0,0,0,0,0,1,0,0,0,0,0,0,0,0,0,37.66867,-89.86062,0,09/29/2019,07:30:00,"VEHICLE 1 WAS TRAVELING SOUTHBOUND ON INTERSTATE 55, TRAVELED OFF THE LEFT SIDE OF THE ROAD, STRUCK THE MEDIAN CABLE BEFORE CROSSING OVER SOUTHBOUND TRAFFIC AND COLLIDING WITH AN EMBANKMENT. ASSISTED BY CPL. B, J, FOWLER (289)"
1509252,3190025751,Missouri State Highway Patrol-Troop H,1569715200000,190571609,1,0,0,1,Personal Injury,NODAWAY,NON-CITY OR UNINCORPORATED,H,1,1,0,1056,0.2,A ,S ,US 71,RT A,Daylight,Fixed Object,2,,Sun     ,0,0,0,0,1,0,1,0,0,0,0,0,0,0,0,1,0,0,0,0,0,0,0,0,0,40.19734,-94.86825,0,09/29/2019,07:25:00,"OCCURRED AS NR1 WAS SOUTHBOUND. NR1 HYDROPLANED WENT OFF THE EAST SIDE OF ROADWAY STRUCK AN EMBANKMENT AND CAME TO REST FACING SOUTH. ASSIST BY CPL S.E. PRITZEL (1192), SO NODAWAY CO, AND MARYVILLE FIRE AND RESCUE."
1231569,3190026470,Missouri State Highway Patrol-Troop C,1569715200000,190571614,2,0,2,0,Personal Injury,LINCOLN,NON-CITY OR UNINCORPORATED,C,2,2,0,0,0,AT,S ,MO 47,RT W,Daylight,Motor Vehicle in Transport,1,64,Sun     ,0,1,0,0,0,0,0,0,0,0,0,0,0,0,0,1,0,0,0,0,0,0,0,0,0,39.0026,-90.86115,0,09/29/2019,07:40:00,"VEHICLE 1 WAS TRAVELING EASTBOUND ON HIGHWAY 47. VEHICLE 2 WAS WESTBOUND ON HIGHWAY 47. DRIVER 1 MADE A LEFT TURN INTO PATH OF VEHICLE 2. THE FRONT LEFT OF VEHICLE 2 IMPACTED FRONT RIGHT OF VEHICLE 1. ASSISTED BY TPR M. G. KETTENBACH (1205), LINCOLN COUNTY SHERIFF'S OFFICE AND FIRE DEPARTMENT."
1217807,3190026218,Missouri State Highway Patrol-Troop C,1569715200000,190571628,1,0,1,0,Personal Injury,FRANKLIN,NON-CITY OR UNINCORPORATED,C,2,2,0,111,0.02,B ,E ,US 50,RT AJ,Daylight,Motor Vehicle in Transport,2,64,Sun     ,0,0,0,0,1,0,0,1,0,0,0,0,0,0,0,1,0,0,0,0,1,0,0,1,1,38.44558,-91.08277,0,09/29/2019,07:50:00,"DRIVER 2 WAS DRIVING TOO FAST FOR WET ROAD CONDITIONS. VEHICLE 2 BEGAN SLIDING AND CROSSED THE CENTER LINE.  DRIVER 1 STEERED TO THE RIGHT ATTEMPTING TO AVOID VEHICLE 2 CAUSING VEHICLE 1 TO TRAVEL OFF THE RIGHT SIDE OF THE ROADWAY. VEHICLE 2 SPUN AND THE RIGHT REAR OF VEHICLE 2 STRUCK THE LEFT FRONT OF VEHICLE 1. VEHICLE 1 RETURNED TO THE ROADWAY AND BEGAN TO SLIDE, CROSSING THE CENTER LINE AND TRAVELED OFF THE LEFT SIDE OF THE ROADWAY. VEHICLE 2 CROSSED THE CENTER LINE AND TRAVELED OFF THE LEFT SIDE OF THE ROADWAY."
949800,3190025973,Missouri State Highway Patrol-Troop D,1569715200000,190571769,1,0,1,0,Personal Injury,CHRISTIAN,SPARTA,D,2,2,0,855,0.16,A ,E ,MO 14,CRD FIG DR,Daylight,Motor Vehicle in Transport,1,61,Sun     ,0,0,0,0,0,0,1,1,0,0,0,0,0,0,0,1,0,0,0,0,0,1,0,0,0,37.00252,-93.11499,0,09/29/2019,09:20:00,"CRASH OCCURRED AS DRIVER #1 ABRUPTLY APPLIED THE BRAKES, AND VEHICLE #2 STRUCK THE REAR OF VEHICLE #1."