objectid,accident,agency,inv_date,complaint,injured,killed,min_inj,dis_inj,severity,county,city,troop,no_vehicle,motor_veh,left_scene,dist_feet,dist_mile,inter_loc,direction,on_street,at_street,light_cond,acc_type,on_off_rd,two_veh,day_week,dr_drink,dr_drug,ped_drink,ped_drug,speed,dr_under21,dr_under25,dr_over55,dr_over64,electrical,emer_veh,stop_sign,yield_sign,czone,hazmat,aggressive,cell_phone,texting,veh_defect,school_bus,truck,motorcycle,atv,pickup,cmv,gps_lat,gps_long,severity_fatal,acc_date,acc_time,narrative
1275883,3190026052,Missouri State Highway Patrol-Troop C,1569715200000,190571892,2,0,2,0,Personal Injury,FRANKLIN,ST CLAIR,C,1,1,0,70,0.01,B ,E ,RP 6915,IS 44,Daylight,Overturn,1,,Sun     ,0,0,0,0,0,0,0,1,0,0,0,0,0,1,0,0,0,0,0,0,0,1,0,0,0,38.34625,-90.99137,0,09/29/2019,10:45:00,VEHICLE 1 LOST CONTROL AND OVERTURNED.
1337522,3190027230,Missouri State Highway Patrol-Troop G,1569715200000,190571985,0,1,0,0,Fatal,SHANNON,NON-CITY OR UNINCORPORATED,G,1,1,0,237,0.04,B ,N,MO 19,CRD 258,Daylight,Overturn,1,,Sun     ,0,0,0,0,0,0,0,1,1,0,0,0,0,0,0,0,0,0,0,0,0,0,1,0,0,37.34699,-91.42579,1,09/29/2019,11:30:00,"FATALITY ACCIDENT - NEXT OF KIN NOTIFIED - ACCIDENT OCCURRED AS VEHICLE #1 LOST CONTROL, OVERTURNED, EJECTING DRIVER.  DRIVER WAS PRONOUNCED DEAD AT THE SCENE BY SHANNON COUNTY SHERIFF DARRIN BRAWLEY AT 1136 HOURS.  THIS IS TROOP G FATALITY #34 FOR 2019 COMPARED TO 32 FATALITIES AT THIS TIME IN 2018.  ASSISTED BY TPR. C. P. CHATMAN (657)."
1176259,3190025925,Missouri State Highway Patrol-Troop B,1569715200000,190572072,1,0,0,1,Personal Injury,CLARK,NON-CITY OR UNINCORPORATED,B,1,1,0,211,0.04,A ,S ,MO 27,CRD 309,Daylight,Overturn,2,,Sun     ,0,0,0,0,1,1,1,0,0,0,0,0,0,0,0,1,0,0,0,0,0,0,0,0,0,40.36143,-91.58738,0,09/29/2019,12:25:00,"VEHICLE 1 HYDROPLANED, TRAVELED INTO THE MEDIAN, AND OVERTURNED.  ASSISTED BY CLARK COUNTY SHERIFF'S OFFICE, WAYLAND FIRE DEPARTMENT, AND CLARK COUNTY EMS."
1183572,3190025922,Missouri State Highway Patrol-Troop B,1569715200000,190572157,1,0,1,0,Personal Injury,RANDOLPH,NON-CITY OR UNINCORPORATED,B,1,1,0,364,0.07,A ,W ,US 24,CRD 1510,Daylight,Fixed Object,2,,Sun     ,0,0,0,0,0,0,0,0,0,0,0,0,0,0,0,1,0,0,0,0,0,0,0,0,0,39.46434,-92.34907,0,09/29/2019,12:58:00,"DRIVER OF VEHICLE 1 ACCELERATED.  VEHICLE BEGAN SKIDDING, TRAVELED OFF THE RIGHT SIDE OF THE ROADWAY, AND STRUCK AN EMBANKMENT.  ASSISTED BY TPR. RUCKENBROD #802, RANDOLPH COUNTY SHERIFF'S OFFICE, AND RANDOLPH COUNTY FIRE DEPARTMENT."
1502839,3190026336,Missouri State Highway Patrol-Troop H,1569715200000,190572414,1,0,0,1,Personal Injury,CALDWELL,NON-CITY OR UNINCORPORATED,H,1,1,0,1525,0.29,A ,S ,RT A,CRD MUD CREEK DR,Daylight,Pedestrian,2,,Sun     ,0,0,0,0,0,0,0,0,0,0,0,0,0,0,0,0,0,0,0,0,1,0,0,1,0,39.565,-93.79551,0,09/29/2019,15:03:00,"CRASH OCCURRED AS DRIVER 1 ATTEMPTED TO GET INTO VEHICLE 1.  VEHICLE 1 BEGAN TO ROLL DOWN HILL AND DRIVER 1 FELL OUT.  VEHICLE 1 RAN OVER DRIVER 1.  ASSISTED BY TPR. M.S. CLINE (440), CALDWELL COUNTY SHERIFF'S DEPARTMENT AND BRAYMER FIRE AND RESCUE."
943140,3190025875,Missouri State Highway Patrol-Troop D,1569715200000,190572428,1,0,1,0,Personal Injury,DALLAS,NON-CITY OR UNINCORPORATED,D,2,2,0,1420,0.27,B ,S ,US 65,CRD COACH LOOP RD NJ,Daylight,Motor Vehicle in Transport,1,61,Sun     ,0,0,0,0,0,0,0,1,1,0,0,0,0,0,0,0,0,0,0,0,1,0,0,1,0,37.71285,-93.11645,0,09/29/2019,15:20:00,OCCURRED AS VEH2 PULLED INTO THE PATH OF VEH1.
1269891,3190026299,Missouri State Highway Patrol-Troop C,1569715200000,190572463,2,0,2,0,Personal Injury,JEFFERSON,NON-CITY OR UNINCORPORATED,C,2,2,0,79,0.01,B ,E ,RT M,WOR 55,Daylight,Motor Vehicle in Transport,1,61,Sun     ,0,0,0,0,0,0,0,1,1,1,0,0,0,0,0,0,0,0,0,0,0,0,0,0,0,38.34839,-90.39672,0,09/29/2019,15:40:00,VEHICLE 1 WAS STOPPED AT A RED ELECTRIC SIGNAL. VEHICLE 2 WAS TRAVELING EASTBOUND ON ROUTE M AND THE FRONT OF VEHICLE 2 STRUCK THE REAR OF VEHICLE 1.
1187639,3190026929,Missouri State Highway Patrol-Troop F,1569715200000,190572528,2,0,2,0,Personal Injury,CALLAWAY,KINGDOM CITY,F,4,4,0,417,0.08,A ,E ,IS 70,ERM EAST IS 70 MILE 1484,Daylight,Motor Vehicle in Transport,1,61,Sun     ,0,0,0,0,1,1,1,0,0,0,0,0,0,0,0,1,0,0,0,0,0,0,0,0,0,38.94411,-91.93326,0,09/29/2019,16:05:00,"VEHICLE 1 BRAKED AND VEERED TO THE LEFT TO AVOID A DISABLED VEHICLE IN THE ROADWAY.  VEHICLE 2 BRAKED AND VEERED TO THE RIGHT TO AVOID VEHICLE 1 AND THE DISABLED VEHICLE IN THE ROADWAY. VEHICLE 3 STRUCK VEHICLE 1 AND VEHICLE 2 AND BEGAN TO SPIN.  VEHICLE 4 STRUCK VEHICLE 3 IN THE REAR QUARTER PANEL CAUSING BOTH VEHICLE 3 AND VEHICLE 4 TO TRAVEL OFF THE LEFT SIDE OF THE ROADWAY AND STRIKING THE MEDIAN CABLES.  ASSISTED BY SGT R.S. THOMPSON (672), CPL D.T. SHIKLES (884), TPR A.W. LAWMAN (779), CVE B.S. WHITTINGTON (W002), TPR C.C. FRAME (1329), AND TPR N.W. MARCH (762)."
1156749,3190026268,Missouri State Highway Patrol-Troop E,1569715200000,190572677,2,0,2,0,Personal Injury,SCOTT,NON-CITY OR UNINCORPORATED,E,1,1,0,2640,0.5,A ,N,MO 77,CRD 242,Daylight,Overturn,2,,Sun     ,0,0,0,0,0,1,1,0,0,0,0,0,0,0,0,0,0,0,0,0,0,0,0,0,0,37.13666,-89.67331,0,09/29/2019,17:08:00,CRASH OCCURRED AS VEHICLE 1 TRAVELED OFF THE RIGHT SIDE OF ROADWAY AND OVERTURNED
907297,3190025935,Missouri State Highway Patrol-Troop D,1569715200000,190572692,2,0,2,0,Personal Injury,GREENE,NON-CITY OR UNINCORPORATED,D,1,1,0,528,0.1,B ,N,RT FF,CRD 168,Daylight,Fixed Object,2,,Sun     ,0,0,0,0,0,0,0,1,1,0,0,0,0,0,0,0,0,0,0,0,0,0,0,0,0,37.14467,-93.36494,0,09/29/2019,17:15:00,OCCURRED AS VEH1 RAN OFF ROADWAY AND STRUCK A TREE.
1277975,3190027606,Missouri State Highway Patrol-Troop C,1569715200000,190572900,5,0,4,1,Personal Injury,ST. CHARLES,LAKE ST LOUIS,C,2,2,0,0,0,AT,W ,RT N,CST LAKE SAINT LOUIS BOULEVARD,Daylight,Motor Vehicle in Transport,1,64,Sun     ,0,0,0,0,0,0,1,0,0,1,0,0,0,0,0,1,0,0,0,0,0,0,0,0,0,38.76145,-90.80071,0,09/29/2019,18:29:00,DRIVER 2 WAS STOPPED AT A STEAD RED ELECTRIC SIGNAL ON LAKE ST LOUIS BLVD. DRIVER 1 WAS WESTBOUND ON ROUTE N AND RAN A STEADY RED ELECTRIC SIGNAL.  THE FRONT OF VEHICLE 1 STRUCK THE DRIVER SIDE FRONT OF VEHICLE 2. ASSIST BY CPL. A. M. COVAL (175).
887250,3190026414,Missouri State Highway Patrol-Troop A,1569715200000,190572933,1,0,0,1,Personal Injury,RAY,NON-CITY OR UNINCORPORATED,A,1,1,0,271,0.05,B ,E ,MO 10,RT N,Daylight,Fixed Object,2,,Sun     ,0,0,0,0,1,0,0,0,0,0,0,0,0,0,0,1,0,0,0,0,0,0,0,0,0,39.30911,-94.11296,0,09/29/2019,18:40:00,CRASH OCCURRED AS VEHICLE RAN OFF THE RIGHT SIDE OF THE ROADWAY OVERCORRECTED AND STRUCK A POLE.
1269893,3190027598,Missouri State Highway Patrol-Troop C,1569715200000,190572967,1,1,1,0,Fatal,JEFFERSON,NON-CITY OR UNINCORPORATED,C,2,2,0,58,0.01,B ,W ,MO 30,CRD NORTHWEST BLVD,Dark-Lighted,Motor Vehicle in Transport,1,61,Sun     ,1,0,0,0,0,0,0,1,1,1,0,0,0,0,0,1,0,0,0,0,1,1,0,1,0,38.50092,-90.46084,1,09/29/2019,19:00:00,FATALITY REPORT. BOTH VEHICLES WERE TRAVELING WESTBOUND ON HIGHWAY 30. DRIVER 1 SLOWED TO A STOP FOR A STEADY RED ELECTRIC SIGNAL. DRIVER 2 SWERVED TO THE RIGHT IN AN ATTEMPT TO AVOID A COLLISION WITH VEHICLE 1. VEHICLE 2 BEGAN TO SLIDE. THE FRONT LEFT OF VEHICLE 2 STRUCK THE REAR OF VEHICLE 1. DRIVER 2 WAS EJECTED. DRIVER 2 PRONOUNCED ON SCENE BY NORTH JEFFERSON COUNTY AMBULANCE AT 1914 HOURS ON 9-29-19.  ASSISTED BY MSGT. T. M. WILLIAMS (1132) AND CPL. R. L. CALVERT (165)
966799,3190025857,Missouri State Highway Patrol-Troop D,1569715200000,190573015,1,0,1,0,Personal Injury,BARRY,NON-CITY OR UNINCORPORATED,D,1,1,0,939,0.18,B ,E ,MO 112,CRD 2218,Daylight,Fixed Object,2,,Sun     ,0,0,0,0,0,0,0,0,0,0,0,0,0,0,0,0,0,0,0,0,0,1,0,0,0,36.61372,-93.84398,0,09/29/2019,19:20:00,OCCURRED AS VEHICLE 1 DROVE OFF THE RIGHT SIDE OF THE ROADWAY AND STRUCK A TREE.
1273560,3190026489,Missouri State Highway Patrol-Troop C,1569715200000,190573040,1,0,0,1,Personal Injury,ST. FRANCOIS,NON-CITY OR UNINCORPORATED,C,1,1,0,17,0,B ,W ,PVT PAWNEE DR,PVT ROY ST,Dark-Unlighted,Fixed Object,2,,Sun     ,0,0,0,0,0,0,0,1,0,0,0,0,0,0,0,0,0,0,0,0,0,0,1,0,0,37.97511,-90.33261,0,09/29/2019,19:40:00,VEHICLE 1 TRAVELED OF THE LEFT SIDE OF THE ROADWAY AND STRUCK A DITCH. DRIVER 1 WAS EJECTED. ASSISTED BY MSGT. D. F. ISRINGHAUSEN (1335)
1059784,3190026151,Missouri State Highway Patrol-Troop I,1569715200000,190573067,1,0,0,1,Personal Injury,PHELPS,ST JAMES,I,2,2,0,285,0.05,B ,E ,IS 44,ERM EAST IS 44 MILE 1938,Dark-Unlighted,Motor Vehicle in Transport,1,61,Sun     ,0,0,0,0,1,0,0,0,0,0,0,0,0,0,0,1,0,0,0,0,0,0,0,0,0,37.99033,-91.65029,0,09/29/2019,20:08:00,"OCCURRED AS VEHICLE 1 REAR ENDED VEHICLE 2.  VEHICLE 1 TRAVELED OFF THE LEFT SIDE OF THE ROADWAY, STRIKING THE MEDIAN CABLE AND OVERTURNING. VEHICLE 2 TRAVELED OFF THE RIGHT SIDE OF THE ROADWAY COMING TO REST IN THE DITCH.   ASSISTED BY TPR I A COX (294)  AND TPR B N CRAWFORD (406)"
1282759,3190027118,Missouri State Highway Patrol-Troop C,1569715200000,190573170,1,0,1,0,Personal Injury,ST. CHARLES,ST CHARLES,C,2,2,0,757,0.14,A ,W ,IS 70,CST CAVE SPRINGS,Dark-Unlighted,Parked Motor Vehicle,2,63,Sun     ,1,0,0,0,0,0,0,0,0,0,0,0,0,0,0,0,0,0,0,0,0,0,0,0,0,38.79465,-90.5674,0,09/29/2019,21:45:00,VEHICLE 1 WAS WESTBOUND ON INTERSTATE 70.  VEHICLE 1 THEN TRAVELED OFF THE RIGHT SIDE OF THE ROADWAY AND STRUCK AN ABANDONED PARKED VEHICLE.  VEHICLE 1 THEN CONTINUED ACROSS THE LANES OF TRAFFIC AND STRUCK THE MEDIAN WALL.
1304222,3190031507,Missouri State Highway Patrol-Troop C,1569715200000,190573174,3,0,2,1,Personal Injury,ST. LOUIS,CREVE COEUR,C,2,2,0,116,0.02,A ,W ,IS 270,ERM SOUTH IS 270 MILE 140,Dark-Unlighted,Fixed Object,2,,Sun     ,1,0,0,0,1,0,0,0,0,0,0,0,0,0,0,1,0,0,0,0,0,0,0,0,0,38.66046,-90.44857,0,09/29/2019,21:45:00,VEHICLE 1 WAS DISABLED IN LANE 3 FOLLOWING A PREVIOUS TRAFFIC CRASH. THE FRONT OF VEHICLE 2 STRUCK THE REAR OF VEHICLE 1.  ASSISTED BY MSGT. J. R. DIFFEE (496)
1156748,3190026266,Missouri State Highway Patrol-Troop E,1569801600000,190573318,1,0,1,0,Personal Injury,SCOTT,NON-CITY OR UNINCORPORATED,E,1,1,0,3168,0.6,A ,N,US 61,CRD 446 SJ,Dark-Unlighted,Fixed Object,2,,Mon     ,0,1,0,0,0,0,0,1,0,0,0,0,0,0,0,1,0,0,0,0,0,0,0,0,0,36.98375,-89.62194,0,09/30/2019,03:00:00,VEH1 RAN OFF THE ROADWAY STRIKING SEVERAL MAILBOXES A FENCE AND A SIGN. VEH1 THEN OVERTURNED AND CAUGHT FIRE.
1042527,3190026064,Missouri State Highway Patrol-Troop I,1569801600000,190573337,1,0,1,0,Personal Injury,LACLEDE,NON-CITY OR UNINCORPORATED,I,1,1,0,1821,0.34,B ,N,MO 5,CRD CAMELOT CIRCLE SJ,Dark-Unlighted,Animal,1,,Mon     ,0,0,0,0,0,0,0,0,0,0,0,0,0,0,0,0,0,0,0,0,0,1,0,0,0,37.55591,-92.61692,0,09/30/2019,05:15:00,CRASH OCCURRED AS VEHICLE 1 WAS NAVIGATING A CORNER AND STRUCK A DEER IN THE ROADWAY
1063826,3190026382,Missouri State Highway Patrol-Troop I,1569801600000,190573369,1,0,1,0,Personal Injury,DENT,NON-CITY OR UNINCORPORATED,I,2,2,0,2112,0.4,A ,E ,MO 32,CRD 2405,Dark-Unlighted,Fixed Object,2,,Mon     ,0,0,0,0,1,0,0,0,0,0,0,0,0,0,0,1,0,0,0,0,1,0,0,0,1,37.61295,-91.62477,0,09/30/2019,05:45:00,"CRASH OCCURRED AS VEHICLE 1 TRAVELED OFF THE RIGHT SIDE OF THE ROAD, STRIKING LANDSCAPING ITEMS AND VEHICLE 2. ASSISTED BY MSGT R A COPELAND (308) AND THE DENT COUNTY SHERIFF'S OFFICE."
1212784,3190028105,Missouri State Highway Patrol-Troop C,1569801600000,190573439,1,0,1,0,Personal Injury,WASHINGTON,NON-CITY OR UNINCORPORATED,C,1,1,0,850,0.16,A ,E ,RT M,CRD MOUNTS RD 511,Daylight,Overturn,2,,Mon     ,0,0,0,0,0,0,0,0,0,0,0,0,0,0,0,0,0,0,0,0,1,0,0,0,1,37.84553,-90.6622,0,09/30/2019,07:17:00,"VEHICLE 1 CRESTED A HILL AND OBSERVED A SCHOOL BUS STOPPED. VEHICLE 1 APPLIED THE BRAKES AND VEHICLE 1 STARTED TO SKID. VEHICLE 1 TRAVELED OFF THE RIGHT SIDE OF THE ROADWAY, HIT AN EMBANKMENT, AND OVERTURNED. ASSISTED BY F.T.O. CPL. B.M. BEARD (254)"
1152880,3190026093,Missouri State Highway Patrol-Troop E,1569801600000,190573626,3,0,3,0,Personal Injury,CAPE GIRARDEAU,NON-CITY OR UNINCORPORATED,E,2,2,0,27,0.01,B ,W ,RT K,PVT GREENBRIER DR,Daylight,Motor Vehicle in Transport,1,61,Mon     ,0,0,0,0,0,0,0,0,0,0,0,0,0,0,0,0,0,0,0,0,0,0,0,0,0,37.31218,-89.62814,0,09/30/2019,08:50:00,"CRASH OCCURRED AS VEH 1 WAS STOPPED TO MAKE LEFT TURN, VEH 2 STRUCK VEH 1 IN THE REAR."
1500150,3190026837,Missouri State Highway Patrol-Troop H,1569801600000,190573849,2,0,0,2,Personal Injury,CLINTON,NON-CITY OR UNINCORPORATED,H,2,2,0,0,0,AT,S ,US 69,CRD 326TH ST,Daylight,Motor Vehicle in Transport,1,64,Mon     ,0,0,0,0,0,0,0,1,1,0,0,1,0,0,0,1,0,0,0,0,0,0,0,0,0,39.68406,-94.23778,0,09/30/2019,10:30:00,CRASH OCCURRED AS VEHICLE 1 TURNED OFF OF NE 326TH STREET INTO THE PATH OF VEHICLE 2.  VEHICLE 2 STRUCK VEHICLE 1 IN THE DRIVER'S SIDE.  BOTH VEHICLES CAME TO REST PARTIALLY BLOCKING US 69.  ASSISTED BY CPL. R.A. SHERMAN (1136) AND TPR. T.M. ROYSTER (957).
905836,3190026054,Missouri State Highway Patrol-Troop D,1569801600000,190574098,1,0,0,1,Personal Injury,GREENE,NON-CITY OR UNINCORPORATED,D,1,1,0,1800,0.34,A ,E ,US 60,BRIDGE A1218,Daylight,Fixed Object,2,,Mon     ,,,,,,1,1,0,0,0,0,0,0,0,0,,0,0,,0,0,0,0,0,0,37.12168,-93.22223,0,09/30/2019,12:40:00,"VEHICLE 1 RAN OFF SOUTH SIDE OF ROADWAY, STRUCK A BLUFF AND OVERTURNED. DRIVER WAS EJECTED FROM VEHICLE."
1017904,3190026256,Missouri State Highway Patrol-Troop D,1569801600000,190574103,2,0,2,0,Personal Injury,NEWTON,NON-CITY OR UNINCORPORATED,D,1,1,0,31,0.01,B ,W ,MO 86,CRD NORWAY RD,Daylight,Fixed Object,2,,Mon     ,0,0,0,0,0,0,0,1,1,0,0,0,0,0,0,1,0,0,0,0,0,0,0,0,0,36.84609,-94.12072,0,09/30/2019,12:40:00,"VEHICLE #1 TRAVELED OFF THE ROADWAY, STRUCK A FENCE, UTILITY POLE AND A SIGN."
1213297,3190025987,Missouri State Highway Patrol-Troop F,1569801600000,190574236,1,0,1,0,Personal Injury,COLE,NON-CITY OR UNINCORPORATED,F,1,1,0,2170,0.41,B ,N,RT D,CRD NINE HILLS RD,Daylight,Fixed Object,2,,Mon     ,0,0,0,0,0,0,0,1,1,0,0,0,0,0,0,0,0,0,0,0,1,0,0,1,0,38.55726,-92.36445,0,09/30/2019,13:35:00,"DRIVER 1 SUFFERED AN UNKNOWN MEDICAL CONDITION WHERE SHE LOST CONSCIOUSNESS. VEHICLE 1 TRAVELED OFF THE LEFT SIDE OF THE ROADWAY, STRUCK A UTILITY POLE GY WIRE AND A GARAGE."
803329,3190026714,Missouri State Highway Patrol-Troop A,1569801600000,190574319,1,0,1,0,Personal Injury,JOHNSON,NON-CITY OR UNINCORPORATED,A,2,2,0,1550,0.29,A ,E ,CRD SE 710,CRD SE 700,Daylight,Motor Vehicle in Transport,1,60,Mon     ,1,0,0,0,0,1,1,1,0,0,0,0,0,0,0,1,0,0,0,0,0,0,0,0,0,38.65478,-93.65292,0,09/30/2019,14:10:00,CRASH OCCURRED AS VEHICLE 1 TRAVELED OVER THE CENTER OF THE ROADWAY AND STRUCK VEHICLE 2 HEAD ON.
841741,3190026526,Missouri State Highway Patrol-Troop A,1569801600000,190574330,2,0,2,0,Personal Injury,LAFAYETTE,NON-CITY OR UNINCORPORATED,A,2,2,0,253,0.05,A ,W ,IS 70,ERM WEST IS 70 MILE 324,Daylight,Motor Vehicle in Transport,1,61,Mon     ,0,0,0,0,0,0,0,1,1,0,0,0,0,0,0,1,0,0,0,0,0,0,0,0,0,39.01119,-94.05194,0,09/30/2019,14:16:00,CRASH OCCURRED AS DRIVER 2 CHANGED LANES IN FRONT OF VEHICLE 1 AND IMPROPERLY APPLIED BRAKES
893332,3190026875,Missouri State Highway Patrol-Troop D,1569801600000,190574344,2,0,2,0,Personal Injury,LAWRENCE,NON-CITY OR UNINCORPORATED,D,2,2,0,448,0.08,B ,S ,CRD 1210,CRD 2180,Daylight,Motor Vehicle in Transport,1,62,Mon     ,0,0,0,0,0,0,0,1,0,0,0,0,0,0,0,1,0,0,0,0,0,0,1,0,0,37.01297,-93.68255,0,09/30/2019,14:10:00,"CRASH OCCURRED AS DRIVER #2 LOST CONTROL OF VEHICLE #2, CAUSING VEHICLE #2 TO TRAVEL INTO THE SOUTHBOUND LANE, STRIKING THE LEFT FRONT OF VEHICLE #1."
1292848,3190029338,Missouri State Highway Patrol-Troop C,1569801600000,190574544,1,1,0,1,Fatal,ST. LOUIS,BELLEFONTAINE NEIGHBORS,C,2,2,0,58,0.01,B ,N,CRD BELLEFONTAINE RD,CST QUIET DR,Daylight,Motor Vehicle in Transport,1,60,Mon     ,0,0,0,0,0,0,0,0,0,0,0,0,0,0,0,1,0,0,0,0,0,0,0,0,0,38.76636,-90.22138,1,09/30/2019,15:40:00,"FATALITY REPORT: VEHICLE 1 TRAVELING SOUTHBOUND ON BELLEFONTAINE ROAD. VEHICLE 2 WAS TRAVELING NORTHBOUND ON BELLEFONTAINE ROAD. VEHICLE 1 CROSSED THE CENTER LINE AND STRUCK VEHICLE 2. DRIVER 1 PRONOUNCED AT 1555 HOURS ON SCENE BY CHRISTIAN NORTHEAST EMS PERSONNEL,  ASSISTED BY LT. K. W. MALUGEN (72), CPL. A. D. SMITH (1357) TPR. C. J. MENDEZ (1411) AND TPR. J. V. BONDURANT (1468) ."
1187077,3190026228,Missouri State Highway Patrol-Troop B,1569801600000,190574545,3,0,2,1,Personal Injury,MARION,NON-CITY OR UNINCORPORATED,B,2,2,0,0,0,AT,W ,US 24,SOR 24,Daylight,Motor Vehicle in Transport,1,64,Mon     ,0,0,0,0,0,0,0,1,0,0,0,1,0,0,0,1,0,0,0,0,0,0,0,0,0,39.92931,-91.43256,0,09/30/2019,15:55:00,VEHICLE 1 PULLED INTO THE PATH OF VEHICLE 2 AND WAS STRUCK BY VEHICLE 2.  ASSISTED BY THE MARION COUNTY SHERIFF'S DEPARTMENT AND PALMYRA FIRE.
1042499,3190025921,Missouri State Highway Patrol-Troop I,1569801600000,190574566,3,0,3,0,Personal Injury,LACLEDE,NON-CITY OR UNINCORPORATED,I,1,1,0,31,0.01,A ,W ,IS 44,RP 3166,Daylight,Fixed Object,2,,Mon     ,0,0,0,0,0,0,0,0,0,0,0,0,0,0,0,0,0,0,1,0,0,0,0,0,0,37.55983,-92.78816,0,09/30/2019,16:00:00,"VEHICLE 1 SUFFERED AN EQUIPMENT FAILURE, TRAVELED OFF OF THE RIGHT SIDE OF THE ROADWAY AND STRUCK A SIGN."
1227223,3190028181,Missouri State Highway Patrol-Troop C,1569801600000,190574568,1,0,1,0,Personal Injury,ST. LOUIS,NON-CITY OR UNINCORPORATED,C,3,3,0,443,0.08,A ,W ,IS 270,ERM SOUTH IS 270 MILE 10,Daylight,Motor Vehicle in Transport,1,61,Mon     ,0,0,0,0,1,0,0,1,0,0,0,0,0,0,0,1,0,0,0,0,1,0,0,1,0,38.50778,-90.35209,0,09/30/2019,16:00:00,"VEHICLE 1 WAS SOUTHBOUND INTERSTATE 270 IN LANE 3.  VEHICLE 2 WAS BEHIND VEHICLE 1.  VEHICLE 3 WAS SOUTHBOUND INTERSTATE 270 IN LANE 2.  DRIVER 1 SLOWED FOR TRAFFIC CONGESTION AHEAD.  DRIVER 2 WAS UNABLE TO STOP IN TIME, CAUSING THE FRONT OF VEHICLE 2 TO STRIKE THE REAR OF VEHICLE 1.  DRIVER 3 STEERED VEHICLE 3 TO THE LEFT TO AVOID STRIKING THE OTHER TWO VEHICLES.  VEHICLE 1 THEN ROTATED COUNTER CLOCKWISE AND STRUCK THE CONCRETE MEDIAN WALL.  THE FRONT LEFT OF VEHICLE 3 THEN STRUCK THE FRONT LEFT OF VEHICLE 1."
1196180,3190026106,Missouri State Highway Patrol-Troop B,1569801600000,190574668,1,0,0,1,Personal Injury,MACON,NON-CITY OR UNINCORPORATED,B,2,2,0,610,0.12,A ,S ,MO 3,CRD FLORIDA PLACE,Daylight,Motor Vehicle in Transport,1,64,Mon     ,0,0,0,0,0,0,1,0,0,0,0,0,0,0,0,1,0,0,0,0,1,0,0,0,1,39.80405,-92.62064,0,09/30/2019,16:46:00,"01 NORTHBOUND,&  02 SOUTHBOUND.  01 LOST CONTROL, CROSSED THE CENTER LINE AND STRUCK 02.  AFTER IMPACT 01 TRAVELED OFF THE WEST SIDE OF THE ROADWAY AND STRUCK A FENCE.  ASSISTED BY TPR HALLEY 652 MACON COUNTY AMBULANCE, CALLAO FIRE DEPARTMENT AND FIRST RESPONDERS."
1147797,3190026499,Missouri State Highway Patrol-Troop E,1569801600000,190574811,2,0,1,1,Personal Injury,STODDARD,NON-CITY OR UNINCORPORATED,E,1,1,0,15,0,A ,S ,MO 25,RT H,Daylight,Overturn,2,,Mon     ,0,0,0,0,0,0,0,0,0,0,0,0,0,0,0,1,0,0,0,0,0,0,0,0,0,36.73082,-89.96516,0,09/30/2019,17:42:00,CRASH OCCURRED AS VEHICLE 1 RAN OFF THE RIGHT SIDE OF THE ROADWAY OVERTURNED AND EJECTED THE DRIVER
1269914,3190026885,Missouri State Highway Patrol-Troop C,1569801600000,190574994,1,0,1,0,Personal Injury,JEFFERSON,NON-CITY OR UNINCORPORATED,C,1,1,0,51,0.01,B ,W ,RT H,PVT DUDE LN,Dark-Unlighted,Fixed Object,2,,Mon     ,0,0,0,0,1,0,0,1,1,0,0,0,0,0,0,1,0,0,0,0,1,0,0,1,0,38.16375,-90.68196,0,09/30/2019,19:35:00,VEHICLE 1 WAS TRAVELING EAST ON ROUTE H. DRIVER 1 FAILED TO NEGOTIATE A CURVE. VEHICLE 1 EXITED THE ROADWAY TO THE LEFT AND STRUCK A TREE AND OVERTURNED.
903329,3190026319,Missouri State Highway Patrol-Troop D,1569801600000,190575033,1,0,1,0,Personal Injury,CHRISTIAN,NON-CITY OR UNINCORPORATED,D,3,3,0,168,0.03,A ,W ,US 60,CRD MOONEYHAM RD,Dark-Unlighted,Motor Vehicle in Transport,1,64,Mon     ,1,0,0,0,0,0,1,1,0,0,0,0,0,0,0,1,0,0,0,0,0,0,0,0,0,37.09271,-93.51743,0,09/30/2019,19:55:00,OCCURRED AS VEH3 CROSSED CENTER LINE AND STRUCK THE SIDE OF VEH1 THEN STRUCK VEH2 HEAD ON.
912411,3190026523,Missouri State Highway Patrol-Troop D,1569801600000,190575045,1,0,1,0,Personal Injury,POLK,NON-CITY OR UNINCORPORATED,D,1,1,Y,533,0.1,B ,N,MO 13,CRD 350TH RD,Dark-Unlighted,Fixed Object,2,,Mon     ,0,0,0,0,0,,,,,0,0,0,0,0,0,1,0,0,0,0,0,0,0,0,0,37.75369,-93.55008,0,09/30/2019,20:00:00,VEHICLE #1 WENT OFF THE RIGHT SIDE OF THE ROADWAY AND UNDERCARRIAGE STRUCK THE GROUND.
893330,3190027127,Missouri State Highway Patrol-Troop D,1569801600000,190575065,2,0,2,0,Personal Injury,LAWRENCE,NON-CITY OR UNINCORPORATED,D,1,1,0,36,0.01,B ,E ,IS 44,ERM EAST IS 44 MILE 510,Dark-Unlighted,Animal,1,,Mon     ,0,0,0,0,0,0,0,0,0,0,0,0,0,0,0,0,0,0,0,0,1,0,0,1,0,37.12671,-93.74311,0,09/30/2019,20:15:00,VEHICLE 1 STRUCK A DEER IN THE ROADWAY.