objectid,accident,agency,inv_date,complaint,injured,killed,min_inj,dis_inj,severity,county,city,troop,no_vehicle,motor_veh,left_scene,dist_feet,dist_mile,inter_loc,direction,on_street,at_street,light_cond,acc_type,on_off_rd,two_veh,day_week,dr_drink,dr_drug,ped_drink,ped_drug,speed,dr_under21,dr_under25,dr_over55,dr_over64,electrical,emer_veh,stop_sign,yield_sign,czone,hazmat,aggressive,cell_phone,texting,veh_defect,school_bus,truck,motorcycle,atv,pickup,cmv,gps_lat,gps_long,severity_fatal,acc_date,acc_time,narrative
915638,3190026130,Missouri State Highway Patrol-Troop D,1569801600000,190575232,1,0,1,0,Personal Injury,JASPER,NON-CITY OR UNINCORPORATED,D,1,1,0,0,0,AT,E ,CRD E CHESTNUT,CRD 118,Dark-Unlighted,Fixed Object,2,,Mon     ,0,0,0,0,0,0,0,0,0,0,1,1,0,0,0,0,0,0,0,0,0,0,0,0,0,37.17174,-94.26899,0,09/30/2019,22:30:00,"NR1 RAN OFF THE ROADWAY, STRUCK A SIGN AND A DITCH"
966800,3190026539,Missouri State Highway Patrol-Troop D,1569801600000,190575250,1,0,0,1,Personal Injury,BARRY,NON-CITY OR UNINCORPORATED,D,1,1,0,786,0.15,B ,E ,CRD 2140,CRD 1150,Dark-Unlighted,Fixed Object,2,,Mon     ,0,0,0,0,1,0,0,0,0,0,0,0,0,0,0,1,0,0,0,0,0,1,0,0,0,36.73048,-93.80333,0,09/30/2019,22:00:00,VEHICLE 1 RAN OFF THE ROADWAY AND STRUCK A FENCE.
1231565,3190026555,Missouri State Highway Patrol-Troop C,1569888000000,190575356,0,1,0,0,Fatal,LINCOLN,NON-CITY OR UNINCORPORATED,C,1,1,0,1135,0.21,B ,W ,CRD DAVIS RD,RT BB,Dark-Unlighted,Overturn,1,,Tue     ,0,0,0,0,1,0,0,0,0,0,0,0,0,0,0,1,0,0,0,0,0,1,0,0,0,39.05763,-91.01566,1,10/01/2019,05:20:00,LATE DEATH REPORT. DRIVER 1 FAILED TO NEGOTIATE A CURVE CAUSING VEHICLE 1 TO OVERTURN. PRONOUNCED AT 0839 HOURS BY DR. DANIEL LACKEY.
1505857,3190026687,Missouri State Highway Patrol-Troop H,1569888000000,190575451,2,0,0,2,Personal Injury,BUCHANAN,ST JOSEPH,H,2,2,0,204,0.04,B ,N,IS 29,ERM NORTH IS 29 MILE 476,Daylight,Motor Vehicle in Transport,1,60,Tue     ,0,0,0,0,0,0,0,1,1,0,0,0,0,0,0,0,0,0,0,0,0,0,0,0,0,39.77094,-94.79262,0,10/01/2019,07:18:00,"ACCIDENT OCCURRED AS VEH #1 WAS TRAVELING SOUTHBOUND IN THE NORTHBOUND LANE OF I-29. VEH #1 STRUCK VEH #2 HEAD-ON. VEH #1 CAME TO REST IN THE MEDIAN ON ITS WHEELS. VEH #2 CAME TO REST IN THE DRIVING LANE ON ITS WHEELS. ASSISTED BY LT S.P. SKOGLUND (101), LT M.A. OTT (54), MSGT C.B. ROOT (1257), SGT J.P. ANGLE (338), SGT M.B. RICHARDSON (983), SGT M.A. WILHOIT (1212), AND TPR N.J. GREINER (626), BUCHANAN COUNTY SHERIFF'S DEPARTMENT, ST. JOSEPH POLICE DEPARTMENT, AND ST. JOSEPH FIRE DEPARTMENT."
1122868,3190026747,Missouri State Highway Patrol-Troop E,1569888000000,190575478,0,1,0,0,Fatal,MADISON,JUNCTION CITY,E,2,2,0,1710,0.32,A ,E ,MO 72,BRIDGE A7598,Daylight,Overturn,1,,Tue     ,0,0,0,0,0,0,0,1,1,0,0,0,0,0,0,1,0,0,0,0,1,1,0,0,1,37.57358,-90.29445,1,10/01/2019,07:27:00,"FATALITY CRASH - CRASH OCCURRED AS VEHICLE 1 WAS ATTEMPTING TO MAKE A LEFT TURN OUT OF A PRIVATE DRIVE AND TRAVELED INTO THE PATH OF VEHICLE 2.  PRONOUNCED AT THE SCENE, AT 0810 HRS, ON OCTOBER 1, 2019,  BY MADISON COUNTY CORONER, COLLIN FOLLIS.  NEXT OF KIN NOTIFIED.  TROOP E FATALITY # 41 FOR 2019."
1196835,3190027076,Missouri State Highway Patrol-Troop F,1569888000000,190575498,1,0,1,0,Personal Injury,CALLAWAY,NON-CITY OR UNINCORPORATED,F,1,1,0,4752,0.9,A ,N,RT J,RT WW,Daylight,Pedestrian,1,,Tue     ,0,0,0,0,0,0,0,0,0,0,0,0,0,0,0,0,0,0,0,0,1,0,0,1,0,38.91632,-92.13014,0,10/01/2019,07:40:00,PEDESTRIAN 1 WAS WALKING IN THE ROADWAY AND WAS STRUCK BY VEHICLE 1'S SIDE MIRROR.  ASSISTED BY SGT J. L. ARNOLD (351)
1506870,3190026761,Missouri State Highway Patrol-Troop H,1569888000000,190575499,2,0,1,1,Personal Injury,DEKALB,NON-CITY OR UNINCORPORATED,H,2,2,0,0,0,AT,E ,US 36,RT M,Daylight,Motor Vehicle in Transport,1,64,Tue     ,0,0,0,0,0,0,0,1,1,1,0,1,0,0,0,1,0,0,0,0,0,0,0,0,0,39.76151,-94.3567,0,10/01/2019,07:40:00,"ACCIDENT OCCURRED AS VEH #1 WAS EASTBOUND ON US36 AND VEH #2 WAS NORTHBOUND ON RT-M. VEH #2 FAILED TO YIELD TO VEH #1 AND STRUCK VEH #1 ON THE DRIVER'S SIDE. BOTH VEH #1 AND VEH #2 TRAVELED OFF THE NORTH SIDE OF THE ROADWAY AND CAME TO REST ON THEIR WHEELS. ASSISTED BY CPL C.M. WRIGHT (1397), TPR N.A. REGAN (1454), AND DEKALB COUNTY SHERIFF'S DEPARTMENT."
900611,3190026476,Missouri State Highway Patrol-Troop D,1569888000000,190575721,1,0,0,1,Personal Injury,ST. CLAIR,NON-CITY OR UNINCORPORATED,D,1,1,0,1953,0.37,A ,E ,RT T,BRIDGE A2114,Daylight,Fixed Object,2,,Tue     ,0,0,0,0,1,0,0,0,0,0,0,0,0,0,0,1,0,0,0,0,1,0,0,1,1,37.98003,-93.61091,0,10/01/2019,09:25:00,CRASH OCCURRED AS VEHICLE 1 TRAVELED OFF THE RIGHT SIDE OF THE ROADWAY AND STRUCK A TREE
1208976,3190026343,Missouri State Highway Patrol-Troop F,1569888000000,190575926,1,0,1,0,Personal Injury,MONTGOMERY,NON-CITY OR UNINCORPORATED,F,1,1,0,776,0.15,A ,S ,CRD LEACH BRANCH RD,CRD RIVER TRAIL ROAD,Daylight,Overturn,2,,Tue     ,0,0,0,0,0,0,0,1,1,0,0,0,0,0,0,0,0,0,0,0,0,0,0,0,0,38.80546,-91.53917,0,10/01/2019,10:00:00,DRIVER 1 EXPERIENCED A MEDICAL EMERGENCY. VEHICLE ONE CROSSED THE CENTER OF THE ROADWAY AND RAN OFF LEFT SIDE OF ROAD INTO A DITCH.
1145008,3190026290,Missouri State Highway Patrol-Troop E,1569888000000,190576019,1,0,1,0,Personal Injury,NEW MADRID,NON-CITY OR UNINCORPORATED,E,1,1,0,987,0.19,B ,W ,RT YY,CRD 355,Daylight,Overturn,2,,Tue     ,0,0,0,0,0,0,0,1,0,0,0,0,0,0,0,0,0,0,0,0,0,0,0,0,0,36.40061,-89.75584,0,10/01/2019,11:40:00,CRASH OCCURRED AS VEHICLE 1 RAN OFF THE LEFT SIDE OF THE ROADWAY AND OVERTURNED
947966,3190026248,Missouri State Highway Patrol-Troop D,1569888000000,190576109,2,0,1,1,Personal Injury,BARTON,NON-CITY OR UNINCORPORATED,D,1,1,0,188,0.04,A ,E ,PVT 416 N HWY 43,MO 43,Daylight,Fixed Object,2,,Tue     ,0,0,0,0,0,1,1,0,0,0,0,0,0,0,0,0,0,0,0,0,0,0,1,0,0,37.56868,-94.47721,0,10/01/2019,12:50:00,PRIVATE PROPERTY CRASH--VEHICLE #1 DROVE THROUGH A WIRE FENCE
851943,3190030998,Missouri State Highway Patrol-Troop A,1569888000000,190576448,3,1,1,2,Fatal,CLAY,MOSBY,A,2,2,0,0,0,AT,S ,US 69,CRD RHODUS ROAD,Daylight,Motor Vehicle in Transport,1,64,Tue     ,0,0,0,0,0,1,1,0,0,0,0,0,1,0,0,1,0,0,0,0,0,0,0,0,0,39.3229,-94.30751,1,10/01/2019,15:20:00,"***FATAL CRASH ***  NEXT OF KIN NOTIFIED    TROOP A FATAL CRASH #49, FATALITY #55 - CRASH OCCURRED AS VEHICLE #1 WAS TRAVELING ON RHODUS ROAD AND FAILED TO YIELD TO VEHICLE #2 WHICH WAS TRAVELING ON US-69. VEHICLE #2 TRAVELED OFF RIGHT SIDE OF ROADWAY. VEHICLE #1 CHANGED LANES AND CAME TO REST FACING SOUTH. OCCUPANT WAS PRONOUNCED AT 1534 BY FRONTIER FORENSICS.  ASSISTED BY TPR. C. A. ADKISON /530/, MSGT. E. L. HURST /949/, AND EXCELSIOR SPRINGS POLICE DEPARTMENT."
1152895,3190027109,Missouri State Highway Patrol-Troop E,1569888000000,190576491,1,0,1,0,Personal Injury,CAPE GIRARDEAU,NON-CITY OR UNINCORPORATED,E,1,1,0,966,0.18,A ,N,US 61,CRD 601,Daylight,Pedestrian,1,,Tue     ,0,0,1,0,0,0,0,0,0,0,0,0,0,0,0,0,0,0,0,0,1,0,0,1,0,37.43296,-89.63775,0,10/01/2019,15:42:00,CRASH OCCURRED AS VEHICLE 1 STRUCK PEDESTRIAN THAT WAS WALKING IN THE ROADWAY
1152896,3190026199,Missouri State Highway Patrol-Troop E,1569888000000,190576626,1,0,1,0,Personal Injury,CAPE GIRARDEAU,NON-CITY OR UNINCORPORATED,E,1,1,0,512,0.1,A ,E ,PVT ESTATE DR,PVT STAR DR WJ,Daylight,Overturn,1,,Tue     ,1,0,0,0,0,0,0,0,0,0,0,0,0,0,0,0,0,0,0,0,0,1,0,0,0,37.31279,-89.61396,0,10/01/2019,16:20:00,CRASH OCCURRED AS VEHICLE 1 STRUCK A SPEED BUMP AND OVERTURNED
1329760,3190027215,Missouri State Highway Patrol-Troop G,1569888000000,190576677,1,0,0,1,Personal Injury,OREGON,NON-CITY OR UNINCORPORATED,G,2,2,0,2339,0.44,A ,N,US 63,CRD 351,Daylight,Motor Vehicle in Transport,1,61,Tue     ,0,0,0,0,1,1,1,0,0,0,0,0,0,0,0,1,0,0,0,0,1,0,0,1,0,36.63835,-91.66374,0,10/01/2019,17:00:00,CRASH OCCURRED AS VEHICLE TWO` WAS STOPPED TO MAKE A LEFT HAND TURN AND VEHICLE ONE STRUCK VEHICLE TWO FROM BEHIND.
1231564,3190026567,Missouri State Highway Patrol-Troop C,1569888000000,190576731,1,0,1,0,Personal Injury,LINCOLN,NON-CITY OR UNINCORPORATED,C,3,3,0,1288,0.24,B ,N,MO 47,PVT CEDAR CREEK LN,Daylight,Motor Vehicle in Transport,1,61,Tue     ,0,0,0,0,1,0,1,0,0,0,0,0,0,0,0,1,0,0,0,0,0,0,0,0,0,38.98864,-90.92934,0,10/01/2019,17:20:00,ALL THREE VEHICLES WERE NORTHBOUND ON HIGHWAY 47.  DRIVER 1 SLOWED DUE TO A VEHICLE AHEAD MAKING A U-TURN.  THE FRONT OF VEHICLE 2 THEN STRUCK THE REAR OF VEHICLE 1.  THE FRONT OF VEHICLE 3 THEN STRUCK THE REAR OF VEHICLE 2.
1269860,3190028771,Missouri State Highway Patrol-Troop C,1569888000000,190576960,1,0,1,0,Personal Injury,JEFFERSON,NON-CITY OR UNINCORPORATED,C,2,2,0,63,0.01,B ,W ,CRD IMPERIAL MAIN ST,WOR 55,Dark-Lighted,Overturn,1,,Tue     ,1,0,0,0,1,0,0,0,0,1,0,0,0,0,0,1,0,0,0,0,0,1,0,0,0,38.36973,-90.385,0,10/01/2019,19:10:00,VEHICLE 1 WAS IN THE WESTBOUND LANE OF IMPERIAL MAIN PREPARING TO MAKE A LEFT TURN ONTO WEST OUTER I-55. DRIVER 2 WAS TRAVELING TOO FAST FOR CONDITIONS AND ATTEMPTED TO SLOW TO AVOIDED VEHICLE 1. VEHICLE 2 OVER TURNED AND THE RIGHT SIDE OF VEHICLE 2 STRUCK THE LEFT SIDE OF VEHICLE 1.
1193976,3190026859,Missouri State Highway Patrol-Troop B,1569888000000,190576963,1,0,1,0,Personal Injury,RALLS,NON-CITY OR UNINCORPORATED,B,1,1,0,586,0.11,B ,S ,MO 79,CRD ANTIOCH LN,Dark-Unlighted,Overturn,1,,Tue     ,0,0,0,0,0,0,0,1,1,0,0,0,0,0,0,0,0,0,0,0,0,1,0,0,0,39.65672,-91.31587,0,10/01/2019,19:02:00,"RIDER OF VEHICLE 1 SWERVED TO MISS A DEER AND WAS EJECTED FROM VEHICLE 1.  ASSISTED BY THE RALLS COUNTY SHERIFF'S DEPARTMENT, MARION COUNTY AMBULANCE, AND HANNIBAL RURAL FIRE."
1269911,3190027768,Missouri State Highway Patrol-Troop C,1569888000000,190576979,1,0,0,1,Personal Injury,JEFFERSON,NON-CITY OR UNINCORPORATED,C,2,2,0,20,0,B ,W ,CRD IMPERIAL MAIN STREET,RP 282880,Dark-Lighted,Motor Vehicle in Transport,1,64,Tue     ,,,,,,0,0,0,0,1,0,0,0,0,0,,0,0,,0,0,1,0,0,0,38.36966,-90.38382,0,10/01/2019,19:18:00,VEHICLE 1 WAS TRAVELING WESTBOUND ON IMPERIAL MAIN ST. VEHICLE 2 WAS STOPPED AT THE TOP OF THE RAMP TO GO EASTBOUND ON IMPERIAL MAIN STREET. VEHICLE 2 BEGAN MAKING A LEFT TURN AND THE FRONT OF VEHICLE 1 STRUCK THE LEFT FRONT OF VEHICLE 2.
1227208,3190026576,Missouri State Highway Patrol-Troop C,1569888000000,190577001,1,0,1,0,Personal Injury,ST. LOUIS,NON-CITY OR UNINCORPORATED,C,2,2,0,98,0.02,A ,E ,IS 70,ERM EAST IS 70 MILE 2302,Dark-Unlighted,Motor Vehicle in Transport,1,63,Tue     ,0,0,0,0,0,1,1,1,1,0,0,0,0,0,0,1,0,0,0,0,0,0,0,0,1,38.76381,-90.48193,0,10/01/2019,19:30:00,"VEHICLE 1 WAS EASTBOUND ON INTERSTATE 70 IN LANE 3.  VEHICLE 2 WAS EASTBOUND ON INTERSTATE 70 IN LANE 4.  DRIVER 1 ATTEMPTED TO CHANGE LANES TO THE RIGHT.  VEHICLE 1 THEN STRUCK THE SIDE OF VEHICLE 2.  VEHICLE 2 THEN TRAVELED OFF THE RIGHT SIDE OF THE ROADWAY AND STRUCK THE WALL OF THE BRIDGE.   ASSISTED BY TPR Z. C. KRAL (1379), TPR. J. V. BONDURANT (1468), TPR. Q. H. HOOKS (373) AND TPR A. D. BAKER (151)."
788656,3190026490,Missouri State Highway Patrol-Troop A,1569888000000,190577173,1,0,1,0,Personal Injury,HENRY,NON-CITY OR UNINCORPORATED,A,1,1,0,5,0,B ,S ,RT ZZ,PVT SE 881P,Dark-Unlighted,Fixed Object,2,,Tue     ,0,0,0,0,0,1,1,0,0,0,0,0,0,0,0,0,0,0,0,0,0,0,0,0,0,38.21309,-93.60124,0,10/01/2019,22:00:00,"OCCURRED AS VEH1 SWERVED TO AVOID AN ANIMAL IN THE ROADWAY, STRUCK AN EMBANKMENT AND OVERTURNED. ASSISTED BY HENRY COUNTY DEPUTIES AND ST CLAIR DEPUTIES"
1144989,3190026420,Missouri State Highway Patrol-Troop E,1569888000000,190577183,1,0,0,1,Personal Injury,NEW MADRID,NON-CITY OR UNINCORPORATED,E,1,1,0,945,0.18,B ,W ,RT H,BRIDGE L0677,Dark-Unlighted,Fixed Object,2,,Tue     ,0,0,0,0,0,1,1,0,0,0,0,0,0,0,0,1,0,0,0,0,0,0,0,0,0,36.75898,-89.6346,0,10/01/2019,22:10:00,VEH1 RAN OFF THE ROADWAY AND STRUCK A CULVERT.
1184986,3190026836,Missouri State Highway Patrol-Troop B,1569974400000,190577307,1,0,1,0,Personal Injury,SCHUYLER,NON-CITY OR UNINCORPORATED,B,1,1,0,1584,0.3,B ,N,US 63,CRD LIBERTY DRIVE,Dark-Unlighted,Other Object,1,,Wed     ,0,0,0,0,0,0,0,0,0,0,0,0,0,0,0,0,0,0,0,0,0,0,0,0,0,40.57608,-92.52089,0,10/02/2019,03:15:00,"VEHICLE 1 STRUCK A PLASTIC TRASH CAN IN THE ROADWAY, TRAVELED OFF THE LEFT SIDE OF THE ROAD STRUCK A FENCE AND A BARN.  ASSISTED BY SCHUYLER COUNTY SHERIFF'S OFFICE AND SCHUYLER COUNTY FIRE DEPARTMENT."
803332,3190028581,Missouri State Highway Patrol-Troop A,1569974400000,190577360,1,0,1,0,Personal Injury,JOHNSON,NON-CITY OR UNINCORPORATED,A,2,2,0,343,0.06,A ,W ,US 50,CRD NW 121,Dark-Unlighted,Motor Vehicle in Transport,1,61,Wed     ,0,0,0,0,0,0,0,0,0,0,0,0,0,0,0,1,0,0,0,0,0,0,0,0,0,38.77622,-93.76919,0,10/02/2019,06:05:00,CRASH OCCURRED AS VEHICLE 1 TURNED ONTO US-50 WESTBOUND FROM NW 121 RD
1227179,3190028229,Missouri State Highway Patrol-Troop C,1569974400000,190577374,2,0,2,0,Personal Injury,ST. LOUIS,NON-CITY OR UNINCORPORATED,C,2,2,0,269,0.05,B ,W ,IS 270,ERM WEST IS 270 MILE 292,Daylight,Motor Vehicle in Transport,1,61,Wed     ,0,0,0,0,0,0,0,0,0,0,0,0,0,0,0,1,0,0,0,0,0,0,0,0,0,38.77148,-90.28743,0,10/02/2019,06:30:00,BOTH VEHICLES  WERE TRAVELING WESTBOUND ON INTERSTATE 270 IN LANE #1.  VEHICLE #1 SWERVED TO AVOID  SLOWED TRAFFIC. VEHICLE #2 FAILED TO STOP FOR VEHICLE #1 AND THE FRONT OF VEHICLE #2 STRUCK THE REAR OF VEHICLE #1.
1269845,3190026250,Missouri State Highway Patrol-Troop C,1569974400000,190577412,1,0,0,1,Personal Injury,JEFFERSON,NON-CITY OR UNINCORPORATED,C,1,1,0,612,0.12,A ,E ,CRD WHITEHEAD RD,CRD BRICKYARD RD,Daylight,Fixed Object,2,,Wed     ,0,0,0,0,0,1,1,0,0,0,0,0,0,0,0,0,0,0,0,0,1,0,0,1,0,38.19255,-90.58776,0,10/02/2019,07:07:00,"VEHICLE #1 WAS TRAVELING EASTBOUND ON WHITEHEAD ROAD, EAST OF BRICKYARD ROAD.  DRIVER #1 WAS DISTRACTED. VEHICLE #1 TRAVELED OFF THE RIGHT SIDE OF THE ROADWAY AND STRUCK A TREE."
1159346,3190026500,Missouri State Highway Patrol-Troop E,1569974400000,190577439,1,0,1,0,Personal Injury,STODDARD,DEXTER,E,2,2,0,0,0,AT,W ,US 60,CRD 449,Daylight,Motor Vehicle in Transport,1,64,Wed     ,0,0,0,0,0,0,0,1,1,0,0,1,0,0,0,1,0,0,0,0,1,0,0,0,1,36.80425,-90.02515,0,10/02/2019,07:25:00,CRASH OCCURRED AS VEH 2 PULLED INTO THE PATCH OF VEH 1.
801170,3190026638,Missouri State Highway Patrol-Troop A,1569974400000,190577463,1,0,1,0,Personal Injury,JACKSON,LEES SUMMIT,A,2,2,0,120,0.02,A ,W ,IS 470,ERM SOUTH IS 470 MILE 156,Daylight,Motor Vehicle in Transport,1,61,Wed     ,0,0,0,0,0,1,1,0,0,0,0,0,0,0,0,1,0,0,0,0,1,0,0,1,0,39.02543,-94.36052,0,10/02/2019,07:40:00,CRASH OCCURRED AS VEH 1 OVERTOOK AND STRUCK REAR OF VEH 2.
1332731,3190027736,Missouri State Highway Patrol-Troop G,1569974400000,190577511,1,0,0,1,Personal Injury,CARTER,NON-CITY OR UNINCORPORATED,G,2,2,0,0,0,AT,E ,US 60,CRD 233,Daylight,Motor Vehicle in Transport,1,64,Wed     ,0,0,0,0,0,0,1,1,0,0,0,1,0,0,0,1,0,0,0,0,0,0,0,0,1,36.926,-90.78698,0,10/02/2019,08:14:00,VEHICLE ONE WAS CROSSING US 60 AND PULLED OUT IN FRONT OF VEHICLE TWO AND VEHICLE TWO STRUCK VEHICLE ONE.
791689,3190026204,Missouri State Highway Patrol-Troop A,1569974400000,190577522,1,0,1,0,Personal Injury,CASS,NON-CITY OR UNINCORPORATED,A,2,2,Y,2112,0.4,B ,N,CRD CROWN PARK RD,CST E CAMBRIDGE RD,Daylight,Parked Motor Vehicle,2,60,Wed     ,0,0,0,0,0,1,1,0,0,0,0,0,0,0,0,1,0,0,0,0,0,0,0,0,0,38.79356,-94.52138,0,10/02/2019,08:10:00,VEH 1 TRAVELED OFF THE RIGHT SIDE OF THE ROADWAY AND STRUCK PARKED VEH 2. ASSISTED BY CPL. B.J. HAMERLE /1174/
1269862,3190026656,Missouri State Highway Patrol-Troop C,1569974400000,190577700,1,0,1,0,Personal Injury,JEFFERSON,NON-CITY OR UNINCORPORATED,C,2,2,0,0,0,AT,W ,RT PP,CRD HIGH RIDGE BLVD,Daylight,Motor Vehicle in Transport,1,64,Wed     ,0,0,0,0,0,0,0,1,1,0,0,1,0,0,0,1,0,0,0,0,1,0,0,1,0,38.45573,-90.53617,0,10/02/2019,09:35:00,VEHICLE 1 WAS TRAVELING SOUTHBOUND ON HIGH RIDGE BOULEVARD AND VEHICLE 2 WAS TRAVELING WESTBOUND ON ROUTE PP.  VEHICLE 1 FAILED TO YIELD TO VEHICLE 2 AT THE INTERSECTION OF ROUTE PP AND HIGH RIDGE BOULEVARD.  THE FRONT OF VEHICLE 1 STRUCK THE RIGHT SIDE OF VEHICLE 2 THE IMPACT CAUSED VEHICLE 1 STRUCK THE GUARDRAIL. ASSISTED BY TPR. B.C. BRIDGES (723)
1186518,3190026372,Missouri State Highway Patrol-Troop F,1569974400000,190577888,1,0,1,0,Personal Injury,BOONE,NON-CITY OR UNINCORPORATED,F,2,2,0,0,0,AT,S ,MO 763,CST RAIN FOREST PKWY,Daylight,Motor Vehicle in Transport,1,64,Wed     ,0,0,0,0,0,1,1,1,0,1,0,0,0,0,0,1,0,0,0,0,0,1,0,0,0,38.9888,-92.32483,0,10/02/2019,11:12:00,"CRASH OCCURRED AS VEHICLE 1 WAS TRAVELING NORTHBOUND AND ATTEMPTED TO MAKE A LEFT TURN IN FRONT OF VEHICLE 2 WHICH WAS TRAVELING SOUTHBOUND, STRIKING VEHICLE 2.  ASSISTED BY TPR. B. L. HARRIS (700)"
1170357,3190026831,Missouri State Highway Patrol-Troop F,1569974400000,190577964,1,0,1,0,Personal Injury,MORGAN,NON-CITY OR UNINCORPORATED,F,2,2,0,0,0,AT,N,RT D,PVT SUNNY LANE,Daylight,Motor Vehicle in Transport,1,64,Wed     ,0,0,0,0,0,1,1,0,0,0,0,0,0,0,0,0,0,0,0,0,1,0,0,1,0,38.53087,-92.89187,0,10/02/2019,11:59:00,VEHICLE 2 ATTEMPTED TO TURN RIGHT ONTO SUNNY LANE FROM RT D AND WAS STRUCK BY VEHICLE 1.
793230,3190026209,Missouri State Highway Patrol-Troop A,1569974400000,190578002,1,0,1,0,Personal Injury,CASS,HARRISONVILLE,A,2,2,0,190,0.04,A ,S ,IS 49,ERM SOUTH IS 49 MILE 1582,Daylight,Motor Vehicle in Transport,1,61,Wed     ,0,0,0,0,0,0,0,1,1,0,0,0,0,0,0,1,0,0,0,0,1,0,0,1,0,38.63045,-94.35078,0,10/02/2019,12:20:00,"OCCURRED AS VEH 1 STRUCK REAR OF VEH 2 WHICH WAS SLOWING FOR A CRASH AHEAD. ASSISTED BY TPR. E. J. VILLANUEVA /690/,  HARRISONVILLE POLICE, AND HARRISONVILLE FIRE"
859099,3190026637,Missouri State Highway Patrol-Troop A,1569974400000,190578148,2,0,2,0,Personal Injury,JACKSON,BLUE SPRINGS,A,2,2,0,469,0.09,A ,W ,IS 70,ERM WEST IS 70 MILE 232,Daylight,Motor Vehicle in Transport,1,63,Wed     ,0,0,0,0,0,0,0,1,1,0,0,0,0,0,0,1,0,0,0,0,1,0,0,1,0,39.0244,-94.22224,0,10/02/2019,13:20:00,"CRASH OCCURRED AS DRIVER 1 FELL ASLEEP. VEH 1 THEN  TRAVELED IN TO PATH OF VEH 2, CAUSING IT TO SIDESWIPE VEH 1."
1318386,3190026460,Missouri State Highway Patrol-Troop G,1569974400000,190578331,1,0,0,1,Personal Injury,OZARK,GAINESVILLE,G,2,2,0,369,0.07,B ,E ,US 160,CRD 503,Daylight,Motor Vehicle in Transport,1,60,Wed     ,0,0,0,0,0,0,0,1,1,0,0,0,0,0,0,1,0,0,0,0,0,1,0,0,0,36.60017,-92.43301,0,10/02/2019,14:55:00,CRASH OCCURRED AS VEHICLE 1 CROSSED OVER CENTER LINE INTO ONCOMING VEHICLE TWO EJECTING DRIVER 1 ONTO THE HOOD OF VEHICLE 2.
1212780,3190027402,Missouri State Highway Patrol-Troop C,1569974400000,190578449,1,0,0,1,Personal Injury,WASHINGTON,NON-CITY OR UNINCORPORATED,C,1,1,0,50,0.01,B ,S ,MO 21,CRD BROWN HOLLOW RD,Daylight,Fixed Object,2,,Wed     ,0,0,0,0,0,0,0,1,0,0,0,0,0,0,0,0,1,0,0,0,0,0,0,0,0,38.05978,-90.75875,0,10/02/2019,15:45:00,"DRIVER 1 FAILED TO NEGOTIATE A CURVE IN THE ROADWAY. VEHICLE 1 TRAVELED OFF THE RIGHT SIDE OF THE ROADWAY, STRUCK A CULVERT AND OVERTURNED."
1210645,3190026160,Missouri State Highway Patrol-Troop C,1569974400000,190578624,1,0,1,0,Personal Injury,ST. LOUIS,BERKELEY,C,4,4,0,472,0.09,A ,W ,IS 70,ERM WEST IS 70 MILE 2384,Daylight,Motor Vehicle in Transport,1,61,Wed     ,0,0,0,0,0,1,1,1,0,0,0,0,0,0,0,1,0,0,0,0,1,0,0,1,0,38.73285,-90.34195,0,10/02/2019,17:00:00,"VEHICLES 1,2,3 AND 4 WERE TRAVELING WESTBOUND IN LANE 1. VEHICLES 2,3 AND 4 WERE STOPPED FOR TRAFFIC AHEAD. VEHICLE 1 FAILED TO SLOW AND THE FRONT OF VEHICLE 1 STRUCK THE REAR OF VEHICLE 2. THE IMPACT CAUSED THE FRONT OF VEHICLE 2 TO STRIKE THE REAR OF VEHICLE 3. THE IMPACT CAUSED THE FRONT OF VEHICLE 3 TO STRIKE THE REAR OF VEHICLE 4. ASSISTED BY TROOPER  J. V. BONDURANT (1468)"
1004665,3190026800,Missouri State Highway Patrol-Troop D,1569974400000,190578762,1,0,0,1,Personal Injury,TANEY,NON-CITY OR UNINCORPORATED,D,2,1,0,0,0,AT,E ,MO 76,CRD AUSTIN ST,Daylight,Pedalcycle,1,,Wed     ,0,0,0,0,0,0,0,1,0,0,0,0,0,0,0,1,0,0,0,0,1,0,0,1,0,36.66344,-93.09983,0,10/02/2019,18:14:00,"CRASH OCCURRED AS DRIVER 1 AND DRIVER 2 WERE TRAVELING WESTBOUND ON MO-76, NEAR AUSTIN ST. AS DRIVER 2 ATTEMPTED TO MAKE A LEFT TURN ONTO A PRIVATE DRIVEWAY, DRIVER 1 WENT TO PASS DRIVER 2, AND IMPACTED DRIVER 2 AS HE WAS IN THE EASTBOUND LANE."
822798,3190027111,Missouri State Highway Patrol-Troop A,1569974400000,190578927,2,0,2,0,Personal Injury,BENTON,NON-CITY OR UNINCORPORATED,A,2,2,0,21,0,B ,S ,US 65,MO 7 SJ,Dark-Unlighted,Motor Vehicle in Transport,1,64,Wed     ,1,0,0,0,0,0,0,1,0,0,0,1,0,0,0,1,0,0,0,0,1,0,0,1,0,38.17443,-93.31833,0,10/02/2019,19:58:00,CRASH OCCURRED AS VEHICLE 1 FAILED TO STOP AT A STOP SIGN AND STRUCK VEHICLE 2. ASSISTED BY BENTON COUNTY SHERIFF'S DEPARTMENT.