objectid,accident,agency,inv_date,complaint,injured,killed,min_inj,dis_inj,severity,county,city,troop,no_vehicle,motor_veh,left_scene,dist_feet,dist_mile,inter_loc,direction,on_street,at_street,light_cond,acc_type,on_off_rd,two_veh,day_week,dr_drink,dr_drug,ped_drink,ped_drug,speed,dr_under21,dr_under25,dr_over55,dr_over64,electrical,emer_veh,stop_sign,yield_sign,czone,hazmat,aggressive,cell_phone,texting,veh_defect,school_bus,truck,motorcycle,atv,pickup,cmv,gps_lat,gps_long,severity_fatal,acc_date,acc_time,narrative
1174958,3190027059,Missouri State Highway Patrol-Troop B,1569974400000,190578965,1,0,1,0,Personal Injury,LINN,NON-CITY OR UNINCORPORATED,B,1,1,0,1700,0.32,A ,E ,US 36,BRIDGE G0917,Dark-Unlighted,Jackknife,2,,Wed     ,0,0,0,0,1,0,0,1,1,0,0,0,0,0,0,1,0,0,0,0,0,0,0,0,1,39.76025,-92.92629,0,10/02/2019,20:20:00,VEHICLE 1 TRAVELED OFF THE RIGHT SIDE OF THE ROADWAY DOWN AN EMBANKMENT CAUSING THE TRACTOR AND TRAILER TO JACKKNIFE.  ASSISTED BY LINN COUNTY SHERIFF'S OFFICE AND MARCELINE FIRST RESPONDERS.
1120785,3190026729,Missouri State Highway Patrol-Troop E,1569974400000,190579041,1,0,1,0,Personal Injury,IRON,NON-CITY OR UNINCORPORATED,E,1,1,0,52,0.01,B ,W ,MO 32,BRIDGE G0270,Dark-Unlighted,Animal,1,,Wed     ,0,0,0,0,0,0,0,0,0,0,1,0,0,0,0,0,0,0,0,0,1,0,0,1,0,37.70677,-90.79722,0,10/02/2019,21:30:00,CRASH OCCURRED AS VEHICLE 1 STRUCK AN ANIMAL IN THE ROADWAY.
1273580,3190026596,Missouri State Highway Patrol-Troop C,1569974400000,190579120,1,0,0,1,Personal Injury,ST. FRANCOIS,NON-CITY OR UNINCORPORATED,C,1,1,0,6,0,,,PP 185 HWY 221,WEST OF UNKNOWN,Dark-Unlighted,Fixed Object,2,,Wed     ,0,0,0,0,0,0,0,1,0,0,0,0,0,0,0,0,0,0,0,0,1,0,0,1,0,37.64774,-90.5803,0,10/02/2019,23:09:00,VEHICLE 1 WAS TRAVELING NORTHBOUND ON WEST LAKEVIEW DRIVE.  VEHICLE 1 RAN OFF THE LEFT ROAD EDGE AND STRUCK A ROCK BEFORE OVERTURNING.  DRIVER 1 WAS PARTIALLY EJECTED FROM THE VEHICLE. ASSISTED BY TPR K. L ELLEDGE (396)
1218037,3190026700,Missouri State Highway Patrol-Troop C,1570060800000,190579183,1,0,1,0,Personal Injury,FRANKLIN,NON-CITY OR UNINCORPORATED,C,1,1,0,432,0.08,B ,W ,IS 44,ERM WEST IS 44 MILE 2508,Dark-Unlighted,Fixed Object,2,,Thu     ,1,0,0,0,0,0,0,1,1,0,0,0,0,0,0,0,0,0,0,0,0,0,0,0,0,38.46396,-90.85727,0,10/03/2019,01:52:00,"VEHICLE #1 TRAVELED OFF THE RIGHT SIDE OF THE ROADWAY AND STRUCK THE GUARDRAIL END. VEHICLE #1 RETURNED TO THE ROADWAY, WHERE IT OVERTURNED ONTO ITS DRIVERS SIDE, WHILE SKIDDING ON THE ROADWAY. VEHICLE #1 RETURNED TO ITS WHEELS AND SKIDDED BACK OFF THE RIGHT SIDE OF THE ROADWAY, WHERE IT STRUCK THE GUARDRAIL A SECOND TIME. VEHICLE #1 CAME TO REST ON THE SHOULDER, AGAINST THE GUARDRAIL."
907302,3190027645,Missouri State Highway Patrol-Troop D,1570060800000,190579195,0,1,0,0,Fatal,GREENE,NON-CITY OR UNINCORPORATED,D,1,1,0,241,0.05,B ,E ,US 60,CRD 193,Dark-Unlighted,Fixed Object,2,,Thu     ,0,1,0,0,1,0,0,0,0,0,0,0,0,0,0,1,0,0,0,0,0,0,0,0,0,37.12051,-93.20065,1,10/03/2019,02:34:00,LATE DEATH REPORT - THIS IS TROOP D''S 84TH FATALITY FOR 2019- NEXT OF KIN NOTIFIED.  NR1 RAN OFF THE ROADWAY AND OVER TURNED SEVERAL TIMES.  WAS PRONOUNCED AT 1303 HOURS 10/3/19 BY DR JAYARDO AT COX SOUTH HOSPITAL IN SPRINGFIELD.
1196302,3190026236,Missouri State Highway Patrol-Troop F,1570060800000,190579201,2,0,2,0,Personal Injury,HOWARD,NON-CITY OR UNINCORPORATED,F,1,1,0,459,0.09,B ,W ,RT P,CRD 459,Dark-Unlighted,Fixed Object,2,,Thu     ,1,0,0,0,1,0,0,0,0,0,0,0,0,0,0,1,0,0,0,0,1,0,0,1,0,39.0297,-92.71013,0,10/03/2019,02:58:00,"OCCURRED AS VEHICLE 1 WAS TRAVELING TOO FAST FOR CONDITIONS, DRIVER 1 FAILED TO NEGOTIATE A CURVE, VEHICLE 1 TRAVELED OFF THE LEFT SIDE OF ROAD, STRUCK A FENCE AND A DITCH BEFORE COMING TO REST OFF THE ROADWAY."
1269843,3190028900,Missouri State Highway Patrol-Troop C,1570060800000,190579245,0,1,0,0,Fatal,JEFFERSON,NON-CITY OR UNINCORPORATED,C,2,2,0,401,0.08,A ,W ,RT O,RT F,Dark-Unlighted,Motor Vehicle in Transport,1,64,Thu     ,0,1,0,0,0,0,0,0,0,0,0,0,0,0,0,1,0,0,0,0,1,0,0,1,0,38.45195,-90.73043,1,10/03/2019,06:20:00,FATALITY REPORT - VEHICLE 1 WAS TURNING LEFT OUT OF A DRIVEWAY AND PULLED INTO THE PATH OF SOUTHBOUND VEHICLE 2. DRIVER 2 APPLIED HIS BRAKES AND VEHICLE 2 SLID INTO THE LEFT SIDE OF VEHICLE 1. DRIVER 1 PRONOUNCED ON SCENE AT 0640 HOURS 10032019 BY EMS PERSONNEL. ASSISTED BY TPR. B. A. TEAGUE (1385) AND CPL. J. A. ASHBY (234).
943137,3190026487,Missouri State Highway Patrol-Troop D,1570060800000,190579622,1,0,1,0,Personal Injury,DALLAS,NON-CITY OR UNINCORPORATED,D,1,1,0,1584,0.3,B ,S ,MO 73,US 65,Daylight,Overturn,2,,Thu     ,0,0,0,0,1,0,0,0,0,0,0,0,0,0,0,1,0,0,0,0,1,0,0,1,0,37.66755,-93.09793,0,10/03/2019,09:35:00,"CRASH OCCURRED AS VEH #1 FAILED TO NEGOTIATE A TURN, TRAVELED OFF THE RIGHT SIDE OF THE ROADWAY AND OVERTURNED"
791691,3190026262,Missouri State Highway Patrol-Troop A,1570060800000,190579787,1,0,0,1,Personal Injury,CASS,NON-CITY OR UNINCORPORATED,A,1,1,0,2112,0.4,A ,W ,CRD ORIENT CEMETERY ROAD,CRD CAMP BRANCH ROAD,Daylight,Fixed Object,2,,Thu     ,0,0,0,0,0,0,0,1,0,0,0,0,0,0,0,1,0,0,0,0,0,0,0,0,0,38.65885,-94.28412,0,10/03/2019,11:10:00,VEHICLE #1 WAS TRAVELING WEST ON ORIENT CEMETERY ROAD WHEN DRIVER 1 REACHED FOR AN ITEM CAUSING VEHICLE #1 TO TRAVEL OF THE RIGHT SIDE OF THE ROADWAY. VEHICLE #1 STRUCK A HIGHWAY SIGN AND VAULTED A CREEK BED. VEHICLE #1 CAME TO REST PARTIALLY SUBMERGED IN THE CREEK BED.
1269841,3190027276,Missouri State Highway Patrol-Troop C,1570060800000,190579886,1,0,1,0,Personal Injury,JEFFERSON,NON-CITY OR UNINCORPORATED,C,1,1,0,95,0.02,B ,N,MO 141,CRD FIEDLER LN,Daylight,Fixed Object,2,,Thu     ,0,0,0,0,0,0,0,1,0,1,0,0,0,0,0,0,0,0,0,0,0,0,0,0,0,38.47709,-90.43854,0,10/03/2019,12:10:00,VEHICLE 1 TRAVELED OFF OF THE RIGHT SIDE OF THE ROADWAY AND HIT A TRAFFIC SIGN AND LIGHT POLE. VEHICLE 1 OVERTURNED.
1004666,3190027229,Missouri State Highway Patrol-Troop D,1570060800000,190579899,1,0,1,0,Personal Injury,TANEY,NON-CITY OR UNINCORPORATED,D,2,2,0,800,0.15,B ,N,MO 165,CRD STATE PARK DRIVE,Daylight,Motor Vehicle in Transport,1,61,Thu     ,0,0,0,0,0,0,0,1,1,0,0,0,0,0,0,1,0,0,0,0,0,0,0,0,0,36.5829,-93.30643,0,10/03/2019,12:20:00,VEH #2 WAS PREPARING TO TURN ON TO A PRIVATE DRIVE FROM MO 165.  VEH #1 STRUCK VEH #2 FROM BEHIND.
1174959,3190026711,Missouri State Highway Patrol-Troop B,1570060800000,190579969,1,0,1,0,Personal Injury,LINN,NON-CITY OR UNINCORPORATED,B,2,2,0,528,0.1,A ,W ,US 36,RP 227169,Daylight,Motor Vehicle in Transport,1,63,Thu     ,0,0,0,0,0,0,1,1,1,0,0,0,0,0,0,1,0,0,0,0,0,0,0,0,1,39.76127,-92.94773,0,10/03/2019,12:55:00,"VEHICLE 1 ATTEMPTED TO MERGE ONTO US 36 AND STRUCK VEHICLE 2 IN THE SIDE. ASSISTED BY CPL WEBB #851, TPR MCDANIEL #630, LINN COUNTY AMBULANCE, AND THE MARCELINE FIRE DEPARTMENT."
1269838,3190027231,Missouri State Highway Patrol-Troop C,1570060800000,190580053,1,0,0,1,Personal Injury,JEFFERSON,NON-CITY OR UNINCORPORATED,C,1,1,0,10,0,B ,W ,CRD TWIN RIVER ROAD,PVT RIDGEDALE DR,Daylight,Fixed Object,2,,Thu     ,0,0,0,0,0,0,0,0,0,0,0,0,0,0,0,1,0,0,0,0,0,0,0,0,0,38.46258,-90.57931,0,10/03/2019,13:35:00,VEHICLE 1 RAN OFF THE RIGHT SIDE OF THE ROAD AND OVERTURNED.
854527,3190027492,Missouri State Highway Patrol-Troop A,1570060800000,190580142,1,0,1,0,Personal Injury,CLAY,NON-CITY OR UNINCORPORATED,A,2,2,0,20,0,B ,S ,US 69,PVT AUNDRA LN,Daylight,Motor Vehicle in Transport,1,61,Thu     ,0,0,0,0,0,0,1,1,1,0,0,0,0,0,0,0,0,0,0,0,0,0,0,0,0,39.38116,-94.23,0,10/03/2019,14:30:00,"VEHICLE #1 WAS SOUTHBOUND BEHIND VEHICLE #2. VEHICLE #2 SLOWED TO MAKE A LEFT TURN AND VEHICLE #1 FAILED TO SLOW AND STRUCK VEHICLE #2. VEHICLE #1 TRAVELED OFF THE RIGHT SIDE OF THE ROADWAY AFTER IMPACT. VEHICLE #2 CAME TO A CONTROLLED STOPPED IN A DRIVEWAY. ASSISTED BY TPR. B. S. GUNBY /349/ AND CLAY COUNTY, AND RANGER N. ROSE /R33/."
1261909,3190026653,Missouri State Highway Patrol-Troop C,1570060800000,190580211,5,0,4,1,Personal Injury,ST. LOUIS,TOWN AND COUNTRY,C,4,4,0,528,0.1,B ,E ,IS 270,ERM NORTH IS 270 MILE 116,Daylight,Motor Vehicle in Transport,1,61,Thu     ,0,0,0,0,0,0,1,1,1,0,0,0,0,0,0,1,0,0,0,0,0,0,0,0,0,38.62401,-90.45113,0,10/03/2019,15:13:00,"ALL VEHICLES WERE TRAVELING NORTHBOUND ON I-270. DRIVER 2 SLOWED FOR TRAFFIC. DRIVER 1 FAILED TO STOP IN TIME, CAUSING THE FRONT OF VEHICLE 1 TO STRIKE THE REAR OF VEHICLE 2. VEHICLE 1 TRAVELED OFF THE RIGHT SIDE OF THE ROADWAY. VEHICLE 2 TRAVELED TO THE LEFT AND THE FRONT LEFT OF VEHICLE 2 STRUCK THE FRONT LEFT OF VEHICLE 3. THE FRONT RIGHT OF VEHICLE 2 THEN STRUCK THE REAR RIGHT OF VEHICLE 4. VEHICLE 2 THEN STRUCK THE CONCRETE MEDIAN."
785517,3190026744,Missouri State Highway Patrol-Troop A,1570060800000,190580243,1,0,1,0,Personal Injury,HENRY,TIGHTWAD,A,2,2,0,549,0.1,B ,N,MO 7,RT PP,Daylight,Motor Vehicle in Transport,1,61,Thu     ,0,0,0,0,0,0,0,1,1,0,0,0,0,0,0,1,0,0,0,0,0,0,0,0,0,38.30956,-93.54465,0,10/03/2019,15:35:00,"OCCURRED AS VEH2 WAS STOPPED FOR TRAFFIC. VEH1 WAS FOLLOWING TOO CLOSELY AND STRUCK THE BACK OF VEH2. ASSISTED BY CPL. B. N. COMER /263/, TPR. J. R. ATHERTON /682/, TPR. J. S. BAUGHMAN /1197/, AND TPR. J. W. MILLER /1309/."
907300,3190027088,Missouri State Highway Patrol-Troop D,1570060800000,190580261,1,0,1,0,Personal Injury,GREENE,NON-CITY OR UNINCORPORATED,D,2,2,0,654,0.12,B ,W ,US 160,CRD 61,Daylight,Motor Vehicle in Transport,1,64,Thu     ,0,0,0,0,0,0,0,0,0,0,0,0,0,0,0,1,0,0,0,0,0,0,0,0,0,37.32293,-93.51256,0,10/03/2019,15:40:00,OCCURRED AS VEH2 PULLED INTO THE PATH OF VEH1.
893334,3190026866,Missouri State Highway Patrol-Troop D,1570060800000,190580263,2,0,1,1,Personal Injury,LAWRENCE,NON-CITY OR UNINCORPORATED,D,2,2,0,0,0,AT,N,CRD 1050,CRD 2220,Daylight,Motor Vehicle in Transport,1,64,Thu     ,0,0,0,0,0,0,1,1,0,0,0,1,0,0,0,1,0,0,0,0,0,0,0,0,0,36.95897,-93.97148,0,10/03/2019,15:50:00,CRASH OCCURRED AS VEHICLE #1 WAS NORTHBOUND ON LAWRENCE 1050.  VEHICLE #2 WAS EASTBOUND ON LAWRENCE 2220.  VEHICLE #1 FAILED TO YIELD AND PULLED INTO THE PATH OF VEHICLE #2.
1300156,3190026707,Missouri State Highway Patrol-Troop C,1570060800000,190580427,1,0,1,0,Personal Injury,ST. CHARLES,WENTZVILLE,C,3,3,0,58,0.01,B ,W ,IS 70,ERM WEST IS 70 MILE 2096,Daylight,Motor Vehicle in Transport,1,61,Thu     ,0,0,0,0,0,0,0,1,0,0,0,0,0,0,0,0,0,0,0,0,1,0,0,1,0,38.80578,-90.85358,0,10/03/2019,16:48:00,"VEHICLES 1 AND 2 SLOWED FOR TRAFFIC. DRIVER 3 FAILED TO STOP IN TIME, CAUSING THE FRONT OF VEHICLE 3 TO STRIKE THE REAR OF VEHICLE 2. VEHICLE 2 WAS THEN PUSHED INTO THE REAR OF VEHICLE 1."
903361,3190026366,Missouri State Highway Patrol-Troop D,1570060800000,190580562,1,0,1,0,Personal Injury,CHRISTIAN,NON-CITY OR UNINCORPORATED,D,1,1,0,1700,0.32,B ,S ,US 65,CRD CRYSTAL DR,Daylight,Overturn,2,,Thu     ,1,0,0,0,0,0,0,0,0,0,0,0,0,0,0,0,0,0,0,0,0,0,0,0,0,36.9267,-93.23475,0,10/03/2019,17:40:00,NBR 1 RAN OFF THE ROADWAY AND OVERTURNED.
1204614,3190026424,Missouri State Highway Patrol-Troop F,1570060800000,190580707,2,0,2,0,Personal Injury,COOPER,NON-CITY OR UNINCORPORATED,F,1,1,0,1246,0.24,A ,N,RT A,CRD OLD RTE 50 SJ,Dark-Unlighted,Fixed Object,2,,Thu     ,0,0,0,0,0,1,1,0,0,0,0,0,0,0,0,1,0,0,1,0,0,0,0,0,0,38.69591,-93.03474,0,10/03/2019,19:00:00,"CRASH OCCURRED AS VEHICLE 1 RAN OFF RIGHT SIDE OF ROAD, OVERCORRECTED, RAN OFF LEFT SIDE OF ROAD, STRUCK A DITCH , AND OVERTURNED."
1231566,3190026845,Missouri State Highway Patrol-Troop C,1570060800000,190580745,2,1,1,1,Fatal,LINCOLN,NON-CITY OR UNINCORPORATED,C,2,2,0,63,0.01,B ,N,US 61,RT B,Dark-Lighted,Motor Vehicle in Transport,1,64,Thu     ,1,0,0,0,0,0,0,0,0,0,0,0,0,0,0,1,0,0,0,0,0,0,0,0,1,39.12792,-90.96386,1,10/03/2019,19:27:00,FATALITY ACCIDENT - VEHICLE 1 WAS ATTEMPTING A U-TURN ON US 61 AND WAS STRUCK BY VEHICLE 2. OCCUPANT 1 PRONOUNCED ON SCENE BY THE LINCOLN COUNTY CORONER AT 1927 HOURS.
995515,3190026333,Missouri State Highway Patrol-Troop D,1570060800000,190580827,1,0,0,1,Personal Injury,STONE,NON-CITY OR UNINCORPORATED,D,1,1,0,130,0.02,B ,S ,MO 39,CRD OLD PACE LN,Dark-Unlighted,Overturn,2,,Thu     ,0,0,0,0,1,1,1,0,0,0,0,0,0,0,0,1,0,0,0,0,1,0,0,1,0,36.51904,-93.57088,0,10/03/2019,20:22:00,"DVR 1 FAILED TO NEGOTIATE A CURVE, NBR 1 RAN OFF THE ROADWAY AND OVERTURNED."
852570,3190028087,Missouri State Highway Patrol-Troop A,1570060800000,190580867,1,0,1,0,Personal Injury,PETTIS,NON-CITY OR UNINCORPORATED,A,1,1,0,2112,0.4,B ,W ,CRD WHITFIELD RD,RT T,Dark-Unlighted,Fixed Object,2,,Thu     ,1,0,0,0,0,0,0,0,0,0,0,0,0,0,0,0,0,0,0,0,0,0,0,0,0,38.7511,-93.32843,0,10/03/2019,20:45:00,CRASH OCCURRED AS VEHICLE 1 TRAVELED OFF THE ROADWAY AND STRUCK A FENCE. ASSISTED BY PETTIS COUNTY SHERIFF'S DEPARTMENT.
1143630,3190026314,Missouri State Highway Patrol-Troop E,1570060800000,190580926,1,0,1,0,Personal Injury,BUTLER,NON-CITY OR UNINCORPORATED,E,1,1,0,1056,0.2,A ,S ,CRD TOWNSHIP LINE,CRD OAK GROVE ROAD,Dark-Unlighted,Fixed Object,2,,Thu     ,1,0,0,0,0,0,0,0,0,0,0,0,0,0,0,1,0,0,0,0,1,0,0,1,0,36.78645,-90.46498,0,10/03/2019,21:32:00,TRAFFIC CRASH OCCURRED AS VEHICLE 1 RAN OFF LEFT SIDE OF ROADWAY AND STRUCK A TREE.
1311986,3190026513,Missouri State Highway Patrol-Troop C,1570060800000,190581015,2,0,2,0,Personal Injury,ST. CHARLES,ST PETERS,C,1,1,0,1245,0.24,A ,E ,IS 70,CST MID RIVERS MALL DR,Dark-Lighted,Fixed Object,2,,Thu     ,1,0,0,0,1,0,0,0,0,0,0,0,0,0,0,1,0,0,0,0,0,0,0,0,0,38.7993,-90.61581,0,10/03/2019,22:40:00,VEHICLE 1 TRAVELED OFF THE LEFT SIDE OF THE ROADWAY AND STRUCK THE CONCRETE MEDIAN.
1227448,3190027090,Missouri State Highway Patrol-Troop C,1570060800000,190581027,2,0,2,0,Personal Injury,ST. LOUIS,BRIDGETON,C,2,2,0,469,0.09,B ,W ,IS 270,BRIDGE A0168,Dark-Unlighted,Motor Vehicle in Transport,1,61,Thu     ,0,0,0,0,1,0,0,0,0,0,0,0,0,0,0,1,0,0,0,0,0,0,0,0,0,38.75981,-90.4292,0,10/03/2019,22:55:00,VEHICLE 1 WAS TRAVELING SOUTH ON I-270 IN FRONT OF VEHICLE 2. VEHICLE 1 ATTEMPTED TO AVOID AN UNKNOWN VEHICLE. VEHICLE 2 WAS ATTEMPTING TO PASS VEHICLE 1. THE FRONT OF VEHICLE 2 STRUCK THE REAR OF VEHICLE 1. VEHICLE 1 EXITED THE ROADWAY TO THE LEFT AND STRUCK THE MEDIAN TWICE. VEHICLE 1 EXITED THE ROADWAY TO THE RIGHT AND ONTO SHOULDER.
1311987,3190028704,Missouri State Highway Patrol-Troop C,1570060800000,190581035,1,0,1,0,Personal Injury,ST. CHARLES,ST PETERS,C,2,2,0,1584,0.3,A ,E ,IS 70,CST MID RIVERS MALL DR,Dark-Lighted,Motor Vehicle in Transport,1,61,Thu     ,0,0,0,0,0,0,1,0,0,0,0,0,0,0,0,0,0,0,0,0,0,0,0,0,0,38.79922,-90.61481,0,10/03/2019,22:46:00,VEHICLE 1 STOPPED IN THE ROADWAY FOR A TRAFFIC CRASH AHEAD. VEHICLE 2 FAILED TO SLOW AND THE FRONT LEFT OF VEHICLE 2 STRUCK THE RIGHT REAR OF VEHICLE 1.
1303155,3190029863,Missouri State Highway Patrol-Troop C,1570060800000,190581049,0,1,0,0,Fatal,ST. LOUIS,FENTON,C,1,1,0,221,0.04,A ,W ,MO 30,CO SUMMIT RD TO MO30W,Dark-Unlighted,Pedestrian,1,,Thu     ,0,0,1,1,0,0,1,0,0,0,0,0,0,0,0,0,0,0,0,0,0,0,0,0,0,38.50234,-90.4589,1,10/03/2019,23:20:00,FATALITY ACCIDENT- PEDESTRIAN 1 WAS ATTEMPTING TO CROSS THE ROADWAY AND WAS STRUCK BY VEHICLE 1. PEDESTRIAN 1 WAS PRONOUNCED ON SCENE BY FENTON FIRE DISTRICT PERSONNEL AT 2331 HOURS. ASSISTED TPR. J. S. HUSKEY (1265)
1041451,3190026589,Missouri State Highway Patrol-Troop I,1570060800000,190581051,1,0,1,0,Personal Injury,MARIES,NON-CITY OR UNINCORPORATED,I,2,2,0,116,0.02,B ,S ,US 63,CST VIENNA ROLLA RD,Dark-Unlighted,Motor Vehicle in Transport,1,62,Thu     ,0,0,0,0,0,0,0,0,0,0,0,0,0,0,0,1,0,0,0,0,1,0,0,1,0,38.175,-91.94692,0,10/03/2019,23:14:00,"THE CRASH OCCURRED AS VEHICLE 1 CROSSED THE CENTERLINE AND STRUCK VEHICLE 2, CAUSING VEHICLE 2 TO TRAVEL OFF THE ROAD INTO THE DITCH."
859100,3190026325,Missouri State Highway Patrol-Troop A,1570060800000,190581069,1,0,1,0,Personal Injury,JACKSON,BLUE SPRINGS,A,2,2,0,470,0.09,A ,W ,IS 70,ERM WEST IS 70 MILE 224,Dark-Unlighted,Motor Vehicle in Transport,1,61,Thu     ,0,0,0,0,0,0,0,1,1,0,0,0,0,0,0,0,1,0,0,0,0,0,0,0,1,39.02616,-94.237,0,10/03/2019,23:40:00,"CRASH OCCURRED AS VEHICLE 1 AND VEHICLE 2 WERE WESTBOUND IN THE RIGHT LANE. VEHICLE 1 STRUCK THE REAR OF VEHICLE 2. VEHICLE 2 TRAVELED OFF THE ROADWAY AND OVERTURNED. ASSISTED BY TPR B. W. MONTGOMERY /1348/, CPL C. S. KUTZNER /462/ AND BLUE SPRINGS POLICE DEPARTMENT"
1269837,3190026621,Missouri State Highway Patrol-Troop C,1570147200000,190581191,1,0,1,0,Personal Injury,JEFFERSON,NON-CITY OR UNINCORPORATED,C,3,3,0,200,0.04,A ,S ,MO 141,CRD 13TH STREET,Daylight,Motor Vehicle in Transport,1,61,Fri     ,0,0,0,0,0,0,1,0,0,0,0,0,0,0,0,1,0,0,0,0,1,0,0,1,0,38.48402,-90.44373,0,10/04/2019,06:30:00,VEHICLE 2 SLOWED TO STOP FOR TRAFFIC. VEHICLE 3 STOPPED AND SLOWED FOR TRAFFIC. THE FRONT OF VEHICLE 1 STRUCK THE REAR OF VEHICLE 3 AND PUSHED VEHICLE 3 INTO VEHICLE  2. ASSISTED BY F.T.O. TPR. A.S. HUSKEY (781)
1227201,3190026932,Missouri State Highway Patrol-Troop C,1570147200000,190581206,1,0,1,0,Personal Injury,ST. LOUIS,NON-CITY OR UNINCORPORATED,C,2,2,0,290,0.05,A ,E ,IS 270,RP 6504,Daylight,Motor Vehicle in Transport,1,61,Fri     ,0,0,0,0,0,0,1,0,0,0,0,0,0,0,0,1,1,0,0,0,0,0,0,0,0,38.50783,-90.35145,0,10/04/2019,06:40:00,VEHICLE 1 STRUCK THE REAR OF VEHICLE 2.
1170360,3190026848,Missouri State Highway Patrol-Troop F,1570147200000,190581212,1,0,1,0,Personal Injury,MORGAN,NON-CITY OR UNINCORPORATED,F,1,1,Y,1700,0.32,A ,E ,CRD MORRISON RD,CRD MORRISON RD,Dark-Unlighted,Fixed Object,2,,Unk     ,0,0,0,0,1,,,,,0,0,0,0,0,0,1,0,0,0,0,0,0,0,0,0,38.60405,-92.87731,0,10/04/2019,00:00:00,VEHICLE 1 SKIDDED OFF THE RIGHT SIDE OF THE ROADWAY AND STRUCK A TREE.  ASSISTED BY SGT A.R. SULLIVAN (621) AND MORGAN COUNTY SHERIFF'S DEPARTMENT.
1035676,3190026431,Missouri State Highway Patrol-Troop I,1570233600000,190581259,1,0,1,0,Personal Injury,PHELPS,NON-CITY OR UNINCORPORATED,I,1,1,0,306,0.06,B ,S ,CRD 2030,CRD 2050,Daylight,Fixed Object,2,,Fri     ,0,0,0,0,0,0,0,0,0,0,0,0,0,0,0,0,0,0,0,0,0,0,0,0,0,37.9833,-91.75168,0,10/04/2019,07:15:00,"CRASH OCCURRED AS VEHICLE 1 ATTEMPTED TO AVOID A DEER IN ROADWAY, TRAVELED  OFF OF THE RIGHT SIDE AND STRUCK 2 TREES."
1042497,3190026958,Missouri State Highway Patrol-Troop I,1570147200000,190581285,1,0,1,0,Personal Injury,LACLEDE,NON-CITY OR UNINCORPORATED,I,2,2,0,1087,0.21,A ,S ,MO 5,PVT IRONWOOD LN,Daylight,Motor Vehicle in Transport,1,61,Fri     ,0,0,0,0,0,1,1,0,0,0,0,0,0,0,0,1,0,0,0,0,0,0,0,0,0,37.75139,-92.6736,0,10/04/2019,07:35:00,CRASH OCCURRED AS VEHICLE 1 STRUCK THE REAR OF VEHICLE 2
907301,3190026824,Missouri State Highway Patrol-Troop D,1570147200000,190581360,1,0,0,1,Personal Injury,GREENE,NON-CITY OR UNINCORPORATED,D,2,2,0,0,0,AT,W ,RT YY,CRD N MARLOWE AVE,Daylight,Motor Vehicle in Transport,1,64,Fri     ,0,0,0,0,0,0,0,1,1,0,0,1,0,0,0,1,0,0,0,0,0,0,0,0,0,37.22341,-93.1992,0,10/04/2019,08:10:00,OCCURRED AS VEH2 PULLED INTO THE VEH1.
1193975,3190027368,Missouri State Highway Patrol-Troop B,1570147200000,190581394,0,1,0,0,Fatal,RALLS,NON-CITY OR UNINCORPORATED,B,1,1,0,1378,0.26,B ,S ,RT F,CRD KINGBIRD LANE,Daylight,Fixed Object,2,,Fri     ,0,0,0,0,0,0,0,0,0,0,0,0,0,0,0,1,0,0,0,0,1,0,0,1,0,39.48042,-91.46004,1,10/04/2019,08:20:00,"VEHICLE 1 WAS SOUTHBOUND, RAN OFF THE ROAD AND STRUCK A TREE. DVR 1 WAS PRONOUNCED DEAD AT THE SCENE BY RALLS CO CORONER ROBERT VANWINKLE AT 0920 HRS."
1042498,3190026547,Missouri State Highway Patrol-Troop I,1570147200000,190581457,1,0,1,0,Personal Injury,LACLEDE,NON-CITY OR UNINCORPORATED,I,1,1,0,2603,0.49,A ,E ,RT U,MO 32,Daylight,Overturn,2,,Fri     ,0,0,0,0,1,0,0,0,0,0,0,0,0,0,0,1,0,0,0,0,0,1,0,0,0,37.55947,-92.31685,0,10/04/2019,08:50:00,CRASH OCCURRED AS VEHICLE 1 FAILED TO NEGOTIATE A CURVE AND OVERTURNED
1269887,3190026610,Missouri State Highway Patrol-Troop C,1570147200000,190581471,3,0,2,1,Personal Injury,JEFFERSON,NON-CITY OR UNINCORPORATED,C,2,2,0,337,0.06,B ,S ,US 67,CRD FLUCOM ROAD,Daylight,Motor Vehicle in Transport,1,61,Fri     ,0,0,0,0,1,0,0,1,1,0,0,0,0,1,0,1,0,0,0,0,1,0,0,1,0,38.10668,-90.48255,0,10/04/2019,09:00:00,VEHICLE 2 DID NOT SLOW FOR TRAFFIC. THE FRONT OF VEHICLE 2 STRUCK THE REAR OF VEHICLE 1. VEHICLE 2 CROSSED OVER THE MEDIAN AND STRUCK A GUARDRAIL. THE VEHICLE CAME TO REST IN THE NORTHBOUND LANES. ASSISTED BY F.T.O. SGT. T.S. CROFT (183)
903363,3190026367,Missouri State Highway Patrol-Troop D,1570147200000,190581546,1,0,1,0,Personal Injury,CHRISTIAN,NON-CITY OR UNINCORPORATED,D,2,2,0,31,0.01,B ,N,CRD FREMONT RD,CST FREMONT HILLS DR,Daylight,Motor Vehicle in Transport,1,61,Fri     ,0,0,0,0,0,1,1,0,0,0,0,0,0,0,0,0,0,0,0,0,0,0,0,0,0,37.06511,-93.24649,0,10/04/2019,09:32:00,OCCURRED AS VEHICLE 1 STRUCK THE REAR OF  VEHICLE 2.