objectid,accident,agency,inv_date,complaint,injured,killed,min_inj,dis_inj,severity,county,city,troop,no_vehicle,motor_veh,left_scene,dist_feet,dist_mile,inter_loc,direction,on_street,at_street,light_cond,acc_type,on_off_rd,two_veh,day_week,dr_drink,dr_drug,ped_drink,ped_drug,speed,dr_under21,dr_under25,dr_over55,dr_over64,electrical,emer_veh,stop_sign,yield_sign,czone,hazmat,aggressive,cell_phone,texting,veh_defect,school_bus,truck,motorcycle,atv,pickup,cmv,gps_lat,gps_long,severity_fatal,acc_date,acc_time,narrative
852571,3190031822,Missouri State Highway Patrol-Troop A,1570147200000,190581757,0,0,0,0,Property Damage,PETTIS,NON-CITY OR UNINCORPORATED,A,1,1,0,1689,0.32,B ,S ,CRD S GRAND AVENUE RD,CRD WINGATE RD,Daylight,Fixed Object,2,,Fri     ,1,0,0,0,0,0,0,0,0,0,0,0,0,0,0,1,0,0,0,0,0,0,0,0,0,38.62985,-93.24618,0,10/04/2019,11:20:00,CRASH OCCURRED AS VEHICLE1 WAS SOUTHBOUND WHEN DRIVER1 FAILED TO NEGOTIATE A CURVE.  VEHICLE1 RAN OFF THE ROADWAY AND OVERTURNED.  VEHICLE1 CAME TO FINAL REST ON ITS TOP ON THE RIGHT SIDE OF THE ROADWAY FACING SOUTH.
1063824,3190027509,Missouri State Highway Patrol-Troop I,1570147200000,190581781,0,1,0,0,Fatal,DENT,NON-CITY OR UNINCORPORATED,I,2,2,0,644,0.12,A ,E ,MO 32,CRD 6120,Daylight,Motor Vehicle in Transport,1,64,Fri     ,0,0,0,0,0,1,1,1,1,0,0,0,0,0,0,1,0,0,0,0,1,0,0,1,0,37.63448,-91.57338,1,10/04/2019,11:35:00,"****CORRECTED****LATE DEATH -FATALITY CRASH - NEXT OF KIN NOTIFIED. CRASH OCCURRED AS DRIVER 1 TURNED INTO THE PATH OF VEHICLE 2. THE OCCUPANT OF VEHILCE 2 WAS PRONOUNCED AT MERCY HOSPITAL IN ST LOUIS AT 1422 HRS BY DR MEKEDIM BEKELE ON OCTOBER 8, 2019.. THIS IS TROOP I'S 2ND FATALITY FOR THE MONTH OF OCTOBER AND 30TH FOR 2019"
1152899,3190026545,Missouri State Highway Patrol-Troop E,1570147200000,190581809,2,0,2,0,Personal Injury,CAPE GIRARDEAU,NON-CITY OR UNINCORPORATED,E,2,2,0,195,0.04,B ,S ,IS 55,ERM SOUTH IS 55 MILE 1034,Daylight,Motor Vehicle in Transport,1,61,Fri     ,0,0,0,0,0,0,0,1,1,0,0,0,0,0,0,0,0,0,0,0,0,0,0,0,0,37.39842,-89.62538,0,10/04/2019,11:50:00,CRASH OCCURRED AS VEHICLE ONE STRUCK THE REAR OF VEHICLE TWO
1197528,3190027061,Missouri State Highway Patrol-Troop B,1570147200000,190581914,1,0,1,0,Personal Injury,CHARITON,NON-CITY OR UNINCORPORATED,B,1,1,0,1916,0.36,B ,S ,MO 5,CRD CHAPEL HILL RD,Daylight,Overturn,2,,Fri     ,0,0,0,0,0,0,1,0,0,0,0,0,0,0,0,1,0,0,0,0,0,0,0,0,0,39.3246,-92.84799,0,10/04/2019,12:45:00,VEHICLE 01 RAN OFF LEFT SIDE OF THE ROADWAY AND OVERTURNED.  ASSISTED BY CHARITON COUNTY SHERIFF'S DEPARTMENT AND SALISBURY FIRST RESPONDERS.
841731,3190026851,Missouri State Highway Patrol-Troop A,1570147200000,190581953,1,0,1,0,Personal Injury,LAFAYETTE,NON-CITY OR UNINCORPORATED,A,2,2,0,174,0.03,A ,W ,IS 70,ERM WEST IS 70 MILE 522,Daylight,Motor Vehicle in Transport,1,63,Fri     ,0,0,0,0,1,0,0,1,0,0,0,0,0,0,0,1,0,0,0,0,1,0,0,1,0,38.99254,-93.68278,0,10/04/2019,13:05:00,CRASH OCCURRED AS VEH1 WAS OVERTAKING VEH2 AND TRAVELED OFF THE LEFT SIDE OF THE ROADWAY AND INTO THE MEDIAN TO AVOID STRIKING THE REAR OF V2. AS V1 ATTEMPTED TO RETURN TO THE ROADWAY IT STRUCK THE DRIVER'S SIDE OF V2.
1218041,3190026614,Missouri State Highway Patrol-Troop C,1570147200000,190582136,1,0,1,0,Personal Injury,FRANKLIN,NON-CITY OR UNINCORPORATED,C,1,1,0,327,0.06,B ,N,MO 185,CRD BOONE CREEK LANE,Daylight,Overturn,1,,Fri     ,0,0,0,0,0,0,0,1,0,0,0,0,0,0,0,1,0,0,0,0,1,0,0,0,1,38.24996,-91.20995,0,10/04/2019,14:25:00,"VEHICLE 1 TRAVELED OFF THE RIGHT SIDE OF THE ROADWAY, OVERCORRECTED, OVERTURNED ON THE ROADWAY, AND CAME TO REST OFF THE LEFT SIDE OF THE ROADWAY."
1145006,3190026878,Missouri State Highway Patrol-Troop E,1570147200000,190582407,1,0,1,0,Personal Injury,NEW MADRID,NON-CITY OR UNINCORPORATED,E,2,2,0,0,0,AT,S ,US 61,RT U,Daylight,Motor Vehicle in Transport,1,64,Fri     ,0,0,0,0,0,0,0,1,1,0,0,1,0,0,0,1,0,0,0,0,0,0,0,0,0,36.59877,-89.53736,0,10/04/2019,16:19:00,CRASH OCCURRED AS VEHICLE 2 PULLED INTO THE PATH OF VEHICLE 1
1163283,3190027299,Missouri State Highway Patrol-Troop F,1570147200000,190582410,2,0,2,0,Personal Injury,MILLER,NON-CITY OR UNINCORPORATED,F,4,4,0,316,0.06,A ,S ,RT W,CRD HOME PLACE RD,Daylight,Motor Vehicle in Transport,1,67,Fri     ,0,0,0,0,0,0,0,1,0,0,0,0,0,0,0,0,0,0,0,0,1,0,0,1,1,38.24423,-92.67158,0,10/04/2019,16:20:00,"CRASH OCCURRED AS VEHICLE 1 LOST ITS LOAD WHILE TRAVELING SOUTH ON HIGHWAY W.  VEHICLE 2 SWERVED TO AVOID THE CARGO AND RAN OFF RIGHT SIDE OF ROAD, OVERCORRECTED, AND OVERTURNED IN ROADWAY. VEHICLE 3 ATTEMPTED TO AVOID VEHICLE 2 AND WENT OFF RIGHT SIDE OF ROAD.  VEHICLE 4 STRUCK VEHICLE 3 IN THE PASSENGER SIDE."
1273583,3190027733,Missouri State Highway Patrol-Troop C,1570147200000,190582414,1,0,1,0,Personal Injury,ST. FRANCOIS,NON-CITY OR UNINCORPORATED,C,2,2,0,876,0.17,A ,W ,PVT UNKNOWN,PVT UNKNOWN,Daylight,Motor Vehicle in Transport,1,61,Fri     ,0,0,0,0,0,0,0,1,0,0,0,0,0,0,0,0,0,0,0,0,0,0,1,0,0,37.64593,-90.5848,0,10/04/2019,16:20:00,VEHICLE 2 WAS BACKING OUT OF A PRIVATE DRIVEWAY. DRIVER 1 FAILED TO OBSERVE VEHICLE 2 BACKING OUT OF THE DRIVEWAY AND STRUCK THE REAR OF VEHICLE 2.
1152902,3190027001,Missouri State Highway Patrol-Troop E,1570147200000,190582487,1,0,1,0,Personal Injury,CAPE GIRARDEAU,NON-CITY OR UNINCORPORATED,E,2,2,0,63,0.01,B ,N,US 61,CRD LARCH LN,Daylight,Motor Vehicle in Transport,1,61,Fri     ,0,0,0,0,0,1,1,0,0,1,0,0,0,0,0,0,0,0,0,0,0,0,0,0,0,37.42779,-89.64159,0,10/04/2019,16:44:00,TRAFFIC CRASH OCCURRED AS VEHICLE 1 STRUCK THE REAR OF VEHICLE 2.
1143631,3190026505,Missouri State Highway Patrol-Troop E,1570147200000,190582495,1,0,1,0,Personal Injury,BUTLER,NON-CITY OR UNINCORPORATED,E,1,1,0,1140,0.22,B ,E ,MO 158,CRD 341,Daylight,Fixed Object,2,,Fri     ,0,0,0,0,0,0,0,0,0,0,0,0,0,0,0,1,0,0,0,0,0,0,0,0,0,36.66334,-90.45141,0,10/04/2019,16:51:00,CRASH OCCURRED AS VEHICLE 1 RAN OFF THE LEFT SIDE OF THE ROADWAY AND OVERTURNED
1318250,3190026322,Missouri State Highway Patrol-Troop G,1570147200000,190582612,1,0,0,1,Personal Injury,OZARK,NON-CITY OR UNINCORPORATED,G,1,1,0,564,0.11,A ,E ,US 160,CRD 545,Daylight,Fixed Object,2,,Fri     ,0,0,0,0,1,0,0,1,1,0,0,0,0,0,0,1,0,0,0,0,0,0,0,0,0,36.58214,-92.33013,0,10/04/2019,17:30:00,VEHICLE ONE TRAVELED OFF THE ROADWAY AND STRUCK A CULVERT
1231567,3190028035,Missouri State Highway Patrol-Troop C,1570147200000,190582658,1,0,0,1,Personal Injury,LINCOLN,NON-CITY OR UNINCORPORATED,C,2,2,Y,438,0.08,A ,E ,RT Y,CRD OLD HWY Y WJ,Daylight,Motor Vehicle in Transport,1,64,Fri     ,0,0,0,0,0,0,0,0,0,0,0,0,0,0,0,1,0,0,0,0,0,1,0,0,0,39.04168,-90.79914,0,10/04/2019,17:50:00,"VEHICLE 1 WAS BACKING OUT OF A PRIVATE DRIVE ON HIGHWAY Y. VEHICLE 2 WAS TRAVELING EASTBOUND ON HIGHWAY Y. DRIVER 1 FAILED TO NOTICE VEHICLE 2 AND THE REAR OF VEHICLE 1 STRUCK THE FRONT OF VEHICLE 2, EJECTING DRIVER 2. DRIVER 1 FLED THE SCENE ON FOOT. ASSISTED BY TPR. M. G. KETTENBACH (1205)."
1227181,3190026787,Missouri State Highway Patrol-Troop C,1570147200000,190582739,1,0,1,0,Personal Injury,ST. LOUIS,NON-CITY OR UNINCORPORATED,C,1,1,0,216,0.04,A ,S ,RP 6299,IS 255,Daylight,Fixed Object,2,,Fri     ,0,0,0,0,0,0,0,0,0,0,0,0,0,0,0,1,0,0,0,0,1,0,0,1,0,38.50225,-90.32866,0,10/04/2019,18:26:00,"VEHICLE 1 WAS TRAVELING EASTBOUND ON INTERSTATE 255, TRAVELED OFF THE RIGHT SIDE OF THE ROADWAY, AND STRUCK A ROCK BLUFF."
1143628,3190026880,Missouri State Highway Patrol-Troop E,1570147200000,190582886,1,0,1,0,Personal Injury,BUTLER,NON-CITY OR UNINCORPORATED,E,2,2,0,0,0,AT,S ,US 67,MO 142,Dark-Unlighted,Motor Vehicle in Transport,1,64,Fri     ,0,0,0,0,0,0,0,1,1,1,0,1,0,0,0,1,0,0,0,0,0,0,0,0,0,36.56181,-90.521,0,10/04/2019,19:35:00,CRASH OCCURRED AS VEHICLE 1 PULLED INTO THE PATH OF VEHICLE 2
915642,3190027333,Missouri State Highway Patrol-Troop D,1570147200000,190582890,1,1,0,1,Fatal,JASPER,NON-CITY OR UNINCORPORATED,D,1,1,0,370,0.07,A ,W ,CRD HARMONY RD,CRD 110,Dark-Unlighted,Fixed Object,2,,Fri     ,0,0,0,0,0,1,1,0,0,0,0,0,0,0,0,1,0,0,0,0,1,0,0,1,0,37.1695,-94.25691,1,10/04/2019,19:25:00,"FATALITY REPORT-NEXT OF KIN NOTIFIED-THIS IS TROOP D'S 85TH FATALITY FOR 2019--PRONOUNCED AT 1952 BY JASPER COUNTY DEPUTY CORONER KEITH LANCASTER-VEHICLE #1 TRAVELED OFF THE RIGHT SIDE OF THE ROADWAY, RETURNED TO THE ROADWAY, BEGAN SKIDDING, TRAVELED OFF THE LEFT SIDE OF THE ROADWAY, STRUCK A TREE AND CAUGHT FIRE."
1123180,3190026619,Missouri State Highway Patrol-Troop E,1570147200000,190582909,2,0,2,0,Personal Injury,MADISON,NON-CITY OR UNINCORPORATED,E,1,1,0,2143,0.41,B ,W ,CRD 504,CRD 530,Dark-Unlighted,Fixed Object,2,,Fri     ,0,0,0,0,0,1,1,0,0,0,0,0,0,0,0,0,0,0,0,0,0,0,0,0,0,37.56725,-90.34146,0,10/04/2019,19:48:00,TRAFFIC CRASH OCCURRED AS VEHICLE 1 RAN OFF LEFT SIDE OF ROADWAY AND STRUCK A BRIDGE.
1509250,3190026518,Missouri State Highway Patrol-Troop H,1570147200000,190583051,1,0,1,0,Personal Injury,NODAWAY,NON-CITY OR UNINCORPORATED,H,1,1,0,876,0.17,A ,E ,RT B,CRD JADE RD,Dark-Unlighted,Animal,1,,Fri     ,0,0,0,0,0,0,0,0,0,0,0,0,0,0,0,0,0,0,0,0,0,0,0,0,0,40.4863,-94.8578,0,10/04/2019,20:43:00,CRASH OCCURRED AS VEHICLE 1 STRUCK A DEER IN THE ROADWAY.  ASSISTED BY THE HOPKINS FIRE DEPARTMENT.
925635,3190026580,Missouri State Highway Patrol-Troop D,1570147200000,190583144,2,0,2,0,Personal Injury,MCDONALD,NON-CITY OR UNINCORPORATED,D,1,1,Y,2122,0.4,B ,E ,CRD ADAMS RD,CRD STOVER HOLLOW,Daylight,Fixed Object,2,,Fri     ,0,0,0,0,0,0,0,0,0,0,0,0,0,0,0,0,0,0,0,0,0,0,0,0,0,36.73959,-94.46013,0,10/04/2019,18:30:00,VEHICLE #1 TRAVELED OFF THE ROADWAY AND STRUCK A TREE.
1207317,3190027192,Missouri State Highway Patrol-Troop F,1570147200000,190583277,1,0,1,0,Personal Injury,OSAGE,NON-CITY OR UNINCORPORATED,F,2,2,0,1166,0.22,B ,S ,CRD 303,CST 11TH ST,Dark-Unlighted,Parked Motor Vehicle,2,61,Fri     ,1,0,0,0,1,0,1,0,0,0,0,0,0,0,0,1,0,0,0,0,1,0,0,1,0,38.482,-91.83834,0,10/04/2019,23:15:00,"CRASH OCCURRED AS VEHICLE 1 FAILED TO NEGOTIATE A CURVE, TRAVELED OFF LEFT SIDE OF ROADWAY AND STRUCK PARKED VEHICLE 2.  AFTER INITIAL IMPACT VEHICLE 1 STRUCK A UTILITY POLE."
803363,3190027840,Missouri State Highway Patrol-Troop A,1570233600000,190583423,2,0,2,0,Personal Injury,JOHNSON,NON-CITY OR UNINCORPORATED,A,1,1,0,512,0.1,A ,W ,US 50,RT Z,Dark-Lighted,Fixed Object,2,,Sat     ,0,0,0,0,0,0,0,0,0,0,0,0,0,0,0,0,0,0,0,0,1,0,0,1,0,38.86868,-94.06139,0,10/05/2019,01:10:00,"CRASH OCCURRED AS VEHICLE 1 RAN INTO THE MEDIAN, RETURNED TO THE ROADWAY, RAN OFF THE RIGHT SIDE OF THE ROADWAY AND OVERTURNED, STRIKING A TREE. ASSISTED BY JOHNSON COUNTY SHERIFF'S DEPARTMENT."
1178017,3190027305,Missouri State Highway Patrol-Troop F,1570233600000,190583508,1,0,1,0,Personal Injury,CAMDEN,LINN CREEK,F,1,1,0,3168,0.6,B ,W ,US 54,RT A,Dark-Unlighted,Fixed Object,2,,Sat     ,0,0,0,0,0,0,0,1,1,0,0,0,0,0,0,0,0,0,0,0,0,0,0,0,0,38.06461,-92.69515,0,10/05/2019,02:40:00,OCCURRED AS VEHICLE 1 TRAVELED OFF THE LEFT SIDE OF THE ROADWAY AND STRUCK A GUARDRAIL. ASSISTED BY CAMDEN COUNTY SHERIFFS OFFICE.
995514,3190027746,Missouri State Highway Patrol-Troop D,1570233600000,190583515,0,1,0,0,Fatal,STONE,NON-CITY OR UNINCORPORATED,D,1,1,0,150,0.03,A ,E ,MO 76,CRD BALL DIAMOND RD,Dark-Unlighted,Fixed Object,2,,Sat     ,1,0,0,0,0,0,0,1,0,0,0,0,0,0,0,1,0,0,0,0,1,0,0,1,0,36.72643,-93.49899,1,10/05/2019,02:40:00,"FATALITY ACCIDENT. THIS IS TROOP D'S 86TH FATALITY FOR 2019.  NEXT OF KIN HAS BEEN NOTIFIED.  OCCURRED AS VEHICLE 1 TRAVELED OFF THE LEFT SIDE OF ROADWAY AND STRUCK A ROCK BLUFF. DRIVER 1 WAS PRONOUNCED ON SCENE AT 0329 HOURS BY STONE COUNTY CORONER, JOHN CUNNYNGHAM."
1042308,3190028723,Missouri State Highway Patrol-Troop I,1570233600000,190583535,0,1,0,0,Fatal,LACLEDE,NON-CITY OR UNINCORPORATED,I,1,1,0,1626,0.31,A ,N,RT F,CRD PECOS DR,Dark-Unlighted,Fixed Object,2,,Sat     ,0,0,0,0,1,1,1,0,0,0,0,0,0,0,0,1,0,0,0,0,0,0,0,0,0,37.74803,-92.59258,1,10/05/2019,04:00:00,"FATALITY REPORT - NEXT OF KIN HAS BEEN NOTIFIED - CRASH OCCURRED AS VEHICLE 1 FAILED TO NEGOTIATE A CURVE AND RAN OFF THE LEFT SIDE OF THE ROADWAY.  VEHICLE 1  OVERTURNED, STRUCK A FENCE AND A TREE.  DRIVER 1 WAS PRONOUNCED DECEASED ON THE SCENE BY THE LACLEDE COUNTY CORONER STEVE MURRELL AT  0505 HRS.  THIS IS TROOP I'S 1ST FATALITY FOR THE MONTH OF OCTOBER AND 29TH FOR 2019"
841704,3190027680,Missouri State Highway Patrol-Troop A,1570233600000,190583543,1,0,0,1,Personal Injury,LAFAYETTE,NON-CITY OR UNINCORPORATED,A,1,1,Y,1599,0.3,A ,S ,RT Z,CRD BAINBRIDGE ROAD,Dark-Unlighted,Overturn,1,,Sat     ,1,0,0,0,0,1,1,0,0,0,0,0,0,0,0,1,0,0,0,0,0,0,0,0,0,38.98321,-94.05597,0,10/05/2019,04:48:00,CRASH OCCURRED AS VEHICLE WAS TRAVELING SOUTHBOUND ON ROUTE Z. VEHICLE TRAVELED OFF THE RIGHT SIDE OF THE ROAD AND DRIVER OVERCORRECTED CAUSING VEHICLE TO RETURN TO THE ROAD AND OVERTURN. VEHICLE CAME TO REST IN THE ROADWAY. ASSISTED BY LAFAYETTE COUNTY SHERIFFS OFFICE.
1213296,3190026597,Missouri State Highway Patrol-Troop F,1570233600000,190583703,1,0,1,0,Personal Injury,COLE,NON-CITY OR UNINCORPORATED,F,1,1,0,3168,0.6,A ,E ,US 54,RP 7060,Daylight,Overturn,1,,Sat     ,0,0,0,0,0,0,0,1,0,0,0,0,0,0,0,0,0,0,0,0,0,0,0,0,0,38.3863,-92.38741,0,10/05/2019,08:26:00,"CRASH OCCURRED AS DRIVER 1 HAD A MEDICAL CONDITION CAUSING VEHICLE 1 TO TRAVEL OFF THE LEFT SIDE OF THE ROADWAY. VEHICLE 1 THEN RETURNED TO THE ROADWAY CROSSED THE CENTER LINE, STRUCK 2 FENCES, AND OVERTURNED BEFROE COMING TO REST ON IT'S WHEELS. ASSISTED BY COLE COUNTY SHERIFF'S OFFICE AND COLE COUNTY FIRE DEPARTMENT."
1006165,3190026758,Missouri State Highway Patrol-Troop D,1570233600000,190583842,2,0,2,0,Personal Injury,WEBSTER,SEYMOUR,D,2,2,0,68,0.01,B ,E ,US 60,CST LOVELAND ST,Daylight,Motor Vehicle in Transport,1,61,Sat     ,0,0,0,0,0,0,1,1,1,1,0,0,0,0,0,1,0,0,0,0,0,0,0,0,0,37.1499,-92.75364,0,10/05/2019,09:45:00,VEHICLE 1 STRUCK VEHICLE 2 IN THE REAR.
852140,3190026422,Missouri State Highway Patrol-Troop A,1570233600000,190584232,1,0,1,0,Personal Injury,CLAY,LIBERTY,A,1,1,0,31,0.01,A ,N,IS 35,ERM NORTH IS 35 MILE 182,Daylight,Fixed Object,2,,Sat     ,0,0,0,0,1,0,0,0,0,0,0,0,0,0,0,1,0,0,0,0,0,0,0,0,0,39.26788,-94.44,0,10/05/2019,13:32:00,"CRASH OCCURRED AS VEH 1 BEGAN TO SLIDE, LEFT THE ROADWAY AND STRUCK GUARDRAIL.  ASSISTED BY LIBERTY PD AND LIBERTY FIRE AND EMS"
1170339,3190027808,Missouri State Highway Patrol-Troop F,1570233600000,190584250,1,0,0,1,Personal Injury,MORGAN,NON-CITY OR UNINCORPORATED,F,1,1,0,325,0.06,A ,N,RT W,RT AA,Daylight,Fixed Object,2,,Sat     ,0,0,0,0,1,0,0,0,0,0,0,0,0,0,0,1,0,0,0,0,1,0,0,1,0,38.33888,-92.72092,0,10/05/2019,13:35:00,"CRASH OCCURRED  WHEN VEHICLE 1 TRAVELED OFF THE RIGHT SIDE OF THE ROADWAY, OVERTURNED, AND EJECTED DRIVER 1.  ASSISTED BY TPR. J. D. CONRAD (243) AND THE MORGAN COUNTY SHERIFF'S DEPARTMENT."
1176887,3190026963,Missouri State Highway Patrol-Troop B,1570233600000,190584290,2,0,2,0,Personal Injury,PUTNAM,NON-CITY OR UNINCORPORATED,B,1,1,0,2597,0.49,B ,S ,RT N,CRD DIATOM TRL,Daylight,Fixed Object,2,,Sat     ,0,0,0,0,1,0,0,0,0,0,0,0,0,0,0,1,0,0,0,0,1,0,0,1,0,40.51574,-92.72414,0,10/05/2019,14:00:00,"VEHICLE 01 RAN OFF LEFT SIDE OF ROADWAY, STRUCK A SIGN AND OVERTURNED.  ASSISTED BY PUTNAM COUNTY SHERIFF'S DEPARTMENT."
1186498,3190026910,Missouri State Highway Patrol-Troop F,1570233600000,190584388,1,0,1,0,Personal Injury,BOONE,NON-CITY OR UNINCORPORATED,F,1,1,0,466,0.09,A ,W ,IS 70,ERM WEST IS 70 MILE 1336,Daylight,Fixed Object,2,,Sat     ,0,0,0,0,1,0,0,0,0,0,0,0,0,0,0,1,0,0,0,0,1,0,0,1,0,38.95869,-92.20856,0,10/05/2019,14:55:00,"CRASH OCCURRED AS DRIVER 1 OF VEHICLE 1 WAS ATTEMPTING TO MERGE ONTO INTERSTATE 70, DROVE OFF THE RIGHT SIDE OF THE ROADWAY, HIT A DELINEATOR POST, AND OVERTURNED.  ASSISTED BY TPR. N. W. MARCH (762)."
1303143,3190026891,Missouri State Highway Patrol-Troop C,1570233600000,190584446,1,0,0,1,Personal Injury,ST. LOUIS,FENTON,C,3,3,0,316,0.06,B ,E ,IS 44,ERM EAST IS 44 MILE 2746,Daylight,Motor Vehicle in Transport,1,61,Sat     ,0,0,0,0,1,1,1,1,0,0,0,0,0,1,0,1,0,0,0,0,0,0,0,0,0,38.54286,-90.46063,0,10/05/2019,15:30:00,VEHICLES 2 AND 3 WERE STOPPED ON EASTBOUND I-44  IN LANE 3. VEHICLE 1 WAS TRAVELING EASTBOUND ON I-44  IN LANE 3. THE FRONT OF VEHICLE 1 STRUCK THE REAR OF VEHICLE 2. THE FRONT OF VEHICLE 2 WAS PUSHED FORWARD AND STRUCK THE REAR OF VEHICLE 3.
1227202,3190026677,Missouri State Highway Patrol-Troop C,1570233600000,190584761,1,0,1,0,Personal Injury,ST. LOUIS,NON-CITY OR UNINCORPORATED,C,1,1,0,184,0.03,B ,E ,IS 70,RP 105862,Dark-Lighted,Fixed Object,2,,Sat     ,0,0,0,0,1,0,0,0,0,0,0,0,0,0,0,1,0,0,0,0,0,0,0,0,0,38.70484,-90.27127,0,10/05/2019,18:39:00,VEHICLE #1 WAS TRAVELING EASTBOUND ON INTERSTATE 70 IN LANE 2. DRIVER #1 LOST CONTROL OF THE VEHICLE AND OVERCORRECTED. VEHICLE #1 TRAVELED OFF THE ROADWAY TO THE LEFT AND STRUCK THE CONCRETE MEDIAN WALL.
1183568,3190026392,Missouri State Highway Patrol-Troop B,1570233600000,190584766,1,0,1,0,Personal Injury,RANDOLPH,NON-CITY OR UNINCORPORATED,B,1,1,0,1584,0.3,B ,N,US 63,CRD 1420,Daylight,Animal,1,,Sat     ,0,0,0,0,0,0,0,0,0,0,0,0,0,0,0,0,0,0,0,0,0,0,0,0,0,39.47836,-92.4339,0,10/05/2019,18:43:00,VEHICLE 01 STRUCK A DEER IN THE ROADWAY.  ASSISTED BY RANDOLPH COUNTY FIRE DEPARTMENT AND RANDOLPH COUNTY SHERIFF'S DEPARTMENT.
1282669,3190027612,Missouri State Highway Patrol-Troop C,1570233600000,190584811,2,0,1,1,Personal Injury,ST. CHARLES,ST CHARLES,C,2,2,0,189,0.04,A ,W ,IS 70,CST CAVE SPRINGS,Dark-Unlighted,Motor Vehicle in Transport,1,61,Sat     ,0,1,0,0,1,0,0,0,0,0,0,0,0,0,0,1,0,0,0,0,0,0,0,0,0,38.79396,-90.5656,0,10/05/2019,19:07:00,BOTH VEHICLES WERE TRAVELING WESTBOUND ON INTERSTATE 70. THE FRONT OF VEHICLE 2 STRUCK THE REAR OF VEHICLE 1. VEHICLE 2 ENTERED THE GRASS MEDIAN AND OVERTURNED.
1119800,3190026504,Missouri State Highway Patrol-Troop E,1570233600000,190585063,1,0,1,0,Personal Injury,BOLLINGER,NON-CITY OR UNINCORPORATED,E,1,1,0,802,0.15,A ,N,MO 51,RT FF,Dark-Unlighted,Fixed Object,2,,Sat     ,0,0,0,0,0,0,0,0,0,0,0,0,0,0,0,1,0,0,0,0,1,0,0,1,0,37.27377,-89.98779,0,10/05/2019,21:20:00,CRASH OCCURRED AS VEHICLE 1 RAN OFF THE LEFT SIDE OF THE ROADWAY AND STRUCK A TREE.
1192439,3190026486,Missouri State Highway Patrol-Troop F,1570233600000,190585122,1,0,1,0,Personal Injury,GASCONADE,NON-CITY OR UNINCORPORATED,F,1,1,0,8448,1.6,A ,W ,CRD SAND PLANT RD,CST STONE HILL HWY,Dark-Unlighted,Fixed Object,2,,Sat     ,1,0,0,0,1,0,0,1,0,0,0,0,0,0,0,1,0,0,0,0,0,0,1,0,0,38.69828,-91.47251,0,10/05/2019,21:53:00,"OCCURRED AS VEHICLE 1 FAILED TO NEGOTIATE A CURVE, TRAVELED OFF THE RIGHT SIDE OF THE ROADWAY AND STRUCK A TREE. ASSISTED BY TPR S. D. GORDON (1430) AND TPR M. H. MISTLER (871)"
887252,3190026669,Missouri State Highway Patrol-Troop A,1570233600000,190585125,1,0,1,0,Personal Injury,RAY,NON-CITY OR UNINCORPORATED,A,1,1,0,2640,0.5,B ,S ,CRD HUNTER LANE,RT KK,Dark-Unlighted,Fixed Object,2,,Sat     ,0,0,0,0,1,1,1,0,0,0,0,0,0,0,0,1,0,0,0,0,1,0,0,1,0,39.47627,-94.18171,0,10/05/2019,21:55:00,"CRASH OCCURRED AS VEH1 TRAVELED OFF THE ROADWAY, SPUN OUT AND ROLLED.  ASSISTED BY CPL D J KLINE /765/ AND TPR J H THOMPSON /606/"
1039919,3190027446,Missouri State Highway Patrol-Troop I,1570320000000,190585223,1,0,0,1,Personal Injury,CRAWFORD,NON-CITY OR UNINCORPORATED,I,1,1,0,800,0.15,A ,N,RT Y,CRD ARLIE BARR CUTOFF RD,Dark-Unlighted,Fixed Object,2,,Sat     ,1,0,0,0,0,0,1,0,0,0,0,0,0,0,0,0,0,0,0,0,1,0,0,1,0,37.75794,-91.11309,0,10/05/2019,22:50:00,"VEHICLE 1 TRAVELED OFF THE RIGHT SIDE OF THE ROADWAY, STRINKING A TREE."
1218014,3190026939,Missouri State Highway Patrol-Troop C,1570320000000,190585295,0,1,0,0,Fatal,FRANKLIN,NON-CITY OR UNINCORPORATED,C,1,1,0,1863,0.35,B ,N,RT HH,CRD OAK RIDGE RD,Dark-Unlighted,Fixed Object,2,,Sun     ,1,0,0,0,1,0,0,0,0,0,0,0,0,0,0,1,0,0,0,0,1,0,0,1,0,38.39004,-90.75684,1,10/06/2019,00:00:00,"FATALITY REPORT - VEHICLE 1 WAS TRAVELING NORTHBOUND ON ROUTE HH, TRAVELED OFF THE RIGHT SIDE OF THE ROADWAY, RETURNED TO THE ROADWAY, AND BEGAN TO SLIDE. VEHICLE 1 CROSSED THE CENTER OF THE ROADWAY, TRAVELED OFF THE RIGHT SIDE OF THE ROADWAY, STRUCK A DITCH,  AND OVERTURNED. VEHICLE 1 CAME TO REST OFF THE ROADWAY ON ITS TOP. DRIVER 1 FATALITY PRONOUNCED BY MERAMEC AMBULANCE PERSONNEL AT 0030 HOURS. ASSISTED BY TPR. R. A. LECLAIRE (193)"
803368,3190027843,Missouri State Highway Patrol-Troop A,1570320000000,190585300,2,0,2,0,Personal Injury,JOHNSON,NON-CITY OR UNINCORPORATED,A,1,1,0,322,0.06,A ,N,RT BB,CRD SW 101,Dark-Unlighted,Fixed Object,2,,Sat     ,0,0,0,0,0,1,1,0,0,0,0,0,0,0,0,0,0,0,0,0,0,0,0,0,0,38.73454,-93.76559,0,10/05/2019,23:55:00,"CRASH OCCURRED AS VEH1 TRAVELED OFF THE ROADWAY, STRUCK A CULVERT, WENT AIRBORNE AND OVERTURNED.  ASSISTED BY TPR C D PARROTT /944/"