objectid,accident,agency,inv_date,complaint,injured,killed,min_inj,dis_inj,severity,county,city,troop,no_vehicle,motor_veh,left_scene,dist_feet,dist_mile,inter_loc,direction,on_street,at_street,light_cond,acc_type,on_off_rd,two_veh,day_week,dr_drink,dr_drug,ped_drink,ped_drug,speed,dr_under21,dr_under25,dr_over55,dr_over64,electrical,emer_veh,stop_sign,yield_sign,czone,hazmat,aggressive,cell_phone,texting,veh_defect,school_bus,truck,motorcycle,atv,pickup,cmv,gps_lat,gps_long,severity_fatal,acc_date,acc_time,narrative
1218013,3190026765,Missouri State Highway Patrol-Troop C,1570320000000,190585450,1,0,1,0,Personal Injury,FRANKLIN,NON-CITY OR UNINCORPORATED,C,1,1,0,596,0.11,B ,S ,CRD NORTH BEND LOOP,CRD NORTH BEND RD SJ,Dark-Unlighted,Fixed Object,2,,Sun     ,0,0,0,0,1,0,0,0,0,0,0,0,0,0,0,1,0,0,0,0,0,0,0,0,0,38.40414,-91.02191,0,10/06/2019,03:07:00,"VEHICLE #1 WAS TRAVELING NORTHBOUND ON NORTH BEND LOOP, TOO FAST FOR THE CURVE, ON THE WET ROADWAY. VEHICLE #1 TRAVELED OFF THE LEFT SIDE OF THE ROADWAY, STRUCK A DITCH, AND CAME TO REST PARTIALLY IN THE ROADWAY."
1145004,3190026949,Missouri State Highway Patrol-Troop E,1570320000000,190585492,1,0,1,0,Personal Injury,NEW MADRID,NON-CITY OR UNINCORPORATED,E,2,2,0,68,0.01,A ,N,IS 55,RT U,Dark-Unlighted,Motor Vehicle in Transport,1,64,Sun     ,0,0,0,0,0,0,0,0,0,0,1,0,0,0,0,0,0,0,0,0,0,0,0,0,1,36.59852,-89.56404,0,10/06/2019,06:30:00,CRASH OCCURRED AS VEHICLE 1 TRAVELED SOUTHBOUND IN NORTHBOUND LANE AND STRUCK VEHICLE 2
887251,3190027182,Missouri State Highway Patrol-Troop A,1570320000000,190585543,1,0,1,0,Personal Injury,RAY,NON-CITY OR UNINCORPORATED,A,1,1,0,4224,0.8,A ,S ,RT O,CRD PERRY RD,Daylight,Fixed Object,2,,Sun     ,0,0,0,0,0,1,1,0,0,0,0,0,0,0,0,0,0,0,0,0,0,0,0,0,0,39.28282,-94.16913,0,10/06/2019,07:34:00,CRASH OCCURRED AS VEHICLE 1 TRAVELED OFF THE RIGHT SIDE OF THE ROADWAY.  VEHICLE 1 RETURNED TO THE ROADWAY AND THEN TRAVELED OF THE LEFT SIDE OF THE ROADWAY AND OVERTURNED.
1218015,3190027309,Missouri State Highway Patrol-Troop C,1570320000000,190585604,2,0,2,0,Personal Injury,FRANKLIN,NON-CITY OR UNINCORPORATED,C,2,2,0,0,0,AT,E ,MO 100,CST WEST BEND LANE,Daylight,Motor Vehicle in Transport,1,64,Sun     ,0,0,0,0,0,0,0,0,0,0,0,1,0,0,0,1,0,0,0,0,0,0,0,0,0,38.50264,-90.79624,0,10/06/2019,08:30:00,VEHICLE 1 FAILED TO YIELD WHILE MAKING A LEFT TURN.  VEHICLE 2 STRUCK VEHICLE 1.
1017911,3190027053,Missouri State Highway Patrol-Troop D,1570320000000,190585643,1,0,1,0,Personal Injury,NEWTON,NON-CITY OR UNINCORPORATED,D,1,1,0,913,0.17,B ,W ,MO 86,CRD SHETLAND RD,Daylight,Overturn,2,,Sun     ,0,0,0,0,0,1,1,0,0,0,0,0,0,0,0,1,0,0,0,0,1,0,0,1,0,36.87697,-94.20698,0,10/06/2019,08:55:00,ACCIDENT OCCURRED AS VEHICLE #1 TRAVELED OFF THE LEFT SIDE OF THE ROAD AND OVERTURNED INTO A FENCE.
1021928,3190027149,Missouri State Highway Patrol-Troop D,1570320000000,190585654,2,0,1,1,Personal Injury,MCDONALD,PINEVILLE,D,2,2,0,516,0.1,A ,S ,IS 49,ERM SOUTH IS 49 MILE 68,Daylight,Fixed Object,2,,Sun     ,0,0,0,0,1,0,0,1,1,0,0,0,0,0,0,1,0,0,0,0,1,0,0,1,1,36.59007,-94.40052,0,10/06/2019,09:00:00,ACCIDENT OCCURRED AS VEHICLE #1 HYDROPLANED AND STRUCK VEHICLE #2 AND THEN STRUCK THE NORTHBOUND GUARDRAIL.
1130440,3190026641,Missouri State Highway Patrol-Troop E,1570320000000,190585716,1,0,1,0,Personal Injury,CAPE GIRARDEAU,NON-CITY OR UNINCORPORATED,E,1,1,0,337,0.06,B ,S ,CRD 621,CST PERRYVILLE ROAD,Daylight,Fixed Object,2,,Sun     ,0,0,0,0,1,1,1,0,0,0,0,0,0,0,0,1,0,0,0,0,0,0,0,0,0,37.35438,-89.56201,0,10/06/2019,09:35:00,CRASH OCCURRED AS VEHICLE ONE TRAVELED OFF THE RIGHT SIDE OF THE ROADWAY AND STRUCK A DITCH EMBANKMENT.
1031103,3190027133,Missouri State Highway Patrol-Troop I,1570320000000,190585756,1,0,1,0,Personal Injury,PULASKI,NON-CITY OR UNINCORPORATED,I,2,2,0,324,0.06,B ,S ,MO 133,CRD BOSTON ROAD,Daylight,Motor Vehicle in Transport,1,61,Sun     ,0,0,0,0,0,0,0,1,1,0,0,0,0,0,0,0,0,0,0,0,0,0,0,0,0,37.91479,-92.33075,0,10/06/2019,10:03:00,CRASH OCCURRED AS VEHICLE 1 WAS SLOWING FOR ANIMALS IN THE ROADWAY  VEHICLE 2 STRUCK THE REAR OF  VEHICLE 1.
791723,3190027731,Missouri State Highway Patrol-Troop A,1570320000000,190585857,1,1,0,1,Fatal,CASS,NON-CITY OR UNINCORPORATED,A,1,1,0,0,0,AT,W ,RP 1034962,CRD 307TH ST,Daylight,Fixed Object,2,,Sun     ,0,0,0,0,1,1,1,0,0,0,0,1,0,0,0,1,0,0,0,0,0,0,0,0,0,38.5596,-94.35237,1,10/06/2019,11:15:00,"F A T A L I T Y   C R A S H - TROOP A FATAL CRASH #50, FATALITY #56 - PASSENGER WAS PRONOUNCED ON 10/06/19 AT 1526 BY DR. J. SIMPSON AT RESEARCH MEDICAL HOSPITAL - NEXT OF KIN NOTIFIED || OCCURRED AS VEH1, TRAVELING AT AN EXCESSIVE SPEED, TRAVELED OFF THE ROADWAY AND STRUCK AN EMBANKMENT. ASSISTED BY CPL. B. J. HAMERLE /1174/, TPR. J. C. EWING /524/, CASS COUNTY, AND HARRISONVILLE POLICE DEPARTMENT"
1187078,3190027038,Missouri State Highway Patrol-Troop B,1570320000000,190586043,1,0,0,1,Personal Injury,MARION,NON-CITY OR UNINCORPORATED,B,1,1,0,2640,0.5,A ,W ,US 36,CRD 216,Daylight,Overturn,2,,Sun     ,0,0,0,0,0,0,0,1,0,0,0,0,0,0,0,1,0,0,0,0,0,0,0,0,0,39.6587,-91.80027,0,10/06/2019,13:00:00,"VEHICLE 1 MADE AN ABRUPT LANE CHANGE CAUSING DRIVER 1 TO LOOSE CONTROL OF THE VEHICLE. VEHICLE 1 RAN OFF THE LEFT SIDE OF THE ROADWAY INTO THE MEDIAN AND OVERTURNED. ASSISTED BY TPR. WALKER #1143, MARION COUNTY SHERIFF'S DEPARTMENT, MONROE CITY FIRE DEPARTMENT AND THE MONROE CITY AMBULANCE."
1170343,3190027143,Missouri State Highway Patrol-Troop F,1570320000000,190586182,1,0,1,0,Personal Injury,MORGAN,NON-CITY OR UNINCORPORATED,F,1,1,0,1863,0.35,B ,N,RT W,BRIDGE P0338,Daylight,Fixed Object,2,,Sun     ,0,0,0,0,1,0,0,0,0,0,0,0,0,0,0,1,0,0,0,0,0,0,0,0,0,38.31815,-92.70376,0,10/06/2019,14:35:00,"CRASH OCCURRED AS VEHICLE 1 TRAVELED OFF RIGHT SIDE OF THE ROADWAY, STRUCK EMBANKMENT, AND OVERTURNED."
1292362,3190027538,Missouri State Highway Patrol-Troop C,1570320000000,190586229,2,0,2,0,Personal Injury,ST. CHARLES,NON-CITY OR UNINCORPORATED,C,2,2,0,3168,0.6,B ,W ,MO 94,RT H WJ,Daylight,Motor Vehicle in Transport,1,62,Sun     ,0,0,0,0,1,0,1,0,0,0,0,0,0,0,0,1,0,0,0,0,0,1,0,0,0,38.85994,-90.45138,0,10/06/2019,15:00:00,"VEHICLE 1 WAS TRAVELING TOO FAST FOR WET CONDITIONS, LOST CONTROL, AND TRAVELED INTO WESTBOUND LANES. THE LEFT SIDE OF VEHICLE 1 STRUCK THE LEFT SIDE OF VEHICLE 2 AND TRAVELED OFF THE ROADWAY"
788658,3190027066,Missouri State Highway Patrol-Troop A,1570320000000,190586230,1,0,1,0,Personal Injury,HENRY,NON-CITY OR UNINCORPORATED,A,1,1,0,528,0.1,B ,S ,RT W,CRD SE 100,Daylight,Fixed Object,2,,Sun     ,0,0,0,0,0,0,0,1,0,0,0,0,0,0,0,0,0,0,0,0,1,0,0,1,0,38.3507,-93.66434,0,10/06/2019,15:00:00,CRASH OCCURRED AS VEHICLE 1 WAS SOUTHBOUND WHEN DRIVER 1 WENT OFF THE LEFT SIDE STRUCK A  MAIL BOX. CROSSED THE ROAD AGAIN AND CAME TO REST IN A CULVERT.
932187,3190027194,Missouri State Highway Patrol-Troop D,1570320000000,190586252,2,1,2,0,Fatal,WEBSTER,FORDLAND,D,2,2,0,26,0,B ,E ,US 60,RT Z,Daylight,Fixed Object,2,,Sun     ,0,0,0,0,1,0,0,1,0,0,0,1,0,0,0,1,0,0,0,0,0,0,0,0,1,37.15937,-92.91889,1,10/06/2019,15:15:00,"VEHICLE #1 SKIDDED ON THE WET ROADWAY, STRUCK A SIGN THEN STRUCK VEHICLE #2 WHICH WAS STOPPED AT A STOP SIGN.  BOTH VEHICLES CONTINUED OFF THE ROADWAY AND OVER AN EMBANKMENT."
1068163,3190026857,Missouri State Highway Patrol-Troop I,1570320000000,190586274,1,0,1,0,Personal Injury,PHELPS,DOOLITTLE,I,1,1,0,79,0.01,A ,W ,IS 44,ERM WEST IS 44 MILE 1808,Daylight,Fixed Object,2,,Sun     ,0,1,0,0,0,0,1,0,0,0,0,0,0,0,0,1,0,0,0,0,1,0,0,1,0,37.94498,-91.86221,0,10/06/2019,15:32:00,"OCCURRED AS VEHICLE 1 TRAVELED OFF THE NORTH SIDE OF THE ROADWAY STRUCK DITCH, BECAME AIRBORN LANDING ON ITS WHEELS IN A FIELD.  ASSISTED BY TPR J E BELLERS (160) TPR J N RIGSBY (1196)"
915646,3190026608,Missouri State Highway Patrol-Troop D,1570320000000,190586307,4,0,4,0,Personal Injury,JASPER,NON-CITY OR UNINCORPORATED,D,3,3,0,98,0.02,B ,S ,MO 171,RT M,Daylight,Motor Vehicle in Transport,1,61,Sun     ,0,0,0,0,0,1,1,0,0,0,0,0,0,0,0,1,0,0,0,0,1,0,0,1,0,37.30637,-94.61151,0,10/06/2019,15:55:00,"ACCIDENT OCCURRED AS NBR 1 AND NBR 2  WERE STOPPED IN THE SOUTHBOUND LANE TO MAKE A LEFT HAND TURN, NBR 3 STRUCK NBR 2 IN THE REAR FORCING NBR 2 INTO NBR 1,"
1017939,3190026586,Missouri State Highway Patrol-Troop D,1570320000000,190586321,1,0,1,0,Personal Injury,NEWTON,NON-CITY OR UNINCORPORATED,D,1,1,0,242,0.05,A ,N,IS 49,BRIDGE A5543,Daylight,Fixed Object,2,,Sun     ,0,0,0,0,1,0,0,0,0,0,0,0,0,0,0,1,0,0,0,0,1,0,0,1,0,36.86266,-94.42855,0,10/06/2019,15:50:00,"ACCIDENT OCCURRED AS VEHICLE #1 HYDROPLANED, TRAVELED OFF OF THE RIGHT SIDE OF THE ROADWAY, STRUCK A ROAD SIGN, DOWN AN EMBANKMENT AND STRUCK A FENCE."
791415,3190026994,Missouri State Highway Patrol-Troop A,1570320000000,190586410,2,0,0,2,Personal Injury,CASS,NON-CITY OR UNINCORPORATED,A,2,2,0,17,0,A ,E ,MO 2,RT C,Daylight,Motor Vehicle in Transport,1,64,Sun     ,0,0,0,0,0,0,0,0,0,0,0,1,0,0,0,1,0,0,0,0,0,0,0,0,0,38.61932,-94.46864,0,10/06/2019,16:50:00,"CRASH OCCURRED AS VEHICLE #1 TURNED EAST FROM SOUTHBOUND ROUTE C, INTO THE PATH OF VEHICLE #2.  VEHICLE #2 STRUCK VEHICLE #1 AND BOTH VEHICLES SLID OFF THE ROADWAY."
1218012,3190026982,Missouri State Highway Patrol-Troop C,1570320000000,190586439,3,0,3,0,Personal Injury,FRANKLIN,NON-CITY OR UNINCORPORATED,C,2,2,0,0,0,AT,N,MO 47,CRD COLLEGE RD,Daylight,Motor Vehicle in Transport,1,64,Sun     ,0,0,0,0,0,1,1,0,0,0,0,1,0,0,0,1,0,0,0,0,0,0,0,0,0,38.41479,-90.98648,0,10/06/2019,17:10:00,VEHICLE 1 WAS MAKING A LEFT TURN AND DRIVER 1 DID NOT SEE VEHICLE 2. THE FRONT OF VEHICLE 2 STRUCK THE FRONT LEFT SIDE OF VEHICLE 1 AND THEN FRONT OF VEHICLE 2 STRUCK A GUARDRAIL.
1063797,3190026865,Missouri State Highway Patrol-Troop I,1570320000000,190586451,1,0,0,1,Personal Injury,DENT,NON-CITY OR UNINCORPORATED,I,1,1,0,3168,0.6,A ,N,CRD 3210,MO 72,Daylight,Overturn,2,,Sun     ,0,0,0,0,1,1,1,0,0,0,0,0,0,0,0,1,0,0,0,0,0,0,0,0,0,37.6698,-91.57245,0,10/06/2019,17:15:00,"CRASH OCCURRED AS VEHICLE 1 TRAVELED OFF THE RIGHT SIDE OF THE ROADWAY.  DRIVER 1 OVERCORRECTED.  VEHICLE 1 TRAVELED OFF THE LEFT SIDE OF THE ROADWAY, OVERTURNED AND STRUCK A UTILITY POLE.  ASSISTED BY MSGT K.D. WILMONT (678)"
947968,3190026883,Missouri State Highway Patrol-Troop D,1570320000000,190586458,1,0,1,0,Personal Injury,BARTON,NON-CITY OR UNINCORPORATED,D,1,1,0,168,0.03,A ,S ,IS 49,ERM SOUTH IS 49 MILE 854,Daylight,Fixed Object,2,,Sun     ,0,0,0,0,0,0,0,0,0,0,0,0,0,0,0,0,0,0,0,0,1,0,0,1,0,37.61396,-94.29321,0,10/06/2019,17:21:00,VEHICLE #1 TRAVELED OFF THE ROADWAY AND STRUCK A CULVERT.
1261031,3190027599,Missouri State Highway Patrol-Troop C,1570320000000,190586701,3,1,2,1,Fatal,ST. LOUIS,FERGUSON,C,2,2,0,240,0.05,B ,N,CST WEST FLORISSANT AVENUE,CST NORTHWINDS ESTATES DRIVE,Dark-Lighted,Motor Vehicle in Transport,1,63,Sun     ,0,0,0,0,1,1,1,0,0,0,0,0,0,0,0,1,0,0,0,0,0,0,0,0,0,38.73876,-90.27844,1,10/06/2019,20:30:00,"FATALITY REPORT - ALL THREE VEHICLES WERE TRAVELING NORTHBOUND ON WEST FLORISSANT AVENUE NORTH OF CANFIELD DRIVE. VEHICLE 1 WAS IN LANE 1. VEHICLES 2 AND 3 WERE BOTH IN LANE 2. DRIVER 1 MADE AN IMPROPER LANE CHANGE TO THE RIGHT. THE RIGHT SIDE OF VEHICLE 1 STRUCK THE LEFT SIDE OF VEHICLE 2 AND THE LEFT SIDE OF VEHICLE 3. VEHICLE 1 THEN TRAVELED OFF THE ROADWAY TO THE LEFT, STRUCK A FENCE, AND A BUILDING. PASSENGER 3 (VEHICLE 1) FATALITY PRONOUNCED ON THE SCENE AT 2036 HOURS BY ST. LOUIS COUNTY MEDICAL EXAMINER: MICHAEL TARTICCHIO. ASSISTED BY TPR. C. J. MENDEZ (1411), TPR. Q. H. HOOKS (373), TPR. A. M. COLLINS (216), TPR. B. G. GROVES (837), AND FERGUSON PD OFFICERS."
1147802,3190027517,Missouri State Highway Patrol-Troop E,1570320000000,190586772,2,2,2,0,Fatal,STODDARD,NON-CITY OR UNINCORPORATED,E,1,1,0,36,0.01,B ,S ,MO 25,CRD 664,Dark-Unlighted,Fixed Object,2,,Sun     ,0,0,0,0,1,0,0,1,0,0,0,0,0,0,0,1,0,0,0,0,0,0,0,0,0,36.70239,-89.96592,1,10/06/2019,21:55:00,***** FATALITY CRASH ***** NEXT OF KIN NOTIFIED ***** VEH1 RAN OFF THE ROADWAY AND STRUCK A UTILITY POLE EJECTING THE DRIVER AND ONE PASSENGER. BOTH FATALITIES  PRONOUNCED AT THE SCENE BY STODDARD COUNTY CORONER KENNY POPE AT 2252 HRS. *** FATALITIES #42 & #43 FOR TROOP E 2019
1012425,3190027099,Missouri State Highway Patrol-Troop D,1570320000000,190586804,3,0,3,0,Personal Injury,VERNON,NON-CITY OR UNINCORPORATED,D,1,1,Y,31,0.01,A ,S ,CRD 1200,CRD LEFLER RD,Dark-Unlighted,Fixed Object,2,,Sun     ,1,0,0,0,1,0,1,0,0,0,0,0,0,0,0,1,0,0,0,0,1,0,0,1,0,37.87539,-94.41724,0,10/06/2019,20:30:00,"VEHICLE 1 RAN OFF THE ROADWAY, STRUCK A UTILITY POLE AND A FENCE."
1267243,3190026764,Missouri State Highway Patrol-Troop C,1570406400000,190586952,2,0,2,0,Personal Injury,FRANKLIN,SULLIVAN,C,1,1,0,195,0.04,B ,W ,IS 44,ERM WEST IS 44 MILE 2252,Daylight,Fixed Object,2,,Mon     ,0,0,0,0,0,0,0,0,0,0,0,0,0,0,0,0,0,0,0,0,0,0,0,0,0,38.2172,-91.1656,0,10/07/2019,05:15:00,"DRIVER 1 WAS INATTENTIVE TO THE ROADWAY AND TRAVELED OFF THE RIGHT SIDE OF THE ROADWAY. VEHICLE 1 BEGAN SLIDING. THE FRONT OF VEHICLE 1 STRUCK AN EMBANKMENT, AND CROSSED THE ROAD ONTO THE NORTH OUTER ROAD. VEHICLE 1 CONTINUED SLIDING, ROTATED COUNTER-CLOCKWISE, TRAVELED OFF THE LEFT SIDE OF THE ROADWAY AND STRUCK AN EMBANKMENT."
1183434,3190028135,Missouri State Highway Patrol-Troop F,1570406400000,190586968,1,0,1,0,Personal Injury,AUDRAIN,NON-CITY OR UNINCORPORATED,F,1,1,0,10,0,A ,E ,US 54,CRD 2068,Dark-Unlighted,Fixed Object,2,,Mon     ,0,0,0,0,0,0,0,0,0,0,0,0,0,0,0,0,0,0,0,0,0,0,0,0,0,39.06176,-91.89479,0,10/07/2019,06:10:00,"VEHICLE 1 RAN OFF THE RIGHT SIDE OF THE ROADWAY, COLLIDED WITH AN EMBANKMENT, AND OVERTURNED. ASSISTED BY THE AUDRAIN COUNTY SHERIFF'S OFFICE."
1211064,3190027025,Missouri State Highway Patrol-Troop C,1570406400000,190587038,2,0,2,0,Personal Injury,ST. LOUIS,DES PERES,C,3,3,0,63,0.01,A ,E ,IS 270,ERM NORTH IS 270 MILE 88,Daylight,Motor Vehicle in Transport,1,61,Mon     ,0,0,0,0,0,0,0,1,1,0,0,0,0,0,0,1,0,0,0,0,1,0,0,0,1,38.58506,-90.44837,0,10/07/2019,07:05:00,"VEHICLES 1, 2, AND 3 WERE TRAVELING IN LANE 4. VEHICLE 1 AND VEHICLE 2 SLOWED FOR TRAFFIC AHEAD. THE FRONT OF VEHICLE 3 STRUCK THE REAR OF VEHICLE 2, THEN THE FRONT OF VEHICLE 2 STRUCK THE REAR OF VEHICLE 1. ASSISTED BY TPR. S. T. ROETTGER (1429)"
1319740,3190026616,Missouri State Highway Patrol-Troop G,1570406400000,190587049,1,0,1,0,Personal Injury,REYNOLDS,NON-CITY OR UNINCORPORATED,G,1,1,0,3695,0.7,A ,W ,RT Y,BRIDGE R0361,Daylight,Fixed Object,2,,Mon     ,0,0,0,0,0,1,1,0,0,0,0,0,0,0,0,0,0,0,0,0,1,0,0,1,0,37.24927,-90.97833,0,10/07/2019,07:00:00,ACCIDENT OCCURRED AS VEHICLE TRAVELED OFF OF LEFT SIDE OF ROADWAY AND STRUCK AN ENBANKMENT.
856862,3190027134,Missouri State Highway Patrol-Troop A,1570406400000,190587092,1,0,1,0,Personal Injury,CLAY,KANSAS CITY,A,2,2,0,5,0,A ,S ,IS 35,RP 279459,Daylight,Motor Vehicle in Transport,1,61,Mon     ,0,0,0,0,0,0,0,0,0,0,0,0,0,0,0,1,0,0,0,0,0,0,0,0,0,39.16551,-94.55925,0,10/07/2019,07:40:00,OCCURRED AS VEH1 OVERTOOK AND STRUCK REAR OF VEH2.
1198729,3190026635,Missouri State Highway Patrol-Troop F,1570406400000,190587093,2,0,2,0,Personal Injury,CAMDEN,NON-CITY OR UNINCORPORATED,F,2,2,0,0,0,AT,S ,MO 7,CRD SOUTH BUSINESS ROUTE 5 SJ,Daylight,Motor Vehicle in Transport,1,64,Mon     ,0,0,0,0,0,1,1,1,0,0,0,1,0,0,0,1,0,0,0,0,0,0,0,0,0,37.99048,-92.71021,0,10/07/2019,07:40:00,CRASH OCCURRED AS DRIVER 1 FAILED TO YIELD AT A STOP SIGN WHEN MAKING A LEFT TURN. VEHICLE 1 TURNED INTO THE PATH OF VEHICLE 2. VEHICLE 1 STRUCK VEHICLE 2 HEAD-ON.
788660,3190027597,Missouri State Highway Patrol-Troop A,1570406400000,190587107,1,0,1,0,Personal Injury,HENRY,NON-CITY OR UNINCORPORATED,A,2,2,0,2640,0.5,B ,E ,CRD SE-400,RT W,Daylight,Motor Vehicle in Transport,1,64,Mon     ,0,0,0,0,0,0,0,0,0,0,0,0,0,0,0,0,0,0,0,0,0,0,0,0,1,38.30589,-93.67532,0,10/07/2019,07:45:00,"CRASH OCCURRED AS VEHICLE #1 WAS TURNING  EAST ONTO COUNTY ROAD SE 400 WHEN VEHICLE #2 STRUCK THE SIDE OF TRAILER OF VEHICLE #1. AFTER IMPACT, VEHICLE #2 CAME TO REST FACING SOUTH. ASSISTED BY CPL. R.C. WEST /1170/"
1509248,3190027396,Missouri State Highway Patrol-Troop H,1570406400000,190587118,1,0,1,0,Personal Injury,NODAWAY,NON-CITY OR UNINCORPORATED,H,1,1,0,1085,0.21,B ,S ,US 71,CRD ECHO LANE NJ,Daylight,Overturn,2,,Mon     ,0,0,0,0,0,0,0,0,0,0,0,0,0,0,0,1,0,0,0,0,0,0,0,0,1,40.57517,-95.03067,0,10/07/2019,07:56:00,"CRASH OCCURRED AS VEHICLE 1 WAS SOUTHBOUND ON US 71.  THE REAR TIRES OF THE TOWED UNIT TRAVELED OFF THE WEST SIDE OF THE ROADWAY CAUSING THE LOAD TO SHIFT.  THE TOWED UNIT OVERTURNED CAUSING VEHICLE 1 TO OVERTURN.  VEHICLE 1 CAME TO REST ON ITS PASSENGER SIDE, FACING SOUTH, PARTIALLY BLOCKING THE ROADWAY.  ASSISTED BY SGT. T.B. ZIEGLER (1268), TPR. J.D. FARMER (390), CVO J.E. LAWRENCE (W185), MODOT, IADOT, NODAWAY COUNTY SHERIFF'S DEPARTMENT, AND THE CLEARMONT FIRE DEPARTMENT."
1017946,3190027052,Missouri State Highway Patrol-Troop D,1570406400000,190587155,1,0,1,0,Personal Injury,NEWTON,NON-CITY OR UNINCORPORATED,D,2,2,0,897,0.17,B ,E ,MO 86,WOR 71,Daylight,Motor Vehicle in Transport,1,61,Mon     ,0,0,0,0,0,1,1,1,1,0,0,0,0,0,0,1,0,0,0,0,0,0,0,0,0,36.88065,-94.43669,0,10/07/2019,08:15:00,"NBR 2 FAILED TO YIELD, PULLED INTO THE PATH OF NBR 1 AND WAS STRUCK BY NBR 1."
943143,3190027160,Missouri State Highway Patrol-Troop D,1570406400000,190587577,1,0,1,0,Personal Injury,DALLAS,NON-CITY OR UNINCORPORATED,D,1,1,0,1689,0.32,A ,N,RT JJ,CRD WALL STREET RD,Daylight,Fixed Object,2,,Mon     ,0,0,0,0,0,1,1,0,0,0,0,0,0,0,0,1,0,0,0,0,0,0,0,0,0,37.61989,-92.97866,0,10/07/2019,11:45:00,"CRASH OCCURRED AS VEHICLE 1 TRAVELED OFF THE RIGHT SIDE OF THE ROADWAY, STRUCK A FENCE AND TREE."
1063796,3190027018,Missouri State Highway Patrol-Troop I,1570406400000,190587786,1,0,0,1,Personal Injury,DENT,NON-CITY OR UNINCORPORATED,I,2,2,0,216,0.04,B ,S ,MO 19,BRIDGE G0537,Daylight,Motor Vehicle in Transport,1,64,Mon     ,0,0,0,0,0,0,0,1,0,0,0,0,0,0,0,1,0,0,0,0,1,1,0,1,0,37.51835,-91.4692,0,10/07/2019,13:15:00,"CRASH OCCURRED AS VEHICLE 1 FAILED TO YIELD WHILE MAKING A LEFT TURN OUT OF A PRIVATE DRIVE. VEHICLE 2 STRUCK VEHICLE 1, EJECTING THE DRIVER OF VEHICLE 2."
996786,3190026715,Missouri State Highway Patrol-Troop D,1570406400000,190587807,3,0,1,2,Personal Injury,STONE,REEDS SPRING,D,2,2,0,0,0,AT,S ,MO 13,MO 76 NJ,Daylight,Motor Vehicle in Transport,1,60,Mon     ,0,0,0,0,0,0,1,1,0,1,0,0,0,0,0,1,0,0,0,0,0,0,0,0,0,36.73496,-93.37469,0,10/07/2019,13:24:00,OCCURRED AS VEHICLE #1 FAILED TO RIGHT OF WAY AND TURNED LEFT INTO VEHICLE #2.
995505,3190027387,Missouri State Highway Patrol-Troop D,1570406400000,190587810,1,0,1,0,Personal Injury,STONE,NON-CITY OR UNINCORPORATED,D,1,1,0,924,0.17,B ,S ,CRD JOE BALD RD,CRD FOX FIRE KNOLL DR,Daylight,Overturn,2,,Mon     ,0,0,0,0,1,0,0,1,1,0,0,0,0,0,0,1,0,0,0,0,0,1,0,0,0,36.63898,-93.447,0,10/07/2019,13:30:00,"OCCURRED AS VEHICLE 1 FAILED TO NEGOTIATE A CURVE, TRAVELED OFF THE RIGHT SIDE OF THE ROADWAY, AND OVERTURNED."
887253,3190028387,Missouri State Highway Patrol-Troop A,1570406400000,190587867,0,1,0,0,Fatal,RAY,NON-CITY OR UNINCORPORATED,A,2,2,0,2117,0.4,B ,N,MO 13,CRD W 128TH ST,Daylight,Motor Vehicle in Transport,1,64,Mon     ,0,0,0,0,0,0,0,1,0,0,0,0,0,0,0,1,0,0,0,0,1,1,0,1,0,39.31319,-93.97861,1,10/07/2019,14:00:00,"F A T A L I T Y   C R A S H    NEXT OF KIN NOTIFIED - TROOP A FATAL CRASH #51 AND FATALITY #57 - CRASH OCCURRED AS VEHICLE #1 ATTEMPTED TO PASS ANOTHER VEHICLE AND CROSSED THE CENTER LINE INTO THE PATH OF VEHICLE #2. DRIVER #1 OVERCORRECTED AND VEHICLE #1 TRAVELED OFF THE RIGHT SIDE OF THE ROAD, BEGAN TO SLIDE AND RETURNED TO THE ROADWAY.  VEH1 TRAVELED BACK INTO THE PATH OF VEHICLE #2 AND WAS STRUCK IN THE REAR BY VEHICLE #2. DRIVER #2 WAS PRONOUNCED DR STEVENS AT RAY COUNTY MEMORIAL HOSPITAL 1502. ASSISTED BY TPR T K LEFTWICH /862/, CPL D J KLINE /765/, TPR N T OTT /965/, TPR J E HAINEY /775/ AND TPR C S RILEY /1264/."
1269791,3190027811,Missouri State Highway Patrol-Troop C,1570406400000,190587890,2,0,2,0,Personal Injury,JEFFERSON,NON-CITY OR UNINCORPORATED,C,1,1,0,26,0,B ,S ,IS 55,ERM SOUTH IS 55 MILE 1838,Daylight,Fixed Object,2,,Mon     ,0,0,0,0,0,1,1,0,0,0,0,0,0,0,0,0,0,0,0,0,0,0,0,0,0,38.32955,-90.4006,0,10/07/2019,14:10:00,VEHICLE 1 TRAVELED OFF THE RIGHT SIDE OF THE ROADWAY STRIKING A MILE MARKER SIGN.  VEHICLE 1 CONTINUED OFF THE ROADWAY STRIKING A ROCK CUT AND OVERTURNED.
915681,3190027329,Missouri State Highway Patrol-Troop D,1570406400000,190587892,1,0,1,0,Personal Injury,JASPER,NON-CITY OR UNINCORPORATED,D,2,2,0,163,0.03,A ,N,RT JJ,CRD FOUNTAIN RD,Daylight,Motor Vehicle in Transport,1,61,Mon     ,0,0,0,0,0,0,1,1,0,0,0,0,0,0,0,0,0,0,0,0,0,0,0,0,0,37.13059,-94.58174,0,10/07/2019,14:16:00,"VEH #1 WAS STOPPED IN THE ROADWAY AND SIGNALING TO MAKE A LEFT TURN.  VEH #2 TOPPED A HILL, BRAKED, BEGAN TO SLIDE, AND  STRUCK VEH #1.  VEH #2 THEN OVERTURNED."