objectid,accident,agency,inv_date,complaint,injured,killed,min_inj,dis_inj,severity,county,city,troop,no_vehicle,motor_veh,left_scene,dist_feet,dist_mile,inter_loc,direction,on_street,at_street,light_cond,acc_type,on_off_rd,two_veh,day_week,dr_drink,dr_drug,ped_drink,ped_drug,speed,dr_under21,dr_under25,dr_over55,dr_over64,electrical,emer_veh,stop_sign,yield_sign,czone,hazmat,aggressive,cell_phone,texting,veh_defect,school_bus,truck,motorcycle,atv,pickup,cmv,gps_lat,gps_long,severity_fatal,acc_date,acc_time,narrative
1020180,3190028074,Missouri State Highway Patrol-Troop D,1570406400000,190587929,3,0,2,1,Personal Injury,HICKORY,NON-CITY OR UNINCORPORATED,D,1,1,0,1626,0.31,A ,W ,CRD 240,CRD 234L EJ,Daylight,Fixed Object,2,,Mon     ,1,0,0,0,1,1,1,0,0,0,0,0,0,0,0,1,0,0,0,0,0,0,0,0,0,37.89713,-93.45528,0,10/07/2019,14:32:00,VEHICLE #1 RAN OFF THE LEFT SIDE OF THE ROADWAY AND STRUCK A TREE.
1227086,3190026879,Missouri State Highway Patrol-Troop C,1570406400000,190587997,1,0,0,1,Personal Injury,ST. LOUIS,NON-CITY OR UNINCORPORATED,C,2,2,0,400,0.08,A ,W ,IS 270,ERM SOUTH IS 270 MILE 12,Daylight,Motor Vehicle in Transport,1,61,Mon     ,0,0,0,0,0,0,0,0,0,0,0,0,0,0,0,1,0,0,0,0,0,0,0,0,0,38.50881,-90.35589,0,10/07/2019,15:00:00,DRIVER 2 WAS SLOWING FOR TRAFFIC CONGESTION AND VEHICLE 1 STRUCK THE REAR OF VEHICLE 2. VEHICLE 2 TRAVELED OFF THE LEFT SIDE OF THE ROADWAY AND STRUCK THE CONCRETE MEDIAN.
1261195,3190027308,Missouri State Highway Patrol-Troop C,1570406400000,190588210,1,0,1,0,Personal Injury,ST. LOUIS,NORWOOD COURT,C,2,2,0,464,0.09,B ,E ,IS 70,ERM EAST IS 70 MILE 2416,Daylight,Fixed Object,2,,Mon     ,0,0,0,0,0,0,0,1,0,0,0,0,0,0,0,1,0,0,0,0,0,0,0,0,0,38.7139,-90.29056,0,10/07/2019,16:50:00,VEHICLE #2 WAS FOLLOWING TOO CLOSELY AND TRAFFIC WAS SLOWING.  THE DRIVER OF VEHICLE #2 AVOIDED VEHICLE #1 BY EXITING THE ROADWAY TO THE LEFT.  THE LEFT SIDE OF VEHICLE #2 STRUCK THE CONCRETE TRAFFIC BARRIER. FURTHER DAMAGE OCCURRED WHEN VEHICLE #2 RETURNED TO THE ROADWAY AND THE FRONT RIGHT OF VEHICLE #2 STRUCK THE LEFT REAR OF VEHICLE #1.
1269792,3190027767,Missouri State Highway Patrol-Troop C,1570406400000,190588223,1,0,1,0,Personal Injury,JEFFERSON,NON-CITY OR UNINCORPORATED,C,1,1,0,1679,0.32,B ,E ,RT A,CRD STATE HWY A OLD,Daylight,Fixed Object,2,,Mon     ,0,0,0,0,0,0,0,0,0,0,0,0,0,0,0,0,0,0,0,0,1,0,0,1,0,38.24003,-90.46593,0,10/07/2019,16:50:00,VEHICLE 1 WAS TRAVELING EASTBOUND ON HIGHWAY  A. DRIVER 1 HAD A MEDICAL CONDITION AND PASSED OUT. VEHICLE 1 TRAVELED OFF THE RIGHT SIDE OF THE ROADWAY AND STRUCK A TREE
1208980,3190030901,Missouri State Highway Patrol-Troop F,1570406400000,190588310,3,1,3,0,Fatal,MONTGOMERY,NON-CITY OR UNINCORPORATED,F,2,2,0,538,0.1,A ,N,MO 19,MO 94,Daylight,Motor Vehicle in Transport,1,64,Mon     ,0,0,0,0,0,0,0,1,1,0,0,0,0,0,0,1,0,0,0,0,0,1,0,0,0,38.7303,-91.44672,1,10/07/2019,17:25:00,"FATALITY ACCIDENT- NEXT OF KIN NOTIFIED- VEHICLE 1 WAS SOUTHBOUND AND VEHICLE 2 WAS NORTHBOUND. VEHICLE 1 MADE A LEFT TURN INTO THE PATH OF VEHICLE 2. VEHICLE 2 STRUCK VEHICLE 1, AND DRIVER 2 WAS EJECTED FROM THE MOTORCYCLE. DRIVER 2 WAS PRONOUNCED DECEASED AT UNIVERSITY HOSPITAL IN COLUMBIA BY DOCTOR AMANDA CHELEDNIK AT 1840 HRS 10/07/19. ASSISTED BY TPR. S. D. GORDON (1430), THE MONTGOMERY COUNTY SHERIFF'S OFFICE, HERMANN AMBULANCE, AND THE HERMANN FIRE DEPARTMENT. THIS IS TROOP F'S 1ST FATALITY FOR OCTOBER AND 50TH FOR 2019."
1218011,3190026663,Missouri State Highway Patrol-Troop C,1570406400000,190588523,1,0,0,1,Personal Injury,FRANKLIN,NON-CITY OR UNINCORPORATED,C,1,1,0,612,0.12,B ,S ,RT AJ,CRD GERMANTOWN RD NJ,Dark-Unlighted,Animal,1,,Mon     ,0,0,0,0,0,0,0,0,0,0,0,0,0,0,0,0,0,0,0,0,0,1,0,0,0,38.50035,-91.1179,0,10/07/2019,19:52:00,VEHICLE #1 STRUCK A DEER THAT RAN INTO THE ROADWAY.  VEHICLE #1 OVERTURNED AND WENT OFF THE LEFT SIDE OF THE ROADWAY.
1042314,3190028059,Missouri State Highway Patrol-Troop I,1570406400000,190588554,5,0,3,2,Personal Injury,LACLEDE,NON-CITY OR UNINCORPORATED,I,1,1,0,1092,0.21,B ,E ,CRD MEMPHIS DRIVE,CRD MIAMI DRIVE,Dark-Unlighted,Fixed Object,2,,Mon     ,0,0,0,0,0,1,1,0,0,0,0,0,0,0,0,0,0,0,0,0,0,0,0,0,0,37.66213,-92.79332,0,10/07/2019,20:18:00,CRASH OCCURRED AS VEHICLE 1 TRAVELED OFF THE RIGHT SIDE OF THE ROADWAY STRIKING A TREE AND OVERTURNING. ASSISTED BY THE LACLEDE COUNTY SHERIFF'S OFFICE.
1130441,3190027130,Missouri State Highway Patrol-Troop E,1570492800000,190588811,1,0,1,0,Personal Injury,CAPE GIRARDEAU,NON-CITY OR UNINCORPORATED,E,1,1,Y,2090,0.4,A ,N,RT D,PVT PAUL DOW ROAD,Dark-Unlighted,Fixed Object,2,,Tue     ,1,0,0,0,0,0,0,0,0,0,0,0,0,0,0,1,0,0,0,0,1,0,0,1,0,37.45898,-89.73287,0,10/08/2019,00:30:00,CRASH OCCURRED AS VEHICLE 1 RAN OFF LEFT SIDE OF THE ROADWAY STRUCK A HIGHWAY SIGN AND A TREE
947969,3190026702,Missouri State Highway Patrol-Troop D,1570492800000,190588830,1,0,1,0,Personal Injury,BARTON,NON-CITY OR UNINCORPORATED,D,1,1,0,52,0.01,B ,E ,RT U,US 160,Dark-Unlighted,Fixed Object,2,,Tue     ,0,0,0,0,0,0,1,0,0,0,0,1,0,0,0,0,0,0,0,0,0,0,0,0,0,37.42233,-94.09816,0,10/08/2019,06:00:00,ACCIDENT OCCURRED AS VEHICLE #1 RAN OFF THE RIGHT SIDE OF ROADWAY AND STRUCK THE DITCH.
995511,3190026970,Missouri State Highway Patrol-Troop D,1570492800000,190588837,1,0,1,0,Personal Injury,STONE,NON-CITY OR UNINCORPORATED,D,1,1,0,459,0.09,B ,N,MO 265,CRD APPALOOSA RD,Dark-Unlighted,Fixed Object,2,,Tue     ,0,0,0,0,0,1,1,0,0,0,0,0,0,0,0,1,0,0,0,0,0,0,0,0,0,36.93923,-93.57512,0,10/08/2019,06:11:00,"OCCURRED AS VEHICLE 1 TRAVELED OFF THE RIGHT SIDE OF THE ROAD WAY, OVERCORRECTED AND STRUCK A TREE."
1130442,3190027518,Missouri State Highway Patrol-Troop E,1570492800000,190588915,3,0,3,0,Personal Injury,CAPE GIRARDEAU,NON-CITY OR UNINCORPORATED,E,3,3,0,0,0,AT,E ,MO 72,CRD 482,Daylight,Motor Vehicle in Transport,1,61,Tue     ,0,0,0,0,0,1,1,0,0,0,0,0,0,0,0,1,0,0,0,0,1,0,0,1,1,37.43207,-89.79947,0,10/08/2019,07:20:00,CRASH OCCURRED AS VEHICLE 1 WAS INATTENTIVE TO SLOW TRAFFIC AHEAD AND STRUCK REAR END OF VEHICLE 2. VEHICLE 2 THEN STRUCK THE REAR END OF VEHICLE 3. VEHICLE 1 TRAVELED OFF LEFT SIDE OF ROADWAY AND CAME TO REST
1170361,3190026946,Missouri State Highway Patrol-Troop F,1570492800000,190589278,2,0,2,0,Personal Injury,MORGAN,NON-CITY OR UNINCORPORATED,F,1,1,0,10,0,B ,N,PVT MARKER LN,CRD CUP TREE RD,Daylight,Fixed Object,2,,Tue     ,0,0,0,0,0,0,0,1,1,0,0,0,0,0,0,0,0,0,0,0,0,0,0,0,0,38.23428,-92.88309,0,10/08/2019,10:25:00,CRASH OCCURRED AS VEHICLE 1 WENT OFF THE ROADWAY AND STRUCK A TREE.
1508998,3190027357,Missouri State Highway Patrol-Troop H,1570492800000,190589365,1,0,1,0,Personal Injury,HOLT,NON-CITY OR UNINCORPORATED,H,1,1,0,163,0.03,B ,N,IS 29,ERM NORTH IS 29 MILE 864,Daylight,Fixed Object,2,,Tue     ,0,0,0,0,0,0,0,1,0,0,0,0,0,0,0,1,0,0,0,0,1,0,0,1,0,40.15525,-95.26297,0,10/08/2019,11:05:00,"OCCURRED AS VEHICLE 1 WAS NORTHBOUND I-29 IN THE DRIVING LANE.  VEHICLE 1 ATTEMPTED TO CHANGE LANES AND RAN OFF THE INSIDE SHOULDER STRIKING A GUARDRAIL, THEN ROLLED ONTO ITS TOP AND SLID TO A STOP BLOCKING THE DRIVING LANE.  ASSISTED BY SGT M P QUILTY (1221), TPR K L EBERSOLD (381), HOLT CO SO AND THE MOUND CITY FIRE DEPT."
931600,3190026974,Missouri State Highway Patrol-Troop D,1570492800000,190589376,1,0,0,1,Personal Injury,WEBSTER,NON-CITY OR UNINCORPORATED,D,2,2,0,68,0.01,B ,W ,CRD COMMERCE DR,CST GEORGE ST,Daylight,Motor Vehicle in Transport,1,60,Tue     ,0,0,0,0,0,1,1,1,0,0,0,0,0,0,0,1,0,0,0,0,1,0,0,1,0,37.32533,-92.92278,0,10/08/2019,11:05:00,OCCURRED AS #1 CROSSED THE CENTER OF THE ROADWAY ON A CURVE AND STRUCK THE FRONT OF #2.
1319741,3190028282,Missouri State Highway Patrol-Troop G,1570492800000,190589483,1,2,0,1,Fatal,REYNOLDS,NON-CITY OR UNINCORPORATED,G,2,2,0,570,0.11,B ,S ,MO 49,CRD 809,Daylight,Motor Vehicle in Transport,1,60,Tue     ,0,0,0,0,0,0,0,0,0,0,0,0,0,0,1,1,0,0,0,0,1,0,0,0,1,37.50182,-90.9229,1,10/08/2019,11:55:00,"FATALITY CRASH   NEXT OF KIN NOTIFIED   MOTOR VEHICLE CRASH OCCURRED AS VEHICLE ONE CROSSED THE CENTER LINE INTO VEHICLE TWO'S LANE STRIKING IT HEAD ON.  PRONOUNCED BY REYNOLDS COUNTY CORONER JEFFREY MCSPADDEN AT 1157 HOURS.  TROOP G FATALITY 35 AND 36 FOR 2019 COMPARED TO 34 THIS TIME IN 2018. ASSISTED BY  CPL. M A PHILPOTT (1349), TPR. Z B TATE (1378), MCIU CRASH TEAM 4, REYNOLDS COUNTY SHERIFF'S OFFICE AND REYNOLDS COUNTY FIRE DEPARTMENT"
995513,3190027026,Missouri State Highway Patrol-Troop D,1570492800000,190589533,3,0,3,0,Personal Injury,STONE,NON-CITY OR UNINCORPORATED,D,2,2,0,0,0,AT,E ,US 160,MO 13,Daylight,Motor Vehicle in Transport,1,64,Tue     ,0,0,0,0,0,0,0,1,1,0,0,0,0,0,0,1,0,0,0,0,0,0,0,0,0,36.76737,-93.34992,0,10/08/2019,12:20:00,CRASH OCCURRED AS VEHICLE #2 FAILED TO YIELD TO VEHICLE # 1
1269820,3190029134,Missouri State Highway Patrol-Troop C,1570492800000,190589775,0,1,0,0,Fatal,JEFFERSON,NON-CITY OR UNINCORPORATED,C,4,4,0,744,0.14,B ,N,US 67,CRD BUCK CREEK RD W,Daylight,Fixed Object,2,,Tue     ,0,0,0,0,0,1,1,1,0,0,0,0,0,0,0,1,0,0,0,0,1,0,0,1,1,38.18347,-90.44129,1,10/08/2019,14:28:00,"FATALITY CRASH - VEHICLE 1 TRAVELED OFF THE RIGHT SIDE OF THE ROADWAY.  DRIVER 1 OVERCORRECTED CAUSING VEHICLE 1 TO TRAVEL OFF THE ROADWAY TO THE LEFT COLLIDING WITH THE CONCRETE MEDIAN BARRIER.  VEHICLE 2,  VEHICLE 3, AND VEHICLE 4 WERE STRUCK BY DEBRIS IN PASSING.  PRONOUNCED BY DR. MARK MCMELLEN @ 1539 HOURS AT MERCY HOSPITAL ST. LOUIS.  ASSISTED BY MSGT J.D. OUGHTON (758), SGT R.E. HOEHN (902),CPL J.R. BARLOW (774), TPR B.J. MAGNAN (1343), AND TPR R.P MAHONEY (938) - CORRECTED REPORT"
822815,3190027108,Missouri State Highway Patrol-Troop A,1570492800000,190589804,1,0,0,1,Personal Injury,BENTON,NON-CITY OR UNINCORPORATED,A,1,1,0,18,0,B ,E ,CRD LOST VALLEY RD,PVT IMPERIAL AVE EJ,Daylight,Fixed Object,2,,Tue     ,1,0,0,0,0,0,0,0,0,0,0,0,0,0,0,0,0,0,0,0,0,0,0,0,0,38.27424,-93.32874,0,10/08/2019,14:40:00,CRASH OCCURRED AS VEH1 TRAVELED OFF THE ROADWAY AND STRUCK A TREE.  ASSISTED BY BENTON COUNTY SHERIFF'S DEPARTMENT.
1218008,3190026985,Missouri State Highway Patrol-Troop C,1570492800000,190590099,1,0,1,0,Personal Injury,FRANKLIN,NON-CITY OR UNINCORPORATED,C,2,2,0,1832,0.35,A ,E ,MO 30,CO RTK TO MO30,Daylight,Motor Vehicle in Transport,1,64,Tue     ,0,0,0,0,0,0,0,0,0,0,0,0,0,0,0,1,0,0,0,0,0,0,0,0,0,38.33263,-90.96053,0,10/08/2019,17:01:00,VEHICLE 1 FAILED TO YIELD TO VEHICLE 2 WHEN MAKING A LEFT TURN FROM A PRIVATE DRIVE. THE FRONT OF VEHICLE 1 STRUCK THE RIGHT REAR SIDE OF VEHICLE 2.
1198733,3190027017,Missouri State Highway Patrol-Troop F,1570492800000,190590241,1,0,1,0,Personal Injury,CAMDEN,NON-CITY OR UNINCORPORATED,F,2,2,Y,2122,0.4,B ,N,RT V,CRD LOWELL WILLIAMS,Daylight,Motor Vehicle in Transport,1,62,Tue     ,0,0,0,0,1,0,0,0,0,0,0,0,0,0,0,1,0,0,0,0,0,0,0,0,0,37.98744,-92.64825,0,10/08/2019,18:08:00,OCCURRED AS VEHICLE 1 CROSSED THE CENTER LINE AND STRUCK VEHICLE 2. VEHICLE 1 LEFT THE SCENE AND WAS LOCATED LATER. ASSISTED BY CAMDEN COUNTY SHERIFFS OFFICE.
1231559,3190026990,Missouri State Highway Patrol-Troop C,1570492800000,190590316,1,0,1,0,Personal Injury,LINCOLN,NON-CITY OR UNINCORPORATED,C,2,2,0,0,0,AT,N,RT H,RT BB,Dark-Lighted,Motor Vehicle in Transport,1,64,Tue     ,0,0,0,0,0,0,0,0,0,0,0,1,0,0,0,1,0,0,0,0,1,0,0,1,0,39.05143,-91.05402,0,10/08/2019,18:40:00,VEHICLE 2 ATTEMPTED A LEFT TURN INTO THE PATH OF VEHICLE 1 CAUSING THE FRONT OF VEHICLE 1 TO STRIKE THE FRONT OF VEHICLE 2.
1130443,3190027732,Missouri State Highway Patrol-Troop E,1570492800000,190590456,1,0,1,0,Personal Injury,CAPE GIRARDEAU,NON-CITY OR UNINCORPORATED,E,2,2,0,422,0.08,B ,N,LP 55,PVT GODWIN DR,Dark-Unlighted,Motor Vehicle in Transport,1,61,Tue     ,0,0,0,0,0,0,0,1,0,0,0,0,0,0,0,0,0,0,0,0,0,0,0,0,0,37.4161,-89.64934,0,10/08/2019,20:20:00,CRASH OCCURRED AS VEHICLE TWO STRUCK THE REAR OF VEHICLE ONE WHILE STOPPED ON THE ROADWAY
907145,3190027470,Missouri State Highway Patrol-Troop D,1570492800000,190590479,1,0,1,0,Personal Injury,GREENE,NON-CITY OR UNINCORPORATED,D,2,2,0,2,0,B ,N,RT B,NOR 44,Dark-Unlighted,Motor Vehicle in Transport,1,61,Tue     ,0,0,0,0,0,0,0,1,1,0,0,0,0,0,0,0,0,0,0,0,1,0,0,0,1,37.20194,-93.423,0,10/08/2019,20:30:00,VEHICLE 2 WAS MAKING A LEFT TURN AND WAS STRUCK BY VEHICLE 1.  ASSISTED BY TPR. S.P. RICHARDSON #1130
1186222,3190027183,Missouri State Highway Patrol-Troop B,1570579200000,190590711,1,0,1,0,Personal Injury,SULLIVAN,NON-CITY OR UNINCORPORATED,B,1,1,0,105,0.02,A ,E ,MO 6,CRD DOGBLOOM DR,Dark-Unlighted,Other Non Collision,2,,Wed     ,0,0,0,0,0,1,1,0,0,0,0,0,0,0,0,0,0,0,0,0,0,0,0,0,0,40.14196,-93.19289,0,10/09/2019,05:30:00,"VEH 1 TRAVELED OFF RIGHT SIDE OF ROADWAY, DOWN AN EMBANKMENT THEN CROSSED OVER RT Z GOING AIRBORNE AND OVERTURNED DOWN AN EMBANKMENT."
1217988,3190029293,Missouri State Highway Patrol-Troop C,1570579200000,190590716,1,0,0,1,Personal Injury,FRANKLIN,NON-CITY OR UNINCORPORATED,C,4,4,0,438,0.08,B ,E ,US 50,CRD SEGELHORST RD,Daylight,Motor Vehicle in Transport,1,60,Wed     ,0,0,0,0,0,0,0,1,0,0,0,0,0,0,0,1,0,0,0,0,0,0,0,0,0,38.41796,-91.23829,0,10/09/2019,05:40:00,DRIVER #3 FAILED TO MAINTAIN CONTROL VEHICLE #3.  VEHICLE #3 TRAVELED ACROSS THE CENTER LINE AND STRUCK VEHICLE #1 ON THE LEFT SIDE WITH ITS LEFT SIDE.  VEHICLE #1 SPUN AROUND AND TRAVELED OFF THE RIGHT SIDE OF THE ROADWAY COMING TO REST FACING SOUTH.  VEHICLE #3 CONTINUED FORWARD AND STRUCK THE FRONT OF VEHICLE #2 WITH ITS FRONT.  BOTH VEHICLES #2 AND #3 CAME TO REST BLOCKING THE EASTBOUND LANE OF US-50.  DRIVER #4 WAS UNABLE TO AVOID A COLLISION AND VEHICLE #4 STRUCK THE REAR OF VEHICLE #2 WITH ITS FRONT.  VEHICLE #4 CAME TO REST BLOCKING THE EASTBOUND LANE FACING EAST. ASSISTED BY MSGT. C. L. PATTON (1108) AND TPR. J. M. LANGLEY (752).
1269812,3190027928,Missouri State Highway Patrol-Troop C,1570579200000,190590735,2,0,1,1,Personal Injury,JEFFERSON,NON-CITY OR UNINCORPORATED,C,2,2,0,0,0,AT,N,RT W,CRD WHITE OAK SCHOOL RD,Daylight,Motor Vehicle in Transport,1,64,Wed     ,0,0,0,0,0,0,1,1,0,0,0,1,0,0,0,1,1,0,0,0,1,0,0,1,0,38.44191,-90.60804,0,10/09/2019,06:14:00,VEHICLE #2 WAS TURNING LEFT ONTO MISSOURI ROUTE W FROM WHITE OAK SCHOOL ROAD AND VEHICLE #1 WAS NORTHBOUND ON MISSOURI ROUTE W.  VEHICLE #2 PULLED OUT IN FRONT OF VEHICLE #1 AND THE FRONT OF VEHICLE #1 STRUCK THE LEFT SIDE OF VEHICLE #2. ASSISTED BY TROOPER B. A. TEAGUE (1385).
1300160,3190028215,Missouri State Highway Patrol-Troop C,1570579200000,190590771,1,0,1,0,Personal Injury,ST. CHARLES,WENTZVILLE,C,2,2,0,163,0.03,A ,W ,IS 70,ERM WEST IS 70 MILE 2098,Daylight,Motor Vehicle in Transport,1,61,Wed     ,0,0,0,0,0,1,1,1,0,0,0,0,0,0,0,1,0,0,0,0,0,0,0,0,0,38.80591,-90.85072,0,10/09/2019,06:44:00,DRIVER 2 APPLIED HER BRAKES DUE TO STOPPING TRAFFIC AHEAD AND VEHICLE 2 CAME TO A STOP.  DRIVER 1 FOLLOWED VEHICLE 2 TOO CLOSELY AND THE FRONT OF VEHICLE 1 STRUCK THE REAR OF VEHICLE 2. ASSISTED BY TPR. T.N. ZIEGLER (1440)
1324776,3190027642,Missouri State Highway Patrol-Troop G,1570579200000,190590828,2,0,0,2,Personal Injury,HOWELL,NON-CITY OR UNINCORPORATED,G,2,2,0,1098,0.21,B ,E ,US 160,CRD 7070,Daylight,Motor Vehicle in Transport,1,60,Wed     ,0,0,0,0,0,0,0,0,0,0,0,0,0,0,0,1,0,0,0,0,1,0,0,1,0,36.6143,-92.02972,0,10/09/2019,07:30:00,"ACCIDENT OCCURRED AS VEHICLE 1 CROSSED THE CENTERLINE AND STRUCK VEHICLE 2 HEAD ON.  ASSISTED BY TPR D. A. HUFFMAN (436), HOWELL COUNTY SHERIFF'S DEPARTMENT, AND HOWELL RURAL FIRE DEPARTMENT."
915679,3190027292,Missouri State Highway Patrol-Troop D,1570579200000,190591672,1,0,1,0,Personal Injury,JASPER,NON-CITY OR UNINCORPORATED,D,2,2,0,68,0.01,A ,S ,MO 37,CRD FIR RD,Daylight,Overturn,1,,Wed     ,0,0,0,0,0,0,0,1,1,0,0,0,0,0,0,1,0,0,0,0,0,1,0,0,0,37.13803,-94.15755,0,10/09/2019,13:55:00,"NR1 LOST CONTROL AND OVERTURNED, STRIKING NR2.  NR2 RAN OFF ROADWAY AND STRUCK A DITCH."
1217990,3190027178,Missouri State Highway Patrol-Troop C,1570579200000,190591839,1,0,1,0,Personal Injury,FRANKLIN,NON-CITY OR UNINCORPORATED,C,3,3,0,554,0.1,A ,S ,MO 47,CRD LOST PINE,Daylight,Motor Vehicle in Transport,1,61,Wed     ,0,0,0,0,0,1,1,1,1,0,0,0,0,0,0,1,0,0,0,0,1,0,0,1,0,38.4872,-91.00518,0,10/09/2019,15:20:00,VEHICLE #3 WAS FOLLOWING TOO CLOSE AND STRUCK THE REAR OF VEHICLE #2 AS IT WAS SLOWING. VEHICLE #2 WAS THEN PUSHED INTO THE REAR OF VEHICLE #1.
1329759,3190027217,Missouri State Highway Patrol-Troop G,1570579200000,190591897,1,0,1,0,Personal Injury,OREGON,NON-CITY OR UNINCORPORATED,G,1,1,0,274,0.05,A ,N,MO 19,CRD OLD HIGHWAY 63,Daylight,Fixed Object,2,,Wed     ,1,0,0,0,0,0,1,0,0,0,0,0,0,0,0,0,0,0,0,0,0,0,0,0,0,36.54701,-91.54385,0,10/09/2019,15:50:00,OCCURRED AS VEHICLE #1 TRAVELED OFF THE LEFT SIDE OF THE ROADWAY AND OVERTURNED. ASSISTED BY CPL. J.D. WHEELER (637)
1269819,3190028194,Missouri State Highway Patrol-Troop C,1570579200000,190591920,2,0,2,0,Personal Injury,JEFFERSON,NON-CITY OR UNINCORPORATED,C,2,2,0,1409,0.27,B ,N,US 67,PVT HIGH HILL LN,Daylight,Motor Vehicle in Transport,1,64,Wed     ,0,0,0,0,0,1,1,1,1,0,0,0,0,0,0,0,0,0,0,0,0,0,0,0,0,38.15768,-90.45923,0,10/09/2019,16:05:00,"VEHICLE #1 SWERVED LEFT INTO THE LEFT LANE TO AVOID STRIKING THE SLOWING CAR IN FRONT OF IT.  DRIVER #1 STEERED BACK TO THE RIGHT TO AVOID TRAVELING OFF THE ROADWAY, BUT BEGAN ROTATING CLOCKWISE.  THE FRONT OF VEHICLE #1 CROSSED THE CENTER LINE AND STRUCK THE LEFT REAR SIDE OF VEHICLE #2.  VEHICLE #2 WAS PUSHED INTO A COUNTER-CLOCKWISE SPIN AND TRAVELED OFF THE LEFT EDGE OF THE ROADWAY.  THE FRONT OF VEHICLE #2 STRUCK THE CABLE MEDIAN BARRIER."
822816,3190027702,Missouri State Highway Patrol-Troop A,1570579200000,190591993,2,0,2,0,Personal Injury,BENTON,NON-CITY OR UNINCORPORATED,A,2,2,0,1726,0.33,A ,N,US 65,CRD LICKINGTELLER AVE SJ,Daylight,Motor Vehicle in Transport,1,62,Wed     ,0,0,0,0,0,0,0,1,0,0,0,0,0,0,0,1,0,0,0,0,1,0,0,1,0,38.16359,-93.30522,0,10/09/2019,16:43:00,CRASH OCCURRED AS VEH1 CROSSED THE CENTER LINE AND SIDE SWIPED VEH2.  BOTH VEHICLES THEN TRAVELED OFF THE ROADWAY AND VEH1 STRUCK A TREE.  ASSISTED BY BENTON COUNTY SHERIFF'S DEPARTMENT.
1316269,3190027971,Missouri State Highway Patrol-Troop C,1570579200000,190592029,1,0,1,0,Personal Injury,ST. LOUIS,VALLEY PARK,C,2,2,Y,400,0.08,B ,S ,MO 141,CST ELAM AVE,Daylight,Motor Vehicle in Transport,1,61,Wed     ,0,0,0,0,0,0,0,0,0,0,0,0,0,1,0,1,0,0,0,0,1,0,0,1,0,38.54498,-90.49485,0,10/09/2019,16:45:00,VEHICLE 2 WAS DRIVING IN FRONT OF VEHICLE 1. VEHICLE 2 APPLIED BRAKES AND WAS STRUCK BY VEHICLE 1.
1218006,3190026984,Missouri State Highway Patrol-Troop C,1570579200000,190592055,2,0,2,0,Personal Injury,FRANKLIN,NON-CITY OR UNINCORPORATED,C,1,1,0,25,0,B ,W ,US 50,RT EE,Daylight,Fixed Object,2,,Wed     ,0,0,0,0,0,0,0,0,0,0,0,0,0,0,0,0,0,0,0,0,0,0,0,0,0,38.43354,-91.09756,0,10/09/2019,17:00:00,VEHICLE 1 WAS WESTBOUND ON US 50. DRIVER 1 SWERVED TO THE RIGHT TO AVOID A STOPPED VEHICLE AT ROUTE EE. VEHICLE 1 TRAVELED OFF THE ROAD AND STRUCK A FENCE AND A TREE
1023737,3190027083,Missouri State Highway Patrol-Troop D,1570579200000,190592093,2,0,2,0,Personal Injury,TANEY,HOLLISTER,D,2,2,0,0,0,AT,S ,BU 65,CST GAGE DR,Daylight,Motor Vehicle in Transport,1,60,Wed     ,0,0,0,0,0,0,1,1,0,0,1,1,0,0,0,1,0,0,0,0,0,0,0,0,0,36.61161,-93.23432,0,10/09/2019,17:15:00,OCCURRED AS #2 FAILED TO YIELD WHEN TURNING ONTO BUSINESS 65.  #2 PULLED INTO THE PATH OF #1.
1269834,3190028195,Missouri State Highway Patrol-Troop C,1570579200000,190592255,1,0,1,0,Personal Injury,JEFFERSON,NON-CITY OR UNINCORPORATED,C,1,1,0,2640,0.5,B ,S ,IS 55,RP 6270,Dark-Unlighted,Overturn,2,,Wed     ,0,0,0,0,0,0,0,0,0,0,0,0,0,0,0,0,0,0,0,0,0,1,0,0,0,38.35955,-90.38933,0,10/09/2019,18:35:00,VEHICLE 1 WAS TRAVELING SOUTH ON I-55 IN LANE 2 ATTEMPTING TO PASS AN UNKNOWN VEHICLE. DRIVER 1 LOST CONTROL AND VEHICLE 1 OVERTURNED. VEHICLE 1 EXITED THE ROADWAY TO THE LEFT AND STRUCK THE CONCRETE MEDIAN.
1055809,3190027269,Missouri State Highway Patrol-Troop I,1570579200000,190592345,2,0,2,0,Personal Injury,CRAWFORD,BOURBON,I,2,2,0,21,0,B ,E ,RT C,RP 1223,Dark-Lighted,Motor Vehicle in Transport,1,61,Wed     ,0,0,0,0,0,0,0,0,0,0,0,0,0,0,0,1,0,0,0,0,0,0,0,0,0,38.15375,-91.25098,0,10/09/2019,19:44:00,"VEHICLE 2 WAS STOPPED IN TRAFFIC TO MAKE A LEFT TURN, VEHICLE 1 STRUCK THE REAR OF VEHICLE 2."
852143,3190027438,Missouri State Highway Patrol-Troop A,1570579200000,190592445,2,0,2,0,Personal Injury,CLAY,LIBERTY,A,2,2,0,395,0.07,A ,N,IS 35,ERM NORTH IS 35 MILE 148,Dark-Unlighted,Motor Vehicle in Transport,1,61,Wed     ,0,0,0,0,0,1,1,0,0,0,0,0,0,0,0,1,0,0,0,0,0,0,0,0,0,39.22639,-94.46833,0,10/09/2019,20:53:00,CRASH OCCURRED AS BOTH VEHICLES WERE TRAVELING NORTHBOUND ON I35. VEHICLE1 FAILED TO STOP CAUSING IT TO STRIKE THE REAR OF VEHICLE2.