objectid,accident,agency,inv_date,complaint,injured,killed,min_inj,dis_inj,severity,county,city,troop,no_vehicle,motor_veh,left_scene,dist_feet,dist_mile,inter_loc,direction,on_street,at_street,light_cond,acc_type,on_off_rd,two_veh,day_week,dr_drink,dr_drug,ped_drink,ped_drug,speed,dr_under21,dr_under25,dr_over55,dr_over64,electrical,emer_veh,stop_sign,yield_sign,czone,hazmat,aggressive,cell_phone,texting,veh_defect,school_bus,truck,motorcycle,atv,pickup,cmv,gps_lat,gps_long,severity_fatal,acc_date,acc_time,narrative
1017945,3190026861,Missouri State Highway Patrol-Troop D,1570579200000,190592530,1,0,1,0,Personal Injury,NEWTON,NON-CITY OR UNINCORPORATED,D,2,2,0,1330,0.25,A ,W ,CRD POPPY DR,CRD INGERSOLL LN,Dark-Unlighted,Motor Vehicle in Transport,1,62,Wed     ,,,,,,1,1,0,0,0,0,0,0,0,0,,0,0,,0,1,0,0,1,0,36.80618,-94.44049,0,10/09/2019,22:00:00,"NR1 STRUCK THE SIDE OF TRAILER NR2, NR2 RAN OFF THE ROADWAY"
1273586,3190027432,Missouri State Highway Patrol-Troop C,1570665600000,190592636,1,0,1,0,Personal Injury,ST. FRANCOIS,NON-CITY OR UNINCORPORATED,C,1,1,0,179,0.03,B ,S ,US 67,CST NEW PERRINE RD SJ,Dark-Unlighted,Animal,1,,Thu     ,0,0,0,0,0,0,0,0,0,0,0,0,0,0,0,0,0,0,0,0,1,0,0,1,0,37.75317,-90.44694,0,10/10/2019,00:06:00,VEHICLE 1 WAS TRAVELING SOUTHBOUND AND STRUCK A DEER.
1190148,3190027565,Missouri State Highway Patrol-Troop B,1570665600000,190592641,1,0,1,0,Personal Injury,SHELBY,NON-CITY OR UNINCORPORATED,B,1,1,0,575,0.11,B ,E ,US 36,BU 36 WJ,Dark-Unlighted,Fixed Object,2,,Thu     ,0,0,0,0,0,1,1,0,0,0,0,0,0,0,0,0,0,0,0,0,0,0,0,0,0,39.6981,-92.05853,0,10/10/2019,00:15:00,"DRIVER 1 FELL ASLEEP, RAN OFF THE SOUTH SIDE OF THE ROADWAY, STRUCK A CEMENT CULVERT AND THE VEHICLE CAME TO REST ON ITS WHEELS FACING EAST."
783540,3190027689,Missouri State Highway Patrol-Troop A,1570665600000,190592643,1,0,1,0,Personal Injury,PLATTE,NON-CITY OR UNINCORPORATED,A,1,1,0,496,0.09,B ,S ,IS 29,ERM SOUTH IS 29 MILE 246,Dark-Unlighted,Jackknife,1,,Thu     ,0,0,0,0,0,0,0,1,0,0,0,0,0,0,0,0,0,0,0,0,0,0,0,0,0,39.43966,-94.78942,0,10/10/2019,00:20:00,CRASH OCCURRED AS VEHICLE 1'S TOWED UNIT SLID OFF THE ROADWAY. VEHICLE 1 STRUCK THE CABLE BARRIER AND OVERTURNED COMING TO REST IN THE NORTHBOUND LANES.
955259,3190027095,Missouri State Highway Patrol-Troop D,1570665600000,190592700,1,0,1,0,Personal Injury,GREENE,NON-CITY OR UNINCORPORATED,D,1,1,0,966,0.18,B ,N,MO 13,CO MO13N TO RTBB,Dark-Unlighted,Overturn,2,,Thu     ,0,0,0,0,0,0,1,0,0,0,0,0,0,0,0,0,0,0,0,0,1,0,0,1,0,37.39844,-93.35,0,10/10/2019,03:10:00,#1 RAN OFF THE ROADWAY AND OVERTURNED.
1253012,3190027016,Missouri State Highway Patrol-Troop C,1570665600000,190592707,2,0,1,1,Personal Injury,FRANKLIN,NON-CITY OR UNINCORPORATED,C,1,1,0,0,0,AT,W ,IS 44,ERM WEST IS 44 MILE 2286,Dark-Unlighted,Fixed Object,2,,Thu     ,0,0,0,0,0,0,0,0,0,0,0,0,0,0,0,0,0,0,0,0,0,0,0,0,1,38.25476,-91.12778,0,10/10/2019,04:10:00,"VEHICLE 1 WAS TRAVELING WESTBOUND, TRAVELED OFF THE RIGHT SIDE OF ROADWAY, OVERCORRECTED, CROSSED THE ROAD, OVERTURNED ONTO ITS RIGHT SIDE, AND THEN SKIDDED OFF THE LEFT SIDE OF THE ROADWAY INTO THE MEDIAN. ASSISTED BY FRANKLIN COUNTY SHERIFFS OFFICE,"
1227171,3190026971,Missouri State Highway Patrol-Troop C,1570665600000,190592793,1,0,1,0,Personal Injury,ST. LOUIS,NON-CITY OR UNINCORPORATED,C,3,3,0,1056,0.2,B ,E ,RP 284430,US 50,Dark-Lighted,Motor Vehicle in Transport,1,63,Thu     ,0,0,0,0,0,0,0,0,0,1,0,0,0,0,0,1,0,0,0,0,0,0,0,0,1,38.50828,-90.33638,0,10/10/2019,06:50:00,"THIS CRASH OCCURRED AS VEHICLE 1, VEHICLE 2, AND VEHICLE 3 WERE TRAVELING NORTH ON THE EXIT RAMP FROM NORTHBOUND INTERSTATE 55 TO US 50.  VEHICLE 1 WAS TRAVELING BEHIND VEHICLE 3 IN LANE 2 AND VEHICLE 2 WAS TRAVELING IN LANE 3.  VEHICLE 3 WAS AT A COMPLETE STOP DUE TO TRAFFIC WAITING FOR A STEADY RED ELECTRIC SIGNAL AHEAD.  DRIVER 1 APPLIED HIS BRAKES AND CHANGED LANES INTO LANE 3 WHEN MOVEMENT COULD NOT BE MADE SAFELY.  THE RIGHT SIDE OF VEHICLE 1 STRUCK THE LEFT SIDE OF VEHICLE 2.  AFTER IMPACT, VEHICLE 1 TRAVELED TO THE LEFT AND THE FRONT OF VEHICLE 1 STRUCK THE REAR OF VEHICLE 2. ASSISTED BY TPR B.C.. BRIDGES, (723)"
1210601,3190027495,Missouri State Highway Patrol-Troop F,1570665600000,190592799,1,0,1,0,Personal Injury,COLE,NON-CITY OR UNINCORPORATED,F,2,2,0,174,0.03,B ,E ,RT C,RT D,Dark-Unlighted,Motor Vehicle in Transport,1,61,Thu     ,0,0,0,0,1,0,0,0,0,0,0,0,0,0,0,1,0,0,0,0,0,0,0,0,0,38.51938,-92.36561,0,10/10/2019,06:56:00,CRASH OCCURRED AS VEHICLE 2 WAS STOPPED AND TRAFFIC AND WAS STRUCK IN THE REAR BY VEHICLE 1.
1325772,3190027093,Missouri State Highway Patrol-Troop G,1570665600000,190592878,1,0,1,0,Personal Injury,HOWELL,NON-CITY OR UNINCORPORATED,G,1,1,0,3,0,A ,E ,RT AM,CRD 5570,Daylight,Fixed Object,2,,Thu     ,0,0,0,0,1,1,1,0,0,0,0,0,0,0,0,1,0,0,0,0,1,0,0,1,0,37.01703,-92.03588,0,10/10/2019,07:44:00,OCCURRED AS VEHICLE ONE TRAVELED OFF THE ROADWAY AND STRUCK A TREE.
1114168,3190027322,Missouri State Highway Patrol-Troop E,1570665600000,190592939,1,0,1,0,Personal Injury,CAPE GIRARDEAU,NON-CITY OR UNINCORPORATED,E,1,1,0,1056,0.2,A ,W ,MO 74,PVT MOCKINGBIRD LN,Daylight,Fixed Object,2,,Thu     ,0,0,0,0,0,0,0,0,0,0,0,0,0,0,0,1,0,0,0,0,0,0,0,0,0,37.25559,-89.64551,0,10/10/2019,08:14:00,CRASH OCCURRED AS VEHICLE ONE WAS TRAVELING EASTBOUND - TRAVELED OFF THE LEFT SIDE OF THE ROADWAY AND STRUCK A MAIL BOX.
1178340,3190026919,Missouri State Highway Patrol-Troop F,1570665600000,190592954,1,0,1,0,Personal Injury,BOONE,NON-CITY OR UNINCORPORATED,F,2,2,0,55,0.01,A ,S ,US 63,RT CC,Daylight,Motor Vehicle in Transport,1,61,Thu     ,0,0,0,0,0,1,1,0,0,0,0,0,0,0,0,1,0,0,0,0,1,0,0,1,0,39.22459,-92.32524,0,10/10/2019,08:21:00,"VEHICLE 2 WAS TRAVELING SOUTH ON US 63, NORTH OF ROUTE CC. VEHICLE 1 CROSSED NORTHBOUND US 63 FROM ROUTE CC. VEHICLE 1 STOPPED IN A MEDIAN TURN LANE, WAITING TO TURN LEFT ONTO SOUTHBOUND US 63. DRIVER 1 FAILED TO OBSERVE VEHICLE 2. VEHICLE 1 ENTERED SOUTHBOUND US 63 DIRECTLY IN FRONT OF VEHICLE 2. THE FRONT OF VEHICLE 2 STRUCK THE REAR OF VEHICLE 1. BOTH VEHICLES TRAVELED OFF THE LEFT SIDE OF THE ROAD AND CAME TO REST IN THE MEDIAN."
1201640,3190027146,Missouri State Highway Patrol-Troop C,1570665600000,190593031,1,0,1,0,Personal Injury,LINCOLN,NON-CITY OR UNINCORPORATED,C,2,2,0,89,0.02,B ,N,MO 47,CRD MENNEMEYER RD,Daylight,Motor Vehicle in Transport,1,61,Thu     ,0,0,0,0,0,1,1,1,0,0,0,0,0,0,0,0,0,0,0,0,0,0,0,0,0,38.97413,-91.01227,0,10/10/2019,08:55:00,VEHICLE 1 CAME TO A STOP DUE TO OTHER VEHICLES STOPPING IN FRONT OF THEM. DRIVER 2 SNEEZED AND WAS UNABLE TO STOP IN TIME AND STRUCK REAR OF VEHICLE 1.
1241367,3190027816,Missouri State Highway Patrol-Troop C,1570665600000,190593138,1,0,1,0,Personal Injury,JEFFERSON,NON-CITY OR UNINCORPORATED,C,1,1,0,427,0.08,A ,N,RT B,PVT MARSHAK WAY,Daylight,Fixed Object,2,,Thu     ,0,0,0,0,0,0,0,0,0,0,0,0,0,0,0,1,0,0,0,0,0,0,0,0,0,38.25405,-90.62083,0,10/10/2019,09:50:00,VEHICLE 1 TRAVELED OFF THE LEFT SIDE OF THE ROADWAY AND OVERTURNED.
1253011,3190027514,Missouri State Highway Patrol-Troop C,1570665600000,190593295,0,1,0,0,Fatal,FRANKLIN,NON-CITY OR UNINCORPORATED,C,1,1,0,411,0.08,A ,N,MO 47,CRD KOMMER LOOP,Daylight,Overturn,2,,Thu     ,0,0,0,0,1,0,1,0,0,0,0,0,0,0,0,1,0,0,0,0,0,0,0,0,0,38.28834,-90.86982,1,10/10/2019,11:05:00,"FATAL REPORT- VEHICLE 1 WAS TRAVELING SOUTHBOUND ON HIGHWAY 47. VEHICLE 1 TRAVELED OFF THE LEFT SIDE OF THE ROADWAY INTO THE NORTHBOUND LANES, OVERTURNED, AND STRUCK A FENCE. DRIVER 1 WAS EJECTED. DRIVER 1 PRONOUNCED BY ST CLAIR EMS ON SCENE AT 1124 HOURS ON 10-10-19. ASSISTED BY MSGT. C. L. PATTON (1108) AND TPR. M. W. HEDLUND (255). CORRECTED REPORT"
787464,3190027261,Missouri State Highway Patrol-Troop A,1570665600000,190593323,2,0,2,0,Personal Injury,HENRY,NON-CITY OR UNINCORPORATED,A,2,2,0,441,0.08,B ,E ,MO 52,CRD NE 451,Daylight,Motor Vehicle in Transport,2,64,Thu     ,0,0,0,0,1,0,1,0,0,0,0,0,0,0,0,1,0,0,0,0,0,0,0,0,0,38.44935,-93.67032,0,10/10/2019,11:30:00,"CRASH OCCURRED AS VEH1 CROSSED THE CENTER LINE, INTO THE PATH OF AND STRUCK VEH2.  VEH2 THEN ROTATED AND OVERTURNED SEVERAL TIMES.  ASSISTED BY TPR D M BRIDGES /248/ AND MSGT W P BREMER /155/"
1068004,3190026944,Missouri State Highway Patrol-Troop I,1570665600000,190593354,2,0,2,0,Personal Injury,PHELPS,NON-CITY OR UNINCORPORATED,I,2,2,0,0,0,AT,N,US 63,CRD 6050,Daylight,Motor Vehicle in Transport,1,64,Thu     ,0,0,0,0,1,0,1,0,0,0,0,0,0,0,0,1,0,0,0,0,1,0,0,1,1,37.73,-91.85868,0,10/10/2019,11:50:00,OCCURRED AS VEH 1 WAS TURNING LEFT ONTO CR 6050 WHILE VEH 2 WAS TRAVELING NORTHBOUND ON HWY 63. VEH 2 TRIED TO AVOID VEH 1 AND VEH 2 IMPACTED VEH 2'S TOWED UNIT.
1506768,3190027451,Missouri State Highway Patrol-Troop H,1570665600000,190593416,1,0,1,0,Personal Injury,DEKALB,NON-CITY OR UNINCORPORATED,H,2,2,0,1330,0.25,A ,S ,RT C,CRD GRIDLEY RD,Daylight,Motor Vehicle in Transport,1,61,Thu     ,0,0,0,0,0,1,1,0,0,0,0,0,0,0,0,1,0,0,0,0,1,0,0,1,0,39.80511,-94.29956,0,10/10/2019,12:35:00,"CRASH OCCURRED AS VEH #1 AND VEH #2 WERE TRAVELING SOUTHBOUND ON RTE C IN DEKALB COUNTY. VEH #2 WAS STOPPED AT AN ADDRESS DELIVERING MAIL. VEH #1 FAILED TO YIELD TO VEH #2, AND THE FRONT BUMPER OF VEH #1 STRUCK THE REAR BUMPER OF VEH #2. VEH #2 TRAVELED OFF THE WEST SIDE OF RTE C INTO A FIELD. VEH #2 CAME TO REST OFF THE WEST SIDE OF RTE C ON ITS WHEELS. VEH #1 CAME TO REST IN THE SOUTHBOUND LANE OF RTE C ON ITS WHEELS FACING SOUTH. ASSISTED BY DEKALB COUNTY SHERIFF?S OFFICE AND CAMERON FIRE DEPARTMENT."
955230,3190027235,Missouri State Highway Patrol-Troop D,1570665600000,190593595,1,0,0,1,Personal Injury,GREENE,NON-CITY OR UNINCORPORATED,D,1,1,0,58,0.01,B ,N,RT Z,CRD 44,Daylight,Fixed Object,2,,Thu     ,0,0,0,0,1,1,1,0,0,0,0,0,0,0,0,1,0,0,0,0,0,0,0,0,0,37.36502,-93.43248,0,10/10/2019,14:10:00,OCCURRED WHEN VEHICLE #1 LOST CONTROL ON WET PAVEMENT AND STRUCK A TREE.
872497,3190027884,Missouri State Highway Patrol-Troop A,1570665600000,190593645,1,0,0,1,Personal Injury,JACKSON,NON-CITY OR UNINCORPORATED,A,1,1,0,1568,0.3,B ,W ,US 50,RT F,Daylight,Fixed Object,2,,Thu     ,0,0,0,0,0,0,0,1,1,0,0,0,0,0,0,1,0,0,0,0,0,0,0,0,0,38.87029,-94.12805,0,10/10/2019,14:40:00,"CRASH OCCURRED AS VEHICLE WAS TRAVELING WESTBOUND ON US50. VEHICLE TRAVELED OFF THE LEFT SIDE OF THE ROAD AND CROSSED THE CENTER MEDIAN. VEHICLE OVERTURNED AND CAME TO REST ON EASTBOUND US50. ASSISTED BY MSGT. D.L. SCHWALM (924), JACKSON COUNTY SHERIFFS OFFICE, AND LONE JACK POLICE DEPARTMENT."
1253018,3190027000,Missouri State Highway Patrol-Troop C,1570665600000,190593682,1,0,1,0,Personal Injury,FRANKLIN,NON-CITY OR UNINCORPORATED,C,1,1,0,200,0.04,A ,E ,IS 44,ERM EAST IS 44 MILE 2456,Daylight,Fixed Object,2,,Thu     ,0,0,0,0,1,0,0,0,0,0,0,0,0,0,0,1,0,0,0,0,0,0,0,0,0,38.41405,-90.92535,0,10/10/2019,15:00:00,VEHICLE 1 STRUCK THE MEDIAN WALL AND SLID OFF THE RIGHT SIDE OF THE ROADWAY.
948516,3190027487,Missouri State Highway Patrol-Troop D,1570665600000,190593791,1,0,1,0,Personal Injury,POLK,NON-CITY OR UNINCORPORATED,D,2,2,0,0,0,AT,E ,MO 32,RT FF,Daylight,Motor Vehicle in Transport,1,64,Thu     ,0,0,0,0,0,0,0,1,1,0,0,0,0,0,0,1,0,0,0,0,1,0,0,1,1,37.6233,-93.2131,0,10/10/2019,16:05:00,VEHICLE 1 ATTEMPTED TO PASS VEHICLE 2 AS IT WAS MAKING A LEFT TURN.  VEHICLE 1 STRUCK VEHICLE 2 IN THE DRIVERS SIDE DOOR.
972054,3190027205,Missouri State Highway Patrol-Troop D,1570665600000,190593837,3,0,3,0,Personal Injury,CEDAR,NON-CITY OR UNINCORPORATED,D,1,1,0,649,0.12,B ,W ,CRD 1674,MO 39,Daylight,Overturn,2,,Thu     ,0,0,0,0,1,1,1,0,0,0,0,0,0,0,0,1,0,0,0,0,1,0,0,1,0,37.6545,-93.82274,0,10/10/2019,16:22:00,"CRASH OCCURRED AS VEHICLE 1 LOST CONTROL, TRAVELED OFF THE LEFT SIDE OF THE ROADWAY AND OVERTURNED.  ASSISTED BY CPL W.M. BUSH #291."
1241363,3190027764,Missouri State Highway Patrol-Troop C,1570665600000,190593857,2,0,2,0,Personal Injury,JEFFERSON,NON-CITY OR UNINCORPORATED,C,4,4,0,0,0,AT,N,MO 21,MO 110,Daylight,Motor Vehicle in Transport,1,64,Thu     ,0,0,0,0,0,0,1,0,0,0,0,1,0,0,0,1,0,0,0,0,0,0,0,0,0,38.17312,-90.56564,0,10/10/2019,16:30:00,"VEHICLE #1 WAS MAKING A LEFT TURN FROM SOUTHBOUND MISSOURI 21 TOWARD MISSOURI 110.  VEHICLE #2 WAS TRAVELING NORTHBOUND ON MISSOURI 21.  VEHICLES #3 AND #4 WERE STOPPED AT A STOPPED SIGN ON WESTBOUND MISSOURI 110.  VEHICLE #1 TURNED LEFT INTO THE PATH OF VEHICLE #2.  THE FRONT OF VEHICLE #2 STRUCK THE REAR RIGHT SIDE OF VEHICLE #1.  VEHICLE #1 STARTED SLIDING AND THE REAR LEFT SIDE OF VEHICLE #1 STRUCK THE FRONT OF VEHICLE #3, CAUSING THE REAR OF VEHICLE #3 TO STRIKE THE FRONT OF VEHICLE #4."
1331998,3190027121,Missouri State Highway Patrol-Troop G,1570665600000,190593949,1,0,0,1,Personal Injury,WRIGHT,NON-CITY OR UNINCORPORATED,G,1,1,0,89,0.02,A ,S ,RT C,CST HILL ST SJ,Daylight,Fixed Object,2,,Thu     ,0,0,0,0,1,1,1,0,0,0,0,0,0,0,0,1,1,1,0,0,0,0,0,0,0,37.10639,-92.41279,0,10/10/2019,17:15:00,ACCIDENT OCCURRED AS VEHICLE TRAVELED OFF OF RIGHT SIDE OF ROADWAY AND OVERCORRECTED.  VEHICLE  THEN TRAVELED OFF OF RIGHT SIDE OF ROADWAY AND STRUCK SOME A FENCE AND OVERTURNED.
955258,3190027467,Missouri State Highway Patrol-Troop D,1570665600000,190593966,2,0,2,0,Personal Injury,GREENE,NON-CITY OR UNINCORPORATED,D,3,3,0,728,0.14,A ,E ,US 160,CO US 160S TO MO 413S,Daylight,Motor Vehicle in Transport,1,61,Thu     ,0,0,0,0,0,1,1,0,0,1,0,0,0,0,0,1,0,0,0,0,1,0,0,1,0,37.18539,-93.35029,0,10/10/2019,17:30:00,CRASH OCCURRED AS VEHICLE 1 STRUCK VEHICLE 2 IN THE REAR.  VEHICLE 2 THEN STRUCK VEHICLE 3 IN THE REAR.
856907,3190027440,Missouri State Highway Patrol-Troop A,1570665600000,190594017,1,0,1,0,Personal Injury,CLAY,KANSAS CITY,A,1,1,0,168,0.03,B ,N,IS 35,US 69 SJ,Daylight,Fixed Object,2,,Thu     ,0,0,0,0,0,1,1,0,0,0,0,0,0,0,0,0,0,0,0,0,0,0,0,0,0,39.1876,-94.51636,0,10/10/2019,17:52:00,CRASH OCCURRED AS VEHICLE WAS TRAVELING NORTHBOUND ON I35. VEHICLE TRAVELED OFF THE RIGHT SIDE OF THE ROAD AND STRUCK A GUARDRAIL BEFORE COMING TO REST.
1027701,3190027395,Missouri State Highway Patrol-Troop D,1570665600000,190594201,2,0,2,0,Personal Injury,ST. CLAIR,NON-CITY OR UNINCORPORATED,D,1,1,0,807,0.15,A ,W ,RT A,CRD NW 451,Dark-Unlighted,Fixed Object,2,,Thu     ,0,0,0,0,1,0,0,1,0,0,0,0,0,0,0,1,0,0,0,0,1,0,0,1,0,38.15578,-93.86343,0,10/10/2019,19:55:00,"OCCURRED AS #1 HYDROPLANED, LEFT THE ROADWAY, AND STRUCK A FENCE"
1312004,3190027615,Missouri State Highway Patrol-Troop C,1570665600000,190594214,1,0,1,0,Personal Injury,ST. CHARLES,ST PETERS,C,2,2,Y,2112,0.4,B ,W ,IS 70,MO 370,Dark-Lighted,Motor Vehicle in Transport,1,63,Thu     ,,,,,,,,,,0,0,0,0,0,0,,0,0,,,,,,,,38.79812,-90.58428,0,10/10/2019,20:11:00,VEHICLE 1 WAS TRAVELING WESTBOUND I-70 IN LANE 2. DRIVER 2 ATTEMPTED TO CHANGE LANES. THE RIGHT REAR OF VEHICLE 2 STRUCK THE LEFT FRONT OF VEHICLE 1. THE IMPACT CAUSED DRIVER 1 TO LOSE CONTROL. VEHICLE 1 TRAVELED OFF THE RIGHT SIDE OF THE ROADWAY AND STRUCK THE GUARDRAIL. VEHICLE 2 LEFT THE SCENE.
1321953,3190027943,Missouri State Highway Patrol-Troop G,1570665600000,190594218,1,0,0,1,Personal Injury,TEXAS,NON-CITY OR UNINCORPORATED,G,1,1,0,1209,0.23,B ,N,CRD PINE HOLLOW RD,CRD PUMP STATION RD,Dark-Unlighted,Overturn,2,,Thu     ,0,0,0,0,1,0,0,0,0,0,0,0,0,0,0,1,0,0,0,0,0,0,1,0,0,37.58347,-92.17733,0,10/10/2019,19:05:00,ACCIDENT OCCURRED AS VEHICLE #1 TRAVELED OFF THE ROADWAY AND OVERTURNED
1241362,3190026980,Missouri State Highway Patrol-Troop C,1570665600000,190594225,1,0,1,0,Personal Injury,JEFFERSON,NON-CITY OR UNINCORPORATED,C,1,1,0,73,0.01,A ,S ,CRD JEFFERSON COLLEGE DR,CRD HAYDEN RD,Dark-Lighted,Other Non Collision,2,,Thu     ,0,0,0,0,0,1,1,0,0,0,0,0,0,0,0,0,0,0,0,0,0,0,0,0,0,38.26944,-90.55531,0,10/10/2019,20:10:00,VEHICLE 1 WAS NORTHBOUND ON JEFFERSON COLLEGE DRIVE. DRIVER 1 SWERVED TO AVOID A DEER IN THE ROADWAY WHICH CAUSED VEHICLE 1 TO TRAVEL OFF THE LEFT SIDE OF THE ROADWAY.
1116096,3190027228,Missouri State Highway Patrol-Troop E,1570665600000,190594238,1,0,1,0,Personal Injury,NEW MADRID,NON-CITY OR UNINCORPORATED,E,2,2,0,0,0,AT,N,US 61,RP 478,Dark-Lighted,Motor Vehicle in Transport,1,64,Thu     ,0,0,0,0,0,0,0,0,0,0,0,1,0,0,0,1,0,0,0,0,0,0,0,0,0,36.63683,-89.54573,0,10/10/2019,20:22:00,CRASH OCCURRED AS VEHICLE 1 FAILED TO STOP AT A STOP SIGN AND STRUCK VEHICLE 2.
1111191,3190028958,Missouri State Highway Patrol-Troop E,1570665600000,190594272,1,1,0,1,Fatal,DUNKLIN,NON-CITY OR UNINCORPORATED,E,1,1,0,1584,0.3,B ,W ,RT J,BRIDGE S0375,Dark-Unlighted,Fixed Object,2,,Thu     ,1,0,0,0,0,0,0,0,0,0,0,0,0,0,0,1,0,0,0,0,1,0,0,1,0,36.57284,-90.13334,1,10/10/2019,20:40:00,***** FATALITY CRASH*****NEXT OF KIN NOTIFIED****  VEH1 RAN OFF THE ROADWAY STRIKING A DITCH AND OVERTURNING EJECTING THE DRIVER. DVR1 PRONOUNCED AT THE SCENE BY DUNKLIN COUNTY CORONER JAMES POWELL AT 2115 HRS. ** FATALITY #44 FOR TROOP E 2019**
1249846,3190031612,Missouri State Highway Patrol-Troop C,1570665600000,190594283,0,1,0,0,Fatal,STE. GENEVIEVE,NON-CITY OR UNINCORPORATED,C,1,1,0,480,0.09,A ,S ,IS 55,ERM SOUTH IS 55 MILE 1434,Dark-Lighted,Pedestrian,1,,Thu     ,0,0,1,1,0,0,0,0,0,0,0,0,0,0,0,0,0,0,0,0,0,0,0,0,0,37.87049,-90.02943,1,10/10/2019,20:44:00,FATALITY REPORT - VEHICLE 1 WAS TRAVELING SOUTHBOUND ON INTERSTATE 55 IN LANE 1. PEDESTRIAN 1 WAS IN LANE 1 ATTEMPTING TO CROSS THE ROADWAY. THE FRONT OF VEHICLE 1 STRUCK PEDESTRIAN 1. PEDESTRIAN 1 FATALITY PRONOUNCED ON THE SCENE AT 2150 HOURS BY STE. GENEVIEVE COUNTY CORONER ERIC BASLER. ASSISTED BY TPR. J. C. JENKINS (904) AND TPR. J. L. HUGHES (879).
1068006,3190027113,Missouri State Highway Patrol-Troop I,1570665600000,190594364,1,0,1,0,Personal Injury,PHELPS,NON-CITY OR UNINCORPORATED,I,1,1,0,406,0.08,B ,W ,CRD 8160,NOR 44 WJ,Dark-Unlighted,Fixed Object,2,,Thu     ,0,0,0,0,1,1,1,0,0,1,0,0,0,0,0,1,0,0,0,0,0,0,0,0,0,37.93881,-91.83202,0,10/10/2019,22:16:00,CRASH OCCURRED AS VEHICLE 1 TRAVELED  OFF OF THE LEFT SIDE OF THE  ROAD AND STRUCK SEVERAL TREES. ASSISTED BY MSGT S.D. ALTERMATT.
1134396,3190027264,Missouri State Highway Patrol-Troop E,1570665600000,190594417,2,0,2,0,Personal Injury,MADISON,NON-CITY OR UNINCORPORATED,E,1,1,0,1415,0.27,A ,W ,MO 72,RT F,Dark-Unlighted,Fixed Object,2,,Thu     ,0,0,0,0,1,1,1,0,0,0,0,0,0,0,0,1,0,0,0,0,0,0,0,0,0,37.53606,-90.20139,0,10/10/2019,23:24:00,CRASH OCCURRED AS VEHICLE 1 RAN OFF THE ROADWAY AND STRUCK ATREE.
972053,3190028155,Missouri State Highway Patrol-Troop D,1570752000000,190594540,0,1,0,0,Fatal,CEDAR,NON-CITY OR UNINCORPORATED,D,1,1,0,1082,0.2,A ,E ,MO 32,CRD 2375,Dark-Unlighted,Fixed Object,2,,Fri     ,0,0,0,0,0,0,0,0,0,0,0,0,0,0,0,0,0,0,0,0,0,0,0,0,0,37.63139,-93.63729,1,10/11/2019,06:18:00,"FATALITY CRASH - NEXT OF KIN NOTIFIED.  THIS IS TROOP D'S 87TH FATALITY FOR 2019.  VEH #1 RAN OFF THE ROADWAY, OVERCORRECTED, AND OVERTURNED.  DVR #1 WAS PRONOUNCED BY DEPUTY CEDAR COUNTY CORONER FRANK BRUMFIELD AT 0618 HOURS ON THE SCENE."
1068008,3190027342,Missouri State Highway Patrol-Troop I,1570752000000,190594655,1,0,1,0,Personal Injury,PHELPS,NON-CITY OR UNINCORPORATED,I,1,1,0,1536,0.29,A ,W ,CRD VINEYARD OUTER RD,CRD 1190,Daylight,Fixed Object,2,,Fri     ,0,0,0,0,0,1,1,0,0,0,0,0,0,0,0,1,0,0,0,0,0,0,0,0,0,38.03204,-91.53058,0,10/11/2019,08:00:00,"OCCURRED AS VEHICLE 1 TRAVELED OFF THE RIGHT SIDE OF THE ROADWAY, STRKING THE DITCH BEFORE COMING TO REST."
1195167,3190027747,Missouri State Highway Patrol-Troop B,1570752000000,190594664,3,0,3,0,Personal Injury,LINN,NON-CITY OR UNINCORPORATED,B,2,2,0,0,0,AT,N,MO 5,RP 284452,Daylight,Motor Vehicle in Transport,1,64,Fri     ,0,0,0,0,0,0,0,0,0,0,0,1,0,0,0,1,0,0,0,0,1,0,0,1,0,39.76031,-92.94117,0,10/11/2019,08:09:00,"VEHICLE 1 WAS CROSSING MO-5 FROM ONE RAMP TO ANOTHER, PULLED INTO THE PATH OF VEHICLE 2 AND WAS STRUCK IN THE SIDE. ASSISTED BY THE MARCELINE POLICE DEPARTMENT, LINN COUNTY SHERIFF'S DEPARTMENT AND MARCELINE FIRST RESPONDERS."
925679,3190027660,Missouri State Highway Patrol-Troop D,1570752000000,190595046,1,0,1,0,Personal Injury,MCDONALD,NON-CITY OR UNINCORPORATED,D,1,1,0,364,0.07,A ,W ,MO 76,RT JJ,Daylight,Fixed Object,2,,Fri     ,0,0,0,0,0,0,0,1,1,0,0,0,0,0,0,0,0,0,0,0,1,0,0,1,0,36.72077,-94.13229,0,10/11/2019,11:18:00,"DRIVER #1 SUFFERED A MEDICAL EPISODE, TRAVELED OFF THE ROADWAY, STRUCK A FENCE AND UTILITY POLE."