objectid,accident,agency,inv_date,complaint,injured,killed,min_inj,dis_inj,severity,county,city,troop,no_vehicle,motor_veh,left_scene,dist_feet,dist_mile,inter_loc,direction,on_street,at_street,light_cond,acc_type,on_off_rd,two_veh,day_week,dr_drink,dr_drug,ped_drink,ped_drug,speed,dr_under21,dr_under25,dr_over55,dr_over64,electrical,emer_veh,stop_sign,yield_sign,czone,hazmat,aggressive,cell_phone,texting,veh_defect,school_bus,truck,motorcycle,atv,pickup,cmv,gps_lat,gps_long,severity_fatal,acc_date,acc_time,narrative
1319759,3190027475,Missouri State Highway Patrol-Troop G,1570752000000,190595470,1,0,1,0,Personal Injury,REYNOLDS,NON-CITY OR UNINCORPORATED,G,1,1,0,1721,0.33,B ,W ,PVT DEER PARK TRAIL #1,PVT NFS 2,Daylight,Fixed Object,2,,Fri     ,0,0,0,0,1,0,1,0,0,0,0,0,0,0,0,1,0,0,0,0,0,0,0,0,0,37.20199,-90.99701,0,10/11/2019,14:00:00,OCCURRED AS VEHICLE #1 TRAVELED OFF OF LEFT SIDE OF ROADWAY AND OVERTURNED. ASSISTED BY REYNOLDS COUNTY SHERIFF DEPT AND DEPT OF CONSERVATION
971254,3190027534,Missouri State Highway Patrol-Troop D,1570752000000,190595588,2,0,2,0,Personal Injury,BARRY,NON-CITY OR UNINCORPORATED,D,2,2,0,0,0,AT,S ,CRD 1080,CRD 2090,Daylight,Motor Vehicle in Transport,1,64,Fri     ,0,0,0,0,0,0,0,1,1,0,0,1,0,0,0,1,0,0,0,0,0,0,0,0,0,36.80165,-93.92283,0,10/11/2019,15:10:00,OCCURRED AS #1 FAILED TO YIELD AND STRUCK #2  ASSISTED BY TPR S.W. FOGLER #870
1508926,3190027248,Missouri State Highway Patrol-Troop H,1570752000000,190595621,1,0,0,1,Personal Injury,HOLT,NON-CITY OR UNINCORPORATED,H,1,1,0,246,0.05,B ,N,MO 113,CRD 115,Daylight,Fixed Object,2,,Fri     ,0,0,0,0,0,0,0,0,0,0,0,0,0,0,0,1,0,0,0,0,0,0,0,0,0,40.23831,-95.08652,0,10/11/2019,15:40:00,"CRASH OCCURRED AS VEH #1 WAS TRAVELING NORTHBOUND ON MO-113 IN HOLT COUNTY. VEH #1 TRAVELED OFF THE EAST SIDE OF THE ROADWAY, AND DVR #1 OVERCORRECTED CAUSING VEH #1 TO SKID OUT OF CONTROL. VEH #1 RETURNED TO THE ROADWAY AND SLID OFF THE EAST SIDE OF MO-113 AGAIN. VEH #1 STRUCK AN EMBANKMENT, WENT AIRBORNE, AND THEN OVERTURNED. VEH #1 CAME TO REST ON ITS TOP OFF THE EAST SIDE OF MO-113 IN A BEAN FIELD. ASSISTED BY CPL S.M. HUX (536), TPR V.P. WILEY (692), HOLT COUNTY SHERIFF?S OFFICE, NODAWAY COUNTY SHERIFF?S OFFICE, AND MOUND CITY POLICE DEPARTMENT."
1021331,3190027347,Missouri State Highway Patrol-Troop D,1570752000000,190595849,3,0,1,2,Personal Injury,DALLAS,NON-CITY OR UNINCORPORATED,D,2,2,0,2449,0.46,A ,W ,MO 64,CRD LEADMINE ROAD,Daylight,Motor Vehicle in Transport,1,64,Fri     ,0,0,0,0,0,0,0,0,0,0,0,0,0,0,0,1,0,0,0,0,0,0,0,0,0,37.76259,-92.92057,0,10/11/2019,16:55:00,VEHICLE #2 ATTEMPTED TO MAKE A LEFT TURN INTO A PARKING LOT AND TURNED INTO THE PATH OF VEHICLE #1.  VEHICLE #1 STRUCK VEHICLE #2 IN THE SIDE.  BOTH VEHICLES TRAVELED OFF THE ROADWAY.
805420,3190028536,Missouri State Highway Patrol-Troop A,1570752000000,190595869,2,0,2,0,Personal Injury,JOHNSON,NON-CITY OR UNINCORPORATED,A,2,2,0,36,0.01,B ,E ,US 50,CRD 1251,Daylight,Motor Vehicle in Transport,1,61,Fri     ,0,0,0,0,0,0,0,1,0,0,0,0,0,0,0,0,0,0,0,0,1,0,0,1,0,38.84991,-93.97651,0,10/11/2019,17:02:00,CRASH OCCURRED AS BOTH VEHICLES WERE TRAVELING EASTBOUND ON US50. VEHICLE1 SLOWED TO MAKE A LEFT TURN INTO A CROSSOVER WHEN IT WAS STRUCK IN THE REAR BY VEHICLE2.
801207,3190027418,Missouri State Highway Patrol-Troop A,1570752000000,190595888,1,0,1,0,Personal Injury,JACKSON,LEES SUMMIT,A,3,3,0,2640,0.5,A ,W ,IS 470,CST STROTHER RD,Daylight,Motor Vehicle in Transport,1,64,Fri     ,0,0,0,0,0,0,0,1,0,0,0,0,0,0,0,1,0,0,0,0,1,0,0,1,0,38.96071,-94.35954,0,10/11/2019,17:10:00,CRASH OCCURRED AS ALL VEHICLES WERE TRAVELING SOUTHBOUND ON I470. VEHICLE1 AND VEHICLE2 WERE IN TRAVELING IN LANE 1 WHILE VEHICLE3 WAS TRAVELING IN LANE 2. DRIVER3 LOST CONTROL OF VEHICLE3 CAUSING IT TO BEGIN TO SLIDE. VEHICLE3 STRUCK VEHICLE2 THEN VEHICLE1 BEFORE ALL VEHICLES CAME TO REST.
864777,3190029806,Missouri State Highway Patrol-Troop A,1570752000000,190596015,1,0,1,0,Personal Injury,PETTIS,LA MONTE,A,2,2,0,0,0,AT,E ,US 50,MO 127,Daylight,Motor Vehicle in Transport,1,64,Fri     ,1,0,0,0,0,0,0,0,0,0,0,0,1,0,0,1,0,0,0,0,1,0,0,1,0,38.76317,-93.42736,0,10/11/2019,17:50:00,CRASH OCCURRED AS VEHICLE1 WAS TRAVELING SOUTHBOUND ON MO-127 AND VEHICLE2 WAS TRAVELING EASTBOUND ON US50. VEHICLE1 WAS ATTEMPTING TO CROSS US-50 AND STRUCK THE TOWED UNIT OF VEHICLE2. ASSISTED BY PETTIS COUNTY AND LA MONTE FIRE DEPARTMENT.
1302282,3190028874,Missouri State Highway Patrol-Troop C,1570752000000,190596016,1,0,1,0,Personal Injury,WASHINGTON,NON-CITY OR UNINCORPORATED,C,1,1,0,2640,0.5,B ,N,RT F,BRIDGE P0770,Daylight,Fixed Object,2,,Fri     ,0,0,0,0,0,0,0,0,0,0,0,0,0,0,0,0,0,0,0,0,0,0,0,0,0,37.9598,-90.79272,0,10/11/2019,17:59:00,VEHICLE 1 WAS TRAVELING NORTHBOUND ON ROUTE F. VEHICLE 1 TRAVELED OFF THE RIGHT SIDE OF THE ROADWAY AND OVERTURNED
1005482,3190027774,Missouri State Highway Patrol-Troop D,1570752000000,190596508,2,0,2,0,Personal Injury,TANEY,NON-CITY OR UNINCORPORATED,D,1,1,0,1034,0.2,A ,N,CRD CASEY RD,CRD STRAWBERRY RD,Dark-Unlighted,Fixed Object,2,,Fri     ,0,0,0,0,1,1,1,0,0,0,0,0,0,0,0,1,0,0,0,0,0,0,0,0,0,36.7067,-93.09666,0,10/11/2019,21:55:00,"VEHICLE #1 TRAVELED OFF THE LEFT SIDE OF THE ROADWAY, BECAME AIRBORNE, STRUCK SEVERAL LARGE ROCKS AND CAME TO REST IN A CREEK."
1209003,3190027443,Missouri State Highway Patrol-Troop F,1570752000000,190596709,1,0,0,1,Personal Injury,MONTGOMERY,NON-CITY OR UNINCORPORATED,F,1,1,0,42,0.01,A ,E ,IS 70,ERM EAST IS 70 MILE 1686,Dark-Unlighted,Fixed Object,2,,Fri     ,0,0,0,0,0,1,1,0,0,0,0,0,0,0,0,0,0,0,0,0,0,0,0,0,0,38.9018,-91.57114,0,10/11/2019,23:25:00,OCCURRED AS VEHICLE 1 TRAVELED OFF THE RIGHT SIDE OF THE ROAD AND STRUCK A ROCK BLUFF.  ASSISTED BY MONTGOMERY COUNTY SHERIFF'S DEPARTMENT
805389,3190027845,Missouri State Highway Patrol-Troop A,1570838400000,190596968,3,0,3,0,Personal Injury,JOHNSON,NON-CITY OR UNINCORPORATED,A,1,1,0,295,0.06,A ,N,MO 13,CRD NE 251,Dark-Unlighted,Animal,1,,Sat     ,0,0,0,0,0,0,0,0,0,0,0,0,0,0,0,0,0,0,0,0,0,0,0,0,0,38.79264,-93.69262,0,10/12/2019,03:45:00,OCCURRED AS VEH1 STRUCK ANIMAL IN ROADWAY. ASSISTED BY JOHNSON COUNTY DEPUTIES
1038341,3190029132,Missouri State Highway Patrol-Troop I,1570838400000,190596977,2,1,1,1,Fatal,MARIES,NON-CITY OR UNINCORPORATED,I,1,1,Y,1742,0.33,B ,N,RT E,CRD 538,Dark-Unlighted,Fixed Object,2,,Sat     ,1,0,0,0,0,0,0,0,0,0,0,0,0,0,0,1,0,0,0,0,0,0,0,0,0,38.0529,-91.86882,1,10/12/2019,02:30:00,"FATALITY CRASH-NEXT OF KIN NOTIFIED-CRASH OCCURRED AS VEHICLE 1 CROSSED THE CENTER LINE BEGAN TO SKID, TRAVELED OFF OF THE  RIGHT SIDE OF THE ROADWAY, BECAME AIRBORN AND IMPACTED MULTIPLE TREES BEFORE OVERTURNING AND COMING TO REST ON ITS TOP. THE OCCUPANT WAS PRONOUNCED ON SCENE  AT 0552  HOURS ON OCTOBER 12, 2019 BY THE MARIES COUNTY DEPUTY HARP (948).  THIS IS TROOP I'S 3RD FATALITY FOR THE MONTH OF OCTOBER AND 31ST FOR 2019.   ASSISTED BY MSGT S.W. CUNNINGHAM (285), SGT J.M. WEADON (1237, CPL M.S. MIZER (186), TPR J.N. RIGSBY (1196), TPR J.E. BELLERS (160),TPR B.N. CRAWFORD (406), TPR E.A. GOANS (322) AND  TPR J.H. VISLAY(1437)."
1005480,3190027526,Missouri State Highway Patrol-Troop D,1570838400000,190597057,1,0,1,0,Personal Injury,TANEY,NON-CITY OR UNINCORPORATED,D,1,1,Y,5,0,A ,N,CRD BEE CREEK RD,PVT COZY COVE RD,Dark-Unlighted,Fixed Object,2,,Sat     ,1,1,0,0,1,0,0,0,0,0,0,0,0,0,0,1,0,0,0,0,0,0,0,0,0,36.67238,-93.21613,0,10/12/2019,04:15:00,DRIVER 1 LOST CONTROL OF VEHICLE AND STRUCK A GUARDRAIL.
1048629,3190027814,Missouri State Highway Patrol-Troop I,1570838400000,190597253,1,0,1,0,Personal Injury,CRAWFORD,NON-CITY OR UNINCORPORATED,I,1,1,0,528,0.1,A ,S ,MO 19,CRD EDGAR RD,Daylight,Fixed Object,2,,Sat     ,0,0,0,0,0,0,0,1,0,0,0,0,0,0,0,0,0,0,0,0,0,0,0,0,0,37.82137,-91.33436,0,10/12/2019,09:30:00,"OCCURRED AS DVR 1 SWERVED TO AVOID A DEER IN THE ROADWAY, VEH 1 RAN OFF OF THE RIGHT SIDE OF THE ROADWAY, STRUCK A TREE AND OVERTURNED."
1189104,3190029697,Missouri State Highway Patrol-Troop F,1570838400000,190597352,3,2,0,3,Fatal,COOPER,NON-CITY OR UNINCORPORATED,F,2,2,0,1267,0.24,B ,N,RT U,CRD WALNUT DRIVE,Daylight,Motor Vehicle in Transport,1,60,Sat     ,0,0,0,0,0,1,1,0,0,0,0,0,0,0,0,1,0,0,0,0,0,0,0,0,0,38.81838,-92.66172,1,10/12/2019,10:00:00,"**FATAL CRASH**   **LATE FATALITY** NEXT OF KIN NOTIFIED ** THE CRASH OCCURRED AS VEHICLE 1 CROSSED THE CENTER OF THE ROADWAY, AND TRAVELED INTO THE PATH OF VEHICLE 2. VEHICLE 1 STRUCK VEHICLE 2 HEAD ON. DRIVER 2 WAS PRONOUNCED DECEASED AT THE SCENE BY COOPER COUNTY CORONER JAMES HURT AT 10:48 AM. TROOP F'S 2 FATAL FOR OCTOBER AND 51ST FATAL FOR 2019. DRIVER 1 WAS PRONOUNCED AT UNIVERSITY HOSPITAL ON 10/14/19 AT 1046 HRS. THIS IS TROOP F'S 5TH FATALITY FOR OCTOBER AND 54TH FOR 2019.  ASSISTED BY SGT. D. R. POWELL (594) AND COOPER COUNTY SHERIFF'S DEPARTMENT, COOPER COUNTY EMS, MU #1, PRAIRIE HOME FIRE DEPARTMENT, AND COOPER COUNTY FIRE DEPARTMENT."
1318387,3190027272,Missouri State Highway Patrol-Troop G,1570838400000,190597398,1,0,0,1,Personal Injury,OZARK,GAINESVILLE,G,1,1,0,1187,0.22,B ,W ,US 160,CST HILLSIDE DR,Daylight,Fixed Object,2,,Sat     ,0,0,0,0,1,0,0,1,1,0,0,0,0,0,0,1,0,0,0,0,0,1,0,0,0,36.60802,-92.4211,0,10/12/2019,10:40:00,"VEH #1 CROSSED THE  CENTER LINE, TRAVELED OFF LEFT SIDE OF ROADWAY AND OVERTURNED."
949423,3190027356,Missouri State Highway Patrol-Troop D,1570838400000,190597442,2,0,2,0,Personal Injury,CHRISTIAN,CLEVER,D,1,1,0,274,0.05,B ,E ,MO 14,CRD SANDY FOREST LN,Daylight,Fixed Object,2,,Sat     ,0,0,0,0,0,0,0,0,0,0,0,0,0,0,0,0,0,0,0,0,0,0,0,0,0,37.0381,-93.49556,0,10/12/2019,11:08:00,CRASH OCCURRED AS VEHICLE 1 DROVE OFF THE RIGHT SIDE OF THE ROADWAY AND IMPACTED A CULVERT
783693,3190027490,Missouri State Highway Patrol-Troop A,1570838400000,190597456,1,0,1,0,Personal Injury,PLATTE,KANSAS CITY,A,2,2,0,147,0.03,A ,S ,IS 29,ERM SOUTH IS 29 MILE 46,Daylight,Motor Vehicle in Transport,1,61,Sat     ,0,0,0,0,0,1,1,0,0,0,0,0,0,0,0,1,0,0,0,0,0,0,0,0,0,39.199,-94.62476,0,10/12/2019,11:15:00,"CRASH OCCURRED AS VEHICLE #1 AND VEHICLE #2  WERE SOUTHBOUND ON INTERSTATE 29.   VEHICLE #2 WAS FOLLOWING TOO CLOSELY TO VEHICLE #1. DRIVER #1 APPLIED THEIR BRAKES DUE TO CONGESTION AHEAD, AND THE FRONT OF VEHICLE #2 STRUCK THE REAR OF VEHICLE #1.   VEHICLE #1 CAME TO REST UPRIGHT IN LANE 2.  ASSISTED BY TPR. B.S. GUNBY/349/"
1183155,3190027519,Missouri State Highway Patrol-Troop B,1570838400000,190597489,2,0,2,0,Personal Injury,RANDOLPH,NON-CITY OR UNINCORPORATED,B,2,2,0,0,0,AT,E ,US 24,CRD 1450,Daylight,Motor Vehicle in Transport,1,61,Sat     ,0,0,0,0,0,1,1,0,0,0,0,0,0,0,0,0,0,0,0,0,0,0,0,0,0,39.45174,-92.39956,0,10/12/2019,11:30:00,VEHICLE 2 WAS STOPPED WAITING TO MAKE A LEFT TURN WHEN VEHICLE 1 DROVE INTO THE REAR OF VEHICLE 2.
1179356,3190028346,Missouri State Highway Patrol-Troop B,1570838400000,190597491,3,0,2,1,Personal Injury,MARION,NON-CITY OR UNINCORPORATED,B,2,2,0,385,0.07,B ,S ,CRD 199,CRD 146A,Daylight,Motor Vehicle in Transport,1,60,Sat     ,0,0,0,0,1,0,1,0,0,0,0,0,0,0,0,1,0,0,0,0,1,0,0,1,0,39.81128,-91.81261,0,10/12/2019,11:30:00,VEHICLE 1 WAS ROUNDING A CORNER AND COLLIDED HEAD-ON WITH VEHICLE 2.
955263,3190027137,Missouri State Highway Patrol-Troop D,1570838400000,190597576,3,0,3,0,Personal Injury,GREENE,NON-CITY OR UNINCORPORATED,D,2,2,0,137,0.03,B ,N,RT FF,RP 256804,Daylight,Motor Vehicle in Transport,1,64,Sat     ,0,0,0,0,0,1,1,0,0,1,0,0,0,0,0,1,0,0,0,0,0,0,0,0,0,37.15218,-93.36284,0,10/12/2019,12:15:00,VEHICLE #1 TRAVELED INTO PATH OF VEHICLE #2 AND WAS STRUCK.
955262,3190027132,Missouri State Highway Patrol-Troop D,1570838400000,190597785,1,0,1,0,Personal Injury,GREENE,NON-CITY OR UNINCORPORATED,D,1,1,0,200,0.04,A ,S ,US 65,ERM SOUTH US 65 MILE 604,Daylight,Animal,1,,Sat     ,0,0,0,0,0,0,1,0,0,0,0,0,0,0,0,0,0,0,0,0,0,0,0,0,0,37.32242,-93.16831,0,10/12/2019,14:00:00,CRASH OCCURRED AS VEHICLE # 1 STRUCK A DEER
1302281,3190027721,Missouri State Highway Patrol-Troop C,1570838400000,190597802,1,0,1,0,Personal Injury,WASHINGTON,NON-CITY OR UNINCORPORATED,C,1,1,0,1584,0.3,B ,W ,RT C,BRIDGE A4401,Daylight,Fixed Object,2,,Sat     ,0,0,0,0,1,0,0,1,1,0,0,0,0,0,0,1,0,0,0,0,0,1,0,0,0,37.78145,-91.01354,0,10/12/2019,14:09:00,VEHICLE 1 TRAVELED OFF THE LEFT SIDE OF THE ROADWAY AND OVERTURNED.
831998,3190028082,Missouri State Highway Patrol-Troop A,1570838400000,190597828,2,0,2,0,Personal Injury,SALINE,NON-CITY OR UNINCORPORATED,A,1,1,0,25,0,A ,W ,IS 70,ERM WEST IS 70 MILE 744,Daylight,Fixed Object,2,,Sat     ,0,0,0,0,0,0,0,0,0,0,0,0,0,0,0,1,0,0,0,0,0,0,0,0,0,38.97174,-93.27633,0,10/12/2019,14:19:00,"CRASH OCCURRED AS VEHICLE #1 SWERVED TO THE RIGHT TO AVOID STRIKING ANOTHER VEHICLE WHO SWERVED INTO THEIR LANE TO AVOID HITTING A DEAD DEER THAT WAS IN THE ROAD.  DRIVER #1 LOST CONTROL, SWERVED BACK TO THE LEFT AND THEN OVERCORRECTED, CAUSING THE VEHICLE TO TRAVEL OFF THE RIGHT SIDE OF THE ROAD AND UP A HILL.  VEHICLE #1 CONTINUED ACROSS THE NORTH OUTER ROAD, BEFORE COMING TO REST NEAR THE 74.2 74.2 MILE MARKER.  ASSISTED BY CPL. N.A. PEREZ /1426/ AND TPR. M.J. OWENS /488/"
939605,3190027220,Missouri State Highway Patrol-Troop D,1570838400000,190597887,1,0,1,0,Personal Injury,CHRISTIAN,NON-CITY OR UNINCORPORATED,D,2,2,0,22,0,B ,S ,MO 125,CRD ANDREWS RD,Daylight,Motor Vehicle in Transport,1,61,Sat     ,0,0,0,0,0,0,0,1,0,0,0,0,0,0,0,0,0,0,0,0,0,0,0,0,0,36.98446,-93.04645,0,10/12/2019,14:52:00,VEHICLE #1 SKIDDED AND STRUCK VEHICLE #2 FROM BEHIND.
971285,3190028122,Missouri State Highway Patrol-Troop D,1570838400000,190598035,1,0,1,0,Personal Injury,BARRY,NON-CITY OR UNINCORPORATED,D,2,2,0,0,0,AT,S ,MO 39,CRD 2000,Daylight,Motor Vehicle in Transport,1,64,Sat     ,0,0,0,0,0,0,0,1,0,0,0,1,0,0,0,1,0,0,0,0,1,0,0,1,0,36.92563,-93.71913,0,10/12/2019,16:20:00,NBR 1 FAILED TO YIELD AND PULLED INTO THE PATH OF NBR 2.  NBR 2 STRUCK NBR 1.
1300806,3190032740,Missouri State Highway Patrol-Troop C,1570838400000,190598218,3,0,1,2,Personal Injury,ST. CHARLES,WEST ALTON,C,3,3,0,0,0,AT,N,MO 67,CRD RIVERLANDS WAY,Daylight,Motor Vehicle in Transport,1,64,Sat     ,1,0,0,0,0,0,0,1,1,0,0,1,0,0,0,1,0,0,0,0,1,1,0,1,0,38.87552,-90.19316,0,10/12/2019,17:50:00,VEHICLE 1 FAILED TO STOP FOR A STOP SIGN. VEHICLE 1 STRUCK THE PASSENGER SIDE OF VEHICLE 2. VEHICLE 2 TRAVELED OFF THE RIGHT SIDE OF THE ROADWAY AND STRUCK VEHICLE 3. ASSISTED BY MSGT J. R. DIFFEE (496) AND TPR. L. A. DEZNER (660)
1241335,3190027762,Missouri State Highway Patrol-Troop C,1570838400000,190598244,1,0,1,0,Personal Injury,JEFFERSON,NON-CITY OR UNINCORPORATED,C,2,2,0,40,0.01,B ,S ,MO 21,CRD VINELAND SCHOOL RD,Daylight,Motor Vehicle in Transport,1,61,Sat     ,0,0,0,0,0,0,0,0,0,0,0,0,0,0,0,0,0,0,0,0,1,0,0,1,0,38.12468,-90.58314,0,10/12/2019,18:05:00,VEHICLE 1 WAS STOPPED PREPARING TO MAKE A LEFT TURN.  VEHICLE 2 FAILED TO YIELD TO VEHICLE 1 CAUSING THE FRONT OF VEHICLE 2 TO STRIKE THE REAR OF VEHICLE 1.
1241336,3190028939,Missouri State Highway Patrol-Troop C,1570838400000,190598285,1,0,1,0,Personal Injury,JEFFERSON,NON-CITY OR UNINCORPORATED,C,2,2,0,0,0,AT,N,RT E,CRD HARDIN RD,Dark-Unlighted,Motor Vehicle in Transport,1,64,Sat     ,0,0,0,0,0,0,0,0,0,0,0,1,0,0,0,1,0,0,0,0,1,0,0,1,1,38.0121,-90.5689,0,10/12/2019,18:30:00,VEHICLE #1 WAS NORTHBOUND ON ROUTE E. VEHICLE #2 WAS STOPPED AT A STOP SIGN WESTBOUND ON HARDIN ROAD.  VEHICLE #2 BEGAN TO TURN LEFT ONTO ROUTE E.  THE FRONT OF VEHICLE 2 STRUCK THE FRONT RIGHT SIDE OF VEHICLE #1'S TOWED UNIT.
1038342,3190027275,Missouri State Highway Patrol-Troop I,1570838400000,190598294,1,0,1,0,Personal Injury,MARIES,NON-CITY OR UNINCORPORATED,I,2,2,0,211,0.04,A ,S ,US 63,CRD 471,Dark-Unlighted,Motor Vehicle in Transport,1,64,Sat     ,0,0,0,0,0,0,0,0,0,0,0,0,0,0,0,0,0,0,0,0,0,0,0,0,0,38.08347,-91.76525,0,10/12/2019,18:40:00,CRASH OCCURRED AS VEHICLE 1 ATTEMPTED TO TURN AROUND AND WAS STRUCK BY VEHICLE  2. ASSISTED BY MSGT S.D. ALTERMATT (158)
1168158,3190028439,Missouri State Highway Patrol-Troop F,1570924800000,190598303,1,0,0,1,Personal Injury,MILLER,NON-CITY OR UNINCORPORATED,F,1,1,0,1747,0.33,B ,S ,MO 17,CRD BRUSHY FORK RD,Dark-Unlighted,Fixed Object,2,,Sun     ,1,0,0,0,0,0,0,0,0,0,0,0,0,0,0,0,0,0,0,0,1,0,0,1,0,38.16458,-92.37731,0,10/13/2019,18:40:00,"OCCURRED AS VEHICLE 1 TRAVELED OFF THE RIGHT SIDE OF THE ROADWAY. DRIVER 1 OVERCORRECTED, AND VEHICLE 1 TRAVELED OFF THE LEFT SIDE OF THE ROADWAY, STRUCK AN EMBANKMENT AND OVERTURNED. DRIVER 1 WAS EJECTED FROM THE VEHICLE."
1209001,3190027444,Missouri State Highway Patrol-Troop F,1570838400000,190598311,1,0,0,1,Personal Injury,MONTGOMERY,NON-CITY OR UNINCORPORATED,F,1,1,0,2027,0.38,A ,W ,MO 94,CRD STUDENKEMPER RD,Dark-Unlighted,Fixed Object,2,,Sat     ,1,0,0,0,0,0,0,0,0,0,0,0,0,0,0,1,0,0,0,0,0,0,0,0,0,38.72778,-91.47216,0,10/12/2019,18:50:00,"VEHICLE 1 TRAVELED OFF THE RIGHT SIDE OF THE ROADWAY, STRUCK AN EMBANKMENT AND OVERTURNED. ASSISTED BY THE MONTGOMERY COUNTY SHERIFF'S OFFICE."
1328795,3190028039,Missouri State Highway Patrol-Troop G,1570838400000,190598599,0,1,0,0,Fatal,OREGON,NON-CITY OR UNINCORPORATED,G,1,1,0,1166,0.22,B ,S ,RT M,BRIDGE T0432,Dark-Unlighted,Fixed Object,2,,Sat     ,0,0,0,0,1,1,1,0,0,0,0,0,0,0,0,1,0,0,0,0,1,0,0,1,0,36.67779,-91.62878,1,10/12/2019,21:20:00,"LATE DEATH REPORT - ACCIDENT OCCURRED AS VEHICLE TRAVELED OFF OF LEFT SIDE OF ROADWAY AND STRUCK A TREE, EJECTING THE DRIVER. THE DRIVER WAS PRONOUNCED DEAD AT COX MEDICAL CENTER SOUTH IN SPRINGFIELD, MO ON 10/16/2019 AT 2113 HOURS BY DR. GARY MARKLIN.  NEXT OF KIN NOTIFIED. THIS IS TROOP G FATALITY NUMBER 36 FOR 2019 COMPARED TO 34 AT THIS TIME IN 2018."
1506767,3190027141,Missouri State Highway Patrol-Troop H,1570838400000,190598626,2,0,2,0,Personal Injury,DEKALB,NON-CITY OR UNINCORPORATED,H,1,1,0,220,0.04,B ,W ,US 36,BRIDGE A1594,Dark-Unlighted,Animal,1,,Sat     ,0,0,0,0,0,0,0,1,0,0,0,0,0,0,0,0,0,0,0,0,0,0,0,0,0,39.75499,-94.31521,0,10/12/2019,21:40:00,CRASH OCCURRED AS VEH #1 WAS TRAVELING WESTBOUND ON US-36 IN DEKALB COUNTY WHEN A DEER ENTERED THE ROADWAY IN ITS PATH. VEH #1 COLLIDED WITH THE DEER. VEH #1 CAME TO REST ON ITS WHEELS FACING WEST ON US-36 WESTBOUND.
1021330,3190027681,Missouri State Highway Patrol-Troop D,1570838400000,190598842,1,0,1,0,Personal Injury,DALLAS,NON-CITY OR UNINCORPORATED,D,1,1,0,131,0.02,A ,W ,RT D,BRIDGE A3036,Dark-Unlighted,Animal,1,,Sat     ,0,0,0,0,0,1,1,0,0,0,0,0,0,0,0,0,0,0,0,0,0,0,0,0,0,37.85149,-93.07138,0,10/12/2019,23:25:00,OCCURRED AS VEH1 STRUCK A DEER.
1111190,3190027456,Missouri State Highway Patrol-Troop E,1570924800000,190599033,1,0,1,0,Personal Injury,DUNKLIN,NON-CITY OR UNINCORPORATED,E,2,2,Y,1378,0.26,A ,S ,RT NN,CRD 488,Dark-Unlighted,Motor Vehicle in Transport,1,60,Sun     ,0,0,0,0,0,1,1,0,0,0,0,0,0,0,0,1,0,0,0,0,0,0,0,0,0,36.04148,-89.95921,0,10/13/2019,02:08:00,CRASH OCCURRED AS VEHICLE ONE CROSSED CENTER OF ROADWAY STRIKING VEHICLE TWO HEAD ON
798536,3190027566,Missouri State Highway Patrol-Troop A,1570924800000,190599054,1,0,1,0,Personal Injury,JACKSON,GRAIN VALLEY,A,2,2,0,132,0.02,B ,W ,IS 70,ERM WEST IS 70 MILE 232,Dark-Unlighted,Motor Vehicle in Transport,1,61,Sun     ,1,0,0,0,0,0,0,0,0,0,0,0,0,0,0,1,0,0,0,0,0,0,0,0,0,39.02415,-94.22015,0,10/13/2019,03:01:00,CRASH OCCURRED AS VEHICLE 2 CAME TO A STOP IN THE LEFT LANE. VEHICLE 1 STRUCK THE REAR OF VEHICLE 2. BOTH VEHICLES TRAVELED OFF THE RIGHT SIDE OF THE ROADWAY AND STRUCK THE EMBANKMENT. ASSISTED BY TPR B. W. MONTGOMERY /1348/ AND JACKSON COUNTY DEPUTIES.
965248,3190027700,Missouri State Highway Patrol-Troop D,1570924800000,190599083,2,0,2,0,Personal Injury,BARTON,NON-CITY OR UNINCORPORATED,D,1,1,Y,52,0.01,A ,W ,MO 126,RP 988730,Dark-Unlighted,Fixed Object,2,,Sun     ,0,0,0,0,1,,,,,0,0,1,0,0,0,1,0,0,0,0,0,0,0,0,0,37.39847,-94.29903,0,10/13/2019,05:19:00,"ACCIDENT OCCURRED AS NBR 1 WAS ATTEMPTING TO MAKE A LEFT TURN, BEGAN TO SKID AND STRUCK A GUARDRAIL."
1210604,3190027592,Missouri State Highway Patrol-Troop F,1570924800000,190599116,1,0,1,0,Personal Injury,COLE,NON-CITY OR UNINCORPORATED,F,1,1,0,881,0.17,A ,E ,US 54,CRD CASSIDY RD,Daylight,Fixed Object,2,,Sun     ,0,0,0,0,0,0,1,0,0,0,0,0,0,0,0,0,1,1,0,0,0,0,0,0,0,38.48685,-92.27111,0,10/13/2019,06:38:00,CRASH OCCURRED AS VEHICLE 1 TRAVELED OFF THE LEFT SIDE OF THE ROADWAY. DRIVER 1 OVER CORRECTED CAUSING VEHICLE 1 TO GO OFF THE RIGHT SIDE OF THE ROADWAY AND IMPACT A GUARDRAIL.
1114174,3190027541,Missouri State Highway Patrol-Troop E,1570924800000,190599217,1,0,1,0,Personal Injury,CAPE GIRARDEAU,NON-CITY OR UNINCORPORATED,E,1,1,0,528,0.1,B ,E ,CRD 643,PVT CROSS PURPOSE RD,Daylight,Fixed Object,2,,Sun     ,0,0,0,0,0,0,0,0,0,0,0,0,0,0,0,1,0,0,0,0,1,0,0,1,0,37.34592,-89.51767,0,10/13/2019,08:20:00,"CRASH OCCURRED AS VEHICLE ONE TRAVELED OFF THE LEFT SIDE OF THE ROADWAY, STRUCK A TREE, AND CAME TO REST IN A CREEK BED"