objectid,accident,agency,inv_date,complaint,injured,killed,min_inj,dis_inj,severity,county,city,troop,no_vehicle,motor_veh,left_scene,dist_feet,dist_mile,inter_loc,direction,on_street,at_street,light_cond,acc_type,on_off_rd,two_veh,day_week,dr_drink,dr_drug,ped_drink,ped_drug,speed,dr_under21,dr_under25,dr_over55,dr_over64,electrical,emer_veh,stop_sign,yield_sign,czone,hazmat,aggressive,cell_phone,texting,veh_defect,school_bus,truck,motorcycle,atv,pickup,cmv,gps_lat,gps_long,severity_fatal,acc_date,acc_time,narrative
1188458,3190029975,Missouri State Highway Patrol-Troop B,1570924800000,190599225,1,0,1,0,Personal Injury,ADAIR,NON-CITY OR UNINCORPORATED,B,1,1,Y,269,0.05,B ,S ,US 63,CRD DAVID HALL TRAIL,Dark-Unlighted,Fixed Object,2,,Sun     ,0,1,0,0,0,0,1,0,0,0,0,0,0,0,0,0,0,0,0,0,0,0,0,0,0,0,0,0,10/13/2019,06:45:00,"DRIVER OF VEHICLE 1 SWERVED TO AVOID A VEHICLE THAT WAS IN THE LEFT LANE, RAN OFF THE ROAD AND STRUCK A HIGHWAY SIGN."
1283461,3190032272,Missouri State Highway Patrol-Troop C,1570924800000,190599254,2,0,1,1,Personal Injury,ST. FRANCOIS,NON-CITY OR UNINCORPORATED,C,2,2,0,36,0.01,A ,W ,CRD FLAT RIVER RD,CST TOWN AND COUNTRY TRAILER P,Daylight,Motor Vehicle in Transport,1,60,Sun     ,0,1,0,0,0,0,0,1,1,0,0,0,0,0,0,1,0,0,0,0,0,0,0,0,0,37.81635,-90.45036,0,10/13/2019,08:42:00,VEHICLE 1 CROSSED THE CENTER LINE AND STRUCK VEHICLE 2.  ASSISTED BY FTO TPR K.L. ELLEDGE (396) AND TPR Z.S. PRESTON (503)
1031148,3190027653,Missouri State Highway Patrol-Troop I,1570924800000,190599259,1,0,1,0,Personal Injury,PULASKI,NON-CITY OR UNINCORPORATED,I,1,1,0,258,0.05,A ,S ,CRD HARTFORD RD,CRD HASSLER DR,Daylight,Fixed Object,2,,Sun     ,0,0,0,0,0,0,1,0,0,0,0,0,0,0,0,0,0,0,0,0,0,0,0,0,0,37.86772,-92.07665,0,10/13/2019,08:50:00,CRASH OCCURRED AS VEHICLE 1 TRAVELED OFF THE LEFT SIDE OF ROADWAY AND STRUCK AN EMBANKMENT. ASSISTED BY MSGT A N FULKERSON (697)
1111192,3190027483,Missouri State Highway Patrol-Troop E,1570924800000,190599277,1,0,1,0,Personal Injury,DUNKLIN,NON-CITY OR UNINCORPORATED,E,1,1,0,0,0,AT,S ,CRD 551,CRD 508,Daylight,Overturn,1,,Sun     ,0,0,0,0,1,0,0,0,0,0,0,1,0,0,0,1,0,0,0,0,0,0,1,0,0,36.21099,-90.05124,0,10/13/2019,09:00:00,"CRASH OCCURRED AS VEHICLE ONE FAILED TO STOP AT A STOP SIGN, AND OVERTURNED IN THE ROADWAY."
1142521,3190027850,Missouri State Highway Patrol-Troop E,1570924800000,190599279,1,0,1,0,Personal Injury,BUTLER,NON-CITY OR UNINCORPORATED,E,2,2,0,1779,0.34,B ,S ,US 67,BRIDGE K0983,Daylight,Motor Vehicle in Transport,1,61,Sun     ,0,0,0,0,0,0,0,1,0,0,0,0,0,0,0,1,0,0,0,0,0,0,0,0,1,36.56737,-90.52089,0,10/13/2019,09:00:00,CRASH OCCURRED AS VEHICLE 2 WAS SLOWING IN TRAFFIC AND WAS STRUCK IN THE REAR BY VEHICLE 1
1198737,3190027257,Missouri State Highway Patrol-Troop F,1570924800000,190599350,1,0,1,0,Personal Injury,CAMDEN,NON-CITY OR UNINCORPORATED,F,2,2,0,200,0.04,B ,W ,US 54,CRD OLD MORGAN RD,Daylight,Motor Vehicle in Transport,1,61,Sun     ,0,0,0,0,0,1,1,0,0,0,0,0,0,0,0,1,0,0,0,0,0,0,0,0,0,37.99069,-92.83354,0,10/13/2019,09:40:00,CRASH OCCURRED AS VEHICLE 1 WAS SLOWING AND WAS STRUCK IN THE REAR BY VEHICLE 2.`
1204447,3190027253,Missouri State Highway Patrol-Troop C,1570924800000,190599411,0,1,0,0,Fatal,PERRY,NON-CITY OR UNINCORPORATED,C,1,1,0,3168,0.6,A ,N,RT B,CRD 512,Daylight,Fixed Object,2,,Sun     ,0,0,0,0,1,0,0,0,0,0,0,0,0,0,0,1,0,0,0,0,1,0,0,1,0,37.65223,-89.83441,1,10/13/2019,09:50:00,"FATAL CRASH - VEHICLE ONE WAS TRAVELING NORTHBOUND ON ROUTE B AND TRAVELED OFF THE LEFT SIDE OF THE ROADWAY.  VEHICLE ONE THEN RETURNED TO THE ROADWAY AND BEGAN SLIDING.  VEHICLE ONE CROSSED THE CENTER LINE SEVERAL TIMES, BEFORE RUNNING OFF THE LEFT SIDE OF THE ROADWAY.  VEHICLE ONE OVERTURNED, CAUSING DRIVER ONE TO BE EJECTED. PRONOUNCED AT 1030 HOURS BY DR. SALMONS. ASSISTED BY MSGT. W. B. SEVIER (1229) AND TPR. D. M. WYATT (1109)"
1193997,3190027912,Missouri State Highway Patrol-Troop B,1570924800000,190599421,2,0,2,0,Personal Injury,RALLS,NON-CITY OR UNINCORPORATED,B,1,1,0,401,0.08,B ,N,RT H,CRD WEBSTER LANE,Daylight,Fixed Object,2,,Sun     ,0,0,0,0,0,0,0,1,1,0,0,0,0,0,0,0,0,0,0,0,0,0,0,0,0,39.58339,-91.5393,0,10/13/2019,10:15:00,"VEHICLE 1 SOUTHBOUND ON HIGHWAY H ATTEMPTED TO PASS ANOTHER VEHICLE AND DROVE OFF THE EAST SIDE OF THE ROAD, STRUCK AN EMBANKMENT  OVERTURNED  COMING TO REST ON ITS WHEELS"
995551,3190027528,Missouri State Highway Patrol-Troop D,1570924800000,190599719,1,0,0,1,Personal Injury,STONE,NON-CITY OR UNINCORPORATED,D,1,1,0,1177,0.22,A ,W ,MO 248,PVT ROARK RIDGE RD,Daylight,Fixed Object,2,,Sun     ,0,0,0,0,0,0,0,0,0,0,0,0,0,0,0,0,0,0,0,0,0,1,0,0,0,36.75493,-93.32144,0,10/13/2019,13:04:00,VEHICLE 1 RAN OFF RIGHT SIDE OF ROADWAY AND STRUCK A SIGN AND A FENCE.
1253032,3190027985,Missouri State Highway Patrol-Troop C,1570924800000,190599820,1,0,1,0,Personal Injury,FRANKLIN,NON-CITY OR UNINCORPORATED,C,1,1,0,997,0.19,B ,E ,CRD BLUFF ROAD,CST BLUFF ROAD,Daylight,Fixed Object,2,,Sun     ,0,0,0,0,1,1,1,0,0,0,0,0,0,0,0,1,0,0,0,0,0,0,0,0,0,38.575,-91.0636,0,10/13/2019,13:55:00,DRIVER #1 FAILED TO NEGOTIATE A CURVE IN THE ROADWAY CAUSING VEHICLE #1 TO TRAVEL OFF THE SOUTH SIDE OF THE ROADSIDE STRIKING AN EMBANKMENT.
840541,3190028569,Missouri State Highway Patrol-Troop A,1570924800000,190599965,1,0,0,1,Personal Injury,LAFAYETTE,NON-CITY OR UNINCORPORATED,A,1,1,0,0,0,AT,W ,US 24,MO 131 EJ,Daylight,Overturn,1,,Sun     ,0,0,0,0,1,0,0,0,0,0,0,0,1,0,0,1,0,0,0,0,0,1,0,0,0,39.12237,-93.98272,0,10/13/2019,15:00:00,"CRASH OCCURRED AS VEHICLE 1 WAS TRAVELING WEST ON US 24. DRIVER 1 FAILED TO NEGOTIATE A CURVE CAUSING VEHICLE 1 TO OVERTURN, EJECTING OCCUPANTS.  ASSISTED BY WELLINGTON FIRE AND EMS, AND LAFAYETTE COUNTY SHERIFF'S DEPARTMENT."
1193998,3190028120,Missouri State Highway Patrol-Troop B,1570924800000,190600079,1,0,0,1,Personal Injury,RALLS,NON-CITY OR UNINCORPORATED,B,2,2,0,279,0.05,B ,E ,US 54,CRD LONGSPUR RD,Daylight,Motor Vehicle in Transport,1,61,Sun     ,0,0,0,0,0,0,0,0,0,0,0,0,0,0,0,1,0,0,0,0,0,0,0,0,1,39.32059,-91.46174,0,10/13/2019,16:16:00,"VEHICLE 2 WAS TRAVELING EASTBOUND ON US 54, VEHICLE 2 SLOWED TO MAKE A TURN AND WAS STRUCK IN THE REAR BY EASTBOUND  VEHICLE 1.."
1333511,3190027607,Missouri State Highway Patrol-Troop G,1570924800000,190600181,1,0,1,0,Personal Injury,CARTER,NON-CITY OR UNINCORPORATED,G,1,1,0,121,0.02,B ,S ,MO 21,CRD 306,Daylight,Fixed Object,2,,Sun     ,0,0,0,0,0,1,1,0,0,0,0,0,0,0,0,0,0,0,0,0,0,0,0,0,0,37.04665,-90.91068,0,10/13/2019,17:12:00,"VEH #1 SWERVED TO MISS A DEER AND TRAVELED OFF THE ROADWAY, STRIKING SEVERAL TREES AND A STOP SIGN BEFORE COMING TO FINAL REST OFF THE ROADWAY.  ASSISTED BY TPR. C. C. MCCOY #1338."
822819,3190029248,Missouri State Highway Patrol-Troop A,1570924800000,190600277,1,0,1,0,Personal Injury,BENTON,NON-CITY OR UNINCORPORATED,A,1,1,0,543,0.1,B ,W ,RT V,RT M,Daylight,Fixed Object,2,,Sun     ,1,1,0,0,1,0,0,0,0,0,0,0,0,0,0,1,0,0,0,0,1,0,0,1,0,38.20744,-93.21817,0,10/13/2019,17:55:00,OCCURRED AS VEH1 TRAVELED OFF ROADWAY AND STRUCK A ROAD SIGN. VEH1 THEN STRUCK A TREE. ASSISTED BY BENTON COUNTY DEPUTIES
885847,3190027549,Missouri State Highway Patrol-Troop A,1570924800000,190600307,1,0,1,0,Personal Injury,CASS,FREEMAN,A,1,1,0,15,0,A ,E ,CST MAIN CST,CST ADAMS CST,Daylight,Pedestrian,1,,Sun     ,0,0,0,0,0,1,1,0,0,0,0,0,0,0,0,0,0,0,0,0,1,0,0,1,0,38.61738,-94.5043,0,10/13/2019,18:10:00,CRASH OCCURRED AS TRUCK WAS STOPPED STATIONARY IN THE ROAD AND PEDESTRIAN RAN INTO THE TRUCK.
1505851,3190027729,Missouri State Highway Patrol-Troop H,1570924800000,190600326,1,0,1,0,Personal Injury,BUCHANAN,ST JOSEPH,H,1,1,0,645,0.12,A ,N,IS 29,ERM NORTH IS 29 MILE 452,Daylight,Pedestrian,2,,Sun     ,0,0,0,0,0,0,0,0,0,0,0,0,0,0,0,1,0,0,0,0,0,0,0,0,0,39.73876,-94.78859,0,10/13/2019,18:35:00,"CRASH OCCURRED AS VEH #1 WAS TRAVELING NORTHBOUND ON I-29 IN BUCHANAN COUNTY AND PED #1 WAS WALKING ON THE SHOULDER OF NORTHBOUND I-29. DVR #1 FAILED TO MAINTAIN THE LANE AND VEH #1 TRAVELED OFF THE EAST SIDE OF THE ROADWAY, STRIKING PED #1 WITH ITS PASSENGER SIDE MIRROR. VEH #1 CAME TO A CONTROLLED STOP FACING NORTH ON THE SHOULDER OF NORTHBOUND I-29."
1503207,3190028174,Missouri State Highway Patrol-Troop H,1570924800000,190600366,2,0,1,1,Personal Injury,ATCHISON,NON-CITY OR UNINCORPORATED,H,1,1,0,1056,0.2,B ,N,CRD P AVE,CRD 285 ST,Daylight,Fixed Object,2,,Sun     ,0,0,0,0,0,0,0,0,0,0,0,0,0,0,0,1,0,0,0,0,0,0,0,0,0,40.30391,-95.38871,0,10/13/2019,18:36:00,"CRASH OCCURRED AS VEH #1 WAS TRAVELING NORTHBOUND ON P AVE IN ATHCISON COUNTY. VEH #1 BEGAN SLIDING. VEH #1 SLID OFF THE EAST SIDE OF P AVE AND STRUCK AN EMBANKMENT. VEH #1 OVERTURNED ONTO ITS DRIVER?S SIDE, AND SLID BACK ONTO THE ROADWAY. VEH #1 CAME TO REST ON ITS DRIVER?S SIDE FACING NORTH ON P AVE. ASSISTED BY TPR V.P. WILEY (692), ATCHISON COUNTY SHERIFF?S OFFICE, AND ATCHISON-HOLT AMBULANCE DISTRICT."
995549,3190028234,Missouri State Highway Patrol-Troop D,1571011200000,190600663,1,0,1,0,Personal Injury,STONE,NON-CITY OR UNINCORPORATED,D,2,2,0,2085,0.39,A ,W ,MO 86,CRD WASHINGTON RD,Dark-Unlighted,Motor Vehicle in Transport,1,64,Mon     ,0,0,0,0,0,0,0,0,0,0,0,0,0,0,0,1,0,0,0,0,0,0,0,0,1,36.50747,-93.55053,0,10/14/2019,00:55:00,DRIVER OF VEHICLE 1 FELL ASLEEP CROSSED THE CENTER LINE AND STRUCK VEHICLE 2.
1316440,3190027962,Missouri State Highway Patrol-Troop C,1571011200000,190600682,1,0,1,0,Personal Injury,ST. LOUIS,NON-CITY OR UNINCORPORATED,C,1,1,0,248,0.05,A ,W ,IS 44,ERM WEST IS 44 MILE 2782,Dark-Unlighted,Animal,1,,Mon     ,0,0,0,0,0,0,0,1,0,0,0,0,0,0,0,0,0,0,0,0,0,0,0,0,0,38.56025,-90.40169,0,10/14/2019,02:05:00,VEHICLE 1 STRUCK A DEER IN THE ROADWAY
1253036,3190028897,Missouri State Highway Patrol-Troop C,1571011200000,190600688,0,1,0,0,Fatal,FRANKLIN,NON-CITY OR UNINCORPORATED,C,1,1,0,258,0.05,A ,E ,MO 30,CRD FAIRVIEW CHURCH RD,Dark-Unlighted,Fixed Object,2,,Mon     ,0,0,0,0,0,0,0,0,0,0,0,0,0,0,0,0,0,0,0,0,0,0,0,0,0,38.30647,-90.77927,1,10/14/2019,02:53:00,"FATALITY REPORT - VEHICLE 1 WAS TRAVELING EASTBOUND ON MO 30.   VEHICLE 1 TRAVELED OFF THE RIGHT SIDE OF THE ROAD, DOWN A STEEP EMBANKMENT, AND STRUCK A UTILITY POLE. VEHICLE 1 SPUN AROUND AND RAN BACKWARDS INTO A TREE.   PRONOUNCED BY ST CLAIR EMS PERSONNEL AT 0302 HOURS  ON 10/14/2019."
1227468,3190031197,Missouri State Highway Patrol-Troop C,1571011200000,190600693,3,0,2,1,Personal Injury,ST. LOUIS,BRIDGETON,C,2,2,0,84,0.02,A ,E ,IS 270,BRIDGE A0170,Dark-Unlighted,Motor Vehicle in Transport,1,61,Mon     ,0,0,0,0,0,0,0,1,0,0,0,0,0,0,0,0,0,0,0,0,0,0,0,0,0,38.77144,-90.40309,0,10/14/2019,03:45:00,VEHICLE #2 BECAME DISABLED BLOCKING THE RIGHT LANE.  THE FRONT OF VEHICLE #1 STRUCK THE REAR OF VEHICLE #2.  VEHICLE #2 WAS PUSHED INTO THE CENTER LANE.
1227454,3190031200,Missouri State Highway Patrol-Troop C,1571011200000,190600725,3,0,2,1,Personal Injury,ST. LOUIS,BRIDGETON,C,2,2,0,84,0.02,A ,E ,IS 270,BRIDGE A0170,Dark-Unlighted,Motor Vehicle in Transport,1,64,Mon     ,0,0,0,0,0,0,0,0,0,0,0,0,0,0,0,0,0,0,0,0,0,0,0,0,0,38.77144,-90.40309,0,10/14/2019,03:45:00,VEHICLE #2 WAS INVOLVED IN A PREVIOUS CRASH AND WAS DISABLED IN THE CENTER LANE OF NORTHBOUND INTERSTATE 270.  THE FRONT OF VEHICLE #1 STRUCK THE RIGHT FRONT PASSENGER SIDE OF VEHICLE #2.
1502958,3190027278,Missouri State Highway Patrol-Troop H,1571011200000,190600968,2,0,2,0,Personal Injury,CALDWELL,POLO,H,2,2,0,1330,0.25,A ,W ,MO 116,CST ELM ST WJ,Daylight,Motor Vehicle in Transport,1,61,Mon     ,0,0,0,0,0,1,1,0,0,0,0,0,0,0,0,1,0,0,0,0,1,0,0,1,0,39.5543,-94.04434,0,10/14/2019,09:10:00,"ACCIDENT OCCURRED AS VEH #1 AND VEH #2 WERE WESTBOUND ON MO116. VEH #2 WAS STOPPED TO TURN INTO A BUSINESS PARKING LOT AND VEH #1 STRUCK VEH #2 IN THE REAR. VEH #1 CAME TO REST ON ITS OFF THE NORTH SIDE OF THE ROADWAY. VEH #2 CAME TO REST ON ITS WHEELS IN THE DITCH OFF THE SOUTH SIDE OF THE ROADWAY. ASSISTED BY CPL D.A. LANDI (684), CALDWELL COUNTY SHERIFF'S DEPARTMENT, AND POLO FIRE DEPARTMENT."
1179808,3190027852,Missouri State Highway Patrol-Troop B,1571011200000,190601009,1,0,1,0,Personal Injury,CHARITON,NON-CITY OR UNINCORPORATED,B,1,1,0,29,0.01,A ,W ,US 24,RT J,Daylight,Fixed Object,2,,Mon     ,0,0,0,0,0,0,1,0,0,0,0,0,0,0,0,1,0,0,0,0,0,0,0,0,0,39.43572,-92.98635,0,10/14/2019,09:30:00,"VEHICLE  1 RAN OFF THE LEFT SIDE OF THE ROADWAY, STRUCK THE GROUND AND OVERTURNED"
925675,3190027894,Missouri State Highway Patrol-Troop D,1571011200000,190601141,1,0,1,0,Personal Injury,MCDONALD,NON-CITY OR UNINCORPORATED,D,3,3,0,52,0.01,B ,N,MO 43,BRIDGE B0421,Daylight,Motor Vehicle in Transport,1,62,Mon     ,0,1,0,0,0,0,0,0,0,0,0,0,0,0,0,1,0,0,0,0,1,0,0,1,0,36.66024,-94.57514,0,10/14/2019,10:35:00,ACCIDENT OCCURRED AS NBR 1 CROSSED CENTER LINE AND STRUCK NBR 2. NBR  1 CONTINUED ON AND STRUCK NBR 3.
1502224,3190027720,Missouri State Highway Patrol-Troop H,1571011200000,190601192,2,0,2,0,Personal Injury,ANDREW,NON-CITY OR UNINCORPORATED,H,2,2,0,58,0.01,B ,N,US 169,CRD 354,Daylight,Motor Vehicle in Transport,1,61,Mon     ,0,0,0,0,0,0,0,1,1,0,0,0,0,0,0,1,0,0,0,0,0,0,0,0,0,39.84313,-94.79203,0,10/14/2019,11:00:00,CRASH OCCURRED AS VEH 1 WAS NORTHBOUND ON US 169 IN ANDREW COUNTY. VEH 2 WAS STOPPED IN TRAFFIC AND DRV 1 FAILED TO STOP FOR VEH 2 AND STRUCK VEH 2 IN THE REAR WITH THE FRONT OF VEH 1. VEH 2 WAS DRIVEN TO A CONTROLLED STOP AND VEH 1 CAME TO REST IN THE NORTHBOUND LANE OF US 169.  ASSISTED BY TPR. T. A. PIERSON (1235) AND ANDREW COUNTY SHERIFF'S DEPARTMENT.
1316476,3190028237,Missouri State Highway Patrol-Troop C,1571011200000,190601260,1,0,1,0,Personal Injury,ST. LOUIS,NON-CITY OR UNINCORPORATED,C,3,3,0,200,0.04,B ,W ,IS 270,ERM WEST IS 270 MILE 296,Daylight,Motor Vehicle in Transport,1,61,Mon     ,0,0,0,0,0,0,1,0,0,0,0,0,0,0,0,0,0,0,0,0,0,0,0,0,0,38.7713,-90.28003,0,10/14/2019,11:46:00,VEHICLES 1 AND 2 WERE STOPPED IN LANE 1.  VEHICLE 3 STRUCK THE REAR OF VEHICLE 2.  THIS IMPACT FORCED VEHICLE 2 FORWARD INTO VEHICLE 1.
972052,3190027585,Missouri State Highway Patrol-Troop D,1571011200000,190601621,1,0,1,0,Personal Injury,CEDAR,NON-CITY OR UNINCORPORATED,D,2,2,0,50,0.01,A ,E ,MO 32,RT A,Daylight,Motor Vehicle in Transport,1,61,Mon     ,0,0,0,0,0,1,1,1,0,0,0,0,0,0,0,1,0,0,0,0,1,0,0,1,1,37.66274,-93.67671,0,10/14/2019,15:00:00,NR1 ATTEMPTED TO TURN INTO A PRIVATE DRIVEWAY AND NR2 STRUCK NR1 IN THE REAR.  *CORRECTED COPY FOR VEHICLES INVOLVED.
1318254,3190028171,Missouri State Highway Patrol-Troop G,1571011200000,190601674,4,0,4,0,Personal Injury,OZARK,NON-CITY OR UNINCORPORATED,G,2,2,0,0,0,AT,W ,CRD 584,CRD 581,Daylight,Motor Vehicle in Transport,1,60,Mon     ,0,0,0,0,1,1,1,0,0,0,0,0,0,0,0,1,0,0,0,0,0,0,0,0,0,36.51188,-92.21931,0,10/14/2019,15:25:00,ACCIDENT OCCURRED AS VEH #2 CROSSED THE CENTERLINE AND STRUCK VEH #1.
782751,3190028641,Missouri State Highway Patrol-Troop A,1571011200000,190601693,5,0,5,0,Personal Injury,PLATTE,NORTHMOOR,A,5,5,0,149,0.03,A ,N,IS 29,RP 904715,Daylight,Motor Vehicle in Transport,1,61,Mon     ,0,0,0,0,0,0,1,1,0,0,0,0,0,0,0,0,0,0,0,0,1,0,0,1,0,39.18794,-94.60221,0,10/14/2019,15:38:00,"CRASH OCCURRED AS VEHICLE #2 AND #3 SLOWED DUE TO TRAFFIC CONGESTION. VEHICLE #1 STRUCK THE REAR OF VEHICLE #2, WHICH STRUCK THE REAR OF VEHICLE #3. VEHICLE #2 SLID INTO LANE #2, CAUSING VEHICLE #4 TO STRIKE VEHICLE #2, AND VEHICLE #5 TO STRIKE VEHICLE #4. ASSISTED BY MSGT B A KUMPF /994/, CPL R J WILHOIT /1129/, TPR J M HARRISON /549/, KANSAS CITY PD, AND NORTHMOOR PD."
831997,3190028132,Missouri State Highway Patrol-Troop A,1571011200000,190601729,1,0,1,0,Personal Injury,SALINE,NON-CITY OR UNINCORPORATED,A,2,2,0,0,0,AT,N,RT EE,RP 4334,Daylight,Motor Vehicle in Transport,1,64,Mon     ,0,0,0,0,0,0,0,1,1,0,0,1,0,0,0,1,0,0,0,0,0,0,0,0,1,38.97402,-93.33164,0,10/14/2019,15:58:00,"CRASH OCCURRED AS VEH 2 WAS TRAVELING SOUTHBOUND ON ROUTE EE AND VEH 1 ATTEMPTED TO CROSS ROUTE EE, WESTBOUND. VEH 2 COLLIDED WITH THE TOWED UNITS OF VEH 1. ASSISTED BY TPR. N. A. PEREZ /1426/ AND SALINE COUNTY."
884038,3190027548,Missouri State Highway Patrol-Troop A,1571011200000,190601835,1,0,1,0,Personal Injury,BATES,NON-CITY OR UNINCORPORATED,A,1,1,0,64,0.01,B ,S ,RT BB,RT MM,Daylight,Overturn,2,,Mon     ,0,0,0,0,1,0,0,1,1,0,0,1,0,0,0,1,0,0,0,0,0,0,0,0,1,38.40426,-94.10413,0,10/14/2019,16:45:00,"OCCURRED AS VEH1 FAILED TO NEGOTIATE A T-INTERSECTION AND TRAVELED OFF THE WEST SIDE OF RT-BB BEFORE OVERTURNING. ASSISTED BY BATES COUNTY, ADRIAN FIRE, AND URICH FIRE"
1195164,3190027769,Missouri State Highway Patrol-Troop B,1571011200000,190602068,1,0,1,0,Personal Injury,LINN,NON-CITY OR UNINCORPORATED,B,1,1,0,1504,0.28,A ,W ,US 36,CRD MONACO DR,Dark-Unlighted,Animal,1,,Mon     ,0,0,0,0,0,0,0,1,0,0,0,0,0,0,0,0,0,0,0,0,0,1,0,0,0,39.76067,-92.91892,0,10/14/2019,19:10:00,VEHICLE 1 STRUCK A DEER IN THE ROADWAY AND OVERTURNED. ASSISTED BY THE LINN COUNTY SHERIFF'S DEPARTMENT AND MARCELINE FIRST RESPONDERS
1278004,3190028780,Missouri State Highway Patrol-Troop C,1571011200000,190602131,1,0,1,0,Personal Injury,ST. CHARLES,NON-CITY OR UNINCORPORATED,C,2,2,0,918,0.17,B ,W ,RT N,CO RTN TO RTZ,Dark-Unlighted,Motor Vehicle in Transport,1,61,Mon     ,0,0,0,0,0,1,1,1,1,0,0,0,0,0,0,1,0,0,0,0,0,0,0,0,0,38.77295,-90.85926,0,10/14/2019,19:58:00,RIVER 1 FOLLOWED VEHICLE 2 TOO CLOSELY.  DRIVER 2 APPLIED HER BRAKES TO TURN INTO A DRIVEWAY AND THE FRONT OF VEHICLE 1 STRUCK THE REAR OF VEHICLE 2.
1068011,3190028466,Missouri State Highway Patrol-Troop I,1571011200000,190602134,1,0,1,0,Personal Injury,PHELPS,NON-CITY OR UNINCORPORATED,I,1,1,0,45,0.01,B ,W ,RT F,CRD 3550,Dark-Unlighted,Fixed Object,2,,Mon     ,1,0,0,0,0,0,1,0,0,0,0,0,0,0,0,1,0,0,0,0,1,0,0,1,0,37.90476,-91.60986,0,10/14/2019,20:00:00,CRASH OCCURRED AS VEHICLE 1 TRAVELED OFF OF THE  RIGHT SIDE OF THE ROADWAY  IMPACTED A STOP SIGN AND AN  EMBANKMENT.
955224,3190028054,Missouri State Highway Patrol-Troop D,1571011200000,190602240,1,0,1,0,Personal Injury,GREENE,NON-CITY OR UNINCORPORATED,D,2,2,0,365,0.07,A ,E ,IS 44,ERM EAST IS 44 MILE 728,Dark-Lighted,Working Motor Vehicle,1,61,Mon     ,0,0,0,0,0,0,0,0,0,0,0,0,0,1,0,0,0,0,0,0,1,0,0,0,1,37.21634,-93.38085,0,10/14/2019,21:37:00,VEHICLE 2 WAS STOPPED IN THE DRIVING LANE WITH WARNING DEVICES ACTIVATED IN A WORK ZONE.  VEHICLE 1 STRUCK THE ATTENUATOR ATTACHED TO THE REAR OF VEHICLE 2.  VEHICLE 1 RAN OFF THE LEFT SIDE OF THE ROAD AND CAME TO REST.
1042340,3190028061,Missouri State Highway Patrol-Troop I,1571011200000,190602255,1,0,1,0,Personal Injury,LACLEDE,NON-CITY OR UNINCORPORATED,I,1,1,0,1209,0.23,A ,E ,MO 64,CRD MANCHESTER DRIVE,Dark-Unlighted,Animal,1,,Mon     ,0,0,0,0,0,0,0,0,0,0,0,0,0,0,0,0,0,0,0,0,1,0,0,1,0,37.71265,-92.8302,0,10/14/2019,21:57:00,VEHICLE STRUCK A DEER IN THE ROADWAY.
1201642,3190035556,Missouri State Highway Patrol-Troop C,1571011200000,190602264,1,0,0,1,Personal Injury,LINCOLN,NON-CITY OR UNINCORPORATED,C,1,1,0,396,0.07,A ,N,RT W,PVT ROYAL DR,Dark-Unlighted,Fixed Object,2,,Mon     ,0,0,0,0,1,0,0,1,0,0,0,0,0,0,0,1,0,0,0,0,1,0,0,1,0,39.04732,-90.86637,0,10/14/2019,22:05:00,VEHICLE WAS TRAVELING SOUTHBOUND ON ROUTE Y. DRIVER 1 WAS TRAVELING TOO FAST FOR CONDITIONS. VEHICLE 1 TRAVELED OFF THE RIGHT SIDE OF THE ROAD AND OVERTURNED BEFORE STRIKING A TREE.
783543,3190028651,Missouri State Highway Patrol-Troop A,1571011200000,190602272,1,0,1,0,Personal Injury,PLATTE,NON-CITY OR UNINCORPORATED,A,2,2,Y,242,0.05,B ,S ,IS 29,ERM SOUTH IS 29 MILE 282,Dark-Unlighted,Motor Vehicle in Transport,1,63,Mon     ,0,0,0,0,0,,,1,1,0,0,0,0,0,0,1,0,0,0,0,0,0,0,0,1,39.49166,-94.78649,0,10/14/2019,22:18:00,CRASH OCCURRED AS VEHICLE 2 CHANGED LANES AND STRUCK VEHICLE 1. VEHICLE 1 TRAVELED OFF THE ROADWAY AND OVERTURNED. ASSISTED BY CPL C. A. TAIBI /648/ AND MSGT B. A. KUMPF /994/
1005484,3190027391,Missouri State Highway Patrol-Troop D,1571097600000,190602374,1,0,0,1,Personal Injury,TANEY,NON-CITY OR UNINCORPORATED,D,1,1,0,258,0.05,A ,N,US 65,ERM NORTH US 65 MILE 190,Dark-Unlighted,Overturn,2,,Tue     ,1,0,0,0,0,0,1,0,0,0,0,0,0,0,0,0,0,0,0,0,1,0,0,1,0,36.75331,-93.22259,0,10/15/2019,03:50:00,OCCURRED AS VEHICLE 1 RAN OFF THE RIGHT SIDE OF THE ROAD AND OVERTURNED.
859106,3190027937,Missouri State Highway Patrol-Troop A,1571097600000,190602410,1,0,1,0,Personal Injury,JACKSON,BLUE SPRINGS,A,3,3,0,491,0.09,B ,W ,IS 70,ERM WEST IS 70 MILE 208,Dark-Unlighted,Motor Vehicle in Transport,1,61,Tue     ,0,0,0,0,0,0,0,1,0,0,0,0,0,0,0,1,0,0,0,0,0,0,0,0,0,39.02932,-94.26347,0,10/15/2019,06:12:00,CRASH OCCURRED AS VEHICLE 2 WAS SLOWING FOR TRAFFIC CONGESTION