objectid,accident,agency,inv_date,complaint,injured,killed,min_inj,dis_inj,severity,county,city,troop,no_vehicle,motor_veh,left_scene,dist_feet,dist_mile,inter_loc,direction,on_street,at_street,light_cond,acc_type,on_off_rd,two_veh,day_week,dr_drink,dr_drug,ped_drink,ped_drug,speed,dr_under21,dr_under25,dr_over55,dr_over64,electrical,emer_veh,stop_sign,yield_sign,czone,hazmat,aggressive,cell_phone,texting,veh_defect,school_bus,truck,motorcycle,atv,pickup,cmv,gps_lat,gps_long,severity_fatal,acc_date,acc_time,narrative
1241308,3190028246,Missouri State Highway Patrol-Troop C,1571097600000,190602526,1,0,1,0,Personal Injury,JEFFERSON,NON-CITY OR UNINCORPORATED,C,1,1,0,1166,0.22,A ,E ,RT A,CRD SANDY VALLEY RD,Daylight,Animal,1,,Tue     ,0,0,0,0,0,0,0,0,0,0,0,0,0,0,0,0,0,0,0,0,0,0,0,0,0,38.24963,-90.50503,0,10/15/2019,07:45:00,VEHICLE 1 WAS TRAVELING EAST ON ROUTE A EAST OF SANDY VALLEY ROAD. A DEER TRAVELED FROM THE SOUTH ONTO THE ROADWAY.THE FRONT OF VEHICLE 1 STRUCK THE DEER.
965247,3190027496,Missouri State Highway Patrol-Troop D,1571097600000,190602723,1,0,1,0,Personal Injury,BARTON,NON-CITY OR UNINCORPORATED,D,1,1,0,1848,0.35,B ,W ,MO 126,CRD SW 90TH LN,Daylight,Fixed Object,2,,Tue     ,0,0,0,0,0,1,1,0,0,0,0,0,0,0,0,0,0,0,0,0,0,0,0,0,0,37.40282,-94.45803,0,10/15/2019,09:20:00,"VEHICLE #1 SKIDDED OFF THE RIGHT SIDE OF THE ROADWAY AND DRIVER OVER-CORRECTED.  VEHICLE #1 THEN SKIDDED ACROSS THE ROADWAY, STRUCK THE DITCH AND CAME TO REST IN A FIELD."
805427,3190030173,Missouri State Highway Patrol-Troop A,1571097600000,190602988,1,0,0,1,Personal Injury,JOHNSON,NON-CITY OR UNINCORPORATED,A,1,1,0,2148,0.41,B ,N,RT M,BRIDGE L0274,Daylight,Fixed Object,2,,Tue     ,0,0,0,0,0,0,0,0,0,0,0,0,0,0,0,0,0,0,0,0,0,0,0,0,1,38.83053,-93.90596,0,10/15/2019,10:45:00,CRASH OCCURRED AS VEHICLE 1 TRAVELED OFF THE RIGHT SIDE OF THE ROADWAY AND OVERTURNED. ASSISTED BY CPL J. J. CRUMP /1361/ AND CPL A. S. CRAIG /477/.
1277945,3190028368,Missouri State Highway Patrol-Troop C,1571097600000,190603001,1,0,1,0,Personal Injury,ST. CHARLES,LAKE ST LOUIS,C,2,2,0,1156,0.22,A ,E ,IS 64,CST PROSPECT ROAD,Daylight,Motor Vehicle in Transport,1,63,Tue     ,0,0,0,0,0,0,1,0,0,0,0,0,0,0,0,0,0,0,0,0,0,0,0,0,1,38.79403,-90.81633,0,10/15/2019,11:24:00,"VEHICLE 1 WAS TRAVELING IN LANE 1. VEHICLE 2 WAS TRAVELING IN LANE 2. VEHICLE 1 AND VEHICLE 2 MERGED INTO EACH OTHER. VEHICLE 2 THEN SPUN OUT, TRAVELED OFF THE LEFT SIDE OF THE ROADWAY AND STRUCK THE MEDIAN CABLES. ASSISTED BY TPR K.R. BECHAUD (163)"
1201641,3190028393,Missouri State Highway Patrol-Troop C,1571097600000,190603203,3,0,2,1,Personal Injury,LINCOLN,NON-CITY OR UNINCORPORATED,C,1,1,0,2486,0.47,B ,E ,CRD BROWNSMILL RD,CST DAVID ST,Daylight,Fixed Object,2,,Tue     ,0,0,0,0,1,1,1,0,0,0,0,0,0,0,0,1,0,0,1,0,0,0,0,0,0,39.1626,-90.80657,0,10/15/2019,13:00:00,DRIVER 1 WAS TRAVELING TOO FAST FOR CONDITIONS. DRIVER 1 ATTEMPTED TO AVOID ANOTHER VEHICLE BUT VEHICLE 1 WAS UNABLE TO STOP. VEHICLE 1 TRAVELED OFF THE RIGHT SIDE OF THE ROADWAY AND THE FRONT OF VEHICLE 1 STRUCK A TREE.
1179358,3190028224,Missouri State Highway Patrol-Troop B,1571097600000,190603530,3,0,3,0,Personal Injury,MARION,NON-CITY OR UNINCORPORATED,B,2,2,0,960,0.18,B ,W ,CRD 402,CRD 405,Daylight,Motor Vehicle in Transport,1,60,Tue     ,0,0,0,0,0,0,0,0,0,0,0,0,0,0,0,1,0,0,0,0,1,0,0,1,0,39.7872,-91.48069,0,10/15/2019,15:37:00,"01 EASTBOUND, AND 02 WESTBOUND.  01 MET, 02 ON A HILL CREST.  01 STRUCK 02 IN WESTBOUND LANE.  BOTH VEHICLES CAME TO REST OFF THE ROADWAY.  ASSISTED BY PALMYRA FIRE DEPARTMENT, MARION COUNTY SHERIFF'S DEPARTMENT AND AMBULANCE."
1195261,3190029421,Missouri State Highway Patrol-Troop F,1571097600000,190603541,1,0,1,0,Personal Injury,CALLAWAY,NON-CITY OR UNINCORPORATED,F,2,2,0,163,0.03,B ,E ,IS 70,ERM EAST IS 70 MILE 1436,Daylight,Motor Vehicle in Transport,2,61,Tue     ,0,0,0,0,0,0,0,1,0,0,0,0,0,0,0,1,0,0,0,0,0,0,0,0,1,38.95205,-92.02229,0,10/15/2019,15:45:00,OCCURRED AS VEHICLE 1 AND VEHICLE 2 ATTEMPTED TO SLOW FOR TRAFFIC AND VEHICLE 1 WAS STRUCK IN THE REAR BY VEHICLE 2.
1187225,3190027896,Missouri State Highway Patrol-Troop F,1571097600000,190603552,2,0,2,0,Personal Injury,CALLAWAY,KINGDOM CITY,F,2,2,0,0,0,AT,W ,IS 70,US 54,Daylight,Motor Vehicle in Transport,1,64,Tue     ,0,0,0,0,0,0,0,1,0,1,0,0,0,0,0,1,0,0,0,0,0,0,0,0,1,38.94442,-91.94091,0,10/15/2019,15:49:00,CRASH OCCURRED AS VEHICLE 1 WAS EASTBOUND ON U.S. 54 AND FAILED TO STOP AT A STOP LIGHT. VEHICLE 1 STRUCK VEHICLE 2 WHICH WAS IN THE PROCESS OF EXITING I-70 WESTBOUND ONTO U.S. 54.
1119545,3190027536,Missouri State Highway Patrol-Troop E,1571097600000,190603770,1,0,1,0,Personal Injury,BOLLINGER,NON-CITY OR UNINCORPORATED,E,1,1,0,1742,0.33,A ,S ,CRD 862,CRD 872,Daylight,Overturn,1,,Tue     ,0,0,0,0,1,1,1,0,0,0,0,0,0,0,0,1,0,0,0,0,0,1,0,0,0,37.46558,-90.13089,0,10/15/2019,16:30:00,CRASH OCCURRED AS DRIVER 1 LOST CONTROL OF VEHICLE 1 AND OVERTURNED
1325766,3190027661,Missouri State Highway Patrol-Troop G,1571097600000,190603799,1,0,1,0,Personal Injury,HOWELL,NON-CITY OR UNINCORPORATED,G,1,1,0,491,0.09,B ,N,CRD 3910,CRD 3040,Daylight,Overturn,2,,Tue     ,0,0,0,0,1,0,0,1,0,0,0,0,0,0,0,1,0,0,0,0,0,0,1,0,0,36.97384,-91.67429,0,10/15/2019,17:40:00,"VEHICLE 1 LOST CONTROL, RAN OFF THE RIGHT SIDE OF THE ROADWAY AND OVERTURNED PARTIALLY EJECTING THE DRIVER."
1198709,3190028003,Missouri State Highway Patrol-Troop F,1571097600000,190603813,1,0,1,0,Personal Injury,CAMDEN,NON-CITY OR UNINCORPORATED,F,1,1,0,2255,0.43,B ,S ,RT C,CRD BALLENGER RD,Dark-Unlighted,Fixed Object,2,,Tue     ,1,0,0,0,0,0,0,0,0,0,0,0,0,0,0,0,0,0,0,0,0,0,0,0,0,38.01373,-92.50197,0,10/15/2019,18:00:00,"OCCURRED AS VEHICLE 1 CROSSED OVER THE CENTER OF THE ROAD, TRAVELED OFF THE LEFT SIDE OF THE ROAD AND STRUCK A DITCH. DRIVER 1 STATED HE SWERVED TO MISS A DEER."
1253139,3190028088,Missouri State Highway Patrol-Troop C,1571097600000,190603876,1,0,1,0,Personal Injury,FRANKLIN,NON-CITY OR UNINCORPORATED,C,1,1,0,4752,0.9,B ,N,MO 185,CRD SLEEPY HOLLOW ROAD,Dark-Unlighted,Fixed Object,2,,Tue     ,1,0,0,0,1,0,0,0,0,0,0,0,0,0,0,1,0,0,0,0,0,0,0,0,0,38.21079,-91.07665,0,10/15/2019,19:00:00,VEHICLE 1 RAN OFF THE RIGHT SIDE OF THE ROADWAY AND STRUCK A DITCH.
813079,3190029670,Missouri State Highway Patrol-Troop A,1571097600000,190603937,5,0,2,3,Personal Injury,BENTON,WARSAW,A,2,2,0,332,0.06,B ,N,US 65,RP 1005881,Dark-Unlighted,Motor Vehicle in Transport,1,60,Tue     ,0,0,0,0,0,0,0,0,0,0,0,0,0,0,0,1,0,0,0,0,0,0,0,0,1,38.23833,-93.36016,0,10/15/2019,19:56:00,"OCCURRED AS VEH1 TRAVELED OVER CENTER LINE AND STRUCK VEH2 HEAD-ON. VEH2 THEN TRAVELED OFF ROADWAY AND STRUCK GUARD RAIL. ASSISTED BY BENTON COUNTY DEPUTIES, WARSAW POLICE DEPT, AND WARSAW LINCOLN FIRE AMBULANCE"
852606,3190028356,Missouri State Highway Patrol-Troop A,1571097600000,190603973,1,0,1,0,Personal Injury,PETTIS,NON-CITY OR UNINCORPORATED,A,1,1,0,1288,0.24,A ,E ,CRD ELM HILLS BLVD,US 65,Dark-Lighted,Fixed Object,2,,Tue     ,0,0,0,0,1,0,0,0,0,0,0,0,0,0,0,1,0,0,0,0,0,0,0,0,0,38.67252,-93.24745,0,10/15/2019,20:20:00,"OCCURRED AS VEH1 TRAVELED OFF ROADWAY, STRUCK A PARKING BLOCK AND A FENCE."
995548,3190029632,Missouri State Highway Patrol-Troop D,1571184000000,190604218,1,0,0,1,Personal Injury,STONE,NON-CITY OR UNINCORPORATED,D,1,1,0,2489,0.47,A ,N,RT AA,CRD WHEELER BRANCH RD,Dark-Unlighted,Fixed Object,2,,Tue     ,0,0,0,0,0,1,1,0,0,0,0,0,0,0,0,1,0,0,0,0,1,0,0,1,0,36.84875,-93.46534,0,10/15/2019,21:30:00,"CRASH OCCURRED AS VEHICLE 1 WAS TRAVELING WESTBOUND ON RTE AA, VEHICLE 1 TRAVELED OFF LEFT SIDE OF ROADWAY STRIKING SEVERAL TREES, VEHICLE 1 CAME TO REST IN CREEK."
1176263,3190028075,Missouri State Highway Patrol-Troop B,1571184000000,190604276,1,0,1,0,Personal Injury,CLARK,NON-CITY OR UNINCORPORATED,B,1,1,0,1811,0.34,B ,W ,US 136,CRD 398,Dark-Unlighted,Fixed Object,2,,Wed     ,0,0,0,0,0,0,0,1,1,0,0,0,0,0,0,0,0,0,0,0,0,0,0,0,0,40.4099,-91.67797,0,10/16/2019,06:45:00,VEHICLE 1 TRAVELED OFF THE RIGHT SIDE OF THE ROADWAY AND IMPACTED THE DITCH.
1005486,3190028235,Missouri State Highway Patrol-Troop D,1571184000000,190604530,1,0,1,0,Personal Injury,TANEY,NON-CITY OR UNINCORPORATED,D,1,1,0,649,0.12,A ,W ,CRD LONESTAR RD,PVT CRUM RD,Daylight,Fixed Object,2,,Wed     ,0,0,0,0,1,0,1,0,0,0,0,0,0,0,0,1,0,0,0,0,0,0,0,0,0,36.78804,-93.10669,0,10/16/2019,08:20:00,"VEHICLE #1 TRAVELED OFF THE RIGHT SIDE OF THE ROADWAY, RETURNED TO ROADWAY, TRAVELED OFF THE LEFT SIDE OF THE ROADWAY, STRUCK A TREE AND OVERTURNED."
1509867,3190027881,Missouri State Highway Patrol-Troop H,1571184000000,190604544,1,0,1,0,Personal Injury,NODAWAY,NON-CITY OR UNINCORPORATED,H,1,1,0,2640,0.5,B ,S ,RT H,RT A,Daylight,Overturn,2,,Wed     ,0,0,0,0,0,0,0,0,0,0,0,0,0,0,0,1,0,0,0,0,0,0,0,0,1,40.20911,-94.95338,0,10/16/2019,08:58:00,"ACCIDENT OCCURRED AS VEH #1 WAS TRAVELING SOUTHBOUND ON RT-H. THE TOWED UNIT OF VEH #1 TRAVELED OFF THE RIGHT SIDE OF THE ROADWAY, CAUSING VEH #1 TO OVERTURN IN THE DITCH. VEH #1 CAME TO REST ON ITS PASSENGER SIDE OFF THE RIGHT SIDE OF THE ROADWAY. ASSISTED BY NODAWAY COUNTY SHERIFF'S DEPARTMENT, AND GRAHAM FIRE AND RESCUE"
939609,3190027651,Missouri State Highway Patrol-Troop D,1571184000000,190604685,1,0,1,0,Personal Injury,CHRISTIAN,NON-CITY OR UNINCORPORATED,D,1,1,0,2032,0.38,A ,N,RT W,CRD COOPER RD,Daylight,Fixed Object,2,,Wed     ,0,0,0,0,1,1,1,0,0,0,0,0,0,0,0,1,0,0,0,0,1,0,0,0,1,36.90895,-93.1741,0,10/16/2019,09:55:00,"CRASH OCCURRED AS VEHICLE 1 LOST CONTROL OF VEHICLE, VEHICLE 1 TRAVELED OFF ROADWAY AND STRUCK A TREE."
971291,3190028129,Missouri State Highway Patrol-Troop D,1571184000000,190604690,2,0,2,0,Personal Injury,BARRY,NON-CITY OR UNINCORPORATED,D,2,2,0,2592,0.49,A ,S ,CRD 1180,CRD 2000,Daylight,Motor Vehicle in Transport,2,60,Wed     ,0,0,0,0,0,0,0,1,0,0,0,0,0,0,0,1,0,0,0,0,0,0,0,0,0,36.91872,-93.73759,0,10/16/2019,09:50:00,ACCIDENT OCCURRED AS VEHICLE #1 FAILED TO YIELD WHILE TURNING FROM A DRIVEWAY AND TRAVELED INTO THE PATH OF VEHICLE #2 HEAD-ON.
1510693,3190028261,Missouri State Highway Patrol-Troop H,1571184000000,190604880,1,0,1,0,Personal Injury,HARRISON,NON-CITY OR UNINCORPORATED,H,1,1,0,934,0.18,B ,W ,CRD E 100 ST,CRD E 255 AVE,Daylight,Fixed Object,2,,Wed     ,0,0,0,0,1,0,0,1,1,0,0,0,0,0,0,1,0,0,0,0,0,0,0,0,0,40.5753,-93.93112,0,10/16/2019,11:15:00,"ACCIDENT OCCURRED AS VEH #1 WAS EASTBOUND ON 324TH STREET. DVR #1 LOST CONTROL ON GRAVEL ROADWAY AND BEGAN SKIDDING. VEH #1 CROSSED THE CENTER LINE AND TRAVELED OFF THE LEFT SIDE OF THE ROADWAY, STRIKING AN EMBANKMENT. VEH #1 RETURNED TO THE ROADWAY AND BEGAN OVERTURNING. VEH #1 CAME TO REST ON ITS TOP IN THE ROADWAY. ASSISTED BY LAMONI IOWA POLICE DEPARTMENT AND DECATUR COUNTY EMS."
1142520,3190028240,Missouri State Highway Patrol-Troop E,1571184000000,190604944,1,0,1,0,Personal Injury,BUTLER,NON-CITY OR UNINCORPORATED,E,2,2,0,480,0.09,B ,S ,US 67,RP 277617,Daylight,Motor Vehicle in Transport,1,63,Wed     ,0,0,0,0,0,0,0,1,1,0,0,0,0,0,0,1,0,0,0,0,0,0,0,0,1,36.72729,-90.46313,0,10/16/2019,11:50:00,CRASH OCCURRED AS VEHICLE 1 MERGED INTO THE PATH OF VEHICLE 2
1253143,3190027956,Missouri State Highway Patrol-Troop C,1571184000000,190605270,1,0,1,0,Personal Injury,FRANKLIN,NON-CITY OR UNINCORPORATED,C,1,1,0,1679,0.32,A ,N,CRD BIEKER ROAD,CRD BETHLEHEM CHURCH ROAD,Daylight,Fixed Object,2,,Wed     ,0,0,0,0,0,0,0,0,0,0,0,0,0,0,0,0,0,0,0,0,0,0,0,0,0,38.48894,-90.99098,0,10/16/2019,14:12:00,DRIVER 1 SUFFERED A MEDICAL CONDITION. VEHICLE 1 TRAVELED OFF THE RIGHT SIDE OF THE ROADWAY AND STRUCK A UTILITY POLE.
1335665,3190028148,Missouri State Highway Patrol-Troop G,1571184000000,190605359,1,0,0,1,Personal Injury,DOUGLAS,NON-CITY OR UNINCORPORATED,G,2,2,0,2112,0.4,B ,N,MO 95,CRD 95-146,Daylight,Motor Vehicle in Transport,1,62,Wed     ,0,0,0,0,0,0,0,1,0,0,0,0,0,0,0,1,0,0,0,0,1,0,0,0,1,37.00396,-92.30151,0,10/16/2019,14:40:00,ACCIDENT OCCURRED AS VEHICLE #1 CROSSED THE CENTERLINE AND SIDE-SWIPED VEHICLE #2.  VEHICLE #1 RAN OFF THE ROADWAY AND OVERTURNED
1335666,3190030708,Missouri State Highway Patrol-Troop G,1571184000000,190605398,1,0,0,1,Personal Injury,DOUGLAS,NON-CITY OR UNINCORPORATED,G,2,2,0,197,0.04,A ,S ,MO 5,RT JJ,Daylight,Motor Vehicle in Transport,1,62,Wed     ,1,0,0,0,0,0,0,0,0,0,0,0,0,0,0,1,0,0,0,0,1,0,0,1,0,36.85127,-92.62606,0,10/16/2019,14:55:00,CRASH OCCURRED WHEN  VEHICLE ONE IMPACTED THE TOWED UNIT OF VEHICLE TWO.   VEHICLE ONE RAN OFF THE NORTH SIDE OF THE ROAD IMPACTING A BANK THEN COMING TO REST.  VEHICLE TWO RAN OFF THE WEST SIDE OF ROADWAY LOOSING ITS TOWED UNIT OVERTURNED  AND CAME TO A CONTROLLED REST OFF THE ROADWAY.
1321949,3190028357,Missouri State Highway Patrol-Troop G,1571184000000,190605616,1,0,1,0,Personal Injury,TEXAS,NON-CITY OR UNINCORPORATED,G,1,1,0,4224,0.8,B ,N,MO 17,RT AP,Daylight,Overturn,1,,Wed     ,0,0,0,0,1,0,0,0,0,0,0,0,0,0,0,1,0,0,1,0,0,0,0,0,1,37.48473,-92.1161,0,10/16/2019,16:40:00,CRASH OCCURRED AS VEHICLE ONE TRAVELING SOUTHBOUND FAILED TO NEGOTIATE A CURVE IN THE ROADWAY OVERTURNED ON ITS LEFT SIDE
805425,3190028827,Missouri State Highway Patrol-Troop A,1571184000000,190605626,1,0,1,0,Personal Injury,JOHNSON,NON-CITY OR UNINCORPORATED,A,2,2,0,100,0.02,B ,N,BU 13,CRD SE 180,Daylight,Motor Vehicle in Transport,1,61,Wed     ,0,0,0,0,0,0,0,1,1,0,0,0,0,0,0,1,0,0,0,0,0,0,0,0,0,38.73427,-93.73227,0,10/16/2019,16:50:00,"CRASH OCCURRED AS BOTH VEHICLES WERE TRAVELING NORTHBOUND ON BUSINESS MO-13. VEHICLE1 WAS STOPPED PREPARING TO TURN ONTO ROUTE BB WHEN IT WAS STRUCK IN THE REAR BY VEHICLE2. ASSISTED BY JOHNSON COUNTY DEPUTIES, JOHNSON COUNTY FIRE, AND JOHNSON COUNTY AMBULANCE DISTRICT."
1114179,3190027646,Missouri State Highway Patrol-Troop E,1571184000000,190605717,1,0,1,0,Personal Injury,CAPE GIRARDEAU,NON-CITY OR UNINCORPORATED,E,2,2,0,0,0,AT,N,MO 77,CRD 250,Daylight,Motor Vehicle in Transport,1,61,Wed     ,0,0,0,0,0,0,0,0,0,0,0,0,0,0,0,0,0,0,0,0,0,0,0,0,0,37.19871,-89.66746,0,10/16/2019,17:40:00,CRASH OCCURRED VEHICLE 1 STRUCK THE REAR OF VEHICLE 2.
877624,3190029314,Missouri State Highway Patrol-Troop A,1571184000000,190605818,1,0,1,0,Personal Injury,JOHNSON,WARRENSBURG,A,1,1,0,1056,0.2,A ,E ,US 50,RP 4310,Daylight,Fixed Object,2,,Wed     ,0,0,0,0,0,0,0,0,0,0,0,0,0,0,0,0,0,0,0,0,0,0,0,0,0,38.77491,-93.72915,0,10/16/2019,18:38:00,"CRASH OCCURRED AS VEHICLE 1 STEERED LEFT TO AVOID A COLLISION WITH TWO VEHICLES THAT HAD SLOWED DOWN FOR DEER IN THE ROAD.  VEHICLE 1 THEN BEGAN TO SKID, TRAVELED INTO THE GRASS MEDIAN, AND OVERTURNED."
900415,3190028395,Missouri State Highway Patrol-Troop D,1571184000000,190605910,1,0,1,0,Personal Injury,ST. CLAIR,COLLINS,D,1,1,0,881,0.17,A ,N,MO 13,CRD SE 750,Dark-Unlighted,Animal,1,,Wed     ,0,0,0,0,0,0,0,0,0,0,0,0,0,0,0,0,1,1,0,0,0,0,0,0,0,37.91175,-93.62501,0,10/16/2019,19:30:00,CRASH OCCURRED AS VEHICLE 1 STRUCK A DEER IN THE ROADWAY THEN RAN OFF THE RIGHT SIDE OF THE ROADWAY.
1264477,3190029124,Missouri State Highway Patrol-Troop C,1571184000000,190605920,1,0,0,1,Personal Injury,WARREN,NON-CITY OR UNINCORPORATED,C,1,1,0,380,0.07,B ,E ,NOR 70,CRD SPOEDE ROAD,Dark-Unlighted,Pedestrian,1,,Wed     ,0,0,0,0,0,0,1,0,0,0,1,0,0,0,0,0,0,0,0,0,0,0,0,0,0,38.81868,-91.11856,0,10/16/2019,19:41:00,VEHICLE 1 WAS TRAVELING  EASTBOUND. PEDESTRIAN 1 WAS WALKING EASTBOUND ALONG THE ROADWAY. THE FRONT RIGHT OF VEHICLE 1 STRUCK THE PEDESTRIAN.
1241315,3190028098,Missouri State Highway Patrol-Troop C,1571184000000,190605986,1,0,1,0,Personal Injury,JEFFERSON,NON-CITY OR UNINCORPORATED,C,1,1,0,285,0.05,B ,N,IS 55,RP 104831,Dark-Unlighted,Fixed Object,2,,Wed     ,0,0,0,0,0,0,0,1,1,0,0,0,0,0,0,1,0,0,0,0,1,0,0,1,1,38.3664,-90.38467,0,10/16/2019,20:23:00,VEHICLE 1 TRAVELED OFF THE RIGHT SIDE OF THE ROADWAY  AND THE FRONT RIGHT OF VEHICLE 1 STRUCK A GUARDRAIL END.
885154,3190027673,Missouri State Highway Patrol-Troop A,1571184000000,190606109,1,0,1,0,Personal Injury,CASS,NON-CITY OR UNINCORPORATED,A,1,1,0,939,0.18,A ,S ,RT Y,CRD 215TH ST,Dark-Unlighted,Animal,1,,Wed     ,0,0,0,0,0,0,0,0,0,0,0,0,0,0,0,0,0,0,0,0,0,0,0,0,0,38.73231,-94.5348,0,10/16/2019,22:00:00,OCCURRED AS VEH1 WAS STRUCK BY AN ANIMAL.
1068164,3190031733,Missouri State Highway Patrol-Troop I,1571270400000,190606244,0,1,0,0,Fatal,PHELPS,DOOLITTLE,I,3,3,0,15,0,B ,W ,IS 44,ERM WEST IS 44 MILE 1770,Dark-Unlighted,Motor Vehicle in Transport,1,64,Thu     ,0,0,0,0,0,0,1,0,0,0,0,0,0,0,0,1,0,0,0,0,0,0,0,0,1,37.94496,-91.93006,1,10/17/2019,03:45:00,FATALITY CRASH - NEXT OF KIN NOTIFIED - OCCURRED AS VEH 1 TRAVELED ACROSS THE MEDIAN AND WAS STRUCK BY VEH 3.  VEH 1 ROTATED OFF VEH 3 AND WAS STRUCK BY VEH 2. VEH 1 CAME TO REST IN THE PASSING LANE. VEH 2 OVERTURNED OFF THE RIGHT SIDE OF THE ROADWAY. VEH 3 CAME TO A CONTROLLED STOP. THE DRIVER OF VEHICLE 1 WAS PRONOUNCED AT THE SCENE BY CORONER ANDY DAVIS AT 0400 HOURS. THIS IS TROOP I'S 4TH FATALITY FOR OCTOBER AND THE 32ND OF 2019. ASSISTED BY SGT R.A. COPELAND (308) AND CPL M.B. LOMEDICO (481).
1005437,3190029210,Missouri State Highway Patrol-Troop D,1571270400000,190606247,1,0,0,1,Personal Injury,TANEY,NON-CITY OR UNINCORPORATED,D,1,1,0,237,0.04,A ,N,US 65,CO US65N TO US65S,Dark-Unlighted,Animal,1,,Thu     ,0,0,0,0,0,0,0,0,0,0,0,0,0,0,0,0,0,0,0,0,0,0,0,0,0,36.5075,-93.2236,0,10/17/2019,04:25:00,CRASH OCCURRED AS VEHICLE # 1 STRUCK A DEER AND  OVERTURNED
1178344,3190028319,Missouri State Highway Patrol-Troop F,1571270400000,190606269,1,0,1,0,Personal Injury,BOONE,NON-CITY OR UNINCORPORATED,F,1,1,0,2640,0.5,B ,N,RT Z,CRD KROEGER RD,Dark-Unlighted,Fixed Object,2,,Thu     ,0,0,0,0,1,0,0,0,0,0,0,0,0,0,0,1,1,0,0,0,0,0,0,0,0,39.1418,-92.13688,0,10/17/2019,05:45:00,"VEHICLE 1 DROVE OFF RIGHT SIDE OF ROADWAY, STRUCK A CULVERT, OVERTURNED SEVERAL TIMES, STRUCK A TREE, AND CAME TO REST ON ROOF."
1241313,3190027785,Missouri State Highway Patrol-Troop C,1571270400000,190606290,1,0,1,0,Personal Injury,JEFFERSON,NON-CITY OR UNINCORPORATED,C,3,3,0,158,0.03,B ,E ,RT M,CST METROPOLITAN BLVD,Dark-Unlighted,Motor Vehicle in Transport,1,61,Thu     ,0,0,0,0,0,0,0,1,0,1,0,0,0,0,0,0,0,0,1,0,1,0,0,1,0,38.34838,-90.39699,0,10/17/2019,06:15:00,VEHICLES 2 AND 3 WERE STOPPED AT AN ELECTRICAL SIGNAL. DRIVER 1 ATTEMPTED TO STOP BUT THE FRONT OF VEHICLE 1 STRUCK THE REAR OF VEHICLE 2. THE IMPACT CAUSED THE FRONT OF VEHICLE 2 TO STRIKE THE REAR OF VEHICLE 3.
1151918,3190028579,Missouri State Highway Patrol-Troop E,1571270400000,190606312,1,0,1,0,Personal Injury,STODDARD,NON-CITY OR UNINCORPORATED,E,1,1,0,1129,0.21,B ,N,RT MM,CRD 684 SJ,Dark-Unlighted,Fixed Object,2,,Thu     ,0,0,0,0,0,0,1,0,0,0,0,0,0,0,0,0,0,0,0,0,0,0,0,0,0,36.64139,-90.02867,0,10/17/2019,06:36:00,CRASH OCCURRED AS VEHICLE ONE TRAVELED OFF THE RIGHT SIDE OF THE ROADWAY AND OVERTURNED
1502844,3190027936,Missouri State Highway Patrol-Troop H,1571270400000,190606493,2,0,2,0,Personal Injury,CALDWELL,NON-CITY OR UNINCORPORATED,H,2,2,0,1166,0.22,A ,W ,MO 116,CRD PEAK RD,Daylight,Motor Vehicle in Transport,1,61,Thu     ,0,0,0,0,0,0,1,0,0,0,0,0,0,1,0,1,0,0,0,0,1,0,0,1,0,39.55512,-94.16111,0,10/17/2019,08:00:00,ACCIDENT OCCURRED AS VEH #1 AND VEH #2 WERE BOTH WESTBOUND ON MO116. VEH #1 WAS APPROACHING A CONSTRUCTION ZONE AND VEH #2 WAS STOPPED IN TRAFFIC IN THE CONSTRUCTION ZONE. VEH #1 FAILED TO YIELD TO VEH #2 AND STRUCK VEH #2 IN THE REAR. VEH #1 TRAVELED OFF THE NORTH SIDE OF THE ROADWAY AND CAME TO REST ON ITS WHEELS. VEH #2 CAME TO REST ON ITS WHEELS ON THE ROADWAY. ASSISTED BY TPR T.N. GARTON (408) AND CALDWELL COUNTY SHERIFF'S DEPARTMENT.
1207589,3190027696,Missouri State Highway Patrol-Troop C,1571270400000,190606572,2,0,0,2,Personal Injury,FRANKLIN,PACIFIC,C,1,1,0,10,0,B ,W ,CST FOREST GLEN DR,RT OO,Daylight,Fixed Object,2,,Thu     ,1,0,0,0,1,1,1,0,0,0,0,0,0,0,0,1,0,0,0,0,0,0,0,0,0,38.50671,-90.74752,0,10/17/2019,08:45:00,"VEHICLE WAS TRAVELING NORTHBOUND ON ROTE OO. DRIVER 1 WAS TRAVELING TOO FAST FOR ROAD CONDITIONS. VEHICLE 1 TRAVELED OFF THE RIGHT SIDE OF THE ROADWAY, TRAVELED OVER FOREST GLEN DR, INTO A DRY CREEK BED AND STRUCK A LARGE ROCK. VEHICLE 1 ROTATED CLOCKWISE AND OVERTURNED. ASSISTED BY TPR. M.T. MCCOY (878) AND TPR. T.R. ROSA (515)"
1068165,3190028045,Missouri State Highway Patrol-Troop I,1571270400000,190606602,1,0,1,0,Personal Injury,PHELPS,DOOLITTLE,I,2,2,Y,200,0.04,A ,E ,IS 44,ERM EAST IS 44 MILE 1780,Daylight,Fixed Object,2,,Thu     ,0,0,0,0,0,0,0,0,0,0,0,0,0,0,0,1,0,0,0,0,1,0,0,1,1,37.94528,-91.91269,0,10/17/2019,09:06:00,VEHICLE 1 TRAVELED OFF OF THE RIGHT SIDE OF THE ROADWAY. VEHICLE 1 STRUCK A LIGHT POLE AND A STATIONARY TRACTOR TRAILER. ASSISTED BY DOOLITTLE POLICE DEPARTMENT