objectid,accident,agency,inv_date,complaint,injured,killed,min_inj,dis_inj,severity,county,city,troop,no_vehicle,motor_veh,left_scene,dist_feet,dist_mile,inter_loc,direction,on_street,at_street,light_cond,acc_type,on_off_rd,two_veh,day_week,dr_drink,dr_drug,ped_drink,ped_drug,speed,dr_under21,dr_under25,dr_over55,dr_over64,electrical,emer_veh,stop_sign,yield_sign,czone,hazmat,aggressive,cell_phone,texting,veh_defect,school_bus,truck,motorcycle,atv,pickup,cmv,gps_lat,gps_long,severity_fatal,acc_date,acc_time,narrative
1200126,3190028745,Missouri State Highway Patrol-Troop C,1571270400000,190606781,2,0,2,0,Personal Injury,ST. LOUIS CITY,ST LOUIS,C,2,2,0,221,0.04,B ,E ,IS 70,ERM EAST IS 70 MILE 2462,Daylight,Motor Vehicle in Transport,1,63,Thu     ,0,0,0,0,0,0,0,1,0,0,0,0,0,0,0,1,0,0,0,0,0,0,0,0,1,38.68392,-90.22002,0,10/17/2019,10:34:00,VEHICLE 1 WAS IN LANE 1. VEHICLE 2 WAS IN LANE 2. DRIVER 1 VEERED INTO LANE 2 AND STRUCK THE SIDE OF VEHICLE 2.
836674,3190028826,Missouri State Highway Patrol-Troop A,1571270400000,190606916,1,0,1,0,Personal Injury,CLAY,GLADSTONE,A,2,2,0,505,0.1,A ,S ,IS 29,ERM SOUTH IS 29 MILE 22,Daylight,Motor Vehicle in Transport,1,63,Thu     ,0,0,0,0,0,0,0,1,1,0,0,0,0,0,0,1,0,0,0,0,1,0,0,1,0,39.18059,-94.58711,0,10/17/2019,11:51:00,CRASH OCCURRED AS VEHICLE 1 WAS SOUTHBOUND IN THE LEFT LANE AND DROVE INTO THE PATH OF VEHICLE 2 TRAVELING IN THE CENTER LANE. VEHICLE 1 STRUCK VEHICLE 2. VEHICLE 1 THEN STRUCK THE GUARDRAIL AND OVERTURNED. ASSISTED BY TPR B S GUNBY /349/ CPL R J WILHOIT /1129/ TPR B V COLE /1359/
1307426,3190028388,Missouri State Highway Patrol-Troop C,1571270400000,190606953,2,0,2,0,Personal Injury,JEFFERSON,DE SOTO,C,2,2,0,0,0,AT,S ,CST SECOND ST,CST AMVETS DR,Daylight,Motor Vehicle in Transport,1,64,Thu     ,0,0,0,0,1,0,0,0,0,0,1,1,0,0,0,1,0,0,0,0,0,0,0,0,0,38.13269,-90.5574,0,10/17/2019,12:04:00,VEHICLE #1 WAS TRAVELING WITH EMERGENCY LIGHTS AND SIREN ACTIVATED. DRIVER #2 PROCEEDED INTO THE INTERSECTION CAUSING VEHICLE #1 TO STRIKE THE PASSENGER SIDE OF VEHICLE #2.
1238667,3190028729,Missouri State Highway Patrol-Troop C,1571270400000,190606997,1,0,0,1,Personal Injury,JEFFERSON,NON-CITY OR UNINCORPORATED,C,1,1,0,26,0,B ,N,CRD MAPAVILLE-HEMATITE RD,CRD PLASS RD,Daylight,Fixed Object,2,,Thu     ,1,0,0,0,1,0,1,0,0,0,0,0,0,0,0,1,0,0,0,0,0,0,0,0,0,38.24611,-90.488,0,10/17/2019,12:22:00,VEHICLE 1 RAN OFF THE RIGHT SIDE OF THE ROADWAY.  DRIVER 1 OVERCORRECTED CAUSING VEHICLE 1 TO TRAVEL OFF THE LEFT SIDE OF THE ROADWAY STRIKING AN EMBANKMENT AND UTILITY POLE.
955297,3190029245,Missouri State Highway Patrol-Troop D,1571270400000,190607012,1,0,1,0,Personal Injury,GREENE,NON-CITY OR UNINCORPORATED,D,1,1,0,10,0,A ,E ,CRD 124,CRD 97,Daylight,Fixed Object,2,,Thu     ,1,0,0,0,0,0,0,1,0,0,0,0,0,0,0,0,0,0,0,0,0,0,0,0,0,37.2278,-93.44031,0,10/17/2019,12:25:00,"#1 WAS EASTBOUND ON FARM ROAD 124 WHEN IT RAN OFF THE RIGHT SIDE OF THE ROAD, OVERCORRECTED, WENT ACROSS THE ROAD AND RAN OFF THE LEFT SIDE OF THE ROADWAY STRIKING A MAILBOX AND A TREE."
1510176,3190031729,Missouri State Highway Patrol-Troop H,1571270400000,190607408,1,1,1,0,Fatal,GRUNDY,NON-CITY OR UNINCORPORATED,H,1,1,0,4752,0.9,A ,E ,MO 146,CRD NW 25TH ST,Daylight,Fixed Object,2,,Thu     ,0,0,0,0,0,0,0,1,1,0,0,0,0,0,0,1,0,0,0,0,1,0,0,1,0,40.09805,-93.70771,1,10/17/2019,15:35:00,"FATALITY REPORT - NEXT OF KIN NOTIFIED - CRASH OCCURRED AS VEHICLE 1 WAS NORTHBOUND ON MO 146.  VEHICLE 1 TRAVELED OF THE WEST SIDE OF THE ROADWAY, DOWN AN EMBANKMENT AND STRUCK A TREE.  VEHICLE 1 CAME TO REST UPRIGHT FACING NORTH.  DRIVER WAS PRONOUNCED DECEASED AT THE SCENE BY GRUNDY COUNTY CORONER DEWAYNE SLATER AT 1545 HOURS.  ASSISTED BY TPR. B.N. RANEY (731), GRUNDY COUNTY SHERIFF'S DEPARTMENT, GRUNDY COUNTY EMS AND GRUNDY COUNTY CORONER."
971287,3190028130,Missouri State Highway Patrol-Troop D,1571270400000,190607468,1,0,0,1,Personal Injury,BARRY,NON-CITY OR UNINCORPORATED,D,1,1,0,7391,1.4,A ,N,CRD MILES MOUNTIAN ROAD,MO 90,Daylight,Fell/Jumped from MV,2,,Thu     ,0,0,0,0,1,1,1,0,0,0,0,0,0,0,0,1,0,0,0,0,0,0,1,0,0,36.5919,-94.07284,0,10/17/2019,16:00:00,CRASH OCCURRED AS DRIVER #1 LOST CONTROL OF VEHICLE #1 ON A GRAVEL ROADWAY.  VEHICLE #1 WENT OFF THE ROADWAY ON THE LEFT SIDE AND STRUCK A FENCE. DRIVER #1 WAS EJECTED.
1194315,3190029052,Missouri State Highway Patrol-Troop B,1571270400000,190607486,5,0,3,2,Personal Injury,RALLS,NEW LONDON,B,2,2,0,5,0,A ,E ,CST WEST 5TH STREET,US 61,Daylight,Motor Vehicle in Transport,1,64,Thu     ,0,0,0,0,0,0,1,1,1,0,0,0,1,0,0,1,0,0,0,0,0,0,0,0,0,39.58391,-91.40656,0,10/17/2019,16:20:00,"VEHICLE 1 WAS EASTBOUND FROM A CROSSOVER.  DRIVER OF VEHICLE 1 FAILED TO YIELD TO VEHICLE 2 AND ATTEMPTED TO CROSS THE NORTHBOUND LANES OF US-61.  VEHICLE 2 COLLIDED WITH VEHICLE 1.  VEHICLE 1 CAME TO REST PARTIALLY IN THE NORTHBOUND DRIVING LANE.  VEHICLE 2 RAN OFF THE ROAD AND COLLIDED WITH A STOP SIGN AND A CULVERT BEFORE COMING TO REST.  ASSISTED BY MSGT BARTELS #323, THE RALLS COUNTY SHERIFF'S DEPARTMENT, NEW LONDON FIRE, AND MARION AND RALLS COUNTY AMBULANCES."
1275884,3190028693,Missouri State Highway Patrol-Troop C,1571270400000,190607502,1,0,1,0,Personal Injury,FRANKLIN,ST CLAIR,C,2,2,0,5,0,B ,E ,IS 44,ERM EAST IS 44 MILE 2346,Daylight,Motor Vehicle in Transport,1,61,Thu     ,0,0,0,0,0,0,1,0,0,0,0,0,0,0,0,0,0,0,0,0,0,0,0,0,0,38.31096,-91.05942,0,10/17/2019,16:30:00,"VEHICLE 2 WAS EASTBOUND ON INTERSTATE 44 AND STOPPED FOR TRAFFIC AHEAD.  DRIVER 1 FAILED TO NOTICE, CAUSING THE FRONT OF VEHICLE 1 TO STRIKE THE REAR OF VEHICLE 2."
1293285,3190028994,Missouri State Highway Patrol-Troop C,1571270400000,190607544,2,0,0,2,Personal Injury,ST. LOUIS,HAZELWOOD,C,4,4,Y,26,0,A ,E ,IS 270,ERM NORTH IS 270 MILE 230,Daylight,Motor Vehicle in Transport,1,61,Thu     ,0,0,0,0,1,0,0,1,0,0,0,0,0,0,0,1,0,0,0,0,1,0,0,1,0,38.77325,-90.39912,0,10/17/2019,16:45:00,VEHICLE 1 EXITED HIGHWAY 370 ONTO EASTBOUND I-270 AND ATTEMPTED TO CHANGE LANES AND STRUCK VEHICLE 2.  THE IMPACT CAUSED VEHICLE 2 TO BECOME AIRBORNE AND STRIKE VEHICLE 3. THE IMPACT CAUSED VEHICLE 3 TO STRIKE THE GUARDRAIL AND TRAVEL OFF THE RIGHT SIDE OF THE ROADWAY INTO THE DITCH. VEHICLE 2 THEN STRUCK VEHICLE 4. DRIVER 3 FLED THE SCENE OF THE CRASH. ASSISTED BY CPL V. M. KASPUT (1339) AND  TPR B. G. GROVES (837)
1282594,3190028488,Missouri State Highway Patrol-Troop C,1571270400000,190607633,1,0,1,0,Personal Injury,ST. CHARLES,ST CHARLES,C,2,2,0,30,0.01,A ,E ,IS 70,ERM EAST IS 70 MILE 2296,Daylight,Motor Vehicle in Transport,1,61,Thu     ,0,0,0,0,0,0,1,0,0,0,0,0,0,0,0,1,0,0,0,0,1,0,0,0,1,38.76765,-90.49216,0,10/17/2019,17:25:00,BOTH VEHICLES WERE TRAVELING EASTBOUND ON INTERSTATE 70.  DRIVER 1 WAS FOLLOWING TOO CLOSELY AND STRUCK THE REAR OF VEHICLE 2.
1321925,3190027982,Missouri State Highway Patrol-Troop G,1571270400000,190607666,2,0,2,0,Personal Injury,TEXAS,NON-CITY OR UNINCORPORATED,G,2,2,0,42,0.01,B ,S ,US 63,CRD MILLSTONE RD SJ,Daylight,Motor Vehicle in Transport,1,61,Thu     ,0,0,0,0,0,0,1,1,0,0,0,0,0,0,0,0,0,0,0,0,1,0,0,1,0,37.28799,-91.96762,0,10/17/2019,17:35:00,ACCIDENT OCCURRED AS VEHICLE 2 STOPPED TO TURN LEFT AND WAS STRUCK IN THE REAR BY VEHICLE 1.
1238673,3190027996,Missouri State Highway Patrol-Troop C,1571270400000,190607832,2,0,2,0,Personal Injury,JEFFERSON,NON-CITY OR UNINCORPORATED,C,2,2,0,282,0.05,A ,S ,MO 141,PVT HIGH VIEW DR,Dark-Unlighted,Motor Vehicle in Transport,1,61,Thu     ,0,0,0,0,0,0,0,0,0,0,0,0,0,0,0,0,0,0,0,0,1,0,0,0,1,38.49465,-90.44441,0,10/17/2019,19:30:00,"DRIVER 2 FAILED TO SEE VEHICLE 1 TRAVELING SLOWLY CAUSING THE FRONT OF VEHICLE 1 TO STRIKE THE REAR OF VEHICLE 2.  ASSISTED BY TPR T.H. ELLISTON (763), AND TPR K.W. KAISER (298). CORRECTED REPORT"
1316315,3190028093,Missouri State Highway Patrol-Troop C,1571270400000,190607932,1,0,1,0,Personal Injury,ST. LOUIS,VALLEY PARK,C,1,1,0,52,0.01,B ,S ,MO 141,RP 6314,Dark-Lighted,Overturn,1,,Thu     ,0,0,0,0,1,0,0,1,0,1,0,0,0,0,0,1,0,0,0,0,0,1,0,0,0,38.54056,-90.49552,0,10/17/2019,20:49:00,VEHICLE 1 WAS SOUTHBOUND ON HIGHWAY 141 TURNING RIGHT ONTO WESTBOUND I-44. DRIVER 1 OVER CORRECTED AND VEHICLE 1 OVERTURNED.
1238675,3190029609,Missouri State Highway Patrol-Troop C,1571356800000,190608252,2,0,0,2,Personal Injury,JEFFERSON,NON-CITY OR UNINCORPORATED,C,3,3,0,0,0,AT,N,US 67,CRD FLUCOM RD,Dark-Unlighted,Motor Vehicle in Transport,1,64,Fri     ,0,0,0,0,0,0,0,1,1,0,0,1,1,1,0,1,0,0,0,0,1,0,0,1,0,38.10577,-90.48263,0,10/18/2019,06:25:00,DRIVER 2 FAILED TO YIELD TO VEHICLE 1 TURNING VEHICLE 2 INTO ITS PATH.  DRIVER 1 WAS UNABLE TO STOP CAUSING THE FRONT OF VEHICLE 1 TO STRIKE THE RIGHT REAR OF VEHICLE 2.
1506766,3190027833,Missouri State Highway Patrol-Troop H,1571356800000,190608312,1,0,0,1,Personal Injury,DEKALB,NON-CITY OR UNINCORPORATED,H,1,1,0,42,0.01,A ,W ,US 36,MO 33 WJ,Dark-Unlighted,Fixed Object,2,,Unk     ,0,0,0,0,0,0,0,1,1,0,0,0,0,0,0,1,0,0,0,0,0,0,0,0,0,39.76186,-94.40194,0,10/18/2019,05:00:00,"CRASH OCCURRED AS VEH 1 WAS WESTBOUND ON US 36.  VEH 1 TRAVELED OFF THE SOUTH SIDE OF THE ROADWAY, STRUCK AN EMBANKMENT, AND OVERTURNED SEVERAL TIMES. VEH 1 CAME TO REST ON ITS TOP FACING SOUTH AT THE BOTTOM OF A DITCH. ASSISTED BY CPL. V. R. E. MCBRIDE (339)."
822823,3190027958,Missouri State Highway Patrol-Troop A,1571356800000,190608385,1,0,1,0,Personal Injury,BENTON,NON-CITY OR UNINCORPORATED,A,1,1,0,454,0.09,A ,W ,RT H,CRD KULLMAN RD,Unknown,Fixed Object,2,,Unk     ,0,0,0,0,0,0,0,0,0,0,0,0,0,0,0,1,0,0,0,0,0,0,0,0,0,38.31846,-93.2294,0,10/18/2019,00:00:00,"CRASH OCCURRED AS VEHICLE 1 WAS TRAVELING WESTBOUND AND FAILED TO NEGOTIATE A TURN. VEHICLE TRAVELED OFF THE ROADWAY, STRUCK  A ROAD SIGN AND OVERTURNED."
1321928,3190034164,Missouri State Highway Patrol-Troop G,1571356800000,190608421,2,0,2,0,Personal Injury,TEXAS,NON-CITY OR UNINCORPORATED,G,1,1,0,1003,0.19,B ,S ,RT C,CRD PARKER RD,Daylight,Fixed Object,2,,Fri     ,0,0,0,0,0,1,1,0,0,0,0,0,0,0,0,0,1,0,0,0,0,0,0,0,0,37.52609,-91.83247,0,10/18/2019,07:58:00,"ACCIDENT OCCURRED AS VEHICLE TRAVELED OFF OF RIGHT SIDE OF ROAD AND STRUCK A POST.  VEHICLE 1 THEN RETURNED TO THE ROADWAY, TRAVELED OFF OF LEFT SIDE OF ROADWAY, STRUCK A TELEPHONE POLE AND A FENCE. VEH 1 THEN OVERTURNED."
840535,3190027738,Missouri State Highway Patrol-Troop A,1571356800000,190608445,2,0,2,0,Personal Injury,LAFAYETTE,NON-CITY OR UNINCORPORATED,A,2,2,0,0,0,AT,W ,RT FF,CRD SNI-A-BAR,Daylight,Motor Vehicle in Transport,1,64,Fri     ,0,0,0,0,0,0,0,1,1,0,0,1,0,0,0,1,0,0,0,0,0,0,0,0,0,39.07622,-94.04691,0,10/18/2019,08:12:00,CRASH OCCURRED AS VEH PULLED INTO THE PATH OF VEH 2. VEH 2 THEN OVERTOOK AND STRUCK VEH 1.  ASSISTED BY LAFAYETTE COUNTY SHERIFFS DEPARTMENT
1321942,3190034166,Missouri State Highway Patrol-Troop G,1571356800000,190608447,1,0,1,0,Personal Injury,TEXAS,NON-CITY OR UNINCORPORATED,G,1,1,0,586,0.11,A ,S ,MO 17,RT Z,Daylight,Other Object,1,,Fri     ,0,0,0,0,0,0,0,1,0,0,0,0,0,0,0,0,0,0,0,0,0,0,0,0,0,37.31918,-92.00008,0,10/18/2019,08:10:00,"ACCIDENT OCCURRED AS VEHICLE 1 SIDESWIPED VEHICLE 2, TRAVELED OFF OF RIGHT SIDE OF ROADWAY, AND STRUCK A TREE."
805463,3190028815,Missouri State Highway Patrol-Troop A,1571356800000,190608527,1,0,1,0,Personal Injury,JOHNSON,NON-CITY OR UNINCORPORATED,A,1,1,Y,570,0.11,A ,N,RT WW,CRD SE 1201,Daylight,Fixed Object,2,,Fri     ,0,0,0,0,0,0,1,0,0,0,0,0,0,0,0,1,0,0,0,0,1,0,0,1,0,38.62423,-93.52991,0,10/18/2019,08:00:00,CRASH OCCURRED AS VEHICLE 1 WAS TRAVELING WESTBOUND AND ATTEMPTED TO AVOID AN ANIMAL IN THE ROADWAY. VEHICLE 1 TRAVELED OFF THE RIGHT SIDE OF THE ROADWAY AND STRUCK A FENCE AND TREE. ASSISTED BY CPL J J CRUMP /1361/
948481,3190028106,Missouri State Highway Patrol-Troop D,1571356800000,190608549,1,0,1,0,Personal Injury,POLK,NON-CITY OR UNINCORPORATED,D,1,1,0,9504,1.8,A ,W ,RT NN,RT D,Daylight,Animal,1,,Fri     ,0,0,0,0,0,0,0,1,0,0,0,0,0,0,0,0,0,0,0,0,0,1,0,0,0,37.6806,-93.39427,0,10/18/2019,09:10:00,VEHICLE 1 STRUCK A COW IN THE ROADWAY
937779,3190027893,Missouri State Highway Patrol-Troop D,1571356800000,190608661,1,0,1,0,Personal Injury,NEWTON,NON-CITY OR UNINCORPORATED,D,3,3,0,107,0.02,A ,S ,LP 49,BRIDGE K0765,Daylight,Motor Vehicle in Transport,1,61,Fri     ,0,0,0,0,0,0,0,1,1,0,0,0,0,1,0,0,0,0,0,0,1,0,0,1,0,37.01121,-94.47964,0,10/18/2019,09:55:00,ACCIDENT OCCURRED AS VEH #1 STRUCK REAR OF #2 CAUSING VEH #2 TO STRIKE THE REAR OF VEH #3
1173398,3190028541,Missouri State Highway Patrol-Troop F,1571356800000,190608663,1,0,1,0,Personal Injury,MORGAN,NON-CITY OR UNINCORPORATED,F,2,2,0,58,0.01,B ,E ,MO 52,CRD MULE DR,Daylight,Motor Vehicle in Transport,1,64,Fri     ,0,0,0,0,0,0,0,1,0,0,0,0,0,0,0,0,1,0,0,0,0,0,0,0,0,38.4023,-92.74827,0,10/18/2019,09:55:00,OCCURRED AS VEHICLE 1 WAS MAKING A RIGHT TURN ONTO MULE DRIVE FROM HIGHWAY 52. VEHICLE 2 FAILED TO SLOW DOWN FOR CONGESTED TRAFFIC AHEAD AND TRAVELED OFF THE RIGHT SIDE OF THE ROADWAY. VEHICLE 2 STRUCK VEHICLE 1 ON MULE DRIVE.
1337365,3190028560,Missouri State Highway Patrol-Troop G,1571356800000,190609173,2,0,2,0,Personal Injury,SHANNON,BIRCH TREE,G,2,2,0,0,0,AT,E ,US 60,MO 99,Daylight,Motor Vehicle in Transport,1,64,Fri     ,0,0,0,0,0,0,0,1,1,0,0,0,1,0,0,1,0,0,0,0,1,0,0,1,0,36.99936,-91.4928,0,10/18/2019,13:40:00,VEHICLE 1 FAILED TO YIELD AT AN INTERSECTION AND STRUCK VEHICLE 2.
1196305,3190028376,Missouri State Highway Patrol-Troop F,1571356800000,190609194,5,0,3,2,Personal Injury,HOWARD,NON-CITY OR UNINCORPORATED,F,2,2,0,248,0.05,B ,W ,US 40,CRD CREWS AVE,Daylight,Motor Vehicle in Transport,1,60,Fri     ,0,0,0,0,0,0,0,1,1,0,0,0,0,0,0,1,0,0,0,0,0,0,0,0,0,38.99767,-92.74256,0,10/18/2019,13:50:00,OCCURRED AS VEHICLE 1 CROSSED THE CENTER LINE AND STRUCK VEHICLE 2.  VEHICLE 2 THEN OVERTURNED SEVERAL TIMES.
1176265,3190035469,Missouri State Highway Patrol-Troop B,1571356800000,190609224,1,0,1,0,Personal Injury,CLARK,NON-CITY OR UNINCORPORATED,B,1,1,0,2640,0.5,A ,S ,MO 81,CRD 271,Daylight,Fixed Object,2,,Fri     ,0,0,0,0,0,1,1,0,0,0,0,0,0,0,0,0,0,0,0,0,0,0,0,0,0,40.28937,-91.65458,0,10/18/2019,14:00:00,"VEHICLE RAN OFF THE RIGHT SIDE OF THE ROADWAY, DRIVER OVERCORRECTED, RAN OFF THE RIGHT SIDE OF THE ROADWAY AGAIN AND ROLLED. ASSISTED BY TPR. TAPPENDORF #1255, CLARK COUNTY RESCUE, CLARK COUNTY AMBULANCE AND THE CLARK COUNTY SHERIFF'S DEPARTMENT."
1194005,3190028036,Missouri State Highway Patrol-Troop B,1571356800000,190609232,0,0,0,0,Property Damage,RALLS,NON-CITY OR UNINCORPORATED,B,1,1,0,47,0.01,B ,W ,RT D,CRD MISSOURI RD,Daylight,Fixed Object,2,,Fri     ,0,0,0,0,0,0,0,1,1,0,0,0,0,0,0,0,0,0,0,0,0,0,0,0,1,39.38263,-91.70254,0,10/18/2019,14:10:00,"NON TRAFFIC FATALITY-SUBJECT SUFFERED A MEDICAL ISSUE RAN OFF THE LEFT SIDE OF THE ROADWAY AND STRUCK A FENCE.  ASSISTED BY SGT DUPPONG 824, PERRY FIRE DEPARTMENT, RALLS COUNTY SHERIFFS DEPARTMENT AND AMBULANCE.  DRIVER 01 WAS PROUNOUNCED DEAD AT THE SCENE AT 1454 BY DR HUSSEIN.  NEXT OF KIN HAVE BEEN NOTIFIED."
1238674,3190027934,Missouri State Highway Patrol-Troop C,1571356800000,190609254,0,0,0,0,Property Damage,JEFFERSON,NON-CITY OR UNINCORPORATED,C,2,2,0,0,0,AT,W ,RT MM,PVT WOODRIDGE DR,Daylight,Motor Vehicle in Transport,1,64,Fri     ,0,0,0,0,0,0,0,1,1,0,0,1,0,0,0,1,0,0,0,0,1,0,0,1,0,38.4022,-90.55722,0,10/18/2019,14:25:00,VEHICLE #1 TRAVELING NORTHBOUND WOODRIDGE DR. VEHICLE #2 TRAVELING EASTBOUND HIGHWAY MM. VEHICLE #1 PULLED IN FRONT OF VEHICLE #2 STRIKING THE RIGHT SIDE OF VEHICLE #2. VEHICLE #2 RAN OFF THE RIGHT SIDE OF ROADWAY AND STRUCK GUY WIRES.
1196304,3190028721,Missouri State Highway Patrol-Troop F,1571356800000,190609336,2,0,1,1,Personal Injury,HOWARD,NON-CITY OR UNINCORPORATED,F,3,3,0,797,0.15,A ,S ,MO 5,PVT 334A,Daylight,Motor Vehicle in Transport,1,61,Fri     ,0,0,0,0,0,1,1,1,0,0,0,0,0,0,0,1,0,0,0,0,1,0,0,1,0,39.03472,-92.74336,0,10/18/2019,15:01:00,"CRASH OCCURRED AS VEHICLE 2 AND 3 SLOWED FOR TRAFFIC AHEAD.  VEHICLE 1 STRUCK VEHICLE 2 IN REAR AND PUSHED VEHICLE 2 INTO VEHICLE 3.  AFTER IMPACT,  VEHICLE 1 AND 2 EXITED THE HIGHWAY."
1286945,3190030095,Missouri State Highway Patrol-Troop C,1571356800000,190609413,4,0,4,0,Personal Injury,ST. LOUIS,SUNSET HILLS,C,6,6,0,47,0.01,A ,W ,IS 270,ERM SOUTH IS 270 MILE 32,Daylight,Motor Vehicle in Transport,1,61,Fri     ,0,0,0,0,0,1,1,0,0,0,0,0,0,0,0,0,0,0,0,0,1,0,0,1,0,38.51959,-90.39158,0,10/18/2019,15:37:00,"DRIVER 1 MADE A LANE CHANGE AT THE SAME TIME AS DRIVER 3, CAUSING VEHICLE 1 TO STRIKE THE SIDE OF VEHICLE 3. VEHICLE 1 THEN STRUCK VEHICLE 4, CAUSING VEHICLE 4 TO STRIKE THE RIGHT SIDE OF VEHICLE 6. THE FRONT OF VEHICLE 5 THEN STUCK THE FRONT LEFT SIDE OF VEHICLE 1."
866201,3190028462,Missouri State Highway Patrol-Troop A,1571356800000,190609828,1,0,1,0,Personal Injury,CLAY,OAKS,A,2,2,0,35,0.01,B ,N,CST N OAK TRFY,CST BARNES AVE,Daylight,Motor Vehicle in Transport,1,61,Fri     ,0,0,0,0,0,0,0,0,0,0,0,0,0,0,0,0,0,0,0,0,1,0,0,1,0,39.19833,-94.57643,0,10/18/2019,17:58:00,OCCURRED AS VEH 2 STOPPED IN THE LEFT LANE TO TURN AND WAS STRUCK FROM THE REAR BY VEHICLE 1.
1114196,3190029354,Missouri State Highway Patrol-Troop E,1571356800000,190609846,4,1,2,2,Fatal,CAPE GIRARDEAU,NON-CITY OR UNINCORPORATED,E,2,2,0,1188,0.22,A ,N,MO 25,CRD 228,Daylight,Motor Vehicle in Transport,1,64,Fri     ,0,0,0,0,1,1,1,0,0,0,0,0,0,0,0,1,0,0,0,0,0,0,0,0,1,37.28494,-89.66866,1,10/18/2019,18:10:00,"LATE DEATH - FATALITY CRASH - CRASH OCCURRED AS VEHICLE ONE CROSSED THE CENTER LINE STRIKING VEHICLE TWO HEAD ON.  PRONOUNCED BY DR LAURIE PUNCH WITH BARNES JEWISH HOSPITAL AT 0931 ON 10/19/2019. ASSISTED BY CPL. P.C. HAZELWOOD #249,SGT D.M. MCDANIEL # 410,SGT M.D. LYNCH #1161,TPRL L.J. HAGGETT #593,TPR M.R. ASHBY #1351.  TROOP E FATALITY #45 FOR 2019."
1031143,3190028330,Missouri State Highway Patrol-Troop I,1571356800000,190609854,2,0,0,2,Personal Injury,PULASKI,NON-CITY OR UNINCORPORATED,I,1,1,0,21,0,A ,S ,MO 17,CRD BEAUMONT RD,Daylight,Overturn,2,,Fri     ,0,0,0,0,0,0,0,0,0,0,0,0,0,0,0,0,0,0,1,0,0,1,0,0,0,37.98483,-92.26081,0,10/18/2019,18:10:00,"CRASH OCCURRED AS VEHICLE 1 SUSTAINED A VEHICLE FAILURE AND TRAVELED OFF THE LEFT SIDE OF THE ROADWAY.  VEHICLE 1 RETURNED TO THE ROADWAY, TRAVELED OFF THE RIGHT SIDE OF THE ROADWAY AND CAME TO REST.  BOTH OCCUPANTS WERE EJECTED FROM THE VEHICLE"
807655,3190028333,Missouri State Highway Patrol-Troop A,1571356800000,190609968,1,0,1,0,Personal Injury,JACKSON,RIVER BEND,A,3,3,0,0,0,AT,E ,MO 210,RP 5440,Dark-Lighted,Motor Vehicle in Transport,1,64,Fri     ,0,0,0,0,0,1,1,1,0,1,0,0,0,0,0,1,0,0,0,0,0,0,0,0,0,39.18383,-94.39764,0,10/18/2019,19:15:00,OCCURRED AS VEH-2 TURNED SOUTH ONTO MO-291 AND THE FRONT OF VEH-1 STRUCK THE PASSENGER SIDE OF VEH-2. DEBRIS FROM VEH-1 STRUCK THE PASSENGER SIDE OF VEH-3.
1292847,3190037009,Missouri State Highway Patrol-Troop C,1571356800000,190610219,3,0,3,0,Personal Injury,ST. LOUIS,BELLEFONTAINE NEIGHBORS,C,2,2,0,5,0,A ,S ,MO 367,RP 6412,Dark-Lighted,Fixed Object,2,,Fri     ,0,0,0,0,0,0,1,0,0,0,0,0,0,0,0,1,0,0,0,0,0,0,0,0,0,38.77115,-90.23888,0,10/18/2019,21:25:00,"VEHICLE 1 WAS TRAVELING ONTO SOUTHBOUND MO-367, FROM WESTBOUND I-270. VEHICLE 2 WAS TRAVELING ON SOUTHBOUND MO-367, AT I-270, IN LANE 3. VEHICLE 1 WAS CUT OFF BY ANOTHER VEHICLE. VEHICLE 1 STRUCK THE GUARDRAIL. VEHICLE 1 AND VEHICLE 2 THEN SIDESWIPED EACH OTHER. VEHICLE 1 OVERTURNED AND VEHICLE 2 STRUCK THE MEDIAN WALL. ASSISTED BY TPR B. G. GROVES (837)"
1321943,3190027984,Missouri State Highway Patrol-Troop G,1571356800000,190610365,1,0,1,0,Personal Injury,TEXAS,NON-CITY OR UNINCORPORATED,G,1,1,0,506,0.1,A ,S ,MO 137,CRD OSCAR RD,Dark-Unlighted,Animal,1,,Unk     ,0,0,0,0,0,0,0,1,0,0,0,0,0,0,0,0,0,0,0,0,0,0,0,0,0,37.41184,-91.82945,0,10/18/2019,22:43:00,OCCURRED AS VEHICLE WAS TRAVELING SOUTHBOUND AND STRUCK A DEER.
925681,3190028275,Missouri State Highway Patrol-Troop D,1571443200000,190610652,1,0,1,0,Personal Injury,MCDONALD,NON-CITY OR UNINCORPORATED,D,2,2,0,147,0.03,B ,S ,RT E,CRD GOFF RIDGE RD,Dark-Unlighted,Fixed Object,2,,Sat     ,1,0,0,0,0,0,0,0,0,0,0,0,0,0,0,0,0,0,0,0,0,0,0,0,1,36.5043,-94.18004,0,10/19/2019,03:25:00,NBR 1 RAN OFF THE ROADWAY AND STRUCK A FENCE.
1042331,3190028372,Missouri State Highway Patrol-Troop I,1571443200000,190610653,1,0,1,0,Personal Injury,LACLEDE,NON-CITY OR UNINCORPORATED,I,1,1,0,1483,0.28,A ,W ,CRD EMERSON ROAD,CRD RIPLEY DRIVE,Dark-Unlighted,Fixed Object,2,,Sat     ,0,0,0,0,0,0,0,0,0,0,0,0,0,0,0,0,0,0,0,0,0,0,0,0,0,37.63001,-92.58605,0,10/19/2019,03:26:00,VEHICLE 1 TRAVELED OFF OF THE LEFT SIDE OF THE ROADWAY AND STRUCK A UTILITY POLE. ASSISTED BY SHERIFF'S OFFICE LACLEDE COUNTY