objectid,accident,agency,inv_date,complaint,injured,killed,min_inj,dis_inj,severity,county,city,troop,no_vehicle,motor_veh,left_scene,dist_feet,dist_mile,inter_loc,direction,on_street,at_street,light_cond,acc_type,on_off_rd,two_veh,day_week,dr_drink,dr_drug,ped_drink,ped_drug,speed,dr_under21,dr_under25,dr_over55,dr_over64,electrical,emer_veh,stop_sign,yield_sign,czone,hazmat,aggressive,cell_phone,texting,veh_defect,school_bus,truck,motorcycle,atv,pickup,cmv,gps_lat,gps_long,severity_fatal,acc_date,acc_time,narrative
1031142,3190031201,Missouri State Highway Patrol-Troop I,1571443200000,190610682,2,1,0,2,Fatal,PULASKI,NON-CITY OR UNINCORPORATED,I,2,2,0,154,0.03,A ,W ,IS 44,ERM WEST IS 44 MILE 1582,Dark-Unlighted,Motor Vehicle in Transport,1,64,Sat     ,0,0,0,0,0,0,1,0,0,0,0,0,0,0,0,1,0,0,0,0,0,0,0,0,1,37.81778,-92.19651,1,10/19/2019,05:48:00,"FATALITY CRASH - NEXT OF KIN NOTIFIED - OCCURRED AS VEH 1 WAS MERGING FROM THE RIGHT SHOULDER ONTO THE ROADWAY. VEH 2 CHANGED FROM THE DRIVING LANE INTO THE PASSING LANE. VEH 1 CROSSED BOTH LANES AND INTO THE PATH OF VEH 2, AND WAS STRUCK BY VEH 2. DRIVER OF VEHICLE 1 WAS PRONOUNCED AT 0651 BY HOURS BY THE PULASKI COUNTY CORONER NICK PAPPAS. THIS IS TROOP I'S 5TH FATALITY IN OCTOBER AND 33RD IN 2019. ASSISTED BY SGT B.C. GRUBEN (1195), SGT J.L. KEATHLEY (838), CPL G.A. WEDDLE (744), TPR N.A. SMITH (1376), AND TPR S.M .BLACKSTON (166)."
884033,3190027916,Missouri State Highway Patrol-Troop A,1571443200000,190610699,1,0,0,1,Personal Injury,BATES,NON-CITY OR UNINCORPORATED,A,1,1,0,2112,0.4,B ,N,RT BB,CRD NE CO RD 15004,Dark-Unlighted,Fixed Object,2,,Unk     ,0,0,0,0,0,1,1,0,0,0,0,0,0,0,0,1,0,0,0,0,1,0,0,1,0,38.42434,-94.10323,0,10/19/2019,00:00:00,CRASH OCCURRED AS VEH LEFT THE ROADWAY AND STRUCK A CULVERT CAUSING IT TO OVERTURN.  DRIVER 1 WAS EJECTED FROM VEHICLE.  ASSISTED BY TPR R O GREEN/901 AND BATES COUNTY SHERIFFS DEPARTMENT
1316494,3190028670,Missouri State Highway Patrol-Troop C,1571443200000,190610729,2,0,2,0,Personal Injury,ST. LOUIS,NON-CITY OR UNINCORPORATED,C,2,2,0,168,0.03,A ,E ,IS 70,RP 104202,Daylight,Motor Vehicle in Transport,1,61,Sat     ,0,0,0,0,1,0,0,0,0,0,0,0,0,0,0,1,0,0,0,0,0,0,0,0,0,38.75714,-90.46313,0,10/19/2019,07:10:00,VEHICLE #1 WAS TRAVELING EASTBOUND ON INTERSTATE 70 IN LANE 1.  VEHICLE  #2 WAS TRAVELING EASTBOUND ON INTERSTATE 70 IN LANE 2. VEHICLE 1 WAS TRAVELING AT A HIGH RATE OF SPEED AND CHANGED LANES INTO LANE 2.  THE FRONT OF VEHICLE 1 STRUCK THE REAR OF VEHICLE 2.  VEHICLE #1 TRAVELED OFF THE RIGHT SIDE OF THE ROADWAY.
1502842,3190027930,Missouri State Highway Patrol-Troop H,1571443200000,190610743,1,0,1,0,Personal Injury,CALDWELL,NON-CITY OR UNINCORPORATED,H,2,2,0,1863,0.35,A ,E ,US 36,RT D,Dark-Unlighted,Motor Vehicle in Transport,1,61,Sat     ,0,0,0,0,0,0,0,0,0,0,0,0,0,0,0,0,0,0,0,0,1,0,0,1,1,39.75008,-94.10501,0,10/19/2019,07:00:00,CRASH OCCURRED AS VEH 1 WAS EASTBOUND ON US 36. VEH 2 WAS PULLING OUT OF A PRIVATE DRIVEWAY ONTO EASTBOUND US 36 ON TOP OF HILL CREST. VEH 1 CRESTED THE HILL AND STRUCK THE TOWED UNIT OF VEH 2. BOTH VEHICLES CAME TO REST FACING EASTBOUND OFF THE SOUTH SIDE OF US 36. ASSISTED BY CALDWELL COUNTY.
1252986,3190028250,Missouri State Highway Patrol-Troop C,1571443200000,190610989,2,0,2,0,Personal Injury,FRANKLIN,NON-CITY OR UNINCORPORATED,C,3,3,0,311,0.06,B ,W ,IS 44,ERM WEST IS 44 MILE 2538,Daylight,Motor Vehicle in Transport,1,63,Sat     ,0,0,0,0,0,0,1,1,0,0,0,0,0,0,0,1,0,0,0,0,0,0,0,0,1,38.48498,-90.8165,0,10/19/2019,09:50:00,DRIVER 3 FELL ASLEEP AND LOST CONTROL OF VEHICLE 3. VEHICLE 3 TRAVELED FROM LANE 1 INTO LANE 2 AND THE FRONT RIGHT OF VEHICLE 3 STRUCK THE LEFT REAR OF VEHICLE 1. VEHICLE 1 TRAVELED INTO LANE 3 AND THE FRONT RIGHT OF VEHICLE 1 STRUCK THE LEFT REAR OF VEHICLE 2.
1168565,3190028092,Missouri State Highway Patrol-Troop F,1571443200000,190611185,1,0,1,0,Personal Injury,MONITEAU,NON-CITY OR UNINCORPORATED,F,1,1,0,21,0,A ,S ,RT T,CRD KUBLI RD,Daylight,Fixed Object,2,,Sat     ,0,0,0,0,0,0,0,0,0,0,0,0,0,0,0,0,0,0,0,0,0,0,0,0,0,0,0,0,10/19/2019,11:50:00,"OCCURRED AS VEHICLE 1 TRAVELED OFF THE RIGHT SIDE OF THE HIGHWAY, OVERCORRECTED, RAN OFF THE LEFT SIDE OF THE ROADWAY AND OVERTURNED."
939606,3190028478,Missouri State Highway Patrol-Troop D,1571443200000,190611199,1,0,1,0,Personal Injury,CHRISTIAN,NON-CITY OR UNINCORPORATED,D,2,2,0,142,0.03,B ,W ,MO 14,CRD SALERS LN,Daylight,Motor Vehicle in Transport,1,61,Sat     ,0,0,0,0,0,0,0,1,0,0,0,0,0,0,0,1,0,0,0,0,1,0,0,1,0,37.00312,-93.1744,0,10/19/2019,12:15:00,ACCIDENT OCCURRED AS VEH #2 WAS SLOWING FOR STOPPED TRAFFIC AND VEH #1 STRUCK VEH #2 IN THE REAR
1320129,3190028310,Missouri State Highway Patrol-Troop G,1571443200000,190611228,1,0,1,0,Personal Injury,TEXAS,SUMMERSVILLE,G,2,2,0,5,0,A ,S ,MO 17,CST DENT AVE,Daylight,Motor Vehicle in Transport,1,64,Sat     ,0,0,0,0,0,0,0,0,0,0,0,1,0,0,0,1,0,0,0,0,1,0,0,1,0,37.17346,-91.65812,0,10/19/2019,12:30:00,"CRASH OCCURRED AS VEH 1 FAILED TO YIELD, VEH1 STRUCK VEH 2"
801121,3190027913,Missouri State Highway Patrol-Troop A,1571443200000,190611291,1,0,1,0,Personal Injury,JACKSON,LEES SUMMIT,A,2,2,0,50,0.01,A ,N,MO 291,CST SE 16TH ST,Daylight,Motor Vehicle in Transport,1,64,Sat     ,0,0,0,0,0,1,1,1,1,0,0,0,1,0,0,1,0,0,0,0,0,0,0,0,0,38.89258,-94.37347,0,10/19/2019,12:55:00,CRASH OCCURRED AS VEH 2 WAS ATTEMPTING TO TURN NORTHBOUND ONTO M 291. VEH 1 WAS NORTHBOUND ON M 291 AND STRUCK VEH 2.  ASSISTED BY LEES SUMMIT POLICE DEPARTMENT.
1137138,3190027955,Missouri State Highway Patrol-Troop E,1571443200000,190611429,1,0,1,0,Personal Injury,IRON,NON-CITY OR UNINCORPORATED,E,1,1,0,1863,0.35,B ,E ,MO 32,RT A,Daylight,Overturn,1,,Sat     ,0,0,0,0,1,0,0,0,0,0,0,0,0,0,0,1,0,0,0,0,0,1,0,0,0,37.69175,-90.8753,0,10/19/2019,14:00:00,"CRASH OCCURRED AS DRIVER 1 FAILED TO NEGOTIATE A CURVE, TRAVELED OFF THE RIGHT SIDE OF THE ROADWAY, AND OVERTURNED."
1184988,3190028667,Missouri State Highway Patrol-Troop B,1571443200000,190611520,1,0,1,0,Personal Injury,SCHUYLER,NON-CITY OR UNINCORPORATED,B,1,1,0,47,0.01,B ,W ,RT D,CRD ALDRIDGE LN,Daylight,Fixed Object,2,,Sat     ,0,0,0,0,1,1,1,0,0,0,0,0,0,0,0,1,0,0,0,0,0,0,0,0,0,40.44777,-92.45055,0,10/19/2019,14:52:00,"01 EASTBOUND, RAN OFF THE  LEFT SIDE OF THE ROADWAY, OVERTURNED,AND CAME TO REST ON ITS TOP.  ASSISTED BY SCHUYLER COUNTY SHERIFF'S DEPARTMENT, AMBULANCE AND FIRST RESPONDERS."
1179338,3190030767,Missouri State Highway Patrol-Troop B,1571443200000,190611532,0,1,0,0,Fatal,MARION,NON-CITY OR UNINCORPORATED,B,1,1,0,2112,0.4,A ,S ,US 61,CRD 318,Daylight,Fixed Object,2,,Sat     ,0,0,0,0,0,0,0,1,1,0,0,0,0,0,0,0,0,0,1,0,0,0,0,0,1,39.85368,-91.5256,1,10/19/2019,15:05:00,"LATE DEATH FATALITY- VEHICLE 01 SOUTHBOUND, BLEW A LEFT FRONT DRIVE TIRE, AND RAN OFF THE EAST SIDE OF THE ROADWAY.  ASSISTED BY MSGT BARTELS 323, CPL MCGIVNEY 366, PALMYRA FIRE DEPARTMENT, MARION COUNTY SHERIFF'S DEPARTMENT, AND AMBULANCE. PRONOUNCED DEAD AT THE BARNES- JEWISH HOSPITAL IN ST LOUIS BY DR DANIEL REYNOLDS AT 1507 HRS ON OCTOBER 27TH."
930881,3190028288,Missouri State Highway Patrol-Troop D,1571443200000,190611739,10,0,9,1,Personal Injury,WEBSTER,NON-CITY OR UNINCORPORATED,D,1,1,0,26,0,A ,S ,CRD DEWBERRY RD,US 60,Daylight,Overturn,2,,Sat     ,0,0,0,0,0,0,0,1,1,0,0,0,0,0,0,0,0,0,0,0,0,0,0,0,0,37.121,-92.69696,0,10/19/2019,17:00:00,VEHICLE 1 RAN OFF THE ROADWAY AND OVERTURRNED EJECTING FOUR OCCUPANTS.
1277790,3190029080,Missouri State Highway Patrol-Troop C,1571443200000,190611787,1,0,1,0,Personal Injury,ST. CHARLES,NON-CITY OR UNINCORPORATED,C,2,2,0,2455,0.46,A ,W ,RT D,PVT BUSCH WILDLIFE CA RD,Daylight,Motor Vehicle in Transport,1,64,Sat     ,0,0,0,0,1,0,0,1,1,0,0,0,0,0,0,1,0,0,0,0,0,0,0,0,0,38.70732,-90.78381,0,10/19/2019,17:20:00,VEHICLE 1 WAS TRAVELING WESTBOUND ON ROUTE DD. VEHICLE 2 WAS TRAVELING EASTBOUND ON ROUTE DD. DRIVER 1 WAS TRAVELING TOO FAST FOR ROAD CONDITIONS. VEHICLE 1 BEGAN TO SLIDE AND CROSSED OVER THE CENTER LINE. THE REAR OF VEHICLE 1 STRUCK THE FRONT OF VEHICLE 2. VEHICLE 1 TRAVELED OFF THE RIGHT SIDE OF THE ROADWAY.
937737,3190028001,Missouri State Highway Patrol-Troop D,1571443200000,190611806,1,0,1,0,Personal Injury,NEWTON,NON-CITY OR UNINCORPORATED,D,1,1,0,1013,0.19,B ,N,MO 59,BRIDGE A3954,Daylight,Overturn,2,,Sat     ,0,0,0,0,0,0,0,0,0,0,0,0,0,0,0,1,0,0,0,0,0,0,0,0,0,36.91922,-94.3162,0,10/19/2019,17:20:00,OCCURRED AS #1 LEFT THE ROADWAY AND OVERTURNED DOWN AN EMBANKMENT. NEWTON SHERIFF'S DEPARTMENT AND DIAMOND FIRE
852613,3190029322,Missouri State Highway Patrol-Troop A,1571443200000,190611841,2,0,2,0,Personal Injury,PETTIS,NON-CITY OR UNINCORPORATED,A,2,2,0,0,0,AT,S ,CRD WALNUT GROVE,CRD QUARRY,Dark-Lighted,Motor Vehicle in Transport,1,60,Sat     ,0,0,0,0,0,0,0,1,0,0,0,0,0,0,0,1,0,0,0,0,0,0,0,0,0,38.78021,-93.29688,0,10/19/2019,17:18:00,CRASH OCCURRED AS VEHICLE #2  STOPPED TO MAKE A LEFT TURN AT THE TOP OF A HILL CREST AS VEHICLE #1 BEGAN TO TOP THE HILL CREST.  VEHICLE #1 STRUCK THE FRONT PASSENGER SIDE OF VEHICLE #2.
822855,3190029585,Missouri State Highway Patrol-Troop A,1571443200000,190611845,2,0,1,1,Personal Injury,BENTON,NON-CITY OR UNINCORPORATED,A,2,2,0,813,0.15,B ,E ,MO 52,CRD DODGE POND AVE,Daylight,Motor Vehicle in Transport,1,64,Sat     ,0,0,0,0,0,0,0,1,1,0,0,0,0,0,0,1,0,0,0,0,1,0,0,1,0,38.46592,-93.16233,0,10/19/2019,17:49:00,"CRASH OCCURRED AS VEHICLE 1 CROSSED THE CENTER OF THE ROADWAY AND STRUCK VEHICLE 2.  VEHICLE 1 RAN OFF THE LEFT SIDE OF THE ROADWAY AND OVERTURNED, STRIKING A FENCE. VEHICLE 2 RAN OFF THE LEFT SIDE OF THE ROADWAY AND STRUCK A FENCE. ASSISTED BY TPR B. G. KATZING /928/ AND BENTON COUNTY SHERIFF'S DEPARTMENT."
1502841,3190029211,Missouri State Highway Patrol-Troop H,1571443200000,190611955,1,0,0,1,Personal Injury,CALDWELL,NON-CITY OR UNINCORPORATED,H,2,2,0,21,0,B ,W ,US 36,CRD 401,Dark-Unlighted,Motor Vehicle in Transport,1,61,Sat     ,0,0,0,0,0,0,1,0,0,0,0,0,0,0,0,1,0,0,0,0,0,0,0,0,0,39.7354,-93.75896,0,10/19/2019,18:40:00,"CRASH OCCURRED AS VEH #1 AND VEH #2 WERE TRAVELING WESTBOUND ON US-36 IN CALDWELL COUNTY. VEH #2 BEGAN SLOWING TO TURN. VEH #1, FOLLOWING TOO CLOSELY, OVERTOOK VEH #2. THE FRONT BUMPER OF VEH #1 STRUCK THE REAR BUMPER OF VEH #2. BOTH VEHICLES CAME TO REST IN THE MEDIAN OF US-36 FACING WEST ON THEIR WHEELS. ASSISTED BY CPL R.A. SHERMAN (1136), CALDWELL COUNTY SHERIFF?S OFFICE, AND LIVINGSTON COUNTY SHERIFF?S OFFICE."
1179339,3190029822,Missouri State Highway Patrol-Troop B,1571443200000,190612004,3,1,1,2,Fatal,MARION,NON-CITY OR UNINCORPORATED,B,1,1,0,116,0.02,A ,S ,US 61,RT F,Dark-Unlighted,Overturn,2,,Sat     ,0,0,0,0,1,0,0,0,0,0,0,0,0,0,0,1,0,0,0,0,1,0,0,1,0,39.74562,-91.51497,1,10/19/2019,19:00:00,"FATALITY ACCIDENT: NEXT OF KIN NOTIFIED.  VEH 1 WAS CHANGING LANES AND TRAVELED OFF LEFT SIDE OF ROADWAY AND OVERTURNED, EJECTING BOTH PASSENGERS. VEH 1 CAME TO REST ON ITS TOP IN THE MEDIAN. DRIVER 1 WAS PRONOUNCED DECEASED AT THE SCENE BY MARION COUNTY CORONER RICK JONES AT 1920 HOURS."
943883,3190028107,Missouri State Highway Patrol-Troop D,1571443200000,190612097,1,0,1,0,Personal Injury,GREENE,WALNUT GROVE,D,2,2,0,0,0,AT,N,MO 123,RT BB,Dark-Lighted,Motor Vehicle in Transport,1,64,Sat     ,0,0,0,0,0,1,1,1,1,1,0,1,0,0,0,1,0,0,0,0,1,0,0,1,1,37.41133,-93.54969,0,10/19/2019,19:45:00,"#1 WAS TRAVELING NB ON MO 123 AND #2 WAS TRAVELING EASTBOUND ON MO RT U. #2 TRAVELED DIRECTLY INTO THE PATH OF #1 AND THE FRONT OF #1 STRUCK THE RIGHT SIDE OF #2.  ASSISTED BY TROOPER D. HENLEY, #727 AND LT. T. POTTER, #70"
970157,3190029658,Missouri State Highway Patrol-Troop D,1571443200000,190612123,6,0,4,2,Personal Injury,CEDAR,STOCKTON,D,1,1,0,290,0.05,B ,E ,MO 32,CRD 1665,Dark-Unlighted,Fixed Object,2,,Sat     ,0,0,0,0,0,1,1,0,0,0,0,0,0,0,0,1,0,0,0,0,0,0,0,0,0,37.69832,-93.78202,0,10/19/2019,19:47:00,"VEHICLE 1 RAN OFF THE ROADWAY AFTER ATTEMPTING TO PASS ANOTHER VEHICLE.  VEHICLE 1 STRUCK A CULVERT, OVERTURNED SEVERAL TIMES, STRIKING A FENCE AND TREES."
1042316,3190029345,Missouri State Highway Patrol-Troop I,1571443200000,190612157,1,0,1,0,Personal Injury,LACLEDE,NON-CITY OR UNINCORPORATED,I,1,1,0,2603,0.49,B ,S ,CRD REED DRIVE,CRD KEEPSAKE ROAD,Dark-Unlighted,Overturn,2,,Sat     ,0,0,0,0,1,0,1,0,0,0,0,0,0,0,0,1,0,0,0,0,1,0,0,1,0,37.82677,-92.60472,0,10/19/2019,20:24:00,"OCCURRED AS DRIVER 1 FAILED TO NEGOTIATE A TURN, VEHICLE 1 TRAVELED OFF RIGHT OF ROAD, OVERTURNED AND STRUCK A FENCE"
1335670,3190028083,Missouri State Highway Patrol-Troop G,1571443200000,190612219,1,0,0,1,Personal Injury,DOUGLAS,NON-CITY OR UNINCORPORATED,G,1,1,0,448,0.08,A ,N,RT W,CRD W-268,Dark-Unlighted,Fixed Object,2,,Sat     ,0,0,0,0,0,0,0,1,1,0,0,0,0,0,0,0,0,0,1,0,1,0,0,1,0,36.85619,-92.23868,0,10/19/2019,20:50:00,OCCURRED AS VEHICLE RAN OFF THE SIDE OF THE ROADWAY AND STRUCK AN EMBANKMENT. ASSISTED BY EASTERN DOUGLAS COUNTY FIRE DEPARTMENT.
1283438,3190033304,Missouri State Highway Patrol-Troop C,1571443200000,190612258,1,1,1,0,Fatal,ST. FRANCOIS,NON-CITY OR UNINCORPORATED,C,1,1,0,1520,0.29,A ,N,CRD VO-TECH RD,PVT ST FRANCOIS CEMETARY,Dark-Lighted,Fixed Object,2,,Sat     ,0,0,0,0,1,0,1,0,0,0,0,0,0,0,0,1,0,0,0,0,1,0,0,1,0,37.89945,-90.51368,1,10/19/2019,21:13:00,"FATALITY REPORT - DRIVER 1 FAILED TO NEGOTIATE A RIGHT CURVE AND TRAVELED OFF THE LEFT SIDE OF THE ROADWAY. VEHICLE 1 STRUCK  A SIGN, BEGAN TO OVERTURN AND THEN STRUCK 2 DELINEATOR POSTS AND A UTILITY POLE BEFORE COMING TO REST ON ITS PASSENGER SIDE. OCCUPANT 1 WAS PRONOUNCED ON SCENE BY ST FRANCOIS COUNTY CORONER JIM COPLIN AT 2115 HOURS. ASSISTED BY MSGT. D. F. ISRINGHAUSEN (1335)"
939639,3190028887,Missouri State Highway Patrol-Troop D,1571443200000,190612400,2,0,0,2,Personal Injury,CHRISTIAN,NON-CITY OR UNINCORPORATED,D,1,1,0,322,0.06,A ,W ,RT M,CRD SHAMROCK RD,Dark-Unlighted,Fixed Object,2,,Sat     ,1,0,0,0,1,0,1,0,0,0,0,0,0,0,0,1,0,0,0,0,0,0,0,0,0,37.01703,-93.33733,0,10/19/2019,22:25:00,"ACCIDENT OCCURRED AS VEHICLE #1 TRAVELED OFF THE RIGHT SIDE OF THE ROAD AND OVERTURNED STRIKING 2 CULVERTS, A UTILITY POLE AND A TRAFFIC SIGN EJECTING BOTH THE DRIVER AND PASSENGER."
1196303,3190029060,Missouri State Highway Patrol-Troop F,1571529600000,190612582,1,0,1,0,Personal Injury,HOWARD,NON-CITY OR UNINCORPORATED,F,1,1,0,7,0,A ,N,MO 3,CRD 215,Dark-Unlighted,Fixed Object,2,,Sun     ,0,0,0,0,1,0,0,0,0,0,0,0,0,0,0,1,0,0,0,0,1,0,0,1,0,39.22662,-92.71029,0,10/20/2019,00:35:00,"VEHICLE 1 WAS TRAVELING NORTHBOUND ON MISSOURI 3. DRIVER 1 FAILED TO NEGOTIATE THE CURVE, AND VEHICLE 1 TRAVELED OFF THE RIGHT SIDE OF THE ROADWAY. VEHICLE 1 STRUCK THE DITCH AND A MAILBOX. AND OVERTURNED. VEHICLE 1 CAME TO REST UPRIGHT FACING WEST."
1048633,3190028225,Missouri State Highway Patrol-Troop I,1571529600000,190612611,2,0,1,1,Personal Injury,CRAWFORD,NON-CITY OR UNINCORPORATED,I,2,2,0,897,0.17,A ,N,MO 19,PVT VILLAGE AT FOUR,Dark-Unlighted,Motor Vehicle in Transport,1,62,Sun     ,0,0,0,0,0,0,0,0,0,0,0,0,0,0,0,1,0,0,0,0,0,1,0,0,0,38.04105,-91.38995,0,10/20/2019,01:00:00,OCCURRED AS DRIVER 1 CROSSED CENTER OF ROADWAY ON A CURVE AND STRUCK VEHICLE 2.. DRIVER 1 WAS EJECTED
1264461,3190028961,Missouri State Highway Patrol-Troop C,1571529600000,190612669,1,0,1,0,Personal Injury,WARREN,NON-CITY OR UNINCORPORATED,C,1,1,0,839,0.16,A ,W ,MO 94,CRD BETHLEHEM SCHOOL RD,Dark-Unlighted,Overturn,2,,Sun     ,1,0,0,0,0,0,1,0,0,0,0,0,0,0,0,1,0,0,0,0,1,0,0,1,0,38.69177,-91.25979,0,10/20/2019,02:00:00,VEHICLE 1 RAN OFF THE RIGHT SIDE OF THE ROADWAY AND STRUCK AN EMBANKMENT. DRIVER 1 OVERCORRECTED CAUSING VEHICLE 1 TO OVERTURN AND STRIKE SEVERAL TREES.
1227450,3190028384,Missouri State Highway Patrol-Troop C,1571529600000,190612679,1,0,0,1,Personal Injury,ST. LOUIS,BRIDGETON,C,3,3,0,174,0.03,B ,E ,IS 70,ERM EAST IS 70 MILE 2334,Dark-Lighted,Motor Vehicle in Transport,1,61,Sun     ,0,0,0,0,0,0,0,0,0,0,0,0,0,0,0,1,0,0,0,0,0,0,0,0,0,38.74542,-90.42907,0,10/20/2019,02:20:00,VEHICLE 1 STRUCK THE RIGHT REAR OF 2 AND TRAVELED OFF THE RIGHT SIDE OF THE ROADWAY. VEHICLE 1 STRUCK VEHICLE 3 AND TRAVELED BACK ONTO THE ROADWAY AND STRUCK THE CONCRETE MEDIAN. ASSISTED BY CPL. V. M. KASPUT (1339)
893407,3190028190,Missouri State Highway Patrol-Troop D,1571529600000,190612701,2,0,2,0,Personal Injury,LAWRENCE,NON-CITY OR UNINCORPORATED,D,1,1,0,712,0.13,B ,S ,RT H,CRD 1100,Dark-Unlighted,Animal,1,,Sun     ,0,0,0,0,0,0,0,0,0,0,0,0,0,0,0,0,0,0,0,0,0,0,0,0,0,37.07354,-93.87585,0,10/20/2019,03:51:00,CRASH OCCURRED AS VEHICLE #1 STRUCK A COW IN THE ROADWAY
1253116,3190028057,Missouri State Highway Patrol-Troop C,1571529600000,190612720,1,0,1,0,Personal Injury,FRANKLIN,NON-CITY OR UNINCORPORATED,C,1,1,0,702,0.13,A ,E ,RT T,CRD FAIRFIELD RIDGE RD,Dark-Unlighted,Fixed Object,2,,Sun     ,0,0,0,0,0,1,1,0,0,0,0,0,0,0,0,0,0,0,0,0,1,0,0,1,0,38.56147,-90.77343,0,10/20/2019,06:10:00,"VEHICLE #1 WAS TRAVELING EASTBOUND ON ROUTE T.  DRIVER #1'S VISION WAS OBSCURED BY AN ONCOMING VEHICLE'S HEADLIGHTS,  VEHICLE #1 TO TRAVELED OFF THE RIGHT SIDE OF THE ROADWAY.  THE RIGHT SIDE OF VEHICLE #1 STRUCK A GUARDRAIL AND OVERTURNED."
1042335,3190028037,Missouri State Highway Patrol-Troop I,1571529600000,190612739,2,0,2,0,Personal Injury,LACLEDE,NON-CITY OR UNINCORPORATED,I,1,1,0,459,0.09,A ,E ,MO 32,CRD EMILY LN,Dark-Unlighted,Fixed Object,2,,Sun     ,0,0,0,0,0,0,0,1,0,0,0,0,0,0,0,0,0,0,0,0,1,0,0,1,0,37.62878,-92.48778,0,10/20/2019,06:43:00,VEHICLE 1 SWERVED TO AVOID A VEHICLE  THAT WAS TRAVELING IN THE WRONG LANE.  VEHICLE 1 TRAVELED OFF RIGHT SIDE OF ROADWAY AND STRUCK A TREE
1253117,3190028791,Missouri State Highway Patrol-Troop C,1571529600000,190612816,1,0,1,0,Personal Injury,FRANKLIN,NON-CITY OR UNINCORPORATED,C,1,1,0,63,0.01,B ,N,CRD NORTH BEND RD,CRD CRIDER LN,Daylight,Fixed Object,2,,Sun     ,0,0,0,0,0,0,0,0,0,0,0,0,0,0,0,0,0,0,0,0,0,0,0,0,0,38.41603,-91.0248,0,10/20/2019,08:01:00,VEHICLE 1 WAS TRAVELING SOUTHBOUND ON NORTH BEND ROAD. DRIVER 1 HAD A MEDICAL IMPAIRMENT. VEHICLE 1 TRAVELED OFF THE LEFT SIDE OF THE ROAD AND STRUCK A DITCH. ASSISTED BY TPR B.W. MASEK (1333)
842168,3190028154,Missouri State Highway Patrol-Troop A,1571529600000,190612821,2,0,2,0,Personal Injury,LAFAYETTE,CONCORDIA,A,2,2,0,100,0.02,A ,E ,IS 70,ERM EAST IS 70 MILE 584,Daylight,Motor Vehicle in Transport,1,61,Sun     ,0,0,0,0,0,1,1,0,0,0,0,0,0,0,0,0,0,0,0,0,0,0,0,0,0,38.99215,-93.57169,0,10/20/2019,08:00:00,"CRASH OCCURRED AS DVR1 FELL ASLEEP AND VEH1 OVERTOOK AND STRUCK THE REAR OF VEH2.  VEH1 THEN TRAVELED OFF THE ROADWAY AND CAME TO REST.  VEH2 STRUCK A GUARDRAIL, OVERTURNED AND CAME TO REST.  ASSISTED BY CPL L R DANCY /1362/, MSGT B R MCGINNIS /617/ AND TPR D W SCHUBERT /1228/"
1115190,3190028085,Missouri State Highway Patrol-Troop E,1571529600000,190613376,1,0,1,0,Personal Injury,MISSISSIPPI,NON-CITY OR UNINCORPORATED,E,1,1,0,1584,0.3,B ,N,CRD 423,CRD E INDIAN LN,Daylight,Overturn,2,,Sun     ,0,0,0,0,0,1,1,0,0,0,0,0,0,0,0,0,0,0,0,0,1,0,0,1,0,36.78947,-89.42802,0,10/20/2019,12:54:00,"CRASH OCCURRED VEHICLE 1 RAN OFF THE RIGHT SIDE OF THE ROADWAY, OVERCORRECTED, RAN OFF THE LEFT SIDE OF THE ROADWAY, AND OVERTURNED."
1241392,3190028166,Missouri State Highway Patrol-Troop C,1571529600000,190613599,1,0,0,1,Personal Injury,JEFFERSON,NON-CITY OR UNINCORPORATED,C,2,2,0,52,0.01,B ,S ,RT FF,CRD JOHN MCKEEVER RD,Daylight,Motor Vehicle in Transport,1,61,Sun     ,0,0,0,0,0,0,0,0,0,0,0,0,0,0,0,0,0,0,0,0,0,1,0,0,0,38.43932,-90.67055,0,10/20/2019,14:25:00,VEHICLES 1 AND 2 WERE TRAVELING SOUTHBOUND ON HIGHWAY FF. VEHICLE 2 WAS STOPPED IN TRAFFIC ON HIGHWAY FF.  THE FRONT OF VEHICLE 1 STRUCK THE REAR OF VEHICLE 2. ASSISTED BY TPR. S.T. ROETTGER (1429)
1178647,3190035479,Missouri State Highway Patrol-Troop B,1571529600000,190613634,1,0,1,0,Personal Injury,SCOTLAND,NON-CITY OR UNINCORPORATED,B,1,1,0,1053,0.2,B ,N,RT MM,CRD 504,Daylight,Fixed Object,2,,Sun     ,0,0,0,0,0,1,1,0,0,0,0,0,0,0,0,0,0,0,0,0,0,0,0,0,0,40.41952,-92.12569,0,10/20/2019,14:45:00,"01 NORTHBOUND, RAN OFF THE RIGHT SIDE OF THE ROADWAY, OVERCORRECTED, RAN OFF THE LEFT SIDE OF THE ROADWAY AND STRUCK A TREE.  ASSISTED BY SCOTLAND COUNTY SHERIFF'S DEPARTMENT, AMBULANCE, AND CPL SIEGFRIED 747."
1300171,3190028493,Missouri State Highway Patrol-Troop C,1571529600000,190613701,2,0,2,0,Personal Injury,ST. CHARLES,WENTZVILLE,C,1,1,0,316,0.06,A ,E ,IS 70,ERM EAST IS 70 MILE 2074,Daylight,Animal,1,,Sun     ,0,0,0,0,0,0,0,1,1,0,0,0,0,0,0,0,0,0,0,0,1,0,0,1,0,38.80484,-90.88971,0,10/20/2019,15:10:00,VEHICLE #1 STRUCK A DEER IN THE ROADWAY.