objectid,accident,agency,inv_date,complaint,injured,killed,min_inj,dis_inj,severity,county,city,troop,no_vehicle,motor_veh,left_scene,dist_feet,dist_mile,inter_loc,direction,on_street,at_street,light_cond,acc_type,on_off_rd,two_veh,day_week,dr_drink,dr_drug,ped_drink,ped_drug,speed,dr_under21,dr_under25,dr_over55,dr_over64,electrical,emer_veh,stop_sign,yield_sign,czone,hazmat,aggressive,cell_phone,texting,veh_defect,school_bus,truck,motorcycle,atv,pickup,cmv,gps_lat,gps_long,severity_fatal,acc_date,acc_time,narrative
1012784,3190028461,Missouri State Highway Patrol-Troop D,1571529600000,190613719,1,0,1,0,Personal Injury,VERNON,SHELDON,D,2,2,0,0,0,AT,N,CST 2ND ST,CST COMMERCIAL ST,Daylight,Motor Vehicle in Transport,1,64,Sun     ,0,0,0,0,0,0,0,0,0,0,0,0,1,0,0,1,0,0,0,0,1,0,0,1,0,37.65698,-94.29326,0,10/20/2019,15:15:00,ACCIDENT OCCURRED AS VEHICLE #1 FAILED TO YIELD TO VEHICLE #2 AND STRUCK VEHICLE #2.
1277763,3190031091,Missouri State Highway Patrol-Troop C,1571529600000,190614119,0,1,0,0,Fatal,ST. CHARLES,NON-CITY OR UNINCORPORATED,C,2,2,0,1251,0.24,A ,W ,MO 94,PVT FRANCIS HOWELL HIGH WJ,Dark-Lighted,Fixed Object,2,,Sun     ,0,0,0,0,0,0,0,1,1,0,0,0,0,0,0,1,0,0,0,0,0,1,0,0,0,38.69945,-90.72035,1,10/20/2019,17:57:00,"LATE DEATH REPORT - VEHICLE #1 TRAVELING EASTBOUND HIGHWAY 94 AND TRAVELED INTO THE WESTBOUND LANES AND STRUCK VEHICLE #2. PRONOUNCED ON 10/29.2019 AT 1625 HOURS AT BARNES JEWISH HOSPITAL BY DR. JARED MCALLISTER.  ASSISTED BY MSGT J. L. DECKER (240), CPL. K. L. HAMMERLING (1242), AND TPR. J. S. BAIRD (203)"
935432,3190028287,Missouri State Highway Patrol-Troop D,1571529600000,190614163,3,0,2,1,Personal Injury,JASPER,NON-CITY OR UNINCORPORATED,D,1,1,0,600,0.11,A ,W ,CRD CEDAR RD,CRD 130,Daylight,Other Non Collision,1,,Sun     ,0,0,0,0,1,1,1,0,0,0,0,0,0,0,0,1,0,0,0,0,0,0,0,0,0,37.09675,-94.29604,0,10/20/2019,18:20:00,"WESTBOUND #1 CRESTED A HILL AND BECAME AIRBORNE, CROSSED THE CENTER OF THE ROADWAY AND BEGAN SKIDDING.  #1 TRAVELED OFF THE ROADWAY AND OVERTURNED MULTIPLE TIMES."
1119550,3190028960,Missouri State Highway Patrol-Troop E,1571529600000,190614221,3,0,3,0,Personal Injury,BOLLINGER,NON-CITY OR UNINCORPORATED,E,1,1,0,260,0.05,B ,S ,CRD 200,MO 72,Dark-Unlighted,Overturn,2,,Sun     ,0,0,0,0,1,1,1,0,0,0,0,0,0,0,0,1,0,0,0,0,1,0,0,1,0,37.52018,-90.01057,0,10/20/2019,19:00:00,TRAFFIC CRASH OCCURRED AS VEHICLE 1 TRAVELED OFF RIGHT SIDE OF ROADWAY AND OVERTURNED.
1241383,3190029136,Missouri State Highway Patrol-Troop C,1571529600000,190614500,0,1,0,0,Fatal,JEFFERSON,NON-CITY OR UNINCORPORATED,C,1,1,0,86,0.02,A ,S ,US 67,PVT MONTAUK DR,Dark-Unlighted,Overturn,2,,Sun     ,1,0,0,0,1,0,0,0,0,0,0,0,0,0,0,1,0,0,0,0,0,1,0,0,0,38.1673,-90.45102,1,10/20/2019,23:18:00,"FATALITY REPORT - VEHICLE #1 TRAVELED OFF THE WEST SIDE OF THE ROAD EJECTING DRIVER #1. DRIVER #1 PRONOUNCED ON SCENE AT 2329 HOURS ON 10/20/2019 BY JOACHIM PLATTIN AMBULANCE PERSONNEL. ASSISTED BY TPR. D,M, DOOLEY (301), TPR. R.J. NORTH (517), CPL. C.D. GULLETT (333) AND JEFFERSON COUNTY SHERIFF'S DEPARTMENT PERSONNEL."
1210609,3190028313,Missouri State Highway Patrol-Troop F,1571529600000,190614538,2,0,2,0,Personal Injury,COLE,NON-CITY OR UNINCORPORATED,F,1,1,0,1943,0.37,B ,N,CRD OAKLAND RD,CRD SCRIVNER RD,Dark-Unlighted,Fixed Object,2,,Sun     ,0,0,0,0,1,1,1,0,0,0,0,0,0,0,0,1,0,0,0,0,1,0,0,1,0,38.45507,-92.3326,0,10/20/2019,23:50:00,"VEHICLE INVOLVED IN A PURSUIT. FAILED TO NEGOTIATE A CURVE, WENT OFF THE RIGHT SIDE OF THE ROADWAY, STRIKING SEVERAL ROCKS, AND COMING TO REST IN A CREEK. ASSISTED BY SGT J. E. LOWARY (466), TPR M. P. ACORD (170), TPR R. A. RIZO (307), CPL D. D. MATHES (843), AND TPR A. A. LINDLEY (840).  CORRECTION ON DRIVER 1 DATE OF BIRTH."
1134393,3190028142,Missouri State Highway Patrol-Troop E,1571616000000,190614621,1,0,1,0,Personal Injury,MADISON,NON-CITY OR UNINCORPORATED,E,1,1,0,2376,0.45,A ,S ,US 67,CRD 412,Dark-Unlighted,Fixed Object,2,,Mon     ,0,0,0,0,1,1,1,0,0,0,0,0,0,0,0,1,0,0,0,0,0,0,0,0,0,37.38097,-90.33733,0,10/21/2019,05:00:00,"CRASH OCCURRED AS VEHICLE ONE HYDROPLANED, RAN OFF ROADWAY AND STRUCK AND EMBANKMENT"
1119549,3190028657,Missouri State Highway Patrol-Troop E,1571616000000,190614624,1,0,1,0,Personal Injury,BOLLINGER,NON-CITY OR UNINCORPORATED,E,1,1,0,1372,0.26,B ,E ,MO 34,CRD 304,Dark-Unlighted,Fixed Object,2,,Mon     ,0,0,0,0,1,0,0,0,0,0,0,0,0,0,0,1,0,0,0,0,0,0,0,0,0,37.33157,-89.88351,0,10/21/2019,05:00:00,VEH1 RAN OFF THE ROADWAY AND STRUCK AND EMBANKMENT
1321944,3190028668,Missouri State Highway Patrol-Troop G,1571616000000,190614678,1,0,1,0,Personal Injury,TEXAS,NON-CITY OR UNINCORPORATED,G,1,1,0,1251,0.24,B ,S ,MO 137,CRD CHURCH DRIVE,Dark-Unlighted,Other Object,1,,Mon     ,0,0,0,0,0,0,0,1,1,0,0,0,0,0,0,0,0,0,0,0,0,0,0,0,0,37.15944,-91.84345,0,10/21/2019,06:15:00,SEVERE THUNDERSTORN BROUGHT DOWN A LARGE TREE. VEHICLE ONE APPROACHED THE TREE AND STRUCK THE TREE.
1111196,3190028262,Missouri State Highway Patrol-Troop E,1571616000000,190614719,1,0,1,0,Personal Injury,DUNKLIN,NON-CITY OR UNINCORPORATED,E,1,1,0,2112,0.4,B ,S ,RT H,CRD 206,Dark-Unlighted,Fixed Object,2,,Mon     ,0,0,0,0,1,0,0,1,1,0,0,0,0,0,0,1,0,0,0,0,1,0,0,1,0,36.54912,-90.10198,0,10/21/2019,06:50:00,CRASH OCCURRED AS VEHICLE ONE RAN OFF THE LEFT SIDE OF THE ROAD AND STRUCK A UTILITY POLE.
955305,3190028405,Missouri State Highway Patrol-Troop D,1571616000000,190614817,1,0,1,0,Personal Injury,GREENE,NON-CITY OR UNINCORPORATED,D,2,2,0,702,0.13,B ,S ,RT H,CRD VALLEY WATER MILL RD,Daylight,Motor Vehicle in Transport,1,61,Mon     ,0,0,0,0,0,0,0,1,0,1,0,0,0,0,0,1,0,0,0,0,1,0,0,1,0,37.26409,-93.26473,0,10/21/2019,07:50:00,VEHICLE #2 WAS STOPPED IN TRAFFIC FOR A TRAFFIC SIGNAL AND WAS STRUCK FROM BEHIND BY VEHICLE #1.
1253119,3190028398,Missouri State Highway Patrol-Troop C,1571616000000,190614832,1,0,1,0,Personal Injury,FRANKLIN,NON-CITY OR UNINCORPORATED,C,1,1,0,1119,0.21,A ,W ,RT KK,CRD ST ANNS RD,Daylight,Fixed Object,2,,Mon     ,0,0,0,0,1,1,1,0,0,0,0,0,0,0,0,1,0,0,0,0,0,0,0,0,0,38.55508,-91.12754,0,10/21/2019,08:00:00,"DRIVER 1 FAILED TO NEGOTIATE A CURVE AND VEHICLE 1 TRAVELED OFF THE LEFT SIDE OF THE ROADWAY, STRUCK A DITCH, AND ROLLED ONTO ITS SIDE."
805461,3190029069,Missouri State Highway Patrol-Troop A,1571616000000,190615078,1,0,1,0,Personal Injury,JOHNSON,NON-CITY OR UNINCORPORATED,A,2,2,0,0,0,AT,S ,MO 23,CRD DIVISION RD,Daylight,Motor Vehicle in Transport,1,61,Mon     ,0,0,0,0,0,0,1,0,0,0,0,0,0,0,0,0,0,0,0,0,0,0,0,0,0,38.75453,-93.57577,0,10/21/2019,10:00:00,"CRASH OCCURRED AS VEHICLE 1 WAS TRAVELING SOUTH ON M-23 HIGHWAY.  VEHICLE 2 WAS STATIONARY IN THE SOUTHBOUND LANE OF M-23 PREPARING TO TURN EAST ONTO DIVISION ROAD.  VEHICLE 1 SLOWED AND STRUCK THE REAR OF VEHICLE 2.  VEHICLE 2 WAS PUSHED PARTIALLY INTO THE NORTHBOUND LANE OF M-23, AND WAS DRIVEN TO THE NORTHBOUND SHOULDER.  VEHICLE 1 CAME TO REST IN THE SOUTHBOUND LANE."
893405,3190028544,Missouri State Highway Patrol-Troop D,1571616000000,190615248,3,0,2,1,Personal Injury,LAWRENCE,NON-CITY OR UNINCORPORATED,D,2,2,0,0,0,AT,N,MO 97,CRD 2130,Daylight,Motor Vehicle in Transport,1,64,Mon     ,0,0,0,0,0,0,1,0,0,0,0,1,0,0,0,1,0,0,0,0,1,0,0,1,0,37.08923,-93.9498,0,10/21/2019,11:10:00,VEHICLE #1 FAILED TO YIELD AT THE INTERSECTION AND WAS STRUCK BY VEHICLE #2.
1038344,3190028937,Missouri State Highway Patrol-Troop I,1571616000000,190615327,2,0,2,0,Personal Injury,MARIES,NON-CITY OR UNINCORPORATED,I,1,1,0,6336,1.2,A ,E ,CRD 417,CRD 419,Daylight,Fixed Object,2,,Mon     ,0,0,0,0,1,1,1,0,0,0,0,0,0,0,0,1,0,0,0,0,0,0,1,0,0,38.19134,-91.70971,0,10/21/2019,11:40:00,"OCCURRED AS THE DRIVER FAILED TO NEGOTIATE A CURVE. VEHICLE 1 TRAVELED OFF THE RIGHT SIDE OF THE ROADWAY, STRUCK A TREE,  EJECTING THE PASSENGER."
1137940,3190028152,Missouri State Highway Patrol-Troop E,1571616000000,190615538,1,0,1,0,Personal Injury,ST. FRANCOIS,NON-CITY OR UNINCORPORATED,C,1,1,0,52,0.01,A ,S ,RT OO,CRD ROCK CREEK RD,Daylight,Fixed Object,2,,Mon     ,0,0,0,0,0,0,0,0,0,0,0,0,0,0,0,0,0,0,0,0,0,0,0,0,0,37.64191,-90.28429,0,10/21/2019,13:30:00,"CRASH OCCURRED AS VEHICLE 1 SWERVED TO AVOID AN ANIMAL IN THE ROADWAY, RAN OFF THE ROADWAY, AND STRUCK A ROCK BLUFF."
935431,3190028252,Missouri State Highway Patrol-Troop D,1571616000000,190615585,2,0,2,0,Personal Injury,JASPER,NON-CITY OR UNINCORPORATED,D,2,2,0,0,0,AT,W ,CRD IVY RD,CRD 240,Daylight,Motor Vehicle in Transport,1,64,Mon     ,0,0,0,0,0,1,1,0,0,0,0,1,0,0,0,1,0,0,0,0,0,0,0,0,0,37.18548,-94.49099,0,10/21/2019,13:45:00,CRASH OCCURRED AS VEHICLE #2 FAILED TO STOP AT A NORTHBOUND STOP SIGN AND DROVE INTO THE PATH OF WESTBOUND VEHICLE #1.
783544,3190030090,Missouri State Highway Patrol-Troop A,1571616000000,190615779,1,0,1,0,Personal Injury,PLATTE,NON-CITY OR UNINCORPORATED,A,1,1,0,67,0.01,B ,S ,IS 29,ERM SOUTH IS 29 MILE 250,Daylight,Overturn,2,,Mon     ,0,0,0,0,0,0,0,1,0,0,0,0,0,0,0,0,0,0,0,0,1,0,0,0,1,39.44428,-94.78917,0,10/21/2019,15:20:00,"CRASH OCCURRED AS VEHICLE #1 WAS SOUTHBOUND ON I29 AND DRIFTED OFF THE RIGHT SIDE OF THE ROADWAY INTO SOFT SOIL. VEHICLE #1 TRAVELED UP AN EMBANKMENT AND CAME TO A REST ON ITS LEFT SIDE. ASSISTED BY TPR Z. D. THOMAS /391/, MSGT E. L. HURST /994/, NORTHLAND REGIONAL AMBULANCE DISTRICT EMS."
852614,3190029068,Missouri State Highway Patrol-Troop A,1571616000000,190615814,1,0,1,0,Personal Injury,PETTIS,NON-CITY OR UNINCORPORATED,A,2,2,0,128,0.02,B ,S ,US 65,CO US65N TO US65S,Daylight,Motor Vehicle in Transport,1,61,Mon     ,0,0,0,0,0,0,0,0,0,0,0,0,0,0,0,0,0,0,0,1,0,0,0,0,1,38.8775,-93.21733,0,10/21/2019,15:32:00,CRASH OCCURRED AS VEHICLE 2 WAS TRAVELING SOUTHBOUND AND BEGAN TO SLOW FOR A STOPPED VEHICLE. VEHICLE 1 OVERTOOK VEHICLE 2 AND BEGAN TO SLIDE.
1261547,3190031139,Missouri State Highway Patrol-Troop C,1571616000000,190615825,5,0,4,1,Personal Injury,ST. LOUIS,CHAMP,C,2,2,0,480,0.09,A ,E ,IS 270,ERM NORTH IS 270 MILE 198,Daylight,Motor Vehicle in Transport,1,61,Mon     ,0,1,0,0,1,0,0,1,1,0,0,0,0,0,0,1,0,0,0,0,0,0,0,0,0,38.74531,-90.4402,0,10/21/2019,15:37:00,BOTH VEHICLES WERE TRAVELING NORTHBOUND I-270 IN LANE 3. THE FRONT OF VEHICLE 2 STRUCK THE REAR OF VEHICLE 1. THE IMPACT CAUSED VEHICLE 2 TO TRAVEL OFF THE LEFT SIDE OF THE ROADWAY AND STRIKE THE MEDIAN. ASSISTED BY TPR L. A. DEZNER (660)
1179354,3190029051,Missouri State Highway Patrol-Troop B,1571616000000,190615830,1,0,1,0,Personal Injury,MARION,NON-CITY OR UNINCORPORATED,B,1,1,0,3168,0.6,B ,W ,RT J,CRD 117,Daylight,Fixed Object,2,,Mon     ,0,0,0,0,0,0,0,0,0,0,0,0,0,0,0,0,0,0,0,0,0,0,0,0,0,39.86784,-91.77246,0,10/21/2019,15:40:00,"VEHICLE 1 WESTBOUND , DRIVER REPORTED THAT SHE SWERVED TO MISS A DEER AND RAN OFF THE RIGHT SIDE OF THE ROAD AND COLLIDED WITH AN EMBANKMENT."
935403,3190028445,Missouri State Highway Patrol-Troop D,1571616000000,190615837,3,0,1,2,Personal Injury,JASPER,NON-CITY OR UNINCORPORATED,D,2,2,0,448,0.08,A ,E ,MO 66,CST PRIGMOR AVENUE,Daylight,Motor Vehicle in Transport,1,61,Mon     ,0,0,0,0,0,0,0,1,1,0,0,0,0,0,0,0,0,0,0,0,0,0,0,0,0,37.0831,-94.40276,0,10/21/2019,15:40:00,CRASH OCCURRED AS EASTBOUND VEHICLE #1 STRUCK THE REAR OF VEHICLE #2. AFTER IMPACT VEHICLE #1 SLID OFF THE ROADWAY AND STRUCK A CHAIN LINK FENCE
1151921,3190028761,Missouri State Highway Patrol-Troop E,1571616000000,190615982,3,0,3,0,Personal Injury,STODDARD,NON-CITY OR UNINCORPORATED,E,4,4,0,26,0,B ,E ,US 60,BRIDGE A5632,Daylight,Motor Vehicle in Transport,1,61,Mon     ,0,0,0,0,0,0,0,1,0,0,0,0,0,0,0,1,0,0,1,0,1,0,0,1,1,36.81807,-89.92504,0,10/21/2019,16:45:00,"CRASH OCCURRED AS VEHICLE ONE STRUCK VEHICLE TWO IN THE REAR, CAUSING VEHICLE TWO TO STRIKE VEHICLE THREE IN THE REAR. VEHICLE THREE THEN STRUCK VEHICLE FOUR IN THE REAR."
1031140,3190028768,Missouri State Highway Patrol-Troop I,1571616000000,190615999,1,0,1,0,Personal Injury,PULASKI,NON-CITY OR UNINCORPORATED,I,2,2,0,19,0,B ,E ,MO 28,CRD HARRIS LN,Daylight,Motor Vehicle in Transport,1,61,Mon     ,0,0,0,0,0,0,0,0,0,0,0,0,0,0,0,0,0,0,0,0,0,0,0,0,0,37.85526,-92.09522,0,10/21/2019,16:54:00,OCCURRED AS VEHICLE 2 WAS STOPPED WAITING TO MAKE A LEFT TURN WHEN VEHICLE 1 STRUCK THE REAR OF VEHICLE 2 CROSSED THE CENTER LINE AND TRAVELED OFF THE LEFT SIDE OF ROADWAY. ASSISTED BY TPR K D MALAY(1253)
1178648,3190028456,Missouri State Highway Patrol-Troop B,1571616000000,190616210,1,0,1,0,Personal Injury,SCOTLAND,NON-CITY OR UNINCORPORATED,B,3,3,0,6,0,B ,S ,MO 15,RT BB,Dark-Unlighted,Motor Vehicle in Transport,1,61,Mon     ,0,0,0,0,0,1,1,0,0,0,0,0,0,0,0,1,0,0,0,0,0,0,0,0,0,40.52193,-92.16178,0,10/21/2019,18:30:00,"VEHICLE 1 AND 2 WERE STOPPED IN TRAFFIC, VEHICLE 3 STRUCK VEHICLE 2 IN THE REAR PUSHING VEHICLE 2 INTO VEHICLE 1. ASSISTED BY THE SCOTLAND COUNTY SHERIFF'S OFFICE, MEMPHIS POLICE DEPARTMENT AND SCOTLAND COUNTY FIRST RESPONDERS."
884036,3190028645,Missouri State Highway Patrol-Troop A,1571616000000,190616291,1,0,1,0,Personal Injury,BATES,NON-CITY OR UNINCORPORATED,A,1,1,0,1694,0.32,B ,W ,RT AA,CRD NW 4001,Dark-Unlighted,Fixed Object,2,,Mon     ,0,0,0,0,0,0,0,0,0,0,0,0,0,0,0,0,1,0,0,0,0,0,0,0,0,38.44806,-94.41764,0,10/21/2019,19:30:00,"CRASH OCCURRED AS VEHICLE1 RAN OFF RIGHT SIDE OF ROADWAY, STRUCK AN EMBANKMENT AND WENT AIRBORNE.  VEHICLE1 CAME TO REST ON THE RIGHT OF WAY.  ASSISTED BY TPR. B.R. SIERCKS/1252/"
805429,3190029821,Missouri State Highway Patrol-Troop A,1571616000000,190616344,2,0,2,0,Personal Injury,JOHNSON,NON-CITY OR UNINCORPORATED,A,1,1,0,63,0.01,B ,E ,US 50,BRIDGE L0900,Dark-Unlighted,Fixed Object,2,,Mon     ,0,0,0,0,0,0,1,0,0,0,0,0,0,0,0,0,0,0,0,0,0,0,0,0,0,38.77244,-93.66321,0,10/21/2019,20:14:00,"CRASH OCCURRED AS VEHICLE #1 TRAVELED OFF THE RIGHT SIDE OF THE ROADWAY, DOWN AN EMBANKMENT, AND STRUCK A TREE."
937736,3190028880,Missouri State Highway Patrol-Troop D,1571702400000,190616574,2,0,2,0,Personal Injury,NEWTON,NON-CITY OR UNINCORPORATED,D,2,2,0,147,0.03,A ,S ,IS 49,CRD OLD HWY 71,Dark-Unlighted,Animal,1,,Tue     ,0,0,0,0,0,0,0,0,0,0,0,0,0,0,0,0,0,0,0,0,0,0,0,0,1,36.97859,-94.43163,0,10/22/2019,02:55:00,"NR1 STRUCK A DEER IN ROADWAY, NR1 LOST CONTROL AND WAS STRUCK BY NR2"
893406,3190028556,Missouri State Highway Patrol-Troop D,1571702400000,190616575,1,1,0,1,Fatal,LAWRENCE,NON-CITY OR UNINCORPORATED,D,1,1,0,549,0.1,A ,W ,CRD 2130,MO 97,Dark-Unlighted,Fixed Object,2,,Tue     ,,,,,,,,,,0,0,0,0,0,0,,0,0,,0,0,0,0,0,0,37.08935,-93.95166,1,10/22/2019,03:00:00,"FATALITY CRASH.  THIS IS TROOP D'S 88TH FATALITY FOR 2019.  NEXT OF KIN NOTIFIED.  CRASH OCCURRED AS VEHICLE #1 RAN OFF THE LEFT SIDE OF THE ROADWAY AND TRAVELED OFF OF A BRIDGE.  THE SUBJECT WAS PRONOUNCED ON SCENE BY THE LAWRENCE COUNTY CORONER, SCOTT LAKIN, AT 0400 HOURS.  INVESTIGATION CONTINUES"
1210649,3190029416,Missouri State Highway Patrol-Troop C,1571702400000,190616644,1,0,1,0,Personal Injury,ST. LOUIS,BERKELEY,C,3,3,Y,760,0.14,A ,E ,RP 6426,IS 70,Dark-Lighted,Motor Vehicle in Transport,1,61,Tue     ,0,0,0,0,0,,1,1,,0,0,0,0,0,0,1,0,0,0,,,,,,,38.73012,-90.33536,0,10/22/2019,06:15:00,VEHICLE 3 STRUCK THE REAR OF VEHICLE 1. VEHICLE 1 STRUCK VEHICLE 2 AND LEFT THE SCENE.
1114201,3190028293,Missouri State Highway Patrol-Troop E,1571702400000,190616675,1,0,1,0,Personal Injury,CAPE GIRARDEAU,NON-CITY OR UNINCORPORATED,E,1,1,0,168,0.03,A ,N,IS 55,ERM NORTH IS 55 MILE 1030,Daylight,Fixed Object,2,,Tue     ,0,0,0,0,0,0,0,0,0,0,0,0,0,0,0,0,0,0,0,0,0,0,0,0,0,37.39239,-89.6222,0,10/22/2019,06:55:00,CRASH OCCURRED AS VEHICLE 1 RAN OFF RIGHT SIDE OF ROADWAY STRUCK AN EMBANKMENT AND OVERTURNED
1500815,3190028618,Missouri State Highway Patrol-Troop H,1571702400000,190616684,1,0,1,0,Personal Injury,BUCHANAN,NON-CITY OR UNINCORPORATED,H,2,2,0,185,0.04,B ,N,IS 29,ERM NORTH IS 29 MILE 506,Dark-Unlighted,Motor Vehicle in Transport,1,63,Tue     ,0,0,0,0,0,0,0,0,0,0,0,0,0,0,0,1,0,0,0,0,0,0,0,0,1,39.81383,-94.80308,0,10/22/2019,06:58:00,"ACCIDENT OCCURRED AS NR1 AND NR2 WERE BOTH NORTHBOUND ON I-29.  NR1 WAS IN THE PASSING LANE AND NR2 WAS IN THE DRIVING LANE.  NR1 ATTEMPTED TO CHANGE LANES, STRUCK NR2 IN THE FRONT DRIVERS SIDE CAUSING NR2 TO SKID ACROSS BOTH LANES COMING TO REST IN THE MEDIAN ON ITS WHEELS FACING NORTHWEST.  ASSISTED BY LT. D.J. HEDRICK (60)."
885273,3190028508,Missouri State Highway Patrol-Troop A,1571702400000,190616792,2,0,2,0,Personal Injury,CASS,NON-CITY OR UNINCORPORATED,A,3,3,0,0,0,AT,N,MO 291,MO 58,Daylight,Motor Vehicle in Transport,1,64,Tue     ,0,0,0,0,0,0,0,1,1,0,1,1,0,0,0,1,0,0,0,0,1,0,0,1,1,38.78001,-94.37479,0,10/22/2019,07:38:00,CRASH OCCURRED AS VEHICLE 2 WAS TRAVELING NORTHBOUND  AND VEHICLE 1 TRAVELED INTO PATH OF VEHICLE 2. VEHICLE 2 STRUCK VEHICLE1. VEHICLE 1 BEGAN TO SKID AND STRUCK VEHICLE 3. ASSISTED BY TPR R O GREEN /901/ CASS COUNTY SHERIFF'S OFFICE AND SOUTH METRO FIRE DEPARTMENT
1316500,3190029956,Missouri State Highway Patrol-Troop C,1571702400000,190616894,2,0,2,0,Personal Injury,ST. LOUIS,NON-CITY OR UNINCORPORATED,C,2,2,0,89,0.02,B ,E ,IS 270,ERM EAST IS 270 MILE 346,Daylight,Motor Vehicle in Transport,1,64,Tue     ,0,0,0,0,0,0,0,1,0,0,0,0,0,0,0,1,0,0,0,0,0,0,0,0,0,38.76754,-90.19218,0,10/22/2019,08:29:00,"VEHICLE 2 LOST CONTROL AND SPUN INTO LANE 1.  VEHICLE 1 STRUCK VEHICLE 2.  VEHICLE 2 SLID OFF THE LEFT SIDE OF THE ROADWAY, STRUCK THE MEDIAN CABLES, RETURNED TO THE ROADWAY, TRAVELED OFF THE RIGHT SIDE AND STRUCK A GUARDRAIL."
1179593,3190028843,Missouri State Highway Patrol-Troop B,1571702400000,190617207,1,0,1,0,Personal Injury,MONROE,NON-CITY OR UNINCORPORATED,B,2,2,0,0,0,AT,E ,RT M,RT C,Daylight,Motor Vehicle in Transport,1,64,Tue     ,0,0,0,0,0,0,0,1,0,0,0,1,0,0,0,1,0,0,0,0,0,0,0,0,1,39.37049,-92.11838,0,10/22/2019,10:48:00,"VEHICLE 2 WAS EASTBOUND ON RT M WHEN  VEHICLE 1, WHICH WAS SOUTHBOUND ON RT C, FAILED TO STOP AT A STOP SIGN AND STRUCK VEHICLE 1 IN THE SIDE,"
1137136,3190028514,Missouri State Highway Patrol-Troop E,1571702400000,190617636,2,0,2,0,Personal Injury,IRON,NON-CITY OR UNINCORPORATED,E,1,1,0,2375,0.45,A ,E ,RT E,CRD 125,Daylight,Overturn,2,,Tue     ,0,0,0,0,0,0,0,0,0,0,0,0,0,0,0,0,0,0,1,0,0,0,0,0,0,37.54908,-90.63783,0,10/22/2019,14:12:00,"CRASH OCCURRED AS VEHICLE 1 ATTEMPTED TO AVOID DEER, RAN OFF ROADWAY, OVERCORRECTED, RAN OFF OPPOSITE SIDE OF ROADWAY AND OVERTURNED - DAMAGE STATE PROPERTY - DAMAGE TO MODOT MAINTENANCE BEGIN SIGN"
1179843,3190028550,Missouri State Highway Patrol-Troop B,1571702400000,190617734,1,0,0,1,Personal Injury,CHARITON,NON-CITY OR UNINCORPORATED,B,1,1,0,258,0.05,A ,N,RT ZZ,CRD KNOTT RD,Daylight,Fixed Object,2,,Tue     ,0,0,0,0,0,0,0,0,0,0,0,0,0,0,0,1,0,0,0,0,1,0,0,1,0,39.64374,-92.90792,0,10/22/2019,15:00:00,"DRIVER OF VEHICLE 1 EXPERIENCED A MEDICAL ISSUE, RAN OFF ROADWAY AND STRUCK A TREE.  ASSISTED BY MSGT GRIFFIN #429, TPR EWIGMAN #371, THE CHARITON COUNTY SHERIFF'S DEPARTMENT, LINN COUNTY AMBULANCE, CHARITON COUNTY AMBULANCE, MARCELINE FIRE, AND MARCELINE FIRST RESPONDERS."
1241410,3190028981,Missouri State Highway Patrol-Troop C,1571702400000,190617780,1,0,0,1,Personal Injury,JEFFERSON,NON-CITY OR UNINCORPORATED,C,2,2,0,337,0.06,B ,N,CRD GOLDMAN RD,PVT GOLDMAN RD,Daylight,Motor Vehicle in Transport,1,61,Tue     ,0,0,0,0,1,0,0,1,0,0,0,0,0,0,0,1,0,0,0,0,1,1,0,1,0,38.26,-90.51981,0,10/22/2019,15:21:00,VEHICLE 1 WAS SLOWING TO MAKE A LEFT TURN.  DRIVER 2 FAILED TO STOP IN TIME CAUSING VEHICLE 2 TO STRIKE THE TOWED UNIT OF VEHICLE 1.  ASSISTED BY TPR R.J. NORTH (517) AND TPR B.S. GEISLER (604)
966525,3190029201,Missouri State Highway Patrol-Troop D,1571702400000,190618068,2,0,1,1,Personal Injury,MCDONALD,NON-CITY OR UNINCORPORATED,D,1,1,0,1630,0.31,A ,N,CRD BELCHA RD,RT J,Daylight,Fixed Object,2,,Tue     ,0,0,0,0,1,0,0,0,0,0,0,0,0,0,0,1,0,0,0,0,0,0,0,0,0,36.54236,-94.61779,0,10/22/2019,17:10:00,NR1 RAN OFF THE RIGHT SIDE OF THE ROAD AND COLLIDED WITH A TREE
822864,3190028735,Missouri State Highway Patrol-Troop A,1571702400000,190618162,1,0,1,0,Personal Injury,BENTON,NON-CITY OR UNINCORPORATED,A,1,1,0,5280,1,B ,W ,RT AC,CRD HANSEN AVE,Daylight,Fixed Object,2,,Tue     ,0,0,0,0,0,0,0,0,0,0,0,0,0,0,0,0,0,0,0,0,0,0,0,0,0,38.36638,-93.36636,0,10/22/2019,17:55:00,"CRASH OCCURRED AS VEHICLE 1  WAS EASTBOUND, AND LOST CONTROL WHILE ATTEMPTING TO AVOID SEVERAL DEER IN ROADWAY. VEHICLE 1 TRAVELED OFF LEFT SIDE, STRUCK DITCH, OVERTURNED AND CAME TO REST ON ITS WHEELS FACING WEST BOUND."
856868,3190029297,Missouri State Highway Patrol-Troop A,1571702400000,190618318,1,0,1,0,Personal Injury,CLAY,KANSAS CITY,A,2,2,0,232,0.04,A ,S ,IS 35,RP 5951,Dark-Unlighted,Motor Vehicle in Transport,1,61,Tue     ,0,0,0,0,0,1,1,0,0,0,0,0,0,0,0,1,0,0,0,0,0,0,0,0,0,39.17308,-94.54669,0,10/22/2019,19:46:00,OCCURRED AS VEH2 SLOWED DOWN DUE TO TRAFFIC AND VEH1 COLLIDED WITH THE BACK OF VEH2. ASSISTED BY KANSAS CITY