objectid,accident,agency,inv_date,complaint,injured,killed,min_inj,dis_inj,severity,county,city,troop,no_vehicle,motor_veh,left_scene,dist_feet,dist_mile,inter_loc,direction,on_street,at_street,light_cond,acc_type,on_off_rd,two_veh,day_week,dr_drink,dr_drug,ped_drink,ped_drug,speed,dr_under21,dr_under25,dr_over55,dr_over64,electrical,emer_veh,stop_sign,yield_sign,czone,hazmat,aggressive,cell_phone,texting,veh_defect,school_bus,truck,motorcycle,atv,pickup,cmv,gps_lat,gps_long,severity_fatal,acc_date,acc_time,narrative
1195291,3190029097,Missouri State Highway Patrol-Troop F,1571702400000,190618483,1,0,0,1,Personal Injury,CALLAWAY,NON-CITY OR UNINCORPORATED,F,1,1,0,5,0,B ,E ,RT B,CRD 1017,Dark-Unlighted,Fixed Object,2,,Tue     ,0,0,0,0,1,0,1,0,0,0,0,0,0,0,0,1,0,0,0,0,0,0,0,0,0,39.01701,-91.825,0,10/22/2019,22:49:00,"OCCURRED AS VEHICLE 1 WAS INVOLVED IN A PURSUIT, VEHICLE 1 HIT SPIKE STRIPS, TRAVELED OFF THE LEFT SIDE OF THE ROADWAY AND OVERTURNED,  ASSISTED BY TPR. P. J. VROEGOP (677) AND TPR. A. W. LAWMAN (779)"
1249286,3190028751,Missouri State Highway Patrol-Troop C,1571788800000,190618560,1,0,1,0,Personal Injury,STE. GENEVIEVE,NON-CITY OR UNINCORPORATED,C,1,1,0,665,0.13,B ,N,CRD DRY FORK,PVT NEWMAN ROAD,Dark-Unlighted,Fixed Object,2,,Wed     ,0,0,0,0,1,0,0,0,0,0,0,0,0,0,0,1,0,0,0,0,0,0,0,0,0,38.03893,-90.3647,0,10/23/2019,00:20:00,VEHICLE 1 WAS TRAVELING WEST ON DRY FORK ROAD. VEHICLE 1 TRAVELED OFF THE RIGHT SIDE OF THE ROADWAY AND STRUCK A BLUFF. DRIVER 1 OVERCORRECTED AND VEHICLE 1 TRAVELED OFF THE LEFT SIDE OF THE ROADWAY AND STRUCK A TREE.
1241413,3190028749,Missouri State Highway Patrol-Troop C,1571788800000,190618594,1,0,1,0,Personal Injury,JEFFERSON,NON-CITY OR UNINCORPORATED,C,1,1,0,839,0.16,B ,S ,RT Y,CRD BROWNS FORD RD,Dark-Unlighted,Fixed Object,2,,Wed     ,0,1,0,0,0,0,0,0,0,0,0,0,0,0,0,1,0,0,0,0,0,0,0,0,0,38.21258,-90.67009,0,10/23/2019,02:40:00,VEHICLE 1 TRAVELED OFF THE RIGHT SIDE OF THE ROADWAY AND STRUCK A TREE
1179595,3190028298,Missouri State Highway Patrol-Troop B,1571788800000,190618623,1,0,1,0,Personal Injury,MONROE,NON-CITY OR UNINCORPORATED,B,1,1,0,295,0.06,B ,W ,US 24,CRD 971,Dark-Unlighted,Animal,1,,Wed     ,0,0,0,0,0,0,0,0,0,0,0,0,0,0,0,0,0,0,0,0,0,0,0,0,0,39.48109,-92.14212,0,10/23/2019,06:15:00,VEHICLE 1 STRUCK A DEER THAT ENTERED THE ROADWAY.
1508924,3190028970,Missouri State Highway Patrol-Troop H,1571788800000,190618633,1,0,1,0,Personal Injury,HOLT,NON-CITY OR UNINCORPORATED,H,1,1,0,23,0,B ,N,IS 29,ERM NORTH IS 29 MILE 668,Dark-Unlighted,Fixed Object,2,,Wed     ,0,0,0,0,0,0,0,1,1,0,0,0,0,0,0,1,0,0,0,0,0,0,0,0,0,39.97262,-95.00166,0,10/23/2019,04:55:00,CRASH OCCURRED AS VEH 1 WAS NORTHBOUND ON I29. DVR 1 SWERVED TO AVOID A DEER IN THE DRIVING LANE. VEH 1   RAN OFF THE EAST SIDE OF THE ROADWAY AND IMPACTED A MODOT MILE MARKER SIGN. VEH 1 TRAVELED DOWN AN EMBANKMENT AND CAME TO A REST FACING NORTHEAST OFF THE ROADWAY.
1195193,3190028558,Missouri State Highway Patrol-Troop B,1571788800000,190618776,2,0,2,0,Personal Injury,LINN,NON-CITY OR UNINCORPORATED,B,1,1,0,1372,0.26,B ,N,MO 5,CRD EDIN RD,Daylight,Animal,2,,Wed     ,0,0,0,0,0,0,0,0,0,0,0,0,0,0,0,0,0,0,0,0,0,0,0,0,0,39.9014,-93.18347,0,10/23/2019,07:45:00,"VEHICLE 1 WAS TRYING TO AVOID AN ANIMAL IN THE ROADWAY, RAN OFF THE ROAD AND OVERTURNED."
1303140,3190028428,Missouri State Highway Patrol-Troop C,1571788800000,190618824,1,0,1,0,Personal Injury,ST. LOUIS,FENTON,C,1,1,0,15,0,A ,W ,MO 30,RP 6326,Daylight,Fixed Object,2,,Wed     ,0,0,0,0,0,0,0,0,0,0,0,0,0,0,0,1,0,0,0,0,0,0,0,0,0,38.51552,-90.44252,0,10/23/2019,08:08:00,"VEHICLE #1 TRAVELED OFF THE RIGHT SIDE OF THE ROADWAY, STRUCK TWO SIGNS, AND OVERTURNED."
1000620,3190028402,Missouri State Highway Patrol-Troop D,1571788800000,190618907,1,0,1,0,Personal Injury,GREENE,SPRINGFIELD,D,2,2,0,400,0.08,A ,E ,US 60,CRD 115,Daylight,Motor Vehicle in Transport,1,61,Wed     ,0,0,0,0,0,0,0,1,0,0,0,0,0,0,0,1,0,0,0,0,1,0,0,1,0,37.15997,-93.38649,0,10/23/2019,08:45:00,VEHICLE #1 STRUCK VEHICLE #2 IN THE REAR.
1292797,3190028986,Missouri State Highway Patrol-Troop C,1571788800000,190618954,1,0,1,0,Personal Injury,ST. LOUIS,NON-CITY OR UNINCORPORATED,C,1,1,0,285,0.05,B ,S ,RP 284412,IS 255 SJ,Daylight,Fixed Object,2,,Wed     ,0,0,0,0,0,0,1,0,0,0,0,0,0,0,0,1,0,0,0,0,0,0,0,0,0,38.50272,-90.33448,0,10/23/2019,09:03:00,VEHICLE 1 WAS MERGING FROM NORTHBOUND INTERSTATE 55 ONTO INTERSTATE 255 . DRIVER 1 LOST CONTROL OF THE VEHICLE AND VEHICLE 1 CROSSED THE ROADWAY AND STRUCK A CONCRETE MEDIAN BARRIER.
852148,3190028308,Missouri State Highway Patrol-Troop A,1571788800000,190619019,1,0,1,0,Personal Injury,CLAY,LIBERTY,A,2,2,0,306,0.06,A ,W ,CST KANSAS STREET,CST BLUE JAY DRIVE,Daylight,Motor Vehicle in Transport,1,61,Wed     ,0,0,0,0,0,1,1,0,0,0,0,0,0,1,0,1,1,0,0,0,0,0,0,0,0,39.24464,-94.44999,0,10/23/2019,09:32:00,CRASH OCCURRED AS VEH2 WAS STOPPED IN TRAFFIC.  VEH1 OVERTOOK AND STRUCK THE REAR OF VEH2.
1013974,3190028885,Missouri State Highway Patrol-Troop D,1571788800000,190619423,1,0,1,0,Personal Injury,VERNON,NON-CITY OR UNINCORPORATED,D,1,1,0,1890,0.36,B ,W ,RT B,CRD 2025,Daylight,Fixed Object,2,,Wed     ,0,0,0,0,0,0,0,0,0,0,0,0,0,0,0,0,0,0,0,0,0,0,0,0,0,37.66126,-94.26703,0,10/23/2019,12:50:00,#1 TRAVELED OFF THE RIGHT SIDE OF THE ROADWAY AND STRUCK AN EMBANKMENT
1038598,3190029481,Missouri State Highway Patrol-Troop I,1571788800000,190619521,1,0,1,0,Personal Injury,PULASKI,NON-CITY OR UNINCORPORATED,I,2,2,0,300,0.06,B ,E ,CRD TALON ROAD,CRD TANGO DRIVE,Daylight,Motor Vehicle in Transport,1,64,Wed     ,0,0,0,0,0,0,0,0,0,0,0,0,0,0,0,0,0,0,0,0,0,0,0,0,0,37.80735,-92.12762,0,10/23/2019,13:35:00,OCCURRED AS VEHICLE 1 BACKING OUT OF A PRIVATE DRIVER STRUCK VEHICLE 2.
882211,3190028505,Missouri State Highway Patrol-Troop A,1571788800000,190619604,1,0,1,0,Personal Injury,BATES,NON-CITY OR UNINCORPORATED,A,1,1,0,27,0.01,B ,E ,CRD SE COUNTY ROAD 2602,CRD SE 15815,Daylight,Overturn,2,,Wed     ,0,0,0,0,1,1,1,0,0,0,0,0,0,0,0,1,0,0,0,0,0,0,0,0,0,38.17704,-94.06081,0,10/23/2019,14:04:00,CRASH OCCURRED AS VEHICLE 1 WAS WESTBOUND ON SE 2602 ROAD. DRIVE 1 FAILED TO NEGOTIATE A CURVE TRAVELED OFF ROADWAY AND OVERTURNED. ASSISTED BY BATES COUNTY AND APPLETON CITY POLICE.
838288,3190029003,Missouri State Highway Patrol-Troop A,1571788800000,190619651,1,0,1,0,Personal Injury,LAFAYETTE,WAVERLY,A,2,2,0,26,0,A ,E ,US 24,CST PINE ST,Daylight,Motor Vehicle in Transport,1,61,Wed     ,0,0,0,0,0,0,0,1,0,0,0,0,0,0,0,1,0,0,0,0,0,0,0,0,1,39.20689,-93.5261,0,10/23/2019,14:30:00,THIS CRASH OCCURRED AS VEHICLE 1 AND VEHICLE 2 WERE TRAVELING EASTBOUND ON WALNUT STREET IN WAVERLY.  VEHICLE 1 WAS STOPPED IN THE ROADWAY WAITING TO MAKE A LEFT TURN. VEHICLE 2 STRUCK THE REAR OF VEHICLE 1. BOTH VEHICLES WERE MOVED TO THE RIGHT SHOULDER AFTER IMPACT. ASSISTED BY LEXINGTON FIRE AND RESCUE.
1289547,3190028758,Missouri State Highway Patrol-Troop C,1571788800000,190619743,1,0,0,1,Personal Injury,PIKE,NON-CITY OR UNINCORPORATED,C,1,1,0,552,0.1,A ,S ,RT NN,CRD 269 NJ,Daylight,Fixed Object,2,,Wed     ,0,0,0,0,0,0,0,0,0,0,0,0,0,0,0,1,0,0,0,0,0,0,0,0,0,39.42011,-91.0724,0,10/23/2019,15:20:00,VEHICLE 1 TRAVELED OFF THE RIGHT SIDE OF THE ROADWAY AND STRUCK A TREE.
1277953,3190029102,Missouri State Highway Patrol-Troop C,1571788800000,190619762,0,1,0,0,Fatal,ST. CHARLES,LAKE ST LOUIS,C,1,1,0,420,0.08,A ,W ,RP 903991,MO 364,Unknown,Fixed Object,2,,Unk     ,1,0,0,0,0,0,0,0,0,0,0,0,0,0,0,0,0,0,0,0,0,1,0,0,0,38.77136,-90.77337,1,10/23/2019,00:00:00,FATAL CRASH - VEHICLE 1 TRAVELED OFF THE LEFT SIDE OF THE ROADWAY AND OVERTURNED. ASSISTED BY TROOPER D.L. BILYEU (174)-PRONOUNCED BY ST CHARLES COUNTY EMS PERSONNEL ON SCENE AT HOURS 1530 HOURS.
1255027,3190028979,Missouri State Highway Patrol-Troop C,1571788800000,190619802,1,0,1,0,Personal Injury,JEFFERSON,NON-CITY OR UNINCORPORATED,C,1,1,0,0,0,AT,E ,RT A,RT Z,Daylight,Overturn,1,,Wed     ,0,0,0,0,0,0,0,1,0,1,0,0,0,0,0,0,0,0,0,0,0,1,0,0,0,38.24701,-90.48482,0,10/23/2019,15:28:00,VEHICLE 1 WAS EASTBOUND ON ROUTE A. DRIVER 1 ATTEMPTED TO MAKE A LEFT TURN ONTO ROUTE Z LOST CONTROL OF VEHICLE 1. VEHICLE 1 OVERTURNED.
1039735,3190028593,Missouri State Highway Patrol-Troop I,1571788800000,190619942,2,0,2,0,Personal Injury,CRAWFORD,NON-CITY OR UNINCORPORATED,I,2,2,0,0,0,AT,N,RT FF,CST OLD HWY 66,Daylight,Motor Vehicle in Transport,1,64,Wed     ,0,0,0,0,0,0,0,1,1,0,0,1,0,0,0,1,0,0,0,0,0,0,0,0,0,38.18254,-91.19809,0,10/23/2019,16:41:00,"CRASH OCCURRED AS VEHICLE 1 FAILED TO STOP AT A STOP SIGN AND STRUCK THE  LEFT SIDE OF VEHICLE 2, CAUSING VEHICLE 2 TO TRAVEL OFF OF THE RIGHT SIDE OF THE ROADWAY  AND OVERTURN."
1282063,3190030114,Missouri State Highway Patrol-Troop C,1571788800000,190619974,1,0,1,0,Personal Injury,ST. CHARLES,NON-CITY OR UNINCORPORATED,C,2,2,0,0,0,AT,N,US 61,CRD MCHUGH RD,Daylight,Motor Vehicle in Transport,1,64,Wed     ,0,0,0,0,0,0,0,1,0,0,0,1,0,0,0,1,1,0,0,0,0,0,0,0,0,38.86341,-90.88145,0,10/23/2019,16:56:00,VEHICLE 2 WAS TRAVELING NORTHBOUND ON US 61.  VEHICLE 1 WAS TRAVELING WESTBOUND ON MCHUGH ROAD. DRIVER 1 FAILED TO YIELD AND PULLED INTO THE PATH OF VEHICLE 2. THE FRONT OF VEHICLE 1 STRUCK THE FRONT OF VEHICLE 2.
1255028,3190030418,Missouri State Highway Patrol-Troop C,1571788800000,190620027,2,1,0,2,Fatal,JEFFERSON,NON-CITY OR UNINCORPORATED,C,1,1,0,242,0.05,A ,E ,CRD LOCAL HILLSBORO RD,PVT WEDGEWOOD DR,Daylight,Fixed Object,2,,Wed     ,1,1,0,0,1,0,1,0,0,0,0,0,0,0,0,1,0,0,0,0,0,0,0,0,0,38.34413,-90.60578,1,10/23/2019,17:15:00,"FATALITY REPORT - VEHICLE 1 TRAVELED OFF THE LEFT SIDE OF THE ROADWAY AND STRUCK A TREE. DRIVER 1 PRONOUNCED ON THE SCENE BY BIG RIVER AMBULANCE PERSONNEL AT 1728 HOURS. ASSISTED BY MSGT. T. WILLIAMS (1132), TPR. J. PROCKNOW (1453), AND TPR T. STRAATMANN (959)."
1136794,3190029357,Missouri State Highway Patrol-Troop E,1571788800000,190620064,2,0,1,1,Personal Injury,DUNKLIN,HOLCOMB,E,2,2,0,1726,0.33,A ,N,MO 53,CRD 332,Daylight,Motor Vehicle in Transport,1,60,Wed     ,0,0,0,0,0,1,1,0,0,0,0,0,0,0,0,1,0,0,0,0,0,0,0,0,0,36.41638,-90.02737,0,10/23/2019,17:35:00,CRASH OCCURRED AS VEHICLE 1 CROSSED CENTER LINE AND STRUCK VEHICLE 2 HEAD-ON
1509306,3190028614,Missouri State Highway Patrol-Troop H,1571788800000,190620078,1,0,1,0,Personal Injury,NODAWAY,NON-CITY OR UNINCORPORATED,H,1,1,0,1056,0.2,B ,N,US 71,RT M,Daylight,Overturn,2,,Wed     ,0,0,0,0,0,0,0,0,0,0,0,0,0,0,0,1,0,0,1,0,0,0,0,0,0,40.1686,-94.86885,0,10/23/2019,17:47:00,CRASH OCCURRED AS VEHICLE 1 WAS NORTHBOUND ON US 71 AND DRIVER 1 TRAVELED OFF THE WEST SIDE OF ROADWAY AND OVERTURNED. VEHICLE 1 CAME TO REST ON ITS TOP IN A RAVINE FACING NORTHWEST. ASSISTED BY CPL B.E. MAUDLIN (597) AND TPR T.R. HECKER (680).
966526,3190028343,Missouri State Highway Patrol-Troop D,1571788800000,190620120,1,0,1,0,Personal Injury,MCDONALD,NON-CITY OR UNINCORPORATED,D,2,2,0,0,0,AT,E ,RT B,RT C WJ,Daylight,Motor Vehicle in Transport,1,64,Wed     ,0,0,0,0,0,0,0,1,1,0,0,1,0,0,0,1,0,0,0,0,0,0,0,0,0,36.73825,-94.427,0,10/23/2019,18:00:00,CRASH OCCURRED AS VEH 2 PULLED INTO THE PATH OF VEH 1.
1333530,3190029891,Missouri State Highway Patrol-Troop G,1571788800000,190620163,1,0,1,0,Personal Injury,CARTER,NON-CITY OR UNINCORPORATED,G,1,1,0,4752,0.9,B ,E ,US 60,MO 34,Dark-Unlighted,Fixed Object,2,,Wed     ,0,0,0,0,0,0,0,0,0,0,0,0,0,0,0,0,1,0,0,0,0,0,0,0,0,37.03888,-90.93528,0,10/23/2019,18:30:00,"ACCIDENT OCCURRED AS VEHICLE #1 TRAVELED OFF THE LEFT SIDE OF ROADWAY AND STRUCK A CULVERT, COMING TO REST IN THE MEDIAN.            ASSISTED BY TPR A.K.FALTERMAN(239) AND THE CARTER COUNTY SHERIFF'S DEPARTMENT."
1503183,3190028718,Missouri State Highway Patrol-Troop H,1571788800000,190620217,1,0,0,1,Personal Injury,CALDWELL,NON-CITY OR UNINCORPORATED,H,1,1,0,665,0.13,B ,S ,RT B,CRD TOBIN VALLEY,Dark-Unlighted,Animal,1,,Wed     ,0,0,0,0,0,0,0,0,0,0,0,0,0,0,0,0,0,0,0,0,0,0,1,0,0,39.59966,-93.89881,0,10/23/2019,19:15:00,"CRASH OCCURRED AS VEHICLE 1 WAS SOUTHBOUND ON ROUTE B AND STRUCK A DEER IN THE ROADWAY.  VEHICLE 1 TRAVELED OFF THE EAST SIDE OF THE ROADWAY AND OVERTURNED, COMING TO REST ON ITS TOP.  ASSISTED BY CALDWELL COUNTY SHERIFF'S DEPARTMENT."
1135793,3190029114,Missouri State Highway Patrol-Troop E,1571788800000,190620267,1,0,1,0,Personal Injury,CAPE GIRARDEAU,NON-CITY OR UNINCORPORATED,E,1,1,0,15,0,B ,E ,RT Y,CRD ALEUT LN,Dark-Unlighted,Fixed Object,2,,Wed     ,0,0,0,0,0,0,0,0,0,0,0,0,0,0,0,0,0,0,0,0,1,0,0,1,0,37.41301,-89.6312,0,10/23/2019,19:45:00,CRASH OCCURRED AS VEHICLE 1 RAN OFF ROADWAY AND STRUCK BRIDGE GUARDRAIL - DAMAGE TO 6 FEET OF BRIDGE RAILING
929149,3190028415,Missouri State Highway Patrol-Troop D,1571788800000,190620429,2,0,2,0,Personal Injury,STONE,NON-CITY OR UNINCORPORATED,D,1,1,0,1684,0.32,A ,W ,MO 76,CRD PEEBLES POINT RD,Dark-Unlighted,Animal,1,,Wed     ,0,0,0,0,0,0,0,0,0,0,0,0,0,0,0,0,0,0,0,0,0,1,0,0,0,36.73088,-93.5546,0,10/23/2019,22:21:00,NR1 STRUCK A DEER IN THE ROADWAY.
1324724,3190028710,Missouri State Highway Patrol-Troop G,1571788800000,190620470,1,0,1,0,Personal Injury,HOWELL,NON-CITY OR UNINCORPORATED,G,1,1,0,1499,0.28,A ,E ,CRD 1540,CRD 2010,Dark-Unlighted,Fixed Object,2,,Wed     ,0,0,0,0,0,1,1,0,0,0,0,0,0,0,0,0,0,0,0,0,1,0,0,1,0,36.80353,-91.8554,0,10/23/2019,21:30:00,ACCIDENT OCCURRED AS VEHICLE FAILED TO NEGOTIATE A CURVE IN THE ROADWAY AND TRAVELED OFF THE ROADWAY AND STRUCK A TREE.
1303573,3190029647,Missouri State Highway Patrol-Troop C,1571875200000,190620633,1,0,1,0,Personal Injury,ST. LOUIS,NORMANDY,C,3,3,0,0,0,AT,W ,IS 70,RP 228122,Daylight,Motor Vehicle in Transport,1,61,Thu     ,0,0,0,0,0,0,0,0,0,0,0,0,0,0,0,1,0,0,0,1,0,0,0,0,1,38.71602,-90.29472,0,10/24/2019,06:45:00,VEHICLE #2 SLOWED FOR CONGESTED TRAFFIC.  VEHICLE #1 ATTEMPTED TO AVOID VEHICLE #2 BY SWERVING INTO LANE 2.  VEHICLE #3 STRUCK VEHICLE #1. CPL. D.L. BRAYNARD (152)
1064753,3190028584,Missouri State Highway Patrol-Troop I,1571875200000,190620887,1,0,0,1,Personal Injury,LACLEDE,NON-CITY OR UNINCORPORATED,I,1,1,0,84,0.02,A ,W ,IS 44,ERM WEST IS 44 MILE 1226,Daylight,Fixed Object,2,,Thu     ,0,0,0,0,1,0,0,1,1,0,0,0,0,0,0,1,0,0,0,0,0,0,0,0,0,37.59568,-92.72275,0,10/24/2019,09:07:00,"CRASH OCCURRED AS VEHICLE 1 TRAVELED OFF THE RIGHT SIDE OF THE ROADWAY, STRUCK EMBANKMENT AND OVERTURNED"
955572,3190033970,Missouri State Highway Patrol-Troop D,1571875200000,190621058,0,1,0,0,Fatal,GREENE,NON-CITY OR UNINCORPORATED,D,1,1,0,10,0,B ,E ,IS 44,ERM EAST IS 44 MILE 694,Daylight,Fixed Object,2,,Thu     ,,,,,,0,0,1,0,0,0,0,0,0,0,,0,0,,0,0,0,0,0,1,37.19743,-93.43733,1,10/24/2019,11:25:00,FATAL ACCIDENT   THIS IS TROOP D'S 6TH FOR THE MONTH AND 89TH FOR THE YEAR    NEXT OF KIN NOTIFIED     #1 TRAVELED OFF THE ROADWAY AND STRUCK A TREE.  SUBJECT WAS PRONOUNCED AT THE SCENE BY THE GREENE COUNTY CORONER MICHAEL LAMPHERE AT 1332.   ASSISTED BY TPR C.J. BECK #146
1320666,3190029776,Missouri State Highway Patrol-Troop G,1571875200000,190621455,2,0,2,0,Personal Injury,TEXAS,NON-CITY OR UNINCORPORATED,G,2,2,0,913,0.17,A ,S ,US 63,BRIDGE A3688,Daylight,Motor Vehicle in Transport,1,62,Thu     ,0,0,0,0,0,0,0,1,1,0,0,0,0,0,0,1,0,0,0,0,1,0,0,1,1,37.24004,-92.01079,0,10/24/2019,14:35:00,VEHICLE 1 CROSSED THE CENTERLINE AND STRUCK THE TOWED UNIT OF ONCOMING VEHICLE 2.
955573,3190028674,Missouri State Highway Patrol-Troop D,1571875200000,190621516,0,0,0,0,Property Damage,GREENE,NON-CITY OR UNINCORPORATED,D,3,3,0,18,0,B ,E ,MO 266,RT B,Daylight,Motor Vehicle in Transport,1,61,Thu     ,0,0,0,0,0,0,0,1,1,0,0,1,0,0,0,1,0,0,0,0,1,0,0,1,0,37.21313,-93.42271,0,10/24/2019,15:00:00,CRASH OCCURRED AS VEHICLE #1 STRUCK THE REAR OF VEHICLE #2 WHICH THEN STRUCK VEHICLE #3.
929143,3190030702,Missouri State Highway Patrol-Troop D,1571875200000,190621638,1,0,1,0,Personal Injury,STONE,NON-CITY OR UNINCORPORATED,D,1,1,0,270,0.05,A ,E ,US 160,PVT KESSINGER LN,Daylight,Fixed Object,1,,Thu     ,0,1,0,0,1,0,0,0,0,0,0,0,0,0,0,1,0,0,0,0,0,0,0,0,0,36.7621,-93.33992,0,10/24/2019,16:12:00,VEHICLE 1  RAN OFF LEFT SIDE OF ROADWAY AND STRUCK SEVERAL TREES.
1201695,3190028927,Missouri State Highway Patrol-Troop C,1571875200000,190621770,1,0,0,1,Personal Injury,LINCOLN,NON-CITY OR UNINCORPORATED,C,2,2,0,42,0.01,B ,S ,MO 47,PVT SUNSWEPT DRIVE,Daylight,Motor Vehicle in Transport,1,61,Thu     ,0,0,0,0,0,0,1,0,0,0,0,0,0,0,0,1,0,0,0,0,1,0,0,1,0,38.97221,-91.02685,0,10/24/2019,17:20:00,VEHICLE 1 SLOWED FOR A VEHICLE STOPPED AHEAD ATTEMPTING TO MAKE A LEFT TURN.  DRIVER 2 FAILED TO OBSERVE VEHICLE 1 SLOWING CAUSING THE FRONT OF VEHICLE 2 TO STRIKE THE REAR OF VEHICLE 1.
1026070,3190028563,Missouri State Highway Patrol-Troop D,1571875200000,190621773,1,0,0,1,Personal Injury,TANEY,NON-CITY OR UNINCORPORATED,D,3,3,0,221,0.04,A ,W ,MO 76,CRD AUBURN RD,Daylight,Motor Vehicle in Transport,1,61,Thu     ,0,0,0,0,1,0,0,0,0,0,0,0,0,0,0,1,0,0,0,0,0,0,0,0,0,36.64197,-93.20323,0,10/24/2019,17:24:00,CRASH OCCURRED AS VEH 3 STOPPED TO MAKE A LEFT TURN.  VEH 2 STOPPED BEHIND VEH 3.  VEH 1 STRUCK THE REAR OF VEH 2.  VEH 2 WAS PUSHED INTO THE REAR OF VEH 3.
1272666,3190030653,Missouri State Highway Patrol-Troop C,1571875200000,190621839,1,0,1,0,Personal Injury,ST. FRANCOIS,NON-CITY OR UNINCORPORATED,C,2,2,Y,517,0.1,A ,N,MO 47,CRD AIRPORT RD,Dark-Unlighted,Motor Vehicle in Transport,1,62,Thu     ,0,0,0,0,0,,,,,0,0,0,0,0,0,1,0,0,0,,,,,,,37.93026,-90.60726,0,10/24/2019,17:58:00,VEHICLE 1 WAS TRAVELING EAST ON MO 47. VEHICLE 2 WAS TRAVELING WEST ON MO 47. VEHICLE 1 WAS TRAVELING EAST IN THE WESTBOUND LANES AND STRUCK THE PASSENGER SIDE OF VEHICLE 2. VEHICLE 1 LEFT THE SCENE.
1255004,3190028912,Missouri State Highway Patrol-Troop C,1571875200000,190621865,2,0,2,0,Personal Injury,JEFFERSON,NON-CITY OR UNINCORPORATED,C,2,2,0,0,0,AT,W ,MO 30,CRD LITTLE BRENNAN RD,Dark-Lighted,Motor Vehicle in Transport,1,60,Thu     ,0,0,0,0,0,0,0,0,0,1,0,0,0,0,0,1,0,0,0,0,0,0,0,0,0,38.48536,-90.50255,0,10/24/2019,18:19:00,VEHICLE 1 WAS IN THE LEFT TURN LANE.  VEHICLE 2 WAS IN LANE 1.  DRIVER 2 FAILED TO STOP FOR THE STEADY RED SIGNAL CAUSING THE FRONT OF VEHICLE 1 TO STRIKE THE FRONT OF VEHICLE 2.
1026071,3190028567,Missouri State Highway Patrol-Troop D,1571875200000,190621918,1,0,1,0,Personal Injury,TANEY,NON-CITY OR UNINCORPORATED,D,1,1,0,52,0.01,A ,W ,MO 76,CRD CANDLESTICK RD,Dark-Lighted,Overturn,2,,Thu     ,0,0,0,0,1,0,1,0,0,0,0,0,0,0,0,1,0,0,0,0,0,0,0,0,0,36.64187,-93.20571,0,10/24/2019,18:48:00,"CRASH OCCURRED AS VEH 1, SLID ON WET ROADWAY, TRAVELED OFF RIGHT SIDE OF ROADWAY AND OVERTURNED."
1135795,3190029117,Missouri State Highway Patrol-Troop E,1571875200000,190622051,2,0,1,1,Personal Injury,CAPE GIRARDEAU,NON-CITY OR UNINCORPORATED,E,2,2,0,26,0,B ,E ,MO 34,CRD 343,Dark-Unlighted,Motor Vehicle in Transport,1,61,Thu     ,0,0,0,0,0,1,1,1,1,0,0,0,0,0,0,1,0,0,0,0,1,0,0,1,0,37.38131,-89.75644,0,10/24/2019,20:45:00,CRASH OCCURRED AS VEHICLE ONE STRUCK VEHICLE TWO IN THE REAR.
852175,3190028689,Missouri State Highway Patrol-Troop A,1571875200000,190622119,1,0,1,0,Personal Injury,CLAY,LIBERTY,A,1,1,0,1129,0.21,A ,S ,US 69,CST CHANDLER RD,Dark-Unlighted,Fixed Object,2,,Thu     ,0,0,0,0,0,0,0,0,0,0,0,0,0,0,0,0,0,0,0,0,0,0,0,0,0,39.29187,-94.38603,0,10/24/2019,21:50:00,"CRASH OCCURRED AS VEHICLE 1 SWERVED TO MISS A DEAD ANIMAL IN THE ROADWAY, TRAVELED THROUGH THE MEDIAN, AND BECAME AIRBORNE. VEHICLE 1 STRUCK A GUARDRAIL AND CAME TO REST IN THE SOUTHBOUND LANES. ASSISTED BY TPR B S FLORAY /746/ AND LIBERTY PD."
1334319,3190029257,Missouri State Highway Patrol-Troop G,1571961600000,190622226,1,0,1,0,Personal Injury,WRIGHT,NON-CITY OR UNINCORPORATED,G,1,1,0,549,0.1,A ,S ,MO 5,CRD WALLS FORD RD,Dark-Unlighted,Fixed Object,2,,Thu     ,0,0,0,0,1,1,1,0,0,0,0,0,0,0,0,1,0,0,0,0,0,0,0,0,0,37.22735,-92.5211,0,10/24/2019,23:36:00,"ACCIDENT OCCURRED AS VEHICLE #1 LOST CONTROL ON WET ROADWAY, TRAVELED OFF THE RIGHT SIDE OF ROADWAY INTO A DITCH.    ASSISTED BY WRIGHT COUNTY SHERIFF'S DEPARTMENT AND HARTVILLE FIRE AND RESCUE."
1320665,3190029781,Missouri State Highway Patrol-Troop G,1571961600000,190622250,1,0,1,0,Personal Injury,TEXAS,NON-CITY OR UNINCORPORATED,G,1,1,0,527,0.1,A ,S ,US 63,CRD HUTCHASON ROAD,Dark-Unlighted,Fixed Object,2,,Fri     ,0,0,0,0,0,0,0,1,0,0,0,0,0,0,0,1,0,0,0,0,0,0,0,0,0,37.59311,-91.86266,0,10/25/2019,00:10:00,ACCIDENT OCCURRED AS VEHICLE #1 TRAVELED OFF THE RIGHT SIDE OF ROADWAY  IMPACTING A GUARD RAIL END.  APPROXIMATELY 70 FEET OF GUARD RAIL WAS DESTROYED.  MODOT WAS NOTIFIED OF THE DAMAGE BY TELEPHONE.