objectid,accident,agency,inv_date,complaint,injured,killed,min_inj,dis_inj,severity,county,city,troop,no_vehicle,motor_veh,left_scene,dist_feet,dist_mile,inter_loc,direction,on_street,at_street,light_cond,acc_type,on_off_rd,two_veh,day_week,dr_drink,dr_drug,ped_drink,ped_drug,speed,dr_under21,dr_under25,dr_over55,dr_over64,electrical,emer_veh,stop_sign,yield_sign,czone,hazmat,aggressive,cell_phone,texting,veh_defect,school_bus,truck,motorcycle,atv,pickup,cmv,gps_lat,gps_long,severity_fatal,acc_date,acc_time,narrative
1255035,3190029866,Missouri State Highway Patrol-Troop C,1571961600000,190622294,1,1,1,0,Fatal,JEFFERSON,NON-CITY OR UNINCORPORATED,C,2,2,0,0,0,AT,S ,US 61,RT AA,Dark-Unlighted,Motor Vehicle in Transport,1,64,Fri     ,0,0,0,0,0,1,1,0,0,0,0,1,0,0,0,1,0,0,0,0,0,1,0,0,0,38.13846,-90.31558,1,10/25/2019,02:42:00,FATALITY TRAFFIC CRASH - VEHICLE 1 WAS WESTBOUND ON ROUTE AA AND VEHICLE 2 WAS SOUTHBOUND ON US 61. DRIVER 1 FAILED TO STOP FOR A POSTED STOP SIGN AND PULLED INTO THE PATH OF VEHICLE 2 CAUSING VEHICLE 2 TO STRIKE THE SIDE OF VEHICLE 1. DRIVER 2 PRONOUNCED AT 0252 HOURS ON 10252019 BY EMS PERSONNEL.
1324707,3190028835,Missouri State Highway Patrol-Troop G,1571961600000,190622316,1,0,1,0,Personal Injury,HOWELL,NON-CITY OR UNINCORPORATED,G,1,1,0,450,0.09,A ,N,RT E,CRD 6790 NJ,Dark-Unlighted,Fixed Object,2,,Unk     ,0,0,0,0,0,0,0,0,0,0,0,0,0,0,0,1,0,0,0,0,0,0,0,0,0,36.53184,-91.98586,0,10/25/2019,00:00:00,PRIVATE PROPERTY ACCIDENT- OCCURRED AS VEHICLE #1 ATTEMPTED TO EXIT A DRIVEWAY AND DROVE INTO A DITCH.
916887,3190029280,Missouri State Highway Patrol-Troop D,1571961600000,190622624,1,0,1,0,Personal Injury,JASPER,NON-CITY OR UNINCORPORATED,D,1,1,0,46,0.01,B ,W ,IS 44,ERM WEST IS 44 MILE 146,Dark-Unlighted,Fixed Object,2,,Fri     ,0,0,0,0,0,0,1,0,0,0,0,0,0,0,0,0,0,0,0,0,0,0,0,0,0,37.07697,-94.38143,0,10/25/2019,02:50:00,CRASH OCCURRED AS VEHICLE #1 WAS TRAVELING WEST ON INTERSTATE 44. VEHICLE ONE SWERVED TO AVOID A DEER THAT HAD ENTERED THE ROADWAY.  VEHICLE #1 LOST CONTROL AND SKIDDED INTO THE CABLE BARRIER.
1320487,3190030879,Missouri State Highway Patrol-Troop G,1571961600000,190622748,2,0,2,0,Personal Injury,TEXAS,NON-CITY OR UNINCORPORATED,G,2,2,0,26,0,A ,S ,MO 17,BRIDGE J0617,Daylight,Motor Vehicle in Transport,1,61,Fri     ,0,0,0,0,0,0,0,1,1,0,0,0,0,0,0,1,0,0,0,0,1,0,0,0,1,37.24908,-91.8133,0,10/25/2019,10:05:00,"OCCURRED AS BOTH VEHICLES WERE SOUTHBOUND ON HWY 17 WHEN VEHICLE TWO WAS CROSSING THE BRIDGE AT A SLOW/STOPPED SPEED, AND VEHICLE ONE CAME AROUND A CURVE AND DOWN A GRADE, STRIKING THE REAR OF VEHICLE TWO. ASSISTED BY TPR L W SANDERS (987), TPR M D RITTER (1413), RAYMONDVILLE FIRE, AND SUMMERSVILLE FIRE."
1508728,3190029285,Missouri State Highway Patrol-Troop H,1571961600000,190622799,0,1,0,0,Fatal,HOLT,NON-CITY OR UNINCORPORATED,H,1,1,0,411,0.08,A ,N,IS 29,ERM NORTH IS 29 MILE 784,Daylight,Fixed Object,2,,Fri     ,0,0,0,0,1,0,0,0,0,0,0,0,0,0,0,1,0,0,0,0,0,0,0,0,0,40.06849,-95.18112,1,10/25/2019,10:28:00,"LATE DEATH PRONOUNCED DECEASED ON 111019 AT 0917 BY DR. TOMUR. CRASH OCCURRED AS VEH 1 WAS NORTHBOUND ON I-29. VEH 1 TRAVELED OFF THE WEST SIDE OF THE ROADWAY, TRAVELED BACK ONTO THE ROADWAY AND BEGAN TO SKID. VEH 1 THEN TRAVELED OFF THE WEST SIDE OF THE ROADWAY, STRUCK THE EMERGENCY CROSSOVER AND BECAME AIRBORNE. VEH 1 STRUCK THE MEDIAN ON THE OPPOSITE SIDE OF THE CROSSOVER AND BEGAN TO OVERTURN WHEN DRIVER 1 WAS EJECTED.  VEH 1 CAME TO REST ON ITS TOP FACING NORTHEAST IN THE MEDIAN. ASSISTED BY HOLT COUNTY SHERIFF'S DEPARTMENT, ATCHISON HOLT AMBULANCE, AND LIFE NET EAGLE."
1204780,3190028582,Missouri State Highway Patrol-Troop F,1571961600000,190623085,1,0,1,0,Personal Injury,COOPER,NON-CITY OR UNINCORPORATED,F,1,1,0,209,0.04,B ,E ,IS 70,ERM EAST IS 70 MILE 886,Daylight,Fixed Object,2,,Fri     ,0,0,0,0,0,0,0,1,1,0,0,0,0,0,0,1,0,0,0,0,0,0,0,0,1,38.9482,-93.01699,0,10/25/2019,12:42:00,"CRASH OCCURRED AS VEHICLE 1 TRAVELED OFF THE RIGHT SIDE OF THE ROAD, STRUCK AN EMBANKMENT, THEN TRAVELED OFF THE LEFT SIDE OF THE ROAD AND STRUCK MEDIAN CABLES. ASSISTED BY TPR K.S. LINNEMAN (404)"
1508729,3190029286,Missouri State Highway Patrol-Troop H,1571961600000,190623154,2,0,0,2,Personal Injury,HOLT,NON-CITY OR UNINCORPORATED,H,1,1,0,655,0.12,B ,S ,IS 29,ERM SOUTH IS 29 MILE 682,Daylight,Fixed Object,2,,Fri     ,0,0,0,0,0,0,0,1,1,0,0,0,0,0,0,1,0,0,0,0,0,0,0,0,0,39.98038,-95.02808,0,10/25/2019,13:20:00,"CRASH OCCURRED AS VEH#1 WAS SOUTHBOUND ON I-29 AND TRAVELED OFF THE EAST SIDE OF THE ROADWAY. THE FRONT OF VEH#1 STRUCK THE EMERGENCY CROSS OVER AND VEH#1 WENT AIRBORNE. THE FRONT OF VEH#1 STRUCK THE GROUND AND OVERTURNED. VEH#1 CAME TO REST ON ITS WHEELS FACING NORTH IN THE MEDIAN. ASSISTED BY SGT. M.P. QUILTY (1221), CPL. R.P. DUDECK (516), TPR. S.J. FORCE (316), TPR. D.L. HUGHES (1261), TPR. R.A. ALLEE (465), CVO. K.L. SHEWEY (W066), HOLT COUNTY SHERIFF'S DEPARTMENT, ATCHISON-HOLT AMBULANCE, ANDREW COUNTY EMS, AND HOLT COUNTY FIRE."
948598,3190028763,Missouri State Highway Patrol-Troop D,1571961600000,190623298,1,0,1,0,Personal Injury,POLK,NON-CITY OR UNINCORPORATED,D,1,1,0,1013,0.19,A ,S ,MO 215,CRD 180TH RD,Daylight,Animal,1,,Fri     ,0,0,0,0,0,0,0,0,0,0,0,0,0,0,0,0,0,0,0,0,1,0,0,0,1,37.45634,-93.30055,0,10/25/2019,14:20:00,VEHICLE 1 STRUCK A DEER IN THE ROADWAY.
1026068,3190029197,Missouri State Highway Patrol-Troop D,1571961600000,190623307,1,0,1,0,Personal Injury,TANEY,NON-CITY OR UNINCORPORATED,D,2,2,0,256,0.05,A ,W ,CST SHEPHERD OF THE HILLS EXPRESSWAY,CST EXPRESSWAY LN WJ,Daylight,Fixed Object,1,,Fri     ,0,0,0,0,0,0,0,0,0,0,0,0,0,0,0,1,0,0,0,0,1,0,0,1,0,36.66645,-93.264,0,10/25/2019,14:24:00,CRASH OCCURRED AS VEHICLE #1 CROSSED THE MEDIAN AND STRUCK VEHICLE #2.
1026065,3190029367,Missouri State Highway Patrol-Troop D,1571961600000,190623781,1,0,1,0,Personal Injury,TANEY,NON-CITY OR UNINCORPORATED,D,2,2,0,565,0.11,B ,S ,MO 465,RP 279461,Daylight,Motor Vehicle in Transport,2,64,Fri     ,0,0,0,0,0,0,0,0,0,0,0,0,0,0,0,0,0,0,0,0,1,0,0,0,1,36.71583,-93.2626,0,10/25/2019,17:55:00,VEHICLE 1 WAS STOPPED ON THE SHOULDER.  VEHICLE 1 CAME OUT OF PARK WITHOUT A DRIVER AND BEGAN BACKING ON TO THE ROADWAY.  VEHICLE 1 TRAVELED BACKWARDS AGAINST TRAFFIC AND VEHICLE 2 STRUCK VEHICLE 1 FROM BEHIND.
1261548,3190029958,Missouri State Highway Patrol-Troop C,1571961600000,190623870,1,0,1,0,Personal Injury,ST. LOUIS,CHAMP,C,2,2,0,512,0.1,A ,W ,RP 6464,IS 270 EJ,Dark-Lighted,Motor Vehicle in Transport,1,61,Fri     ,0,0,0,0,0,0,1,1,1,0,0,0,0,0,0,1,0,0,0,0,0,0,0,0,0,38.74465,-90.44002,0,10/25/2019,18:40:00,VEHICLE #1 WAS FOLLOWING TOO CLOSE  WHEN VEHICLE #2 STARTED TO STOP FOR CONGESTED TRAFFIC.  THE FRONT LEFT SIDE OF VEHICLE #1 STRUCK THE REAR OF VEHICLE #2.
1272670,3190031506,Missouri State Highway Patrol-Troop C,1571961600000,190623925,2,0,2,0,Personal Injury,ST. FRANCOIS,NON-CITY OR UNINCORPORATED,C,2,2,0,0,0,AT,E ,MO 8,CRD STATE HIGHWAY 8 OLD,Dark-Unlighted,Motor Vehicle in Transport,1,64,Fri     ,0,0,0,0,0,1,1,1,1,1,0,1,0,0,0,1,0,0,0,0,1,0,0,0,0,37.86557,-90.54806,0,10/25/2019,19:15:00,VEHICLE #1 WAS SOUTHBOUND ON ROUTE P.  VEHICLE #2 WAS EASTBOUND ON MO 8.  VEHICLE #1 FAILED TO YIELD TO VEHICLE #2 AND PULLED OUT INTO ITS PATH OF TRAVEL.  THE FRONT OF VEHICLE #2 STRUCK THE PASSENGER SIDE OF VEHICLE #1. TPR. B. M. BREEDLOVE (157)
864806,3190030365,Missouri State Highway Patrol-Troop A,1571961600000,190623994,2,0,2,0,Personal Injury,PETTIS,NON-CITY OR UNINCORPORATED,A,2,2,0,27,0.01,B ,W ,US 50,CRD EAST PRAIRIE GROVE RD,Dark-Unlighted,Motor Vehicle in Transport,1,64,Fri     ,0,0,0,0,0,0,0,0,0,0,0,0,0,0,0,0,0,0,0,0,0,0,0,0,1,38.76538,-93.46429,0,10/25/2019,19:50:00,OCCURRED AS VEH2 SIDESWIPED VEH1 ON PASSENGER SIDE.
970184,3190030763,Missouri State Highway Patrol-Troop D,1571961600000,190624014,0,1,0,0,Fatal,CEDAR,STOCKTON,D,1,1,0,48,0.01,A ,S ,MO 39,CRD 1453,Dark-Unlighted,Pedestrian,1,,Fri     ,0,0,0,0,0,0,0,1,1,0,0,0,0,0,0,0,0,0,0,0,1,0,0,1,1,37.68103,-93.80435,1,10/25/2019,20:00:00,FATALITY ACCIDENT    NEXT OF KIN NOTIFIED   THIS IS THE 90TH FATALITY FOR TROOP D IN 2019       SUBJECT WAS SITTING IN THE MIDDLE OF THE SOUTHBOUND LANE AND WAS STRUCK BY VEHICLE 1. SUBJECT PRONOUNCED DEAD AT SCENE BY CEDAR COUNTY CORONER NORA POWELL. SURVIVING DRIVING WAS TESTED FOR IMPAIRMENT.
963393,3190029336,Missouri State Highway Patrol-Troop D,1571961600000,190624227,0,1,0,0,Fatal,BARTON,NON-CITY OR UNINCORPORATED,D,1,1,0,464,0.09,A ,W ,US 160,BRIDGE A6401,Dark-Unlighted,Overturn,1,,Fri     ,1,0,0,0,1,0,0,0,0,0,0,0,0,0,0,1,0,0,0,0,0,0,0,0,0,37.49823,-94.47609,1,10/25/2019,22:05:00,"FATALITY ACCIDENT. THIS IS TROOP D'S 91ST FATALITY FOR 2019. NEXT OF KIN WAS NOTIFIED. OCCURRED AS VEH1 RAN OFF ROADWAY, OVERTURNED, AND EJECTED THE DRIVER. DRIVER WAS PRONOUNCED ON 10/25/2019 AT 2208 HOURS ON SCENE BY BARTON COUNTY CORONER TAMMY DEHERRERA."
1272669,3190032281,Missouri State Highway Patrol-Troop C,1571961600000,190624298,1,0,1,0,Personal Injury,ST. FRANCOIS,NON-CITY OR UNINCORPORATED,C,1,1,0,10,0,B ,W ,CRD STATE HIGHWAY 8 OLD,CRD MITCHELL RD,Dark-Unlighted,Fixed Object,2,,Fri     ,0,1,0,0,1,1,1,0,0,0,0,1,0,0,0,1,0,0,0,0,0,0,0,0,0,37.85905,-90.5686,0,10/25/2019,23:15:00,"VEHICLE 1 WAS NORTHBOUND ON MITCHELL ROAD.  VEHICLE 1 FAILED TO STOP AT THE STOP SIGN, TRAVELED ACROSS OLD HIGHWAY 8, AND STRUCK A LARGE ROCK."
1255031,3190028794,Missouri State Highway Patrol-Troop C,1572048000000,190624637,1,0,1,0,Personal Injury,JEFFERSON,NON-CITY OR UNINCORPORATED,C,1,1,0,1584,0.3,A ,E ,MO 110,CRD UPPER PLATTIN RD,Daylight,Animal,1,,Sat     ,0,0,0,0,0,0,0,1,0,0,0,0,0,0,0,0,0,0,0,0,0,0,0,0,0,38.14083,-90.51861,0,10/26/2019,07:45:00,VEHICLE 1 STRUCK A DEER.
1282082,3190029038,Missouri State Highway Patrol-Troop C,1572048000000,190624652,1,0,1,0,Personal Injury,ST. CHARLES,NON-CITY OR UNINCORPORATED,C,2,2,0,687,0.13,A ,W ,IS 70,RT A,Daylight,Motor Vehicle in Transport,1,63,Sat     ,0,0,0,0,0,0,0,1,0,0,0,0,0,0,0,1,0,0,0,0,1,0,0,1,1,38.80565,-90.81016,0,10/26/2019,07:56:00,"VEHICLES #1 AND #2 WERE TRAVELING WESTBOUND INTERSTATE 70.  VEHICLE #1 WAS PULLING A TRAILER AND THE RIGHT REAR AND FRONT OF VEHICLE #1'S TOWED UNIT STRUCK THE LEFT FRONT OF VEHICLE #2, CAUSING BOTH VEHICLES TO TRAVEL OFF THE  RIGHT SIDE OF THE ROADWAY AND INTO TREES. ASSISTED BY F.T.O. TPR. K.R. BECHAUD (163)"
1126015,3190028629,Missouri State Highway Patrol-Troop E,1572048000000,190625016,1,0,0,1,Personal Injury,PEMISCOT,NON-CITY OR UNINCORPORATED,E,1,1,0,2011,0.38,A ,W ,CRD 444,WOR 55,Daylight,Fixed Object,2,,Sat     ,0,0,0,0,1,0,0,1,0,0,0,0,0,0,0,1,0,0,0,0,0,0,0,0,0,36.13875,-89.76168,0,10/26/2019,11:50:00,CRASH OCCURRED AS VEHICLE ONE TRAVELED OFF ROADWAY STRIKING EMBANKMENT AND OVERTURNED
1190929,3190029019,Missouri State Highway Patrol-Troop B,1572048000000,190625070,3,0,3,0,Personal Injury,LEWIS,NON-CITY OR UNINCORPORATED,B,2,2,0,665,0.13,A ,S ,US 61,CRD 567 OLD HWY 61,Daylight,Motor Vehicle in Transport,1,61,Sat     ,1,0,0,0,1,0,0,0,0,0,0,0,0,0,0,1,0,0,0,0,0,0,0,0,0,39.98,-91.52488,0,10/26/2019,12:20:00,VEHICLE 02 STRUCK VEHICLE 01 IN THE REAR.  ASSISTED BY LEWIS COUNTY SHERIFF'S DEPARTMENT AND LA GRANGE FIRE AND RESCUE.
1134418,3190028796,Missouri State Highway Patrol-Troop E,1572048000000,190625249,2,0,2,0,Personal Injury,MADISON,NON-CITY OR UNINCORPORATED,E,2,2,0,2407,0.46,A ,W ,RT A,CRD 308,Daylight,Motor Vehicle in Transport,1,62,Sat     ,0,0,0,0,0,0,1,0,0,0,0,0,0,0,0,1,0,0,0,0,0,0,0,0,0,37.45461,-90.22177,0,10/26/2019,14:15:00,STATE PROPERTY DAMAGE - 2 CHEVRON SIGNS - CRASH OCCURRED AS VEHICLE ONE CROSSED CENTER OF ROADWAY STRIKING DRIVER SIDE OF VEHICLE TWO. VEHICLE ONE TRAVELED OFF ROADWAY AND OVERTURNED
1255047,3190028936,Missouri State Highway Patrol-Troop C,1572048000000,190625318,6,0,5,1,Personal Injury,JEFFERSON,NON-CITY OR UNINCORPORATED,C,2,2,0,1240,0.23,A ,S ,RT B,PVT FOREST DR,Daylight,Motor Vehicle in Transport,1,64,Sat     ,0,0,0,0,1,0,0,1,0,0,0,0,0,0,0,1,0,0,0,0,1,0,0,1,0,38.24105,-90.60863,0,10/26/2019,14:50:00,VEHICLE 1 WAS TRAVELING SOUTHBOUND ON ROUTE B. VEHICLE 2 WAS TRAVELING NORTHBOUND ON ROUTE B. DRIVER 2 LOST CONTROL AND CROSSED THE CENTER LINE. VEHICLE 2 SPUN COUNTER CLOCKWISE AND THE FRONT LEFT OF VEHICLE 1 STRUCK THE PASSENGER SIDE OF VEHICLE 2.
834889,3190030245,Missouri State Highway Patrol-Troop A,1572048000000,190625560,2,0,2,0,Personal Injury,PLATTE,KANSAS CITY,A,6,6,0,400,0.08,B ,S ,IS 29,ERM SOUTH IS 29 MILE 42,Daylight,Motor Vehicle in Transport,1,61,Sat     ,0,0,0,0,0,1,1,0,0,0,0,0,0,0,0,0,0,0,0,0,0,0,0,0,0,39.1963,-94.62083,0,10/26/2019,17:30:00,"CRASH OCCURRED AS VEHICLE #1 OVERTOOK AND STRUCK VEHICLE #2, CAUSING VEHICLE #2 TO STRIKE VEHICLE #3, THEN VEHICLE #4 STRUCK VEHICLE #5 AND VEHICLE #5 STRUCK VEHICLE #6.  AFTER IMPACT, VEHICLE #1 TRAVELED OFF THE RIGHT SIDE OF THE ROADWAY AND STRUCK THE GUARDRAIL."
972365,3190029269,Missouri State Highway Patrol-Troop D,1572048000000,190625626,3,0,3,0,Personal Injury,CEDAR,NON-CITY OR UNINCORPORATED,D,1,1,0,4752,0.9,B ,N,RT J,RT N,Daylight,Fixed Object,2,,Sat     ,0,0,0,0,0,0,0,0,0,0,0,0,0,0,0,1,0,0,0,0,0,0,0,0,0,37.79683,-93.75058,0,10/26/2019,18:10:00,"CRASH OCCURRED AS VEH 1 OVERCORRECTED, RAN OFF THE LEFT SIDE OF THE ROADWAY AND OVERTURNED."
861159,3190029786,Missouri State Highway Patrol-Troop A,1572048000000,190625628,1,0,1,0,Personal Injury,LAFAYETTE,NON-CITY OR UNINCORPORATED,A,2,2,0,3695,0.7,B ,E ,CRD WHEATLEY RD,CRD BOUNDARY RD,Daylight,Motor Vehicle in Transport,1,64,Sat     ,0,0,0,0,0,0,0,1,1,0,0,0,0,0,0,1,0,0,0,0,0,0,0,0,0,39.02133,-93.82676,0,10/26/2019,18:03:00,"CRASH OCCURRED AS VEHICLE 1 WAS TRAVELING WESTBOUND ON WHEATLEY ROAD AND VEHICLE 2 WAS TRAVELING EASTBOUND. DRIVER 1'S VISION WAS OBSTRUCTED BY THE SUN WHILE TRAVELING ON A CURVE AND FAILED TO OBSERVE VEHICLE 2. VEHICLE 1 SWERVED TO THE RIGHT TO ATTEMPT TO AVOID VEHICLE 2 BUT ULTIMATELY IMPACTED VEHICLE 2. BEFORE IMPACT VEHICLE 2 SWERVED TO THE LEFT TO AVOID IMPACTING VEHICLE 1 IN THE DRIVER'S DOOR. AFTER IMPACT, BOTH VEHICLE 1 AND VEHICLE 2 CAME TO FINAL REST IN THE ROADWAY. ASSISTED BY MSGT.A.V DILLON/990/."
1324579,3190029094,Missouri State Highway Patrol-Troop G,1572048000000,190625636,1,0,0,1,Personal Injury,HOWELL,NON-CITY OR UNINCORPORATED,G,1,1,0,3168,0.6,B ,W ,US 160,CRD 1100,Daylight,Fixed Object,2,,Sat     ,0,0,0,0,1,1,1,0,0,0,0,0,0,0,0,1,0,0,0,0,0,0,0,0,0,36.74924,-91.75267,0,10/26/2019,18:26:00,"ACCIDENT OCCURRED AS VEHICLE TRAVELED OFF OF RIGHT SIDE OF ROADWAY, IMPACTED A DITCH, AND BEGAN OVERTURNING.  WHILE OVERTURNING, VEHICLE TRAVELED ACROSS ROADWAY, INTO LEFT DITCH AND STRUCK A TREE, EJECTING THE DRIVER."
1142155,3190028737,Missouri State Highway Patrol-Troop E,1572048000000,190625665,1,0,1,0,Personal Injury,BUTLER,NON-CITY OR UNINCORPORATED,E,2,2,0,406,0.08,B ,N,BU 67,CRD OLD HIGHWAY 60 SJ,Dark-Unlighted,Motor Vehicle in Transport,1,60,Sat     ,0,0,0,0,0,0,0,1,1,0,0,0,0,0,0,1,0,0,0,0,1,0,0,1,0,36.73354,-90.4328,0,10/26/2019,18:45:00,CRASH OCCURRED AS VEHICLE 1 CROSSED THE CENTER OF THE ROADWAY AND STRUCK VEHICLE 2 HEAD ON.
1253577,3190029294,Missouri State Highway Patrol-Troop C,1572048000000,190625794,2,0,2,0,Personal Injury,FRANKLIN,NON-CITY OR UNINCORPORATED,C,1,1,0,665,0.13,B ,E ,RT V,CRD CLEARVIEW RD,Dark-Unlighted,Fixed Object,2,,Sat     ,0,0,0,0,1,0,1,0,0,0,0,0,0,0,0,1,0,0,0,0,0,0,0,0,0,38.47686,-90.99189,0,10/26/2019,20:10:00,"VEHICLE 1 WAS TRAVELING EASTBOUND ON ROUTE V. DRIVER 1 LOST CONTROL. VEHICLE 1 SLID OFF THE RIGHT SIDE OF THE ROADWAY, STRUCK A UTILITY POLE, AND A SHED. ASSISTED BY CPL. C. A. BISHOP (202)."
1185817,3190029501,Missouri State Highway Patrol-Troop B,1572048000000,190625795,1,0,0,1,Personal Injury,SULLIVAN,NON-CITY OR UNINCORPORATED,B,1,1,0,7391,1.4,A ,E ,CRD RIVER RD,CRD CREEK DR,Dark-Unlighted,Fixed Object,2,,Sat     ,1,0,0,0,1,0,0,1,0,0,0,0,0,0,0,1,0,0,0,0,0,0,0,0,0,40.18362,-93.16973,0,10/26/2019,19:30:00,"VEHICLE 1 WAS WESTBOUND, RAN OFF THE ROAD AND OVERTURNED COMING TO REST IN THE CREEK ON IT'S SIDE."
955532,3190029035,Missouri State Highway Patrol-Troop D,1572048000000,190625820,2,0,2,0,Personal Injury,GREENE,NON-CITY OR UNINCORPORATED,D,2,2,0,0,0,AT,N,RT H,RT CC,Dark-Unlighted,Motor Vehicle in Transport,1,64,Sat     ,0,0,0,0,0,0,0,1,0,0,0,1,0,0,0,1,0,0,0,0,1,0,0,1,0,37.39757,-93.27,0,10/26/2019,20:26:00,"CRASH OCCURRED AS VEH 2 WAS TRAVELING WESTBOUND, FAILED TO STOP AT A STOP SIGN AND PULLED INTO THE PATH OF VEH 1."
1201715,3190037007,Missouri State Highway Patrol-Troop C,1572048000000,190625896,1,0,1,0,Personal Injury,LINCOLN,NON-CITY OR UNINCORPORATED,C,2,2,0,0,0,AT,S ,MO 47,CRD GRAVENS RD,Dark-Unlighted,Motor Vehicle in Transport,1,61,Sat     ,0,0,0,0,0,1,1,0,0,0,0,0,0,0,0,1,0,0,0,0,0,0,0,0,0,38.98912,-90.90394,0,10/26/2019,21:10:00,VEHICLE 2 WAS TRAVELING WESTBOUND ON MISSOURI 47. VEHICLE 1 WAS STOPPED IN TRAFFIC ON WESTBOUND ON MISSOURI 47. DRIVER 2 FAILED TO STOP AND THE FRONT OF VEHICLE 2 STRUCK THE REAR OF VEHICLE 1.
861158,3190029236,Missouri State Highway Patrol-Troop A,1572048000000,190625957,2,0,1,1,Personal Injury,LAFAYETTE,NON-CITY OR UNINCORPORATED,A,1,1,Y,982,0.19,A ,N,PVT MOUNTAIN VIEW ROAD,CRD DOTY SCHOOL ROAD,Dark-Unlighted,Fell/Jumped from MV,1,,Sat     ,0,0,0,0,1,0,0,0,0,0,0,0,0,0,0,1,0,0,0,0,0,0,1,0,0,38.92829,-94.05146,0,10/26/2019,21:30:00,"OCCURRED AS DRIVER 1 LOST CONTROL OF VEHICLE 1, CAUSING BOTH RIDERS TO BE EJECTED"
1179384,3190029708,Missouri State Highway Patrol-Troop B,1572134400000,190626321,1,0,1,0,Personal Injury,MARION,NON-CITY OR UNINCORPORATED,B,1,1,0,3168,0.6,B ,E ,RT C,BRIDGE A5909,Dark-Unlighted,Fixed Object,2,,Sun     ,1,0,0,0,0,1,1,0,0,0,0,0,0,0,0,0,0,0,0,0,0,0,0,0,0,39.75895,-91.67863,0,10/27/2019,01:15:00,VEHICLE 1 TRAVELED OFF THE RIGHT SIDE OF THE ROAD AND STRUCK A TREE AND A UTILITY POLE. ASSISTED BY THE MARION COUNTY SHERIFF'S DEPARTMENT AND MONROE CITY AMBULANCE.
877044,3190029846,Missouri State Highway Patrol-Troop A,1572134400000,190626337,2,0,2,0,Personal Injury,JOHNSON,NON-CITY OR UNINCORPORATED,A,1,1,0,10,0,A ,S ,MO 131,CRD 90,Dark-Unlighted,Fixed Object,2,,Sun     ,0,0,0,0,1,1,1,0,0,0,0,0,0,0,0,1,0,0,0,0,0,0,0,0,0,38.78324,-93.99441,0,10/27/2019,04:55:00,CRASH OCCURRED AS VEHICLE 1 WAS TRAVELING SOUTHBOUND AND FAILED TO NEGOTIATE A CURVE. VEHICLE 1 CROSSED THE CENTER LINE AND BEGAN TO SKID. VEHICLE 1 TRAVELED OFF THE RIGHT SIDE OF THE ROADWAY AND STRUCK A TREE.
1011680,3190030556,Missouri State Highway Patrol-Troop D,1572134400000,190626340,1,0,1,0,Personal Injury,WEBSTER,NON-CITY OR UNINCORPORATED,D,1,1,0,0,0,AT,W ,RT Y,RT W EJ,Dark-Unlighted,Fixed Object,2,,Sun     ,0,0,0,0,0,0,0,0,0,0,0,1,0,0,0,1,0,0,0,0,0,0,0,0,0,37.42293,-92.95402,0,10/27/2019,05:20:00,"#1 FAILED TO STOP AT A POSTED STOP SIGN, SKIDDED OFF THE ROAD AND STRUCK A ROADSIGN AND A TREE."
1337124,3190029025,Missouri State Highway Patrol-Troop G,1572134400000,190626351,1,0,1,0,Personal Injury,DOUGLAS,NON-CITY OR UNINCORPORATED,G,1,1,0,538,0.1,A ,E ,MO 14,CRD 14-210,Dark-Unlighted,Fixed Object,2,,Sun     ,0,0,0,0,1,0,1,0,0,0,0,0,0,0,0,1,0,0,0,0,0,0,0,0,0,36.90853,-92.55463,0,10/27/2019,06:10:00,"OCCURRED AS VEHICLE #1 TRAVELED OFF OF THE RIGHT SIDE OF THE ROADWAY AND OVERTURNED, EJECTING THE DRIVER."
1253559,3190028632,Missouri State Highway Patrol-Troop C,1572134400000,190626354,1,0,1,0,Personal Injury,FRANKLIN,NON-CITY OR UNINCORPORATED,C,1,1,0,30,0.01,B ,E ,MO 100,CRD OAK VIEW ESTATES CT,Dark-Unlighted,Fixed Object,2,,Sun     ,0,0,0,0,1,0,0,0,0,0,0,0,0,0,0,1,0,0,0,0,0,0,0,0,0,38.50747,-90.78974,0,10/27/2019,06:20:00,VEHICLE #1 WAS EASTBOUND ON MISSOURI 100.  VEHICLE #1 TRAVELED OFF RIGHT SIDE OF THE ROADWAY AND STRUCK A TREE.
859138,3190029791,Missouri State Highway Patrol-Troop A,1572134400000,190626365,1,0,1,0,Personal Injury,JACKSON,BLUE SPRINGS,A,2,2,0,415,0.08,B ,E ,IS 70,ERM EAST IS 70 MILE 198,Dark-Unlighted,Motor Vehicle in Transport,1,60,Sun     ,0,0,0,0,0,0,1,0,0,0,0,0,0,0,0,0,0,0,0,0,0,0,0,0,0,39.03215,-94.28859,0,10/27/2019,06:50:00,CRASH OCCURRED AS BOTH VEHICLES WERE EASTBOUND ON I 70.  VEH 2 WAS STOPPED FACING THE WRONG WAY ON I 70.  VEH 1 STRUCK VEH 2.  ASSISTED BY BLUE SPRINGS POLICE DEPARTMENT.
1189639,3190030624,Missouri State Highway Patrol-Troop F,1572134400000,190626669,2,0,2,0,Personal Injury,GASCONADE,NON-CITY OR UNINCORPORATED,F,1,1,0,3168,0.6,B ,S ,RT EE,BRIDGE A4409,Daylight,Fixed Object,2,,Sun     ,0,0,0,0,1,1,1,0,0,0,0,0,0,0,0,1,0,0,0,0,0,0,0,0,0,38.21783,-91.53857,0,10/27/2019,10:15:00,"CRASH OCCURRED AS VEHICLE 1 FAILED TO NEGOTIATE A CURVE, TRAVELED OFF THE RIGHT EDGE OF ROADWAY, OVERCORRECTED, TRAVELED OFF OF THE LEFT SIDE OF ROADWAY AND STRUCK A TREE."