objectid,accident,agency,inv_date,complaint,injured,killed,min_inj,dis_inj,severity,county,city,troop,no_vehicle,motor_veh,left_scene,dist_feet,dist_mile,inter_loc,direction,on_street,at_street,light_cond,acc_type,on_off_rd,two_veh,day_week,dr_drink,dr_drug,ped_drink,ped_drug,speed,dr_under21,dr_under25,dr_over55,dr_over64,electrical,emer_veh,stop_sign,yield_sign,czone,hazmat,aggressive,cell_phone,texting,veh_defect,school_bus,truck,motorcycle,atv,pickup,cmv,gps_lat,gps_long,severity_fatal,acc_date,acc_time,narrative
1064758,3190029381,Missouri State Highway Patrol-Troop I,1572134400000,190626999,1,0,1,0,Personal Injury,LACLEDE,NON-CITY OR UNINCORPORATED,I,1,1,0,2397,0.45,A ,S ,RT AA,CRD HARTFORD RD,Daylight,Animal,1,,Sun     ,0,0,0,0,0,0,0,1,1,0,0,0,0,0,0,0,0,0,0,0,0,1,0,0,0,37.7269,-92.73025,0,10/27/2019,13:05:00,CRASH OCCURRED AS VEHICLE 1 STRUCK A DOG. ASSISTED BY THE LACLEDE COUNTY SHERIFF'S OFFICE.
1018299,3190029782,Missouri State Highway Patrol-Troop D,1572134400000,190627077,0,2,0,0,Fatal,NEWTON,NON-CITY OR UNINCORPORATED,D,1,1,0,881,0.17,A ,S ,RT H,CRD RAVEN RD,Daylight,Fixed Object,2,,Sun     ,1,0,0,0,0,0,0,0,0,0,0,0,0,0,0,1,0,0,0,0,0,1,0,0,0,36.80778,-94.25321,1,10/27/2019,13:30:00,"FATALITY ACCIDENT.  THIS IS TROOP D'S 92ND AND 93RD FATALITY FOR 2019.  NEXT OF KIN HAS BEEN NOTIFIED. OCCURRED AS VEHICLE RAN OFF ROADWAY, DOWN AN EMBANKMENT, EJECTING BOTH OCCUPANTS. BOTH OCCUPANTS WERE PRONOUNCED ON SCENE ON 10/27/2019 AT 1517 HOURS BY NEWTON COUNTY CORONER DALE OWEN. ASSISTED BY TPR K. KASISCHKE # 724 AND TPR J. DAY # 363."
866131,3190029690,Missouri State Highway Patrol-Troop A,1572134400000,190627162,1,0,1,0,Personal Injury,CLAY,KANSAS CITY,A,2,2,0,0,0,AT,S ,IS 35,ERM SOUTH IS 35 MILE 112,Daylight,Motor Vehicle in Transport,1,63,Sun     ,0,0,0,0,0,0,0,1,1,0,0,0,0,0,0,1,0,0,0,0,0,0,0,0,1,39.19143,-94.51429,0,10/27/2019,14:25:00,"CRASH OCCURRED AS VEH1 WAS IN THE LEFT LANE AND VEH2 WAS IN THE RIGHT LANE.  VEHICLE2 ATTEMPTED TO AVOID AN ANIMAL IN THE ROADWAY, AND STRUCK THE LEFT SIDE OF VEHICLE1'S TRAILER."
1026061,3190029290,Missouri State Highway Patrol-Troop D,1572134400000,190627421,1,0,1,0,Personal Injury,TANEY,NON-CITY OR UNINCORPORATED,D,2,2,0,0,0,AT,S ,US 65,CRD BEAR CREEK RD,Daylight,Motor Vehicle in Transport,1,64,Sun     ,0,0,0,0,1,0,0,1,1,0,0,1,0,1,0,1,0,0,0,0,0,0,0,0,0,36.77014,-93.22435,0,10/27/2019,16:25:00,CRASH OCCURRED AS VEH 2 TURNED INTO THE PATH OF VEH 1.
948594,3190029341,Missouri State Highway Patrol-Troop D,1572134400000,190627590,1,0,1,0,Personal Injury,POLK,NON-CITY OR UNINCORPORATED,D,1,1,0,1541,0.29,B ,W ,CRD 455TH RD,CRD 200TH RD,Daylight,Fixed Object,2,,Sun     ,1,0,0,0,1,0,0,0,0,0,0,0,0,0,0,1,0,0,0,0,0,0,0,0,0,37.58593,-93.2637,0,10/27/2019,17:30:00,VEHICLE 1 DROVE OFF RIGHT SIDE OF ROADWAY INTO A CREEKBED.
1204234,3190029196,Missouri State Highway Patrol-Troop F,1572134400000,190627682,1,0,1,0,Personal Injury,COOPER,BOONVILLE,F,2,2,0,206,0.04,A ,E ,IS 70,ERM EAST IS 70 MILE 1020,Daylight,Motor Vehicle in Transport,1,64,Sun     ,0,0,0,0,1,1,1,1,1,0,0,0,0,0,0,1,0,0,0,0,1,0,0,1,0,38.93571,-92.77247,0,10/27/2019,18:19:00,"CRASH OCCURRED AS VEHICLE 2 WAS ENTERING THE INTERSTATE  VEHICLE 1 TRAVELED OFF THE LEFT SIDE OF THE RD, OVERCORRECTED, TRAVELED TO THE RIGHT AND STRUCK VEHICLE 2. VEHICLE 1 THEN TRAVELED OFF THE RIGHT SIDE OF THE ROADWAY AND STRUCK A GUARDRAIL BEFORE COMING TO REST IN A DITCH. VEHICLE 2 TRAVELED OFF THE RIGHT SIDE OF THE ROADWAY AND OVERTURNED, COMING TO REST ON ITS PASSENGER SIDE."
1282592,3190029508,Missouri State Highway Patrol-Troop C,1572134400000,190627710,1,0,1,0,Personal Injury,ST. CHARLES,ST CHARLES,C,2,2,0,908,0.17,B ,E ,MO 370,BRIDGE A5116,Dark-Unlighted,Motor Vehicle in Transport,1,61,Sun     ,0,0,0,0,0,1,1,0,0,0,0,0,0,0,0,0,0,0,0,0,0,0,0,0,0,38.82509,-90.52917,0,10/27/2019,18:30:00,"BOTH VEHICLES WERE TRAVELING EASTBOUND ON MISSOURI 370 IN LANE 2. DRIVER 2 FAILED TO NOTICE VEHICLE 1 AND THE FRONT OF VEHICLE 2 STRUCK THE REAR OF VEHICLE 1, EJECTING DRIVER 1."
1282591,3190029167,Missouri State Highway Patrol-Troop C,1572134400000,190627740,3,0,2,1,Personal Injury,ST. CHARLES,ST CHARLES,C,3,3,0,5280,1,B ,E ,MO 370,CST ELM ST,Dark-Unlighted,Motor Vehicle in Transport,1,61,Sun     ,0,0,0,0,1,0,0,1,0,0,0,0,0,0,0,1,0,0,0,0,1,0,0,1,0,38.82345,-90.53595,0,10/27/2019,18:30:00,VEHICLE 1 WAS TRAVELING EASTBOUND ON  MISSOURI 370. VEHICLE 2 AND 3 WERE STOPPED IN TRAFFIC ON EASTBOUND MISSOURI 370  FOR A CRASH AHEAD. DRIVER 1 FAILED TO STOP AND THE FRONT OF VEHICLE 1 STRUCK THE REAR OF VEHICLE 2. THE IMPACT CAUSED THE FRONT OF VEHICLE 2 TO STRIKE THE REAR OF VEHICLE 3.
1114568,3190028870,Missouri State Highway Patrol-Troop E,1572134400000,190627806,1,0,1,0,Personal Injury,MISSISSIPPI,NON-CITY OR UNINCORPORATED,E,1,1,0,380,0.07,B ,S ,IS 57,ERM SOUTH IS 57 MILE 36,Dark-Unlighted,Fixed Object,2,,Sun     ,0,0,0,0,0,0,0,1,0,0,0,0,0,0,0,1,0,0,0,0,1,0,0,1,0,36.89521,-89.47238,0,10/27/2019,19:20:00,"CRASH OCCURRED AS VEHICLE 1 RAN OFF THE RIGHT SIDE OF ROADWAY, STRUCK A DITCH AND OVERTURNED EJECTING DRIVER"
1142316,3190029098,Missouri State Highway Patrol-Troop E,1572134400000,190627847,1,0,1,0,Personal Injury,BUTLER,QULIN,E,2,2,0,0,0,AT,N,MO 53,RT N,Dark-Unlighted,Motor Vehicle in Transport,1,61,Sun     ,0,0,0,0,0,0,1,1,0,0,0,0,0,0,0,0,0,0,0,0,0,0,0,0,0,36.59592,-90.2552,0,10/27/2019,19:43:00,CRASH OCCURRED AS VEHICLE 2 WAS ATTEMPTING TO MAKE LEFT TURN.  VEHICLE 1 STRUCK VEHICLE 2 IN THE REAR.
1304946,3190029426,Missouri State Highway Patrol-Troop C,1572134400000,190627900,0,0,0,0,Property Damage,WARREN,NON-CITY OR UNINCORPORATED,C,1,1,0,480,0.09,B ,S ,RT J,BRIDGE A7888,Dark-Unlighted,Fixed Object,2,,Sun     ,0,1,0,0,0,0,0,0,0,0,0,0,0,0,0,1,0,0,0,0,0,0,0,0,0,38.85743,-91.00115,0,10/27/2019,20:32:00,"VEHICLE 1 WAS TRAVELING SOUTHBOUND ON ROUTE J, TRAVELED OFF THE RIGHT SIDE OF THE ROADWAY, DOWN AN EMBANKMENT. AND STRUCK MULTIPLE TREES."
1292593,3190029262,Missouri State Highway Patrol-Troop C,1572134400000,190627997,1,0,1,0,Personal Injury,ST. CHARLES,NEW MELLE,C,1,1,0,1280,0.24,B ,E ,RT D,PVT BRINKLEY LANE,Dark-Unlighted,Animal,1,,Sun     ,0,0,0,0,0,0,0,0,0,0,0,0,0,0,0,0,0,0,0,0,0,0,0,0,0,38.69958,-90.91057,0,10/27/2019,22:00:00,VEHICLE 1 WAS TRAVELING EASTBOUND ON ROUTE D AND STRUCK A DEER IN THE ROADWAY.
1204779,3190029478,Missouri State Highway Patrol-Troop F,1572134400000,190628022,3,0,1,2,Personal Injury,COOPER,NON-CITY OR UNINCORPORATED,F,1,1,0,2640,0.5,B ,N,RT B,CRD MCCULLOCH RD,Dark-Unlighted,Fixed Object,2,,Sun     ,0,0,0,0,1,0,1,0,0,0,0,0,0,0,0,1,0,0,0,0,1,0,0,1,0,38.70336,-92.78724,0,10/27/2019,22:19:00,"OCCURRED AS DRIVER 1 FAILED TO NEGOTIATE A CURVE, RAN OFF THE RIGHT SIDE OF THE ROADWAY, STRUCK A SIGN, FIVE YARD POSTS AND A TREE.  ASSISTED BY TPR. A. R. ENDERLE (717) AND TPR. G. A. AYRES (217)"
1142159,3190028879,Missouri State Highway Patrol-Troop E,1572220800000,190628104,1,0,1,0,Personal Injury,BUTLER,NON-CITY OR UNINCORPORATED,E,1,1,0,633,0.12,B ,E ,CRD 448,CRD 449,Dark-Unlighted,Fixed Object,2,,Mon     ,0,0,0,0,1,1,1,0,0,0,0,0,0,0,0,1,0,0,0,0,0,0,0,0,0,36.76547,-90.52083,0,10/28/2019,00:10:00,TRAFFIC CRASH OCCURRED AS VEHICLE 1 RAN OFF RIGHT SIDE OF ROADWAY AND STRUCK A TREE.
1253556,3190028951,Missouri State Highway Patrol-Troop C,1572220800000,190628181,1,0,1,0,Personal Injury,FRANKLIN,NON-CITY OR UNINCORPORATED,C,1,1,0,126,0.02,B ,N,MO 47,CRD SAWMILL AVENUE,Dark-Unlighted,Animal,1,,Mon     ,0,0,0,0,0,0,0,0,0,0,0,0,0,0,0,0,0,0,0,0,0,0,0,0,0,38.43256,-90.99103,0,10/28/2019,04:40:00,VEHICLE 1 WAS TRAVELING NORTHBOUND ON HIGHWAY 47 AND STRUCK A DEER IN THE ROADWAY.
1064757,3190029299,Missouri State Highway Patrol-Troop I,1572220800000,190628213,1,0,1,0,Personal Injury,LACLEDE,NON-CITY OR UNINCORPORATED,I,2,1,0,1647,0.31,B ,W ,CRD GARDEN CREST ROAD,CRD IRONSTONE ROAD,Dark-Unlighted,Pedalcycle,1,,Mon     ,0,0,0,0,0,0,1,0,0,0,0,0,0,0,0,0,0,0,0,0,1,0,0,1,0,37.75331,-92.56623,0,10/28/2019,05:51:00,"OCCURRED AS THE OUTSIDE MIRROR OF VEH 1 STRUCK THE RIDER OF THE BICYCLE, CAUSING THE RIDER TO FALL OFF THE BICYCLE."
782234,3190030097,Missouri State Highway Patrol-Troop A,1572220800000,190628371,2,0,2,0,Personal Injury,HENRY,NON-CITY OR UNINCORPORATED,A,2,2,0,15,0,A ,E ,MO 52,CRD NE 601,Daylight,Motor Vehicle in Transport,1,64,Mon     ,0,0,0,0,0,0,0,0,0,0,0,0,0,0,0,1,0,0,0,0,1,0,0,1,0,38.4592,-93.64867,0,10/28/2019,08:05:00,CRASH OCCURRED AS VEH1 SLOWED TO MAKE A LEFT TURN.  VEH2 ATTEMPTED TO PASS AND STRUCK VEH1.  BOTH VEHICLES OVERTURNED AND CAME TO REST ON NE 601 RD.
1282085,3190030775,Missouri State Highway Patrol-Troop C,1572220800000,190628472,1,0,0,1,Personal Injury,ST. CHARLES,NON-CITY OR UNINCORPORATED,C,2,2,0,0,0,AT,S ,US 61,RT W,Daylight,Motor Vehicle in Transport,1,64,Mon     ,0,0,0,0,1,0,0,1,0,0,0,1,0,0,0,1,0,0,0,0,1,0,0,1,0,38.87568,-90.90823,0,10/28/2019,08:46:00,DRIVER 1 ATTEMPTED TO CROSS THE SOUTHBOUND LANES OF US-61.  THE FRONT OF VEHICLE 2 STRUCK THE LEFT SIDE OF VEHICLE 1.  ASSISTED BY CPL T.R. JENKINS (460)
1253553,3190028884,Missouri State Highway Patrol-Troop C,1572220800000,190628550,1,0,1,0,Personal Injury,FRANKLIN,NON-CITY OR UNINCORPORATED,C,1,1,0,73,0.01,B ,E ,MO 100,CRD SPRING HILL,Daylight,Fixed Object,2,,Mon     ,0,0,0,0,0,1,1,0,0,0,0,0,0,0,0,1,0,0,0,0,0,0,0,0,0,38.51709,-90.76447,0,10/28/2019,09:30:00,"VEHICLE 1 WAS FOLLOWING TOO CLOSE. DRIVER 1 APPLIED THE BRAKES, LOST CONTROL, TRAVELED OFF THE RIGHT SIDE OF ROADWAY, AND STRUCK TREES."
1253554,3190029797,Missouri State Highway Patrol-Troop C,1572220800000,190628819,2,0,1,1,Personal Injury,FRANKLIN,NON-CITY OR UNINCORPORATED,C,2,2,0,0,0,AT,E ,MO 100,RT V,Daylight,Motor Vehicle in Transport,1,64,Mon     ,0,0,0,0,0,0,0,1,0,0,0,0,1,0,0,1,0,0,0,0,1,0,0,1,0,38.49914,-90.90094,0,10/28/2019,12:06:00,VEHICLE 1 CROSSED OVER MISSOURI 100. DRIVER 1 FAILED TO YIELD TO VEHICLE 2. VEHICLE 1 STRUCK VEHICLE 2.
1201698,3190029793,Missouri State Highway Patrol-Troop C,1572220800000,190628849,1,0,0,1,Personal Injury,LINCOLN,NON-CITY OR UNINCORPORATED,C,1,1,0,1488,0.28,B ,W ,CRD METTE RD,PVT KING RICHARD DR,Daylight,Overturn,2,,Mon     ,0,0,0,0,1,0,0,0,0,0,0,0,0,0,0,1,0,0,0,0,1,0,0,0,1,38.90427,-90.9114,0,10/28/2019,12:20:00,"VEHICLE 1 TRAVELED OFF RIGHT SIDE OF THE ROADWAY. DRIVER 1 OVER CORRECTED, TRAVELED ACROSS CENTER OF THE ROADWAY, AND  WENT OFF ROADWAY ON THE LEFT AND OVERTURNED DOWN STEEP EMBANKMENT. ASSISTED BY TPR. D. C. HIGHLEY (267) AND CPL. C. L. PLEASANT (715) AND LINCOLN COUNTY."
916877,3190029541,Missouri State Highway Patrol-Troop D,1572220800000,190629044,1,0,1,0,Personal Injury,JASPER,NON-CITY OR UNINCORPORATED,D,1,1,0,224,0.04,B ,E ,RT N,CRD 130,Daylight,Fixed Object,2,,Mon     ,0,0,0,0,0,0,0,0,0,0,0,0,0,0,0,0,0,0,0,0,1,0,0,0,1,37.2957,-94.28832,0,10/28/2019,13:45:00,"CRASH OCCURRED AS VEHICLE #1 TRAVELED OFF THE RIGHT SIDE OF THE ROADWAY, STRUCK A MAILBOX. DRIVER #1 OVERCORRECTED AND VEHICLE #2 TRAVELED OFF THE LEFT SIDE OF THE ROADWAY, STRUCK AND EMBANKMENT, OVERTURNED ONTO A METAL FENCE AND STRUCK A UTILITY POLE."
1185816,3190029154,Missouri State Highway Patrol-Troop B,1572220800000,190629389,1,0,1,0,Personal Injury,SULLIVAN,NON-CITY OR UNINCORPORATED,B,2,2,0,0,0,AT,S ,RT B,CRD LESLIE RD,Daylight,Motor Vehicle in Transport,1,64,Mon     ,0,0,0,0,0,0,0,1,0,0,0,1,0,0,0,1,0,0,0,0,1,0,0,1,0,40.32404,-93.02625,0,10/28/2019,16:25:00,VEHICLE 1 PULLED INTO THE PATH OF VEHICLE 2 AND WAS STRUCK. ASSISTED BY THE SULLIVAN COUNTY SHERIFF'S DEPARTMENT.
1499779,3190028985,Missouri State Highway Patrol-Troop H,1572220800000,190629534,4,0,2,2,Personal Injury,CLINTON,NON-CITY OR UNINCORPORATED,H,2,2,0,248,0.05,B ,S ,IS 35,ERM SOUTH IS 35 MILE 328,Daylight,Motor Vehicle in Transport,1,64,Mon     ,0,0,0,0,1,0,1,1,0,0,0,0,0,0,0,1,0,0,0,0,0,0,0,0,0,39.45694,-94.32299,0,10/28/2019,17:40:00,"CRASH OCCURRED AS VEH 2 WAS MERGING ONTO INTERSTATE 35 FROM RT PP WHEN DVR 2 LOST CONTROL ON THE WET COVERED ROADWAYS. VEH 2 CROSSED THE MEDIAN AND TRAVELED INTO ONCOMING TRAFFIC.  VEH 1 STRUCK VEH 2 ON ITS PASSENGER SIDE. VEH 1 CAME TO REST ON ITS WHEELS FACING EAST. VEH 2 CAME TO REST ON ITS WHEELS FACING NORTH. ASSISTED BY SGT L. M. NEWMAN (576), TPR. T. N. GARTON (408), CLINTON COUNTY, HOLT FIRE AND EMS, LAWSON EMS, TRI COUNTY EMS, CLAY COUNTY, AND KEARNEY PD."
918649,3190029814,Missouri State Highway Patrol-Troop D,1572220800000,190629610,2,0,0,2,Personal Injury,LAWRENCE,NON-CITY OR UNINCORPORATED,D,2,2,0,327,0.06,B ,E ,MO 96,CRD 1070,Daylight,Motor Vehicle in Transport,1,62,Mon     ,0,0,0,0,0,1,1,0,0,0,0,0,0,0,0,0,0,0,0,0,0,0,0,0,0,37.19058,-93.92994,0,10/28/2019,18:20:00,CRASH OCCURRED AS VEH 1 CROSSED CENTER LINE AND STRUCK VEH 2 HEAD ON.
1193986,3190028991,Missouri State Highway Patrol-Troop F,1572220800000,190629664,1,0,1,0,Personal Injury,CALLAWAY,NON-CITY OR UNINCORPORATED,F,1,1,0,443,0.08,B ,E ,US 54,CRD 158,Dark-Unlighted,Animal,1,,Mon     ,0,0,0,0,0,0,0,0,0,0,0,0,0,0,0,0,0,0,0,0,0,0,0,0,0,38.98753,-91.89379,0,10/28/2019,18:55:00,VEHICLE 1 STRUCK A DEER IN THE ROADWAY.  ASSISTED BY TPR E.C. PENROD (1400)
1222398,3190030211,Missouri State Highway Patrol-Troop C,1572220800000,190629862,4,0,4,0,Personal Injury,ST. LOUIS,FLORISSANT,C,3,3,0,89,0.02,B ,W ,IS 270,ERM WEST IS 270 MILE 272,Dark-Lighted,Motor Vehicle in Transport,1,61,Mon     ,0,0,0,0,0,1,1,0,0,0,0,0,0,0,0,1,0,0,0,0,0,0,0,0,0,38.7746,-90.32488,0,10/28/2019,21:45:00,"ALL THREE VEHICLES WERE TRAVELING WESTBOUND ON I-270. DRIVER 1 WAS FOLLOWING VEHICLE 2 TOO CLOSELY. THE FRONT OF VEHICLE 1 STRUCK THE REAR OF VEHICLE 2,  CAUSING THE FRONT OF VEHICLE 2 TO STRIKE THE REAR OF VEHICLE 3. ASSISTED BY TPR. J. V. BONDURANT (1468)."
864776,3190036101,Missouri State Highway Patrol-Troop A,1572220800000,190629905,1,0,1,0,Personal Injury,PETTIS,NON-CITY OR UNINCORPORATED,A,2,2,Y,0,0,AT,S ,US 65,CRD GEORGETOWN RD,Dark-Unlighted,Motor Vehicle in Transport,1,64,Mon     ,0,0,0,0,0,,,,,0,0,1,0,0,0,1,0,0,0,0,1,0,0,1,0,38.72508,-93.23707,0,10/28/2019,22:40:00,"CRASH OCCURRED AS VEHICLE 2 FAILED TO STOP A STOP SIGN, AND WAS STRUCK BY VEHICLE 1.  ASSISTED BY PETTIS COUNTY DEPUTIES."
1114567,3190029164,Missouri State Highway Patrol-Troop E,1572220800000,190629947,5,0,5,0,Personal Injury,MISSISSIPPI,NON-CITY OR UNINCORPORATED,E,1,1,0,21,0,A ,S ,IS 57,RT CC,Dark-Lighted,Fixed Object,2,,Mon     ,0,0,0,0,0,0,0,0,0,0,0,0,0,0,0,1,0,0,0,0,0,0,0,0,0,36.8881,-89.49247,0,10/28/2019,23:35:00,"TRAFFIC CRASH OCCURRED AS VEHICLE 1 TRAVELED OFF RIGHT SIDE OF ROADWAY, STRUCK A DITCH, AND OVERTURNED."
1193987,3190029865,Missouri State Highway Patrol-Troop F,1572307200000,190630005,0,1,0,0,Fatal,CALLAWAY,NON-CITY OR UNINCORPORATED,F,1,1,0,1651,0.31,B ,E ,RT AA,CRD 499,Dark-Unlighted,Fixed Object,2,,Tue     ,1,0,0,0,0,1,1,0,0,0,0,0,0,0,0,1,1,0,0,0,1,0,0,1,0,38.66503,-92.09478,1,10/29/2019,04:25:00,**FATALITY CRASH**NEXT OF KIN NOTIFIED**  CRASH OCCURRED AS VEHICLE 1 TRAVELED  OFF THE WEST SIDE OF ROAD AND STRUCK A TREE. DRIVER 1 WAS PRONOUNCED DECEASED AT CAPITAL REGION MEDICAL CENTER BY DR. SOYOYE AT 0520. THIS IS TROOP F'S 5TH FATAL FOR OCTOBER AND 54TH FATAL FOR 2019.
1255796,3190029915,Missouri State Highway Patrol-Troop C,1572307200000,190630021,1,0,1,0,Personal Injury,JEFFERSON,NON-CITY OR UNINCORPORATED,C,1,1,0,528,0.1,B ,W ,RT EE,CRD JONES CREEK RD,Dark-Unlighted,Fixed Object,2,,Tue     ,0,0,0,0,1,0,0,0,0,0,0,0,0,0,0,1,0,0,0,0,0,0,0,0,0,38.28531,-90.67621,0,10/29/2019,05:34:00,VEHICLE 1 WAS TRAVELING EASTBOUND ON HIGHWAY EE. DRIVER 1 FAILED TO NEGOTIATE A CURVE. VEHICLE 1 CROSSED THE CENTER LINE AND TRAVELED OFF THE LEFT SIDE OF THE ROADWAY. VEHICLE 1 STRUCK A TREE AND OVERTURNED.
918647,3190029884,Missouri State Highway Patrol-Troop D,1572307200000,190630030,0,0,0,0,Property Damage,LAWRENCE,NON-CITY OR UNINCORPORATED,D,1,1,0,1964,0.37,B ,N,CRD 1110,CST SECOND ST,Dark-Unlighted,Fixed Object,2,,Tue     ,0,0,0,0,1,0,0,0,0,0,0,0,0,0,0,1,0,0,0,0,0,0,0,0,0,37.06607,-93.85558,0,10/29/2019,06:00:00,"CRASH OCCURRED AS VEHICLE #1 LOST CONTROL OF VEHICLE AND TRAVELED OFF THE EAST SIDE OF THE ROADWAY, STRUCK AN EMBANKMENT AND OVERTURNED"
1255794,3190028953,Missouri State Highway Patrol-Troop C,1572307200000,190630052,2,0,2,0,Personal Injury,JEFFERSON,NON-CITY OR UNINCORPORATED,C,2,2,0,359,0.07,B ,N,MO 21,RP 6262,Dark-Unlighted,Motor Vehicle in Transport,1,61,Tue     ,0,0,0,0,0,0,0,0,0,0,0,0,0,0,0,1,0,0,0,0,0,0,0,0,0,38.46099,-90.42807,0,10/29/2019,06:35:00,"VEHICLE 1 SLOWED FOR TRAFFIC AHEAD. DRIVER 2 DID NOT STOP IN TIME, AND FRONT OF VEHICLE 2 STRUCK THE REAR OF VEHICLE 1."
1501912,3190029303,Missouri State Highway Patrol-Troop H,1572307200000,190630100,2,0,0,2,Personal Injury,ANDREW,NON-CITY OR UNINCORPORATED,H,3,3,0,20,0,B ,S ,US 169,CRD 354,Daylight,Motor Vehicle in Transport,1,61,Tue     ,0,0,0,0,0,0,0,0,0,0,0,0,0,0,0,1,0,0,0,0,1,0,0,1,0,39.84334,-94.79197,0,10/29/2019,07:10:00,"ACCIDENT OCCURRED AS VEH #2 WAS SLOWING TO TURN WESTBOUND ONTO CR 354. VEH #1 FAILED TO YIELD AND STRUCK THE REAR OF VEH #2. VEH #2 TRAVELED OFF THE WEST SIDE OF THE ROADWAY AND STRUCK A STOP SIGN AND PARKED VEH #3. VEH #2 CAME TO REST FACING NORTH OFF THE WEST SIDE OF THE ROADWAY. VEH #1 BEGAN SKIDDING AND CONTINUED SOUTH, CROSSING THE CENTER LINE. VEH #1 TRAVELED OFF THE EAST SIDE OF THE ROADWAY AND STRUCK A FENCE, COMING TO REST FACING SOUTH OFF THE EAST SIDE OF THE ROADWAY. ASSISTED BY MSGT C.B. ROOT (1257) AND ANDREW COUNTY SHERIFF'S DEPARTMENT"
1337125,3190029531,Missouri State Highway Patrol-Troop G,1572307200000,190630218,1,0,1,0,Personal Injury,DOUGLAS,NON-CITY OR UNINCORPORATED,G,2,2,0,4752,0.9,A ,N,MO 95,CRD 95-146,Daylight,Motor Vehicle in Transport,1,62,Tue     ,0,0,0,0,0,0,0,0,0,0,0,0,0,0,0,1,0,0,0,0,0,0,0,0,0,37.02152,-92.29931,0,10/29/2019,08:04:00,"ACCIDENT OCCURRED AS VEHICLE #1 CROSSED THE CENTERLINE AND STRUCK VEHICLE #2 , VEHICLE #2 RAN OFF THE ROADWAY INTO A FENCE"
1334300,3190028968,Missouri State Highway Patrol-Troop G,1572307200000,190630332,1,0,0,1,Personal Injury,WRIGHT,NON-CITY OR UNINCORPORATED,G,1,1,0,1214,0.23,A ,W ,MO 38,CRD WOODS FORK ROAD,Daylight,Animal,1,,Tue     ,0,0,0,0,0,1,1,0,0,0,0,0,0,0,0,0,0,0,0,0,0,0,0,0,0,37.26531,-92.63374,0,10/29/2019,08:45:00,VEHICLE 1 STRUCK A DEER IN THE ROADWAY.
813081,3190030087,Missouri State Highway Patrol-Troop A,1572307200000,190630710,0,1,0,0,Fatal,BENTON,WARSAW,A,1,1,0,1584,0.3,B ,S ,CST COMMERCIAL STREET,MO 7,Daylight,Overturn,1,,Tue     ,0,0,0,0,1,0,0,0,0,0,0,0,0,0,0,1,0,0,0,0,0,1,0,0,0,38.25733,-93.36835,1,10/29/2019,11:57:00,"***FATAL CRASH***NEXT OF KIN NOTIFIED*** - TROOP A FATAL CRASH #52, FATALITY #58. CRASH OCCURRED AS DRIVER 1 FAILED TO NEGOTIATE A CURVE. VEHICLE 1 OVERTURNED AND STRUCK A LIGHTPOLE AND CONCRETE CURBING, EJECTING THE DRIVER. DRIVER PRONOUNCED ON 10/29/2019 AT 1228 BY BENTON COUNTY CORONER J. WESTON MILLER AT BENTON COUNTY CORONER'S OFFICE. ASSISTED BY CPL. R. C. CHAPMAN /343/, BENTON COUNTY SHERIFF'S DEPARTMENT, AND WARSAW POLICE DEPARTMENT."
877046,3190030369,Missouri State Highway Patrol-Troop A,1572307200000,190630793,1,0,1,0,Personal Injury,JOHNSON,NON-CITY OR UNINCORPORATED,A,2,2,0,1584,0.3,A ,E ,MO 58,CRD SW 601 RD,Daylight,Motor Vehicle in Transport,1,63,Tue     ,0,0,0,0,0,0,1,1,1,0,0,0,0,0,0,1,0,0,0,0,1,0,0,1,1,38.7057,-93.85581,0,10/29/2019,12:37:00,CRASH OCCURRED AS VEHICLE 1 ATTEMPTED TO PASS VEHICLE 2. VEHICLE 1 CHANGED LANES AND STRUCK VEHICLE 2 AS THEY BEGAN MOVING BACK OVER. ASSISTED BY TPR B R PETERS /1384/
1255792,3190029121,Missouri State Highway Patrol-Troop C,1572307200000,190630805,1,0,1,0,Personal Injury,JEFFERSON,NON-CITY OR UNINCORPORATED,C,1,1,0,2344,0.44,B ,S ,CRD HILLSBORO-VICTORIA RD,PVT VICTORY FARM RD,Daylight,Fixed Object,2,,Tue     ,0,0,0,0,0,0,0,0,0,0,0,0,0,0,0,0,0,0,0,0,0,0,0,0,0,38.20123,-90.54258,0,10/29/2019,12:40:00,VEHICLE 1 PARTIALLY TRAVELED OFF THE RIGHT SIDE OF THE ROADWAY AND DRIVER 1 OVERCORRECTED. VEHICLE 1 THEN TRAVELED OFF THE LEFT SIDE OF THE ROADWAY AND STRUCK A TREE.
955541,3190029498,Missouri State Highway Patrol-Troop D,1572307200000,190630808,1,0,1,0,Personal Injury,GREENE,NON-CITY OR UNINCORPORATED,D,2,2,0,475,0.09,B ,E ,CRD REPUBLIC RD,CRD 135,Daylight,Motor Vehicle in Transport,1,64,Tue     ,0,0,0,0,0,0,0,1,1,0,0,1,0,0,0,1,0,0,0,0,0,0,0,0,0,37.13849,-93.34358,0,10/29/2019,12:40:00,NBR 1 FAILED TO YIELD AND STRUCK NBR 2.