objectid,accident,agency,inv_date,complaint,injured,killed,min_inj,dis_inj,severity,county,city,troop,no_vehicle,motor_veh,left_scene,dist_feet,dist_mile,inter_loc,direction,on_street,at_street,light_cond,acc_type,on_off_rd,two_veh,day_week,dr_drink,dr_drug,ped_drink,ped_drug,speed,dr_under21,dr_under25,dr_over55,dr_over64,electrical,emer_veh,stop_sign,yield_sign,czone,hazmat,aggressive,cell_phone,texting,veh_defect,school_bus,truck,motorcycle,atv,pickup,cmv,gps_lat,gps_long,severity_fatal,acc_date,acc_time,narrative
1014011,3190029433,Missouri State Highway Patrol-Troop D,1572307200000,190630846,1,0,0,1,Personal Injury,VERNON,NON-CITY OR UNINCORPORATED,D,2,2,0,89,0.02,A ,E ,CRD ARNOLD,CRD 200,Daylight,Railway Vehicle,1,,Tue     ,0,1,0,0,0,0,0,0,0,0,0,0,1,0,0,1,0,0,0,0,1,0,0,1,0,38.04506,-94.59125,0,10/29/2019,13:00:00,OCCURRED AS #2 STOPPED ON THE RAILROAD TRACKS AND WAS STRUCK BY A NORTBOUND TRAIN.
900185,3190029610,Missouri State Highway Patrol-Troop D,1572307200000,190630887,1,0,1,0,Personal Injury,POLK,PLEASANT HOPE,D,2,2,0,0,0,AT,S ,RT H,MO 215,Daylight,Motor Vehicle in Transport,1,64,Tue     ,0,0,0,0,0,0,0,1,1,0,0,1,0,0,0,1,0,0,0,0,1,0,0,1,0,37.45573,-93.27406,0,10/29/2019,13:20:00,ACCIDENT OCCURRED AS NBR 1 FAILED TO YIELD AND PULLED INTO THE PATH OF NBR 2.
1210825,3190031444,Missouri State Highway Patrol-Troop C,1572307200000,190631026,1,0,1,0,Personal Injury,ST. LOUIS,BERKELEY,C,1,1,0,195,0.04,A ,W ,IS 70,RP 6428,Daylight,Fixed Object,2,,Tue     ,0,0,0,0,0,0,0,0,0,0,0,0,0,0,0,0,0,0,0,0,0,0,0,0,0,38.72895,-90.33009,0,10/29/2019,14:16:00,VEHICLE 1 LEFT THE ROADWAY TO AVOID ANOTHER VEHICLE AND STRUCK A ROADWAY SIGN AND GUARDRAILS.  VEHICLE 1 CAME TO A STOP OFF THE ROADWAY.
1255791,3190029149,Missouri State Highway Patrol-Troop C,1572307200000,190631268,2,0,2,0,Personal Injury,JEFFERSON,NON-CITY OR UNINCORPORATED,C,2,2,0,0,0,AT,N,US 67,CRD PAPIN RD,Daylight,Motor Vehicle in Transport,1,64,Tue     ,0,0,0,0,0,0,1,0,0,0,0,0,1,0,0,0,0,0,0,0,1,0,0,1,0,38.06629,-90.48669,0,10/29/2019,16:32:00,"DRIVER #2 CROSSED US 67 NORTHBOUND, MADE A U-TURN ON US 67, AND BEGAN TRAVELING WESTBOUND.  DRIVER #1 APPLIED VEHICLE #1'S BRAKES, AND STEERED TO THE LEFT TO AVOID STRIKING VEHICLE #2.  VEHICLE #1 BEGAN SKIDDING.  VEHICLE #1'S FRONT END STRUCK THE LEFT SIDE OF VEHICLE #2, AND VEHICLE #2 BEGAN SKIDDING.  VEHICLE #1 CROSSED SOUTHBOUND US 67.  VEHICLE #2 BEGAN ROTATING CLOCKWISE, AND TRAVELED OFF THE ROAD, INTO THE CENTER MEDIAN.  THE LEFT REAR CORNER OF VEHICLE #2 STRUCK A HIGHWAY SIGN.  VEHICLE #1 CAME TO REST BLOCKING THE RIGHT TURN LANE OF SOUTHBOUND US 67, FACING NORTHWEST.  VEHICLE #2 CAME TO REST IN THE CENTER MEDIAN, FACING SOUTHEAST. ASSISTED BY CPL. J. R. BARLOW (774)"
1176913,3190029503,Missouri State Highway Patrol-Troop B,1572307200000,190631293,3,0,3,0,Personal Injury,PUTNAM,UNIONVILLE,B,2,2,0,35,0.01,B ,S ,CST 18TH ST,CST MAIN ST,Daylight,Motor Vehicle in Transport,1,60,Tue     ,0,0,0,0,0,1,1,0,0,0,1,1,0,0,0,1,0,0,0,0,1,0,0,1,0,40.47705,-93.00421,0,10/29/2019,16:42:00,"02 SOUTHBOUND. 01 STOPPED STATIONARY. 02 STRUCK 01 HEAD-ON.   ASSISTED BY PUTNAM COUNTY SHERIFF'S DEPARTMENT, AND UNIONVILLE POLICE DEPARTMENT."
927228,3190029128,Missouri State Highway Patrol-Troop D,1572307200000,190631595,1,0,1,0,Personal Injury,MCDONALD,ANDERSON,D,1,1,0,2640,0.5,B ,W ,MO 76,CRD BUNCH RD,Dark-Unlighted,Fixed Object,2,,Tue     ,0,0,0,0,0,0,0,1,1,0,0,0,0,0,0,0,0,0,0,0,0,0,0,0,1,36.64696,-94.46425,0,10/29/2019,20:10:00,VEHICLE 1 RAN OFF THE ROADWAY AND STRUCK A CULVERT.
918648,3190030443,Missouri State Highway Patrol-Troop D,1572307200000,190631692,1,0,1,0,Personal Injury,LAWRENCE,NON-CITY OR UNINCORPORATED,D,1,1,0,179,0.03,A ,N,MO 39,CRD 2160,Dark-Unlighted,Fixed Object,2,,Tue     ,0,0,0,0,1,0,0,1,0,0,0,0,0,0,0,1,0,0,0,0,0,0,0,0,0,37.04195,-93.78364,0,10/29/2019,22:00:00,"VEHICLE 1 HYDROPLANED ON WET ROADWAY, RAN OFF THE ROADWAY, STRUCK A FENCE AND A TREE."
1135801,3190029961,Missouri State Highway Patrol-Troop E,1572393600000,190631805,2,0,2,0,Personal Injury,CAPE GIRARDEAU,NON-CITY OR UNINCORPORATED,E,1,1,0,73,0.01,A ,E ,CRD 643,PVT CROSS PURPOSE RD,Dark-Unlighted,Fixed Object,2,,Wed     ,,,,,,0,0,0,0,0,0,0,0,0,0,,0,0,,0,0,0,0,0,0,37.34538,-89.51575,0,10/30/2019,03:51:00,TRAFFIC CRASH OCCURRED AS VEHICLE 1 RAN OFF RIGHT SIDE OF ROADWAY AND STRUCK A TREE.
1011675,3190029396,Missouri State Highway Patrol-Troop D,1572393600000,190631841,1,0,1,0,Personal Injury,WEBSTER,NON-CITY OR UNINCORPORATED,D,1,1,0,1911,0.36,B ,W ,US 60,CRD PORTER CROSSING LOOP,Dark-Unlighted,Overturn,2,,Wed     ,0,0,0,0,1,0,0,0,0,0,0,0,0,0,0,1,0,0,0,0,0,0,0,0,0,37.12517,-92.98143,0,10/30/2019,06:10:00,"NR1 LOST CONTROL, RAN OFF ROADWAY AND OVERTURNED."
929204,3190029753,Missouri State Highway Patrol-Troop D,1572393600000,190631850,1,0,1,0,Personal Injury,STONE,NON-CITY OR UNINCORPORATED,D,1,1,0,137,0.03,B ,E ,MO 76,PVT STONEBRIDGE PKWY EJ,Dark-Lighted,Fixed Object,2,,Wed     ,0,0,0,0,0,0,0,0,0,0,0,0,0,0,0,0,0,0,0,0,0,0,0,0,0,36.67509,-93.32674,0,10/30/2019,06:25:00,OCCURRED AS VEH1 RAN OFF ROADWAY AND STRUCK A GUARDRAIL.
822884,3190030430,Missouri State Highway Patrol-Troop A,1572393600000,190631853,2,0,0,2,Personal Injury,BENTON,NON-CITY OR UNINCORPORATED,A,2,2,0,1631,0.31,A ,E ,MO 52,CRD MORARITY AVE,Dark-Unlighted,Motor Vehicle in Transport,1,60,Wed     ,0,0,0,0,0,0,0,0,0,0,0,0,0,0,0,1,0,0,0,0,0,0,0,0,0,38.46173,-93.25139,0,10/30/2019,06:25:00,OCCURRED AS VEH2 CROSSED THE CENTER OF THE ROAD INTO THE WESTBOUND LANE STRIKING VEH1. ASSISTED BY TPR. D. A. PAULSEN /1197/ AND BENTON COUNTY.
1255818,3190030264,Missouri State Highway Patrol-Troop C,1572393600000,190631855,0,1,0,0,Fatal,JEFFERSON,NON-CITY OR UNINCORPORATED,C,1,1,0,95,0.02,A ,N,MO 21,ERM NORTH MO 21 MILE 1780,Dark-Unlighted,Fixed Object,2,,Wed     ,0,0,0,0,1,0,0,1,1,0,0,0,0,0,0,1,0,0,0,0,1,0,0,1,0,38.38147,-90.5039,1,10/30/2019,06:30:00,"FATALITY TRAFFIC CRASH - VEHICLE 1 WAS TRAVELING NORTHBOUND ON MO-21. DRIVER 1 CHANGED LANES AND LOST CONTROL OF VEHICLE 1 ON THE WET PAVEMENT. DRIVER 1 ATTEMPTED TO RECOVER VEHICLE 1 AND VEHICLE 1 TRAVELED OFF THE LEFT SIDE OF THE ROADWAY AND STRUCK A ROCK BLUFF. VEHICLE 1 CONTINUED SPINNING, EJECTING DRIVER 1 INTO THE ROADWAY.  DRIVER 1 PRONOUNCED AT 0644 HOURS ON 10302019 BY EMS PERSONNEL. ASSISTED BY MSGT C ARBUTHNOT (694)."
1014017,3190029180,Missouri State Highway Patrol-Troop D,1572393600000,190631858,1,0,1,0,Personal Injury,VERNON,NON-CITY OR UNINCORPORATED,D,1,1,0,374,0.07,B ,E ,US 54,BRIDGE J0112,Dark-Unlighted,Animal,1,,Wed     ,0,0,0,0,0,0,0,1,0,0,0,0,0,0,0,0,0,0,0,0,0,0,0,0,0,37.84362,-94.59048,0,10/30/2019,06:30:00,"NR1 STRUCK A DEER THAT WAS IN THE ROADWAY, NR1 THEN STRUCK A GUARDRAIL."
1255819,3190029122,Missouri State Highway Patrol-Troop C,1572393600000,190631914,2,0,2,0,Personal Injury,JEFFERSON,NON-CITY OR UNINCORPORATED,C,2,2,0,337,0.06,B ,N,MO 21,ERM NORTH MO 21 MILE 1776,Daylight,Motor Vehicle in Transport,1,61,Wed     ,0,0,0,0,0,0,1,0,0,0,0,0,0,0,0,0,0,0,0,0,0,0,0,0,0,38.37494,-90.50531,0,10/30/2019,07:24:00,VEHICLES #1 AND #2 WERE TRAVELING IN THE LEFT LANE NORTHBOUND HIGHWAY 21.  DRIVER #1 APPLIED THE BRAKES DUE TO SLOWING TRAFFIC.  VEHICLE #2 FAILED TO STOP FOR VEHICLE #1 AND THE  FRONT OF VEHICLE #2 STRUCK REAR OF VEHICLE #1.
1253606,3190029827,Missouri State Highway Patrol-Troop C,1572393600000,190632479,1,0,0,1,Personal Injury,FRANKLIN,NON-CITY OR UNINCORPORATED,C,1,1,0,332,0.06,A ,E ,CST HOGAN ROAD,CRD WESTRIDGE RD,Daylight,Fixed Object,2,,Wed     ,1,0,0,0,0,0,0,0,0,0,0,0,0,0,0,0,0,0,0,0,1,0,0,1,0,38.48894,-90.79472,0,10/30/2019,13:00:00,VEHICLE 1 TRAVELED OFF THE RIGHT SIDE OF THE ROADWAY AND STRUCK A GUARD RAIL.
1253607,3190029830,Missouri State Highway Patrol-Troop C,1572393600000,190632609,1,0,0,1,Personal Injury,FRANKLIN,NON-CITY OR UNINCORPORATED,C,2,2,0,512,0.1,A ,W ,IS 44,ERM WEST IS 44 MILE 2312,Daylight,Fixed Object,2,,Wed     ,0,0,0,0,0,0,0,1,0,0,0,0,0,0,0,0,0,0,1,0,0,0,0,0,1,38.28393,-91.10407,0,10/30/2019,14:18:00,VEHICLE 1 EXPERIENCED A MECHANICAL FAILURE CAUSING VEHICLE 1 TO TRAVEL OFF THE ROADWAY AND CROSS THE MEDIAN TO THE LEFT.  THE LOAD OF VEHICLE 1 SHIFTED OFF OF THE TOWED UNIT AND STRUCK VEHICLE 2.
1179379,3190030222,Missouri State Highway Patrol-Troop B,1572393600000,190632747,1,0,1,0,Personal Injury,MARION,NON-CITY OR UNINCORPORATED,B,1,1,0,2053,0.39,A ,S ,RT Z,RT C SJ,Daylight,Overturn,2,,Wed     ,0,0,0,0,0,0,0,0,0,0,0,0,0,0,0,0,0,0,0,0,1,0,0,0,1,39.75303,-91.70556,0,10/30/2019,15:30:00,"VEHICLE 1 TRAVELED OFF THE RIGHT SIDE OF THE ROADWAY, OVERCORRECTED, SLID OFF THE LEFT SIDE OF ROADWAY, STRUCK A FENCE, AND CAME TO REST ON ITS TOP.  ASSISTED BY TPR. FULLER #537, MARION COUNTY SHERIFF'S OFFICE, MONROE CITY FIRE DEPARTMENT, AND MONROE CITY AMBULANCE."
1026040,3190029258,Missouri State Highway Patrol-Troop D,1572393600000,190632751,1,0,1,0,Personal Injury,TANEY,NON-CITY OR UNINCORPORATED,D,1,1,0,2101,0.4,B ,W ,MO 76,CRD CEDAR HOLLOW RD,Daylight,Fixed Object,2,,Wed     ,0,0,0,0,1,1,1,0,0,0,0,0,0,0,0,1,0,0,0,0,0,0,0,0,0,36.78058,-92.92632,0,10/30/2019,15:41:00,OCCURRED AS VEH1 RAN OFF ROADWAY AND STRUCK A TREE.
882209,3190030473,Missouri State Highway Patrol-Troop A,1572393600000,190632758,1,0,0,1,Personal Injury,BATES,NON-CITY OR UNINCORPORATED,A,1,1,0,39,0.01,B ,W ,MO 18,CRD NW 7001,Daylight,Fixed Object,2,,Wed     ,0,0,0,0,0,0,0,1,1,0,0,0,0,0,0,1,0,0,0,0,0,0,0,0,0,38.39704,-94.47443,0,10/30/2019,15:30:00,"CRASH OCCURRED AS VEHICLE 1 TRAVELED OFF THE RIGHT SIDE OF THE ROADWAY AND STRUCK A CULVERT. VEHICLE 1 CONTINUED TRAVELING, STRUCK A DITCH AND BECAME AIRBORNE. VEHICLE 1 CAME TO REST STRIKING ANOTHER CULVERT. ASSISTED BY TPR B R SIERCKS /1252/"
1253609,3190029177,Missouri State Highway Patrol-Troop C,1572393600000,190632773,1,0,0,1,Personal Injury,FRANKLIN,NON-CITY OR UNINCORPORATED,C,1,1,0,1990,0.38,A ,N,MO 185,CRD SLEEPY HOLLOW RD,Daylight,Overturn,2,,Wed     ,0,0,0,0,1,0,1,0,0,0,0,0,0,0,0,1,0,0,0,0,0,0,0,0,0,38.20691,-91.06835,0,10/30/2019,15:55:00,VEHICLE #1 WENT OFF THE RIGHT SIDE OF THE ROADWAY AND OVERTURNED.
1026041,3190029182,Missouri State Highway Patrol-Troop D,1572393600000,190632796,3,0,3,0,Personal Injury,TANEY,NON-CITY OR UNINCORPORATED,D,2,2,0,105,0.02,A ,E ,RT F,CRD WALLEN BLUFF,Daylight,Motor Vehicle in Transport,1,61,Wed     ,0,0,0,0,0,0,0,0,0,0,0,0,0,0,0,1,0,0,0,0,0,0,0,0,0,36.71668,-93.21207,0,10/30/2019,16:10:00,CRASH OCCURRED AS VEHICLE #2 WAS STOPPED FOR A SCHOOL BUS AND VEHICLE #1 STRUCK THE REAR OF VEHICLE #2.
948604,3190029842,Missouri State Highway Patrol-Troop D,1572393600000,190632910,1,0,1,0,Personal Injury,POLK,NON-CITY OR UNINCORPORATED,D,2,2,0,0,0,AT,N,MO 13,MO 215 SJ,Daylight,Motor Vehicle in Transport,1,64,Wed     ,0,0,0,0,0,0,0,1,0,0,0,0,1,0,0,1,0,0,0,0,1,0,0,1,1,37.45931,-93.35456,0,10/30/2019,17:20:00,CRASH OCCURRED AS VEHICLE #1 ATTEMPTED TO CROSS NORTHBOUND 13 AND PULLED INTO THE PATH OF VEHICLE #2. THE FRONT OF VEHICLE #2 STRUCK VEHICLE #1'S TOWED UNIT.
1180910,3190029288,Missouri State Highway Patrol-Troop B,1572393600000,190632982,2,0,2,0,Personal Injury,RANDOLPH,NON-CITY OR UNINCORPORATED,B,1,1,0,1145,0.22,B ,E ,US 24,CRD 1510,Dark-Unlighted,Overturn,2,,Wed     ,0,0,0,0,1,0,0,0,0,0,0,0,0,0,0,1,0,0,0,0,0,0,0,0,0,39.46366,-92.35169,0,10/30/2019,18:10:00,"VEHICLE 01 EASTBOUND, SKIDDED ON ICE COVERED ROADWAY, TRAVELED OFF THE ROADWAY AND OVERTURNED, COMING TO REST ON ITS TOP."
801043,3190029613,Missouri State Highway Patrol-Troop A,1572393600000,190633170,2,0,2,0,Personal Injury,JACKSON,LEES SUMMIT,A,2,2,0,31,0.01,A ,E ,IS 470,MO 350,Dark-Unlighted,Motor Vehicle in Transport,1,61,Wed     ,0,0,0,0,1,1,1,0,0,0,0,0,0,0,0,1,0,0,0,0,0,0,0,0,0,38.93417,-94.40642,0,10/30/2019,21:28:00,"CRASH OCCURRED AS VEHICLE 2 WAS SLOWING FOR TRAFFIC CONJESTION DUE TO PREVIOUS ACCIDENT, VEHICLE 1 LOST CONTROL ON THE ICE COVERED ROADWAY AND STRUCK THE REAR OF VEHICLE 2."
1253605,3190029983,Missouri State Highway Patrol-Troop C,1572393600000,190633225,1,0,0,1,Personal Injury,FRANKLIN,NON-CITY OR UNINCORPORATED,C,2,2,0,34,0.01,B ,S ,MO 47,CRD LOST PINE,Dark-Unlighted,Motor Vehicle in Transport,1,61,Wed     ,0,0,0,0,1,0,0,1,0,0,0,0,0,0,0,1,0,0,0,0,1,0,0,1,0,38.48881,-91.00521,0,10/30/2019,22:50:00,BOTH VEHICLES WERE SOUTHBOUND ON HIGHWAY 47. VEHICLE 1 WAS BEHIND VEHICLE 2. DRIVER 1 WAS DISTRACTED AND TRAVELING TO FAST FOR THE WET ROAD CONDITIONS. DRIVER 2 BEGAN TO SLOW TO MAKE A LEFT TURN. DRIVER 1 BEGAN SLOWING AND THE FRONT OF VEHICLE 1 STRUCK THE REAR OF VEHICLE 2. ASSISTED BY CPL. L. J. KEATHLEY (251)
1156988,3190029277,Missouri State Highway Patrol-Troop E,1572393600000,190633233,1,0,1,0,Personal Injury,SCOTT,NON-CITY OR UNINCORPORATED,E,1,1,0,2550,0.48,A ,N,CRD 229,MO 77,Dark-Unlighted,Fixed Object,2,,Wed     ,0,0,0,0,0,0,1,0,0,0,0,0,0,0,0,0,0,0,0,0,0,0,0,0,0,37.15748,-89.66084,0,10/30/2019,23:08:00,TRAFFIC CRASH OCCURRED AS VEHICLE 1 RAN OFF RIGHT SIDE OF ROADWAY AND STRUCK A TREE.
1286944,3190030149,Missouri State Highway Patrol-Troop C,1572393600000,190633242,1,0,1,0,Personal Injury,ST. LOUIS,SUNSET HILLS,C,2,2,0,63,0.01,B ,E ,IS 270,ERM NORTH IS 270 MILE 40,Dark-Unlighted,Motor Vehicle in Transport,1,61,Wed     ,0,0,0,0,0,0,1,1,1,0,0,0,0,0,0,1,0,0,0,0,0,0,0,0,1,38.5276,-90.40167,0,10/30/2019,23:25:00,BOTH VEHICLES WERE TRAVELING NORTHBOUND ON I-270. VEHICLE 2 WAS IN LANE 4 AND VEHICLE 1 WAS IN LANE 3. VEHICLE 1 CHANGED LANES AND STRUCK VEHICLE 2.
1204776,3190029582,Missouri State Highway Patrol-Troop F,1572480000000,190633331,1,0,1,0,Personal Injury,COOPER,NON-CITY OR UNINCORPORATED,F,1,1,0,369,0.07,B ,W ,IS 70,ERM WEST IS 70 MILE 930,Dark-Unlighted,Fixed Object,2,,Thu     ,0,0,0,0,1,0,0,0,0,0,0,0,0,0,0,1,0,0,0,0,1,0,0,1,1,38.93404,-92.94255,0,10/31/2019,03:35:00,OCCURRED AS VEHICLE 1 TRAVELED OFF THE RIGHT SIDE OF THE ROADWAY AND STRUCK A BRIDGE RAIL. VEHICLE 1 RETURNED TO THE ROADWAY AND TRAVELED OFF THE LEFT SIDE OF THE ROADWAY. VEHICLE 1 THEN STRUCK A GUARDRAIL AND CAME TO REST IN THE ROADWAY.
798143,3190030448,Missouri State Highway Patrol-Troop A,1572739200000,190633351,0,0,0,0,Property Damage,SALINE,NON-CITY OR UNINCORPORATED,A,1,1,0,337,0.06,A ,W ,IS 70,BRIDGE G0518,Dark-Unlighted,Fixed Object,2,,Thu     ,0,0,0,0,1,0,0,0,0,0,0,0,0,0,0,1,0,0,0,0,1,0,0,1,0,38.96746,-93.22504,0,10/31/2019,04:28:00,***LATE NON-TRAFFIC FATALITY*** NEXT OF KIN NOTIFIED. INCIDENT OCCURRED AS PEDESTRIAN 1 JUMPED OVER A GUARDRAIL DROPPING 50 FOOT TO AVOID A SECONDARY CRASH. SUBJECT LATER PRONOUNCED DECEASED ON 11/2/19 BY DR NOEL AT 1537 HOURS.
864730,3190029872,Missouri State Highway Patrol-Troop A,1572480000000,190633398,1,0,1,0,Personal Injury,PETTIS,NON-CITY OR UNINCORPORATED,A,1,1,0,960,0.18,A ,W ,CRD CARROLL RD,US 50,Dark-Unlighted,Fixed Object,2,,Thu     ,0,0,0,0,1,0,0,1,0,0,0,0,0,0,0,1,0,0,0,0,1,0,0,1,0,38.76507,-93.39949,0,10/31/2019,05:30:00,"CRASH OCCURRED ON CARROLL ROAD NORTH OF US-50 HIGHWAY.  VEHICLE #1 TRAVELED OFF THE RIGHT SIDE OF THE ROADWAY, STRUCK AN EMBANKMENT, OVERTURNED, WENT AIRBORNE, AND CAUGHT FIRE."
798139,3190030449,Missouri State Highway Patrol-Troop A,1572480000000,190633401,1,0,1,0,Personal Injury,SALINE,NON-CITY OR UNINCORPORATED,A,1,1,0,95,0.02,A ,E ,IS 70,RP 4083,Dark-Unlighted,Overturn,1,,Thu     ,0,0,0,0,1,0,0,0,0,0,0,0,0,0,0,1,0,0,0,0,1,0,0,1,0,38.96137,-93.20588,0,10/31/2019,05:20:00,"CRASH OCCURRED VEHICLE #1 WAS TRAVELING EASTBOUND ON INTERSTATE 70 AND LOST CONTROL ON THE ICE COVERED ROADWAY.  VEHICLE #1 OVERTURNED AND CAME TO REST IN THE PASSING LANE, FACING SOUTH.  ASSISTED BY SALINE COUNTY FIRE DEPARTMENT."
885427,3190029948,Missouri State Highway Patrol-Troop A,1572480000000,190633405,4,0,0,4,Personal Injury,CASS,NON-CITY OR UNINCORPORATED,A,11,11,Y,455,0.09,A ,N,IS 49,BRIDGE A2642,Dark-Unlighted,Motor Vehicle in Transport,1,63,Thu     ,,,,,1,1,1,1,1,0,0,0,0,0,,1,0,0,,0,1,0,0,1,1,38.48972,-94.34115,0,10/31/2019,05:40:00,"CRASH OCCURRED AS AN UNKNOWN TRACTOR TRAILER LOST CONTROL ON THE FROZEN BRIDGE STRIKING VEH#1.  VEHICLE #1 TRAVELED OFF THE RIGHT SIDE OF THE ROADWAY, STRUCK THE BRIDGE RAILING, TRAVELING BACK INTO THE LEFT LANE.  VEHICLE #2 STRUCK VEH #1, CAUSING IT TO SPIN OUT OF CONTROL, COMING TO FINAL REST PARTIALLY IN THE LEFT LANE.  VEHICLE #1, SPINNING OUT OF CONTROL TRAVELED BACKWARDS, STRIKING THE BRIDGE RAILING AS VEH #3 STRUCK VEH #1 HEAD-ON IN THE LEFT LANE.  TO AVOID IMPACT, VEHICLE #4 ATTEMPTED CHANGING LANES, SPINNING OUT OF CONTROL TRAVELING BACKWARDS OFF THE RIGHT SIDE OF THE ROADWA.   VEHICLE #5 STRIKING VEH #4 HEAD-ON, CAME TO A CONTROLLED STOP OFF THE RIGHT SIDE OF THE ROADWAY.  VEHICLE #7 STRUCK THE REAR OF VEH #9.   VEHICLE #6 AND VEH #8 ATTEMPTING TO AVOID THE CRASH LOST CONTROL, STRIKING THE BRIDGE RAILING BEFORE COMING TO A CONTROLLED STOP.  VEHICLE #10 STRUCK A TIRE IN THE ROADWAY FROM THE VEH #9.  ASSISTED BY TPR. B.R. SIERCKS/1252/ AND CASS COUNTY SHERIFF'S DEPARTMENT."
1185819,3190030739,Missouri State Highway Patrol-Troop B,1572480000000,190633416,3,0,3,0,Personal Injury,SULLIVAN,NON-CITY OR UNINCORPORATED,B,5,5,0,623,0.12,A ,W ,MO 6,CRD MOREHEAD RD,Dark-Unlighted,Motor Vehicle in Transport,1,66,Thu     ,,,,,,0,1,0,0,0,0,0,0,0,0,,0,0,,0,0,0,0,0,0,40.21578,-93.08766,0,10/31/2019,05:55:00,VEHICLE 02 WAS STRUCK IN THE REAR BY VEHICLE 01.  VEHICLE 04 STRUCK VEHICLE 03 IN THE SIDE.  VEHICLE 05 RAN OFF LEFT OF THE ROADWAY AND STRUCK A DITCH.  ASSISTED BY SULLIVAN COUNTY SHERIFF'S DEPARTMENT.
1194033,3190029578,Missouri State Highway Patrol-Troop F,1572480000000,190633424,2,0,2,0,Personal Injury,CALLAWAY,NON-CITY OR UNINCORPORATED,F,2,2,0,0,0,AT,W ,MO 94,BRIDGE A0989,Dark-Unlighted,Motor Vehicle in Transport,1,60,Thu     ,0,0,0,0,1,0,0,0,0,0,0,0,0,0,0,1,0,0,0,0,1,0,0,1,0,38.6975,-91.82723,0,10/31/2019,06:03:00,CRASH OCCURRED AS VEHICLE 1 SLID ACROSS AN ICE COVERED BRIDGE AND STRUCK VEHICLE 2 HEAD ON.
879259,3190030069,Missouri State Highway Patrol-Troop A,1572480000000,190633454,2,0,2,0,Personal Injury,CLAY,PLEASANT VALLEY,A,3,3,0,79,0.01,A ,N,IS 35,ERM NORTH IS 35 MILE 134,Dark-Unlighted,Motor Vehicle in Transport,1,63,Thu     ,0,0,0,0,1,0,1,0,0,0,0,0,0,0,0,1,0,0,0,0,1,0,0,1,1,39.21023,-94.48324,0,10/31/2019,06:15:00,"CRASH OCCURRED AS TRAFFIC WAS STOPPED FOR A CRASH AHEAD. VEH 1 SIDESWIPED VEH 2 AND STRUCK THE REAR OF VEH 3. ASSISTED BY CPL. B. E. THOMAN /1256/, CLAYCOMO POLICE, AND PLEASANT VALLEY POLICE"
1177176,3190032134,Missouri State Highway Patrol-Troop B,1572480000000,190633504,1,0,1,0,Personal Injury,PUTNAM,NON-CITY OR UNINCORPORATED,B,1,1,0,1979,0.37,A ,W ,US 136,CRD 185TH RD,Dark-Unlighted,Overturn,2,,Thu     ,0,0,0,0,1,,,,,0,0,0,0,0,0,1,0,0,0,0,0,0,0,0,0,40.47135,-93.21164,0,10/31/2019,05:46:00,VEHICLE 01 RAN OFF RIGHT SIDE OF ROADWAY AND OVERTURNED.  ASSISTED BY UNIONVILLE POLICE DEPARTMENT.
1194468,3190029572,Missouri State Highway Patrol-Troop B,1572480000000,190633584,3,0,3,0,Personal Injury,RALLS,NON-CITY OR UNINCORPORATED,B,1,1,0,527,0.1,A ,S ,US 61,BRIDGE A5346,Daylight,Overturn,2,,Thu     ,0,0,0,0,1,0,0,0,0,0,0,0,0,0,0,1,0,0,0,0,1,0,0,1,0,39.5194,-91.3421,0,10/31/2019,07:20:00,"VEHICLE 01 SLID OFF RIGHT SIDE OF ROADWAY OVERTURNED AND STRUCK A TREE.  ASSISTED BY RALLS COUNTY SHERIFF'S DEPARTMENT, CENTER FIRE DEPARTMENT AND NEW LONDON FIRE DEPARTMENT."
836531,3190029506,Missouri State Highway Patrol-Troop A,1572480000000,190633651,1,0,1,0,Personal Injury,CARROLL,NON-CITY OR UNINCORPORATED,A,1,1,0,538,0.1,A ,W ,US 24,CRD 335,Daylight,Fixed Object,2,,Thu     ,0,0,0,0,1,0,1,0,0,0,0,0,0,0,0,1,0,0,0,0,0,0,0,0,0,39.3717,-93.32108,0,10/31/2019,07:50:00,CRASH OCCURRED AS VEHICLE 1 WAS TRAVELING EASTBOUND BEGAN TO SLIDE OFF THE LEFT SIDE OF THE ROADWAY AND STRUCK A CULVERT.
782228,3190029850,Missouri State Highway Patrol-Troop A,1572480000000,190633662,1,0,1,0,Personal Injury,HENRY,NON-CITY OR UNINCORPORATED,A,1,1,0,644,0.12,B ,S ,MO 7,BRIDGE A3702,Dark-Unlighted,Fixed Object,2,,Thu     ,0,0,0,0,1,0,0,1,0,0,0,0,0,0,0,1,0,0,0,0,0,0,0,0,0,38.42767,-93.90356,0,10/31/2019,07:00:00,"CRASH OCCURRED AS VEH1 TRAVELED OF THE ROADWAY, DOWN AN EMBANKMENT AND STRUCK THE GROUND.  VEH1 THEN OVERTURNED AND STRUCK 2 TREES.  ASSISTED BY HENRY COUNTY SHERIFF'S DEPARTMENT."
866168,3190030076,Missouri State Highway Patrol-Troop A,1572480000000,190633706,1,0,1,0,Personal Injury,CLAY,KANSAS CITY,A,2,2,0,75,0.01,A ,S ,IS 435,RP 103596,Daylight,Motor Vehicle in Transport,1,64,Thu     ,0,0,0,0,1,0,0,1,0,0,0,0,0,0,0,1,0,0,0,0,1,0,0,1,1,39.26403,-94.51041,0,10/31/2019,08:00:00,"OCCURRED AS VEH1 ENTERED THE HIGHWAY FROM 96TH ST, SLID OUT OF CONTROL ON THE ICY PAVEMENT, AND ENTERED INTO THE PATH OF VEH2. VEH2 STRUCK VEH1. VEH 1 TRAVELED OFF LEFT SIDE OF RDWAY AND OVERTURNED IN THE MEDIAN."