objectid,accident,agency,inv_date,complaint,injured,killed,min_inj,dis_inj,severity,county,city,troop,no_vehicle,motor_veh,left_scene,dist_feet,dist_mile,inter_loc,direction,on_street,at_street,light_cond,acc_type,on_off_rd,two_veh,day_week,dr_drink,dr_drug,ped_drink,ped_drug,speed,dr_under21,dr_under25,dr_over55,dr_over64,electrical,emer_veh,stop_sign,yield_sign,czone,hazmat,aggressive,cell_phone,texting,veh_defect,school_bus,truck,motorcycle,atv,pickup,cmv,gps_lat,gps_long,severity_fatal,acc_date,acc_time,narrative
1506567,3190030294,Missouri State Highway Patrol-Troop H,1572480000000,190633719,1,0,0,1,Personal Injury,DEKALB,NON-CITY OR UNINCORPORATED,H,1,1,0,564,0.11,A ,E ,US 36,CRD LOCUST RD,Daylight,Fixed Object,2,,Thu     ,0,0,0,0,1,0,0,0,0,0,0,0,0,0,0,1,0,0,0,0,0,0,0,0,1,39.75451,-94.29815,0,10/31/2019,08:07:00,"ACCIDENT OCCURRED AS NR1 WAS EASTBOUND ON US36.  NR1 WAS TRAVELING TO FAST FOR WEATHER CONDITIONS, TRAVELED OFF THE NORTH SIDE OF THE ROADWAY, STRUCK A MODOT SIGN, AN EMBANKMENT, COMING TO REST ON ITS WHEELS JACKKNIFED ( CAB FACING WEST ).  ASSISTED BY LT. M.A. OTT (54) AND SGT. M.A. WILHOIT (1212)."
1183893,3190030254,Missouri State Highway Patrol-Troop F,1572480000000,190633722,5,0,5,0,Personal Injury,AUDRAIN,NON-CITY OR UNINCORPORATED,F,2,2,0,261,0.05,A ,W ,RT J,CRD 324,Daylight,Motor Vehicle in Transport,1,60,Thu     ,0,0,0,0,1,0,0,1,0,0,0,0,0,0,0,1,0,0,0,0,0,0,0,0,0,39.22041,-91.85085,0,10/31/2019,08:03:00,"VEHICLE 1 LOST CONTROL ON ICY ROADWAY, CROSSED THE CENTER LINE, AND COLLIDED WITH VEHICLE 2. ASSISTED BY TPR. D. J. DALTON (296) AND THE AUDRAIN COUNTY SHERIFF'S OFFICE."
783697,3190030088,Missouri State Highway Patrol-Troop A,1572480000000,190633843,1,0,1,0,Personal Injury,PLATTE,NON-CITY OR UNINCORPORATED,A,1,1,0,71,0.01,A ,S ,IS 435,ERM NORTH IS 435 MILE 250,Daylight,Overturn,2,,Thu     ,0,0,0,0,1,0,0,1,0,0,0,0,0,0,0,1,0,0,0,0,1,0,0,1,0,0,0,0,10/31/2019,09:00:00,"OCCURRED AS VEH1 SLID OFF THE RIGHT SIDE OF THE ROAD AND OVERTURNED. ASSISTED BY TPR. J. M. HARRISON /549/, PLATTE COUNTY, AND PARKVILLE POLICE."
796606,3190031049,Missouri State Highway Patrol-Troop A,1572480000000,190633844,1,0,1,0,Personal Injury,CLAY,KEARNEY,A,2,2,0,300,0.06,B ,N,IS 35,ERM NORTH IS 35 MILE 246,Daylight,Parked Motor Vehicle,2,69,Thu     ,0,0,0,0,1,0,1,0,0,0,0,0,0,0,0,1,0,0,0,0,1,0,0,0,1,39.34627,-94.3837,0,10/31/2019,09:30:00,OCCURRED AS VEH1 LOST CONTROL AND STRUCK THE REAR OF VEH2 WHICH WAS STATIONARY.
798108,3190029429,Missouri State Highway Patrol-Troop A,1572480000000,190633872,1,0,1,0,Personal Injury,SALINE,NON-CITY OR UNINCORPORATED,A,1,1,0,1240,0.23,A ,S ,MO 41,BRIDGE H0920,Daylight,Fixed Object,2,,Thu     ,0,0,0,0,1,0,0,0,0,0,0,0,0,0,0,1,0,0,0,0,0,0,0,0,0,39.26223,-93.22571,0,10/31/2019,07:30:00,"CRASH OCCURRED AS VEHICLE 1 BEGAN TO SKID ON AN ICE COVERED ROADWAY, TRAVELED OFF THE ROADWAY AND STRUCK A DITCH."
1195201,3190029617,Missouri State Highway Patrol-Troop B,1572480000000,190633879,1,0,1,0,Personal Injury,LINN,NON-CITY OR UNINCORPORATED,B,1,1,0,591,0.11,A ,W ,US 36,BRIDGE A1170,Daylight,Overturn,2,,Thu     ,0,0,0,0,1,0,0,1,1,0,0,0,0,0,0,1,0,0,0,0,1,0,0,1,0,39.77806,-93.22899,0,10/31/2019,09:12:00,VEHICLE 1 WESTBOUND AND LOST CONTROL ON ICE COVERED BRIDGE .  VEHICLE RAN OFF THE RIGHT SIDE OF THE ROADWAY.
867231,3190030066,Missouri State Highway Patrol-Troop A,1572480000000,190633919,2,0,2,0,Personal Injury,CLAY,KANSAS CITY,A,2,2,0,84,0.02,A ,N,IS 435,ERM NORTH IS 435 MILE 496,Daylight,Parked Motor Vehicle,2,69,Thu     ,0,0,0,0,1,0,0,1,0,0,0,0,0,0,0,1,0,0,0,0,0,0,0,0,0,39.24372,-94.50731,0,10/31/2019,09:36:00,"OCCURRED AS VEH1 LOST CONTROL ON SLICK ROADWAY, TRAVELED OFF THE LEFT SIDE OF THE ROAD, AND STRUCK A PARKED VEHICLE BEFORE OVERTURNING."
836530,3190029511,Missouri State Highway Patrol-Troop A,1572480000000,190633976,1,0,0,1,Personal Injury,CARROLL,NON-CITY OR UNINCORPORATED,A,1,1,0,2112,0.4,B ,E ,US 24,CRD WATER ST,Daylight,Fixed Object,2,,Thu     ,0,0,0,0,1,0,0,1,1,0,0,0,0,0,0,1,0,0,0,0,0,0,0,0,0,39.39006,-93.21988,0,10/31/2019,09:30:00,CRASH OCCURRED AS VEHICLE 1 WAS TRAVELING EASTBOUND AND SLID OFF THE RIGHT SIDE OF THE ROADWAY AND STRUCK AN EMBANKMENT. VEHICLE 1 BEGAN TO OVERTURN AND CAME TO REST ON ITS TOP.
955493,3190030532,Missouri State Highway Patrol-Troop D,1572480000000,190634149,1,0,1,0,Personal Injury,GREENE,NON-CITY OR UNINCORPORATED,D,2,2,0,3168,0.6,B ,S ,MO 13,CO MO13S TO CRD34,Daylight,Motor Vehicle in Transport,1,61,Thu     ,0,0,0,0,0,1,1,1,0,0,0,0,0,0,0,0,0,0,0,0,1,0,0,1,1,37.38639,-93.34638,0,10/31/2019,11:55:00,VEHICLE # 1 WAS SOUTHBOUND AND REAR ENDED VEHICLE # 2
866091,3190030376,Missouri State Highway Patrol-Troop A,1572480000000,190634186,1,0,1,0,Personal Injury,CLAY,NON-CITY OR UNINCORPORATED,A,2,2,0,0,0,AT,S ,RT A,CST 112TH STREET,Daylight,Motor Vehicle in Transport,1,64,Thu     ,0,0,0,0,0,0,0,0,0,0,0,0,0,0,0,1,0,0,0,0,0,0,0,0,0,39.29545,-94.43622,0,10/31/2019,12:20:00,OCCURRED AS VEH1 TURNED IN FRONT OF VEH 2 AND VEH2 STRUCK THE PASSENGER SIDE OF VEH1.
955494,3190029309,Missouri State Highway Patrol-Troop D,1572480000000,190634648,2,0,2,0,Personal Injury,GREENE,NON-CITY OR UNINCORPORATED,D,2,2,0,37,0.01,A ,N,RT B,RT MM NJ,Daylight,Motor Vehicle in Transport,1,64,Thu     ,0,0,0,0,0,1,1,1,1,0,0,1,0,0,0,1,0,0,0,0,1,0,0,1,0,37.20121,-93.423,0,10/31/2019,16:37:00,CRASH OCCURRED AS VEHICLE #2 WAS ATTEMPTING A RIGHT TURN AND PULLED INTO THE PATH OF VEHICLE #1.
1188857,3190029979,Missouri State Highway Patrol-Troop B,1572480000000,190634665,1,0,1,0,Personal Injury,ADAIR,NON-CITY OR UNINCORPORATED,B,1,1,0,0,0,AT,E ,CRD ORRICK TRAIL,CRD MISSOURI TRAIL,Daylight,Fixed Object,2,,Thu     ,0,0,0,0,1,1,1,0,0,0,0,0,0,0,0,1,0,0,0,0,1,0,0,1,0,40.19277,-92.61239,0,10/31/2019,16:30:00,VEHICLE 1 WAS SOUTHBOUND RAN OFF THE ROAD STRUCK A TREE.
1134415,3190030372,Missouri State Highway Patrol-Troop E,1572480000000,190634755,1,0,1,0,Personal Injury,MADISON,NON-CITY OR UNINCORPORATED,E,3,3,0,3168,0.6,A ,E ,RT J,RT NN,Daylight,Motor Vehicle in Transport,1,64,Thu     ,0,0,0,0,0,0,1,0,0,0,0,0,0,0,0,1,0,0,0,0,1,0,0,0,1,37.58897,-90.15355,0,10/31/2019,17:25:00,CRASH OCCURRED AS VEHICLE 1 TURNED INTO THE PATH OF VEHICLE 2.  VEHICLE 2 STRUCK THE FRONT OF VEHICLE 1.  AFTER INITIAL IMPACT VEHICLE 1 ROTATED AND STRUCK VEHICLE 3.
963427,3190029333,Missouri State Highway Patrol-Troop D,1572480000000,190634767,1,0,1,0,Personal Injury,BARTON,LAMAR,D,1,1,0,311,0.06,A ,W ,US 160,CRD SW 5TH LN,Daylight,Fixed Object,2,,Thu     ,0,0,0,0,1,0,0,1,0,0,0,0,0,0,0,1,0,0,0,0,0,0,0,0,0,37.494,-94.30769,0,10/31/2019,17:35:00,"ACCIDENT OCCURRED AS VEHICLE #1 TRAVELED OFF OF THE RIGHT SIDE OF ROADWAY, OVERCORRECTED, TRAVELED OFF OF THE LEFT SIDE OF THE ROADWAY AND OVERTURNED."
1186970,3190030159,Missouri State Highway Patrol-Troop F,1572480000000,190634867,2,0,2,0,Personal Injury,BOONE,NON-CITY OR UNINCORPORATED,F,1,1,0,781,0.15,B ,W ,US 40,CRD MCGILL CREEK RD,Dark-Unlighted,Animal,1,,Thu     ,0,0,0,0,0,0,0,0,0,0,0,0,0,0,0,0,0,0,0,0,0,0,0,0,0,38.9897,-92.51271,0,10/31/2019,18:35:00,OCCURRED AS VEHICLE 1 STRUCK A DEER
1320488,3190032394,Missouri State Highway Patrol-Troop G,1572480000000,190634885,4,0,3,1,Personal Injury,TEXAS,NON-CITY OR UNINCORPORATED,G,2,2,0,1584,0.3,B ,W ,RT B,CRD MAPLE LANE,Dark-Unlighted,Motor Vehicle in Transport,1,61,Thu     ,0,0,0,0,1,0,0,0,0,0,0,0,0,0,0,1,0,0,0,0,1,0,0,1,0,37.32869,-91.90542,0,10/31/2019,18:52:00,ACCIDENT OCCURRED AS VEHICLE #2 WAS ATTEMPTING TO MAKE A RIGHT HAND TURN INTO A FIELD ENTRANCE AND WAS STRUCK IN THE REAR BY VEHICLE #1.
1200914,3190029596,Missouri State Highway Patrol-Troop C,1572480000000,190634942,1,0,0,1,Personal Injury,LINCOLN,MOSCOW MILLS,C,1,1,0,390,0.07,A ,S ,CST KATHY AVE,CST MELINDA DR,Dark-Lighted,Pedestrian,1,,Thu     ,0,0,0,0,0,1,1,0,0,0,0,0,0,0,0,0,0,0,0,0,1,0,0,1,0,38.9424,-90.92758,0,10/31/2019,19:30:00,VEHICLE 1 WAS TRAVELING SOUTH ON KATHY AVENUE. PEDESTRIAN 1 WALKED INTO THE PATH OF VEHICLE 1 AND THE FRONT OF VEHICLE 1 STRUCK PEDESTRIAN 1. ASSISTED BY TPR A. J. MAYER (1210)
1133584,3190030011,Missouri State Highway Patrol-Troop E,1572480000000,190634973,1,0,0,1,Personal Injury,RIPLEY,NON-CITY OR UNINCORPORATED,E,1,1,0,2640,0.5,B ,E ,US 160,CRD 160W-1,Dark-Unlighted,Pedestrian,1,,Thu     ,0,0,0,0,0,0,0,0,0,0,0,0,0,0,0,0,0,0,0,0,1,0,0,1,0,36.62285,-90.86045,0,10/31/2019,19:45:00,CRASH OCCURRED AS VEHICLE 1 STRUCK PEDESTRIAN WALKING IN THE ROADWAY.
1145923,3190030001,Missouri State Highway Patrol-Troop E,1572480000000,190635023,1,0,1,0,Personal Injury,NEW MADRID,NON-CITY OR UNINCORPORATED,E,1,1,0,0,0,AT,N,CRD 245,CRD 262 SJ,Dark-Unlighted,Fixed Object,2,,Thu     ,1,0,0,0,1,0,1,0,0,0,0,0,0,0,0,1,0,0,0,0,1,0,0,1,0,36.48055,-89.86544,0,10/31/2019,20:55:00,CRASH OCCURRED AS VEHICLE 1 RAN OFF THE ROADWAY AND STRUCK A DITCH.
1178205,3190030562,Missouri State Highway Patrol-Troop F,1572480000000,190635083,1,0,1,0,Personal Injury,CAMDEN,NON-CITY OR UNINCORPORATED,F,1,1,0,100,0.02,B ,S ,CRD BALL PARK RD,PVT BELMONT DR,Dark-Unlighted,Fixed Object,2,,Thu     ,1,0,0,0,0,0,0,1,0,0,0,0,0,0,0,0,0,0,0,0,0,0,0,0,0,38.00195,-92.78211,0,10/31/2019,21:30:00,"OCCURRED AS VEHICLE 1 FAILED TO NEGOTIATE A CURVE, TRAVELED OFF THE RIGHT SIDE OF THE ROADWAY AND STRUCK A TREE.  VEHICLE 1 THEN CAUGHT ON FIRE."
861198,3190029991,Missouri State Highway Patrol-Troop A,1572566400000,190635187,1,0,1,0,Personal Injury,LAFAYETTE,NON-CITY OR UNINCORPORATED,A,2,2,0,42,0.01,A ,W ,CRD OLD HIGHWAY 40,CRD LOVE RD,Dark-Unknown Lighting,Motor Vehicle in Transport,1,62,Thu     ,1,0,0,0,0,0,0,0,0,0,0,0,0,0,0,1,0,0,0,0,1,0,0,1,0,39.01136,-94.09334,0,10/31/2019,23:15:00,"CRASH OCCURRED AS VEHICLE 1 CROSSED THE CENTER OF THE ROADWAY AND STRUCK VEHICLE 2 HEAD ON. VEHICLE 1 TRAVELED OFF THE LEFT SIDE OF THE ROADWAY, STRUCK A TREE, AND OVERTURNED. VEHICLE 2 CAME TO REST IN THE ROADWAY. ASSISTED BY TPR A. D. MARTIN /701/ AND LAFAYETTE COUNTY DEPUTIES"
1324602,3190029626,Missouri State Highway Patrol-Troop G,1572566400000,190635224,1,0,1,0,Personal Injury,HOWELL,NON-CITY OR UNINCORPORATED,G,1,1,0,211,0.04,A ,N,MO 17,CRD 2360,Dark-Unlighted,Overturn,2,,Thu     ,0,0,0,0,0,0,0,0,0,0,0,0,0,0,0,0,0,0,0,0,0,0,0,0,0,36.88769,-91.7807,0,10/31/2019,23:40:00,ACCIDENT OCCURRED AS NORTHBOUND VEHICLE #1 TRAVELED OFF THE ROADWAY.
864773,3190030587,Missouri State Highway Patrol-Troop A,1572566400000,190635367,1,0,1,0,Personal Injury,PETTIS,NON-CITY OR UNINCORPORATED,A,1,1,0,0,0,AT,N,RT U,CRD ANDERSON SCHOOL RD,Dark-Lighted,Fixed Object,2,,Fri     ,0,0,0,0,1,0,0,0,0,0,0,0,0,0,0,1,1,0,0,0,0,0,0,0,0,38.62362,-93.21888,0,11/01/2019,06:45:00,"CRASH OCCURRED AS DVR1 FAILED TO NEGOTIATE A CURVE.  VEHICLE1 TRAVELED OFF THE LEFT SIDE OF ROADWAY, STRUCK A DRIVEWAY AND A TREE BEFORE COMING TO REST."
887518,3190029517,Missouri State Highway Patrol-Troop A,1572566400000,190635412,1,0,1,0,Personal Injury,RAY,NON-CITY OR UNINCORPORATED,A,1,1,0,1584,0.3,B ,E ,MO 210,CRD LEATHERS RD,Dark-Unlighted,Animal,1,,Fri     ,0,0,0,0,0,0,0,0,0,0,0,0,0,0,0,0,0,0,0,0,0,0,0,0,0,39.26178,-94.03012,0,11/01/2019,07:25:00,CRASH OCCURRED AS VEH 1 WAS TRAVELING  EASTBOUND ON MO 210 AND STRUCK A DEER.
916807,3190029778,Missouri State Highway Patrol-Troop D,1572566400000,190635451,2,0,2,0,Personal Injury,JASPER,NON-CITY OR UNINCORPORATED,D,1,1,0,300,0.06,B ,N,CRD S GRAND AVE,EOR 49 NJ,Daylight,Fixed Object,2,,Fri     ,0,0,0,0,0,0,0,0,0,0,0,0,0,0,0,0,0,0,0,0,0,0,0,0,0,37.12914,-94.31043,0,11/01/2019,07:50:00,CRASH OCCURRED AS VEHICLE 1 RAN OFF THE RIGHT SIDE OF THE ROAD AND STRUCK A CULVERT.
834892,3190030092,Missouri State Highway Patrol-Troop A,1572566400000,190635530,1,0,1,0,Personal Injury,PLATTE,KANSAS CITY,A,2,2,0,95,0.02,A ,S ,RP 5533,MO 45,Daylight,Motor Vehicle in Transport,1,61,Fri     ,0,0,0,0,0,0,1,0,0,0,0,0,1,0,0,0,0,0,0,0,0,0,0,0,0,39.21036,-94.63928,0,11/01/2019,08:26:00,CRASH OCCURRED AS VEH2 WAS MAKING A RIGHT TURN FROM EASTBOUND 64TH ST ONTO THE SB 29 ENTRANCE RAMP.  AN UNKNOWN VEHICLE TURNED LEFT INTO THE PATH OF VEH2 AND DVR2 STOPPED ON THE RAMP.  VEH1 OVERTOOK AND STRUCK THE REAR OF VEH2.  ASSISTED BY CPL J D HALL /1334/.
918642,3190030214,Missouri State Highway Patrol-Troop D,1572566400000,190635839,1,0,0,1,Personal Injury,LAWRENCE,NON-CITY OR UNINCORPORATED,D,2,2,0,0,0,AT,E ,MO 96,MO 97,Daylight,Motor Vehicle in Transport,1,64,Fri     ,0,0,0,0,0,0,0,1,1,0,0,0,0,0,0,1,0,0,0,0,0,0,0,0,1,37.19096,-93.94701,0,11/01/2019,11:05:00,OCCURRED AS VEH1 PULLED INTO THE PATH OF VEH2.
836528,3190030349,Missouri State Highway Patrol-Troop A,1572566400000,190636037,1,0,1,0,Personal Injury,CARROLL,NON-CITY OR UNINCORPORATED,A,1,1,0,2222,0.42,B ,E ,RT U,CRD 241,Daylight,Overturn,1,,Fri     ,0,0,0,0,0,0,0,1,1,0,0,0,0,0,0,0,0,0,0,0,1,0,0,0,1,39.60032,-93.50416,0,11/01/2019,12:42:00,"CRASH OCCURRED AS VEH1 TRAVELED OFF THE RIGHT SIDE OF THE ROAD, BACK ONTO THE ROAD, AND OVERTURNED. ASSISTED BY TPR. N. T. OTT /965/"
955531,3190029464,Missouri State Highway Patrol-Troop D,1572566400000,190636106,8,0,8,0,Personal Injury,GREENE,NON-CITY OR UNINCORPORATED,D,2,2,0,0,0,AT,S ,RT H,RT CC,Daylight,Motor Vehicle in Transport,1,64,Fri     ,0,0,0,0,0,0,0,0,0,0,0,1,0,0,0,1,0,0,0,0,0,0,0,0,0,37.39757,-93.27,0,11/01/2019,13:20:00,CRASH OCCURRED AS VEH 1 TRAVELED INTO THE PATH OF VEH 2.  VEH 1 WAS STRUCK BROADSIDE BY VEH 2.
1018255,3190030498,Missouri State Highway Patrol-Troop D,1572566400000,190636189,3,0,2,1,Personal Injury,NEWTON,NON-CITY OR UNINCORPORATED,D,2,2,0,0,0,AT,E ,US 60,CRD WALLABY,Daylight,Motor Vehicle in Transport,1,61,Fri     ,0,0,0,0,0,1,1,0,0,0,0,0,0,0,1,1,0,0,0,0,1,0,0,0,1,36.91788,-94.08176,0,11/01/2019,14:00:00,CRASH OCCURRED AS VEHICLE #2 WAS INITIALLY STOPPING WAITING TO MAKE LEFT TURN.  VEHICLE #1 STRUCK VEHICLE #2 IN REAR AS VEHICLE #2 WAS TURNING.
1293186,3190029960,Missouri State Highway Patrol-Troop C,1572566400000,190636243,1,0,1,0,Personal Injury,ST. LOUIS,HAZELWOOD,C,1,1,0,121,0.02,B ,E ,IS 270,ERM EAST IS 270 MILE 244,Daylight,Fixed Object,2,,Fri     ,0,0,0,0,0,0,0,1,0,0,0,0,0,0,0,1,0,0,0,0,0,0,0,0,0,38.78191,-90.37666,0,11/01/2019,14:21:00,"VEHICLE 1 WAS TRAVELING EASTBOUND ON I-270. DRIVER 1 FELL ASLEEP, CAUSING VEHICLE 1 TO TRAVEL OFF THE LEFT SIDE, AND STRIKE THE CONCRETE MEDIAN SEVERAL TIMES."
1062400,3190030157,Missouri State Highway Patrol-Troop I,1572566400000,190636244,2,0,2,0,Personal Injury,PHELPS,NON-CITY OR UNINCORPORATED,I,2,2,0,1027,0.19,B ,S ,CRD 2030,CRD 2050,Daylight,Motor Vehicle in Transport,1,62,Fri     ,0,0,0,0,0,0,0,0,0,0,0,0,0,0,0,1,0,0,0,0,1,0,0,1,0,37.98504,-91.75049,0,11/01/2019,14:25:00,CRASH OCCURRED AS VEHICLE 1  AND VEHICLE 2 STRUCK MIRRORS  WHILE TRAVELING IN OPPOSITE DIRECTIONS.
1189648,3190030671,Missouri State Highway Patrol-Troop F,1572566400000,190636269,3,0,2,1,Personal Injury,GASCONADE,NON-CITY OR UNINCORPORATED,F,2,2,0,976,0.18,B ,W ,MO 28,CRD MEYER RD,Daylight,Motor Vehicle in Transport,1,64,Fri     ,0,0,0,0,1,0,0,0,0,0,0,0,0,0,0,1,0,0,0,0,1,0,0,1,0,38.32174,-91.53686,0,11/01/2019,14:32:00,CRASH OCCURRED AS VEHICLE 1 ATTEMPTED TO AVOID A VEHICLE AND SWERVED TO LEFT AND TRAVELED IN PATH OF VEHICLE 2. VEHICLE 1 STRUCK VEHICLE 2 NEARLY HEAD ON.
1255126,3190031379,Missouri State Highway Patrol-Troop C,1572566400000,190636457,1,0,1,0,Personal Injury,JEFFERSON,NON-CITY OR UNINCORPORATED,C,1,1,0,485,0.09,B ,S ,US 61,PVT AUTUMN OAKS DR,Daylight,Fixed Object,2,,Fri     ,0,0,0,0,0,0,0,1,1,0,0,0,0,0,0,0,0,0,1,0,0,0,0,0,0,38.38971,-90.37504,0,11/01/2019,15:59:00,"VEHICLE 1 TRAVELED OFF THE RIGHT SIDE OF THE ROADWAY, STRUCK TWO ROAD SIGNS, AND A UTILITY POLE."
877199,3190030411,Missouri State Highway Patrol-Troop A,1572566400000,190636489,1,0,0,1,Personal Injury,JOHNSON,NON-CITY OR UNINCORPORATED,A,1,1,0,2112,0.4,B ,E ,US 50,CRD NW 250,Daylight,Fixed Object,2,,Fri     ,0,0,0,0,0,0,0,0,0,0,0,0,0,0,0,0,0,0,0,0,0,0,0,0,0,38.80401,-93.88563,0,11/01/2019,16:15:00,"CRASH OCCURRED AS DRIVER 1 FELL ASLEEP AND CAUSED VEHICLE 1 TO TRAVEL OFF THE RIGHT SIDE OF THE ROADWAY. VEHICLE1 RETURNED TO ROADWAY, TRAVELED OFF THE LEFT SIDE OF THE ROADWAY, AND STRUCK A TREE, BEFORE COMING TO REST IN THE MEDIAN. ASSISTED BY TPR W.M GRAHAM /620/, LT .S.A. COATS /89/, TPR. T.A. HARTSHORN /656/, TPR.  A.L. ROYSTER /941/"
866125,3190030031,Missouri State Highway Patrol-Troop A,1572566400000,190636509,2,0,2,0,Personal Injury,CLAY,KANSAS CITY,A,2,2,0,63,0.01,A ,S ,IS 29,ERM SOUTH IS 29 MILE 28,Daylight,Motor Vehicle in Transport,1,61,Fri     ,0,0,0,0,0,0,0,1,0,0,0,0,0,0,0,1,0,0,0,0,0,0,0,0,0,39.18561,-94.59783,0,11/01/2019,16:30:00,CRASH OCCURRED AS VEH 2 WAS STOPPED FOR TRAFFIC.  VEH 1 OVERTOOK AND STRUCK REAR OF VEH 2. ASSISTED BY MSGT J D OGDEN/978 AND KANSAS CITY FIRE DEPARTMENT
801049,3190030511,Missouri State Highway Patrol-Troop A,1572566400000,190636595,1,0,1,0,Personal Injury,JACKSON,LEES SUMMIT,A,3,3,0,364,0.07,B ,E ,IS 470,ERM EAST IS 470 MILE 62,Daylight,Motor Vehicle in Transport,1,61,Fri     ,0,0,0,0,0,0,0,1,0,0,0,0,0,0,0,1,0,0,0,0,0,0,0,0,0,38.93521,-94.4336,0,11/01/2019,17:00:00,"CRASH OCCURRED AS VEH 3 WAS STOPPED, VEH 2 SLOWED AND VEH 1 THEN OVERTOOK AND STRUCK THE REAR OF VEH 2.  VEH 2 THEN STRUCK THE REAR OF VEH 3.  ASSISTED BY TPR C W BRADSHAW/830"
866127,3190031546,Missouri State Highway Patrol-Troop A,1572566400000,190636631,2,0,2,0,Personal Injury,CLAY,KANSAS CITY,A,2,2,0,325,0.06,B ,N,IS 35,ERM NORTH IS 35 MILE 76,Daylight,Motor Vehicle in Transport,1,61,Fri     ,0,0,0,0,0,0,0,0,0,0,0,0,0,0,0,1,0,0,0,0,0,0,0,0,0,39.15772,-94.55954,0,11/01/2019,16:50:00,CRASH OCCURRED AS VEHICLE 1 FAILED TO YIELD TO SLOWING VEHICLE 2 AND STRUCK VEHICLE 2 IN THE REAR.
1320392,3190029654,Missouri State Highway Patrol-Troop G,1572566400000,190636718,1,0,1,0,Personal Injury,TEXAS,NON-CITY OR UNINCORPORATED,G,1,1,0,1240,0.23,B ,S ,RT FF,MO 38,Daylight,Pedestrian,2,,Fri     ,0,0,0,0,0,0,0,0,0,0,0,0,0,0,0,0,0,0,0,0,1,0,0,1,1,37.33595,-92.12448,0,11/01/2019,17:35:00,ACCIDENT OCCURRED AS VEHICLE #1 MIRROR STRUCK THE PEDESTRIAN WALKING SOUTHBOUND
1136574,3190029538,Missouri State Highway Patrol-Troop E,1572566400000,190636752,2,0,2,0,Personal Injury,DUNKLIN,MALDEN,E,2,2,0,24,0,B ,N,BU 25,CST PITMAN ROAD,Dark-Lighted,Motor Vehicle in Transport,1,61,Fri     ,0,0,0,0,0,0,1,0,0,0,1,0,0,0,0,0,0,0,0,0,0,0,0,0,0,36.58577,-89.97031,0,11/01/2019,18:03:00,CRASH OCCURRED AS VEHICLE ONE STRUCK THE REAR OF VEHICLE TWO
943301,3190029876,Missouri State Highway Patrol-Troop D,1572566400000,190636800,1,0,1,0,Personal Injury,DALLAS,NON-CITY OR UNINCORPORATED,D,2,2,0,1584,0.3,B ,S ,US 65,CRD RED TOP RD,Dark-Unlighted,Motor Vehicle in Transport,1,63,Fri     ,0,0,0,0,1,0,1,0,0,0,0,0,0,0,0,1,0,0,0,0,1,0,0,1,0,37.42696,-93.14523,0,11/01/2019,19:18:00,CRASH OCCURRED AS VEHICLE 1 STOPPED BEHIND AN UNINVOLVED VEHICLE THAT WAS STOPPED IN THE ROADWAY.  VEHICLE 2 OVERTOOK VEHICLE 1 STRIKING VEHICLE 1 IN THE REAR RIGHT SIDE.
1014013,3190029857,Missouri State Highway Patrol-Troop D,1572566400000,190636812,1,0,1,0,Personal Injury,VERNON,NON-CITY OR UNINCORPORATED,D,2,2,0,389,0.07,B ,N,IS 49,ERM NORTH IS 49 MILE 980,Dark-Unlighted,Motor Vehicle in Transport,1,61,Fri     ,0,0,0,0,0,0,0,1,1,0,0,0,0,0,0,0,0,0,0,0,1,0,0,1,0,37.79286,-94.31127,0,11/01/2019,18:40:00,CRASH OCCURRED AS VEHICLE #1 DROVE INTO THE REAR OF VEHICLE #2.
859140,3190029751,Missouri State Highway Patrol-Troop A,1572566400000,190636829,0,1,0,0,Fatal,JACKSON,BLUE SPRINGS,A,1,1,0,221,0.04,A ,E ,RP 105833,IS 70,Dark-Unlighted,Pedestrian,1,,Fri     ,0,0,0,0,0,0,0,0,0,0,0,0,0,0,0,0,0,0,0,0,0,0,0,0,0,39.02778,-94.25291,1,11/01/2019,18:50:00,"***FATALITY CRASH - LATE DEATH*** NEXT OF KIN NOTIFIED*** TROOP A FATAL CRASH # 57 AND FATALITY #63*** CRASH OCCURRED AS PEDESTRIAN 1 WAS WALKING WESTBOUND ON THE RAMP. VEHICLE 1 WAS EASTBOUND ON THE RAMP AND STRUCK PEDESTRIAN 1. SUBJECT PRONOUNCED AT 2145 HOURS ON 11/16/2019 BY DR. C R GATES AT CENTERPOINT HOSPITAL. ASSISTED BY CPL R A WOOD /788/, TPR C W BRADSHAW /830/, AND BLUE SPRINGS PD"
1333528,3190030176,Missouri State Highway Patrol-Troop G,1572998400000,190637026,1,0,1,0,Personal Injury,CARTER,NON-CITY OR UNINCORPORATED,G,1,1,Y,2640,0.5,A ,E ,US 60,MO 21 EJ,Dark-Unlighted,Animal,1,,Fri     ,0,0,0,0,0,0,0,0,0,0,0,0,0,0,0,0,0,0,0,0,1,0,0,1,0,36.92657,-90.80138,0,11/01/2019,20:30:00,CRASH OCCURRED AS VEHICLE ONE WAS TRAVELING EASTBOUND ON US 60 WHEN A DEER TRAVELED INTO THE PATH OF VEHICLE ONE