objectid,accident,agency,inv_date,complaint,injured,killed,min_inj,dis_inj,severity,county,city,troop,no_vehicle,motor_veh,left_scene,dist_feet,dist_mile,inter_loc,direction,on_street,at_street,light_cond,acc_type,on_off_rd,two_veh,day_week,dr_drink,dr_drug,ped_drink,ped_drug,speed,dr_under21,dr_under25,dr_over55,dr_over64,electrical,emer_veh,stop_sign,yield_sign,czone,hazmat,aggressive,cell_phone,texting,veh_defect,school_bus,truck,motorcycle,atv,pickup,cmv,gps_lat,gps_long,severity_fatal,acc_date,acc_time,narrative
1156991,3190030009,Missouri State Highway Patrol-Troop E,1572566400000,190637033,1,0,1,0,Personal Injury,SCOTT,NON-CITY OR UNINCORPORATED,E,2,2,Y,232,0.04,A ,N,IS 55,ERM NORTH IS 55 MILE 824,Dark-Unlighted,Motor Vehicle in Transport,1,61,Fri     ,0,0,0,0,0,0,1,0,0,0,0,0,0,0,0,1,0,0,0,0,1,0,0,1,0,37.1101,-89.53631,0,11/01/2019,20:35:00,CRASH OCCURRED AS VEHICLE 1 STRUCK VEHICLE 2 IN THE REAR
929244,3190029482,Missouri State Highway Patrol-Troop D,1572566400000,190637098,1,0,1,0,Personal Injury,STONE,NON-CITY OR UNINCORPORATED,D,1,1,0,132,0.02,B ,N,CRD STATE HIGHWAY DD,CRD SLANE CHAPEL RD,Dark-Unlighted,Fixed Object,2,,Fri     ,0,0,0,0,0,0,0,1,0,0,0,0,0,0,0,1,0,0,0,0,0,0,0,0,0,36.60832,-93.37918,0,11/01/2019,21:14:00,"OCCURRED AS #1 RAN OFF THE ROADWAY AND STRUCK A TREE  ASSISTED BY TPR A.C. RICKMAN #1404, TPR J.M. LINEGAR #865 AND SOUTHERN STONE COUNTY FIRE RESCUE"
1265062,3190030018,Missouri State Highway Patrol-Troop C,1572566400000,190637188,1,0,1,0,Personal Injury,ST. CHARLES,O'FALLON,C,2,2,0,0,0,AT,N,MO 79,RT M,Dark-Lighted,Motor Vehicle in Transport,1,60,Fri     ,0,1,0,0,0,0,0,0,0,1,0,,,0,0,1,0,0,0,0,0,0,0,0,0,38.84273,-90.6952,0,11/01/2019,22:00:00,"VEHICLE 1 WAS TRAVELING NORTHBOUND ON  MO-79. VEHICLE 2 WAS TRAVELING SOUTHBOUND ON MO-79. DRIVER 1 EXECUTED A LEFT TURN ONTO ROUTE M, CAUSING THE FRONT OF VEHICLE 1 TO STRIKE THE FRONT OF VEHICLE 2. ASSISTED BY CPL. P. T. HARMS (1133) AND TPR. S. T. BRUENGER (505)."
1333529,3190030178,Missouri State Highway Patrol-Troop G,1572566400000,190637206,2,0,2,0,Personal Injury,CARTER,NON-CITY OR UNINCORPORATED,G,1,1,0,660,0.12,B ,N,RT M,CRD 146,Dark-Unlighted,Fixed Object,2,,Fri     ,0,0,0,0,0,1,1,0,0,0,0,0,0,0,0,0,0,0,0,0,1,0,0,1,0,37.03959,-91.06753,0,11/01/2019,22:10:00,"CRASH OCCURRED AS VEHICLE ONE SWERVED TO MISS AN ANIMAL IN THE ROADWAY, TRAVELED OFF THE RIGHT SIDE OF THE ROADWAY AND OVERTURNED. ASSISTED BY TPR. A K FALTERMAN #239"
876927,3190029749,Missouri State Highway Patrol-Troop A,1572566400000,190637380,1,0,0,1,Personal Injury,JACKSON,NON-CITY OR UNINCORPORATED,A,1,1,0,3168,0.6,B ,W ,US 50,CRD EASLEY RD,Dark-Unlighted,Overturn,2,,Fri     ,0,0,0,0,0,0,0,0,0,0,0,0,0,0,0,0,0,0,0,0,1,0,0,1,0,38.89015,-94.24504,0,11/01/2019,23:35:00,CRASH OCCURRED AS VEHICLE 1 TRAVELED OFF THE LEFT SIDE OF THE ROADWAY AND OVERTURNED. VEHICLE 1 CAME TO REST ON ITS WHEELS IN THE EASTBOUND LANES. ASSISTED BY TPR Z D DAVIDSON /284/ AND LONE JACK PD.
1210824,3190031256,Missouri State Highway Patrol-Troop C,1572652800000,190637411,2,1,1,1,Fatal,ST. LOUIS,BERKELEY,C,1,1,0,401,0.08,A ,W ,IS 170,RP 228090,Dark-Unlighted,Fixed Object,2,,Fri     ,0,0,0,0,1,1,1,0,0,0,0,0,0,0,0,1,0,0,0,0,0,0,0,0,0,38.7538,-90.33825,1,11/01/2019,22:40:00,"FATALITY REPORT - VEHICLE 1 WAS TRAVELING NORTHBOUND ON INTERSTATE 170, TRAVELED OFF THE LEFT SIDE OF THE ROADWAY, DOWN AN EMBANKMENT, AND OVERTURNED, EJECTING DRIVER 1. DRIVER 1 FATALITY PRONOUNCED AT SSM HEALTH DEPAUL HOSPITAL AT 0027 HOURS BY DR. KOYEJL."
1152155,3190030022,Missouri State Highway Patrol-Troop E,1572652800000,190637476,1,0,1,0,Personal Injury,STODDARD,NON-CITY OR UNINCORPORATED,E,1,1,0,1056,0.2,A ,E ,RT PP,PVT BRIDGE T1027,Dark-Unlighted,Fixed Object,2,,Sat     ,1,0,0,0,0,0,0,1,1,0,0,0,0,0,0,1,0,0,0,0,1,0,0,1,0,36.9497,-90.10465,0,11/02/2019,00:50:00,"CRASH OCCURRED AS VEHICLE 1 CROSSED THE CENTERLINE, OVERCORRECTED, AND TRAVELED OFF RIGHT SIDE OF THE ROADWAY."
825022,3190029992,Missouri State Highway Patrol-Troop A,1572652800000,190637569,2,0,0,2,Personal Injury,JACKSON,KANSAS CITY,A,1,1,0,269,0.05,A ,E ,IS 470,ERM EAST IS 470 MILE 52,Dark-Unlighted,Fixed Object,2,,Sat     ,0,0,0,0,0,,,,,0,0,0,0,0,0,1,0,0,0,0,0,0,0,0,0,38.93633,-94.44972,0,11/02/2019,03:30:00,"CRASH OCCURRED AS VEHICLE 1 TRAVELED OFF THE RIGHT SIDE OF THE ROADWAY, STRUCK THE GUARDRAIL END, AND OVERTURNED. VEHICLE 1 CAME TO REST ON ITS WHEELS OFF THE ROADWAY. ASSISTED BY KANSAS CITY PD."
1113388,3190029651,Missouri State Highway Patrol-Troop E,1572652800000,190637575,3,0,3,0,Personal Injury,DUNKLIN,NON-CITY OR UNINCORPORATED,E,2,2,0,7920,1.5,B ,S ,MO 25,CRD 426,Dark-Unlighted,Motor Vehicle in Transport,1,62,Sat     ,0,0,0,0,0,0,1,1,0,0,0,0,0,0,0,1,0,0,0,0,0,0,0,0,1,36.31674,-90.02792,0,11/02/2019,04:00:00,CRASH OCCURRED AS VEHICLE 1 CROSSED CENTER LINE AND STRUCK VEHICLE 2
1255124,3190029469,Missouri State Highway Patrol-Troop C,1572652800000,190637598,1,0,1,0,Personal Injury,JEFFERSON,NON-CITY OR UNINCORPORATED,C,1,1,0,380,0.07,A ,N,MO 21,WOR 21,Dark-Unlighted,Animal,1,,Sat     ,0,0,0,0,0,0,0,0,0,0,0,0,0,0,0,0,0,0,0,0,0,0,0,0,0,38.45547,-90.43621,0,11/02/2019,05:33:00,VEHICLE #1 WAS TRAVELING NORTHBOUND ON MISSOURI 21.  VEHICLE #1 STRUCK A DEER.
1504629,3190029465,Missouri State Highway Patrol-Troop H,1572652800000,190637631,1,0,1,0,Personal Injury,DAVIESS,NON-CITY OR UNINCORPORATED,H,1,1,0,348,0.07,B ,N,IS 35,ERM NORTH IS 35 MILE 636,Dark-Unlighted,Animal,1,,Sat     ,0,0,0,0,0,0,1,0,0,0,0,0,0,0,0,0,0,0,0,0,0,0,0,0,0,39.88082,-94.16244,0,11/02/2019,06:30:00,CRASH OCCURRED AS VEH 1 WAS NORTHBOUND ON I-35. VEH 1 STRUCK A DEER THAT ENTERED THE ROADWAY. VEH 1 CAME TO A CONTROLLED STOP ON THE RIGHT SHOULDER.
1254071,3190031748,Missouri State Highway Patrol-Troop C,1572652800000,190638107,2,0,2,0,Personal Injury,ST. LOUIS,NON-CITY OR UNINCORPORATED,C,2,2,Y,528,0.1,B ,N,IS 55,ERM NORTH IS 55 MILE 1964,Daylight,Motor Vehicle in Transport,1,63,Sat     ,0,0,0,0,0,,,1,,0,0,0,0,0,0,1,0,0,0,0,0,0,0,0,0,38.49777,-90.34358,0,11/02/2019,11:16:00,VEHICLE 2 STRUCK REAR OF VEHICLE 1. VEHICLE 1 TRAVELED OFF THE RIGHT SIDE OF THE ROADWAY AND STRUCK A ROCK BLUFF. VEHICLE 2 LEFT THE SCENE.
929245,3190029536,Missouri State Highway Patrol-Troop D,1572652800000,190638186,3,0,2,1,Personal Injury,STONE,NON-CITY OR UNINCORPORATED,D,1,1,0,248,0.05,A ,S ,MO 13,CRD CASSIE LN,Daylight,Fixed Object,2,,Sat     ,0,0,0,0,0,0,0,0,0,0,0,0,0,0,0,0,0,0,0,0,0,0,0,0,0,36.5964,-93.4284,0,11/02/2019,12:05:00,"ACCIDENT OCCURRED AS VEHICLE #1 FAILED TO NEGOTIATE A CURVE, RAN OFF OF THE LEFT SIDE OF THE ROADWAY, AND OVERTURNED."
867200,3190030596,Missouri State Highway Patrol-Troop A,1572652800000,190638328,1,0,1,0,Personal Injury,CLAY,KANSAS CITY,A,1,1,0,158,0.03,A ,S ,RP 904720,IS 35,Daylight,Fixed Object,2,,Sat     ,0,0,0,0,1,1,1,0,0,0,0,0,0,0,0,1,0,0,0,0,0,0,0,0,0,39.18738,-94.51736,0,11/02/2019,13:24:00,"CRASH OCCURRED AS VEH1 SLID OFF THE LEFT SIDE OF ROADWAY, STRIKING THE GUARDRAIL BEFORE COMING TO REST."
1255088,3190030231,Missouri State Highway Patrol-Troop C,1572652800000,190638465,2,0,2,0,Personal Injury,JEFFERSON,NON-CITY OR UNINCORPORATED,C,2,2,0,0,0,AT,N,MO 21,MO 110,Daylight,Motor Vehicle in Transport,1,64,Sat     ,0,0,0,0,0,0,0,1,0,0,0,0,0,0,0,1,0,0,0,0,1,0,0,1,0,38.17312,-90.56564,0,11/02/2019,14:37:00,VEHICLE 1 WAS TRAVELING NORTHBOUND ON MO 21. VEHICLE 2 WAS TRAVELING SOUTHBOUND IN THE LEFT TURN LANE ON SOUTHBOUND MO 21. VEHICLE 2 TURNED LEFT INTO THE PATH OF VEHICLE 1. THE FRONT OF VEHICLE 2 STRUCK THE FRONT LEFT SIDE OF VEHICLE 1.
1249281,3190031380,Missouri State Highway Patrol-Troop C,1572652800000,190638514,3,0,2,1,Personal Injury,STE. GENEVIEVE,NON-CITY OR UNINCORPORATED,C,2,2,0,2640,0.5,A ,N,RT WW,CRD BOYD ROAD,Daylight,Motor Vehicle in Transport,1,64,Sat     ,1,0,0,0,0,0,0,1,0,0,0,0,0,0,0,1,0,0,0,0,0,0,0,0,0,37.76658,-90.14406,0,11/02/2019,15:17:00,"VEHICLE 1 WAS TRAVELING NORTHBOUND ON ROUTE WW. VEHICLE 2 WAS TRAVELING SOUTHBOUND ON ROUTE WW. DRIVER 1 LOST CONTROL. VEHICLE 1 TRAVELED OFF THE RIGHT SIDE OF THE ROADWAY, RETURNED TO THE ROADWAY, CROSSED THE CENTER LINE, AND STRUCK VEHICLE 2 HEAD ON,"
1064789,3190030123,Missouri State Highway Patrol-Troop I,1572652800000,190638525,1,0,1,0,Personal Injury,LACLEDE,NON-CITY OR UNINCORPORATED,I,1,1,0,1198,0.23,A ,N,CRD UNION DR,CRD BERRY RD,Daylight,Fixed Object,2,,Sat     ,0,0,0,0,0,0,0,1,0,0,0,0,0,0,0,0,0,0,0,0,1,0,0,1,0,37.529,-92.43161,0,11/02/2019,15:20:00,"CRASH OCCURRED AS DRIVER FAILED TO NEGOTIATE A CURVE, DRIVING OFF THE ROADWAY AND STRIKING A TREE"
1168214,3190032178,Missouri State Highway Patrol-Troop F,1572652800000,190638730,1,0,1,0,Personal Injury,MILLER,LAKE OZARK,F,1,1,0,79,0.01,B ,E ,CST COTTON ROAD,CRD COTTON ROAD,Daylight,Fixed Object,2,,Sat     ,1,0,0,0,1,0,0,1,0,0,0,0,0,0,0,1,0,0,0,0,1,0,0,1,0,38.23023,-92.64488,0,11/02/2019,17:00:00,"VEHICLE 1 TRAVELED OFF RIGHT SIDE OF ROADWAY, STRUCK A TREE, AND OVERTURNED."
1212524,3190035465,Missouri State Highway Patrol-Troop C,1572652800000,190638833,2,0,1,1,Personal Injury,WASHINGTON,NON-CITY OR UNINCORPORATED,C,1,1,0,1584,0.3,A ,N,CRD CALICO RD,CRD EIGHT WHEELER RD,Daylight,Fixed Object,2,,Sat     ,1,0,0,0,0,0,0,1,0,0,0,0,0,0,0,0,0,0,0,0,0,0,0,0,0,38.14715,-90.75339,0,11/02/2019,17:57:00,"VEHICLE 1 TRAVELED OFF THE RIGHT SIDE OF THE ROADWAY, STRUCK A TREE, OVERTURNED, AND TRAVELED OFF THE LEFT SIDE OF THE ROADWAY."
877196,3190030406,Missouri State Highway Patrol-Troop A,1572652800000,190638872,1,0,0,1,Personal Injury,JOHNSON,NON-CITY OR UNINCORPORATED,A,1,1,0,1219,0.23,B ,N,RT H,CRD NW 321,Daylight,Animal,1,,Sat     ,0,0,0,0,0,0,0,1,0,0,0,0,0,0,0,0,0,0,0,0,0,1,0,0,0,38.90241,-93.79447,0,11/02/2019,18:20:00,CRASH OCCURRED AS 4 DEER RAN IN FRONT OF VEHICLE1 WITH VEH1 STRIKING ONE DEER.  VEHICLE1 TRAVELED OFF THE ROADWAY EJECTING DVR1.
1324595,3190029598,Missouri State Highway Patrol-Troop G,1572652800000,190638952,1,0,1,0,Personal Injury,HOWELL,NON-CITY OR UNINCORPORATED,G,1,1,0,2640,0.5,B ,E ,US 160,CRD 3730,Dark-Unlighted,Fixed Object,2,,Sat     ,0,0,0,0,0,0,0,0,0,0,0,0,0,0,0,0,0,0,0,0,0,0,0,0,0,36.75447,-91.71144,0,11/02/2019,19:05:00,CRASH OCCURRED AS VEH 1 RAN OFF ROADWAY AND STRUCK A UTILITY POLE
967792,3190029824,Missouri State Highway Patrol-Troop D,1572652800000,190638964,2,0,2,0,Personal Injury,BARRY,NON-CITY OR UNINCORPORATED,D,2,2,0,0,0,AT,E ,MO 76,CST CHAPEL DRIVE,Dark-Unlighted,Motor Vehicle in Transport,1,61,Sat     ,0,0,0,0,0,0,0,1,1,0,0,0,0,0,0,0,0,0,0,0,0,0,0,0,0,36.67051,-93.89259,0,11/02/2019,19:10:00,"DVR 2 WAS ATTEMPTING TO MAKE A LEFT TURN.  DVR 1 FAILED TO SLOW, NBR 1 STRUCK NBR 2 IN THE REAR."
939737,3190030228,Missouri State Highway Patrol-Troop D,1572652800000,190639016,2,0,2,0,Personal Injury,CHRISTIAN,NON-CITY OR UNINCORPORATED,D,2,2,0,0,0,AT,W ,CRD MELTON AVE,CRD MILLS RD,Dark-Unlighted,Motor Vehicle in Transport,1,60,Sat     ,0,0,0,0,0,0,0,1,1,0,0,1,0,0,0,1,0,0,0,0,1,0,0,1,0,36.96923,-93.27551,0,11/02/2019,19:45:00,"#1 WAS ATTEMPTING A RIGHT TURN ONTO MELTON ROAD, AND #2 WAS ATTEMPTING A LEFT TURN ONTO MILLS ROAD.#2 CROSSED INTO THE OPPOSITE LANE AND STRUCK #1."
1328672,3190029919,Missouri State Highway Patrol-Troop G,1572652800000,190639040,0,1,0,0,Fatal,OREGON,NON-CITY OR UNINCORPORATED,G,1,1,0,0,0,AT,E ,RT V,BRIDGE R0426,Dark-Unlighted,Fixed Object,2,,Sat     ,0,0,0,0,0,0,0,0,0,0,0,0,0,0,0,0,0,0,0,0,0,0,0,0,0,36.5102,-91.25891,1,11/02/2019,19:55:00,"FATALITY CRASH OCCURRED AS VEHICLE ONE TRAVELED OFF THE RIGHT SIDE OF THE ROADWAY, OVERCORRECTED, TRAVELED OFF THE LEFT SIDE OF THE ROADWAY, STRUCK A DRIVEWAY APPROACH, OVERTURNED MULTIPLE TIMES EJECTING THE DRIVER. DRIVER PRONOUNCED AT THE SCENE BY OREGON COUNTY CORONER, TOM CLARY AT 2115 HOURS. BODY TAKEN TO CLARY FUNERAL HOME IN ALTON. NEXT OF KIN NOTIFIED. THIS IS TROOP G'S 38TH FATALITY IN 2019 AS OPPOSED TO 34 THIS TIME LAST YEAR."
1049982,3190029799,Missouri State Highway Patrol-Troop I,1572652800000,190639047,1,0,1,0,Personal Injury,DENT,NON-CITY OR UNINCORPORATED,I,1,1,0,1610,0.3,A ,E ,RT H,CRD 2403,Dark-Unlighted,Fixed Object,2,,Sat     ,1,0,0,0,0,0,0,1,1,0,0,0,0,0,0,0,0,0,0,0,1,0,0,1,0,37.63829,-91.64055,0,11/02/2019,19:55:00,"VEHICLE 1 TRAVELED OFF THE RIGHT SIDE OF THE ROADWAY THEN RETURNED TO THE ROADWAY.  THE DRIVER OVERCORRECTED, RUNNING OFF THE RIGHT SIDE OF THE ROADWAY AND RETURNING TO THE ROAD BEFORE FINALLY TRAVELING OFF THE LEFT SIDE OF THE ROAD AND STRIKING A UTILITY POLE."
877167,3190030201,Missouri State Highway Patrol-Troop A,1572652800000,190639420,1,0,1,0,Personal Injury,JOHNSON,NON-CITY OR UNINCORPORATED,A,1,1,0,373,0.07,A ,E ,US 50,RT AA,Dark-Unlighted,Fixed Object,2,,Sat     ,0,0,0,0,0,0,1,0,0,0,0,0,0,1,0,0,0,0,0,0,0,0,0,0,0,38.8685,-94.08694,0,11/02/2019,23:27:00,"CRASH OCCURRED AS VEHICLE 1 WAS TRAVELING IN THE RIGHT LANE. DRIVER 1 SLOWED TO AVOID A PERCEIVED SIGN IN THE ROADWAY AND BEGAN TO SLIDE. VEHICLE 1 THEN TRAVELED OFF THE RIGHT SIDE OF THE ROADWAY, STRUCK A SIGN POST, AND OVERTURNED.  ASSISTED BY CPL. J.D. OWENS /876/ AND TPR. A.L. ROYSTER /941/"
948602,3190029989,Missouri State Highway Patrol-Troop D,1572739200000,190639469,2,0,2,0,Personal Injury,POLK,NON-CITY OR UNINCORPORATED,D,1,1,0,163,0.03,A ,N,MO 13,CRD 565TH RD,Dark-Unlighted,Fixed Object,2,,Sun     ,0,0,0,0,0,1,1,0,0,0,0,0,0,0,0,0,0,0,0,0,0,0,0,0,0,37.43071,-93.35505,0,11/03/2019,00:01:00,DVR 1 SWERVED TO AVOID STRIKING A WRONG WAY DRIVER.  NBR 1 RAN OFF THE ROADWAY AND STRUCK A ROCK BLUFF.
1186938,3190029676,Missouri State Highway Patrol-Troop F,1572739200000,190639531,1,0,1,0,Personal Injury,BOONE,NON-CITY OR UNINCORPORATED,F,1,1,0,121,0.02,B ,W ,IS 70,ERM WEST IS 70 MILE 1214,Dark-Unlighted,Animal,1,,Sun     ,0,0,0,0,0,0,0,1,1,0,0,0,0,0,0,0,0,0,0,0,0,0,0,0,0,38.97173,-92.42839,0,11/03/2019,00:45:00,A DEER CROSSED INTO THE PATH OF VEHICLE 1.  VEHICLE 1 STRUCK A DEER.
1272671,3190030650,Missouri State Highway Patrol-Troop C,1572739200000,190639654,3,0,1,2,Personal Injury,ST. FRANCOIS,NON-CITY OR UNINCORPORATED,C,1,1,0,786,0.15,A ,S ,US 67,RP 326,Dark-Unlighted,Fixed Object,2,,Sun     ,0,0,0,0,0,1,1,0,0,0,0,0,0,0,0,0,0,0,0,0,0,0,0,0,0,37.91631,-90.53737,0,11/03/2019,03:25:00,"VEHICLE #1 WAS TRAVELING SOUTHBOUND ON US 67.  VEHICLE #1 TRAVELED OFF THE RIGHT SIDE OF THE ROADWAY AND STRUCK A SIGN POST.  VEHICLE #1 WENT AIRBORNE, STRUCK THE GROUND, AND OVERTURNED.  DRIVER 1 AND OCCUPANT 1 WERE EJECTED.  ASSISTED BY CPL D.L. BRAYNARD (152) AND TPR. A.M. COLLINS (216)"
1135820,3190030288,Missouri State Highway Patrol-Troop E,1572739200000,190639669,0,1,0,0,Fatal,CAPE GIRARDEAU,NON-CITY OR UNINCORPORATED,E,1,1,0,1584,0.3,B ,N,RT B,CRD 470,Dark-Unlighted,Fixed Object,2,,Unk     ,0,0,0,0,1,0,0,0,0,0,0,0,0,0,0,1,0,0,0,0,0,0,0,0,0,37.50485,-89.77953,1,11/03/2019,00:00:00,"***FATALITY ACCIDENT***  NEXT OF KIN NOTIFIED.  TRAFFIC CRASH OCCURRED AS VEHICLE 1 RAN OFF LEFT SIDE OF ROADWAY, STRUCK 2 MAILBOXES, A CONCRETE CULVERT, AND OVERTURNED; EJECTING DRIVER.  DRIVER 1 PRONOUNCED DECEASED BY DEPUTY CORONER DAVID TAYLOR AT 0524, ON SCENE.  TROOP E 2019 FATALITY #46."
1050013,3190029798,Missouri State Highway Patrol-Troop I,1572739200000,190639780,1,0,0,1,Personal Injury,DENT,NON-CITY OR UNINCORPORATED,I,1,1,0,1056,0.2,A ,N,MO 19,CRD 3330,Daylight,Fixed Object,2,,Sun     ,0,0,0,0,1,0,0,1,0,0,0,0,0,0,0,1,0,0,0,0,1,0,0,1,0,37.72572,-91.48027,0,11/03/2019,07:45:00,DRIVER 1 FAILED TO NEGOTIATE A CURVE CAUSING VEHICLE 1 TO TRAVEL OFF THE RIGHT SIDE OF THE ROADWAY AND OVERTURN.
801091,3190029932,Missouri State Highway Patrol-Troop A,1572739200000,190639853,1,0,1,0,Personal Injury,JACKSON,LEES SUMMIT,A,1,1,0,264,0.05,B ,E ,IS 470,ERM EAST IS 470 MILE 100,Daylight,Fixed Object,2,,Sun     ,0,0,0,0,1,0,0,0,0,0,0,0,0,0,0,1,0,0,0,0,0,0,0,0,0,38.94559,-94.36523,0,11/03/2019,08:53:00,"CRASH OCCURRED AS VEH1 TRAVELED OFF THE ROADWAY, STRUCK A SIGN AND A FENCE.  ASSISTED BY CPL C S KUTZNER /462/"
1254075,3190031445,Missouri State Highway Patrol-Troop C,1572739200000,190639863,1,0,0,1,Personal Injury,ST. LOUIS,NON-CITY OR UNINCORPORATED,C,1,1,0,537,0.1,B ,E ,IS 270,ERM EAST IS 270 MILE 344,Daylight,Fixed Object,2,,Sun     ,0,0,0,0,0,0,0,0,0,0,0,0,0,0,0,1,0,0,0,0,0,0,0,0,0,38.76743,-90.19534,0,11/03/2019,08:55:00,"VEHICLE #1 WAS TRAVELING  EASTBOUND ON INTERSTATE 270.  VEHICLE #1 TRAVELED OFF THE LEFT SIDE OF ROADWAY, STRUCK A GUARDRAIL, AND OVERTURNED."
1201095,3190032133,Missouri State Highway Patrol-Troop C,1572739200000,190639891,1,1,1,0,Fatal,LINCOLN,NON-CITY OR UNINCORPORATED,C,2,2,0,454,0.09,B ,N,MO 47,PVT ALTA LN,Daylight,Motor Vehicle in Transport,1,64,Sun     ,0,0,0,0,0,0,0,1,1,0,0,0,0,0,0,1,0,0,0,0,1,0,0,1,0,38.99022,-90.77934,1,11/03/2019,09:05:00,"LATE DEATH REPORT - VEHICLE #1 PULLED INTO THE PATH OF VEHICLE #2.  THE FRONT OF VEHICLE #2 STRUCK VEHICLE #1, CAUSING BOTH VEHICLES TO TRAVEL OFF THE ROADWAY.  DRIVER #1 WAS PRONOUNCED AT 2127 HOURS BY DOCTOR PREMACHANDRA ON 11/03/2019  ASSISTED BY MSGT. B.W. LONG (855)"
1255069,3190030229,Missouri State Highway Patrol-Troop C,1572739200000,190640139,1,0,1,0,Personal Injury,JEFFERSON,NON-CITY OR UNINCORPORATED,C,1,1,0,1605,0.3,B ,N,CRD OLD LEMAY FERRY RD,PVT REGENCY WOODS PL,Daylight,Fixed Object,2,,Sun     ,0,0,0,0,0,1,1,0,0,0,0,0,0,0,0,1,0,0,0,0,0,0,0,0,0,38.39151,-90.44752,0,11/03/2019,11:13:00,VEHICLE #1 TRAVELED OFF THE LEFT SIDE OF THE ROADWAY AND STRUCK A TREE.  VEHICLE #1 CONTINUED AND STRUCK A UTILITY POLE GUIDE WIRE.
1268548,3190030827,Missouri State Highway Patrol-Troop C,1572739200000,190640348,1,0,1,0,Personal Injury,JEFFERSON,BYRNES MILL,C,1,1,0,528,0.1,B ,S ,CST BYRNES MILL RD,CST CEDAR LN,Daylight,Fixed Object,2,,Sun     ,0,0,0,0,0,0,0,0,0,0,0,0,0,0,0,1,0,0,0,0,0,1,0,0,0,38.45272,-90.58477,0,11/03/2019,12:55:00,"VEHICLE #1 WAS TRAVELING SOUTHBOUND ON BYRNES MILL ROAD, NORTH OF CEDAR LANE.  DRIVER #1 FAILED TO NEGOTIATE A CURVE TO THE LEFT AND VEHICLE #1 TRAVELED OFF THE RIGHT SIDE OF THE ROAD.  THE UNDERCARRIAGE OF VEHICLE #1 STRUCK THE GROUND AND BECAME AIRBORNE.  VEHICLE #1 LANDED,  OVERTURNED, AND DRIVER #1 WAS EJECTED."
916848,3190030322,Missouri State Highway Patrol-Troop D,1572739200000,190640399,4,0,3,1,Personal Injury,JASPER,NON-CITY OR UNINCORPORATED,D,1,1,0,1837,0.35,A ,S ,MO 171,CRD PINE ROAD,Daylight,Fixed Object,2,,Sun     ,0,0,0,0,0,0,0,0,0,0,0,0,0,0,0,0,0,0,0,0,0,0,0,0,0,37.28569,-94.60713,0,11/03/2019,13:15:00,"CRASH OCCURRED AS VEHICLE #1 FAILED TO NEGOTIATE A CURVE, TRAVELED OFF THE WEST SIDE OF THE ROADWAY, STRUCK AND EMBANKMENT AND OVERTURNED."
939734,3190030053,Missouri State Highway Patrol-Troop D,1572739200000,190640448,3,0,3,0,Personal Injury,CHRISTIAN,NON-CITY OR UNINCORPORATED,D,2,2,0,0,0,AT,W ,US 160,CRD E RIVERDALE RD,Daylight,Motor Vehicle in Transport,1,64,Sun     ,0,0,0,0,0,1,1,0,0,0,0,1,0,0,0,1,0,0,0,0,0,0,0,0,0,36.98874,-93.29671,0,11/03/2019,13:45:00,CRASH OCCURRED AS VEH 1 ATTEMPTED TO CROSS US 160 AND TRAVELED INTO THE PATH OF VEH 2.
1249277,3190029794,Missouri State Highway Patrol-Troop C,1572739200000,190640488,1,0,0,1,Personal Injury,STE. GENEVIEVE,NON-CITY OR UNINCORPORATED,C,1,1,0,638,0.12,B ,N,IS 55,ERM NORTH IS 55 MILE 1474,Daylight,Fixed Object,2,,Sun     ,0,0,0,0,0,0,0,0,0,0,0,0,0,0,0,1,0,0,0,0,1,0,0,1,0,37.91308,-90.07662,0,11/03/2019,14:03:00,DRIVER 1 LOST CONTROL OF VEHICLE 1 CAUSING IT TO TRAVEL OFF THE RIGHT SIDE OF THE ROADWAY AND STRIKE A TREE.  ASSISTED BY CPL M.K. HALIM (834) AND TPR M.E. MORICE (545)
939735,3190030233,Missouri State Highway Patrol-Troop D,1572739200000,190640649,1,0,0,1,Personal Injury,CHRISTIAN,NON-CITY OR UNINCORPORATED,D,1,1,0,80,0.02,B ,E ,CRD PARCH CORN RD,CRD HUNTER RD,Daylight,Overturn,1,,Sun     ,1,0,0,0,1,0,0,0,0,0,0,0,0,0,0,1,0,0,0,0,0,0,1,0,0,37.06611,-93.14389,0,11/03/2019,15:45:00,CRASH OCCURRED AS VEHICLE #1 FAILED TO NEGOTIATE A CURVE AND OVERTURNED.
1050012,3190029801,Missouri State Highway Patrol-Troop I,1572739200000,190640707,1,0,1,0,Personal Injury,DENT,NON-CITY OR UNINCORPORATED,I,1,1,0,84,0.02,B ,W ,RT FF,BRIDGE A2060,Daylight,Fixed Object,2,,Sun     ,0,0,0,0,0,0,0,0,0,0,0,0,0,0,0,0,0,0,0,0,1,0,0,1,0,37.76659,-91.61874,0,11/03/2019,16:10:00,"THE CRASH OCCURRED AS DRIVER 1 SWERVED TO AVOID A DEER, VEHICLE 1 TRAVELED OFF THE RIGHT SIDE OF THE ROAD AND STRUCK A FENCE."