objectid,accident,agency,inv_date,complaint,injured,killed,min_inj,dis_inj,severity,county,city,troop,no_vehicle,motor_veh,left_scene,dist_feet,dist_mile,inter_loc,direction,on_street,at_street,light_cond,acc_type,on_off_rd,two_veh,day_week,dr_drink,dr_drug,ped_drink,ped_drug,speed,dr_under21,dr_under25,dr_over55,dr_over64,electrical,emer_veh,stop_sign,yield_sign,czone,hazmat,aggressive,cell_phone,texting,veh_defect,school_bus,truck,motorcycle,atv,pickup,cmv,gps_lat,gps_long,severity_fatal,acc_date,acc_time,narrative
1169259,3190030878,Missouri State Highway Patrol-Troop F,1572739200000,190640784,1,0,1,0,Personal Injury,MONITEAU,NON-CITY OR UNINCORPORATED,F,1,1,0,12,0,B ,E ,US 50,CRD BRICK SCHOOL RD,Daylight,Fixed Object,2,,Sun     ,0,0,0,0,1,0,1,0,0,0,0,0,0,0,0,1,0,0,0,0,0,0,0,0,0,38.64547,-92.6966,0,11/03/2019,16:48:00,"VEHICLE 1 TRAVELED OFF THE SOUTH SIDE OF ROADWAY, STRUCK A DITCH, OVERTURNED NUMEROUS TIMES, AND CAME TO REST OFF THE SOUTH SIDE OF HIGHWAY 50."
1018263,3190030308,Missouri State Highway Patrol-Troop D,1572739200000,190640926,1,0,0,1,Personal Injury,NEWTON,NON-CITY OR UNINCORPORATED,D,1,1,Y,47,0.01,B ,S ,CRD LINEBARGER,CRD PALM,Dark-Unlighted,Fixed Object,2,,Sun     ,1,1,0,0,1,0,0,0,0,0,0,0,0,0,0,1,0,0,0,0,0,0,0,0,0,36.80696,-94.09333,0,11/03/2019,17:45:00,VEHICLE ONE TRAVELED OFF THE RIGHT SIDE OF THE ROADWAY AND STRUCK A CUVERT AND A FENCE.
1123623,3190031241,Missouri State Highway Patrol-Troop E,1572739200000,190641001,1,0,0,1,Personal Injury,MADISON,MARQUAND,E,1,1,0,373,0.07,B ,W ,RT A,CST MARTHA STREET,Dark-Unlighted,Pedestrian,1,,Sun     ,0,0,0,0,0,0,1,0,0,0,0,0,0,0,0,0,0,0,0,0,0,0,0,0,0,37.43009,-90.16616,0,11/03/2019,18:23:00,CRASH OCCURRED AS VEHICLE ONE STRUCK PEDESTRIAN IN ROADWAY
1272673,3190034672,Missouri State Highway Patrol-Troop C,1572739200000,190641044,1,0,0,1,Personal Injury,ST. FRANCOIS,NON-CITY OR UNINCORPORATED,C,3,3,0,2112,0.4,B ,E ,RT Y,PVT FOX FARM CT,Dark-Unlighted,Motor Vehicle in Transport,1,64,Sun     ,0,0,0,0,0,1,1,0,0,0,0,0,0,0,0,1,0,0,0,0,1,0,0,1,0,37.98116,-90.42388,0,11/03/2019,19:04:00,"VEHICLES 1 AND 2 WERE TRAVELING WEST AND VEHICLE 3 WAS TRAVELING EAST, ON ROUTE Y.  DRIVER 1 ATTEMPTED TO PASS VEHICLE 2 ON A CURVE AND THE SIDE OF VEHICLE 1 STRUCK THE FRONT OF VEHICLE 3. VEHICLE 1 OVERTURNED, TRAVELED OFF THE ROADWAY, AND STRUCK A TREE. VEHICLE 3 TRAVELED OFF THE ROADWAY AND VEHICLE 2 STRUCK DEBRIS FROM THE CRASH."
1062429,3190029881,Missouri State Highway Patrol-Troop I,1572739200000,190641158,1,0,1,0,Personal Injury,PHELPS,NON-CITY OR UNINCORPORATED,I,1,1,0,4752,0.9,B ,N,CRD 1210,RT B,Dark-Unlighted,Fixed Object,2,,Sun     ,0,0,0,0,0,1,1,0,0,0,0,0,0,0,0,1,0,0,0,0,0,0,0,0,0,38.06451,-91.574,0,11/03/2019,20:20:00,"OCCURRED AS VEHICLE 1 TRAVELING SOUTHBOUND, CROSSED THE CENTER LINE TRAVELED OFF THE LEFT SIDE OF THE ROADWAY STRIKING A FENCE AND TREES AND OVERTURNED. ASSISTED BY TPR N W SUMMERS (1412)"
1212525,3190031504,Missouri State Highway Patrol-Troop C,1572739200000,190641160,1,0,1,0,Personal Injury,WASHINGTON,NON-CITY OR UNINCORPORATED,C,1,1,0,1848,0.35,A ,N,RT F,CRD WESTVIEW RD,Dark-Unlighted,Fixed Object,2,,Sun     ,0,0,0,0,0,1,1,0,0,0,0,0,0,0,0,0,0,0,0,0,0,0,0,0,0,37.95682,-90.78891,0,11/03/2019,20:25:00,VEHICLE #1 WAS TRAVELING SOUTHBOUND ON HIGHWAY F.  VEHICLE #1 TRAVELED OFF THE EAST ROAD EDGE ON IT'S PASSENGER SIDE.
1222694,3190032511,Missouri State Highway Patrol-Troop C,1572825600000,190641369,4,0,2,2,Personal Injury,ST. LOUIS,PINE LAWN,C,2,2,0,73,0.01,B ,E ,IS 70,ERM EAST IS 70 MILE 2430,Dark-Lighted,Motor Vehicle in Transport,1,61,Sun     ,0,0,0,0,1,0,0,1,0,0,0,0,0,0,0,1,0,0,0,0,0,0,0,0,0,38.7021,-90.26802,0,11/03/2019,23:45:00,BOTH VEHICLES WERE EASTBOUND ON I-70. BOTH VEHICLES TRAVELED OFF THE RIGHT SIDE OF THE ROADWAY AND OVERTURNED. ASSISTED BY CPL. Z. S. WANG (1392)
890621,3190030353,Missouri State Highway Patrol-Troop A,1572825600000,190641424,1,0,1,0,Personal Injury,RAY,WOOD HEIGHTS,A,2,2,0,0,0,AT,E ,MO 10,RT O,Daylight,Motor Vehicle in Transport,1,64,Mon     ,0,0,0,0,0,0,0,1,0,0,0,1,0,0,0,1,0,0,0,0,0,0,0,0,0,39.33906,-94.16412,0,11/04/2019,05:00:00,OCCURRED AS VEH1 FAILED TO STOP AT POSTED STOP SIGN AND STRUCK VEH2 ON PASSENGER SIDE. ASSISTED BY RAY COUNTY DEPUTIES
801092,3190031714,Missouri State Highway Patrol-Troop A,1572825600000,190641502,0,0,0,0,Property Damage,JACKSON,LEES SUMMIT,A,2,2,0,285,0.05,A ,W ,IS 470,ERM WEST IS 470 MILE 60,Daylight,Motor Vehicle in Transport,1,61,Mon     ,0,0,0,0,0,1,1,0,0,0,0,0,0,0,0,1,0,0,0,0,0,0,0,0,0,38.93558,-94.43634,0,11/04/2019,06:53:00,OCCURRED AS VEH1 STRUCK REAR OF VEH2 CAUSING VEH2 TO TRAVEL OFF THE LEFT SIDE OF THE ROADWAY AND STRIKE CONCRETE MEDIAN BARRIER. ASSISTED BY TPR. B. M. MONTGOMERY /1348/
1200839,3190030111,Missouri State Highway Patrol-Troop C,1572825600000,190641639,1,0,1,0,Personal Injury,LINCOLN,MOSCOW MILLS,C,2,2,0,105,0.02,B ,W ,RT C,RP 912534,Daylight,Motor Vehicle in Transport,1,61,Mon     ,0,0,0,0,0,0,0,0,0,1,0,0,0,0,0,1,0,0,0,0,0,0,0,0,0,38.94655,-90.92963,0,11/04/2019,06:20:00,VEHICLE 1 FOLLOWED VEHICLE 2 TO CLOSELY AND STRUCK THE REAR OF VEHICLE 2.
1286963,3190030492,Missouri State Highway Patrol-Troop C,1572825600000,190641933,1,0,1,0,Personal Injury,ST. LOUIS,SUNSET HILLS,C,2,2,0,427,0.08,A ,E ,IS 270,ERM NORTH IS 270 MILE 30,Daylight,Motor Vehicle in Transport,1,61,Mon     ,0,0,0,0,0,0,0,1,0,0,0,0,0,0,0,1,0,0,0,0,1,0,0,1,0,38.51847,-90.38913,0,11/04/2019,09:55:00,VEHICLE 1 WAS TRAVELING IN LANE 3 AND VEHICLE 2 WAS IN LANE 2. DRIVER 2  FAILED TO KEEP HIS VEHICLE IN LANE 2.  VEHICLE 2'S FRONT RIGHT STRUCK THE REAR LEFT OF VEHICLE 1.
1064791,3190030371,Missouri State Highway Patrol-Troop I,1572825600000,190642100,3,0,3,0,Personal Injury,LACLEDE,NON-CITY OR UNINCORPORATED,I,2,2,0,396,0.07,B ,E ,MO 64,PVT MISTY VIEW DRIVE,Daylight,Motor Vehicle in Transport,1,60,Mon     ,0,0,0,0,0,0,0,0,0,0,0,0,0,0,0,0,0,0,0,0,1,0,0,1,0,37.709,-92.8053,0,11/04/2019,11:07:00,OCCURRED AS VEH 1 ATTEMPTED TO MAKE A LEFT TURN INTO PATH OF VEH 2 CAUSING VEH 1 AND VEH 2 TO HIT HEAD ON.
1254069,3190032114,Missouri State Highway Patrol-Troop C,1572825600000,190642215,3,0,3,0,Personal Injury,ST. LOUIS,NON-CITY OR UNINCORPORATED,C,2,2,0,242,0.05,A ,E ,IS 270,ERM EAST IS 270 MILE 304,Daylight,Motor Vehicle in Transport,1,61,Mon     ,0,0,0,0,0,0,1,0,0,0,0,0,0,0,0,1,0,0,1,0,0,0,0,0,0,38.77089,-90.26505,0,11/04/2019,12:05:00,BOTH VEHICLES WERE TRAVELING EB I-270. VEHICLE #2 WAS IN FRONT OF VEHICLE #1 WITH IT'S HAZARDS ON.  VEHICLE #1  STRUCK THE REAR OF VEHICLE #2. ASSISTED BY MSGT J. R. DIFFEE (496)
861235,3190030454,Missouri State Highway Patrol-Troop A,1572825600000,190642439,1,0,0,1,Personal Injury,LAFAYETTE,NON-CITY OR UNINCORPORATED,A,1,1,0,168,0.03,B ,N,CRD SNI-A-BAR RD,CRD BLUE VALLEY RD,Daylight,Fixed Object,2,,Mon     ,0,0,0,0,1,0,1,0,0,0,0,0,0,0,0,1,0,0,0,0,0,0,0,0,0,39.09688,-94.05114,0,11/04/2019,13:43:00,"CRASH OCCURRED AS VEHICLE 1 TRAVELED  OFF THE LEFT SIDE OF THE ROADWAY, STRUCK A TREE AND OVERTURNED. ASSISTED BY TPR. M. J. HANRAHAN /1370/"
1184786,3190029980,Missouri State Highway Patrol-Troop B,1572825600000,190642533,1,0,1,0,Personal Injury,SCHUYLER,QUEEN CITY,B,2,2,0,31,0.01,A ,N,US 63,CST E 10TH STREET,Daylight,Motor Vehicle in Transport,1,60,Mon     ,0,0,0,0,0,0,0,1,1,0,0,1,0,0,0,1,0,0,0,0,1,0,0,1,1,40.41351,-92.56366,0,11/04/2019,14:33:00,VEHICLE 1 TURNING NORTHBOUND ONTO US 63 FROM A CITY STREET AND FAILED TO YIELD TO SOUTHBOUND VEHICLE 2.  VEHICLES STRUCK HEAD-ON.
1201675,3190030401,Missouri State Highway Patrol-Troop C,1572825600000,190642556,1,0,1,0,Personal Injury,LINCOLN,NON-CITY OR UNINCORPORATED,C,1,1,0,2112,0.4,A ,S ,MO 147,CRD WALKER ROAD,Daylight,Fixed Object,2,,Mon     ,0,0,0,0,1,1,1,0,0,0,0,0,0,0,0,1,0,0,0,0,0,0,0,0,0,38.99856,-90.90957,0,11/04/2019,14:53:00,"DRIVER 1 FAILED TO NEGOTIATE A CURVE CAUSING VEHICLE 1 TO TRAVEL OFF THE LEFT SIDE OF THE ROADWAY AND STRUCK A TREE,"
1272672,3190030788,Missouri State Highway Patrol-Troop C,1572825600000,190642749,2,0,2,0,Personal Injury,ST. FRANCOIS,NON-CITY OR UNINCORPORATED,C,4,4,0,168,0.03,B ,N,US 67,CO US 67 TO CRD BERRY RD,Dark-Unlighted,Other Non Collision,1,,Mon     ,0,0,0,0,0,0,0,1,1,0,0,0,0,0,0,0,0,0,1,0,1,0,0,1,1,37.98358,-90.53251,0,11/04/2019,18:10:00,"VEHICLES 1, 2, AND 3 WERE TRAVELING NORTHBOUND ON US-67. VEHICLE 1'S TRAILER LOST TWO LEFT REAR TIRES. VEHICLE 2 STRUCK ONE OF THE TIRES AND TRAVELED OFF THE LEFT SIDE OF THE ROADWAY. DRIVER 3 SWERVED RIGHT AND TRAVELED OFF THE RIGHT SIDE OF THE ROADWAY. VEHICLE 4 WAS TRAVELING SOUTHBOUND ON US 67 AND IMPACTED ONE OF THE LOST TIRES FROM VEHICLE 1, WHICH CROSSED THE MEDIAN AND CAME TO REST IN THE SOUTHBOUND LANES."
1303575,3190030237,Missouri State Highway Patrol-Troop C,1572825600000,190642828,1,0,1,0,Personal Injury,ST. LOUIS,NORMANDY,C,2,2,Y,153,0.03,B ,E ,IS 70,ERM EAST IS 70 MILE 2408,Dark-Lighted,Motor Vehicle in Transport,1,63,Mon     ,,,,,,,,,,0,0,0,0,0,0,,0,0,,0,1,0,0,1,0,38.71939,-90.30172,0,11/04/2019,17:00:00,"BOTH VEHICLES WERE EASTBOUND ON I-70. VEHICLE 1 WAS IN LANE 3 AND VEHICLE 2 WAS IN LANE 2. DRIVER 2 MADE AN UNSAFE LANE CHANGE INTO LANE 3. VEHICLE 2 STRUCK THE LEFT SIDE REAR OF VEHICLE 1.  DRIVER 1 LOST CONTROL OF VEHICLE 1, RAN OFF THE LEFT SIDE OF THE ROADWAY, AND STRUCK A CONCRETE MEDIAN."
1175166,3190030606,Missouri State Highway Patrol-Troop B,1572825600000,190642873,1,0,0,1,Personal Injury,MARION,NON-CITY OR UNINCORPORATED,B,2,2,0,681,0.13,A ,W ,US 36,SOR 24,Dark-Unlighted,Motor Vehicle in Transport,2,61,Mon     ,0,0,0,0,0,0,0,0,0,0,0,0,0,0,0,1,0,0,0,0,1,0,0,0,1,39.68605,-91.63574,0,11/04/2019,17:30:00,"VEHICLE 2 WAS SLOWING TO MAKE A RIGHT TURN AND VEHICLE 1 STRUCK THE BACK OF VEHICLE 2.  ASSISTED BY TPR. JOHNSON 896, MARION COUNTY SHERIFF'S OFFICE, AND  MONROE CITY FIRE DEPARTMENT."
1142180,3190029858,Missouri State Highway Patrol-Troop E,1572825600000,190643280,1,0,1,0,Personal Injury,BUTLER,NON-CITY OR UNINCORPORATED,E,1,1,0,343,0.06,B ,S ,RP 1037420,US 67,Dark-Unlighted,Animal,1,,Mon     ,0,0,0,0,0,0,0,0,0,0,0,0,0,0,0,0,0,0,0,0,0,0,0,0,0,36.78591,-90.45152,0,11/04/2019,22:25:00,CRASH OCCURRED AS VEHICLE 1 STRUCK AN ANIMAL IN THE ROADWAY.
882199,3190030172,Missouri State Highway Patrol-Troop A,1572912000000,190643310,1,0,1,0,Personal Injury,BATES,NON-CITY OR UNINCORPORATED,A,1,1,0,1584,0.3,A ,S ,RT M,RT B,Dark-Unlighted,Animal,1,,Mon     ,0,0,0,0,0,0,0,0,0,0,0,0,0,0,0,0,0,0,0,0,0,0,0,0,0,38.087,-94.14711,0,11/04/2019,23:20:00,CRASH OCCURRED AS VEHICLE 1 STRUCK A COW IN THE ROADWAY
1255067,3190030044,Missouri State Highway Patrol-Troop C,1572912000000,190643355,1,0,1,0,Personal Injury,JEFFERSON,NON-CITY OR UNINCORPORATED,C,1,1,0,327,0.06,A ,N,RT V,PVT SADDLE CREED RD,Dark-Unlighted,Fixed Object,2,,Tue     ,0,0,0,0,1,0,1,0,0,0,0,0,0,0,0,1,0,0,0,0,1,0,0,1,0,38.07613,-90.52974,0,11/05/2019,00:40:00,"VEHICLE 1 WAS TRAVELING SOUTHBOUND ON ROUTE V, TRAVELED OFF THE LEFT SIDE OF THE ROADWAY, AND STRUCK A UTILITY POLE."
1253459,3190029986,Missouri State Highway Patrol-Troop C,1572912000000,190643399,1,0,1,0,Personal Injury,FRANKLIN,NON-CITY OR UNINCORPORATED,C,1,1,0,184,0.03,A ,E ,MO 100,CST FOREST DR,Dark-Unlighted,Fixed Object,2,,Tue     ,0,0,0,0,1,0,0,0,0,0,0,0,0,0,0,1,0,0,0,0,0,0,0,0,0,38.50567,-90.79356,0,11/05/2019,04:55:00,VEHICLE 1 TRAVELED OFF THE RIGHT SIDE OF THE ROADWAY AND STRUCK A UTILITY POLE.
1133579,3190029800,Missouri State Highway Patrol-Troop E,1572912000000,190643448,2,0,2,0,Personal Injury,RIPLEY,NON-CITY OR UNINCORPORATED,E,3,3,0,1103,0.21,B ,E ,US 160,CRD 160E-24,Daylight,Animal,1,,Tue     ,0,0,0,0,0,1,1,1,0,0,0,0,0,0,0,0,0,0,0,0,0,0,0,0,0,36.6627,-90.62277,0,11/05/2019,06:15:00,CRASH OCCURRED AS VEHICLE 1 STRUCK A DEER. VEHICLE 1 CROSSED CENTER OF ROADWAY AND STRUCK VEHICLE 2. VEHICLE 3 STRUCK VEHICLE 2.
866086,3190031647,Missouri State Highway Patrol-Troop A,1572912000000,190643671,1,1,1,0,Fatal,CLAY,NON-CITY OR UNINCORPORATED,A,3,3,0,179,0.03,A ,S ,CRD OLD QUARRY RD,CRD 152ND ST,Daylight,Motor Vehicle in Transport,1,60,Tue     ,1,1,0,0,1,1,1,1,0,0,0,0,0,0,0,1,0,0,0,0,1,0,0,1,1,39.36731,-94.26291,1,11/05/2019,07:45:00,"***FATAL CRASH***NEXT OF KIN NOTIFIED*** - TROOP A FATAL CRASH #53, FATALITY #59.  PRONOUNCED AT 0800 ON SCENE BY FIRE CHEIF JEREMIAH TITUS -- CRASH OCCURRED AS VEHICLE 1 AND 3 WERE TRAVELING NORTHBOUND. VEHICLE 1 ATTEMPTED TO PASS VEHICLE 3 ON THE HILLCREST AND STRUCK VEHICLE 2, WHICH WAS SOUTHBOUND, HEAD ON. VEHICLE 1 WAS THEN PUSHED SIDEWAYS ACROSS THE NORTHBOUND LANE INTO THE PATH OF VEHICLE 3. VEHICLE 2 CONTINUED SOUTHBOUND AND STRUCK THE SIDE OF VEHICLE 3, WHILE VEHICLE 3 STRUCK THE SIDE OF VEHICLE 1. ASSISTED BY MSGT. B. A. KUMPF /994/, SGT. M. R. SCHMIDT /1114/, CPL. J. A. GREEN /1190/, TPR. C. A. ADKISON /530/, AND TPR. Z. D. THOMAS /391/"
916837,3190030277,Missouri State Highway Patrol-Troop D,1572912000000,190643726,1,0,1,0,Personal Injury,JASPER,NON-CITY OR UNINCORPORATED,D,1,1,0,1293,0.24,B ,E ,CST W 20TH ST,PVT PRIVATE ENTRANCE,Daylight,Animal,1,,Tue     ,0,0,0,0,0,0,0,0,0,0,0,0,0,0,0,0,0,0,0,0,0,1,0,0,0,37.07096,-94.59679,0,11/05/2019,08:26:00,ACCIDENT OCCURRED AS VEH #1 WAS EASTBOUND WHEN A DEER CROSSED IN VEH'S PATH AND VEH STRUCK THE DEER
1133580,3190029834,Missouri State Highway Patrol-Troop E,1572912000000,190643756,2,0,2,0,Personal Injury,RIPLEY,NON-CITY OR UNINCORPORATED,E,2,2,0,179,0.03,B ,E ,US 160,CRD 160W-17,Daylight,Motor Vehicle in Transport,1,61,Tue     ,0,0,0,0,0,0,0,0,0,0,0,0,0,0,0,0,0,0,0,0,0,0,0,0,0,36.65166,-91.04138,0,11/05/2019,08:40:00,CRASH OCCURRED AS VEHICLE 2 WAS STOPPING FOR A COW IN THE ROADWAY. VEHICLE 1 BEGAN SLIDING AND STRUCK VEHICLE 2 IN THE REAR.
1056846,3190030160,Missouri State Highway Patrol-Troop I,1572912000000,190643769,2,0,0,2,Personal Injury,CRAWFORD,BOURBON,I,1,1,0,461,0.09,B ,E ,IS 44,ERM EAST IS 44 MILE 2176,Daylight,Overturn,1,,Tue     ,0,0,0,0,0,0,0,0,0,0,0,0,0,0,0,0,0,0,0,0,0,0,0,0,0,38.14297,-91.26865,0,11/05/2019,08:44:00,OCCURRED AS AN UNKNOWN VEHICLE BEGAN TO CHANGE LANES CAUSING DRIVER 1 TO SWERVE. VEH 1 TRAVELED OFF THE ROADWAY AND OVERTURNED.
885971,3190029852,Missouri State Highway Patrol-Troop A,1572912000000,190643788,1,0,1,0,Personal Injury,CASS,NON-CITY OR UNINCORPORATED,A,1,1,0,528,0.1,B ,E ,CRD 175TH,CRD ROLLING HILLS RD,Daylight,Fixed Object,2,,Tue     ,0,0,0,0,0,0,0,0,0,0,0,0,0,0,0,0,0,0,0,0,0,0,0,0,0,38.81078,-94.6001,0,11/05/2019,08:45:00,OCCURRED AS VEH1 TRAVELED OFF THE RIGHT SIDE OF THE RD AND STRUCK AN EMBANKMENT. ASSISTED BY CPL. D. A. JONES /854/ AND BELTON.
1503825,3190031176,Missouri State Highway Patrol-Troop H,1572912000000,190644191,1,0,1,0,Personal Injury,BUCHANAN,ST JOSEPH,H,1,1,0,200,0.04,B ,N,US 59,CST COUNTY LINE RD NE,Daylight,Fixed Object,2,,Tue     ,0,0,0,0,1,0,1,0,0,0,0,0,0,0,0,1,0,0,0,0,1,0,0,1,1,39.82056,-94.83428,0,11/05/2019,11:27:00,"CRASH OCCURRED AS VEHICLE 1 WAS NORTHBOUND ON US-59 IN BUCHANAN COUNTY.  VEHICLE 1 TRAVELED OFF THE SOUTH SIDE OF THE ROADWAY, TRAVELED THROUGH SEVERAL YARDS AND CROSSED COUNTY LINE ROAD.  VEHICLE 1 STRUCK AN EMBANKMENT, AND CAME TO REST ON ITS WHEELS, FACING EAST.  ASSISTED BY LT S. P. SKOGLUND (101), LT W. S. SIMS (53), LT M. A. OTT (54), CPL A. J. WEBB (851), TPR J. H. HIRNER (819), ANDREW COUNTY SHERIFF'S DEPARTMENT, COUNTRY CLUB VILLAGE POLICE DEPARTMENT."
1324598,3190030766,Missouri State Highway Patrol-Troop G,1572998400000,190644258,1,0,1,0,Personal Injury,HOWELL,NON-CITY OR UNINCORPORATED,G,1,1,0,1452,0.27,B ,S ,MO 17,CRD 2660,Daylight,Overturn,2,,Wed     ,0,0,0,0,0,0,0,0,0,0,0,0,0,0,0,0,0,0,0,0,0,0,0,0,0,36.93777,-91.76489,0,11/06/2019,11:53:00,VEHICLE TRAVELED OFF ROADWAY AND OVERTURNED
1286139,3190032308,Missouri State Highway Patrol-Troop C,1572912000000,190644396,1,0,1,0,Personal Injury,ST. FRANCOIS,FARMINGTON,C,1,1,0,15,0,A ,N,RT H,CST STONO MT,Daylight,Fixed Object,2,,Tue     ,0,0,0,0,0,0,1,0,0,0,0,0,0,0,0,0,0,0,0,0,1,0,0,1,0,37.76609,-90.41992,0,11/05/2019,12:50:00,VEHICLE 1 TRAVELED OFF THE RIGHT SIDE OF THE ROADWAY.  DRIVER 1 OVERCORRECTED CAUSING VEHICLE 1 TO OVERTURN.
1254047,3190029978,Missouri State Highway Patrol-Troop C,1572912000000,190644843,1,0,1,0,Personal Injury,ST. LOUIS,NON-CITY OR UNINCORPORATED,C,2,2,0,47,0.01,A ,S ,IS 55,RP 904801,Daylight,Motor Vehicle in Transport,1,61,Tue     ,0,0,0,0,0,0,0,1,0,0,0,0,0,0,0,1,0,0,0,0,1,0,0,1,1,38.5483,-90.28789,0,11/05/2019,15:50:00,BOTH VEHICLES WERE TRAVELING SOUTH ON 55 NORTH OF BAYLESS IN LANE 1. VEHICLE 1 SLOWED FOR CONGESTED TRAFFIC AHEAD. VEHICLE 2 FAILED TO SLOW AND ATTEMPTED TO CHANGE LANES. THE FRONT OF VEHICLE 2 STRUCK THE REAR OF VEHICLE 1.
1272675,3190030668,Missouri State Highway Patrol-Troop C,1572912000000,190645166,1,0,1,0,Personal Injury,ST. FRANCOIS,NON-CITY OR UNINCORPORATED,C,2,1,0,923,0.17,A ,N,RT EE,PVT QUAIL RUN RD,Dark-Unlighted,Pedalcycle,1,,Tue     ,0,0,0,0,0,1,1,0,0,0,0,0,0,0,0,0,1,0,0,0,0,0,0,0,0,37.8126,-90.38445,0,11/05/2019,18:21:00,"BOTH VEHICLES WERE TRAVELING EAST ON ROUTE EE. VEHICLE ONE STRUCK THE REAR OF VEHICLE TWO, CAUSING DRIVER TWO TO BE EJECTED."
885969,3190030828,Missouri State Highway Patrol-Troop A,1572912000000,190645302,2,0,2,0,Personal Injury,CASS,NON-CITY OR UNINCORPORATED,A,2,2,0,3,0,A ,N,IS 49,BRIDGE G0485,Dark-Unlighted,Motor Vehicle in Transport,1,63,Tue     ,,,,,,0,0,1,0,0,0,0,0,0,0,,0,0,,0,1,0,0,1,1,38.66597,-94.39854,0,11/05/2019,19:45:00,CRASH OCCURRED AS VEHICLE  1 WAS OVERTAKING VEHICLE 2 AND FRONT LEFT CORNER OF VEHICLE 2 COLLIDED WITH THE REAR OF VEHICLE 1. VEHICLE 1 SLID OFF RIGHT SIDE OF ROADWAY AND STRUCK A CONCRETE BRIDGE. VEHICLE 2 WAS DRIVEN TO A CONTROLLED STOP ON SHOULDER. ASSISTED BY CASS COUNTY FIRE PROTECTION DISTRICT
1249298,3190031029,Missouri State Highway Patrol-Troop C,1572998400000,190645586,1,0,1,0,Personal Injury,STE. GENEVIEVE,NON-CITY OR UNINCORPORATED,C,1,1,0,72,0.01,B ,N,IS 55,ERM NORTH IS 55 MILE 1518,Dark-Unlighted,Overturn,2,,Wed     ,1,0,0,0,0,0,0,0,0,0,0,0,0,0,0,1,0,0,0,0,0,0,0,0,0,37.94851,-90.14471,0,11/06/2019,00:43:00,"VEHICLE 1 TRAVELED OFF THE LEFT SIDE OF THE ROADWAY, RETURNED TO THE ROADWAY, AND OVERTURNED."
885967,3190031164,Missouri State Highway Patrol-Troop A,1572998400000,190645805,1,0,0,1,Personal Injury,CASS,NON-CITY OR UNINCORPORATED,A,1,1,0,3168,0.6,B ,N,RT O,CRD 307TH STREET,Daylight,Overturn,2,,Wed     ,0,1,0,0,0,0,0,1,0,0,0,0,0,0,0,1,0,0,0,0,0,0,0,0,0,38.55396,-94.50867,0,11/06/2019,07:35:00,"CRASH OCCURRED AS VEHICLE #1 TRAVELED OFF THE RIGHT SIDE OF THE ROADWAY, DRIVER OVERCORRECTED, AND RETURNED TO THE ROADWAY. VEHICLE #1 THEN TRAVELED ACROSS THE CENTER OF THE ROAD, OFF THE LEFT SIDE OF THE ROADWAY, AND OVERTURNED. VEHICLE #1 REACHED FINAL REST OFF THE ROADWAY, ON ITS DRIVER'S SIDE, FACING EAST. ASSISTED BY TPR. B.R. PETERS /1384/ AND CASS COUNTY SHERIFF'S DEPARTMENT."
1272674,3190032454,Missouri State Highway Patrol-Troop C,1572998400000,190645844,1,0,1,0,Personal Injury,ST. FRANCOIS,NON-CITY OR UNINCORPORATED,C,1,1,0,4224,0.8,B ,W ,RT NN,BRIDGE A0181,Daylight,Fixed Object,2,,Wed     ,0,0,0,0,1,0,0,0,0,0,0,0,0,0,0,1,0,0,0,0,0,0,0,0,0,37.70819,-90.57319,0,11/06/2019,07:50:00,"VEHICLE 1 WAS TRAVELING TOO FAST FOR CONDITIONS.  VEHICLE 1 TRAVELED OFF THE LEFT SIDE OF THE ROADWAY, STRUCK AN EMBANKMENT, AND OVERTURNED."
1142182,3190030117,Missouri State Highway Patrol-Troop E,1572998400000,190646438,1,0,1,0,Personal Injury,BUTLER,NON-CITY OR UNINCORPORATED,E,2,2,0,1082,0.2,B ,W ,US 60,BRIDGE A3707,Daylight,Motor Vehicle in Transport,1,61,Wed     ,0,0,0,0,1,0,1,0,0,0,0,0,0,0,0,1,0,0,0,0,1,0,0,1,0,36.79078,-90.2401,0,11/06/2019,12:49:00,STATE PROPERTY DAMAGE - CRASH OCCURRED AS VEHICLE ONE STRUCK THE REAR OF VEHICLE TWO. VEHICLE ONE TRAVELED OFF THE RIGHT SIDE OF THE ROADWAY AND STRUCK A TRAFFIC BARRIER FENCE. CAUSING DAMAGE TO 30 FEET OF FENCE.
877157,3190031891,Missouri State Highway Patrol-Troop A,1572998400000,190646568,1,0,1,0,Personal Injury,JOHNSON,NON-CITY OR UNINCORPORATED,A,2,2,0,242,0.05,A ,E ,US 50,CRD NW 151,Daylight,Motor Vehicle in Transport,1,61,Wed     ,0,0,0,0,0,0,0,1,1,0,0,0,0,0,0,1,0,0,0,0,1,0,0,1,0,38.77607,-93.77188,0,11/06/2019,13:47:00,CRASH OCCURRED AS VEH 1 OVER TOOK AND STRUCK THE REAR OF VEH 2.  ASSISTED BY SGT K M FISHER/399 AND CPL A S CRAIG /477
885970,3190030390,Missouri State Highway Patrol-Troop A,1572998400000,190646694,1,0,1,0,Personal Injury,CASS,NON-CITY OR UNINCORPORATED,A,2,2,0,92,0.02,B ,W ,MO 58,CRD WALKER ESTATES RD,Daylight,Motor Vehicle in Transport,1,61,Wed     ,0,0,0,0,0,1,1,0,0,0,0,0,0,0,0,1,0,0,0,0,0,0,0,0,0,38.78243,-94.29144,0,11/06/2019,14:35:00,"THE CRASH OCCURRED WHEN VEHICLE #1 STOPPED IN THE ROADWAY AS A SCHOOL BUS TURNED NORTH ONTO WALKER ESTATES ROAD. VEHICLE #2, IN AN ATTEMPT TO AVOID VEHICLE #1, CROSSED THE CENTER OF THE ROADWAY, TRAVELED BACK INTO THE RIGHT LANE AND STRUCK VEHICLE #1 ON ITS REAR, CAUSING VEHICLE #1 TO CROSS THE CENTER OF THE ROADWAY, TRAVEL OFF THE LEFT SIDE OF THE ROADWAY AND STRIKE A FENCE, BEFORE COMING TO FINAL REST FACING SOUTHWEST IN A FIELD.  VEHICLE #2 CONTINUED PARTIALLY OFF THE RIGHT SIDE OF THE ROADWAY AND CAME TO FINAL REST FACING NORTH PARTIALLY BLOCKING THE RIGHT LANE."