objectid,accident,agency,inv_date,complaint,injured,killed,min_inj,dis_inj,severity,county,city,troop,no_vehicle,motor_veh,left_scene,dist_feet,dist_mile,inter_loc,direction,on_street,at_street,light_cond,acc_type,on_off_rd,two_veh,day_week,dr_drink,dr_drug,ped_drink,ped_drug,speed,dr_under21,dr_under25,dr_over55,dr_over64,electrical,emer_veh,stop_sign,yield_sign,czone,hazmat,aggressive,cell_phone,texting,veh_defect,school_bus,truck,motorcycle,atv,pickup,cmv,gps_lat,gps_long,severity_fatal,acc_date,acc_time,narrative
877156,3190031892,Missouri State Highway Patrol-Troop A,1572998400000,190646800,2,0,2,0,Personal Injury,JOHNSON,NON-CITY OR UNINCORPORATED,A,1,1,0,2180,0.41,B ,W ,CRD SE 200,CRD SE 201,Daylight,Fixed Object,2,,Wed     ,0,0,0,0,1,1,1,0,0,0,0,0,0,0,0,1,0,0,0,0,0,0,0,0,0,38.72976,-93.70046,0,11/06/2019,15:38:00,"CRASH OCCURRED AS VEH 1 BEGAN TO SLIDE, CROSSED CENTER LINE, STRUCK AND EMBANKMENT AND OVERTURNED.  VEH 1 CAME TO REST ON ITS TOP IN ROADWAY"
929214,3190031100,Missouri State Highway Patrol-Troop D,1572998400000,190646889,1,0,1,0,Personal Injury,STONE,NON-CITY OR UNINCORPORATED,D,1,1,0,770,0.15,A ,E ,MO 76,CRD OLD HIGHWAY 76 RD,Daylight,Fixed Object,2,,Wed     ,0,0,0,0,1,0,0,0,0,0,0,0,0,0,0,1,0,0,0,0,0,0,0,0,0,36.67361,-93.31199,0,11/06/2019,16:12:00,"VEHICLE #1 TRAVELED OFF THE ROADWAY, STRUCK AN EMBANKMENT AND OVERTURNED, COMING TO REST ON ITS WHEELS."
1193931,3190030516,Missouri State Highway Patrol-Troop F,1572998400000,190646912,1,0,0,1,Personal Injury,CALLAWAY,NON-CITY OR UNINCORPORATED,F,1,1,0,528,0.1,B ,E ,IS 70,ERM EAST IS 70 MILE 1420,Daylight,Overturn,2,,Wed     ,0,0,0,0,0,0,0,1,1,0,0,0,0,0,0,1,0,0,0,0,1,0,0,1,0,38.95229,-92.05327,0,11/06/2019,16:25:00,"OCCURRED AS VEHICLE 1 TRAVELED OFF THE LEFT SIDE OF THE ROADWAY, CAUSING DRIVER 1 TO OVERCORRECT AND VEHICLE 1 TO TRAVEL BACK ONTO THE ROADWAY THEN OFF THE RIGHT SIDE OF THE ROADWAY AND OVERTURN."
939678,3190031106,Missouri State Highway Patrol-Troop D,1572998400000,190647019,1,0,1,0,Personal Injury,CHRISTIAN,NON-CITY OR UNINCORPORATED,D,2,2,0,1953,0.37,A ,E ,MO 14,CRD BRADEN RD,Daylight,Motor Vehicle in Transport,1,60,Wed     ,0,0,0,0,0,0,0,1,0,0,0,0,0,0,0,0,0,0,0,0,1,0,0,1,0,37.01345,-93.00658,0,11/06/2019,17:15:00,NR1 STRUCK PARKED NR2 IN THE ROADWAY WHICH PUSHED NR2 INTO PEDESTRIAN
1255090,3190032863,Missouri State Highway Patrol-Troop C,1572998400000,190647026,1,0,1,0,Personal Injury,JEFFERSON,NON-CITY OR UNINCORPORATED,C,2,2,Y,538,0.1,B ,N,MO 21,ERM NORTH MO 21 MILE 1798,Dark-Unlighted,Motor Vehicle in Transport,1,61,Wed     ,0,0,0,0,0,0,0,0,0,0,0,0,0,0,0,1,0,0,0,0,0,0,0,0,0,38.40468,-90.49726,0,11/06/2019,17:20:00,BOTH VEHICLES WERE NORTHBOUND ON HIGHWAY 21.  VEHICLE 2 STRUCK THE REAR OF VEHICLE 1.  BOTH VEHICLES THEN TRAVELED OFF THE RIGHT SIDE OF THE ROADWAY.  VEHICLE 1 THEN OVERTURNED.
1018260,3190030397,Missouri State Highway Patrol-Troop D,1572998400000,190647062,2,0,2,0,Personal Injury,NEWTON,NON-CITY OR UNINCORPORATED,D,3,3,0,0,0,AT,W ,US 60,CRD IBEX,Dark-Unlighted,Motor Vehicle in Transport,1,64,Wed     ,0,0,0,0,0,0,1,1,0,0,0,0,0,0,0,1,0,0,0,0,1,0,0,1,0,36.83844,-94.44616,0,11/06/2019,17:30:00,"CRASH OCCURRED AS VEHICLE 1 MADE A LEFT TURN INTO THE PATH OF VEHICLE 2, VEHICLE 2 STRUCK VEHICLE 1, VEHICLE 2 THEN CROSSED CENTER LINE STRIKING VEHICLE 3."
1170490,3190030885,Missouri State Highway Patrol-Troop F,1572998400000,190647085,2,0,2,0,Personal Injury,MORGAN,NON-CITY OR UNINCORPORATED,F,2,2,0,459,0.09,A ,W ,MO 52,CRD HONEY BEE LN,Dark-Unlighted,Motor Vehicle in Transport,1,64,Wed     ,0,0,0,0,0,0,0,1,1,0,0,0,0,0,0,1,0,0,0,0,1,0,0,1,0,38.43117,-92.88037,0,11/06/2019,17:55:00,VEHICLE 1 CROSSED INTO PATH OF VEHICLE 2 WHILE TURNING. VEHICLE 1 TRAVELED PARTIALLY ROADWAY AND CAME TO REST IN WESTBOUND LANE. VEHICLE 2 CAME TO REST OF NORTH SIDE OFF ROADWAY. ASSISSTED BY MORGAN COUNTY SHERIFF'S OFFICE.
1113372,3190030726,Missouri State Highway Patrol-Troop E,1572998400000,190647327,1,0,1,0,Personal Injury,DUNKLIN,NON-CITY OR UNINCORPORATED,E,1,1,0,1404,0.27,A ,W ,US 62,CRD 305,Dark-Unlighted,Fixed Object,2,,Wed     ,0,0,0,0,1,0,0,0,0,0,0,0,0,0,0,1,0,0,0,0,0,0,0,0,0,36.47627,-90.10278,0,11/06/2019,21:10:00,VEH1 LOST CONTROL AND RAN OFF THE ROADWAY.
1186937,3190032129,Missouri State Highway Patrol-Troop F,1573084800000,190647492,1,0,1,0,Personal Injury,BOONE,NON-CITY OR UNINCORPORATED,F,1,1,0,232,0.04,A ,E ,IS 70,ERM EAST IS 70 MILE 1192,Dark-Unlighted,Animal,1,,Thu     ,0,0,0,0,0,0,0,0,0,0,0,0,0,0,0,0,0,0,0,0,0,0,0,0,0,38.97273,-92.46923,0,11/07/2019,02:32:00,OCCURRED AS VEHICLE 1 STRUCK A DEER IN THE ROADWAY AND CAME TO A CONTROLLED STOP ON THE SHOULDER.
1188873,3190030168,Missouri State Highway Patrol-Troop B,1573084800000,190647510,1,0,1,0,Personal Injury,ADAIR,NON-CITY OR UNINCORPORATED,B,1,1,0,892,0.17,B ,S ,MO 11,CRD YARROW TRL,Dark-Unlighted,Fixed Object,2,,Thu     ,0,1,0,0,0,0,0,0,0,0,0,0,0,0,0,1,0,0,0,0,0,0,0,0,0,40.12494,-92.65508,0,11/07/2019,03:45:00,"DRIVER TRAVELED OFF THE LEFT SIDE OF THE ROAD, DOWN AN EMBANKMENT AND THE VEHICLE OVERTURNED. ASSISTED BY THE ADAIR COUNTY SHERIFF'S DEPARTMENT, KIRKSVILLE FIRE DEPARTMENT AND KIRKSVILLE AMBULANCE."
1328106,3190030951,Missouri State Highway Patrol-Troop G,1573084800000,190647718,3,0,3,0,Personal Injury,OZARK,NON-CITY OR UNINCORPORATED,G,2,2,0,21,0,B ,S ,MO 5,RT A,Daylight,Motor Vehicle in Transport,1,61,Thu     ,0,0,0,0,0,0,0,1,1,0,0,0,0,0,0,1,0,0,0,1,0,0,0,0,1,36.75848,-92.55066,0,11/07/2019,07:30:00,ACCIDENT OCCURRED AS VEH # 2 WAS STATIONARY WITH LIGHTS ACTIVATED AND STOP ARM EXTENDED WHEN VEH #1 IMPACTED REAR OF VEH #2.
848904,3190030927,Missouri State Highway Patrol-Troop A,1573084800000,190647810,1,0,1,0,Personal Injury,SALINE,NON-CITY OR UNINCORPORATED,A,1,1,0,304,0.06,A ,W ,IS 70,ERM WEST IS 70 MILE 712,Daylight,Fixed Object,2,,Thu     ,0,0,0,0,0,0,0,0,0,0,0,0,0,0,0,1,0,0,0,0,0,0,0,0,0,38.97382,-93.3378,0,11/07/2019,08:15:00,"CRASH OCCURRED AS VEHICLE 1 WAS TRAVELING WESTBOUND ON INTERSTATE 70. VEHICLE 1 TRAVELED OFF THE LEFT SIDE OF THE ROAD, OVERCORRECTED AND RETURNED TO THE ROADWAY. VEHICLE 1 SKIDDED OFF THE RIGHT SIDE OF THE ROAD, IMPACTED THE GROUND AND OVERTURNED. VEHICLE 1 CAME TO FINAL REST ON ITS TOP FACING SOUTH.   ASSISTED BY MSGT. A.V. DILLON/990/, CPL. T.A. BAXTER/297, TPR. T.A. HARTSHORN/656/. TPR. A.J. FOSS/820/"
799402,3190033148,Missouri State Highway Patrol-Troop A,1573084800000,190647817,2,1,2,0,Fatal,JACKSON,LEES SUMMIT,A,3,3,0,88,0.02,A ,W ,IS 470,ERM SOUTH IS 470 MILE 100,Daylight,Overturn,2,,Thu     ,0,1,0,0,1,0,0,0,0,0,0,0,0,0,0,1,0,0,0,0,0,0,0,0,0,38.94608,-94.36498,1,11/07/2019,08:15:00,"FATALITY CRASH - NEXT OF KIN NOTIFIED - TROOP A FATAL CRASH #54 AND FATALITY #60 FOR 2019 - CRASH OCCURRED AS VEHICLE1 WAS TRAVELING WESTBOUND ON I470. VEHICLE1 TRAVELED OF THE LEFT SIDE OF THE ROAD AND BECAME AIRBORNE, STRUCK EASTBOUND VEHICLE2, THEN TRAVELED OFF THE ROAD AND OVERTURNED. EASTBOUND VEHICLE3 THEN STRUCK THE REAR OF VEHICLE2. DRIVER1 PRONOUNCED ON SCENE AT 0825 BY PARAMEDIC HAROLD STERNE. ASSISTED BY MCIU CPL R V MCCORMICK /1181/, MCIU SGT H A SEARS /1200/, TPR A D LINDGREN /665/, CPL C S KUTZNER /462/, CPL A A ENGELHART /247/, TPR B W MONTGOMERY /1348/, TPR W J LUZENKO /1340/, LEE'S SUMMIT POLICE DEPARTMENT, MODOT SCOUT, LEES SUMMIT FIRE AND EMS PERSONNEL."
1204754,3190030370,Missouri State Highway Patrol-Troop F,1573084800000,190648182,1,0,1,0,Personal Injury,COOPER,NON-CITY OR UNINCORPORATED,F,1,1,0,929,0.18,A ,N,MO 5,CRD WALLACE ROAD,Daylight,Animal,1,,Thu     ,0,0,0,0,0,0,0,0,0,0,0,0,0,0,0,0,0,0,0,0,0,0,0,0,0,38.78334,-92.85593,0,11/07/2019,10:15:00,"VEHICLE 1 STRUCK A DEER. THE DEER ENTERED THE VEHICLE THROUGH THE WINDSHIELD. ASSISTED BY COOPER COUNTY SHERIFF'S OFFICE, COOPER COUNTY EMS, AND TIPTON POLICE DEPARTMENT."
1204455,3190030916,Missouri State Highway Patrol-Troop C,1573084800000,190648566,1,0,1,0,Personal Injury,PERRY,NON-CITY OR UNINCORPORATED,C,1,1,0,15,0,A ,N,RT B,BRIDGE X0074,Daylight,Fixed Object,2,,Thu     ,0,0,0,0,1,1,1,0,0,0,0,0,0,0,0,1,0,0,0,0,0,0,0,0,0,37.67192,-89.85725,0,11/07/2019,12:50:00,VEHICLE 1 TRAVELED OFF THE LEFT SIDE OF THE ROADWAY AND OVERTURNED.
1181192,3190031947,Missouri State Highway Patrol-Troop B,1573084800000,190648599,1,0,1,0,Personal Injury,RANDOLPH,NON-CITY OR UNINCORPORATED,B,2,2,0,120,0.02,B ,E ,US 24,CRD 1450,Daylight,Motor Vehicle in Transport,1,64,Thu     ,0,0,0,0,0,0,0,1,0,0,0,0,0,0,1,0,0,0,0,0,1,0,0,1,1,39.45163,-92.39996,0,11/07/2019,13:13:00,"VEHICLE 1 TURNED ONTO US-24 FROM COUNTY ROAD 1450 AND STRUCK EASTBOUND VEHICLE 2. ASSISTED BY MSGT. MATTINGLY #587, THE RANDOLPH COUNTY SHERIFF'S DEPARTMENT AND RANDOLPH COUNTY AMBULANCE DISTRICT."
1255095,3190032142,Missouri State Highway Patrol-Troop C,1573084800000,190648717,1,0,1,0,Personal Injury,JEFFERSON,NON-CITY OR UNINCORPORATED,C,2,2,Y,533,0.1,A ,W ,RT MM,PVT CALICO LN,Daylight,Motor Vehicle in Transport,1,62,Thu     ,0,0,0,0,0,0,0,0,0,0,0,0,0,0,0,1,0,0,0,0,1,0,0,1,0,38.40034,-90.55341,0,11/07/2019,13:50:00,VEHICLE 1 WAS TRAVELING WESTBOUND AND VEHICLE 2 WAS TRAVELING EASTBOUND ON HIGHWAY MM.  VEHICLE 2 CROSSED THE CENTER LINE AND LEFT SIDE OF VEHICLE 2 STRUCK LEFT SIDE OF VEHICLE 1.
1255097,3190030734,Missouri State Highway Patrol-Troop C,1573084800000,190649006,1,0,1,0,Personal Injury,JEFFERSON,NON-CITY OR UNINCORPORATED,C,2,2,0,0,0,AT,E ,MO 110,CRD FOUNTAIN CITY RD WJ,Daylight,Motor Vehicle in Transport,1,64,Thu     ,0,0,0,0,0,0,0,1,1,0,0,1,0,0,0,1,0,0,0,0,1,0,0,1,1,38.15202,-90.54023,0,11/07/2019,15:25:00,"VEHICLE #1 WAS TRAVELING SOUTHBOUND FROM FOUNTAIN CITY ROAD, CROSSING MISSOURI 110.  VEHICLE #2 WAS TRAVELING EASTBOUND ON MISSOURI 110.  THE FRONT OF VEHICLE #1 STRUCK THE DRIVER'S SIDE OF VEHICLE #2. ASSISTED BY TPR KMETZ #514."
1254053,3190031629,Missouri State Highway Patrol-Troop C,1573084800000,190649072,1,0,1,0,Personal Injury,ST. LOUIS,NON-CITY OR UNINCORPORATED,C,2,2,0,52,0.01,B ,E ,IS 70,ERM EAST IS 70 MILE 2424,Daylight,Motor Vehicle in Transport,1,61,Thu     ,0,0,0,0,1,0,1,0,0,0,0,0,0,0,0,1,0,0,0,0,0,0,0,0,0,38.70761,-90.2764,0,11/07/2019,15:40:00,BOTH VEHICLES WERE TRAVELING EASTBOUND ON INTERSTATE 70. DRIVER 1 SLOWED FOR TRAFFIC CONGESTION AHEAD. THE FRONT OF VEHICLE 2 STRUCK THE REAR OF VEHICLE 1.
1062434,3190030741,Missouri State Highway Patrol-Troop I,1573084800000,190649145,2,0,2,0,Personal Injury,PHELPS,NON-CITY OR UNINCORPORATED,I,2,2,0,95,0.02,B ,E ,RT M,CRD 6380,Daylight,Motor Vehicle in Transport,1,60,Thu     ,0,0,0,0,0,0,0,0,0,0,0,0,0,0,0,1,0,0,0,0,1,0,0,1,0,37.73466,-91.93027,0,11/07/2019,16:08:00,OCCURRED AS DVR 1 CROSSED CENTER OF ROADWAY AND STRUCK VEHICLE 2 HEAD ON
1212522,3190032312,Missouri State Highway Patrol-Troop C,1573084800000,190649306,1,0,1,0,Personal Injury,WASHINGTON,NON-CITY OR UNINCORPORATED,C,1,1,0,1573,0.3,A ,N,RT E,PVT WICKET RD,Dark-Unlighted,Fixed Object,2,,Thu     ,0,0,0,0,0,0,0,0,0,0,0,0,0,0,0,0,1,0,0,0,0,0,0,0,0,37.97205,-90.72741,0,11/07/2019,16:55:00,"VEHICLE 1 WAS NORTHBOUND ON ROUTE E, TRAVELED  OFF THE RIGHT ROAD EDGE, STRUCK A BRIDGE WARNING SIGN POST, AND OVERTURNED. VEHICLE 1 CONTINUED AND STRUCK A CONCRETE CULVERT."
1021167,3190032043,Missouri State Highway Patrol-Troop D,1573084800000,190649468,4,0,3,1,Personal Injury,GREENE,STRAFFORD,D,5,5,0,42,0.01,B ,W ,IS 44,ERM WEST IS 44 MILE 894,Dark-Unlighted,Motor Vehicle in Transport,1,61,Thu     ,0,0,0,0,0,0,1,1,1,0,0,0,0,0,0,1,0,0,0,0,1,0,0,1,1,37.2715,-93.10549,0,11/07/2019,18:01:00,NBR 1 WAS INVOLVED IN A PRIOR ACCIDENT AND BECAME DISABLED IN THE PASSING LANE.  NBR 2 STRUCK NBR 1 AND PUSHED IT INTO THE PATH OR NBR 3.  NBR 2 STRUCK THE MEDIAN CABLE AND THEN STRUCK NBR 4.  NBR 3 ATTEMPTED TO AVOID NBR 1 AND WAS STRUCK BY NBR 5.  NBR 3 STRUCK NBR 1.
1328973,3190031642,Missouri State Highway Patrol-Troop G,1573084800000,190649532,0,1,0,0,Fatal,OREGON,KOSHKONONG,G,2,2,0,469,0.09,A ,N,US 63,CST SCHOOL,Dark-Unlighted,Motor Vehicle in Transport,1,60,Thu     ,0,0,0,0,0,0,0,0,0,0,0,0,0,0,0,1,0,0,0,0,0,0,0,0,1,36.60155,-91.6439,1,11/07/2019,18:42:00,"""FATALITY ACCIDENT""   ""NEXT OF KIN NOTIFIED""  ACCIDENT OCCURRED AS SOUTHBOUND VEHICLE #1 CROSSED OVER THE CENTERLINE AND STRUCK NORTHBOUND VEHICLE #2 HEAD ON.  DRIVER #1 WAS PRONOUNCED DECEASED AT 2004 BY ASSISTANT CORONER ROB CLARY AT THE ACCIDENT SCENE.   BODY WAS REMOVED TO THE CLARY FUNERAL HOME, ALTON, MO.  TROOP G FATALITY ACCIDENT #39 FOR 2019  COMPARED TO #34 THIS SAME TIME PERIOD IN 2018.     ASSISTED BY MSGT S.L.NELSON(893), SGT J.M.WEADON(1237) MSHP MAJOR CRASH INVESTIGATION UNIT, CPL J.D.WHEELER(637), TPR J.M.KENYON(1213), TPR C.A.KIMES(556), TPR T.D.POND(1427), OREGON COUNTY SHERIFF'S DEPARTMENT, THAYER POLICE DEPARTMENT, KOSHKONONG FIRE DEPARTMENT AND THAYER FIRE DEPARTMENT."
1129327,3190031357,Missouri State Highway Patrol-Troop E,1573084800000,190649538,1,0,1,0,Personal Injury,CAPE GIRARDEAU,GORDONVILLE,E,2,2,0,0,0,AT,N,MO 25,RT K,Dark-Unlighted,Motor Vehicle in Transport,1,64,Thu     ,0,0,0,0,0,1,1,0,0,0,0,0,0,0,0,1,0,0,0,0,0,0,0,0,0,37.31753,-89.666,0,11/07/2019,18:45:00,CRASH OCCURRED AS VEHICLE 1 FAILED TO YIELD TO VEHICLE 2.
1255099,3190031614,Missouri State Highway Patrol-Troop C,1573084800000,190649572,0,1,0,0,Fatal,JEFFERSON,NON-CITY OR UNINCORPORATED,C,1,1,0,167,0.03,A ,N,MO 21,ERM NORTH MO 21 MILE 1812,Dark-Unlighted,Fixed Object,2,,Thu     ,0,1,0,0,0,0,0,0,0,0,0,0,0,0,0,1,0,0,0,0,0,0,0,0,0,38.42,-90.47965,1,11/07/2019,19:00:00,"FATALITY REPORT - VEHICLE 1 TRAVELED OFF THE LEFT SIDE OF THE ROADWAY, STRUCK A CONCRETE DITCH, AND OVERTURNED, STRIKING A TREE. DRIVER 1 FATALITY PRONOUNCED ON SCENE BY ROCK TOWNSHIP AMBULANCE PERSONNEL AT 1953 HOURS ASSISTED BY CPL. J. A. ASHBY (234), TPR. S. T. ROETTGER (1429) AND TPR. S. M. KMETZ (514)."
1337571,3190030440,Missouri State Highway Patrol-Troop G,1573084800000,190649616,1,0,1,0,Personal Injury,SHANNON,NON-CITY OR UNINCORPORATED,G,1,1,0,475,0.09,A ,E ,US 60,CRD T-671,Dark-Unlighted,Animal,1,,Thu     ,0,0,0,0,0,0,0,0,0,0,0,0,0,0,0,0,0,0,0,0,0,0,0,0,0,36.98964,-91.62751,0,11/07/2019,19:25:00,CRASH OCCURRED AS VEHICLE ONE STRUCK A DEER IN THE ROADWAY.
1201690,3190030539,Missouri State Highway Patrol-Troop C,1573084800000,190649695,1,0,0,1,Personal Injury,LINCOLN,NON-CITY OR UNINCORPORATED,C,1,1,Y,564,0.11,A ,S ,MO 47,BRIDGE A5595,Dark-Unlighted,Pedestrian,1,,Thu     ,,,,,,,,,,0,0,0,0,0,0,,0,0,,0,0,0,0,0,0,38.98701,-90.94099,0,11/07/2019,20:28:00,VEHICLE 1 WAS TRAVELING WESTBOUND ON EAST HIGHWAY 47. PEDESTRIAN 1 WAS STANDING IN THE WESTBOUND LANE ON EAST HIGHWAY 47 AND WAS STRUCK BY VEHICLE 1. VEHICLE 1 THEN LEFT THE SCENE.
1328107,3190030503,Missouri State Highway Patrol-Troop G,1573084800000,190649886,1,0,1,0,Personal Injury,OZARK,NON-CITY OR UNINCORPORATED,G,1,1,0,1744,0.33,B ,S ,MO 5,CRD 831,Dark-Unlighted,Fixed Object,2,,Thu     ,1,0,0,0,0,0,0,0,0,0,0,0,0,0,0,1,0,0,0,0,0,0,0,0,0,36.67245,-92.50584,0,11/07/2019,23:00:00,"ACCIDENT OCCURRED AS SOUTHBOUND VEHICLE #1 FAILED TO NEGOTIATE A CURVE, TRAVELED OFF THE RIGHT SIDE OF ROADWAY, STRUCK A BLUFF AND OVERTURNED,  COMING TO REST ON ITS WHEELS.  DRIVER #1 WAS EJECTED FROM THE VEHICLE.        ASSISTED BY THE OZARK COUNTY SHERIFF'S DEPARTMENT."
1018317,3190030577,Missouri State Highway Patrol-Troop D,1573171200000,190649925,0,1,0,0,Fatal,NEWTON,NON-CITY OR UNINCORPORATED,D,1,1,0,1175,0.22,A ,E ,US 60,CRD HOTTEL SPRINGS RD,Dark-Unlighted,Fixed Object,2,,Fri     ,1,0,0,0,1,0,0,0,0,0,0,0,0,0,0,1,0,0,0,0,1,0,0,1,0,36.8233,-94.57059,1,11/08/2019,00:02:00,FATALITY REPORT - THIS IS TROOP D'S 95TH FATALITY FOR 2019.  NEXT OF KIN HAS BEEN NOTIFIED. NR1 RAN OFF THE ROADWAY OVERTURNED EJECTING THE DRIVER. PRONOUNCED ON SCENE AT 0135 HOURS BY NEWTON COUNTY CORONER DALE OWENS.
1183689,3190032656,Missouri State Highway Patrol-Troop F,1573171200000,190650095,1,0,1,0,Personal Injury,AUDRAIN,NON-CITY OR UNINCORPORATED,F,1,1,0,650,0.12,B ,N,RT B,CRD 448,Daylight,Fixed Object,2,,Fri     ,0,0,0,0,0,1,1,0,0,0,0,0,0,0,0,0,0,0,0,0,1,0,0,1,0,39.25025,-91.72132,0,11/08/2019,06:56:00,VEHICLE 1 TRAVELED OFF THE RIGHT SIDE OF THE ROADWAY AND OVERTURNED. ASSISTED BY THE AUDRAIN COUNTY SHERIFF'S OFFICE.
1255866,3190030906,Missouri State Highway Patrol-Troop C,1573171200000,190650109,3,0,3,0,Personal Injury,JEFFERSON,NON-CITY OR UNINCORPORATED,C,3,3,0,89,0.02,B ,W ,MO 30,PVT MELODY HILL RD,Daylight,Motor Vehicle in Transport,1,61,Fri     ,0,0,0,0,0,0,1,1,1,0,0,0,0,0,0,1,0,0,0,0,1,0,0,1,0,38.33513,-90.67588,0,11/08/2019,07:05:00,"VEHICLE 1, 2, AND 3 WERE TRAVELING IN ORDER. DRIVER 1 SLOWED AND STOPPED TO MAKE A LEFT TURN. VEHICLE 2 STOPPED BEHIND VEHICLE 1. VEHICLE 3 FAILED TO STOP AND STRUCK THE REAR OF VEHICLE 2. VEHICLE 2 STRUCK THE REAR OF VEHICLE 1."
1253474,3190031976,Missouri State Highway Patrol-Troop C,1573171200000,190650125,1,0,1,0,Personal Injury,FRANKLIN,NON-CITY OR UNINCORPORATED,C,2,2,0,0,0,AT,W ,US 50,CST MAIN ST EJ,Daylight,Motor Vehicle in Transport,1,61,Fri     ,0,0,0,0,1,1,1,0,0,0,0,0,0,0,0,1,0,0,0,0,0,0,0,0,0,38.42018,-91.22448,0,11/08/2019,07:19:00,VEHICLES 1 AND 2 WERE TRAVELING WEST ON US 50. VEHICLE 1 WAS STOPPED ATTEMPTING TO MAKE A LEFT TURN ONTO MAIN STREET. VEHICLE 2 FAILED TO SLOW AND THE FRONT OF VEHICLE 2 STRUCK THE REAR OF VEHICLE 1.
1320468,3190030469,Missouri State Highway Patrol-Troop G,1573171200000,190650230,1,0,0,1,Personal Injury,TEXAS,NON-CITY OR UNINCORPORATED,G,1,1,0,0,0,AT,E ,MO 32,MO 17 WJ,Daylight,Fixed Object,2,,Fri     ,0,0,0,0,0,0,0,1,1,0,0,1,0,0,0,0,0,0,0,0,0,0,0,0,0,37.51555,-92.13905,0,11/08/2019,08:00:00,ACCIDENT OCCURRED AS VEHICLE #1 FAILED TO STOP AT STOP SIGN AT MO RT 32 AND MO RT 17 AND STRUCK WALT'S CONVENIENCE STORE AND FEMALE INSIDE THE STORE     ASSISTED BY MSGT D B POUNDS (984) AND TPR J L SENTMAN (1298)
1189645,3190030942,Missouri State Highway Patrol-Troop F,1573171200000,190650452,1,0,1,0,Personal Injury,GASCONADE,NON-CITY OR UNINCORPORATED,F,1,1,0,5280,1,B ,E ,RT Y,BRIDGE W0184,Daylight,Fixed Object,2,,Fri     ,0,0,0,0,0,0,0,0,0,0,0,0,0,0,0,0,0,0,0,0,0,0,0,0,0,38.36474,-91.57201,0,11/08/2019,09:30:00,OCCURRED AS VEHICLE 1 TRAVELED OFF RIGHT SIDE OF THE ROADWAY AND STRUCK A PHONE POLE GUY WIRE. ASSISTED BY CPL. E. T. HANE (409).
1292777,3190032120,Missouri State Highway Patrol-Troop C,1573171200000,190650468,1,0,1,0,Personal Injury,ST. LOUIS,NON-CITY OR UNINCORPORATED,C,2,2,0,459,0.09,B ,W ,IS 270,ERM SOUTH IS 270 MILE 156,Daylight,Other Non Collision,1,,Fri     ,0,0,0,0,0,0,0,1,1,0,0,0,0,0,0,0,0,0,1,0,0,0,0,0,0,38.68521,-90.45008,0,11/08/2019,09:35:00,"BOTH VEHICLES WERE  TRAVELING SOUTHBOUND I-270, VEHICLE #1 TIRE BLEW OUT, DRIVER #1 LOST CONTROL OF VEHICLE #1 AND STRUCK VEHICLE #2,"
1156957,3190030484,Missouri State Highway Patrol-Troop E,1573171200000,190650713,1,1,1,0,Fatal,SCOTT,NON-CITY OR UNINCORPORATED,E,3,3,0,1409,0.27,A ,W ,RT AB,CRD AIRPORT RD,Daylight,Motor Vehicle in Transport,1,62,Fri     ,0,1,0,0,0,0,0,1,1,0,0,0,0,0,0,1,0,0,0,0,1,0,0,1,1,37.24028,-89.57609,1,11/08/2019,11:20:00,"***LATE DEATH REPORT***NEXT OF KIN NOTIFIED***CRASH OCCURRED AS VEHICLE 1, TRAVELING EAST BOUND, TRAVELED ACROSS THE CENTER OF THE ROADWAY AND STRUCK THE DRIVER SIDE OF VEHICLE 2 AND THEN STRUCK VEHICLE 3 HEAD ON. DRIVER 1 PRONOUNCED ON 11/10/2019 AT ST. LOUIS UNIVERSITY MEDICAL  CENTER BY DR. OVERMILLER AT 1910. ***TROOP E FATALITY #48 FOR 2019"
1255863,3190031993,Missouri State Highway Patrol-Troop C,1573171200000,190650763,2,0,2,0,Personal Injury,JEFFERSON,NON-CITY OR UNINCORPORATED,C,3,3,0,0,0,AT,W ,MO 30,CRD OLD SUGAR CREEK RD,Daylight,Motor Vehicle in Transport,1,64,Fri     ,0,0,0,0,0,0,0,1,1,1,0,0,0,0,0,1,0,0,0,0,0,0,0,0,0,38.49021,-90.48726,0,11/08/2019,11:43:00,VEHICLE #1 TURNING ONTO NEW SUGAR CREEK FROM EASTBOUND HIGHWAY 30 AND FAILED TO STOP FOR A STEADY RED TRAFFIC SIGNAL.  VEHICLE #1 STRUCK VEHICLES #2 AND VEHICLE #3.
822892,3190030425,Missouri State Highway Patrol-Troop A,1573171200000,190650954,1,0,1,0,Personal Injury,BENTON,NON-CITY OR UNINCORPORATED,A,1,1,0,2624,0.5,B ,W ,RT H,BRIDGE P0723,Daylight,Fixed Object,2,,Fri     ,0,0,0,0,0,0,0,1,0,0,0,0,0,0,0,1,0,0,0,0,0,0,0,0,0,38.28435,-93.20026,0,11/08/2019,13:05:00,CRASH OCCURRED AS VEHICLE 1 TRAVELED OFF THE RIGHT SIDE OF THE ROAD WAY AND STRUCK A TREE. ASSISTED BY TPR. D. C. BELARDO /1314/