objectid,accident,agency,inv_date,complaint,injured,killed,min_inj,dis_inj,severity,county,city,troop,no_vehicle,motor_veh,left_scene,dist_feet,dist_mile,inter_loc,direction,on_street,at_street,light_cond,acc_type,on_off_rd,two_veh,day_week,dr_drink,dr_drug,ped_drink,ped_drug,speed,dr_under21,dr_under25,dr_over55,dr_over64,electrical,emer_veh,stop_sign,yield_sign,czone,hazmat,aggressive,cell_phone,texting,veh_defect,school_bus,truck,motorcycle,atv,pickup,cmv,gps_lat,gps_long,severity_fatal,acc_date,acc_time,narrative
861239,3190031906,Missouri State Highway Patrol-Troop A,1573171200000,190650982,0,0,0,0,Property Damage,LAFAYETTE,NON-CITY OR UNINCORPORATED,A,2,2,Y,221,0.04,B ,W ,IS 70,ERM WEST IS 70 MILE 416,Daylight,Parked Motor Vehicle,2,63,Fri     ,0,0,0,0,0,0,0,1,1,0,0,0,0,0,0,1,0,0,0,0,0,0,0,0,1,39.00526,-93.87551,0,11/08/2019,13:28:00,"CRASH OCCURRED AS VEHICLE1 WAS TRAVELING WESTBOUND ON I70 WHILE VEHICLE2 WAS PARKED ON THE SHOULDER OCCUPIED BY ITS INACTIVE DRIVER.VEHICLE1 SIDESWIPED VEHICLE2 AND CONTINUED TRAVELING. VEHICLE1 WAS STOPPED A SHORT TIME LATER BY CVO C.R. FLYNN (W107). ALSO ASSISTED BY MSGT. M.P. FENNEWALD (395), MSGT. R.B. MCGINNIS (617), MSGT. C.E. UTTERBACK (688), TPR. M.J. HANRAHAN (1370), TPR. B.R. PETERS (1384),  TPR. B.M. RYUN (771), TPR. D.W. SCHUBERT (1228), AND ODESSA FIRE AND EMS."
1509300,3190030856,Missouri State Highway Patrol-Troop H,1573171200000,190651156,2,0,2,0,Personal Injury,NODAWAY,NON-CITY OR UNINCORPORATED,H,1,1,0,528,0.1,B ,E ,RT JJ,CRD HAWK,Daylight,Overturn,1,,Fri     ,0,0,0,0,0,0,0,0,0,0,0,0,0,0,0,1,0,0,0,0,1,0,0,0,1,40.54815,-94.91711,0,11/08/2019,14:30:00,"CRASH OCCURRED AS VEHICLE 1 WAS EASTBOUND ON RTE JJ AND TRAVELED OFF THE SOUTH SIDE OF THE ROADWAY.  DRIVER 1 OVER CORRECTED AND VEHICLE 1 RETURNED TO THE ROADWAY AND OVERTURNED.  ASSISTED BY SGT. J.S. JOHNSON (513), NODAWAY COUNTY SHERIFF'S DEPARTMENT, HOPKINS FIRE DEPARTMENT AND MODOT."
1504617,3190031586,Missouri State Highway Patrol-Troop H,1573171200000,190651270,1,0,0,1,Personal Injury,DAVIESS,NON-CITY OR UNINCORPORATED,H,2,2,0,116,0.02,B ,E ,MO 6,MO 13 EJ,Daylight,Motor Vehicle in Transport,1,63,Fri     ,1,0,0,0,0,1,1,0,0,0,0,0,0,0,0,1,0,0,0,0,0,0,0,0,1,39.92904,-93.93372,0,11/08/2019,15:15:00,"CRASH OCCURRED AS VEH 1 AND VEH 2 WERE EASTBOUND ON MO-6. VEH 2 WAS TURNING SOUTH WHEN VEH 1 ATTEMPTED TO PASS VEH 2 ON THE RIGHT SIDE. VEH 1'S FRONT DRIVER SIDE STRUCK VEH 2'S FRONT PASSENGER SIDE. VEH 1 CAME TO REST IN A PRIVATE DRIVE FACING SOUTHEAST AND VEH 2 CAME TO REST IN A DITCH FACING EAST. ASSISTED BY CPL. S.J. COOL (546), AND DAVIESS COUNTY SHERIFF'S OFFICE."
965834,3190030398,Missouri State Highway Patrol-Troop D,1573171200000,190651314,1,0,0,1,Personal Injury,MCDONALD,NON-CITY OR UNINCORPORATED,D,1,1,0,100,0.02,A ,W ,MO 76,CRD SPRUCE RD,Daylight,Pedestrian,1,,Fri     ,0,0,1,0,0,0,0,0,0,0,0,0,0,0,0,0,0,0,0,0,1,0,0,1,0,36.67457,-94.27316,0,11/08/2019,15:40:00,PEDESTRIAN 1 WALKED INTO THE SIDE OF THE TRAILER PULLED BY VEHICLE 1 WHILE IN MOTION.
955418,3190031452,Missouri State Highway Patrol-Troop D,1573171200000,190651364,1,0,1,0,Personal Injury,GREENE,NON-CITY OR UNINCORPORATED,D,1,1,0,31,0.01,B ,N,CRD 187,CRD RIDGEWOOD DR,Daylight,Fixed Object,2,,Fri     ,0,0,0,0,0,0,0,1,1,0,0,0,0,0,0,1,0,0,0,0,0,0,0,0,0,37.15385,-93.21277,0,11/08/2019,16:05:00,NBR 1 RAN OFF THE ROADWAY AND STRUCK TWO FENCE POSTS AND A UTILITY POLE.
1021910,3190030581,Missouri State Highway Patrol-Troop D,1573171200000,190651422,1,0,1,0,Personal Injury,HICKORY,NON-CITY OR UNINCORPORATED,D,2,2,0,52,0.01,B ,S ,MO 83,RT RB,Daylight,Motor Vehicle in Transport,1,61,Fri     ,0,0,0,0,0,0,0,1,1,0,0,0,0,0,0,1,0,0,0,0,1,0,0,1,0,37.82382,-93.43014,0,11/08/2019,16:35:00,OCCURRED AS VEH1 STRUCK THE REAR OF VEH2.
1283922,3190033215,Missouri State Highway Patrol-Troop C,1573171200000,190651441,0,1,0,0,Fatal,ST. FRANCOIS,PARK HILLS,C,1,1,0,813,0.15,B ,E ,MO 32,CST E ELVINS BLVD,Daylight,Fixed Object,2,,Fri     ,0,0,0,0,0,0,0,0,0,0,0,0,0,0,0,0,0,0,0,0,0,0,0,0,0,37.83315,-90.52622,1,11/08/2019,16:45:00,"FATALITY REPORT - VEHICLE 1 WAS EASTBOUND ON HIGHWAY 32 AND TRAVELED OFF THE LEFT ROAD EDGE. DRIVER 1 OVERCORRECTED. VEHICLE 1 TRAVELED OFF THE RIGHT ROAD EDGE, DOWN A STEEP EMBANKMENT, OVERTURNED, AND STRUCK SEVERAL TREES. DRIVER 1 FATALITY WAS PRONOUNCES ON THE SCENE AT 1649 HOURS BY ST. FRANCOIS COUNTY CORONER: JIM COPELAND. ASSISTED BY TPR. B. J. LUECKENHOFF (1214) AND RNG. C. SMITH (R41)."
867311,3190032920,Missouri State Highway Patrol-Troop A,1573171200000,190651574,2,0,2,0,Personal Injury,CLAY,KANSAS CITY,A,2,2,0,100,0.02,B ,S ,IS 29,RP 5420 NJ,Dark-Unlighted,Motor Vehicle in Transport,1,61,Fri     ,0,0,0,0,0,0,0,0,0,0,0,0,0,0,0,1,0,0,0,0,0,0,0,0,0,39.17697,-94.56314,0,11/08/2019,17:42:00,CRASH OCCURRED AS VEHICLE 2 SLOWED FOR TRAFFIC CONJESTION AND WAS STRUCK IN THE REAR BY VEHICLE 1.
1038350,3190030738,Missouri State Highway Patrol-Troop I,1573171200000,190651606,1,0,1,0,Personal Injury,MARIES,NON-CITY OR UNINCORPORATED,I,1,1,0,918,0.17,B ,E ,RT P,BRIDGE A1882,Dark-Unlighted,Overturn,1,,Fri     ,0,0,0,0,0,0,0,0,0,0,0,0,0,0,0,1,0,0,0,0,1,0,0,1,0,38.07104,-91.72578,0,11/08/2019,17:35:00,"OCCURRED AS DVR 1 TRAVELED OFF LEFT SIDE OF ROADWAY, BEGAN TO SKID, RETURNED TO ROADWAY AND BEGAN OVERTURNING. TRAVELED OFF RIGHT SIDE OF ROADWAY"
782187,3190031404,Missouri State Highway Patrol-Troop A,1573171200000,190651672,2,0,2,0,Personal Injury,HENRY,NON-CITY OR UNINCORPORATED,A,2,2,0,1251,0.24,A ,S ,MO 7,CRD NW 900,Dark-Unlighted,Motor Vehicle in Transport,1,61,Fri     ,0,0,0,0,0,0,0,1,1,0,0,0,0,0,1,1,0,0,1,0,1,0,0,1,1,38.49014,-94.05146,0,11/08/2019,18:25:00,CRASH OCCURRED AS BOTH VEHICLES WERE SOUTHBOUND ON M 7. VEH 1 OVERTOOK AND STRUCK VEH 2 IN THE REAR.  ASSISTED BY TPR D M BRIDGE /248/ AND THE HENRY COUNTY SHERIFFS DEPARTMENT.
1142179,3190030890,Missouri State Highway Patrol-Troop E,1573171200000,190651682,2,0,0,2,Personal Injury,BUTLER,NON-CITY OR UNINCORPORATED,E,2,2,0,0,0,AT,S ,US 67,RT C,Dark-Unlighted,Motor Vehicle in Transport,1,64,Fri     ,0,0,0,0,0,0,0,1,1,0,0,0,1,0,0,1,0,0,0,0,1,0,0,1,0,36.68762,-90.48462,0,11/08/2019,18:28:00,CRASH OCCURRED AS VEH 1 PULLED INTO THE PATH OF VEH 2.
885966,3190030690,Missouri State Highway Patrol-Troop A,1573171200000,190651696,2,0,2,0,Personal Injury,CASS,NON-CITY OR UNINCORPORATED,A,3,3,0,955,0.18,B ,S ,MO 291,CRD 225TH STREET,Dark-Unlighted,Motor Vehicle in Transport,1,64,Fri     ,0,0,0,0,0,0,0,1,1,0,0,0,0,0,0,1,0,0,0,0,1,0,0,1,0,38.71314,-94.36812,0,11/08/2019,17:49:00,"CRASH OCCURRED AS VEHICLE 1 BECAME DISABLED AFTER IT STRUCK AN ANIMAL IN THE ROADWAY. VEHICLE 2 ATTEMPTED TO AVOID VEHICLE 1 AND STRUCK IT IN THE REAR. VEHICLE 3 ATTEMPTED TO AVOID VEHICLE 2, OVERTAKING VEHICLE 1 THEN VEHICLE 2. ASSISTED BY CASS COUNTY SHERIFF'S OFFICE"
1233978,3190033724,Missouri State Highway Patrol-Troop C,1573171200000,190651711,2,0,0,2,Personal Injury,ST. LOUIS,JENNINGS,C,2,2,0,0,0,AT,S ,MO 367,CST ST CYR RD,Dark-Unlighted,Motor Vehicle in Transport,1,64,Fri     ,0,0,0,0,0,0,1,0,0,1,0,0,0,0,0,1,0,0,0,0,0,0,0,0,0,38.73521,-90.24127,0,11/08/2019,18:15:00,VEHICLE 1 WAS NORTHBOUND ON HIGHWAY 367. VEHICLE 2 WAS SOUTHBOUND ON HIGHWAY 367. DRIVER 1 MADE A LEFT TURN ONTO ST. CYR ROAD INTO THE PATH OF VEHICLE 2. DRIVER 2 SLOWED AND THE FRONT OF VEHICLE 2 STRUCK THE RIGHT SIDE OF VEHICLE 1.
1292774,3190035650,Missouri State Highway Patrol-Troop C,1573171200000,190651724,1,0,0,1,Personal Injury,ST. LOUIS,NON-CITY OR UNINCORPORATED,C,1,1,0,147,0.03,B ,E ,IS 270,ERM EAST IS 270 MILE 338,Dark-Unlighted,Fixed Object,2,,Fri     ,1,0,0,0,0,0,0,0,0,0,0,0,0,0,0,1,0,0,0,0,0,0,0,0,0,38.76715,-90.20382,0,11/08/2019,18:54:00,VEHICLE 1 RAN OFF THE RIGHT SIDE OF THE ROADWAY AND STRUCK A GUARDRAIL. DRIVER 1 WAS EJECTED.
967788,3190031459,Missouri State Highway Patrol-Troop D,1573171200000,190651725,1,0,0,1,Personal Injury,BARRY,NON-CITY OR UNINCORPORATED,D,1,1,0,1124,0.21,B ,S ,MO 37,CRD 1050,Dark-Unlighted,Fixed Object,2,,Fri     ,1,0,0,0,0,0,0,0,0,0,0,0,0,0,0,0,0,0,0,0,1,0,0,1,0,36.56907,-93.97027,0,11/08/2019,18:50:00,VEHICLE 1 RAN OFF THE RIGHT SIDE OF THE ROADWAY AND DRIVER 1 OVERCORRECTED. VEHICLE 1 THEN RAN OFF THE LEFT SIDE OF THE ROADWAY AND STRUCK A BLUFF. ASSISTED BY CLP C. S. MASON #1244 AND TPR C. BECK #146.
1282057,3190030459,Missouri State Highway Patrol-Troop C,1573171200000,190651767,2,0,2,0,Personal Injury,ST. CHARLES,NON-CITY OR UNINCORPORATED,C,3,3,0,708,0.13,A ,E ,MO 364,CRD UPPER BOTTOM RD,Dark-Unlighted,Motor Vehicle in Transport,1,61,Fri     ,0,0,0,0,0,1,1,1,1,0,0,0,0,0,0,1,0,0,0,0,0,0,0,0,0,38.74246,-90.52794,0,11/08/2019,19:15:00,"VEHICLES 1, 2 , AND 3 WERE TRAVELING EASTBOUND ON MISSOURI 364. DRIVER 1 STOPPED IN LANE 2 IN ATTEMPT TO AVOID STRIKING AN UNKNOWN VEHICLE THAT WAS STOPPED IN THE ROADWAY. DRIVERS 2 AND 3 WERE UNABLE TO STOP AND THE FRONT OF VEHICLE 2 STRUCK THE REAR OF VEHICLE 1. THE FRONT OF VEHICLE 3 STRUCK THE REAR OF VEHICLE 2."
929210,3190031099,Missouri State Highway Patrol-Troop D,1573171200000,190651785,2,0,2,0,Personal Injury,STONE,NON-CITY OR UNINCORPORATED,D,2,2,0,1510,0.29,B ,S ,MO 413,CRD CARICO RD,Dark-Unlighted,Motor Vehicle in Transport,1,60,Fri     ,0,1,0,0,0,0,0,1,0,0,0,0,0,0,0,1,0,0,0,0,1,0,0,1,0,36.77865,-93.4246,0,11/08/2019,19:28:00,NBR 1 CROSSED THE CENTER OF THE ROADWAY AND STRUCK NBR 2 HEAD ON.
1510021,3190036412,Missouri State Highway Patrol-Troop H,1573171200000,190652047,1,0,1,0,Personal Injury,GRUNDY,NON-CITY OR UNINCORPORATED,H,2,2,0,1335,0.25,B ,E ,MO 6,CRD NE 25TH ST,Dark-Unlighted,Motor Vehicle in Transport,1,61,Fri     ,0,0,0,0,0,0,0,1,1,0,0,0,0,0,0,1,0,0,0,0,1,0,0,1,0,40.1099,-93.4364,0,11/08/2019,21:45:00,CRASH OCCURRED AS NR1 AND NR2 WERE BOTH EASTBOUND. NR2 SLOWED FOR ANIMALS IN THE ROADWAY. NR1 RAN INTO THE REAR OF NR2. NR1 AND NR2 CAME TO REST IN THE ROADWAY. ASSISTED BY TPR C.D. OHARA (476) AND GRUNDY CO SO.
1197731,3190031248,Missouri State Highway Patrol-Troop B,1573171200000,190652236,1,0,1,0,Personal Injury,MACON,NON-CITY OR UNINCORPORATED,B,1,1,0,1056,0.2,A ,E ,US 36,RP 256143,Dark-Unlighted,Fixed Object,2,,Fri     ,0,0,0,0,1,0,0,0,0,0,0,0,0,0,0,1,0,0,0,0,0,0,0,0,1,39.74673,-92.49756,0,11/08/2019,23:30:00,"VEHICLE 01 RAN OFF THE LEFT SIDE OF THE ROADWAY, CROSSED THE MEDIAN AND STRUCK A CONCRETE BARRIER.  ASSISTED BY CPL RITTER #809, MACON COUNTY RESCUE SQUAD, MACON POLICE DEPARTMENT AND MACON COUNTY RURAL FIRE DEPARTMENT."
1120859,3190031820,Missouri State Highway Patrol-Troop E,1573257600000,190652339,1,0,0,1,Personal Injury,IRON,NON-CITY OR UNINCORPORATED,E,1,1,0,702,0.13,A ,N,MO 21,PVT PRIVATE DR,Dark-Unlighted,Fixed Object,2,,Sat     ,1,0,0,0,0,0,1,0,0,0,0,0,0,0,0,0,0,0,0,0,0,0,0,0,0,37.5273,-90.68965,0,11/09/2019,00:49:00,CRASH OCCURRED AS VEHICLE 1 RAN OFF THE RIGHT SIDE OF THE ROADWAY AND STRUCK A BRIDGE PARAPEC END.
955417,3190030559,Missouri State Highway Patrol-Troop D,1573257600000,190652343,1,0,1,0,Personal Injury,GREENE,NON-CITY OR UNINCORPORATED,D,1,1,0,1029,0.19,B ,S ,CRD 159,CRD REDBUD LN,Dark-Unlighted,Fixed Object,2,,Sat     ,0,0,0,0,1,0,0,0,0,0,0,0,0,0,0,1,0,0,0,0,0,0,0,0,0,37.2629,-93.28167,0,11/09/2019,00:45:00,NBR 1 RAN OFF ROAD STRUCK A POLE AND A TREE
1135831,3190031355,Missouri State Highway Patrol-Troop E,1573257600000,190652345,2,0,2,0,Personal Injury,CAPE GIRARDEAU,NON-CITY OR UNINCORPORATED,E,1,1,0,15,0,A ,E ,RT Y,CRD ALEUT LANE,Dark-Unlighted,Fixed Object,2,,Sat     ,1,0,0,0,0,0,0,0,0,0,0,0,0,0,0,1,0,0,0,0,0,0,0,0,0,37.413,-89.63109,0,11/09/2019,00:45:00,"CRASH OCCURRED AS VEHICLE 1 RAN OFF LEFT SIDE OF ROADWAY, STRUCK A GUARDRAIL, AND OVERTURNED."
916765,3190031147,Missouri State Highway Patrol-Troop D,1573257600000,190652410,2,0,2,0,Personal Injury,JASPER,NON-CITY OR UNINCORPORATED,D,1,1,0,0,0,AT,E ,MO 66,RT AA,Dark-Unlighted,Fixed Object,2,,Sat     ,1,0,0,0,0,0,0,0,0,0,0,0,0,0,0,0,0,0,0,0,0,0,0,0,0,37.0829,-94.39062,0,11/09/2019,01:54:00,VEHICLE 1 RAN OFF THE ROADWAY AND STRUCK A DITCH
965835,3190030667,Missouri State Highway Patrol-Troop D,1573257600000,190652450,1,0,1,0,Personal Injury,MCDONALD,NON-CITY OR UNINCORPORATED,D,1,1,0,2640,0.5,B ,S ,MO 59,CRD OSCAR TALLEY RD,Dark-Unlighted,Fixed Object,2,,Sat     ,0,0,0,0,0,1,1,0,0,0,0,0,0,0,0,1,0,0,0,0,0,0,0,0,0,36.6223,-94.44145,0,11/09/2019,05:15:00,"CRASH OCCURRED AS VEHICLE #1 TRAVELED OFF THE WEST SIDE OF THE ROADWAY, STRUCK THE GROUND, RETURNED TO THE ROADWAY AND OVERTURNED."
1068166,3190031613,Missouri State Highway Patrol-Troop I,1573257600000,190652697,1,0,1,0,Personal Injury,PHELPS,DOOLITTLE,I,2,2,0,496,0.09,A ,W ,IS 44,ERM WEST IS 44 MILE 1810,Daylight,Motor Vehicle in Transport,1,61,Sat     ,0,0,0,0,1,0,0,0,0,0,0,0,0,0,0,1,0,0,0,0,0,0,0,0,1,37.94496,-91.86,0,11/09/2019,08:55:00,"CRASH OCCURRED AS VEHICLE 1 CHANGED LANES IMPACTING  VEHICLE 2,  VEHICLE 1 THEN TRAVELED OFF OF THE RIGHT SIDE OF THE ROADWAY  DOWN AN EMBANKMENT  STRIKING A ROAD SIGN.  VEHICLE 2 CONTINUED SAFELY TO THE SHOULDER.  ASSISTED BY TPR J.N. RIGSBY (1196)"
915800,3190030795,Missouri State Highway Patrol-Troop D,1573257600000,190652726,1,0,1,0,Personal Injury,JASPER,FIDELITY,D,1,1,0,263,0.05,B ,N,MO 59,CRD BURR OAK RD,Daylight,Fixed Object,2,,Sat     ,1,0,0,0,0,1,1,0,0,0,0,0,0,0,0,1,0,0,0,0,0,0,0,0,0,37.07581,-94.31254,0,11/09/2019,09:10:00,CRASH OCCURRED AS VEHICLE #1 TRAVELED OFF THE EAST SIDE OF THE ROADWAY AND STRUCK AN EMBANKMENT.
1212352,3190031194,Missouri State Highway Patrol-Troop F,1573257600000,190652906,1,0,1,0,Personal Injury,COLE,NON-CITY OR UNINCORPORATED,F,1,1,0,6336,1.2,B ,W ,CRD BRANCH RD,CRD ST MICHAELS RD,Daylight,Fixed Object,2,,Sat     ,0,0,0,0,1,0,0,1,1,0,0,0,0,0,0,1,0,0,0,0,0,0,0,0,0,38.53463,-92.40807,0,11/09/2019,10:35:00,"CRASH OCCURRED AS VEHICLE 1 TRAVELED OFF THE RIGHT SIDE OF THE ROAD, STRIKING AN EMBANKMENT AND OVERTURNING. ASSISTED BY A.E. KLEMPKE (1341)"
877125,3190031803,Missouri State Highway Patrol-Troop A,1573257600000,190653021,3,0,2,1,Personal Injury,JOHNSON,NON-CITY OR UNINCORPORATED,A,2,2,0,0,0,AT,S ,MO 13,MO 2,Daylight,Motor Vehicle in Transport,1,64,Sat     ,0,0,0,0,0,0,1,1,1,1,0,1,0,0,0,1,0,0,0,0,1,0,0,0,1,38.59034,-93.74609,0,11/09/2019,11:30:00,OCCURRED AS VEH1 FAILED TO YIELD RIGHT OF WAY TO VEH 2. ASSISTED BY TPR. C. D. PARROTT /944/
887525,3190030404,Missouri State Highway Patrol-Troop A,1573257600000,190653220,1,0,1,0,Personal Injury,RAY,NON-CITY OR UNINCORPORATED,A,1,1,0,2486,0.47,B ,S ,RT C,CRD W 130TH ST,Daylight,Fixed Object,2,,Sat     ,0,0,0,0,0,0,0,0,0,0,0,0,0,0,0,0,0,0,0,0,0,1,0,0,0,39.32932,-94.04814,0,11/09/2019,13:12:00,"OCCURRED AS VEH1 LOST CONTROL, TRAVELED OFF THE LEFT SIDE OF THE ROADWAY, AND STRUCK A DITCH."
1179387,3190031267,Missouri State Highway Patrol-Troop B,1573257600000,190653300,4,0,3,1,Personal Injury,MARION,NON-CITY OR UNINCORPORATED,B,3,3,0,1008,0.19,B ,E ,US 24,CRD 351,Daylight,Motor Vehicle in Transport,1,61,Sat     ,0,0,0,0,0,1,1,1,1,0,0,0,0,0,0,1,0,0,0,0,0,0,0,0,0,39.93676,-91.49845,0,11/09/2019,13:50:00,ALL THREE VEHICLES WERE SLOWING DUE TO CONGESTION ON EASTBOUND US 24 WHEN VEHICLE 1 STRUCK VEHICLE 2 IN THE REAR CAUSING VEHICLE 2 TO STRIKE VEHICLE 3 IN THE REAR.
1128597,3190030895,Missouri State Highway Patrol-Troop E,1573257600000,190653403,1,0,1,0,Personal Injury,WAYNE,NON-CITY OR UNINCORPORATED,E,1,1,0,797,0.15,A ,N,RT D,CRD 517,Daylight,Fixed Object,2,,Sat     ,0,0,0,0,0,0,0,1,1,0,0,0,0,0,0,1,0,0,0,0,1,0,0,1,0,36.94279,-90.27152,0,11/09/2019,15:00:00,STATE PROPERTY DAMAGE TO 2 CHEVRON SIGNS - CRASH OCCURRED AS VEHICLE ONE FAILED TO NEGOTIATE CURVE TRAVELED OFF RIGHT SIDE AND OVERTURNED
1186866,3190032130,Missouri State Highway Patrol-Troop F,1573257600000,190653698,3,0,0,3,Personal Injury,BOONE,NON-CITY OR UNINCORPORATED,F,2,2,0,0,0,AT,S ,US 63,CRD CLAYSVILLE RD,Dark-Unlighted,Motor Vehicle in Transport,1,64,Sat     ,0,0,0,0,0,1,1,1,0,0,0,1,0,0,0,1,0,0,0,0,0,0,0,0,0,0,0,0,11/09/2019,17:45:00,"CRASH OCCURRED AS VEHICLE 1 TRAVELED INTO THE PATH OF VEHICLE 2. VEHICLE 2 STRUCK VEHICLE 1. AFTER THE IMPACT, VEHICLE 1 TRAVELED OFF THE LEFT SIDE OF THE HIGHWAY AND STRUCK A GUARDRAIL."
955382,3190030805,Missouri State Highway Patrol-Troop D,1573257600000,190653781,1,0,1,0,Personal Injury,GREENE,NON-CITY OR UNINCORPORATED,D,1,1,0,184,0.03,B ,N,US 65,CRD 94,Dark-Unlighted,Pedestrian,2,,Sat     ,0,0,0,0,0,0,0,0,0,0,0,0,0,0,0,0,0,0,0,0,1,0,0,1,0,37.27246,-93.21495,0,11/09/2019,18:28:00,OCCURRED AS VEHICLE 1 STRUCK PEDESTRIAN.
1023304,3190030811,Missouri State Highway Patrol-Troop D,1573257600000,190653786,1,0,1,0,Personal Injury,DALLAS,URBANA,D,1,1,0,285,0.05,A ,N,US 65,CST BROADWAY,Dark-Unlighted,Fixed Object,2,,Sat     ,0,0,0,0,0,0,0,0,0,0,0,0,0,0,0,0,0,0,0,0,0,0,0,0,0,37.8431,-93.17181,0,11/09/2019,18:30:00,"VEH #1 CROSSED THE CENTER OF THE ROAD, RAN OFF THE LEFT SIDE, AND STRUCK A CONCRETE EMBANKMENT."
1320485,3190030608,Missouri State Highway Patrol-Troop G,1573257600000,190653804,2,0,2,0,Personal Injury,TEXAS,NON-CITY OR UNINCORPORATED,G,1,1,0,3168,0.6,A ,S ,MO 17,BRIDGE J0617,Dark-Unlighted,Fixed Object,2,,Sat     ,0,0,0,0,0,0,0,0,0,0,0,0,0,0,0,1,0,0,0,0,1,0,0,1,0,37.24584,-91.80875,0,11/09/2019,18:40:00,"VEH #1 FAILED TO NEGOTIATE A CURVE, TRAVELED OFF THE LEFT SIDE OF THE ROADWAY AND STRUCK TWO TREES BEFORE COMING TO REST."
1114563,3190030541,Missouri State Highway Patrol-Troop E,1573257600000,190653843,2,0,2,0,Personal Injury,MISSISSIPPI,NON-CITY OR UNINCORPORATED,E,2,2,0,221,0.04,B ,S ,IS 57,ERM SOUTH IS 57 MILE 30,Dark-Unlighted,Motor Vehicle in Transport,1,61,Sat     ,1,0,0,0,0,0,0,0,0,0,0,0,0,0,0,1,0,0,0,0,0,0,0,0,0,36.89151,-89.48279,0,11/09/2019,19:05:00,CRASH OCCURRED AS VEHICLE ONE STRUCK REAR OF VEHICLE TWO
1212357,3190031272,Missouri State Highway Patrol-Troop F,1573257600000,190653859,1,0,1,0,Personal Injury,COLE,NON-CITY OR UNINCORPORATED,F,2,2,0,0,0,AT,W ,US 54,RT D,Dark-Lighted,Motor Vehicle in Transport,1,64,Sat     ,0,0,0,0,0,0,0,1,1,0,0,1,0,0,0,1,0,0,0,0,0,0,0,0,0,38.46761,-92.29203,0,11/09/2019,19:15:00,OCCURRED AS VEHICLE 1 CROSSED HIGHWAY 54 INTO THE PATH OF VEHICLE 2. VEHICLE 2 STRUCK VEHICLE 1.
1013977,3190031146,Missouri State Highway Patrol-Troop D,1573257600000,190653862,0,1,0,0,Fatal,VERNON,NON-CITY OR UNINCORPORATED,D,1,1,0,1261,0.24,A ,E ,US 54,BRIDGE A5599,Dark-Unlighted,Animal,1,,Sat     ,0,0,0,0,0,0,0,0,0,0,0,0,0,0,0,0,0,0,0,0,0,0,0,0,0,37.86486,-94.07539,1,11/09/2019,19:15:00,"FATALITY REPORT-NEXT OF KIN NOTIFIED-PRONOUNCED AT 2055 HOURS BY DR ROBERT HOCKMAN AT CEDAR COUNTY MEMORIAL-THIS IS TROOP D'S 96TH FATALITY FOR 2019.  CRASH OCCURRED AS VEHICLE #1 STRUCK A DEER, TRAVELED OFF THE ROADWAY AND STRUCK A TREE."
1178224,3190030564,Missouri State Highway Patrol-Troop F,1573257600000,190653952,1,0,1,0,Personal Injury,CAMDEN,NON-CITY OR UNINCORPORATED,F,1,1,0,3168,0.6,A ,W ,US 54,PVT CHARGER DR,Dark-Unlighted,Animal,1,,Sat     ,0,0,0,0,0,0,0,1,1,0,0,0,0,0,0,0,0,0,0,0,0,0,0,0,0,37.97018,-92.90867,0,11/09/2019,20:20:00,OCCURRED AS VEHICLE 1 STRUCK A DEER THAT WAS IN THE ROADWAY.
1253483,3190031206,Missouri State Highway Patrol-Troop C,1573257600000,190654042,1,0,1,0,Personal Injury,FRANKLIN,NON-CITY OR UNINCORPORATED,C,1,1,0,2344,0.44,B ,E ,CRD NIKE BASE RD,RT AP,Dark-Unlighted,Fixed Object,2,,Sat     ,0,0,0,0,0,0,0,0,0,0,0,0,0,0,0,0,0,0,1,0,1,0,0,1,0,38.41217,-90.76321,0,11/09/2019,21:05:00,"VEHICLE 1 WAS TRAVELING WESTBOUND ON NIKE BASE ROAD. VEHICLE 1 HAD MECHANICAL DEFECTS, CROSSED THE CENTER OF THE ROAD, AND TRAVELED OFF THE LEFT SIDE OF THE ROADWAY. THE FRONT OF VEHICLE 1 STRUCK A TREE."
1292803,3190033727,Missouri State Highway Patrol-Troop C,1573257600000,190654100,2,0,2,0,Personal Injury,ST. LOUIS,NON-CITY OR UNINCORPORATED,C,2,2,0,253,0.05,B ,E ,RP 6386,IS 70 EJ,Dark-Unlighted,Motor Vehicle in Transport,1,63,Sat     ,1,0,0,0,1,0,1,1,0,0,0,0,0,0,0,1,0,0,0,0,0,0,0,0,0,38.7491,-90.44226,0,11/09/2019,21:39:00,VEHICLES 1 AND 2 WERE TRAVELING EASTBOUND ON I-70 ON THE RAMP TO NORTHBOUND I-270. VEHICLE 2 TRAVELED OFF THE RIGHT SIDE OF THE ROADWAY AND STRUCK THE GUARDRAIL. VEHICLE 2 RETURNED TO THE ROADWAY AND STRUCK VEHICLE 1. VEHICLE 2 THEN TRAVELED OFF THE RIGHT SIDE OF THE ROADWAY AND STRUCK THE GUARDRAIL. ASSISTED BY TPR. B. G. GROVES (837)