objectid,accident,agency,inv_date,complaint,injured,killed,min_inj,dis_inj,severity,county,city,troop,no_vehicle,motor_veh,left_scene,dist_feet,dist_mile,inter_loc,direction,on_street,at_street,light_cond,acc_type,on_off_rd,two_veh,day_week,dr_drink,dr_drug,ped_drink,ped_drug,speed,dr_under21,dr_under25,dr_over55,dr_over64,electrical,emer_veh,stop_sign,yield_sign,czone,hazmat,aggressive,cell_phone,texting,veh_defect,school_bus,truck,motorcycle,atv,pickup,cmv,gps_lat,gps_long,severity_fatal,acc_date,acc_time,narrative
1186867,3190030555,Missouri State Highway Patrol-Troop F,1573257600000,190654198,1,0,1,0,Personal Injury,BOONE,NON-CITY OR UNINCORPORATED,F,1,1,0,1584,0.3,A ,S ,US 63,CRD DRIPPING SPRINGS RD,Dark-Unlighted,Animal,1,,Sat     ,0,0,0,0,0,0,0,1,0,0,0,0,0,0,0,0,0,0,0,0,1,0,0,1,0,39.08117,-92.33003,0,11/09/2019,22:30:00,CRASH OCCURRED AS VEHICLE 1 STRUCK A DEER THAT RAN ONTO THE ROADWAY.
965837,3190030866,Missouri State Highway Patrol-Troop D,1573344000000,190654411,1,0,1,0,Personal Injury,MCDONALD,NON-CITY OR UNINCORPORATED,D,1,1,0,161,0.03,B ,S ,IS 49,ERM SOUTH IS 49 MILE 114,Dark-Unlighted,Fixed Object,2,,Sun     ,1,1,0,0,0,0,0,0,0,0,0,0,0,0,0,0,0,0,0,0,0,0,0,0,0,36.65606,-94.42015,0,11/10/2019,01:00:00,VEHICLE 1 RAN OFF THE ROADWAY AND STRUCK THE BRIDGE RAIL.
943331,3190031400,Missouri State Highway Patrol-Troop D,1573344000000,190654462,1,0,1,0,Personal Injury,DALLAS,NON-CITY OR UNINCORPORATED,D,1,1,0,0,0,AT,W ,CRD HUCKABY,CRD HALE SCHOOL RD,Dark-Unlighted,Fixed Object,2,,Sun     ,0,0,0,0,0,0,0,0,0,0,1,0,0,0,0,0,0,0,0,0,0,0,0,0,0,37.77656,-93.1573,0,11/10/2019,02:19:00,"CRASH OCCURRED AS VEHICLE 1 WAS IN PURSUIT, DRIVER 1 LOST CONTROL OF VEHICLE 1 AND SLID THROUGH A T INTERSECTION.  VEHICLE 1 STRUCK A UTILITY POLE AND OVERTURNED MULTIPLE TIMES.  ASSISTED BY TPR C.C. CLARK /149/, DALLAS COUNTY SHERIFF DEPARTMENT AND POLK COUNTY SHERIFF DEPARTMENT."
885964,3190031684,Missouri State Highway Patrol-Troop A,1573344000000,190654465,1,0,1,0,Personal Injury,CASS,NON-CITY OR UNINCORPORATED,A,1,1,0,42,0.01,B ,W ,CRD GORE ROAD,CRD N LYNE AVENUE,Dark-Unlighted,Fixed Object,2,,Sun     ,1,0,0,0,0,0,1,0,0,0,0,0,0,0,0,1,0,0,0,0,0,0,0,0,0,0,0,0,11/10/2019,01:39:00,"CRASH OCCURRED AS VEHICLE 1 WAS WESTBOUND ON GORE RD. VEHICLE 1 TRAVELED OFF THE RIGHT SIDE OF THE ROADWAY, STRUCK A CONCRETE CULVERT AND A TRAFFIC SIGN. VEHICLE 1 THEN STRUCK THE DITCH AND OVERTURNED. VEHICLE 1 CAME TO REST IN THE ROADWAY ON ITS TOP."
955383,3190030681,Missouri State Highway Patrol-Troop D,1573344000000,190654508,1,0,1,0,Personal Injury,GREENE,NON-CITY OR UNINCORPORATED,D,1,1,0,300,0.06,B ,E ,IS 44,EAST IS 44 MILE 678,Dark-Unlighted,Fixed Object,2,,Sun     ,0,0,0,0,0,0,1,0,0,0,0,0,0,0,0,0,0,0,1,0,0,0,0,0,0,0,0,0,11/10/2019,03:40:00,NBR 1 RAN OFF THE ROADWAY AND STRUCK THE MEDIAN CABLE.
1204456,3190030613,Missouri State Highway Patrol-Troop C,1573344000000,190654517,1,0,1,0,Personal Injury,PERRY,NON-CITY OR UNINCORPORATED,C,1,1,0,6336,1.2,A ,N,RT E,CRD 202,Dark-Unlighted,Fixed Object,2,,Sun     ,0,0,0,0,0,0,0,0,0,0,0,0,0,0,0,1,0,0,0,0,0,0,0,0,0,37.74516,-89.81083,0,11/10/2019,04:00:00,VEHICLE 1 TRAVELED OFF THE RIGHT SIDE OF THE ROADWAY AND OVERTURNED.
1038605,3190030786,Missouri State Highway Patrol-Troop I,1573344000000,190654587,1,0,1,0,Personal Injury,PULASKI,NON-CITY OR UNINCORPORATED,I,1,1,0,23,0,A ,S ,MO 133,CRD ROSE FINCH RD,Daylight,Fixed Object,2,,Sun     ,0,0,0,0,1,1,1,0,0,0,0,0,0,0,0,1,0,0,0,0,0,0,0,0,0,37.8934,-92.38148,0,11/10/2019,07:20:00,VEHICLE 1 TRAVELED OFF OF THE RIGHT SIDE OF THE ROADWAY. DRIVER 1 OVERCORRECTED AND TRAVELED OFF OF THE LEFT SIDE OF THE ROADWAY AND STRUCK SEVERAL TREES.
1200838,3190031817,Missouri State Highway Patrol-Troop C,1573344000000,190654592,1,0,1,0,Personal Injury,LINCOLN,MOSCOW MILLS,C,2,2,0,528,0.1,B ,S ,US 61,CST CONNECTOR RD,Daylight,Fixed Object,2,,Sun     ,0,0,0,0,0,0,0,1,1,0,0,0,0,0,0,0,0,0,0,0,0,0,0,0,1,38.92999,-90.92518,0,11/10/2019,07:25:00,"VEHICLE #1 AND VEHICLE #2 WERE TRAVELING SOUTHBOUND ON US. 61 IN LANE TWO.  DRIVER #2 FAILED TO MAINTAIN CONTROL OF VEHICLE #2 AND VEHICLE #2 TRAVELED OFF THE LEFT EDGE OF THE ROADWAY.  VEHICLE #2'S LEFT SIDE STRUCK THE CENTER CABLE BARRIER.  VEHICLE #2 RETURNED TO THE ROADWAY AND STRUCK THE LEFT SIDE OF VEHICLE #1'S TOWED UNIT WITH IT'S RIGHT SIDE.  FOLLOWING THIS IMPACT, VEHICLE #2 STRUCK THE CENTER CABLE BARRIER AGAIN AND CAME TO REST ON ITS WHEELS FACING SOUTH, BLOCKING LANE TWO OF SOUTHBOUND US 61.  AND ASSISTED BY MSGT B.W. LONG #855,  LINCOLN COUNTY SHERIFF'S OFFICE,  AND MOSCOW MILLS POLICE DEPARTMENT"
1142162,3190030496,Missouri State Highway Patrol-Troop E,1573344000000,190654684,1,0,1,0,Personal Injury,BUTLER,NON-CITY OR UNINCORPORATED,E,1,1,0,84,0.02,B ,N,RT N,CRD 239,Daylight,Fixed Object,2,,Sun     ,0,0,0,0,0,0,0,1,1,0,0,0,0,0,0,0,0,0,0,0,1,0,0,1,0,36.58971,-90.28447,0,11/10/2019,08:30:00,CRASH OCCURRED AS VEHICLE ONE TRAVELED OFF THE RIGHT SIDE OF THE ROADWAY WAY AND  STRUCK A UTILITY POLE AND A FARM IMPLEMENT.
1193983,3190030861,Missouri State Highway Patrol-Troop F,1573344000000,190654686,2,0,2,0,Personal Injury,CALLAWAY,NON-CITY OR UNINCORPORATED,F,1,1,0,1684,0.32,A ,W ,RT Y,CRD 379,Daylight,Fixed Object,2,,Sun     ,0,0,0,0,0,1,1,0,0,0,0,0,0,0,0,1,0,0,0,0,0,0,0,0,0,38.75743,-92.1663,0,11/10/2019,08:35:00,"CRASH OCCURRED AS VEHICLE ONE WAS TRAVELING WEST ON ROUTE Y AND TRAVELED PARTIALLY OFF THE RIGHT SIDE OF THE ROAD.  DRIVER ONE OVERCORRECTED, RETURNED TO THE ROAD, TRAVELED OFF THE LEFT SIDE OF THE ROAD, STRUCK THE DITCH AND OVERTURNED. ASSISTED BY TPR J.C. MCKINNEY (426)"
1255843,3190031715,Missouri State Highway Patrol-Troop C,1573344000000,190654804,2,0,2,0,Personal Injury,JEFFERSON,NON-CITY OR UNINCORPORATED,C,4,4,0,300,0.06,B ,N,IS 55,ERM NORTH IS 55 MILE 1836,Daylight,Motor Vehicle in Transport,1,63,Sun     ,0,0,0,0,1,1,1,1,1,0,0,0,0,0,0,1,0,0,0,0,0,0,0,0,0,38.326,-90.40068,0,11/10/2019,09:58:00,VEH #1 AND #2 WERE TRAVELING NORTHBOUND ON INTERSTATE 55 WHEN VEH #1 LOST CONTROL AND STRUCK VEH #2. BOTH VEH #1 AND #2 TRAVELED OFF THE LEFT SIDE OF THE ROAD AND INTO THE CENTER CABLE MEDIAN. VEH #2 OVERTURNED AND DEBRIS FROM VEH #2 STUCK VEH #3 WHICH WAS TRAVELING IN LANE 2 OF SOUTHBOUND 55. ASSISTED BY TPR L.M. BOLTON (260) AND PEVLEY PD.
879288,3190033165,Missouri State Highway Patrol-Troop A,1573344000000,190655095,3,0,0,3,Personal Injury,CLAY,PLEASANT VALLEY,A,2,2,0,270,0.05,B ,S ,US 69,CST RAVENA RD,Daylight,Motor Vehicle in Transport,1,60,Sun     ,1,0,0,0,0,0,0,0,0,0,0,0,0,0,0,0,0,0,0,0,0,0,0,0,0,39.20874,-94.47788,0,11/10/2019,12:29:00,CRASH OCCURRED AS VEHICLE 1 CROSSED THE  CENTER LINE AND STRUCK VEHICLE 2 HEAD ON. VEHICLE 1 CAME TO REST OFF THE RIGHT SIDE OF ROADWAY. VEHICLE 2 CAME TO REST OFF THE LEFT SIDE OF ROADWAY.  ASSISTED BY MSGT B. A. KUMPF /994/ PLEASANT VALLEY POLICE DEPARTMENT AND CLAYCOMO POLICE DEPARTMENT
1265008,3190031623,Missouri State Highway Patrol-Troop C,1573344000000,190655109,0,1,0,0,Fatal,ST. CHARLES,O'FALLON,C,1,1,0,396,0.07,B ,S ,MO 79,BRIDGE A3896,Daylight,Fixed Object,2,,Sun     ,0,0,0,0,1,0,0,0,0,0,0,0,0,0,0,1,0,0,0,0,0,0,0,0,0,38.80907,-90.64935,1,11/10/2019,12:45:00,"FATALITY REPORT. DRIVER 1 SUFFERED A MEDICAL CONDITION AND VEHICLE 1 TRAVELED OFF LEFT SIDE OF ROADWAY, ONTO EAST TERRA LANE, OVERTURNED, AND STRUCK A CONCRETE MEDIAN WALL.  DRIVER 1 WAS PRONOUNCED ON SCENE BY ST. CHARLES COUNTY EMS MEDIC 4 AT 1258 HOURS ON 11/10/2019.  ASSISTED BY CPL. J. R. BREITBACH (790)"
967791,3190030744,Missouri State Highway Patrol-Troop D,1573344000000,190655139,1,0,0,1,Personal Injury,BARRY,NON-CITY OR UNINCORPORATED,D,2,2,Y,52,0.01,B ,E ,US 60,CRD 1100,Daylight,Motor Vehicle in Transport,1,61,Sun     ,,,,,,,,1,,0,0,0,0,0,0,,0,0,,0,0,0,0,0,0,36.91345,-93.88285,0,11/10/2019,12:50:00,CRASH OCCURRED AS VEHICLE # 1 SLOWED DOWN IN TRAFFIC AND WAS REAR ENDED BY VEHICLE # 2
1204750,3190031096,Missouri State Highway Patrol-Troop F,1573344000000,190655153,1,0,1,0,Personal Injury,COOPER,NON-CITY OR UNINCORPORATED,F,2,2,0,1251,0.24,A ,S ,MO 179,CRD KORTE ROAD SJ,Daylight,Motor Vehicle in Transport,1,61,Sun     ,0,0,0,0,0,0,0,1,1,0,0,0,0,0,0,1,0,0,0,0,1,0,0,1,0,38.91842,-92.54555,0,11/10/2019,13:00:00,"CRASH OCCURRED AS VEHICLE 1 STRUCK THE REAR OF VEHICLE 2 AS VEHICLE 2 WAS TURNING RIGHT INTO A PRIVATE DRIVE, FORCING VEHICLE 2 OFF THE ROADWAY. ASSISTED BY U.S. FISH AND WILDLIFE M. CARR (FW14)."
1184444,3190031943,Missouri State Highway Patrol-Troop F,1573344000000,190655202,1,0,0,1,Personal Injury,AUDRAIN,MARTINSBURG,F,2,2,0,0,0,AT,W ,CST JEFFERSON ST,CST FIRST ST,Daylight,Motor Vehicle in Transport,1,64,Sun     ,0,0,0,0,0,1,1,0,0,0,0,1,0,0,0,1,0,0,0,0,0,0,1,0,0,39.09981,-91.64711,0,11/10/2019,13:21:00,CRASH OCCURRED AS VEHICLE 1 FAILED TO YIELD AT A STOP SIGN AND STRUCK VEHICLE 2 EJECTING DRIVER 1.
955381,3190031025,Missouri State Highway Patrol-Troop D,1573344000000,190655283,1,0,0,1,Personal Injury,GREENE,NON-CITY OR UNINCORPORATED,D,1,1,0,255,0.05,B ,E ,RT M,BRIDGE A6496,Daylight,Fixed Object,2,,Sun     ,0,0,0,0,0,0,0,0,0,0,0,0,0,0,0,0,0,0,0,0,0,0,0,0,0,37.13914,-93.37898,0,11/10/2019,14:20:00,OCCURRED AS VEH1 RAN OFF ROADWAY AND STRUCK A GUARDRAIL.
1018319,3190030586,Missouri State Highway Patrol-Troop D,1573344000000,190655292,2,0,2,0,Personal Injury,NEWTON,NON-CITY OR UNINCORPORATED,D,2,2,0,0,0,AT,N,MO 43,RT BB,Daylight,Motor Vehicle in Transport,1,64,Sun     ,0,0,0,0,0,0,0,0,0,0,0,1,0,0,0,1,0,0,0,0,0,0,0,0,0,36.92561,-94.57216,0,11/10/2019,14:20:00,OCCURRED AS VEH1 PULLED INTO THE PATH OF VEH2.
1253428,3190031709,Missouri State Highway Patrol-Troop C,1573344000000,190655305,1,0,0,1,Personal Injury,FRANKLIN,NON-CITY OR UNINCORPORATED,C,2,2,0,2048,0.39,B ,N,MO 185,CRD BRAMEL ROAD,Daylight,Motor Vehicle in Transport,1,62,Sun     ,,,,,,0,0,0,0,0,0,0,0,0,0,,0,0,,0,0,1,0,0,0,38.56878,-91.13527,0,11/10/2019,14:25:00,BOTH VEHICLES ATTEMPTED TO AVOID ONE ANOTHER.  THE LEFT SIDE OF VEHICLE 1 STRUCK THE SIDE LEFT SIDE OF VEHICLE 2
1324551,3190031471,Missouri State Highway Patrol-Troop G,1573344000000,190655404,1,0,1,0,Personal Injury,HOWELL,NON-CITY OR UNINCORPORATED,G,1,1,0,454,0.09,B ,W ,SOR 60,BU 63 EJ,Daylight,Overturn,1,,Sun     ,0,0,0,0,0,0,0,1,0,0,0,0,0,0,0,0,0,0,0,0,0,1,0,0,0,37.01198,-91.99631,0,11/10/2019,15:20:00,ACCIDENT OCCURRED AS VEHICLE OVERTURNED IN THE ROADWAY AND EJECTED THE DRIVER.
997015,3190031098,Missouri State Highway Patrol-Troop D,1573344000000,190655669,2,0,2,0,Personal Injury,STONE,REEDS SPRING,D,1,1,0,1119,0.21,A ,N,MO 13,CRD SPRING ST,Daylight,Animal,1,,Sun     ,0,0,0,0,0,0,0,1,0,0,0,0,0,0,0,0,0,0,0,0,0,0,0,0,0,36.74769,-93.37094,0,11/10/2019,17:20:00,VEH #1 STRUCK A DEER.
1156955,3190031183,Missouri State Highway Patrol-Troop E,1573344000000,190655722,0,1,0,0,Fatal,SCOTT,NON-CITY OR UNINCORPORATED,E,1,1,0,665,0.13,A ,E ,CRD 538,CRD ANN ST,Dark-Unlighted,Fell/Jumped from MV,1,,Sun     ,0,0,0,0,0,0,0,1,0,0,0,0,0,0,0,0,0,0,0,0,1,0,0,1,0,36.90692,-89.5017,1,11/10/2019,17:30:00,**** FATALITY CRASH **** NEXT OF KIN NOTIFIED **** PASSENGER1 EXITED THE VEHICLE WHILE IN MOTION AND WAS RAN OVER BY THE TRAILER BEING TOWED BY VEH1. PASSENGER1 WAS PRONOUNCED AT MO DELTA HOSPITAL BY  DR. ADAM SWAFFORD AT 1834 HRS. *** FATALITY #47 FOR TROOP E 2019
1178490,3190031899,Missouri State Highway Patrol-Troop B,1573344000000,190655760,1,0,1,0,Personal Injury,SCOTLAND,NON-CITY OR UNINCORPORATED,B,1,1,0,971,0.18,A ,W ,RT AA,CRD 551,Dark-Unlighted,Other Non Collision,1,,Sun     ,0,0,0,0,0,0,1,0,0,0,0,0,0,0,1,0,0,0,1,0,1,0,0,1,1,40.47099,-92.15175,0,11/10/2019,17:50:00,"VEHICLE 01 TRAILER BECAME DETACHED DUE TO AN EQUIPMENT FAILURE BUT THE SAFETY CHAIN REMAINED CONNECTED.  AS DRIVER 01 BRAKED, THE TRAILER STRUCK THE BACK OF VEHICLE 01.  VEHICLE 01 RAN OFF THE LEFT SIDE OF THE ROADWAY AND OVERTURNED."
1188878,3190032550,Missouri State Highway Patrol-Troop B,1573344000000,190655872,1,1,1,0,Fatal,ADAIR,NON-CITY OR UNINCORPORATED,B,1,1,0,1220,0.23,A ,N,MO 11,BRIDGE K0304,Dark-Unlighted,Overturn,1,,Sun     ,1,0,0,0,0,0,0,0,0,0,0,0,0,0,0,0,0,0,0,0,0,0,1,0,0,40.05104,-92.83917,1,11/10/2019,17:45:00,"FATALITY ACCIDENT -- NEXT OF KIN NOTIFIED -  VEHICLE 01 OVERCORRECTED, CROSSED THE CENTER OF THE ROADWAY AND BEGAN ROLLING.  VEHICLE 01 CONTINUED ROLLING OFF THE ROADWAY EJECTING DRIVER AND PASSENGER.  DRIVER WAS  PRONOUNCED DECEASED AT THE SCENE AT 2050 HOURS BY BRIAN NOE ADAIR COUNTY CORONER."
927274,3190030922,Missouri State Highway Patrol-Troop D,1573430400000,190656143,1,0,0,1,Personal Injury,MCDONALD,SOUTHWEST CITY,D,1,1,0,1943,0.37,A ,N,MO 43,CST LIBERTY RD NJ,Dark-Unlighted,Fixed Object,2,,Sun     ,1,0,0,0,0,0,0,0,0,0,0,0,0,0,0,1,0,0,0,0,0,0,0,0,0,36.53867,-94.59775,0,11/10/2019,23:24:00,VEHICLE RAN OFF THE ROADWAY AND AND OVERTURNED SEVERAL TIMES.
1204749,3190031673,Missouri State Highway Patrol-Troop F,1573430400000,190656160,1,0,1,0,Personal Injury,COOPER,NON-CITY OR UNINCORPORATED,F,1,1,0,227,0.04,B ,W ,IS 70,ERM WEST IS 70 MILE 916,Dark-Unlighted,Fixed Object,2,,Sun     ,0,0,0,0,0,0,0,0,0,0,0,0,0,0,0,0,0,0,0,0,1,0,0,1,0,38.93354,-92.9661,0,11/10/2019,23:55:00,OCCURRED AS VEHICLE 1 WAS TRAVELING WESTBOUND ON I-70. DRIVER 1 FELL ASLEEP AND VEHICLE 1 TRAVELED OFF THE LEFT SIDE OF THE ROADWAY. VEHICLE 1 STRUCK THE MEDIAN AND OVERTURNED. VEHICLE 1 THEN CROSSED OVER EASTBOUND I-70 AND STRUCK A ROCK BLUFF.
1296291,3190031554,Missouri State Highway Patrol-Troop C,1573430400000,190656171,1,0,1,0,Personal Injury,ST. LOUIS,MOLINE ACRES,C,1,1,0,47,0.01,A ,N,MO 367,CST BERWYN DR,Dark-Lighted,Fixed Object,2,,Mon     ,0,0,0,0,0,0,0,0,0,1,0,0,0,0,0,1,0,0,0,0,0,0,0,0,0,38.74705,-90.23974,0,11/11/2019,00:34:00,"DRIVER 1 OVERCORRECTED NORTHBOUND VEHICLE 1 STRIKING A SIGN AND A MAILBOX, BEFORE TRAVELING OFF THE RIGHT SIDE OF THE ROADWAY."
1501515,3190032189,Missouri State Highway Patrol-Troop H,1573430400000,190656220,1,0,1,0,Personal Injury,ATCHISON,NON-CITY OR UNINCORPORATED,H,1,1,0,204,0.04,B ,N,US 59,CRD 180 ST,Dark-Unlighted,Fixed Object,2,,Mon     ,0,0,0,0,1,0,0,0,0,0,0,0,0,0,0,1,0,0,0,0,1,0,0,1,0,40.46603,-95.38973,0,11/11/2019,04:38:00,"CRASH OCCURRED AS VEHICLE 1 WAS NORTHBOUND ON US-59.  VEHICLE 1 BEGAN SLIDING ON SNOW COVERED ROADWAY. VEHICLE 1 TRAVELED OFF THE EAST SIDE OF US-59, STRUCK A ROAD SIGN AND OVERTURNED ONTO ITS TOP.  VEHICLE 1 CAME TO REST ON ITS TOP OFF THE EAST SIDE OF US-59 FACING NORTHEAST."
834882,3190031787,Missouri State Highway Patrol-Troop A,1573430400000,190656237,1,0,0,1,Personal Injury,PLATTE,KANSAS CITY,A,1,1,0,21,0,B ,S ,RP 103613,IS 29,Dark-Unlighted,Pedestrian,1,,Mon     ,0,0,1,0,0,0,0,1,1,0,0,0,0,0,0,0,0,0,0,0,0,0,0,0,0,39.24469,-94.65857,0,11/11/2019,05:55:00,CRASH OCCURRED AS VEHICLE #1 WAS MERGING ONTO I-29 SOUTHBOUND AND STRUCK PEDESTRIAN.
1324550,3190034057,Missouri State Highway Patrol-Troop G,1573430400000,190656241,1,0,1,0,Personal Injury,HOWELL,NON-CITY OR UNINCORPORATED,G,1,1,0,1858,0.35,B ,W ,US 60,PVT PRIVATE,Daylight,Animal,1,,Mon     ,0,0,0,0,0,0,1,0,0,0,0,0,0,0,0,0,0,0,0,0,0,0,0,0,0,36.98337,-91.83165,0,11/11/2019,06:15:00,CRASH OCCURRED AS VEHICLE ONE STRUCK A DEER IN THE ROADWAY
1190935,3190031105,Missouri State Highway Patrol-Troop B,1573430400000,190656298,1,0,1,0,Personal Injury,LEWIS,NON-CITY OR UNINCORPORATED,B,1,1,0,1409,0.27,B ,N,US 61,BRIDGE A7037,Daylight,Fixed Object,2,,Mon     ,0,0,0,0,1,0,0,1,0,0,0,0,0,0,0,1,0,0,0,0,0,0,0,0,0,40.19111,-91.52096,0,11/11/2019,07:00:00,"VEH 1 LOST CONTROL, TRAVELED OFF RIGHT SIDE OF ROADWAY, STRUCK A UTILITY POLE AND OVERTURNED."
1182456,3190030611,Missouri State Highway Patrol-Troop B,1573430400000,190656299,2,0,2,0,Personal Injury,KNOX,NON-CITY OR UNINCORPORATED,B,1,1,0,1578,0.3,A ,E ,MO 6,PVT KETTLE CORN PL,Daylight,Fixed Object,2,,Mon     ,0,0,0,0,1,1,1,0,0,0,0,0,0,0,0,1,0,0,0,0,0,0,0,0,0,40.15393,-92.19285,0,11/11/2019,07:05:00,"VEH 1 LOST CONTROL, TRAVELED OFF RIGHT SIDE AND STRUCK AN EMBANKMENT."
885934,3190031167,Missouri State Highway Patrol-Troop A,1573430400000,190656329,1,0,1,0,Personal Injury,CASS,NON-CITY OR UNINCORPORATED,A,2,2,0,155,0.03,B ,N,RT C,CRD 251ST ST,Daylight,Motor Vehicle in Transport,1,64,Mon     ,0,0,0,0,1,0,0,0,0,0,0,0,0,0,0,1,0,0,0,1,0,0,0,0,1,38.66666,-94.46348,0,11/11/2019,07:30:00,CRASH OCCURRED AS VEH 1 SLIDE ON ICE AND TRAVELED INTO THE PATH OF VEH 2. VEH 2 THEN OVER TOOK AND STRUCK VEH 1.  ASSISTED BY BELTON FIRE DEPARTMENT
1204748,3190031231,Missouri State Highway Patrol-Troop F,1573430400000,190656368,1,0,1,0,Personal Injury,COOPER,NON-CITY OR UNINCORPORATED,F,1,1,0,1003,0.19,B ,N,MO 87,CRD BOONVILLE ROAD,Daylight,Fixed Object,2,,Mon     ,0,0,0,0,1,0,0,0,0,0,0,0,0,0,0,1,0,0,0,0,0,0,0,0,0,38.91069,-92.68113,0,11/11/2019,07:45:00,DRIVER 1 LOST CONTROL OF VEHICLE 1 ON SNOW COVERED ROADWAY.  VEHICLE 1 TRAVELED OFF THE LEFT SIDE OF THE ROADWAY AND CAME TO REST IN A DITCH.
1501860,3190031184,Missouri State Highway Patrol-Troop H,1573430400000,190656370,1,0,1,0,Personal Injury,ANDREW,NON-CITY OR UNINCORPORATED,H,1,1,0,6336,1.2,B ,W ,MO 48,US 71,Daylight,Fixed Object,2,,Mon     ,0,0,0,0,1,0,0,0,0,0,0,0,0,0,0,1,0,0,0,0,0,0,0,0,0,40.03963,-94.85635,0,11/11/2019,07:40:00,CRASH OCCURRED AS VEHICLE 1 WAS WEST BOUND ON MO-48.  VEHICLE 1 WAS TRAVELING TOO FAST FOR CONDITIONS AND BEGAN TO SLIDE.  VEHICLE 1 TRAVELED OFF THE NORTH SIDE OF THE ROADWAY AND STRUCK AN EMBANKMENT.  VEHICLE 1 CAME TO REST IN A DITCH ON ITS WHEELS FACING WEST.
1189644,3190031661,Missouri State Highway Patrol-Troop F,1573430400000,190656383,1,0,1,0,Personal Injury,GASCONADE,NON-CITY OR UNINCORPORATED,F,1,1,0,227,0.04,A ,N,MO 19,BRIDGE J0537,Daylight,Fixed Object,2,,Mon     ,0,0,0,0,1,1,1,0,0,0,0,0,0,0,0,1,0,0,0,0,1,0,0,1,0,38.33491,-91.49456,0,11/11/2019,07:45:00,TRAFFIC CRASH OCCURRED AS VEHICLE 1 RAN OFF RIGHT SIDE OF THE ROADWAY AND OVERTURNED.
1175168,3190030761,Missouri State Highway Patrol-Troop B,1573430400000,190656392,1,0,1,0,Personal Injury,MARION,NON-CITY OR UNINCORPORATED,B,2,2,0,380,0.07,A ,E ,US 36,BRIDGE A6885,Daylight,Overturn,2,,Mon     ,0,0,0,0,1,0,1,0,0,0,0,0,0,0,0,1,0,0,0,0,0,0,0,0,1,39.68585,-91.63945,0,11/11/2019,08:00:00,"EASTBOUND VEHICLE 1 LOST CONTROL ON A BRIDGE, SLID INTO THE MEDIAN, OVERTURNED SEVERAL TIMES THEN ENTERED WESTBOUND US 36.  VEHICLE 1 STRUCK WESTBOUND VEHICLE 2  HEAD-ON."
877548,3190031885,Missouri State Highway Patrol-Troop A,1573430400000,190656453,2,0,2,0,Personal Injury,JOHNSON,NON-CITY OR UNINCORPORATED,A,2,2,0,1050,0.2,A ,W ,US 50,CRD NW 1421 RD,Daylight,Motor Vehicle in Transport,1,60,Mon     ,0,0,0,0,1,0,1,1,0,0,0,0,0,0,0,1,0,0,0,0,1,0,0,1,0,38.8518,-94.01317,0,11/11/2019,08:25:00,OCCURRED AS VEH2 LOST CONTROL ON ICE COVERED ROADWAY. IT THEN TRAVELED ACROSS THE MEDIAN AND STRUCK EASTBOUND VEH 1 HEAD-ON. VEH 2 OVERTURNED AFTER IMPACT. ASSISTED BY JOHNSON COUNTY.
817793,3190031785,Missouri State Highway Patrol-Troop A,1573430400000,190656511,1,0,1,0,Personal Injury,CLAY,CLAYCOMO,A,1,1,0,250,0.05,B ,N,IS 35,RP 282753,Daylight,Fixed Object,2,,Mon     ,0,0,0,0,1,0,1,0,0,0,0,0,0,0,0,1,0,0,0,0,1,0,0,1,0,39.20742,-94.48832,0,11/11/2019,08:55:00,"CRASH OCCURRED AS VEHICLE #1 WAS TRAVELING IN THE RIGHT LANE, WHEN ANOTHER VEHICLE VEERED INTO HER LANE.  DRIVER #1 OVERCORRECTED, LOST CONTROL AND TRAVELED OFF LEFT SIDE ROAD, STRIKING THE CONCRETE DIVIDER."
787958,3190031148,Missouri State Highway Patrol-Troop A,1573430400000,190656516,1,0,1,0,Personal Injury,HENRY,URICH,A,1,1,0,142,0.03,A ,N,MO 7,RT B,Daylight,Fixed Object,2,,Mon     ,0,0,0,0,1,0,0,0,0,0,0,0,0,0,0,1,0,0,0,0,1,0,0,1,0,38.46702,-94.00348,0,11/11/2019,08:45:00,"CRASH OCCURRED AS VEH1 STRUCK ICE, TRAVELED OFF THE ROADWAY AND STRUCK A GUARDRAIL."
882181,3190031171,Missouri State Highway Patrol-Troop A,1573430400000,190656524,1,0,1,0,Personal Injury,BATES,NON-CITY OR UNINCORPORATED,A,1,1,0,3168,0.6,B ,E ,MO 18,RT AA,Daylight,Overturn,2,,Mon     ,0,0,0,0,1,0,0,1,0,0,0,0,0,0,0,1,0,0,0,0,1,0,0,0,1,38.46578,-94.58129,0,11/11/2019,08:40:00,"VEHICLE #1 WAS SOUTHBOUND ON MISSOURI 18, TRAVELED OFF THE WEST SIDE OF THE ROAD, AND OVERTURNED."
1508005,3190031235,Missouri State Highway Patrol-Troop H,1573430400000,190656537,1,0,1,0,Personal Injury,HARRISON,NON-CITY OR UNINCORPORATED,H,1,1,Y,887,0.17,A ,E ,RT A,BRIDGE A2920,Daylight,Overturn,2,,Mon     ,0,0,0,0,1,0,0,1,0,0,0,0,0,0,0,1,0,0,0,0,1,0,0,1,0,40.37762,-93.97406,0,11/11/2019,08:15:00,OCCURRED AS VEHICLE 1 WAS WESTBOUND ON HIGHWAY A.  DRIVER LOST CONTROL ON ICE-COVERED ROADWAY. VEHICLE 1 WENT OFF THE LEFT SIDE OF THE ROADWAY AND DRIVER OVERCORRECTED. VEHICLE 1 THEN OVERTURNED COMING ON REST ON ITS PASSENGER SIDE FACING EAST OFF THE LEFT SIDE OF THE ROADWAY.