objectid,accident,agency,inv_date,complaint,injured,killed,min_inj,dis_inj,severity,county,city,troop,no_vehicle,motor_veh,left_scene,dist_feet,dist_mile,inter_loc,direction,on_street,at_street,light_cond,acc_type,on_off_rd,two_veh,day_week,dr_drink,dr_drug,ped_drink,ped_drug,speed,dr_under21,dr_under25,dr_over55,dr_over64,electrical,emer_veh,stop_sign,yield_sign,czone,hazmat,aggressive,cell_phone,texting,veh_defect,school_bus,truck,motorcycle,atv,pickup,cmv,gps_lat,gps_long,severity_fatal,acc_date,acc_time,narrative
1253432,3190030715,Missouri State Highway Patrol-Troop C,1573430400000,190656614,2,0,2,0,Personal Injury,FRANKLIN,NON-CITY OR UNINCORPORATED,C,1,1,0,5,0,B ,N,RT A,CRD GLOSSY LN,Daylight,Fixed Object,2,,Mon     ,0,0,0,0,1,0,0,0,0,0,0,0,0,0,0,1,0,0,0,0,0,0,0,0,0,38.52208,-91.02808,0,11/11/2019,09:42:00,VEHICLE 1 TRAVELED OFF RIGHT SIDE OF THE ROADWAY AND STRUCK A DITCH.
900697,3190031916,Missouri State Highway Patrol-Troop D,1573430400000,190656689,1,0,1,0,Personal Injury,ST. CLAIR,NON-CITY OR UNINCORPORATED,D,1,1,0,1826,0.35,B ,E ,MO 82,CRD SE 75,Daylight,Fixed Object,2,,Mon     ,0,0,0,0,1,0,0,0,0,0,0,0,0,0,0,1,0,0,0,0,0,0,0,0,0,37.97351,-93.77809,0,11/11/2019,10:13:00,"CRASH OCCURRED AS VEHICLE #1 STRUCK A PATCH OF ICE, CROSSED THE CENTER OF THE ROADWAY, TRAVELED OFF THE LEFT SIDE OF THE ROADWAY AND STRUCK A DITCH."
929211,3190030707,Missouri State Highway Patrol-Troop D,1573430400000,190656706,2,0,2,0,Personal Injury,STONE,NON-CITY OR UNINCORPORATED,D,1,1,0,550,0.1,A ,S ,MO 39,CRD LA CRUZ RANCH RD,Daylight,Fixed Object,2,,Mon     ,0,0,0,0,1,0,0,0,0,0,0,0,0,0,0,1,0,0,0,0,0,0,0,0,0,36.52133,-93.57383,0,11/11/2019,10:17:00,CRASH OCCURRED AS VEHICLE # 1 RAN OFF RIGHT SIDE OF ROADWAY AND STRUCK TWO HIGHWAY SIGNS AND A FENCE
1511414,3190031941,Missouri State Highway Patrol-Troop H,1573430400000,190656733,1,0,1,0,Personal Injury,CARROLL,NON-CITY OR UNINCORPORATED,A,2,2,0,232,0.04,A ,S ,US 65,CRD 100,Daylight,Motor Vehicle in Transport,1,61,Mon     ,0,0,0,0,0,1,1,0,0,0,0,0,0,0,0,0,0,0,0,0,0,0,0,0,1,39.61364,-93.47821,0,11/11/2019,10:40:00,"OCCURRED AS VEH1 WAS TURNING SOUTHBOUND OFF OF A COUNTY ROAD IN FRONT OF VEH2. VEH2 APPLIED ITS BREAKS IN AN UNSUCCESSFUL ATTEMPT TO AVOID STRIKING VEH1. VEH2 STRUCK THE REAR OF VEH 1 AND VEH1 TRAVELED OFF THE LEFT SIDE OF THE ROADWAY, COMING TO REST FACING NORTHBOUND. VEH 2 CAME TO A CONTROLLED STOP ON THE SOUTHBOUND SHOULDER OF US-65. ASSISTED BY MSGT. N. E. RODENBERG /882/,  TPR. C. S. RILEY /1264/, AND CARROLL COUNTY"
782155,3190031412,Missouri State Highway Patrol-Troop A,1573430400000,190656741,3,0,3,0,Personal Injury,HENRY,NON-CITY OR UNINCORPORATED,A,2,2,0,0,0,AT,N,MO 7,RT C,Daylight,Motor Vehicle in Transport,1,64,Mon     ,0,0,0,0,1,0,0,1,1,0,0,1,0,0,0,1,0,0,0,0,0,0,0,0,0,38.36075,-93.61385,0,11/11/2019,10:30:00,"CRASH OCCURRED AS VEHICLE 2 APPROACHED A STOP SIGN, LOST CONTROL AND SLID INTO THE PATH OF VEHICLE 1. VEHICLE 2 TRAVELED OFF THE ROADWAY AND STRUCK A ROAD SIGN."
1188881,3190031204,Missouri State Highway Patrol-Troop B,1573430400000,190656757,1,0,1,0,Personal Injury,ADAIR,NON-CITY OR UNINCORPORATED,B,1,1,0,31,0.01,B ,N,US 63,CRD TANGO LANE,Daylight,Overturn,2,,Mon     ,0,0,0,0,1,0,0,1,1,0,0,0,0,0,0,1,0,0,0,0,1,0,0,1,0,40.08421,-92.51531,0,11/11/2019,10:38:00,"VEHICLE 1 LOST CONTROL ON THE ICE , TRAVELED OFF THE LEFT SIDE OF THE ROADWAY OVERTURNED AND CAME TO REST ON ITS SIDE"
866046,3190031044,Missouri State Highway Patrol-Troop A,1573430400000,190656775,1,0,1,0,Personal Injury,CLAY,NON-CITY OR UNINCORPORATED,A,3,3,0,0,0,AT,S ,IS 35,ERM SOUTH IS 35 MILE 320,Daylight,Motor Vehicle in Transport,1,61,Mon     ,0,0,0,0,1,0,0,1,0,0,0,0,0,0,0,1,0,0,0,0,1,0,0,1,0,39.44578,-94.32964,0,11/11/2019,10:50:00,CRASH OCCURRED AS VEH2 AND VEH3 WERE STOPPED IN TRAFFIC.  VEH1 SLOWED AND STRUCK VEH2 AND THEN STRUCK VEH3.
1207591,3190032147,Missouri State Highway Patrol-Troop C,1573430400000,190656821,1,1,0,1,Fatal,FRANKLIN,PACIFIC,C,2,2,0,1314,0.25,A ,W ,CST HOGAN ROAD,CST VIADUCT ST,Daylight,Motor Vehicle in Transport,1,64,Mon     ,0,0,0,0,1,0,0,1,1,0,0,0,0,0,0,1,0,0,0,0,0,0,0,0,0,38.48619,-90.76395,1,11/11/2019,11:02:00,LATE FATAL - VEHICLE 1 BEGAN TO SKID AND TRAVELED ACROSS THE CENTER OF THE ROAD. THE FRONT OF VEHICLE 2 STRUCK THE RIGHT REAR SIDE OF VEHICLE 1.  VEHICLE 1 TRAVELED OFF THE LEFT SIDE OF THE ROADWAY. DRIVER 1 PRONOUNCED BY MERCY HOSPITAL ST LOUIS DR GANDHI AT 2135 HOURS ON 11122019. ASSISTED BY MSGT. K. L. LICHAY (443)
864692,3190031343,Missouri State Highway Patrol-Troop A,1573430400000,190656844,1,0,1,0,Personal Injury,PETTIS,NON-CITY OR UNINCORPORATED,A,1,1,0,1056,0.2,B ,N,US 65,CO US65N TO US65S,Daylight,Fixed Object,2,,Mon     ,0,0,0,0,1,0,0,0,0,0,0,0,0,0,0,1,0,0,0,0,1,0,0,1,0,38.92972,-93.20897,0,11/11/2019,11:00:00,CRASH OCCURRED AS DRIVER 1 LOST CONTROL OF VEH 1 ON ICE AND SNOW COVERED ROADWAY.  VEH 1 THEN LEFT THE ROADWAY AND STRUCK AN EMBANKMENT.
866045,3190031345,Missouri State Highway Patrol-Troop A,1573430400000,190656883,3,0,2,1,Personal Injury,CLAY,NON-CITY OR UNINCORPORATED,A,2,2,0,428,0.08,B ,N,IS 35,ERM NORTH IS 35 MILE 318,Daylight,Motor Vehicle in Transport,1,60,Mon     ,0,0,0,0,1,0,0,0,0,0,0,0,0,0,0,1,0,0,0,0,1,0,0,1,0,39.44197,-94.33144,0,11/11/2019,10:45:00,CRASH OCCURRED AS VEH1 TRAVELED OFF THE ROADWAY AND CROSSED THE MEDIAN.  VEH1 THEN TRAVELED INTO THE PATH OF AND STRUCK VEH2 HEAD ON.
1062437,3190030728,Missouri State Highway Patrol-Troop I,1573430400000,190656887,1,0,0,1,Personal Injury,PHELPS,NON-CITY OR UNINCORPORATED,I,1,1,0,274,0.05,B ,E ,RT M,CRD 6360,Daylight,Fixed Object,2,,Mon     ,0,0,0,0,1,1,1,0,0,0,0,0,0,0,0,1,0,0,0,0,0,0,0,0,0,37.70896,-91.88944,0,11/11/2019,11:35:00,"DRIVER 1 TRAVELED OFF THE LEFT SIDE OF THE ROADWAY, STRUCK A FENCE, A UTILITY POLE, AND CAME TO REST IN A DITCH."
1204726,3190031603,Missouri State Highway Patrol-Troop F,1573430400000,190656911,1,0,1,0,Personal Injury,COOPER,NON-CITY OR UNINCORPORATED,F,1,1,0,422,0.08,B ,W ,IS 70,ERM WEST IS 70 MILE 964,Daylight,Fixed Object,2,,Mon     ,0,0,0,0,1,0,0,1,1,0,0,0,0,0,0,1,0,0,0,0,1,0,0,0,1,38.93524,-92.87706,0,11/11/2019,11:45:00,"OCCURRED AS VEHICLE 1 TRAVELED OFF THE RIGHT SIDE OF THE ROADWAY, STRUCK THE GROUND AND A HIGHWAY SIGN, CROSSED THE NORTH OUTER RD AND CAME TO REST IN A CREEK BED."
955457,3190031020,Missouri State Highway Patrol-Troop D,1573430400000,190656917,2,0,2,0,Personal Injury,GREENE,NON-CITY OR UNINCORPORATED,D,1,1,0,327,0.06,B ,W ,IS 44,ERM WEST IS 44 MILE 768,Daylight,Fixed Object,2,,Mon     ,0,0,0,0,1,0,0,1,0,0,0,0,0,0,0,1,0,0,0,0,0,0,0,0,0,37.25041,-93.32668,0,11/11/2019,11:50:00,"V1 SLID ON ICY ROADWAY, TRAVELED OFF LEFT SIDE OF ROAD AND STRUCK MEDIAN CABLE, THEN CROSSED ROAD, RAN OFF RIGHT SIDE AND STRUCK ROAD SIGN."
1175171,3190030759,Missouri State Highway Patrol-Troop B,1573430400000,190656966,1,0,1,0,Personal Injury,MARION,NON-CITY OR UNINCORPORATED,B,1,1,0,380,0.07,A ,E ,US 36,BRIDGE A6885,Daylight,Fixed Object,2,,Mon     ,0,0,0,0,1,0,0,1,0,0,0,0,0,0,0,1,0,0,0,0,0,0,0,0,0,0,0,0,11/11/2019,12:20:00,"VEHICLE 1 LOST CONTROL ON SNOW AND ICE COVERED ROADWAY, TRAVELED OFF THE LEFT SIDE OF THE ROADWAY, STRUCK A GUARDRAIL AND OVERTURNED, COMING TO REST IN THE WESTBOUND LANE. ASSISTED BY THE  MONROE CITY FIRE DEPARTMENT AND THE MARION COUNTY SHERIFF'S DEPARTMENT."
1170494,3190032176,Missouri State Highway Patrol-Troop F,1573430400000,190657030,1,0,1,0,Personal Injury,MORGAN,NON-CITY OR UNINCORPORATED,F,2,2,0,0,0,AT,E ,MO 52,RT T,Daylight,Motor Vehicle in Transport,1,64,Mon     ,0,0,0,0,1,0,1,1,1,0,0,1,0,0,0,1,0,0,0,0,1,0,0,1,0,38.43108,-92.88908,0,11/11/2019,12:50:00,"CRASH OCCURRED AS VEHICLE 1 WAS TRAVELING NORTH ON ROUTE T APPROACHING THE INTERSECTION OF MO-52.  VEHICLE 2 WAS TRAVELING EAST ON MISSOURI 52.  VEHICLE 1 FAILED STOP AT THE INTERSECTION WITH A STOP SIGN, SKIDDING AND SLIDING, AND TRAVELED INTO THE PATH OF VEHICLE 2.  VEHICLE 2 STRUCK VEHICLE 1.  VEHICLE 1 BEGAN SLIDING AND TRAVELED OFF THE SOUTH SIDE OF MO-52, JUST EAST OF RT-T, AND CAME TO REST THERE.  VEHICLE 2 BEGAN SKIDDING AND SLIDING AND TRAVELED OFF THE NORTH SIDE OF MO-52, COMING TO REST."
1197729,3190032155,Missouri State Highway Patrol-Troop B,1573430400000,190657053,1,0,0,1,Personal Injury,MACON,NON-CITY OR UNINCORPORATED,B,1,1,0,306,0.06,B ,W ,US 36,RP 282866,Daylight,Fixed Object,2,,Mon     ,0,0,0,0,1,0,0,1,1,0,0,0,0,0,0,1,0,0,0,0,0,0,0,0,0,39.75642,-92.63144,0,11/11/2019,13:00:00,VEHICLE 1 STRUCK A PATCH OF ICE AND DRIVER LOST CONTROL. VEHICLE 1 TRAVELED OFF THE NORTH SIDE AND STRUCK A TREE.
918953,3190032241,Missouri State Highway Patrol-Troop D,1573430400000,190657077,1,0,1,0,Personal Injury,LAWRENCE,NON-CITY OR UNINCORPORATED,D,1,1,0,2053,0.39,A ,N,RT N,CRD 2081,Daylight,Fixed Object,2,,Mon     ,0,0,0,0,1,1,1,0,0,0,0,0,0,0,0,1,0,0,0,0,0,0,0,0,0,37.16092,-93.70483,0,11/11/2019,13:00:00,#1 LOST CONTROL ON SNOW AND ICE COVERED ROADWAY.  #1 RAN OFF THE ROADWAY AND INTO THE DITCH.
877118,3190033164,Missouri State Highway Patrol-Troop A,1573430400000,190657227,0,1,0,0,Fatal,JOHNSON,NON-CITY OR UNINCORPORATED,A,1,1,0,2112,0.4,B ,S ,RT F,RT BB,Daylight,Fixed Object,2,,Mon     ,0,0,0,0,1,0,0,1,0,0,0,0,0,0,0,1,0,0,0,0,1,0,0,1,0,38.67296,-93.84406,1,11/11/2019,14:35:00,"F A T A L     C R A S H   - CRASH OCCURRED AS VEHICLE #1 WAS TRAVELING SOUTHBOUND ON ROUTE F, DRIVER #1 LOST CONTROL ON ICE COVERED ROADWAY.  VEHICLE #1 TRAVELED OFF THE RIGHT SIDE OF THE ROADWAY , STRUCK THE DITCH AND OVERTURNED ON IT'S DRIVER'S SIDE, FACING NORTH . DRIVER #1 WAS PRONOUNCED AT THE SCENE BY DEPUTY CORONER, TROY ARMSTRONG,  AT 1555 HOURS.  FATAL CRASH #55 AND FATALITY #61"
1039766,3190031377,Missouri State Highway Patrol-Troop I,1573430400000,190657245,1,0,1,0,Personal Injury,CRAWFORD,NON-CITY OR UNINCORPORATED,I,1,1,0,0,0,AT,E ,IS 44,ERM EAST IS 44 MILE 2130,Daylight,Fixed Object,2,,Mon     ,0,0,0,0,1,0,0,1,0,0,0,0,0,0,0,1,0,0,0,0,0,0,0,0,1,38.10894,-91.33724,0,11/11/2019,14:45:00,"VEHICLE 1 LOST CONTROLLED ON ICY ROADWAY, STRIKING GUARD RAILS AND MEDIAN CABLES BEFORE COMING TO REST BLOCKING ALL EASTBOUND LANES."
1289408,3190032289,Missouri State Highway Patrol-Troop C,1573430400000,190657335,1,0,1,0,Personal Injury,PIKE,NON-CITY OR UNINCORPORATED,C,2,2,0,1573,0.3,A ,S ,US 61,RT RA,Daylight,Motor Vehicle in Transport,1,61,Mon     ,0,0,0,0,1,,,,,0,0,0,0,0,0,1,0,0,0,0,1,0,0,1,0,39.46746,-91.28612,0,11/11/2019,15:00:00,VEHICLE 1 WAS STOPPED ON THE SNOW COVERED ROADWAY WHEN THE FRONT OF VEHICLE 2 STRUCK THE REAR OF VEHICLE 1.
1169260,3190032177,Missouri State Highway Patrol-Troop F,1573430400000,190657365,1,0,1,0,Personal Injury,MONITEAU,NON-CITY OR UNINCORPORATED,F,1,1,0,934,0.18,B ,E ,US 50,CO US50E TO WEINEKE BRANCH RD,Daylight,Fixed Object,2,,Mon     ,0,0,0,0,1,0,0,1,1,0,0,0,0,0,0,1,0,0,0,0,1,0,0,1,0,38.60271,-92.47284,0,11/11/2019,15:37:00,CRASH OCCURRED AS VEHICLE 1 WAS TRAVELING EAST ON US 50 HIGHWAY.  VEHICLE 1 BEGAN SKIDDING AND SLIDING AND TRAVELED OFF THE RIGHT SIDE OF THE ROAD.  VEHICLE 1 STRUCK A HIGHWAY EDGE REFLECTOR POST AND CONTINUED SLIDING DOWN AN EMBANKMENT.  VEHICLE 1 THEN OVERTURNED AND STRUCK A FENCE.  VEHICLE 1 CAME TO REST ON ITS DRIVER SIDE FACING NORTH.
965838,3190031855,Missouri State Highway Patrol-Troop D,1573430400000,190657371,1,0,1,0,Personal Injury,MCDONALD,NON-CITY OR UNINCORPORATED,D,1,1,0,374,0.07,A ,N,US 71,BRIDGE A6695,Daylight,Fixed Object,2,,Mon     ,0,0,0,0,1,0,0,1,0,0,0,0,0,0,0,1,0,0,0,0,0,0,0,0,0,36.50211,-94.27399,0,11/11/2019,15:40:00,VEHICLE #1 LOST CONTROL ON THE SLICK ROADWAY AND STRUCK THE CENTER DIVIDER.
1303136,3190032166,Missouri State Highway Patrol-Troop C,1573430400000,190657415,0,0,0,0,Property Damage,ST. LOUIS,FENTON,C,2,2,Y,21,0,A ,E ,IS 44,RP 901538,Daylight,Motor Vehicle in Transport,1,63,Mon     ,0,0,0,0,0,,,,,0,0,0,0,1,0,1,0,0,0,0,0,0,0,0,1,38.54271,-90.44296,0,11/11/2019,15:51:00,TRAFFIC CRASH OCCURRED AS VEHICLE 1 TRAVELED OFF ROADWAY AND STRUCK AN UTILITY POLE.
939688,3190031518,Missouri State Highway Patrol-Troop D,1573516800000,190657479,2,0,2,0,Personal Injury,CHRISTIAN,NON-CITY OR UNINCORPORATED,D,2,2,Y,707,0.13,A ,W ,US 60,CRD ALOE RD,Daylight,Motor Vehicle in Transport,1,64,Mon     ,0,0,0,0,1,0,0,1,0,0,0,0,0,0,0,1,0,0,0,0,1,0,0,1,0,37.02441,-93.60255,0,11/11/2019,16:15:00,VEHICLE 1 LOST CONTROL ON THE ROADWAY AND STRUCK VEHICLE 2 HEAD ON.
1292804,3190034160,Missouri State Highway Patrol-Troop C,1573430400000,190657486,3,0,3,0,Personal Injury,ST. LOUIS,NON-CITY OR UNINCORPORATED,C,4,4,0,116,0.02,B ,S ,MO 367,RP 912569,Daylight,Motor Vehicle in Transport,1,61,Mon     ,,,,,1,0,0,1,0,0,1,0,0,0,0,1,0,0,,0,1,0,0,1,1,38.78296,-90.23553,0,11/11/2019,16:49:00,VEHICLES 3 AND 4 WERE ROADSIDE FROM A PREVIOUS CRASH AND VEHICLE 2 WAS PARKED PARTIALLY BLOCKING ON SCENE OF THE PREVIOUS CRASH.  VEHICLE 1 SLID ON THE ICY ROADWAY AND STRUCK VEHICLE 2. VEHICLE 1 CONTINUED AND STRUCK VEHICLE 3 CAUSING VEHICLE 3 TO STRIKE THE PEDESTRIAN. VEHICLE 1 CONTINUED AND STRUCK VEHICLE 4. ASSISTED BY MSGT J DIFFEE (496)
877120,3190030830,Missouri State Highway Patrol-Troop A,1573430400000,190657493,1,0,1,0,Personal Injury,JOHNSON,NON-CITY OR UNINCORPORATED,A,2,2,0,2022,0.38,B ,W ,CRD NW 800TH RD,CRD NW 1661ST RD,Daylight,Motor Vehicle in Transport,1,62,Mon     ,0,0,0,0,0,1,1,0,0,0,0,0,0,0,0,1,0,0,0,0,1,0,0,1,0,38.89325,-94.04503,0,11/11/2019,16:22:00,"CRASH OCCURRED AS BOTH VEHICLES APPROACHED A CURVE IN THE ROADWAY,  VEHICLE #2 CROSSED THE CENTER OF THE ROAD AND STRUCK VEHICLE #1.   AFTER IMPACT, VEHICLE #1 SLID AND CAME TO REST BLOCKING NW 800TH RD.  VEHICLE #2 SPUN COUNTER CLOCKWISE AND TRAVELED OFF THE SOUTH SIDE OF THE ROADWAY."
1286941,3190031694,Missouri State Highway Patrol-Troop C,1573430400000,190657496,1,0,1,0,Personal Injury,ST. LOUIS,SUNSET HILLS,C,2,2,Y,322,0.06,B ,E ,IS 270,ERM NORTH IS 270 MILE 34,Daylight,Motor Vehicle in Transport,1,64,Mon     ,0,0,0,0,1,,,,,0,0,0,0,0,0,1,0,0,0,0,1,0,0,1,0,38.52082,-90.39289,0,11/11/2019,16:23:00,"THIS CRASH OCCURRED AS VEHICLE TWO WAS STOPPED IN THE ROADWAY,  ON NORTHBOUND INTERSTATE 270, PARTIALLY IN LANE 1 AND LANE 2.  VEHICLE ONE WAS IN LANE 2.  VEHICLE ONE SLOWED, BUT SLID IN THE SNOWY CONDITIONS.  THE FRONT OF VEHICLE ONE STRUCK THE LEFT SIDE OF VEHICLE TWO."
1212333,3190030840,Missouri State Highway Patrol-Troop F,1573430400000,190657531,1,0,1,0,Personal Injury,COLE,NON-CITY OR UNINCORPORATED,F,1,1,0,221,0.04,A ,N,MO 17,PVT HEAVENWOOD DR,Daylight,Fixed Object,2,,Mon     ,0,0,0,0,1,0,0,1,0,0,0,0,0,0,0,1,0,0,0,0,0,0,0,0,0,38.36429,-92.3979,0,11/11/2019,16:30:00,CRASH OCCURRED AS DRIVER 1 WAS TRAVELING TOO FAST FOR ROAD CONDITIONS. VEHICLE 1 TRAVELED OFF THE LEFT SIDE OF THE HIGHWAY AND OVERTURNED. ASSISTED BY TPR. M. R. LAWSON (831).
1205901,3190031494,Missouri State Highway Patrol-Troop F,1573430400000,190657551,1,0,1,0,Personal Injury,MILLER,NON-CITY OR UNINCORPORATED,F,1,1,0,2518,0.48,B ,S ,RT Y,PVT RABBIT HILL ROAD,Daylight,Overturn,2,,Mon     ,0,0,0,0,1,0,0,0,0,0,0,0,0,0,0,1,0,0,0,0,0,0,0,0,0,38.32703,-92.66376,0,11/11/2019,16:43:00,CRASH OCCURRED AS VEHICLE 1 TRAVELED OFF THE ROADWAY AND OVERTURNED.
1145897,3190030972,Missouri State Highway Patrol-Troop E,1573430400000,190657557,1,0,1,0,Personal Injury,NEW MADRID,NON-CITY OR UNINCORPORATED,E,2,2,0,1420,0.27,B ,S ,US 61,CRD 630,Dark-Lighted,Motor Vehicle in Transport,1,64,Mon     ,0,0,0,0,1,0,0,0,0,0,0,0,0,0,0,1,0,0,0,0,0,0,0,0,0,36.68985,-89.55584,0,11/11/2019,16:45:00,CRASH OCCURRED AS VEHICLE 1 SLID ON SNOW COVERED ROADWAY AND STRUCK VEHICLE 2
1249293,3190031392,Missouri State Highway Patrol-Troop C,1573430400000,190657586,1,0,1,0,Personal Injury,STE. GENEVIEVE,NON-CITY OR UNINCORPORATED,C,2,2,0,739,0.14,B ,N,RT N,RT Z,Dark-Unlighted,Motor Vehicle in Transport,1,64,Mon     ,0,0,0,0,1,0,0,0,0,0,0,0,0,0,0,1,0,0,0,0,1,0,0,1,1,37.83569,-90.01722,0,11/11/2019,16:50:00,VEHICLE 1 CROSSED THE CENTERLINE AND STRUCK THE FRONT OF VEHICLE 2
1253426,3190031861,Missouri State Highway Patrol-Troop C,1573430400000,190657597,2,0,1,1,Personal Injury,FRANKLIN,NON-CITY OR UNINCORPORATED,C,3,3,0,1615,0.31,A ,E ,US 50,RT UU,Dark-Unlighted,Motor Vehicle in Transport,1,64,Mon     ,0,0,0,0,1,0,0,1,0,0,0,0,0,0,0,1,0,0,0,0,1,0,0,1,0,38.44107,-91.03728,0,11/11/2019,17:00:00,"DRIVER 1 LOST CONTROL OF VEHICLE 1, CROSSED THE CENTERLINE AND WAS STRUCK BY VEHICLE 2. VEHICLE 3 THEN STRUCK VEHICLE 2."
822923,3190031007,Missouri State Highway Patrol-Troop A,1573430400000,190657626,2,0,1,1,Personal Injury,BENTON,NON-CITY OR UNINCORPORATED,A,1,1,0,3695,0.7,B ,N,MO 7,RT DD,Dark-Unknown Lighting,Fixed Object,2,,Mon     ,0,0,0,0,1,0,1,0,0,0,0,0,0,0,0,1,0,0,0,0,0,0,0,0,0,38.12474,-93.09239,0,11/11/2019,17:10:00,CRASH OCCURRED AS DRIVER #1 LOST CONTROL ON ICE COVERED ROADWAY. VEHICLE #1 TRAVELED OFF THE LEFT SIDE OF THE ROADWAY AND STRUCK A TREE.
1049977,3190031087,Missouri State Highway Patrol-Troop I,1573430400000,190657672,1,0,1,0,Personal Injury,DENT,NON-CITY OR UNINCORPORATED,I,1,1,0,3168,0.6,A ,W ,MO 32,CRD 6120,Dark-Unlighted,Fixed Object,2,,Mon     ,1,1,0,0,1,0,0,1,0,0,0,0,0,0,0,1,0,0,0,0,0,0,0,0,0,37.62871,-91.58435,0,11/11/2019,17:25:00,"OCCURRED AS VEHICLE 1 LOST CONTROL ON THE ICE RAN OFF RIGHT SIDE OF ROADWAY OVERTURNED AND STRUCK A FENCE. ASSISTED BY TPR T D STEWART, DENT COUNTY SHERIFF'S OFFICE AND DENT COUNTY FIRE DEPARTMENT"
1320462,3190031284,Missouri State Highway Patrol-Troop G,1573430400000,190657727,2,0,2,0,Personal Injury,TEXAS,NON-CITY OR UNINCORPORATED,G,1,1,0,1583,0.3,A ,W ,RT B,CRD MORTON ROAD,Dark-Unlighted,Fixed Object,2,,Mon     ,0,0,0,0,1,0,1,0,0,0,0,0,0,0,0,1,0,0,0,0,0,0,0,0,0,37.328,-91.92495,0,11/11/2019,17:45:00,"OCCURRED AS VEHICLE #1 TRAVELED OFF OF THE LEFT SIDE OF THE ROADWAY, STRUCK AN EMBANKMENT AND OVERTURNED."
1212502,3190032966,Missouri State Highway Patrol-Troop C,1573430400000,190657736,1,0,1,0,Personal Injury,WASHINGTON,NON-CITY OR UNINCORPORATED,C,1,1,0,1098,0.21,B ,W ,RT A,CRD BIRD RD,Dark-Unlighted,Fixed Object,2,,Mon     ,0,0,0,0,1,0,1,0,0,0,0,0,0,0,0,1,0,0,0,0,0,0,0,0,0,38.19287,-90.97472,0,11/11/2019,17:55:00,VEHICLE 1 RAN OFF THE RIGHT SIDE OF THE ROADWAY AND STRUCK A TREE
877556,3190031720,Missouri State Highway Patrol-Troop A,1573430400000,190657766,4,0,4,0,Personal Injury,JOHNSON,NON-CITY OR UNINCORPORATED,A,2,2,0,1209,0.23,A ,N,MO 13,CRD NW 875TH RD,Dark-Unlighted,Motor Vehicle in Transport,1,60,Mon     ,0,0,0,0,0,0,0,0,0,0,0,0,0,0,0,1,0,0,0,0,0,0,0,0,0,38.89226,-93.73806,0,11/11/2019,18:10:00,CRASH OCCURRED AS VEHICLE #2 WAS TRAVELING NORTH ON MO 13 HWY.  VEHICLE #1 WAS TRAVELING SOUTH AND PASSING A VEHICLE.  VEHICLE #1 STRUCK VEHICLE #2 HEAD ON.
782158,3190031406,Missouri State Highway Patrol-Troop A,1573430400000,190657797,1,0,1,0,Personal Injury,HENRY,NON-CITY OR UNINCORPORATED,A,1,1,0,1584,0.3,A ,E ,CRD DIVISON,CRD NW 301,Dark-Unlighted,Fixed Object,2,,Mon     ,0,0,0,0,1,1,1,0,0,0,0,0,0,0,0,1,0,0,0,0,0,0,0,0,0,38.36774,-93.80636,0,11/11/2019,18:20:00,"CRASH OCCURRED AS DRIVER OF VEHICLE 1 LOST CONTROL, RAN OFF THE RIGHT SIDE OF THE ROADWAY AND STRUCK A DITCH. VEHICLE 1 BEGAN TO ROTATE AND STRUCK THE DITCH A SECOND TIME."
1508001,3190031133,Missouri State Highway Patrol-Troop H,1573430400000,190657826,1,0,1,0,Personal Injury,HARRISON,NON-CITY OR UNINCORPORATED,H,1,1,0,2053,0.39,B ,E ,MO 146,CRD E 320 LN,Dark-Unlighted,Fixed Object,2,,Mon     ,0,0,0,0,0,0,0,0,0,0,0,0,0,0,0,0,0,0,0,0,0,0,0,0,0,40.14769,-93.82797,0,11/11/2019,18:35:00,OCCURRED AS VEHICLE 1 WAS WESTBOUND ON M-146. DRIVER FELL ASLEEP AND VEHICLE 1 WENT OFF THE SOUTH SIDE OF THE ROAD AND STRUCK A CULVERT. VEHICLE 1 CAME TO REST OFF THE SOUTH SIDE OF THE ROADWAY FACING WEST.
955462,3190031135,Missouri State Highway Patrol-Troop D,1573430400000,190657854,1,0,1,0,Personal Injury,GREENE,NON-CITY OR UNINCORPORATED,D,1,1,0,0,0,AT,N,RT Z,BRIDGE T0371,Dark-Unlighted,Fixed Object,2,,Mon     ,0,0,0,0,1,0,1,0,0,0,0,0,0,0,0,1,0,0,0,0,0,0,0,0,0,37.32765,-93.43207,0,11/11/2019,18:45:00,"CRASH OCCURRED AS VEHICLE 1 WAS TRAVELING DOWN A HILL, SLID ON ICE COVERED ROADWAY, VEHICLE 1 TRAVELED OFF RIGHT SIDE OF ROADWAY STRIKING A ROAD SIGN"
1050022,3190031361,Missouri State Highway Patrol-Troop I,1573430400000,190657902,3,0,2,1,Personal Injury,DENT,NON-CITY OR UNINCORPORATED,I,1,1,0,10,0,A ,W ,MO 32,CRD 5170,Dark-Unlighted,Overturn,2,,Mon     ,0,0,0,0,1,1,1,0,0,0,0,0,0,0,0,1,0,0,0,0,0,0,0,0,0,37.62692,-91.43333,0,11/11/2019,19:20:00,"OCCURRED AS VEHICLE 1 LOST CONTROL ON THE ICE, RAN OFF THE LEFT SIDE OF ROADWAY, OVERTURNED AND STRUCK A UTILITY POLE. ASSISTED BY DENT COUNTY SHERIFF'S OFFICE AND  DENT COUNTY FIRE DEPARTMENT."