objectid,accident,agency,inv_date,complaint,injured,killed,min_inj,dis_inj,severity,county,city,troop,no_vehicle,motor_veh,left_scene,dist_feet,dist_mile,inter_loc,direction,on_street,at_street,light_cond,acc_type,on_off_rd,two_veh,day_week,dr_drink,dr_drug,ped_drink,ped_drug,speed,dr_under21,dr_under25,dr_over55,dr_over64,electrical,emer_veh,stop_sign,yield_sign,czone,hazmat,aggressive,cell_phone,texting,veh_defect,school_bus,truck,motorcycle,atv,pickup,cmv,gps_lat,gps_long,severity_fatal,acc_date,acc_time,narrative
1050023,3190031498,Missouri State Highway Patrol-Troop I,1573430400000,190657916,1,0,1,0,Personal Injury,DENT,NON-CITY OR UNINCORPORATED,I,1,1,0,475,0.09,B ,W ,MO 32,BRIDGE A4261,Dark-Unlighted,Fixed Object,2,,Mon     ,0,0,0,0,1,0,0,1,1,0,0,0,0,0,0,1,0,0,0,0,0,0,0,0,1,37.52409,-91.75091,0,11/11/2019,19:34:00,"THE CRASH OCCURRED AS VEHICLE 1 SLID OFF THE RIGHT SIDE OF THE ROADWAY, STRIKING TREES AND AN EMBANKMENT."
885357,3190032698,Missouri State Highway Patrol-Troop A,1573430400000,190657944,1,0,1,0,Personal Injury,CASS,NON-CITY OR UNINCORPORATED,A,3,3,0,2302,0.44,B ,N,RT D,CRD 195TH,Dark-Unlighted,Motor Vehicle in Transport,1,61,Mon     ,0,0,0,0,0,0,0,0,0,0,0,0,0,0,0,0,0,0,1,0,1,0,0,1,0,38.76777,-94.58883,0,11/11/2019,20:05:00,"OCCURRED AS VEH1 STRUCK TOWED UNIT OF VEH2. VEH2 THEN STRUCK PED1, PINNING PED1 AGAINST VEH3. ASSISTED BY CASS COUNTY DEPUTIES"
1178227,3190032400,Missouri State Highway Patrol-Troop F,1573430400000,190658012,1,0,1,0,Personal Injury,CAMDEN,NON-CITY OR UNINCORPORATED,F,1,1,0,660,0.12,B ,W ,US 54,CRD J R HUNT DR,Dark-Unlighted,Fixed Object,2,,Mon     ,1,0,0,0,0,0,1,0,0,0,0,0,0,0,0,1,0,0,0,0,1,0,0,1,0,37.98069,-92.8865,0,11/11/2019,20:50:00,"OCCURRED AS VEHICLE 1 RAN OFF THE RIGHT SIDE OF THE ROAD, STRUCK A GUARDRAIL AND WENT DOWN AN EMBANKMENT."
1281086,3190034180,Missouri State Highway Patrol-Troop C,1573430400000,190658050,6,0,6,0,Personal Injury,ST. LOUIS,MARYLAND HEIGHTS,C,3,3,0,401,0.08,A ,W ,IS 270,ERM SOUTH IS 270 MILE 190,Dark-Unlighted,Motor Vehicle in Transport,1,63,Mon     ,0,0,0,0,0,0,0,0,0,0,0,0,0,0,0,1,0,0,0,0,1,0,0,1,0,38.73139,-90.44371,0,11/11/2019,21:20:00,"VEHICLE 1 WAS TRAVELING ON SOUTHBOUND I-270, ALONG WITH VEHICLES 2 AND 3. VEHICLE 1 FAILED TO MAINTAIN ITS LANE AND IMPACTED VEHICLE 2 FROM THE RIGHT. DRIVER 1 THEN LOST CONTROL AND PUSHED VEHICLE 2 INTO VEHICLE 3. ALL THREE VEHICLES THEN COLLIDED WITH THE CONCRETE TRAFFIC BARRIER."
939728,3190031520,Missouri State Highway Patrol-Troop D,1573516800000,190658086,3,0,3,0,Personal Injury,CHRISTIAN,NON-CITY OR UNINCORPORATED,D,2,2,0,1024,0.19,B ,E ,US 60,CRD ALOE RD,Daylight,Motor Vehicle in Transport,1,64,Mon     ,0,0,0,0,0,0,0,1,1,0,0,0,0,0,0,1,0,0,0,0,0,0,0,0,0,37.02374,-93.60324,0,11/11/2019,16:15:00,"CRASH OCCURRED AS VEHICLE 1 LOST CONTROL ON ICE COVERED ROADWAY, CROSSED CENTER OF ROADWAY AND WAS STRUCK BY VEHICLE 2."
1320637,3190030948,Missouri State Highway Patrol-Troop G,1573430400000,190658107,1,0,1,0,Personal Injury,TEXAS,NON-CITY OR UNINCORPORATED,G,1,1,0,2508,0.47,A ,N,MO 17,RT AP,Dark-Unlighted,Fixed Object,2,,Mon     ,0,0,0,0,1,0,1,0,0,0,0,0,0,0,0,1,0,0,0,0,1,0,0,1,0,37.49429,-92.12752,0,11/11/2019,22:48:00,"ACCIDENT OCCURRED AS VEHICLE #1 LOST CONTROL ON ICE COVERED  CURVE, TRAVELED OFF THE ROADWAY AND IMPACTED A TREE.         ASSISTED BY THE ROBY FIRE DEPARTMENT."
861244,3190031244,Missouri State Highway Patrol-Troop A,1573516800000,190658170,1,0,1,0,Personal Injury,LAFAYETTE,NON-CITY OR UNINCORPORATED,A,1,1,0,31,0.01,A ,W ,IS 70,ERM WEST IS 70 MILE 428,Dark-Unlighted,Fixed Object,2,,Tue     ,0,0,0,0,0,0,0,0,0,0,0,0,0,0,0,1,0,0,0,0,0,0,0,0,1,39.00447,-93.85444,0,11/12/2019,01:40:00,CRASH OCCURRED AS VEHICLE 1 WAS WESTBOUND ON I-70. VEHICLE 1 TRAVELED OFF THE LEFT SIDE OF THE ROADWAY AND STRUCK THE MEDIAN CABLES BEFORE COMING TO REST. ASSISTED BY LAFAYETTE COUNTY DEPUTIES
1152180,3190030802,Missouri State Highway Patrol-Troop E,1573516800000,190658207,1,0,1,0,Personal Injury,STODDARD,NON-CITY OR UNINCORPORATED,E,1,1,0,1056,0.2,A ,E ,RT Z,BRIDGE P0445,Dark-Unlighted,Fixed Object,2,,Tue     ,0,0,0,0,1,0,0,0,0,0,0,0,0,0,0,1,0,0,0,0,1,0,0,1,0,0,0,0,11/12/2019,05:00:00,TRAFFIC CRASH OCCURRED AS VEHICLE 1 SLID OFF RIGHT SIDE OF ROADWAY AND OVERTURNED.
1114592,3190031316,Missouri State Highway Patrol-Troop E,1573516800000,190658344,2,0,2,0,Personal Injury,MISSISSIPPI,NON-CITY OR UNINCORPORATED,E,1,1,0,1056,0.2,B ,N,MO 77,CRD 312,Daylight,Fixed Object,2,,Tue     ,0,0,0,0,1,0,0,0,0,0,0,0,0,0,0,1,0,0,0,0,0,0,0,0,0,36.84664,-89.2121,0,11/12/2019,07:20:00,"TRAFFIC CRASH OCCURRED AS VEHICLE 1 TRAVELED OFF LEFT SIDE OF ROADWAY, STRUCK A DITCH, AND OVERTURNED."
867236,3190030889,Missouri State Highway Patrol-Troop A,1573516800000,190658359,2,0,2,0,Personal Injury,CLAY,KANSAS CITY,A,3,3,0,100,0.02,A ,S ,IS 35,ERM SOUTH IS 35 MILE 80,Daylight,Motor Vehicle in Transport,1,61,Tue     ,0,0,0,0,0,0,0,0,0,0,0,0,0,0,0,1,0,0,0,0,0,0,0,0,0,39.16434,-94.55946,0,11/12/2019,07:30:00,"CRASH OCCURRED AS VEHICLE 1 WAS TRAVELING SOUTH ON I -35 IN RIGHT LANE. TRAFFIC SLOWED IN FRONT OF VEHICLE 1  DUE TO INATTENTION OF DRIVER 1, VEHICLE 1 STRUCK THE REAR OF VEHICLE 2. VEHICLE 2 SKIDDED FORWARD AND STRUCK THE REAR OF VEHICLE 3."
1114593,3190031063,Missouri State Highway Patrol-Troop E,1573516800000,190658394,1,0,1,0,Personal Injury,MISSISSIPPI,NON-CITY OR UNINCORPORATED,E,1,1,0,3695,0.7,B ,S ,MO 77,CRD 220,Daylight,Overturn,2,,Tue     ,0,0,0,0,1,1,1,0,0,0,0,0,0,0,0,1,0,0,0,0,1,0,0,1,0,36.94557,-89.42524,0,11/12/2019,07:45:00,"CRASH OCCURRED AS VEHICLE 1 LOST CONTROL ON ICE COVERED ROADWAY, RAN OFF THE ROADWAY AND OVERTURNED."
1255837,3190032597,Missouri State Highway Patrol-Troop C,1573516800000,190658535,1,0,1,0,Personal Injury,JEFFERSON,NON-CITY OR UNINCORPORATED,C,2,2,0,528,0.1,B ,N,RT F,BRIDGE A2187,Dark-Unlighted,Motor Vehicle in Transport,1,60,Mon     ,0,0,0,0,1,0,1,0,0,0,0,0,0,0,0,1,0,0,0,0,1,0,0,1,0,38.46582,-90.73198,0,11/11/2019,18:00:00,DRIVER 1 LOST CONTROL OF VEHICLE 1. VEHICLE 1 SLID ACROSS CENTER OF ROADWAY AND THE FRONT OF VEHICLE 1 STRUCK THE FRONT OF VEHICLE 2. VEHICLE 1 TRAVELED BACK ACROSS THE ROADWAY AND STRUCK THE CONCRETE TRAFFIC BARRIER.
1312134,3190032244,Missouri State Highway Patrol-Troop C,1573516800000,190658562,1,0,1,0,Personal Injury,ST. CHARLES,ST PETERS,C,5,5,0,253,0.05,A ,W ,IS 70,MO 370,Daylight,Motor Vehicle in Transport,1,61,Tue     ,0,0,0,0,0,0,1,1,1,0,0,0,0,0,0,1,0,0,0,0,0,0,0,0,1,38.79839,-90.59258,0,11/12/2019,09:14:00,"VEHICLE 1 AND VEHICLE 2 WERE WESTBOUND IN LANE 1. VEHICLE 1 STRUCK THE REAR OF VEHICLE 2. VEHICLE 2 WAS PUSHED FORWARD INTO LANE 2 AND INTO THE REAR OF VEHICLE 5. VEHICLE 2 WAS LODGED INTO THE BACK OF VEHICLE 5 AND WAS PULLED FORWARD UNTIL VEHICLE 5 STOPPED ON THE RIGHT SHOULDER. VEHICLE 4 WAS IN LANE 3 AND VEHICLE 5 IN LANE 2. VEHICLE 3 WAS IN UNKNOWN LANE. AFTER VEHICLE 2 STRUCK VEHICLE 5, THE RIGHT REAR OF VEHICLE 2 STRUCK FRONT LEFT OF VEHICLE 4. THE CAUSE OF DAMAGE TO VEHICLE 3 IS UNDETERMINED. ASSISTED BY CPL. R. R. DAVIS (582)"
900693,3190031430,Missouri State Highway Patrol-Troop D,1573516800000,190658599,1,0,1,0,Personal Injury,ST. CLAIR,NON-CITY OR UNINCORPORATED,D,1,1,0,1077,0.2,B ,E ,MO 82,CRD SW 1301,Daylight,Fixed Object,2,,Tue     ,0,0,0,0,1,0,0,1,0,0,0,0,0,0,0,1,0,0,0,0,1,0,0,1,0,37.93557,-93.95489,0,11/12/2019,09:25:00,NR1 LOST CONTROL OF VEHICLE ON SLICK ROADWAY AND STRUCK A TREE.
1255821,3190031762,Missouri State Highway Patrol-Troop C,1573516800000,190658603,1,0,1,0,Personal Injury,JEFFERSON,NON-CITY OR UNINCORPORATED,C,2,2,0,0,0,AT,N,MO 141,CRD SCHNEIDER RD,Daylight,Motor Vehicle in Transport,1,64,Tue     ,0,0,0,0,0,1,1,1,1,1,0,0,0,0,0,1,0,0,0,0,0,0,0,0,0,0,0,0,11/12/2019,09:30:00,VEHICLE 1 WAS TRAVELING NORTHBOUND ON HIGHWAY 141. VEHICLE 2 WAS STOPPED ON WESTBOUND SCHNEIDER ROAD AT A STEADY RED SIGNAL. THE TRAFFIC LIGHT FOR VEHICLE 2 TURNED GREEN AND VEHICLE 2 BEGAN MAKING A LEFT TURN. VEHICLE 1 TRAVELED THROUGH A SOLID RED LIGHT AND THE FRONT RIGHT OF VEHICLE 1 STRUCK THE FRONT LEFT OF VEHICLE 2
1504615,3190031089,Missouri State Highway Patrol-Troop H,1573516800000,190658779,2,0,2,0,Personal Injury,DAVIESS,NON-CITY OR UNINCORPORATED,H,2,2,0,800,0.15,A ,E ,CRD ELMWOOD AVE,CRD 151ST ST,Daylight,Motor Vehicle in Transport,1,60,Tue     ,0,0,0,0,0,0,0,1,1,0,0,0,0,0,0,1,0,0,0,0,1,0,0,1,0,40.07674,-94.12055,0,11/12/2019,11:00:00,CRASH OCCURRED AS VEH 1 WAS TRAVELING EASTBOUND ON ELMWOOD AVE AND VEH 2 WAS TRAVELING WESTBOUND. VEH 1 CAME OVER A HILLCREST AND COLLIDED HEAD-ON  WITH THE FRONT OF VEH 2. VEH 1 SPUN OFF THE SOUTH SIDE OF THE ROADWAY AND CAME TO REST ON ITS WHEELS FACING NORTH WEST. VEH 2 RAN OFF THE NORTH SIDE OF THE ROADWAY AND CAME TO REST ON ITS WHEELS FACING WEST.  ASSISTED BY DAVIESS COUNTY SHERIFF'S DEPARTMENT.
1135857,3190031175,Missouri State Highway Patrol-Troop E,1573516800000,190658815,2,0,2,0,Personal Injury,CAPE GIRARDEAU,NON-CITY OR UNINCORPORATED,E,1,1,0,496,0.09,A ,W ,RT Y,RT V,Daylight,Fixed Object,2,,Tue     ,0,0,0,0,1,0,0,0,0,0,0,0,0,0,0,1,0,0,0,0,0,0,0,0,0,37.44136,-89.53754,0,11/12/2019,11:13:00,TRAFFIC CRASH OCCURRED AS VEHICLE 1 RAN OFF RIGHT SIDE OF ROADWAY AND STRUCK AN UTILITY POLE
1328696,3190031781,Missouri State Highway Patrol-Troop G,1573516800000,190658834,1,0,1,0,Personal Injury,OREGON,NON-CITY OR UNINCORPORATED,G,1,1,0,1647,0.31,B ,W ,RT V,CRD 264,Daylight,Fixed Object,2,,Tue     ,0,0,0,0,1,1,1,0,0,0,0,0,0,0,0,1,0,0,0,0,0,0,0,0,0,36.50889,-91.3964,0,11/12/2019,11:40:00,VEHICLE ONE SLID OFF THE LEFT SIDE OF THE ROADWAY AND STRUCK THE GROUND
1249265,3190030853,Missouri State Highway Patrol-Troop C,1573516800000,190658866,1,0,1,0,Personal Injury,STE. GENEVIEVE,NON-CITY OR UNINCORPORATED,C,1,1,0,1235,0.23,A ,N,RT O,BRIDGE A5108,Daylight,Fixed Object,2,,Tue     ,0,0,0,0,1,0,0,1,1,0,0,0,0,0,0,1,0,0,0,0,0,0,0,0,0,37.97088,-90.19723,0,11/12/2019,12:09:00,VEHICLE 1 TRAVELED OFF THE LEFT SIDE OF THE ICE COVERED ROADWAY AND STRUCK AN EMBANKMENT.
1184833,3190031555,Missouri State Highway Patrol-Troop B,1573516800000,190658871,2,0,1,1,Personal Injury,SCHUYLER,NON-CITY OR UNINCORPORATED,B,2,2,0,2412,0.46,B ,E ,US 136,CRD GOWER LANE,Daylight,Motor Vehicle in Transport,1,62,Tue     ,0,0,0,0,0,0,0,1,1,0,0,0,0,0,0,1,0,0,0,0,0,0,0,0,1,40.52392,-92.49134,0,11/12/2019,12:00:00,"VEHICLE 01 CROSSED THE CENTER OF THE ROADWAY AND STRUCK VEHICLE 02 IN THE FRONT DRIVER'S SIDE.  VEHICLE 01 OVERTURNED AND CAME TO REST IN THE EASTBOUND LANE.  ASSISTED BY SCHUYLER COUNTY SHERIFF'S DEPARTMENT, LANCASTER FIRE DEPARTMENT AND MISSOURI CONSERVATION DEPARTMENT."
1265009,3190031376,Missouri State Highway Patrol-Troop C,1573516800000,190658918,1,0,1,0,Personal Injury,ST. CHARLES,O'FALLON,C,2,2,0,5,0,B ,N,MO 79,CST TR HUGHES BOULEVARD,Daylight,Motor Vehicle in Transport,1,61,Tue     ,0,0,0,0,0,0,0,1,0,1,0,0,0,0,0,0,0,0,0,0,0,0,0,0,0,38.82513,-90.66385,0,11/12/2019,12:45:00,"VEHICLE 2 WAS STOPPED NORTHBOUND HIGHWAY 79 AT T.R. HUGHES AT A RED TRAFFIC SIGNAL. DRIVER 1 FAILED TO NOTICE VEHICLE 2 STOPPED AND THE FRONT OF VEHICLE 1 STRUCK THE REAR OF VEHICLE 2, THEN VEHICLE 1 RAN OFF THE LEFT SIDE OF THE  ROADWAY. VEHICLE 2 WAS PUSHED OFF ONTO  THE RIGHT SIDE OF THE ROADWAY. ASSISTED BY TPR. T. A. REENTS (916)"
877554,3190031922,Missouri State Highway Patrol-Troop A,1573516800000,190658919,1,0,1,0,Personal Injury,JOHNSON,NON-CITY OR UNINCORPORATED,A,1,1,0,500,0.09,A ,S ,RT WW,CRD SE 1101 RD,Daylight,Fixed Object,2,,Tue     ,0,0,0,0,1,0,0,0,0,0,0,0,0,0,0,1,0,0,0,0,0,0,0,0,0,0,0,0,11/12/2019,12:40:00,"CRASH OCCURRED AS VEHICLE 1 FAILED TO NEGOTIATE A CURVE TO THE LEFT. DRIVER  LOST CONTROL ON THE SNOW/ICE COVERED ROADWAY, CAUSING VEHICLE 1 TO TRAVEL  OFF THE RIGHT SIDE OF THE ROADWAY AND STRIKE A TREE."
1320638,3190032996,Missouri State Highway Patrol-Troop G,1573516800000,190658943,1,0,0,1,Personal Injury,TEXAS,NON-CITY OR UNINCORPORATED,G,1,1,0,4752,0.9,B ,N,MO 17,RT AP,Daylight,Fixed Object,2,,Tue     ,0,0,0,0,0,0,0,0,0,0,0,0,0,0,0,0,0,0,0,0,0,0,0,0,0,37.48332,-92.11568,0,11/12/2019,12:50:00,"DRIVER OF VEHICLE 1 FELL ASLEEP AND DROVE OFF THE LEFT SIDE OF THE ROADWAY, WENT THROUGH A FENCE AND STRUCK THE LOADING DOCK OF A BUSINESS."
1152178,3190031999,Missouri State Highway Patrol-Troop E,1573516800000,190659085,2,0,2,0,Personal Injury,STODDARD,NON-CITY OR UNINCORPORATED,E,2,2,0,2640,0.5,A ,N,CRD 237,RT AC,Daylight,Motor Vehicle in Transport,1,60,Tue     ,0,0,0,0,0,1,1,0,0,0,0,0,0,0,0,1,0,0,0,0,1,0,0,1,0,36.92774,-90.00006,0,11/12/2019,13:55:00,CRASH OCCURRED AS VEHICLE 1 CROSSED THE CENTER OF THE ROAD AND STRUCK VEHICLE 2 HEAD ON.
1272651,3190032486,Missouri State Highway Patrol-Troop C,1573516800000,190659607,3,0,2,1,Personal Injury,ST. FRANCOIS,NON-CITY OR UNINCORPORATED,C,1,1,0,1056,0.2,B ,S ,CRD OLD VANDERGRIFF RD,CRD BANNISTER RD,Dark-Unlighted,Fixed Object,2,,Tue     ,0,0,0,0,1,1,1,0,0,0,0,0,0,0,0,1,0,0,0,0,0,0,0,0,0,37.75148,-90.53413,0,11/12/2019,20:02:00,VEHICLE ONE WAS TRAVELING TOO FAST FOR THE ICY ROADWAY CONDITIONS. VEHICLE ONE TRAVELED OFF THE RIGHT SIDE OF THE ROAD AND STRUCK A TREE.
1509303,3190031455,Missouri State Highway Patrol-Troop H,1573516800000,190659653,1,0,1,0,Personal Injury,NODAWAY,NON-CITY OR UNINCORPORATED,H,1,1,0,22,0,A ,S ,CRD JET RD,CRD 205TH ST,Dark-Unlighted,Overturn,2,,Tue     ,0,0,0,0,1,1,1,0,0,0,0,0,0,0,0,1,0,0,0,0,0,0,0,0,0,0,0,0,11/12/2019,20:35:00,CRASH OCCURRED AS VEH 1 WAS WESTBOUND ON 205TH ST. VEH 1 FAILED TO NEGOTIATE A TURN AND RAN OFF THE WEST SIDE OF THE ROADWAY. VEH 1 TRAVELED DOWN AN EMBANKMENT AND BEGAN TO OVERTURN. VEH 1 CAME TO REST OFF THE WEST SIDE OF THE ROADWAY FACING SOUTHEAST. ASSISTED BY NODAWAY COUNTY SHERIFF'S OFFICE.
1142129,3190030929,Missouri State Highway Patrol-Troop E,1573516800000,190659665,2,0,1,1,Personal Injury,BUTLER,NON-CITY OR UNINCORPORATED,E,1,1,0,2196,0.42,B ,W ,CRD 467,CRD 488WJ,Dark-Unlighted,Fixed Object,2,,Tue     ,0,0,0,0,1,1,1,0,0,0,0,0,0,0,0,1,0,0,0,0,0,0,0,0,0,36.748,-90.45348,0,11/12/2019,20:58:00,"CRASH OCCURRED AS VEHICLE 1 RAN OFF ROADWAY, STRUCK A DRIVEWAY AND OVERTURNED."
1185822,3190032378,Missouri State Highway Patrol-Troop B,1573516800000,190659674,1,0,1,0,Personal Injury,SULLIVAN,NON-CITY OR UNINCORPORATED,B,1,1,0,982,0.19,A ,N,MO 129,BRIDGE B0166,Dark-Unlighted,Overturn,2,,Tue     ,0,0,0,0,1,1,1,0,0,0,0,0,0,0,0,1,0,0,0,0,0,0,0,0,0,40.19283,-92.94083,0,11/12/2019,20:30:00,VEHICLE 1 LOST CONTROL ON A PATCH OF ICE TRAVELED OFF THE LEFT SIDE OF THE ROADWAY AND OVERTURNED.  ASSISTED BY SULLIVAN COUNTY SHERIFF'S OFFICE.
1145901,3190031648,Missouri State Highway Patrol-Troop E,1573603200000,190659807,1,0,1,0,Personal Injury,NEW MADRID,NON-CITY OR UNINCORPORATED,E,1,1,0,0,0,AT,W ,US 60,BU 60 WJ,Dark-Unlighted,Fixed Object,2,,Wed     ,0,0,0,0,0,0,0,1,1,0,0,0,0,0,0,1,0,0,0,0,1,0,0,1,0,36.84436,-89.63195,0,11/13/2019,00:02:00,VEH1 RAN OFF THE ROADWAY STRIKING  TWO MODOT SIGNS AND THE MEDIAN. TWO MODOT SIGNS WERE DAMAGED IN THIS INCIDENT.
943333,3190030965,Missouri State Highway Patrol-Troop D,1573603200000,190659837,1,0,1,0,Personal Injury,DALLAS,NON-CITY OR UNINCORPORATED,D,1,1,0,1176,0.22,B ,W ,MO 32,CRD CAVE CREEK ROAD,Dark-Unlighted,Fixed Object,2,,Wed     ,0,0,0,0,1,0,0,0,0,0,0,0,0,0,0,1,0,0,0,0,1,0,0,1,0,37.61416,-92.86428,0,11/13/2019,03:30:00,NBR 1 RAN OFF THE ROADWAY AND STRUCK A FENCE
1272650,3190032480,Missouri State Highway Patrol-Troop C,1573603200000,190659860,1,0,1,0,Personal Injury,ST. FRANCOIS,NON-CITY OR UNINCORPORATED,C,1,1,0,10,0,A ,N,RT OO,CRD FEEZER RD,Dark-Unlighted,Fixed Object,2,,Wed     ,0,0,0,0,1,0,1,0,0,0,0,0,0,0,0,1,0,0,0,0,0,0,0,0,0,37.74462,-90.36199,0,11/13/2019,05:30:00,VEHICLE 1 WAS TRAVELING SOUTHBOUND ON HIGHWAY OO. DRIVER 1 LOST CONTROL AFTER HITTING A PATCH OF ICE ON THE ROADWAY. VEHICLE 1 TRAVELED OFF THE LEFT SIDE OF THE ROADWAY AND OVERTURNED.
1175174,3190030912,Missouri State Highway Patrol-Troop B,1573603200000,190659861,1,0,1,0,Personal Injury,MARION,NON-CITY OR UNINCORPORATED,B,1,1,0,1679,0.32,A ,E ,MO 168,RT JJ,Dark-Unlighted,Overturn,2,,Wed     ,0,0,0,0,1,0,0,0,0,0,0,0,0,0,0,1,0,0,0,0,1,0,0,1,0,39.80397,-91.45549,0,11/13/2019,05:32:00,VEHICLE 1 WAS WESTBOUND RAN OFF THE ROAD AND OVERTURNED.
1511028,3190031940,Missouri State Highway Patrol-Troop H,1573603200000,190659875,1,0,0,1,Personal Injury,MERCER,NON-CITY OR UNINCORPORATED,H,2,2,0,422,0.08,A ,E ,RT M,CST ALLEY STREET EJ,Daylight,Motor Vehicle in Transport,1,61,Wed     ,0,0,0,0,0,0,0,1,0,0,0,0,0,0,0,1,0,0,0,0,1,0,0,1,0,40.51323,-93.52111,0,11/13/2019,06:25:00,CRASH OCCURRED AS NR1 AND NR2 WERE EASTBOUND. NR1 STRUCK THE REAR OF NR2. NR1 CAME TO REST OFF THE SOUTH SIDE OF THE ROADWAY AND NR2 OFF THE NORTH SIDE. ASSISTED BY MERCER CO SO.
1113424,3190031081,Missouri State Highway Patrol-Troop E,1573603200000,190660041,1,0,1,0,Personal Injury,DUNKLIN,NON-CITY OR UNINCORPORATED,E,2,2,0,1230,0.23,A ,N,RT EE,CRD 422,Daylight,Motor Vehicle in Transport,1,62,Wed     ,0,0,0,0,0,0,0,1,1,0,0,0,0,0,0,1,0,0,0,0,1,0,0,1,0,36.31267,-90.00858,0,11/13/2019,08:18:00,TRAFFIC CRASH OCCURRED AS VEHICLE 1 CROSSED CENTER LINE AND STRUCK VEHICLE 2
1180932,3190031737,Missouri State Highway Patrol-Troop B,1573603200000,190660082,1,0,1,0,Personal Injury,RANDOLPH,NON-CITY OR UNINCORPORATED,B,1,1,0,232,0.04,B ,E ,US 24,BRIDGE L0118,Daylight,Other Non Collision,2,,Wed     ,0,0,0,0,0,1,1,0,0,0,0,0,0,0,0,0,0,0,0,0,1,0,0,1,0,39.46874,-92.33619,0,11/13/2019,07:58:00,VEHICLE 1 WAS EASTBOUND RAN OFF THE ROAD AND DOWN AN EMBANKMENT.
965960,3190031009,Missouri State Highway Patrol-Troop D,1573603200000,190660217,1,0,1,0,Personal Injury,MCDONALD,NON-CITY OR UNINCORPORATED,D,1,1,0,332,0.06,A ,N,RT KK,BRIDGE A5579,Daylight,Overturn,2,,Wed     ,0,0,0,0,0,0,0,0,0,0,0,0,0,0,0,1,0,0,0,0,1,0,0,0,1,36.51018,-94.10823,0,11/13/2019,09:45:00,ACCIDENT OCCURRED AS VEH #1 RAN OFF THE RIGHT SIDE OF THE ROADWAY AND OVERTURNED
965956,3190030995,Missouri State Highway Patrol-Troop D,1573603200000,190660374,1,0,1,0,Personal Injury,MCDONALD,NON-CITY OR UNINCORPORATED,D,1,1,0,1320,0.25,B ,E ,RT H,PVT MOUNTAIN RIDGE DR,Daylight,Overturn,2,,Wed     ,0,0,0,0,0,0,0,1,0,0,0,0,0,0,0,0,0,0,0,0,0,0,0,0,1,36.57949,-94.40412,0,11/13/2019,11:20:00,ACCIDENT OCCURRED AS VEH #1 TRAVELED OFF THE RIGHT SIDE OF THE ROADWAY AND OVERTURNED
1133708,3190031050,Missouri State Highway Patrol-Troop E,1573603200000,190660399,1,0,1,0,Personal Injury,RIPLEY,NON-CITY OR UNINCORPORATED,E,1,1,0,8448,1.6,B ,E ,MO 142,BRIDGE T0828,Daylight,Fixed Object,2,,Wed     ,0,0,0,0,1,0,0,1,1,0,0,0,0,0,0,1,0,0,0,0,1,0,0,1,0,36.55857,-91.12489,0,11/13/2019,11:10:00,"CRASH OCCURRED AS VEHICLE 1 RAN OFF THE RIGHT SIDE OF THE ROADWAY, STRUCK A TREE AND CAME TO REST."
1333534,3190032911,Missouri State Highway Patrol-Troop G,1573603200000,190660567,3,0,3,0,Personal Injury,CARTER,NON-CITY OR UNINCORPORATED,G,1,1,Y,73,0.01,A ,E ,CRD 154,RT P,Daylight,Fixed Object,2,,Tue     ,0,0,0,0,0,1,1,0,0,0,0,0,0,0,0,0,0,0,0,0,0,0,0,0,0,36.96815,-91.19256,0,11/12/2019,13:00:00,"DRIVER WAS AN UNIDENTIFIED JUVENILE - MSGT. S.M. DOUGHERTY (492) WAITING FOR CONTACT FROM JUVENILE OFFICER TO CONTACT POSSIBLE DRIVER AND WITNESSES. VEHICLE ONE WAS EAST BOUND ON COUNTY ROAD 154, TRAVELED OFF THE RIGHT SIDE OF THE ROADWAY STRUCK AN EMBANKMENT AND A TREE BEFORE OVERTURNING."
1120858,3190032041,Missouri State Highway Patrol-Troop E,1573603200000,190660594,5,0,1,4,Personal Injury,IRON,NON-CITY OR UNINCORPORATED,E,2,2,0,1462,0.28,B ,N,MO 49,CRD 3,Daylight,Motor Vehicle in Transport,1,60,Wed     ,0,0,0,0,1,0,0,0,0,0,0,0,0,0,0,1,0,0,0,0,0,0,0,0,0,37.69828,-91.13195,0,11/13/2019,12:45:00,CRASH OCCURRED AS DRIVER 1 LOST CONTROL OF VEHICLE 1 ON A PARTIALLY ICE COVERED ROADWAY. VEHICLE 1 CROSSED THE CENTER LINE AND STRUCK NORTH BOUND VEHICLE 2 HEAD ON.
1253631,3190033477,Missouri State Highway Patrol-Troop C,1573603200000,190660734,1,1,0,1,Fatal,FRANKLIN,NON-CITY OR UNINCORPORATED,C,2,2,0,1700,0.32,B ,E ,CRD PROJECT RD,CRD FAIRVIEW CHURCH RD,Daylight,Motor Vehicle in Transport,1,62,Wed     ,1,1,0,0,1,0,0,0,0,0,0,0,0,0,0,1,0,0,0,0,0,0,0,0,0,38.27716,-90.78658,1,11/13/2019,14:18:00,"FATALITY REPORT - VEHICLE 1 WAS TRAVELING WESTBOUND ON PROJECT ROAD. VEHICLE 2 WAS TRAVELING EASTBOUND ON PROJECT ROAD. DRIVER 1 CROSSED THE CENTER LINE. VEHICLE 1 SIDESWIPED VEHICLE 2. VEHICLE 1 TRAVELED OFF THE RIDE SIDE OF THE ROADWAY. DRIVER 1 OVERCORRECTED. VEHICLE 1 RETURNED TO THE ROADWAY, BEGAN TO SKID, OVERTURNED MULTIPLE TIMES, AND CAME TO REST ON ITS WHEELS OFF THE LEFT SIDE OF THE ROADWAY. DRIVER 1 WAS EJECTED. DRIVER 1 FATALITY PRONOUNCED ON THE SCENE AT 1433 HOURS BY ST. CLAIR AMBULANCE PERSONNEL."