objectid,accident,agency,inv_date,complaint,injured,killed,min_inj,dis_inj,severity,county,city,troop,no_vehicle,motor_veh,left_scene,dist_feet,dist_mile,inter_loc,direction,on_street,at_street,light_cond,acc_type,on_off_rd,two_veh,day_week,dr_drink,dr_drug,ped_drink,ped_drug,speed,dr_under21,dr_under25,dr_over55,dr_over64,electrical,emer_veh,stop_sign,yield_sign,czone,hazmat,aggressive,cell_phone,texting,veh_defect,school_bus,truck,motorcycle,atv,pickup,cmv,gps_lat,gps_long,severity_fatal,acc_date,acc_time,narrative
1255840,3190032254,Missouri State Highway Patrol-Troop C,1573603200000,190660737,1,0,1,0,Personal Injury,JEFFERSON,NON-CITY OR UNINCORPORATED,C,2,2,0,0,0,AT,E ,MO 30,PVT DIEHL RD,Daylight,Motor Vehicle in Transport,1,64,Wed     ,0,0,0,0,0,1,1,1,0,0,0,1,0,0,0,1,0,0,0,0,1,0,0,1,0,38.33584,-90.66026,0,11/13/2019,14:18:00,DRIVER #2 FAILED TO YIELD TO VEHICLE #1 AND VEHICLE #1'S FRONT STRUCK THE DRIVER'S SIDE OF VEHICLE #2.
967787,3190031048,Missouri State Highway Patrol-Troop D,1573603200000,190660739,1,0,0,1,Personal Injury,BARRY,NON-CITY OR UNINCORPORATED,D,1,1,0,1852,0.35,B ,W ,MO 76,CRD 1170,Daylight,Fixed Object,2,,Wed     ,0,0,0,0,0,0,0,1,1,0,0,0,0,0,0,0,0,0,0,0,0,0,0,0,0,36.65306,-93.76438,0,11/13/2019,14:00:00,DVR #1 SUFFERED A MEDICAL INCIDENT CAUSING VEH #1 TO RUN OFF THE LEFT SIDE OF THE ROADWAY AND STRIKE SEVERAL TREES.
916769,3190031900,Missouri State Highway Patrol-Troop D,1573603200000,190660835,2,0,2,0,Personal Injury,JASPER,NON-CITY OR UNINCORPORATED,D,1,1,0,1145,0.22,B ,S ,CRD 40,CRD CRITTER LN,Daylight,Fixed Object,2,,Wed     ,0,0,0,0,1,1,1,0,0,0,0,0,0,0,0,1,0,0,0,0,0,0,0,0,0,37.08566,-94.1304,0,11/13/2019,15:10:00,"ACCIDENT OCCURRED AS VEHICLE #1 TRAVELED OFF OF THE LEFT SIDE OF THE ROADWAY, STRUCK AN EMBANKMENT, RETURNED TO THE ROADWAY AND OVERTURNED."
1152179,3190031010,Missouri State Highway Patrol-Troop E,1573603200000,190660843,1,0,1,0,Personal Injury,STODDARD,NON-CITY OR UNINCORPORATED,E,1,1,0,311,0.06,B ,N,RT P,CRD 585,Daylight,Fixed Object,2,,Wed     ,1,0,0,0,0,0,0,0,0,0,0,0,0,0,0,1,0,0,0,0,0,0,0,0,0,36.93302,-89.76166,0,11/13/2019,15:15:00,CRASH OCCURRED AS VEHICLE 1 RAN OFF THE RIGHT SIDE OF ROADWAY AND STRUCK A DITCH
1253224,3190031125,Missouri State Highway Patrol-Troop C,1573603200000,190660878,1,0,1,0,Personal Injury,FRANKLIN,NON-CITY OR UNINCORPORATED,C,2,2,0,99,0.02,A ,E ,PVT OAKMONT DRIVE,RT FF,Daylight,Motor Vehicle in Transport,1,64,Wed     ,0,0,0,0,1,0,0,1,1,0,0,0,0,0,0,1,0,0,0,0,1,0,0,1,0,38.28747,-90.82187,0,11/13/2019,15:30:00,"BOTH VEHICLES WERE EASTBOUND ON OAK MONT DRIVE. VEHICLE 1 WAS BEHIND VEHICLE 2. VEHICLE 1 WAS TRAVELING AT A HIGH RATE OF SPEED, DRIVER 1 LOST CONTROL OF VEHICLE 2 WHICH CAUSED THE RIGHT FRONT OF VEHICLE 1 TO STRIKE THE LEFT SIDE OF VEHICLE 2. THE IMPACT CAUSED VEHICLE 2 TO TRAVEL OFF THE RIGHT SIDE OF THE ROADWAY AND STRUCK A MAILBOX AND TREE."
1255838,3190032452,Missouri State Highway Patrol-Troop C,1573603200000,190661068,1,0,1,0,Personal Injury,JEFFERSON,NON-CITY OR UNINCORPORATED,C,2,2,0,0,0,AT,N,MO 21,MO 110,Dark-Unlighted,Motor Vehicle in Transport,1,64,Wed     ,0,0,0,0,0,0,0,0,0,0,0,1,0,0,0,1,0,0,0,0,0,0,0,0,0,38.17312,-90.56564,0,11/13/2019,17:00:00,"VEHICLE #1 WAS TRAVELING ON NORTHBOUND MISSOURI 21, SOUTH OF MISSOURI 110.  VEHICLE #2 WAS STOPPED ON WESTBOUND MISSOURI 110, EAST OF MISSOURI 21. DRIVER #2 ATTEMPTED TO TURN LEFT ONTO SOUTHBOUND MISSOURI 21. THE FRONT OF VEHICLE #1 STRUCK THE FRONT LEFT SIDE OF VEHICLE #2."
1265010,3190031849,Missouri State Highway Patrol-Troop C,1573603200000,190661086,1,0,1,0,Personal Injury,ST. CHARLES,O'FALLON,C,3,3,0,322,0.06,B ,N,MO 79,BRIDGE A4728,Dark-Unlighted,Motor Vehicle in Transport,1,61,Wed     ,0,0,0,0,0,0,0,1,1,0,0,0,0,0,0,1,0,0,0,0,0,0,0,0,0,38.81864,-90.65466,0,11/13/2019,17:13:00,ALL VEHICLES WERE TRAVELING NORTHBOUND ON MISSOURI ROUTE 79. VEHICLES 2 AND 3 BEGAN TO SLOW FOR TRAFFIC CONGESTION AHEAD. DRIVER 1 FAILED TO SLOW AND THE FRONT OF VEHICLE 1 STRUCK THE REAR OF VEHICLE 2. THE FRONT OF VEHICLE 2 WAS THEN PUSHED INTO THE REAR OF VEHICLE 3.
1195560,3190031669,Missouri State Highway Patrol-Troop F,1573603200000,190661156,1,0,1,0,Personal Injury,HOWARD,NON-CITY OR UNINCORPORATED,F,2,2,0,2112,0.4,B ,S ,MO 3,CRD 238,Dark-Unlighted,Motor Vehicle in Transport,1,61,Wed     ,0,0,0,0,0,0,0,0,0,0,0,0,0,0,0,0,0,0,0,0,0,0,0,0,0,39.30448,-92.68922,0,11/13/2019,17:42:00,"CRASH OCCURRED AS VEHICLE 2 WAS TRAVELING SOUTHBOUND BEHIND VEHICLE 1.  THE DRIVER OF VEHICLE 2 WAS INATTENTIVE AND STRUCK VEHICLE 1.  AFTER IMPACT VEHICLE 1 CAME TO REST BLOCKING HIGHWAY 3.  VEHICLE 2 CROSSED THE CENTER LINE, OVERTURNED AND CAME TO REST ON ITS TOP.  ASSISTED BY HOWARD COUNTY SHERIFF'S DEPARTMENT."
1021930,3190033347,Missouri State Highway Patrol-Troop D,1573603200000,190661204,2,2,0,2,Fatal,MCDONALD,PINEVILLE,D,3,3,0,3695,0.7,A ,N,US 71,BU 71 SJ,Dark-Unlighted,Motor Vehicle in Transport,1,64,Wed     ,0,0,0,0,1,0,1,0,0,0,0,0,0,0,0,1,0,0,0,0,0,0,0,0,0,36.56627,-94.37374,1,11/13/2019,18:05:00,FATALITY CRASH   NEXT OF KIN NOTIFIED   THIS IS TROOP D'S 98TH AND 99TH FATALITIES IN 2019 AND THE 4TH AND 5TH FATALITIES IN NOVEMBER.  CRASH OCCURRED AS VEHICLE 2 WAS TRAVELING NORTH IN THE LEFT LANE OF A DIVIDED HIGHWAY.  VEHICLE 1 WAS TRAVELING SOUTH AND ATTEMPTED TO MAKE A U-TURN TO TRAVEL NORTH AND WAS STRUCK BY VEHICLE 2.  OCCUPANTS OF VEHICLE 1 WERE PRONOUNCED DECEASED AT THE SCENE BY MCDONALD COUNTY CORONER BJ GOODWIN AT 1841 HOURS.  PER MISSOURI STATE STATUTE BOTH SURVIVING DRIVERS WERE TESTED FOR ALCOHOL.  ASSISTED BY MSGT M.K. FRAZIER #387.
1296145,3190031831,Missouri State Highway Patrol-Troop C,1573603200000,190661413,1,0,0,1,Personal Injury,ST. LOUIS,NON-CITY OR UNINCORPORATED,C,2,2,0,21,0,A ,E ,IS 44,CRD LEWIS RD,Dark-Unlighted,Motor Vehicle in Transport,1,61,Wed     ,0,0,0,0,0,1,1,0,0,0,0,0,0,0,0,0,0,0,0,0,0,0,0,0,0,38.50512,-90.58561,0,11/13/2019,20:47:00,"VEHICLES 2 AND 3 WERE TRAVELING EASTBOUND ON INTERSTATE 44. VEHICLE 1 WAS STOPPED IN THE LEFT LANE OF EASTBOUND INTERSTATE 44, WITH NO LIGHTS ON, POSSIBLY DUE TO MECHANICAL ISSUES. THE FRONT OF VEHICLE 2 STRUCK THE REAR OF VEHICLE 1. THE FRONT OF VEHICLE 3 STRUCK THE REAR OF VEHICLE 1 AND THEN STRUCK THE REAR OF VEHICLE 2."
1025599,3190031293,Missouri State Highway Patrol-Troop D,1573603200000,190661440,1,0,1,0,Personal Injury,TANEY,NON-CITY OR UNINCORPORATED,D,1,1,0,374,0.07,A ,N,US 65,ERM NORTH US 65 MILE 218,Dark-Unlighted,Animal,1,,Wed     ,0,0,0,0,0,0,0,0,0,0,0,0,0,0,0,0,0,0,0,0,0,0,0,0,0,0,0,0,11/13/2019,21:15:00,ACCIDENT OCCURRED AS VEHICLE #1 STRUCK A DEER.
1226490,3190031382,Missouri State Highway Patrol-Troop C,1573603200000,190661479,1,0,0,1,Personal Injury,JEFFERSON,NON-CITY OR UNINCORPORATED,C,1,1,0,432,0.08,B ,S ,MO 21,ERM SOUTH MO 21 MILE 1740,Dark-Unlighted,Animal,1,,Wed     ,0,0,0,0,0,0,0,0,0,0,0,0,0,0,0,0,0,0,0,0,0,0,0,0,0,38.32679,-90.51172,0,11/13/2019,21:42:00,"VEHICLE 1 WAS TRAVELING SOUTHBOUND ON MISSOURI ROUTE 21 AND STRUCK A DEER IN THE ROADWAY. VEHICLE 1 TRAVELED OFF THE RIGHT SIDE OF THE ROADWAY, STRUCK A ROCK BLUFF AND OVERTURNED"
846277,3190032037,Missouri State Highway Patrol-Troop A,1573689600000,190661747,1,0,1,0,Personal Injury,JOHNSON,NON-CITY OR UNINCORPORATED,A,1,1,0,248,0.05,B ,W ,US 50,CRD NW 601,Daylight,Fixed Object,2,,Thu     ,0,0,0,0,0,0,1,0,0,0,0,0,0,0,0,0,0,0,0,0,0,0,0,0,0,38.77941,-93.85338,0,11/14/2019,07:00:00,"OCCURRED AS DRIVER BECAME FATIGUED AND VEHICLE TRAVELED OFF THE ROADWAY INTO THE MEDIAN. VEHICLE THEN OVERCORRECTED AND TRAVELED OFF RIGHT SIDE OF THE ROAD BEFORE BECOMING AIRBORN, OVERTURNING, AND STRIKING A SIGN."
918493,3190031489,Missouri State Highway Patrol-Troop D,1573689600000,190661920,1,0,0,1,Personal Injury,JASPER,NON-CITY OR UNINCORPORATED,D,2,2,Y,0,0,AT,S ,RT JJ,CRD FIR RD,Daylight,Motor Vehicle in Transport,1,64,Thu     ,0,0,0,0,0,0,0,1,1,0,0,1,0,0,0,1,0,0,0,0,1,0,0,1,0,37.14481,-94.58118,0,11/14/2019,08:30:00,OCCURRED AS VEHICLE 2 FAILED TO YIELD AND STRUCK THE BACK OF VEHICLE 1. VEHICLE 1 RAN OFF THE ROADWAY AND VEHICLE 2 IMMEDIATELY LEFT THE SCENE.
1226491,3190031311,Missouri State Highway Patrol-Troop C,1573689600000,190661927,2,0,2,0,Personal Injury,JEFFERSON,NON-CITY OR UNINCORPORATED,C,3,3,0,73,0.01,B ,S ,RP 6263,MO 141,Daylight,Motor Vehicle in Transport,1,61,Thu     ,0,0,0,0,0,0,0,1,0,1,0,0,0,0,0,1,0,0,0,0,0,0,0,0,0,38.46259,-90.42407,0,11/14/2019,08:30:00,"VEHICLE #1 WAS STOPPED IN THE RIGHT TURN LANE ON THE RAMP FROM SOUTHBOUND MISSOURI 21 TO MISSOURI 141. VEHICLES #2 AND #3 WERE TRAVELING SOUTHBOUND ON THE RAMP. VEHICLE #3 STRUCK THE REAR OF VEHICLE #2.  AFTER THE FIRST COLLISION, VEHICLE #2 WAS PUSHED FORWARD, AND THE FRONT OF VEHICLE #2 STRUCK THE REAR OF VEHICLE #1."
1150424,3190031178,Missouri State Highway Patrol-Troop E,1573689600000,190661996,1,0,1,0,Personal Injury,PEMISCOT,NON-CITY OR UNINCORPORATED,E,2,2,0,22,0,A ,E ,RT U,RT D,Daylight,Motor Vehicle in Transport,1,64,Thu     ,0,0,0,0,0,0,0,1,1,0,0,0,0,0,0,1,0,0,0,0,0,0,0,0,0,36.17622,-89.69972,0,11/14/2019,09:02:00,"CRASH OCCURRED AS VEHICLE 1 STRUCK VEHICLE 2, AS VEHICLE 2 WAS ATTEMPTING TO MAKE A LEFT TURN."
1508683,3190031866,Missouri State Highway Patrol-Troop H,1573689600000,190662040,1,0,0,1,Personal Injury,HOLT,NON-CITY OR UNINCORPORATED,H,1,1,0,610,0.12,B ,S ,US 59,CRD 247,Daylight,Overturn,2,,Thu     ,0,0,0,0,0,1,1,0,0,0,0,0,0,0,0,1,0,0,0,0,0,0,0,0,0,40.04836,-95.13613,0,11/14/2019,09:18:00,"CRASH OCCURRED AS VEH 1 WAS SOUTHBOUND ON US 59 WHEN VEH 1 DROVE OFF THE WEST SIDE OF THE ROADWAY. VEH 1 RETURNED TO THE ROADWAY, CROSSED THE CENTER, AND DROVE OF THE EAST SIDE OF THE ROADWAY. VEH 1 OVERTURNED AND CAME TO REST ON ITS TOP FACING EASTBOUND. ASSISTED BY SGT. M. P. QUILTY (1221) AND HOLT COUNTY SO."
1265014,3190032243,Missouri State Highway Patrol-Troop C,1573689600000,190662268,1,0,1,0,Personal Injury,ST. CHARLES,O'FALLON,C,1,1,0,1056,0.2,B ,W ,IS 70,RT K,Daylight,Fixed Object,2,,Thu     ,0,0,0,0,0,0,0,1,1,0,0,0,0,0,0,0,0,0,0,0,0,0,0,0,0,38.80262,-90.69648,0,11/14/2019,11:20:00,VEHICLE 1 RAN OFF RIGHT SIDE OF ROADWAY AND STRUCK CONSTRUCTION EQUIPMENT. ASSISTED BY O'FALLON STUDENT RESOURCE OFFICER.
1226493,3190032451,Missouri State Highway Patrol-Troop C,1573689600000,190662658,1,0,1,0,Personal Injury,JEFFERSON,NON-CITY OR UNINCORPORATED,C,1,1,0,1056,0.2,B ,S ,RT V,PVT WEATHERED STONE DR,Daylight,Fixed Object,2,,Thu     ,0,0,0,0,0,0,0,0,0,0,0,0,0,0,0,1,0,0,0,0,0,0,0,0,0,38.07011,-90.52466,0,11/14/2019,14:49:00,VEHICLE 1 TRAVELED OFF THE RIGHT SIDE OF THE ROADWAY AND BEGAN TO SKID. THE FRONT OF VEHICLE 1 STRUCK MULTIPLE ROAD SIGNS AND WENT OFF THE RIGHT SIDE OF THE ROAD.
1062479,3190031622,Missouri State Highway Patrol-Troop I,1573689600000,190662898,1,0,1,0,Personal Injury,PHELPS,NON-CITY OR UNINCORPORATED,I,1,1,0,4752,0.9,B ,S ,RT E,RT HH,Daylight,Animal,1,,Thu     ,0,0,0,0,0,0,0,1,0,0,0,0,0,0,0,0,0,0,0,0,1,0,0,1,0,37.97451,-91.80751,0,11/14/2019,16:50:00,OCCURRED AS VEHICLE 1 STRUCK DEER IN THE ROADWAY. COMING TO REST OFF THE ROADWAY.
1253225,3190031262,Missouri State Highway Patrol-Troop C,1573689600000,190663065,6,0,3,3,Personal Injury,FRANKLIN,NON-CITY OR UNINCORPORATED,C,3,3,0,0,0,AT,E ,MO 100,RT M,Dark-Lighted,Motor Vehicle in Transport,1,64,Thu     ,0,0,0,0,0,1,1,0,0,1,0,0,0,0,0,1,0,0,0,0,1,0,0,0,1,38.48562,-90.88646,0,11/14/2019,18:15:00,VEHICLE 2 ATTEMPTED TO MAKE A LEFT TURN ONTO WESTBOUND MO-100.  DRIVER 1 FAILED TO STOP FOR A STEADY RED SIGNAL.  THE FRONT OF VEHICLE 1 STRUCK THE LEFT FRONT SIDE OF VEHICLE 2.  VEHICLE 1 TRAVELED OFF THE LEFT SIDE OF THE ROADWAY AND STRUCK THE FRONT OF VEHICLE 3.
1501607,3190031577,Missouri State Highway Patrol-Troop H,1573689600000,190663083,1,0,1,0,Personal Injury,ATCHISON,NON-CITY OR UNINCORPORATED,H,1,1,0,8,0,B ,E ,RT C,BRIDGE B0009,Dark-Unlighted,Fixed Object,2,,Thu     ,0,0,0,0,0,0,0,1,0,0,0,0,0,0,0,1,0,0,0,0,1,0,0,1,0,40.53849,-95.31559,0,11/14/2019,18:20:00,"OCCURRED AS VEHICLE 1 WAS EASTBOUND ON HWY C. VEHICLE 1 WENT OFF THE RIGHT SIDE OF THE ROADWAY AND STUCK A BRIDGE TWICE BEFORE COMING TO REST OFF THE RIGHT SIDE OF THE ROAD,"
1205708,3190032628,Missouri State Highway Patrol-Troop F,1573689600000,190663306,1,0,1,0,Personal Injury,MILLER,NON-CITY OR UNINCORPORATED,F,1,1,0,4752,0.9,B ,E ,MO 52,CRD VERSAILLES AVE,Dark-Unlighted,Fixed Object,2,,Thu     ,0,0,0,0,0,0,0,0,0,0,0,0,0,0,0,0,0,0,0,0,0,0,0,0,0,38.25561,-92.5001,0,11/14/2019,21:02:00,OCCURRED AS DRIVER 1 ATTEMPTED TO AVOID A DEER IN THE ROADWAY. VEHICLE 1 TRAVELED OFF THE RIGHT SIDE OF THE ROADWAY AND STRUCK THE GROUND AND A FENCE.
1503293,3190032051,Missouri State Highway Patrol-Troop H,1573689600000,190663401,1,0,1,0,Personal Injury,CALDWELL,NON-CITY OR UNINCORPORATED,H,1,1,0,279,0.05,B ,E ,US 36,CRD NE ELM GROVE DR,Dark-Unlighted,Animal,1,,Thu     ,0,0,0,0,0,0,0,0,0,0,0,0,0,0,0,0,0,0,0,0,0,0,0,0,0,39.73477,-93.77842,0,11/14/2019,22:08:00,CRASH OCCURRED AS VEH#1 WAS EASTBOUND ON US 36 AND STRUCK A DEER IN THE ROADWAY. VEH#1 CAME TO A CONTROLLED STOP ON THE SOUTH SHOULDER FACING EAST. ASSISTED BY CALDWELL COUNTY SHERIFF'S DEPARTMENT.
1177200,3190032544,Missouri State Highway Patrol-Troop B,1573776000000,190663707,0,1,0,0,Fatal,PUTNAM,NON-CITY OR UNINCORPORATED,B,2,2,0,3168,0.6,B ,W ,US 136,CRD CONIFER TRAIL,Daylight,Motor Vehicle in Transport,1,61,Fri     ,0,0,0,0,0,0,0,1,0,0,0,0,0,0,0,0,0,0,0,1,1,0,0,1,1,40.48907,-92.75118,1,11/15/2019,07:34:00,"FATALITY CRASH - 02 STOPPED IN THE ROADWAY WITH WARNING EQUIPMENT ACTIVATED AND WAS STRUCK IN THE REAR BY 01.  ASSISTED BY MSGT REAM 356, CPL FESSLER 992, CPL DUNN 340, PUTNAM AND SCHUYLER COUNTY SHERIFF DEPARTMENTS.  DRIVER 01 WAS PRONOUNCED DECEASED AT THE SCENE BY PUTNAM COUNTY CORONER FLESHMAN AT 0936. NEXT OF KIN HAS BEEN NOTIFIED."
1050037,3190031260,Missouri State Highway Patrol-Troop I,1573776000000,190663718,1,0,1,0,Personal Injury,DENT,NON-CITY OR UNINCORPORATED,I,1,1,0,3168,0.6,B ,S ,MO 19,CRD 4120,Daylight,Fixed Object,2,,Fri     ,0,0,0,0,0,0,0,0,0,0,0,0,0,0,0,0,0,0,0,0,0,0,0,0,0,37.6736,-91.51381,0,11/15/2019,07:30:00,VEHICLE 1 TRAVELED OFF THE RIGHT SIDE OF THE ROADWAY AND STRUCK AN EMBANKMENT. ASSISTED BY SHERIFF'S OFFICE DENT COUNTY.
1155583,3190033244,Missouri State Highway Patrol-Troop E,1573776000000,190663722,1,0,1,0,Personal Injury,SCOTT,NON-CITY OR UNINCORPORATED,E,2,2,0,2434,0.46,B ,S ,MO 77,CRD 266,Daylight,Motor Vehicle in Transport,1,61,Fri     ,0,0,0,0,0,0,0,0,0,0,0,0,0,0,0,0,0,0,0,0,1,0,0,1,0,37.11744,-89.67777,0,11/15/2019,07:30:00,"CRASH OCCURRED AS VEHICLE TWO, STATIONARY IN THE ROADWAY, WAS STRUCK BY VEHICLE ONE IN THE REAR."
1205288,3190032533,Missouri State Highway Patrol-Troop F,1573776000000,190664069,2,0,2,0,Personal Injury,COOPER,NON-CITY OR UNINCORPORATED,F,2,2,0,923,0.17,A ,W ,MO 98,CRD ROCHEPORT RD,Daylight,Motor Vehicle in Transport,1,61,Fri     ,0,1,0,0,0,0,0,1,0,0,0,0,0,0,0,1,0,0,0,0,0,0,0,0,0,38.94895,-92.63828,0,11/15/2019,10:35:00,"VEHICLE 2 WAS MAKING A RIGHT TURN INTO A DRIVEWAY AND WAS STRUCK IN THE REAR BY VEHICLE 1. ASSISTED BY  TPR. C. B. NELSON (720), COOPER COUNTY SHERIFF'S OFFICE, COOPER COUNTY EMS, AND COOPER COUNTY FIRE DEPARTMENT."
827318,3190033610,Missouri State Highway Patrol-Troop A,1573776000000,190664154,1,0,1,0,Personal Injury,PLATTE,PLATTE CITY,A,2,2,0,45,0.01,B ,N,IS 29,ERM NORTH IS 29 MILE 196,Daylight,Motor Vehicle in Transport,1,61,Fri     ,0,0,0,0,0,0,0,0,0,0,0,0,0,0,0,0,1,0,0,0,0,0,0,0,1,39.37015,-94.773,0,11/15/2019,11:00:00,CRASH OCCURRED AS VEHICLES WERE TRAVELING NORTHBOUND ON I29. VEHICLE2 WAS TRAVELING SLOWLY DUE TO CONGESTED WORK ZONE TRAFFIC WHEN ITS TOWED UNIT WAS STRUCK IN THE REAR BY VEHICLE1. BOTH VEHICLES CAME TO REST IN THE RIGHT LANE. ASSISTED CPL. J.D. HALL (1334) AND PLATTE CITY POLICE DEPARTMENT.
1038643,3190033299,Missouri State Highway Patrol-Troop I,1573776000000,190664382,1,0,1,0,Personal Injury,PULASKI,NON-CITY OR UNINCORPORATED,I,1,1,0,1821,0.34,B ,S ,MO 17,CRD BEATTY ROAD,Daylight,Overturn,2,,Fri     ,0,0,0,0,1,1,1,0,0,0,0,0,0,0,0,1,0,0,0,0,1,0,0,1,0,38.01224,-92.26802,0,11/15/2019,13:00:00,"THE CRASH OCCURRED AS VEHICLE 1 TRAVELED OFF THE RIGHT SIDE OF THE ROADWAY, DRIVER 1 OVERCORRECTED CAUSING VEHICLE 1 TO TRAVEL OFF THE LEFT SIDE OF THE ROADWAY. VEHICLE 1 WENT AIRBORN AND STRUCK SEVERAL TREES."
836560,3190031991,Missouri State Highway Patrol-Troop A,1573776000000,190664693,1,1,1,0,Fatal,CARROLL,NON-CITY OR UNINCORPORATED,A,4,4,0,500,0.09,B ,S ,US 65,BRIDGE A2906,Daylight,Motor Vehicle in Transport,1,61,Fri     ,0,0,0,0,0,0,0,1,1,1,0,0,0,1,0,1,0,0,0,0,1,0,0,1,0,39.34447,-93.48435,1,11/15/2019,14:54:00,"FATAL CRASH - NEXT OF KIN NOTIFIED - FATAL CRASH #56 AND FATALITY #62 FOR TROOP A - CRASH OCCURRED AS VEHICLE 1 FAILED TO SLOW FOR TRAFFIC IN CONSTRUCTION ZONE.  VEHICLE 1 OVERTOOK AND STRUCK VEHICLE 2, CAUSING A CHAIN REACTION CRASH.  VEHICLE 2 THEN WAS PUSHED INTO VEHICLE 3 AND VEHICLE 3 WAS PUSHED INTO VEHICLE 4. SUBJECT WAS PRONOUNCED ON SCENE AT 1500 BY CARROLL COUNTY CHIEF DEPUTY ERIK DEMPSEY/781/.  ASSISTED BY CPL N A PEREZ/1426/, TPR A M BECKWITH/314/, TPR E P VOLKART/407/, TPR  M L BRADLEY/185/, CARROLLTON POLICE DEPARTMENT AND CARROLL COUNTY SHERIFF'S DEPARTMENT."
1337733,3190031920,Missouri State Highway Patrol-Troop G,1573776000000,190664697,1,0,0,1,Personal Injury,SHANNON,NON-CITY OR UNINCORPORATED,G,1,1,0,686,0.13,B ,E ,RT Y,CRD 632,Daylight,Fixed Object,2,,Fri     ,0,0,0,0,1,0,0,1,1,0,0,0,0,0,0,1,0,0,0,0,1,0,0,1,0,36.96473,-91.46887,0,11/15/2019,15:00:00,"VEHICLE 1 RAN OFF THE RIGHT SIDE OF THE ROADWAY, OVERCORRECTED, RAN OFF THE LEFT SIDE OF THE ROADWAY AND STRUCK AN EMBANKMENT."
827319,3190032943,Missouri State Highway Patrol-Troop A,1573776000000,190664770,2,0,2,0,Personal Injury,PLATTE,PLATTE CITY,A,2,2,0,227,0.04,B ,N,IS 29,ERM NORTH IS 29 MILE 186,Daylight,Motor Vehicle in Transport,1,61,Fri     ,0,0,0,0,0,0,0,1,1,0,0,0,0,0,0,1,0,0,0,0,0,0,0,0,0,39.35653,-94.76493,0,11/15/2019,15:30:00,CRASH OCCURRED AS VEH1 OVERTOOK AND STRUCK THE REAR OF VEH2.
1328695,3190031461,Missouri State Highway Patrol-Troop G,1573776000000,190664786,3,0,3,0,Personal Injury,OREGON,NON-CITY OR UNINCORPORATED,G,2,2,0,10,0,A ,S ,US 63,RT Z,Daylight,Motor Vehicle in Transport,2,64,Fri     ,0,0,0,0,1,0,0,1,0,0,0,0,0,0,0,1,0,0,0,0,1,0,0,1,1,36.60586,-91.64478,0,11/15/2019,15:37:00,CRASH OCCURRED AS VEH 2 WAS SLOWING TO MAKE A RIGHT TURN INTO A PRIVATE APPROACH AND WAS STRUCK BY SOUTHBOUND VEH1.  VEH2 WAS SHOVED ACROSS US 63 AND CAME TO REST ON THE NORTHBOUND RIGHT OF WAY OF US 63.  VEH1 OVERTURNED INTO THE DITCHLINE.  VEH 2 WAS A DEPT OF CONSERVATION VEHICLE.
1178201,3190033305,Missouri State Highway Patrol-Troop F,1573776000000,190664789,1,0,1,0,Personal Injury,CAMDEN,LAKE OZARK,F,2,2,0,0,0,AT,E ,CST HORSESHOE BEND PARKWAY,CST BAGNELL DAM BLVD,Daylight,Motor Vehicle in Transport,1,67,Fri     ,0,0,0,0,0,0,0,0,0,1,1,0,0,0,0,1,0,0,0,0,0,0,0,0,0,38.19097,-92.64438,0,11/15/2019,15:39:00,"VEHICLE 2 WAS RESPONDING TO AN EMERGENCY CALL, TRAVELED THROUGH THE INTERSECTION OF BAGNELL DAM BOULEVARD AND HORSESHOE BEND PARKWAY AND STRUCK THE LEFT REAR OF VEHICLE 1. ASSISTED BY CONSERVATION AGENT T. BROWN (CC171) AND THE LAKE OZARK POLICE DEPARTMENT."
1197750,3190032682,Missouri State Highway Patrol-Troop B,1573776000000,190664806,2,0,1,1,Personal Injury,MACON,NON-CITY OR UNINCORPORATED,B,2,2,0,0,0,AT,S ,US 63,RT T,Daylight,Motor Vehicle in Transport,1,64,Fri     ,0,0,0,0,0,0,0,1,0,0,0,1,0,0,0,1,0,0,0,0,1,0,0,1,0,39.63637,-92.46726,0,11/15/2019,15:40:00,"01 EASTBOUND, 02 SOUTHBOUND.  01 FAILED TO YIELD AND PULLED INTO THE PATH OF 02.  ASSISTED BY TPR HALLEY 652, MACON COUNTY SHERIFF DEPARTMENT, MACON RURAL FIRE DEPARTMENT, AND MACON COUNTY AMBULANCE."
1296124,3190032857,Missouri State Highway Patrol-Troop C,1573776000000,190664969,1,0,1,0,Personal Injury,ST. LOUIS,NON-CITY OR UNINCORPORATED,C,2,2,0,26,0,B ,W ,IS 270,CRD SAPPINGTON RD,Daylight,Motor Vehicle in Transport,1,64,Fri     ,0,0,0,0,0,0,1,0,0,0,0,0,0,0,0,1,0,0,0,0,0,0,0,0,1,38.51545,-90.38034,0,11/15/2019,16:45:00,VEHICLE 3 TRAVELED INTO THE PATH OF VEHICLE 2. VEHICLE 2 WAS PUSHED INTO VEHICLE 1. ASSISTED BY MSGT J. R. CAMPBELL (325)