objectid,accident,agency,inv_date,complaint,injured,killed,min_inj,dis_inj,severity,county,city,troop,no_vehicle,motor_veh,left_scene,dist_feet,dist_mile,inter_loc,direction,on_street,at_street,light_cond,acc_type,on_off_rd,two_veh,day_week,dr_drink,dr_drug,ped_drink,ped_drug,speed,dr_under21,dr_under25,dr_over55,dr_over64,electrical,emer_veh,stop_sign,yield_sign,czone,hazmat,aggressive,cell_phone,texting,veh_defect,school_bus,truck,motorcycle,atv,pickup,cmv,gps_lat,gps_long,severity_fatal,acc_date,acc_time,narrative
1006467,3190032572,Missouri State Highway Patrol-Troop D,1573776000000,190665029,0,1,0,0,Fatal,WEBSTER,NON-CITY OR UNINCORPORATED,D,1,1,0,116,0.02,B ,S ,RT A,RT KK,Daylight,Fixed Object,2,,Fri     ,0,0,0,0,1,0,0,1,0,0,0,0,0,0,0,1,0,0,0,0,0,0,0,0,0,37.31088,-92.9072,1,11/15/2019,17:25:00,"FATALITY CRASH   NEXT OF KIN NOTIFIED   THIS IS TROOP D'S 6TH FATALITY FOR THE MONTH AND 100TH FOR THE YEAR.  CRASH OCCURRED AS VEHICLE 1 FAILED TO NEGOTIATE A CURVE, STRUCK A FENCE AND SEVERAL TREES.  DRIVER PRONOUNCED DECEASED ON SCENE BY WEBSTER COUNTY ASSISTANT CORONER ROBBIE JERNIGAN AT 1831 HOURS.  ASSISTED BY TPR Z.C. DUDLEY #459"
1226511,3190031428,Missouri State Highway Patrol-Troop C,1573776000000,190665031,2,0,2,0,Personal Injury,JEFFERSON,NON-CITY OR UNINCORPORATED,C,2,2,0,0,0,AT,E ,RT A,CRD PLASS RD EJ,Daylight,Motor Vehicle in Transport,1,64,Fri     ,0,0,0,0,0,0,0,1,1,1,0,0,0,0,0,1,0,0,0,0,0,0,0,0,0,38.24701,-90.48482,0,11/15/2019,17:18:00,VEHICLE 2 MADE A LEFT TURN ONTO PLASS ROAD. THE FRONT OF VEHICLE 1 STRUCK THE RIGHT SIDE OF VEHICLE 2.
1253223,3190032443,Missouri State Highway Patrol-Troop C,1573776000000,190665057,1,0,1,0,Personal Injury,FRANKLIN,NON-CITY OR UNINCORPORATED,C,4,4,0,248,0.05,B ,W ,US 50,CRD GREENSTREET RD,Dark-Unlighted,Motor Vehicle in Transport,1,62,Fri     ,0,0,0,0,0,0,1,1,0,0,0,0,0,0,0,1,0,0,0,0,1,0,0,1,1,38.41862,-91.20073,0,11/15/2019,17:33:00,VEHICLE 1 WAS TRAVELING EASTBOUND ON US 50 AND CROSSED THE CENTER OF THE ROADWAY. THE FRONT OF VEHICLE 2 STRUCK THE RIGHT SIDE OF VEHICLE 1. THE IMPACT CAUSED THE FRONT OF VEHICLE 3 TO STRIKE THE REAR OF VEHICLE 2. VEHICLE 4 TRAVELED OFF THE RIGHT SIDE OF THE ROADWAY TO AVOID VEHICLE 1 AND STRUCK A ROAD SIGN.
1016308,3190031717,Missouri State Highway Patrol-Troop D,1573776000000,190665139,1,0,1,0,Personal Injury,NEWTON,NON-CITY OR UNINCORPORATED,D,2,2,0,575,0.11,A ,E ,US 60,CRD GOLDFINCH,Dark-Unlighted,Motor Vehicle in Transport,1,64,Fri     ,0,0,0,0,0,0,0,0,0,0,1,0,0,0,0,1,0,0,0,0,1,0,0,1,0,36.83634,-94.48223,0,11/15/2019,18:00:00,"CRASH OCCURRED AS VEHICLE #1 WAS ATTEMPTING A U-TURN, PULLED INTO THE PATH OF VEHICLE #2, AND VEHICLE #2 STRUCK VEHICLE #1."
1185750,3190032541,Missouri State Highway Patrol-Troop B,1573776000000,190665158,0,1,0,0,Fatal,SULLIVAN,NON-CITY OR UNINCORPORATED,B,1,1,0,355,0.07,B ,S ,MO 129,CRD SAFARI RD,Dark-Unlighted,Fixed Object,2,,Fri     ,,,,,,0,0,1,1,0,0,0,0,0,0,,0,0,,0,0,0,0,0,0,40.12471,-92.92226,1,11/15/2019,18:09:00,FATALITY ACCIDENT: NEXT OF KIN NOTIFIED. VEH 1 TRAVELED OFF THE RIGHT SIDE OF ROADWAY ON TO A ICE COVERED POND AND SANK.. DRIVER WAS PRONOUNCED DECEASED AT THE SCENE BY SULLIVAN COUNTY CORONER BOB WYANT AT 2018
1113425,3190031610,Missouri State Highway Patrol-Troop E,1573776000000,190665271,2,0,2,0,Personal Injury,DUNKLIN,NON-CITY OR UNINCORPORATED,E,2,2,0,1240,0.23,A ,N,MO 53,BRIDGE A5830,Dark-Unlighted,Motor Vehicle in Transport,1,61,Fri     ,0,0,0,0,0,0,1,0,0,0,0,0,0,0,0,1,0,0,0,0,0,0,0,0,0,36.52906,-90.1162,0,11/15/2019,19:15:00,CRASH OCCURRED  AS VEHICLE 1 STRUCK THE REAR OF VEHICLE 2.
822926,3190031876,Missouri State Highway Patrol-Troop A,1573776000000,190665347,1,0,1,0,Personal Injury,BENTON,NON-CITY OR UNINCORPORATED,A,1,1,0,427,0.08,B ,S ,US 65,BRIDGE H0773,Dark-Unlighted,Animal,1,,Fri     ,0,0,0,0,0,0,0,1,0,0,0,0,0,0,0,0,0,0,0,0,0,0,0,0,0,38.45113,-93.28509,0,11/15/2019,19:55:00,CRASH OCCURRED AS VEHICLE 1 STRUCK A DEER IN THE ROADWAY. ASSISTED BY BENTON COUNTY SHERIFF'S DEPARTMENT.
1292851,3190034181,Missouri State Highway Patrol-Troop C,1573776000000,190665553,3,0,3,0,Personal Injury,ST. LOUIS,BELLEFONTAINE NEIGHBORS,C,2,2,0,432,0.08,A ,E ,IS 270,ERM EAST IS 270 MILE 324,Dark-Unlighted,Motor Vehicle in Transport,1,64,Fri     ,0,0,0,0,0,0,0,1,1,0,0,0,0,0,0,0,0,0,0,0,1,0,0,1,0,38.77059,-90.22748,0,11/15/2019,20:51:00,VEHICLE 1 WAS STOPPED IN LANE 3 AND THE FRONT VEHICLE 2 STRUCK THE REAR LEFT SIDE OF VEHICLE 1.
1292852,3190035965,Missouri State Highway Patrol-Troop C,1573776000000,190665590,1,0,1,0,Personal Injury,ST. LOUIS,BELLEFONTAINE NEIGHBORS,C,3,3,0,385,0.07,A ,E ,IS 270,ERM EAST IS 270 MILE 324,Dark-Lighted,Motor Vehicle in Transport,1,64,Fri     ,1,0,0,0,0,0,0,0,0,0,1,0,0,0,0,1,0,0,0,0,1,0,0,0,1,38.77059,-90.22765,0,11/15/2019,22:25:00,VEHICLE 1 WAS TRAVELING EASTBOUND I-270 IN LANE 3. VEHICLE 2 WAS STATIONARY IN LANE 3 WITH ITS EMERGENCY LIGHTS ACTIVATED FOR TRAFFIC CONTROL. VEHICLE 1 FAILED TO PROCEED WITH CAUTION AND STRUCK VEHICLE 2.
1226464,3190032337,Missouri State Highway Patrol-Troop C,1573776000000,190665665,1,0,1,0,Personal Injury,JEFFERSON,NON-CITY OR UNINCORPORATED,C,2,2,Y,0,0,AT,W ,MO 30,CRD LITTLE BRENNAN RD,Dark-Lighted,Motor Vehicle in Transport,1,64,Fri     ,0,0,0,0,0,,1,,,1,0,0,0,0,0,1,1,0,0,0,0,0,0,0,0,38.48536,-90.50255,0,11/15/2019,23:05:00,"VEHICLE 1 WAS TRAVELING WESTBOUND ON HIGHWAY 30, VEHICLE 2 WAS TRAVELING NORTHBOUND ON LITTLE BRENNAN. VEHICLE 1 FAILED TO STOP FOR A STEADY RED SIGNAL. THE FRONT OF VEHICLE 1 STRUCK THE RIGHT SIDE OF VEHICLE 2. DRIVER 2 FLED THE SCENE."
1179812,3190033458,Missouri State Highway Patrol-Troop B,1573862400000,190665698,1,1,0,1,Fatal,CHARITON,NON-CITY OR UNINCORPORATED,B,1,1,0,1573,0.3,B ,E ,US 24,CRD WALTON AVE,Dark-Unlighted,Overturn,2,,Fri     ,1,0,0,0,1,0,0,0,0,0,0,0,0,0,0,1,0,0,0,0,0,0,0,0,0,39.43748,-92.737,1,11/15/2019,23:30:00,LATE DEATH REPORT -- VEHICLE 1 RAN OFF THE RIGHT SIDE OF ROADWAY AND OVERTURNED EJECTING THE DRIVER.  DRIVER WAS PRONOUNCED DECEASED ON 11/16/2019 AT 0158 HOURS  AT UNIVERSITY HOSPITAL IN COLUMBIA BY DR. THAQI. NEXT OF KIN NOTIFIED.
864961,3190032574,Missouri State Highway Patrol-Troop A,1573862400000,190665829,1,0,0,1,Personal Injury,PETTIS,NON-CITY OR UNINCORPORATED,A,1,1,0,47,0.01,B ,E ,RT AA,CRD BINDER ROAD,Dark-Unlighted,Overturn,2,,Sat     ,1,0,0,0,1,0,0,0,0,0,0,0,0,0,0,1,0,0,0,0,0,0,0,0,0,38.65338,-93.47635,0,11/16/2019,01:40:00,"CRASH OCCURRED AS VEHICLE FAILED TO NEGOTIATE A CURVE, TRAVELED OFF THE LEFT SIDE OF THE ROADWAY, OVERTURNED, AND STRUCK A TREE. ASSISTED BY PETTIS COUNTY SHERIFF'S DEPARTMENT."
822927,3190031879,Missouri State Highway Patrol-Troop A,1573862400000,190665921,1,0,1,0,Personal Injury,BENTON,NON-CITY OR UNINCORPORATED,A,1,1,0,0,0,AT,S ,US 65,MO 7 SJ,Dark-Unlighted,Fixed Object,2,,Sat     ,0,0,0,0,0,0,0,0,0,0,0,1,0,0,0,1,0,0,0,0,0,0,0,0,0,38.17454,-93.31853,0,11/16/2019,03:00:00,"CRASH OCCURRED AS VEHICLE 1 WAS NORTHBOUND ON MO 7. VEHICLE FAILED TO STOP AT THE INTERSECTION AT US 65 AND WENT OFF THE RIGHT SIDE OF THE ROAD. VEHICLE 1 THEN STRUCK A ROAD SIGN, CROSSED BALKE ROAD AND OVERTURNED."
1249266,3190032010,Missouri State Highway Patrol-Troop C,1573862400000,190665983,1,0,0,1,Personal Injury,STE. GENEVIEVE,NON-CITY OR UNINCORPORATED,C,1,1,0,15,0,B ,S ,IS 55,ERM SOUTH IS 55 MILE 1512,Daylight,Fixed Object,2,,Sat     ,0,0,0,0,0,0,0,1,0,0,0,0,0,0,0,1,0,0,0,0,0,0,0,0,1,37.94343,-90.13609,0,11/16/2019,07:21:00,VEHICLE 1 WAS TRAVELING SOUTHBOUND ON INTERSTATE 55. VEHICLE #1 TRAVELED ONTO THE RIGHT SHOULDER AND IMPACTED THE 151.2 EMERGENCY REFERENCE MARKER WITH IT'S FRONT END. VEHICLE #1 TRAVELED OFF THE RIGHT SIDE OF THE ROAD AND OVERTURNED.  ASSISTED BY TPR. S.G. HASSELL (361)
846283,3190031639,Missouri State Highway Patrol-Troop A,1573862400000,190666103,1,0,1,0,Personal Injury,JOHNSON,NON-CITY OR UNINCORPORATED,A,1,1,0,2471,0.47,B ,S ,RT H,CRD 1150,Daylight,Overturn,1,,Sat     ,0,0,0,0,0,0,0,0,0,0,0,0,0,0,0,0,0,0,0,0,1,0,0,0,1,38.93678,-93.81669,0,11/16/2019,08:45:00,"CRASH OCCURRED AS VEHICLE 1 TRAVELED OFF THE RIGHT SIDE OF THE ROADWAY, DRIVER 1 OVER CORRECTED CAUSING  VEHICLE 1 TRAVEL OFF THE LEFT SIDE OF THE ROADWAY."
1152198,3190032040,Missouri State Highway Patrol-Troop E,1573862400000,190666735,2,0,2,0,Personal Injury,STODDARD,NON-CITY OR UNINCORPORATED,E,1,1,0,0,0,AT,N,CRD 627,CRD 640,Daylight,Fixed Object,2,,Sat     ,0,0,0,0,1,0,1,0,0,0,0,0,0,0,0,1,0,0,0,0,0,0,0,0,0,36.75703,-89.99923,0,11/16/2019,13:46:00,"TRAFFIC CRASH OCCURRED AS VEHICLE 1 FAILED TO NEGOTIATE A TURN, RAN OFF THE RIGHT SIDE OF ROADWAY, AND OVERTURNED."
1330493,3190031615,Missouri State Highway Patrol-Troop G,1573862400000,190666746,4,0,4,0,Personal Injury,HOWELL,NON-CITY OR UNINCORPORATED,G,2,2,0,649,0.12,A ,E ,US 160,MO 101,Daylight,Motor Vehicle in Transport,1,61,Sat     ,0,0,0,0,0,0,1,1,0,0,0,0,0,0,0,1,0,0,0,0,1,0,0,1,0,36.61434,-92.10256,0,11/16/2019,13:55:00,ACCIDENT OCCURRED AS VEHICLE #2 WAS STOPPED WAITING TO MAKE A LEFT TURN AND WAS STRUCK IN THE REAR BY VEHICLE #1
1118926,3190032213,Missouri State Highway Patrol-Troop E,1573862400000,190666903,1,0,0,1,Personal Injury,BOLLINGER,NON-CITY OR UNINCORPORATED,E,1,1,0,1584,0.3,B ,E ,MO 34,CRD 512,Daylight,Fixed Object,2,,Sat     ,0,0,0,0,0,0,0,1,1,0,0,0,0,0,0,0,0,0,0,0,0,0,0,0,0,37.28052,-90.10036,0,11/16/2019,15:23:00,CRASH OCCURRED AS VEHICLE ONE RAN OFF THE RIGHT SIDE OF THE ROADWAY AND STRUCK A TREE
1193106,3190031969,Missouri State Highway Patrol-Troop F,1573862400000,190666960,1,0,1,0,Personal Injury,CALLAWAY,NON-CITY OR UNINCORPORATED,F,1,1,0,427,0.08,A ,E ,IS 70,ERM EAST IS 70 MILE 1636,Daylight,Overturn,2,,Sat     ,0,0,0,0,0,1,1,0,0,0,0,0,0,0,0,0,0,0,0,0,0,0,0,0,0,38.91033,-91.6585,0,11/16/2019,15:52:00,"DRIVER 1 FELL ASLEEP, VEHICLE 1 RAN OFF THE RIGHT SIDE OF THE ROADWAY AND OVERTURNED MULTIPLE TIMES.  ASSISTED BY TPR T.N. ZIEGLER (1440)"
1056333,3190031736,Missouri State Highway Patrol-Troop I,1573862400000,190667002,1,0,0,1,Personal Injury,CRAWFORD,NON-CITY OR UNINCORPORATED,I,2,2,0,5280,1,A ,N,RT M,RT VV,Daylight,Parked Motor Vehicle,2,64,Sat     ,1,0,0,0,0,0,0,1,1,0,0,0,0,0,0,0,0,0,0,0,1,0,0,1,0,37.87066,-91.41817,0,11/16/2019,16:05:00,OCCURRED AS VEH 1 TRAVELED OFF OF THE RIGHT SIDE OF THE ROADWAY AND STRUCK PARKED VEH 2.
877808,3190031829,Missouri State Highway Patrol-Troop A,1573862400000,190667130,1,0,0,1,Personal Injury,JACKSON,NON-CITY OR UNINCORPORATED,A,2,2,0,1251,0.24,B ,E ,MO 150,MO 7 WJ,Dark-Unlighted,Motor Vehicle in Transport,1,61,Sat     ,0,0,0,0,0,0,0,1,0,0,0,0,0,0,0,0,0,0,0,0,1,0,0,1,1,38.85682,-94.27111,0,11/16/2019,17:22:00,CRASH OCCURRED AS VEHICLE 2 SLOWED TO TURN LEFT ON TO A PRIVATE DRIVE AND WAS STRUCK IN THE REAR BY VEHICLE 1. ASSISTED BY TPR. E. J. VILLANUEVA /690/
1114588,3190031980,Missouri State Highway Patrol-Troop E,1573862400000,190667154,1,0,0,1,Personal Injury,MISSISSIPPI,NON-CITY OR UNINCORPORATED,E,2,2,0,10,0,B ,N,MO 75,CST TONY DR,Dark-Lighted,Motor Vehicle in Transport,1,60,Sat     ,0,1,0,0,0,0,0,1,0,0,0,0,0,0,0,1,0,0,0,0,0,1,0,0,0,36.82686,-89.33166,0,11/16/2019,17:35:00,TRAFFIC CRASH OCCURRED AS VEHICLE 1 CROSSED CENTER LINE AND STRUCK VEHICLE 2
1050018,3190031529,Missouri State Highway Patrol-Troop I,1573862400000,190667238,1,0,1,0,Personal Injury,DENT,NON-CITY OR UNINCORPORATED,I,1,1,0,58,0.01,A ,W ,MO 32,CRD 4170,Dark-Unlighted,Animal,1,,Sat     ,0,0,0,0,0,0,0,0,0,0,0,0,0,0,0,0,0,0,0,0,1,0,0,1,0,37.63838,-91.50195,0,11/16/2019,18:23:00,CRASH OCCURRED AS VEHICLE 1 STRUCK PEDESTRIAN AND DOG WALKING IN THE MIDDLE OF THE ROADWAY
1499790,3190032381,Missouri State Highway Patrol-Troop H,1573862400000,190667282,1,0,1,0,Personal Injury,CLINTON,NON-CITY OR UNINCORPORATED,H,2,2,0,0,0,AT,E ,MO 116,US 69,Dark-Unlighted,Motor Vehicle in Transport,1,64,Sat     ,0,0,0,0,0,0,0,1,1,1,0,1,0,0,0,1,0,0,0,0,0,0,0,0,0,39.55282,-94.23575,0,11/16/2019,18:55:00,"OCCURRED AS VEHICLE 1 WAS NORTHBOUND ON US 69 AND VEHICLE 2 WAS EASTBOUND ON M-116.  VEHICLE 1 FAILED TO YIELD AT A STOP SIGN AT THE INTERSECTION. THE FRONT OF VEHICLE 1 STRUCK VEHICLE 2 ON THE PASSENGER'S SIDE REAR. VEHICLE 1 CAME TO REST OFF THE NORTH SIDE OF M-116 FACING WEST,   VEHICLE 2 CAME TO REST FACING EAST IN THE MIDDLE OF M-116.  ASSISTED BY CLINTON COUNTY SO."
1150425,3190032058,Missouri State Highway Patrol-Troop E,1573862400000,190667309,4,0,4,0,Personal Injury,PEMISCOT,NON-CITY OR UNINCORPORATED,E,2,2,0,208,0.04,A ,W ,US 412,MO 84 WJ,Dark-Unlighted,Motor Vehicle in Transport,1,64,Sat     ,0,0,0,0,0,1,1,0,0,0,1,0,1,0,0,1,0,0,0,0,0,0,0,0,0,36.23342,-89.78244,0,11/16/2019,19:09:00,CRASH OCCURRED AS VEHICLE 2 STRUCK THE REAR OF VEHICLE 1.
995433,3190031865,Missouri State Highway Patrol-Troop D,1573948800000,190667782,0,1,0,0,Fatal,STONE,KIMBERLING CITY,D,1,1,0,1450,0.27,A ,N,CST RED OAK LN,CST BUTTONWOOD DR,Dark-Unlighted,Overturn,1,,Sun     ,0,0,0,0,1,0,0,0,0,0,0,0,0,0,0,1,0,0,0,0,0,0,1,0,0,36.65442,-93.43581,1,11/17/2019,00:25:00,"FATALITY ACCIDENT - NEXT OF KIN NOTIFIED - THIS IS TROOP D'S 101ST FATALITY FOR 2019 - NUMBER 1 WAS GOING DOWNHILL.  NUMBER 1 OVERTURNED, DRIVER 1 WAS EJECTED AND NUMBER 1 LANDED ON DRIVER 1. SUBJECT WAS PRONOUNCED AT THE SCENE BY MERCY DR. JAMES ORLANDO. AT 0120 HOURS."
1312138,3190033570,Missouri State Highway Patrol-Troop C,1573948800000,190667841,1,0,1,0,Personal Injury,ST. CHARLES,ST PETERS,C,2,2,0,300,0.06,B ,E ,IS 70,ERM EAST IS 70 MILE 2214,Dark-Unlighted,Motor Vehicle in Transport,1,61,Sun     ,1,0,0,0,1,0,0,1,0,0,0,0,0,0,0,1,0,0,0,0,1,0,0,1,1,38.79948,-90.63708,0,11/17/2019,02:15:00,VEHICLE #1 STRUCK THE REAR OF VEHICLE #2.
846238,3190032576,Missouri State Highway Patrol-Troop A,1573948800000,190667866,2,0,2,0,Personal Injury,JOHNSON,NON-CITY OR UNINCORPORATED,A,1,1,0,84,0.02,A ,E ,US 50,CRD NW 250,Dark-Unlighted,Fixed Object,2,,Sun     ,1,0,0,0,1,0,1,0,0,0,0,0,0,0,0,1,0,0,0,0,0,0,0,0,0,38.804,-93.88534,0,11/17/2019,03:00:00,"CRASH OCCURRED AS VEHICLE 1 FAILED TO NEGOTIATE A CURVE, TRAVELED OFF THE RIGHT SIDE OF THE ROADWAY, AND CAME TO REST BETWEEN TWO TREES. ASSISTED BY MSGT R S SHAUL /528/ AND JOHNSON COUNTY SHERIFF'S DEPARTMENT."
1116842,3190031790,Missouri State Highway Patrol-Troop E,1573948800000,190667875,1,0,1,0,Personal Injury,NEW MADRID,SIKESTON,E,1,1,0,269,0.05,B ,S ,RT AA,CRD 807,Dark-Unlighted,Fixed Object,2,,Sun     ,0,0,0,0,0,1,1,0,0,0,0,0,0,0,0,1,0,0,0,0,0,0,0,0,0,36.85791,-89.53773,0,11/17/2019,05:00:00,"DAMAGE TO STATE PROPERTY - CRASH OCCURRED AS VEHICLE 1 TRAVELED OFF THE RIGHT SIDE OF ROADWAY, STRUCK A DIRECTIONAL SIGN, AND OVERTURNED."
1194492,3190032365,Missouri State Highway Patrol-Troop B,1573948800000,190668401,2,0,1,1,Personal Injury,RALLS,NON-CITY OR UNINCORPORATED,B,1,1,0,172,0.03,B ,S ,US 61,CO US61S TO US61N,Daylight,Fixed Object,2,,Sun     ,0,0,0,0,0,1,1,0,0,0,0,0,0,0,0,0,0,0,0,0,1,0,0,1,0,39.67366,-91.41468,0,11/17/2019,11:56:00,"VEHICLE 1 TRAVELED OFF THE LEFT SIDE OF THE ROADWAY AND OVERTURNED. ASSISTED BY CPL MCGIVNEY #366, TPR CONRAD #237, HANNIBAL RURAL FIRE DEPARTMENT, RALLS COUNTY SHERIFF'S DEPARTMENT, MARION COUNTY AMBULANCE AND RALLS COUNTY AMBULANCE."
1226461,3190032601,Missouri State Highway Patrol-Troop C,1573948800000,190668437,1,0,1,0,Personal Injury,JEFFERSON,NON-CITY OR UNINCORPORATED,C,1,1,0,813,0.15,A ,N,CRD OLD LEMAY FERRY RD,PVT HIDDEN BLUFFS DR,Daylight,Fixed Object,2,,Sun     ,0,0,0,0,0,1,1,0,0,0,0,0,0,0,0,1,0,0,0,0,0,0,0,0,0,38.34599,-90.48251,0,11/17/2019,12:20:00,VEHICLE #1 TRAVELED OF EAST SIDE OF ROADWAY STRIKING A UTILITY POLE.
787055,3190032149,Missouri State Highway Patrol-Troop A,1573948800000,190668604,1,0,1,0,Personal Injury,HENRY,NON-CITY OR UNINCORPORATED,A,1,1,0,795,0.15,B ,S ,MO 13,BRIDGE A5388,Daylight,Fixed Object,2,,Sun     ,0,0,0,0,0,0,0,1,0,0,0,0,0,0,0,0,0,0,0,0,1,0,0,1,0,38.22933,-93.76278,0,11/17/2019,13:50:00,"CRASH OCCURRED AS DRIVER 1 SWERVED TO AVOID A DEER IN THE ROADWAY. VEHICLE 1 TRAVELED OFF THE RIGHT SIDE OF THE ROADWAY AND STRUCK A BRIDGE AND A GUARDRAIL, BEFORE RETURNING TO THE ROADWAY AND TRAVELING OFF THE LEFT SIDE OF THE ROADWAY."
1125868,3190031809,Missouri State Highway Patrol-Troop E,1573948800000,190668613,1,0,1,0,Personal Injury,PEMISCOT,HAYTI,E,2,2,0,0,0,AT,W ,US 412,CST S PEMISCOT AVE,Daylight,Motor Vehicle in Transport,1,64,Sun     ,0,0,0,0,0,1,1,0,0,0,0,0,1,0,0,1,0,0,0,0,0,0,0,0,0,36.22494,-89.75866,0,11/17/2019,13:50:00,CRASH OCCURRED AS VEHICLE ONE FAILED TO YIELD TO VEHICLE TWO
1194491,3190034027,Missouri State Highway Patrol-Troop B,1573948800000,190668663,2,0,1,1,Personal Injury,RALLS,NON-CITY OR UNINCORPORATED,B,2,2,0,0,0,AT,E ,MO 154,RT F,Daylight,Motor Vehicle in Transport,1,64,Sun     ,1,0,0,0,0,0,1,0,0,0,0,1,0,0,0,1,0,0,0,0,1,0,0,1,0,39.3492,-91.47943,0,11/17/2019,14:25:00,"VEHICLE 1 FAILED TO STOP AT A STOP SIGN AND STRUCK VEHICLE 2; CAUSING BOTH VEHICLES TO TRAVEL OFF THE ROADWAY. ASSISTED BY TPR. HENRY #1372, RALLS COUNTY SHERIFF'S DEPARTMENT, VAN FAR AMBULANCE AND VAN FAR FIRE DEPARTMENT."
1500860,3190031982,Missouri State Highway Patrol-Troop H,1573948800000,190669048,1,0,1,0,Personal Injury,ANDREW,NON-CITY OR UNINCORPORATED,H,1,1,0,500,0.09,B ,S ,RT C,CRD 167,Dark-Unlighted,Animal,1,,Sun     ,0,0,0,0,0,0,1,0,0,0,0,0,0,0,0,0,0,0,0,0,0,0,0,0,0,40.03073,-94.80219,0,11/17/2019,17:45:00,ACCIDENT OCCURRED AS NR1 WAS SOUTHBOUND ON ROUTE C.  NR1 STRUCK A DEER IN THE ROADWAY.  NR1 WAS PARKED OFF THE ROADWAY ONTO A GRAVEL ROAD UPON TROOPERS ARRIVAL.  ASSISTED BY TPR. R.A. ALLEE (465) AND ANDREW COUNTY SHERIFF'S DEPARTMENT.
1038649,3190032429,Missouri State Highway Patrol-Troop I,1573948800000,190669087,1,0,1,0,Personal Injury,PULASKI,NON-CITY OR UNINCORPORATED,I,2,2,0,140,0.03,B ,W ,PVT LADERA RD,PVT LACOMBE RD EJ,Dark-Unlighted,Parked Motor Vehicle,2,61,Sun     ,0,0,0,0,0,0,0,1,0,0,0,0,0,0,0,0,0,0,0,0,0,0,0,0,0,37.85566,-92.19641,0,11/17/2019,18:25:00,"VEHICLE 1 TRAVELED OFF THE RIGHT SIDE OF THE ROADWAY.  VEHICLE 1 OVERCORRECTED, TRAVELING BACK ONTO THE ROADWAY STRIKING THE PARKED VEHICLE AND OVERTURNED BEFORE COMING  TO REST."
1187231,3190031699,Missouri State Highway Patrol-Troop F,1573948800000,190669149,2,0,2,0,Personal Injury,CALLAWAY,KINGDOM CITY,F,3,3,0,105,0.02,B ,E ,US 54,SOR 70,Dark-Lighted,Motor Vehicle in Transport,1,61,Sun     ,1,0,0,0,1,0,0,1,1,1,0,0,0,0,0,1,0,0,0,0,0,0,0,0,0,38.94098,-91.94102,0,11/17/2019,19:02:00,"VEHICLES 1 AND 2 WERE STOPPED AT A STEADY RED SIGNAL. DRIVER 3 FAILED TO STOP, CAUSING VEHICLE 3 TO STRIKE THE REAR OF VEHICLE 2, PUSHING VEHICLE 2 INTO THE REAR OF VEHICLE 1.  ASSISTED BY CPL. J. W. TURNER (846)"
1281465,3190032507,Missouri State Highway Patrol-Troop C,1574035200000,190669481,1,0,1,0,Personal Injury,ST. CHARLES,ST CHARLES,C,2,2,0,26,0,B ,W ,MO 370,RP 277651,Dark-Lighted,Motor Vehicle in Transport,1,61,Mon     ,0,0,0,0,0,0,0,0,0,0,0,0,0,0,0,1,0,0,0,0,0,0,0,0,1,38.81851,-90.55698,0,11/18/2019,04:55:00,VEHICLE 1 AND VEHICLE 2 WERE TRAVELING WEST ON HIGHWAY 370.  VEHICLE 1 WAS FOLLOWING VEHICLE 2 TOO CLOSELY AND THE FRONT VEHICLE 1 STRUCK THE REAR OF VEHICLE 2 CAUSING VEHICLE 1 OVERTURN. ASSISTED BY SGT. A.H. MICHAJLICZENKO (769).
1226467,3190032510,Missouri State Highway Patrol-Troop C,1574035200000,190669508,1,0,1,0,Personal Injury,JEFFERSON,NON-CITY OR UNINCORPORATED,C,2,2,0,496,0.09,A ,E ,RT M,CRD OLD LEMAY FERRY CONNECTOR,Dark-Unlighted,Motor Vehicle in Transport,2,61,Mon     ,0,0,0,0,0,0,0,0,0,0,0,0,0,0,0,0,0,0,0,0,1,0,0,0,1,38.35767,-90.46349,0,11/18/2019,05:50:00,THE FRONT LEFT OF VEHICLE #1 STRUCK THE REAR RIGHT OF VEHICLE #2.
1201123,3190031990,Missouri State Highway Patrol-Troop C,1574035200000,190669554,1,0,0,1,Personal Injury,LINCOLN,NON-CITY OR UNINCORPORATED,C,1,1,0,1584,0.3,B ,N,RT H,PVT WATERBROOKE DR,Daylight,Overturn,1,,Mon     ,0,0,0,0,1,0,1,0,0,0,0,0,0,0,0,1,0,0,0,0,0,0,0,0,0,39.01251,-91.00813,0,11/18/2019,06:50:00,"VEHICLE 1 WAS TRAVELING NORTHBOUND ON HIGHWAY H. DRIVER 1 FAILED TO NEGOTIATE A TURN . VEHICLE 1 TRAVELED OFF THE RIGHT SIDE OF ROADWAY, DRIVER 1 OVERCORRECTED, CAUSING VEHICLE 1 TO OVER TURN AND RETURN TO ROADWAY . VEHICLE 1 KEPT OVERTURNING AND TRAVELED OFF LEFT SIDE OF ROADWAY. DRIVER 1 WAS EJECTED. ASSISTED BY LINCOLN COUNTY AND FIRE."
954101,3190032007,Missouri State Highway Patrol-Troop D,1574035200000,190669555,8,0,4,4,Personal Injury,GREENE,NON-CITY OR UNINCORPORATED,D,5,5,0,679,0.13,B ,E ,IS 44,ERM EAST IS 44 MILE 710,Daylight,Motor Vehicle in Transport,1,61,Mon     ,0,0,0,0,0,0,0,0,0,0,0,0,0,0,0,1,0,0,0,0,1,0,0,1,1,37.20287,-93.41156,0,11/18/2019,06:51:00,"CRASH OCCURRED AS VEHICLE 2,3,4 & 5 WERE SLOWED FOR CRASH UP AHEAD, VEHICLE 1 STRUCK THE REAR OF VEHICLE 2  FORCING VEHICLE 2 OFF ROADWAY.   VEHICLE 1 STRUCK 3 CAUSING VEHICLE 3 TO STRIKE VEHICLES 4 AND 5, VEHICLE 1 THEN TRAVELED OFF RIGHT SIDE OF ROADWAY STRIKING A FENCE.  ASSISTED BY TPR W.S. LASHMET /963/, TPR M.C. MCKNIGHT /1121/, CPL T.A. BADGETT /256/,  LT B.S. BEARDEN /98/ AND MODOT EMERGENCY RESPONSE"