objectid,accident,agency,inv_date,complaint,injured,killed,min_inj,dis_inj,severity,county,city,troop,no_vehicle,motor_veh,left_scene,dist_feet,dist_mile,inter_loc,direction,on_street,at_street,light_cond,acc_type,on_off_rd,two_veh,day_week,dr_drink,dr_drug,ped_drink,ped_drug,speed,dr_under21,dr_under25,dr_over55,dr_over64,electrical,emer_veh,stop_sign,yield_sign,czone,hazmat,aggressive,cell_phone,texting,veh_defect,school_bus,truck,motorcycle,atv,pickup,cmv,gps_lat,gps_long,severity_fatal,acc_date,acc_time,narrative
1301297,3190032633,Missouri State Highway Patrol-Troop C,1574035200000,190669655,1,0,1,0,Personal Injury,ST. CHARLES,NON-CITY OR UNINCORPORATED,C,2,2,0,18,0,A ,N,RT Z,CO RTN TO RTZ,Daylight,Motor Vehicle in Transport,1,61,Mon     ,0,0,0,0,0,0,0,0,0,0,0,0,0,0,0,0,0,0,0,0,0,0,0,0,0,38.7737,-90.86394,0,11/18/2019,07:50:00,VEHICLE 1 AND VEHICLE 2 WERE TRAVELING NORTHBOUND ON HIGHWAY Z. VEHICLE 1 WAS FOLLOWED BY VEHICLE 2. DRIVER 1 WAS STOPPED IN TRAFFIC SOUTH OF THE INTERSECTION FOR  HIGHWAY N. DRIVER 2 WAS INATTENTIVE AND FAILED TO SLOW APPROACHING INTERSECTION AHEAD AND FAILED TO NOTICE STOPPED TRAFFIC AND FAILED TO STOP CAUSING FRONT OF VEHICLE 2 TO STRIKE REAR OF VEHICLE 1.
1315839,3190032264,Missouri State Highway Patrol-Troop C,1574035200000,190670115,1,0,0,1,Personal Injury,ST. LOUIS,ST ANN,C,2,2,0,163,0.03,A ,E ,IS 70,ERM EAST IS 70 MILE 2364,Daylight,Motor Vehicle in Transport,1,61,Mon     ,0,0,0,0,0,0,0,0,0,0,0,0,0,0,0,0,0,0,0,0,0,0,0,0,0,38.74049,-90.3736,0,11/18/2019,11:14:00,"VEHICLE 2 WAS TRAVELING BEHIND VEHICLE 1 AND STRUCK THE REAR OF VEHICLE 1. VEHICLE 2 TRAVELED OFF THE ROAD, STRUCK CENTER MEDIAN AND THEN TRAVELED OFF THE RIGHT SIDE OF THE ROAD."
1205706,3190032234,Missouri State Highway Patrol-Troop F,1574035200000,190670227,1,0,1,0,Personal Injury,MILLER,NON-CITY OR UNINCORPORATED,F,2,2,0,36,0.01,B ,E ,US 54,BRIDGE A1675,Daylight,Motor Vehicle in Transport,1,61,Mon     ,0,0,0,0,0,0,0,0,0,0,0,0,0,0,0,1,0,0,0,0,1,0,0,0,1,38.23311,-92.62134,0,11/18/2019,12:11:00,CRASH OCCURRED AS VEHICLE 1 AND VEHICLE 2 WERE BOTH EASTBOUND ON 54.   VEHICLE 1 REAR ENDED VEHICLE 2.
1046765,3190032431,Missouri State Highway Patrol-Troop I,1574035200000,190670810,1,0,1,0,Personal Injury,PULASKI,ST ROBERT,I,2,2,0,312,0.06,A ,E ,IS 44,ERM EAST IS 44 MILE 1584,Daylight,Motor Vehicle in Transport,1,61,Mon     ,0,0,0,0,0,0,0,0,0,0,0,0,0,0,0,0,0,0,0,0,0,0,0,0,1,37.81736,-92.19086,0,11/18/2019,16:50:00,"DRIVER 1 ATTEMPTED TO REENTER TRAFFIC IN ORDER TO TURN INTO THE EMERGENCY CROSS OVER. VEHICLE 1 WAS IMPACTED BY VEHICLE 2 WHICH WAS UNABLE TO STOP. VEHICLE 1 THEN OVERTURNED, COMING TO REST IN THE MEDIAN."
1220482,3190033063,Missouri State Highway Patrol-Troop C,1574035200000,190670887,1,0,1,0,Personal Injury,FRANKLIN,VILLA RIDGE,C,2,2,0,728,0.14,B ,E ,MO 100,RT AT,Dark-Unlighted,Motor Vehicle in Transport,1,61,Mon     ,0,1,0,0,0,0,1,0,0,0,0,0,0,0,0,0,0,0,0,0,0,0,0,0,1,38.47567,-90.85525,0,11/18/2019,17:25:00,BOTH VEHICLES WERE TRAVELING EASTBOUND ON ROUTE 100. DRIVER 2 SLOWED TO MAKE A RIGHT TURN. DRIVER 1 FAILED TO SLOW AND THE FRONT OF VEHICLE 1 STRUCK THE TOWED UNIT OF VEHICLE 2.
1118928,3190031802,Missouri State Highway Patrol-Troop E,1574035200000,190671026,1,0,1,0,Personal Injury,BOLLINGER,NON-CITY OR UNINCORPORATED,E,1,1,0,5808,1.1,B ,S ,RT H,RT FF,Dark-Unlighted,Fixed Object,2,,Mon     ,0,0,0,0,1,0,0,1,0,0,0,0,0,0,0,1,0,0,0,0,1,0,0,1,0,37.21701,-90.08762,0,11/18/2019,18:50:00,VEH1 RAN OFF THE ROADWAY STRUCK AN EMBANKMENT AND OVERTURNED.
1276663,3190032704,Missouri State Highway Patrol-Troop C,1574121600000,190671326,1,0,1,0,Personal Injury,ST. CHARLES,WELDON SPRING,C,1,1,Y,184,0.03,B ,E ,IS 64,ERM EAST IS 64 MILE 128,Dark-Unlighted,Fixed Object,2,,Tue     ,0,0,0,0,1,0,0,0,0,0,0,0,0,0,0,1,0,0,0,0,0,0,0,0,0,38.6933,-90.66528,0,11/19/2019,01:30:00,"DRIVER 1 WAS TRAVELING TOO FAST FOR WET ROAD CONDITIONS. VEHICLE 1 TRAVELED OFF THE LEFT SIDE OF THE ROADWAY AND THE FRONT OF VEHICLE 1 STRUCK THE CONCRETE WALL, ROTATED AND THE REAR OF VEHICLE 1 STRUCK THE CONCRETE WALL."
1226484,3190032086,Missouri State Highway Patrol-Troop C,1574121600000,190671442,1,0,1,0,Personal Injury,JEFFERSON,NON-CITY OR UNINCORPORATED,C,1,1,0,1071,0.2,A ,N,CRD KLONDIKE RD,PVT VIEHMAN CREEK RD,Daylight,Fixed Object,2,,Tue     ,0,0,0,0,0,1,1,0,0,0,0,0,0,0,0,1,0,0,0,0,0,0,0,0,0,38.10694,-90.56736,0,11/19/2019,06:50:00,VEHICLE 1 TRAVELED OFF THE RIGHT SIDE OF THE ROADWAY AND STRUCK A ROCK BLUFF CAUSING VEHICLE 1 TO OVERTURN.
1138824,3190032676,Missouri State Highway Patrol-Troop E,1574121600000,190671463,1,0,1,0,Personal Injury,BUTLER,POPLAR BLUFF,E,2,2,0,0,0,AT,W ,BU 60,CST MAIN,Daylight,Motor Vehicle in Transport,1,64,Tue     ,0,0,0,0,0,0,0,1,0,0,0,1,0,0,0,1,0,0,0,0,0,0,0,0,0,36.75693,-90.39279,0,11/19/2019,07:00:00,CRASH OCCURRED AS VEHICLE 1 PULLED INTO ONCOMING TRAFFIC. VEHICLE 2 STRUCK VEHICLE 1.
814507,3190032610,Missouri State Highway Patrol-Troop A,1574121600000,190671487,1,0,1,0,Personal Injury,CLAY,KANSAS CITY,A,3,3,0,147,0.03,A ,S ,IS 35,ERM SOUTH IS 35 MILE 98,Daylight,Motor Vehicle in Transport,1,61,Tue     ,0,0,0,0,0,0,0,0,0,0,0,0,0,0,0,1,0,0,0,0,0,0,0,0,0,39.1765,-94.53239,0,11/19/2019,07:15:00,CRASH OCCURRED AS ALL  VEHICLES WERE TRAVELING SOUTHBOUND ON I 35.  VEHICLE 3 SLOWED AND WAS STRUCK IN THE REAR BY VEHICLE 2.  VEHICLE 2 WAS STRUCK IN THE REAR BY VEHICLE 1.
1328694,3190033428,Missouri State Highway Patrol-Troop G,1574121600000,190671514,2,0,2,0,Personal Injury,OREGON,NON-CITY OR UNINCORPORATED,G,1,1,0,902,0.17,B ,N,MO 19,BRIDGE K0358,Daylight,Overturn,2,,Tue     ,0,0,0,0,1,0,0,0,0,0,0,0,0,0,0,1,0,0,0,0,1,0,0,1,0,36.88339,-91.33083,0,11/19/2019,07:30:00,"VEHICLE ONE WAS TRAVELING NORTHBOUND ON STATE ROUTE 19, STARTED LOOSING CONTROL, TRAVELED OFF THE RIGHT SIDE OF THE ROADWAY, OVERTURNED AND STRUCK SEVERAL TREES."
918526,3190032084,Missouri State Highway Patrol-Troop D,1574121600000,190671530,1,0,1,0,Personal Injury,JASPER,NON-CITY OR UNINCORPORATED,D,1,1,0,205,0.04,B ,S ,MO 171,BRIDGE A3474,Daylight,Fixed Object,2,,Tue     ,0,0,0,0,0,0,1,0,0,0,0,0,0,0,0,1,0,0,0,0,0,0,0,0,0,37.16168,-94.41015,0,11/19/2019,07:37:00,"CRASH OCCURRED AS VEHICLE #1 WENT OFF THE LEFT SIDE OF THE ROADWAY, RETURNED TO THE ROADWAY, WENT OFF THE RIGHT SIDE OF THE ROADWAY, AND STRUCK A BRIDGE RAIL TWO SEPARATE TIMES."
918527,3190032022,Missouri State Highway Patrol-Troop D,1574121600000,190671571,2,0,2,0,Personal Injury,JASPER,NON-CITY OR UNINCORPORATED,D,3,3,0,100,0.02,A ,S ,MO 171,BRIDGE A3474,Daylight,Motor Vehicle in Transport,1,61,Tue     ,0,0,0,0,0,0,0,1,0,0,0,0,0,0,0,1,0,0,0,0,1,0,0,0,1,37.16203,-94.4092,0,11/19/2019,07:39:00,"CRASH OCCURRED AS VEHICLES WERE APPROACHING A PRIOR CRASH.  VEHICLES SLOWED AND VEHICLE #3 STRUCK THE REAR OF VEHICLE # 2, CAUSING VEHICLE #2 TO STRIKE VEHICLE #1."
1201127,3190031989,Missouri State Highway Patrol-Troop C,1574121600000,190671621,1,0,1,0,Personal Injury,LINCOLN,NON-CITY OR UNINCORPORATED,C,2,2,0,180,0.03,A ,N,MO 47,PVT W HORSESHOE BEND DRIVE,Daylight,Motor Vehicle in Transport,1,60,Tue     ,0,0,0,0,0,0,0,1,1,0,0,0,0,0,0,1,0,0,0,0,1,0,0,1,0,39.00241,-90.86794,0,11/19/2019,08:10:00,VEHICLE 1 WAS TRAVELING SOUTH ON MO 47. VEHICLE 2 WAS TRAVELING NORTH ON MO 47. VEHICLE 1 CROSSED OVERTHE CENTER LINE DIRECTLY IN FRONT OF VEHICLE 2. THE FRONT OF VEHICLE 1 IMPACTED THE FRONT OF VEHICLE 2.
888054,3190032297,Missouri State Highway Patrol-Troop A,1574121600000,190671633,1,0,1,0,Personal Injury,RAY,NON-CITY OR UNINCORPORATED,A,2,2,0,24,0,A ,E ,MO 10,CRD OLIVE ST,Daylight,Motor Vehicle in Transport,1,61,Tue     ,0,0,0,0,0,0,0,1,0,0,0,0,0,0,0,1,0,0,0,0,1,0,0,1,1,39.27528,-93.8296,0,11/19/2019,08:20:00,CRASH OCCURRED AS VEHICLE 2 WAS ATTEMPTING TO MAKE A LEFT HAND TURN. VEHICLE 1 FAILED TO YIELD AND STRUCK THE REAR OF VEHICLE 2. ASSISTED BY CPL D. J. KLINE /765/
1212851,3190034302,Missouri State Highway Patrol-Troop F,1574121600000,190672028,0,1,0,0,Fatal,COLE,NON-CITY OR UNINCORPORATED,F,1,1,0,0,0,AT,E ,US 54,RT E,Daylight,Pedestrian,1,,Tue     ,0,0,0,0,0,0,0,1,1,0,0,0,0,0,0,0,0,0,0,0,0,0,0,0,0,38.44017,-92.30382,1,11/19/2019,10:58:00,"***FATALITY CRASH** NEXT OF KIN NOTIFIED*** PEDESTRIAN 1 WAS STRUCK BY VEHICLE 1 IN PASSING LANE OF US 54 EASTBOUND WHILE ATTEMPTING TO CROSS ROADWAY. PEDESTRIAN 1 WAS  PRONOUNCED DECEASED ON SCENE BY COLE COUNTY SHERIFF WHEELER AT 1120 AM. THIS IS TROOP F'S 1ST FATAL OF NOVEMBER AND 55TH OF THE YEAR. ASSISTED BY TPR T. W. DECRAMER (1321), TPR S. J. WASHABAUGH (1266), THE COLE COUNTY SHERIFF'S OFFICE, AND THE COLE COUNTY RURAL FIRE DEPARTMENT."
1329886,3190032102,Missouri State Highway Patrol-Troop G,1574121600000,190672157,1,0,0,1,Personal Injury,HOWELL,NON-CITY OR UNINCORPORATED,G,1,1,0,52,0.01,A ,S ,MO 17,BRIDGE X0294,Daylight,Fixed Object,2,,Tue     ,0,0,0,0,0,0,0,0,0,0,0,0,0,0,0,1,0,0,0,0,0,0,0,0,0,36.5778,-91.82083,0,11/19/2019,11:55:00,"VEHICLE ONE TRAVELED OFF THE ROADWAY, DOWN AN EMBANKMENT AND OVERTURNED."
954143,3190031996,Missouri State Highway Patrol-Troop D,1574121600000,190672284,2,0,1,1,Personal Injury,GREENE,NON-CITY OR UNINCORPORATED,D,3,3,0,13,0,B ,E ,RT D,CRD PIN OAK DR,Daylight,Motor Vehicle in Transport,1,60,Tue     ,0,0,0,0,0,0,0,0,0,0,0,0,0,0,0,1,0,0,0,0,1,0,0,1,1,37.17944,-93.19449,0,11/19/2019,12:40:00,ACCIDENT OCCURRED AS VEH #1 CROSSED THE CENTER LINE STRIKING VEH #2 THEN STRIKING VEH#3
861984,3190032508,Missouri State Highway Patrol-Troop A,1574121600000,190672402,1,0,1,0,Personal Injury,LAFAYETTE,NON-CITY OR UNINCORPORATED,A,2,2,0,0,0,AT,W ,US 24,CRD GLIDDENS RD,Daylight,Motor Vehicle in Transport,1,64,Tue     ,0,0,0,0,0,0,0,1,1,0,0,0,0,0,0,1,0,0,0,0,0,0,0,0,0,39.20184,-93.56692,0,11/19/2019,13:25:00,OCCURRED AS VEH1 ATTEMPTED TO PASS VEH2 WHILE VEH2 WAS ATTEMPTING A LEFT TURN. VEH 1 STRUCK DRIVERS SIDE TIRE OF VEH 2. ASSISTED BY CPL. T. A. BAXTER /297/ AND TPR. G. D. OETTING /1277/
1264984,3190032075,Missouri State Highway Patrol-Troop C,1573430400000,190672682,3,0,3,0,Personal Injury,ST. CHARLES,O'FALLON,C,2,2,0,10,0,A ,E ,MO 364,RP 1042618,Dark-Lighted,Parked Motor Vehicle,2,63,Mon     ,0,0,0,0,1,0,0,0,0,0,0,0,0,0,0,1,0,0,0,0,0,0,0,0,0,38.75218,-90.69632,0,11/11/2019,17:11:00,"VEHICLE 1 TRAVELED OFF THE RIGHT SIDE OF THE ROADWAY AND STRUCK THE LEFT SIDE OF VEHICLE 2, WHICH WAS PARKED ON THE SHOULDER. VEHICLE 3 TRAVELED OFF THE RIGHT SIDE OF THE ROADWAY AND STRUCK THE LEFT SIDE OF VEHICLE 2. VEHICLE 4 TRAVELED OFF THE RIGHT SIDE OF THE ROADWAY AND STRUCK THE REAR OF VEHICLE 2."
941439,3190032616,Missouri State Highway Patrol-Troop D,1574121600000,190672763,1,0,1,0,Personal Injury,DALLAS,NON-CITY OR UNINCORPORATED,D,1,1,0,6336,1.2,B ,W ,MO 32,RT H,Daylight,Fixed Object,2,,Tue     ,0,0,0,0,0,0,0,0,0,0,0,0,0,0,0,1,0,0,0,0,0,0,0,0,0,37.6347,-93.02674,0,11/19/2019,16:04:00,CRASH OCCURRED AS VEH 1 RAN OFF THE RIGHT SIDE OF THE ROADWAY AND STRUCK A TREE.
799364,3190032547,Missouri State Highway Patrol-Troop A,1574121600000,190672782,1,0,1,0,Personal Injury,JACKSON,LEES SUMMIT,A,3,3,0,480,0.09,A ,E ,IS 470,ERM EAST IS 470 MILE 62,Daylight,Motor Vehicle in Transport,1,61,Tue     ,0,0,0,0,0,0,0,0,0,0,0,0,0,0,0,1,0,0,0,0,1,0,0,1,0,38.93501,-94.43065,0,11/19/2019,16:15:00,CRASH OCCURRED AS VEHICLE 1 CHANGED LANES AND STRUCK VEHICLE 2 IN THE REAR CAUSING VEHICLE 2 TO STRIKE VEHICLE 3. ASSISTED BY CPL. R. A. WOOD /788/ AND LEE'S SUMMIT POLICE DEPARTMENT
954142,3190032085,Missouri State Highway Patrol-Troop D,1574121600000,190673000,2,0,2,0,Personal Injury,GREENE,NON-CITY OR UNINCORPORATED,D,2,2,0,0,0,AT,S ,MO 413,CRD 115,Dark-Unlighted,Motor Vehicle in Transport,1,64,Tue     ,0,0,0,0,0,0,0,0,0,0,0,1,0,0,0,1,0,0,0,0,1,0,0,1,1,37.16749,-93.38759,0,11/19/2019,17:50:00,OCCURRED AS SOUTHBOUND VEHICLE #2 PULLED INTO THE PATH OF WESTBOUND VEHICLE #1.
1296140,3190032848,Missouri State Highway Patrol-Troop C,1574121600000,190673360,1,0,1,0,Personal Injury,ST. LOUIS,NON-CITY OR UNINCORPORATED,C,2,2,0,200,0.04,B ,S ,IS 55,ERM SOUTH IS 55 MILE 2002,Dark-Unlighted,Fixed Object,2,,Tue     ,0,0,0,0,0,0,1,0,0,0,0,0,0,0,0,1,0,0,0,0,0,0,0,0,0,38.5419,-90.301,0,11/19/2019,22:40:00,VEHICLE 1 WAS TRAVELING IN LANE 3 AND VEHICLE 2 IN LANE 2 ON SOUTHBOUND INTERSTATE 55. UNKNOWN VEHICLE MADE UNSAFE LANE CHANGE IN FRONT OF VEHICLE 1. VEHICLE 1 OVERCORRECTED TO THE LEFT TO AVOID UNKNOWN VEHICLE. VEHICLE 1 TRAVELED OFF THE ROADWAY TO THE LEFT AND STRUCK THE RAVE CONCRETE BARRIER. VEHICLE 1 RETURNED TO THE ROADWAY AND RIGHT REAR OF VEHICLE 1 STRUCK LEFT FRONT OF VEHICLE 2. BOTH VEHICLES TRAVELED OFF THE ROADWAY AND STRUCK GUARDRAIL. ASSISTED BY TPR. B. C. BRIDGES (723)
1134573,3190032534,Missouri State Highway Patrol-Troop E,1574208000000,190673445,3,0,1,2,Personal Injury,MADISON,NON-CITY OR UNINCORPORATED,E,2,2,0,2640,0.5,B ,S ,US 67,CRD 454,Dark-Unlighted,Fixed Object,2,,Wed     ,0,0,0,0,0,0,1,0,0,0,0,0,0,0,0,0,0,0,0,0,0,0,0,0,0,37.33324,-90.38903,0,11/20/2019,01:40:00,"CRASH OCCURRED AS VEHICLE 1 RAN OFF ROADWAY, STRUCK A CULVERT AND OVERTURNED."
918763,3190034452,Missouri State Highway Patrol-Troop D,1574208000000,190673502,2,0,1,1,Personal Injury,LAWRENCE,NON-CITY OR UNINCORPORATED,D,2,2,0,0,0,AT,W ,MO 174,RT K,Dark-Unlighted,Motor Vehicle in Transport,1,64,Wed     ,0,0,0,0,0,0,0,0,0,0,0,1,0,0,0,1,0,0,0,0,1,0,0,1,1,37.11468,-93.71498,0,11/20/2019,05:54:00,ACCIDENT OCCURRED AS VEHICLE #2 FAILED TO STOP AT A STOP SIGN AND PULLED INTO THE PATH OF VEHICLE #1.
1286881,3190032467,Missouri State Highway Patrol-Troop C,1574208000000,190673514,1,0,1,0,Personal Injury,ST. LOUIS,SUNSET HILLS,C,3,3,0,1584,0.3,A ,E ,IS 270,MO 30,Dark-Unlighted,Motor Vehicle in Transport,1,61,Wed     ,0,0,0,0,0,0,0,0,0,0,0,0,0,0,0,0,0,0,0,0,0,0,0,0,0,38.52841,-90.40271,0,11/20/2019,06:14:00,ALL VEHICLES WERE NORTHBOUND IN LANE 1 . TRAFFIC AHEAD CAME TO AN ABRUPT STOP. VEHICLE 2 AND VEHICLE 3 CAME TO A STOP. DRIVER 1 WAS DISTRACTED BY COFFEE AND FAILED TO STOP IN TIME. FRONT OF VEHICLE 1 STRUCK THE REAR OF VEHICLE 2 AND RIGHT FRONT OF VEHICLE 2 STRUCK LEFT REAR OF VEHICLE 3 . ASSISTED BY TPR. J. R. BROWN (184) AND TPR. C. A. GROVES (348) .
1320434,3190032605,Missouri State Highway Patrol-Troop G,1574208000000,190673544,1,0,1,0,Personal Injury,TEXAS,NON-CITY OR UNINCORPORATED,G,1,1,0,1816,0.34,A ,E ,RT VV,CRD SHEPARD DRIVE,Daylight,Overturn,2,,Wed     ,0,0,0,0,0,0,0,0,0,0,0,0,0,0,0,1,0,0,0,0,0,0,0,0,0,37.46264,-91.80817,0,11/20/2019,06:30:00,VEHICLE #1 TRAVELED OFF THE RIGHT SIDE OF THE ROADWAY AND OVERTURNED.
787035,3190032759,Missouri State Highway Patrol-Troop A,1574208000000,190673563,2,0,2,0,Personal Injury,HENRY,NON-CITY OR UNINCORPORATED,A,2,2,0,510,0.1,A ,W ,RT CC,CRD NE 101,Daylight,Motor Vehicle in Transport,1,62,Wed     ,0,0,0,0,0,0,0,0,0,0,0,0,0,0,0,1,0,0,0,0,0,0,0,0,0,38.52478,-93.7359,0,11/20/2019,06:35:00,CRASH OCCURRED AS VEHICLE 1 WAS EASTBOUND.  VEHICLE 1 CROSSED CENTER OF ROADWAY INTO THE PATH OF VEHICLE 2.  AFTER IMPACT VEHICLE 1 BEGAN TO ROTATE AND CAME TO REST ON THE LEFT SIDE OF THE ROAD.  VEHICLE 2 CONTINUED STRAIGHT AND CAME TO A CONTROLLED STOP.  ASSISTED BY HENRY COUNTY SHERIFF'S DEPARTMENT.
1016303,3190031992,Missouri State Highway Patrol-Troop D,1574208000000,190673789,1,0,0,1,Personal Injury,NEWTON,NON-CITY OR UNINCORPORATED,D,1,1,0,966,0.18,B ,E ,MO 86,CRD JUTE,Daylight,Overturn,1,,Wed     ,0,0,0,0,0,0,0,0,0,0,0,0,0,0,0,1,0,0,0,0,1,0,0,1,0,36.91049,-94.52818,0,11/20/2019,08:20:00,ACCIDENT OCCURRED AS VEHICLE #1 TRAVELED OFF OF THE LEFT SIDE OF THE ROADWAY AND OVERTURNED EJECTING THE DRIVER.
918525,3190032083,Missouri State Highway Patrol-Troop D,1574208000000,190674017,1,0,1,0,Personal Injury,JASPER,NON-CITY OR UNINCORPORATED,D,2,2,0,200,0.04,B ,W ,CRD FIR RD,PVT CL 276,Daylight,Motor Vehicle in Transport,1,67,Wed     ,0,0,0,0,0,0,0,1,1,0,0,0,0,0,0,0,0,0,1,0,1,0,0,0,1,37.14405,-94.55913,0,11/20/2019,10:00:00,ACCIDENT OCCURRED AS AN ITEM FROM THE TOWED UNIT OF VEHICLE #2 STRUCK VEHICLE #1.
1509418,3190032692,Missouri State Highway Patrol-Troop H,1574208000000,190674190,1,0,1,0,Personal Injury,NODAWAY,NON-CITY OR UNINCORPORATED,H,2,2,0,4224,0.8,A ,E ,MO 148,US 71,Daylight,Motor Vehicle in Transport,2,64,Wed     ,0,0,0,0,0,0,0,0,0,0,0,0,0,0,0,1,0,0,0,0,1,0,0,1,0,40.38637,-94.85332,0,11/20/2019,11:13:00,CRASH OCCURRED AS VEH#1 WAS SOUTHBOUND AND VEH#1 WAS NORTHBOUND ON MO-148. VEH#1 ATTEMPTED TO MAKE LEFT TURN INTO PRIVATE DRIVE AND TRAVELED INTO THE PATH OF VEH#2. VEH#2 SWERVED TO AVOID VEH #1 AND PARTIALLY TRAVELED OFF THE ROADWAY. VEH#1 STRUCK THE REAR DRIVER'S SIDE OF VEH#2. VEH#1 CAME TO REST IN THE ROADWAY FACING SOUTHEAST. VEH#1 CAME TO REST OFF THE EAST SIDE OF THE ROADWAY FACING NORTH. ASSISTED BY NODAWAY COUNTY SHERIFF'S OFFICE
1205369,3190032267,Missouri State Highway Patrol-Troop F,1574208000000,190674324,1,0,1,0,Personal Injury,MILLER,TUSCUMBIA,F,2,2,0,52,0.01,B ,S ,MO 17,MO 52 NJ,Daylight,Motor Vehicle in Transport,1,64,Wed     ,0,0,0,0,0,0,0,0,0,0,0,0,1,0,1,1,0,0,0,0,0,0,0,0,1,38.23977,-92.45244,0,11/20/2019,12:17:00,OCCURRED AS VEHICLE 1 TRAVELED THROUGH THE INTERSECTION OF MO 17 AND MO 52 AND STRUCK VEHICLE 2.
1320418,3190032303,Missouri State Highway Patrol-Troop G,1574208000000,190674654,1,0,1,0,Personal Injury,TEXAS,NON-CITY OR UNINCORPORATED,G,1,1,Y,95,0.02,A ,S ,RT AT,CRD KINDERPOST RD SJ,Daylight,Overturn,2,,Wed     ,0,0,0,0,1,0,0,0,0,0,0,0,0,0,0,1,0,0,0,0,0,0,0,0,0,37.56646,-91.93557,0,11/20/2019,14:25:00,"ACCIDENT OCCURRED AS VEHICLE #1 RAN OFF THE ROADWAY AND OVERTURNED, PARTIALLY EJECTING THE DRIVER"
846274,3190033978,Missouri State Highway Patrol-Troop A,1574208000000,190675010,1,0,1,0,Personal Injury,JOHNSON,NON-CITY OR UNINCORPORATED,A,1,1,0,640,0.12,A ,N,MO 23,RT DD,Dark-Unlighted,Animal,1,,Wed     ,0,0,0,0,0,0,0,0,0,0,0,0,0,0,0,0,0,0,0,0,0,0,0,0,0,38.74431,-93.57678,0,11/20/2019,17:30:00,CRASH OCCURRED AS VEHICLE 1 WAS TRAVELING NORTHBOUND AND STRUCK AN ANIMAL IN THE ROADWAY.
885550,3190032404,Missouri State Highway Patrol-Troop A,1574208000000,190675135,2,0,2,0,Personal Injury,CASS,NON-CITY OR UNINCORPORATED,A,3,3,Y,494,0.09,B ,S ,IS 49,ERM NORTH IS 49 MILE 1708,Dark-Unlighted,Motor Vehicle in Transport,1,61,Wed     ,0,0,0,0,1,,1,1,1,0,0,0,0,0,0,1,0,0,0,0,0,0,0,0,1,38.76697,-94.49085,0,11/20/2019,18:45:00,CRASH OCCURRED AS VEHICLE1 STRUCK THE REAR OF VEHICLE 2. VEHICLE 2 TRAVELED OFF THE LEFT SIDE OF THE ROADWAY. VEHICLE 1 WAS THEN STRUCK BY VEHICLE 3. ASSISTED BY MSGT. R.W. SHAUL /528/ AND CASS COUNTY SHERIFF'S DEPARTMENT
1226405,3190034324,Missouri State Highway Patrol-Troop C,1574208000000,190675174,0,0,0,0,Property Damage,JEFFERSON,NON-CITY OR UNINCORPORATED,C,2,2,0,485,0.09,A ,N,US 67,CRD PAPIN RD,Dark-Unlighted,Motor Vehicle in Transport,1,61,Wed     ,0,0,0,0,1,0,0,1,0,0,0,0,0,0,0,1,0,0,0,0,1,0,0,1,0,38.06762,-90.48655,0,11/20/2019,17:55:00,VEHICLE 1 WAS SOUTHBOUND ON ROUTE B AND TRAVELED OFF THE LEFT SIDE OF THE ROADWAY.  VEHICLE 1 THEN STRUCK A CULVERT AND CONTINUED OFF THE ROADWAY.  VEHICLE 1 THEN STRUCK A CONCRETE BARRIER AND OVERTURNED.
846207,3190032589,Missouri State Highway Patrol-Troop A,1574208000000,190675237,2,0,2,0,Personal Injury,JOHNSON,NON-CITY OR UNINCORPORATED,A,2,2,0,0,0,AT,N,MO 131,CRD NW 200,Dark-Unlighted,Motor Vehicle in Transport,1,61,Wed     ,0,0,0,0,0,1,1,1,1,0,0,0,0,0,0,0,0,0,0,0,0,0,0,0,0,38.79906,-93.99376,0,11/20/2019,20:10:00,CRASH OCCURRED AS VEHICLE 2 WAS STOPPED PREPARING TO TURN ONTO NW 200 RD. VEHICLE 1 STRUCK VEHICLE 2 IN THE REAR. ASSISTED BY CPL J D OWENS /876/.
1178229,3190032307,Missouri State Highway Patrol-Troop F,1574208000000,190675249,1,0,1,0,Personal Injury,CAMDEN,NON-CITY OR UNINCORPORATED,F,1,1,0,63,0.01,B ,S ,RT JJ,CRD RAIL DR,Dark-Unlighted,Overturn,2,,Wed     ,0,0,0,0,1,1,1,0,0,0,0,0,0,0,0,1,0,0,0,0,0,0,0,0,0,37.8038,-92.55736,0,11/20/2019,20:20:00,"VEHICLE 1 RAN OFF RIGHT SIDE OF THE ROADWAY, OVERTURNED AND STRUCK THE EMBANKMENT.  ASSISTED BY CPL B. J. BLANKENBEKER (895) AND TPR. J. C. SOUTHWOOD (1448) FROM TROOP I"