objectid,accident,agency,inv_date,complaint,injured,killed,min_inj,dis_inj,severity,county,city,troop,no_vehicle,motor_veh,left_scene,dist_feet,dist_mile,inter_loc,direction,on_street,at_street,light_cond,acc_type,on_off_rd,two_veh,day_week,dr_drink,dr_drug,ped_drink,ped_drug,speed,dr_under21,dr_under25,dr_over55,dr_over64,electrical,emer_veh,stop_sign,yield_sign,czone,hazmat,aggressive,cell_phone,texting,veh_defect,school_bus,truck,motorcycle,atv,pickup,cmv,gps_lat,gps_long,severity_fatal,acc_date,acc_time,narrative
1301306,3190032697,Missouri State Highway Patrol-Troop C,1574294400000,190675458,3,0,3,0,Personal Injury,ST. CHARLES,NON-CITY OR UNINCORPORATED,C,1,1,0,448,0.08,A ,N,RT DD,CST DIEHR RD,Dark-Unlighted,Fixed Object,2,,Thu     ,0,0,0,0,1,1,1,0,0,0,0,0,0,0,0,1,0,0,0,0,0,0,0,0,0,38.74035,-90.79761,0,11/21/2019,01:35:00,"DRIVER 1 WAS TRAVELING TOO FAST FOR THE WET ROAD CONDITIONS CAUSING VEHICLE 1 TO TRAVEL OFF THE LEFT SIDE OF THE ROADWAY, STRIKE A DITCH AND OVERTURN."
1056335,3190032266,Missouri State Highway Patrol-Troop I,1574294400000,190675490,2,0,2,0,Personal Injury,CRAWFORD,NON-CITY OR UNINCORPORATED,I,1,1,0,475,0.09,B ,E ,IS 44,ERM EAST IS 44 MILE 2100,Dark-Unlighted,Fixed Object,2,,Thu     ,0,0,0,0,0,0,0,1,0,0,0,0,0,0,0,1,0,0,0,0,0,0,0,0,1,38.08459,-91.38481,0,11/21/2019,05:45:00,OCCURRED AS DRIVER 1 RAN OFF RIGHT SIDE OF ROADWAY AND STRUCK A TREE
885553,3190032632,Missouri State Highway Patrol-Troop A,1574294400000,190675536,0,0,0,0,Property Damage,CASS,NON-CITY OR UNINCORPORATED,A,1,1,0,1584,0.3,B ,E ,CRD 307TH STREET,CRD HESS ROAD,Daylight,Jackknife,2,,Thu     ,0,0,0,0,0,0,0,0,0,0,0,0,0,0,0,1,0,0,0,0,0,0,0,0,1,38.56063,-94.40268,0,11/21/2019,06:30:00,"THE CRASH OCCURRED AS VEHICLE #1 WAS TRAVELING NORTH ON ROUTE J NORTH OF 211ST STREET.  VEHICLE #1 TRAVELED OFF THE RIGHT SIDE OF THE ROADWAY AND STRUCK THE GUARDRAIL END.  VEHICLE #1 CAME TO FINAL REST FACING NORTH.  ASSISTED BY WEST PECULIAR FIRE PROTECTION DISTRICT, CASS COUNTY FIRE DEPARTMENT, PECULIAR POLICE DEPARTMENT."
1155602,3190032364,Missouri State Highway Patrol-Troop E,1574294400000,190675617,1,0,1,0,Personal Injury,SCOTT,NON-CITY OR UNINCORPORATED,E,1,1,0,121,0.02,A ,N,IS 55,ERM NORTH IS 55 MILE 828,Daylight,Fixed Object,2,,Thu     ,0,0,0,0,1,0,1,0,0,0,0,0,0,0,0,1,0,0,0,0,0,0,0,0,0,37.11559,-89.53639,0,11/21/2019,07:20:00,"CRASH OCCURRED AS VEHICLE 1 HYDROPLANED, RAN OFF THE ROADWAY, STRUCK THE GROUND, AND OVERTURNED."
1189694,3190033682,Missouri State Highway Patrol-Troop F,1574294400000,190675825,1,0,1,0,Personal Injury,GASCONADE,NON-CITY OR UNINCORPORATED,F,1,1,0,200,0.04,A ,S ,MO 19,CRD BRINKMAN,Daylight,Fixed Object,2,,Thu     ,0,0,0,0,0,0,0,0,0,0,0,0,0,0,0,0,0,0,0,0,1,0,0,1,0,38.42301,-91.49197,0,11/21/2019,09:18:00,"CRASH OCCURRED WHEN VEHICLE 1 RAN OFF THE RIGHT SIDE OF THE ROADWAY, DRIVER 1 OVER-CORRECTED, VEHICLE 1 CROSSED THE CENTER LINE, RAN OFF THE LEFT SIDE OF THE ROADWAY AND STRUCK A TREE."
1141572,3190032339,Missouri State Highway Patrol-Troop E,1574294400000,190676140,1,0,1,0,Personal Injury,BUTLER,NON-CITY OR UNINCORPORATED,E,1,1,0,58,0.01,A ,S ,RT FF,RT OO,Daylight,Fixed Object,2,,Thu     ,0,0,0,0,1,0,0,0,0,0,0,0,0,0,0,1,0,0,0,0,0,0,0,0,0,36.71862,-90.20942,0,11/21/2019,11:40:00,"CRASH OCCURRED AS VEHICLE 1 RAN OFF THE RIGHT SIDE OF THE ROAD, STRUCK AN EMBANKMENT AND OVERTURNED."
1193071,3190032125,Missouri State Highway Patrol-Troop F,1574294400000,190676181,1,0,1,0,Personal Injury,CALLAWAY,NON-CITY OR UNINCORPORATED,F,1,1,0,2159,0.41,B ,N,RT J,BRIDGE R0600,Daylight,Fixed Object,2,,Thu     ,0,0,0,0,0,0,0,1,1,0,0,0,0,0,0,0,0,0,0,0,0,0,0,0,0,38.82925,-92.10029,0,11/21/2019,12:08:00,"DRIVER 1 FELL ASLEEP, VEHICLE 1 TRAVELED OFF THE LEFT SIDE OF THE ROAD AND STRUCK A DITCH.  ASSISTED SGT R.S. THOMPSON (672) AND SGT W.V. AHRENS (900)"
1336915,3190032999,Missouri State Highway Patrol-Troop G,1574294400000,190676398,1,0,1,0,Personal Injury,DOUGLAS,NON-CITY OR UNINCORPORATED,G,1,1,Y,1077,0.2,B ,S ,CRD 76-101,CRD 101-D,Daylight,Fixed Object,2,,Thu     ,1,0,0,0,0,0,1,0,0,0,0,0,0,0,0,0,0,0,0,0,1,0,0,1,0,37.0214,-92.6069,0,11/21/2019,13:45:00,"OCCURRED AS VEHICLE #1 TRAVELED OFF OF THE LEFT SIDE OF ROADWAY AND STRUCK SEVERAL TREES.  ASSISTED BY SGT.L.S.ELLIOTT (346), DOUGLAS COUNTY DEPUTIES AND AVA RURAL FIRE DEPT"
1288999,3190032573,Missouri State Highway Patrol-Troop C,1574294400000,190676419,2,0,2,0,Personal Injury,PIKE,NON-CITY OR UNINCORPORATED,C,2,2,0,0,0,AT,N,US 61,RT NN,Daylight,Motor Vehicle in Transport,1,64,Thu     ,0,0,0,0,0,0,0,1,1,0,0,0,1,0,0,1,0,0,0,0,1,0,0,1,0,39.319,-91.14816,0,11/21/2019,14:05:00,VEHICLE 1 PULLED INTO THE PATH OF VEHICLE 2.  THE FRONT OF VEHICLE 2 STRUCK THE PASSENGER SIDE OF VEHICLE 1.
1280731,3190032137,Missouri State Highway Patrol-Troop C,1574294400000,190676450,1,0,1,0,Personal Injury,ST. LOUIS,MARYLAND HEIGHTS,C,2,2,0,411,0.08,B ,W ,IS 270,ERM SOUTH IS 270 MILE 194,Daylight,Motor Vehicle in Transport,1,63,Thu     ,0,0,0,0,0,0,0,1,1,0,0,0,0,0,0,1,0,0,0,0,0,0,0,0,1,38.73988,-90.44176,0,11/21/2019,14:17:00,VEHICLE #1 MADE AN IMPROPER LANE CHANGE TO THE LEFT AND VEHICLE #2 WAS FOLLOWING TOO CLOSELY.  DAMAGE OCCURRED WHEN THE FRONT RIGHT OF VEHICLE #2 AND THE REAR LEFT OF VEHICLE #1 CAME INTO CONTACT. ASSISTED BY MARYLAND HEIGHTS POLICE DEPARTMENT.
1050043,3190032233,Missouri State Highway Patrol-Troop I,1574294400000,190676571,1,0,1,0,Personal Injury,DENT,NON-CITY OR UNINCORPORATED,I,1,1,0,0,0,AT,W ,MO 68,CRD 3250,Daylight,Fixed Object,2,,Thu     ,0,0,0,0,1,0,0,1,1,0,0,0,0,0,0,1,0,0,0,0,0,0,0,0,0,37.68926,-91.53552,0,11/21/2019,14:55:00,"DRIVER OF VEHICLE FAILED TO NEGOTIATE CURVE, CAUSING THE VEHICLE TO LEAVE ROADWAY AND STRIKE A TREE."
1006472,3190032334,Missouri State Highway Patrol-Troop D,1574294400000,190676674,1,0,1,0,Personal Injury,WEBSTER,NON-CITY OR UNINCORPORATED,D,2,2,0,4,0,B ,W ,MO 38,CRD EMERALD LOOP WJ,Daylight,Motor Vehicle in Transport,1,61,Thu     ,0,0,0,0,0,0,1,0,0,0,0,0,0,0,0,0,0,0,0,0,1,0,0,1,0,37.35132,-92.96166,0,11/21/2019,15:50:00,OCCURRED AS VEH1 STRUCK THE REAR OF VEH2.
1050044,3190032374,Missouri State Highway Patrol-Troop I,1574294400000,190676675,1,0,1,0,Personal Injury,DENT,NON-CITY OR UNINCORPORATED,I,2,2,0,0,0,AT,W ,MO 32,CRD 4410,Daylight,Motor Vehicle in Transport,1,64,Thu     ,0,0,0,0,0,1,1,1,0,0,0,1,0,0,0,1,0,0,0,0,0,0,0,0,0,37.6416,-91.20833,0,11/21/2019,15:40:00,OCCURRED AS VEH 1 WAS CROSSING HWY 32 AND PULLED INTO THE PATH OF WESTBOUND VEH 2.
885551,3190032709,Missouri State Highway Patrol-Troop A,1574294400000,190676783,2,0,2,0,Personal Injury,CASS,NON-CITY OR UNINCORPORATED,A,2,2,0,229,0.04,A ,N,MO 7,RT T,Daylight,Motor Vehicle in Transport,1,61,Thu     ,0,0,0,0,0,0,0,0,0,0,0,0,0,0,0,1,0,0,0,0,0,0,0,0,0,38.59506,-94.24818,0,11/21/2019,16:45:00,OCCURRED AS VEH 2 TUNED LEFT ONTO NB 7 AND VEH 1 STRUCK REAR OF VEH 2
972369,3190032475,Missouri State Highway Patrol-Troop D,1574294400000,190677163,1,0,1,0,Personal Injury,CEDAR,NON-CITY OR UNINCORPORATED,D,1,1,0,591,0.11,B ,W ,RT N,CRD 2251,Dark-Unlighted,Fixed Object,2,,Thu     ,0,0,0,0,0,0,0,0,0,0,0,0,0,0,0,0,0,0,0,0,0,0,0,0,0,37.79789,-93.65669,0,11/21/2019,20:20:00,VEHICLE 1 TRAVELED OFF THE RIGHT SIDE OF THE ROADWAY AND STRUCK A DRAINAGE CULVERT TO AVOID STRIKING A DEER.
1276678,3190032193,Missouri State Highway Patrol-Troop C,1574380800000,190677329,1,0,1,0,Personal Injury,ST. CHARLES,WELDON SPRING,C,1,1,0,348,0.07,A ,E ,IS 64,ERM EAST IS 64 MILE 124,Dark-Unlighted,Fixed Object,2,,Thu     ,0,0,0,0,1,0,0,0,0,0,0,0,0,0,0,1,0,0,0,0,0,0,0,0,0,38.69751,-90.66666,0,11/21/2019,23:54:00,VEHICLE 1 WAS TRAVELING TOO FAST FOR THE WET ROAD CONDITIONS. VEHICLE 1 SLID OFF THE LEFT SIDE OF THE ROADWAY AND STRUCK THE MEDIAN WALL.
954139,3190032273,Missouri State Highway Patrol-Troop D,1574380800000,190677586,1,0,1,0,Personal Injury,GREENE,NON-CITY OR UNINCORPORATED,D,1,1,0,406,0.08,B ,S ,RT NN,CRD 186,Daylight,Fixed Object,2,,Fri     ,0,0,0,0,0,0,0,0,0,0,0,0,0,0,0,0,0,0,0,0,0,0,0,0,0,37.10705,-93.19079,0,11/22/2019,07:40:00,"VEHICLE #1 TRAVELED OFF THE RIGHT SIDE OF THE ROADWAY AND DRIVER OVER CORRECTED.  VEHICLE #1 AGAIN TRAVELED OFF THE RIGHT SIDE OF THE ROADWAY, STRUCK A DITCH, OVERTURNED, STRUCK A FENCE AND CAME TO REST ON ITS SIDE."
1141571,3190032354,Missouri State Highway Patrol-Troop E,1574380800000,190677674,2,0,2,0,Personal Injury,BUTLER,NON-CITY OR UNINCORPORATED,E,1,1,0,2048,0.39,A ,E ,MO 158,BRIDGE T0170,Daylight,Fixed Object,2,,Fri     ,0,0,0,0,1,0,0,0,0,0,0,0,0,0,0,1,0,0,0,0,1,0,0,1,0,36.66303,-90.43233,0,11/22/2019,08:25:00,CRASH OCCURRED AS VEHICLE 1 HYDROPLANED AND RAN OFF THE RIGHT SIDE OF THE ROADWAY AND STRUCK A UTILITY POLE.
1499788,3190032335,Missouri State Highway Patrol-Troop H,1574380800000,190677933,2,0,2,0,Personal Injury,CLINTON,NON-CITY OR UNINCORPORATED,H,1,1,0,157,0.03,A ,N,IS 35,ERM NORTH IS 35 MILE 408,Daylight,Overturn,1,,Fri     ,0,0,0,0,0,1,1,0,0,0,0,0,0,0,0,0,0,0,0,0,1,0,0,1,0,39.5631,-94.26506,0,11/22/2019,10:10:00,"CRASH OCCURRED AS VEH#1 WAS NORTHBOUND ON I 35 WHEN VEH#1 WENT OFF THE WEST SIDE OF THE ROADWAY.  VEH#1 THEN CAME BACK ONTO THE ROADWAY AND DVR#1 LOST CONTROL OF THE VEHICLE.  VEH#1 OVERTURNED FIVE TIMES COMING TO REST OFF THE EAST SIDE OF THE ROADWAY IN A DITCH FACING SOUTHEAST ON ITS WHEELS.  ASSISTED BY SGT. L. M. NEWMAN (576), CLINTON COUNTY SHERIFF'S DEPARTMENT, AND  LATHROP FIRE AND RESCUE."
861987,3190032401,Missouri State Highway Patrol-Troop A,1574380800000,190677940,1,0,1,0,Personal Injury,LAFAYETTE,NON-CITY OR UNINCORPORATED,A,1,1,0,26,0,A ,W ,IS 70,ERM WEST IS 70 MILE 326,Daylight,Fixed Object,2,,Fri     ,0,0,0,0,0,1,1,0,0,0,0,0,0,0,0,1,0,0,0,0,0,0,0,0,0,39.01103,-94.04725,0,11/22/2019,10:10:00,"CRASH OCCURRED AS VEHICLE WAS WESTBOUND ON I-70. VEHICLE 1 TRAVELED OFF THE LEFT SIDE OF THE ROAD. DRIVER 1 OVER CORRECTED, AND WENT OF THE RIGHT SIDE OF THE ROAD AND OVERTURNED. ASSISTED BY TPR A J FOSS /820/, MSGT C E UTTERBACK /688/, CPL J C UTZ /850/, AND TPR M J HANRAHAN /1370/."
954138,3190032275,Missouri State Highway Patrol-Troop D,1574380800000,190677975,1,0,1,0,Personal Injury,GREENE,NON-CITY OR UNINCORPORATED,D,2,2,0,0,0,AT,W ,CRD 164,PVT SCENIC PLACE APARTMENTS,Daylight,Motor Vehicle in Transport,1,64,Fri     ,0,0,0,0,0,0,0,1,0,0,0,0,0,0,0,1,0,0,0,0,1,0,0,1,0,37.15298,-93.33083,0,11/22/2019,10:20:00,OCCURRED AS VEH1 PULLED INTO THE PATH OF VEH2.
799366,3190032706,Missouri State Highway Patrol-Troop A,1574380800000,190678117,2,0,2,0,Personal Injury,JACKSON,LEES SUMMIT,A,2,2,0,50,0.01,A ,E ,IS 470,ERM EAST IS 470 MILE 146,Daylight,Motor Vehicle in Transport,1,63,Fri     ,0,0,0,0,0,0,0,1,1,0,0,0,0,0,0,1,0,0,0,0,0,0,0,0,0,39.01192,-94.35635,0,11/22/2019,11:30:00,CRASH OCCURRED AS VEH 1 CHANGED LANES STRIKING VEH 2. BOTH VEHICLES TRAVELED INTO MEDIAN AND STRUCK THE CABLES/  ASSISTED BY TPR E N WILSON/1417 AND LEES SUMMIT FIRE DEPARTMENT
865353,3190033606,Missouri State Highway Patrol-Troop A,1574380800000,190678251,1,0,1,0,Personal Injury,PETTIS,NON-CITY OR UNINCORPORATED,A,2,2,0,2534,0.48,B ,S ,US 65,RT V,Daylight,Motor Vehicle in Transport,1,61,Fri     ,0,0,0,0,0,0,0,1,0,0,0,0,0,0,0,1,0,0,0,0,0,0,0,0,1,38.58566,-93.26915,0,11/22/2019,12:36:00,CRASH OCCURRED AS VEHICLE 1 SLOWED AND WAS STRUCK IN THE REAR BY VEHICLE 2.  ASSISTED BY CPL A.S. CRAIG/477/ AND CPL J.L. DILLON/215/
1320416,3190032974,Missouri State Highway Patrol-Troop G,1574380800000,190678531,2,0,0,2,Personal Injury,TEXAS,NON-CITY OR UNINCORPORATED,G,1,1,0,1087,0.21,A ,E ,MO 32,CRD GROVES DR,Daylight,Fixed Object,2,,Fri     ,0,0,0,0,1,0,0,0,0,0,0,0,0,0,0,1,0,0,0,0,0,0,0,0,0,37.50459,-92.19288,0,11/22/2019,14:30:00,"CRASH OCCURRED AS VEHICLE ONE TRAVELED OFF THE RIGHT SIDE OF THE ROADWAY, WENT AIR BORN, STRUCK THE GROUND AND OVERTURNED STRIKING A FENCE. ASSISTED BY TPR. J R SELLERS #268"
918768,3190033500,Missouri State Highway Patrol-Troop D,1574380800000,190678730,1,0,1,0,Personal Injury,LAWRENCE,NON-CITY OR UNINCORPORATED,D,3,3,0,0,0,AT,W ,IS 44,ERM WEST IS 44 MILE 492,Dark-Unlighted,Motor Vehicle in Transport,1,61,Fri     ,0,0,0,0,0,1,1,0,0,0,0,0,0,0,0,0,0,0,0,0,1,0,0,1,0,37.11151,-93.7692,0,11/22/2019,16:32:00,"#1 AND #2 WERE STOPPED IN TRAFFIC ON WESTBOUND I44.  #3 STRUCK THE REAR OF #2, SPUN OFF #2 AND STRUCK #1.  #3 THEN TRAVELED OFF THE ROADWAY AND STRUCK THE MEDIAN CABLE"
1178251,3190032187,Missouri State Highway Patrol-Troop F,1574380800000,190678942,2,0,2,0,Personal Injury,CAMDEN,NON-CITY OR UNINCORPORATED,F,2,2,0,258,0.05,A ,W ,US 54,CRD WILLOW CREEK DR,Dark-Unlighted,Motor Vehicle in Transport,1,61,Fri     ,0,0,0,0,0,0,0,0,0,0,0,0,0,0,0,1,1,1,0,0,1,0,0,1,0,38.02879,-92.71686,0,11/22/2019,17:50:00,"VEHICLE 2 SLOWED DUE TO TRAFFIC, VEHICLE 1 STRUCK THE REAR OF VEHICLE.  ASSISTED BY SGT M.J. CODY (271) AND TPR J.R. HARDY (615)"
1050047,3190032581,Missouri State Highway Patrol-Troop I,1574380800000,190679018,1,0,1,0,Personal Injury,DENT,NON-CITY OR UNINCORPORATED,I,1,1,0,2640,0.5,A ,W ,MO 72,RT C,Dark-Unlighted,Animal,1,,Fri     ,0,0,0,0,0,0,0,0,0,0,0,0,0,0,0,0,0,0,0,0,0,0,0,0,0,37.7236,-91.63801,0,11/22/2019,18:30:00,CRASH OCCURRED AS VEHICLE STRUCK A DEER IN THE ROADWAY.
1204482,3190033029,Missouri State Highway Patrol-Troop C,1574380800000,190679028,2,0,2,0,Personal Injury,PERRY,NON-CITY OR UNINCORPORATED,C,3,3,0,261,0.05,B ,S ,IS 55,ERM SOUTH IS 55 MILE 1256,Dark-Unlighted,Animal,1,,Fri     ,0,0,0,0,0,1,1,0,0,0,0,0,0,0,0,0,0,0,0,0,0,0,0,0,1,37.65825,-89.85312,0,11/22/2019,18:35:00,"VEHICLE 1 STRUCK A DEER AND DRIVER 1 SWERVED TO THE LEFT AND STRUCK VEHICLE 2.  VEHICLE 2 TRAVELED OFF THE LEFT SIDE OF THE ROAD AND STRUCK THE MEDIAN CABLE BARRIERS.  VEHICLE 3 STRUCK THE DEER AFTER IT IMPACTED VEHICLE 1.  ASSISTED BY TPR. J. C. JENKINS (904), TPR. C. S. GERALDS (277), AND PERRY COUNTY SHERIFF'S OFFICE."
1275249,3190032746,Missouri State Highway Patrol-Troop C,1574380800000,190679075,1,0,1,0,Personal Injury,ST. LOUIS CITY,ST LOUIS,C,2,2,0,10,0,B ,E ,IS 70,RP 104294,Dark-Unlighted,Motor Vehicle in Transport,1,63,Fri     ,0,0,0,0,0,0,0,1,1,0,0,0,0,0,0,1,0,0,0,0,0,0,0,0,1,38.68496,-90.24338,0,11/22/2019,19:15:00,VEHICLE 2 WAS MERGING ONTO I-70 EASTBOUND. THE LEFT SIDE OF VEHICLE 2 STRUCK THE RIGHT SIDE OF VEHICLE 1.
859184,3190032813,Missouri State Highway Patrol-Troop A,1574380800000,190679344,1,0,1,0,Personal Injury,JACKSON,BLUE SPRINGS,A,2,2,0,485,0.09,B ,E ,IS 70,ERM EAST IS 70 MILE 230,Dark-Unlighted,Motor Vehicle in Transport,1,61,Fri     ,0,0,0,0,0,0,0,1,1,0,0,0,0,0,0,0,0,0,0,0,1,0,0,1,0,39.02465,-94.22595,0,11/22/2019,21:40:00,"CRASH OCCURRED AS VEHICLE #2 WAS RE-ENTERING THE ROADWAY AFTER BEING STOPPED ON THE SHOULDER, WHEN VEHICLE #2 CHANGED FROM THE MIDDLE LANE INTO THE RIGHT LANE AND STRUCK VEHICLE #1."
1195563,3190032494,Missouri State Highway Patrol-Troop F,1574467200000,190679658,1,0,1,0,Personal Injury,HOWARD,NON-CITY OR UNINCORPORATED,F,1,1,0,1320,0.25,A ,E ,MO 240,BRIDGE H0287,Dark-Unlighted,Fixed Object,2,,Sat     ,0,0,0,0,0,0,1,0,0,0,0,0,0,0,0,0,0,0,0,0,0,0,0,0,0,39.01834,-92.59083,0,11/23/2019,02:20:00,"OCCURRED AS VEHICLE 1 ATTEMPTED TO AVOID A DEER, TRAVELED OFF THE RIGHT SIDE OF THE ROAD INTO A DITCH. ASSISTED BY HOWARD COUNTY SHERIFF'S DEPARTMENT"
939848,3190032421,Missouri State Highway Patrol-Troop D,1574467200000,190679696,2,0,2,0,Personal Injury,CHRISTIAN,NON-CITY OR UNINCORPORATED,D,1,1,0,3168,0.6,B ,N,MO 125,CRD SWANSVILLE,Dark-Unlighted,Overturn,2,,Sat     ,0,0,0,0,1,0,0,0,0,0,0,0,0,0,0,1,0,0,0,0,1,0,0,1,0,36.87173,-93.01508,0,11/23/2019,06:12:00,"CRASH OCCURRED AS VEHICLE 1 ATTEMPTED TO NEGOTIATE A CURVE, VEHICLE  TRAVELED ACROSS CENTER OF ROADWAY,  TRAVELED OFF EAST SIDE OF ROADWAY STRIKING A TREE."
1212540,3190032552,Missouri State Highway Patrol-Troop F,1574467200000,190679713,1,0,1,0,Personal Injury,COLE,ST MARTINS,F,2,2,0,591,0.11,B ,E ,US 50,RT T,Dark-Unlighted,Motor Vehicle in Transport,1,63,Sat     ,0,0,0,0,1,0,0,1,1,0,0,0,0,0,0,1,0,0,0,0,1,0,0,1,0,38.58699,-92.32731,0,11/23/2019,06:30:00,"OCCURRED AS VEHICLE 1 WAS ATTEMPTING TO OVERTAKE VEHICLE 2 AND STRUCK VEHICLE 2 CAUSING VEHICLE 1 TO TRAVEL OFF THE LEFT SIDE OF THE ROADWAY THROUGH THE MEDIAN, ACROSS BOTH LANES OF WESTBOUND US-50 AND STRUCK A TREE."
1162087,3190032599,Missouri State Highway Patrol-Troop F,1574467200000,190680084,2,0,2,0,Personal Injury,BOONE,NON-CITY OR UNINCORPORATED,F,1,1,0,355,0.07,A ,E ,IS 70,ERM EAST IS 70 MILE 1362,Daylight,Fixed Object,2,,Sat     ,0,0,0,0,0,0,1,0,0,0,0,0,0,0,0,1,0,0,1,0,0,0,0,0,0,38.95519,-92.15787,0,11/23/2019,10:25:00,OCCURRED AS VEHICLE 1 TRAVELED OFF THE RIGHT SIDE OF THE ROADWAY AND STRUCK A TREE
1135880,3190033239,Missouri State Highway Patrol-Troop E,1574467200000,190680093,0,1,0,0,Fatal,CAPE GIRARDEAU,NON-CITY OR UNINCORPORATED,E,1,1,0,1399,0.26,A ,W ,RT A,CRD 253,Daylight,Fixed Object,2,,Sat     ,1,0,0,0,0,0,0,1,1,0,0,0,0,0,0,0,0,0,0,0,0,0,0,0,0,37.23572,-89.80529,1,11/23/2019,10:20:00,"LATE DEATH REPORT - CRASH OCCURRED AS VEH 1 RAN OFF THE ROADWAY AND STRUCK A TREE.  THOMAS PRONOUNCED ON 12/02/19 AT 1559 HRS, BY DR. SALLY JO, AT BARNES-JEWISH HOSPITAL IN ST. LOUIS.  NEXT OF KIN NOTIFIED.  TROOP E FATALITY # 51 FOR 2019."
1187247,3190032991,Missouri State Highway Patrol-Troop F,1574467200000,190680582,1,0,1,0,Personal Injury,CALLAWAY,KINGDOM CITY,F,2,2,0,0,0,AT,W ,US 54,RP 6998,Daylight,Motor Vehicle in Transport,1,64,Sat     ,0,0,0,0,0,0,0,0,0,1,0,0,0,0,0,1,0,0,0,0,0,0,0,0,0,38.94361,-91.9413,0,11/23/2019,14:20:00,CRASH OCCURRED AS VEHICLE 1 WAS EXITING EASTBOUND I-70 AND PULLED THROUGH THE INTERSECTION TO TURN ONTO EASTBOUND U.S. 54. VEHICLE 2 FAILED TO STOP AT A RED LIGHT AND STRUCK VEHICLE 1.
1296073,3190034156,Missouri State Highway Patrol-Troop C,1574467200000,190680681,2,0,2,0,Personal Injury,ST. LOUIS,NON-CITY OR UNINCORPORATED,C,3,3,0,348,0.07,B ,E ,IS 70,ERM EAST IS 70 MILE 2320,Daylight,Motor Vehicle in Transport,1,61,Unk     ,0,0,0,0,0,0,0,1,1,0,0,0,0,0,0,1,1,0,0,0,1,0,0,1,0,38.7533,-90.45273,0,11/23/2019,15:25:00,VEHICLE 1 WAS FOLLOWING TO CLOSELY AND UNABLE TO STOP IN A TIMELY MANNER WHEN VEHICLE 2 SLOWED AHEAD.  THE FRONT OF VEHICLE 1 STRUCK THE REAR OF VEHICLE 2.  VEHICLE 2 TRAVELED OFF THE RIGHT SIDE OF THE ROADWAY.  VEHICLE 1 CONTINUED FORWARD CAUSING THE FRONT OF VEHICLE 1 TO THEN STRIKE THE REAR OF VEHICLE 3.  ASSISTED BY TPR J.E. LACY (313)
1118930,3190032405,Missouri State Highway Patrol-Troop E,1574467200000,190680788,1,0,1,0,Personal Injury,BOLLINGER,NON-CITY OR UNINCORPORATED,E,1,1,Y,649,0.12,B ,S ,CRD 234,CRD 232,Dark-Unlighted,Fixed Object,2,,Fri     ,0,0,0,0,0,0,0,0,0,0,0,0,0,0,0,0,0,0,0,0,1,0,0,1,0,37.51447,-89.89306,0,11/22/2019,22:00:00,CRASH OCCURRED AS VEHICLE ONE SWERVED TO AVOID A DEER AND STRUCK A TREE ON THE RIGHT SIDE OF THE ROADWAY
846205,3190032919,Missouri State Highway Patrol-Troop A,1574467200000,190681056,1,0,1,0,Personal Injury,JOHNSON,NON-CITY OR UNINCORPORATED,A,2,2,0,0,0,AT,W ,US 50,CRD NW 1601,Dark-Lighted,Motor Vehicle in Transport,1,64,Sat     ,0,0,0,0,0,0,0,1,0,0,0,1,0,0,0,1,0,0,0,0,0,0,0,0,0,38.85732,-94.04143,0,11/23/2019,18:52:00,CRASH OCCURRED AS VEH1 TRAVELED INTO THE PATH OF AND STRUCK VEH2.  ASSISTED BY TPR. J.T. LANGSDALE/1318
948681,3190033284,Missouri State Highway Patrol-Troop D,1574467200000,190681213,3,1,0,3,Fatal,POLK,NON-CITY OR UNINCORPORATED,D,2,2,0,285,0.05,A ,E ,RT N,CRD 11TH RD WJ,Dark-Unlighted,Motor Vehicle in Transport,1,64,Sat     ,0,0,0,0,0,1,1,0,0,0,0,0,0,0,0,0,0,0,0,0,1,0,0,1,0,37.79629,-93.60974,1,11/23/2019,20:25:00,"FATALITY CRASH - NEXT OF KIN NOTIFIED - THIS IS THE 9TH FATALITY CRASH FOR TROOP D IN THE MONTH OF NOVEMBER AND THE 103RD IN TROOP D FOR 2019. -  CRASH OCCURRED AS VEHICLE #1 TRAVELED OFF THE NORTH SIDE OF THE ROADWAY. DRIVER #1 OVERCORRECTED, CAUSING THE VEHICLE TO SKID BACK ONTO THE ROADWAY AND ENTER THE PATH OF EASTBOUND VEHICLE #2. DRIVER #1 WAS PRONOUNCED DECEASED BY DR. CAMMY PORTER OF COX SOUTH HOSPITAL ON 11-23-2019 AT 2134 HOURS. ASSISTED BY TPR C. C. CLARK #149 AND TPR. T. C. BAKER #138"
1286899,3190033349,Missouri State Highway Patrol-Troop C,1574467200000,190681282,1,0,1,0,Personal Injury,ST. LOUIS,SUNSET HILLS,C,1,1,0,137,0.03,A ,W ,IS 44,ERM WEST IS 44 MILE 2764,Dark-Lighted,Fixed Object,2,,Sat     ,1,0,0,0,0,0,0,0,0,0,0,0,0,1,0,1,0,0,0,0,0,0,0,0,0,38.54671,-90.42911,0,11/23/2019,21:15:00,"VEHICLE 1 WAS WESTBOUND ON INTERSTATE 44.  VEHICLE 1 TRAVELED OFF THE RIGHT SIDE OF THE ROADWAY AND STRUCK A CONCRETE BARRIER.  VEHICLE 1 THEN RETURNED TO THE ROADWAY, TRAVELED OFF THE LET SIDE OF THE ROADWAY AND STRUCK ANOTHER CONCRETE BARRIER."