objectid,accident,agency,inv_date,complaint,injured,killed,min_inj,dis_inj,severity,county,city,troop,no_vehicle,motor_veh,left_scene,dist_feet,dist_mile,inter_loc,direction,on_street,at_street,light_cond,acc_type,on_off_rd,two_veh,day_week,dr_drink,dr_drug,ped_drink,ped_drug,speed,dr_under21,dr_under25,dr_over55,dr_over64,electrical,emer_veh,stop_sign,yield_sign,czone,hazmat,aggressive,cell_phone,texting,veh_defect,school_bus,truck,motorcycle,atv,pickup,cmv,gps_lat,gps_long,severity_fatal,acc_date,acc_time,narrative
929252,3190034282,Missouri State Highway Patrol-Troop D,1574467200000,190681478,1,0,1,0,Personal Injury,STONE,NON-CITY OR UNINCORPORATED,D,1,1,Y,300,0.06,A ,E ,RT OO,PVT AIRE LN,Dark-Unlighted,Fixed Object,2,,Sat     ,1,0,0,0,0,0,0,0,0,0,0,0,0,0,0,1,0,0,0,0,0,0,0,0,0,36.67414,-93.45054,0,11/23/2019,22:45:00,VEHICLE 1 RAN OFF THE ROADWAY AND STRUCK SEVERAL TREES.
1210871,3190037078,Missouri State Highway Patrol-Troop C,1574553600000,190681688,0,1,0,0,Fatal,ST. LOUIS,BERKELEY,C,1,1,0,285,0.05,B ,S ,CST EVERGREEN AVENUE,CST FIRST AVENUE,Dark-Lighted,Pedestrian,1,,Sat     ,0,0,0,1,0,0,0,0,0,0,0,0,0,0,0,0,0,0,0,0,0,0,0,0,0,38.75309,-90.33162,1,11/23/2019,23:55:00,FATALITY REPORT: DRIVER 1 WAS TRAVELING SOUTHBOUND ON EVERGREEN BOULEVARD.  THE PEDESTRIAN WAS LAYING IN THE ROADWAY.  DRIVER 1 STRUCK THE PEDESTRIAN AND PULLED TO THE RIGHT SIDE OF THE ROADWAY.  PRONOUNCED AT 00:10 ON 11/24/2019 BY BERKELEY FIRE DEPARTMENT PARAMEDICS. ASSISTED BY TPR. A. D. BAKER (151)
1152203,3190033070,Missouri State Highway Patrol-Troop E,1574553600000,190681867,1,0,0,1,Personal Injury,STODDARD,NON-CITY OR UNINCORPORATED,E,1,1,0,89,0.02,B ,S ,MO 25,BRIDGE H0677,Daylight,Fixed Object,2,,Sun     ,0,0,0,0,0,0,1,0,0,0,0,0,0,0,0,1,0,0,0,0,0,0,0,0,0,36.85937,-89.93576,0,11/24/2019,08:05:00,"CRASH OCCURRED AS VEHICLE 1 DROVE OFF THE RIGHT SIDE OF THE ROADWAY, DOWN AN EMBANKMENT AND STRUCK A DITCH."
1189697,3190033195,Missouri State Highway Patrol-Troop F,1574553600000,190681869,2,0,2,0,Personal Injury,GASCONADE,NON-CITY OR UNINCORPORATED,F,1,1,0,1272,0.24,A ,N,RT B,BRIDGE T0590,Daylight,Fixed Object,2,,Sun     ,0,0,0,0,1,0,0,0,0,0,0,0,0,0,0,1,0,0,0,0,0,0,0,0,0,38.24398,-91.61361,0,11/24/2019,08:10:00,OCCURRED AS VEHICLE 1 FAILED TO NEGOTIATE A CURVE AND TRAVELED OFF THE EAST SIDE OF THE ROADWAY STRIKING A FENCE AND SEVERAL TREES.
1162082,3190033333,Missouri State Highway Patrol-Troop F,1574553600000,190681946,1,0,1,0,Personal Injury,BOONE,NON-CITY OR UNINCORPORATED,F,2,1,0,0,0,AT,S ,RT VV,CRD MAULLER RD,Daylight,Pedalcycle,1,,Sun     ,0,0,0,0,0,0,0,0,0,0,0,1,0,0,0,0,0,0,0,0,0,0,0,0,0,39.03069,-92.33844,0,11/24/2019,09:11:00,OCCURRED AS PEDESTRIAN FAILED TO YIELD CAUSING VEHICLE 1 TO STRIKE THE PEDESTRIAN
901718,3190033406,Missouri State Highway Patrol-Troop D,1574553600000,190681986,2,0,2,0,Personal Injury,ST. CLAIR,LOWRY CITY,D,2,2,0,0,0,AT,N,MO 13,CST 3RD,Daylight,Motor Vehicle in Transport,1,64,Sun     ,0,0,0,0,0,0,0,0,0,0,0,1,0,0,0,1,0,0,0,0,1,0,0,1,0,38.14045,-93.71815,0,11/24/2019,09:33:00,CRASH OCCURRED AS VEHICLE 2 ATTEMPTED TO CROSS NORTHBOUND LANES OF MO 13 AND STRUCK VEHICLE 1
1194499,3190032664,Missouri State Highway Patrol-Troop B,1574553600000,190682170,1,0,1,0,Personal Injury,RALLS,NON-CITY OR UNINCORPORATED,B,1,1,0,543,0.1,A ,W ,RT N,CRD LEE DR,Daylight,Fixed Object,2,,Sun     ,0,0,0,0,0,1,1,0,0,0,0,0,0,0,0,0,0,0,0,0,0,0,0,0,0,39.62879,-91.30149,0,11/24/2019,10:45:00,"VEHICLE 1 SWERVED TO MISS AN ANIMAL IN THE ROADWAY, RAN OFF THE ROADWAY AND STRUCK A DITCH. ASSISTED BY THE RALLS COUNTY SHERIFF'S DEPARTMENT."
1296089,3190032859,Missouri State Highway Patrol-Troop C,1574553600000,190682387,1,0,1,0,Personal Injury,ST. LOUIS,NON-CITY OR UNINCORPORATED,C,2,2,0,142,0.03,B ,W ,IS 270,BRIDGE A1033,Daylight,Other Non Collision,1,,Sun     ,0,0,0,0,0,0,1,0,0,0,0,0,0,0,0,0,0,0,1,0,1,0,0,1,0,38.5056,-90.34495,0,11/24/2019,12:39:00,VEHICLE 1 LOST A TIRE WHICH TRAVELED OVER THE MEDIAN AND STRUCK THE WINDSHIELD OF VEHICLE 2. ASSISTED BY TPR N.W. STEVENS (575)
1175819,3190033168,Missouri State Highway Patrol-Troop B,1574553600000,190682436,0,1,0,0,Fatal,CLARK,NON-CITY OR UNINCORPORATED,B,1,1,0,723,0.14,B ,W ,RT V,CRD 13,Daylight,Fixed Object,2,,Sun     ,0,0,0,0,0,0,0,1,1,0,0,0,0,0,0,1,0,0,0,0,0,0,0,0,0,40.59791,-91.82997,1,11/24/2019,12:56:00,"LATE DEATH REPORT-- VEHICLE 1 RAN OFF THE RIGHT SIDE OF THE ROAD, IMPACTED A FENCE AND OVERTURNED EJECTING DRIVER OF VEHICLE 1.  ASSISTED BY THE CLARK COUNTY SHERIFF'S DEPARTMENT, CLARK COUNTY AMBULANCE, CLARK COUNTY FIRE AND RESCUE.  DRIVER PROUNCED DECEASED ON 11/24/19 AT 2234 HOURS AT THE UNIVERSITY IOWA HOSPITAL AND CLINICS IOWA CITY IOWA BY DR BRADEN JENSON MD.  NEXT OF KIN NOTIFIED."
859186,3190032814,Missouri State Highway Patrol-Troop A,1574553600000,190682491,3,0,3,0,Personal Injury,JACKSON,BLUE SPRINGS,A,3,3,Y,385,0.07,B ,W ,IS 70,ERM WEST IS 70 MILE 194,Daylight,Motor Vehicle in Transport,1,61,Sun     ,0,0,0,0,0,1,1,0,0,0,0,0,0,0,0,1,0,0,1,0,0,0,0,0,0,39.03291,-94.29352,0,11/24/2019,13:25:00,CRASH OCCURRED AS VEHICLE 1 WAS STOPPED IN THE ROADWAY DUE TO VEHICLE DEFECTS.  VEHICLE 3 STRUCK THE REAR OF VEHICLE 2. VEHICLE  2 WAS THEN PUSHED INTO THE REAR OF VEHICLE 1.  ASSISTED BY  CPL. J.W. HUFF /1373/  AND BLUE SPRINGS POLICE DEPARTMENT
885548,3190032425,Missouri State Highway Patrol-Troop A,1574553600000,190682534,1,0,1,0,Personal Injury,CASS,NON-CITY OR UNINCORPORATED,A,1,1,0,616,0.12,B ,N,IS 49,ERM NORTH IS 49 MILE 1634,Daylight,Fixed Object,2,,Sun     ,0,0,0,0,0,0,0,0,0,0,0,0,0,0,0,0,0,0,1,0,0,0,0,0,0,38.67502,-94.41485,0,11/24/2019,13:40:00,CRASH OCCURRED AS VEH1 BLEW A TIRE AND TRAVELED OFF THE ROADWAY.  VEH1 THEN CAUGHT FIRE AND CAME TO REST IN THE MEDIAN.
1201146,3190033399,Missouri State Highway Patrol-Troop C,1574553600000,190682586,1,0,1,0,Personal Injury,LINCOLN,NON-CITY OR UNINCORPORATED,C,2,2,0,1584,0.3,A ,N,MO 47,BRIDGE A5595,Daylight,Motor Vehicle in Transport,1,61,Sun     ,0,0,0,0,0,0,0,1,1,0,0,0,0,0,0,1,0,0,0,0,0,0,0,0,0,38.98749,-90.93744,0,11/24/2019,14:18:00,VEHICLE #1 WAS STOPPED IN TRAFFIC WAITING FOR ANOTHER VEHICLE TO TURN LEFT.  DRIVER #2 FAILED TO OBSERVED VEHICLE #1 STOPPED AND THE FRONT CENTER OF VEHICLE #2 STRUCK THE REAR CENTER OF VEHICLE #1. ASSISTED BY TPR. A. J. MEYER (1210)
1226432,3190034859,Missouri State Highway Patrol-Troop C,1574553600000,190682655,1,2,1,0,Fatal,JEFFERSON,NON-CITY OR UNINCORPORATED,C,2,2,0,0,0,AT,N,MO 21,PVT LIBERTY RIDGE RD,Daylight,Motor Vehicle in Transport,1,60,Sun     ,0,0,0,0,0,1,1,0,0,0,0,0,0,0,0,1,0,0,0,0,0,1,0,0,0,38.17973,-90.56333,1,11/24/2019,14:59:00,"FATALITY REPORT - DRIVER 1 ATTEMPTED A LEFT TURN ONTO LIBERTY RIDGE ROAD AND TRAVELED INTO THE PATH OF VEHICLE 2, CAUSING THE FRONT VEHICLE 1 TO STRIKE THE FRONT OF VEHICLE 2. DRIVER 2 PRONOUNCED BY VALLE AMBULANCE PERSONNEL ON SCENE AT 1506 HOURS. PASSENGER 2 PRONOUNCED ON SCENE BY VALLE AMBULANCE PERSONNEL AT 1515 HOURS.  ASSISTED MSGT. C. M. ARBUTHNOT (694) AND THE JEFFERSON COUNTY SHERIFF'S DEPARTMENT."
1145201,3190033069,Missouri State Highway Patrol-Troop E,1574553600000,190682841,1,0,1,0,Personal Injury,NEW MADRID,NON-CITY OR UNINCORPORATED,E,1,1,0,300,0.06,B ,E ,MO 80,CRD 803,Daylight,Overturn,2,,Sun     ,0,0,0,0,0,0,0,0,0,0,0,0,0,0,0,0,0,0,0,0,0,0,0,0,0,36.78156,-89.48164,0,11/24/2019,16:25:00,CRASH OCCURRED AS VEHICLE ONE OVERCORRECTED RAN OFF THE RIGHT SIDE OF THE ROADWAY AND OVERTURNED
1177983,3190033293,Missouri State Highway Patrol-Troop B,1574553600000,190682870,3,0,3,0,Personal Injury,MONROE,NON-CITY OR UNINCORPORATED,B,2,2,0,365,0.07,B ,W ,US 24,CRD 457,Daylight,Motor Vehicle in Transport,2,61,Sun     ,0,0,0,0,0,0,0,0,0,0,0,0,0,0,0,1,0,0,0,0,1,0,0,0,1,39.54168,-91.89099,0,11/24/2019,16:30:00,VEHICLE 1 PREPARED TO MAKE A RIGHT TURN INTO A PRIVATE DRIVE.  VEHICLE 2 DROVE INTO THE REAR OF VEHICLE 1.  ASSISTED BY THE MONROE COUNTY SHERIFF'S DEPARTMENT AND MONROE COUNTY AMBULANCE
1134575,3190032734,Missouri State Highway Patrol-Troop E,1574553600000,190683068,1,0,1,0,Personal Injury,MADISON,NON-CITY OR UNINCORPORATED,E,1,1,0,1430,0.27,B ,N,US 67,BRIDGE A0528,Dark-Unlighted,Fixed Object,2,,Sun     ,0,0,0,0,0,0,0,0,0,0,0,0,0,0,0,0,0,0,0,0,0,0,0,0,0,37.61874,-90.34952,0,11/24/2019,18:49:00,CRASH OCCURRED AS VEHICLE 1 RAN OFF LEFT SIDE OF ROADWAY AND STRUCK A MEDIAN CABLE BARRIER - DAMAGE TO 5 POSTS AND 100 FEET OF CABLE
822964,3190032690,Missouri State Highway Patrol-Troop A,1574553600000,190683291,1,0,1,0,Personal Injury,BENTON,NON-CITY OR UNINCORPORATED,A,1,1,0,871,0.16,A ,S ,RT MM,CRD TANGLEWOOD AVE,Dark-Unlighted,Overturn,2,,Sun     ,0,0,0,0,0,0,1,0,0,0,0,0,0,0,0,0,0,0,0,0,1,0,0,1,0,38.23461,-93.32808,0,11/24/2019,22:05:00,CRASH OCCURRED AS VEHICLE 1 RAN OFF THE RIGHT SIDE OF THE ROADWAY. DRIVER 1 OVERCORRECTED CAUSING VEHICLE 1 TO RETURN TO THE ROADWAY AND TRAVEL OFF THE LEFT SIDE OF THE ROADWAY. VEHICLE 1 OVERTURNED AND STRUCK A TREE. ASSISTED BY BENTON COUNTY SHERIFFS DEPARTMENT
1253199,3190032466,Missouri State Highway Patrol-Troop C,1574640000000,190683434,1,0,0,1,Personal Injury,FRANKLIN,NON-CITY OR UNINCORPORATED,C,1,1,0,1092,0.21,A ,S ,RT AE,CRD SHAWNEE FORD ROAD,Dark-Unlighted,Overturn,1,,Mon     ,0,0,0,0,1,0,0,0,0,0,0,0,0,0,0,1,0,0,0,0,1,0,0,1,0,38.24064,-91.3164,0,11/25/2019,05:30:00,DRIVER 1 FAILED TO NEGOTIATE A CURVE CAUSING VEHICLE 1 TO TRAVEL PARTIALLY OFF THE ROADWAY. VEHICLE 1 RETURNED TO THE ROADWAY AND OVERTURNED.
1204497,3190032630,Missouri State Highway Patrol-Troop C,1574640000000,190683440,1,0,1,0,Personal Injury,PERRY,NON-CITY OR UNINCORPORATED,C,1,1,0,95,0.02,B ,S ,IS 55,RT NN,Dark-Unlighted,Fixed Object,2,,Mon     ,0,0,0,0,0,0,0,0,0,0,0,0,0,0,0,1,0,0,0,0,0,0,0,0,1,37.80517,-89.95539,0,11/25/2019,05:41:00,VEHICLE #1 TRAVELED OFF WEST SIDE OF ROADWAY STRIKING A ROCK BLUFF BEFORE OVERTURNING.
885545,3190032498,Missouri State Highway Patrol-Troop A,1574640000000,190683467,1,0,1,0,Personal Injury,CASS,NON-CITY OR UNINCORPORATED,A,2,2,0,161,0.03,A ,N,IS 49,ERM NORTH IS 49 MILE 1718,Daylight,Motor Vehicle in Transport,1,61,Mon     ,0,0,0,0,0,0,0,1,0,0,0,0,0,0,0,1,0,0,0,0,0,0,0,0,0,38.77977,-94.49575,0,11/25/2019,06:34:00,CRASH OCCURRED AS VEHICLE 2 SLOWED DUE TO CONGESTION OF TRAFFIC. VEHICLE 1 ATTEMPTED TO SLOW BUT STRUCK THE REAR OF VEHICLE 2. BOTH VEHICLES TRAVELED OFF THE LEFT SIDE AND CAME TO REST.
1201145,3190033395,Missouri State Highway Patrol-Troop C,1574640000000,190683475,1,0,1,0,Personal Injury,LINCOLN,NON-CITY OR UNINCORPORATED,C,1,1,0,1584,0.3,A ,N,RT D,PVT PROVIDENCE LN,Daylight,Overturn,2,,Mon     ,0,0,0,0,0,0,0,0,0,0,0,0,0,0,0,0,0,0,0,0,0,0,0,0,1,38.98912,-91.11999,0,11/25/2019,06:40:00,"VEHICLE 1 WAS TRAVELING NORTHBOUND ON ROUTE D, NORTH OF GRASSHOPPER LANE.  DRIVER 1 FAILED TO NEGOTIATE A CURVE TO THE LEFT CAUSING VEHICLE 1 TO TRAVEL OFF THE RIGHT EDGE OF THE ROADWAY AND OVERTURN."
1253198,3190033064,Missouri State Highway Patrol-Troop C,1574640000000,190683495,1,0,1,0,Personal Injury,FRANKLIN,NON-CITY OR UNINCORPORATED,C,1,1,0,3695,0.7,B ,S ,MO 185,CRD SPRING CAVE ROAD,Daylight,Fixed Object,2,,Mon     ,0,0,0,0,0,1,1,0,0,0,0,0,0,0,0,0,0,0,0,0,0,0,0,0,0,38.27485,-91.2209,0,11/25/2019,06:55:00,VEHICLE 1 TRAVELED OFF THE RIGHT SIDE OF THE ROADWAY AND STRUCK A CULVERT. VEHICLE 1 BECAME AIRBORNE  THEN STRUCK A DITCH.
1296074,3190035737,Missouri State Highway Patrol-Troop C,1574640000000,190683583,1,0,1,0,Personal Injury,ST. LOUIS,NON-CITY OR UNINCORPORATED,C,2,2,0,300,0.06,A ,E ,IS 70,MO 141,Daylight,Motor Vehicle in Transport,1,61,Mon     ,0,0,0,0,1,0,0,0,0,0,0,0,0,0,0,1,0,0,0,0,1,1,0,0,1,38.75512,-90.45772,0,11/25/2019,07:50:00,"BOTH VEHICLES WERE TRAVELING EASTBOUND I-70 . VEHICLE #1 WAS MERGING ONTO SOUTHBOUND I-270 LANES AND SLOWED FOR TRAFFIC AHEAD, VEHICLE #1 BRAKES LOCKED UP AND STRUCK THE REAR OF VEHICLE 2."
1281485,3190032733,Missouri State Highway Patrol-Troop C,1574640000000,190683595,1,0,1,0,Personal Injury,ST. CHARLES,ST CHARLES,C,3,3,0,4224,0.8,B ,E ,MO 364,MO 94 EJ,Daylight,Motor Vehicle in Transport,1,61,Mon     ,0,0,0,0,0,0,0,1,1,0,0,0,0,0,0,1,0,0,0,0,0,0,0,0,0,38.75114,-90.56196,0,11/25/2019,07:58:00,VEHICLES 2 AND 3 WERE STOPPED FOR TRAFFIC AHEAD. VEHICLE 1 STRUCK THE REAR OF VEHICLE 2. VEHICLE 2 STRUCK THE REAR OF VEHICLE 3. VEHICLE 1 THEN STRUCK VEHICLE 3.
1133746,3190032462,Missouri State Highway Patrol-Troop E,1574640000000,190683606,1,0,1,0,Personal Injury,RIPLEY,DONIPHAN,E,2,2,0,26,0,A ,E ,MO 142,CST OLD HIGHWAY STREET,Daylight,Motor Vehicle in Transport,1,60,Mon     ,0,0,0,0,0,0,1,0,0,0,0,0,0,0,0,1,0,0,0,0,0,0,0,0,0,36.6282,-90.82389,0,11/25/2019,08:00:00,CRASH OCCURRED AS VEHICLE 1 PULLED INTO THE PATH OF VEHICLE 2.
1226434,3190032557,Missouri State Highway Patrol-Troop C,1574640000000,190683647,1,0,1,0,Personal Injury,JEFFERSON,NON-CITY OR UNINCORPORATED,C,2,2,0,570,0.11,B ,N,MO 141,BRIDGE A2684,Daylight,Motor Vehicle in Transport,1,61,Mon     ,0,0,0,0,0,0,0,0,0,0,0,0,0,0,0,1,0,0,0,0,0,0,0,0,0,38.46771,-90.42917,0,11/25/2019,08:15:00,VEHICLE 2 STOPPED DUE TO TRAFFIC. DRIVER 1 DID NOT SEE THAT VEHICLE 2 WAS STOPPED IN TRAFFIC AND THEN COLLIDED INTO THE REAR OF VEHICLE 2
939847,3190032736,Missouri State Highway Patrol-Troop D,1574640000000,190683680,1,0,1,0,Personal Injury,CHRISTIAN,NON-CITY OR UNINCORPORATED,D,1,1,0,1224,0.23,A ,N,MO 125,CRD REED,Daylight,Overturn,1,,Mon     ,0,0,0,0,0,0,0,0,0,0,0,0,0,0,1,0,0,0,0,0,1,0,0,0,1,37.02898,-93.1023,0,11/25/2019,08:30:00,OCCURRED AS #1 RAN OFF THE ROADWAY AND OVERTURNED.  ASSISTED BY CVO M. LEE #842
865322,3190036452,Missouri State Highway Patrol-Troop A,1574640000000,190684003,0,1,0,0,Fatal,PETTIS,NON-CITY OR UNINCORPORATED,A,2,2,0,0,0,AT,E ,US 50,CRD RISSLER RD,Daylight,Motor Vehicle in Transport,1,64,Mon     ,0,0,0,0,0,0,0,1,1,0,0,1,0,0,0,1,0,0,0,0,1,0,0,1,0,38.69617,-93.17182,1,11/25/2019,10:35:00,"***LATE DEATH REPORT***NEXT OF KIN NOTIFIED***TROOP A FATAL CRASH #58, FATALITY #64 FOR 2019*** CRASH OCCURRED AS VEHICLE 1 WAS TRAVELING NORTHBOUND ON RISSLER ROAD AND VEHICLE 2 WAS TRAVELING EASTBOUND ON US50. VEHICLE 1 FAILED TO YIELD TO VEHICLE 2, STRIKING VEHICLE 2 IN THE REAR. DRIVER 2 WAS PRONOUNCED AT UNIVERSITY HOSPITAL ON 11/26/2019 AT 1539 BY DR. SALMAN AHMAD. ASSISTED BY PETTIS COUNTY SHERIFFS OFFICE AND CPL. S.S. GATES /552/."
1038638,3190032726,Missouri State Highway Patrol-Troop I,1574640000000,190684353,1,0,1,0,Personal Injury,PULASKI,NON-CITY OR UNINCORPORATED,I,1,1,0,3695,0.7,B ,W ,RT MM,MO 28,Daylight,Overturn,2,,Mon     ,0,0,0,0,1,0,0,0,0,0,0,0,0,0,0,1,0,0,0,0,0,1,0,0,0,37.99492,-92.05022,0,11/25/2019,13:15:00,"THE CRASH OCCURRED AS VEHICLE 1 TRAVELED OFF THE  LEFT SIDE OF THE ROAD AND OVERTURNED, VEHICLE 1 CAUGHT ON FIRE."
939846,3190032760,Missouri State Highway Patrol-Troop D,1574640000000,190684366,1,0,1,0,Personal Injury,CHRISTIAN,NON-CITY OR UNINCORPORATED,D,1,1,0,501,0.09,A ,E ,CRD ARBOUR RD,CRD BORNEMANN DR,Daylight,Fixed Object,2,,Mon     ,1,0,0,0,1,0,0,1,1,0,0,0,0,0,0,1,0,0,0,0,0,0,0,0,0,37.03158,-93.14556,0,11/25/2019,13:26:00,OCCURRED AS VEH1 RAN OFF ROADWAY AND STRUCK A UTILITY POLE.
1226437,3190033280,Missouri State Highway Patrol-Troop C,1574640000000,190684424,1,0,0,1,Personal Injury,JEFFERSON,NON-CITY OR UNINCORPORATED,C,2,2,0,0,0,AT,W ,MO 30,RT B,Daylight,Motor Vehicle in Transport,1,64,Mon     ,0,0,0,0,0,0,0,1,0,1,0,0,0,0,0,1,0,0,0,0,1,0,0,1,1,38.34143,-90.65389,0,11/25/2019,13:55:00,DRIVER #1 FAILED TO STOP FOR A STEADY RED SIGNAL CAUSING VEHICLE #1 TO STRIKE THE LEFT SIDE OF VEHICLE #2.
1204496,3190033672,Missouri State Highway Patrol-Troop C,1574640000000,190684534,3,0,3,0,Personal Injury,PERRY,NON-CITY OR UNINCORPORATED,C,3,3,0,459,0.09,A ,N,MO 51,BRIDGE L0135,Daylight,Motor Vehicle in Transport,1,61,Mon     ,0,0,0,0,0,0,0,1,0,1,0,0,0,1,0,1,0,0,0,0,0,0,0,0,0,37.90006,-89.8395,0,11/25/2019,14:30:00,VEHICLES #1 AND #2 WERE STOPPED IN TRAFFIC. THE FRONT OF VEHICLE #3 STRUCK THE REAR OF VEHICLE #2. FORCE OF IMPACT CAUSED VEHICLE #2 TO STRIKE THE REAR OF VEHICLE #1.
1204499,3190033765,Missouri State Highway Patrol-Troop C,1574640000000,190684671,1,0,0,1,Personal Injury,PERRY,NON-CITY OR UNINCORPORATED,C,2,2,Y,501,0.09,B ,S ,IS 55,ERM SOUTH IS 55 MILE 1390,Daylight,Parked Motor Vehicle,2,63,Mon     ,0,0,0,0,0,0,0,0,0,0,0,0,0,0,0,1,0,0,0,0,1,0,0,1,1,37.82633,-89.97625,0,11/25/2019,16:05:00,"PEDESTRIAN 1 WAS OUTSIDE OF VEHICLE 1 CHANGING A TIRE. VEHICLE 2 CROSSED THE FOG LINE, TRAILER OF VEHICLE 2 STRUCK THE TRAILER OF VEHICLE 1 AND PEDESTRIAN 1. CORRECTED REPORT"
1152206,3190032870,Missouri State Highway Patrol-Troop E,1574640000000,190684684,2,0,2,0,Personal Injury,STODDARD,NON-CITY OR UNINCORPORATED,E,2,2,0,0,0,AT,S ,CRD 731,CRD 712,Daylight,Motor Vehicle in Transport,1,64,Mon     ,0,0,0,0,0,1,1,0,0,0,0,0,0,0,0,0,0,0,0,0,0,0,0,0,0,36.80214,-89.8977,0,11/25/2019,16:13:00,CRASH OCCURRED AS VEHICLES ONE AND TWO COLLIDED AT AN UNCONTROLLED INTERSECTION
1337735,3190033504,Missouri State Highway Patrol-Troop G,1574640000000,190684766,1,0,1,0,Personal Injury,SHANNON,NON-CITY OR UNINCORPORATED,G,1,1,0,2212,0.42,B ,E ,US 60,CRD 681,Daylight,Overturn,1,,Mon     ,0,0,0,0,0,0,0,1,1,0,0,0,0,0,0,1,0,0,0,0,0,0,0,0,0,36.99815,-91.65419,0,11/25/2019,16:40:00,"CRASH OCCURRED AS VEHICLE ONE RAN OFF THE LEFT SIDE OF THE  ROADWAY, RETURNED TO THE ROADWAY AND OVERTURNED"
1113415,3190032586,Missouri State Highway Patrol-Troop E,1574640000000,190684824,1,0,1,0,Personal Injury,DUNKLIN,NON-CITY OR UNINCORPORATED,E,2,2,0,0,0,AT,W ,RT J,CRD BERNARD ROAD,Dark-Unlighted,Motor Vehicle in Transport,1,64,Mon     ,0,0,0,0,0,0,0,0,0,0,0,1,0,0,0,1,0,0,0,0,1,1,0,1,0,36.56416,-89.98573,0,11/25/2019,17:07:00,CRASH OCCURRED AS VEHICLE 2 PULLED INTO PATH OF VEHICLE 1
1333553,3190032809,Missouri State Highway Patrol-Troop G,1574640000000,190684899,2,0,2,0,Personal Injury,CARTER,NON-CITY OR UNINCORPORATED,G,1,1,0,1304,0.25,A ,W ,RT H,BRIDGE A6384,Dark-Unlighted,Overturn,2,,Mon     ,0,0,0,0,1,0,1,0,0,0,0,0,0,0,0,1,0,0,0,0,1,0,0,1,0,37.01984,-90.85752,0,11/25/2019,17:20:00,"OCCURRED AS VEHICLE #1 TRAVELED OFF OF THE LEFT SIDE OF THE ROADWAY AND OVERTURNED, EJECTING DRIVER AND PARTIALLY EJECTING PASSENGER."
1182835,3190032910,Missouri State Highway Patrol-Troop F,1574640000000,190684911,1,0,1,0,Personal Injury,OSAGE,NON-CITY OR UNINCORPORATED,F,1,1,0,337,0.06,B ,W ,CRD 551,PVT SUGAR CREEK LN,Daylight,Overturn,2,,Mon     ,1,0,0,0,0,0,0,0,0,0,0,0,0,0,0,0,0,0,0,0,1,0,0,1,0,38.30686,-92.19051,0,11/25/2019,16:50:00,VEHICLE 1 TRAVELED OFF THE RIGHT SIDE OF THE ROADWAY AND OVERTURNED.  ASSISTED BY TPR A.J. O'BRIEN (1395)
948677,3190032902,Missouri State Highway Patrol-Troop D,1574640000000,190685246,1,0,1,0,Personal Injury,POLK,NON-CITY OR UNINCORPORATED,D,2,2,0,1056,0.2,B ,N,MO 13,RT KK,Dark-Unlighted,Motor Vehicle in Transport,1,61,Mon     ,0,0,0,0,1,0,0,1,1,0,0,0,0,0,0,1,1,0,0,0,0,0,0,0,0,37.50605,-93.36183,0,11/25/2019,21:56:00,VEHICLE 1 STRUCK THE REAR OF VEHICLE 2.
1282237,3190033385,Missouri State Highway Patrol-Troop C,1574640000000,190685261,1,0,0,1,Personal Injury,ST. CHARLES,O'FALLON,C,1,1,0,4224,0.8,A ,E ,MO 364,RP 1042568,Dark-Unlighted,Fixed Object,2,,Mon     ,0,1,0,0,0,0,0,0,0,0,0,0,0,0,0,1,0,0,0,0,0,0,0,0,0,38.76265,-90.72464,0,11/25/2019,22:00:00,VEHICLE 1 WAS TRAVELING EASTBOUND ON HIGHWAY 364 WEST OF HIGHWAY K WHEN IT TRAVELED OFF THE LEFT SIDE OF THE ROADWAY AND STRUCK THE CABLE MEDIAN BARRIER. ASSISTED BY MSGT J L DECKER (240) AND TPR J S BAIRD (203)
1064834,3190032620,Missouri State Highway Patrol-Troop I,1574726400000,190685393,1,0,1,0,Personal Injury,LACLEDE,NON-CITY OR UNINCORPORATED,I,1,1,0,586,0.11,B ,W ,RT O,BRIDGE X0923,Dark-Unlighted,Overturn,2,,Tue     ,0,0,0,0,0,0,0,0,0,0,0,0,0,0,0,0,0,0,0,0,0,0,0,0,0,37.51167,-92.49041,0,11/26/2019,05:55:00,CRASH OCCURRED AS VEHICLE 1 STRUCK A PATCH OF GRAVEL AND LOST TRACTION.  VEHICLE 1 TRAVELED OFF THE RIGHT SIDE OF THE ROADWAY AND OVERTURNED
1225999,3190032827,Missouri State Highway Patrol-Troop C,1574726400000,190685401,1,0,1,0,Personal Injury,JEFFERSON,NON-CITY OR UNINCORPORATED,C,3,3,0,216,0.04,A ,N,IS 55,ERM NORTH IS 55 MILE 1858,Dark-Unlighted,Motor Vehicle in Transport,1,61,Tue     ,0,0,0,0,0,0,1,0,0,0,0,0,0,0,0,1,0,0,0,0,1,0,0,1,0,38.35773,-90.39016,0,11/26/2019,06:10:00,VEHICLE #1 WAS SLOWING FOR TRAFFIC CONGESTION. DRIVER #2 WAS UNABLE TO STOP CAUSING VEHICLE #2 TO STRIKE THE REAR OF VEHICLE #1. DRIVER #2 SWERVED TO THE RIGHT PULLING INTO THE PATH OF VEHICLE #3.