objectid,accident,agency,inv_date,complaint,injured,killed,min_inj,dis_inj,severity,county,city,troop,no_vehicle,motor_veh,left_scene,dist_feet,dist_mile,inter_loc,direction,on_street,at_street,light_cond,acc_type,on_off_rd,two_veh,day_week,dr_drink,dr_drug,ped_drink,ped_drug,speed,dr_under21,dr_under25,dr_over55,dr_over64,electrical,emer_veh,stop_sign,yield_sign,czone,hazmat,aggressive,cell_phone,texting,veh_defect,school_bus,truck,motorcycle,atv,pickup,cmv,gps_lat,gps_long,severity_fatal,acc_date,acc_time,narrative
948678,3190032723,Missouri State Highway Patrol-Troop D,1574726400000,190685528,1,0,1,0,Personal Injury,POLK,NON-CITY OR UNINCORPORATED,D,1,1,0,1805,0.34,A ,W ,RT KK,BRIDGE A7312,Daylight,Fixed Object,2,,Tue     ,0,0,0,0,1,1,1,0,0,0,0,0,0,0,0,1,0,0,0,0,0,0,0,0,0,37.50486,-93.29779,0,11/26/2019,07:35:00,DVR #1 OVER-CORRECTED CAUSING VEH #1 TO BEGAN SKIDDING AND TRAVELED OFF THE ROADWAY.  VEH #1 THEN STRUCK A SIGN AND RETURNED TO THE ROAD.
963902,3190033030,Missouri State Highway Patrol-Troop D,1574726400000,190686067,1,0,1,0,Personal Injury,BARTON,NON-CITY OR UNINCORPORATED,D,1,1,0,211,0.04,A ,N,IS 49,ERM NORTH IS 49 MILE 858,Daylight,Overturn,2,,Tue     ,0,0,0,0,0,0,0,0,0,0,0,0,0,0,0,1,0,0,0,0,0,0,0,0,1,37.62048,-94.2941,0,11/26/2019,11:45:00,"ACCIDENT OCCURRED AS VEH #1 RAN OFF THE LEFT SIDE OF THE ROADWAY INTO THE MEDIAN, RETURNED TO ROADWAY, RAN OFF THE RIGHT SIDE OF THE ROADWAY AND OVERTURNED"
1201147,3190033041,Missouri State Highway Patrol-Troop C,1574726400000,190686192,1,0,1,0,Personal Injury,LINCOLN,NON-CITY OR UNINCORPORATED,C,1,1,0,2640,0.5,A ,N,RT D,CRD PALMER SCHOOL LN,Daylight,Fixed Object,2,,Tue     ,0,0,0,0,0,0,0,1,0,0,0,0,0,0,0,1,0,0,0,0,1,0,0,1,0,39.04664,-91.13845,0,11/26/2019,12:55:00,VEHICLE 1 TRAVELED OFF THE RIGHT SIDE OF THE ROADWAY AND STRUCK A TREE.
787052,3190032851,Missouri State Highway Patrol-Troop A,1574726400000,190686425,1,0,1,0,Personal Injury,HENRY,NON-CITY OR UNINCORPORATED,A,1,1,0,470,0.09,A ,E ,RT Z,PVT SE 1020,Daylight,Fixed Object,2,,Tue     ,0,0,0,0,0,1,1,0,0,0,0,0,0,0,0,0,0,0,0,0,0,0,0,0,0,38.2205,-93.74743,0,11/26/2019,14:55:00,"CRASH OCCURRED AS VEH1 SWERVED TO AVOID A DEER IN THE ROADWAY, TRAVELED OFF THE LEFT SIDE OF THE ROAD, AND STRUCK A DITCH."
1195561,3190032960,Missouri State Highway Patrol-Troop F,1574726400000,190686446,1,0,1,0,Personal Injury,HOWARD,NON-CITY OR UNINCORPORATED,F,2,2,0,1145,0.22,B ,E ,US 40,MO 87,Daylight,Motor Vehicle in Transport,1,62,Tue     ,0,0,0,0,0,0,0,1,1,0,0,0,0,0,0,1,0,0,0,0,0,0,0,0,0,38.98358,-92.74709,0,11/26/2019,15:15:00,CRASH OCCURRED AS VEHICLE 2 CROSSED THE CENTER OF THE ROAD. VEHICLE 1 TRAVELED OFF THE RIGHT SIDE OF THE ROAD TO ATTEMPT TO AVOID VEHICLE 2 AND WAS STRUCK BY VEHICLE 2. ASSISTED BY HOWARD COUNTY S.O. AND BOONVILLE PD.
954065,3190032687,Missouri State Highway Patrol-Troop D,1574726400000,190686582,1,0,1,0,Personal Injury,GREENE,NON-CITY OR UNINCORPORATED,D,1,1,0,60,0.01,B ,N,US 65,ERM NORTH US 65 MILE 598,Daylight,Fixed Object,2,,Tue     ,0,0,0,0,0,0,0,1,0,0,0,0,0,0,0,0,0,0,0,0,0,0,0,0,0,37.3141,-93.1709,0,11/26/2019,16:45:00,VEH #1 RAN OFF THE RIGHT SIDE OF THE ROADWAY AND STRUCK A MILE MARKER POST.
1296276,3190033006,Missouri State Highway Patrol-Troop C,1574726400000,190686613,1,0,1,0,Personal Injury,ST. LOUIS,NON-CITY OR UNINCORPORATED,C,2,2,0,1056,0.2,A ,E ,RP 279191,US 50,Dark-Lighted,Motor Vehicle in Transport,1,61,Tue     ,0,0,0,0,0,0,0,1,0,0,0,0,0,0,0,1,0,0,0,0,0,0,0,0,0,38.50874,-90.33707,0,11/26/2019,16:59:00,VEHICLE 2 SLOWED FOR TRAFFIC AND THE FRONT OF VEHICLE 1 COLLIDED INTO THE REAR OF VEHICLE 2.
1211590,3190033196,Missouri State Highway Patrol-Troop F,1574726400000,190686668,1,0,1,0,Personal Injury,COLE,WARDSVILLE,F,2,2,0,0,0,AT,N,RT W,RT M,Dark-Unlighted,Motor Vehicle in Transport,1,64,Tue     ,0,0,0,0,0,0,0,0,0,0,0,1,0,0,0,1,0,0,0,0,0,0,0,0,0,38.48898,-92.17567,0,11/26/2019,17:20:00,CRASH OCCURRED AS VEHICLE 2 FAILED TO YIELD TO VEHICLE 1 AS VEHICLE 1 WAS ATTEMPTING TO TURN. ASSISTED BY COLE COUNTY SHERIFF'S DEPARTMENT
1499926,3190032897,Missouri State Highway Patrol-Troop H,1574726400000,190686762,1,0,1,0,Personal Injury,CLINTON,LATHROP,H,3,3,0,147,0.03,A ,N,IS 35,RP 5478,Dark-Unlighted,Motor Vehicle in Transport,1,61,Tue     ,0,0,0,0,1,1,1,1,0,0,0,0,0,0,0,1,0,0,0,0,1,0,0,1,0,39.54979,-94.27048,0,11/26/2019,18:10:00,"ACCIDENT OCCURRED AS VEH 1 WAS BACKING ON THE INTERSTATE AND WAS STRUCK BY VEH 2. VEH 1 SLIDE INTO THE PATH OF VEH 3 AND WAS STRUCK BY VEH 3. VEH 1 CAME TO REST IN THE DRIVING LANE OF I-35 FACING SOUTHBOUND. VEH 2 RAN OFF THE EAST SIDE OF THE  ROADWAY AND CAME TO REST IN A DITCH FACING NORTHBOUND. VEH 3 TRAVELED TO A CONTROLLED STOP IN THE MEDIAN FACING NORTHBOUND.  ASSISTED BY SGT M.A. WILHOIT (1212),TPR. T. N. GARTON (408), TRP. N. A. REGAN (1454), CLINTON COUNTY SHERIFF DEPARTMENT, AND LATHROP FIRE AND RESCUE."
1141563,3190033314,Missouri State Highway Patrol-Troop E,1574726400000,190686818,0,1,0,0,Fatal,BUTLER,NON-CITY OR UNINCORPORATED,E,2,2,0,0,0,AT,S ,MO 53,MO 51 NJ,Dark-Unlighted,Motor Vehicle in Transport,1,61,Tue     ,0,0,0,0,0,1,1,0,0,0,0,0,0,0,0,0,0,0,0,0,0,1,0,0,0,36.62437,-90.28029,1,11/26/2019,18:40:00,"***FATALITY CRASH*** NEXT OF KIN NOTIFIED.  TRAFFIC CRASH OCCURRED AS VEHICLE 2 WAS SLOWING TO MAKE A TURN AND WAS STRUCK BY VEHICLE 1.  DRIVER 2 WAS PRONOUNCED DECEASED BY CORONER ANDY MOORE AT 2002 HOURS, ON SCENE.  TROOP E 2019 FATALITY #49."
885516,3190032729,Missouri State Highway Patrol-Troop A,1574812800000,190687136,2,0,2,0,Personal Injury,CASS,NON-CITY OR UNINCORPORATED,A,1,1,0,1742,0.33,B ,S ,RT M,CST DUVALL ST,Dark-Unlighted,Fixed Object,2,,Tue     ,0,0,0,0,0,0,0,0,0,0,0,0,0,0,0,0,0,0,0,0,1,0,0,1,0,38.66835,-94.17092,0,11/26/2019,23:45:00,CRASH OCCURRED AS VEHICLE 1 WAS TRAVELING SOUTHBOUND ON ROUTE M. VEHICLE 1 SLOWED AND SWERVED TO AVOID A DEER IN THE ROADWAY. VEHICLE 1 TRAVELED OFF THE RIGHT SIDE OF THE ROADWAY AND STRUCK A UTILITY POLE. ASSISTED BY MSGT R. W. SHAUL /528/
1152254,3190032856,Missouri State Highway Patrol-Troop E,1574812800000,190687172,1,0,1,0,Personal Injury,STODDARD,NON-CITY OR UNINCORPORATED,E,1,1,0,506,0.1,B ,E ,US 60,BRIDGE A3792,Dark-Unlighted,Animal,1,,Wed     ,0,0,0,0,0,1,1,0,0,0,0,0,0,0,0,0,0,0,0,0,0,0,0,0,0,36.78472,-90.18948,0,11/27/2019,01:00:00,VEH1 STRUCK AN ANIMAL IN THE ROADWAY. VEH1 THEN TRAVELED OFF THE ROADWAY AND STRUCK A BRIDGE RAILING. APPROXIMATELY 20' OF MODOT BRIDGE RAILING WAS DAMAGED IN THIS INCIDENT
948671,3190033210,Missouri State Highway Patrol-Troop D,1574812800000,190687177,1,0,1,0,Personal Injury,POLK,NON-CITY OR UNINCORPORATED,D,1,1,0,702,0.13,A ,S ,MO 13,WOR 13,Dark-Unlighted,Other Object,1,,Wed     ,0,0,0,0,0,0,0,0,0,0,0,0,0,0,0,0,0,0,0,0,0,0,0,0,1,37.52888,-93.37557,0,11/27/2019,01:00:00,NR1 STRUCK A TREE THAT WAS BLOWN INTO THE ROAD.
864970,3190033257,Missouri State Highway Patrol-Troop A,1574812800000,190687293,1,0,1,0,Personal Injury,PETTIS,NON-CITY OR UNINCORPORATED,A,1,1,Y,84,0.02,B ,N,US 65,CRD HONDA RD,Dark-Unlighted,Fixed Object,2,,Unk     ,,,,,,0,1,0,0,0,0,0,0,0,0,,0,0,,0,0,0,0,0,0,38.66425,-93.2521,0,11/27/2019,03:00:00,CRASH OCCURRED AS VEHICLE 1 WAS NORTHBOUND AND DROVE OFF THE RIGHT SIDE OF THE ROADWAY AND STRUCK THE CULVERT.
1328109,3190033000,Missouri State Highway Patrol-Troop G,1574812800000,190687679,1,0,1,0,Personal Injury,OZARK,NON-CITY OR UNINCORPORATED,G,1,1,0,897,0.17,A ,W ,US 160,RT OO,Daylight,Fixed Object,2,,Wed     ,0,0,0,0,0,0,0,0,0,0,0,0,0,0,0,0,0,0,0,0,0,0,0,0,0,36.57529,-92.75113,0,11/27/2019,08:46:00,"VEHICLE 1 RAN OFF THE LEFT SIDE OF THE ROAD, OVERCORRECTED, RAN OFF THE RIGHT SIDE OF THE ROADWAY AND STRUCK A DITCH, FENCE AND TREE STUMP."
1226520,3190034414,Missouri State Highway Patrol-Troop C,1574812800000,190688318,1,0,1,0,Personal Injury,JEFFERSON,NON-CITY OR UNINCORPORATED,C,2,2,0,227,0.04,B ,N,MO 141,CRD OLD MISSOURI STATE RD,Daylight,Motor Vehicle in Transport,1,63,Wed     ,0,0,0,0,0,1,1,0,0,0,0,0,0,0,0,1,0,0,0,0,0,0,0,0,0,38.45329,-90.4123,0,11/27/2019,11:45:00,"VEHICLE 2 MERGED FROM THE LEFT LANE INTO THE RIGHT LANE. VEHICLE 1 SWERVED TO AVOID VEHICLE 2, LOST CONTROL, RAN OFF THE RIGHT SIDE OF THE ROADWAY, STRUCK A ROCK EMBANKMENT AND OVERTURNED."
918489,3190033598,Missouri State Highway Patrol-Troop D,1574812800000,190688695,1,0,0,1,Personal Injury,JASPER,NON-CITY OR UNINCORPORATED,D,1,1,0,1650,0.31,B ,S ,MO 37,CRD HEMLOCK RD,Daylight,Fixed Object,2,,Wed     ,0,0,0,0,0,0,0,0,0,0,0,0,0,0,0,0,0,0,0,0,0,0,0,0,1,37.16224,-94.14929,0,11/27/2019,13:05:00,VEHICLE 1 SWERVED TO MISS A DEER AND RAN OFF THE RIGHT SIDE OF THE ROADWAY. VEHICLE STRUCK A CULVERT AND ROAD SIGN BEFORE COMING TO REST OVERTURNED ON THE PASSENGER SIDE.
939851,3190033290,Missouri State Highway Patrol-Troop D,1574812800000,190688698,2,0,1,1,Personal Injury,CHRISTIAN,NON-CITY OR UNINCORPORATED,D,2,2,0,0,0,AT,N,US 65,RT BB,Daylight,Motor Vehicle in Transport,1,64,Wed     ,0,0,0,0,0,0,0,1,1,1,0,0,1,0,0,1,0,0,0,0,1,0,0,1,0,36.84418,-93.21922,0,11/27/2019,13:05:00,VEH #1 WAS CROSSING US 65 FROM RT BB AND WAS STRUCK BY VEH #2.
1201148,3190033072,Missouri State Highway Patrol-Troop C,1574812800000,190688753,1,0,1,0,Personal Injury,LINCOLN,NON-CITY OR UNINCORPORATED,C,1,1,0,5280,1,A ,W ,RT F,PVT FAWN TRL,Daylight,Fixed Object,2,,Wed     ,1,0,0,0,1,0,0,1,1,0,0,0,0,0,0,1,0,0,0,0,0,0,0,0,0,39.18647,-90.93574,0,11/27/2019,13:10:00,"VEHICLE CROSSED THE CENTER LINE AND TRAVELED OFF THE LEFT SIDE OF THE ROADWAY, STRUCK AN EMBANKMENT AND OVERTURNED. ASSISTED BY TPR. A.J. MICHELS (1381)"
1499927,3190033281,Missouri State Highway Patrol-Troop H,1574812800000,190688890,1,0,1,0,Personal Injury,CLINTON,LATHROP,H,2,2,0,0,0,AT,W ,MO 116,RP 5472,Daylight,Motor Vehicle in Transport,1,64,Wed     ,0,0,0,0,0,0,0,1,0,0,0,1,0,0,0,1,0,0,0,0,1,0,0,1,0,39.55242,-94.27045,0,11/27/2019,13:43:00,"CRASH OCCURRED AS VEHICLE 1 FAILED TO YIELD AT A STOP SIGN AND WAS STRUCK IN THE LEFT SIDE BY VEHICLE 2.  VEHICLE 1 CAME TO REST FACING WESTBOUND ON MO 116 AND VEHICLE 2 CAME TO REST FACING SOUTHBOUND ON MO 116.  ASSISTED BY TPR. T.M. ROYSTER (957), CLINTON COUNTY SHERIFF'S DEPARTMENT,  TRI-COUNTY EMS, AND LATHROP FIRE DEPARTMENT."
1121093,3190032826,Missouri State Highway Patrol-Troop E,1574812800000,190688948,1,0,1,0,Personal Injury,IRON,NON-CITY OR UNINCORPORATED,E,1,1,0,2016,0.38,B ,S ,RT N,BRIDGE A2204,Daylight,Fixed Object,2,,Wed     ,0,0,0,0,0,0,0,1,1,0,0,0,0,0,0,0,0,0,0,0,1,0,0,1,0,37.61436,-90.76777,0,11/27/2019,13:45:00,"CRASH OCCURRED AS VEHICLE 1 RAN OFF LEFT SIDE OF ROADWAY, STRUCK CONCRETE CULVERT, ROAD SIGN, OVERTURNED AND STRUCK TREE - DAMAGE TO HAZARD MARKER SIGN POST"
1181298,3190033541,Missouri State Highway Patrol-Troop B,1574812800000,190689052,2,0,2,0,Personal Injury,RANDOLPH,NON-CITY OR UNINCORPORATED,B,2,2,0,2,0,B ,N,US 63,RT NN,Daylight,Motor Vehicle in Transport,1,64,Wed     ,0,0,0,0,0,1,1,1,1,0,0,1,0,0,0,1,0,0,0,0,1,0,0,0,1,39.3423,-92.39086,0,11/27/2019,14:11:00,"VEHICLE 1 ATTEMPTED TO CROSS THE NORTHBOUND LANES OF US 63, FAILED TO YIELD AND STRUCK VEHICLE 2 ON THE PASSENGER SIDE. VEHICLE 2 OVERTURNED IN THE MEDIAN COMING TO REST ON ITS WHEELS."
918488,3190033686,Missouri State Highway Patrol-Troop D,1574812800000,190689069,1,0,1,0,Personal Injury,JASPER,NON-CITY OR UNINCORPORATED,D,1,1,0,1584,0.3,B ,E ,CST W 20TH ST,CRD MALANG RD,Daylight,Overturn,2,,Wed     ,0,0,0,0,0,1,1,0,0,0,0,0,0,0,0,0,0,0,0,0,0,0,0,0,0,37.07109,-94.60527,0,11/27/2019,14:00:00,VEHICLE ONE WENT OFF THE RIGHT SIDE OF THE ROADWAY AND OVERTURNED.
1068197,3190032888,Missouri State Highway Patrol-Troop I,1574812800000,190689648,1,0,1,0,Personal Injury,PHELPS,DOOLITTLE,I,1,1,0,31,0.01,A ,W ,IS 44,ERM WEST IS 44 MILE 1814,Daylight,Fixed Object,2,,Wed     ,0,0,0,0,0,1,1,0,0,0,0,0,0,0,0,1,0,0,0,0,0,0,0,0,0,37.94436,-91.85111,0,11/27/2019,15:55:00,OCCURRED AS DRIVER 1 EXPEREIENCE A MEDICAL CONDITION AND RAN OFF LEFT SIDE OF ROADWAY AND STRUCK THE MEDIAN CABLE
830129,3190033122,Missouri State Highway Patrol-Troop A,1574812800000,190689741,1,0,1,0,Personal Injury,CLINTON,NON-CITY OR UNINCORPORATED,H,2,2,0,586,0.11,B ,S ,CRD TRI COUNTY LINE ROAD,CRD SE 214TH ST,Daylight,Motor Vehicle in Transport,1,60,Wed     ,0,0,0,0,0,0,1,0,0,0,0,0,0,0,0,0,0,0,0,0,0,0,0,0,0,39.48899,-94.2098,0,11/27/2019,16:03:00,THIS CRASH OCCURRED AS VEHICLE #1 ATTEMPTED TO MAKE LEFT TURN INTO PRIVATE DRIVE AND HIT VEHICLE #2.
1113399,3190034080,Missouri State Highway Patrol-Troop E,1574812800000,190689975,0,1,0,0,Fatal,DUNKLIN,NON-CITY OR UNINCORPORATED,E,1,1,0,3168,0.6,B ,S ,CRD 403,CRD 436,Daylight,Fixed Object,2,,Wed     ,0,0,0,0,0,1,1,0,0,0,0,0,0,0,0,0,0,0,0,0,0,0,1,0,0,36.27179,-90.07211,1,11/27/2019,16:50:00,"F A T A L I T Y  C R A S H - CRASH OCCURRED AS VEHICLE 1 OVERCORRECTED, RAN OFF LEFT SIDE OF ROADWAY AND OVERTURNED, EJECTING DRIVER - NEXT OF KIN NOTIFIED - PRONOUNCED AT SCENE AT 1715 HOURS BY DUNKLIN COUNTY CORONER JAMES POWELL - FATALITY #50 FOR TROOP E"
1277872,3190034124,Missouri State Highway Patrol-Troop C,1574812800000,190690204,1,0,1,0,Personal Injury,ST. CHARLES,LAKE ST LOUIS,C,3,3,0,364,0.07,A ,W ,IS 64,ERM WEST IS 64 MILE 16,Dark-Unlighted,Motor Vehicle in Transport,1,61,Wed     ,0,0,0,0,0,1,1,0,0,0,0,0,0,0,0,0,0,0,0,0,0,0,0,0,0,38.79415,-90.81609,0,11/27/2019,17:54:00,"ALL THREE VEHICLES WERE WESTBOUND ON INTERSTATE 64.  VEHICLES 2 AND 3 WERE SLOWING DUE TO CONGESTED TRAFFIC AHEAD.  DRIVER 1 FAILED TO NOTICE, CAUSING THE FRONT OF VEHICLE 1 TO STRIKE THE REAR OF VEHICLE 2.  VEHICLE 2 WAS THEN WAS PUSHED INTO THE REAR OF VEHICLE 3."
939853,3190033081,Missouri State Highway Patrol-Troop D,1574812800000,190690559,1,0,1,0,Personal Injury,CHRISTIAN,NON-CITY OR UNINCORPORATED,D,1,1,0,881,0.17,A ,N,MO 413,CRD JASMINE,Dark-Unlighted,Overturn,2,,Wed     ,0,0,0,0,1,0,1,0,0,0,0,0,0,0,0,1,0,0,0,0,0,0,0,0,0,36.99772,-93.57394,0,11/27/2019,19:55:00,VEHICLE #1 WAS ATTEMPTING TO PASS ANOTHER VEHICLE AT A HIGH RATE OF SPEED.  DRIVER #1 LOST CONTROL OF THE VEHICLE AND OVERTURNED.
1050049,3190033211,Missouri State Highway Patrol-Troop I,1574812800000,190690808,2,0,2,0,Personal Injury,DENT,NON-CITY OR UNINCORPORATED,I,1,1,0,4224,0.8,A ,W ,CRD 4210,RT W,Dark-Unlighted,Fixed Object,2,,Wed     ,0,0,0,0,0,0,1,0,0,0,0,0,0,0,0,0,0,0,1,0,0,0,0,0,0,37.6763,-91.43273,0,11/27/2019,21:15:00,"OCCURRED AS VEH 1 CROSSED THE CENTER LINE, TRAVELED OFF THE LEFT SIDE OF THE ROADWAY AND STRUCK A TREE."
1152253,3190033126,Missouri State Highway Patrol-Troop E,1574812800000,190690811,1,0,1,0,Personal Injury,STODDARD,NON-CITY OR UNINCORPORATED,E,2,2,0,353,0.07,A ,N,CRD 637,CRD CHOO CHOO LN,Dark-Unlighted,Motor Vehicle in Transport,1,61,Wed     ,0,0,0,0,0,0,0,1,0,0,0,0,0,0,0,1,0,0,0,0,0,0,0,0,0,36.79361,-90.00251,0,11/27/2019,21:15:00,TRAFFIC CRASH OCCURRED AS VEHICLE 1 STRUCK STATIONARY VEHICLE 2 AND PEDESTRIAN.
1025638,3190033876,Missouri State Highway Patrol-Troop D,1574812800000,190690997,4,0,1,3,Personal Injury,TANEY,NON-CITY OR UNINCORPORATED,D,2,2,0,733,0.14,B ,E ,MO 76,CRD HARP LN WJ,Dark-Unlighted,Motor Vehicle in Transport,1,60,Wed     ,1,1,0,0,0,0,1,0,0,0,0,0,0,0,0,1,0,0,0,0,0,0,0,0,0,36.62904,-93.17255,0,11/27/2019,22:45:00,VEHICLE #1 STRUCK VEHICLE #2 HEAD-ON.  INVESTIGATION CONTINUES
969261,3190032817,Missouri State Highway Patrol-Troop D,1574812800000,190691074,1,0,0,1,Personal Injury,BARRY,NON-CITY OR UNINCORPORATED,D,1,1,0,543,0.1,A ,S ,CRD 1090,CRD 2020,Dark-Unlighted,Fixed Object,2,,Wed     ,0,0,0,0,0,0,0,0,0,0,0,0,0,0,0,0,0,0,0,0,1,0,0,0,1,36.89768,-93.90105,0,11/27/2019,23:25:00,"VEHICLE #1 TRAVELED OFF THE ROADWAY, STRUCK A FENCE AND LANDED IN A CREEK."
883504,3190032852,Missouri State Highway Patrol-Troop A,1574899200000,190691172,1,0,1,0,Personal Injury,BATES,NON-CITY OR UNINCORPORATED,A,1,1,0,247,0.05,B ,N,IS 49,ERM NORTH IS 49 MILE 1214,Dark-Unlighted,Animal,1,,Thu     ,0,0,0,0,0,0,0,0,0,0,0,0,0,0,0,0,0,0,0,0,0,0,0,0,0,38.10545,-94.34943,0,11/28/2019,01:20:00,CRASH OCCURRED AS VEHICLE 1 WAS NORTHBOUND ON I-49 AND STRUCK A DEER. ASSISTED BY BATES COUNTY SHERIFFS DEPARTMENT
1062517,3190033959,Missouri State Highway Patrol-Troop I,1574899200000,190691445,1,0,1,0,Personal Injury,PHELPS,NON-CITY OR UNINCORPORATED,I,1,1,Y,195,0.04,B ,E ,RT W,US 63,Daylight,Fixed Object,2,,Thu     ,0,0,0,0,0,0,0,0,0,0,0,0,0,0,0,1,0,0,0,0,0,0,0,0,0,37.85698,-91.79889,0,11/28/2019,10:00:00,VEHICLE 1 TRAVELED OFF THE RIGHT SIDE OF THE ROADWAY AND STRUCK AN ELECTRIC POLE.
864934,3190033255,Missouri State Highway Patrol-Troop A,1574899200000,190691562,1,0,1,0,Personal Injury,PETTIS,NON-CITY OR UNINCORPORATED,A,1,1,0,0,0,AT,E ,RT Y,CRD HEDGE APPLE DR,Daylight,Fixed Object,2,,Thu     ,0,0,0,0,0,0,0,1,1,0,0,0,0,0,0,0,0,0,0,0,1,0,0,1,0,38.7,-93.28776,0,11/28/2019,11:00:00,"CRASH OCCURRED AS VEH1 WAS WESTBOUND WHEN IT SLOWED TO MAKE A LEFT TURN.  AS VEH1 WAS TURNING DRIVER 1'S FOOT REPORTEDLY SLIPPED OFF THE BRAKE PEDAL, CAUSING VEH1 TO TRAVEL OFF THE SOUTHWEST CORNER OF THE INTERSECTION.  VEHICLE1 THEN TRAVELED DOWN AN EMBANKMENT WHERE IT STRUCK A LARGE SIGN.  VEHICLE1 ROTATED COUNTER-CLOCKWISE, COMING TO REST FACING SOUTHEAST AGAINST THE SIGN."
1134577,3190032882,Missouri State Highway Patrol-Troop E,1574899200000,190691587,1,0,1,0,Personal Injury,MADISON,NON-CITY OR UNINCORPORATED,E,1,1,0,6336,1.2,B ,W ,RT E,CRD 427,Daylight,Fixed Object,2,,Thu     ,0,0,0,0,0,0,0,0,0,0,0,0,0,0,0,0,0,0,0,0,0,0,1,0,0,37.47078,-90.48049,0,11/28/2019,10:00:00,CRASH OCCURRED AS VEHICLE 1 SWERVED TO MISS AN ANIMAL IN THE ROADWAY RAN OFF RIGHT SIDE OF ROADWAY AND STRUCK A TREE
822968,3190033203,Missouri State Highway Patrol-Troop A,1574899200000,190691613,3,0,3,0,Personal Injury,BENTON,NON-CITY OR UNINCORPORATED,A,2,2,0,15,0,B ,W ,MO 52,CRD MORARITY AVE,Daylight,Motor Vehicle in Transport,1,61,Thu     ,0,0,0,0,0,0,1,0,0,0,0,0,0,0,0,1,0,0,0,0,1,0,0,1,0,38.46186,-93.25704,0,11/28/2019,12:00:00,CRASH OCCURRED AS VEHICLE 1 FAILED TO SLOW FOR TRAFFIC STRICKING VEHICLE 2.
1320689,3190032968,Missouri State Highway Patrol-Troop G,1574899200000,190691622,1,0,1,0,Personal Injury,TEXAS,NON-CITY OR UNINCORPORATED,G,2,2,0,353,0.07,B ,W ,RT CC,US 63 EJ,Daylight,Motor Vehicle in Transport,1,64,Thu     ,0,0,0,0,0,0,0,0,0,0,0,0,0,0,0,1,0,0,0,0,0,0,0,0,0,37.58663,-91.86146,0,11/28/2019,12:10:00,OCCURRED AS VEHICLE TWO LEFT PRIVATE DRIVE AND STRUCK VEHICLE ONE.
1192990,3190033052,Missouri State Highway Patrol-Troop F,1574899200000,190691628,1,0,1,0,Personal Injury,CALLAWAY,NON-CITY OR UNINCORPORATED,F,2,2,0,132,0.02,B ,W ,IS 70,ERM WEST IS 70 MILE 1584,Daylight,Motor Vehicle in Transport,1,61,Thu     ,0,0,0,0,0,0,1,0,0,0,0,0,0,0,0,1,0,0,0,0,0,0,0,0,0,38.91992,-91.7543,0,11/28/2019,12:10:00,"CRASH OCCURRED AS DRIVER 2 FELL ASLEEP, VEHICLE 2 STRUCK THE REAR OF VEHICLE 1. VEHICLE 1 TRAVELED OFF THE RIGHT SIDE OF THE ROADWAY AND STRUCK A DITCH. VEHICLE 2 TRAVELED OFF THE LEFT SIDE OF THE ROADWAY AND STRUCK THE MEDIAN CABLES. ASSISTED BY SGT. J. L. ARNOLD (351) AND TPR. C. C. FRAME (1329)."
905474,3190032878,Missouri State Highway Patrol-Troop D,1574899200000,190691641,3,0,3,0,Personal Injury,CHRISTIAN,HIGHLANDVILLE,D,2,2,0,20,0,B ,W ,US 160,CRD HARRIS BLVD,Daylight,Motor Vehicle in Transport,1,61,Thu     ,0,0,0,0,0,0,1,1,1,0,0,0,0,0,0,0,0,0,0,0,0,0,0,0,0,36.96395,-93.28342,0,11/28/2019,12:30:00,CRASH OCCURRED AS VEHICLE #2 WAS STOPPED IN TRAFFIC TO TURN LEFT ON HARRIS BLVD.  VEHICLE #1 REAR-ENDED VEHICLE #2.
1059794,3190033356,Missouri State Highway Patrol-Troop I,1574899200000,190691731,1,0,1,0,Personal Injury,PHELPS,ST JAMES,I,1,1,0,385,0.07,B ,W ,IS 44,ERM WEST IS 44 MILE 1976,Daylight,Fixed Object,2,,Thu     ,0,0,0,0,0,0,0,1,0,0,0,0,0,0,0,1,0,0,0,0,1,0,0,1,0,38.01489,-91.5864,0,11/28/2019,14:00:00,"OCCURRED AS DRIVER 1 TRAVELED OFF LEFT SIDE OF ROADWAY, OVERCORRECTED, SKIDDED ACROSS ALL LANES, WENT OFF RIGHT SIDE OF ROADWAY AND STRUCK A FENCE AND A TREE"
883505,3190032914,Missouri State Highway Patrol-Troop A,1574899200000,190691786,1,0,1,0,Personal Injury,BATES,NON-CITY OR UNINCORPORATED,A,1,1,0,501,0.09,B ,S ,IS 49,ERM SOUTH IS 49 MILE 1258,Daylight,Overturn,1,,Thu     ,0,0,0,0,0,0,0,1,0,0,0,0,0,0,0,1,0,0,0,0,0,0,0,0,1,38.17104,-94.35413,0,11/28/2019,15:20:00,"CRASH OCCURRED AS VEH1 TRAVELED OFF THE ROADWAY AND DVR1 OVERCORRECTED.  VEH1 RETURNED TO THE ROADWAY, BEGAN TO SKID AND OVERTURNED ON THE ROADWAY. ASSISTED BY CPL D A JONES /854/ AND BATES COUNTY SHERIFF'S DEPARTMENT"
1038678,3190033540,Missouri State Highway Patrol-Troop I,1574899200000,190691797,1,0,1,0,Personal Injury,PULASKI,NON-CITY OR UNINCORPORATED,I,1,1,0,765,0.14,A ,E ,CST SWEDEBORG RD,CRD REPORTER RD,Daylight,Fixed Object,2,,Thu     ,0,0,0,0,0,0,0,1,1,0,0,0,0,0,0,0,0,0,0,0,1,0,0,1,0,37.82838,-92.22413,0,11/28/2019,15:30:00,OCCURRED AS DRIVER 1 TRAVELED OFF LEFT SIDE OF ROADWAY AND STRUCK A TREE