objectid,accident,agency,inv_date,complaint,injured,killed,min_inj,dis_inj,severity,county,city,troop,no_vehicle,motor_veh,left_scene,dist_feet,dist_mile,inter_loc,direction,on_street,at_street,light_cond,acc_type,on_off_rd,two_veh,day_week,dr_drink,dr_drug,ped_drink,ped_drug,speed,dr_under21,dr_under25,dr_over55,dr_over64,electrical,emer_veh,stop_sign,yield_sign,czone,hazmat,aggressive,cell_phone,texting,veh_defect,school_bus,truck,motorcycle,atv,pickup,cmv,gps_lat,gps_long,severity_fatal,acc_date,acc_time,narrative
948676,3190033204,Missouri State Highway Patrol-Troop D,1574899200000,190691803,1,0,1,0,Personal Injury,POLK,NON-CITY OR UNINCORPORATED,D,1,1,0,660,0.12,B ,N,MO 215,CRD 545TH RD,Daylight,Fixed Object,2,,Thu     ,0,0,0,0,1,1,1,0,0,0,0,0,0,0,0,1,0,0,0,0,0,0,0,0,0,37.45713,-93.345,0,11/28/2019,15:35:00,VEHICLE #1 SKIDDED OFF THE WET ROADWAY AND STRUCK A TREE.
1016347,3190032801,Missouri State Highway Patrol-Troop D,1574899200000,190691831,2,0,2,0,Personal Injury,NEWTON,NON-CITY OR UNINCORPORATED,D,2,2,0,0,0,AT,N,MO 59,MO 86 NJ,Daylight,Motor Vehicle in Transport,1,60,Thu     ,0,0,0,0,0,0,1,0,0,0,0,0,0,0,0,1,0,0,0,0,0,0,0,0,0,36.87522,-94.31784,0,11/28/2019,15:55:00,VEHICLE #1 MADE A LEFT TURN INTO THE PATH OF VEHICLE #2 AND THE TWO VEHICLES STRUCK HEAD-ON.
1113398,3190032837,Missouri State Highway Patrol-Troop E,1574899200000,190691848,5,0,5,0,Personal Injury,DUNKLIN,NON-CITY OR UNINCORPORATED,E,1,1,0,2640,0.5,B ,S ,CRD 313,CRD 316,Daylight,Other Object,2,,Thu     ,0,0,0,0,1,0,0,0,0,0,0,0,0,0,0,1,0,0,0,0,0,0,0,0,0,36.4627,-90.05832,0,11/28/2019,16:20:00,"CRASH OCCURRED AS VEHICLE ONE HYDROPLANED, RAN OFF THE RIGHT SIDE OF THE ROADWAY AND STRUCK A PIECE OF FARM EQUIPMENT"
918720,3190033875,Missouri State Highway Patrol-Troop D,1574899200000,190691894,2,0,2,0,Personal Injury,LAWRENCE,NON-CITY OR UNINCORPORATED,D,1,1,0,1895,0.36,B ,W ,CRD 2030,CRD 2025,Dark-Unlighted,Fixed Object,2,,Thu     ,0,0,0,0,0,0,0,0,0,0,0,0,0,0,0,0,0,0,0,0,0,0,0,0,0,37.23696,-93.87177,0,11/28/2019,17:05:00,"CRASH OCCURRED AS VEHICLE #1 FAILED TO NEGOTIATE A CORNER, TRAVELED OFF THE ROADWAY AND STRUCK A TREE HEAD ON."
1016348,3190032800,Missouri State Highway Patrol-Troop D,1574899200000,190691915,4,0,1,3,Personal Injury,NEWTON,NON-CITY OR UNINCORPORATED,D,3,3,0,892,0.17,B ,W ,US 60,BRIDGE A4532,Dark-Unlighted,Motor Vehicle in Transport,1,61,Thu     ,0,0,0,0,0,0,0,1,1,0,0,0,0,0,0,1,0,0,0,0,0,0,0,0,0,36.91532,-94.29053,0,11/28/2019,17:28:00,"CRASH OCCURRED AS VEHICLES #1 & #2 WERE WESTBOUND ON U.S. 60. VEHICLE #1 ATTEMPTED TO PASS VEHICLE #2, ATTEMPTED TO AVOID EASTBOUND VEHICLE #3 BY MERGING INTO THE WESTBOUND LANE AND STRIKING THE REAR OF VEHICLE #2. VEHICLE #2 CROSSED THE CENTER LINE AND STRUCK VEHICLE #3 HEAD ON. ."
807659,3190033640,Missouri State Highway Patrol-Troop A,1574899200000,190691967,3,0,3,0,Personal Injury,JACKSON,RIVER BEND,A,2,2,0,0,0,AT,E ,MO 210,RP 5440,Dark-Lighted,Motor Vehicle in Transport,1,64,Thu     ,0,0,0,0,0,0,0,1,0,1,0,0,0,0,0,1,0,0,0,0,0,0,0,0,0,39.18383,-94.39764,0,11/28/2019,18:15:00,OCCURRED AS VEH1 ATTEMPTED A LEFT TURN ONTO SB 291 FROM WB 210 WHILE VEH2 WAS TRAVELING THROUGH THE INTERSECTION ON THE EASTBOUND SIDE. THE VEHICLES STRUCK HEAD-ON.
1226017,3190033218,Missouri State Highway Patrol-Troop C,1574899200000,190691989,0,1,0,0,Fatal,JEFFERSON,NON-CITY OR UNINCORPORATED,C,1,1,0,2059,0.39,A ,N,MO 21,CRD CASTLE RANCH RD,Dark-Unlighted,Fixed Object,2,,Thu     ,0,1,0,0,1,0,0,0,0,0,0,0,0,0,0,1,0,0,0,0,0,0,0,0,0,38.18924,-90.56645,1,11/28/2019,18:40:00,FATALITY REPORT - VEHICLE 1 WAS TRAVELING NORTHBOUND ON MO-21.  VEHICLE 1 TRAVELED UP AN INCLINE AND BEGAN TO SPIN ON THE WET PAVEMENT.  VEHICLE 1 SPUN CLOCKWISE AND TRAVELED OFF THE RIGHT SIDE OF THE ROAD.  VEHICLE 1 TRAVELED DOWN AN EMBANKMENT AND THE LEFT SIDE OF VEHICLE 1 STRUCK A TREE. DRIVER 1 WAS PRONOUNCED ON SCENE BY VALLEY AMBULANCE EMS AT 1852 HOURS. ASSISTED BY CPL. J. S. WARREN (1175)
1500866,3190033573,Missouri State Highway Patrol-Troop H,1574899200000,190692014,1,0,1,0,Personal Injury,ANDREW,NON-CITY OR UNINCORPORATED,H,2,2,0,347,0.07,A ,N,US 71,RP 904386 SJ,Dark-Unlighted,Parked Motor Vehicle,2,64,Thu     ,0,0,0,0,1,0,1,0,0,0,0,0,0,0,0,1,0,0,0,0,1,0,0,1,0,39.96253,-94.86184,0,11/28/2019,19:07:00,ACCIDENT OCCURRED AS BOTH VEHICLES WERE NORTHBOUND ON US 71 AND TRAVELING TOO FAST FOR CONDITIONS. VEH1 SLID OFF OF THE EAST SIDE OF THE ROADWAY AND OVERTURNED COMING TO REST ON THE DRIVER'S SIDE FACING WEST.   VEH2 SLID OFF OF THE EAST SIDE OF THE ROADWAY STRIKING THE WINDSHIELD OF VEH1.  BOTH VEHICLES CAME TO REST OFF OF THE EAST SIDE OF THE ROADWAY.  ASSISTED BY TPR. K. F. JEFFERS (669) AND ANDREW CO SO.
1150428,3190032993,Missouri State Highway Patrol-Troop E,1574899200000,190692047,1,0,1,0,Personal Injury,PEMISCOT,NON-CITY OR UNINCORPORATED,E,1,1,0,15,0,A ,S ,IS 55,ERM SOUTH IS 55 MILE 300,Dark-Unlighted,Fixed Object,2,,Thu     ,0,0,0,0,1,1,1,0,0,0,0,0,0,0,0,1,0,0,0,0,0,0,0,0,0,36.38479,-89.70178,0,11/28/2019,19:42:00,CRASH OCCURRED AS VEHICLE ONE RAN OFF THE RIGHT SIDE OF THE ROADWAY AND STRUCK A DITCH
1226016,3190034495,Missouri State Highway Patrol-Troop C,1574899200000,190692078,2,0,2,0,Personal Injury,JEFFERSON,NON-CITY OR UNINCORPORATED,C,1,1,0,1056,0.2,A ,N,CRD OLD SUGAR CREEK RD,CRD HUNNING RD,Dark-Unlighted,Other Object,2,,Thu     ,1,0,0,0,1,0,0,0,0,0,0,0,0,0,0,1,0,0,0,0,1,0,0,1,0,38.45984,-90.48661,0,11/28/2019,20:15:00,DRIVER 1 FAILED TO MAINTAIN CONTROL OF VEHICLE 1 AND VEHICLE #1 TRAVELED OFF THE RIGHT SIDE OF THE ROAD AND DOWN AN EMBANKMENT. VEHICLE 1'S FRONT RIGHT STRUCK A TREE. ASSISTED BY MSGT T. M. WILLIAMS (1132)
1282238,3190033364,Missouri State Highway Patrol-Troop C,1574899200000,190692132,2,0,2,0,Personal Injury,ST. CHARLES,O'FALLON,C,2,2,0,0,0,AT,S ,MO 79,RT M,Dark-Lighted,Motor Vehicle in Transport,1,60,Thu     ,0,0,0,0,0,1,1,0,0,1,0,0,0,0,0,1,0,0,0,0,0,0,0,0,0,38.84273,-90.6952,0,11/28/2019,21:31:00,VEHICLE 1 WAS TRAVELING NORTHBOUND ON MISSOURI 79.  VEHICLE 2 WAS TRAVELING SOUTHBOUND ON MISSOURI 79.   DRIVER 1 FAILED TO YIELD TO VEHICLE 2 AND STARTED TO MAKE A LEFT TURN. THE FRONT OF VEHICLE 1 STRUCK THE FRONT OF VEHICLE 2. ASSISTED BY TPR T. N. ZIEGLER (1440)
948675,3190033206,Missouri State Highway Patrol-Troop D,1574899200000,190692165,2,0,2,0,Personal Injury,POLK,NON-CITY OR UNINCORPORATED,D,1,1,0,184,0.03,B ,N,RT D,CO RTC TO RTD,Dark-Unlighted,Fixed Object,2,,Thu     ,1,0,0,0,1,0,0,0,0,0,0,0,0,0,0,1,0,0,0,0,1,0,0,1,0,37.71528,-93.29993,0,11/28/2019,22:00:00,"NR1 FAILED TO NEGOTIATE A CURVE, RAN OFF THE ROADWAY AND STRUCK A TREE."
1301250,3190033849,Missouri State Highway Patrol-Troop C,1574985600000,190692282,2,0,2,0,Personal Injury,ST. CHARLES,NON-CITY OR UNINCORPORATED,C,1,1,0,121,0.02,B ,N,RP 1068097,RT P SJ,Dark-Unlighted,Fixed Object,2,,Fri     ,0,0,0,0,1,0,0,0,0,0,0,0,0,0,0,1,0,0,0,0,0,0,0,0,0,38.85249,-90.86869,0,11/29/2019,01:05:00,"DRIVER 1 WAS TRAVELING TOO FAST FOR ROAD CONDITIONS. VEHICLE 1 TRAVELED OFF THE LEFT SIDE OF THE ROADWAY, STRUCK 2 ROAD SIGNS, AND A CONCRETE WALL"
918486,3190033684,Missouri State Highway Patrol-Troop D,1574985600000,190692381,2,0,1,1,Personal Injury,JASPER,NON-CITY OR UNINCORPORATED,D,2,2,0,3168,0.6,B ,S ,MO 171,BRIDGE A3474,Daylight,Motor Vehicle in Transport,1,61,Fri     ,0,0,0,0,0,0,0,1,1,0,0,0,0,0,0,1,0,0,0,0,1,0,0,1,0,37.15655,-94.41803,0,11/29/2019,07:25:00,"VEHICLE 1 REAR ENDED VEHICLE 2. AFTER IMPACT, VEHICLE 1 RAN OFF THE RIGHT SIDE OF THE ROADWAY AND VEHICLE 2 RAN OFF THE LEFT SIDE OF THE ROADWAY."
1135913,3190033183,Missouri State Highway Patrol-Troop E,1574985600000,190692420,1,0,1,0,Personal Injury,CAPE GIRARDEAU,NON-CITY OR UNINCORPORATED,E,1,1,0,1425,0.27,A ,S ,RT D,CRD 454,Daylight,Fixed Object,2,,Fri     ,0,0,0,0,0,0,0,0,0,0,0,0,0,0,0,0,0,0,0,0,0,0,0,0,0,37.46454,-89.73286,0,11/29/2019,07:30:00,STATE PROPERTY DAMAGE - STEEL CULVERT - CRASH OCCURRED AS VEHICLE ONE TRAVELED OFF RIGHT SIDE OF ROADWAY STRIKING CULVERT
1213332,3190033231,Missouri State Highway Patrol-Troop C,1574985600000,190692455,5,0,4,1,Personal Injury,WARREN,WRIGHT CITY,C,1,1,0,153,0.03,B ,E ,IS 70,ERM EAST IS 70 MILE 2004,Daylight,Fixed Object,2,,Fri     ,0,0,0,0,1,0,0,0,0,0,0,0,0,0,0,1,0,0,0,0,0,0,0,0,0,38.82978,-91.01447,0,11/29/2019,08:10:00,VEHICLE #1 WAS TRAVELING EASTBOUND ON INTERSTATE 70 AT A HIGH RATE OF SPEED.  DRIVER #1 LOST CONTROL OF THE VEHICLE.  VEHICLE TRAVELED OFF THE LEFT SIDE OF THE ROADWAY AND STRUCK THE CONCRETE MEDIAN BARRIER.  VEHICLE RETURNED TO THE ROADWAY AND STRUCK THE MEDIAN WALL A SECOND TIME.  VEHICLE #1 CAME TO REST FACING EAST IN THE RIGHT LANE OF INTERSTATE 70.  FRONT SEAT PASSENGER JEHMIAH CUSTER WAS EJECTED OUT THE PASSENGER'S SIDE DOOR AND CAME TO REST IN THE MIDDLE OF THE ROADWAY.
1213333,3190033232,Missouri State Highway Patrol-Troop C,1574985600000,190692548,5,0,5,0,Personal Injury,WARREN,WRIGHT CITY,C,2,2,0,227,0.04,A ,E ,IS 70,ERM EAST IS 70 MILE 2004,Daylight,Motor Vehicle in Transport,2,61,Fri     ,0,0,0,0,0,0,0,1,1,0,0,0,0,0,0,0,0,0,0,0,0,0,0,0,0,38.82944,-91.01321,0,11/29/2019,08:11:00,VEHICLE 1 AVOIDED A CRASH AND STOPPED DUE TO A PERSON LAYING IN THE ROADWAY.  VEHICLE 1 WAS STRUCK IN THE REAR BY VEHICLE 2 AND OVERTURNED.
1301251,3190033941,Missouri State Highway Patrol-Troop C,1574985600000,190692564,1,2,0,1,Fatal,ST. CHARLES,NON-CITY OR UNINCORPORATED,C,2,2,0,4224,0.8,B ,W ,RT D,PVT WILDLIFE LANE,Daylight,Motor Vehicle in Transport,1,60,Fri     ,0,0,0,0,1,0,0,1,0,0,0,0,0,0,0,1,0,0,0,0,0,0,0,0,0,38.70361,-90.79061,1,11/29/2019,09:13:00,FATALITY REPORT- VEHICLE 1 WAS TRAVELING EASTBOUND ON ROUTE D. VEHICLE 1 WAS TRAVELING TOO FAST FOR CONDITIONS.  VEHICLE 1 SKIDDED ACROSS CENTER LINE AND IMPACTED VEHICLE 2.  VEHICLE 1 TURNED ONTO ITS RIGHT SIDE AND CAME TO REST. VEHICLE 2 CAME TO A REST IN A DITCH. PASSENGER 1 WAS PRONOUNCED AT PROGRESS WEST BY DR. J. MAHLICK AT 1017 HOURS. DRIVER 1 WAS PRONOUNCED AT 1218 HOURS BY DR BRIAN ULLERY.   ASSISTED BY CPL. J. R. BREITBACH (790) AND TPR. T. A. REENTS (916).
948640,3190033145,Missouri State Highway Patrol-Troop D,1574985600000,190692566,1,0,1,0,Personal Injury,POLK,NON-CITY OR UNINCORPORATED,D,1,1,0,1937,0.37,A ,W ,RT KK,BRIDGE A7312,Daylight,Fixed Object,2,,Fri     ,0,0,0,0,1,1,1,0,0,0,0,0,0,0,0,1,0,0,0,0,0,0,0,0,0,37.50521,-93.29791,0,11/29/2019,09:15:00,CRASH OCCURRED AS VEHICLE 1 DROVE OFF THE LEFT SIDE OF THE ROADWAY. STRUCK A FENCE AND OVERTURNED
1169099,3190034165,Missouri State Highway Patrol-Troop F,1574985600000,190692763,2,0,1,1,Personal Injury,MONITEAU,NON-CITY OR UNINCORPORATED,F,1,1,0,68,0.01,A ,W ,CRD MOREAU ST,CRD MORGAN ST,Daylight,Fell/Jumped from MV,2,,Fri     ,0,0,0,0,0,0,0,0,0,0,0,0,0,0,0,0,0,0,0,0,0,0,0,0,0,38.56722,-92.79846,0,11/29/2019,10:50:00,"OCCURRED AS VEHICLE 1 WAS TRAVELING WITH PASSENGER 1 HANGING OUT OF THE DRIVERS SIDE DOOR, VEHICLE 1 TRAVELED OFF THE LEFT SIDE OF THE ROADWAY CAUSING PASSENGER 1 TO FALL OUT AND STRIKE A UTILITY POLE, VEHICLE ONE THEN CROSSED MORGAN ST AND STRUCK A HOUSE"
953979,3190032970,Missouri State Highway Patrol-Troop D,1574985600000,190692797,1,0,1,0,Personal Injury,GREENE,NON-CITY OR UNINCORPORATED,D,1,1,0,3168,0.6,B ,W ,US 60,US 160 WJ,Daylight,Fixed Object,2,,Fri     ,0,0,0,0,0,0,0,1,1,0,0,0,0,0,0,0,0,0,0,0,0,0,0,0,1,37.14445,-93.35248,0,11/29/2019,11:44:00,"VEHICLE #1 TRAVELED OFF THE RIGHT SIDE OF THE ROADWAY, STRUCK A ROCK BLUFF AND OVERTURNED."
1226002,3190035896,Missouri State Highway Patrol-Troop C,1574985600000,190692855,2,1,0,2,Fatal,JEFFERSON,NON-CITY OR UNINCORPORATED,C,2,2,0,1346,0.25,B ,S ,RT B,PVT KLONDIKE FARMS RD,Daylight,Motor Vehicle in Transport,1,60,Fri     ,1,0,0,0,0,0,0,1,1,0,0,0,0,0,0,1,0,0,0,0,0,0,0,0,0,38.31361,-90.64858,1,11/29/2019,12:16:00,"FATALITY REPORT- VEHICLE 1 WAS TRAVELING NORTHBOUND ON HIGHWAY B. VEHICLE 2 WAS TRAVELING SOUTHBOUND ON HIGHWAY B. VEHICLE 1 TRAVELED INTO THE SOUTHBOUND LANE AND THE FRONT OF VEHICLE 1 STRUCK THE FRONT OF VEHICLE 2. DRIVER 2 PRONOUNCED ON SCENE AT 1236 HOURS BY BIG RIVER AMBULANCE PERSONAL. ASSISTED BY CPL M. G. AUTENRIETH (1312) TPR B. A. TEAGUE (1385), TPR S. T. ROETTGER (1429), TPR A. D. BAKER (151)"
1213334,3190032994,Missouri State Highway Patrol-Troop C,1574985600000,190692918,1,0,1,0,Personal Injury,WARREN,WRIGHT CITY,C,1,1,0,131,0.02,A ,W ,IS 70,ERM WEST IS 70 MILE 2008,Daylight,Fixed Object,2,,Fri     ,0,0,0,0,0,0,0,1,0,0,0,0,0,0,0,1,0,0,0,0,0,0,0,0,0,38.82769,-91.00912,0,11/29/2019,14:01:00,"VEHICLE 1 OVERCORRECTED TO THE RIGHT CAUSING VEHICLE 1 TO ROTATE COUNTER-CLOCKWISE,  TRAVELING OFF THE RIGHT SIDE OF THE ROADWAY, STRIKING A SIGN, AND OVERTURNING."
1135914,3190033184,Missouri State Highway Patrol-Troop E,1574985600000,190693028,1,0,1,0,Personal Injury,CAPE GIRARDEAU,NON-CITY OR UNINCORPORATED,E,1,1,0,1161,0.22,A ,W ,CRD 206,CRD 203,Daylight,Fixed Object,2,,Fri     ,0,0,0,0,0,1,1,0,0,0,0,0,0,0,0,0,0,0,0,0,0,0,0,0,0,37.30525,-89.61682,0,11/29/2019,14:15:00,CRASH OCCURRED AS VEHICLE ONE TRAVELED OFF RIGHT SIDE OF ROADWAY STRIKING UTILITY POLE
1212260,3190034616,Missouri State Highway Patrol-Troop C,1574985600000,190693033,1,0,1,0,Personal Injury,WASHINGTON,NON-CITY OR UNINCORPORATED,C,2,2,0,807,0.15,B ,E ,MO 8,BRIDGE A1996,Daylight,Motor Vehicle in Transport,1,61,Fri     ,0,0,0,0,0,0,1,0,0,0,1,0,0,0,0,1,0,0,0,0,0,0,0,0,0,37.92484,-90.74477,0,11/29/2019,14:15:00,VEHICLE 1 WAS STATIONARY TO TURN ONTO ANOTHER ROADWAY.  DRIVER 2 FAILED TO YIELD IN TIME CAUSING THE FRONT OF VEHICLE 2 TO STRIKE THE REAR OF VEHICLE 1.
1178254,3190033301,Missouri State Highway Patrol-Troop F,1574985600000,190693097,2,0,2,0,Personal Injury,CAMDEN,NON-CITY OR UNINCORPORATED,F,2,2,0,89,0.02,B ,S ,MO 5,CRD BEAR PAW RD,Daylight,Motor Vehicle in Transport,1,61,Fri     ,0,0,0,0,0,0,0,1,1,0,0,0,0,0,0,1,0,0,0,0,0,0,0,0,0,38.05371,-92.78248,0,11/29/2019,15:00:00,OCCURRED AS VEHICLE 2 STOPPED DUE TRAFFIC BACKUP AND VEHICLE 1 STRUCK THE REAR OF VEHICLE 2
1038681,3190033075,Missouri State Highway Patrol-Troop I,1574985600000,190693108,1,0,1,0,Personal Injury,PULASKI,NON-CITY OR UNINCORPORATED,I,1,1,0,235,0.04,A ,S ,MO 17,CRD RESTFUL LN,Daylight,Fixed Object,2,,Fri     ,0,0,0,0,1,0,0,0,0,0,0,0,0,0,0,1,0,0,0,0,0,0,0,0,0,37.87096,-92.2496,0,11/29/2019,15:10:00,OCCURRED AS VEH 1 WAS SOUTHBOUND ON MO 17 WHEN IT TRAVELED OFF OF THE RIGHT SIDE OF THE ROADWAY AND STRUCK A TREE.
1285569,3190034534,Missouri State Highway Patrol-Troop C,1574985600000,190693167,3,0,3,0,Personal Injury,ST. FRANCOIS,NON-CITY OR UNINCORPORATED,C,2,2,0,0,0,AT,S ,US 67,CRD HILDEBRECHT RD,Daylight,Motor Vehicle in Transport,1,64,Fri     ,0,0,0,0,0,1,1,0,0,0,0,1,0,0,0,1,0,0,0,0,1,0,0,1,0,37.73847,-90.43752,0,11/29/2019,16:00:00,VEHICLE 1 FAILED TO YIELD AND PULLED OUT IN FRONT OF VEHICLE 2.  THE FRONT OF VEHICLE 2 STRUCK THE LEFT REAR OF VEHICLE 1 WHICH CAUSED BOTH VEHICLES TO RUN OFF THE RIGHT SIDE OF THE ROADWAY.
918485,3190033118,Missouri State Highway Patrol-Troop D,1574985600000,190693226,1,0,1,0,Personal Injury,JASPER,NON-CITY OR UNINCORPORATED,D,2,2,0,10,0,B ,W ,CRD ZORA STREET,PVT CENTER LANE,Dark-Lighted,Motor Vehicle in Transport,1,61,Fri     ,0,0,0,0,0,0,0,1,1,0,0,0,0,0,0,1,0,0,0,0,1,0,0,1,0,37.11236,-94.45303,0,11/29/2019,17:00:00,CRASH OCCURRED AS VEHICLE #1 WAS MAKING A RIGHT HAND TURN AND WAS STRUCK IN THE REAR BY VEHICLE #2.
1067541,3190033214,Missouri State Highway Patrol-Troop I,1574985600000,190693253,4,0,3,1,Personal Injury,PHELPS,ROLLA,I,2,2,0,47,0.01,A ,W ,IS 44,ERM WEST IS 44 MILE 1874,Dark-Unlighted,Fixed Object,2,,Fri     ,0,0,0,0,1,0,0,1,0,0,0,0,0,0,0,1,0,0,0,0,0,0,0,0,0,37.96763,-91.75997,0,11/29/2019,17:32:00,"OCCURRED AS THE DRIVER LOST CONTROL. VEH 1 TRAVELED THROUGH THE MEDIAN, AND STRUCK VEH 2."
1226020,3190034008,Missouri State Highway Patrol-Troop C,1574985600000,190693406,1,0,1,0,Personal Injury,JEFFERSON,NON-CITY OR UNINCORPORATED,C,1,1,0,528,0.1,B ,S ,CRD HILLSBORO VALLEY PARK RD,PVT GLICK RD,Dark-Unlighted,Fixed Object,2,,Fri     ,1,0,0,0,0,0,0,0,0,0,0,0,0,0,0,1,0,0,0,0,0,0,0,0,0,38.49605,-90.51143,0,11/29/2019,20:00:00,VEHICLE 1 WAS TRAVELING SOUTH ON HILLSBORO VALLEY PARK ROAD. DRIVER 1 SWERVED TO AVOID AN ONCOMING VEHICLE. VEHICLE 1 EXITED THE ROADWAY TO THE RIGHT AND STRUCK AN EMBANKMENT.
1205728,3190033112,Missouri State Highway Patrol-Troop F,1574985600000,190693408,1,0,1,0,Personal Injury,MILLER,NON-CITY OR UNINCORPORATED,F,1,1,0,644,0.12,B ,W ,US 54,RT V,Dark-Unlighted,Fixed Object,2,,Fri     ,0,0,0,0,1,0,1,0,0,0,0,0,0,0,0,1,0,0,0,0,1,0,0,1,0,38.23898,-92.61866,0,11/29/2019,20:00:00,VEHICLE 1 BEGAN TO SKID ON WET PAVEMENT.  VEHICLE 1 RAN OFF THE RIDE SIDE OF THE ROADWAY AND STRUCK A SIGN.  ASSISTED BY TPR K.R. DINWIDDIE (300)
1329887,3190034175,Missouri State Highway Patrol-Troop G,1574985600000,190693422,1,0,0,1,Personal Injury,HOWELL,NON-CITY OR UNINCORPORATED,G,2,1,0,139,0.03,A ,S ,US 63,BRIDGE A5532,Dark-Unlighted,Animal Drawn Veh/Animal Ridden Trans,1,,Fri     ,0,0,0,0,0,0,0,0,0,0,0,0,0,0,0,0,0,0,0,0,0,0,0,0,0,36.87325,-91.91465,0,11/29/2019,20:00:00,"CRASH OCCURRED AS VEHICLE ONE STRUCK A HORSE IN THE ROADWAY EJECTING RIDER OF THE HORSE. VEHICLE TWO THEN STRUCK THE INJURED HORSE. ASSISTED BY CPL J S CUNNINGHAM #451, CPL J C HOWELL #490, AND TPR C A KIMES #556"
918484,3190033159,Missouri State Highway Patrol-Troop D,1574985600000,190693454,4,0,4,0,Personal Injury,JASPER,NON-CITY OR UNINCORPORATED,D,1,1,0,211,0.04,B ,N,CRD 130,CRD KNOLL RD,Dark-Unlighted,Fixed Object,2,,Fri     ,0,0,0,0,0,1,1,0,0,0,0,0,0,0,0,0,0,0,0,0,0,0,0,0,0,37.20489,-94.29056,0,11/29/2019,20:45:00,"VEHICLE SWERVED TO MISS A DEER, STRUCK A CULVERT AND OVERTURNED."
924815,3190033079,Missouri State Highway Patrol-Troop D,1574985600000,190693493,3,0,2,1,Personal Injury,MCDONALD,PINEVILLE,D,2,2,0,480,0.09,A ,S ,IS 49,ERM SOUTH IS 49 MILE 68,Dark-Unlighted,Motor Vehicle in Transport,1,61,Fri     ,0,0,0,0,1,0,1,0,0,0,0,0,0,0,0,1,0,0,0,0,1,0,0,0,1,36.59015,-94.40058,0,11/29/2019,21:30:00,NBR 1 STRUCK NBR 2 IN THE REAR.
1210857,3190035721,Missouri State Highway Patrol-Troop C,1574985600000,190693497,2,0,2,0,Personal Injury,ST. LOUIS,BERKELEY,C,2,2,0,42,0.01,B ,E ,IS 70,ERM EAST IS 70 MILE 2378,Dark-Lighted,Motor Vehicle in Transport,1,60,Fri     ,1,0,0,0,0,0,0,0,0,0,0,0,0,0,0,0,0,0,0,0,0,0,0,0,0,38.73315,-90.35168,0,11/29/2019,21:30:00,VEHICLE 1 WAS TRAVELING WESTBOUND IN THE EASTBOUND LANES OF I-70. THE FRONT OF VEHICLE 1 STRUCK THE FRONT OF VEHICLE 2. ASSISTED BY TPR. L. A. DEZNER (660).
814467,3190033696,Missouri State Highway Patrol-Troop A,1574985600000,190693568,1,0,1,0,Personal Injury,CLAY,KANSAS CITY,A,1,1,0,36,0.01,B ,N,IS 35,ERM NORTH IS 35 MILE 94,Dark-Unlighted,Fixed Object,2,,Fri     ,0,0,0,0,1,0,0,0,0,0,0,0,0,0,0,1,0,0,0,0,0,0,0,0,0,39.17373,-94.5386,0,11/29/2019,22:35:00,CRASH OCCURRED AS VEHICLE 1 TRAVELED OFF THE LEFT SIDE OF THE ROADWAY AND STRUCK THE CABLE BARRIER
1135915,3190033010,Missouri State Highway Patrol-Troop E,1575072000000,190693600,2,0,2,0,Personal Injury,CAPE GIRARDEAU,NON-CITY OR UNINCORPORATED,E,1,1,0,496,0.09,B ,S ,IS 55,ERM SOUTH IS 55 MILE 1126,Dark-Unlighted,Fixed Object,2,,Fri     ,0,0,0,0,0,0,0,0,0,0,0,0,0,0,0,0,0,0,0,0,0,0,0,0,0,37.517,-89.69963,0,11/29/2019,23:40:00,CRASH OCCURRED AS VEHICLE 1 RAN OFF LEFT SIDE OF THE ROADWAY AND STRUCK 8 CABLE BARRIER POSTS.
901528,3190033224,Missouri State Highway Patrol-Troop D,1575072000000,190693613,1,0,1,0,Personal Injury,ST. CLAIR,NON-CITY OR UNINCORPORATED,D,1,1,0,406,0.08,A ,W ,RT B,CRD NW 875,Dark-Unlighted,Fixed Object,2,,Fri     ,0,0,0,0,1,0,0,0,0,0,0,0,0,0,0,1,0,0,0,0,0,0,0,0,0,38.07109,-93.94353,0,11/29/2019,23:53:00,VEHICLE 1 RAN OFF THE ROADWAY AND STRUCKA  DITCH.
1301255,3190033443,Missouri State Highway Patrol-Troop C,1574985600000,190693624,1,0,1,0,Personal Injury,ST. CHARLES,NON-CITY OR UNINCORPORATED,C,2,2,0,277,0.05,A ,W ,IS 70,ERM WEST IS 70 MILE 2242,Dark-Lighted,Fixed Object,2,,Fri     ,0,0,0,0,1,0,0,1,0,0,0,0,0,0,0,1,0,0,0,0,1,0,0,1,0,38.79818,-90.58481,0,11/29/2019,23:24:00,VEHICLE 1 WAS STOPPED IN LANE 4 FROM A PRIOR ACCIDENT. VEHICLE 2 HYDROPLANED AND THE TRAILER BECAME DISCONNECTED. THE TOWED UNIT OF VEHICLE 2 STRUCK VEHICLE 1. VEHICLE 2 CONTINUED WEST AND STRUCK THE GUARDRAIL.