objectid,accident,agency,inv_date,complaint,injured,killed,min_inj,dis_inj,severity,county,city,troop,no_vehicle,motor_veh,left_scene,dist_feet,dist_mile,inter_loc,direction,on_street,at_street,light_cond,acc_type,on_off_rd,two_veh,day_week,dr_drink,dr_drug,ped_drink,ped_drug,speed,dr_under21,dr_under25,dr_over55,dr_over64,electrical,emer_veh,stop_sign,yield_sign,czone,hazmat,aggressive,cell_phone,texting,veh_defect,school_bus,truck,motorcycle,atv,pickup,cmv,gps_lat,gps_long,severity_fatal,acc_date,acc_time,narrative
1333555,3190034276,Missouri State Highway Patrol-Troop G,1575072000000,190693747,2,0,2,0,Personal Injury,CARTER,NON-CITY OR UNINCORPORATED,G,1,1,0,374,0.07,A ,E ,US 60,CRD 143 WJ,Daylight,Fixed Object,2,,Sat     ,0,0,0,0,0,0,0,0,0,0,0,0,0,0,0,0,0,0,0,0,0,0,0,0,0,36.95045,-91.13541,0,11/30/2019,06:30:00,OCCURRED AS VEHICLE FAILED TO NEGOTIATE A CURVE AND STRUCK A DITCH.
1178255,3190033832,Missouri State Highway Patrol-Troop F,1575072000000,190693769,1,0,1,0,Personal Injury,CAMDEN,NON-CITY OR UNINCORPORATED,F,1,1,0,1129,0.21,A ,S ,MO 7,CRD MILL CREEK RD,Daylight,Fixed Object,2,,Sat     ,0,0,0,0,0,0,0,1,1,0,0,0,0,0,0,0,0,0,0,0,1,0,0,1,0,37.94799,-92.56353,0,11/30/2019,07:15:00,DRIVER 1 WAS DISTRACTED CAUSING VEHICLE 1 TO GO OFF RIGHT SIDE OF ROADWAY STRIKING A DITCH AND A FENCE.
1212259,3190033870,Missouri State Highway Patrol-Troop C,1575072000000,190693775,0,1,0,0,Fatal,WASHINGTON,NON-CITY OR UNINCORPORATED,C,1,1,0,7391,1.4,B ,E ,RT M,BRIDGE A2553,Daylight,Fixed Object,2,,Sat     ,1,1,0,0,1,0,0,0,0,0,0,0,0,0,0,1,0,0,0,0,1,0,0,1,0,37.80596,-90.74468,1,11/30/2019,07:25:00,FATALITY CRASH - VEHICLE 1 TRAVELED OFF THE LEFT SIDE OF THE ROADWAY AND STRUCK A TREE.  PRONOUNCED ON SCENE BY WASHINGTON COUNTY DEPUTY CORONER STEVE HATFIELD AT 0845 HOURS.
1304226,3190035646,Missouri State Highway Patrol-Troop C,1575072000000,190693839,1,0,1,0,Personal Injury,ST. LOUIS,CREVE COEUR,C,2,2,0,295,0.06,B ,W ,IS 270,ERM SOUTH IS 270 MILE 132,Daylight,Fixed Object,1,,Sat     ,0,0,0,0,1,0,0,1,0,0,0,0,0,0,0,1,0,0,0,0,0,0,0,0,0,38.64999,-90.44857,0,11/30/2019,08:23:00,"DRIVER 1 LOST CONTROL CAUSING VEHICLE 1 TO SLIDE.  VEHICLE 1 STRUCK THE CONCRETE MEDIAN, RETURNED TO THE ROADWAY AND STRUCK VEHICLE 2.  ASSISTED BY TPR A.R. BAKER (151)"
864931,3190033506,Missouri State Highway Patrol-Troop A,1575072000000,190694128,1,0,1,0,Personal Injury,PETTIS,NON-CITY OR UNINCORPORATED,A,1,1,Y,1489,0.28,A ,S ,RT K,CRD MCCUBBIN RD,Daylight,Fixed Object,2,,Sat     ,0,0,0,0,1,1,1,0,0,0,0,0,0,0,0,1,0,0,0,0,1,0,0,1,0,0,0,0,11/30/2019,10:50:00,CRASH OCCURRED AS VEHICLE 1 WENT OFF THE RIGHT SIDE OF THE ROADWAY AND STRUCK A CULVERT.
972366,3190033068,Missouri State Highway Patrol-Troop D,1575072000000,190694282,1,0,1,0,Personal Injury,CEDAR,NON-CITY OR UNINCORPORATED,D,1,1,0,580,0.11,B ,W ,RT M,CRD 2325,Daylight,Fixed Object,2,,Sat     ,0,0,0,0,0,0,1,0,0,0,0,0,0,0,0,0,0,0,0,0,1,0,0,1,0,37.73261,-93.64521,0,11/30/2019,12:32:00,VEHICLE #1 TRAVELED OFF THE ROADWAY AND STRUCK A TREE.
1194490,3190033709,Missouri State Highway Patrol-Troop B,1575072000000,190694319,0,1,0,0,Fatal,RALLS,NON-CITY OR UNINCORPORATED,B,1,1,0,2529,0.48,B ,W ,RT N,RT T,Daylight,Fixed Object,2,,Sat     ,0,0,0,0,1,1,1,0,0,0,0,0,0,0,0,1,0,0,0,0,1,0,0,1,0,39.62302,-91.31393,1,11/30/2019,12:50:00,"FATALITY ACCIDENT - VEHICLE 1 LOST CONTROL ON A WET ROADWAY, RAN OFF THE LEFT SIDE OF THE ROADWAY AND OVERTURNED COMING TO REST ON ITS TOP IN THE DITCH. DRIVER 1 WAS PRONOUNCED DECEASED AT THE SCENE BY THE ACTING RALLS COUNTY CORONER SGT SHAWN LENARD AT 1324 HRS. NEXT OF KIN NOTIFIED."
1336990,3190033100,Missouri State Highway Patrol-Troop G,1575072000000,190694385,1,0,1,0,Personal Injury,DOUGLAS,NON-CITY OR UNINCORPORATED,G,1,1,0,110,0.02,B ,E ,MO 76,CRD PP-515,Daylight,Fixed Object,2,,Sat     ,0,0,0,0,0,1,1,0,0,0,0,0,0,0,0,0,0,0,0,0,0,0,0,0,0,36.91621,-92.72016,0,11/30/2019,13:12:00,"OCCURRED AS VEHICLE #1 TRAVELED OFF OF THE RIGHT SIDE OF THE ROADWAY, STRUCK A DITCH AND OVERTURNED,  STRIKING A TELEPHONE POLE, CABLE BOX AND FENCE IN IT'S PATH. ASSISTED BY DOUGLAS CO SHERIFF DEPUTY AND AVA RURAL FIRE DEPT"
1253295,3190033097,Missouri State Highway Patrol-Troop C,1575072000000,190694579,1,0,1,0,Personal Injury,FRANKLIN,NON-CITY OR UNINCORPORATED,C,1,1,0,400,0.08,B ,N,CRD ST MARY'S ROAD,CRD COVENTRY VALLEY ROAD,Daylight,Fixed Object,2,,Sat     ,0,0,0,0,1,0,1,0,0,0,0,0,0,0,0,1,0,0,0,0,0,0,0,0,0,38.44065,-90.86521,0,11/30/2019,14:55:00,VEHICLE 1 WAS SOUTHBOUND ON ST MARYS ROAD WHEN IT BEGAN TO SLIDING ON A CURVE AND OVERTURNED.
929975,3190033054,Missouri State Highway Patrol-Troop D,1575072000000,190694674,2,0,2,0,Personal Injury,STONE,NON-CITY OR UNINCORPORATED,D,2,2,0,0,0,AT,E ,MO 76,MO 465 WJ,Daylight,Motor Vehicle in Transport,1,64,Sat     ,0,0,0,0,0,1,1,1,1,1,0,0,0,0,0,1,0,0,0,0,0,0,0,0,0,36.67565,-93.31988,0,11/30/2019,15:50:00,OCCURRED AS #1 FAILED TO STOP AT A SOLID RED LIGHT AND STRUCK #2.
1504745,3190033219,Missouri State Highway Patrol-Troop H,1575072000000,190694676,1,0,1,0,Personal Injury,DAVIESS,NON-CITY OR UNINCORPORATED,H,2,2,0,217,0.04,A ,S ,IS 35,ERM SOUTH IS 35 MILE 612,Daylight,Motor Vehicle in Transport,1,63,Sat     ,0,0,0,0,0,1,1,0,0,0,0,0,0,0,0,1,0,0,0,0,0,0,0,0,0,39.84904,-94.17897,0,11/30/2019,15:50:00,ACCIDENT OCCURRED AS VEH1 AND VEH2 WERE TRAVELING SOUTHBOUND ON I 35 IN DAVIESS COUNTY.  VEH2 TRAVELED INTO THE PASSING LANE AND IMPACTED VEH1. VEH1 AND VEH2 CAME TO REST IN THE MEDIAN FACING NORTH.
1062554,3190033220,Missouri State Highway Patrol-Troop I,1575072000000,190694844,1,0,1,0,Personal Injury,PHELPS,NON-CITY OR UNINCORPORATED,I,2,2,0,63,0.01,B ,E ,MO 72,CRD 4020,Dark-Unlighted,Motor Vehicle in Transport,1,61,Sat     ,0,0,0,0,0,1,1,0,0,0,0,0,0,0,0,0,0,0,0,0,0,0,0,0,0,37.88895,-91.71073,0,11/30/2019,17:25:00,CRASH OCCURRED AS VEHICLE 2 WAS ATTEMPTING TO MAKE A LEFT HAND TURN ONTO COUNTY ROAD 4020.  VEHICLE 1 STRUCK VEHICLE 2 IN THE REAR.   ASSISTED BY LT R.G. MAY (56) AND MSGT S.D. ALTERMATT (158)
972367,3190033233,Missouri State Highway Patrol-Troop D,1575072000000,190694848,1,0,1,0,Personal Injury,CEDAR,NON-CITY OR UNINCORPORATED,D,1,1,0,2048,0.39,A ,W ,MO 32,CRD 1620,Dark-Unlighted,Animal,1,,Sat     ,0,0,0,0,0,0,0,0,0,0,0,0,0,0,0,0,0,0,0,0,0,0,0,0,0,37.65937,-93.66711,0,11/30/2019,17:21:00,CRASH OCCURRED AS VEHICLE #1 STRUCK A DEER IN THE ROADWAY.
918483,3190033161,Missouri State Highway Patrol-Troop D,1575072000000,190694856,1,0,1,0,Personal Injury,JASPER,NON-CITY OR UNINCORPORATED,D,2,2,0,63,0.01,B ,N,MO 43,CRD LOCUST RD,Dark-Unlighted,Motor Vehicle in Transport,1,61,Sat     ,0,0,0,0,0,1,1,0,0,0,0,0,0,0,0,1,0,0,0,0,1,0,0,1,0,37.22927,-94.50785,0,11/30/2019,17:28:00,VEHICLE #1 SLOWED TO MAKE A LEFT TURN AND WAS STRUCK FROM BEHIND BY VEHICLE #2
965920,3190033016,Missouri State Highway Patrol-Troop D,1575072000000,190694865,1,0,1,0,Personal Injury,MCDONALD,NON-CITY OR UNINCORPORATED,D,1,1,0,744,0.14,A ,S ,CRD TYSON RD,PVT CAMBRIDGE LN,Dark-Unlighted,Fixed Object,2,,Sat     ,0,0,0,0,0,1,1,0,0,0,0,0,0,0,0,0,0,0,0,0,0,0,0,0,0,36.50786,-94.23854,0,11/30/2019,17:30:00,CRASH OCCURRED AS VEHICLE #1 TRAVELED OFF THE RIGHT SIDE OF THE ROADWAY AND STRUCK A TREE.
864933,3190033964,Missouri State Highway Patrol-Troop A,1575072000000,190694877,6,0,6,0,Personal Injury,PETTIS,NON-CITY OR UNINCORPORATED,A,2,2,0,0,0,AT,N,US 65,CO US65S TO EOR65,Dark-Unlighted,Motor Vehicle in Transport,1,64,Sat     ,0,0,0,0,0,0,0,0,0,0,0,1,0,1,0,1,0,0,0,0,0,0,0,0,0,38.73672,-93.22627,0,11/30/2019,17:38:00,CRASH OCCURRED AS VEHICLE #2 FAILED TO YIELD TO NORTHBOUND VEHICLE #1. VEHICLE #2 PULLED INTO THE PATH OF VEHICLE #1 AND WAS STRUCK . VEHICLE #1 CAME TO REST ON SOUTHBOUND LANE FACING SOUTH. VEHICLE #2 CAME TO REST IN THE NORTHBOUND LANE FACING SOUTHBOUND. ASSISTED BY PETTIS COUNTY
972368,3190033226,Missouri State Highway Patrol-Troop D,1575072000000,190694885,3,0,2,1,Personal Injury,CEDAR,NON-CITY OR UNINCORPORATED,D,1,1,0,1056,0.2,A ,W ,MO 32,RT U,Dark-Unlighted,Animal,1,,Sat     ,0,0,0,0,0,0,0,0,0,0,0,0,0,0,0,0,0,0,0,0,0,0,0,0,0,37.82308,-94.01488,0,11/30/2019,17:32:00,CRASH OCCURRED AS VEHICLE #1 STRUCK A DEER IN THE ROADWAY.
1301253,3190033814,Missouri State Highway Patrol-Troop C,1575072000000,190695053,2,0,2,0,Personal Injury,ST. CHARLES,NON-CITY OR UNINCORPORATED,C,2,2,0,2502,0.47,B ,N,US 61,CRD FARRIS RD,Dark-Unlighted,Motor Vehicle in Transport,1,61,Sat     ,0,0,0,0,1,1,1,0,0,0,0,0,0,0,0,1,0,0,0,0,0,0,0,0,0,38.87132,-90.89417,0,11/30/2019,19:30:00,"VEHICLE 2 FAILED TO NEGOTIATE A CURVE IN THE ROADWAY, LOST CONTROL AND TRAVELED IN FRONT OF VEHICLE 1. VEHICLE 1 REAR-ENDED VEHICLE 2."
1067542,3190033275,Missouri State Highway Patrol-Troop I,1575072000000,190695112,1,0,1,0,Personal Injury,PHELPS,ROLLA,I,1,1,0,274,0.05,A ,E ,IS 44,ERM EAST IS 44 MILE 1922,Dark-Unlighted,Fixed Object,2,,Sat     ,1,0,0,0,0,0,0,0,0,0,0,0,0,0,0,1,0,0,0,0,0,0,0,0,0,37.98528,-91.67668,0,11/30/2019,20:00:00,"CRASH OCCURRED AS VEHICLE 1 TRAVELED OFF THE RIGHT SIDE OF THE ROADWAY, CROSSED THE OUTER ROAD AND STRUCK AN EMBANKMENT.  VEHICLE 1 RETURNED TO THE ROADWAY, TRAVELED OFF THE LEFT SIDE OF THE ROADWAY AND STRUCK A DITCH."
929974,3190033074,Missouri State Highway Patrol-Troop D,1575072000000,190695119,1,0,1,0,Personal Injury,STONE,NON-CITY OR UNINCORPORATED,D,2,2,0,0,0,AT,W ,MO 76,MO 465,Dark-Lighted,Motor Vehicle in Transport,1,64,Sat     ,0,0,0,0,0,1,1,1,1,1,0,0,0,0,0,1,0,0,0,0,0,0,0,0,0,36.67542,-93.31567,0,11/30/2019,20:04:00,OCCURRED AS #1 WAS EASTBOOUND AND TURNED IN FRONT OF # 2 WHICH WAS WESTBOUND AT THE TRAFFIC SIGNAL
1193079,3190033340,Missouri State Highway Patrol-Troop F,1575072000000,190695150,1,0,0,1,Personal Injury,CALLAWAY,NON-CITY OR UNINCORPORATED,F,1,1,0,164,0.03,B ,E ,RT E,BRIDGE R0606,Dark-Unlighted,Fixed Object,2,,Sat     ,0,0,0,0,0,1,1,0,0,0,0,0,0,0,0,1,0,0,0,0,0,0,0,0,0,39.02422,-92.02446,0,11/30/2019,20:25:00,"OCCURRED AS VEHICLE 1 SWERVED TO AVOID AN ONCOMING VEHICLE AND SLID OFF THE LEFT SIDE OF THE ROAD, STRUCK A CULVERT, AND OVERTURNED. ASSISTED BY TPR A. W. LAWMAN (779)"
948642,3190033313,Missouri State Highway Patrol-Troop D,1575072000000,190695195,1,0,1,0,Personal Injury,POLK,NON-CITY OR UNINCORPORATED,D,1,1,Y,0,0,AT,S ,RT AB,CRD 222ND RD,Dark-Unlighted,Fixed Object,2,,Sat     ,0,0,0,0,0,0,0,1,1,0,0,1,0,0,0,0,0,0,0,0,0,0,0,0,0,37.42003,-93.23082,0,11/30/2019,18:40:00,"NBR 1 SKIDDED THROUGH A ""T"" INTERSECTION AND STRUCK AN EMBANKMENT AND A FENCE."
1155560,3190033418,Missouri State Highway Patrol-Troop E,1575072000000,190695196,2,0,2,0,Personal Injury,SCOTT,NON-CITY OR UNINCORPORATED,E,1,1,0,6864,1.3,B ,W ,CRD 227,CRD PONDEROSA ROAD,Dark-Unlighted,Fixed Object,2,,Sat     ,0,0,0,0,1,0,1,0,0,0,0,0,0,0,0,1,0,0,0,0,0,0,0,0,0,37.1665,-89.63614,0,11/30/2019,20:51:00,CRASH OCCURRED AS VEHICLE ONE RAN OFF THE RIGHT SIDE OF THE ROADWAY AND STRUCK A TREE
1226049,3190033857,Missouri State Highway Patrol-Troop C,1575072000000,190695306,7,0,7,0,Personal Injury,JEFFERSON,NON-CITY OR UNINCORPORATED,C,2,2,0,0,0,AT,S ,US 61,RT M,Dark-Unlighted,Motor Vehicle in Transport,1,64,Sat     ,0,0,0,0,0,0,0,1,0,1,0,0,0,0,0,1,0,0,0,0,0,0,0,0,0,38.34349,-90.38594,0,11/30/2019,22:05:00,VEHICLE 1 WAS TRAVELING SOUTHBOUND. VEHICLE 2 WAS NORTHBOUND IN THE LEFT LANE. DRIVER 2 TURNED LEFT IN FRONT OF VEHICLE 1. THE FRONT OF VEHICLE 1 STRUCK THE RIGHT SIDE OF VEHICLE 2.
941443,3190033411,Missouri State Highway Patrol-Troop D,1575072000000,190695361,1,0,1,0,Personal Injury,DALLAS,NON-CITY OR UNINCORPORATED,D,1,1,0,4224,0.8,A ,N,MO 73,CRD ORCHARD RD,Dark-Unlighted,Overturn,2,,Sat     ,0,0,0,0,0,0,0,0,0,0,0,0,0,0,0,0,0,0,0,0,0,0,0,0,0,37.82121,-93.04405,0,11/30/2019,22:25:00,"CRASH OCCURRED AS VEHICLE #1 SWERVED TO MISS A DEER, TRAVELED OFF THE RIGHT SIDE OF THE ROADWAY AND OVERTURNED."
1257494,3190033339,Missouri State Highway Patrol-Troop C,1575072000000,190695389,1,0,0,1,Personal Injury,ST. LOUIS,COUNTRY CLUB HILLS,C,1,1,0,158,0.03,A ,N,CST WEST FLORISSANT,CST SUNBURY AVENUE,Dark-Lighted,Other Non Collision,1,,Sat     ,1,0,0,0,1,0,0,1,0,1,0,0,0,0,0,1,0,0,1,0,0,0,0,0,0,38.7241,-90.27335,0,11/30/2019,22:56:00,"VEHICLE 1 LOST THE FRONT RIGHT TIRE CAUSING DRIVER 1 TO LOOSE CONTROL OF THE VEHICLE, VEHICLE 1 TRAVELED OFF THE RIGHT SIDE OF THE ROADWAY AND ACROSS THE EASTBOUND LANES BEFORE STRIKING A RETAINING WALL AND OVERTURNING. ASSISTED BY TPR. E. R. BESSERAUD (529) AND TPR. Q. H. HOOKS (373)"
953946,3190033175,Missouri State Highway Patrol-Troop D,1575158400000,190695575,3,0,3,0,Personal Injury,GREENE,NON-CITY OR UNINCORPORATED,D,2,2,0,290,0.05,A ,E ,IS 44,ERM EAST IS 44 MILE 668,Dark-Lighted,Motor Vehicle in Transport,1,63,Sun     ,0,0,0,0,0,0,0,1,1,0,0,0,0,0,0,1,0,0,0,0,1,0,0,1,0,37.18831,-93.48086,0,12/01/2019,03:15:00,VEHICLE 2 ATTEMPTED T PASS VEHICLE 1 AS VEHICLE 1 ATTEMPTED TO CHANGE LANES AND STRUCK VEHICLE 2.  VEHICLE 2 THEN RAN OFF THE ROADWAY AND STRUCK A ROAD SIGN.
798024,3190033783,Missouri State Highway Patrol-Troop A,1575158400000,190695577,1,0,1,0,Personal Injury,SALINE,NON-CITY OR UNINCORPORATED,A,1,1,0,812,0.15,A ,N,US 65,CRD 105TH RD,Dark-Lighted,Fixed Object,2,,Sun     ,0,0,0,0,0,1,1,0,0,0,0,0,0,0,0,0,0,0,0,0,0,0,0,0,0,38.93939,-93.20835,0,12/01/2019,03:27:00,"CRASH OCCURRED AS VEHICLE 1 TRAVELED OFF THE LEFT SIDE OF THE ROADWAY, OVERCORRECTED, AND TRAVELED OFF THE RIGHT SIDE OF THE ROADWAY. VEHICLE 1  STRUCK A DITCH AND CAME TO REST IN A FIELD."
1056366,3190033778,Missouri State Highway Patrol-Troop I,1575158400000,190695579,1,0,1,0,Personal Injury,CRAWFORD,NON-CITY OR UNINCORPORATED,I,1,1,0,1071,0.2,B ,N,RT MM,CRD FITZGERALD RD,Dark-Unlighted,Fixed Object,2,,Sun     ,1,1,0,0,0,0,0,1,0,0,0,0,0,0,0,0,0,0,0,0,0,0,0,0,0,38.08121,-91.29435,0,12/01/2019,03:40:00,OCCURRED AS VEH 1 WAS EASTBOUND ON RTE MM. VEH 1 TRAVELED OFF OF THE RIGHT SIDE OF THE ROADWAY AND STRUCK A GROUP OF TREES.
1282240,3190033944,Missouri State Highway Patrol-Troop C,1575158400000,190695592,2,0,2,0,Personal Injury,ST. CHARLES,O'FALLON,C,2,2,Y,432,0.08,B ,E ,IS 70,ERM EAST IS 70 MILE 2202,Dark-Unlighted,Motor Vehicle in Transport,1,63,Sun     ,0,1,0,0,1,0,0,0,0,0,0,0,0,0,0,1,0,0,0,0,1,0,0,1,0,38.80249,-90.65859,0,12/01/2019,06:40:00,"VEHICLE #1 AND VEHICLE #2 WERE TRAVELING EAST ON INTERSTATE 70.  VEHICLE #1 WAS IN LANE #2; VEHICLE #2 WAS IN LANE #3.  DRIVER #1 EXCEEDED THE POSTED SPEED LIMIT AND CHANGED LANES WHEN IT WAS UNSAFE TO DO SO.  VEHICLE #1 TRAVELED PARTIALLY INTO LANE #3.  THE RIGHT SIDE OF VEHICLE #1 STRUCK THE LEFT SIDE OF VEHICLE #2.  AFTER IMPACT, VEHICLE #1 ROTATED CLOCKWISE OFF THE SOUTH EDGE OF THE ROADWAY.  VEHICLE #1 CAME TO REST, FACING EAST, OFF THE SOUTH EDGE OF THE ROADWAY.  VEHICLE #2 WAS DRIVEN TO A CONTROLLED STOP ON THE RIGHT SHOULDER.  ASSISTED BY TPR. L.A. BENKE (156)"
1253321,3190033879,Missouri State Highway Patrol-Troop C,1575158400000,190696938,1,0,1,0,Personal Injury,FRANKLIN,NON-CITY OR UNINCORPORATED,C,2,2,0,5280,1,B ,N,CRD MAUPIN ROAD,CRD PROJECT ROAD,Daylight,Motor Vehicle in Transport,1,63,Sun     ,0,0,0,0,0,0,0,1,0,0,0,0,0,0,0,1,0,0,0,0,0,0,0,0,0,38.26397,-90.78074,0,12/01/2019,14:10:00,VEHICLE 1 TRAVELED OVER THE CENTER LINE. THE FRONT LEFT OF VEHICLE 1 STRUCK THE FRONT LEFT OF VEHICLE 2.
1134579,3190033431,Missouri State Highway Patrol-Troop E,1575158400000,190696979,1,0,1,0,Personal Injury,MADISON,NON-CITY OR UNINCORPORATED,E,1,1,0,1056,0.2,B ,S ,RT OO,CRD 224,Daylight,Fixed Object,2,,Sun     ,0,0,0,0,0,0,0,0,0,0,0,0,0,0,0,0,0,0,0,0,0,0,0,0,0,37.62636,-90.28759,0,12/01/2019,14:10:00,CRASH OCCURRED AS VEHICLE 1 RAN OFF THE RIGHT SIDE OF THE ROADWAY AND STRUCK THE DITCH
1155581,3190033207,Missouri State Highway Patrol-Troop E,1575158400000,190697018,4,0,4,0,Personal Injury,SCOTT,NON-CITY OR UNINCORPORATED,E,1,1,0,41,0.01,B ,N,IS 55,ERM NORTH IS 55 MILE 870,Daylight,Fixed Object,2,,Sun     ,0,0,0,0,0,0,0,1,1,0,0,0,0,0,0,0,0,0,0,0,1,0,0,1,0,37.17593,-89.53738,0,12/01/2019,14:27:00,***STATE PROPERTY DAMAGE***CRASH OCCURRED AS VEHICLE 1 RAN OFF THE RIGHT SIDE OF ROADWAY STRUCK A SIGN AND TREES. DAMAGE TO ONE MILE MARKER POST
1253322,3190033412,Missouri State Highway Patrol-Troop C,1575158400000,190697217,1,0,0,1,Personal Injury,FRANKLIN,NON-CITY OR UNINCORPORATED,C,1,1,0,707,0.13,B ,N,RT A,CRD JULIE LANE,Daylight,Fixed Object,2,,Sun     ,0,0,0,0,0,0,0,0,0,0,0,0,0,0,0,0,0,0,0,0,0,0,0,0,0,38.51351,-91.04365,0,12/01/2019,15:15:00,"VEHICLE 1 CROSSED THE CENTER LINE AND TRAVELED OFF THE LEFT SIDE OF THE ROADWAY, STRUCK THREE WIRE FENCES AND A CREEK BANK."
953945,3190034657,Missouri State Highway Patrol-Troop D,1575158400000,190697757,0,1,0,0,Fatal,GREENE,NON-CITY OR UNINCORPORATED,D,1,1,0,0,0,AT,N,MO 413,CRD 156,Dark-Unlighted,Pedestrian,1,,Sun     ,0,0,1,1,0,0,0,0,0,0,0,0,0,0,0,0,0,0,0,0,0,0,0,0,0,37.16854,-93.38516,1,12/01/2019,17:20:00,CORRECTED REPORT. FATALITY TRAFFIC CRASH - NEXT OF KIN NOTIFIED - THIS IS TROOP D'S 106TH FATALITY FOR 2019 - VEHICLE 1 STRUCK PEDESTRIAN IN THE ROADWAY.  SUBJECT WAS PRONOUNCED DECEASED BY MEDICAL EXAMINER NOAH CROSS AT 1738 HOURS.  AS REQUIRED BY LAW THE SURVIVING DRIVER WAS TESTED FOR ALCOHOL.
953944,3190033803,Missouri State Highway Patrol-Troop D,1575158400000,190697770,1,0,1,0,Personal Injury,GREENE,NON-CITY OR UNINCORPORATED,D,3,3,0,58,0.01,B ,N,MO 413,CRD 156,Dark-Unlighted,Motor Vehicle in Transport,1,61,Sun     ,0,0,0,0,0,0,1,1,0,0,1,0,0,0,0,0,0,0,0,0,1,0,0,0,1,37.16872,-93.38482,0,12/01/2019,17:20:00,VEHICLE 1 STRUCK THE REAR OF VEHICLE 2 WHICH CAUSED VEHICLE 2 TO STRICK THE REAR OF VEHICLE 3.
1016342,3190033694,Missouri State Highway Patrol-Troop D,1575158400000,190697804,1,0,1,0,Personal Injury,NEWTON,NON-CITY OR UNINCORPORATED,D,2,2,0,84,0.02,B ,N,IS 49,ERM NORTH IS 49 MILE 360,Dark-Unlighted,Motor Vehicle in Transport,1,61,Sun     ,0,0,0,0,0,0,1,0,0,0,0,0,0,0,0,1,0,0,0,0,1,0,0,1,0,37.00263,-94.43047,0,12/01/2019,17:30:00,CRASH OCCURRED AS VEH 1 WAS STRUCK IN REAR BY VEH 2.
1064906,3190033599,Missouri State Highway Patrol-Troop I,1575158400000,190697846,3,0,1,2,Personal Injury,LACLEDE,NON-CITY OR UNINCORPORATED,I,4,4,0,527,0.1,A ,W ,IS 44,ERM WEST IS 44 MILE 1202,Dark-Unlighted,Motor Vehicle in Transport,1,61,Sun     ,0,0,0,0,0,1,1,1,0,0,0,0,0,0,0,1,0,0,0,0,1,0,0,1,0,37.57537,-92.7598,0,12/01/2019,17:50:00,"CRASH OCCURRED  AS VEHICLES 2, 3, AND 4 WERE STOPPED DUE TO A CRASH, WHEN  VEHICLE 1 STRUCK THE  REAR OF VEHICLE 2 CAUSING VEHICLE 2 TO STRIKE THE REAR OF VEHICLE 3. VEHICLE 3 THEN STRUCK THE REAR OF VEHICLE 4.    ASSISTED BY TPR C.M. STAUFFER (1209)"
814463,3190033485,Missouri State Highway Patrol-Troop A,1575244800000,190698536,1,0,1,0,Personal Injury,CLAY,KANSAS CITY,A,3,3,0,153,0.03,A ,S ,IS 35,ERM SOUTH IS 35 MILE 74,Dark-Unlighted,Motor Vehicle in Transport,1,63,Mon     ,0,0,0,0,0,0,1,0,0,0,0,0,0,0,0,1,0,0,0,0,1,0,0,1,0,39.15562,-94.55981,0,12/02/2019,06:15:00,OCCURRED AS VEH1 STRUCK VEH3 ON PASENGER SIDE. VEH1 THEN STRUCK REAR OF VEH2. ASSISTED BY KANSAS CITY POLICE
1276681,3190033367,Missouri State Highway Patrol-Troop C,1575244800000,190698541,1,0,1,0,Personal Injury,ST. CHARLES,WELDON SPRING,C,1,1,0,190,0.04,A ,E ,IS 64,RP 6778,Dark-Lighted,Fixed Object,2,,Mon     ,0,0,0,0,0,0,0,0,0,0,0,0,0,0,0,0,0,0,0,0,1,0,0,1,0,38.71186,-90.69133,0,12/02/2019,06:20:00,"VEHICLE #1 WAS TRAVELING EASTBOUND INTERSTATE 64 IN LANE #4.  DRIVER #1 SUFFERED A MEDICAL CONDITION AND TRAVELED OFF THE RIGHT SIDE OF THE ROADWAY, STRIKING A GUARDRAIL AND CONCRETE CULVERT."
1282762,3190034738,Missouri State Highway Patrol-Troop C,1575244800000,190698645,1,0,1,0,Personal Injury,ST. CHARLES,ST CHARLES,C,5,5,0,150,0.03,B ,E ,IS 70,ERM EAST IS 70 MILE 2276,Daylight,Motor Vehicle in Transport,1,61,Mon     ,0,0,0,0,0,0,0,1,0,0,0,0,0,0,0,1,0,0,0,0,1,0,0,1,0,38.78401,-90.52433,0,12/02/2019,07:20:00,"VEHICLES 3, 4, AND 5 WERE STOPPED IN TRAFFIC.  DRIVER 2 FAILED TO KEEP A PROPER LOOKOUT FOR VEHICLES STOPPED AHEAD.  THE FRONT OF VEHICLE 1 STRUCK THE REAR OF VEHICLE 3.  THE FRONT OF VEHICLE 3 STRUCK THE REAR OF VEHICLE 4.  VEHICLE 4 ROTATED AND THE RIGHT SIDE OF VEHICLE 4 STRUCK THE REAR OF VEHICLE 5. THEN, THE RIGHT SIDE OF VEHICLE 4 STRUCK THE CONCRETE MEDIAN WALL.    DRIVER 1 WAS FOLLOWING VEHICLE 2 TOO CLOSELY AND THE FRONT OF VEHICLE 1 STRUCK THE REAR OF VEHICLE 2. VEHICLE 2 TRAVELED OFF THE RIGHT SIDE OF THE ROADWAY AND STRUCK THE CONCRETE MEDIAN WALL.  ASSISTED BY MSGT. J. L. DECKER (240) AND TPR. J. S. BAIRD (203)"
1506525,3190033302,Missouri State Highway Patrol-Troop H,1575244800000,190698688,1,0,1,0,Personal Injury,DEKALB,NON-CITY OR UNINCORPORATED,H,1,1,0,577,0.11,B ,W ,US 36,CRD BAKER RD,Daylight,Overturn,2,,Mon     ,0,1,0,0,0,1,1,0,0,0,0,0,0,0,0,0,0,0,0,0,0,0,0,0,0,39.75463,-94.33583,0,12/02/2019,07:40:00,"CRASH OCCURRED AS VEHICLE 1 TRAVELED OFF THE WEST SIDE OF THE ROADWAY AND OVERTURNED. VEHICLE 1 CAME REST ON ITS TOP FACING EAST. ASSISTED BY SGT L.M. ALLEN (201), SGT. M.A. WILHOIT (1212) AND CPL. S.J. COOL (546)"