objectid,accident,agency,inv_date,complaint,injured,killed,min_inj,dis_inj,severity,county,city,troop,no_vehicle,motor_veh,left_scene,dist_feet,dist_mile,inter_loc,direction,on_street,at_street,light_cond,acc_type,on_off_rd,two_veh,day_week,dr_drink,dr_drug,ped_drink,ped_drug,speed,dr_under21,dr_under25,dr_over55,dr_over64,electrical,emer_veh,stop_sign,yield_sign,czone,hazmat,aggressive,cell_phone,texting,veh_defect,school_bus,truck,motorcycle,atv,pickup,cmv,gps_lat,gps_long,severity_fatal,acc_date,acc_time,narrative
1226054,3190033651,Missouri State Highway Patrol-Troop C,1575244800000,190698708,1,0,1,0,Personal Injury,JEFFERSON,NON-CITY OR UNINCORPORATED,C,1,1,0,232,0.04,B ,E ,CRD BEAR CREEK RD,PVT BROSH LN,Daylight,Fixed Object,2,,Mon     ,0,0,0,0,0,0,0,0,0,0,0,0,0,0,0,1,0,0,0,0,1,0,0,1,0,38.42824,-90.53265,0,12/02/2019,07:53:00,VEHICLE 1 TRAVELED OFF THE RIGHT SIDE OF THE ROADWAY AND STRUCK A TREE.
1150427,3190033670,Missouri State Highway Patrol-Troop E,1575244800000,190698990,1,0,1,0,Personal Injury,PEMISCOT,NON-CITY OR UNINCORPORATED,E,1,1,0,132,0.02,A ,S ,IS 55,ERM SOUTH IS 55 MILE 20,Daylight,Fixed Object,2,,Mon     ,0,0,0,0,0,0,0,1,1,0,0,0,0,0,0,0,0,0,0,0,0,0,0,0,0,36.02724,-89.87003,0,12/02/2019,10:14:00,STATE PROPERTY DAMAGE - CRASH OCCURRED AS VEHICLE ONE TRAVELED OFF THE LEFT SIDE OF THE ROADWAY AND STRUCK A BRIDGE GUARD RAIL. DAMAGE TO 20 FEET OF BRIDGE GUARD RAIL.
814465,3190033484,Missouri State Highway Patrol-Troop A,1575244800000,190699161,1,0,1,0,Personal Injury,CLAY,KANSAS CITY,A,2,2,0,0,0,AT,N,IS 435,ERM NORTH IS 435 MILE 540,Daylight,Motor Vehicle in Transport,1,61,Mon     ,0,0,0,0,0,0,0,1,0,0,0,0,0,0,0,1,0,0,0,0,0,0,0,0,0,39.18262,-94.49279,0,12/02/2019,11:35:00,OCCURRED AS VEH1 ATTEMPTED TO AVOID UNINVOLVED VEHICLE STOPPED IN ROADWAY AND WAS STRUCK IN REAR BY VEH2. ASSISTED BY TPR C M MCDONALD /892/
822970,3190033663,Missouri State Highway Patrol-Troop A,1575244800000,190699238,1,0,1,0,Personal Injury,BENTON,NON-CITY OR UNINCORPORATED,A,1,1,Y,1547,0.29,A ,N,RT MM,CRD SPRINGWOOD AVE,Daylight,Fixed Object,2,,Mon     ,0,0,0,0,0,0,0,0,0,1,0,0,0,0,0,0,0,0,0,0,0,0,0,0,0,38.24316,-93.31416,0,12/02/2019,12:35:00,"CRASH OCCURRED AS VEHICLE 1 WAS NORTHBOND ON ROUTE MM WHEN THE DRIVERS DOG JUMPED ON THEIR LAP CAUSING THEM TO RUN OFF THE RIGHT SIDE OF ROAD. VEHICLE OVER CORRECTED AND RAN OFF THE LEFT SIDE OF ROAD, HIT THE DITCH AND A FENCE.  ASSISTED BY CPL R J CHAPMAN/343"
859188,3190033770,Missouri State Highway Patrol-Troop A,1575244800000,190699435,1,0,1,0,Personal Injury,JACKSON,BLUE SPRINGS,A,2,2,0,15,0,A ,W ,IS 70,ERM WEST IS 70 MILE 180,Daylight,Motor Vehicle in Transport,1,63,Mon     ,0,0,0,0,1,1,1,1,1,0,0,0,0,0,0,1,0,0,0,0,0,0,0,0,0,39.03629,-94.32086,0,12/02/2019,13:55:00,"OCCURRED AS VEH1 TRAVELED INTO THE #2 LANE AND SIDESWIPED VEH2 BEFORE TRAVELING OFF THE LEFT SIDE AND STRIKING THE BARRIER, WHICH THEN CAUSED VEH1 TO TRAVEL OFF THE RIGHT SIDE OF THE ROAD AND INTO THE GRASS.  ASSISTED BY CPL. J. W. HUFF /1373/, TPR. J. D. HOWARD /284/, AND BLUE SPRINGS POLICE DEPARTMENT"
929977,3190034277,Missouri State Highway Patrol-Troop D,1575244800000,190699467,1,0,0,1,Personal Injury,STONE,NON-CITY OR UNINCORPORATED,D,1,1,0,89,0.02,B ,E ,MO 86,CRD GLEN OAKS DR,Daylight,Overturn,2,,Mon     ,1,0,0,0,0,0,0,0,0,0,0,0,0,0,0,0,0,0,0,0,0,0,0,0,0,36.53503,-93.33,0,12/02/2019,14:15:00,CRASH OCCURRED AS VEH 1 RAN OFF THE RIGHT SIDE OF THE ROADWAY AND OVERCORRECT.  VEH 1 THEN TRAVELED OFF LEFT SIDE OF THE ROADWAY AND OVERTURNED.  ASSISTED BY TPR T.A. BIBLE #264.
888057,3190033318,Missouri State Highway Patrol-Troop A,1575244800000,190699604,1,0,0,1,Personal Injury,RAY,NON-CITY OR UNINCORPORATED,A,1,1,0,1584,0.3,B ,N,RT A,RT E,Daylight,Fixed Object,2,,Mon     ,1,0,0,0,0,0,0,0,0,0,0,0,0,0,0,0,0,0,0,0,1,0,0,1,1,39.32528,-93.84196,0,12/02/2019,15:25:00,CRACH OCCURRED AS VEHICLE #1 WAS NORTHBOUND ON ROUTE A AND RAN OFF THE RIGHT SIDE OF THE ROADWAY. VEHICLE #1 WENT AIRBORNE AND STRUCK A DEEP DITCH BANK.
885436,3190033734,Missouri State Highway Patrol-Troop A,1575244800000,190699632,1,0,0,1,Personal Injury,CASS,NON-CITY OR UNINCORPORATED,A,2,2,0,0,0,AT,S ,MO 7,RT TT,Daylight,Motor Vehicle in Transport,1,64,Mon     ,0,0,0,0,0,0,0,1,1,0,0,0,1,0,0,1,0,0,0,0,0,0,0,0,0,38.60906,-94.30229,0,12/02/2019,15:40:00,"CRASH OCCURRED AS VEHICLE 1 WAS ATTEMPTING TO CROSS SOUTH BOUND M 7 AND FAILED TO YIELD TO VEHICLE 2, FRONT OF VEHICLE 2 STRUCK THE PASS SIDE OF VEHICLE 1.  ASSISTED BY CASS COUNTY SHERIFF'S OFFICE."
1007139,3190033368,Missouri State Highway Patrol-Troop D,1575244800000,190699694,2,0,0,2,Personal Injury,WEBSTER,DIGGINS,D,2,2,0,0,0,AT,W ,US 60,RT A,Daylight,Motor Vehicle in Transport,1,64,Mon     ,0,0,0,0,0,1,1,0,0,0,0,1,0,0,0,1,0,0,0,0,0,0,0,0,0,37.17231,-92.86373,0,12/02/2019,16:05:00,VEHICLE 1 PULLED INTO THE PATH OF OF VEHICLE 2.  VEHICLE 2 STRUCK THE DRIVERS DOOR OF VEHICLE 1. (MODIFIED TO CORRECT DRIVER 2 NAME)
1222537,3190037074,Missouri State Highway Patrol-Troop C,1575244800000,190699778,0,1,0,0,Fatal,ST. LOUIS,FLORISSANT,C,2,2,0,322,0.06,B ,E ,IS 270,ERM EAST IS 270 MILE 290,Daylight,Motor Vehicle in Transport,1,61,Mon     ,1,0,0,0,1,0,0,0,0,0,0,0,0,0,0,1,0,0,0,0,0,1,0,0,0,38.77146,-90.29312,1,12/02/2019,16:52:00,"CORRECTED FATALITY REPORT- TIME OF INCIDENT CORRECTED. VEHICLE 1 WAS TRAVELING ON INTERSTATE 270 EASTBOUND AT A HIGH RATE OF SPEED. VEHICLE 1 WAS WEAVING IN AND OUT OF TRAFFIC LANES, LOST CONTROL AND STRUCK THE REAR OF VEHICLE 2. DRIVER 1 WAS EJECTED. DRIVER 1 WAS PRONOUNCED AT CHRISTIAN HOSPITAL NORTHEAST BY DR GRANT AT 1740 HOURS. ASSISTED BY CPL A. M. COVAL (175), AND TPR B. G. GROVES (837)."
1021927,3190033512,Missouri State Highway Patrol-Troop D,1575244800000,190699792,3,0,3,0,Personal Injury,HICKORY,NON-CITY OR UNINCORPORATED,D,2,2,0,5280,1,B ,E ,MO 254,US 54,Daylight,Motor Vehicle in Transport,1,60,Mon     ,0,0,0,0,0,0,0,1,1,0,0,0,0,0,0,1,0,0,0,0,0,0,0,0,0,37.92946,-93.32102,0,12/02/2019,16:59:00,#1 WAS WESTBOUND IN THE EASTBOUND LANES AND STRUCK #2 HEAD ON.
1194489,3190033634,Missouri State Highway Patrol-Troop B,1575244800000,190700018,2,0,0,2,Personal Injury,RALLS,NON-CITY OR UNINCORPORATED,B,1,1,0,4224,0.8,B ,N,MO 79,CRD CLARK RD,Dark-Unlighted,Fixed Object,2,,Mon     ,1,0,0,0,1,0,1,0,0,0,0,0,0,0,0,1,0,0,0,0,0,0,0,0,0,39.64596,-91.29369,0,12/02/2019,19:06:00,"VEHICLE 01 WAS NORTHBOUND ON MO 79, TRAVELED TOO FAST TO NEGOTIATE AT LEFT-HAND TURN AND RAN OFF THE ROADWAY.  VEHICLE OVERTURNED SEVERAL TIMES BEFORE STRIKING A TREE AND COMING TO REST ON ITS TOP."
1056367,3190033493,Missouri State Highway Patrol-Troop I,1575244800000,190700250,2,0,1,1,Personal Injury,CRAWFORD,NON-CITY OR UNINCORPORATED,I,1,1,0,3695,0.7,B ,N,CRD SEVEN CEDARS ROAD,CRD IMPERIAL WOODS LANE,Dark-Unlighted,Fixed Object,2,,Mon     ,0,0,0,0,1,0,0,0,0,0,0,0,0,0,0,1,0,0,0,0,0,0,0,0,0,37.87405,-91.30367,0,12/02/2019,22:16:00,OCCURRED AS THE DRIVER WAS FLEEING FROM A CRAWFORD COUNTY DEPUTY AND FAILED TO NEGOTIATE A CURVE. VEH 1 TRAVELED OFF THE LEFT SIDE OF THE ROADWAY AND STRUCK A TREE.
1014021,3190034295,Missouri State Highway Patrol-Troop D,1575244800000,190700285,1,0,1,0,Personal Injury,VERNON,NON-CITY OR UNINCORPORATED,D,1,1,0,1267,0.24,B ,W ,US 54,CRD 245,Dark-Unlighted,Animal,1,,Mon     ,0,0,0,0,0,0,0,1,0,0,0,0,0,0,0,0,0,0,0,0,0,0,0,0,0,37.86314,-94.26587,0,12/02/2019,22:45:00,VEHICLE 1 STRUCK A COW IN THE ROADWAY
1296192,3190033596,Missouri State Highway Patrol-Troop C,1575331200000,190700352,1,0,1,0,Personal Injury,ST. LOUIS,NON-CITY OR UNINCORPORATED,C,2,2,Y,158,0.03,A ,E ,IS 70,ERM EAST IS 70 MILE 2424,Dark-Unlighted,Motor Vehicle in Transport,1,61,Tue     ,0,0,0,0,0,,,1,,0,0,0,0,0,0,0,1,0,0,0,1,0,0,1,0,38.70733,-90.27577,0,12/03/2019,01:08:00,BOTH VEHICLES WERE TRAVELING EASTBOUND ON I-70. THE FRONT OF VEHICLE 1 STRUCK THE REAR OF VEHICLE 2. DRIVER 1 FLED THE SCENE.
861910,3190034307,Missouri State Highway Patrol-Troop A,1575244800000,190700358,0,1,0,0,Fatal,LAFAYETTE,NON-CITY OR UNINCORPORATED,A,1,1,0,332,0.06,A ,E ,IS 70,ERM EAST IS 70 MILE 418,Dark-Unlighted,Pedestrian,1,,Mon     ,0,0,0,0,0,0,0,1,0,0,0,0,0,0,0,0,0,0,0,0,0,0,0,0,1,39.00492,-93.87142,1,12/02/2019,23:11:00,"****FATAL CRASH****NEXT OF KIN NOTIFIED****TROOP A FATAL CRASH #59 AND FATALITY #65 FOR 2019**** CRASH OCCURRED AS PEDESTRIAN #1 RAN INTO THE EASTBOUND LANES AND WAS STRUCK BY VEHICLE #1. SUBJECT PRONOUNCED ON SCENE AT 2319 HOURS BY LAFAYETTE COUNTY DEPUTY P BOYER /179/. ASSISTED BY MSGT R B MCGINNIS /617/, MSGT R S SMITH /691/, MSGT K M FISHER /399/, CPL T A BAXTER /297/, CPL C S KUTZNER /462/, CPL A A ENGELHART /247/, TPR B M RYUN /771/, TPR B W MONTGOMERY /1348/, LAFAYETTE COUNTY SHERIFF'S DEPARTMENT, AND ODESSA PD."
864926,3190034037,Missouri State Highway Patrol-Troop A,1575331200000,190700420,1,0,1,0,Personal Injury,PETTIS,NON-CITY OR UNINCORPORATED,A,2,2,0,0,0,AT,N,US 65,CO EOR65 TO US65S,Daylight,Motor Vehicle in Transport,1,64,Tue     ,0,0,0,0,0,0,0,1,1,0,0,1,0,1,0,1,0,0,0,0,1,0,0,1,0,0,0,0,12/03/2019,06:32:00,"CRASH OCCURRED AS VEHICLE 1 WAS TRAVELING WESTBOUND CROSS THE HIGHWAY AND STRUCK THE REAR OF VEHICLE 2. VEHICLE 1 THEN TRAVELED OFF THE ROADWAY, STRUCK AND EMBANKMENT AND OVERTURNED."
1210850,3190035415,Missouri State Highway Patrol-Troop C,1575331200000,190700435,2,0,2,0,Personal Injury,ST. LOUIS,BERKELEY,C,2,2,0,142,0.03,B ,W ,CST FROST AVENUE,CST NORTH HANLEY ROAD,Daylight,Motor Vehicle in Transport,1,64,Unk     ,0,0,0,0,0,0,1,0,0,0,0,0,0,0,0,1,0,0,0,0,0,0,0,0,0,38.76259,-90.33644,0,12/03/2019,06:47:00,VEHICLE #1 WAS TRAVELING WESTBOUND ON FROST AVENUE APPROACHING NORTH HANLEY ROAD. VEHICLE #2 WAS TRAVELING SOUTHBOUND FROM A PARKING LOT INTO THE WESTBOUND FROST AVENUE TRAFFIC LANES. VEHICLE #2 FAILED TO YIELD TO AN APPROACHING VEHICLE WHEN ENTERING FROST AVENUE.  THE FRONT OF VEHICLE #2 STRUCK THE FRONT PASSENGER SIDE OF VEHICLE #1.  ASSISTED BY TPR. C.J. MENDEZ (1411)
1056368,3190033589,Missouri State Highway Patrol-Troop I,1575331200000,190700482,2,0,2,0,Personal Injury,CRAWFORD,NON-CITY OR UNINCORPORATED,I,1,1,0,326,0.06,B ,E ,MO 8,CRD CENTER POINT RD EJ,Daylight,Overturn,2,,Tue     ,0,0,0,0,0,0,1,0,0,0,0,0,0,0,0,0,0,0,1,0,0,0,0,0,0,37.96841,-91.27953,0,12/03/2019,07:30:00,CRASH OCCURRED AS VEHICLE 1 SUFFERED A MALFUNCTION CAUSING DRIVER 1 TO LOSE CONTROL OF THE VEHICLE. VEHICLE 1 THEN TRAVELED OFF THE LEFT SIDE OF THE ROADWAY AND OVERTURNED. ASSISTED BY SGT L D DECLUE (642)
1152255,3190033685,Missouri State Highway Patrol-Troop E,1575331200000,190700846,2,0,2,0,Personal Injury,STODDARD,NON-CITY OR UNINCORPORATED,E,2,2,0,1768,0.33,A ,N,MO 25,MO 91 SJ,Daylight,Motor Vehicle in Transport,1,64,Tue     ,0,0,0,0,0,0,0,1,1,0,0,0,0,0,0,1,0,0,0,0,0,0,0,0,0,37.03534,-89.90397,0,12/03/2019,10:12:00,CRASH OCCURRED AS VEHICLE 1 DROVE INTO THE PATH OF VEHICLE 2 SIDE SWIPING IT.
1152256,3190033683,Missouri State Highway Patrol-Troop E,1575331200000,190700978,1,0,1,0,Personal Injury,STODDARD,NON-CITY OR UNINCORPORATED,E,1,1,0,27,0.01,B ,W ,RT J,BRIDGE T0350,Daylight,Fixed Object,2,,Tue     ,0,0,0,0,0,0,0,0,0,0,0,0,0,0,0,1,0,0,0,0,1,0,0,1,0,36.88653,-89.94567,0,12/03/2019,11:15:00,"CRASH OCCURRED AS VEHICLE 1 RAN OFF THE ROADWAY, STRUCK A CULVERT, AND OVERTURNED."
1113397,3190034052,Missouri State Highway Patrol-Troop E,1575331200000,190701452,1,0,1,0,Personal Injury,DUNKLIN,NON-CITY OR UNINCORPORATED,E,2,2,0,0,0,AT,W ,US 412,MO 164 EJ,Daylight,Motor Vehicle in Transport,1,64,Tue     ,0,0,0,0,0,0,0,0,0,0,0,1,0,0,0,1,0,0,0,0,0,0,0,0,0,36.04636,-90.26942,0,12/03/2019,14:44:00,STATE PROPERTY DAMAGE - CRASH OCCURRED AS VEHICLE ONE FAILED TO YIELD TO VEHICLE TWO AND  STRUCK VEHICLE TWO IN THE DRIVER'S SIDE. VEHICLE TWO THEN TRAVELED OFF THE WEST SIDE OF THE ROADWAY AND STRUCK A TRAFFIC SIGN.  ONE STOP SIGN WAS DAMAGED.
816662,3190033642,Missouri State Highway Patrol-Troop A,1575331200000,190701651,1,0,1,0,Personal Injury,PLATTE,KANSAS CITY,A,2,2,0,601,0.11,B ,N,RP 1039731,BRIDGE A1688,Daylight,Motor Vehicle in Transport,1,61,Tue     ,0,0,0,0,0,0,1,1,0,0,0,0,0,0,0,1,0,0,0,0,0,0,0,0,0,39.18939,-94.61706,0,12/03/2019,16:05:00,CRASH OCCURRED AS VEHICLE #1 WAS BEHIND VEHICLE #2. VEHICLE #2 SLOWED FOR TRAFFIC AND VEHICLE #1 STRUCK VEHICLE #2.
1226043,3190033522,Missouri State Highway Patrol-Troop C,1575331200000,190701808,1,0,1,0,Personal Injury,JEFFERSON,NON-CITY OR UNINCORPORATED,C,1,1,0,591,0.11,B ,E ,CRD EAST FOUR RIDGE RD,PVT GLASS LN,Dark-Unlighted,Fixed Object,2,,Tue     ,0,0,0,0,0,0,0,0,0,0,0,0,0,0,0,1,0,0,0,0,0,0,0,0,0,38.39756,-90.47833,0,12/03/2019,17:28:00,"VEHICLE 1 WAS TRAVELING EASTBOUND ON E FOUR RIDGE RD, TRAVELED OFF THE RIGHT SIDE OF THE ROADWAY, STRUCK A ROAD SIGN AND A TREE."
877814,3190033631,Missouri State Highway Patrol-Troop A,1575331200000,190702271,1,0,1,0,Personal Injury,JACKSON,NON-CITY OR UNINCORPORATED,A,1,1,0,2640,0.5,A ,S ,RT F,CRD JW CUMMINS RD,Dark-Unlighted,Fixed Object,2,,Tue     ,1,0,0,0,0,0,1,0,0,0,0,0,0,0,0,0,0,0,0,0,0,0,0,0,0,38.93993,-94.1326,0,12/03/2019,23:15:00,"CRASH OCCURRED AS VEHICLE 1 TRAVELED OFF THE RIGHT SIDE OF THE ROADWAY, STRUCK AN EMBANKMENT, AND OVERTURNED. ASSISTED BY TPR B W MONTGOMERY /1348/ AND TPR E N WILSON /1417/."
939892,3190033807,Missouri State Highway Patrol-Troop D,1575417600000,190702333,1,0,1,0,Personal Injury,CHRISTIAN,NON-CITY OR UNINCORPORATED,D,1,1,0,0,0,AT,S ,US 65,ERM SOUTH US 65 MILE 314,Dark-Unlighted,Fixed Object,2,,Wed     ,1,0,0,0,0,0,1,0,0,0,0,0,0,0,0,0,0,0,0,0,0,0,0,0,0,36.92543,-93.23671,0,12/04/2019,00:55:00,NR1 RAN OFF THE ROADWAY AND OVERTURNED SEVERAL TIMES DOWN AN EMBANKMENT
1253326,3190033999,Missouri State Highway Patrol-Troop C,1575417600000,190702369,1,0,0,1,Personal Injury,FRANKLIN,NON-CITY OR UNINCORPORATED,C,2,2,0,0,0,AT,N,MO 185,CRD LIBERTY SCHOOL RD,Dark-Unlighted,Motor Vehicle in Transport,1,64,Wed     ,0,0,0,0,0,1,1,0,0,0,0,1,0,0,0,1,0,0,0,0,1,0,0,1,0,38.48918,-91.17347,0,12/04/2019,05:15:00,VEHICLE 1 WAS TRAVELING NORTHBOUND ON MO-185. VEHICLE 2 WAS TRAVELING WESTBOUND ON LIBERTY SCHOOL RD.  VEHICLE 2 FAILED TO STOP AT A STOP SIGN AND TRAVELED INTO THE PATH OF VEHICLE 1.  VEHICLE 1 STRUCK THE LEFT SIDE OF VEHICLE 2. VEHICLE 2 TRAVELED OFF THE LEFT SIDE OF THE ROADWAY STRIKING 3 MAILBOXES.  ASSISTED BY TPR B. MASEK (1333)
846339,3190034260,Missouri State Highway Patrol-Troop A,1575417600000,190702372,1,0,0,1,Personal Injury,JOHNSON,NON-CITY OR UNINCORPORATED,A,1,1,0,2117,0.4,A ,S ,CRD SE 501ST RD,US 50,Dark-Unlighted,Fixed Object,2,,Wed     ,0,0,0,0,0,0,0,1,0,0,0,0,0,0,0,1,0,0,0,0,0,0,0,0,0,38.76723,-93.64996,0,12/04/2019,05:20:00,"CRASH OCCURRED AS VEHICLE 1 WAS TRAVELING NORTHBOUND, CROSSED THE CENTER LINE AND TRAVELED OFF THE LEFT SIDE OF THE ROADWAY. VEHICLE 1 STRUCK A GUARDRAIL AND CONCRETE BRIDGE AND BEGAN TO OVERTURN. VEHICLE 1 CAME TO REST AFTER STRIKING A FENCE OFF THE LEFT SIDE OF THE ROADWAY."
1300280,3190034736,Missouri State Highway Patrol-Troop C,1575417600000,190702500,1,0,1,0,Personal Injury,ST. CHARLES,WENTZVILLE,C,2,2,0,60,0.01,A ,E ,IS 64,ERM EAST IS 64 MILE 02,Daylight,Motor Vehicle in Transport,1,61,Wed     ,,,,,,0,0,0,0,0,0,0,0,0,0,,0,0,,0,0,0,0,0,0,38.80486,-90.83607,0,12/04/2019,07:40:00,THE FRONT OF VEHICLE 1 STRUCK THE REAR OF VEHICLE 2.
1182880,3190034402,Missouri State Highway Patrol-Troop F,1575417600000,190702532,1,0,1,0,Personal Injury,OSAGE,NON-CITY OR UNINCORPORATED,F,2,2,0,1388,0.26,B ,E ,US 50,PVT ANNA LN,Daylight,Motor Vehicle in Transport,1,64,Wed     ,0,0,0,0,0,1,1,1,1,0,0,0,0,0,0,1,0,0,0,0,0,0,0,0,1,38.46365,-91.72459,0,12/04/2019,07:45:00,CRASH OCCURRED AS BOTH VEHICLES WERE HEADING WESTBOUND.   VEHICLE 2 SLOWED TO MAKE A LEFT TURN AND VEHICLE 1 FAILED TO SLOW AND STRUCK DRIVERS SIDE OF VEHICLE 2.
1226071,3190033666,Missouri State Highway Patrol-Troop C,1575417600000,190702557,1,0,1,0,Personal Injury,JEFFERSON,NON-CITY OR UNINCORPORATED,C,2,2,0,802,0.15,A ,W ,RT MM,PVT CALICO LANE,Daylight,Motor Vehicle in Transport,1,61,Wed     ,0,1,0,0,0,0,0,0,0,0,0,0,0,0,0,0,0,0,0,0,1,0,0,1,0,38.40063,-90.55427,0,12/04/2019,08:05:00,VEHICLE 2 SLOWED FOR CONGESTION TRAFFIC AHEAD AND FRONT OF VEHICLE 1 STRUCK REAR OF VEHICLE 2.
1509415,3190033801,Missouri State Highway Patrol-Troop H,1575417600000,190702646,1,0,1,0,Personal Injury,NODAWAY,NON-CITY OR UNINCORPORATED,H,1,1,0,323,0.06,B ,N,MO 113,CRD 250TH STREET,Daylight,Fixed Object,2,,Wed     ,0,0,0,0,0,0,0,0,0,0,0,0,0,0,0,1,0,0,0,0,0,0,0,0,0,0,0,0,12/04/2019,08:30:00,"ACCIDENT OCCURRED AS VEH #1 WAS TRAVELING NORTHBOUND ON MO113. DVR #1 FELL ASLEEP AND VEH #1 TRAVELED OFF THE RIGHT SIDE OF THE ROADWAY, WENT AIRBORNE, AND STRUCK A STREET SIGN. VEH #1 BEGAN TO OVERTURN AND CAME TO REST ON ITS TOP IN A CREEK OFF THE EAST SIDE OF THE ROADWAY. ASSISTED BY NODAWAY COUNTY SHERIFF'S DEPARTMENT."
1296171,3190034390,Missouri State Highway Patrol-Troop C,1575417600000,190702649,1,0,0,1,Personal Injury,ST. LOUIS,NON-CITY OR UNINCORPORATED,C,2,2,0,300,0.06,A ,W ,IS 270,ERM SOUTH IS 270 MILE 156,Daylight,Motor Vehicle in Transport,1,61,Wed     ,0,0,0,0,0,0,0,1,1,0,0,0,0,0,0,1,0,0,0,0,0,1,0,0,0,38.68313,-90.44995,0,12/04/2019,08:44:00,VEHICLE 2 STARTED TO SLOW AND WAS STRUCK IN THE REAR BY VEHICLE 1.
948643,3190034152,Missouri State Highway Patrol-Troop D,1575417600000,190702805,1,0,1,0,Personal Injury,POLK,NON-CITY OR UNINCORPORATED,D,1,1,0,2640,0.5,B ,S ,MO 83,CRD 353RD RD,Daylight,Fixed Object,2,,Wed     ,0,0,0,0,0,0,0,1,1,0,0,0,0,0,0,0,0,0,0,0,0,0,0,0,0,37.75414,-93.45173,0,12/04/2019,10:10:00,"VEHICLE 1 RAN OFF THE RIGHT SIDE OF THE ROADWAY, STRUCK A CULVERT AND OVERTURNED."
1197755,3190034183,Missouri State Highway Patrol-Troop B,1575417600000,190702943,2,0,0,2,Personal Injury,MACON,NON-CITY OR UNINCORPORATED,B,2,2,0,2022,0.38,A ,N,US 63,CRD MAHOGANY ST,Daylight,Motor Vehicle in Transport,1,61,Wed     ,0,0,0,0,0,0,0,0,0,0,0,0,0,0,0,1,0,0,0,0,1,0,0,1,1,39.67803,-92.4658,0,12/04/2019,11:10:00,"02 ESCORTING A SLOW MOVING VEHICLE. 01 STRUCK 02 IN THE REAR. ASSISTED BY CPT WILT 31, SGT BROWN 173, CPL PORTER 782, CPL RITTER 809, CVO TULL W166, MODOT, MACON RURAL FIRE DEPARTMENT, MACON COUNTY RESCUE SQUAD, AND AMBULANCE."
1113396,3190033603,Missouri State Highway Patrol-Troop E,1575417600000,190702949,1,0,1,0,Personal Injury,DUNKLIN,NON-CITY OR UNINCORPORATED,E,1,1,0,1494,0.28,A ,N,RT F,CRD STATE LINE ROAD,Daylight,Fixed Object,2,,Wed     ,0,0,0,0,1,0,1,0,0,0,0,0,0,0,0,1,0,0,0,0,0,1,0,0,0,35.99705,-90.33813,0,12/04/2019,11:08:00,CRASH OCCURRED AS VEHICLE 1 RAN OFF THE RIGHT SIDE OF THE ROADWAY AND STRUCK THE DITCH.
1329838,3190035094,Missouri State Highway Patrol-Troop G,1575417600000,190703063,1,0,0,1,Personal Injury,HOWELL,NON-CITY OR UNINCORPORATED,G,1,1,0,1932,0.37,B ,E ,RT ZZ,CRD 9190,Daylight,Fixed Object,2,,Wed     ,0,0,0,0,1,1,1,0,0,0,0,0,0,0,0,1,0,0,0,0,1,0,0,1,0,36.71194,-91.76431,0,12/04/2019,12:12:00,"VEHICLE FAILED TO NEGOTIATE A CURVE, CROSSED THE CENTER OF THE ROADWAY, TRAVELED OFF THE LEFT SIDE OF THE ROADWAY AND IMPACTED A TREE."
1506524,3190033966,Missouri State Highway Patrol-Troop H,1575417600000,190703109,2,0,2,0,Personal Injury,DEKALB,NON-CITY OR UNINCORPORATED,H,1,1,Y,1500,0.28,B ,N,RT EE,CRD WAMSLEY RD,Daylight,Fixed Object,2,,Wed     ,0,0,0,0,0,0,0,0,0,0,0,0,0,0,0,1,0,0,0,1,0,0,0,0,1,39.81801,-94.23412,0,12/04/2019,10:15:00,ACCIDENT OCCURRED AS VEH #1 WAS NORTHBOUND ON RT-EE. VEH #1 TRAVELED OFF THE EAST SIDE OF THE ROADWAY AND STRUCK A FIELD ENTRANCE. VEH #1 CROSSED THE ROADWAY AND TRAVELED OFF THE WEST SIDE OF THE ROADWAY WHERE IT CAME TO REST ON ITS WHEELS.
1025565,3190033942,Missouri State Highway Patrol-Troop D,1575417600000,190703217,0,1,0,0,Fatal,TANEY,NON-CITY OR UNINCORPORATED,D,1,1,0,1457,0.28,A ,E ,MO 76,CRD BROCKMAN RD,Daylight,Fixed Object,2,,Wed     ,0,0,0,0,1,0,0,0,0,0,0,0,0,0,0,1,0,0,0,0,0,0,0,0,0,36.75915,-93.02265,1,12/04/2019,13:33:00,"LATE DEATH REPORT - THIS IS TROOP D'S 108TH FATALITY FOR 2019 - NEXT OF KIN NOTIFIED - VEHICLE 1 RAN OFF LEFT SIDE OF ROADWAY, WENT THROUGH A FENCE AND OVERTURNED. THE DRIVER WAS EJECTED FROM THE VEHICLE. SUBJECT WAS PRONOUNCED DECEASED BY DR. BRIAN DRAPER WITH MERCY HOSPITAL ON DEC 6, 2019 AT 0800 HOURS."