objectid,accident,agency,inv_date,complaint,injured,killed,min_inj,dis_inj,severity,county,city,troop,no_vehicle,motor_veh,left_scene,dist_feet,dist_mile,inter_loc,direction,on_street,at_street,light_cond,acc_type,on_off_rd,two_veh,day_week,dr_drink,dr_drug,ped_drink,ped_drug,speed,dr_under21,dr_under25,dr_over55,dr_over64,electrical,emer_veh,stop_sign,yield_sign,czone,hazmat,aggressive,cell_phone,texting,veh_defect,school_bus,truck,motorcycle,atv,pickup,cmv,gps_lat,gps_long,severity_fatal,acc_date,acc_time,narrative
1204481,3190033737,Missouri State Highway Patrol-Troop C,1575417600000,190703300,2,0,2,0,Personal Injury,PERRY,NON-CITY OR UNINCORPORATED,C,2,2,0,0,0,AT,S ,RT M,RP 123,Daylight,Motor Vehicle in Transport,1,64,Wed     ,0,0,0,0,0,0,0,0,0,0,0,1,0,0,0,1,0,0,0,0,0,0,0,0,0,37.7833,-89.93936,0,12/04/2019,14:06:00,"VEHICLE 2 WAS TRAVELING WESTBOUND ON ROUTE M. VEHICLE 1 WAS TRAVELING SOUTHBOUND, EXITING INTERSTATE 55 TO ROUTE M. DRIVER 1 FAILED TO YIELD AND TRAVELED INTO THE PATH OF VEHICLE 2. THE FRONT OF VEHICLE 2 STRUCK THE DRIVER SIDE FRONT OF VEHICLE 1."
1320683,3190034227,Missouri State Highway Patrol-Troop G,1575417600000,190703417,1,0,1,0,Personal Injury,TEXAS,NON-CITY OR UNINCORPORATED,G,2,2,0,95,0.02,A ,N,MO 17,CRD BELLS RD,Daylight,Motor Vehicle in Transport,1,62,Wed     ,0,0,0,0,0,0,0,1,1,0,0,0,0,0,0,0,0,0,0,0,1,0,0,1,0,37.13778,-91.66315,0,12/04/2019,15:00:00,"OCCURRED AS THE DRIVER OF VEHICLE ONE EXPERIENCED A MEDICAL ISSUE AND TRAVELED INTO THE NORTHBOUND LANE, STRIKING VEHICLE TWO."
1301276,3190034366,Missouri State Highway Patrol-Troop C,1575417600000,190703467,1,0,1,0,Personal Injury,ST. CHARLES,NON-CITY OR UNINCORPORATED,C,2,2,0,10,0,B ,S ,US 61,RT W,Daylight,Motor Vehicle in Transport,1,64,Wed     ,0,0,0,0,0,0,0,0,0,0,0,1,0,0,0,1,0,0,0,0,1,0,0,0,1,38.87569,-90.90825,0,12/04/2019,15:10:00,VEHICLE 2 FAILED TO YIELD TO ONCOMING TRAFFIC. VEHICLE 1 STRUCK VEHICLE 2 IN THE  REAR AND VEHICLE 2 TOWED UNIT.
1169101,3190033665,Missouri State Highway Patrol-Troop F,1575417600000,190703514,1,0,1,0,Personal Injury,MONITEAU,NON-CITY OR UNINCORPORATED,F,1,1,0,3168,0.6,B ,N,MO 87,CRD GIER RD,Daylight,Fixed Object,2,,Wed     ,0,0,0,0,1,0,1,0,0,0,0,0,0,0,0,1,0,0,0,0,1,0,0,1,0,38.46506,-92.55888,0,12/04/2019,15:27:00,"CRASH OCCURRED AS VEHICLE 1 OVER CORRECTEED, TRAVELED OFF ROADWAY AND STRUCK A FENCE"
864922,3190033680,Missouri State Highway Patrol-Troop A,1575417600000,190703729,2,0,2,0,Personal Injury,PETTIS,NON-CITY OR UNINCORPORATED,A,1,1,0,12,0,A ,N,RT H,BRIDGE W0535,Daylight,Fixed Object,2,,Wed     ,0,0,0,0,0,0,0,1,0,0,0,0,0,0,0,0,0,0,0,0,0,0,0,0,0,38.74237,-93.23768,0,12/04/2019,17:00:00,CRASH OCCURRED AS DRIVER 1 SWERVED TO AVOID A DEER IN THE ROADWAY AND STRUCK A BRIDGE RAIL. ASSISTED BY TPR W. C. GROSE /280/ AND PETTIS COUNTY SHERIFF'S DEPARTMENT.
1175821,3190033838,Missouri State Highway Patrol-Troop B,1575417600000,190703776,1,0,1,0,Personal Injury,CLARK,NON-CITY OR UNINCORPORATED,B,2,2,0,2317,0.44,A ,S ,US 61,BRIDGE A4625,Dark-Unlighted,Motor Vehicle in Transport,1,61,Wed     ,0,0,0,0,0,0,0,1,0,0,0,0,0,0,0,1,0,0,0,0,0,0,0,0,0,40.38029,-91.44174,0,12/04/2019,17:24:00,01 AND 02 SOUTHBOUND. 02 SLOWED TO TURN AND 01 STRUCK 02 IN THE REAR.  ASSISTED BY CLARK COUNTY SHERIFFS DEPARTMENT AND FIRST RESPONDERS.
1249242,3190036526,Missouri State Highway Patrol-Troop C,1575417600000,190703910,1,1,1,0,Fatal,STE. GENEVIEVE,NON-CITY OR UNINCORPORATED,C,2,2,0,95,0.02,A ,N,US 61,CRD ZERWIG RD,Dark-Unlighted,Motor Vehicle in Transport,1,60,Wed     ,0,0,0,0,0,1,1,0,0,0,0,0,0,0,0,1,0,0,0,0,0,1,0,0,0,38.00679,-90.20228,1,12/04/2019,18:12:00,"FATALITY REPORT - VEHICLE 1 WAS TRAVELING NORTHBOUND ON US-61. VEHICLE 2 WAS TRAVELING SOUTHBOUND ON US-61. DRIVER 2 CROSSED THE CENTER LINE AND VEHICLE 2 STRUCK VEHICLE 1 HEAD ON, EJECTING DRIVER 2. DRIVER 2 FATALITY PRONOUNCED ON THE SCENE AT 1838 HOURS BY STE. GENEVIEVE COUNTY CORONER: ERIC BASLER. ASSISTED BY TPR. C. J. JENKINS (904), MSGT. W. B. SEVIER (1229), MSGT. C. M.. ARBUTHNOT (694), AND CPL. C. W. BONE (230)."
1276683,3190035400,Missouri State Highway Patrol-Troop C,1575417600000,190704004,2,0,2,0,Personal Injury,ST. CHARLES,WELDON SPRING,C,2,2,0,0,0,AT,E ,MO 94,CST WOLFRUM RD,Dark-Lighted,Motor Vehicle in Transport,1,64,Wed     ,0,0,0,0,0,0,0,1,1,1,0,0,0,0,0,1,0,0,0,0,1,0,0,1,0,38.7276,-90.64418,0,12/04/2019,19:16:00,VEHICLE 1 WAS TRAVELING EASTBOUND ON MISSOURI 94.  VEHICLE 2 WAS TRAVELING NORTHBOUND ON WOLFRUM ROAD. DRIVER 1 FAILED TO STOP FOR A STEADY RED ELECTRIC SIGNAL AND TRAVELED INTO THE PATH OF VEHICLE 2. THE FRONT OF VEHICLE 2 STRUCK THE DRIVER SIDE OF VEHICLE 1.
1212117,3190033644,Missouri State Highway Patrol-Troop F,1575417600000,190704199,1,0,1,0,Personal Injury,COLE,NON-CITY OR UNINCORPORATED,F,1,1,0,279,0.05,B ,W ,US 54,CO US54E TO US54W,Dark-Unlighted,Fixed Object,2,,Wed     ,0,0,0,0,0,0,0,0,0,0,0,0,0,0,0,0,0,0,1,0,0,0,0,0,0,38.52149,-92.2304,0,12/04/2019,22:10:00,"CRASH OCCURRED AS VEHICLE 1 TRAVELED OFF OF THE RIGHT SIDE OF THE ROADWAY, COLLIDED WITH A ROAD SIGN AND THEN AN EMBANKMENT.  ASSISTED BY SGT. A. R. SULLIVAN (621)."
1152257,3190033473,Missouri State Highway Patrol-Troop E,1575417600000,190704223,1,0,1,0,Personal Injury,STODDARD,NON-CITY OR UNINCORPORATED,E,1,1,0,69,0.01,A ,W ,CRD LIGHTHOUSE DRIVE,CRD 717,Dark-Unlighted,Fixed Object,2,,Wed     ,0,0,0,0,0,0,0,0,0,0,0,0,0,0,0,1,0,0,0,0,0,0,0,0,0,36.81358,-89.9325,0,12/04/2019,22:30:00,VEH1 RAN OFF THE ROADWAY AND STRUCK A TREE.
1141539,3190033650,Missouri State Highway Patrol-Troop E,1575504000000,190704350,1,0,0,1,Personal Injury,BUTLER,NON-CITY OR UNINCORPORATED,E,1,1,0,2640,0.5,A ,N,RT AA,CRD 621,Dark-Unlighted,Fixed Object,2,,Thu     ,,,,,,0,0,0,0,0,0,0,0,0,0,,0,0,,0,0,1,0,0,0,36.70623,-90.30752,0,12/05/2019,04:55:00,CRASH OCCURRED AS VEHICLE ONE RAN OFF THE LEFT SIDE OF THE ROADWAY AND STRUCK A DITCH
888056,3190034048,Missouri State Highway Patrol-Troop A,1575504000000,190704751,1,0,1,0,Personal Injury,RAY,NON-CITY OR UNINCORPORATED,A,1,1,0,950,0.18,B ,W ,MO 10,CRD YOUNG RD,Daylight,Fixed Object,2,,Thu     ,0,0,0,0,1,0,0,0,0,0,0,0,0,0,0,1,0,0,0,0,0,0,0,0,0,39.27965,-93.86823,0,12/05/2019,09:30:00,"CRASH OCCURRED AS VEHICLE 1 TRAVELED OFF THE RIGHT SIDE OF THE ROADWAY, THE DRIVER OVERCORRECTED CAUSING VEHICLE TO LEAVE THE LEFT SIDE OF THE ROADWAY. THE VEHICLE ROLLED BEFORE COMING TO REST ON IT'S WHEELS."
1226073,3190034147,Missouri State Highway Patrol-Troop C,1575504000000,190705029,1,0,1,0,Personal Injury,JEFFERSON,NON-CITY OR UNINCORPORATED,C,1,1,0,211,0.04,A ,S ,CRD HILLSBORO HOUSE SPRINGS RD,PVT GOLDEN RIDGE LN,Daylight,Fixed Object,2,,Thu     ,0,0,0,0,1,1,1,0,0,0,0,0,0,0,0,1,0,0,0,0,0,0,0,0,0,38.25393,-90.5668,0,12/05/2019,11:30:00,"VEHICLE 1 FAILED TO NEGOTIATE A CURVE IN THE ROADWAY. DRIVER 1 OVERCORRECTED, TRAVELED OFF THE LEFT SIDE OF THE ROADWAY AND STRUCK A TREE. ASSISTED BY TPR. R.P. MAHONEY (938) AND TPR. D.A. NORTON (364)"
1504742,3190034083,Missouri State Highway Patrol-Troop H,1575504000000,190705036,1,0,1,0,Personal Injury,DAVIESS,NON-CITY OR UNINCORPORATED,H,2,2,0,21,0,B ,N,US 69,CRD VOW AVE,Daylight,Motor Vehicle in Transport,1,61,Thu     ,0,0,0,0,0,0,0,1,0,0,0,0,0,0,0,1,0,0,0,0,1,0,0,1,0,39.82133,-94.19748,0,12/05/2019,11:35:00,CRASH OCCURRED AS VEH#1 AND VEH#2 WERE NORTHBOUND ON US-69. VEH#2 SLOWED TO MAKE A LEFT HAND TURN AND VEH#1 STRUCK VEH#2 IN THE REAR. VEH#2 OVERTURNED AND CAME TO REST ON ITS TOP OFF THE WEST SIDE OF THE ROADWAY FACING SOUTH. VEH#1 CAME TO REST IN THE ROADWAY FACING NORTH. ASSISTED BY DAVIESS COUNTY SHERIFF'S DEPARTMENT AND DAVIESS COUNTY EMS.
846373,3190035621,Missouri State Highway Patrol-Troop A,1575504000000,190705276,3,0,3,0,Personal Injury,JOHNSON,NON-CITY OR UNINCORPORATED,A,2,2,0,25,0,A ,S ,MO 131,CRD SW 200 RD,Daylight,Motor Vehicle in Transport,1,61,Thu     ,0,0,0,0,0,0,1,0,0,0,0,0,0,0,0,1,0,0,0,0,1,0,0,0,1,38.74026,-93.99227,0,12/05/2019,13:35:00,CRASH OCCURRED AS VEHICLE #2 WAS ATTEMPTING TO NAVIGATE A LEFT TURN. VEHICLE #1 FAILED TO SLOW AND STRUCK THE REAR OF VEHICLE #2. ASSISTED BY JOHNSON COUNTY SHERIFFS OFFICE
861901,3190033639,Missouri State Highway Patrol-Troop A,1575504000000,190705864,1,0,1,0,Personal Injury,LAFAYETTE,NON-CITY OR UNINCORPORATED,A,1,1,0,2117,0.4,B ,W ,CRD VARNER RD,CRD KITE RD,Daylight,Fixed Object,2,,Thu     ,0,0,0,0,1,1,1,0,0,0,0,0,0,0,0,1,0,0,0,0,0,0,0,0,0,38.96306,-93.98237,0,12/05/2019,17:25:00,CRASH OCCURRED AS VEHICLE 1 WAS TRAVELING SOUTHBOUND ON VARNER ROAD.  DRIVER 1 RAN OFF THE LEFT SIDE OF THE ROAD OVER CORRECTED RAN OFF THE RIGHT SIDE OF THE ROAD STRUCK AN EMBANKMENT AND OVER TURNED COMING TO REST ON ITS TOP.
1253348,3190034036,Missouri State Highway Patrol-Troop C,1575504000000,190705908,1,0,1,0,Personal Injury,FRANKLIN,NON-CITY OR UNINCORPORATED,C,2,2,0,0,0,AT,E ,MO 100,CRD BOEUF CREEK RD,Dark-Unlighted,Motor Vehicle in Transport,1,60,Thu     ,0,0,0,0,0,0,0,1,1,0,0,1,0,0,0,1,0,0,0,0,1,0,0,1,0,38.58908,-91.1716,0,12/05/2019,17:40:00,VEHICLE 1 WAS MAKING A LEFT TURN ONTO WESTBOUND MO-100 FROM BOEUF CREEK ROAD. VEHICLE 2 WAS TRAVELING EASTBOUND ON MO-100. DRIVER #1 FAILED TO YIELD TO VEHICLE 2 AND TRAVELED INTO THE INTERSECTION. THE FRONT  OF VEHICLE 1 STRUCK THE FRONT OF VEHICLE 2 COLLIDED AND BOTH VEHICLES CAME TO REST IN THE ROADWAY.
1169095,3190034301,Missouri State Highway Patrol-Troop F,1575504000000,190706003,2,0,0,2,Personal Injury,MONITEAU,NON-CITY OR UNINCORPORATED,F,2,2,0,3168,0.6,B ,S ,MO 179,RT P,Dark-Unlighted,Motor Vehicle in Transport,1,60,Thu     ,0,0,0,0,0,0,0,1,0,0,0,0,0,0,0,1,0,0,0,0,0,0,0,0,0,38.83089,-92.50943,0,12/05/2019,18:17:00,"OCCURRED AS VEHICLE 1 CROSSED THE CENTER OF THE ROADWAY THEN TRAVELED BACK INTO IT'S LANE OF TRAFFIC.  AT THE SAME TIME, VEHICLE 2 TRAVELED TO THE LEFT INTO VEHICLE 1'S LANE OF TRAFFIC. BOTH VEHICLES THEN STRUCK HEAD ON ."
1212243,3190033806,Missouri State Highway Patrol-Troop C,1575504000000,190706133,2,0,2,0,Personal Injury,WASHINGTON,NON-CITY OR UNINCORPORATED,C,1,1,0,1605,0.3,B ,N,MO 21,CRD MILLER RD,Dark-Unlighted,Fixed Object,2,,Thu     ,0,0,0,0,0,0,0,0,0,0,0,0,0,0,0,0,0,0,0,0,0,0,0,0,0,37.95917,-90.76479,0,12/05/2019,19:55:00,VEHICLE 1 TRAVELED OFF THE RIGHT ROAD EDGE. DRIVER 1 OVERCORRECTED. VEHICLE 1 TRAVELED OFF THE LEFT ROAD EDGE AND STRUCK A TREE.
861900,3190035728,Missouri State Highway Patrol-Troop A,1575504000000,190706365,0,1,0,0,Fatal,LAFAYETTE,NON-CITY OR UNINCORPORATED,A,2,2,0,411,0.08,B ,E ,IS 70,ERM EAST IS 70 MILE 448,Dark-Unlighted,Parked Motor Vehicle,2,63,Thu     ,0,0,0,0,0,0,0,0,0,0,0,0,0,0,0,1,0,0,0,0,0,0,0,0,1,39.00291,-93.81901,1,12/05/2019,23:05:00,"***FATAL CRASH*** NEXT OF KIN NOTIFIED***TROOP A FATAL CRASH #60 AND FATALITY #66 FOR 2019*** CRASH OCCURRED AS VEHICLE 1 TRAVELED ONTO THE SHOULDER AND STRUCK UNOCCUPIED VEHICLE 2 . VEHICLE 1 THEN TRAVELED OFF THE ROADWAY, DOWN AN EMBANKMENT, AND OVERTURNED. SUBJECT WAS PRONOUNCED ON SCENE AT 0140 BY LAFAYETTE COUNTY DEPUTY S. CROSSON /154/. ASSISTED BY TPR. M.J. OWENS /488/."
1161434,3190036862,Missouri State Highway Patrol-Troop F,1575590400000,190706434,0,1,0,0,Fatal,BOONE,COLUMBIA,F,1,1,0,180,0.03,B ,S ,MO 163,CST LOCUST ST,Dark-Lighted,Fixed Object,2,,Fri     ,0,0,0,0,1,1,1,0,0,0,0,0,0,0,0,1,0,0,0,0,0,0,0,0,0,38.95003,-92.33414,1,12/06/2019,01:57:00,"***FATALITY ACCIDENT***NEXT OF KIN NOTIFIED***  OCCURRED AS VEHICLE 1 TRAVELED OFF THE RIGHT SIDE OF THE ROADWAY, STRUCK A UTILITY POLE AND OVERTURNED.  PRONOUNCED DECEASED AT 0157 BY MEDICAL EXAMINER DORI BURKE AT THE SCENE.  THIS IS TROOP F'S 1ST FATALITY FOR DECEMBER AND 56TH FOR 2019."
1205730,3190033720,Missouri State Highway Patrol-Troop F,1575590400000,190706446,4,0,4,0,Personal Injury,MILLER,NON-CITY OR UNINCORPORATED,F,1,1,0,1705,0.32,B ,W ,CRD COTTON RD,PVT BARNHART DR,Dark-Unlighted,Fixed Object,2,,Fri     ,0,0,0,0,1,0,1,0,0,0,0,0,0,0,0,1,0,0,0,0,0,0,0,0,0,38.23023,-92.63548,0,12/06/2019,02:52:00,"VEHICLE INVOLVED IN PURSUIT WITH MILLER COUNTY, DRIVER LOST CONTROL OF VEHICLE, TRAVELED OFF THE LEFT SIDE OF THE ROADWAY OVERTURNED AND LANDED ON ITS TOP.  ASSISTED BY MILLER COUNTY SHERIFF'S DEPARTMENT"
1014022,3190033660,Missouri State Highway Patrol-Troop D,1575590400000,190706461,1,0,1,0,Personal Injury,VERNON,NON-CITY OR UNINCORPORATED,D,1,1,0,42,0.01,B ,S ,IS 49,CRD INDIAN LINE RD,Dark-Unlighted,Fixed Object,2,,Fri     ,0,0,0,0,0,0,0,0,0,0,0,0,0,0,0,0,0,0,0,0,0,0,0,0,1,37.92475,-94.36624,0,12/06/2019,03:40:00,"ACCIDENT OCCURRED AS VEHICLE #1 TRAVELED OFF OF THE LEFT SIDE OF THE ROADWAY AND STRUCK A GUARDRAIL,"
1226078,3190033972,Missouri State Highway Patrol-Troop C,1575590400000,190706478,1,0,1,0,Personal Injury,JEFFERSON,NON-CITY OR UNINCORPORATED,C,2,2,0,5,0,B ,N,PVT CATLIN RD,RT M,Dark-Lighted,Motor Vehicle in Transport,1,61,Fri     ,0,0,0,0,0,0,0,1,1,0,0,0,1,0,0,1,0,0,0,0,1,0,0,1,0,38.34942,-90.40355,0,12/06/2019,05:42:00,VEHICLE #1 STRUCK THE REAR OF VEHICLE #2.
1038389,3190034205,Missouri State Highway Patrol-Troop I,1575590400000,190706502,1,0,1,0,Personal Injury,MARIES,NON-CITY OR UNINCORPORATED,I,1,1,0,314,0.06,A ,E ,RT E,MO 28,Dark-Unlighted,Fixed Object,2,,Fri     ,0,0,0,0,0,0,0,0,0,0,0,0,0,0,0,0,0,0,0,0,0,0,0,0,0,38.05392,-92.03143,0,12/06/2019,06:05:00,CRASH OCCURRED AS VEHICLE 1 CROSSED  THE CENTERLINE  AND TRAVELED OFF OF THE  LEFT SIDE OF THE ROADWAY STRIKING AN ELECTRICAL POLE AND OVERTURNED.
1328691,3190034872,Missouri State Highway Patrol-Troop G,1575590400000,190706955,3,1,0,3,Fatal,OREGON,NON-CITY OR UNINCORPORATED,G,2,2,0,1562,0.3,A ,S ,MO 19,CRD 306,Daylight,Motor Vehicle in Transport,1,60,Fri     ,0,0,0,0,0,0,1,0,0,0,0,0,0,0,0,1,0,0,0,0,0,0,0,0,0,36.6576,-91.44487,1,12/06/2019,10:40:00,""" FATALITY ACCIDENT""  ""NEXT OF KIN NOTIFIED"" ACCIDENT OCCURRED AS VEHICLE ONE AND VEHICLE TWO MET NEAR THE CENTER LINE AND BOTH VEHICLES STRUCK HEAD ON. DRIVER TWO WAS PRONOUNCED DECEASED AT 1105 HOURS BY OREGON COUNTY CORONER TOM CLARY AT THE ACCIDENT SCENE. BODY WAS TAKEN TO CLARY FUNERAL HOME IN ALTON, MO. TROOP G FATALITY ACCIDENT #40 FOR 2019 COMPARED TO 36 THIS SAME TIME PERIOD IN 2018. ASSISTED BY MSGT. W. W. WIEDEMANN (696), FIRE MARSHALL R. STERNER (1473), THE ALTON POLICE DEPARTMENT, THE OREGON COUNTY SHERIFF'S DEPARTMENT, OREGON COUNTY FIRE DEPARTMENTS, AND MODOT."
1253346,3190033991,Missouri State Highway Patrol-Troop C,1575590400000,190707150,1,0,1,0,Personal Injury,FRANKLIN,NON-CITY OR UNINCORPORATED,C,2,2,0,660,0.12,A ,W ,US 50,CRD OLD STATE RD,Daylight,Motor Vehicle in Transport,1,64,Fri     ,0,0,0,0,0,0,1,1,0,0,0,0,0,0,0,1,0,0,0,0,0,0,0,0,0,38.43251,-91.10383,0,12/06/2019,12:25:00,VEHICLE 2 WAS ATTEMPTING A LEFT HAND TURN FROM A PRIVATE DRIVE.  VEHICLE 2 PULLED INTO THE PATH OF VEHICLE 1 CAUSING THE FRONT OF VEHICLE 1 TO STRIKE THE SIDE OF VEHICLE 2.
885467,3190034474,Missouri State Highway Patrol-Troop A,1575590400000,190707209,2,0,2,0,Personal Injury,CASS,NON-CITY OR UNINCORPORATED,A,2,2,0,1288,0.24,A ,S ,RT D,CRD 183RD ST,Daylight,Motor Vehicle in Transport,1,60,Fri     ,0,0,0,0,0,0,0,1,1,0,0,0,0,0,0,1,0,0,1,0,1,0,0,1,0,38.79243,-94.58708,0,12/06/2019,12:55:00,CRASH OCCURRED AS VEH1 CROSSED THE CENTER OF THE ROADWAY.  VEHICLE2 WAS SIDESWIPED BY VEH1.  BOTH VEHICLES RAN OFF THE LEFT SIDE OF THE ROADWAY.
1303601,3190036146,Missouri State Highway Patrol-Troop C,1575590400000,190707371,1,0,0,1,Personal Injury,ST. LOUIS,NORMANDY,C,4,4,0,274,0.05,B ,W ,IS 70,ERM WEST IS 70 MILE 2408,Daylight,Motor Vehicle in Transport,1,64,Fri     ,0,0,0,0,0,0,0,1,1,0,0,0,0,0,0,1,0,0,0,0,1,0,0,0,1,38.71897,-90.30064,0,12/06/2019,13:50:00,"VEHICLES 1,2 AND 4 WERE TRAVELING IN LANE 1. VEHICLE 3 WAS TRAVELING IN LANE 2. VEHICLE 1 FAILED TO SLOW FOR TRAFFIC AHEAD. THE FRONT OF VEHICLE 1 STRUCK THE REAR OF VEHICLE 2. VEHICLE 1 CONTINUED WEST AND THE FRONT OF VEHICLE 1 STRUCK THE LEFT REAR OF VEHICLE 3'S TOWED UNIT. THE IMPACTS CAUSED THE FRONT RIGHT OF VEHICLE 2 STRUCK THE REAR OF VEHICLE 4."
1178256,3190034016,Missouri State Highway Patrol-Troop F,1575590400000,190707621,3,0,3,0,Personal Injury,CAMDEN,NON-CITY OR UNINCORPORATED,F,1,1,0,1879,0.36,B ,N,CRD POSSUM HOLLOW DR,PVT BYRON CIR SJ,Daylight,Fixed Object,2,,Fri     ,0,0,0,0,1,1,1,0,0,0,0,0,0,0,0,1,0,0,0,0,0,0,0,0,0,38.03207,-92.75644,0,12/06/2019,16:00:00,"OCCURRED AS VEHICLE 1 FAILED TO NEGOTIATE A CURVE, TRAVELED OFF THE RIGHT SIDE OF THE ROAD STRIKING A DITCH AND OVERTURNING."
1145199,3190033901,Missouri State Highway Patrol-Troop E,1575590400000,190707646,2,0,2,0,Personal Injury,NEW MADRID,NON-CITY OR UNINCORPORATED,E,2,2,0,0,0,AT,E ,US 60,RT E,Daylight,Motor Vehicle in Transport,1,64,Fri     ,0,0,0,0,0,0,0,1,1,1,0,0,0,0,0,0,0,0,0,0,1,0,0,1,0,36.84034,-89.68625,0,12/06/2019,16:15:00,CRASH OCCURRED AS VEH 1 WAS STOPPED IN THE RIGHT LANE ATTEMPTING TO MAKE A LEFT TURN AND STRUCK VEH 2.
1296166,3190036563,Missouri State Highway Patrol-Troop C,1575590400000,190707804,2,0,2,0,Personal Injury,ST. LOUIS,NON-CITY OR UNINCORPORATED,C,5,5,0,0,0,AT,E ,IS 70,ERM EAST IS 70 MILE 2316,Dark-Lighted,Motor Vehicle in Transport,1,61,Fri     ,0,0,0,0,1,1,1,0,0,0,0,0,0,0,0,1,0,0,0,0,1,0,0,1,0,38.75564,-90.45915,0,12/06/2019,17:15:00,"ALL VEHICLES WERE TRAVELING EASTBOUND ON I-70. VEHICLE 1 WAS TRAVELING IN LANE 1. DRIVER 1 FAILED TO OBSERVED STOPPED TRAFFIC AHEAD AND THE FRONT OF VEHICLE 1 STRUCK THE REAR OF VEHICLE 2. THE FORCE CAUSED THE FRONT OF VEHICLE 2 TO STRIKE THE REAR OF 3. VEHICLE 2 THEN TRAVELED OFF THE LEFT SIDE OF THE ROAD AND STRUCK THE CONCRETE TRAFFIC BARRIER. THE FORCE CAUSED THE FRONT OF VEHICLE 3 TO STRIKE THE REAR OF VEHICLE 4, VEHICLE 3 THEN TRAVELED OFF THE RIGHT SIDE OF THE ROADWAY AND STRIKE THE CONCRETE TRAFFIC BARRIER. THE FORCE CAUSED THE FRONT OF VEHICLE 4 TO STRIKE THE REAR OF VEHICLE 5. ASSISTED BY TPR A. D. BAKER (151)"
846375,3190034968,Missouri State Highway Patrol-Troop A,1575590400000,190707809,3,0,1,2,Personal Injury,JOHNSON,NON-CITY OR UNINCORPORATED,A,2,2,0,0,0,AT,W ,US 50,RT Z,Dark-Lighted,Motor Vehicle in Transport,1,64,Fri     ,0,0,0,0,0,0,1,1,1,0,0,1,0,0,0,1,0,0,0,0,1,0,0,1,0,38.86843,-94.05962,0,12/06/2019,17:20:00,CRASH OCCURRED AS DRIVER 2 FAILED TO YIELD TO VEHICLE 1 AS HE ATTEMPTED TO CROSS THE WESTBOUND LANES OF US 50 HIGHWAY.  VEHICLE 2 ENTERED THE PATH OF VEHICLE 1 AND WAS STRUCK IN THE SIDE. ASSISTED BY JOHNSON COUNTY SHERIFFS OFFICE
1224341,3190033888,Missouri State Highway Patrol-Troop C,1575590400000,190707825,2,0,1,1,Personal Injury,JEFFERSON,NON-CITY OR UNINCORPORATED,C,2,2,0,0,0,AT,S ,US 67,CRD PAPIN RD,Dark-Unlighted,Motor Vehicle in Transport,1,64,Fri     ,0,0,0,0,0,0,0,1,1,0,0,1,0,0,0,1,0,0,0,0,1,0,0,1,0,38.06631,-90.48689,0,12/06/2019,17:24:00,"VEHICLE #1 WAS TRAVELING SOUTH IN THE RIGHT LANE OF US 67 AND VEHICLE #2 WAS ON EASTBOUND PAPIN ROAD, PREPARING TO CROSS SOUTHBOUND US 67.  VEHICLE #2 FAILED TO YIELD TO VEHICLE #1, TRAVELING INTO ITS PATH.  THE FRONT OF VEHICLE #1 STRUCK THE LEFT SIDE OF VEHICLE #2."
1288996,3190034242,Missouri State Highway Patrol-Troop C,1575590400000,190707842,2,0,0,2,Personal Injury,PIKE,NON-CITY OR UNINCORPORATED,C,2,2,0,1742,0.33,B ,E ,US 54,CRD 41,Dark-Unlighted,Motor Vehicle in Transport,1,61,Fri     ,0,0,0,0,1,0,0,1,0,0,0,0,0,0,0,1,0,0,0,0,1,0,0,1,0,39.34437,-91.26206,0,12/06/2019,17:35:00,VEHICLE 1 WAS TRAVELING EAST ON HIGHWAY 54 AND WAS NOT DISPLAYING PROPER LIGHTING. VEHICLE 2 WAS FOLLOWING VEHICLE 1 AND COULD NOT SEE THE TOWED UNIT. THE FRONT OF VEHICLE 2 STRUCK THE REAR OF VEHICLE 1'S TOWED UNIT. VEHICLE 1 OVERTURNED AND VEHICLE 2 TRAVELED OFF THE RIGHT SIDE OF THE ROADWAY.
1114569,3190033900,Missouri State Highway Patrol-Troop E,1575590400000,190707857,1,0,0,1,Personal Injury,MISSISSIPPI,NON-CITY OR UNINCORPORATED,E,1,1,0,475,0.09,B ,N,MO 77,RT Y,Dark-Unlighted,Pedestrian,1,,Fri     ,0,0,0,1,0,0,0,0,0,0,0,0,0,0,0,0,0,0,0,0,0,0,0,0,0,36.92019,-89.22527,0,12/06/2019,17:40:00,CRASH OCCURRED AS VEH 1 STRUCK PEDISTRIAN STANDING IN THE ROADWAY.
1286058,3190034617,Missouri State Highway Patrol-Troop C,1575590400000,190707891,1,0,0,1,Personal Injury,ST. FRANCOIS,NON-CITY OR UNINCORPORATED,C,1,1,0,269,0.05,A ,N,MO 47,PVT YODER LN,Dark-Unlighted,Pedestrian,1,,Fri     ,0,0,0,1,0,0,0,0,0,0,0,0,0,0,0,0,0,0,0,0,0,0,0,0,0,37.93123,-90.57283,0,12/06/2019,17:58:00,VEHICLE 1 STRUCK A PEDESTRIAN THAT WAS STANDING IN THE WESTBOUND LANE. ASSISTED BY  MSGT D F ISRINGHAUSEN (1335).
1282245,3190034378,Missouri State Highway Patrol-Troop C,1575590400000,190708144,2,0,2,0,Personal Injury,ST. CHARLES,O'FALLON,C,1,1,0,952,0.18,B ,S ,MO 79,CST T R HUGHES BLVD,Dark-Unlighted,Fixed Object,2,,Fri     ,0,0,0,0,0,0,0,0,0,0,0,0,0,0,0,1,0,0,0,0,0,0,0,0,0,38.8266,-90.66665,0,12/06/2019,19:40:00,VEHICLE 1 WAS TRAVELING NORTHBOUND ON HIGHWAY 79. DRIVER 1 SWERVED TO AVOID AN ONCOMING VEHICLE. VEHICLE 1 EXITED THE ROADWAY TO THE LEFT AND STRUCK A CULVERT.