objectid,accident,agency,inv_date,complaint,injured,killed,min_inj,dis_inj,severity,county,city,troop,no_vehicle,motor_veh,left_scene,dist_feet,dist_mile,inter_loc,direction,on_street,at_street,light_cond,acc_type,on_off_rd,two_veh,day_week,dr_drink,dr_drug,ped_drink,ped_drug,speed,dr_under21,dr_under25,dr_over55,dr_over64,electrical,emer_veh,stop_sign,yield_sign,czone,hazmat,aggressive,cell_phone,texting,veh_defect,school_bus,truck,motorcycle,atv,pickup,cmv,gps_lat,gps_long,severity_fatal,acc_date,acc_time,narrative
1145198,3190033706,Missouri State Highway Patrol-Troop E,1575590400000,190708198,1,0,1,0,Personal Injury,NEW MADRID,NON-CITY OR UNINCORPORATED,E,1,1,0,1346,0.25,A ,N,CRD 725,RT U,Dark-Lighted,Fixed Object,2,,Fri     ,0,0,0,0,0,1,1,0,0,0,0,0,0,0,0,0,1,0,0,0,0,0,0,0,0,36.63142,-89.52014,0,12/06/2019,20:43:00,CRASH OCCURRED AS VEH 1 RAN OFF THE ROADWAY AND OVERTURNED.
1178260,3190034015,Missouri State Highway Patrol-Troop F,1575590400000,190708285,1,0,0,1,Personal Injury,CAMDEN,NON-CITY OR UNINCORPORATED,F,1,1,0,63,0.01,A ,S ,MO 5,CRD HARVEST RD,Dark-Unlighted,Overturn,2,,Fri     ,0,0,0,0,1,0,1,0,0,0,0,0,0,0,0,1,0,0,0,0,1,0,0,1,0,38.06936,-92.80032,0,12/06/2019,21:48:00,"OCCURRED AS VEHICLE 1 TRAVELED OFF THE RIGHT SIDE OF THE ROADWAY, BEGAN SKIDDING AND SLIDING AND OVERTURNED. VEHICLE 1 RETURNED TO ROADWAY, TRAVELED A SHORT DISTANCE AND EJECTED DRIVER 1.  ASSISTED BY TPR. M. P. ACORD (170), SGT. J. E. LOWARY (466) AND TPR. M. H. MISTLER (871)"
1286059,3190034656,Missouri State Highway Patrol-Troop C,1575590400000,190708386,1,0,1,0,Personal Injury,ST. FRANCOIS,NON-CITY OR UNINCORPORATED,C,2,2,0,269,0.05,A ,S ,US 67,CRD SHANNON RD,Dark-Unlighted,Motor Vehicle in Transport,1,61,Fri     ,0,0,0,0,0,1,1,0,0,0,0,0,0,0,0,1,0,0,0,0,0,0,0,0,0,37.99735,-90.51082,0,12/06/2019,22:38:00,VEHICLE 1 TURNED ONTO SOUTHBOUND 67.  VEHICLE 2 WAS TRAVELING ON SOUTHBOUND 67 IN THE LEFT LANE.  VEHICLE 2 STRUCK THE REAR OF VEHICLE 1.
1020367,3190034659,Missouri State Highway Patrol-Troop D,1575590400000,190708444,0,1,0,0,Fatal,HICKORY,NON-CITY OR UNINCORPORATED,D,1,1,0,174,0.03,B ,E ,CRD 220,CRD 232,Dark-Unlighted,Fixed Object,2,,Fri     ,0,0,0,0,1,0,0,0,0,0,0,0,0,0,0,1,0,0,0,0,0,0,0,0,0,37.90636,-93.28416,1,12/06/2019,22:50:00,"FATALITY TRAFFIC CRASH - NEXT OF KIN NOTIFIED - THIS IS TROOP D'S 107TH FATALITY FOR 2019 - VEHICLE 1 RAN OFF THE ROADWAY, STRUCK A DITCH AND OVERTURNED SEVERAL TIMES EJECTING THE DRIVER.  SUBJECT PRONOUNCED DECEASED AT 2347 HOURS BY HICKORY COUNTY CORONER CONNIE BOLLER.  ASSISTED BY TPR. R.T. BURGETT #252"
939891,3190033911,Missouri State Highway Patrol-Troop D,1575676800000,190708515,1,0,0,1,Personal Injury,CHRISTIAN,NON-CITY OR UNINCORPORATED,D,1,1,0,81,0.02,B ,E ,CRD MUELER RD,CRD LAUREL RD,Dark-Unlighted,Fixed Object,2,,Sat     ,0,0,0,0,1,1,1,0,0,0,0,0,0,0,0,1,0,0,0,0,0,0,0,0,0,36.99347,-93.15018,0,12/07/2019,00:00:00,VEHICLE 1 RAN OFF THE ROADWAY AND STRUCK A TREE.
1337734,3190034686,Missouri State Highway Patrol-Troop G,1575676800000,190708591,3,0,2,1,Personal Injury,SHANNON,NON-CITY OR UNINCORPORATED,G,1,1,0,248,0.05,A ,E ,RT WW,CRD WW-A,Dark-Unlighted,Fixed Object,2,,Sat     ,1,1,0,0,1,1,1,0,0,0,0,0,0,0,0,1,0,0,0,0,1,0,0,1,0,37.12903,-91.61708,0,12/07/2019,01:30:00,"OCCURRED AS VEHICLE ONE FAILED TO NEGOTIATE A CURVE, RAN OFF THE ROADWAY, STRUCK HAY BALES, AND OVERTURNED. ASSISTED BY CPL J S CUNNINGHAM (451)."
817295,3190034994,Missouri State Highway Patrol-Troop A,1575676800000,190708645,1,1,0,1,Fatal,CLAY,NON-CITY OR UNINCORPORATED,A,2,2,0,191,0.04,A ,N,IS 35,ERM NORTH IS 35 MILE 226,Dark-Unlighted,Motor Vehicle in Transport,1,61,Sat     ,0,0,0,0,0,0,0,1,1,0,0,0,0,0,0,0,0,0,0,0,0,0,0,0,0,39.32079,-94.39741,1,12/07/2019,04:45:00,"***LATE DEATH*** DRIVER 2 PRONOUNCED AT ST. LUKE'S HOSPITAL ON 12/08/2019 AT 1808 BY S. ALBRECHT **** TROOP A FATAL CRASH # 61 AND FATALITY # 67 FOR 2019 **** CRASH OCCURRED AS VEHICLE #2 WAS STOPPED PARTIALLY BLOCKING THE DRIVING LANE OF I-35 NORTHBOUND.  VEHICLE #1 STRUCK THE REAR OF VEHICLE #2, PUSHING VEHICLE #2 OFF THE RIGHT SIDE OF THE ROAD, EJECTING DRIVER #2.  VEHICLE #1 CAME TO REST IN THE ROAD, FACING WEST.  ASSISTED BY TPR. B.E. THOMAN /1256/ AND CPL. C.O. TUBBS /1122/. ***CORRECTED REPORT***"
1064914,3190034261,Missouri State Highway Patrol-Troop I,1575676800000,190708729,1,0,1,0,Personal Injury,LACLEDE,NON-CITY OR UNINCORPORATED,I,1,1,0,1181,0.22,A ,E ,MO 32,CRD MARCH,Daylight,Fixed Object,2,,Sat     ,0,0,0,0,0,0,0,1,1,0,0,0,0,0,0,0,0,0,0,0,0,0,0,0,0,37.62557,-92.79655,0,12/07/2019,07:30:00,"OCCURRED AS VEHICLE 1 TRAVELED OFF THE ROADWAY, STRIKING A TREE BEFORE COMING TO REST ."
1500870,3190034115,Missouri State Highway Patrol-Troop H,1575676800000,190709100,1,0,1,0,Personal Injury,ANDREW,NON-CITY OR UNINCORPORATED,H,2,2,0,0,0,AT,N,US 169,RT M,Daylight,Motor Vehicle in Transport,1,64,Sat     ,0,0,0,0,0,0,0,1,1,0,0,1,0,0,0,1,0,0,0,0,1,0,0,1,0,39.97925,-94.64414,0,12/07/2019,10:45:00,CRASH OCCURRED AS VEHICLE 1 WAS STOPPED AT THE STOP SIGN SOUTHBOUND ON RT-M AND VEHICLE 2 WAS NORTHBOUND ON US-169.  VEHICLE 1 FAILED TO YIELD TO VEHICLE 2.  THE FRONT OF VEHICLE 2 STRUCK THE PASSENGER SIDE OF VEHICLE 1.  BOTH VEHICLES TRAVELED OFF THE SOUTH SIDE OF US-169 AND CAME TO REST ON THEIR WHEELS WITH VEHICLE 1 FACING NORTH AND VEHICLE 2 FACING EAST.
1289442,3190034299,Missouri State Highway Patrol-Troop C,1575676800000,190709112,2,0,2,0,Personal Injury,PIKE,LOUISIANA,C,3,3,0,232,0.04,B ,S ,CST GEORGIA ST,CST MARYS DR,Daylight,Motor Vehicle in Transport,1,61,Sat     ,0,0,0,0,0,0,0,1,1,0,0,0,0,0,0,1,0,0,0,0,0,0,0,0,0,39.43049,-91.07349,0,12/07/2019,10:45:00,"VEHICLE 1 CAME TO A STOP TO TURN LEFT.  VEHICLE 2 STOPPED.  VEHICLE 3 FAILED TO STOP, STRUCK VEHICLE 2, AND VEHICLE 2 STRUCK VEHICLE 1."
846372,3190034064,Missouri State Highway Patrol-Troop A,1575676800000,190709233,1,0,1,0,Personal Injury,JOHNSON,NON-CITY OR UNINCORPORATED,A,2,2,0,20,0,B ,E ,RT DD,PVT SE 871,Daylight,Motor Vehicle in Transport,1,61,Sat     ,0,0,0,0,0,0,0,0,0,0,0,0,0,0,0,1,0,0,0,0,1,0,0,1,0,38.74274,-93.58123,0,12/07/2019,11:47:00,CRASH OCCURRED AS VEHICLE 1 STRUCK THE REAR OF VEHICLE 2.  ASSISTED BY PARK RANGER J YU /R48/
1207944,3190034136,Missouri State Highway Patrol-Troop F,1575676800000,190709242,2,0,2,0,Personal Injury,MONTGOMERY,NON-CITY OR UNINCORPORATED,F,3,3,0,0,0,AT,N,MO 19,MO 94,Daylight,Motor Vehicle in Transport,1,64,Sat     ,0,0,0,0,0,0,0,1,0,0,0,1,0,0,0,1,0,0,0,0,1,0,0,1,0,38.72889,-91.44615,0,12/07/2019,11:49:00,CRASH OCCURRED AS VEHICLE 1 WAS TRAVELING EASTBOUND ON MO 94 AND CROSSING OVER MO 19. VEHICLE 1 PULLED INTO THE PATH OF VEHICLE 2. VEHICLE 2 STRUCK THE PASSENGER SIDE OF VEHICLE 1. VEHICLE 1 OVERTURNED AND STRUCK VEHICLE 3.
1504024,3190034146,Missouri State Highway Patrol-Troop H,1575676800000,190709398,1,0,1,0,Personal Injury,LIVINGSTON,NON-CITY OR UNINCORPORATED,H,2,2,0,67,0.01,B ,E ,US 36,CRD 255,Daylight,Motor Vehicle in Transport,1,61,Sat     ,0,0,0,0,0,0,1,0,0,0,0,0,0,0,0,1,0,0,0,0,1,0,0,1,1,39.7761,-93.48233,0,12/07/2019,13:05:00,ACCIDENT OCCURRED AS VEH1 AND VEH2 WERE EASTBOUND IN THE PASSING LANE OF US 36. VEH2 SLOWED TO MAKE A LEFT HAND TURN ONTO LIV 255. IMPACT OCCURRED AS THE FRONT CENTER OF VEH1 STRUCK THE REAR CENTER OF VEH2. VEH1 CAME TO REST ON THE SOUTH SIDE OF US 36 PARTIALLY BLOCKING THE ROADWAY FACING SOUTHEAST. VEH2 CAME TO REST IN THE MEDIAN FACING NORTHWEST.  ASSISTED BY LIVINGSTON CO SO.
1263674,3190034283,Missouri State Highway Patrol-Troop C,1575676800000,190709493,1,0,1,0,Personal Injury,WARREN,WARRENTON,C,1,1,0,244,0.05,B ,W ,IS 70,ERM WEST IS 70 MILE 1922,Daylight,Fixed Object,2,,Sat     ,0,0,0,0,0,0,0,0,0,0,0,0,0,0,0,1,0,0,0,0,0,0,0,0,1,38.81972,-91.16491,0,12/07/2019,14:04:00,VEHICLE 1 WAS TRAVELING WEST ON I-70. VEHICLE 1 TRAVELED OFF THE LEFT SIDE OF THE ROADWAY. DRIVER 1 OVERCORRECTED AND VEHICLE 1 OVERTURNED.
1253343,3190034060,Missouri State Highway Patrol-Troop C,1575676800000,190709663,0,1,0,0,Fatal,FRANKLIN,NON-CITY OR UNINCORPORATED,C,1,1,0,5808,1.1,B ,N,CRD MAUPIN RD,CRD PROJECT RD,Daylight,Fixed Object,2,,Sat     ,0,0,0,0,1,0,0,0,0,0,0,0,0,0,0,1,0,0,0,0,0,0,0,0,0,38.26252,-90.78073,1,12/07/2019,15:20:00,"FATALITY REPORT - VEHICLE 1 TRAVELED OFF THE RIGHT SIDE OF THE ROADWAY AND OVERTURNED, EJECTING DRIVER 1. VEHICLE 1 THEN STRUCK A TREE. DRIVER 1 PRONOUNCED ON THE SCENE BY ST. CLAIR AMBULANCE PERSONNEL AT 1544 HOURS."
1253373,3190033791,Missouri State Highway Patrol-Troop C,1575676800000,190709834,1,0,1,0,Personal Injury,FRANKLIN,NON-CITY OR UNINCORPORATED,C,2,2,0,448,0.08,A ,W ,IS 44,ERM WEST IS 44 MILE 2482,Daylight,Motor Vehicle in Transport,1,70,Sat     ,0,0,0,0,0,,,,,0,0,0,0,0,0,0,0,0,1,,,,,,,38.44458,-90.90168,0,12/07/2019,16:55:00,"VEHICLE 1 WAS TRAVELING WESTBOUND ON INTERSTATE 44. VEHICLE 2 WAS TRAVELING EASTBOUND ON INTERSTATE 44 AND LOST A TIRE. THE TIRE TRAVELED ACROSS THE MEDIAN STRIKING THE HOOD, WINDSHIELD AND ROOF OF VEHICLE 1. VEHICLE 2 LEFT THE SCENE."
985405,3190033893,Missouri State Highway Patrol-Troop D,1575676800000,190709907,1,0,1,0,Personal Injury,POLK,HUMANSVILLE,D,1,1,0,221,0.04,A ,E ,CST BUFFALO ST,CST SPRUCE ST,Dark-Unlighted,Animal,1,,Sat     ,0,0,0,0,0,0,0,1,1,0,0,0,0,0,0,0,0,0,0,0,0,0,0,0,0,37.79528,-93.57084,0,12/07/2019,17:35:00,#1 STRUCK A COW IN THE ROADWAY.
1014018,3190034045,Missouri State Highway Patrol-Troop D,1575676800000,190709973,1,0,1,0,Personal Injury,VERNON,NON-CITY OR UNINCORPORATED,D,1,1,0,21,0,B ,E ,RT O,CRD KATY,Dark-Unlighted,Fixed Object,2,,Sat     ,0,0,0,0,1,1,1,0,0,0,0,0,0,0,0,1,0,0,0,0,0,0,0,0,0,37.89599,-94.41625,0,12/07/2019,18:15:00,"OCCURRED AS #1 LEFT THE ROADWAY, STRUCK AN EMBANKMENT, AND OVERTURNED"
1135923,3190033799,Missouri State Highway Patrol-Troop E,1575676800000,190710011,1,0,1,0,Personal Injury,CAPE GIRARDEAU,NON-CITY OR UNINCORPORATED,E,1,1,0,1515,0.29,B ,S ,RT W,CRD 616,Dark-Unlighted,Fixed Object,2,,Sat     ,1,0,0,0,0,0,0,0,0,0,0,0,0,0,0,0,0,0,0,0,1,0,0,1,0,37.39711,-89.59328,0,12/07/2019,19:01:00,CRASH OCCURRED AS VEH 1 RAN OFF THE ROADWAY AND OVERTURNED.
1056375,3190034169,Missouri State Highway Patrol-Troop I,1575676800000,190710029,0,1,0,0,Fatal,CRAWFORD,NON-CITY OR UNINCORPORATED,I,1,1,0,3168,0.6,B ,W ,SOR 44,CRD OLD ROUTE 66 EJ,Dark-Unlighted,Pedestrian,1,,Sat     ,0,0,0,0,0,0,0,0,0,0,0,0,0,0,0,0,0,0,0,0,0,0,0,0,0,38.11419,-91.32652,1,12/07/2019,19:10:00,FATALITY CRASH - NEXT OF KIN NOTIFIED - CRASH OCCURRED AS VEHICLE 1 STRUCK PEDESTRIAN 1. PEDESTRIAN 1 WAS DECLARED DECEASED ON SCENE AT 19:30 HOURS BY DR. MCCARTHY. THIS IS TROOP I'S 1ST FATALITY FOR THE MONTH OF DECEMBER AND 35TH FATALITY FOR 2019. ASSISTED BY MSGT B A SWEARINGIN (1168).
861903,3190034296,Missouri State Highway Patrol-Troop A,1575676800000,190710177,1,0,1,0,Personal Injury,LAFAYETTE,NON-CITY OR UNINCORPORATED,A,1,1,0,1826,0.35,A ,W ,CRD APPLETREE LN,CRD SMITH LN,Dark-Unlighted,Overturn,2,,Sat     ,0,0,0,0,1,1,1,0,0,0,0,0,0,0,0,1,0,0,0,0,1,0,0,1,0,39.1579,-93.91118,0,12/07/2019,20:20:00,CRASH OCCURRED AS VEHICLE 1 WAS EASTBOUND ON APPLETREE LANE. DRIVER 1 SWERVED TO AVOID A DEER. VEHICLE 1 BEGAN TO SKID AND WENT OFF THE LEFT SIDE OF THE ROAD AND OVERTURNED. WHERE IT STRUCK A FENCE AND THEN CAME TO REST.
861904,3190034813,Missouri State Highway Patrol-Troop A,1575676800000,190710216,1,0,1,0,Personal Injury,LAFAYETTE,NON-CITY OR UNINCORPORATED,A,1,1,0,1298,0.25,A ,E ,RT FF,RT O,Dark-Unlighted,Fixed Object,2,,Sat     ,0,0,0,0,0,0,0,0,0,0,0,0,0,0,0,1,0,0,0,0,0,0,0,0,0,0,0,0,12/07/2019,20:40:00,"VEHICLE 1 TRAVELING EASTBOUND ON ROUTE. FF, TRAVELED OFF RIGHT SIDE OF ROADWAY AND STRUCK EMBANKMENT. ASSISTED BY LEXINGTON EMS, MAYVIEW FIRE"
1256810,3190033956,Missouri State Highway Patrol-Troop C,1575763200000,190710690,1,0,0,1,Personal Injury,JEFFERSON,ST LOUIS,C,1,1,0,2090,0.4,A ,N,RT W,CRD BYRNESVILLE RD,Dark-Unlighted,Fixed Object,2,,Sun     ,0,0,0,0,0,0,1,0,0,0,0,0,0,0,0,1,0,0,0,0,1,0,0,1,0,38.42833,-90.59779,0,12/08/2019,05:45:00,VEHICLE #1 TRAVELED OFF THE RIGHT SIDE OF THE ROADWAY. DRIVER #1  OVERCORRECTED CAUSING VEHICLE #1 TO TRAVEL OFF THE LEFT SIDE OF THE ROADWAY AND STRIKE A GRASSY EMBANKMENT.
1162021,3190033812,Missouri State Highway Patrol-Troop F,1575763200000,190710858,1,0,1,0,Personal Injury,BOONE,NON-CITY OR UNINCORPORATED,F,1,1,0,691,0.13,A ,S ,WOR 63,BRIDGE A8322,Daylight,Fixed Object,2,,Sun     ,0,0,0,0,1,1,1,0,0,0,1,0,0,0,0,1,0,0,0,0,0,0,0,0,0,38.87549,-92.25488,0,12/08/2019,08:38:00,"VEHICLE 1 WAS ATTEMPTING TO ELUDE MSGT RUDLOFF (1225), TRAVELED OFF LEFT SIDE OF ROADWAY, OVERCORRECTED, TRAVELED OFF RIGHT SIDE OF ROADWAY, AND STRUCK THE GROUND. (ASSISTED BY MSGT S. D. RUDLOFF (1225)"
1499783,3190035250,Missouri State Highway Patrol-Troop H,1575763200000,190711016,1,0,1,0,Personal Injury,CLINTON,NON-CITY OR UNINCORPORATED,H,1,1,0,2508,0.47,B ,N,RT BB,CRD GRIFFIN ROAD,Daylight,Fixed Object,2,,Sun     ,0,0,0,0,0,0,0,1,1,0,0,0,0,0,0,1,0,0,0,0,0,0,0,0,0,39.7309,-94.20645,0,12/08/2019,10:17:00,CRASH OCCURRED AS VEHICLE 1 WAS TRAVELING WESTBOUND RT-BB.  DRIVER 1 TRAVELED OFF THE NORTH SIDE OF THE ROADWAY AND CROSSED CR-19.  IMPACT OCCURRED AS VEHICLE 1 STRUCK A FIBER OPTICS POST.  VEHICLE CAME TO REST IN A FIELD ON ITS WHEELS FACING NORTH. ASSISTED BY CAMERON POLICE DEPARTMENT AND CLINTON COUNTY SHERIFF'S DEPARTMENT.
1212118,3190034612,Missouri State Highway Patrol-Troop F,1575763200000,190711106,4,0,1,3,Personal Injury,COLE,NON-CITY OR UNINCORPORATED,F,2,2,0,0,0,AT,S ,CRD S COUNTRY CLUB DR,CRD SCRUGGS STATION RD,Daylight,Motor Vehicle in Transport,1,64,Sun     ,0,0,0,0,0,0,0,0,0,0,0,1,0,0,0,1,0,0,0,0,1,0,0,1,0,38.56208,-92.28192,0,12/08/2019,11:10:00,OCCURRED AS VEHICLE 2 FAILED TO YIELD TO VEHICLE 1 AND VEHICLE 1 STRUCK VEHICLE 2 ON THE DRIVER'S SIDE.
1300282,3190034722,Missouri State Highway Patrol-Troop C,1575763200000,190711155,1,0,1,0,Personal Injury,ST. CHARLES,WENTZVILLE,C,1,1,0,100,0.02,B ,E ,RP 6772,IS 70,Daylight,Overturn,1,,Sun     ,0,0,0,0,1,0,1,0,0,0,0,0,0,0,0,1,0,0,0,0,0,1,0,0,0,38.80611,-90.82562,0,12/08/2019,11:45:00,VEHICLE 1 ATTEMPTED TO MERGE.  DRIVER 1 LOST CONTROL AND OVERTURNED.
1150429,3190033943,Missouri State Highway Patrol-Troop E,1575763200000,190711326,1,0,1,0,Personal Injury,PEMISCOT,NON-CITY OR UNINCORPORATED,E,1,1,0,881,0.17,A ,E ,US 412,CRD 425,Daylight,Fixed Object,2,,Sun     ,0,0,0,0,0,0,0,1,0,0,0,0,0,0,0,1,0,0,0,0,0,0,0,0,0,36.23458,-89.94056,0,12/08/2019,13:20:00,CRASH OCCURRED AS VEHICLE ONE RAN OFF THE RIGHT SIDE OF THE ROADWAY STRIKING A TELEPHONE POLE AND OVERTURNING. ASSISTED BY TPR. J.D. CONOVER #417.
1154914,3190034126,Missouri State Highway Patrol-Troop E,1575763200000,190711407,1,0,1,0,Personal Injury,CAPE GIRARDEAU,JACKSON,E,2,2,0,153,0.03,B ,N,US 61,CST WEDEKIND RD,Daylight,Motor Vehicle in Transport,1,61,Sun     ,0,0,0,0,0,0,0,0,0,0,1,0,0,0,0,0,0,0,0,0,0,0,0,0,0,37.35051,-89.60417,0,12/08/2019,14:12:00,"INJURY PATROL CAR CRASH.  P#18032  LICENSE/249HP  MILEAGE/37726  ESTIMATED REPAIRS FOR FRONT END DAMAGE $10,000   TRAFFIC CRASH OCCURRED AS VEHICLE 1 STRUCK VEHICLE 2 IN THE REAR."
1185192,3190034384,Missouri State Highway Patrol-Troop B,1575763200000,190711504,1,0,1,0,Personal Injury,SHELBY,NON-CITY OR UNINCORPORATED,B,1,1,0,1187,0.22,B ,E ,US 36,CRD 303,Daylight,Overturn,2,,Sun     ,0,0,0,0,0,0,1,0,0,0,0,0,0,0,0,0,0,0,0,0,1,0,0,1,0,0,0,0,12/08/2019,14:49:00,"VEHICLE 1 RAN OFF SOUTH SIDE OF ROAD LOST CONTROL AND OVERTURNED.   ASSISTED BY CLARENCE FIRE, SHELBY COUNTY SHERIFF'S DEPARTMENT, SHELBY COUNTY FIRE AND RESCUE"
1253371,3190034133,Missouri State Highway Patrol-Troop C,1575763200000,190711549,1,0,0,1,Personal Injury,FRANKLIN,NON-CITY OR UNINCORPORATED,C,1,1,0,0,0,AT,W ,IS 44,ERM WEST IS 44 MILE 2510,Daylight,Overturn,1,,Sun     ,0,1,0,0,1,0,0,0,0,0,0,0,0,0,0,1,0,0,0,0,1,0,0,1,0,38.46519,-90.85574,0,12/08/2019,15:20:00,"VEHICLE #1 WAS TRAVELING WESTBOUND ON I-44 AND TRAVELED OFF THE LEFT SIDE OF THE ROADWAY, DRIVER #1 STEERED IT BACK ONTO THE ROADWAY, BUT OVERCORRECT BACK TO THE LEFT, CAUSING VEHICLE #1 TO OVERTURN, EJECTING DRIVER #1. ASSISTED BY TPR H H HOEMANN (885)."
883472,3190034005,Missouri State Highway Patrol-Troop A,1575763200000,190711678,2,0,2,0,Personal Injury,BATES,NON-CITY OR UNINCORPORATED,A,1,1,0,3695,0.7,B ,S ,CRD EAST SERVICE RD,RT B,Daylight,Overturn,1,,Sun     ,0,0,0,0,1,1,1,0,0,0,0,0,0,0,0,1,0,0,0,0,0,0,0,0,0,38.10707,-94.34974,0,12/08/2019,16:30:00,OCCURRED AS VEH1 LOST CONTROL ON GRAVEL AND TRAVELED OFF THE LEFT SIDE OVERCORRECTED RETURNED TO ROAD OVERTURNED   1352 AND RICH HILL FIRE BATES COUNTY
876318,3190034387,Missouri State Highway Patrol-Troop A,1575763200000,190711719,1,0,1,0,Personal Injury,PLATTE,KANSAS CITY,A,1,1,0,174,0.03,B ,N,IS 435,ERM NORTH IS 435 MILE 276,Dark-Unlighted,Fixed Object,2,,Sun     ,0,0,0,0,0,0,0,1,1,0,0,0,0,0,0,0,0,0,0,0,0,0,0,0,0,39.29133,-94.76594,0,12/08/2019,17:00:00,"CRASH OCCURRED AS VEH 1 WAS SOUTHBOUND ON I 435.  VEH 1 RAN OFF THE LEFT SIDE OF THE ROADWAY, CROSSED THE MEDIAN, CROSSED THE NORTHBOUND LANES, STRUCK AN EMBANKMENT AND A TREE.  ASSISTED BY TPR B N MRAQUART /784/."
969234,3190034031,Missouri State Highway Patrol-Troop D,1575763200000,190711730,1,0,1,0,Personal Injury,BARRY,NON-CITY OR UNINCORPORATED,D,1,1,0,216,0.04,A ,E ,RT Z,CRD 1160,Dark-Unlighted,Fixed Object,2,,Sun     ,0,0,0,0,0,1,1,0,0,0,0,0,0,0,0,0,0,0,0,0,1,0,0,1,0,36.89617,-93.77302,0,12/08/2019,17:05:00,CRASH OCCURRED AS VEH 1 TRAVELED OFF THE LEFT SIDE OF THE ROADWAY AND STRUCK A FENCE.
1038687,3190034054,Missouri State Highway Patrol-Troop I,1575763200000,190711759,2,0,2,0,Personal Injury,PULASKI,NON-CITY OR UNINCORPORATED,I,2,2,0,892,0.17,B ,W ,MO 28,CRD HOLLY LANE,Dark-Unlighted,Motor Vehicle in Transport,1,60,Sun     ,0,0,0,0,0,1,1,0,0,0,0,0,0,0,0,1,0,0,0,0,0,0,0,0,0,37.84369,-92.0931,0,12/08/2019,17:15:00,CRASH OCCURRED AS VEHICLE 1 WAS ATTEMPTING TO MAKE A LEFT TURN INTO A DRIVEWAY AND STRUCK VEHICLE 2 IN THE SOUTHBOUND LANE. ASSISTED BY MSGT G A WEDDLE (744)
965922,3190033817,Missouri State Highway Patrol-Troop D,1575763200000,190711840,2,0,2,0,Personal Injury,MCDONALD,NON-CITY OR UNINCORPORATED,D,2,2,0,2640,0.5,A ,N,RT E,CRD GOFF RIDGE RD,Dark-Unlighted,Motor Vehicle in Transport,1,60,Sun     ,0,0,0,0,0,0,1,0,0,0,0,0,0,0,0,1,0,0,0,0,1,0,0,1,0,36.50998,-94.1768,0,12/08/2019,18:10:00,#1 CROSSED THE CENTERLINE AND STRUCK #2 HEADON.
1195558,3190034243,Missouri State Highway Patrol-Troop F,1575763200000,190711870,1,0,1,0,Personal Injury,HOWARD,NON-CITY OR UNINCORPORATED,F,1,1,0,4752,0.9,A ,E ,MO 240,CRD 412,Dark-Unlighted,Fixed Object,2,,Sun     ,1,0,0,0,0,0,0,0,0,0,0,0,0,0,0,0,0,0,0,0,1,0,0,1,0,39.07875,-92.64038,0,12/08/2019,18:15:00,OCCURRED AS VEHICLE 1 TRAVELED OFF THE RIGHT SIDE OF THE ROAD AND STRUCK A TREE. ASSISTED BY HOWARD COUNTY SHERIFF'S DEPARTMENT.
948634,3190034025,Missouri State Highway Patrol-Troop D,1575763200000,190711938,3,0,3,0,Personal Injury,POLK,NON-CITY OR UNINCORPORATED,D,1,1,0,1953,0.37,B ,E ,MO 64,CRD S 198TH RD,Dark-Unlighted,Other Non Collision,1,,Sun     ,0,0,0,0,0,0,0,0,0,0,0,0,0,0,0,0,0,0,1,0,0,0,0,0,0,37.76041,-93.27452,0,12/08/2019,19:20:00,ACCIDENT OCCURRED AS THE REAR AXLE OF VEHICLE #1 BROKE CAUSING VEHICLE #1 TO RUN OFF THE ROADWAY AND STRIKE THE DITCH.
1177196,3190033930,Missouri State Highway Patrol-Troop B,1575763200000,190712005,1,0,1,0,Personal Injury,PUTNAM,NON-CITY OR UNINCORPORATED,B,1,1,0,881,0.17,A ,W ,RT AA,CRD 410TH RD,Dark-Unlighted,Animal,1,,Sun     ,0,0,0,0,0,0,0,0,0,0,0,0,0,0,0,0,0,0,0,0,1,0,0,1,0,40.35111,-92.78414,0,12/08/2019,19:58:00,VEHICLE 1 STRUCK TWO COWS IN THE ROADWAY.
1118951,3190034040,Missouri State Highway Patrol-Troop E,1575763200000,190712029,1,0,1,0,Personal Injury,BOLLINGER,NON-CITY OR UNINCORPORATED,E,1,1,0,31,0.01,A ,N,RT K,BRIDGE A8506,Dark-Unlighted,Animal,1,,Sun     ,0,0,0,0,0,0,0,0,0,0,0,0,0,0,0,0,0,0,0,0,0,0,0,0,0,37.53423,-89.91678,0,12/08/2019,20:15:00,CRASH OCCURRED AS VEHICLE 1 STRUCK A DEER IN THE ROADWAY.
1064913,3190034255,Missouri State Highway Patrol-Troop I,1575763200000,190712051,1,0,0,1,Personal Injury,LACLEDE,NON-CITY OR UNINCORPORATED,I,1,1,0,670,0.13,B ,W ,MO 64,RT KK,Dark-Unlighted,Fixed Object,2,,Sun     ,0,0,0,0,0,1,1,0,0,0,0,0,0,0,0,0,0,0,0,0,0,0,0,0,0,37.69265,-92.7423,0,12/08/2019,20:45:00,CRASH OCCURRED AS VEHICLE 1 TRAVELED OFF THE LEFT SIDE OF THE ROADWAY AND OVERTURNED. ASSISTED BY THE LACLEDE COUNTY SHERIFF'S OFFICE