objectid,accident,agency,inv_date,complaint,injured,killed,min_inj,dis_inj,severity,county,city,troop,no_vehicle,motor_veh,left_scene,dist_feet,dist_mile,inter_loc,direction,on_street,at_street,light_cond,acc_type,on_off_rd,two_veh,day_week,dr_drink,dr_drug,ped_drink,ped_drug,speed,dr_under21,dr_under25,dr_over55,dr_over64,electrical,emer_veh,stop_sign,yield_sign,czone,hazmat,aggressive,cell_phone,texting,veh_defect,school_bus,truck,motorcycle,atv,pickup,cmv,gps_lat,gps_long,severity_fatal,acc_date,acc_time,narrative
1311899,3190034107,Missouri State Highway Patrol-Troop C,1575763200000,190712174,5,0,4,1,Personal Injury,ST. CHARLES,ST PETERS,C,2,2,0,253,0.05,A ,W ,MO 364,CRD CENTRAL SCHOOL RD,Dark-Lighted,Motor Vehicle in Transport,1,63,Sun     ,,,,,,1,1,0,0,0,0,0,0,0,0,,0,0,,0,0,0,0,0,0,38.74164,-90.60914,0,12/08/2019,22:37:00,"BOTH VEHICLES WERE TRAVELING WESTBOUND ON MISSOURI ROUTE 364. THE RIGHT REAR OF VEHICLE 1 STRUCK THE FRONT LEFT OF VEHICLE 2. VEHICLE 1 ROTATED, TRAVELED OFF THE LEFT SIDE OF THE ROADWAY, AND STRUCK  THE CONCRETE TRAFFIC BARRIER. DRIVER 2 SWERVED TO AVOID IMPACT. VEHICLE 2 TRAVELED OFF THE RIGHT SIDE OF THE ROADWAY AND STRUCK THE GUARD RAIL."
1329841,3190034916,Missouri State Highway Patrol-Troop G,1575763200000,190712197,1,0,1,0,Personal Injury,HOWELL,NON-CITY OR UNINCORPORATED,G,1,1,0,26,0,B ,N,CRD 4450,CRD 5160,Dark-Unlighted,Overturn,2,,Sun     ,0,0,0,0,1,0,1,0,0,0,0,0,0,0,0,1,0,0,0,0,0,0,0,0,0,36.88882,-91.91883,0,12/08/2019,23:33:00,"OCCURRED AS VEHICLE FLED FROM LAW ENFORCEMENT, FAILED TO NEGOTIATE A TURN AND OVERTURNED ."
1145193,3190034087,Missouri State Highway Patrol-Troop E,1575849600000,190712264,1,0,1,0,Personal Injury,NEW MADRID,NON-CITY OR UNINCORPORATED,E,1,1,0,528,0.1,B ,S ,IS 55,ERM SOUTH IS 55 MILE 596,Dark-Unlighted,Fixed Object,2,,Mon     ,0,0,0,0,0,0,0,0,0,0,0,0,0,0,0,1,0,0,0,0,1,0,0,0,1,36.78037,-89.53192,0,12/09/2019,01:02:00,VEH1 RAN OFF THE ROADWAY AND STRUCK THE MEDIAN CABLE BARRIER AND OVERTURNED. APPROXIMATELY 140' OF MODOT CABLE BARRIER WAS DAMAGED IN THIS INCIDENT.
1155556,3190036854,Missouri State Highway Patrol-Troop E,1575849600000,190712294,0,1,0,0,Fatal,SCOTT,NON-CITY OR UNINCORPORATED,E,1,1,0,42,0.01,B ,N,IS 55,BRIDGE A0911,Dark-Unlighted,Fixed Object,2,,Mon     ,0,0,0,0,0,0,0,0,0,0,0,0,0,0,0,1,0,0,0,0,0,0,0,0,1,37.19863,-89.53772,1,12/09/2019,05:08:00,"FATALITY CRASH - CRASH OCCURRED AS VEHICLE 1 RAN OFF THE RIGHT SIDE OF THE ROADWAY, STRUCK A GUARDRAIL, BRIDGE RAILING AND RAN OFF AN EMBANKMENT.  DRIVER 1 PRONOUNCED AT THE SCENE, BY SCOTT COUNTY CORONER, SCOTT AMICK, AT 0512 HRS.  NEXT OF KIN NOTIFIED.  TROOP E FATALITY #52 FOR 2019"
1302985,3190034349,Missouri State Highway Patrol-Troop C,1575849600000,190712337,2,0,2,0,Personal Injury,ST. LOUIS,FENTON,C,3,3,0,116,0.02,B ,E ,IS 44,RP 228585,Dark-Unlighted,Motor Vehicle in Transport,1,61,Mon     ,0,0,0,0,0,0,0,0,0,0,0,0,0,0,0,1,0,0,0,0,0,0,0,0,0,38.54278,-90.46825,0,12/09/2019,06:35:00,"VEHICLE 1, VEHICLE 2, AND VEHICLE 3 WERE TRAVELING IN NUMERICAL ORDER IN LANE 2 OF EASTBOUND INTERSTATE 44.  TRAFFIC SLOWED DUE TO A CONSTRUCTION ZONE AHEAD.  THE FRONT OF VEHICLE 3 STRUCK THE REAR OF VEHICLE 2.  THE FRONT OF VEHICLE 2 STRUCK THE REAR OF VEHICLE 1."
1155554,3190034753,Missouri State Highway Patrol-Troop E,1575849600000,190712439,2,0,2,0,Personal Injury,SCOTT,NON-CITY OR UNINCORPORATED,E,2,2,0,58,0.01,B ,N,MO 77,PVT RYERSON RD,Daylight,Motor Vehicle in Transport,1,61,Mon     ,0,0,0,0,0,0,0,1,0,0,0,0,0,0,0,1,0,0,0,1,0,0,0,0,0,37.07205,-89.51061,0,12/09/2019,07:35:00,CRASH OCCURRED AS VEHICLE 1 STRUCK THE REAR OF VEHICLE 2.
1201117,3190034116,Missouri State Highway Patrol-Troop C,1575849600000,190712501,1,0,1,0,Personal Injury,LINCOLN,NON-CITY OR UNINCORPORATED,C,2,2,0,1056,0.2,A ,N,RT H,RT E SJ,Daylight,Motor Vehicle in Transport,1,60,Mon     ,0,0,0,0,0,0,0,1,0,0,0,0,0,0,0,1,0,0,0,0,0,0,0,0,0,39.1062,-91.08722,0,12/09/2019,08:05:00,DRIVER 2 WAS REVERSING VEHICLE 2 WITH A FARM IMPLEMENT (91 FT GRAIN AUGER) . VEHICLE 2 WAS PARTIALLY ON HIGHWAY E. VEHICLE 1 WAS TRAVELING SOUTHEAST IN THE NORTHBOUND LANE.  VEHICLE 1 CROSSED CENTER LINE AND IMPACTED FRONT OF VEHICLE 2.
954028,3190034328,Missouri State Highway Patrol-Troop D,1575849600000,190712799,1,0,1,0,Personal Injury,GREENE,NON-CITY OR UNINCORPORATED,D,1,1,0,186,0.04,B ,E ,CRD 178,CRD WOODFIELD PLACE,Daylight,Fixed Object,2,,Mon     ,0,0,0,0,0,0,0,1,0,0,0,0,0,0,0,0,0,0,0,0,0,0,0,0,0,37.12376,-93.31669,0,12/09/2019,10:25:00,"CRASH OCCURRED AS VEHICLE #1 WENT OFF THE RIGHT SIDE OF THE ROADWAY, STRUCK A TREE, ROLLED BACKWARDS ACROSS THE ROADWAY, WENT OFF THE NORTH SIDE OF THE ROADWAY, AND STRUCK AN EMBANKMENT."
1222564,3190036562,Missouri State Highway Patrol-Troop C,1575849600000,190712983,1,0,1,0,Personal Injury,ST. LOUIS,PINE LAWN,C,3,3,0,121,0.02,A ,E ,IS 70,ERM EAST IS 70 MILE 2430,Daylight,Motor Vehicle in Transport,1,61,Mon     ,0,0,0,0,0,0,0,1,1,0,0,0,0,0,0,1,0,0,0,0,1,0,0,1,1,38.70185,-90.26743,0,12/09/2019,12:15:00,VEHICLE ONE STRUCK WOODEN PALLETS IN THE ROADWAY AND WAS STRUCK IN THE REAR BY VEHICLE TWO.  VEHICLE THREE THEN STRUCK VEHICLE TWO. ASSISTED BY TPR. A. COLLINS (216) AND TPR. Z. KRAL (1379)
885474,3190034275,Missouri State Highway Patrol-Troop A,1575849600000,190713191,1,0,1,0,Personal Injury,CASS,NON-CITY OR UNINCORPORATED,A,1,1,0,1156,0.22,A ,N,RT D,CRD 307TH ST,Daylight,Fixed Object,2,,Mon     ,0,0,0,0,0,0,1,0,0,0,0,0,0,0,0,0,0,0,0,0,0,0,0,0,0,38.56846,-94.59516,0,12/09/2019,14:00:00,"CRASH OCCURRED AS VEHICLE1 TRAVELED OFF THE RIGHT SIDE OF THE ROADWAY, STRUCK AN EMBANKMENT AND OVERTURNED."
846330,3190034401,Missouri State Highway Patrol-Troop A,1575849600000,190713514,1,0,0,1,Personal Injury,JOHNSON,NON-CITY OR UNINCORPORATED,A,1,1,0,115,0.02,B ,E ,US 50,CRD NW 250TH RD,Daylight,Fixed Object,2,,Mon     ,0,0,0,0,0,0,0,1,0,0,0,0,0,0,0,0,0,0,0,0,0,0,0,0,0,38.80407,-93.8859,0,12/09/2019,16:20:00,"CRASH OCCURRED AS VEHICLE 1 WAS EASTBOUND ON US 50. DRIVER 1 FELL ASLEEP, WENT OFF THE RIGHT SIDE OF THE ROAD. WENT ACROSS 250TH ROAD, OFF THE RIGHT SIDE AGAIN AND DOWN AN EMBANKMENT INTO THE TREE LINE. JOHNSON COUNTY SHERIFFS OFFICER, ASSISTED BY TPR W M GRAHAM /620/"
820926,3190034788,Missouri State Highway Patrol-Troop A,1575849600000,190713617,1,0,1,0,Personal Injury,PLATTE,PLATTE WOODS,A,2,2,0,300,0.06,A ,N,IS 29,ERM NORTH IS 29 MLE 74,Dark-Lighted,Motor Vehicle in Transport,1,61,Mon     ,0,0,0,0,0,0,0,0,0,0,0,0,0,0,0,1,0,0,0,0,0,0,0,0,0,39.23276,-94.65463,0,12/09/2019,17:17:00,CRASH OCCURRED AS VEHICLE 2 WAS SLOWING FOR CONGESTED TRAFFIC. VEHICLE 1 STRUCK THE REAR OF VEHICLE 2.
801357,3190034001,Missouri State Highway Patrol-Troop A,1575849600000,190713649,1,0,1,0,Personal Injury,JACKSON,LEES SUMMIT,A,2,2,0,200,0.04,B ,E ,IS 470,ERM EAST IS 470 MILE 64,Dark-Unlighted,Motor Vehicle in Transport,1,61,Mon     ,0,0,0,0,0,0,1,0,0,0,0,0,0,0,0,1,0,0,0,0,0,0,0,0,0,38.93492,-94.42942,0,12/09/2019,17:40:00,"CRASH OCCURRED AS VEHICLE 2 WAS STOPPED IN CONGESTED TRAFFIC. VEHICLE 1 STRUCK THE REAR OF VEHICLE 2. ASSISTED BY TPR C W BRADSHAW /830/, TPR E N WILSON /1417/, AND LEES SUMMIT PD."
1508274,3190035378,Missouri State Highway Patrol-Troop H,1575849600000,190713690,0,1,0,0,Fatal,HARRISON,EAGLEVILLE,H,1,1,0,110,0.02,B ,N,IS 35,ERM NORTH IS 35 MILE 1062,Dark-Unlighted,Pedestrian,1,,Mon     ,0,0,0,0,0,0,0,0,0,0,0,0,0,0,0,0,0,0,0,0,1,0,0,1,1,40.46475,-93.97726,1,12/09/2019,18:00:00,"FATALITY CRASH NEXT OF KIN NOTIFIED ACCIDENT OCCURRED AS NR1 WAS NORTHBOUND ON I-35 IN THE DRIVING LANE.  PEDESTRIAN WAS WALKING FROM THE EAST SIDE TO THE WEST SIDE OF THE INTERSTATE.  NR1'S FRONT DRIVERS SIDE STRUCK THE PEDESTRIAN.  NR1 CAME TO A CONTROLLED STOP ON THE NORTHBOUND OUTSIDE SHOULDER.  PEDESTRIAN WAS LOCATED BY EMERGENCY PERSONNEL IN THE MIDDLE OF THE ROADWAY.  PEDESTRIAN PRONOUNCED DECEASED AT THE SCENE BY HARRISON COUNTY CORONER ZACHARY WILSON AT 1808 HOURS ON 12/9/2019. ASSISTED BY TPR. D.M. WILBURN (1467),  CRASH TEAM MEMBER SGT H. A. SEARS (1200), HARRISON COUNTY SHERIFF'S DEPARTMENT, NORTH HARRISON AMBULANCE, NORTH HARRISON FIRE DEPARTMENT, AND HARRISON COUNTY FIRST RESPONDERS."
842169,3190035125,Missouri State Highway Patrol-Troop A,1575849600000,190713888,2,0,1,1,Personal Injury,LAFAYETTE,CONCORDIA,A,1,1,0,327,0.06,B ,W ,IS 70,ERM WEST IS 70 MILE 582,Dark-Unlighted,Fixed Object,2,,Mon     ,1,1,0,0,0,0,0,0,0,0,0,0,0,0,0,1,0,0,0,0,0,0,0,0,0,38.99257,-93.5741,0,12/09/2019,20:35:00,"OCCURRED AS VEH1 TRAVELED OFF ROADWAY AND OVERTURNED, COMING TO REST ON ITS TOP. ASSISTED BY TPR G D OETTING /1277/, TPR W M GRAHAM /620/, AND LAFAYETTE COUNTY DEPUTIES"
1135938,3190034121,Missouri State Highway Patrol-Troop E,1575849600000,190713906,1,0,1,0,Personal Injury,CAPE GIRARDEAU,NON-CITY OR UNINCORPORATED,E,1,1,0,235,0.04,B ,N,IS 55,ERM NORTH IS 55 MILE 1130,Dark-Lighted,Fixed Object,2,,Mon     ,0,0,0,0,0,0,0,0,0,0,0,0,0,0,0,0,0,0,0,0,0,0,0,0,0,37.52002,-89.70243,0,12/09/2019,20:40:00,CRASH OCCURRED AS VEHICLE ONE TRAVELED OFF THE RIGHT SIDE OF THE ROADWAY AND STRUCK A TREE
1114585,3190034210,Missouri State Highway Patrol-Troop E,1575849600000,190713921,1,0,1,0,Personal Injury,MISSISSIPPI,NON-CITY OR UNINCORPORATED,E,1,1,0,1251,0.24,A ,N,RT N,CRD 219,Dark-Unlighted,Animal,1,,Mon     ,0,0,0,0,0,0,1,0,0,0,0,0,0,0,0,0,0,0,0,0,1,0,0,1,0,36.96133,-89.3623,0,12/09/2019,20:58:00,CRASH OCCURRED AS VEHICLE ONE STRUCK A DEER IN THE ROADWAY
1303554,3190037057,Missouri State Highway Patrol-Troop C,1575936000000,190714107,1,0,0,1,Personal Injury,ST. LOUIS,NORMANDY,C,1,1,0,79,0.01,A ,E ,IS 70,ERM EAST IS 70 MILE 2412,Dark-Lighted,Fixed Object,2,,Tue     ,0,0,0,0,0,0,0,0,0,0,0,0,0,0,0,0,0,0,1,0,0,0,0,0,0,38.71597,-90.29513,0,12/10/2019,00:36:00,"VEHICLE 1 WAS TRAVELING EASTBOUND ON INTERSTATE 70, TRAVELED OFF THE LEFT SIDE OF THE ROADWAY, STRUCK THE CONCRETE MEDIAN BARRIER, AND OVERTURNED."
965925,3190034334,Missouri State Highway Patrol-Troop D,1575936000000,190714146,1,0,0,1,Personal Injury,MCDONALD,NON-CITY OR UNINCORPORATED,D,2,2,0,380,0.07,A ,S ,IS 49,ERM SOUTH IS 49 MILE 92,Dark-Unlighted,Motor Vehicle in Transport,1,61,Tue     ,0,0,0,0,0,1,1,0,0,0,0,0,0,0,0,1,0,0,0,0,1,0,0,1,0,36.6229,-94.41559,0,12/10/2019,04:40:00,"ACCIDENT OCCURRED AS VEHICLE #1 STRUCK VEHICLE #2 IN THE REAR, THEN RAN OFF THE RIGHT SIDE OF THE ROADWAY AND OVERTURNED EJECTING THE DRIVER."
1224437,3190034077,Missouri State Highway Patrol-Troop C,1575936000000,190714207,2,0,2,0,Personal Injury,JEFFERSON,NON-CITY OR UNINCORPORATED,C,2,2,0,105,0.02,B ,W ,MO 30,PVT INDUSTRIAL DR,Daylight,Motor Vehicle in Transport,1,61,Tue     ,0,1,0,0,0,0,0,1,1,1,0,0,0,0,0,0,0,0,0,0,0,0,0,0,0,38.35057,-90.64943,0,12/10/2019,06:53:00,DRIVER 1 FAILED TO NOTICE VEHICLE 2 SLOWING TO MAKE A RIGHT TURN AND THE FRONT OF VEHICLE 1 STRUCK THE REAR OF VEHICLE 2. VEHICLE 2 RAN OFF THE RIGHT SIDE OF THE ROADWAY AND STRUCK A TREE. VEHICLE 1 RAN OFF THE LEFT SIDE OF THE ROADWAY AND STRUCK THE GUARDRAIL.
1296199,3190033955,Missouri State Highway Patrol-Troop C,1575936000000,190714273,1,0,1,0,Personal Injury,ST. LOUIS,NON-CITY OR UNINCORPORATED,C,1,1,0,100,0.02,B ,W ,IS 270,ERM SOUTH IS 270 MILE 102,Daylight,Fixed Object,2,,Unk     ,0,0,0,0,0,0,0,0,0,0,0,0,0,0,0,1,0,0,0,0,0,0,0,0,0,38.60521,-90.45097,0,12/10/2019,07:31:00,VEHICLE #1 WAS TRAVELING SOUTH ON INTERSTATE 270 IN LANE #1. DRIVER #1 APPLIED THE BRAKES TO AVOID DEBRIS IN THE ROADWAY. VEHICLE #1 ROTATED COUNTER CLOCKWISE AND THE FRONT OF VEHICLE #1 STRUCK THE CONCRETE MEDIAN BARRIER.
877713,3190034648,Missouri State Highway Patrol-Troop A,1575936000000,190714285,2,0,2,0,Personal Injury,JACKSON,NON-CITY OR UNINCORPORATED,A,2,2,0,1224,0.23,B ,W ,US 50,RT F,Daylight,Motor Vehicle in Transport,1,61,Tue     ,0,0,0,0,0,0,0,0,0,0,0,0,0,0,0,1,0,0,0,0,0,0,0,0,0,38.87034,-94.12925,0,12/10/2019,07:40:00,"CRASH OCCURRED AS VEHICLE 2 TURNED WESTBOUND ONTO US-50; VEHICLE 1 STRUCK THE REAR OF VEHICLE 2.  ASSISTED BY TPR J. D. HOWARD /284/, SGT. C. W. HOFF /1302/, AND CPL J. J. CRUMP /1361/."
851843,3190034149,Missouri State Highway Patrol-Troop A,1575936000000,190714292,1,0,1,0,Personal Injury,CLAY,RANDOLPH,A,3,3,0,26,0,B ,W ,MO 210,BRIDGE A2578,Daylight,Motor Vehicle in Transport,1,61,Tue     ,0,0,0,0,0,0,0,0,0,0,0,0,0,0,0,1,0,0,0,0,1,0,0,1,0,39.15848,-94.48708,0,12/10/2019,07:40:00,CRASH OCCURRED AS VEHICLE 2 AND VEHICLE 3 WERE STATIONARY IN TRAFFIC. VEHICLE 1 STRUCK THE REAR OF VEHICLE 2. VEHICLE 2 STRUCK THE REAR OF VEHICLE 3.
1064943,3190035026,Missouri State Highway Patrol-Troop I,1575936000000,190714363,1,0,0,1,Personal Injury,LACLEDE,NON-CITY OR UNINCORPORATED,I,1,1,0,0,0,AT,N,CRD OLATHA DR N,MO 5,Daylight,Fixed Object,2,,Tue     ,0,0,0,0,0,0,0,0,0,0,0,0,1,0,0,1,0,0,0,0,0,0,0,0,0,37.88241,-92.70298,0,12/10/2019,08:10:00,"OCCURRED AS DVR 1 FAILED TO STOP AT STOP SIGN ON OLATHA DRIVE, TRAVELED ACROSS HWY 5, STRUCK A GUARDRAIL AND OVERTURNED"
1296197,3190035993,Missouri State Highway Patrol-Troop C,1575936000000,190714896,1,0,1,0,Personal Injury,ST. LOUIS,NON-CITY OR UNINCORPORATED,C,2,2,0,200,0.04,B ,S ,IS 55,ERM SOUTH IS 55 MILE 1990,Daylight,Motor Vehicle in Transport,1,61,Tue     ,0,0,0,0,0,0,0,0,0,0,0,0,0,0,0,1,0,0,0,0,1,0,0,1,0,38.52873,-90.31586,0,12/10/2019,12:22:00,VEHICLES 1 AND 2 WERE SOUTHBOUND ON INTERSTATE 55.  VEHICLE 1 CHANGED LANES AND THE FRONT OF VEHICLE 1 STRUCK THE REAR OF VEHICLE 2.  VEHICLE 1 THEN CONTINUED ACROSS THE ROADWAY AND TRAVELED OFF THE LEFT SIDE OF THE ROAD.  THE FRONT OF VEHICLE 1 THEN STRUCK THE CONCRETE MEDIAN BARRIER AND OVERTURNED.
1212124,3190034570,Missouri State Highway Patrol-Troop F,1575936000000,190715309,1,0,1,0,Personal Injury,COLE,NON-CITY OR UNINCORPORATED,F,2,2,0,438,0.08,B ,W ,US 54,PVT ROCKPORT HILLS RD,Daylight,Motor Vehicle in Transport,1,61,Tue     ,0,0,0,0,0,1,1,0,0,0,0,0,0,0,0,1,0,0,0,0,1,0,0,1,0,38.5328,-92.21883,0,12/10/2019,15:15:00,OCCURRED AS VEHICLE 1 STRUCK THE REAR OF VEHICLE 2.
1276686,3190034108,Missouri State Highway Patrol-Troop C,1575936000000,190715384,1,0,1,0,Personal Injury,ST. CHARLES,WELDON SPRING,C,1,1,0,350,0.07,B ,W ,IS 64,ERM WEST IS 64 MILE 124,Daylight,Fixed Object,2,,Tue     ,0,0,0,0,0,0,0,0,0,0,0,0,0,0,0,0,0,0,0,0,0,0,0,0,0,38.69714,-90.66624,0,12/10/2019,15:45:00,"VEHICLE 1 WAS WESTBOUND ON INTERSTATE 64 IN LANE 2.  DRIVER 1 FELL ASLEEP, CAUSING VEHICLE 1 TO TRAVEL OFF THE LEFT SIDE OF THE ROADWAY.  VEHICLE 1 THEN STRUCK THE CONCRETE CENTER MEDIAN."
1205266,3190034406,Missouri State Highway Patrol-Troop F,1575936000000,190715447,1,0,1,0,Personal Injury,COOPER,NON-CITY OR UNINCORPORATED,F,1,1,0,464,0.09,B ,N,MO 179,CRD KORTE RD NJ,Daylight,Fixed Object,2,,Tue     ,0,0,0,0,0,0,0,0,0,0,0,0,0,0,0,1,0,0,0,0,0,0,0,0,0,38.91894,-92.55304,0,12/10/2019,16:10:00,VEHICLE 1 TRAVELED OFF THE RIGHT SIDE OF THE ROADWAY AND DOWN AN EMBANKMENT.
885470,3190034476,Missouri State Highway Patrol-Troop A,1575936000000,190715721,1,0,1,0,Personal Injury,CASS,NON-CITY OR UNINCORPORATED,A,2,2,0,596,0.11,A ,E ,MO 2,CST S RAIL RD,Dark-Unlighted,Motor Vehicle in Transport,1,61,Tue     ,0,0,0,0,0,1,1,0,0,0,0,0,0,0,0,1,0,0,0,0,0,0,0,0,0,38.61854,-94.47144,0,12/10/2019,18:25:00,"CRASH OCCURRED AS VEH2 SLOWED TO A STOP TO ALLOW AN UNKNOWN VEHICLE TO TURN LEFT.  VEHICLE1 FOLLOWING BEHIND VEH2, STRUCK VEH2 IN THE REAR.  ASSISTED BY CASS COUNTY FIRE"
846331,3190035275,Missouri State Highway Patrol-Troop A,1575936000000,190715807,1,0,0,1,Personal Injury,JOHNSON,NON-CITY OR UNINCORPORATED,A,1,1,0,327,0.06,A ,W ,US 50,CRD NW 361,Dark-Unlighted,Fixed Object,2,,Tue     ,1,0,0,0,0,0,0,1,0,0,0,0,0,0,0,0,0,0,0,0,0,0,0,0,0,38.77773,-93.81158,0,12/10/2019,19:15:00,"OCCURRED AS VEH1 TRAVELED OFF ROADWAY AND STRUCK EMBANKMENT. VEH1 THEN OVERTURNED, COMING TO REST ON ITS WHEELS. ASSISTED BY MSGT D S GREEN /650/"
1507762,3190034374,Missouri State Highway Patrol-Troop H,1575936000000,190716095,2,0,1,1,Personal Injury,GENTRY,ALBANY,H,3,3,0,15,0,A ,E ,CST DANIEL ST,CST CASE ST,Dark-Unlighted,Motor Vehicle in Transport,1,62,Tue     ,1,0,0,0,1,0,0,0,0,0,0,0,0,0,0,1,0,0,0,0,0,0,0,0,0,40.25128,-94.3273,0,12/10/2019,23:00:00,"CRASH OCCURRED AS VEHICLE 1 WAS EASTBOUND ON DANIEL STREET IN ALBANY AND THE FRONT PASSENGER SIDE OF VEHICLE 1 STRUCK A PARKED VEHICLE.  AFTER IMPACT VEHICLE 1 TRAVELED OFF THE NORTH SIDE OF THE ROADWAY AND OVERTURNED STRIKING A CONCRETE STAIRCASE OF A RESIDENCE.  VEHICLE 1 CAME TO REST FACING WEST OFF OF THE NORTH SIDE OF ROADWAY ON ITS PASSENGER SIDE.  ASSISTED BY GENTRY COUNTY SHERIFF'S DEPARTMENT, GENTRY COUNTY FIRE AND RESCUE AND GRAND RIVER AMBULANCE."
1286875,3190035894,Missouri State Highway Patrol-Troop C,1575936000000,190716109,0,1,0,0,Fatal,ST. LOUIS,SUNSET HILLS,C,1,1,0,253,0.05,A ,W ,IS 44,ERM WEST IS 44 MILE 2764,Dark-Lighted,Fixed Object,2,,Tue     ,0,1,0,0,1,0,0,0,0,0,0,0,0,1,0,1,0,0,0,0,0,0,0,0,0,38.54646,-90.42937,1,12/10/2019,23:35:00,"FATALITY REPORT- DRIVER 1 LOST CONTROL OF THE VEHICLE AND VEHICLE 1 STRUCK THE LEFT MEDIAN WALL, STRUCK THE RIGHT MEDIAN WALL AND OVERTURNED. DRIVER 1 WAS EJECTED. DRIVER 1 PRONOUNCED ON SCENE BY FENTON FIRE DISTRICT PERSONNEL AT 2351 HOURS. ASSISTED BY MSGT. T. M. WILLIAMS (1132) AND TPR. C. A. GROVES (348)"
1253350,3190034130,Missouri State Highway Patrol-Troop C,1576022400000,190716205,1,0,1,0,Personal Injury,FRANKLIN,NON-CITY OR UNINCORPORATED,C,1,1,0,3168,0.6,B ,S ,RT AJ,US 50,Dark-Unlighted,Fixed Object,2,,Wed     ,0,0,0,0,0,1,1,0,0,0,0,0,0,0,0,0,0,0,0,0,1,0,0,1,0,38.44943,-91.09241,0,12/11/2019,06:15:00,DRIVER 1 SWERVED TO AVOID A DEER IN THE ROADWAY CAUSING VEHICLE 1 TO TRAVEL OFF THE LEFT SIDE OF THE ROADWAY AND STRIKE AN EMBANKMENT.
1296265,3190036752,Missouri State Highway Patrol-Troop C,1576022400000,190716476,2,0,2,0,Personal Injury,ST. LOUIS,NON-CITY OR UNINCORPORATED,C,3,3,0,137,0.03,A ,E ,IS 70,ERM EAST IS 70 MILE 2310,Daylight,Motor Vehicle in Transport,1,61,Wed     ,1,1,0,0,0,0,0,0,0,0,0,0,0,0,0,0,0,0,0,0,0,0,0,0,0,38.75918,-90.46867,0,12/11/2019,08:30:00,"ALL THREE VEHICLES WERE TRAVELING EASTBOUND ON INTERSTATE 70, APPROACHING MISSOURI 141. VEHICLE #1 AND VEHICLE #2 WERE IN LANE FIVE. VEHICLE #3 WAS IN LANE SIX.  VEHICLE #1 STRUCK THE REAR OF VEHICLE #2. VEHICLE #1 CONTINUED OFF ROADWAY TO THE RIGHT INTO A GRASS EMBANKMENT, RETURNING BACK TO THE ROADWAY JUST EAST OF MISSOURI 141 IN LANE 6 AND STRUCK THE REAR PASSENGER SIDE OF VEHICLE #3 WITH THE FRONT OF VEHICLE #1.  ASSISTED BY TPR. C.J. MENDEZ (1411)"
1224410,3190035805,Missouri State Highway Patrol-Troop C,1576022400000,190716529,2,0,1,1,Personal Injury,JEFFERSON,NON-CITY OR UNINCORPORATED,C,1,1,0,73,0.01,B ,E ,MO 30,CRD OLD SUGAR CREEK RD,Daylight,Fixed Object,2,,Wed     ,0,0,0,0,0,0,0,0,0,1,0,0,0,0,0,1,0,0,0,0,0,0,0,0,0,38.48993,-90.48736,0,12/11/2019,08:55:00,"DRIVER 1 SPILLED COFFEE AND WAS DISTRACTED. VEHICLE 1 VEERED ONTO A CONCRETE ISLAND AND STRUCK A SIGN, A LIGHT POLE, A STOP LIGHT, AND A CRASH ATTENUATOR POST."
1212237,3190037034,Missouri State Highway Patrol-Troop C,1576022400000,190716782,1,0,0,1,Personal Injury,WASHINGTON,NON-CITY OR UNINCORPORATED,C,1,1,0,300,0.06,B ,N,MO 185,BRIDGE A2206,Daylight,Fixed Object,2,,Wed     ,0,0,0,0,1,0,0,0,0,0,0,0,0,0,1,1,0,0,0,0,0,0,0,0,1,38.13516,-91.00604,0,12/11/2019,10:20:00,"VEHICLE 1 WAS TRAVELING NORTHBOUND ON MO 185, VEHICLE 1 RAN OFF THE RIGHTSIDE OF THE ROADWAY, IMPACTED A RAILROAD CROSSING SIGN, WENT AIRBORNE, AND OVERTURNED. ASSISTED BY MSGT. D.F. ISRINGHAUSEN (1335)"
852215,3190034150,Missouri State Highway Patrol-Troop A,1576022400000,190716996,1,0,1,0,Personal Injury,CLAY,LIBERTY,A,2,2,0,190,0.04,A ,S ,IS 35,ERM SOUTH IS 35 MILE 160,Daylight,Motor Vehicle in Transport,1,61,Wed     ,0,0,0,0,0,0,0,1,1,0,0,0,0,0,0,1,1,0,0,0,0,0,0,0,0,39.24055,-94.45888,0,12/11/2019,11:56:00,CRASH OCCURRED AS BOTH VEHICLES WERE TRAVELING SOUTHBOUND ON I35. DRIVER1 WAS ATTEMPTING TO RETRIEVE A DROPPED ITEM WHEN VEHICLE1 STRUCK THE REAR OF VEHICLE2. VEHICLE2 THEN STRUCK THE CABLE BARRIER BEFORE COMING TO REST.
852216,3190034342,Missouri State Highway Patrol-Troop A,1576022400000,190717059,1,0,1,0,Personal Injury,CLAY,LIBERTY,A,3,3,0,126,0.02,B ,S ,IS 35,ERM SOUTH IS 35 MILE 170,Daylight,Motor Vehicle in Transport,1,61,Wed     ,0,0,0,0,0,0,1,0,0,0,0,0,0,0,0,1,0,0,0,0,1,0,0,1,1,39.25414,-94.4502,0,12/11/2019,12:25:00,CRASH OCCURRED AS TRAFFIC WAS CONGESTED DUE TO A CRASH AHEAD. VEHICLE 1 OVERTOOK AND STRUCK THE REAR OF VEHICLE 2 WHICH PUSHED VEHICLE 2 INTO THE REAR OF VEHICLE 3. VEHICLE 1 CAME TO REST IN THE MEDIAN. VEHICLE 2 OVERTURNED. VEHICLES 2 AND 3 CAME TO REST OFF THE RIGHT SIDE OF THE ROAD. TPR C M MCDONALD /892/ AND LIBERTY PD.