objectid,accident,agency,inv_date,complaint,injured,killed,min_inj,dis_inj,severity,county,city,troop,no_vehicle,motor_veh,left_scene,dist_feet,dist_mile,inter_loc,direction,on_street,at_street,light_cond,acc_type,on_off_rd,two_veh,day_week,dr_drink,dr_drug,ped_drink,ped_drug,speed,dr_under21,dr_under25,dr_over55,dr_over64,electrical,emer_veh,stop_sign,yield_sign,czone,hazmat,aggressive,cell_phone,texting,veh_defect,school_bus,truck,motorcycle,atv,pickup,cmv,gps_lat,gps_long,severity_fatal,acc_date,acc_time,narrative
1178466,3190035435,Missouri State Highway Patrol-Troop B,1576022400000,190717124,1,0,1,0,Personal Injury,SCOTLAND,NON-CITY OR UNINCORPORATED,B,1,1,0,660,0.12,B ,W ,US 136,RT F,Daylight,Overturn,2,,Wed     ,0,0,0,0,0,0,0,0,0,0,0,0,0,0,0,1,0,0,0,0,1,0,0,0,1,40.45351,-91.96699,0,12/11/2019,12:50:00,VEHICLE 1 RAN OFF RIGHT SIDE OF ROAD AND OVERTURNED.   ASSISTED BY THE SCOTLAND COUNTY SHERIFF'S DEPARTMENT AND SCOTLAND COUNTY FIRE AND RESCUE
1511052,3190034924,Missouri State Highway Patrol-Troop H,1576022400000,190717128,1,0,1,0,Personal Injury,MERCER,NON-CITY OR UNINCORPORATED,H,2,2,0,417,0.08,A ,N,US 65,CRD EMMY PL SJ,Daylight,Motor Vehicle in Transport,1,64,Wed     ,0,0,0,0,0,0,0,0,0,0,0,0,0,0,0,1,0,0,0,0,0,0,0,0,0,40.43897,-93.56721,0,12/11/2019,12:50:00,CRASHED OCCURRED AS VEH 1 WAS TRAVELING NORTHBOUND ON US 65. VEH 1 ATTEMPTED TO MAKE A U-TURN IN A PRIVATE DRIVE. IMPACT OCCURRED AS THE FRONT RIGHT OF VEH 2 STRUCK THE FRONT LEFT OF VEH 1 WHILE IT WAS NAVIGATING A U-TURN. BOTH VEHICLES CAME TO REST ON THE NORTHBOUND SHOULDER FACING NORTH WEST.  ASSISTED BY MISSOURI CONSERVATION AGENT B. BARDOT (CC372) AND MERCER COUNTY SHERIFF'S DEPARTMENT.
861941,3190036963,Missouri State Highway Patrol-Troop A,1576022400000,190717438,5,1,3,2,Fatal,LAFAYETTE,NON-CITY OR UNINCORPORATED,A,2,2,0,0,0,AT,E ,US 24,CST 24TH ST,Daylight,Motor Vehicle in Transport,1,64,Wed     ,0,0,0,0,0,1,1,0,0,1,0,1,0,0,0,1,0,0,0,0,1,0,0,1,0,39.17275,-93.86265,1,12/11/2019,15:00:00,"F A T A L I T Y    C R A S H  -  FATAL CRASH #62 AND FATALITY #68  - CRASH OCCURRED AS VEHICLE #1, FAILED TO YIELD AND PULLED INTO THE PATH OF VEHICLE #2 AND WAS STRUCK BY VEHICLE #2.  AFTER IMPACT, BOTH VEHICLES OVERTURNED COMING TO REST ON THEIR WHEELS.  PASSENGER #2, PASSENGER #3 AND PASSENGER #4, IN VEHICLE #1, WERE EJECTED.  PASSENGER #3 WAS PRONOUNCED DECEASED AT LAFAYETTE COUNTY REGIONAL HOSPITAL BY DR. RAM CHANDRA AT 1640 HOURS. ASSISTED BY CPL. J.L. DILLON /215/"
1006437,3190034268,Missouri State Highway Patrol-Troop D,1576022400000,190717518,1,0,0,1,Personal Injury,WEBSTER,NON-CITY OR UNINCORPORATED,D,1,1,0,855,0.16,A ,N,RT CC,RT HH,Daylight,Animal,1,,Wed     ,0,0,0,0,0,0,0,0,0,0,0,0,0,0,0,0,0,0,0,0,0,1,0,0,0,37.44278,-92.84385,0,12/11/2019,15:30:00,"VEHICLE 1 STRUCK A DOG IN THE ROADWAY. DRIVER LOST CONTROL AND WAS EJECTED, COMING TO A STOP ON THE ROADWAY."
1006438,3190034298,Missouri State Highway Patrol-Troop D,1576022400000,190717541,1,0,1,0,Personal Injury,WEBSTER,NON-CITY OR UNINCORPORATED,D,1,1,0,3695,0.7,A ,W ,RT Y,BRIDGE P0959,Daylight,Fixed Object,2,,Wed     ,0,0,0,0,1,1,1,0,0,0,0,0,0,0,0,1,0,0,0,0,1,0,0,1,0,37.44136,-92.9272,0,12/11/2019,15:40:00,VEHICLE 1 FAILED TO NEGOTIATE A CURVE AND TRAVELED OFF THE RIGHT SIDE OF THE ROADWAY STRIKING A MEDAL CULVERT AND OVERTURNING.
1064944,3190034624,Missouri State Highway Patrol-Troop I,1576022400000,190717551,1,0,1,0,Personal Injury,LACLEDE,NON-CITY OR UNINCORPORATED,I,1,1,0,221,0.04,B ,N,MO 5,CRD ODESSA DRIVE,Daylight,Overturn,2,,Wed     ,0,0,0,0,0,0,0,0,0,0,0,0,0,0,0,0,0,0,0,0,1,0,0,1,0,37.80544,-92.68599,0,12/11/2019,15:49:00,SEVERAL VEHICLES IN FRONT OF VEHICLE 1 STOPPED FOR ANOTHER VEHICLE THAT WAS MAKING A LEFT TURN. DRIVER OF VEHICLE 1 WAS NOT ABLE TO STOP. VEHICLE 1 TRAVELED OFF THE RIGHT SIDE OF THE ROADWAY AND OVERTURNED.
1113395,3190034356,Missouri State Highway Patrol-Troop E,1576022400000,190717642,1,0,1,0,Personal Injury,DUNKLIN,NON-CITY OR UNINCORPORATED,E,3,3,0,0,0,AT,W ,US 412,CRD 619,Daylight,Motor Vehicle in Transport,2,61,Wed     ,0,0,0,0,0,1,1,0,0,0,0,0,0,0,0,1,0,0,0,0,0,0,0,0,0,36.04884,-90.26623,0,12/11/2019,16:30:00,"CRASH OCCURRED AS VEHICLE TWO, STATIONARY IN THE ROADWAY WAS ATTEMPTING TO TURN LEFT AND WAS STRUCK BY VEHICLE ONE IN THE REAR. VEHICLE THREE THEN STRUCK VEHICLE ONE IN THE REAR."
1016349,3190034305,Missouri State Highway Patrol-Troop D,1576022400000,190717675,1,0,0,1,Personal Injury,NEWTON,NON-CITY OR UNINCORPORATED,D,1,1,0,2048,0.39,B ,S ,RT H,CRD NORWAY RD,Daylight,Fixed Object,2,,Wed     ,0,0,0,0,0,0,0,0,0,0,0,0,0,0,0,0,0,0,0,0,1,0,0,0,1,36.85469,-94.26506,0,12/11/2019,16:45:00,VEHICLE 1 RAN OFF THE RIGHT EDGE OF THE ROADWAY AND STRUCK MULTIPLE STATIONARY OBJECTS ROADSIDE.
801360,3190034936,Missouri State Highway Patrol-Troop A,1576022400000,190717903,1,0,1,0,Personal Injury,JACKSON,LEES SUMMIT,A,2,2,0,602,0.11,B ,E ,IS 470,CST STROTHER RD,Dark-Unlighted,Motor Vehicle in Transport,1,61,Wed     ,0,0,0,0,0,0,0,0,0,0,0,0,0,0,0,1,0,0,0,0,0,0,0,0,0,38.96627,-94.35838,0,12/11/2019,18:48:00,CRASH OCCURRED AS TRAFFIC HAD SLOWED. DRIVER 1 FAILED TO NOTICE TRAFFIC SLOWING. VEHICLE 1 OVERTOOK AND STRUCK THE REAR OF VEHICLE 2. VEHICLE 1 WENT OFF RIGHT SIDE OF ROAD AND VEHICLE 2 WENT OFF THE LEFT SIDE OF THE ROAD AND STRUCK THE MEDIAN CABLES.
954030,3190034557,Missouri State Highway Patrol-Troop D,1576022400000,190717964,3,0,1,2,Personal Injury,GREENE,NON-CITY OR UNINCORPORATED,D,2,2,0,82,0.02,A ,S ,RT N,CRD 168,Dark-Unlighted,Motor Vehicle in Transport,1,60,Wed     ,0,0,0,0,0,1,1,0,0,1,0,0,0,0,0,1,0,0,0,0,0,0,0,0,0,37.14743,-93.47953,0,12/11/2019,19:25:00,OCCURRED AS #1 ATTEMPTED TO MAKE A LEFT TURN AND PULLED INTO THE PATH OF #2.  ASSISTED BY TPR A.W. POULSON #589
1056377,3190034800,Missouri State Highway Patrol-Troop I,1576022400000,190717989,1,0,1,0,Personal Injury,CRAWFORD,NON-CITY OR UNINCORPORATED,I,1,1,Y,233,0.04,A ,W ,PVT INDIAN HILLS DR,RT DD,Dark-Lighted,Fell/Jumped from MV,1,,Wed     ,0,0,0,0,0,0,0,0,0,0,0,0,0,0,0,0,0,0,0,0,1,0,0,1,0,38.08918,-91.43825,0,12/11/2019,19:30:00,CRASH OCCURRED AS OCCUPANT 1 JUMPED OUT OF VEHICLE 1 AND WAS SUBSEQUENTLY TRAVELED OVER BY VEHICLE 1.
1155558,3190034099,Missouri State Highway Patrol-Troop E,1576022400000,190718015,1,0,1,0,Personal Injury,SCOTT,NON-CITY OR UNINCORPORATED,E,1,1,0,20,0,B ,W ,RT DD,CRD 445,Dark-Unlighted,Overturn,2,,Wed     ,0,0,0,0,0,0,1,0,0,0,0,0,0,0,0,0,0,0,0,0,0,0,0,0,0,36.99036,-89.70791,0,12/11/2019,19:58:00,CRASHED OCCURRED AS VEHICLE ONE TRAVELED OFF THE RIGHT SIDE OF THE ROADWAY AND OVERTURNED.
823000,3190034303,Missouri State Highway Patrol-Troop A,1576022400000,190718034,2,0,1,1,Personal Injury,BENTON,NON-CITY OR UNINCORPORATED,A,1,1,Y,174,0.03,B ,N,CRD BOESCHENVILLE AVE,RT W,Dark-Unlighted,Fixed Object,2,,Wed     ,1,0,0,0,1,0,1,0,0,0,0,0,0,0,0,1,0,0,0,0,1,0,0,1,0,38.41594,-93.08393,0,12/11/2019,20:00:00,OCCURRED AS VEH1 TRAVELED OFF ROADWAY AND STRUCK GUARDRAIL. VEH1 THEN VAULTED AND OVERTURNED INTO A CREEK. ASSISTED BY BENTON COUNTY DEPUTIES
1181083,3190035898,Missouri State Highway Patrol-Troop B,1576022400000,190718110,2,0,2,0,Personal Injury,RANDOLPH,NON-CITY OR UNINCORPORATED,B,1,1,0,2307,0.44,B ,W ,CRD 2130,CRD 2140,Dark-Unlighted,Fixed Object,2,,Wed     ,0,0,0,0,1,1,1,0,0,0,0,0,0,0,0,1,0,0,0,0,0,0,0,0,0,39.41533,-92.5732,0,12/11/2019,20:40:00,"DRIVER 01 LOST CONTROL OF VEHICLE 01 WHILE ATTEMPTING TO AVOID STRIKING A DEER.  VEHICLE 01 RAN OFF THE RIGHT SIDE OF THE ROADWAY, RETURNED TO THE ROADWAY, RAN OFF THE LEFT SIDE OF THE ROADWAY AND OVERTURNED."
1212121,3190035300,Missouri State Highway Patrol-Troop F,1576108800000,190718325,2,0,2,0,Personal Injury,COLE,NON-CITY OR UNINCORPORATED,F,1,1,0,179,0.03,B ,W ,NOR 50,CRD BUSINESS 50 WEST,Dark-Unlighted,Fixed Object,2,,Thu     ,0,0,0,0,1,0,0,0,0,0,0,0,0,0,0,1,0,0,0,0,0,0,0,0,0,38.58175,-92.28296,0,12/12/2019,02:40:00,"OCCURRED AS VEHICLE 1 TRAVELED AROUND A CURVE. VEHICLE 1 TRAVELED OFF THE RIGHT SIDE OF THE ROADWAY, STRUCK A CONCRETE WALL, AND OVERTURNED."
1141519,3190034420,Missouri State Highway Patrol-Troop E,1576108800000,190718366,1,0,1,0,Personal Injury,BUTLER,NON-CITY OR UNINCORPORATED,E,2,2,0,221,0.04,B ,E ,US 60,CRD 586,Dark-Unlighted,Motor Vehicle in Transport,1,61,Thu     ,0,0,0,0,0,0,0,0,0,0,0,0,0,0,0,1,0,0,0,0,1,0,0,1,0,36.79055,-90.24507,0,12/12/2019,06:20:00,CRASH OCCURRED AS VEHICLE 1 STRUCK THE REAR OF VEHICLE 2.  VEHICLE 1 THEN RAN OFF ROADWAY AND STRUCK A SIGN. DAMAGE TO ONE DO NOT ENTER SIGN
1296251,3190034528,Missouri State Highway Patrol-Troop C,1576108800000,190718375,1,0,1,0,Personal Injury,ST. LOUIS,NON-CITY OR UNINCORPORATED,C,2,2,0,121,0.02,A ,E ,IS 270,ERM NORTH IS 270 MILE 18,Dark-Lighted,Motor Vehicle in Transport,1,61,Thu     ,0,0,0,0,0,0,0,1,0,0,0,0,0,0,0,0,0,0,0,0,0,0,0,0,0,38.51214,-90.36742,0,12/12/2019,06:25:00,VEHICLES 1 AND 2 WERE TRAVELING WESTBOUND INTERSTATE 270 EAST OF MISSOURI 21. VEHICLE 1 SLOWED FOR CONGESTED TRAFFIC AHEAD.  THE FRONT OF VEHICLE 2 STRUCK THE REAR OF VEHICLE 1.
1253349,3190034253,Missouri State Highway Patrol-Troop C,1576108800000,190718461,1,0,1,0,Personal Injury,FRANKLIN,NON-CITY OR UNINCORPORATED,C,1,1,0,189,0.04,B ,W ,MO 100,CRD SAUER FORD RD,Daylight,Fixed Object,2,,Thu     ,0,0,0,0,0,0,0,0,0,0,0,0,0,0,0,0,0,0,0,0,0,0,0,0,0,38.63506,-91.32673,0,12/12/2019,07:20:00,VEHICLE 1 WAS TRAVELING WESTBOUND ON MISSOURI 100.  DRIVER 1 FELL ASLEEP CAUSING VEHICLE 1 TO TRAVEL OFF THE RIGHT SIDE OF THE ROADWAY AND STRIKE A TREE.
1319975,3190034865,Missouri State Highway Patrol-Troop G,1576108800000,190718576,2,0,2,0,Personal Injury,REYNOLDS,CENTERVILLE,G,2,2,Y,443,0.08,A ,S ,MO 21,CST B STREET,Daylight,Motor Vehicle in Transport,1,64,Thu     ,0,0,0,0,0,0,0,1,0,0,0,0,0,0,1,1,0,0,0,0,0,0,0,0,1,37.43981,-90.96225,0,12/12/2019,07:55:00,CRASH OCCURRED WHEN VEHICLE #1 ATTEMPTED TO PASS VEHICLE #2 WHILE VEHICLE #2 WAS MAKING A LEFT HAND TURN.  VEHICLE #1 TRAVELED OFF THE LEFT SIDE OF THE ROADWAY AND OVERTURNED.  ASSISTED BY REYNOLDS COUNTY SHERIFF'S DEPARTMENT.
1253354,3190034431,Missouri State Highway Patrol-Troop C,1576108800000,190718998,1,0,1,0,Personal Injury,FRANKLIN,NON-CITY OR UNINCORPORATED,C,1,1,0,1235,0.23,A ,N,CRD PRAIRIE DELL RD,CRD INDIAN PRAIRIE RD,Daylight,Fixed Object,2,,Thu     ,0,0,0,0,0,0,0,1,1,0,0,0,0,0,0,0,0,0,0,0,1,0,0,1,0,38.40849,-90.95572,0,12/12/2019,10:30:00,VEHICLE 1 WAS TRAVELING NORTHBOUND ON PRAIRIE DELL ROAD AND TRAVELED OFF THE RIGHT SIDE OF THE ROADWAY AND STRUCK A DITCH.   DRIVER 1 WAS ABLE TO REMOVE THE VEHICLE AND DRIVE BACK TO HER RESIDENCE.
1277892,3190035472,Missouri State Highway Patrol-Troop C,1576108800000,190719140,1,0,1,0,Personal Injury,ST. CHARLES,LAKE ST LOUIS,C,1,1,0,73,0.01,A ,W ,IS 70,ERM WEST IS 70 MILE 2130,Daylight,Jackknife,2,,Thu     ,0,0,0,0,0,0,0,0,0,0,0,0,0,0,0,0,0,0,0,0,1,0,0,1,1,38.8048,-90.79044,0,12/12/2019,12:05:00,THE TOWED UNIT OF VEHICLE 1 STARTED TO SWAY AND DRIVER 1 LOST CONTROL.  VEHICLE 1 TRAVELED OFF THE RIGHT SIDE OF ROADWAY AND THE TOWED UNIT OVERTURNED.  ASSISTED BY MSGT J. L. DECKER (240) AND TPR T. N. ZIEGLER (1440)
861939,3190034879,Missouri State Highway Patrol-Troop A,1576108800000,190719394,1,0,1,0,Personal Injury,LAFAYETTE,NON-CITY OR UNINCORPORATED,A,1,1,0,227,0.04,A ,W ,IS 70,ERM WEST IS 70 MILE 532,Daylight,Overturn,2,,Thu     ,0,0,0,0,0,0,0,1,1,0,0,0,0,0,0,1,0,0,0,0,0,0,0,0,1,38.99217,-93.66466,0,12/12/2019,13:45:00,CRASH OCCURRED AS VEHICLE 1 TRAVELED OFF THE NORTH SIDE OF THE ROADWAY AND OVERTURNED.  ASSISTED BY CPL J.L. DILLON/215/
1499781,3190034223,Missouri State Highway Patrol-Troop H,1576108800000,190719615,2,0,2,0,Personal Injury,CLINTON,NON-CITY OR UNINCORPORATED,H,2,2,0,133,0.03,B ,N,IS 35,ERM NORTH IS 35 MILE 496,Daylight,Working Motor Vehicle,1,61,Thu     ,0,0,0,0,0,0,0,1,0,0,0,0,0,1,0,1,0,0,0,0,1,0,0,0,1,39.68702,-94.23067,0,12/12/2019,14:50:00,"CRASH OCCURRED AS NR2 MODOT ATTENUATOR WORK TRUCK WAS IN THE PROCESS OF REPAIRING THE NORTHBOUND PASSING LANE OF I - 35 AND NR1 WAS NORTHBOUND. NR2 WAS STRUCK IN THE REAR BY NR1 IN THE PASSING LANE WHERE BOTH VEHICLES CAME TO REST. ASSISTED BY SGT L.M. NEWMAN (576), SGT A.A. HENRY (187), TPR T.N. GARTON (408), TPR M.S. CLINE (440), AND CAMERON PD."
883471,3190034332,Missouri State Highway Patrol-Troop A,1576108800000,190719844,1,0,1,0,Personal Injury,BATES,NON-CITY OR UNINCORPORATED,A,1,1,0,696,0.13,A ,S ,CRD NE 8003,CRD NE 13274,Daylight,Overturn,2,,Thu     ,0,0,0,0,1,0,0,0,0,0,0,0,0,0,0,1,0,0,0,0,0,0,0,0,0,38.40816,-94.19794,0,12/12/2019,16:30:00,OCCURRED AS VEH1 TRAVELED OFF THE RIGHT SIDE OF THE ROADWAY BEFORE APPROACHING THE BRIDGE. IT THEN STRADDLED THE LOW RAILING ON THE BRIDGE WHICH CAUSED THE VEHICLE TO OVERTURN INTO A CREEK WHERE IT CAME TO REST ON THE DRIVER'S SIDE. ASSISTD BY BATES COUNTY AND ADRIAN FIRE.
1064942,3190034778,Missouri State Highway Patrol-Troop I,1576108800000,190719991,1,0,0,1,Personal Injury,LACLEDE,NON-CITY OR UNINCORPORATED,I,1,1,0,2439,0.46,A ,W ,MO 32,CRD NEOSHO DRIVE,Dark-Unlighted,Pedestrian,1,,Thu     ,0,0,0,0,0,0,0,0,0,0,0,0,0,0,0,0,0,0,0,0,0,0,0,0,0,37.64676,-92.73054,0,12/12/2019,17:40:00,"OCCURRED AS THE PEDESTRIAN WAS HELPING TO PUSH A STRANDED VEHICLE INTO A DRIVEWAY. VEH 1 APPROACHED THE STRANDED VEHICLE, DRIVER 1 WAS UNABLE TO SEE THE VEHICLE DUE TO A HILLCREST AND NO WORKING LIGHTS ON THE STRANDED VEHICLE. VEHICLE 1 SWERVED TO MISS THE OTHER VEHCILE AND STRUCK THE PEDESTRIAN."
801361,3190035360,Missouri State Highway Patrol-Troop A,1576108800000,190720018,1,0,1,0,Personal Injury,JACKSON,LEES SUMMIT,A,2,2,0,440,0.08,B ,W ,IS 470,ERM SOUTH IS 470 MILE 154,Dark-Unlighted,Motor Vehicle in Transport,1,61,Thu     ,0,0,0,0,0,0,0,0,0,0,0,0,0,0,0,1,0,0,0,0,0,0,0,0,0,39.02409,-94.36034,0,12/12/2019,17:50:00,CRASH OCCURRED AS VEHICLE #1 SLOWED FOR TRAFFIC CONGESTION UP AHEAD AND WAS STRUCK IN THE REAR BY VEHICLE #2.
1178258,3190034661,Missouri State Highway Patrol-Troop F,1576108800000,190720112,0,1,0,0,Fatal,CAMDEN,NON-CITY OR UNINCORPORATED,F,1,1,0,3168,0.6,A ,S ,RT AA,CRD BIG ISLAND DR,Dark-Unlighted,Fixed Object,2,,Thu     ,0,0,0,0,0,0,0,1,1,0,0,0,0,0,0,1,0,0,0,0,0,0,0,0,0,38.03641,-92.8627,1,12/12/2019,18:45:00,"***FATALITY ACCIDENT******NEXT OF KIN NOTIFIED*** OCCURRED AS VEHICLE 1 TRAVELED OFF THE RIGHT SIDE OF THE ROADWAY AND STRUCK A TREE.  PRONOUNCED ON SCENE BY CAMDEN COUNTY MEDICAL EXAMINER JASON ELLIOTT AT 1947 HOURS. THIS IS TROOP F'S 2ND FATALITY FOR DECEMBER AND 57TH FOR THE YEAR.  ASSISTED BY CPL. D. D. MATHES (843), TPR. S. R. HOUSE (413)   AND TPR. J. C. SOUTHWOOD (1448)"
1499780,3190035247,Missouri State Highway Patrol-Troop H,1576108800000,190720228,1,0,1,0,Personal Injury,CLINTON,NON-CITY OR UNINCORPORATED,H,2,2,0,11,0,B ,N,IS 35,ERM NORTH IS 35 MILE 444,Dark-Unlighted,Motor Vehicle in Transport,1,61,Thu     ,0,0,0,0,0,0,0,0,0,0,0,0,0,0,0,1,0,0,0,0,0,0,0,0,0,39.61346,-94.24975,0,12/12/2019,20:17:00,CRASH OCCURRED AS NR1 AND NR2 WERE NORTHBOUND. NR1 STRUCK NR2 IN REAR WENT OFF THE EAST SIDE OF ROADWAY DOWN AN EMBANKMENT. NR1 CAME BACK UP THE EMBANKMENT AND STOPPED ON THE SHOULDER OF THE ROADWAY.  ASSISTED BY CLINTON CO SO.
1249534,3190034590,Missouri State Highway Patrol-Troop C,1576108800000,190720273,1,0,1,0,Personal Injury,STE. GENEVIEVE,ST MARY,C,1,1,0,52,0.01,A ,N,US 61,CST THIRD STREET,Dark-Lighted,Fixed Object,2,,Thu     ,1,0,0,0,1,0,0,0,0,0,0,0,0,0,0,1,0,0,0,0,1,0,0,1,0,37.87456,-89.9429,0,12/12/2019,20:30:00,VEHICLE 1 TRAVELED OFF THE RIGHT SIDE OF THE ROADWAY AND STRUCK A DITCH.
1038383,3190034599,Missouri State Highway Patrol-Troop I,1576108800000,190720403,1,0,1,0,Personal Injury,MARIES,NON-CITY OR UNINCORPORATED,I,1,1,Y,3168,0.6,A ,E ,CRD 627,RT BB,Dark-Unlighted,Overturn,2,,Thu     ,0,0,0,0,1,1,1,0,0,0,0,0,0,0,0,1,0,0,0,0,0,0,0,0,0,38.01335,-92.11208,0,12/12/2019,22:21:00,"CRASH OCCURRED AS VEHILE 1 BEGAN SKIDDING, CROSSING THE CENTER OF THE ROAD AND TRAVELING OFF THE LEFT SIDE OF THE ROAD BEFORE OVERTURNING AND COMING TO REST ON ITS ROOF.  DRIVER IS UNKNOWN."
1301247,3190036855,Missouri State Highway Patrol-Troop C,1576195200000,190720532,1,0,0,1,Personal Injury,ST. CHARLES,NON-CITY OR UNINCORPORATED,C,1,1,0,512,0.1,B ,E ,MO 94,RT F,Dark-Unlighted,Fixed Object,2,,Unk     ,,,,,,0,0,1,1,0,0,0,0,0,0,,0,0,,0,0,0,0,0,0,38.6489,-90.77539,0,12/13/2019,00:00:00,"VEHICLE 1 WAS TRAVELING WESTBOUND ON HIGHWAY 94, CROSSED THE CENTER LINE AND TRAVELED OFF THE LEFT SIDE OF THE ROADWAY. VEHICLE 1 THEN CROSSED TWO DRIVEWAYS, STRUCK THE GROUND AND AN EMBANKMENT, BECAME AIRBORNE, STRUCK SEVERAL TREES, AND CAME TO REST IN A DITCH."
1210831,3190036439,Missouri State Highway Patrol-Troop C,1576195200000,190720646,0,0,0,0,Property Damage,ST. LOUIS,BERKELEY,C,2,2,0,36,0.01,B ,W ,IS 70,BRIDGE A6111,Dark-Lighted,Motor Vehicle in Transport,1,63,Fri     ,0,0,0,0,0,0,0,0,0,0,0,0,0,0,0,1,0,0,0,0,0,0,0,0,1,38.72455,-90.32471,0,12/13/2019,06:44:00,"FATALITY REPORT - DRIVER #1 CHANGED LANES INTO PATH OF VEHICLE #2 CAUSING THE PASSENGER  FRONT OF VEHICLE #1 TO STRIKE THE DRIVER SIDE OF VEHICLE #2. DRIVER #2 PRONOUNCED AT SSM HEALTH DEPAUL HOSPITAL BY DR. LEACOCK AT 0753 HOURS ON 12/13/2019. ASSISTED BY TPR. A.D. BAKER #151, TPR. A.M. COLLINS #216, TPR. Z.C. KRAL #1379 AND LT. K.W. MALUGEN #87."
1329845,3190034417,Missouri State Highway Patrol-Troop G,1576195200000,190720847,1,0,1,0,Personal Injury,HOWELL,NON-CITY OR UNINCORPORATED,G,1,1,0,168,0.03,B ,W ,US 160,BRIDGE A4348,Daylight,Fixed Object,2,,Fri     ,0,0,0,0,0,0,0,0,0,0,0,0,0,0,0,0,0,0,0,0,0,0,0,0,0,36.64265,-91.94225,0,12/13/2019,08:30:00,CRASH OCCURRED AS VEH 1 RAN OFF ROADWAY AND STRUCK A CULVERT
1210845,3190036896,Missouri State Highway Patrol-Troop C,1576195200000,190721079,1,1,0,1,Fatal,ST. LOUIS,BERKELEY,C,5,5,0,163,0.03,B ,W ,IS 70,BRIDGE L0812,Daylight,Motor Vehicle in Transport,1,61,Fri     ,0,0,0,0,1,0,0,1,1,0,0,0,0,0,0,1,0,0,0,0,1,0,0,0,1,38.72533,-90.32566,1,12/13/2019,06:45:00,"ALL VEHICLES WERE TRAVELING WESTBOUND ON INTERSTATE 70. VEHICLE 1 WAS IN LANE TWO AND STRUCK THE REAR OF VEHICLE 3. VEHICLE 3 STRUCK THE REAR VEHICLE 4.  VEHICLE 3 CONTINUED INTO LANE FOUR AND STRUCK VEHICLE 2.  ASSISTED BY CPL Z.S. WANG 1392, TPR Z.C. KARL 1379 AND TPR A. BAKER 151"
1222382,3190036585,Missouri State Highway Patrol-Troop C,1576195200000,190721297,1,0,1,0,Personal Injury,ST. LOUIS,FLORISSANT,C,2,2,0,15,0,B ,W ,IS 270,ERM WEST IS 270 MILE 272,Daylight,Motor Vehicle in Transport,1,61,Fri     ,0,1,0,0,0,0,0,0,0,0,0,0,0,0,0,0,0,0,0,0,0,0,0,0,1,38.77463,-90.32513,0,12/13/2019,11:25:00,VEHICLE 1 WAS FOLLOWING VEHICLE 2 IN LANE 2 WESTBOUND 270. VEHICLE 2 SLOWED FOR TRAFFIC CONGESTION. VEHICLE 1 FAILED TO SLOW AND THE FRONT OF VEHICLE 1 STRUCK THE REAR OF VEHICLE 2'S TOWED UNIT.
782079,3190036645,Missouri State Highway Patrol-Troop A,1576195200000,190721358,0,1,0,0,Fatal,HENRY,CLINTON,A,2,2,0,0,0,AT,N,MO 7,CST GOLDEN DR,Daylight,Motor Vehicle in Transport,1,64,Fri     ,0,0,0,0,1,0,0,1,1,0,0,0,0,0,0,1,0,0,0,0,0,0,0,0,1,38.38807,-93.76114,1,12/13/2019,10:31:00,"***FATALITY CRASH***NEXT OF KIN NOTIFIED***TROOP A FATAL CRASH #63, FATALITY #69 FOR 2019*** CRASH OCCURRED AS VEHICLE1 WAS TRAVELING WESTBOUND AND VEHICLE2 WAS TRAVELING EASTBOUND ON MO7. VEHICLE2 ATTEMPTED TO MAKE A LEFT TURN  AND TRAVELED INTO THE PATH OF VEHICLE1. DRIVER2 WAS PRONOUNCED AT GOLDEN VALLEY HOSPITAL AT 1132 BY DR. SORIN. ASSISTED BY CPL. R.C. WEST (1170), TPR. D.J. MAUPIN (1369), TPR. D.W. SCHUBERT (1228), AND CLINTON POLICE DEPARTMENT."
939887,3190034712,Missouri State Highway Patrol-Troop D,1576195200000,190721364,0,0,0,0,Property Damage,CHRISTIAN,NON-CITY OR UNINCORPORATED,D,1,1,0,776,0.15,A ,N,RT JJ,PVT WOODHURST RD,Daylight,Fixed Object,2,,Fri     ,0,0,0,0,1,0,0,1,1,0,0,0,0,0,0,1,0,0,0,0,1,0,0,1,0,37.01694,-93.14335,0,12/13/2019,11:55:00,CRASH OCCURRED AS VEH 2 TRAVELED INTO THE PATH OF VEH 1.
1282261,3190036045,Missouri State Highway Patrol-Troop C,1576195200000,190721430,2,0,2,0,Personal Injury,ST. CHARLES,O'FALLON,C,3,3,0,1130,0.21,A ,S ,MO 79,CST T R HUGHES BLVD,Daylight,Motor Vehicle in Transport,1,61,Fri     ,0,0,0,0,0,0,0,1,0,0,0,0,0,0,0,1,0,0,0,0,1,0,0,1,1,38.82351,-90.66051,0,12/13/2019,12:25:00,VEHICLE #1 STRUCK THE REAR OF VEHICLE #2 AND FORCED IT INTO THE NORTHBOUND LANE.  THE FRONT OF VEHICLE #2 STRUCK THE FRONT OF VEHICLE #3.