objectid,accident,agency,inv_date,complaint,injured,killed,min_inj,dis_inj,severity,county,city,troop,no_vehicle,motor_veh,left_scene,dist_feet,dist_mile,inter_loc,direction,on_street,at_street,light_cond,acc_type,on_off_rd,two_veh,day_week,dr_drink,dr_drug,ped_drink,ped_drug,speed,dr_under21,dr_under25,dr_over55,dr_over64,electrical,emer_veh,stop_sign,yield_sign,czone,hazmat,aggressive,cell_phone,texting,veh_defect,school_bus,truck,motorcycle,atv,pickup,cmv,gps_lat,gps_long,severity_fatal,acc_date,acc_time,narrative
1133690,3190034538,Missouri State Highway Patrol-Troop E,1576195200000,190721821,1,0,0,1,Personal Injury,RIPLEY,NON-CITY OR UNINCORPORATED,E,2,2,0,675,0.13,A ,E ,US 160,CRD 160E-32,Daylight,Motor Vehicle in Transport,1,64,Fri     ,0,0,0,0,1,0,1,0,0,0,0,0,0,0,0,1,0,0,0,0,1,0,0,1,1,36.66094,-90.59417,0,12/13/2019,14:45:00,CRASH OCCURRED AS VEHICLE ONE TRAVELED INTO PATH OF VEHICLE TWO AND STRUCK VEHICLE TWO ON THE SIDE
1249238,3190035513,Missouri State Highway Patrol-Troop C,1576195200000,190721908,1,0,1,0,Personal Injury,STE. GENEVIEVE,NON-CITY OR UNINCORPORATED,C,1,1,0,670,0.13,B ,S ,IS 55,ERM IS 55 SOUTH MILE 1622,Daylight,Fixed Object,2,,Fri     ,0,0,0,0,0,0,0,1,1,0,0,0,0,0,0,1,0,0,0,0,0,0,0,0,0,38.05601,-90.27655,0,12/13/2019,15:25:00,VEHICLE 1 TRAVELED OFF LEFT SIDE OF ROADWAY AND STRUCK THE CABLE BARRIER.
939888,3190034318,Missouri State Highway Patrol-Troop D,1576195200000,190721926,1,0,1,0,Personal Injury,CHRISTIAN,NON-CITY OR UNINCORPORATED,D,2,2,0,0,0,AT,W ,RT AA,CRD OWEN,Daylight,Motor Vehicle in Transport,1,64,Fri     ,0,0,0,0,0,1,1,0,0,0,0,1,0,0,0,1,0,0,0,0,0,0,0,0,0,37.08906,-93.31091,0,12/13/2019,15:30:00,NBR 2 FAILED TO YIELD AND PULLED INTO THE PATH OF NBR 1.  NBR 1 STRUCK NBR 2.
1038385,3190034483,Missouri State Highway Patrol-Troop I,1576195200000,190722033,1,0,1,0,Personal Injury,MARIES,NON-CITY OR UNINCORPORATED,I,2,2,0,232,0.04,B ,S ,US 63,CRD 443,Daylight,Motor Vehicle in Transport,1,61,Fri     ,0,0,0,0,0,1,1,0,0,0,0,0,0,0,0,0,0,0,0,0,1,0,0,1,0,38.09721,-91.75957,0,12/13/2019,16:15:00,OCCURRED AS VEHICLE 1 STRUCK THE REAR OF VEHICLE 2
901530,3190035253,Missouri State Highway Patrol-Troop D,1576195200000,190722049,7,0,7,0,Personal Injury,ST. CLAIR,NON-CITY OR UNINCORPORATED,D,2,2,0,0,0,AT,E ,CRD SE 400,MO 13,Dark-Unlighted,Motor Vehicle in Transport,1,64,Fri     ,0,0,0,0,0,0,0,0,0,0,0,0,1,0,0,1,0,0,0,0,0,0,0,0,0,37.96059,-93.64338,0,12/13/2019,16:20:00,NBR 1 FAILED TO YIELD.  NBR 1 PULLED INTO THE PATH OF NBR 2 AND WAS STRUCK BY NBR 2.
1296250,3190036666,Missouri State Highway Patrol-Troop C,1576195200000,190722216,2,0,2,0,Personal Injury,ST. LOUIS,NON-CITY OR UNINCORPORATED,C,3,3,0,110,0.02,B ,E ,IS 270,ERM EAST IS 270 MILE 312,Dark-Lighted,Motor Vehicle in Transport,1,61,Fri     ,0,0,0,0,0,1,1,1,1,0,0,0,0,0,0,0,0,0,0,0,1,0,0,1,0,38.77075,-90.25172,0,12/13/2019,17:33:00,"DRIVER 3 FAILED TO NOTICE VEHICLES 1 AND 2 STOPPED FOR TRAFFIC AND THE FRONT OF VEHICLE 3 STRUCK THE REAR VEHICLE 2, CAUSING VEHICLE 2 TO STRIKE THE REAR OF VEHICLE 1."
1303110,3190035985,Missouri State Highway Patrol-Troop C,1576195200000,190722220,1,0,1,0,Personal Injury,ST. LOUIS,FENTON,C,3,3,0,258,0.05,A ,E ,IS 44,ERM EAST IS 44 MILE 2740,Dark-Unlighted,Motor Vehicle in Transport,1,61,Fri     ,0,0,0,0,0,1,1,0,0,0,0,0,0,0,,1,0,0,0,0,0,0,0,0,1,38.5425,-90.47037,0,12/13/2019,17:40:00,VEHICLES 1 AND 2 WERE TRAVELING EAST IN LANE 2. VEHICLE 2 DID NOT KEEP A PROPER LOOKOUT AND THE FRONT OF VEHICLE 2 STRUCK THE REAR OF VEHICLE 1. THE IMPACT CAUSED VEHICLE 1 TO SPIN INTO LANE 3. VEHICLE 3 WAS FOLLOWING BOTH VEHICLES IN LANE 3. THE FRONT OF VEHICLE 3 STRUCK THE FRONT OF VEHICLE 1.
1193026,3190034793,Missouri State Highway Patrol-Troop F,1576195200000,190722588,1,0,1,0,Personal Injury,CALLAWAY,NON-CITY OR UNINCORPORATED,F,2,2,Y,0,0,AT,E ,IS 70,ERM EAST IS 70 MILE 1546,Dark-Unlighted,Motor Vehicle in Transport,1,63,Fri     ,0,0,0,0,0,,1,,,0,0,0,0,0,0,1,0,0,0,0,0,0,0,0,1,38.93774,-91.8216,0,12/13/2019,20:35:00,OCCURRED AS VEHICLE 1 WAS TRAVELING EASTBOUND. VEHICLE 1 HAD AN EQUIPMENT DEFECT. VEHICLE 1 TRAVELED INTO THE RIGHT LANE AND STRUCK AN UNKNOWN TRACTOR TRAILER. VEHICLE 1 THEN TRAVELED OFF THE LEFT SIDE OF THE ROADWAY INTO THE MEDIAN AND STRUCK THE MEDIAN CABLE BARRIERS.
1296246,3190036906,Missouri State Highway Patrol-Troop C,1576195200000,190722815,1,0,1,0,Personal Injury,ST. LOUIS,NON-CITY OR UNINCORPORATED,C,2,2,0,332,0.06,B ,W ,IS 270,CST WEST FLORISSANT AVE,Dark-Unlighted,Motor Vehicle in Transport,1,63,Fri     ,0,0,0,0,0,0,0,1,1,0,0,0,0,0,0,1,0,0,0,0,0,0,0,0,1,38.77127,-90.27881,0,12/13/2019,22:25:00,VEHICLE 2 MADE AN UNSAFE LANE CHANGE AND THE RIGHT SIDE OF VEHICLE 2 STRUCK THE LEFT SIDE OF VEHICLE 1. VEHICLE 1 TRAVELED OFF THE RIGHT SIDE OF THE ROADWAY AND STRUCK A DITCH
1190883,3190034418,Missouri State Highway Patrol-Troop B,1576281600000,190723054,1,0,0,1,Personal Injury,ST. LOUIS CITY,ST LOUIS,C,1,1,0,105,0.02,B ,E ,IS 44,RP 901744,Dark-Lighted,Fixed Object,2,,Sat     ,,,,,,0,1,0,0,0,0,0,0,0,0,,0,0,,0,0,0,0,0,0,38.63762,-90.18612,0,12/14/2019,00:20:00,"VEHICLE 1 STRUCK THE LEFT CONCRETE MEDIAN BARRIER, CROSSED OVER THE LANES AND HIT A RETAINING WALL ON THE RIGHT."
1141520,3190036849,Missouri State Highway Patrol-Troop E,1576281600000,190723184,1,0,0,1,Personal Injury,BUTLER,NON-CITY OR UNINCORPORATED,E,2,2,0,0,0,AT,E ,US 60,RT DD,Dark-Unlighted,Motor Vehicle in Transport,1,64,Sat     ,0,0,0,0,0,0,1,0,0,0,0,1,0,0,1,1,0,0,0,0,0,0,0,0,1,36.79044,-90.20894,0,12/14/2019,02:00:00,CRASH OCCURRED AS VEHICLE 1 FAILED TO YIELD AND STRUCK VEHICLE 2
1320409,3190035620,Missouri State Highway Patrol-Troop G,1576281600000,190723276,2,1,0,2,Fatal,TEXAS,NON-CITY OR UNINCORPORATED,G,2,2,0,1958,0.37,A ,N,MO 137,BRIDGE S0528,Dark-Unlighted,Motor Vehicle in Transport,1,60,Sat     ,1,0,0,0,0,0,0,0,0,0,0,0,0,0,0,1,0,0,0,0,0,0,0,0,0,37.0611,-91.90852,1,12/14/2019,06:14:00,"FATALITY ACCIDENT   NEXT OF KIN NOTIFIED   CRASH OCCURRED AS VEHICLE ONE TRAVELED OVER THE CENTERLINE  INTO THE PATH OF VEHICLE  TWO CAUSING VEHICLE ONE TO OVERTURN. BOTH VEHICLES CAME TO REST OFF THE ROADWAY. THE PASSENGER IN VEHICLE NUMBER TWO WAS PRONOUNCED DECEASED AT 0834 HOURS BY TEXAS COUNTY CORONER MARIE LASATER AT THE ACCIDENT SCENE AND TRANSPORTED TO THE TEXAS COUNTY JUSTICE CENTER.   TROOP G FATALITY  #41 COMPARED TO #37 THIS SAME TIME LAST YEAR.   ASSISTED BY TPR. M K EDEN (1326) MSHP MAJOR CRASH INVESTIGATION UNIT, CPL. T R NELSON (655), TPR. J M KENYON (1213) AND TPR. M BARRON (122)."
1162055,3190034694,Missouri State Highway Patrol-Troop F,1576281600000,190723511,2,0,2,0,Personal Injury,BOONE,NON-CITY OR UNINCORPORATED,F,2,2,0,2196,0.42,A ,W ,MO 124,RT YY,Daylight,Motor Vehicle in Transport,1,60,Sat     ,0,0,0,0,0,1,1,0,0,0,0,0,0,0,0,1,0,0,0,0,0,0,0,0,0,39.12867,-92.40017,0,12/14/2019,09:53:00,CRASH OCCURRED AS VEHICLE 1 DROVE OFF RIGHT SIDE OF ROADWAY OVERCORRECTED CROSSED THE CENTERLINE AND STRUCK EASTBOUND VEHICLE 2 NEARLY HEAD-ON. ASSISTED BY TPR. B. L. HARRIS (700)
1224363,3190035522,Missouri State Highway Patrol-Troop C,1576281600000,190723553,1,0,1,0,Personal Injury,JEFFERSON,NON-CITY OR UNINCORPORATED,C,1,1,0,522,0.1,B ,W ,RT H,CRD WARE RD,Daylight,Fixed Object,2,,Sat     ,0,0,0,0,1,0,0,1,1,0,0,0,0,0,0,1,0,0,0,0,0,0,0,0,0,38.1599,-90.69097,0,12/14/2019,10:15:00,VEHICLE 1 TRAVELED OFF THE RIGHT SIDE OF THE ROADWAY. VEHICLE 1 RETURNED TO THE ROADWAY THEN TRAVELED OFF THE RIGHT SIDE OF THE ROADWAY STRIKING AN EMBANKMENT AND OVERTURNING
1224362,3190035033,Missouri State Highway Patrol-Troop C,1576281600000,190723632,1,0,1,0,Personal Injury,JEFFERSON,NON-CITY OR UNINCORPORATED,C,1,1,0,258,0.05,A ,N,RT B,CRD BUTCHER BRANCH RD,Daylight,Overturn,2,,Sat     ,0,0,0,0,1,1,1,0,0,0,0,0,0,0,0,1,0,0,0,0,0,0,0,0,0,38.22739,-90.60172,0,12/14/2019,10:47:00,VEHICLE 1 TRAVELED OFF THE LEFT SIDE OF THE ROADWAY AND STRUCK A SIGN
1224364,3190036910,Missouri State Highway Patrol-Troop C,1576281600000,190723985,1,0,0,1,Personal Injury,JEFFERSON,NON-CITY OR UNINCORPORATED,C,1,1,0,63,0.01,A ,N,MO 21,CRD BRITTON RD SJ,Daylight,Fixed Object,2,,Sat     ,0,0,0,0,0,0,0,0,0,0,0,0,0,0,0,0,0,0,0,0,1,0,0,1,0,38.08388,-90.654,0,12/14/2019,14:03:00,"VEHICLE #1 TRAVELED OFF THE EAST SIDE OF THE ROADWAY STRIKING A TREE, OVERTURNED BEFORE STRIKING A SECOND TREE."
1224361,3190035802,Missouri State Highway Patrol-Troop C,1576281600000,190724047,1,0,0,1,Personal Injury,JEFFERSON,NON-CITY OR UNINCORPORATED,C,1,1,0,2640,0.5,B ,S ,MO 21,CRD BRITTON RD NJ,Daylight,Fixed Object,2,,Sat     ,0,0,0,0,1,0,0,0,0,0,0,0,0,0,0,1,0,0,0,0,1,0,0,1,0,38.08309,-90.63488,0,12/14/2019,14:35:00,"DRIVER #1 ATTEMPTED TO NEGOTIATE A CURVE AND VEHICLE #1 BEGAN SKIDDING. VEHICLE #1 TRAVELED OFF THE LEFT SIDE OF THE ROAD AND STRUCK A TREE WITH ITS RIGHT SIDE.  DRIVER #1 WAS EJECTED.  VEHICLE #1 CAME TO REST OFF THE LEFT SIDE OF THE ROAD, FACING NORTHWEST."
918445,3190035016,Missouri State Highway Patrol-Troop D,1576281600000,190724333,1,0,1,0,Personal Injury,JASPER,NON-CITY OR UNINCORPORATED,D,1,1,0,390,0.07,B ,W ,IS 44,ERM WEST IS 44 MILE 234,Dark-Unlighted,Overturn,1,,Unk     ,0,0,0,0,0,0,0,1,0,0,0,0,0,0,0,1,1,0,0,0,0,0,0,0,0,0,0,0,12/14/2019,17:05:00,"CRASH OCCURRED AS VEHICLE #1 TRAVELED OFF THE LEFT SIDE OF THE ROADWAY. VEHICLE #1 BEGAN TO SKID AND TRAVELED OFF THE RIGHT SIDE OF THE ROADWAY, STRUCK A DITCH AND OVERTURNED, EJECTING THE DRIVER."
954024,3190034556,Missouri State Highway Patrol-Troop D,1576281600000,190724423,2,0,1,1,Personal Injury,GREENE,NON-CITY OR UNINCORPORATED,D,1,1,0,1029,0.19,B ,E ,CRD 168,RT N,Dark-Unlighted,Pedestrian,1,,Sat     ,0,0,0,0,0,1,1,0,0,0,0,0,0,0,0,0,0,0,0,0,0,0,0,0,0,37.14778,-93.48303,0,12/14/2019,17:50:00,CRASH OCCURRED AS PEDESTRIAN EXITED HIS VEHICLE TO CHECK ON AN INJURED ANIMAL IN THE ROADWAY.  VEHICLE 1 STRUCK THE PEDESTRIAN.
1296222,3190036326,Missouri State Highway Patrol-Troop C,1576281600000,190724520,1,0,1,0,Personal Injury,ST. LOUIS,NON-CITY OR UNINCORPORATED,C,2,2,0,110,0.02,A ,S ,IS 55,ERM SOUTH IS 55 MILE 1984,Dark-Lighted,Motor Vehicle in Transport,1,61,Sat     ,0,0,0,0,0,1,1,0,0,0,0,0,0,0,0,1,0,0,0,0,0,0,0,0,0,38.52172,-90.32396,0,12/14/2019,18:50:00,BOTH VEHICLES WERE SOUTHBOUND ON I-55 IN LANE 3. DRIVER 2 SWERVED TO AVOID ANOTHER VEHICLE WHICH ENTERED LANE 3. DRIVER 2 LOST CONTROL OF VEHICLE 2 AND THE FRONT OF VEHICLE 2 STRUCK THE REAR OF VEHICLE 1.
836705,3190034880,Missouri State Highway Patrol-Troop A,1576281600000,190724660,2,0,2,0,Personal Injury,CLAY,GLADSTONE,A,3,3,Y,135,0.03,B ,S ,IS 29,ERM SOUTH IS 29 MILE 22,Dark-Unlighted,Motor Vehicle in Transport,1,61,Sat     ,0,0,0,0,0,,,1,,0,0,0,0,0,0,0,0,0,0,0,0,0,0,0,0,39.18149,-94.58905,0,12/14/2019,20:05:00,CRASH OCCURRED AS VEHICLE 1 WAS ATTEMPTING TO MERGE AS TRAFFIC WAS STOPPED AHEAD. VEHICLE 1 STRUCK THE REAR OF VEHICLE 2 CAUSING VEHICLE 2 TO STRIKE THE REAR OF VEHICLE 3. VEHICLE 3 THEN LEFT THE SCENE OF THE CRASH. MSGT B. A. KUMPF /994/
1504023,3190036592,Missouri State Highway Patrol-Troop H,1576281600000,190724746,1,1,0,1,Fatal,LIVINGSTON,NON-CITY OR UNINCORPORATED,H,1,1,0,163,0.03,B ,S ,RT U,CRD 522,Dark-Unlighted,Fixed Object,2,,Sat     ,1,0,0,0,0,1,1,0,0,0,0,0,0,0,0,0,0,0,0,0,1,0,0,1,0,39.85327,-93.72417,1,12/14/2019,20:30:00,"FATALITY CRASH REPORT - NEXT OF KIN NOTIFIED - CRASH OCCURRED AS VEHICLE 1 WAS SOUTHBOUND ON RTE U AND TRAVELED OFF OF THE WEST SIDE OF THE ROADWAY.  DRIVER 1 OVERCORRECTED CAUSING VEHICLE 1 TO RETURN TO ROADWAY,  CROSS THE CENTER LINE AND TRAVEL OFF OF THE EAST SIDE OF THE ROADWAY.  VEHICLE 1 COLLIDED WITH AN EMBANKMENT, BECAME AIRBORNE AND OVERTURNED APPROXIMATELY 2 TIMES BEFORE COMING TO REST ON ITS DRIVER'S SIDE, FACING NORTH OFF OF THE EAST SIDE OF THE ROADWAY. DRIVER 1 WAS PRONOUNCED DECEASED BY LIVINGSTON COUNTY ASSISTANT CORONER BROOKS MACOUBRIE AT 2203 HOURS.  ASSISTED BY CPL. S.J. COOL (546), TPR. A.D. NEIGHBORS (1393), THE LIVINGSTON COUNTY SHERIFF'S DEPARTMENT AND THE CHILLICOTHE FIRE DEPARTMENT."
1286932,3190036836,Missouri State Highway Patrol-Troop C,1576368000000,190725204,2,0,2,0,Personal Injury,ST. LOUIS,SUNSET HILLS,C,2,2,0,395,0.07,A ,W ,IS 270,ERM SOUTH IS 270 MILE 44,Dark-Unlighted,Motor Vehicle in Transport,1,63,Sun     ,1,0,0,0,1,0,0,0,0,0,0,0,0,0,0,1,0,0,0,0,0,0,0,0,0,38.53111,-90.40654,0,12/15/2019,00:35:00,VEHICLE #1 STRUCK THE SIDE OF VEHICLE #2 CAUSING VEHICLE #2 TO STRIKE THE MEDIAN WALL.
1211057,3190036901,Missouri State Highway Patrol-Troop C,1576368000000,190725299,3,1,2,1,Fatal,ST. LOUIS,DES PERES,C,3,3,0,26,0,A ,E ,IS 270,CST DOUGHERTY FERRY RD,Dark-Unlighted,Motor Vehicle in Transport,1,60,Sun     ,1,0,0,0,0,1,1,1,1,0,0,0,0,0,0,0,0,0,0,0,0,0,0,0,0,38.58171,-90.44787,1,12/15/2019,01:42:00,"FATALITY REPORT - VEHICLE 1, TRAVELING IN THE WRONG DIRECTION,  STRUCK THE FRONT OF VEHICLE 2. VEHICLE 3 THEN STRUCK THE SIDE OF VEHICLE 2. OCCUPANT #2 PRONOUNCED BY KIRKWOOD FIRE PERSONNEL ON SCENE AT 0157 ON 12/15/2019. ASSISTED BY TPR. J. S. HUSKEY (1265), TPR. Q. H. HOOKS (373), TPR. B. G. GROVES (837), AND DES PERES PD"
1224365,3190035234,Missouri State Highway Patrol-Troop C,1576368000000,190725352,1,0,1,0,Personal Injury,JEFFERSON,NON-CITY OR UNINCORPORATED,C,1,1,0,26,0,A ,S ,MO 141,RP 6262,Dark-Lighted,Fixed Object,2,,Sun     ,0,0,0,0,0,0,0,0,0,1,0,0,0,0,0,1,0,0,0,0,0,0,0,0,0,38.46113,-90.42324,0,12/15/2019,03:05:00,VEHICLE 1 TRAVELED OFF THE LEFT SIDE OF THE ROADWAY AND STRUCK A TRAFFIC SIGNAL POST AND OVERTURNED.
939857,3190034527,Missouri State Highway Patrol-Troop D,1576368000000,190725367,0,1,0,0,Fatal,CHRISTIAN,NON-CITY OR UNINCORPORATED,D,1,1,0,1203,0.23,A ,E ,RT BB,CRD BRYANT RD,Dark-Unlighted,Fixed Object,2,,Unk     ,1,0,0,0,1,1,1,0,0,0,0,0,0,0,0,1,0,0,0,0,1,0,0,1,0,36.83867,-93.24427,1,12/15/2019,00:00:00,FATALITY REPORT- THIS IS TROOP D'S 109TH FATALITY FOR 2019.  NEXT OF KIN HAS BEEN NOTIFIED. ACCIDENT OCCURRED AS VEHICLE #1 TRAVELED OFF OF THE ROADWAY AND STRUCK A TREE. DRIVER WAS PRONOUNCED DECEASED AT THE SCENE AT 0700 HOURS BY CHRISTIAN COUNTY ASSISTANT CORONER TODD ANDERSON. THE EXACT TIME OF THIS ACCIDENT HAS NOT BEEN DETERMINED.
1016368,3190034852,Missouri State Highway Patrol-Troop D,1576368000000,190725386,1,0,1,0,Personal Injury,NEWTON,NON-CITY OR UNINCORPORATED,D,1,1,0,459,0.09,A ,N,RT M,CRD KENTUCKY RD,Dark-Unlighted,Animal,1,,Sun     ,0,0,0,0,0,0,0,0,0,0,0,0,0,0,0,0,0,0,0,0,0,0,0,0,0,36.8924,-94.1914,0,12/15/2019,06:47:00,OCCURRED AS VEHICLE #1 STRUCK A COW.
1128544,3190035144,Missouri State Highway Patrol-Troop E,1576368000000,190725436,1,0,0,1,Personal Injury,WAYNE,NON-CITY OR UNINCORPORATED,E,1,1,0,3695,0.7,A ,W ,CRD 430,CRD 406,Daylight,Fixed Object,2,,Sun     ,0,0,0,0,0,0,1,0,0,0,0,0,0,0,0,0,0,0,0,0,1,0,0,1,0,37.01065,-90.50894,0,12/15/2019,07:00:00,"CRASH OCCURRED AS VEHICLE 1 RAN OFF THE RIGHT SIDE OF THE ROADWAY, STRUCK AN EMBANKMENT, AND OVERTURNED."
1499810,3190035174,Missouri State Highway Patrol-Troop H,1576368000000,190725446,1,0,0,1,Personal Injury,CLINTON,NON-CITY OR UNINCORPORATED,H,1,1,0,15,0,B ,N,IS 35,ERM NORTH IS 35 MILE 492,Daylight,Fixed Object,2,,Sun     ,0,0,0,0,1,0,0,0,0,0,0,0,0,0,0,1,0,0,0,0,1,0,0,1,0,39.68168,-94.23207,0,12/15/2019,08:08:00,CRASH OCCURRED AS VEH#1 WAS NORTHBOUND.  DVR#1 LOST CONTROL ON ICE COVERED ROADWAY.  VEH#1 WENT OFF THE LEFT SIDE OF THE ROADWAY AND INTO THE MEDIAN.  VEH#1 HIT THE CROSSOVER AND CAME TO REST IN THE SB LANES OF I 35 FACING SOUTH. ASSISTED BY TPR.  B. T. QUIRING (907).
786757,3190034565,Missouri State Highway Patrol-Troop A,1576368000000,190725448,1,0,1,0,Personal Injury,HENRY,NON-CITY OR UNINCORPORATED,A,2,2,0,564,0.11,A ,N,MO 13,BRIDGE A5387,Daylight,Motor Vehicle in Transport,1,64,Sun     ,0,0,0,0,1,0,1,0,0,0,0,0,0,0,0,1,0,0,0,0,0,0,0,0,0,38.27728,-93.7596,0,12/15/2019,07:50:00,"CRASH OCCURRED AS VEH1 LOST CONTROL DUE TO ICE-COVERED ROADWAY. VEH1 SLID INTO THE LEFT LANE AND THEN OVERCORRECTED, ROTATING THE VEHICLE CLOCKWISE. VEH2 STRUCK VEH1'S PASSENGER SIDE."
885506,3190034942,Missouri State Highway Patrol-Troop A,1576368000000,190725464,1,0,1,0,Personal Injury,CASS,NON-CITY OR UNINCORPORATED,A,1,1,0,500,0.09,B ,N,IS 49,ERM NORTH IS 49 MILE 1494,Daylight,Fixed Object,2,,Sun     ,0,0,0,0,1,0,0,0,0,0,0,0,0,0,0,1,0,0,0,0,1,0,0,1,0,38.50463,-94.34144,0,12/15/2019,08:00:00,CRASH OCCURRED AS VEHICLE 1 TRAVELED OFF THE ROADWAY AND OVERTURNED.
1253378,3190034697,Missouri State Highway Patrol-Troop C,1576368000000,190725559,2,0,2,0,Personal Injury,FRANKLIN,NON-CITY OR UNINCORPORATED,C,2,2,0,2228,0.42,B ,E ,CRD ANTIOCH RD,CRD GRUBE LN,Daylight,Motor Vehicle in Transport,1,62,Sun     ,0,0,0,0,0,1,1,1,1,0,0,0,0,0,0,1,0,0,0,0,0,0,0,0,0,38.37513,-91.2999,0,12/15/2019,09:05:00,VEHICLE #2 CROSSED CENTERLINE AND SIDESWIPED VEHICLE #1.
967476,3190034911,Missouri State Highway Patrol-Troop D,1576368000000,190725633,1,0,1,0,Personal Injury,BARRY,SELIGMAN,D,2,2,0,0,0,AT,N,MO 37,MO 112 SJ,Daylight,Motor Vehicle in Transport,1,64,Sun     ,0,0,0,0,0,0,0,1,0,0,0,1,0,0,0,1,0,0,0,0,0,0,0,0,1,36.52822,-93.93665,0,12/15/2019,09:35:00,ACCIDENT OCCURRED AS NBR 2 PULLED INTO THE PATH OF VEHICLE NBR 1.
786754,3190034973,Missouri State Highway Patrol-Troop A,1576368000000,190725679,1,0,1,0,Personal Injury,HENRY,NON-CITY OR UNINCORPORATED,A,1,1,0,385,0.07,A ,N,MO 7,BRIDGE A5358,Daylight,Fixed Object,2,,Sun     ,0,0,0,0,1,0,0,1,1,0,0,0,0,0,0,1,0,0,0,0,1,0,0,1,0,38.42757,-93.88651,0,12/15/2019,09:58:00,CRASH OCCURRED AS VEHICLE 1 LOST CONTROL ON AN ICE COVERED ROADWAY AND TRAVELED OFF THE SIDE OF THE ROADWAY AND STRUCK A BRIDGE.
1311847,3190034974,Missouri State Highway Patrol-Troop C,1576368000000,190725743,1,0,1,0,Personal Injury,ST. CHARLES,ST PETERS,C,4,4,0,0,0,AT,W ,IS 70,ERM WEST IS 70 MILE 2218,Daylight,Motor Vehicle in Transport,1,61,Sun     ,0,0,0,0,1,0,1,1,1,0,0,0,0,0,0,1,0,0,0,0,0,0,0,0,1,38.80028,-90.62876,0,12/15/2019,10:40:00,VEHICLE 2  WAS IN LANE 2 . VEHICLE 3 WAS STOPPED IN LANE 1. VEHICLE 4 WAS STOPPED IN LANE 3. ALL THREE VEHICLES WERE STOPPED IN TRAFFIC CONGESTION. VEHICLE 1 WAS UNABLE TO STOP IN TIME AND STRUCK THE REAR OF VEHICLE 2. VEHICLE 1 THEN STRUCK VEHICLE 4. VEHICLE 2 STRUCK VEHICLE 3.
859018,3190035463,Missouri State Highway Patrol-Troop A,1576368000000,190725860,1,0,1,0,Personal Injury,JACKSON,BLUE SPRINGS,A,1,1,0,100,0.02,B ,W ,IS 70,ERM WEST IS 70 MILE 176,Daylight,Fixed Object,2,,Sun     ,0,0,0,0,1,0,0,0,0,0,0,0,0,0,0,1,0,0,0,0,1,0,0,1,0,39.03724,-94.32806,0,12/15/2019,10:50:00,CRASH OCCURRED AS DRV1 LOST CONTROL OF VEH1 DUE TO ROAD CONDITIONS. VEH1 BEGAN SLIDING AND STRUCK THE CONCRETE BARRIER AND CAME TO REST FACING EASTBOUND.
885510,3190035098,Missouri State Highway Patrol-Troop A,1576368000000,190725883,2,0,2,0,Personal Injury,CASS,NON-CITY OR UNINCORPORATED,A,2,2,0,500,0.09,A ,N,MO 7,RT F,Daylight,Motor Vehicle in Transport,1,64,Sun     ,0,0,0,0,1,0,0,0,0,0,0,0,0,0,0,1,0,0,0,0,0,0,0,0,0,38.57317,-94.19477,0,12/15/2019,10:20:00,CRASH OCCURRED AS VEHICLE #1 AND VEHICLE #2 WERE BOTH NORTHBOUND ON MISSOURI 7. VEHICLE #1 BEGAN TO LOSE CONTROL ON THE SNOW COVERED ROADWAY. VEHICLE #1 TRAVELED INTO THE PATH OF VEHICLE #2 AND THE FRONT OF VEHICLE #2 STRUCK THE PASSENGER'S SIDE OF VEHICLE #1. VEHICLE #1 TRAVELED OFF THE LEFT SIDE OF THE ROADWAY AND CAME TO REST IN THE MEDIAN. VEHICLE #2 CAME TO REST ON THE RIGHT SHOULDER OF THE ROADWAY. BOTH VEHICLES REMOVED BY J'S SOUTHLAND TOW.
865480,3190036565,Missouri State Highway Patrol-Troop A,1576368000000,190725904,1,0,1,0,Personal Injury,PETTIS,NON-CITY OR UNINCORPORATED,A,1,1,0,0,0,AT,S ,RT T,CRD BUCKLEY RD,Daylight,Fixed Object,2,,Sun     ,0,0,0,0,1,0,0,1,0,0,0,0,0,0,0,1,0,0,0,0,0,0,0,0,0,38.83486,-93.36775,0,12/15/2019,11:00:00,CRASH OCCURRED AS VEHICLE WAS TRAVELING SOUTHBOUND ON ROUTE T. DRIVER FAILED TO NEGOTIATE A CURVE AND VEHICLE TRAVELED OFF THE RIGHT SIDE OF THE ROAD. VEHICLE STRUCK THE GROUND AND A BARBED WIRE FENCE BEFORE COMING TO REST FACING EAST. ASSISTED BY PETTIS COUNTY SHERIFFS OFFICE.
1277896,3190035323,Missouri State Highway Patrol-Troop C,1576368000000,190726019,1,0,1,0,Personal Injury,ST. CHARLES,LAKE ST LOUIS,C,6,6,0,385,0.07,A ,W ,IS 70,ERM WEST IS 70 MILE 2146,Daylight,Motor Vehicle in Transport,1,61,Sun     ,0,0,0,0,1,0,1,1,1,0,0,0,0,0,0,1,0,0,0,0,1,0,0,1,0,38.80389,-90.7623,0,12/15/2019,10:02:00,"VEHICLES 1, 4, 5 AND 6 WERE WESTBOUND TRAVELING IN LANE 1.  VEHICLE 2 WAS STOPPED FOR TRAFFIC CONGESTION ON THE LEFT SHOULDER.  VEHICLE 3 WAS STOPPED IN LANE 3.  THE FRONT RIGHT OF VEHICLE 3 STRUCK THE LEFT REAR OF VEHICLE 4.  VEHICLE 1 THEN TRAVELED OFF THE LEFT SIDE OF THE ROADWAY AND STRUCK THE REAR OF VEHICLE 2.  VEHICLE 2 THEN SPUN AROUND,  THE RIGHT FRONT OF VEHICLE 1 THEN STRUCK THE LEFT FRONT OF VEHICLE 3.  THE FRONT OF VEHICLE 5 THEN STRUCK THE REAR OF VEHICLE 4.  THE RIGHT SIDE OF VEHICLE 4 THEN STRUCK THE LEFT SIDE OF VEHICLE 6."