objectid,accident,agency,inv_date,complaint,injured,killed,min_inj,dis_inj,severity,county,city,troop,no_vehicle,motor_veh,left_scene,dist_feet,dist_mile,inter_loc,direction,on_street,at_street,light_cond,acc_type,on_off_rd,two_veh,day_week,dr_drink,dr_drug,ped_drink,ped_drug,speed,dr_under21,dr_under25,dr_over55,dr_over64,electrical,emer_veh,stop_sign,yield_sign,czone,hazmat,aggressive,cell_phone,texting,veh_defect,school_bus,truck,motorcycle,atv,pickup,cmv,gps_lat,gps_long,severity_fatal,acc_date,acc_time,narrative
1038386,3190034650,Missouri State Highway Patrol-Troop I,1576368000000,190726022,1,0,1,0,Personal Injury,MARIES,NON-CITY OR UNINCORPORATED,I,2,2,0,0,0,AT,N,CRD 440,CRD 444,Daylight,Motor Vehicle in Transport,1,64,Sun     ,0,0,0,0,0,0,0,1,1,0,0,0,0,0,0,1,0,0,0,0,0,0,0,0,0,38.10379,-91.72815,0,12/15/2019,11:30:00,"OCCURRED AS VEH 1 WAS NORTHBOUND ON CR 440 AND VEH 2 WAS WESTBOUND ON CR 444. VEH 1 AND VEH 2 ENTERED THE INTERSECTION WHERE VEH 1 STRUCK VEH 2. VEH 2 TRAVELED OFF OF THE RIGHT SIDE OF THE ROADWAY, RETURNED TO THE ROADWAY AND THEN OFF OF THE LEFT SIDE OF THE ROADWAY BEFORE COMING TO REST. VEH 1 BEGAN SLIDING AND CAME TO REST IN THE ROADWAY."
1190904,3190034587,Missouri State Highway Patrol-Troop B,1576368000000,190726061,1,0,1,0,Personal Injury,AUDRAIN,NON-CITY OR UNINCORPORATED,F,1,1,0,4752,0.9,A ,N,MO 151,CRD 148,Daylight,Fixed Object,2,,Sun     ,0,0,0,0,1,0,0,0,0,0,0,0,0,0,0,1,0,0,0,0,0,0,0,0,0,39.34367,-92.22724,0,12/15/2019,11:55:00,"01 SOUTHBOUND DRIVER LOST CONTROL ON SNOW COVERED ROADWAY, RAN OFF THE EAST SIDE OF THE ROADWAY AND OVERTURNED."
1193022,3190034663,Missouri State Highway Patrol-Troop F,1576368000000,190726101,0,1,0,0,Fatal,CALLAWAY,NON-CITY OR UNINCORPORATED,F,1,1,0,3168,0.6,A ,E ,MO 94,RT C,Daylight,Fixed Object,2,,Sun     ,0,0,0,0,1,1,1,0,0,0,0,0,0,0,0,1,0,0,0,0,1,0,0,1,0,38.67918,-91.8623,1,12/15/2019,12:10:00,"VEHICLE 1 SLID OFF THE SOUTH SIDE OF THE ROADWAY AND OVERTURNED.  DRIVER 1 WAS PARTIALLY EJECTED.  VEHICLE 1 CAME TO FINAL REST ON ITS TOP.  CALLAWAY COUNTY ME DORI BURKE ADVISED TIME OF DEATH TO BE 1210, SUBJECT WAS PRONOUNCED AT THE SCENE.  THIS IS TROOP F'S 3RD FATALITY FOR THE MONTH OF DECEMBER AND THE 58TH FOR 2019."
1145191,3190034702,Missouri State Highway Patrol-Troop E,1576368000000,190726134,1,0,1,0,Personal Injury,NEW MADRID,NON-CITY OR UNINCORPORATED,E,1,1,0,8976,1.7,B ,E ,CRD 828,US 61,Daylight,Overturn,2,,Sun     ,0,0,0,0,1,0,1,0,0,0,0,0,0,0,0,1,0,0,0,0,0,0,0,0,0,36.81788,-89.60535,0,12/15/2019,12:10:00,"CRASH OCCURRED AS VEHICLE 1 BEGAN SLIDING, TRAVELED OFF THE RIGHT SIDE OF THE ROADWAY AND OVERTURNED."
969231,3190035570,Missouri State Highway Patrol-Troop D,1576368000000,190726137,2,1,2,0,Fatal,BARRY,NON-CITY OR UNINCORPORATED,D,2,2,0,71,0.01,B ,N,MO 37,CRD 1050,Daylight,Motor Vehicle in Transport,1,61,Sun     ,0,0,0,0,1,0,0,0,0,0,0,0,0,0,0,1,0,0,0,0,1,0,0,1,0,36.56578,-93.97031,1,12/15/2019,12:20:00,LATE FATALITY REPORT - THIS IS TROOP D'S 111TH FATALITY CRASH IN 2019. ACCIDENT OCCURRED AS NBR 1 STOPPED IN TRAFFIC AND WAS STRUCK IN THE REAR BY VEHICLE NBR 2. OCCUPANT #1 OF VEHICLE #1 WAS TRANSPORTED TO MERCY HOSPITAL IN SPRINGFIELD AND WAS PRONOUNCED DECEASED BY DR. KYLE LEMLEY AT 2227 HOURS ON 12-16-2019. NEXT OF KIN WAS NOTIFIED.
1020368,3190035075,Missouri State Highway Patrol-Troop D,1576368000000,190726294,1,0,1,0,Personal Injury,HICKORY,NON-CITY OR UNINCORPORATED,D,1,1,0,617,0.12,B ,E ,US 54,BRIDGE A3938,Daylight,Fixed Object,2,,Sun     ,0,0,0,0,1,0,0,0,0,0,0,0,0,0,0,1,0,0,0,0,1,0,0,1,0,0,0,0,12/15/2019,13:05:00,OCCURRED AS VEH1 RAN OFF ROADWAY AND STRUCK AN EMBANKMENT.
1064989,3190035433,Missouri State Highway Patrol-Troop I,1576368000000,190726346,3,0,3,0,Personal Injury,LACLEDE,NON-CITY OR UNINCORPORATED,I,1,1,0,2265,0.43,A ,E ,MO 32,CRD MACON DRIVE,Daylight,Fixed Object,2,,Sun     ,0,0,0,0,1,0,0,0,0,0,0,0,0,0,0,1,0,0,0,0,0,0,0,0,0,37.63345,-92.77243,0,12/15/2019,13:25:00,"OCCURRED AS VEHICLE 1 TRAVELING WESTBOUND BEGAN TO SLIDE ON THE WET PAVEMENT, VEHICLE THEN TRAVELED OFF THE LEFT SIDE OF THE ROADWAY,  STRUCK AND EMBANKMENT AND RETURNED TO THE ROADWAY COMING TO A REST FACING NORTH.  MSGT K A BRACKETT (444)"
1224385,3190037037,Missouri State Highway Patrol-Troop C,1576368000000,190726382,5,0,5,0,Personal Injury,JEFFERSON,NON-CITY OR UNINCORPORATED,C,2,2,0,564,0.11,B ,S ,RT W,CRD BYRNESVILLE RD,Daylight,Motor Vehicle in Transport,1,60,Sun     ,0,0,0,0,1,0,0,1,0,0,0,0,0,0,0,1,0,0,0,0,0,0,0,0,0,38.42422,-90.5985,0,12/15/2019,13:35:00,"VEHICLE 1 WAS TRAVELING SOUTHBOUND ON ROUTE W. VEHICLE 2 WAS TRAVELING NORTHBOUND ON ROUTE W. VEHICLE 2 SLID ON THE SNOW COVERED ROADWAY, CROSSED THE CENTER LINE, AND STRUCK VEHICLE 1 HEAD ON."
1504737,3190034871,Missouri State Highway Patrol-Troop H,1576368000000,190726394,2,0,2,0,Personal Injury,DAVIESS,NON-CITY OR UNINCORPORATED,H,1,1,0,200,0.04,B ,S ,IS 35,ERM SOUTH IS 35 MILE 768,Daylight,Fixed Object,2,,Sun     ,0,0,0,0,1,1,1,0,0,0,0,0,0,0,0,1,0,0,0,0,0,0,0,0,0,40.05929,-94.09432,0,12/15/2019,13:35:00,CRASH OCCURRED AS VEH#1 WAS SOUTHBOUND ON I 35.  VEH#1 TRAVELED OFF OF THE RIGHT SIDE OF THE ROADWAY AND STRUCK A TREE WHERE IT CAME TO REST.  ASSISTED BY DAVIESS COUNTY SHERIFF'S DEPARTMENT.
1233154,3190035521,Missouri State Highway Patrol-Troop C,1576627200000,190726538,1,0,1,0,Personal Injury,JEFFERSON,NON-CITY OR UNINCORPORATED,C,2,2,Y,950,0.18,B ,N,US 67,RT CC NJ,Daylight,Motor Vehicle in Transport,1,67,Wed     ,0,0,0,0,0,,,,,0,0,0,0,0,,0,0,0,0,0,0,0,0,0,1,38.19084,-90.41832,0,12/18/2019,12:25:00,VEHICLE 1 WAS TRAVEING NORTH AND VEHICLE 2 WAS TRAVELING SOUTH. VEHICLE 2 BEGAN SLIDING ON A HILL AND ITS FRONT IMPACTED THE FRONT OF VEHCILE 1. BOTH VEHICLES WERE MOVED OFF THE ROADWAY PRIOR TO TROOPER'S ARRIVAL.
1195245,3190034980,Missouri State Highway Patrol-Troop B,1576368000000,190726624,1,0,1,0,Personal Injury,LINN,NON-CITY OR UNINCORPORATED,B,1,1,0,1520,0.29,B ,W ,US 36,CRD NOBLE DR,Daylight,Overturn,2,,Sun     ,0,0,0,0,1,0,0,0,0,0,0,0,0,0,0,1,0,0,0,0,1,0,0,1,0,39.75936,-92.86512,0,12/15/2019,15:02:00,VEHICLE 01 RAN OFF RIGHT SIDE OF THE ROADWAY AND OVERTURNED.  ASSISTED BY CONSERVATION AGENT SURTIN #CC365 AND CONSERVATION AGENT PRYOR #CC364.
836532,3190034762,Missouri State Highway Patrol-Troop A,1576368000000,190726641,1,0,1,0,Personal Injury,CARROLL,NON-CITY OR UNINCORPORATED,A,2,2,0,158,0.03,A ,W ,US 24,CRD WATER ST,Daylight,Motor Vehicle in Transport,1,60,Sun     ,0,0,0,0,1,0,0,1,1,0,0,0,0,0,0,1,0,0,0,0,0,0,0,0,0,39.39143,-93.21332,0,12/15/2019,15:00:00,OCCURRED AS VEH1 BEGAN SLIDING ACROSS THE CENTER OF THE ROAD AND STRUCK VEH 2 HEAD ON. BOTH VEHICLES CAME TO REST OFF THE ROADWAY.
1285565,3190036927,Missouri State Highway Patrol-Troop C,1576368000000,190726907,1,3,1,0,Fatal,ST. FRANCOIS,NON-CITY OR UNINCORPORATED,C,2,2,0,200,0.04,A ,S ,US 67,PVT CHEROKEE LANDING DR,Dark-Unlighted,Parked Motor Vehicle,2,64,Sun     ,0,0,0,0,1,0,0,0,0,0,0,0,0,0,0,1,0,0,0,0,0,0,0,0,0,37.95405,-90.55185,1,12/15/2019,17:03:00,"FATALITY REPORT - VEHICLE 1 WAS TRAVELING SOUTHBOUND ON US 67, IN THE LEFT LANE. VEHICLE 2 HAD PREVIOUSLY CRASHED AND PEDESTRIAN 1 HAD EXITED THE VEHICLE 2. PEDESTRIANS 2 AND 3 HAD STOPPED TO ASSIST PEDESTRIAN 1. VEHICLE 1 LOST CONTROL ON THE BIG RIVER BRIDGE AND SLID OFF THE LEFT SIDE OF US 67. THE FRONT OF VEHICLE 1 STRUCK THE FRONT LEFT OF VEHICLE 2. VEHICLE 1 STRUCK THE CABLE BARRIER, OVERTURNED, AND STRUCK PEDESTRIANS 1, 2, AND 3. ALL 3 PEDESTRIANS PRONOUNCED ON SCENE AT 1716 HOURS ON 12/15/19 BY ST. FRANCOIS COUNTY CORONER; JIM COPLIN. ASSISTED BY TPR. D. M. DOOLEY (301), TPR. T. L. SULLIVAN (380) AND ST. FRANCOIS COUNTY SHERIFF'S DEPARTMENT."
918842,3190035162,Missouri State Highway Patrol-Troop D,1576368000000,190726939,3,0,3,0,Personal Injury,LAWRENCE,NON-CITY OR UNINCORPORATED,D,2,2,0,0,0,AT,E ,US 60,BU 60,Daylight,Motor Vehicle in Transport,1,64,Sun     ,0,0,0,0,0,1,1,0,0,0,0,1,0,0,0,1,0,0,0,0,0,0,0,0,0,36.9282,-93.84089,0,12/15/2019,17:25:00,CRASH OCCURRED AS VEHICLE #1 WAS SOUTHBOUND ON BUSINESS HWY 60.  VEHICLE #1 FAILED TO STOP FOR A STOP SIGN AND PULLED INTO THE PATH OF VEHICLE #2.  VEHICLE #2 STRUCK VEHICLE #1.
1501599,3190034972,Missouri State Highway Patrol-Troop H,1576368000000,190727039,1,0,1,0,Personal Injury,ATCHISON,NON-CITY OR UNINCORPORATED,H,2,2,0,68,0.01,A ,N,IS 29,ERM NORTH IS 29 MILE 1230,Dark-Unlighted,Motor Vehicle in Transport,1,61,Sun     ,0,0,0,0,0,0,0,1,1,0,0,0,0,0,0,1,0,0,0,0,0,0,0,0,1,40.57021,-95.64191,0,12/15/2019,18:15:00,CRASH OCCURRED AS VEH#1 AND VEH#2 WERE NORTHBOUND ON I 29.  DVR#2 SLOWED FOR A CRASH ON THE ROADWAY.  DVR#2 CHANGED LANES IN FRONT OF VEH#1.  THE FRONT OF VEH#1 STRUCK THE REAR OF VEH#2.  VEH#1 AND VEH#2 WERE DRIVEN TO A CONTROLLED STOP.  ASSISTED BY TPR. K. A. MCCALLISTER (585) AND THE ATCHISON COUNTY SHERIFF'S DEPARTMENT.
953991,3190035912,Missouri State Highway Patrol-Troop D,1576368000000,190727040,2,0,2,0,Personal Injury,GREENE,NON-CITY OR UNINCORPORATED,D,2,2,0,0,0,AT,W ,US 160,CRD 192,Dark-Unlighted,Motor Vehicle in Transport,1,64,Sun     ,0,0,0,0,0,0,0,1,1,0,0,0,1,0,0,1,0,0,0,0,0,0,0,0,0,37.09849,-93.29751,0,12/15/2019,18:25:00,CRASH OCCURRED AS VEHICLE #1 FAILED TO YIELD AND ENTERED THE PATH OF VEHICLE #2.
954019,3190034693,Missouri State Highway Patrol-Troop D,1576368000000,190727086,2,0,2,0,Personal Injury,GREENE,NON-CITY OR UNINCORPORATED,D,2,2,0,52,0.01,B ,E ,IS 44,ERM EAST IS 44 MILE 700,Dark-Lighted,Fixed Object,2,,Sun     ,0,0,0,0,1,0,0,1,0,0,0,0,0,0,0,1,0,0,0,0,0,0,0,0,1,37.19964,-93.42697,0,12/15/2019,18:56:00,"OCCURRED AS #1 RAN OFF THE ROADWAY, STRUCK A LIGHT POLE AND OVERTURNED.  #2 WAS STRUCK BY THE LIGHT POLE. ASSISTED BY MSGT T.J. STEVENS #996"
1253398,3190034506,Missouri State Highway Patrol-Troop C,1576368000000,190727167,2,0,2,0,Personal Injury,FRANKLIN,NON-CITY OR UNINCORPORATED,C,1,1,0,1995,0.38,A ,E ,CRD JEFFRIESBURG RD,CRD WEBER CREEK RD,Dark-Unlighted,Fixed Object,2,,Sun     ,0,0,0,0,1,1,1,0,0,0,0,0,0,0,0,1,0,0,0,0,0,0,0,0,0,38.41965,-91.06393,0,12/15/2019,19:40:00,"VEHICLE 1 WAS TRAVELING EASTBOUND ON JEFFRIESBURG ROAD. DRIVER 1 FAILED TO NEGOTIATE A CURVE TO THE LEFT. VEHICLE 1 SLID ON THE SNOW COVERED ROADWAY, TRAVELED OFF THE RIGHT SIDE OF THE ROADWAY, STRUCK A DITCH, OVERTURNED, AND STRUCK A UTILITY POLE."
1499809,3190035252,Missouri State Highway Patrol-Troop H,1576368000000,190727169,6,0,2,4,Personal Injury,CLINTON,NON-CITY OR UNINCORPORATED,H,4,4,0,164,0.03,B ,S ,IS 35,US 69,Dark-Unlighted,Motor Vehicle in Transport,1,64,Sun     ,0,0,0,0,1,0,1,1,0,0,0,0,0,0,0,1,0,0,0,0,1,0,0,1,1,39.66836,-94.23574,0,12/15/2019,19:45:00,"CRASH OCCURRED AS VEHICLE 1 WAS SOUTHBOUND ON I-35 AND LOST CONTROL.  VEHICLE 1 TRAVELED OFF THE LEFT SIDE OF THE ROADWAY AND HIT A GUARDRAIL. VEHICLE 1 CAME TO REST UNDER US 69 BLOCKING SOUTHBOUND I-35. VEHICLE 2, VEHICLE 3 AND VEHICLE 4 COLLIDED WITH THE SIDE OF VEHICLE 1. VEHICLE 1 CAME TO REST IN THE MEDIAN OF I-35, ON ITS WHEELS FACING NORTH. VEHICLE 2 CAME TO REST IN THE MEDIAN OF I-35, ON ITS WHEELS FACING SOUTH. VEHICLE 3 CAME TO REST AGAINST THE WEST GUARD RAIL OF I-35 ON ITS WHEELS FACING SOUTH. VEHICLE 4 CAME TO REST PARTIALLY IN THE MEDIAN AND PARTIALLY BLOCKING I-35 ON ITS WHEELS FACING SOUTH. ASSISTED BY TPR. T.M. ROYSTER (957), TPR. J.W. SMITH (372), CLINTON COUNTY SHERIFF'S OFFICE AND CAMERON FIRE DEPT."
1062556,3190035588,Missouri State Highway Patrol-Troop I,1576713600000,190727180,1,0,0,1,Personal Injury,PHELPS,NON-CITY OR UNINCORPORATED,I,1,1,0,660,0.12,B ,E ,RT F,BRIDGE A2946,Dark-Unlighted,Fixed Object,2,,Sun     ,0,0,0,0,1,0,0,1,0,0,0,0,0,0,0,1,0,0,0,0,1,0,0,1,0,37.90686,-91.68325,0,12/15/2019,19:50:00,"OCCURRED AS DRIVER 1 LOST TRACTION, AND WENT OFF ROADWAY INTO DITCH"
954020,3190034561,Missouri State Highway Patrol-Troop D,1576368000000,190727194,1,0,1,0,Personal Injury,GREENE,NON-CITY OR UNINCORPORATED,D,1,1,0,229,0.04,B ,E ,IS 44,RT MM,Dark-Unlighted,Other Object,1,,Sun     ,0,0,0,0,0,0,0,0,0,0,0,0,0,0,0,0,0,0,0,0,0,0,0,0,0,37.2003,-93.42379,0,12/15/2019,19:05:00,CRASH OCCURRED AS VEHICLE #1 STRUCK A LIGHT POLE IN THE ROADWAY CAUSED BY A CRASH THAT HAD RECENTLY OCCURRED.
1511471,3190035011,Missouri State Highway Patrol-Troop H,1576368000000,190727202,1,0,1,0,Personal Injury,BUCHANAN,NON-CITY OR UNINCORPORATED,H,1,1,0,0,0,AT,S ,IS 29,US 169 NJ,Dark-Unlighted,Jackknife,1,,Sun     ,0,0,0,0,1,0,0,0,0,0,0,0,0,0,0,1,0,0,0,0,0,0,0,0,1,39.8147,-94.80372,0,12/15/2019,20:15:00,"CRASH OCCURRED AS VEHICLE 1 LOST TRACTION ON AN ICE COVERED ROADWAY AND BEGAN TO SLIDE. VEHICLE 1 JACKKNIFED AND TRAVELED OFF THE WEST SIDE OF THE ROADWAY. VEHICLE 1 CAME TO REST IN THE DITCH FACING NORTH WITH ITS TRAILER BLOCKING BOTH SOUTHBOUND LANES OF I-29. ASSISTED BY SGT. C.B. ROOT (1257), TPR. V.F. SELSOR (860)"
817299,3190034967,Missouri State Highway Patrol-Troop A,1576454400000,190727444,1,0,1,0,Personal Injury,CLAY,NON-CITY OR UNINCORPORATED,A,1,1,0,200,0.04,A ,N,IS 35,ERM NORTH IS 35 MILE 224,Dark-Unlighted,Fixed Object,2,,Mon     ,0,0,0,0,0,0,0,0,0,0,0,0,0,0,0,1,0,0,0,0,1,0,0,1,0,39.31806,-94.39892,0,12/16/2019,05:30:00,"CRASH OCCURRED AS VEHICLE 1 BEGAN TO SKID ON PARTIALLY SNOW COVERED ROADWAY, TRAVELED OFF THE RIGHT SIDE OF THE ROADWAY, AND DOWN AN EMBANKMENT."
1499813,3190035194,Missouri State Highway Patrol-Troop H,1576454400000,190727500,2,0,1,1,Personal Injury,CLINTON,NON-CITY OR UNINCORPORATED,H,2,2,0,211,0.04,A ,E ,MO 116,CRD NE WOODWARD LN,Dark-Unlighted,Motor Vehicle in Transport,1,60,Mon     ,0,0,0,0,1,0,1,0,0,0,0,0,0,0,0,1,0,0,0,0,0,0,0,0,0,39.5672,-94.40529,0,12/16/2019,06:33:00,OCCURRED AS NR1 WAS WESTBOUND AND NR2 WAS EASTBOUND. NR1 LOST CONTROL ON ICE COVERED ROADWAY AND STRUCK NR2 HEAD-ON. NR1 CAME TO REST ON THE NORTH SIDE OF THE ROADWAY AND NR2 ON THE SOUTHS SIDE OF THE ROADWAY. ASSISTED BY SO CLINTON CO.
954021,3190034996,Missouri State Highway Patrol-Troop D,1576454400000,190727563,1,0,1,0,Personal Injury,GREENE,NON-CITY OR UNINCORPORATED,D,1,1,0,73,0.01,B ,W ,US 60,BRIDGE A4149,Daylight,Fixed Object,2,,Mon     ,0,0,0,0,1,1,1,0,0,0,0,0,0,0,0,1,0,0,0,0,0,0,0,0,0,37.14283,-93.34135,0,12/16/2019,07:30:00,VEH #1 TRAVELED OFF THE RIGHT SIDE OF THE ROADWAY AND STRUCK A GUARDRAIL.
1174705,3190035238,Missouri State Highway Patrol-Troop B,1576454400000,190727706,1,0,1,0,Personal Injury,LINN,LINNEUS,B,2,2,0,258,0.05,A ,N,MO 5,CST COLUMBIA ST,Daylight,Motor Vehicle in Transport,1,64,Mon     ,0,0,0,0,0,0,0,1,1,0,0,0,0,0,0,1,0,0,0,0,1,0,0,0,1,39.87733,-93.18886,0,12/16/2019,08:50:00,"VEHICLE 1 WAS BACKING FROM A PRIVATE DRIVEWAY INTO THE SOUTHBOUND LANE OF HIGHWAY 5 AND BACKED INTO THE PATH OF VEHICLE 2. ASSISTED BY THE LINN COUNTY SHERIFF'S OFFICE, LINN COUNTY AMBULANCE AND LINNEUS FIRE DEPARTMENT."
1301230,3190036268,Missouri State Highway Patrol-Troop C,1576454400000,190727787,1,0,1,0,Personal Injury,ST. CHARLES,NON-CITY OR UNINCORPORATED,C,2,2,0,480,0.09,B ,E ,MO 364,BRIDGE A5757,Daylight,Motor Vehicle in Transport,1,64,Mon     ,0,0,0,0,1,0,1,0,0,0,0,0,0,0,0,1,0,0,0,0,0,0,0,0,0,38.74498,-90.53124,0,12/16/2019,09:32:00,DRIVER 1 LOST CONTROL OF VEHICLE 1 AND STRUCK THE REAR OF VEHICLE 2.
1253379,3190035143,Missouri State Highway Patrol-Troop C,1576454400000,190727802,1,0,1,0,Personal Injury,FRANKLIN,NON-CITY OR UNINCORPORATED,C,1,1,0,528,0.1,A ,N,RT BB,CRD TWIN LAKES DRIVE,Daylight,Fixed Object,2,,Mon     ,0,0,0,0,1,0,0,0,0,0,0,0,0,0,0,1,0,0,0,0,0,0,0,0,0,38.45858,-91.06953,0,12/16/2019,09:40:00,VEHICLE 1 TRAVELED OFF THE LEFT SIDE OF THE ROADWAY AND STRUCK A POLE
1250215,3190035515,Missouri State Highway Patrol-Troop C,1576454400000,190727835,3,0,3,0,Personal Injury,STE. GENEVIEVE,NON-CITY OR UNINCORPORATED,C,3,3,0,205,0.04,B ,N,IS 55,BRIDGE A1991,Daylight,Motor Vehicle in Transport,1,61,Mon     ,0,0,0,0,1,0,0,1,0,0,0,0,0,0,0,1,0,0,0,0,1,0,0,0,1,38.08851,-90.29901,0,12/16/2019,09:55:00,"VEHICLE 2 BEGAN TO PASS VEHICLE 3, AND DRIVER 1 WAS UNABLE TO SLOW DOWN IN TIME. THE FRONT OF VEHICLE 1 STRUCK THE REAR OF VEHICLE 2, AND VEHICLE 2 TRAVELED BACK INTO THE RIGHT LANE.  THE FRONT OF VEHICLE 1 STRUCK THE REAR OF VEHICLE 3. ASSISTED BY TPR D. M. WYATT (1109)"
1500850,3190035035,Missouri State Highway Patrol-Troop H,1576454400000,190727880,3,0,3,0,Personal Injury,ANDREW,NON-CITY OR UNINCORPORATED,H,1,1,0,250,0.05,B ,S ,IS 229,ERM SOUTH IS 229 MILE 122,Daylight,Fixed Object,2,,Mon     ,0,0,0,0,1,0,0,1,1,0,0,0,0,0,0,1,0,0,0,0,1,0,0,1,0,39.85207,-94.86136,0,12/16/2019,10:12:00,CRASH OCCURRED AS VEH#1 WAS SOUTHBOUND ON I-229 AND SLID ON THE SNOW COVERED ROADWAY. VEH#1 TRAVELED OFF THE EAST SIDE OF THE ROADWAY AND STRUCK A CONCRETE BARRIER. VEHICLE STARTED TO ROTATE AND OVERTURNED INTO THE MEDIAN. VEH#1 CAME TO REST ON ITS WHEELS IN THE MEDIAN FACING WEST. ASSISTED BY ANDREW COUNTY SHERIFF'S DEPARTMENT AND ANDREW COUNTY EMS.
1253395,3190035156,Missouri State Highway Patrol-Troop C,1576454400000,190727905,1,0,1,0,Personal Injury,FRANKLIN,NON-CITY OR UNINCORPORATED,C,2,2,0,216,0.04,A ,W ,IS 44,ERM WEST IS 44 MILE 2280,Daylight,Motor Vehicle in Transport,1,64,Mon     ,0,0,0,0,1,0,0,0,0,0,0,0,0,0,0,1,0,0,0,0,0,0,0,0,1,38.24836,-91.13599,0,12/16/2019,10:20:00,"DRIVER 2 LOST CONTROL OF VEHICLE 2 AND BEGAN SLIDING. DRIVER 2 OVERCORRECTED, SLIDING INTO THE PATH OF VEHICLE 1. VEHICLE 1 STRUCK VEHICLE 2 CAUSING VEHICLE 1 AND VEHICLE 2 TRAVELED OFF THE OF THE ROADWAY"
1224368,3190036408,Missouri State Highway Patrol-Troop C,1576454400000,190727909,1,0,1,0,Personal Injury,JEFFERSON,NON-CITY OR UNINCORPORATED,C,2,2,0,1816,0.34,B ,N,RT W,CRD PATTY DR SJ,Daylight,Motor Vehicle in Transport,1,62,Mon     ,0,0,0,0,1,0,0,0,0,0,0,0,0,0,0,1,0,0,0,0,1,0,0,1,1,38.43625,-90.59589,0,12/16/2019,10:23:00,THE TOWED UNIT OF VEHICLE 2 CROSSED THE CENTER OF THE ROADWAY AND STRUCK VEHICLE 1.  VEHICLE 1 TRAVELED OFF THE RIGHT SIDE OF THE ROADWAY AND STRUCK A TREE
1253396,3190034984,Missouri State Highway Patrol-Troop C,1576454400000,190727912,1,0,0,1,Personal Injury,FRANKLIN,NON-CITY OR UNINCORPORATED,C,1,1,0,0,0,AT,E ,IS 44,RP 1039326 EJ,Daylight,Fixed Object,2,,Mon     ,0,0,0,0,1,0,0,0,0,0,0,0,0,0,0,1,0,0,0,0,0,0,0,0,1,38.43861,-90.91036,0,12/16/2019,10:28:00,DRIVER 1 LOST CONTROL OF VEHICLE 1 AND TRAVELED OFF THE ROADWAY.  VEHICLE 1 STRUCK A GUARDRAIL AND OVERTURNED DOWN AN EMBANKMENT.
1300394,3190036276,Missouri State Highway Patrol-Troop C,1576454400000,190728070,1,0,1,0,Personal Injury,ST. CHARLES,WENTZVILLE,C,2,2,0,40,0.01,B ,W ,IS 70,ERM WEST IS 70 MILE 2094,Daylight,Motor Vehicle in Transport,1,60,Mon     ,0,0,0,0,1,0,0,1,1,0,0,0,0,0,0,1,0,0,0,0,1,0,0,1,1,38.80576,-90.85821,0,12/16/2019,11:45:00,DRIVER 1 LOST CONTROL OF VEHICLE 1. THE FRONT OF VEHICLE 1 STRUCK THE FRONT OF VEHICLE 2.
885478,3190036154,Missouri State Highway Patrol-Troop A,1576454400000,190728075,2,0,2,0,Personal Injury,CASS,NON-CITY OR UNINCORPORATED,A,3,3,0,0,0,AT,N,IS 49,ERM NORTH IS 49 MILE 1642,Daylight,Motor Vehicle in Transport,1,61,Mon     ,0,0,0,0,0,1,1,1,0,0,0,0,0,0,0,0,0,0,1,0,0,0,0,0,0,38.68591,-94.42406,0,12/16/2019,11:55:00,"CRASH OCCURRED AS VEHICLE #1 WAS NORTHBOUND, VEHICLE 2 WAS BROKEN DOWN ON LEFT SHOULDER. VEHICLE 1 STRUCK VEHICLE 2. VEHICLE 2 SLID INTO MEDIAN, VEHICLE 1 SPUN ACROSS THE ROADWAY. VEHICLE 3 STRUCK VEHICLE 1. VEHICLE 1 RAN OFF RIGHT SIDE OF ROAD. VEHICLE 3 RAN OFF LEFT SIDE OF ROAD. VEHICLE 3 INFORMATION IN THE EMAIL."
1285933,3190035116,Missouri State Highway Patrol-Troop C,1576454400000,190728247,1,0,1,0,Personal Injury,ST. FRANCOIS,DESLOGE,C,1,1,0,290,0.05,B ,N,US 67,BRIDGE L0664,Daylight,Fixed Object,2,,Mon     ,0,0,0,0,1,0,0,0,0,0,0,0,0,0,0,1,0,0,0,0,1,0,0,1,0,37.86925,-90.49945,0,12/16/2019,13:08:00,"VEHICLE 1 LOST CONTROL TRAVELED OFF THE ROADWAY AND STRUCK THE CABLE MEDIAN BARRIER. ASSISTED BY CPL A. J. SHIBLEY (1408) ,TPR T. L. SULLIVAN (380), AND TPR. B.M. BREEDLOVE (157)"
1135945,3190035164,Missouri State Highway Patrol-Troop E,1576454400000,190728259,4,0,4,0,Personal Injury,CAPE GIRARDEAU,NON-CITY OR UNINCORPORATED,E,1,1,0,221,0.04,A ,W ,CRD 643,MO 177,Daylight,Fixed Object,2,,Mon     ,0,0,0,0,1,0,0,0,0,0,0,0,0,0,0,1,0,0,0,0,0,0,0,0,0,37.34231,-89.50978,0,12/16/2019,13:07:00,CRASH OCCURRED AS VEHICLE 1 RAN OFF THE RIGHT SIDE OF THE ROADWAY AND STRUCK A SIGN AND DITCH. DAMAGE TO ONE SPEED LIMIT SIGN