objectid,accident,agency,inv_date,complaint,injured,killed,min_inj,dis_inj,severity,county,city,troop,no_vehicle,motor_veh,left_scene,dist_feet,dist_mile,inter_loc,direction,on_street,at_street,light_cond,acc_type,on_off_rd,two_veh,day_week,dr_drink,dr_drug,ped_drink,ped_drug,speed,dr_under21,dr_under25,dr_over55,dr_over64,electrical,emer_veh,stop_sign,yield_sign,czone,hazmat,aggressive,cell_phone,texting,veh_defect,school_bus,truck,motorcycle,atv,pickup,cmv,gps_lat,gps_long,severity_fatal,acc_date,acc_time,narrative
885433,3190034711,Missouri State Highway Patrol-Troop A,1576454400000,190728261,1,0,0,1,Personal Injury,CASS,NON-CITY OR UNINCORPORATED,A,1,1,0,300,0.06,B ,N,CRD S PURVIS ROAD,MO 58,Daylight,Overturn,2,,Mon     ,0,0,0,0,1,0,1,0,0,0,0,0,0,0,0,1,0,0,0,0,0,0,1,0,0,38.77501,-94.25303,0,12/16/2019,13:15:00,CRASH OCCURRED AS VEHICLE 1 WAS SOUTHBOUND ON PURVIS ROAD AND ATTEMPTED TO PASS ANOTHER VEHICLE. DRIVER 1 LOST CONTROL OF VEHICLE CAUSING VEHICLE 1 TO TRAVEL OFF THE LEFT SIDE OF THE ROADWAY. VEHICLE 1 OVERTURNED AND EJECTED DRIVER 1. VEHICLE 1 CAME TO REST ON TOP OF DRIVER 1.
801399,3190035654,Missouri State Highway Patrol-Troop A,1576454400000,190728342,1,0,1,0,Personal Injury,JACKSON,LEES SUMMIT,A,2,2,0,0,0,AT,W ,MO 350,IS 470,Daylight,Motor Vehicle in Transport,1,61,Mon     ,0,0,0,0,1,0,0,1,1,0,0,0,0,0,0,1,0,0,0,0,0,0,0,0,0,38.93447,-94.40632,0,12/16/2019,14:00:00,CRASH OCCURRED AS VEHICLE 1 WAS ENTERING WESTBOUND US-50 FROM EASTBOUND I-470. VEHICLE 1 BEGAN TO SLIDE AND STRUCK THE REAR OF VEHICLE 2.
1201150,3190036595,Missouri State Highway Patrol-Troop C,1576454400000,190728451,3,0,3,0,Personal Injury,LINCOLN,NON-CITY OR UNINCORPORATED,C,1,1,0,58,0.01,B ,S ,US 61,RT F,Daylight,Fixed Object,2,,Mon     ,0,0,0,0,0,0,0,0,0,0,0,0,0,0,0,0,0,0,0,0,1,0,0,0,1,39.18666,-90.99062,0,12/16/2019,14:57:00,"VEHICLE 1 WAS TRAVELING SOUTHBOUND ON US-61. DRIVER 1 SWERVED TO AVOID AN UNKNOWN VEHICLE. VEHICLE 1 TRAVELED OFF THE LEFT SIDE OF THE ROADWAY, STRUCK A SIGN, AND OVERTURNED."
969229,3190036027,Missouri State Highway Patrol-Troop D,1576454400000,190728475,0,1,0,0,Fatal,BARRY,NON-CITY OR UNINCORPORATED,D,2,2,0,4224,0.8,A ,E ,RT C,CRD 1120,Daylight,Motor Vehicle in Transport,2,64,Mon     ,0,0,0,0,1,0,0,0,0,0,0,0,0,0,0,1,0,0,0,0,1,0,0,1,0,36.81456,-93.83354,1,12/16/2019,15:10:00,"FATALITY CRASH. NEXT OF KIN NOTIFIED.   THIS IS TROOP D'S 110TH FATALITY CRASH FOR 2019.  CRASH OCCURRED AS VEHICLE #1 LOST CONTROL OF VEHICLE ON THE ICE COVERED ROADWAY.   VEHICLE #1 RAN OFF THE RIGHT SIDE OF ROADWAY, AND STRUCK A PEDESTRIAN THAT WAS STANDING NEAR VEHICLE #2, THAT HAD CRASH PRIOR TO THIS INCIDENT.  THE PEDESTRIAN WAS PRONOUNCED BY BARRY COUNTY DEPUTY CORONER GARY SWEARINGEN, AT 15:10 HOURS ON SCENE."
1171127,3190035475,Missouri State Highway Patrol-Troop F,1576454400000,190728502,1,0,1,0,Personal Injury,MORGAN,NON-CITY OR UNINCORPORATED,F,1,1,0,390,0.07,A ,N,MO 135,RT J NJ,Daylight,Fixed Object,2,,Mon     ,0,0,0,0,1,0,0,0,0,0,0,0,0,0,0,1,0,0,0,0,0,0,0,0,0,38.27814,-92.9124,0,12/16/2019,15:20:00,"VEHICLE 1 LOST TRACTION, SLID OFF THE RIGHT SIDE OF THE ROADWAY, AND STRUCK A TREE."
1320659,3190036130,Missouri State Highway Patrol-Troop G,1576454400000,190728640,1,0,0,1,Personal Injury,TEXAS,NON-CITY OR UNINCORPORATED,G,1,1,0,464,0.09,B ,N,US 63,BRIDGE F0427,Daylight,Overturn,2,,Mon     ,0,0,0,0,1,0,0,1,0,0,0,0,0,0,0,1,0,0,0,0,1,0,0,1,0,37.19363,-92.03834,0,12/16/2019,16:35:00,"VEHICLE #1 LOST CONTROL ON ICE COVERED ROADWAY, WENT OFF THE LEFT SIDE OF THE ROADWAY AND OVERTURNED."
939927,3190034769,Missouri State Highway Patrol-Troop D,1576454400000,190728659,1,0,1,0,Personal Injury,CHRISTIAN,NON-CITY OR UNINCORPORATED,D,2,2,0,2075,0.39,B ,E ,US 160,CRD PALMETT RD,Daylight,Motor Vehicle in Transport,1,60,Mon     ,0,0,0,0,1,0,0,0,0,0,0,0,0,0,0,1,0,0,0,0,1,0,0,1,0,36.86397,-93.29949,0,12/16/2019,16:40:00,"CRASH OCCURRED AS DRIVER #1 LOST CONTROL OF VEHICLE #1.  VEHICLE #1 CROSSED THE CENTER LINE, STRUCK VEHICLE #2, AND  BOTH VEHICLES SLID OFF THE ROADWAY."
1016369,3190034928,Missouri State Highway Patrol-Troop D,1576454400000,190728747,1,0,1,0,Personal Injury,NEWTON,NON-CITY OR UNINCORPORATED,D,2,2,0,1784,0.34,A ,N,MO 43,CRD LUCY LN,Dark-Unlighted,Motor Vehicle in Transport,1,61,Mon     ,0,0,0,0,1,0,1,0,0,0,0,0,0,0,0,1,0,0,0,0,1,0,0,1,0,36.88301,-94.59251,0,12/16/2019,17:25:00,OCCURRED AS VEH1 SLID ON SNOW COVERED ROADWAY AND STRUCK VEH2. VEH2 RAN OFF ROADWAY AND OVERTURNED.
798636,3190035426,Missouri State Highway Patrol-Troop A,1576454400000,190728883,2,0,2,0,Personal Injury,JACKSON,GRAIN VALLEY,A,2,2,0,1,0,A ,E ,US 40,CST NW SNI-A-BAR BLVD,Dark-Unlighted,Motor Vehicle in Transport,1,60,Mon     ,0,0,0,0,0,0,0,0,0,0,1,0,0,0,0,1,0,0,0,0,1,0,0,1,1,39.01448,-94.22522,0,12/16/2019,18:54:00,CRASH OCCURRED AS VEHICLE 1 TURNED INTO THE PATH OF VEHICLE 2 AND STRUCK VEHICLE 2. ASSISTED BY TPR E N WILSON /1417/ AND JACKSON COUNTY SHERIFF'S DEPARTMENT.
1253499,3190035084,Missouri State Highway Patrol-Troop C,1576454400000,190728916,1,0,1,0,Personal Injury,FRANKLIN,NON-CITY OR UNINCORPORATED,C,2,2,0,126,0.02,B ,E ,IS 44,ERM EAST IS 44 MILE 2536,Dark-Unlighted,Fixed Object,2,,Mon     ,0,0,0,0,1,0,0,1,0,0,0,0,0,0,0,1,0,0,0,0,0,0,0,0,1,38.48375,-90.82177,0,12/16/2019,19:30:00,"BOTH VEHICLES WERE TRAVELING EASTBOUND ON INTERSTATE 44. DRIVER 1 LOST CONTROL. VEHICLE 1 TRAVELED OFF THE RIGHT SIDE OF THE ROADWAY, STRUCK A ROCK EMBANKMENT, RETURNED TO THE ROADWAY, TRAVELED OFF THE LEFT SIDE OF THE ROADWAY AND STRUCK A CONCRETE MEDIAN BARRIER. VEHICLE 1 THEN SPUN, RETURNED TO THE ROADWAY, AND STRUCK THE TOWED UNIT OF VEHICLE 2."
865479,3190035767,Missouri State Highway Patrol-Troop A,1576454400000,190729004,1,0,1,0,Personal Injury,PETTIS,NON-CITY OR UNINCORPORATED,A,1,1,0,1056,0.2,A ,S ,CRD MARSHALL AVE,CST E 16TH ST,Dark-Unlighted,Pedestrian,1,,Mon     ,0,0,0,0,0,0,0,0,0,0,0,0,0,0,0,0,0,0,0,0,0,0,0,0,0,38.69244,-93.19512,0,12/16/2019,20:45:00,"CRASH OCCURRED AS VEHICLE 1 WAS TRAVELING SOUTHBOUND AT A SLOW SPEED WHEN IT STRUCK PEDESTRIAN 1 WHO WAS ATTEMPTING TO CROSS THE ROADWAY.  AFTER IMPACT, THE PEDESTRIAN ROLLED INTO THE DITCH OFF THE WEST SIDE OF MARSHALL AVENUE, WHILE VEHICLE 1 CAME TO A CONTROLLED STOP."
1336623,3190034863,Missouri State Highway Patrol-Troop G,1576454400000,190729036,1,0,1,0,Personal Injury,DOUGLAS,AVA,G,1,1,0,42,0.01,B ,S ,CST S SPRING ST,CST GARFIELD AVE,Dark-Lighted,Overturn,2,,Mon     ,0,0,0,0,1,0,0,1,0,0,1,0,0,0,0,1,0,0,0,0,1,0,0,0,1,36.9502,-92.65871,0,12/16/2019,21:25:00,"CRASH OCCURRED AS VEHICLE ONE BEGAN SLIDING WHILE MAKING A RIGHT TURN, CROSSED CENTER OF ROADWAY, TRAVELED OFF LEFT SIDE OF ROADWAY, OVERTURNED, IMPACTED THE GROUND AND THEN A BUILDING. ASSISTED BY TPR J W PHILPOTT #1182"
1311852,3190036887,Missouri State Highway Patrol-Troop C,1576454400000,190729074,1,0,1,0,Personal Injury,ST. CHARLES,ST PETERS,C,1,1,0,41,0.01,B ,E ,RP 1038813,IS 70,Dark-Lighted,Fixed Object,2,,Mon     ,0,1,0,0,1,0,0,1,0,0,0,0,0,0,0,1,0,0,0,0,0,0,0,0,0,38.7989,-90.6114,0,12/16/2019,22:34:00,DRIVER 1 WAS TRAVELING TOO FAST FOR ROAD CONDITIONS. THE FRONT OF VEHICLE 1 STRUCK AN ATTENUATOR
1016370,3190035001,Missouri State Highway Patrol-Troop D,1576540800000,190729236,2,0,2,0,Personal Injury,NEWTON,NON-CITY OR UNINCORPORATED,D,2,2,0,411,0.08,B ,S ,MO 59,BRIDGE A3954,Dark-Unlighted,Motor Vehicle in Transport,1,60,Tue     ,0,0,0,0,1,0,0,1,1,0,0,0,0,0,0,1,0,0,0,0,1,0,0,1,0,36.92376,-94.31654,0,12/17/2019,06:30:00,ACCIDENT OCCURRED AS VEH 1 STARTED TO SLIDE AND CROSSED CENTER LINE STRIKING VEH #2 HEAD ON
1205262,3190035063,Missouri State Highway Patrol-Troop F,1576540800000,190729283,1,0,1,0,Personal Injury,COOPER,NON-CITY OR UNINCORPORATED,F,1,1,0,554,0.1,B ,E ,IS 70,ERM EAST IS 70 MILE 932,Daylight,Fixed Object,2,,Tue     ,0,0,0,0,1,0,1,0,0,0,0,0,0,0,0,1,0,0,0,0,0,0,0,0,0,38.93391,-92.94,0,12/17/2019,07:00:00,"OCCURRED AS VEHICLE 1 LOST CONTROL ON AN ICE COVERED BRIDGE, TRAVELED OFF THE RIGHT SIDE OF THE ROADWAY AND STRUCK A ROCK BLUFF."
1250214,3190035921,Missouri State Highway Patrol-Troop C,1576540800000,190729395,1,0,1,0,Personal Injury,STE. GENEVIEVE,NON-CITY OR UNINCORPORATED,C,2,2,0,121,0.02,A ,N,IS 55,ERM NORTH IS 55 MILE 1632,Daylight,Fixed Object,2,,Tue     ,0,0,0,0,1,0,0,1,1,0,0,0,0,0,0,1,0,0,0,0,1,0,0,1,0,38.06699,-90.28702,0,12/17/2019,08:29:00,"VEHICLE #1 BEGAN TO SLIDE ON THE WET AND ICE COVERED ROADWAY. VEHICLE #1 RAN OFF THE RIGHT SIDE OF THE ROAD AND STRUCK A ABANDONED VEHICLE OFF THE RIGHT SIDE OF THE ROAD. VEHICLE #1 WENT AIRBORNE AND BEGAN OVERTURNING. VEHICLE #1 CAME TO REST ON ITS TOP, FACING SOUTH."
1334705,3190036630,Missouri State Highway Patrol-Troop G,1576540800000,190729510,1,0,1,0,Personal Injury,WRIGHT,NON-CITY OR UNINCORPORATED,G,1,1,0,776,0.15,B ,N,RT F,PVT EVERGREEN LN,Daylight,Fixed Object,2,,Tue     ,0,0,0,0,1,0,0,0,0,0,0,0,0,0,0,1,0,0,0,0,1,0,0,1,0,37.1173,-92.61257,0,12/17/2019,09:35:00,"DRIVER ONE LOST CONTROL ON ICE COVERED ROADWAY, TRAVELED OFF THE RIGHT SIDE OF THE ROADWAY AND OVERTURNED."
1506530,3190036596,Missouri State Highway Patrol-Troop H,1576540800000,190729581,2,1,1,1,Fatal,DEKALB,NON-CITY OR UNINCORPORATED,H,2,2,0,45,0.01,A ,S ,RT J,CRD ROGERS RD,Daylight,Motor Vehicle in Transport,1,64,Tue     ,0,0,0,0,1,0,0,1,1,0,0,0,0,0,0,1,0,0,0,0,0,0,0,0,0,39.77611,-94.43274,1,12/17/2019,10:13:00,"LATE DEATH REPORT- OCCURRED AS NR1 WAS NORTHBOUND AND NR2 WAS SOUTHBOUND. NR1 BEGAN TO SKID ON SNOW COVERED ROADWAY AND SLID ACROSS THE CENTER OF ROADWAY AND STRUCK THE FRONT BUMPER OF NR2 WITH ITS PASSENGER SIDE. NR2 WENT OFF THE WEST SIDE OF THE ROADWAY AND CAME TO REST FACING SOUTH.  NR1 CAME TO REST FACING EAST PARTLY BLOCKING THE SOUTHBOUND LANE OF RT J. SUBJECT PRONOUNCED DECEASED AT MOSAIC LIFE CARE ON 12-19-2019 AT 1505 HOURS BY DR. KHANG LEE.  NEXT OF KIN NOTIFIED.  BODY WAS RELEASED TO TURNER FAMILY FUNERAL HOME IN MAYSVILLE, MO. ASSISTED BY TPR J.J. THOMPSON (1414), SGT J.M. CROSS (446), AND STEWARTSVILLE FD."
1508679,3190036033,Missouri State Highway Patrol-Troop H,1576540800000,190729694,1,0,0,1,Personal Injury,HOLT,NON-CITY OR UNINCORPORATED,H,1,1,0,879,0.17,B ,N,MO 113,CRD RAINTREE DR,Daylight,Fixed Object,2,,Tue     ,0,0,0,0,0,0,0,1,0,0,0,0,0,0,0,1,0,0,0,0,1,0,0,0,1,40.13006,-95.11082,0,12/17/2019,11:15:00,"CRASH OCCURRED AS VEHICLE 1 WAS NORTHBOUND ON MO-113 IN HOLT COUNTY. MO-113 IS A NORTH AND SOUTH ROADWAY THAT TRAVELS EAST AND WEST AT THE CRASH LOCATION. VEHICLE 1 TRAVELED OFF THE SOUTH SIDE OF MO-113 AND THE FRONT OF VEHICLE 1 STRUCK A DITCH.  VEHICLE 1 CAME TO REST ON ITS PASSENGER SIDE FACING EAST, OFF THE SOUTH SIDE OF MO-113.  ASSISTED BY HOLT COUNTY SHERIFF'S DEPARTMENT, MOUND CITY RURAL FIRE, AND ATCHISON HOLT AMBULANCE DISTRICT."
814430,3190034997,Missouri State Highway Patrol-Troop A,1576540800000,190729790,2,0,2,0,Personal Injury,CLAY,KANSAS CITY,A,2,2,0,131,0.02,B ,S ,IS 35,ERM SOUTH IS 35 MILE 106,Daylight,Motor Vehicle in Transport,1,61,Tue     ,0,0,0,0,0,0,0,1,0,0,0,0,1,0,0,1,0,0,0,0,0,0,0,0,0,39.18433,-94.52033,0,12/17/2019,12:10:00,"CRASH OCCURRED AS BOTH VEHICLES WERE SOUTHBOUND ON I 35.  VEH 1 WAS ON THE RAMP FROM US 69 TO I 35, SLOWED SUDDENLY AND WAS STRUCK IN THE REAR BY VEH 2. ASSISTED BY TPR C M MCDONALD /892/, SGT M R SCHMIDT /1114/ AND  KANSAS CITY POLICE DEPARTMENT."
1062471,3190034839,Missouri State Highway Patrol-Troop I,1576540800000,190729961,2,0,2,0,Personal Injury,PHELPS,NON-CITY OR UNINCORPORATED,I,2,2,0,934,0.18,B ,E ,RT KK,RT U,Daylight,Motor Vehicle in Transport,1,64,Tue     ,0,0,0,0,1,0,0,1,1,0,0,0,0,0,0,1,0,0,0,0,0,0,0,0,0,38.02498,-91.54607,0,12/17/2019,13:32:00,OCCURRED AS VEH 1 CROSSED CENTER OF ROADWAY AND SIDE-SWIPED VEH 2
786787,3190035603,Missouri State Highway Patrol-Troop A,1576540800000,190730140,1,0,1,0,Personal Injury,HENRY,NON-CITY OR UNINCORPORATED,A,1,1,0,348,0.07,A ,W ,RT C,CRD NE 1001,Daylight,Fixed Object,2,,Tue     ,0,0,0,0,1,0,0,0,0,0,0,0,0,0,0,1,0,0,0,0,1,0,0,1,0,38.38653,-93.57104,0,12/17/2019,15:00:00,"CRASH OCCURRED AS VEHICLE 1 WAS EASTBOUND ON ROUTE C. DRIVER 1 LOST CONTROL DUE TO ICE/SNOW COVERED ROAD. CROSSED THE CENTER LINE, WENT OFF THE ROAD AND STRUCK AN EMBANKMENT."
1224343,3190036324,Missouri State Highway Patrol-Troop C,1576540800000,190730226,4,0,4,0,Personal Injury,JEFFERSON,NON-CITY OR UNINCORPORATED,C,2,2,0,31,0.01,B ,W ,MO 30,PVT VALLEY DELL DR,Daylight,Motor Vehicle in Transport,1,61,Tue     ,0,0,0,0,0,1,1,0,0,1,0,0,0,0,0,1,0,0,0,0,1,0,0,1,0,38.49478,-90.47909,0,12/17/2019,15:53:00,"BOTH VEHICLES WERE WESTBOUND ON HIGHWAY 30 IN LANE 1.  VEHICLE 1 SLOWED FOR A STEADY RED TRAFFIC SIGNAL.  DRIVER 2 FAILED TO NOTICE, CAUSING THE FRONT OF VEHICLE 2 TO STRIKE THE REAR OF VEHICLE 1."
1133523,3190034804,Missouri State Highway Patrol-Troop E,1576540800000,190730273,1,0,1,0,Personal Injury,RIPLEY,NAYLOR,E,1,1,0,42,0.01,B ,E ,MO 142,CST KELSEY AVE,Daylight,Fixed Object,2,,Tue     ,0,0,0,0,0,0,0,1,0,0,0,0,0,0,0,0,0,0,0,0,0,0,0,0,0,36.57485,-90.6114,0,12/17/2019,16:20:00,"CRASH OCCURRED AS VEHICLE ONE SWERVED TO AVOID ANOTHER VEHICLE, RAN OFF THE RIGHT SIDE OF THE ROADWAY AND STRUCK A STOP SIGN AND A UTILITY POLE"
1141618,3190035083,Missouri State Highway Patrol-Troop E,1576540800000,190730309,2,0,2,0,Personal Injury,BUTLER,NON-CITY OR UNINCORPORATED,E,2,2,0,0,0,AT,W ,US 60,CRD 581,Daylight,Motor Vehicle in Transport,1,60,Tue     ,0,0,0,0,0,0,0,1,1,0,0,0,1,0,0,1,0,0,0,0,0,0,0,0,0,36.7915,-90.26285,0,12/17/2019,16:47:00,CRASH OCCURRED AS VEHICLE ONE WAS TRAVELING EASTBOUND IN THE WESTBOUND LANE AND STRUCK VEHICLE TWO HEAD-ON.
1135947,3190035286,Missouri State Highway Patrol-Troop E,1576540800000,190730360,1,0,1,0,Personal Injury,CAPE GIRARDEAU,NON-CITY OR UNINCORPORATED,E,2,2,0,1842,0.35,B ,S ,RT D,PVT SHALIMAR LN,Dark-Unlighted,Motor Vehicle in Transport,1,60,Tue     ,0,0,0,0,0,1,1,1,0,0,0,0,0,0,0,1,0,0,0,0,1,0,0,1,0,37.52342,-89.73263,0,12/17/2019,17:15:00,CRASH OCCURRED AS VEHICLE ONE  CROSSED THE CENTER OF THE ROADWAY AND STRUCK VEHICLE TWO HEAD-ON.
1329861,3190036644,Missouri State Highway Patrol-Troop G,1576540800000,190730495,2,0,2,0,Personal Injury,HOWELL,NON-CITY OR UNINCORPORATED,G,2,2,Y,0,0,AT,S ,MO 17,CRD 8620,Dark-Unlighted,Motor Vehicle in Transport,1,64,Tue     ,0,0,0,0,0,0,0,0,0,0,0,1,0,0,0,1,0,0,0,0,0,0,0,0,0,36.70208,-91.85105,0,12/17/2019,18:48:00,CRASH OCCURRED AS VEHICLE 2 FAILED TO YIELD AND STRUCK VEHICLE ONE IN THE SIDE.
1177865,3190036026,Missouri State Highway Patrol-Troop F,1576540800000,190730496,1,0,1,0,Personal Injury,CAMDEN,NON-CITY OR UNINCORPORATED,F,1,1,0,496,0.09,B ,N,MO 5,CRD ROCK GROVE CT,Dark-Unlighted,Fixed Object,2,,Tue     ,1,0,0,0,0,0,1,0,0,0,0,0,0,0,0,0,0,0,0,0,1,0,0,1,0,38.09089,-92.80885,0,12/17/2019,18:41:00,"VEHICLE 1 TRAVELED OFF THE RIGHT SIDE OF THE ROAD, STRUCK A MAILBOX AND EMBANKMENT.  ASSISTED BY TPR K.R. DINWIDDIE (300)"
1276703,3190036696,Missouri State Highway Patrol-Troop C,1576540800000,190730523,1,0,1,0,Personal Injury,ST. CHARLES,WELDON SPRING,C,2,2,0,0,0,AT,E ,MO 94,CST WOLFRUM,Dark-Lighted,Motor Vehicle in Transport,1,64,Tue     ,0,0,0,0,0,0,0,1,0,1,0,0,0,0,0,1,0,0,0,0,1,0,0,1,0,38.7276,-90.64418,0,12/17/2019,19:00:00,VEHICLE 1 WAS TURNING LEFT FROM HIGHWAY 94 ONTO WOLFRUM ROAD. VEHICLE 2 RAN A STEADY RED LIGHT AND THE FRONT LEFT OF VEHICLE 2 STRUCK FRONT RIGHT OF VEHICLE 1.
1504039,3190034919,Missouri State Highway Patrol-Troop H,1576540800000,190730526,1,0,1,0,Personal Injury,LIVINGSTON,NON-CITY OR UNINCORPORATED,H,1,1,0,5,0,A ,E ,CRD 256,CRD 233,Dark-Unlighted,Fixed Object,2,,Tue     ,0,0,0,0,0,0,0,0,0,0,0,0,0,0,0,1,0,0,0,0,1,0,0,1,0,39.78881,-93.58638,0,12/17/2019,19:13:00,CRASH OCCURRED AS VEHICLE 1 WAS SOUTHBOUND ON CR-233. VEHICLE TRAVELED THROUGH THE INTERSECTION OF CR-256 AND OFF THE SOUTH SIDE OF THE ROADWAY.  IMPACT OCCURRED AS THE FRONT OF VEHICLE 1 STRUCK THE EMBANKMENT.  VEHICLE 1 CAME TO REST SOUTHEAST OFF THE ROADWAY ON ITS WHEELS. ASSISTED BY LIVINGSTON COUNTY SHERIFF'S DEPARTMENT.
1201196,3190035578,Missouri State Highway Patrol-Troop C,1576540800000,190730661,1,0,0,1,Personal Injury,LINCOLN,NON-CITY OR UNINCORPORATED,C,1,1,0,924,0.17,A ,S ,RT W,CRD EHMLER LN,Dark-Unlighted,Fixed Object,2,,Tue     ,0,0,0,0,0,0,0,0,0,0,0,0,0,0,0,1,0,0,0,0,0,0,0,0,0,39.11146,-90.87322,0,12/17/2019,21:11:00,VEHICLE 1 WAS TRAVELING NORTH ON ROUTE W. VEHICLE 1 TRAVELED OFF THE LEFT SIDE OF THE ROADWAY AND STRUCK A TREE.
1171126,3190036936,Missouri State Highway Patrol-Troop F,1576540800000,190730663,1,0,0,1,Personal Injury,MORGAN,NON-CITY OR UNINCORPORATED,F,1,1,0,797,0.15,B ,W ,MO 52,BRIDGE A3549,Dark-Unlighted,Fixed Object,2,,Tue     ,1,0,0,0,0,0,0,0,0,0,0,0,0,0,0,0,0,0,0,0,0,0,0,0,0,38.43495,-92.94576,0,12/17/2019,21:20:00,OCCURRED AS VEHICLE 2 TRAVELED OFF THE RIGHT SIDE OF THE ROADWAY AND STRUCK A TREE.
829346,3190036112,Missouri State Highway Patrol-Troop A,1576540800000,190730751,1,0,0,1,Personal Injury,CLAY,CLAYCOMO,A,1,1,0,295,0.06,A ,S ,IS 435,ERM SOUTH IS 435 MILE 524,Dark-Unlighted,Fixed Object,2,,Tue     ,1,0,0,0,0,0,0,0,0,0,0,0,0,0,0,0,0,0,0,0,0,0,0,0,0,39.20521,-94.49235,0,12/17/2019,23:15:00,"CRASH OCCURRED AS VEHICLE 1 RAN OFF THE RIGHT SIDE OF THE ROADWAY AND OVERTURNED, EJECTING DRIVER 1. ASSISTED BY TPR R T CARTER /324/, CLAYCOMO PD, AND PLEASANT VALLEY PD."
1224360,3190035524,Missouri State Highway Patrol-Troop C,1576627200000,190730841,1,0,1,0,Personal Injury,JEFFERSON,NON-CITY OR UNINCORPORATED,C,1,1,0,601,0.11,B ,N,CRD OLD HWY 141,CRD CORISANDE HILLS RD,Dark-Unlighted,Pedestrian,1,,Wed     ,0,0,0,0,0,0,0,0,0,0,0,0,0,0,0,0,0,0,0,0,1,0,0,1,0,38.48917,-90.44252,0,12/18/2019,05:40:00,"VEHICLE #1 WAS TRAVELING NORTHBOUND ON OLD HIGHWAY 141.  PEDESTRIAN #1 WAS WALKING NORTHBOUND, PARTIALLY IN THE ROADWAY, PUSHING HER BICYCLE.  THE PASSENGER SIDE MIRROR OF VEHICLE #1 STRUCK PEDESTRIAN #1."
1155534,3190035198,Missouri State Highway Patrol-Troop E,1576627200000,190731018,1,0,0,1,Personal Injury,SCOTT,NON-CITY OR UNINCORPORATED,E,2,2,0,528,0.1,B ,S ,MO 77,CRD 401,Daylight,Motor Vehicle in Transport,1,64,Wed     ,0,0,0,0,0,0,0,1,1,0,0,0,0,0,0,1,0,0,0,0,0,0,0,0,0,37.09037,-89.54186,0,12/18/2019,08:26:00,CRASH OCCURRED AS VEHICLE 1 FAILED TO YIELD AND THE FRONT OF VEHICLE 2 STRUCK THE SIDE OF VEHICLE 1.
882099,3190036017,Missouri State Highway Patrol-Troop A,1576627200000,190731187,1,0,1,0,Personal Injury,BATES,NON-CITY OR UNINCORPORATED,A,2,2,Y,200,0.04,B ,N,IS 49,ERM NORTH IS 49 MILE 1262,Daylight,Motor Vehicle in Transport,1,63,Wed     ,0,0,0,0,0,0,0,0,0,0,0,0,0,0,0,1,0,0,0,0,0,0,0,0,1,38.17484,-94.35404,0,12/18/2019,09:45:00,CRASH OCCURRED AS VEHICLE 1 BEGAN TO PASS VEHICLE 2. VEHICLE 2 SIDESWIPED VEHICLE 1. VEHICLE 1 CAME TO A CONTROLLED STOP OFF THE RIGHT SIDE OF THE ROADWAY. VEHICLE 2 CONTINUED TRAVELING AND WAS LATER LOCATED. ASSISTED BY TPR R O GREEN /901/ AND BATES COUNTY SHERIFF'S OFFICE
1141617,3190035329,Missouri State Highway Patrol-Troop E,1576627200000,190731239,1,0,1,0,Personal Injury,BUTLER,NON-CITY OR UNINCORPORATED,E,1,1,0,108,0.02,B ,N,RT HH,CRD 203,Daylight,Overturn,2,,Wed     ,0,0,0,0,1,0,0,1,1,0,0,0,0,0,0,1,0,0,0,0,0,0,0,0,1,36.61924,-90.33805,0,12/18/2019,10:10:00,CRASH OCCURRED AS VEHICLE 1 RAN OFF THE RIGHT SIDE OF THE ROAD AND OVERTURNED.
801402,3190035700,Missouri State Highway Patrol-Troop A,1576627200000,190731354,1,0,0,1,Personal Injury,JACKSON,LEES SUMMIT,A,2,2,0,279,0.05,A ,S ,MO 291,ERM SOUTH IS 470 MILE 122,Daylight,Motor Vehicle in Transport,1,61,Wed     ,0,0,0,0,0,0,0,1,1,0,0,0,0,0,0,1,0,0,0,0,0,0,0,0,0,38.97637,-94.35713,0,12/18/2019,11:20:00,CRASH OCCURRED AS VEH1 SLOWED FOR TRAFFIC.  VEH2 OVERTOOK AND STRUCK THE REAR OF VEH1.  VEH1 THEN TRAVELED OFF THE ROADWAY AND STRUCK A FENCE.  ASSISTED BY TPR J D HOWARD /284/ AND CPL R A WOOD /788/
1233153,3190035866,Missouri State Highway Patrol-Troop C,1576627200000,190731360,1,0,1,0,Personal Injury,JEFFERSON,NON-CITY OR UNINCORPORATED,C,2,2,0,15,0,B ,E ,MO 30,CRD NORTHWEST BLVD,Daylight,Motor Vehicle in Transport,1,61,Wed     ,0,0,0,0,0,0,0,0,0,1,0,0,0,0,0,0,0,0,0,0,1,0,0,1,0,38.50058,-90.46093,0,12/18/2019,11:22:00,VEHICLE 2 WAS STOPPED FOR RED SIGNAL LIGHT. VEHICLE 1 FAILED TO STOP AND STRUCK THE REAR OF VEHICLE 2.
846411,3190036105,Missouri State Highway Patrol-Troop A,1576627200000,190731447,2,0,1,1,Personal Injury,JOHNSON,NON-CITY OR UNINCORPORATED,A,2,2,0,0,0,AT,E ,US 50,MO 58,Daylight,Motor Vehicle in Transport,1,64,Wed     ,0,0,0,0,0,0,0,1,0,0,0,0,1,0,0,1,0,0,0,0,0,0,0,0,0,38.77838,-93.83878,0,12/18/2019,12:10:00,CRASH OCCURRED AS VEHICLE 1 FAILED TO YIELD TO VEHICLE 2.  ASSISTED BY MSGT D S GREEN /650/ AND MSGT R W SHAUL /528/