objectid,accident,agency,inv_date,complaint,injured,killed,min_inj,dis_inj,severity,county,city,troop,no_vehicle,motor_veh,left_scene,dist_feet,dist_mile,inter_loc,direction,on_street,at_street,light_cond,acc_type,on_off_rd,two_veh,day_week,dr_drink,dr_drug,ped_drink,ped_drug,speed,dr_under21,dr_under25,dr_over55,dr_over64,electrical,emer_veh,stop_sign,yield_sign,czone,hazmat,aggressive,cell_phone,texting,veh_defect,school_bus,truck,motorcycle,atv,pickup,cmv,gps_lat,gps_long,severity_fatal,acc_date,acc_time,narrative
1233168,3190035525,Missouri State Highway Patrol-Troop C,1576627200000,190731567,1,0,1,0,Personal Injury,JEFFERSON,NON-CITY OR UNINCORPORATED,C,1,1,0,211,0.04,B ,E ,CRD DUTCH BOTTOM RD,PVT CHRISTOPHER,Daylight,Fixed Object,2,,Wed     ,0,0,0,0,0,0,0,1,0,0,0,0,0,0,0,0,0,0,0,0,0,0,0,0,0,38.44862,-90.41973,0,12/18/2019,13:00:00,VEHICLE 1 TRAVELED OFF THE RIGHT SIDE OF ROADWAY AND STRUCK A UTILITY POLE.
801403,3190036414,Missouri State Highway Patrol-Troop A,1576627200000,190731902,9,0,9,0,Personal Injury,JACKSON,LEES SUMMIT,A,4,4,0,25,0,A ,E ,IS 470,ERM NORTH IS 470 MILE 152,Daylight,Motor Vehicle in Transport,1,61,Wed     ,0,0,0,0,0,0,1,1,1,0,0,0,0,0,0,1,0,0,0,1,1,0,0,1,1,39.01989,-94.35945,0,12/18/2019,15:40:00,"CRASH OCCURRED AS VEHICLE 1 MERGED BETWEEN VEHICLE 2 AND VEHICLE 3 AND TRAFFIC BECAME STATIONARY. VEHICLE 2 STRUCK THE REAR OF VEHICLE 1, VEHICLE 1 STRUCK THE REAR OF VEHICLE 3 AND VEHICLE 3 STRUCK THE REAR OF VEHICLE 4. ASSISTED BY TPR C W BRADSHAW /830/ MSGT R S SMITH /691/ AND TPR B W MONTGOMERY /1348/"
1233169,3190035997,Missouri State Highway Patrol-Troop C,1576627200000,190731905,2,0,1,1,Personal Injury,JEFFERSON,NON-CITY OR UNINCORPORATED,C,2,2,0,84,0.02,A ,S ,CRD NEW SUGAR CREEK RD,PVT GRANDVIEW DR,Daylight,Motor Vehicle in Transport,1,64,Wed     ,0,0,0,0,0,1,1,0,0,0,0,0,0,0,0,1,0,0,0,0,0,1,0,0,0,38.4913,-90.48836,0,12/18/2019,15:47:00,VEHICLE 2 WAS TRAVELING SOUTH ON NEW SUGAR CREEK. VEHICLE 1 WAS ATTEMPTING TO PULL ONTO NEW SUGAR CREEK FROM A PRIVATE DRIVE. DRIVER 1 FAILED TO YIELD TO VEHICLE 2. THE FRONT OF VEHICLE 2 STRUCK THE LEFT OF VEHICLE 1.
1304729,3190035692,Missouri State Highway Patrol-Troop C,1576627200000,190732050,1,0,1,0,Personal Injury,WARREN,NON-CITY OR UNINCORPORATED,C,1,1,0,1425,0.27,B ,E ,MO 94,PVT CHURCH HILL RD,Daylight,Fixed Object,2,,Wed     ,0,0,0,0,0,0,1,0,0,0,0,0,0,0,0,1,0,0,0,0,0,0,0,0,0,38.59567,-90.98713,0,12/18/2019,17:00:00,"DRIVER 1 SWERVED TO MISS A DEER. VEHICLE 1 TRAVELED OFF THE LEFT SIDE OF THE  ROADWAY, STRUCK EMBANKMENT AND OVERTURNED."
801405,3190035420,Missouri State Highway Patrol-Troop A,1576627200000,190732104,2,0,2,0,Personal Injury,JACKSON,LEES SUMMIT,A,2,2,0,200,0.04,A ,E ,IS 470,ERM EAST IS 470 MILE 54,Dark-Unlighted,Motor Vehicle in Transport,1,61,Wed     ,0,0,0,0,0,0,1,0,0,0,0,0,0,0,0,1,0,0,0,0,0,0,0,0,0,38.93611,-94.44614,0,12/18/2019,17:35:00,CRASH OCCURRED AS TRAFFIC BEGAN TO SLOW AND VEHICLE 1 STRUCK THE REAR OF VEHICLE 2.  ASSISTED BY MSGT R S SMITH /691/
1145118,3190037001,Missouri State Highway Patrol-Troop E,1576627200000,190732106,0,1,0,0,Fatal,NEW MADRID,NON-CITY OR UNINCORPORATED,E,2,2,0,0,0,AT,W ,US 60,BU 60 WJ,Dark-Unlighted,Motor Vehicle in Transport,1,64,Wed     ,0,0,0,0,0,0,0,1,0,1,0,1,0,0,0,1,0,0,0,0,0,0,0,0,1,36.84436,-89.63195,1,12/18/2019,17:30:00,FATALITY CRASH     NEXT OF KIN HAS BEEN NOTIFIED    CRASH OCCURRED AS VEHICLE 1 WAS STOPPED AT A STOP SIGN WHILE ATTEMPTING TO MAKE A LEFT TURN.  VEHICLE 1 FAILED TO YIELD TO WESTBOUND VEHICLE 2.  VEHICLE 2 STRUCK THE TRAILER OF VEHICLE 1.       DRIVER WAS PRONOUNCED AT THE SCENE BY NEW MADRID COUNTY CORONER GEORGE DELISLE AT 1832 HOURS    TROOP E FATALITY #53 FOR 2019
1050081,3190035719,Missouri State Highway Patrol-Troop I,1576627200000,190732254,1,0,0,1,Personal Injury,DENT,NON-CITY OR UNINCORPORATED,I,1,1,0,4224,0.8,A ,E ,MO 32,CRD 4353,Dark-Unlighted,Fixed Object,2,,Wed     ,0,0,0,0,1,1,1,0,0,0,0,0,0,0,0,1,0,0,0,0,0,0,0,0,0,37.61852,-91.31613,0,12/18/2019,18:30:00,OCCURRED AS VEH 1 TRAVELED OFF THE RIGHT SIDE OF THE ROADWAY AND STRUCK A TREE.
1328115,3190035394,Missouri State Highway Patrol-Troop G,1576627200000,190732314,2,0,2,0,Personal Injury,OZARK,NON-CITY OR UNINCORPORATED,G,2,2,0,0,0,AT,S ,MO 181,RT N,Dark-Unlighted,Motor Vehicle in Transport,1,64,Wed     ,0,0,0,0,0,0,0,0,0,0,0,0,0,0,0,1,0,0,0,0,0,0,0,0,0,36.68169,-92.36556,0,12/18/2019,20:10:00,ACCIDENT OCCURRED AS VEHICLE 1 ATTEMPTED TO MAKE A LEFT TURN AND FAILED TO YEILD TO VEHICLE 2.  VEHICLE 2 THEN STRUCK VEHICLE 1.
1152263,3190036281,Missouri State Highway Patrol-Troop E,1576627200000,190732473,1,0,1,0,Personal Injury,STODDARD,NON-CITY OR UNINCORPORATED,E,1,1,0,739,0.14,B ,S ,RT F,CRD 462,Dark-Unlighted,Fixed Object,2,,Wed     ,0,0,0,0,0,1,1,0,0,0,0,0,0,0,0,1,0,0,0,0,0,0,0,0,0,36.8359,-90.04269,0,12/18/2019,22:20:00,VEH1 RAN OFF THE ROADWAY STRUCK A DITCH AND OVERTURNED SEVERAL TIMES.
963823,3190035908,Missouri State Highway Patrol-Troop D,1576713600000,190732594,1,0,1,0,Personal Injury,BARTON,NON-CITY OR UNINCORPORATED,D,1,1,0,95,0.02,A ,W ,US 160,RT NN,Dark-Unlighted,Overturn,2,,Thu     ,0,0,0,0,0,0,0,0,0,0,0,0,0,0,0,0,0,0,0,0,0,0,0,0,0,37.49125,-94.51778,0,12/19/2019,01:50:00,"NBR 1 RAN OFF THE ROADWAY, OVERTURNED AND STRUCK A SIGN."
1016111,3190035322,Missouri State Highway Patrol-Troop D,1576713600000,190732660,1,0,1,0,Personal Injury,NEWTON,NON-CITY OR UNINCORPORATED,D,2,2,0,0,0,AT,N,MO 59,CRD SPRUCE DR,Dark-Unlighted,Motor Vehicle in Transport,1,64,Thu     ,0,0,0,0,0,0,0,0,0,0,0,1,0,0,0,1,0,0,0,1,0,0,0,0,1,36.76686,-94.41378,0,12/19/2019,06:30:00,CRASH OCCURRED AS VEHICLE #2 WAS MAKING A LEFT TURN AND VEHICLE #1 STRUCK VEHICLE #2.
814347,3190035306,Missouri State Highway Patrol-Troop A,1576713600000,190732720,1,0,1,0,Personal Injury,CLAY,KANSAS CITY,A,2,2,0,31,0.01,B ,N,IS 435,ERM NORTH IS 435 MILE 516,Daylight,Motor Vehicle in Transport,1,61,Thu     ,0,0,0,0,0,0,0,0,0,0,0,0,0,0,0,0,0,0,0,0,0,0,0,0,0,39.2163,-94.49535,0,12/19/2019,07:25:00,CARSH OCCURRED AS BOTH VEHICLES WERE NORTHBOUND ON I 435.  VEH 1 SLOWED FOR A DEER IN THE RD. VEH 2 OVERTOOK AND STRUCK VEH 1.  VEH 1 THEN STRUCK AN EMBANKMENT. ASSISTED BY TPR B N MARQUART /784/.
1145117,3190035634,Missouri State Highway Patrol-Troop E,1576713600000,190732731,1,0,1,0,Personal Injury,NEW MADRID,NON-CITY OR UNINCORPORATED,E,2,2,0,278,0.05,A ,S ,IS 55,ERM SOUTH IS 55 MILE 420,Daylight,Motor Vehicle in Transport,1,61,Thu     ,0,0,0,0,0,0,0,1,1,0,0,0,0,0,0,1,0,0,0,0,1,0,0,1,1,36.53259,-89.59516,0,12/19/2019,07:30:00,"CRASH OCCURRED AS VEHICLE 2 STRUCK VEHICLE 1 IN THE REAR, CAUSING VEHICLE 1 TO OVERTURN OFF THE LEFT SIDE OF THE ROADWAY.   VEHICLE 2 THEN CONTINUED OFF THE LEFT SIDE OF THE ROADWAY, STRIKING THE CABLE BARRIER.  DAMAGE TO STATE PROPERTY - 300 FT OF CABLE AND 15 POLES"
846410,3190035283,Missouri State Highway Patrol-Troop A,1576713600000,190733175,1,0,1,0,Personal Injury,JOHNSON,NON-CITY OR UNINCORPORATED,A,1,1,0,2349,0.44,B ,E ,US 50,RP 992559,Daylight,Fixed Object,2,,Thu     ,0,0,0,0,0,0,0,0,0,0,0,0,0,0,0,0,0,0,0,0,0,0,0,0,1,38.77352,-93.69921,0,12/19/2019,10:52:00,"CRASH OCCURRED AS VEHICLE WAS TRAVELING EASTBOUND ON US50 IN THE RIGHT LANE. VEHICLE SLOWED ABRUPTLY AND BEGAN TO SLIDE. VEHICLE TRAVELED OFF THE RIGHT SIDE OF THE ROAD, STRUCK A HIGHWAY TRAFFIC SIGN POST, AND CAME TO REST OFF THE SOUTH SIDE OF THE ROAD. ASSISTED BY WARRENSBURG POLICE DEPARTMENT."
882096,3190036368,Missouri State Highway Patrol-Troop A,1576713600000,190733335,1,0,1,0,Personal Injury,BATES,NON-CITY OR UNINCORPORATED,A,1,1,0,4224,0.8,A ,S ,RT N,CRD SE 4556,Daylight,Overturn,2,,Thu     ,0,0,0,0,0,0,0,1,1,0,0,0,0,0,0,1,0,0,0,0,0,0,0,0,0,38.14129,-94.25647,0,12/19/2019,12:10:00,CRASH OCCURRED AS VEHICLE 1 FAILED TO NEGOTIATE A CURVE AND TRAVELED OFF THE WEST SIDE OF THE ROADWAY AND OVERTURNED.
1289046,3190035568,Missouri State Highway Patrol-Troop C,1576713600000,190733669,1,0,1,0,Personal Injury,PIKE,NON-CITY OR UNINCORPORATED,C,1,1,0,1056,0.2,A ,N,CRD 134,RT UU,Daylight,Fixed Object,2,,Thu     ,0,0,0,0,0,0,0,1,0,0,0,0,0,0,0,1,0,0,0,0,1,0,0,1,0,39.41342,-91.156,0,12/19/2019,15:10:00,VEHICLE 1 WAS TRAVELING NORTH ON PIKE COUNTY ROAD 134. DRIVER 1 LOST CONTROL AND VEHICLE 1 EXITED THE ROADWAY TO THE RIGHT AND STRUCK A UTILITY POLE
1304735,3190036187,Missouri State Highway Patrol-Troop C,1576713600000,190733691,1,0,1,0,Personal Injury,WARREN,NON-CITY OR UNINCORPORATED,C,2,2,0,691,0.13,B ,N,RT F,CRD FRUIT FARM RD,Daylight,Motor Vehicle in Transport,1,64,Thu     ,0,0,0,0,0,0,0,0,0,0,0,0,0,0,0,1,0,0,0,0,1,0,0,1,0,38.79632,-91.02752,0,12/19/2019,15:15:00,VEHICLE 1 WAS TRAVELING NORTHBOUND ON ROUTE F AND VEHICLE 2 WAS TRAVELING SOUTHBOUND ON ROUTE F.  VEHICLE 2 CROSSED THE CENTER OF THE ROAD AND STRUCK THE LEFT SIDE OF THE TOWED UNIT OF VEHICLE 1.  VEHICLE 2 THEN SLID OFF THE LEFT SIDE OF THE ROADWAY AND STRUCK A DITCH.
1258726,3190036758,Missouri State Highway Patrol-Troop C,1576713600000,190733746,2,0,2,0,Personal Injury,ST. LOUIS,NON-CITY OR UNINCORPORATED,C,3,3,0,79,0.01,A ,W ,IS 270,ERM SOUTH IS 270 MILE 10,Daylight,Motor Vehicle in Transport,1,61,Thu     ,0,0,0,0,0,0,1,1,0,0,0,0,0,0,0,1,0,0,0,0,0,0,0,0,1,38.5081,-90.35329,0,12/19/2019,15:49:00,"VEHICLES 1,2 AND 3 WERE TRAVELING SOUTH ON I-270. VEHICLE 3 AND 2 SLOWED FOR TRAFFIC CONGESTION. VEHICLE 1 FAILED TO SLOW AND THE FRONT OF VEHICLE 1 STRUCK THE REAR OF VEHICLE 2. THE IMPACT CAUSED THE FRONT OF VEHICLE 2 TO STRIKE THE REAR OF VEHICLE 3."
1251540,3190035631,Missouri State Highway Patrol-Troop C,1576713600000,190733889,0,1,0,0,Fatal,FRANKLIN,NON-CITY OR UNINCORPORATED,C,1,1,0,1789,0.34,B ,W ,CRD ST LOUIS ROCK ROAD,CRD SIEVE ROAD,Daylight,Overturn,1,,Thu     ,1,0,0,0,0,0,0,0,0,0,0,0,0,0,0,1,0,0,0,0,0,0,0,0,0,38.47613,-90.91229,1,12/19/2019,16:45:00,FATALITY REPORT - VEHICLE 1 WAS TRAVELING WEST ON ST LOUIS ROCK ROAD. VEHICLE 1 TRAVELED OFF THE RIGHT SIDE OF THE ROADWAY. VEHICLE 1 RETURNED TO THE ROADWAY AND DRIVER 1 OVERCORRECTED. VEHICLE 1 OVERTURNED EJECTING DRIVER 1. PRONOUNCED BY UNION AMBULANCE DISTRICT AT 1706 HOURS ON SCENE. ASSISTED BY MASTER SGT. C.L. PATTON (1108) AND TROOPER M.W. HEDLUND (255).
1289047,3190035575,Missouri State Highway Patrol-Troop C,1576713600000,190733939,2,0,0,2,Personal Injury,PIKE,NON-CITY OR UNINCORPORATED,C,2,2,0,0,0,AT,E ,US 54,RT NN,Daylight,Motor Vehicle in Transport,1,64,Thu     ,0,0,0,0,0,0,0,0,0,0,0,1,0,0,0,1,0,0,0,0,0,0,0,0,0,39.42094,-91.08724,0,12/19/2019,17:01:00,VEHICLE 1 WAS TRAVELING EAST ON HIGHWAY 54. VEHICLE 2 WAS TRAVELING NORTH ON ROUTE NN. VEHICLE 2 ATTEMPTED TO ENTER HIGHWAY 54 AND FAILED TO YIELD TO VEHICLE 1. THE FRONT OF VEHICLE 1 STRUCK THE LEFT SIDE OF VEHICLE 2.
1193044,3190036080,Missouri State Highway Patrol-Troop F,1576713600000,190733999,1,0,1,0,Personal Injury,CALLAWAY,NON-CITY OR UNINCORPORATED,F,2,2,0,0,0,AT,S ,US 63,CO WOR63 TO EOR63,Dark-Unlighted,Motor Vehicle in Transport,1,64,Thu     ,0,0,0,0,0,0,0,0,0,0,0,0,1,0,0,0,0,0,0,0,1,0,0,1,0,38.61815,-92.18956,0,12/19/2019,17:25:00,OCCURRED AS THE TOWED TRAILER OF VEHICLE 2 WAS PARTIALLY OBSTRUCTING THE PASSING LANE OF US 63 WHILE SITTING STATIONARY IN THE CROSSOVER AND WAS STRUCK BY VEHICLE 1.
1177866,3190035470,Missouri State Highway Patrol-Troop F,1576713600000,190734063,2,0,0,2,Personal Injury,CAMDEN,NON-CITY OR UNINCORPORATED,F,1,1,0,506,0.1,A ,E ,RT A,PVT CALVERT,Dark-Unlighted,Fixed Object,2,,Thu     ,1,0,0,0,0,0,0,1,0,0,0,0,0,0,0,0,0,0,0,0,0,0,0,0,0,38.03988,-92.6545,0,12/19/2019,18:10:00,CRASH OCCURRED AS VEHICLE 1 RAN OFF THE RIGHT SIDE OF THE ROADWAY AND STRUCK A TREE.  ASSISTED BY TPR. A.M. STARNES (1405).
1275275,3190036441,Missouri State Highway Patrol-Troop C,1576713600000,190734242,0,1,0,0,Fatal,ST. LOUIS CITY,ST LOUIS,C,1,1,0,316,0.06,A ,N,IS 55,ERM NORTH IS 55 MILE 2026,Dark-Unlighted,Fixed Object,2,,Thu     ,0,0,0,0,1,0,0,0,0,0,0,0,0,0,0,1,0,0,0,0,0,0,0,0,0,38.55489,-90.26078,1,12/19/2019,19:55:00,"FATALITY REPORT-VEHICLE 1 WAS TRAVELING NORTH ON I-55. VEHICLE 1 WAS TRAVELING TOO FAST FOR CONDITIONS. DRIVER 1 LOST CONTROL AND VEHICLE 1 EXITED THE ROADWAY TO THE RIGHT AND THE REAR OF VEHICLE 1 STRUCK A TREE. PRONOUNCE BY DR STEVEN LORBER AT ST LOUIS UNIVERSITY HOSPITAL AT 2038 HOURS. ASSISTED BY MASTER SGT. T.M. WILLIAMS (1132), MASTER SGT. W.B. SEVIER (1229), MASTER SGT. D.F. ISRINGHAUSEN (1335) AND  TROOPER L.A.DEZNER (660),"
941325,3190035551,Missouri State Highway Patrol-Troop D,1576800000000,190734528,2,0,2,0,Personal Injury,DALLAS,NON-CITY OR UNINCORPORATED,D,1,1,0,1077,0.2,B ,W ,MO 32,CRD ROSEWOOD ROAD,Dark-Unlighted,Fixed Object,2,,Fri     ,0,0,0,0,1,0,1,0,0,0,0,0,0,0,0,1,0,0,0,0,0,0,0,0,0,37.61159,-92.87367,0,12/20/2019,00:30:00,"NBR 1 RAN OFF THE RIGHT SIDE OF THE ROAD, STRUCK A CULVERT AND BEGAN OVERTURNING.  NBR 1 OVERTURNED SEVERAL TIMES, DURING WHICH IT STRUCK A FENCE."
1064983,3190035688,Missouri State Highway Patrol-Troop I,1576800000000,190735112,3,0,2,1,Personal Injury,LACLEDE,NON-CITY OR UNINCORPORATED,I,2,2,0,374,0.07,B ,E ,IS 44,ERM EAST IS 44 MILE 1214,Daylight,Motor Vehicle in Transport,1,63,Fri     ,0,0,0,0,0,0,1,1,1,0,0,0,0,0,0,1,0,0,0,0,0,0,0,0,0,37.58499,-92.74189,0,12/20/2019,10:15:00,VEHICLE 1 SIDE SWIPED VEHICLE 2. BOTH VEHICLES TRAVELED OFF THE LEFT SIDE OF THE ROADWAY AND STRUCK THE CABLE BARRIER.
1334575,3190036625,Missouri State Highway Patrol-Troop G,1576800000000,190735249,1,0,1,0,Personal Injury,WRIGHT,NON-CITY OR UNINCORPORATED,G,2,2,0,5,0,B ,W ,SOR 60,CRD BELL CROSSING ROAD,Daylight,Motor Vehicle in Transport,1,64,Fri     ,0,0,0,0,0,0,1,0,0,0,0,1,0,0,0,1,0,0,0,0,1,0,0,1,1,37.13039,-92.30393,0,12/20/2019,11:05:00,OCCURRED AS VEHICLE #2 STRUCK VEHICLE #1 WHILE BOTH VEHICLES WERE ATTEMPTING TO TURN.
1300397,3190035503,Missouri State Highway Patrol-Troop C,1576800000000,190735368,2,0,2,0,Personal Injury,ST. CHARLES,WENTZVILLE,C,2,2,0,300,0.06,A ,W ,IS 64,RP 7637,Daylight,Motor Vehicle in Transport,1,61,Fri     ,0,0,0,0,0,0,1,1,1,0,0,0,0,0,0,1,0,0,0,0,0,0,0,0,0,38.80557,-90.83448,0,12/20/2019,12:05:00,VEHICLE 2 WAS TRAVELING IN FRONT OF VEHICLE 1. DRIVER 2 SLOWED FOR TRAFFIC. VEHICLE 1 STRUCK THE REAR OF VEHICLE 2.
1329945,3190036482,Missouri State Highway Patrol-Troop G,1576800000000,190735843,2,0,1,1,Personal Injury,HOWELL,NON-CITY OR UNINCORPORATED,G,1,1,0,733,0.14,A ,N,CRD 9090,RT ZZ,Daylight,Fixed Object,2,,Fri     ,0,0,0,0,1,1,1,0,0,0,0,0,0,0,0,1,0,0,0,0,0,0,0,0,0,36.71386,-91.77468,0,12/20/2019,15:00:00,"VEHICLE ONE LOST CONTROL, TRAVELED OFF THE LEFT SIDE OF THE ROADWAY AND STRUCK A TREE"
1290729,3190035841,Missouri State Highway Patrol-Troop C,1576800000000,190735937,2,0,2,0,Personal Injury,ST. CHARLES,ST CHARLES,C,1,1,0,1631,0.31,A ,E ,IS 70,MO 94,Daylight,Fixed Object,2,,Fri     ,0,0,0,0,0,0,0,0,0,0,0,0,0,0,0,0,0,0,0,0,0,0,0,0,0,38.77398,-90.50776,0,12/20/2019,15:47:00,"VEHICLE 1 WAS TRAVELING EASTBOUND ON I-70, VEHICLE 1 CROSSED ALL LANES OF TRAFFIC  AND TRAVELED OFF THE LEFT SIDE OF THE ROADWAY AND STRUCK THE CONCRETE MEDIAN. VEHICLE 1 RETURNED TO THE ROADWAY, DRIVER 1 OVERCORRECTED AND STRUCK THE CONCRETE MEDIAN A SECOND TIME."
1007373,3190035596,Missouri State Highway Patrol-Troop D,1576800000000,190736008,2,0,2,0,Personal Injury,WEBSTER,SEYMOUR,D,2,2,0,0,0,AT,W ,US 60,CRD SKYLINE RD,Daylight,Motor Vehicle in Transport,1,64,Fri     ,0,0,0,0,1,0,0,1,1,0,0,0,1,0,0,1,0,0,0,0,1,0,0,1,0,37.15654,-92.77266,0,12/20/2019,16:20:00,#1 FAILED TO YIELD AND STRUCK #2
1135948,3190035598,Missouri State Highway Patrol-Troop E,1576800000000,190736163,2,0,2,0,Personal Injury,CAPE GIRARDEAU,NON-CITY OR UNINCORPORATED,E,1,1,0,3168,0.6,B ,E ,CRD 203,CRD 209,Dark-Unlighted,Fixed Object,2,,Fri     ,0,0,0,0,0,1,1,0,0,0,0,0,0,0,0,1,0,0,0,0,0,0,0,0,0,37.30098,-89.64917,0,12/20/2019,17:10:00,CRASH OCCURRED AS VEHICLE ONE TRAVELED OFF RIGHT SIDE OF ROADWAY AND STRUCK DITCH
1150454,3190036023,Missouri State Highway Patrol-Troop E,1576800000000,190736526,2,0,2,0,Personal Injury,PEMISCOT,NON-CITY OR UNINCORPORATED,E,2,2,0,483,0.09,A ,E ,RT F,CRD 483,Dark-Unlighted,Motor Vehicle in Transport,1,64,Fri     ,0,0,0,0,0,0,0,0,0,0,0,0,0,0,0,0,0,0,0,0,0,0,0,0,0,36.05966,-89.89418,0,12/20/2019,20:10:00,CRASH OCCURRED AS VEHICLE ONE WAS IMPROPERLY BACKING ON A TWO LANE HIGHWAY AND WAS STRUCK BY VEHICLE TWO
1258720,3190036957,Missouri State Highway Patrol-Troop C,1576800000000,190736697,2,0,2,0,Personal Injury,ST. LOUIS,NON-CITY OR UNINCORPORATED,C,2,2,0,21,0,B ,S ,IS 55,BRIDGE A0609,Dark-Unlighted,Parked Motor Vehicle,2,61,Fri     ,0,0,0,0,0,0,0,0,0,0,0,0,0,0,0,1,0,0,0,0,0,0,0,0,0,38.4558,-90.37586,0,12/20/2019,21:35:00,VEHICLE 1 TRAVELED OFF THE RIGHT SIDE OF THE ROADWAY AND THE FRONT OF VEHICLE 1 STRUCK THE REAR OF VEHICLE 2. ASSISTED BY TPR K W KAISER (298).
963824,3190035929,Missouri State Highway Patrol-Troop D,1576800000000,190736835,0,1,0,0,Fatal,BARTON,NON-CITY OR UNINCORPORATED,D,1,1,0,2302,0.44,B ,W ,US 160,RT U,Dark-Unlighted,Overturn,2,,Fri     ,1,0,0,0,0,0,0,0,0,0,0,0,0,0,0,0,0,0,0,0,1,0,0,1,0,37.416,-94.09815,1,12/20/2019,22:35:00,"FATALITY ACCIDENT -  NEXT OF KIN NOTIFIED -  THIS IS TROOP D'S 112TH FATALITY FOR 2009 - NBR 1 RAN OFF THE ROADWAY, OVERTURNED, STRUCK A FENCE AND CAME TO REST IN A FIELD.  SUBJECT WAS PRONOUNCED AT THE SCENE BY BARTON COUNTY CORONOR TAMMY DEHERRERA AT 2241 HOURS."
1504725,3190035407,Missouri State Highway Patrol-Troop H,1576886400000,190737029,1,0,0,1,Personal Injury,DAVIESS,NON-CITY OR UNINCORPORATED,H,1,1,0,100,0.02,B ,N,IS 35,ERM NORTH IS 35 MILE 668,Dark-Unlighted,Fixed Object,2,,Sat     ,1,0,0,0,0,0,1,0,0,0,0,0,0,0,0,1,0,0,0,0,1,0,0,1,0,39.92399,-94.13815,0,12/21/2019,00:50:00,ACCIDENT OCCURRED AS VEH1 DROVE OFF OF THE WEST SIDE OF ROADWAY AND COLLIDED WITH A DRAIN. VEH1 OVERTURNED AND CAME TO REST ON THE PASSENGER SIDE FACING NORTHWEST. ASSISTED BY TPR N. A. REGAN (1454) AND DAVIESS CO SO.
864778,3190036794,Missouri State Highway Patrol-Troop A,1576886400000,190737062,1,0,0,1,Personal Injury,PETTIS,LA MONTE,A,1,1,0,10,0,B ,S ,MO 127,CST CENTER ST,Dark-Unlighted,Pedestrian,1,,Sat     ,1,0,0,0,0,0,0,0,0,0,0,0,0,0,0,0,0,0,0,0,0,0,0,0,0,38.76591,-93.42484,0,12/21/2019,01:15:00,"OCCURRED AS VEH1 STRUCK PED1 IN ROADWAY. VEH1 THEN TRAVELED OFF ROADWAY AND STRUCK A CULVERT. ASSISTED BY CPL. J. D. OWENS /876/, TPR. W. M. GRAHAM /620/, AND THE PETTIS COUNTY SHERIFF'S DEPARTMENT"
1197756,3190036853,Missouri State Highway Patrol-Troop B,1576886400000,190737172,0,1,0,0,Fatal,MACON,NON-CITY OR UNINCORPORATED,B,2,2,0,506,0.1,A ,N,US 63,RT M MJ,Dark-Unlighted,Motor Vehicle in Transport,1,61,Sat     ,0,0,0,0,0,0,0,0,0,0,0,0,0,0,0,1,0,0,0,0,0,0,0,0,1,39.8936,-92.47114,1,12/21/2019,06:21:00,"FATALITY CRASH --  VEHICLE 2 STRUCK VEHICLE 1 IN THE REAR AND RAN OFF THE RIGHT SIDE OF THE ROADWAY. FATALITY VICTIM WAS PRONOUNCED DECEASED AT THE SCENE BY MACON COUNTY CORONER BRIAN HAYES AT 0650. NEXT OF KIN HAVE BEEN NOTIFIED. ASSISTED BY MSGT. ROBERTS #985, SGT. HOLDER #948, CPL. FESSLER #992, SGT, KEMPKE #982 AND SGT. MEYERS #1183 WITH THE MAJOR CRASH INVESTIGATION UNIT, THE MACON COUNTY SHERIFF'S DEPARTMENT, ATLANTA FIRE DEPARTMENT AND MACON COUNTY EMS."
1251826,3190036724,Missouri State Highway Patrol-Troop C,1576886400000,190737353,3,0,2,1,Personal Injury,FRANKLIN,NON-CITY OR UNINCORPORATED,C,2,2,0,343,0.06,B ,W ,IS 44,RT JJ,Daylight,Fixed Object,2,,Sat     ,0,0,0,0,0,1,1,0,0,0,0,0,0,0,0,1,0,0,0,0,0,0,0,0,1,38.27549,-91.10701,0,12/21/2019,09:05:00,VEHICLE 1 WAS TRAVELING IN LANE 2. VEHICLE 2 WAS TRAVELING IN LANE 1. DRIVER 1 MADE AN IMPROPER LANE CHANGE FROM LANE 2 TO LANE 1. DRIVER 2 AVOIDED VEHICLE 1 BY STEERING VEHICLE 2 TO THE LEFT AND TRAVELED OFF THE LEFT SIDE OF THE ROADWAY. THE FRONT OF VEHICLE 1 STRUCK THE GUARDRAIL. THE REAR LEFT SIDE OF THE TRAILER VEHICLE 1 WAS PULLING STRUCK THE REAR OF VEHICLE 2.
1500854,3190035924,Missouri State Highway Patrol-Troop H,1576886400000,190737565,2,0,1,1,Personal Injury,ANDREW,NON-CITY OR UNINCORPORATED,H,1,1,0,3168,0.6,B ,W ,CRD 427,CRD 430,Daylight,Other Non Collision,1,,Sat     ,0,0,0,0,1,1,1,0,0,0,0,0,0,0,0,1,0,0,0,0,1,0,0,1,0,39.95194,-94.88763,0,12/21/2019,10:30:00,"CRASH OCCURRED AS VEHICLE 1 WAS TRAVELING WESTBOUND ON CR-427.  VEHICLE 1 LOST CONTROL, TRAVELED OFF THE SOUTH SIDE OF THE ROADWAY, STRUCK TWO TREES AND OVERTURNED.  VEHICLE 1 CAME TO REST ON ITS DRIVER'S SIDE OFF THE ROADWAY FACING WEST.  ASSISTED BY CPL R. P. DUDECK (516), TPR S. J. FORCE (316), TPR V. F. SELSOR (860), AND ANDREW COUNTY SHERIFF'S DEPARTMENT."