objectid,accident,agency,inv_date,complaint,injured,killed,min_inj,dis_inj,severity,county,city,troop,no_vehicle,motor_veh,left_scene,dist_feet,dist_mile,inter_loc,direction,on_street,at_street,light_cond,acc_type,on_off_rd,two_veh,day_week,dr_drink,dr_drug,ped_drink,ped_drug,speed,dr_under21,dr_under25,dr_over55,dr_over64,electrical,emer_veh,stop_sign,yield_sign,czone,hazmat,aggressive,cell_phone,texting,veh_defect,school_bus,truck,motorcycle,atv,pickup,cmv,gps_lat,gps_long,severity_fatal,acc_date,acc_time,narrative
1181042,3190036055,Missouri State Highway Patrol-Troop B,1576886400000,190737735,1,0,1,0,Personal Injury,RANDOLPH,NON-CITY OR UNINCORPORATED,B,2,2,0,955,0.18,B ,S ,MO 3,CRD 2075,Daylight,Motor Vehicle in Transport,1,62,Sat     ,0,0,0,0,0,0,0,1,1,0,0,0,0,0,0,1,0,0,0,0,0,0,0,0,1,39.36368,-92.65302,0,12/21/2019,11:47:00,"01 CROSSED CENTER LINE AND STRUCK 02.  ASSISTED BY TPR KINDLE 681, RANDOLPH COUNTY SHERIFFS DEPARTMENT AND WESTRAN FIRE DEPARTMENT."
1016112,3190035774,Missouri State Highway Patrol-Troop D,1576886400000,190737898,2,0,2,0,Personal Injury,NEWTON,NON-CITY OR UNINCORPORATED,D,2,2,0,0,0,AT,W ,US 60,CRD REINDEER DR,Daylight,Motor Vehicle in Transport,1,64,Sat     ,0,0,0,0,0,0,1,1,1,0,0,0,0,0,0,1,0,0,0,0,1,0,0,1,0,36.92144,-94.23589,0,12/21/2019,13:10:00,CRASH OCCURRED AS VEH 1 WAS MAKING A LEFT TURN AND WAS STRUCK IN THE SIDE BY VEH 2.
929567,3190035546,Missouri State Highway Patrol-Troop D,1576886400000,190737910,1,0,1,0,Personal Injury,STONE,NON-CITY OR UNINCORPORATED,D,2,2,0,860,0.16,B ,E ,RT U,RT M,Daylight,Motor Vehicle in Transport,1,60,Sat     ,0,0,0,0,0,1,1,0,0,0,0,0,0,0,0,1,0,0,0,0,1,0,0,1,0,36.95813,-93.37592,0,12/21/2019,13:18:00,VEH #2 FAILED TO YIELD WHILE MAKING A LEFT TURN AND STRUCK VEH #1.
1025684,3190035554,Missouri State Highway Patrol-Troop D,1576886400000,190738090,2,0,2,0,Personal Injury,TANEY,NON-CITY OR UNINCORPORATED,D,2,2,0,163,0.03,B ,E ,MO 76,CRD SPRING MEADOW PKWY,Daylight,Motor Vehicle in Transport,1,61,Sat     ,0,0,0,0,0,1,1,0,0,0,0,0,0,0,0,1,0,0,0,0,1,0,0,1,0,36.64549,-93.19305,0,12/21/2019,14:37:00,CRASH OCCURRED AS VEH 1 WAS STOPPED TO MAKE A LEFT TURN AND WAS STRUCK IN THE REAR BY VEH 2.
1040589,3190036944,Missouri State Highway Patrol-Troop I,1576886400000,190738143,2,0,2,0,Personal Injury,CRAWFORD,NON-CITY OR UNINCORPORATED,I,1,1,0,158,0.03,A ,W ,IS 44,ERM WEST IS 44 MILE 2100,Daylight,Other Non Collision,1,,Sat     ,0,0,0,0,0,0,0,1,0,0,0,0,0,0,0,0,0,0,0,0,1,0,0,1,1,38.0854,-91.38374,0,12/21/2019,15:05:00,"OCCURRED AS VEHICLE 1 TOWING A MOTOR HOME BEGAN TO BRAKE, BOTH VEHICLES TRAVELED OFF OF THE NORTH SIDE OF THE ROADWAY, VEHICLE 1 BECAME SEPARATED  FROM THE TOWED VEHICLE AND BEGAN TO OVERTURN, AS VEHICLE 1 WAS OVERTURNING THE TOWED VEHICLE RAN OVER VEHICLE 1. ASSISTED BY MSGT D E DICUS  (441), TPR C M BARCLAY (135),  TPR C W TIERNEY (1386) AND  CUBA FIRE"
939932,3190035616,Missouri State Highway Patrol-Troop D,1576886400000,190738193,0,1,0,0,Fatal,CHRISTIAN,NON-CITY OR UNINCORPORATED,D,1,1,0,3695,0.7,B ,E ,CRD W RIVERDALE RD,US 160,Daylight,Overturn,2,,Sat     ,0,0,0,0,1,0,0,1,0,0,0,0,0,0,0,1,0,0,0,0,0,1,0,0,0,36.98348,-93.30625,1,12/21/2019,15:30:00,LATE DEATH REPORT - THIS IS TROOP D'S 116TH FATALITY IN 2019. OCCURRED AS VEH #1 TRAVELED OFF THE LEFT SIDE OF THE ROADWAY AND STRUCK A TREE. DRIVER #1 WAS PRONOUNCED DECEASED ON 12/28/2019 AT 1905 HOURS BY DR CHARLES WOODALL III.
970185,3190036341,Missouri State Highway Patrol-Troop D,1576886400000,190738408,1,0,0,1,Personal Injury,CEDAR,STOCKTON,D,2,2,0,58,0.01,B ,S ,MO 39,CRD 1425,Dark-Unlighted,Motor Vehicle in Transport,1,61,Sat     ,0,0,0,0,0,0,0,0,0,0,0,0,0,0,0,1,0,0,0,0,1,1,0,1,0,37.66892,-93.81423,0,12/21/2019,17:25:00,OCCURRED AS VEH1 STRUCK THE REAR OF VEH2.
1016115,3190035484,Missouri State Highway Patrol-Troop D,1576886400000,190738487,1,0,1,0,Personal Injury,NEWTON,NON-CITY OR UNINCORPORATED,D,2,2,0,0,0,AT,N,MO 43,CRD DOUGLAS FIR RD,Dark-Lighted,Motor Vehicle in Transport,1,64,Sat     ,0,0,0,0,0,0,0,0,0,1,0,0,0,0,0,1,0,0,0,0,0,0,0,0,0,36.99776,-94.55178,0,12/21/2019,18:12:00,OCCURRED AS VEH2 PULLED INTO THE PATH OF VEH1.
1275267,3190036675,Missouri State Highway Patrol-Troop C,1576886400000,190738663,1,0,1,0,Personal Injury,ST. LOUIS CITY,ST LOUIS,C,2,2,Y,79,0.01,A ,N,IS 55,ERM NORTH IS 55 MILE 2024,Dark-Lighted,Motor Vehicle in Transport,1,61,Sat     ,1,0,0,0,0,0,0,0,0,0,1,0,0,0,0,1,0,0,0,0,0,0,0,0,0,38.55357,-90.26489,0,12/21/2019,20:06:00,"INJURY PATROL CAR CRASH- VEHICLES 1 AND 2 WERE TRAVELING NORTHBOUND ON INTERSTATE 55 IN LANE 3. VEHICLE 2 BEGAN TO APPROACH THE REAR OF VEHICLE 1. DRIVER 2 FAILED TO SLOW DOWN AND THE FRONT OF VEHICLE 2 STRUCK THE REAR OF VEHICLE 1. P - #18397, PLATE 1229HP, MILEAGE - 20840, PAINT SCRAPE TO REAR BUMPER, DAMAGE ESTIMATE $300.00."
968995,3190035555,Missouri State Highway Patrol-Troop D,1576886400000,190738934,1,0,0,1,Personal Injury,BARRY,NON-CITY OR UNINCORPORATED,D,1,1,0,5,0,B ,W ,CRD 2260,MO 90,Dark-Unlighted,Fixed Object,2,,Sat     ,1,0,0,0,0,0,0,0,0,0,0,0,0,0,0,1,0,0,0,0,0,1,0,0,0,36.56308,-94.02978,0,12/21/2019,21:50:00,NBR 1 RAN OFF THE ROADWAY AND STRUCK A SIGN.
939933,3190035762,Missouri State Highway Patrol-Troop D,1576886400000,190738988,6,0,6,0,Personal Injury,CHRISTIAN,NON-CITY OR UNINCORPORATED,D,2,2,0,47,0.01,B ,E ,US 160,MO 176 EJ,Dark-Unlighted,Motor Vehicle in Transport,1,64,Sat     ,0,0,0,0,0,1,1,0,0,0,0,0,0,0,0,1,0,0,0,0,1,0,0,1,0,36.83063,-93.33576,0,12/21/2019,22:42:00,CRASH OCCURRED AS VEHICLE #2 WAS OVERTAKING A LINE OF TRAFFIC AND STRUCK VEHICLE #1 WHILE IT WAS ATTEMPTING TO TURN LEFT.
1038464,3190035587,Missouri State Highway Patrol-Troop I,1576886400000,190739057,1,0,1,0,Personal Injury,MARIES,NON-CITY OR UNINCORPORATED,I,1,1,0,1098,0.21,A ,N,RT H,CRD 428,Dark-Unlighted,Animal,1,,Sat     ,0,0,0,0,0,0,0,0,0,0,0,0,0,0,0,0,0,0,0,0,0,0,0,0,0,38.14609,-91.65944,0,12/21/2019,23:20:00,CRASH OCCURRED AS VEHICLE 1 STRUCK A COW THAT WAS IN THE ROADWAY.
1301508,3190036523,Missouri State Highway Patrol-Troop C,1576972800000,190739152,2,0,2,0,Personal Injury,ST. CHARLES,NON-CITY OR UNINCORPORATED,C,2,2,0,15840,3,B ,E ,RT D,MO 94,Dark-Unlighted,Motor Vehicle in Transport,1,62,Sun     ,1,0,0,0,0,1,1,0,0,0,0,0,0,0,0,1,0,0,0,0,1,0,0,1,0,38.7064,-90.76443,0,12/22/2019,00:40:00,"VEHICLE 1 WAS TRAVELING WESTBOUND ON ROUTE D. VEHICLE 2 WAS TRAVELING EASTBOUND ON ROUTE D. DRIVER 1 CROSSED THE CENTER LINE AND THE LEFT FRONT OF VEHICLE 1 STRUCK THE LEFT FRONT OF VEHICLE 2. VEHICLE 1 TRAVELED OFF THE LEFT SIDE OF THE ROADWAY, STRUCK A DITCH, AND OVERTURNED. VEHICLE 2 TRAVELED OFF THE RIGHT SIDE OF THE ROADWAY AND STRUCK A DITCH."
1251538,3190035897,Missouri State Highway Patrol-Troop C,1576972800000,190739403,0,1,0,0,Fatal,FRANKLIN,NON-CITY OR UNINCORPORATED,C,1,1,0,633,0.12,B ,W ,CRD OLD HIGHWAY 50,PVT PRIVATE RR CROSSING,Daylight,Fixed Object,2,,Sun     ,0,0,0,0,0,0,0,1,0,0,0,0,0,0,0,0,0,0,0,0,1,0,0,1,0,38.44711,-91.0513,1,12/22/2019,08:45:00,FATALITY TRAFFIC CRASH - VEHICLE 1 TRAVELED ACROSS THE CENTER LINE AND OFF THE LEFT SIDE OF THE ROADWAY. VEHICLE 1 STRUCK A UTILITY POLE AND OVERTURNED. DRIVER 1 PRONOUNCED ON SCENE BY EMS PERSONNEL AT 0850 HOURS ON 12222019. ASSISTED BY MSGT K L LICHAY (443) AND TPR R A LECLAIRE (193)
918291,3190035881,Missouri State Highway Patrol-Troop D,1576972800000,190739475,1,0,1,0,Personal Injury,JASPER,NON-CITY OR UNINCORPORATED,D,2,2,0,75,0.01,B ,N,MO 171,MO 96 NJ,Daylight,Motor Vehicle in Transport,1,61,Sun     ,0,0,0,0,0,1,1,1,1,1,0,0,0,0,0,0,0,0,0,0,0,0,0,0,0,37.20163,-94.55899,0,12/22/2019,08:30:00,ACCIDENT OCCURRED AS VEHICLE #1 WAS STOPPED IN TRAFFIC DUE TO ANOTHER ACCIDENT AHEAD AND WAS STRUCK IN THE REAR BY VEHICLE #2
1141621,3190035945,Missouri State Highway Patrol-Troop E,1576972800000,190739744,1,0,1,0,Personal Injury,BUTLER,NON-CITY OR UNINCORPORATED,E,1,1,0,184,0.03,A ,N,US 67,CO US 60 TO SOR US 60,Daylight,Fixed Object,2,,Sun     ,0,0,0,0,0,0,0,1,1,0,0,0,0,0,0,0,0,0,0,0,0,0,0,0,0,36.83259,-90.49337,0,12/22/2019,11:45:00,CRASH OCCURRED AS VEHICLE 1 RAN OFF THE ROADWAY AND STRUCK A TREE.
846418,3190036646,Missouri State Highway Patrol-Troop A,1576972800000,190739928,1,1,0,1,Fatal,JOHNSON,NON-CITY OR UNINCORPORATED,A,2,2,0,4752,0.9,A ,E ,US 50,MO 13,Daylight,Other Non Collision,1,,Sun     ,,,,,,0,0,1,0,0,0,0,0,0,0,,0,0,,0,1,0,0,1,1,38.77261,-93.66897,1,12/22/2019,13:16:00,"***FATAL CRASH - TROOP A FATAL CRASH  #64 AND FATALITY #70 FOR 2019.  NEXT OF KIN NOTIFIED*** CRASH OCCURRED AS VEHICLE 1 WAS TRAVELING EAST ON US 50 HIGHWAY.  VEHICLE 2 WAS TRAVELING WEST ON US 50 HIGHWAY.  VEHICLE 1'S TOWED UNIT DISCONNECTED FROM VEHICLE 1, TRAVELED THROUGH THE MEDIAN AND STRUCK VEHICLE 2 HEAD ON.  AFTER IMPACT VEHICLE 2 TRAVELED OFF THE RIGHT SIDE OF THE ROADWAY.    DRIVER 2 WAS PRONOUNCED ON SCENE AT 1445 BY JOHNSON COUNTY CORONER CLARK HOLDREN.    ASSISTED BY MSGT. K.M. FISHER/399/, TPR. A.L. ROYSTER/941/ AND WARRENSBURG POLICE DEPARTMENT."
817441,3190036114,Missouri State Highway Patrol-Troop A,1576972800000,190740004,1,0,1,0,Personal Injury,CLAY,NON-CITY OR UNINCORPORATED,A,1,1,0,945,0.18,B ,E ,MO 92,CRD CENTURY DR,Daylight,Fixed Object,2,,Sun     ,0,0,0,0,0,0,0,1,1,0,0,0,0,0,0,1,0,0,0,0,0,0,0,0,0,39.36831,-94.52183,0,12/22/2019,14:00:00,CRASH OCCURRED AS DRIVER1 SUFFERED AN UNKNOWN MEDICAL ISSUE.  VEHICLE1 TRAVELED OFF THE RIGHT SIDE OF THE ROADWAY AND OVERTURNED.  ASSISTED BY TPR. Z.D. THOMAS/391/
1064986,3190036223,Missouri State Highway Patrol-Troop I,1576972800000,190740052,2,0,1,1,Personal Injury,LACLEDE,NON-CITY OR UNINCORPORATED,I,1,1,0,1985,0.38,A ,E ,CRD FINCH ROAD,CRD ONEIDA DRIVE,Daylight,Fixed Object,2,,Sun     ,0,0,0,0,1,0,0,0,0,0,0,0,0,0,0,1,0,0,0,0,0,0,0,0,0,37.67447,-92.69771,0,12/22/2019,14:20:00,"CRASH OCCURRED AS VEHICLE 1 SWERVED TO MISS 2 VEHICLES STATIONARY IN THE ROADWAY AS VEHICLE 1 CRESTED A HILLTOP, CAUSING VEHICLE 1 TO TRAVEL  OFF OF  THE RIGHT SIDE OF THE ROADWAY STRIKING A TREE."
1064987,3190036387,Missouri State Highway Patrol-Troop I,1576972800000,190740057,2,0,1,1,Personal Injury,LACLEDE,NON-CITY OR UNINCORPORATED,I,2,2,0,522,0.1,B ,W ,IS 44,ERM WEST IS 44 MILE 1424,Daylight,Parked Motor Vehicle,2,61,Sun     ,0,0,0,0,0,0,0,0,0,0,0,0,0,0,0,0,0,0,0,0,0,0,0,0,1,37.75789,-92.46316,0,12/22/2019,14:25:00,CRASH OCCURRED AS VEHICLE 2 WAS STOPPED ON THE SHOULDER.  VEHICLE 1 DROVE ONTO THE SHOULDER AND STRUCK PARKED VEHICLE 2
954304,3190035533,Missouri State Highway Patrol-Troop D,1576972800000,190740137,1,0,0,1,Personal Injury,GREENE,NON-CITY OR UNINCORPORATED,D,1,1,0,1224,0.23,B ,W ,CRD 144,CRD 65,Daylight,Fixed Object,2,,Sun     ,0,0,0,0,1,1,1,0,0,0,0,0,0,0,0,1,0,0,0,0,0,0,0,0,0,37.19267,-93.50536,0,12/22/2019,15:00:00,"CRASH OCCURRED AS VEHICLE #1 LOST CONTROL ON A CURVE, RAN OFF NORTHSIDE OF THE ROADWAY, RETURNED TO THE ROADWAY, OVERTURNED, OFF SOUTH SIDE AND STRUCK A TREE."
846417,3190036833,Missouri State Highway Patrol-Troop A,1576972800000,190740168,2,0,2,0,Personal Injury,JOHNSON,NON-CITY OR UNINCORPORATED,A,1,1,0,418,0.08,B ,W ,MO 58,CRD SW 601 ROAD,Daylight,Fixed Object,2,,Sun     ,0,0,0,0,0,0,0,1,0,0,0,0,0,0,0,0,0,0,0,0,0,0,0,0,0,38.70571,-93.8601,0,12/22/2019,15:25:00,OCCURRED AS VEH1 TRAVELED OFF ROADWAY AND STRUCK EMBANKMENT. VEH1 THEN VAULTED AND STRUCK A FENCE.
1258751,3190036795,Missouri State Highway Patrol-Troop C,1576972800000,190740326,3,0,3,0,Personal Injury,ST. LOUIS,NON-CITY OR UNINCORPORATED,C,2,2,0,163,0.03,B ,E ,IS 270,ERM EAST IS 270 MILE 310,Dark-Lighted,Other Object,1,,Sun     ,0,0,0,0,0,0,0,1,1,0,0,0,0,0,0,1,0,0,0,0,0,0,0,0,0,38.77079,-90.25527,0,12/22/2019,16:45:00,BOTH VEHICLES WERE TRAVELING EASTBOUND ON INTERSTATE 270 IN LANE 3. VEHICLE 2 STRUCK LARGE DEBRIS IN THE ROADWAY AND CAME TO A STOP IN THE LANE. DRIVER 1 ATTEMPTED TO AVOID THE COLLISION AND THE FRONT OF VEHICLE 1 STRUCK THE REAR OF VEHICLE 2.
1066441,3190036177,Missouri State Highway Patrol-Troop I,1576972800000,190740403,1,0,1,0,Personal Injury,PHELPS,ROLLA,I,2,2,0,16,0,B ,W ,IS 44,ERM WEST IS 44 MILE 1838,Dark-Unlighted,Motor Vehicle in Transport,1,61,Sun     ,0,0,0,0,0,0,0,1,0,0,0,0,0,0,0,1,0,0,0,0,0,0,0,0,0,37.94005,-91.80879,0,12/22/2019,17:35:00,"OCCURRED AS VEH 1 WAS IN THE PASSING LANE AND BEGAN SKIDDING AND SLIDING. VEH 1 STRUCK THE REAR OF VEH 2, WHICH WAS IN THE DRIVING LANE.  VEH 1 OVERTURNED AND TRAVELED OFF THE LEFT SIDE OF THE ROADWAY, STRUCK THE CABLE BARRIER, COMING TO REST ON ITS SIDE. VEH 2 TRAVELED OFF THE RIGHT SIDE OF THE ROADWAY."
886006,3190035712,Missouri State Highway Patrol-Troop A,1576972800000,190740413,2,0,2,0,Personal Injury,CASS,NON-CITY OR UNINCORPORATED,A,2,2,0,22,0,B ,W ,MO 2,RT C,Dark-Unlighted,Motor Vehicle in Transport,1,61,Sun     ,0,0,0,0,0,0,1,1,1,0,0,0,0,0,0,1,0,0,0,0,0,0,0,0,0,38.61932,-94.46863,0,12/22/2019,17:40:00,CRASH OCCURRED AS VEH 2 WAS STOPPED ATTEMPTING TO TURN SOUTH ONTO WOLF RD. VEH 1 THEN OVERTOOK AND STRUCK THE REAR OF VEH 2. ASSISTED BY TPR R O GREEN/901 AND CASS COUNTY SHERIFF'S DEPARTMENT
862103,3190035775,Missouri State Highway Patrol-Troop A,1576972800000,190740424,1,0,1,0,Personal Injury,LAFAYETTE,NON-CITY OR UNINCORPORATED,A,1,1,0,121,0.02,B ,S ,CRD CURTIS ROAD,CRD GIBSON ROAD,Dark-Unlighted,Overturn,2,,Sun     ,0,0,0,0,1,0,0,1,0,0,0,0,0,0,0,1,0,0,0,0,1,0,0,1,0,38.98709,-94.00894,0,12/22/2019,17:45:00,CRASH OCCURRED AS DRIVER 1 FAILED TO NEGOTIATE CURVE. VEH 1 LEFT ROADWAY AND OVERTURNED. ASSISTED BY MSGT C E UTTERBACK/688
1150453,3190036025,Missouri State Highway Patrol-Troop E,1576972800000,190740455,2,0,2,0,Personal Injury,PEMISCOT,NON-CITY OR UNINCORPORATED,E,2,2,0,0,0,AT,E ,RT U,RP 457,Dark-Unlighted,Motor Vehicle in Transport,1,64,Sun     ,0,0,0,0,0,1,1,0,0,0,0,1,0,0,0,1,0,0,0,0,0,0,0,0,0,36.17623,-89.69237,0,12/22/2019,18:00:00,CRASH OCCURRED AS VEHICLE TWO WAS MAKING A LEFT TURN AND STRUCK VEHICLE ONE
1258722,3190036935,Missouri State Highway Patrol-Troop C,1576972800000,190740558,1,0,1,0,Personal Injury,ST. LOUIS,NON-CITY OR UNINCORPORATED,C,1,1,0,1816,0.34,A ,E ,RP 279191,US 61,Dark-Lighted,Fixed Object,2,,Sun     ,0,1,0,0,0,0,0,0,0,0,0,0,0,0,0,0,0,0,0,0,0,0,0,0,0,38.50671,-90.33768,0,12/22/2019,19:45:00,"VEHICLE 1 WAS TRAVELING SOUTHBOUND ON THE RAMP FROM INTERSTATE 55 TO EASTBOUND INTERSTATE 255, TRAVELED OFF THE LEFT SIDE OF THE ROADWAY, STRUCK THE GUARD RAIL, AND OVERTURNED."
1300414,3190036593,Missouri State Highway Patrol-Troop C,1576972800000,190740607,1,0,1,0,Personal Injury,ST. CHARLES,WENTZVILLE,C,2,2,0,311,0.06,A ,E ,IS 70,ERM EAST IS 70 MILE 2086,Dark-Unlighted,Motor Vehicle in Transport,1,63,Sun     ,0,0,0,0,0,1,1,0,0,0,0,0,0,0,0,1,0,0,0,0,0,0,0,0,0,38.80997,-90.86869,0,12/22/2019,20:35:00,"VEHICLE 1 WAS TRAVELING EASTBOUND ON INTERSTATE 70 IN THE LEFT LANE, CROSSED INTO THE RIGHT LANE, AND STRUCK VEHICLE 2. VEHICLE 1 TRAVELED OFF THE RIGHT SIDE OF THE ROAD AND STRUCK THE CABLE MEDIAN BARRIER."
1113466,3190036014,Missouri State Highway Patrol-Troop E,1577059200000,190740810,0,1,0,0,Fatal,DUNKLIN,NON-CITY OR UNINCORPORATED,E,1,1,0,982,0.19,B ,E ,CRD 118,CST ALBERTA,Dark-Unlighted,Overturn,2,,Mon     ,0,0,0,0,0,0,0,0,0,0,0,0,0,0,0,0,0,0,0,0,1,0,0,1,0,36.58602,-89.98538,1,12/23/2019,00:50:00,**** FATALITY CRASH *** NEXT OF KIN NOTIFIED *** VEH1 RAN OFF THE ROADWAY AND OVERTURNED. DVR1 PRONOUNCED AT THE SCENE BY DUNKLIN COUNTY CORONER JAMES POWELL AT 0135 HRS. *** FATALITY #54 FOR TROOP E 2019 ***
1511050,3190035972,Missouri State Highway Patrol-Troop H,1577059200000,190740867,1,0,0,1,Personal Injury,MERCER,NON-CITY OR UNINCORPORATED,H,1,1,0,307,0.06,B ,E ,US 136,CRD FINCH AVE,Dark-Unlighted,Fixed Object,2,,Mon     ,0,0,0,0,1,1,1,0,0,0,0,0,0,0,0,1,0,0,0,0,0,0,0,0,0,40.40373,-93.55674,0,12/23/2019,06:10:00,"CRASH OCCURRED AS VEHICLE 1 WAS EASTBOUND ON US 136 AND SLID ON THE ICE COVERED ROADWAY.  VEHICLE 1 TRAVELED OFF OF THE NORTH SIDE OF THE ROADWAY, STRUCK A CULVERT AND A TRAFFIC SIGN AND OVERTURNED 2 TIMES.  VEHICLE 1 CAME TO REST ON ITS TOP, OFF THE NORTH SIDE OF THE ROADWAY, FACING NORTHWEST."
823008,3190036649,Missouri State Highway Patrol-Troop A,1577059200000,190740872,1,0,1,0,Personal Injury,BENTON,NON-CITY OR UNINCORPORATED,A,1,1,0,102,0.02,B ,N,MO 83,CRD BALKE RD,Dark-Unlighted,Animal,1,,Mon     ,0,0,0,0,0,0,0,0,0,0,0,0,0,0,0,0,0,0,0,0,0,0,0,0,0,38.16312,-93.36713,0,12/23/2019,06:10:00,"CRASH OCCURRED AS VEHICLE 1 STRUCK A DEER AND THEN TRAVELED OFF THE RIGHT SIDE OF THE ROADWAY. VEHICLE 1 THEN RETURNED TO THE ROAD, TRAVELED OFF THE LEFT SIDE OF THE ROADWAY AND STRUCK A TREE.  ASSISTED BY THE BENTON COUNTY SHERIFF'S DEPARTMENT."
1135963,3190036932,Missouri State Highway Patrol-Troop E,1577059200000,190740874,1,0,0,1,Personal Injury,CAPE GIRARDEAU,NON-CITY OR UNINCORPORATED,E,1,1,0,1056,0.2,A ,S ,US 61,CRD 506 NJ,Dark-Unlighted,Animal,1,,Mon     ,0,0,0,0,0,0,0,1,0,0,0,0,0,0,0,0,0,0,0,0,0,0,0,0,0,37.58293,-89.70847,0,12/23/2019,06:24:00,"CRASH OCCURRED AS VEHICLE 1 STRUCK A COW IN ROADWAY AND CAME TO A REST. WHILE DRIVER ONE WAS EXITING THE VEHICLE, VEHICLE ONE ROLLED OVER DRIVER 1"
939934,3190035611,Missouri State Highway Patrol-Troop D,1577059200000,190741007,1,0,1,0,Personal Injury,CHRISTIAN,NON-CITY OR UNINCORPORATED,D,2,2,0,1182,0.22,B ,N,RT VV,CRD HEDGPETH RD,Daylight,Motor Vehicle in Transport,1,64,Mon     ,0,0,0,0,0,0,0,1,0,0,0,0,0,0,0,1,0,0,0,0,1,0,0,1,0,37.07823,-93.07014,0,12/23/2019,08:15:00,ACCIDENT OCCURRED AS VEHICLE #1 TURNED INTO THE PATH OF VEHICLE #2.
961010,3190036457,Missouri State Highway Patrol-Troop D,1577059200000,190741145,5,0,5,0,Personal Injury,POLK,HALFWAY,D,1,1,0,7,0,A ,W ,MO 32,RT J,Daylight,Fixed Object,2,,Mon     ,0,0,0,0,1,0,0,0,0,0,0,0,0,0,0,1,0,0,0,0,0,0,0,0,0,37.62329,-93.21311,0,12/23/2019,09:25:00,"ACCIDENT OCCURRED AS VEHICLE 1 RAN OFF OF THE RIGHT SIDE OF THE ROADWAY, STRUCK A SIGN, A FENCE, AND OVERTURNED."
929564,3190036005,Missouri State Highway Patrol-Troop D,1577059200000,190741412,1,0,1,0,Personal Injury,STONE,NON-CITY OR UNINCORPORATED,D,2,2,0,100,0.02,B ,W ,MO 76,CRD INDIAN POINT RD,Daylight,Motor Vehicle in Transport,1,61,Mon     ,0,0,0,0,0,0,1,1,0,0,0,0,0,0,0,1,0,0,0,0,1,0,0,1,0,36.67115,-93.33476,0,12/23/2019,11:17:00,ACCIDENT OCCURRED AS VEHICLE #1 WAS STRUCK FROM BEHIND BY VEHICLE #2
918874,3190036537,Missouri State Highway Patrol-Troop D,1577059200000,190741473,1,0,0,1,Personal Injury,LAWRENCE,NON-CITY OR UNINCORPORATED,D,1,1,0,10,0,B ,E ,SOR 44,CRD 1137,Daylight,Pedestrian,1,,Mon     ,0,0,0,0,0,0,0,0,0,0,0,0,0,0,0,0,0,0,0,0,1,0,0,1,0,37.08936,-93.81059,0,12/23/2019,11:55:00,#1 STRUCK A PEDESTRIAN WHO WAS JOGGING IN THE ROADWAY
1133712,3190035722,Missouri State Highway Patrol-Troop E,1577059200000,190741484,1,0,1,0,Personal Injury,RIPLEY,NON-CITY OR UNINCORPORATED,E,1,1,0,2640,0.5,B ,E ,MO 142,MO 21 WJ,Daylight,Fixed Object,2,,Mon     ,0,0,0,0,0,0,0,1,1,0,0,0,0,0,0,0,0,0,1,0,0,0,0,0,0,36.60553,-90.87222,0,12/23/2019,12:00:00,"CRASH OCCURRED AS VEHICLE 1 RAN OFF THE RIGHT SIDE OF THE ROADWAY, STRUCK A DITCH AND STRUCK A FENCE."
1175201,3190036897,Missouri State Highway Patrol-Troop B,1577059200000,190741786,2,0,2,0,Personal Injury,MARION,NON-CITY OR UNINCORPORATED,B,2,2,0,976,0.18,A ,W ,US 24,CRD 357,Daylight,Motor Vehicle in Transport,1,64,Mon     ,0,0,0,0,0,0,1,1,1,0,0,0,0,0,0,1,0,0,0,0,0,0,0,0,0,39.92845,-91.44371,0,12/23/2019,14:05:00,"VEHICLE 1 PULLED INTO THE PATH OF VEHICLE 2 FROM A PRIVATE DRIVEWAY AND WAS STRUCK BY VEHICLE 2. ASSISTED BY MARION COUNTY SHERIFF'S DEPARTMENT, PALMYRA FIRE AND RESCUE, AND MARION COUNTY AMBULANCE."
887945,3190035806,Missouri State Highway Patrol-Troop A,1577059200000,190741893,2,0,2,0,Personal Injury,RAY,NON-CITY OR UNINCORPORATED,A,2,2,0,550,0.1,A ,W ,MO 10,RT C,Daylight,Motor Vehicle in Transport,1,61,Mon     ,0,0,0,0,0,1,1,0,0,0,0,0,0,0,0,0,0,0,0,0,1,0,0,1,0,39.29221,-94.04085,0,12/23/2019,15:00:00,CRASH OCCURRED AS VEHICLE 1 FAILED TO YIELD FOR TRAFFIC STRIKING THE REAR OF VEHICLE 2.
1511454,3190036953,Missouri State Highway Patrol-Troop H,1577059200000,190742240,0,1,0,0,Fatal,BUCHANAN,NON-CITY OR UNINCORPORATED,H,1,1,0,337,0.06,A ,S ,RT W,CRD COOK NE,Dark-Unlighted,Pedestrian,1,,Mon     ,,,,,,0,0,0,0,0,0,0,0,0,0,,0,0,,0,1,0,0,1,0,39.80552,-94.74346,1,12/23/2019,17:35:00,"LATE DEATH FATALITY ACCIDENT. SKYLER PRONOUNCED DECEASED AT 0930 12/25/19 BY DR. MITCHEM AT MOSAIC HOSPITAL ST JOSEPH MO. CRASH OCCURRED AS VEHICLE 1 WAS TRAVELING SOUTHBOUND ON RT-W.  PEDESTRIAN 1 WAS WALKING SOUTHBOUND IN THE ROADWAY WITH TRAFFIC WHEN VEHICLE 1 STRUCK PEDESTRIAN 1.  ASSISTED BY CPL J. D. MAUDLIN (805), TPR T. A. PIERSON (1235) AND BUCHANAN COUNTY SHERIFF'S DEPARTMENT."