objectid,accident,agency,inv_date,complaint,injured,killed,min_inj,dis_inj,severity,county,city,troop,no_vehicle,motor_veh,left_scene,dist_feet,dist_mile,inter_loc,direction,on_street,at_street,light_cond,acc_type,on_off_rd,two_veh,day_week,dr_drink,dr_drug,ped_drink,ped_drug,speed,dr_under21,dr_under25,dr_over55,dr_over64,electrical,emer_veh,stop_sign,yield_sign,czone,hazmat,aggressive,cell_phone,texting,veh_defect,school_bus,truck,motorcycle,atv,pickup,cmv,gps_lat,gps_long,severity_fatal,acc_date,acc_time,narrative
862104,3190035854,Missouri State Highway Patrol-Troop A,1577145600000,190742670,1,0,1,0,Personal Injury,LAFAYETTE,NON-CITY OR UNINCORPORATED,A,1,1,0,4224,0.8,B ,E ,CRD GILLEN ROAD,CRD CROUCH ROAD,Dark-Unlighted,Fixed Object,2,,Tue     ,0,0,0,0,1,0,1,0,0,0,0,0,0,0,0,1,0,0,0,0,0,0,0,0,0,38.98055,-94.02642,0,12/24/2019,00:10:00,"OCCURRED AS VEH1 TRAVELED OFF THE ROADWAY, STRUCK A TREE AND A BRIDGE RAILING. VEH1 THEN OVERTURNED INTO CREEK."
1025683,3190036426,Missouri State Highway Patrol-Troop D,1577145600000,190742766,2,0,2,0,Personal Injury,TANEY,NON-CITY OR UNINCORPORATED,D,2,2,0,406,0.08,A ,S ,MO 265,PVT GUNNER HILL LN,Daylight,Motor Vehicle in Transport,1,60,Tue     ,0,0,0,0,0,0,0,0,0,0,0,0,0,0,0,1,0,0,0,0,0,0,0,0,0,36.6221,-93.30101,0,12/24/2019,06:53:00,"OCCURRED AS DRIVER 1 FELL ASLEEP, CROSSED THE CENTER LINE, AND STRUCK VEHICLE 2 HEAD ON."
1161594,3190036438,Missouri State Highway Patrol-Troop F,1577145600000,190742807,1,0,1,0,Personal Injury,BOONE,NON-CITY OR UNINCORPORATED,F,1,1,0,142,0.03,B ,E ,MO 124,BRIDGE L0200,Daylight,Fixed Object,2,,Tue     ,0,0,0,0,0,1,1,0,0,0,0,0,0,0,0,1,0,0,0,0,0,0,0,0,0,39.12677,-92.41135,0,12/24/2019,07:15:00,"OCCURRED AS VEHICLE 1 TRAVELED OFF THE RIGHT SIDE OF THE ROADWAY, DOWN AN EMBANKMENT AND STRUCK A TREE."
1233176,3190036318,Missouri State Highway Patrol-Troop C,1577145600000,190742902,1,0,0,1,Personal Injury,JEFFERSON,NON-CITY OR UNINCORPORATED,C,1,1,0,528,0.1,A ,E ,CRD RIDGE RD,PVT SLOPE DR,Daylight,Fixed Object,2,,Tue     ,0,0,0,0,0,0,0,0,0,0,0,0,0,0,0,1,0,0,0,0,1,0,0,1,0,38.31065,-90.68961,0,12/24/2019,08:31:00,VEHICLE #1 WAS TRAVELING  EASTBOUND  ON RIDGE ROAD. DRIVER #1  LOST CONTROL CAUSING VEHICLE #1 TO TRAVEL OFF THE  RIGHT SIDE OF THE ROADWAY AND STRIKE A TREE.
918287,3190036400,Missouri State Highway Patrol-Troop D,1577145600000,190743218,1,0,1,0,Personal Injury,JASPER,NON-CITY OR UNINCORPORATED,D,2,2,0,248,0.05,A ,E ,MO 66,CRD TRAVIS ACRES,Daylight,Motor Vehicle in Transport,1,61,Tue     ,0,0,0,0,0,0,0,0,0,0,0,0,0,0,0,1,1,0,0,0,1,0,0,1,0,37.08358,-94.44008,0,12/24/2019,11:10:00,CRASH OCCURRED AS VEHICLE #1 REAR ENDED VEHICLE # 2
865481,3190036196,Missouri State Highway Patrol-Troop A,1577145600000,190743543,2,0,1,1,Personal Injury,PETTIS,NON-CITY OR UNINCORPORATED,A,2,2,0,0,0,AT,W ,US 50,RT MM,Daylight,Motor Vehicle in Transport,1,64,Tue     ,0,0,0,0,0,1,1,0,0,1,0,0,0,0,0,1,0,0,0,0,0,0,0,0,0,38.73485,-93.31122,0,12/24/2019,14:00:00,"CRASH OCCURRED AS VEHICLE 1 FAILED TO YIELD TO TRAFFIC STRIKING VEHICLE 2, BOTH VEHICLES EXITED THE LEFT SIDE OF THE ROADWAY COMING TO REST IN THE MEDIAN. ASSISTED BY CPL. S. S. GATES /552/"
1128643,3190036329,Missouri State Highway Patrol-Troop E,1577145600000,190743559,1,0,1,0,Personal Injury,WAYNE,NON-CITY OR UNINCORPORATED,E,1,1,0,533,0.1,A ,W ,RT E,RT P,Daylight,Overturn,2,,Tue     ,0,0,0,0,1,1,1,0,0,0,0,0,0,0,0,1,0,0,0,0,1,0,0,1,0,37.13892,-90.28677,0,12/24/2019,13:50:00,CRASH OCCURRED AS VEHICLE ONE TRAVELED OFF RIGHT SIDE OF ROADWAY AND OVERTURNED
1233195,3190036811,Missouri State Highway Patrol-Troop C,1577145600000,190743892,3,0,3,0,Personal Injury,JEFFERSON,NON-CITY OR UNINCORPORATED,C,3,3,0,34,0.01,B ,N,IS 55,ERM NORTH IS 55 MILE 1652,Dark-Unlighted,Motor Vehicle in Transport,1,61,Tue     ,0,0,0,0,0,0,0,1,0,0,0,0,0,0,0,0,1,0,0,0,0,0,0,0,0,38.0928,-90.30043,0,12/24/2019,17:45:00,DRIVER 1 WAS INATTENTIVE TO THE STOPPED TRAFFIC. THE FRONT OF VEHICLE 1 STRUCK THE REAR OF VEHICLE 2. THE IMPACT CAUSED THE FRONT OF VEHICLE 2 TO STRIKE THE REAR OF VEHICLE 3. ASSISTED BY TPR J. C. JENKINS (904)
1175203,3190036753,Missouri State Highway Patrol-Troop B,1577232000000,190744506,1,0,0,1,Personal Injury,MARION,NON-CITY OR UNINCORPORATED,B,1,1,0,3168,0.6,A ,E ,MO 168,RT JJ,Daylight,Fixed Object,2,,Wed     ,0,0,0,0,0,1,1,0,0,0,0,0,0,0,0,0,0,0,0,0,0,0,0,0,0,39.80085,-91.45209,0,12/25/2019,11:10:00,VEHICLE 1 WESTBOUND AND ATTEMPTED TO AVOID A DEER IN THE ROADWAY. VEHICLE TRAVELED OFF THE ROADWAY AND OVERTURNED.
1177867,3190036212,Missouri State Highway Patrol-Troop F,1577232000000,190744526,1,0,1,0,Personal Injury,CAMDEN,NON-CITY OR UNINCORPORATED,F,2,2,0,0,0,AT,W ,US 54,CRD OLD MORGAN RD,Daylight,Motor Vehicle in Transport,1,64,Wed     ,0,0,0,0,0,1,1,0,0,0,0,1,0,0,0,0,0,0,0,0,0,0,0,0,0,37.99067,-92.83423,0,12/25/2019,11:33:00,VEHICLE 1 WAS ATTEMPTING TO TURN LEFT TO MERGE ONTO US 54 EASTBOUND FROM RT AA. VEHICLE 1 FAILED TO YIELD TO WESTBOUND VEHICLE 2 STRIKING VEHICLE 2 IN THE SIDE AS IT PASSED RT AA. ASSISTED BY TPR. M. P. ACORD (170)
1161592,3190036915,Missouri State Highway Patrol-Troop F,1577232000000,190744628,1,0,1,0,Personal Injury,BOONE,NON-CITY OR UNINCORPORATED,F,2,2,0,174,0.03,A ,S ,RT VV,CRD MAULLER,Daylight,Motor Vehicle in Transport,1,63,Wed     ,0,0,0,0,0,0,0,1,1,0,0,0,0,0,0,1,0,0,0,0,0,1,0,0,0,39.03024,-92.33826,0,12/25/2019,13:00:00,"OCCURRED AS VEHICLE 2 BEGAN TO MAKE A LEFT HAND TURN, VEHICLE 1 BEGAN TO PASS VEHICLE 2 IN THE LEFT LANE, AND VEHICLE 1 STRUCK VEHICLE 2."
1233091,3190036992,Missouri State Highway Patrol-Troop C,1577232000000,190744692,1,1,1,0,Fatal,JEFFERSON,NON-CITY OR UNINCORPORATED,C,2,2,0,42,0.01,B ,N,IS 55,ERM NORTH IS 55 MILE 1840,Daylight,Motor Vehicle in Transport,1,61,Wed     ,0,1,0,0,0,0,0,0,0,0,0,0,0,0,0,1,0,0,0,0,0,1,0,0,0,38.33228,-90.39966,1,12/25/2019,14:16:00,FATALITY REPORT - VEHICLE 1 WAS TRAVELING AT A LOW RATE OF SPEED IN LANE 3 OF NORTHBOUND INTERSTATE 55.  VEHICLE 2 WAS IN LANE 2 NORTHBOUND ON INTERSTATE 55.  VEHICLE 2 CHANGED INTO LANE 3.  THE FRONT OF VEHICLE 2 STRUCK THE REAR OF VEHICLE 1.  THE IMPACT CAUSED DRIVER 1 TO BE EJECTED.  DRIVER 1 PRONOUNCED BY  EMERGENCY PERSONNEL AT 1443 HOURS 12/25/2019. ASSISTED BY MSGT C.M. ARBUTHNOT (694) - CORRECTED REPORT
1290654,3190036778,Missouri State Highway Patrol-Troop C,1577232000000,190744821,2,0,2,0,Personal Injury,ST. CHARLES,ST CHARLES,C,3,3,0,47,0.01,B ,E ,MO 94,BRIDGE A6680,Daylight,Motor Vehicle in Transport,1,61,Wed     ,0,0,0,0,0,0,0,0,0,1,0,0,0,0,0,0,1,0,0,0,0,0,0,0,0,38.77661,-90.51222,0,12/25/2019,16:30:00,"VEHICLES 2 AND 3 WERE STOPPED FOR A STEADY RED ELECTRIC SIGNAL ON EASTBOUND IN ROUTE 94. VEHICLE 1 WAS  TRAVELING EASTBOUND BEHIND VEHICLES 2 AND 3. DRIVER 1 SWERVED IN ATTEMPT TO AVOID AN ACCIDENT AND THE FRONT OF VEHICLE 1 STRUCK THE REAR OF VEHICLES 2 AND 3. ASSISTED BY TPR. D. L. BILYEU (174), TPR. J. E. LACY (313), AND ST. CHARLES PD OFFICERS."
1258748,3190036807,Missouri State Highway Patrol-Troop C,1577232000000,190744917,1,0,0,1,Personal Injury,ST. LOUIS,NON-CITY OR UNINCORPORATED,C,2,2,0,31,0.01,A ,E ,IS 270,RP 284409,Dark-Lighted,Motor Vehicle in Transport,1,61,Wed     ,0,0,0,0,0,0,0,0,0,0,0,0,0,0,0,0,0,0,1,0,0,1,0,0,0,38.5076,-90.3506,0,12/25/2019,17:40:00,VEHICLE #2 WAS IN LANE 4.  VEHICLE #1 WAS IN LANE 5 NORTHBOUND INTERSTATE 270.  VEHICLE #1 CHANGED LANES INTO LANE 4 AND THE REAR OF VEHICLE #1 STRUCK THE REAR OF VEHICLE #2.  ASSISTED BY CPL. J.A. ASHBY (234)
1201179,3190036358,Missouri State Highway Patrol-Troop C,1577232000000,190744958,0,1,0,0,Fatal,LINCOLN,NON-CITY OR UNINCORPORATED,C,1,1,0,2640,0.5,B ,N,RT H,BRIDGE A1915,Dark-Unlighted,Overturn,1,,Wed     ,0,0,0,0,0,0,0,0,0,0,0,0,0,0,0,1,0,0,0,0,0,0,0,0,0,39.08962,-91.07845,1,12/25/2019,18:35:00,"FATALITY REPORT- VEHICLE 1 WAS TRAVELING NORTHBOUND ON ROUTE H AND TRAVELED OFF THE RIGHT SIDE OF THE ROADWAY. DRIVER 1 OVERCORRECTED. VEHICLE 1 RETURNED TO THE ROADWAY AND OVERTURNED, EJECTING DRIVER 1. DRIVER 1 FATALITY PRONOUNCED ON THE SCENE AT 1849 HOURS BY LINCOLN COUNTY AMBULANCE PERSONNEL."
928053,3190036260,Missouri State Highway Patrol-Troop D,1577232000000,190744969,1,0,1,0,Personal Injury,MCDONALD,JANE,D,2,2,0,0,0,AT,N,US 71,MO 90,Dark-Lighted,Motor Vehicle in Transport,1,64,Wed     ,0,0,0,0,0,0,1,1,1,1,0,0,0,0,0,1,0,0,0,0,1,0,0,1,0,36.54376,-94.31983,0,12/25/2019,18:50:00,VEH #1 MADE A LEFT TURN INTO THE PATH OF ON-COMING VEH #2 AND WAS STRUCK.
939976,3190035935,Missouri State Highway Patrol-Troop D,1577232000000,190744996,1,0,1,0,Personal Injury,CHRISTIAN,NON-CITY OR UNINCORPORATED,D,3,3,0,84,0.02,A ,W ,US 160,RT CC,Dark-Lighted,Motor Vehicle in Transport,1,61,Wed     ,0,0,0,0,0,1,1,1,0,1,0,0,1,0,0,1,0,0,0,0,0,0,0,0,0,37.08399,-93.29858,0,12/25/2019,19:10:00,NBR 1 WAS MAKING A RIGHT TURN.  NBR 1 WAS STRUCK IN THE REAR BY NBR 2.  NBR 1 SLID ACROSS THE MEDIAN AND STRUCK NBR 3.
1064981,3190036872,Missouri State Highway Patrol-Troop I,1577232000000,190745019,5,0,2,3,Personal Injury,LACLEDE,NON-CITY OR UNINCORPORATED,I,2,2,0,48,0.01,A ,W ,IS 44,ERM WEST IS 44 MILE 1364,Dark-Unlighted,Motor Vehicle in Transport,2,60,Wed     ,0,0,0,0,0,0,0,0,0,0,0,0,0,0,0,0,0,0,0,0,0,0,0,0,0,37.75227,-92.57026,0,12/25/2019,19:45:00,CRASH OCCURRED AS  VEHICLE  1 WAS TRAVELING EASTBOUND  IN THE  WESTBOUND LANES AND  STRUCK VEHICLE 2 HEAD ON.      ASSISTED BY TPR S.R. HOUSE (413)
1141679,3190036166,Missouri State Highway Patrol-Troop E,1577232000000,190745043,1,0,1,0,Personal Injury,BUTLER,NON-CITY OR UNINCORPORATED,E,2,2,0,0,0,AT,W ,US 160,RT C,Dark-Unlighted,Motor Vehicle in Transport,1,64,Wed     ,0,0,0,0,0,0,1,0,0,0,0,1,0,0,0,1,0,0,0,0,1,0,0,1,0,36.66391,-90.52009,0,12/25/2019,20:15:00,CRASH OCCURRED AS VEHICLE 1 FAIL TO STOP AT STOP SIGN AND PULLED INTO THE PATH OF VEHICLE 2
1320048,3190036987,Missouri State Highway Patrol-Troop G,1577232000000,190745121,1,0,1,0,Personal Injury,REYNOLDS,NON-CITY OR UNINCORPORATED,G,1,1,0,0,0,AT,W ,MO 34,CRD 574,Dark-Unlighted,Fixed Object,1,,Wed     ,1,0,0,0,0,0,1,0,0,0,0,1,0,0,0,0,0,0,0,0,0,0,0,0,0,37.07261,-90.84661,0,12/25/2019,21:40:00,ACCIDENT OCCURRED AS VEHICLE TRAVELED ACROSS HIGHWAY 34 AND STRUCK AN EMBANKMENT.
1194544,3190036986,Missouri State Highway Patrol-Troop B,1577318400000,190745227,1,0,0,1,Personal Injury,RALLS,NON-CITY OR UNINCORPORATED,B,1,1,0,145,0.03,B ,W ,RT A,CRD DOE RUN ROAD,Dark-Unlighted,Fixed Object,2,,Thu     ,1,0,0,0,0,0,0,0,0,0,0,0,0,0,0,0,0,0,0,0,1,0,0,1,0,39.58501,-91.44891,0,12/26/2019,02:45:00,"VEHICLE TRAVELED OFF THE RIGHT SIDE OF THE ROADWAY AND STRUCK A TREE. ASSISTED BY THE RALLS COUNTY SHERIFF'S DEPARTMENT, NEW LONDON FIRE DEPARTMENT AND RALLS COUNTY AMBULANCE."
1064953,3190036263,Missouri State Highway Patrol-Troop I,1577318400000,190745234,3,0,3,0,Personal Injury,LACLEDE,NON-CITY OR UNINCORPORATED,I,2,2,Y,105,0.02,B ,N,MO 5,BRIDGE A3784,Dark-Unlighted,Motor Vehicle in Transport,1,61,Thu     ,0,0,0,0,0,,,,,0,0,0,0,0,0,0,0,0,0,,1,,,1,,37.82134,-92.69,0,12/26/2019,04:18:00,THE CRASH OCCURRED AS VEHICLE 1 STRUCK THE REAR OF VEHICLE 2. VEHICLE 1 LEFT THE SCENE.
1504727,3190036131,Missouri State Highway Patrol-Troop H,1577318400000,190745239,5,0,5,0,Personal Injury,DAVIESS,NON-CITY OR UNINCORPORATED,H,1,1,0,0,0,AT,S ,US 69,MO 6 SJ,Dark-Unlighted,Fixed Object,2,,Thu     ,0,0,0,0,0,1,1,0,0,0,0,1,0,0,0,1,0,0,0,0,0,0,0,0,0,39.88308,-94.10735,0,12/26/2019,05:15:00,"CRASH OCCURRED AS VEH1 WAS SOUTHBOUND ON US 69 AND TRAVELED THROUGH A 'T' INTERSECTION STRIKING A GUARDRAIL, SIGN, AND SEVERAL TREES. VEH1 CAME TO REST OFF OF THE SOUTH SIDE OF MO 6 FACING NORTH."
905476,3190035946,Missouri State Highway Patrol-Troop D,1577318400000,190745293,2,0,2,0,Personal Injury,CHRISTIAN,HIGHLANDVILLE,D,2,2,0,0,0,AT,E ,US 160,CST MULBERRY RD,Daylight,Motor Vehicle in Transport,1,64,Thu     ,0,0,0,0,0,0,1,0,0,1,0,0,0,0,0,1,0,0,0,0,1,0,0,1,0,36.92739,-93.28429,0,12/26/2019,06:55:00,OCCURRED AS VEH1 PULLED INTO THE PATH OF VEH2.
1233093,3190036512,Missouri State Highway Patrol-Troop C,1577318400000,190745431,2,0,2,0,Personal Injury,JEFFERSON,NON-CITY OR UNINCORPORATED,C,2,2,0,575,0.11,A ,N,MO 141,PVT COVERED BRIDGE,Daylight,Motor Vehicle in Transport,1,61,Thu     ,0,0,0,0,0,0,0,1,1,0,0,0,0,0,0,0,0,0,0,0,0,0,0,0,0,38.47409,-90.43544,0,12/26/2019,08:46:00,"VEHICLE #1 WAS STOPPED IN THE LEFT LANE OF MISSOURI 141, FOR STOPPED TRAFFIC AHEAD, AND VEHICLE #2 WAS TRAVELING NORTH IN THE LEFT LANE OF MISSOURI 141, APPROACHING VEHICLE #1 FROM THE REAR.  THE FRONT OF VEHICLE #2 STRUCK THE REAR OF VEHICLE #1."
1258749,3190036978,Missouri State Highway Patrol-Troop C,1577318400000,190745668,1,0,1,0,Personal Injury,ST. LOUIS,NON-CITY OR UNINCORPORATED,C,3,3,Y,95,0.02,A ,E ,IS 270,ERM EAST IS 270 MILE 310,Daylight,Motor Vehicle in Transport,1,63,Thu     ,0,0,0,0,0,,,1,,0,0,0,0,0,,1,0,0,0,0,1,0,0,0,1,38.77078,-90.25437,0,12/26/2019,10:58:00,VEHICLE #1 ATTEMPTED TO PASS VEHICLE #3.  THE FRONT RIGHT OF VEHICLE #1 STRUCK THE LEFT SIDE VEHICLE #3. THE FRONT OF VEHICLE #1 STRUCK THE REAR OF VEHICLE #2. VEHICLE 3 LEFT THE SCENE.
1118954,3190036010,Missouri State Highway Patrol-Troop E,1577318400000,190745751,1,0,1,0,Personal Injury,BOLLINGER,NON-CITY OR UNINCORPORATED,E,1,1,0,4752,0.9,A ,W ,RT A,MO 51,Daylight,Fixed Object,2,,Thu     ,0,0,0,0,0,0,0,1,1,0,0,0,0,0,0,1,0,0,0,0,1,0,0,1,0,37.46793,-90.04539,0,12/26/2019,11:40:00,CRASH OCCURRED AS VEHICLE 1 RAN OFF THE LEFT SIDE OF THE ROADWAY AND STRUCK A ROCK
823009,3190036647,Missouri State Highway Patrol-Troop A,1577318400000,190745817,2,0,1,1,Personal Injury,BENTON,NON-CITY OR UNINCORPORATED,A,2,2,0,7,0,B ,N,US 65,CRD MARINA RD,Daylight,Motor Vehicle in Transport,1,64,Thu     ,0,0,0,0,0,0,0,1,0,0,0,0,0,0,0,0,0,0,0,0,0,0,0,0,1,38.30062,-93.35187,0,12/26/2019,12:27:00,CRASH OCCURRED AS VEHICLE 1 WAS TRAVELING IN THE RIGHT LANE AND VEHICLE 2 WAS TRAVELING IN THE LEFT LANE. VEHICLE 1 ATTEMPTED TO MAKE A LEFT HAND TURN FROM THE RIGHT LANE OF TRAFFIC INTO THE PATH OF VEHICLE 2. VEHICLE 2 BEGAN TO SKID AND STRUCK VEHICLE 1. ASSISTED BY CPL R J CHAPMAN /343/ AND BENTON COUNTY SHERIFF'S OFFICE.
1025690,3190036875,Missouri State Highway Patrol-Troop D,1577318400000,190745864,1,0,0,1,Personal Injury,TANEY,NON-CITY OR UNINCORPORATED,D,1,1,0,322,0.06,A ,E ,MO 76,CRD SONGBIRD DR EJ,Daylight,Overturn,2,,Thu     ,0,0,0,0,0,0,0,1,1,0,0,0,0,0,0,0,0,0,0,0,0,1,0,0,0,36.64175,-93.18908,0,12/26/2019,12:55:00,"CRASH OCCURRED AS VEHICLE #1 LOST CONTROL AND TRAVELED OFF THE SOUTH SIDE OF THE ROADWAY. THE VEHICLE OVERTURNED, BEGAN TO SLIDE ON IT'S SIDE AND STRUCK A ROAD SIGN AND A CULVERT."
954339,3190037051,Missouri State Highway Patrol-Troop D,1577318400000,190746000,1,1,1,0,Fatal,GREENE,NON-CITY OR UNINCORPORATED,D,2,2,0,596,0.11,A ,W ,RT D,CRD 199,Daylight,Motor Vehicle in Transport,1,60,Thu     ,0,0,0,0,0,0,0,1,1,0,0,0,0,0,0,1,0,0,0,0,0,0,0,0,0,37.17927,-93.18679,1,12/26/2019,13:54:00,FATALITY ACCIDENT - THIS IS TROOP D'S 115TH FATALITY FOR 2019. ACCIDENT OCCURRED AS VEHICLE 1 CROSSED THE CENTER LINE AND STRUCK VEHICLE 2 HEAD ON. NEXT OF KIN HAS BEEN NOTIFIED. SUBJECT PRONOUNCED ON 12/27/19 AT 0041 HRS BY DR A. HYDE AT COX SOUTH HOSPITAL IN SPRINGFIELD.
1212128,3190036800,Missouri State Highway Patrol-Troop F,1577318400000,190746137,2,0,2,0,Personal Injury,COLE,NON-CITY OR UNINCORPORATED,F,2,2,0,0,0,AT,N,CRD HERITAGE HWY,CRD CASSIDY RD,Daylight,Motor Vehicle in Transport,1,64,Thu     ,0,0,0,0,0,0,0,0,0,0,0,1,0,0,0,1,0,0,0,0,0,0,0,0,0,38.48574,-92.27523,0,12/26/2019,15:15:00,"VEHICLE 1 FAILED TO YIELD TO VEHICLE 2, VEHICLE 1 STRUCK THE FRONT OF VEHICLE 2.  ASSISTED BY TPR M.A. DICKENS (675)"
1507284,3190036031,Missouri State Highway Patrol-Troop H,1577318400000,190746154,4,0,0,4,Personal Injury,CLINTON,HOLT,H,2,2,0,0,0,AT,E ,RT PP,CRD CAMERON RD,Daylight,Motor Vehicle in Transport,1,60,Thu     ,0,0,0,0,1,0,1,1,1,0,0,0,0,0,0,1,0,0,0,0,0,0,0,0,0,39.45779,-94.30515,0,12/26/2019,15:00:00,CRASH OCCURRED AS VEH 1 WAS WESTBOUND ON ROUTE PP AND VEH 2 WAS EASTBOUND ON ROUTE PP.  VEH 1 CROSSED THE CENTER OF THE ROADWAY AND STRUCK VEH 2 HEAD ON.  VEH 1 CAME TO REST ON ITS WHEELS FACING NORTHWEST IN THE EASTBOUND DRIVING LANE. VEH 2 CAME TO REST ON ITS WHEELS FACING SOUTHEAST OFF THE NORTH SIDE OF THE ROADWAY.  ASSISTED BY SGT J. H. THOMPSON (927) AND CLINTON COUNTY SHERIFF'S DEPARTMENT.
1233094,3190036259,Missouri State Highway Patrol-Troop C,1577318400000,190746293,2,0,2,0,Personal Injury,JEFFERSON,NON-CITY OR UNINCORPORATED,C,2,2,0,0,0,AT,S ,US 67,CRD LONG RD,Daylight,Motor Vehicle in Transport,1,64,Thu     ,0,0,0,0,0,1,1,1,0,0,0,1,0,0,0,1,0,0,0,0,1,0,0,1,0,38.09402,-90.48391,0,12/26/2019,16:30:00,VEHICLE 1 WAS TRAVELING SOUTHBOUND ON US 67. VEHICLE 2 WAS MAKING A LEFT TURN ONTO SOUTHBOUND US 67 FROM LONG RD. VEHICLE 1 STRUCK THE LEFT REAR OF VEHICLE 2.
1320662,3190036850,Missouri State Highway Patrol-Troop G,1577318400000,190746413,1,0,0,1,Personal Injury,TEXAS,NON-CITY OR UNINCORPORATED,G,1,1,0,797,0.15,B ,W ,RT P,CRD DOVE DR,Dark-Unlighted,Pedestrian,1,,Thu     ,,,,,,0,0,1,0,0,0,0,0,0,0,,0,0,,0,1,0,0,1,0,37.4505,-91.86021,0,12/26/2019,17:30:00,"VEHICLE 1 WAS WESTBOUND ON HWY P.  DRIVER 1 SLOWED WHEN APPROACHING MACHINERY NEAR THE ROADWAY, PEDESTRIAN 1 THEN ENTERED INTO THE WESTBOUND LANE AND WAS STRUCK BY VEHICLE 1."
948753,3190036314,Missouri State Highway Patrol-Troop D,1577318400000,190746527,1,0,1,0,Personal Injury,POLK,NON-CITY OR UNINCORPORATED,D,2,2,0,0,0,AT,N,MO 13,MO 215 SJ,Dark-Lighted,Motor Vehicle in Transport,1,64,Thu     ,0,0,0,0,0,0,0,1,0,0,0,0,1,0,0,1,0,0,0,0,0,0,0,0,0,37.45931,-93.35456,0,12/26/2019,18:50:00,"OCCURRED AS VEHICLE 2 CROSSED THE NORTH LANES OF MO 13, TRAVELING INTO THE PATH OF VEHICLE 1."
1290709,3190036548,Missouri State Highway Patrol-Troop C,1577318400000,190746644,1,0,1,0,Personal Injury,ST. CHARLES,ST CHARLES,C,1,1,0,242,0.05,A ,E ,IS 70,CST HAWKS NEST DR,Dark-Unlighted,Pedestrian,1,,Thu     ,0,0,0,1,0,0,0,0,0,0,0,0,0,0,0,0,0,0,0,0,0,0,0,0,0,38.78135,-90.51888,0,12/26/2019,20:35:00,PEDESTRIAN 1 STEPPED OUT INTO THE LANES OF I-70 AND INTO THE PATH OF VEHICLE 1. THE MIRROR OF VEHICLE 1 STRUCK PEDESTRIAN 1.
1046824,3190037072,Missouri State Highway Patrol-Troop I,1577318400000,190746695,1,0,1,0,Personal Injury,PULASKI,ST ROBERT,I,2,2,0,517,0.1,B ,E ,IS 44,ERM EAST IS 44 MILE 1618,Dark-Unlighted,Motor Vehicle in Transport,1,61,Thu     ,0,1,0,0,0,0,0,0,0,0,0,0,0,0,0,0,0,0,0,0,0,0,0,0,0,37.82385,-92.13556,0,12/26/2019,21:20:00,"OCCURRED AS VEHICLE 1 CROSSED THE CENTER LINE STRUCK VEHICLE 2, VEHICLE 1 CONTINUED INTO THE MEDIAN STRIKING THE CABLE BARRIER THEN COMING TO REST. VEHICLE 2 CROSSED THE CENTER OF THE ROADWAY OVERCORRECTED AND STRUCK THE CABLE BARRIER ALSO COMING TO REST IN THE CABLE BARRIER. CPL D W PFEIFER (1163)"
1014052,3190036913,Missouri State Highway Patrol-Troop D,1577318400000,190746726,0,2,0,0,Fatal,VERNON,NON-CITY OR UNINCORPORATED,D,1,1,0,47,0.01,B ,S ,RT BB,CRD STOCKADE,Dark-Unlighted,Fixed Object,2,,Thu     ,1,0,0,0,1,0,1,0,0,0,0,0,0,0,0,1,0,0,0,0,0,0,0,0,0,37.77815,-94.36736,1,12/26/2019,21:41:00,FATALITY REPORT- NEXT OF KIN NOTIFIED- THIS IS TROOP D'S 113TH AND 114TH FATALITY FOR 2019- ACCIDENT OCCURRED AS VEHICLE #1 RAN OFF OF THE RIGHT SIDE OF THE ROADWAY AND OVERTURNED. DRIVER WAS PRONOUNCED DECEASED AT 2228 HOURS ON 12/26/2019 BY DR. DANIEL BARNES AT NEVADA REGIONAL MEDICAL CENTER. OCCUPANT WAS PRONOUNCED DECEASED AT 2245 HOURS ON 12/26/2019 BY VERNON COUNTY CORONER DAVID L. FERRY ON SCENE. ASSISTED BY MSGT M.T. POLODNA #1251
939975,3190036159,Missouri State Highway Patrol-Troop D,1577404800000,190746963,2,0,2,0,Personal Injury,CHRISTIAN,NON-CITY OR UNINCORPORATED,D,2,2,0,1805,0.34,A ,W ,US 160,RT HH,Dark-Unlighted,Motor Vehicle in Transport,1,60,Fri     ,0,1,0,0,0,0,0,1,0,0,0,0,0,0,0,0,0,0,0,0,0,0,0,0,0,36.90558,-93.28424,0,12/27/2019,06:45:00,OCCURRED AS VEH1 CROSSED THE CENTER LINE AND STRUCK VEH2.
1212155,3190037056,Missouri State Highway Patrol-Troop C,1577404800000,190747459,1,0,1,0,Personal Injury,WASHINGTON,NON-CITY OR UNINCORPORATED,C,1,1,0,3168,0.6,A ,N,RT P,BRIDGE N0173,Daylight,Fixed Object,2,,Fri     ,0,0,0,0,0,0,1,0,0,0,0,0,0,0,0,0,0,0,0,0,0,0,0,0,0,37.89319,-90.84715,0,12/27/2019,11:00:00,"VEHICLE #1 WAS TRAVELING TOO FAST FOR A CURVE IN THE ROADWAY.  VEHICLE #1 OVER CORRECTED, TRAVELED OFF THE RIGHT SIDE OF THE ROADWAY, AND STRUCK A DITCH.  ASSISTED BY MSGT. D.F. ISRINGHAUSEN (1335)"