objectid,accident,agency,inv_date,complaint,injured,killed,min_inj,dis_inj,severity,county,city,troop,no_vehicle,motor_veh,left_scene,dist_feet,dist_mile,inter_loc,direction,on_street,at_street,light_cond,acc_type,on_off_rd,two_veh,day_week,dr_drink,dr_drug,ped_drink,ped_drug,speed,dr_under21,dr_under25,dr_over55,dr_over64,electrical,emer_veh,stop_sign,yield_sign,czone,hazmat,aggressive,cell_phone,texting,veh_defect,school_bus,truck,motorcycle,atv,pickup,cmv,gps_lat,gps_long,severity_fatal,acc_date,acc_time,narrative
1201195,3190036553,Missouri State Highway Patrol-Troop C,1577404800000,190747941,1,0,1,0,Personal Injury,LINCOLN,NON-CITY OR UNINCORPORATED,C,3,3,0,0,0,AT,S ,MO 47,CRD HAMMETT RD,Daylight,Motor Vehicle in Transport,1,64,Fri     ,0,0,0,0,0,1,1,1,0,0,0,0,0,0,0,1,0,0,0,0,0,0,0,0,0,39.0026,-90.86115,0,12/27/2019,14:55:00,VEHICLE 1 WAS MAKING LEFT TURN ONTO HIGHWAY W. VEHICLE 1 PULLED IN FRONT OF PATH OF VEHICLE 2. VEHICLE 2 STRUCK VEHICLE 1 ON FRONT SIDE. DRIVER 2 LOST CONTROL OF VEHICLE 2 AND STRUCK VEHICLE 3 ON DRIVERS SIDE DOOR AREA. ASSISTED BY TPR. A. J. MICHELS (1381)
954373,3190036182,Missouri State Highway Patrol-Troop D,1577404800000,190747986,1,0,0,1,Personal Injury,GREENE,NON-CITY OR UNINCORPORATED,D,2,2,0,0,0,AT,W ,RT E,CRD 221,Daylight,Motor Vehicle in Transport,1,60,Fri     ,0,0,0,0,0,0,0,1,1,0,0,0,0,0,0,1,0,0,0,0,1,0,0,0,1,37.37979,-93.13341,0,12/27/2019,15:20:00,VEHICLE #1 FAILED TO YIELD WHILE MAKING A LEFT TURN AND WAS STRUCK BY VEHICLE #2
1233116,3190036812,Missouri State Highway Patrol-Troop C,1577404800000,190748018,1,0,1,0,Personal Injury,JEFFERSON,NON-CITY OR UNINCORPORATED,C,1,1,0,36,0.01,A ,N,US 67,CRD LONG RD,Daylight,Fixed Object,2,,Fri     ,0,1,0,0,0,0,0,0,0,0,0,0,0,0,0,1,0,0,0,0,0,0,0,0,0,0,0,0,12/27/2019,15:45:00,VEHICLE 1 WAS TRAVELING NORTH ON US 67. VEHICLE 1 EXITED THE ROADWAY TO THE LEFT AND STRUCK THE CABLE BARRIERS AND A SIGN. VEHICLE 1 REENTERED THE ROADWAY ON THE NORTHBOUND LANES AND OVERTURNED.
1064951,3190036559,Missouri State Highway Patrol-Troop I,1577404800000,190748196,1,0,1,0,Personal Injury,LACLEDE,NON-CITY OR UNINCORPORATED,I,2,2,0,253,0.05,A ,W ,IS 44,ERM WEST IS 44 MILE 1442,Dark-Unlighted,Motor Vehicle in Transport,1,67,Fri     ,0,0,0,0,0,0,0,1,1,0,0,0,0,0,0,0,0,0,1,0,0,0,0,0,0,37.76814,-92.43664,0,12/27/2019,17:10:00,VEHICLE 1 WAS TRAVELING  EASTBOUND AND  LOST A WHEEL. THE WHEEL TRAVELED ACROSS THE MEDIAN AND STRUCK THE FRONT OF VEHICLE 2. ASSISTED BY SHERIFF'S OFFICE PULASKI COUNTY
872502,3190036613,Missouri State Highway Patrol-Troop A,1577404800000,190748232,2,0,2,0,Personal Injury,JACKSON,LAKE TAPAWINGO,A,2,2,0,0,0,AT,W ,US 40,CST TAPAWINGO,Dark-Unlighted,Motor Vehicle in Transport,1,61,Fri     ,0,0,0,0,0,0,1,0,0,0,0,0,0,0,0,0,0,0,0,0,0,0,0,0,0,39.0179,-94.32307,0,12/27/2019,17:25:00,CRASH OCCURRED AS VEHICLE 1 MADE A LEFT HAND TURN FROM THE RIGHT LANE IN FRONT OF VEHICLE 2. ASSISTED BY BLUE SPRINGS POLICE DEPARTMENT AND LAKE TAPAWINGO POLICE DEPARTMENT.
1258752,3190036774,Missouri State Highway Patrol-Troop C,1577404800000,190748337,2,0,2,0,Personal Injury,ST. LOUIS,NON-CITY OR UNINCORPORATED,C,2,2,0,227,0.04,A ,E ,IS 70,ERM EAST IS 70 MILE 2320,Dark-Lighted,Motor Vehicle in Transport,1,61,Fri     ,0,1,0,0,0,0,1,0,0,0,0,0,0,0,0,0,0,0,0,0,0,0,0,0,0,38.75263,-90.45091,0,12/27/2019,18:15:00,VEHICLE 1 FAILED TO NOTICE VEHICLE 2 STOPPED FOR TRAFFIC AND THE FRONT OF VEHICLE 2 STRUCK THE REAR OF VEHICLE 2. ASSISTED BY TPR B. G. GROVES (837).
1211591,3190036349,Missouri State Highway Patrol-Troop F,1577404800000,190748448,1,0,1,0,Personal Injury,COLE,WARDSVILLE,F,2,2,0,7,0,A ,N,RT B,PVT CLOVER HILL LN,Dark-Unlighted,Motor Vehicle in Transport,1,64,Fri     ,0,0,0,0,0,0,0,1,1,0,0,0,0,0,0,1,0,0,0,0,0,0,0,0,1,38.51727,-92.18187,0,12/27/2019,19:40:00,"OCCURRED AS VEHICLE 1 AND VEHICLE 2 WERE TRAVELING SOUTHBOUND ON RT. B. AS VEHICLE 2 ATTEMPTED TO OVERTAKE VEHICLE 1, DRIVER 1 ATTEMPTED TO MAKE A LEFT TURN. VEHICLE 1 STRUCK THE PASSENGER SIDE OF VEHICLE 2."
846379,3190036838,Missouri State Highway Patrol-Troop A,1577404800000,190748649,1,0,1,0,Personal Injury,JOHNSON,NON-CITY OR UNINCORPORATED,A,1,1,0,875,0.17,B ,S ,RT W,CRD SW 25,Dark-Unlighted,Animal,1,,Fri     ,0,0,0,0,0,0,0,1,0,0,0,0,0,0,0,0,0,0,0,0,0,0,0,0,0,38.76957,-94.06153,0,12/27/2019,21:35:00,CRASH OCCURRED AS VEHICLE 1 STRUCK A COW IN THE ROADWAY
948754,3190036313,Missouri State Highway Patrol-Troop D,1577404800000,190748704,1,0,1,0,Personal Injury,POLK,NON-CITY OR UNINCORPORATED,D,2,2,0,1937,0.37,A ,N,CRD 210TH RD,CST COWDEN ST,Dark-Unlighted,Motor Vehicle in Transport,1,60,Fri     ,1,0,0,0,0,0,0,1,1,0,0,0,0,0,0,1,0,0,0,0,1,0,0,1,0,37.46449,-93.26276,0,12/27/2019,22:05:00,NBR 1 FAILED TO MAINTAIN THE RIGHT HALF OF ROADWAY AND STRUCK NBR 2.
1257459,3190036937,Missouri State Highway Patrol-Troop C,1577404800000,190748709,1,0,0,1,Personal Injury,ST. LOUIS,HILLSDALE,C,1,1,0,237,0.04,B ,N,CST LUCAS AND HUNT ROAD,CST JESSE JACKSON AVENUE,Dark-Lighted,Fixed Object,2,,Fri     ,0,0,0,0,1,0,0,0,0,0,0,0,0,0,0,1,0,0,0,0,0,0,0,0,0,38.68639,-90.29365,0,12/27/2019,21:15:00,VEHICLE TRAVELED OFF THE LEFT SIDE OF THE ROADWAY AND STRUCK A UTILITY POLE.
1150452,3190036280,Missouri State Highway Patrol-Troop E,1577404800000,190748822,1,0,1,0,Personal Injury,PEMISCOT,NON-CITY OR UNINCORPORATED,E,1,1,0,200,0.04,B ,S ,RT NN,CRD 423,Dark-Unlighted,Fixed Object,2,,Fri     ,0,0,0,0,0,1,1,0,0,0,0,0,0,0,0,0,0,0,0,0,1,0,0,1,0,36.15454,-89.95893,0,12/27/2019,23:14:00,CRASH OCCURRED AS VEHICLE ONE TRAVELED OFF RIGHT SIDE OF ROADWAY AND STRUCK DITCH
1212141,3190037017,Missouri State Highway Patrol-Troop C,1577491200000,190748944,1,0,1,0,Personal Injury,WASHINGTON,NON-CITY OR UNINCORPORATED,C,1,1,0,445,0.08,B ,W ,CRD NEW DIGGINS RD,CRD COOKS SUB RD,Dark-Unlighted,Fixed Object,2,,Sat     ,1,0,0,0,0,0,0,0,0,0,0,0,0,0,0,0,0,0,0,0,0,0,0,0,0,37.91112,-90.737,0,12/28/2019,01:00:00,"VEHICLE 1 TRAVELED OFF THE RIGHT SIDE OF THE ROADWAY, STRUCK A TREE AND OVERTURNED."
852221,3190036717,Missouri State Highway Patrol-Troop A,1577491200000,190749018,1,0,0,1,Personal Injury,CLAY,LIBERTY,A,1,1,0,343,0.06,B ,S ,RP 1039721,IS 35,Dark-Unlighted,Fixed Object,2,,Sat     ,1,0,0,0,0,0,1,0,0,0,0,0,0,0,0,0,0,0,0,0,0,0,0,0,0,39.28115,-94.41803,0,12/28/2019,05:55:00,"CRASH OCCURRED AS VEHICLE 1 TRAVELED OFF THE LEFT SIDE OF ROADWAY, STRUCK A BRIDGE PILLAR AND CAME TO REST ON THE PASSENGER SIDE.  ASSISTED BY CPL. B.E. THOMAN /1256/ AND CLAY COUNTY SHERIFF'S DEPARTMENT."
1025692,3190036204,Missouri State Highway Patrol-Troop D,1577491200000,190749195,2,0,2,0,Personal Injury,TANEY,NON-CITY OR UNINCORPORATED,D,2,2,0,30,0.01,B ,N,US 65,MO 86,Daylight,Motor Vehicle in Transport,1,61,Sat     ,0,0,0,0,1,0,0,0,0,1,0,0,0,0,0,1,0,0,0,0,1,0,0,1,0,36.53147,-93.24563,0,12/28/2019,09:25:00,VEH #2 WAS STOPPED FOR A STOPLIGHT.  VEH #1 BEGAN SLOWING AND THEN STRUCK THE REAR OF VEH #2.
1311874,3190036708,Missouri State Highway Patrol-Troop C,1577491200000,190749431,1,0,1,0,Personal Injury,ST. CHARLES,ST PETERS,C,2,2,0,1584,0.3,B ,E ,IS 70,MO 370 EJ,Daylight,Motor Vehicle in Transport,1,61,Sat     ,0,0,0,0,0,1,1,0,0,0,0,0,0,0,0,1,0,0,0,0,1,0,0,1,0,38.79831,-90.59755,0,12/28/2019,12:12:00,VEHICLE 1 WAS SLOWED FOR TRAFFIC AHEAD. VEHICLE 2 FAILED TO SLOW AND THE FRONT RIGHT OF VEHICLE 2 STRUCK THE LEFT REAR OF VEHICLE 1.
1250220,3190036245,Missouri State Highway Patrol-Troop C,1577491200000,190749478,2,0,2,0,Personal Injury,STE. GENEVIEVE,NON-CITY OR UNINCORPORATED,C,1,1,0,1927,0.36,B ,N,CRD FRENCH VILLAGE ROAD,CRD DRY FORK ROAD,Daylight,Fixed Object,2,,Sat     ,0,0,0,0,1,1,1,0,0,0,0,0,0,0,0,1,0,0,0,0,0,0,0,0,0,38.02675,-90.34995,0,12/28/2019,12:40:00,"VEHICLE 1 TRAVELED OFF THE RIGHT SIDE OF ROADWAY, OVERCORRECTED, RAN OFF THE LEFT SIDE OF ROADWAY, STRUCK A TREE AND OVERTURNED."
1506539,3190036582,Missouri State Highway Patrol-Troop H,1577491200000,190749647,1,0,1,0,Personal Injury,DEKALB,NON-CITY OR UNINCORPORATED,H,2,2,0,0,0,AT,W ,US 36,RT M,Daylight,Motor Vehicle in Transport,1,64,Sat     ,0,0,0,0,0,0,0,1,0,1,0,1,0,0,0,1,0,0,0,0,0,0,0,0,0,39.76188,-94.35671,0,12/28/2019,14:35:00,"OCCURRED AS VEHICLE 1 WAS WESTBOUND ON US 36, VEHICLE 2 WAS SOUTHBOUND ON M-33.  VEHICLE 2 FAILED TO YIELD AT A STOP SIGN AND TRAVELED INTO THE PATH OF VEHICLE 1. THE FRONT OF VEHICLE 1 STRUCK THE FRONT OF VEHICLE 2; BOTH VEHICLES WENT OFF THE NORTH SIDE OF US 36 AND CAME TO REST FACING NORTH.  ASSISTED BY SGT J M CROSS (446) AND TPR B R MUCK (1419)."
948755,3190036458,Missouri State Highway Patrol-Troop D,1577491200000,190749667,1,0,1,0,Personal Injury,POLK,NON-CITY OR UNINCORPORATED,D,1,1,0,739,0.14,A ,S ,MO 215,CRD 545TH RD,Daylight,Fixed Object,2,,Sat     ,0,0,0,0,1,0,1,0,0,0,0,0,0,0,0,1,0,0,0,0,0,0,0,0,0,37.45713,-93.34472,0,12/28/2019,14:45:00,"VEH #1 SKIDDED OFF THE SOUTH EDGE OF THE ROAD, IMPACTED AN EMBANKMENT, AND OVERTURNED."
1336993,3190036221,Missouri State Highway Patrol-Troop G,1577491200000,190749717,1,0,0,1,Personal Injury,DOUGLAS,NON-CITY OR UNINCORPORATED,G,1,1,0,2191,0.41,B ,N,MO 5,CRD 5-422,Daylight,Fixed Object,2,,Sat     ,0,0,0,0,0,1,1,0,0,0,0,0,0,0,0,0,0,0,0,0,1,0,0,1,0,36.8254,-92.59671,0,12/28/2019,15:15:00,"ACCIDENT OCCURRED AS VEHICLE TRAVELED OFF OF LEFT SIDE OF ROADWAY, STRUCK A GUARDRAIL, AND THEN CAME TO REST IN A RAVINE."
1511051,3190036327,Missouri State Highway Patrol-Troop H,1577491200000,190749840,3,0,1,2,Personal Injury,MERCER,NON-CITY OR UNINCORPORATED,H,1,1,0,1056,0.2,A ,S ,CRD EMBLEM RD,CRD DERBY RD,Dark-Unlighted,Fixed Object,2,,Sat     ,0,0,0,0,1,1,1,0,0,0,0,0,0,0,0,1,0,0,0,0,1,0,0,1,0,40.45374,-93.58872,0,12/28/2019,16:55:00,"OCCURRED AS VEHICLE 1 WAS NORTHBOUND ON EMBLEM ROAD. VEHICLE 1 FAILED TO NEGOTIATE A CURVE, WENT OFF THE LEFT SIDE OF THE ROADWAY AND STRUCK A TREE COMING TO REST AGAINST THE TREE. ASSISTED BY MERCER COUNTY SO AND EMS"
924816,3190036543,Missouri State Highway Patrol-Troop D,1577491200000,190749922,2,0,1,1,Personal Injury,MCDONALD,PINEVILLE,D,2,2,0,252,0.05,A ,S ,IS 49,ERM SOUTH IS 49 MILE 68,Dark-Unlighted,Fixed Object,2,,Sat     ,0,0,0,0,1,0,0,1,1,0,0,0,0,0,0,1,0,0,0,0,0,0,0,0,0,36.59049,-94.40081,0,12/28/2019,18:20:00,CRASH OCCURRED AS VEHICLE #2 TRAVELED OFF LEFT SIDE OF ROADWAY AND STRUCK THE GUARD RAIL. VEHICLE #2 RETURNED TO THE ROADWAY AND WAS STRUCK BY VEHICLE #1.  **CORRECTED COPY FOR VEHICLE INVOLVEMENT.**
1197759,3190036893,Missouri State Highway Patrol-Troop B,1577491200000,190749981,3,0,3,0,Personal Injury,MACON,NON-CITY OR UNINCORPORATED,B,2,2,0,248,0.05,B ,W ,US 36,BRIDGE A3820,Dark-Unlighted,Motor Vehicle in Transport,1,61,Sat     ,0,0,0,0,1,1,1,0,0,0,0,0,0,0,0,1,0,0,0,0,1,0,0,1,0,39.74855,-92.5033,0,12/28/2019,19:05:00,"01 & 02 WESTBOUND, 02 LOST CONTROL STRUCK A GUARDRAIL AND COLLIDED WITH 01.  01 AND 02 THEN STRUCK THE GUARDRAIL A SECOND TIME, BOTH DRIVERS LOST CONTROL, AND 02 RAN OFF THE NORTH SIDE OF THE ROADWAY.  TPR HALLEY 652, MACON COUNTY SHERIFFS DEPARTMENT, MACON RURAL FIRE DEPARTMENT, MACON COUNTY AMBULANCE AND RESCUE SQUAD."
1311908,3190036845,Missouri State Highway Patrol-Troop C,1577491200000,190750116,1,0,1,0,Personal Injury,ST. CHARLES,ST PETERS,C,1,1,0,85,0.02,A ,W ,IS 70,RP 7810,Dark-Lighted,Fixed Object,2,,Sat     ,0,0,0,0,1,0,0,0,0,0,0,0,0,0,0,1,0,0,0,0,0,0,0,0,0,38.79826,-90.58611,0,12/28/2019,21:35:00,VEHICLE 1 WAS TRAVELING WESTBOUND INTERSTATE 70 IN LANE 3.  DRIVER 1 LOST CONTROL. VEHICLE 1 TRAVELED OFF THE LEFT SIDE OF THE ROADWAY AND STRUCK THE CONCRETE MEDIAN BARRIER.
948756,3190036790,Missouri State Highway Patrol-Troop D,1577577600000,190750551,1,0,1,0,Personal Injury,POLK,NON-CITY OR UNINCORPORATED,D,1,1,0,184,0.03,A ,N,CRD 132ND RD,CST ALDRICH AVE,Daylight,Fixed Object,2,,Sun     ,0,0,0,0,0,0,0,1,1,0,0,0,0,0,0,0,0,0,0,0,0,0,0,0,0,37.59753,-93.39094,0,12/29/2019,08:20:00,"SWERVED TO MISS A DEAR, LEFT THE ROADWAY AND STRUCK A UTILITY POLE"
929562,3190036602,Missouri State Highway Patrol-Troop D,1577577600000,190751010,1,0,0,1,Personal Injury,STONE,NON-CITY OR UNINCORPORATED,D,1,1,0,1003,0.19,,,"PP SILVER DOLLAR CITY, SOUTH OF STOP 2",WEST OF INDIAN POINT RD,Daylight,Fell/Jumped from MV,1,,Sun     ,0,0,0,0,0,0,0,0,0,0,0,0,0,0,0,0,0,0,0,0,0,0,0,0,1,36.66129,-93.33756,0,12/29/2019,12:03:00,"OCCURRED AS OCCUPANT #1, A PASSENGER ON A TRAM, EXITED THE TRAM AS IT WAS MOVING."
1177862,3190036942,Missouri State Highway Patrol-Troop F,1577577600000,190751661,5,0,2,3,Personal Injury,CAMDEN,NON-CITY OR UNINCORPORATED,F,2,2,Y,0,0,AT,N,MO 5,CRD DRY HOLLOW RD,Dark-Unlighted,Motor Vehicle in Transport,1,64,Sun     ,0,0,0,0,0,0,0,0,0,0,0,1,0,0,0,1,0,0,0,0,1,0,0,1,0,37.95229,-92.71535,0,12/29/2019,18:15:00,"OCCURRED AS VEHICLE 2 WAS TRAVELING NORTHBOUND ON MO 5 AND VEHICLE 1 WAS TRAVELING EASTBOUND ON DRY HOLLOW ROAD. DRIVER 1 FAILED TO YIELD, AND VEHICLE 1 PULLED INTO THE PATH OF VEHICLE 2, RESULTING IN A T-BONE CRASH. VEHICLE 1 THEN ROLLED OVER OFF THE RIGHT SIDE OF THE ROADWAY."
1251600,3190036904,Missouri State Highway Patrol-Troop C,1577577600000,190751796,2,0,0,2,Personal Injury,FRANKLIN,NON-CITY OR UNINCORPORATED,C,1,1,0,221,0.04,A ,E ,US 50,CRD CANAAN RD EJ,Dark-Unlighted,Fixed Object,2,,Sun     ,0,0,0,0,0,0,0,0,0,0,0,0,0,0,0,1,0,0,0,0,0,0,0,0,0,38.40871,-91.31895,0,12/29/2019,20:30:00,"VEHICLE 1 WAS TRAVELING EASTBOUND ON US 50, TRAVELED  OFF THE RIGHT SIDE OF THE ROADWAY, AND STRUCK A UTILITY POLE."
966030,3190036722,Missouri State Highway Patrol-Troop D,1577577600000,190751881,2,0,1,1,Personal Injury,MCDONALD,NON-CITY OR UNINCORPORATED,D,2,2,0,237,0.04,A ,S ,MO 43,CRD PRAIRE RD,Dark-Unlighted,Motor Vehicle in Transport,1,64,Sun     ,1,0,0,0,0,1,1,0,0,0,0,0,0,0,0,1,0,0,0,0,1,0,0,1,0,36.57637,-94.59571,0,12/29/2019,22:00:00,"CRASH OCCURRED AS VEHICLE #1 ATTEMPTED TO OVERTAKE ANOTHER VEHICLE, OVERCORRECTED, AND VEHICLE #2 STRUCK VEHICLE #1 HEAD ON."
814459,3190036824,Missouri State Highway Patrol-Troop A,1577577600000,190751930,1,0,1,0,Personal Injury,CLAY,KANSAS CITY,A,2,2,0,158,0.03,B ,S ,IS 435,ERM SOUTH IS 435 MILE 562,Dark-Unlighted,Fixed Object,2,,Sun     ,,,,,,0,1,0,0,0,0,0,0,0,0,,0,0,,0,0,0,0,0,1,39.1524,-94.49821,0,12/29/2019,22:45:00,"CRASH OCCURRED AS VEHICLE 1 STRUCK VEHICLE 2 AND HIT THE CONCRETE BARRIER, VEHICLE 2 THEN STRUCK VEHICLE 1'S TRAILER AND CAME TO REST IN THE RIGHT LANE FACING NORTH. ASSISTED BY CPL. B.E.THOMAN /1256/ AND KANSAS CITY POLICE DEPARTMENT"
1141696,3190036514,Missouri State Highway Patrol-Troop E,1577664000000,190752285,1,0,1,0,Personal Injury,BUTLER,NON-CITY OR UNINCORPORATED,E,1,1,0,3168,0.6,A ,S ,RT W,CRD 537,Daylight,Fixed Object,2,,Mon     ,0,0,0,0,0,0,0,0,0,0,0,0,0,0,0,0,0,0,0,0,1,0,0,1,0,36.86008,-90.41091,0,12/30/2019,09:10:00,"STATE PROPERTY DAMAGE, CRASH OCCURRED AS VEHICLE 1 RAN OFF RIGHT SIDE OF ROADWAY, STRUCK A MODOT SIGN, UTILITY POLE, AND TREE"
1285648,3190037033,Missouri State Highway Patrol-Troop C,1577664000000,190752359,1,0,1,0,Personal Injury,ST. FRANCOIS,NON-CITY OR UNINCORPORATED,C,1,1,0,58,0.01,B ,S ,RT B,CRD RUSSELL RD,Daylight,Fixed Object,2,,Mon     ,0,0,0,0,0,0,1,0,0,0,0,0,0,0,0,0,0,0,0,0,1,0,0,1,0,37.78789,-90.53539,0,12/30/2019,09:58:00,VEHICLE 1 TRAVELED OFF THE LEFT SIDE OF THE ROADWAY STRIKING A MODOT SIGN AND SEVERAL TREES.
966031,3190036432,Missouri State Highway Patrol-Troop D,1577664000000,190752479,2,0,2,0,Personal Injury,MCDONALD,NON-CITY OR UNINCORPORATED,D,2,2,0,464,0.09,A ,E ,MO 76,RT CC WJ,Daylight,Motor Vehicle in Transport,1,60,Mon     ,0,0,0,0,0,1,1,1,1,0,0,0,0,0,0,1,0,0,0,0,0,0,0,0,0,36.66075,-94.31714,0,12/30/2019,10:50:00,ACCIDENT OCCURRED AS NBR 1 CROSSED THE CENTERLINE AND STRUCK NBR 2 HEAD-ON.
1212144,3190036954,Missouri State Highway Patrol-Troop F,1577664000000,190752572,0,1,0,0,Fatal,COLE,NON-CITY OR UNINCORPORATED,F,1,1,0,622,0.12,B ,E ,US 54,CRD GRAY RD,Daylight,Fixed Object,2,,Mon     ,0,0,0,0,0,0,0,1,1,0,0,0,0,0,0,1,0,0,0,0,1,0,0,1,0,38.43437,-92.31151,1,12/30/2019,11:50:00,***LATE DEATH REPORT*** NEXT OF KIN NOTIFIED *** VEHICLE 1 TRAVELED OFF THE RIGHT SIDE OF THE ROADWAY AND STRUCK A TREE.  DRIVER 1 PRONOUNCED DECEASED BY DOCTOR CHRISTOPHER NELSON AT UNIVERSITY OF MISSOURI HOSPITAL 12/30/2019 AT 1317 HOURS.  THIS IS TROOP F'S 4TH FATALITY FOR DECEMBER AND 59TH FOR 2019.  ASSISTED BY MSGT M T HALFORD (509).
1233120,3190036973,Missouri State Highway Patrol-Troop C,1577664000000,190752671,1,0,0,1,Personal Injury,JEFFERSON,NON-CITY OR UNINCORPORATED,C,2,2,0,158,0.03,A ,W ,RT MM,PVT TINA DR,Daylight,Motor Vehicle in Transport,1,60,Mon     ,0,0,0,0,0,0,1,1,0,0,0,0,0,0,0,1,0,0,0,0,1,0,0,0,1,38.40432,-90.56008,0,12/30/2019,12:49:00,VEHICLE 1 TRAVELED INTO WESTBOUND LANE AND STRUCK THE FRONT OF VEHICLE 2. ASSISTED BY CPL C. D. GULLETT (333) AND TPR J. R. BROWN (184)
1025724,3190036881,Missouri State Highway Patrol-Troop D,1577664000000,190752786,2,0,0,2,Personal Injury,TANEY,NON-CITY OR UNINCORPORATED,D,2,2,0,0,0,AT,N,US 65,PVT BRANSON CREEK BLVD,Daylight,Motor Vehicle in Transport,1,64,Mon     ,0,0,0,0,0,1,1,1,1,0,0,1,0,0,0,1,0,0,0,0,1,0,0,1,0,36.58811,-93.23133,0,12/30/2019,13:45:00,VEHICLE 1 PULLED INTO THE PATH OF VEHICLE 2.
1016105,3190036662,Missouri State Highway Patrol-Troop D,1577664000000,190752821,1,0,1,0,Personal Injury,NEWTON,NON-CITY OR UNINCORPORATED,D,1,1,0,364,0.07,A ,W ,CRD MCCLELLAND BLVD,CST MCCLELLAND PARK WJ,Daylight,Fixed Object,2,,Mon     ,0,0,0,0,0,0,1,0,0,0,0,0,0,0,0,1,0,0,0,0,1,0,0,1,0,37.03579,-94.55195,0,12/30/2019,14:10:00,"CRASH OCCURRED AS VEHICLE 1 RAN OFF LEFT SIDE OF ROADWAY, OVER CORRECTED, RETURNED TO ROADWAY OVERTURNING OFF RIGHT SIDE OF ROADWAY."
1282286,3190036705,Missouri State Highway Patrol-Troop C,1577664000000,190752939,4,0,4,0,Personal Injury,ST. CHARLES,O'FALLON,C,4,4,0,116,0.02,B ,W ,IS 70,ERM WEST IS 70 MILE 2196,Daylight,Motor Vehicle in Transport,1,63,Mon     ,0,0,0,0,0,0,0,0,0,0,0,0,0,0,0,1,0,0,0,0,1,0,0,1,0,38.803,-90.66751,0,12/30/2019,15:15:00,"VEHICLES 1, 2 AND 3 WERE TRAVELING WESTBOUND ON INTERSTATE 70. VEHICLE 4 WAS UNOCCUPIED/UNATTENDED AND PARKED ON THE RIGHT SHOULDER. VEHICLE 1 CHANGED FROM LANE FOUR TO LANE THREE, STRIKING THE RIGHT SIDE OF VEHICLE 2. VEHICLE 2 TRAVELED OFF THE LEFT SIDE OF THE ROADWAY, STRUCK THE MEDIAN CONCRETE BARRIER, ROTATED AND CROSSED IN FRONT OF VEHICLE 3, CAUSING VEHICLE 3 TO STRIKE THE FRONT LEFT SIDE OF VEHICLE 2. VEHICLE 2 THEN TRAVELED OFF THE RIGHT SIDE OF THE ROADWAY, STRIKING THE REAR OF VEHICLE 4. ASSISTED BY MSGT J L DECKER (240)."
1285644,3190036989,Missouri State Highway Patrol-Troop C,1577664000000,190752994,1,0,1,0,Personal Injury,ST. FRANCOIS,NON-CITY OR UNINCORPORATED,C,2,2,0,10,0,B ,S ,RT OO,RT F,Daylight,Motor Vehicle in Transport,1,61,Mon     ,0,0,0,0,0,0,1,0,0,0,0,0,0,0,0,0,0,0,0,0,1,0,0,1,0,37.76662,-90.3934,0,12/30/2019,16:05:00,VEHICLE #2 WAS STOPPED FOR A LEFT TURN. DRIVER #1 FAILED TO OBSERVE THE STOPPED VEHICLE CAUSING VEHICLE #1 TO STRIKE THE REAR OF VEHICLE #2
1014053,3190036806,Missouri State Highway Patrol-Troop D,1577664000000,190753036,1,0,1,0,Personal Injury,VERNON,NON-CITY OR UNINCORPORATED,D,1,1,0,1705,0.32,A ,E ,CRD PANAMA,CRD 2100,Daylight,Fixed Object,2,,Mon     ,0,0,0,0,1,0,0,0,0,0,0,0,0,0,0,1,0,0,0,0,1,0,0,1,0,37.8189,-94.24918,0,12/30/2019,16:30:00,DVR #1 LOST CONTROL OF VEHICLE #1 CAUSING IT TO SKID OFF THE RIGHT SIDE OF THE ROAD AND HIT A TREE.
1233124,3190036905,Missouri State Highway Patrol-Troop C,1577664000000,190753037,1,0,0,1,Personal Injury,JEFFERSON,NON-CITY OR UNINCORPORATED,C,1,1,0,417,0.08,B ,N,US 67,RT V,Daylight,Overturn,1,,Mon     ,0,0,0,0,1,0,1,0,0,0,0,0,0,0,0,1,0,0,0,0,1,0,0,1,0,38.04072,-90.49422,0,12/30/2019,16:25:00,"VEHICLE 1 WAS TRAVELING NORTHBOUND ON US 67. DRIVER 1 LOST CONTROL OF VEHICLE 1, CAUSING VEHICLE 1 TO OVERTURN AND TRAVEL OFF THE LEFT SIDE OF THE ROADWAY. DRIVER 1 WAS EJECTED AND VEHICLE 1 STRUCK THE CABLE MEDIAN. ASSISTED BY CPL. A. R. FLANNERY (551)"
1133602,3190036391,Missouri State Highway Patrol-Troop E,1577664000000,190753041,1,0,1,0,Personal Injury,RIPLEY,NON-CITY OR UNINCORPORATED,E,1,1,0,2640,0.5,A ,E ,MO 142,RT N,Daylight,Fixed Object,2,,Mon     ,0,0,0,0,0,0,0,0,0,0,0,0,0,0,0,1,0,0,0,0,0,0,0,0,0,36.5937,-90.70019,0,12/30/2019,16:30:00,"CRASH OCCURRED AS VEHICLE 1 RAN OFF THE ROADWAY, STRUCK A DITCH AND OVERTURNED."