objectid,accident,agency,inv_date,complaint,injured,killed,min_inj,dis_inj,severity,county,city,troop,no_vehicle,motor_veh,left_scene,dist_feet,dist_mile,inter_loc,direction,on_street,at_street,light_cond,acc_type,on_off_rd,two_veh,day_week,dr_drink,dr_drug,ped_drink,ped_drug,speed,dr_under21,dr_under25,dr_over55,dr_over64,electrical,emer_veh,stop_sign,yield_sign,czone,hazmat,aggressive,cell_phone,texting,veh_defect,school_bus,truck,motorcycle,atv,pickup,cmv,gps_lat,gps_long,severity_fatal,acc_date,acc_time,narrative
1233121,3190036867,Missouri State Highway Patrol-Troop C,1577664000000,190753121,3,0,3,0,Personal Injury,JEFFERSON,NON-CITY OR UNINCORPORATED,C,2,2,0,2640,0.5,B ,S ,US 67,CRD MOUNT OLIVE RD,Dark-Unlighted,Motor Vehicle in Transport,1,61,Mon     ,0,0,0,0,0,0,0,0,0,0,0,0,0,0,0,0,1,0,0,0,1,0,0,1,0,38.05724,-90.48789,0,12/30/2019,17:10:00,"VEHICLE 1 CAME TO A STOP IN THE RIGHT LANE WHEN IT WAS STRUCK FROM BEHIND BY VEHICLE 2, VEHICLE 2 OVERTURNED INTO THE CENTER MEDIAN."
954344,3190037000,Missouri State Highway Patrol-Troop D,1577664000000,190753165,1,1,1,0,Fatal,GREENE,NON-CITY OR UNINCORPORATED,D,2,2,0,934,0.18,A ,W ,CRD 124,PVT PRIVATE RD,Dark-Unlighted,Motor Vehicle in Transport,1,61,Mon     ,0,0,0,0,1,0,1,0,0,0,0,0,0,0,0,1,0,0,0,0,1,0,0,1,0,37.2276,-93.40694,1,12/30/2019,17:30:00,"FATALITY REPORT - NEXT OF KIN HAS BEEN NOTIFIED - THIS IS TROOP D'S 117TH TRAFFIC FATALITY FOR 2019.  ACCIDENT OCCURRED AS #2 PASSED, CUT IN FRONT OF AND QUICKLY APPLIED THE BRAKES IN FRONT OF #1.  #1 STRUCK #2 FROM BEHIND.  #2 SKIDDED OFF THE ROADWAY AND OVERTURNED, EJECTING BOTH OCCUPANTS.  DRIVER OF #2 WAS PRONOUNCED AT 1730 HOURS BY BUDDY PILMORE OF THE GREENE COUNTY MEDICAL EXAMINER'S OFFICE.  PER MISSOURI LAW, THE SURVIVING DRIVER WAS TESTED FOR ALCOHOL."
1233122,3190036876,Missouri State Highway Patrol-Troop C,1577664000000,190753168,1,0,1,0,Personal Injury,JEFFERSON,NON-CITY OR UNINCORPORATED,C,2,2,0,791,0.15,A ,S ,MO 141,BRIDGE A2683,Dark-Unlighted,Motor Vehicle in Transport,1,61,Mon     ,0,0,0,0,0,0,0,1,0,1,0,0,0,0,0,0,0,0,0,0,0,0,0,0,0,38.47979,-90.44123,0,12/30/2019,17:35:00,VEHICLE 1 WAS STOPPED FOR TRAFFIC. VEHICLE 2 STRUCK THE REAR OF VEHICLE 1.
1152278,3190036922,Missouri State Highway Patrol-Troop E,1577664000000,190753254,1,0,1,0,Personal Injury,STODDARD,NON-CITY OR UNINCORPORATED,E,2,2,0,63,0.01,A ,E ,US 60,BRIDGE L0780,Dark-Unlighted,Motor Vehicle in Transport,1,61,Mon     ,0,0,0,0,0,0,0,0,0,0,0,0,0,0,0,1,0,0,0,0,0,0,0,0,0,36.80176,-90.06662,0,12/30/2019,18:22:00,VEH1 & VEH2  TRAVELING EASTBOUND AND VEH1 STRUCK THE REAR OF VEH2
1010127,3190036584,Missouri State Highway Patrol-Troop D,1577664000000,190753413,1,0,0,1,Personal Injury,WEBSTER,STRAFFORD,D,1,1,0,279,0.05,A ,W ,CRD EVERGREEN RD,CRD DEWDROP LN,Dark-Unlighted,Pedestrian,1,,Mon     ,0,0,0,0,0,0,0,0,0,0,0,0,0,0,0,0,0,0,0,0,0,0,0,0,0,37.27058,-93.07431,0,12/30/2019,20:25:00,THE PEDESTRIAN WAS WALKING IN THE ROADWAY AND WAS STRUCK BY VEHICLE #1.
877768,3190036996,Missouri State Highway Patrol-Troop A,1577750400000,190753653,2,0,2,0,Personal Injury,JACKSON,NON-CITY OR UNINCORPORATED,A,2,2,0,0,0,AT,W ,US 50,CRD OUTER BELT EXT RD,Dark-Lighted,Motor Vehicle in Transport,1,64,Tue     ,1,0,0,0,0,0,0,0,0,0,0,1,0,0,0,1,0,0,0,0,1,0,0,1,0,38.8705,-94.13355,0,12/31/2019,03:48:00,CRASH OCCURRED AS VEHICLE 2 PULLED INTO THE PATH OF VEHICLE 1. ASSISTED BY LONE JACK POLICE DEPARTMENT.
1114620,3190036863,Missouri State Highway Patrol-Troop E,1577750400000,190753665,2,0,0,2,Personal Injury,MISSISSIPPI,NON-CITY OR UNINCORPORATED,E,3,3,0,40,0.01,A ,S ,IS 57,ERM SOUTH IS 57 MILE 172,Dark-Unlighted,Overturn,2,,Tue     ,0,0,0,0,0,0,0,1,0,0,0,0,0,0,0,1,0,0,0,0,0,0,0,0,1,36.96849,-89.26407,0,12/31/2019,05:30:00,"CRASH OCCURRED AS VEHICLE 1 TRAVELED OFF ROADWAY AND OVERTURNED. VEHICLE 2 STRUCK OVERTURNED VEHICLE 1. VEHICLE 3 TRAVELED OFF RIGHT SIDE OF ROADWAY, WAS STRUCK BY DEBRIS."
1209164,3190036830,Missouri State Highway Patrol-Troop F,1577750400000,190753704,1,0,0,1,Personal Injury,MONTGOMERY,NON-CITY OR UNINCORPORATED,F,1,1,0,5,0,B ,W ,IS 70,ERM WEST IS 70 MILE 1770,Dark-Unlighted,Overturn,2,,Tue     ,0,0,0,0,0,0,1,0,0,0,0,0,0,0,0,0,0,0,0,0,1,0,0,1,0,38.89032,-91.42342,0,12/31/2019,06:45:00,"CRASH OCCURRED AS VEHICLE 1 TRAVELED OFF THE LEFT SIDE OF THE ROADWAY, OVER-CORRECTED, TRAVELED OFF THE RIGHT SIDE OF THE ROADWAY AND OVERTURNED MULTIPLE TIMES."
1250213,3190037069,Missouri State Highway Patrol-Troop C,1577750400000,190754164,4,0,0,4,Personal Injury,STE. GENEVIEVE,NON-CITY OR UNINCORPORATED,C,1,1,0,1737,0.33,B ,E ,RT Y,CRD SADDLEBACK TRL,Daylight,Overturn,2,,Tue     ,0,0,0,0,0,0,0,0,0,0,0,0,0,0,0,1,0,0,0,0,0,0,0,0,0,37.98118,-90.29189,0,12/31/2019,11:19:00,VEHICLE 1 WAS TRAVELING EAST ON ROUTE Y WHEN IT TRAVELED OFF THE RIGHT SIDE OF THE ROAD.  DRIVER 1 OVERCORRECTED AND VEHICLE 1 SKIDDED ACROSS THE ROADWAY AND OFF THE LEFT SIDE OF THE ROAD.  VEHICLE 1 OVERTURNED DOWN AN EMBANKMENT. ASSISTED MSGT. W. B. SEVIER (1229) AND CPL. C. W. BONE (230)
1251598,3190036575,Missouri State Highway Patrol-Troop C,1577750400000,190754300,1,0,0,1,Personal Injury,FRANKLIN,NON-CITY OR UNINCORPORATED,C,1,1,0,2640,0.5,A ,N,RT Y,CRD PIN OAK RD,Daylight,Overturn,2,,Tue     ,0,0,0,0,1,0,0,0,0,0,0,0,0,0,0,1,0,0,0,0,0,0,0,0,0,38.44064,-91.33101,0,12/31/2019,12:42:00,"VEHICLE 1 WAS NORTHBOUND ON HIGHWAY Y. VEHICLE 1 WENT OFF THE RIGHT ROAD EDGE, DRIVER 1 OVERCORRECTED TO THE LEFT AND THEN TO THE RIGHT. VEHICLE 1 RAN OFF THE RIGHT SIDE OF THE ROADWAY AND OVERTURNED."
1503837,3190036639,Missouri State Highway Patrol-Troop H,1577750400000,190754573,1,0,1,0,Personal Injury,BUCHANAN,ST JOSEPH,H,2,2,0,195,0.04,A ,S ,IS 29,ERM SOUTH IS 29 MILE 478,Daylight,Motor Vehicle in Transport,1,61,Tue     ,0,0,0,0,0,0,0,1,1,0,0,0,0,0,0,1,0,0,0,0,0,0,0,0,0,39.77386,-94.79335,0,12/31/2019,15:00:00,ACCIDENT OCCURRED AS VEH #1 AND VEH #2 WERE SOUTHBOUND ON I-29. VEH #1 WAS FOLLOWING VEH #2 TOO CLOSELY AND STRUCK THE REAR OF VEH #2. VEHICLES CAME TO REST OFF THE EAST SIDE OF THE ROADWAY ON THEIR WHEELS. ASSISTED BY TPR T.A. PIERSON (1235) AND TPR D.L. HUGHES (1261).
1336996,3190036941,Missouri State Highway Patrol-Troop G,1577750400000,190754843,3,0,3,0,Personal Injury,DOUGLAS,NON-CITY OR UNINCORPORATED,G,1,1,0,15,0,A ,S ,RT B,CRD B-507,Daylight,Fixed Object,2,,Tue     ,0,0,0,0,0,1,1,0,0,0,0,0,0,0,0,1,0,0,0,0,1,0,0,1,0,37.00393,-92.66913,0,12/31/2019,16:46:00,"VEHICLE #1 WENT OFF THE RIGHT SIDE OF THE ROADWAY, STRUCK AN EMBANKMENT, A FENCE AND 2 MORE EMBANKMENTS BEFORE COMING TO REST IN THE ROADWAY."
929940,3190036586,Missouri State Highway Patrol-Troop D,1577750400000,190754879,1,0,1,0,Personal Injury,STONE,NON-CITY OR UNINCORPORATED,D,1,1,Y,1504,0.28,B ,S ,CRD CHARITY SCHOOL RD,CRD APPALOOSA RD,Daylight,Pedestrian,1,,Tue     ,,,,,,,,,,0,0,0,0,0,0,,0,0,,,,,,,,36.96237,-93.58899,0,12/31/2019,16:50:00,ACCIDENT OCCURRED AS PEDESTRIAN #1 WAS STRUCK BY AN UNKNOWN VEHICLE WHILE ATTEMPTING TO CHANGE A FLAT TIRE.
918837,3190036648,Missouri State Highway Patrol-Troop D,1577750400000,190754961,1,0,1,0,Personal Injury,LAWRENCE,NON-CITY OR UNINCORPORATED,D,1,1,0,1087,0.21,B ,S ,CRD 1010,CRD 2110,Dark-Unlighted,Animal,1,,Tue     ,0,0,0,0,0,0,1,0,0,0,0,0,0,0,0,0,0,0,0,0,0,0,0,0,0,37.12322,-94.0389,0,12/31/2019,18:10:00,OCCURRED AS VEHICLE #1 STRUCK A COW ON THE ROADWAY.
939980,3190036516,Missouri State Highway Patrol-Troop D,1577750400000,190754984,1,0,1,0,Personal Injury,CHRISTIAN,NON-CITY OR UNINCORPORATED,D,1,1,0,380,0.07,A ,S ,US 65,CRD GREEN MOUND RD,Dark-Unlighted,Other Object,1,,Tue     ,0,0,0,0,0,0,0,1,0,0,0,0,0,0,0,0,0,0,0,0,0,0,0,0,0,36.90372,-93.24194,0,12/31/2019,18:15:00,CRASH OCCURRED AS VEH 1 STRUCK A DISABLED TRAILER THAT WAS BLOCKING A LANE OF THE ROADWAY.
1025694,3190036847,Missouri State Highway Patrol-Troop D,1577750400000,190755016,2,0,2,0,Personal Injury,TANEY,NON-CITY OR UNINCORPORATED,D,2,2,0,0,0,AT,S ,MO 465,WOR 65,Dark-Unlighted,Motor Vehicle in Transport,1,64,Tue     ,0,0,0,0,0,0,0,1,0,0,0,1,0,0,0,1,0,0,0,0,1,0,0,1,0,36.7107,-93.22425,0,12/31/2019,18:35:00,OCCURRED AS #1 FAILED TO YIELD AND WAS STRUCK BY #2.
807663,3190036689,Missouri State Highway Patrol-Troop A,1577750400000,190755051,1,0,1,0,Personal Injury,JACKSON,RIVER BEND,A,2,2,0,436,0.08,A ,S ,MO 291,RP 5966,Dark-Unlighted,Motor Vehicle in Transport,1,61,Tue     ,0,0,0,0,0,0,0,1,1,0,0,0,0,0,0,0,0,0,0,0,0,0,0,0,0,39.18589,-94.3976,0,12/31/2019,18:55:00,CRASH OCCURRED AS VEHICLE 1 WAS STOPPED IN THE ROADWAY
936925,3190036742,Missouri State Highway Patrol-Troop D,1577750400000,190755216,1,0,1,0,Personal Injury,NEWTON,SENECA,D,2,2,0,0,0,AT,E ,RT U,MO 43,Dark-Lighted,Fixed Object,2,,Tue     ,0,1,0,0,1,0,0,0,0,0,0,1,0,0,0,1,0,0,0,0,0,0,0,0,0,36.8677,-94.59862,0,12/31/2019,20:20:00,"CRASH OCCURRED AS VEHICLE #1 FAILED TO STOP AT A STOP SIGN AND  TRAVELED THROUGH THE INTERSECTION. VEHICLE #1 BECAME AIRBORNE, STRUCK A FENCE, A POLE, A PARKED MOTOR HOME, AND A SHED. VEHICLE #1 THEN  OVERTURNED AND STRUCK AN ADDITIONAL FENCE."
1233142,3190036816,Missouri State Highway Patrol-Troop C,1577750400000,190755257,1,0,1,0,Personal Injury,JEFFERSON,NON-CITY OR UNINCORPORATED,C,2,2,0,1056,0.2,B ,N,MO 21,CRD MOTHERSHEAD RD,Dark-Unlighted,Motor Vehicle in Transport,1,64,Tue     ,0,0,0,0,0,0,1,0,0,0,0,0,0,0,0,1,0,0,0,0,1,0,0,1,0,38.11674,-90.60119,0,12/31/2019,20:37:00,"DRIVER 1 ATTEMPTING TO AVOID AN ANIMAL IN THE LANES, SWERVED TO THE RIGHT CAUSING VEHICLE 1 TO RUN OFF THE RIGHT SIDE OF THE ROADWAY. DRIVER 1 OVERCORRECTED CAUSING VEHICLE 1 TO RETURN TO THE ROADWAY AND CROSS THE CENTERLINE. THE FRONT OF VEHICLE 2 STRUCK THE REAR RIGHT OF VEHICLE 1, CAUSING VEHICLE 1 TO TRAVEL OFF THE LEFT SIDE OF THE ROADWAY AND STRIKE THE DITCH."
1189746,3190036828,Missouri State Highway Patrol-Troop F,1577750400000,190755325,1,0,1,0,Personal Injury,GASCONADE,NON-CITY OR UNINCORPORATED,F,1,1,0,1494,0.28,A ,N,RT P,CST LINK,Dark-Unlighted,Fixed Object,2,,Tue     ,0,0,0,0,0,1,1,0,0,0,0,0,0,0,0,0,0,0,0,0,0,0,0,0,0,38.36064,-91.49943,0,12/31/2019,21:05:00,"CRASH OCCURRED AS VEHICLE 1 TRAVELED OFF THE RIGHT SIDE OF THE ROADWAY, DRIVER 1 OVER-CORRECTED, VEHICLE 1 RETURNED TO THE ROADWAY THEN TRAVELED OFF THE LEFT SIDE OF THE ROADWAY STRIKING A DITCH."
793692,3190036570,Missouri State Highway Patrol-Troop A,1577750400000,190755435,1,0,1,0,Personal Injury,CLAY,KANSAS CITY,A,2,2,0,26,0,B ,N,IS 29,ERM NORTH IS 29 MILE 10,Dark-Unlighted,Motor Vehicle in Transport,1,61,Tue     ,0,0,0,0,0,1,1,0,0,0,0,0,0,0,0,1,0,0,0,0,1,0,0,1,0,39.17867,-94.56666,0,12/31/2019,22:08:00,"CRASH OCCURRED AS VEHICLE 2 STRUCK VEHICLE 1. BOTH VEHICLES TRAVELED OFF THE ROADWAY AND VEHICLE 2 STRUCK A FENCE. ASSISTED BY TPR. D.R. BECKER /219/, KANSAS CITY POLICE DEPARTMENT AND CLAY CO SHERIFF'S DEPARTMENT"
798096,3200000048,Missouri State Highway Patrol-Troop A,1577836800000,200000114,1,0,1,0,Personal Injury,SALINE,NON-CITY OR UNINCORPORATED,A,1,1,Y,0,0,AT,N,CRD ORCHID AVE,RT AA,Dark-Unlighted,Fixed Object,2,,Wed     ,1,0,0,0,0,0,0,0,0,0,0,1,0,0,0,1,0,0,0,0,0,0,0,0,0,39.0147,-93.02429,0,01/01/2020,00:35:00,"CRASH OCCURRED AS VEHICLE 1 FAILED TO STOP AT THE INTERSECTION, TRAVELED OFF THE NORTH SIDE OF THE ROADWAY, AND STRUCK A DITCH. ASSISTED BY SALINE COUNTY SHERIFF'S DEPARTMENT."
836564,3200000153,Missouri State Highway Patrol-Troop A,1577836800000,200000214,1,0,0,1,Personal Injury,CARROLL,NON-CITY OR UNINCORPORATED,A,1,1,0,36,0.01,B ,W ,RT E,BRIDGE L0184,Dark-Unlighted,Fixed Object,2,,Wed     ,0,0,0,0,0,1,1,0,0,0,0,0,0,0,0,1,0,0,0,0,0,0,0,0,0,39.37884,-93.58531,0,01/01/2020,01:35:00,"CRASH OCCURRED AS VEHICLE 1 TRAVELED OFF THE RIGHT SIDE OF THE ROADWAY, STRUCK A BRIDGE, AND TRAVELED DOWN AN EMBANKMENT. ASSISTED BY CARROLL COUNTY SHERIFF'S DEPARTMENT."
1258768,3200000795,Missouri State Highway Patrol-Troop C,1577836800000,200000260,1,0,0,1,Personal Injury,ST. LOUIS,NON-CITY OR UNINCORPORATED,C,1,1,0,227,0.04,A ,W ,IS 270,ERM WEST IS 270 MILE 338,Dark-Unlighted,Fixed Object,2,,Wed     ,,,,,,0,0,0,0,0,0,0,0,0,0,,0,0,,0,0,0,0,0,0,38.76731,-90.20394,0,01/01/2020,02:12:00,"VEHICLE 1 TRAVELED OFF THE LEFT SIDE OF THE ROADWAY, STRUCK A CONCRETE TRAFFIC BARRIER, AND OVERTURNED."
1204523,3200000382,Missouri State Highway Patrol-Troop C,1577836800000,200000271,1,0,1,0,Personal Injury,PERRY,NON-CITY OR UNINCORPORATED,C,1,1,0,374,0.07,A ,W ,RT P,PVT ROADRUNNER LANE,Dark-Unlighted,Fixed Object,2,,Wed     ,1,0,0,0,0,1,1,0,0,0,0,0,0,0,0,1,0,0,0,0,0,0,0,0,0,37.71033,-89.82558,0,01/01/2020,02:21:00,"VEHICLE 1 RAN OFF THE RIGHT SIDE OF THE ROADWAY, STRUCK THE EMBANKMENT AND OVERTURNED"
1290656,3200001269,Missouri State Highway Patrol-Troop C,1577836800000,200000302,2,0,2,0,Personal Injury,ST. CHARLES,ST CHARLES,C,2,2,0,21,0,B ,E ,IS 70,CST FAIRGROUNDS RD,Dark-Lighted,Motor Vehicle in Transport,1,61,Wed     ,1,1,0,0,0,0,1,0,0,0,0,0,0,0,0,1,0,0,0,0,0,0,0,0,0,38.77087,-90.50049,0,01/01/2020,03:45:00,VEHICLE 1 WAS OVERTAKING VEHICLE 2. THE FRONT OF VEHICLE 1 STRUCK THE REAR OF VEHICLE 2. VEHICLE 2 TRAVELED OFF THE RIGHT SIDE OF THE ROADWAY AND STRUCK A WALL.
1135966,3200000328,Missouri State Highway Patrol-Troop E,1577836800000,200000307,1,0,0,1,Personal Injury,CAPE GIRARDEAU,NON-CITY OR UNINCORPORATED,E,1,1,0,100,0.02,B ,E ,MO 72,PVT INDIAN SPRINGS DRIVE,Dark-Unlighted,Fixed Object,2,,Wed     ,,,,,,1,1,0,0,0,0,0,0,0,0,,0,0,,0,0,0,0,0,0,37.38825,-89.72381,0,01/01/2020,03:50:00,"CRASH OCCURRED AS VEHICE ONE RAN OFF THE RIGHT SIDE OF THE ROADWAY AND OVERTURNED, EJECTING DRIVER."
1204524,3200000152,Missouri State Highway Patrol-Troop C,1577836800000,200000309,1,0,0,1,Personal Injury,PERRY,NON-CITY OR UNINCORPORATED,C,1,1,0,2238,0.42,A ,E ,RT P,CRD 316,Dark-Unlighted,Fixed Object,2,,Wed     ,1,0,0,0,0,1,1,0,0,0,0,0,0,0,0,1,0,0,0,0,0,0,0,0,0,37.72824,-89.79547,0,01/01/2020,03:30:00,VEHICLE 1 TRAVELED  OFF THE RIGHT SIDE OF THE ROADWAY AND STRUCK A TREE.  ASSISTED BY CPL. A. D. SMITH (1357) AND TPR. D. M. WYATT (1109).
885622,3200000002,Missouri State Highway Patrol-Troop A,1577836800000,200000333,1,0,0,1,Personal Injury,CASS,NON-CITY OR UNINCORPORATED,A,1,1,0,230,0.04,A ,E ,MO 58,CST MILLER STREET,Dark-Unlighted,Fixed Object,2,,Wed     ,0,0,0,0,0,1,1,0,0,0,0,0,0,0,0,1,0,0,0,0,0,0,0,0,0,38.78255,-94.28704,0,01/01/2020,05:50:00,"CRASH OCCURRED AS VEHICLE WAS TRAVELING WESTBOUND ON MO-58. DRIVER FELL ASLEEP AND VEHICLE TRAVELED OFF THE SOUTH SIDE OF THE ROAD, STRIKING A POWER POLE. VEHICLE CAUGHT FIRE AND CAME TO FINAL REST FACING NORTH."
1251596,3200000174,Missouri State Highway Patrol-Troop C,1577836800000,200000448,2,0,1,1,Personal Injury,FRANKLIN,NON-CITY OR UNINCORPORATED,C,1,1,0,0,0,AT,N,RT C,CRD OLD STATE ROAD,Daylight,Overturn,1,,Wed     ,0,0,0,0,1,0,0,0,0,0,0,0,0,0,0,1,0,0,0,0,0,1,0,0,0,38.45413,-91.25366,0,01/01/2020,08:40:00,"VEHICLE 1 FAILED TO NEGOTIATE A CURVE, RAN OFF THE RIGHT SIDE OF THE ROADWAY, AND OVERTURNED. ASSISTED BY MSGT. C.L. PATTON (1108)"
1250211,3200001493,Missouri State Highway Patrol-Troop C,1577836800000,200000872,3,0,1,2,Personal Injury,STE. GENEVIEVE,NON-CITY OR UNINCORPORATED,C,2,2,0,21,0,A ,E ,MO 32,CRD DORLAC RD,Daylight,Motor Vehicle in Transport,1,64,Wed     ,0,0,0,0,0,0,0,0,0,0,0,0,0,0,0,1,0,0,0,0,0,0,0,0,0,37.80917,-90.31818,0,01/01/2020,13:14:00,VEHICLE 1 ATTEMPTED TO MAKE A LEFT TURN ONTO DORLAC RD.  VEHICLE 1 CROSSED INTO THE PATH OF VEHICLE 2 CAUSING THE FRONT OF VEHICLE 2 TO STRIKE THE RIGHT SIDE OF VEHICLE 1.  ASSISTED BY TPR C.S. GERALDS (277)
1329942,3200000003,Missouri State Highway Patrol-Troop G,1577836800000,200001059,1,0,1,0,Personal Injury,HOWELL,NON-CITY OR UNINCORPORATED,G,1,1,0,2148,0.41,B ,W ,MO 14,CRD 5350,Daylight,Fixed Object,2,,Wed     ,0,0,0,0,0,0,0,1,1,0,0,0,0,0,0,0,0,0,0,0,0,0,0,0,0,36.8038,-91.99809,0,01/01/2020,15:01:00,"VEHICLE #1 RAN OFF THE RIGHT SIDE OF THE ROADWAY, STRUCK A TREE, OVERTURNED AND CAME TO REST ON ITS TOP.  ASSISTED BY PUMPKIN CENTER VOLUNTEER FIRE DEPARTMENT."
1233143,3200000268,Missouri State Highway Patrol-Troop C,1577836800000,200001145,1,0,0,1,Personal Injury,JEFFERSON,NON-CITY OR UNINCORPORATED,C,2,2,Y,0,0,AT,E ,MO 30,CRD NORTHWEST BOULEVARD,Daylight,Motor Vehicle in Transport,1,64,Wed     ,0,0,0,0,0,0,1,0,0,1,0,0,0,0,0,1,0,0,0,0,0,0,0,0,0,38.5006,-90.46088,0,01/01/2020,15:50:00,VEHICLE 1 WAS ATTEMPTING TO MAKE A LEFT TURN ONTO MISSOURI 30 FROM NORTHWEST BOULEVARD. VEHICLE 2 FAILED TO STOP AT A STEADY RED SIGNAL. THE FRONT OF VEHICLE 2 STRUCK THE FRONT OF VEHICLE 1. VEHICLE 1 SPUN AND THE REAR OF VEHICLE 2 STRUCK THE LEFT SIDE OF VEHICLE 1. VEHICLE 2 LEFT THE SCENE AND WAS LOCATED IN A PARKING LOT.
862105,3200000404,Missouri State Highway Patrol-Troop A,1577836800000,200001183,5,0,5,0,Personal Injury,LAFAYETTE,NON-CITY OR UNINCORPORATED,A,1,1,0,102,0.02,B ,W ,IS 70,ERM WEST IS 70 MILE 304,Daylight,Fixed Object,2,,Wed     ,0,0,0,0,0,0,0,1,0,0,0,0,0,0,0,1,0,0,0,0,0,0,0,0,0,39.01186,-94.08788,0,01/01/2020,16:00:00,CRASH OCCURRED AS VEHICLE 1 WAS WESTBOUND ON I-70 AND TRAVELED OFF THE SOUTH SIDE OF THE ROADWAY. DRIVER 1 OVERCORRECTED CAUSING VEHICLE 1 TO RETURN TO THE ROADWAY. DRIVER 1 OVERCORRECTED AGAIN CAUSING VEHICLE 1 TO TRAVEL BACK OFF THE SOUTH SIDE OF THE ROAD. VEHICLE 1 STRUCK A DITCH AND THEN THE CABLE BARRIER BEFORE COMING TO REST. ASSISTED BY OAK GROVE POLICE DEPARTMENT.
1152228,3200000076,Missouri State Highway Patrol-Troop E,1577836800000,200001237,2,0,1,1,Personal Injury,STODDARD,NON-CITY OR UNINCORPORATED,E,1,1,0,1056,0.2,B ,S ,MO 153,RT HH,Daylight,Overturn,2,,Wed     ,0,0,0,0,0,0,0,0,0,0,0,0,0,0,0,1,0,0,0,0,0,0,0,0,0,36.77674,-89.8084,0,01/01/2020,16:37:00,"CRASH OCCURRED AS VEHICLE 1 RAN OFF THE LEFT SIDE OF THE ROADWAY, OVERCORRECTED, AND OVERTURNED."
1025695,3200000028,Missouri State Highway Patrol-Troop D,1577836800000,200001586,2,0,2,0,Personal Injury,TANEY,NON-CITY OR UNINCORPORATED,D,2,2,0,105,0.02,B ,S ,US 65,ERM SOUTH US 65 MILE 168,Dark-Unlighted,Motor Vehicle in Transport,1,61,Wed     ,0,0,0,0,1,0,0,1,0,0,0,0,0,0,0,1,0,0,0,0,1,0,0,1,0,36.72161,-93.22078,0,01/01/2020,21:10:00,ACCIDENT OCCURRED AS VEHICLE #1 STRUCK THE REAR OF VEHICLE NUMBER #2.
1233145,3200000420,Missouri State Highway Patrol-Troop C,1577836800000,200001676,2,0,1,1,Personal Injury,JEFFERSON,NON-CITY OR UNINCORPORATED,C,1,1,0,623,0.12,B ,N,IS 55,ERM NORTH IS 55 MILE 1862,Dark-Unlighted,Fixed Object,2,,Wed     ,1,0,0,0,0,0,1,0,0,0,0,0,0,0,0,0,0,0,0,0,0,0,0,0,0,38.36219,-90.38734,0,01/01/2020,22:40:00,"VEHICLE 1 WAS TRAVELING NORTHBOUND ON INTERSTATE 55, TRAVELED OFF THE LEFT SIDE OF THE ROADWAY, AND STRUCK THE CONCRETE MEDIAN BARRIER. ASSISTED BY CPL. A. R. FLANNERY (551)."
1017123,3200000042,Missouri State Highway Patrol-Troop D,1577923200000,200001863,2,0,2,0,Personal Injury,NEWTON,JOPLIN,D,3,3,0,190,0.04,B ,S ,CST SCHIFFERDECKER AVE,CRD CROW ROAD,Daylight,Motor Vehicle in Transport,1,61,Thu     ,0,0,0,0,0,0,1,0,0,0,0,0,0,0,0,1,0,0,0,0,0,0,0,0,0,37.05247,-94.55036,0,01/02/2020,07:39:00,"VEHICLES #1 AND #2 WERE STOPPED.  VEHICLE #3 STRUCK VEHICLE #2 FROM BEHIND, CAUSING VEHICLE #2 TO STRIKE VEHICLE #1."
1038771,3200000185,Missouri State Highway Patrol-Troop I,1577923200000,200002051,1,0,1,0,Personal Injury,PULASKI,NON-CITY OR UNINCORPORATED,I,2,2,0,259,0.05,B ,E ,RT DD,CRD BANGOR RD,Daylight,Motor Vehicle in Transport,1,62,Thu     ,0,0,0,0,0,0,0,1,0,0,0,0,0,0,0,1,0,0,0,0,0,0,0,0,0,37.91508,-92.24382,0,01/02/2020,08:50:00,"VEHICLE 1 CROSSED THE CENTER OF THE ROADWAY AND STRUCK ONCOMING VEHICLE 2. AFTER IMPACT VEHICLE 2 CROSSED THE CENTER OF THE ROADWAY AND TRAVELED OFF THE LEFT SIDE OF THE ROADWAY, STRUCK A DITCH AND  PARTIALLY OVERTURNED. AFTER IMPACT VEHICLE 1 TRAVELED OFF THE LEFT SIDE OF THE ROADWAY AND STRUCK A DITCH, 2 TREES, AND A FENCE. ASSISTED BY TPR G. N. WENSEL, (1439)"
885649,3200000011,Missouri State Highway Patrol-Troop A,1577923200000,200002179,1,0,0,1,Personal Injury,CASS,NON-CITY OR UNINCORPORATED,A,2,2,0,0,0,AT,S ,MO 7,CRD 219TH ST,Daylight,Motor Vehicle in Transport,1,64,Thu     ,0,0,0,0,0,0,0,0,0,0,0,1,0,0,0,1,0,0,0,0,0,0,0,0,0,38.71907,-94.28688,0,01/02/2020,09:44:00,CRASH OCCURRED AS VEHICLE #1 FAILED TO YIELD AND STRUCK THE SIDE OF VEHICLE #2.
1329941,3200000182,Missouri State Highway Patrol-Troop G,1577923200000,200002742,1,0,1,0,Personal Injury,HOWELL,NON-CITY OR UNINCORPORATED,G,1,1,0,105,0.02,B ,E ,US 160,PVT PRIVATE,Daylight,Fixed Object,2,,Thu     ,0,0,0,0,0,0,0,1,0,0,0,0,0,0,0,0,0,0,0,0,0,0,0,0,0,36.65608,-91.92657,0,01/02/2020,14:29:00,OCCURRED AS VEHICLE #1 TRAVELED OFF OF THE RIGHT SIDE OF THE ROADWAY AND STRUCK A SIGN AFTER DRIVER FELL ASLEEP.