objectid,accident,agency,inv_date,complaint,injured,killed,min_inj,dis_inj,severity,county,city,troop,no_vehicle,motor_veh,left_scene,dist_feet,dist_mile,inter_loc,direction,on_street,at_street,light_cond,acc_type,on_off_rd,two_veh,day_week,dr_drink,dr_drug,ped_drink,ped_drug,speed,dr_under21,dr_under25,dr_over55,dr_over64,electrical,emer_veh,stop_sign,yield_sign,czone,hazmat,aggressive,cell_phone,texting,veh_defect,school_bus,truck,motorcycle,atv,pickup,cmv,gps_lat,gps_long,severity_fatal,acc_date,acc_time,narrative
1150434,3200000188,Missouri State Highway Patrol-Troop E,1577923200000,200002872,1,0,1,0,Personal Injury,PEMISCOT,NON-CITY OR UNINCORPORATED,E,3,3,0,432,0.08,B ,S ,IS 55,ERM SOUTH IS 55 MILE 204,Daylight,Motor Vehicle in Transport,1,63,Thu     ,0,0,0,0,0,1,1,0,0,0,0,0,0,0,0,0,0,0,0,0,1,0,0,1,0,36.25202,-89.72878,0,01/02/2020,15:34:00,CRASH OCCURRED AS VEHICLE 1 LOST CONTROL AND STRUCK VEHICLE 2.  VEHICLE 2 THEN STRUCK VEHICLE 3.
1212156,3200002096,Missouri State Highway Patrol-Troop C,1577923200000,200003069,1,0,0,1,Personal Injury,WASHINGTON,NON-CITY OR UNINCORPORATED,C,2,2,Y,5280,1,B ,N,RT U,RT M SJ,Dark-Unlighted,Motor Vehicle in Transport,1,62,Thu     ,0,0,0,0,0,0,0,1,1,0,0,0,0,0,0,1,0,0,0,0,1,0,0,1,1,37.81379,-90.67576,0,01/02/2020,17:20:00,VEHICLE 1 WAS TRAVELING NORTHBOUND. VEHICLE 2 WAS TRAVELING SOUTHBOUND. VEHICLE 2 FAILED TO MAINTAIN A LANE AND THE TOWED UNIT OF VEHICLE 2 STRUCK THE DRIVER SIDE FRONT OF VEHICLE 1.
1258767,3200001034,Missouri State Highway Patrol-Troop C,1577923200000,200003090,1,0,1,0,Personal Injury,ST. LOUIS,NON-CITY OR UNINCORPORATED,C,1,1,0,89,0.02,A ,E ,IS 70,RP 6386 WJ,Dark-Unlighted,Fixed Object,2,,Thu     ,0,0,0,0,1,0,0,0,0,0,0,0,0,0,0,1,0,0,0,0,0,0,0,0,0,38.75102,-90.44652,0,01/02/2020,17:30:00,"VEHICLE 1 WAS TRAVELING ON I-70 EASTBOUND WEST OF I-270 IN LANE 2, VEHICLE 1 AVOIDED ANOTHER VEHICLE AHEAD OF IT AND BEGAN TO SKID. VEHICLE 1 TRAVELED OFF THE LEFT SIDE OF THE ROADWAY, STRIKING THE CENTER MEDIAN WITH ITS FRONT AND REAR."
1248457,3200000987,Missouri State Highway Patrol-Troop C,1577923200000,200003115,1,1,0,1,Fatal,ST. LOUIS,ST JOHN,C,2,2,0,0,0,AT,E ,MO 180,CST ORLANDO AVE,Dark-Lighted,Motor Vehicle in Transport,1,64,Thu     ,0,0,0,0,1,0,0,0,0,0,0,1,0,0,0,1,0,0,0,0,0,1,0,0,0,38.71335,-90.35517,1,01/02/2020,17:30:00,FATALITY REPORT - VEHICLE 2 WAS TRAVELING EAST ON ST CHARLES ROCK ROAD. VEHICLE 1 WAS TRAVELING NORTH ON ORLANDO PLAZA. VEHICLE 1 ATTEMPTED TO MAKE A LEFT TURN ONTO ST CHARLES ROCK ROAD. VEHICLE 2 FAILED TO YIELD AND THE FRONT OF VEHICLE 2 STRUCK THE LEFT SIDE OF VEHICLE 1. DRIVER 2 WAS PRONOUNCED ON SCENE AT 1748 HOURS BY COMMUNITY EMS PERSONNEL. ASSISTED BY CORPORAL Z.S. WANG (1392).
1285643,3200001052,Missouri State Highway Patrol-Troop C,1577923200000,200003321,1,0,0,1,Personal Injury,ST. FRANCOIS,NON-CITY OR UNINCORPORATED,C,1,1,0,638,0.12,A ,N,US 67,CRD HILDEBRECHT RD,Dark-Unlighted,Pedestrian,1,,Thu     ,0,0,0,0,0,0,0,0,0,0,0,0,0,0,0,0,0,0,0,0,1,0,0,1,0,37.73986,-90.43871,0,01/02/2020,20:17:00,"VEHICLE 1 WAS NORTHBOUND ON US 67.  PEDESTRIAN 1 WAS WALKING WESTBOUND IN LANE #2 OF US 67, PEDESTRIAN 1'S BACK TO HIS VEHICLE IN LANE 1, WHICH WAS INVOLVED IN A PRIOR CRASH.  DRIVER 1 WAS UNABLE TO SEE THE PEDESTRIAN AND STRUCK THE PEDESTRIAN WITH THE FRONT OF THE VEHICLE. ASSISTED BY TPR. B. M. BREEDLOVE (157)."
851946,3200000810,Missouri State Highway Patrol-Troop A,1578009600000,200003739,3,0,1,2,Personal Injury,CLAY,EXCELSIOR SPRINGS,A,2,2,0,0,0,AT,S ,US 69,CRD CAMERON RD,Dark-Unlighted,Motor Vehicle in Transport,1,64,Fri     ,0,0,0,0,0,0,1,0,0,0,0,1,0,0,0,1,0,0,0,0,0,0,0,0,0,39.3244,-94.29094,0,01/03/2020,06:50:00,"CRASH OCCURRED AS VEHICLE1 PULLED IN FRONT OF VEHICLE2, CAUSING VEH2 TO ROLL OVER AND CATCH FIRE.  ASSISTED BY CPL. J.D. HALL/1334/"
1006547,3200000187,Missouri State Highway Patrol-Troop D,1578009600000,200003794,1,0,1,0,Personal Injury,WEBSTER,NON-CITY OR UNINCORPORATED,D,2,2,0,1261,0.24,A ,S ,CRD WHITE OAK RD,CRD DELZELL WOODS RD,Daylight,Motor Vehicle in Transport,1,64,Fri     ,0,0,0,0,0,0,0,1,0,0,0,0,0,0,0,1,0,0,0,0,0,0,0,0,0,37.12505,-93.02805,0,01/03/2020,07:30:00,VEHICLE #1 CROSSED THE CENTER LINE AND STRUCK VEHICLE #2.
954380,3200000030,Missouri State Highway Patrol-Troop D,1578009600000,200003907,1,0,0,1,Personal Injury,GREENE,NON-CITY OR UNINCORPORATED,D,1,1,0,427,0.08,A ,W ,US 60,CRD HARMONY AVE,Daylight,Fixed Object,2,,Fri     ,0,0,0,0,0,0,1,0,0,0,0,0,0,0,0,1,0,0,0,0,0,0,0,0,0,37.11985,-93.16642,0,01/03/2020,08:35:00,OCCURRED AS VEHICLE #1 DROVE OF RIGHT SIDE OF THE ROAD AND OVERTURNED.
1155454,3200000056,Missouri State Highway Patrol-Troop E,1578009600000,200004163,1,0,1,0,Personal Injury,SCOTT,NON-CITY OR UNINCORPORATED,E,3,3,0,21,0,A ,N,IS 55,ERM NORTH IS 55 MILE 830,Daylight,Motor Vehicle in Transport,1,61,Fri     ,0,0,0,0,0,1,1,1,0,0,0,0,0,0,0,1,0,0,0,0,1,0,0,1,0,37.11819,-89.53643,0,01/03/2020,10:35:00,CRASH OCCURRED AS VEHICLE ONE SLOWED DUE TO VEHICLES STOPPED ON THE SHOULDER OF THE ROADWAY  AND WAS STRUCK IN THE REAR BY VEHICLE TWO. VEHICLE TWO WAS STRUCK IN THE REAR BY VEHICLE THREE.
1181243,3200000211,Missouri State Highway Patrol-Troop B,1578009600000,200004259,1,0,1,0,Personal Injury,RANDOLPH,MOBERLY,B,1,1,0,2112,0.4,A ,S ,US 63,CRD 1415,Daylight,Fixed Object,2,,Fri     ,0,0,0,0,0,0,0,0,0,0,0,0,0,0,0,0,0,0,0,0,0,0,0,0,1,39.46238,-92.43525,0,01/03/2020,11:20:00,"DRIVER EXPERIENCED A MEDICAL ISSUE, TRAVELED OFF THE LEFT SIDE OF THE ROADWAY, CROSSED THE MEDIAN, CROSSED THE NORTHBOUND LANE OF US-63, RAN OFF THE LEFT SIDE OF THE ROADWAY, STRUCK AN EMBANKMENT AND OVERTURNED. ASSISTED BY TPR. RUCKENBROD #802, TPR. PETERSON #1280, TPR. GRUBAUGH #1367, MOBERLY POLICE DEPARTMENT, MOBERLY FIRE DEPARTMENT AND THE RANDOLPH COUNTY AMBULANCE."
1233146,3200003454,Missouri State Highway Patrol-Troop C,1578009600000,200004470,1,0,1,0,Personal Injury,JEFFERSON,NON-CITY OR UNINCORPORATED,C,1,1,0,300,0.06,A ,E ,RT PP,PVT WALNUT VALLEY LN,Daylight,Fixed Object,2,,Fri     ,0,0,0,0,0,0,0,0,0,0,0,0,0,0,0,1,0,0,0,0,0,0,0,0,0,38.45717,-90.55897,0,01/03/2020,13:10:00,VEHICLE 1 TRAVELED OFF OF THE  RIGHT SIDE OF THE ROADWAY AND HIT A POLE AND OVERTURNED.
1300426,3200001006,Missouri State Highway Patrol-Troop C,1578009600000,200004520,0,1,0,0,Fatal,ST. CHARLES,WENTZVILLE,C,1,1,0,5280,1,A ,W ,IS 70,CST WENTZVILLE PARKWAY,Daylight,Overturn,2,,Fri     ,0,1,0,0,1,0,0,0,0,0,0,0,0,0,0,1,0,0,0,0,0,0,0,0,0,38.80456,-90.89167,1,01/03/2020,13:35:00,"FATALITY REPORT - DRIVER 1 LOST CONTROL OF VEHICLE 1, RAN OFF OF THE RIGHT SIDE OF THE ROADWAY, AND OVERTURNED MULTIPLE TIMES. THE REAR OF VEHICLE 1 STRUCK A TREE. DRIVER 1 PRONOUNCED AT 1357 HOURS BY ST. CHARLES COUNTY EMS PERSONNEL. ASSISTED BY TPR. K. K. BECHAUD (163) AND TPR. C. A. VOLLE (738)."
1155453,3200000286,Missouri State Highway Patrol-Troop E,1578009600000,200004694,1,0,1,0,Personal Injury,SCOTT,NON-CITY OR UNINCORPORATED,E,2,2,0,2640,0.5,B ,S ,RT Z,CRD 476,Daylight,Motor Vehicle in Transport,1,64,Fri     ,0,0,0,0,0,0,0,0,0,0,0,0,0,0,0,1,0,0,0,0,0,0,0,0,1,36.91075,-89.68391,0,01/03/2020,14:50:00,CRASH OCCURRED AS VEHICLE 1 SWERVED INTO THE PATH OF VEHICLE 2.
923957,3200000236,Missouri State Highway Patrol-Troop D,1578009600000,200005079,2,0,2,0,Personal Injury,LAWRENCE,AURORA,D,2,2,0,73,0.01,B ,S ,MO 39,CST UNION ST,Dark-Unlighted,Motor Vehicle in Transport,1,61,Fri     ,0,0,0,0,1,0,0,0,0,1,0,0,0,0,0,1,0,0,0,0,1,0,0,1,0,36.95671,-93.71833,0,01/03/2020,17:55:00,"VEHICLE #1 WAS ACTIVELY FLEEING FROM LAW ENFORCEMENT AT A HIGH RATE OF SPEED, LOST CONTROL AND STRUCK VEHICLE #2 IN THE REAR."
1038461,3200000130,Missouri State Highway Patrol-Troop I,1578009600000,200005086,2,0,2,0,Personal Injury,MARIES,NON-CITY OR UNINCORPORATED,I,2,2,0,0,0,AT,S ,MO 133,MO 52,Dark-Unlighted,Motor Vehicle in Transport,1,64,Fri     ,0,0,0,0,0,0,1,0,0,0,0,1,0,0,0,1,0,0,0,0,1,0,0,1,0,38.2843,-92.15847,0,01/03/2020,18:00:00,OCCURRED AS VEH 1 FAILED TO STOP AT A SIGN. VEH 1 STRUCK VEH 2.
1038462,3200000712,Missouri State Highway Patrol-Troop I,1578009600000,200005336,1,0,1,0,Personal Injury,MARIES,NON-CITY OR UNINCORPORATED,I,1,1,0,269,0.05,A ,W ,MO 28,CRD CLYDE HONSE DR,Dark-Unlighted,Fixed Object,2,,Fri     ,0,0,0,0,0,0,1,0,0,0,0,0,0,0,0,0,0,0,0,0,0,0,0,0,0,38.14224,-91.93948,0,01/03/2020,20:15:00,"CRASH OCCURRED AS VEHICLE 1 TRAVELED OFF THE  RIGHT SIDE OF ROADWAY, STRUCK A  FENCE AND A TREE"
1258877,3200001086,Missouri State Highway Patrol-Troop C,1578096000000,200005837,1,0,1,0,Personal Injury,ST. LOUIS,NON-CITY OR UNINCORPORATED,C,1,1,0,126,0.02,B ,S ,IS 255,ERM EAST IS 255 MILE 06,Dark-Lighted,Fixed Object,2,,Sat     ,1,0,0,0,0,0,0,0,0,0,0,0,0,0,0,1,0,0,0,0,0,0,0,0,0,38.5024,-90.32851,0,01/04/2020,01:04:00,VEHICLE 1 TRAVELED OFF THE ROADWAY AND STRUCK A ROCK BLUFF. ASSISTED BY TPR S T ROETTGER (1429)
1065048,3200000252,Missouri State Highway Patrol-Troop I,1578096000000,200006302,1,0,1,0,Personal Injury,LACLEDE,NON-CITY OR UNINCORPORATED,I,2,2,0,5280,1,B ,N,RT B,CRD EVANSTON RD,Daylight,Motor Vehicle in Transport,1,67,Sat     ,0,0,0,0,0,0,0,1,0,0,0,0,0,0,0,0,0,0,1,0,1,0,0,1,0,37.62205,-92.55886,0,01/04/2020,10:21:00,OCCURRED AS REAR DRIVER SIDE TIRE CAME OFF VEHICLE 2 AND VEHICLE 1 STRUCK THE TIRE.
1503838,3200000365,Missouri State Highway Patrol-Troop H,1578096000000,200006713,4,0,4,0,Personal Injury,BUCHANAN,ST JOSEPH,H,2,2,0,533,0.1,A ,S ,IS 29,ERM SOUTH IS 29 MILE 470,Daylight,Motor Vehicle in Transport,1,61,Sat     ,0,0,0,0,0,0,0,0,0,0,0,0,0,0,0,1,0,0,0,0,1,0,0,1,0,39.76149,-94.79151,0,01/04/2020,13:35:00,"CRASH OCCURRED AS VEH 1 AND VEH 2 WERE TRAVELING SOUTHBOUND ON I-29. VEH 1 SLOWED FOR TRAFFIC WHEN VEH 2 FAILED TO SLOW AND STRUCK VEH 1 IN THE REAR. VEH 1 CAME TO REST ON ITS WHEELS ON THE EAST SIDE OF THE ROADWAY FACING WEST. VEH 2 CAME TO A CONTROLLED STOP ON THE WEST SHOULDER FACING SOUTH. ASSISTED BY TPR. J.H. HIRNER (819), BUCHANAN COUNTY SHERIFF'S OFFICE, BUCHANAN COUNTY EMS AND ST JOSEPH FIRE."
939982,3200000280,Missouri State Highway Patrol-Troop D,1578096000000,200006906,0,1,0,0,Fatal,CHRISTIAN,NON-CITY OR UNINCORPORATED,D,1,1,0,92,0.02,A ,S ,CRD METZLETEIN,CRD OLD WIRE,Daylight,Overturn,2,,Sat     ,0,0,0,0,0,0,0,1,1,0,0,0,0,0,0,1,0,0,0,0,0,0,0,0,0,37.01656,-93.50076,1,01/04/2020,14:50:00,"FATALITY CRASH - NEXT OF KIN NOTIFIED - THIS IS TROOP D'S 1ST FATALITY FOR 2020 CRASH OCCURRED AS VEHICLE # 1 TRAVELED OFF THE ROADWAY, STRUCK A TREE AND OVERTURNED. SUBJECT WAS PRONOUNCED DECEASED AT 1642 HOURS PRONOUNCED BY DR JONATHAN VASHAW AT COX SOUTH HOSPITAL"
1040559,3200000367,Missouri State Highway Patrol-Troop I,1578096000000,200006924,1,0,1,0,Personal Injury,CRAWFORD,NON-CITY OR UNINCORPORATED,I,1,1,0,385,0.07,B ,W ,IS 44,ERM WEST IS 44 MILE 2136,Daylight,Fixed Object,2,,Sat     ,0,0,0,0,1,0,0,1,0,0,0,0,0,0,0,1,0,0,0,0,0,0,0,0,0,38.11455,-91.32677,0,01/04/2020,15:24:00,"VEHICLE 1 WAS TRAVELING AT A HIGH RATE OF SPEED.  DRIVER LOST CONTROL OF THE VEHICLE, CAUSING IT TO TRAVEL OFF THE LEFT SIDE OF THE ROAD, STRIKING THE CABLE MEDIAN BARRIER."
1281195,3200000105,Missouri State Highway Patrol-Troop C,1578096000000,200007276,1,0,1,0,Personal Injury,ST. LOUIS,HAZELWOOD,C,2,2,0,390,0.07,B ,E ,IS 270,ERM NORTH IS 270 MILE 232,Dark-Unlighted,Motor Vehicle in Transport,1,61,Sat     ,0,0,0,0,0,1,1,0,0,0,0,0,0,0,0,1,0,0,0,0,0,0,0,0,0,38.77398,-90.39748,0,01/04/2020,18:05:00,VEHICLE 1 SLOWED DUE TO A TRAFFIC CRASH AHEAD. VEHICLE 2 WAS FOLLOWING TOO CLOSELY. THE FRONT RIGHT OF VEHICLE 2 STRUCK THE LEFT REAR OF VEHICLE 1. ASSISTED BY CPL. Z. S. WANG (1392) AND TPR. A. D. BAKER (151).
1320614,3200000722,Missouri State Highway Patrol-Troop G,1578096000000,200007328,2,0,2,0,Personal Injury,TEXAS,NON-CITY OR UNINCORPORATED,G,2,2,0,2175,0.41,B ,W ,US 60,RP 904221,Dark-Unlighted,Motor Vehicle in Transport,1,61,Sat     ,0,0,0,0,0,0,1,1,0,0,0,0,0,0,0,0,0,0,0,0,0,0,0,0,0,37.14486,-92.18051,0,01/04/2020,19:14:00,VEH #1 OVERTOOK VEH #2 AND STRUCK VEH #2 IN THE REAR.
1329972,3200000296,Missouri State Highway Patrol-Troop G,1578096000000,200007489,1,0,0,1,Personal Injury,HOWELL,NON-CITY OR UNINCORPORATED,G,1,1,0,60,0.01,B ,S ,CRD 6070,US 160 SJ,Dark-Unlighted,Fixed Object,2,,Sat     ,1,0,0,0,1,0,1,0,0,0,0,0,0,0,0,1,0,0,0,0,0,0,0,0,0,36.68243,-91.89548,0,01/04/2020,20:57:00,VEH #1 RAN OFF ROADWAY AND OVERTURNED.  ASSISTED BY TPR. T. D. POND (1427).
1257075,3200000762,Missouri State Highway Patrol-Troop C,1578096000000,200007645,1,0,0,1,Personal Injury,JEFFERSON,FESTUS,C,1,1,0,279,0.05,A ,S ,RP 109,IS 55,Dark-Unlighted,Overturn,1,,Sat     ,0,0,0,0,1,0,0,0,0,0,0,0,0,0,0,1,0,0,0,0,0,0,0,0,1,38.19953,-90.40265,0,01/04/2020,22:20:00,"VEHICLE 1 WAS TRAVELING SOUTHBOUND ON I-55 AND ATTEMPTED TO EXIT ON US 67 SOUTHBOUND. VEHICLE 1 WAS TRAVELING TOO FAST FOR CONDITIONS, TRAVELED OFF THE LEFT SIDE OF THE ROADWAY, AND OVERTURNED. ASSISTED BY CPL. J. R. BARLOW (774), TPR. D. A. CROWELL (414) AND TPR. D. A. NORTON (364). CORRECTED REPORT"
1190798,3200000141,Missouri State Highway Patrol-Troop B,1578182400000,200007854,2,0,1,1,Personal Injury,MARION,NON-CITY OR UNINCORPORATED,B,1,1,0,2043,0.39,A ,S ,CRD 329,CRD 333,Dark-Unlighted,Fixed Object,2,,Sun     ,0,0,0,0,1,1,1,0,0,0,0,0,0,0,0,1,0,0,0,0,0,0,0,0,0,39.81613,-91.54509,0,01/05/2020,00:15:00,"VEHICLE 1 FAILED TO NEGOTIATE A CURVE, RAN OFF THE LEFT SIDE OF THE ROADWAY AND STRUCK A DITCH.  ASSISTED BY THE MARION COUNTY SHERIFF'S DEPARTMENT AND PALMYRA FIRE."
1212159,3200001924,Missouri State Highway Patrol-Troop C,1578182400000,200007981,1,0,0,1,Personal Injury,WASHINGTON,NON-CITY OR UNINCORPORATED,C,1,1,0,4224,0.8,B ,E ,RT AA,MO 185,Dark-Unlighted,Fixed Object,2,,Sun     ,1,0,0,0,0,1,1,0,0,0,0,0,0,0,0,0,0,0,0,0,0,0,0,0,0,37.95441,-90.82414,0,01/05/2020,02:51:00,"VEHICLE 1 WAS TRAVELING WESTBOUND ON ROUTE AA, TRAVELED OFF THE LEFT SIDE OF THE ROADWAY, STRUCK A UTILITY POLE, AND OVERTURNED, PARTIALLY EJECTING DRIVER 1. ASSISTED BY CPL. B. M. BEARD (254)."
1152227,3200000407,Missouri State Highway Patrol-Troop E,1578182400000,200008014,1,0,1,0,Personal Injury,STODDARD,NON-CITY OR UNINCORPORATED,E,1,1,0,0,0,AT,E ,RT H,MO 25,Dark-Unlighted,Fixed Object,2,,Sun     ,1,0,0,0,0,0,0,0,0,0,0,1,0,0,0,1,0,0,0,0,1,0,0,1,0,36.73086,-89.96516,0,01/05/2020,05:45:00,"STATE PROPERTY DAMAGE. VEHICLE 1 FAILED TO STOP AT STOP SIGN, STRUCK A CABLE BARRIER, FOUR POSTS, AND AN EMBANKMENT."
1204508,3200000243,Missouri State Highway Patrol-Troop C,1578182400000,200008034,0,1,0,0,Fatal,PERRY,NON-CITY OR UNINCORPORATED,C,1,1,0,1415,0.27,B ,N,MO 51,PVT KIEFER LANE,Dark-Unlighted,Fixed Object,2,,Sun     ,0,0,0,0,1,0,0,0,0,0,0,0,0,0,0,1,0,0,0,0,0,0,0,0,0,37.68277,-89.91788,1,01/05/2020,06:50:00,"FATALITY REPORT - VEHICLE 1 RAN OFF THE RIGHT SIDE OF THE ROADWAY AND STRUCK A TREE. PRONOUNCED ON SCENE BY PERRY COUNTY CORONER BILL BOHNERT AT 0700 HOURS. ASSISTED BY CPL. B.J. FOWLER (289), TPR. C.A. GROVES (348), AND TPR. T.J. STRAATMANN (959)"
885650,3200000102,Missouri State Highway Patrol-Troop A,1578182400000,200008090,1,0,1,0,Personal Injury,CASS,NON-CITY OR UNINCORPORATED,A,1,1,0,1584,0.3,B ,S ,MO 7,CRD CHANDLER ROAD,Daylight,Fixed Object,2,,Sun     ,0,0,0,0,0,0,0,1,0,0,0,0,0,0,0,1,0,0,0,0,0,0,0,0,0,38.51781,-94.1362,0,01/05/2020,07:47:00,"CRASH OCCURRED AS VEH1 TRAVELED OFF THE RIGHT SIDE OF THE ROADWAY, STRUCK AN EMBANKMENT, VAULTED OVER A DRIVEWAY, AND STRUCK A METAL BUILDING."
1251595,3200000094,Missouri State Highway Patrol-Troop C,1578182400000,200008161,2,0,1,1,Personal Injury,FRANKLIN,NON-CITY OR UNINCORPORATED,C,2,2,0,0,0,AT,E ,NOR 44,CRD WESTRIDGE ROAD,Daylight,Motor Vehicle in Transport,1,60,Sun     ,0,0,0,0,0,0,0,1,1,0,0,0,0,0,0,1,0,0,0,0,0,0,0,0,0,38.48894,-90.79588,0,01/05/2020,08:48:00,VEHICLE 1 WAS TRAVELING WESTBOUND AND VEHICLE 2 WAS EASTBOUND. VEHICLE 1 CROSSED THE CENTER LINE OF THE  ROADWAY AND STRUCK THE FRONT OF VEHICLE 2.
1212161,3200001051,Missouri State Highway Patrol-Troop C,1578182400000,200008752,1,0,1,0,Personal Injury,WASHINGTON,NON-CITY OR UNINCORPORATED,C,2,2,0,140,0.03,A ,S ,MO 21,CRD THOMLINSON RD,Daylight,Fixed Object,2,,Sun     ,0,0,0,0,0,0,0,0,0,0,0,0,0,0,0,0,0,0,0,0,0,0,0,0,0,37.99513,-90.76562,0,01/05/2020,13:50:00,"VEHICLE 1 WAS TRAVELING SOUTHBOUND ON MISSOURI 21.  DRIVER 1 WAS DISTRACTED BY CROSSING TRAFFIC AND FAILED TO OBSERVE THE ROADWAY AHEAD.  VEHICLE 1 TRAVELED OFF THE EAST ROAD EDGE, AND WENT AIRBORNE.  VEHICLE 1 CAME TO REST OFF THE EAST ROAD EDGE"
944279,3200000556,Missouri State Highway Patrol-Troop D,1578182400000,200008803,1,0,0,1,Personal Injury,JASPER,JOPLIN,D,1,1,0,16,0,A ,W ,IS 44,ERM WEST IS 44 MILE 112,Daylight,Overturn,2,,Sun     ,0,0,0,0,1,0,1,0,0,0,0,0,0,0,0,1,0,0,0,0,0,0,0,0,0,37.05779,-94.43832,0,01/05/2020,14:18:00,"NR1 TRAVELING AT A HIGH RATE OF SPEED, LOST CONTROL, RAN OFF ROADWAY AND OVERTURNED THREE TIMES. DRIVER NR1 WAS EJECTED."
1212160,3200000844,Missouri State Highway Patrol-Troop C,1578182400000,200008956,1,0,0,1,Personal Injury,WASHINGTON,NON-CITY OR UNINCORPORATED,C,2,2,0,9,0,B ,W ,PVT WOODLAND DR,PVT W BURR OAK DR,Daylight,Motor Vehicle in Transport,1,61,Sun     ,0,0,0,0,0,0,0,0,0,0,0,0,0,0,0,1,0,0,0,0,0,0,1,0,0,38.107,-91.07024,0,01/05/2020,15:25:00,VEHICLE 1 WAS FOLLOWING VEHICLE 2 TRAVELING NORTH ON WOODLAND DRIVE.  VEHICLE 1 WAS FOLLOWING VEHICLE 2 TOO CLOSELY.  VEHICLE 2 SLOWED FOR A DOG THAT ENTERED THE ROADWAY.  VEHICLE 1 STRUCK THE REAR OF VEHICLE 2 CAUSING DRIVER 1 TO BE EJECTED FROM THE VEHICLE.  VEHICLE 1 CAME TO REST OFF THE WEST ROAD EDGE. ASSISTED BY MSGT D. F. ISRINGHAUSEN (1335)
1301504,3200000967,Missouri State Highway Patrol-Troop C,1578182400000,200009221,1,0,0,1,Personal Injury,ST. CHARLES,NON-CITY OR UNINCORPORATED,C,2,2,0,1150,0.22,A ,E ,MO 370,CST MAIN ST,Dark-Unlighted,Motor Vehicle in Transport,1,61,Sun     ,0,0,0,0,1,0,0,1,0,0,0,0,0,0,0,1,0,0,0,0,0,1,0,0,0,38.79877,-90.46804,0,01/05/2020,17:35:00,"VEHICLES 1 AND 2 WERE TRAVELING IN LANE 2 OF 3. VEHICLE 1 WAS  FOLLOWED BY VEHICLE 2.  DRIVER 2 WAS FOLLOWING TOO CLOSE AND FAILED TO SLOW FOR TRAFFIC AHEAD. THE FRONT OF VEHICLE 2 STRUCK THE REAR OF VEHICLE 1. VEHICLE 2 TRAVELED OFF RIGHT SIDE OF ROADWAY AND STRUCK CONCRETE BARRIER. VEHICLE 2 OVERTURNED, EJECTING DRIVER 2."
1135969,3200001026,Missouri State Highway Patrol-Troop E,1578182400000,200009284,1,0,1,0,Personal Injury,CAPE GIRARDEAU,NON-CITY OR UNINCORPORATED,E,2,2,0,105,0.02,A ,N,MO 177,CRD 609,Daylight,Motor Vehicle in Transport,1,64,Sun     ,0,0,0,0,0,0,1,0,0,0,0,0,0,0,0,1,0,0,0,0,1,1,0,1,0,37.47338,-89.56107,0,01/05/2020,16:45:00,CRASH OCCURRED AS VEHICLE 2 WAS ATTEMPTING TO PASS VEHICLE 1 WHEN VEHICLE 1 BEGAN TO MAKE A LEFT TURN.  VEHICLE 2 THEN STRUCK VEHICLE 1.
1503302,3200002607,Missouri State Highway Patrol-Troop H,1578182400000,200009372,3,2,2,1,Fatal,CALDWELL,NON-CITY OR UNINCORPORATED,H,1,1,0,1584,0.3,B ,W ,CRD SW PRICE DR,CRD SW JERSEY RD,Dark-Unlighted,Fixed Object,2,,Sun     ,0,0,0,0,1,1,1,0,0,0,0,0,0,0,0,1,0,0,0,0,0,0,0,0,0,39.5253,-94.05307,1,01/05/2020,19:18:00,"***FATALITY CRASH *** NEXT OF KIN NOTIFIED -  CRASH OCCURRED AS VEHICLE 1 WAS EASTBOUND ON PRICE DRIVE. VEHICLE 1 SKIDDED ON THE GRAVEL RD AND TRAVELED OFF THE LEFT SIDE OF THE ROADWAY. VEHICLE 1 STRUCK A DITCH AND BECAME AIRBORNE. VEHICLE 1 TRAVELED THROUGH A FENCE AND OVERTURNED TWICE COMING TO REST ON ITS TOP FACING WEST. CALDWELL COUNTY CORONER DANA BROWN PRONOUNCED OCCUPANTS DECEASED AT THE SCENE AT 1956 HOURS ON 01/05/2020 ASSISTED BY SGT. J.M. TOAL (967), CPL. D.J. KLINE (765), TPR. J.J. THOMPSON (1414) AND CALDWELL COUNTY SHERIFF'S OFFICE."
1177868,3200000398,Missouri State Highway Patrol-Troop F,1578182400000,200009444,2,0,1,1,Personal Injury,CAMDEN,NON-CITY OR UNINCORPORATED,F,1,1,0,755,0.14,B ,S ,RT D,CRD JACK NORTH,Dark-Unlighted,Fixed Object,2,,Sun     ,1,0,0,0,1,0,1,0,0,0,0,0,0,0,0,1,0,0,0,0,0,0,0,0,0,37.9685,-92.79785,0,01/05/2020,20:25:00,"OCCURRED AS DRIVER 1 REPORTEDLY SWERVED TO AVOID A DEER, TRAVELED OFF THE RIGHT SIDE OF THE ROAD AND STRUCK SEVERAL TREES.  ASSISTED BY TPR. S. W. MAHANEY (921)"
1233252,3200000417,Missouri State Highway Patrol-Troop C,1578182400000,200009534,1,0,0,1,Personal Injury,JEFFERSON,NON-CITY OR UNINCORPORATED,C,1,1,0,279,0.05,A ,S ,CRD OLD SUGAR CREEK RD,PVT ALS LN,Dark-Unlighted,Overturn,1,,Sun     ,0,0,0,0,0,0,1,0,0,0,0,0,0,0,0,1,0,0,0,0,0,0,0,0,0,38.47491,-90.48067,0,01/05/2020,21:38:00,VEHICLE 1 TRAVELED OFF THE RIGHT SIDE OF THE ROADWAY AND OVERTURNED.