objectid,accident,agency,inv_date,complaint,injured,killed,min_inj,dis_inj,severity,county,city,troop,no_vehicle,motor_veh,left_scene,dist_feet,dist_mile,inter_loc,direction,on_street,at_street,light_cond,acc_type,on_off_rd,two_veh,day_week,dr_drink,dr_drug,ped_drink,ped_drug,speed,dr_under21,dr_under25,dr_over55,dr_over64,electrical,emer_veh,stop_sign,yield_sign,czone,hazmat,aggressive,cell_phone,texting,veh_defect,school_bus,truck,motorcycle,atv,pickup,cmv,gps_lat,gps_long,severity_fatal,acc_date,acc_time,narrative
807692,3200000892,Missouri State Highway Patrol-Troop A,1578441600000,200015460,2,0,2,0,Personal Injury,JACKSON,RIVER BEND,A,2,2,0,0,0,AT,W ,MO 210,RP 5901,Dark-Lighted,Motor Vehicle in Transport,1,64,Wed     ,0,0,0,0,0,1,1,0,0,1,0,0,0,0,0,1,0,0,0,0,1,0,0,1,0,39.185,-94.3962,0,01/08/2020,18:20:00,CRASH OCCURRED AS VEH 1 WAS TURNING TO MERGE ONTO NORTHBOUND M 291 AND PULLED INTO THE PATH OF VEH 2. ASSISTED BY TPR D M SMITH /1368/
1251720,3200000403,Missouri State Highway Patrol-Troop C,1578441600000,200015471,1,0,1,0,Personal Injury,FRANKLIN,NON-CITY OR UNINCORPORATED,C,1,1,0,1298,0.25,A ,N,CRD POTTERY RD,CRD STONE GATE DR,Dark-Unlighted,Fixed Object,2,,Wed     ,0,0,0,0,1,1,1,0,0,0,0,0,0,0,0,1,0,0,0,0,0,0,0,0,0,38.53341,-91.04095,0,01/08/2020,18:29:00,"VEHICLE 1 LOST CONTROL OF A VEHICLE ON A CURVE, TRAVELED OFF THE RIGHT SIDE OF THE ROAD AND STRUCK TWO DRIVEWAYS."
823010,3200000780,Missouri State Highway Patrol-Troop A,1578441600000,200015558,1,0,0,1,Personal Injury,BENTON,NON-CITY OR UNINCORPORATED,A,1,1,0,2640,0.5,A ,N,RT M,RT V,Dark-Unlighted,Fixed Object,2,,Wed     ,0,0,0,0,0,0,0,0,0,0,0,0,0,0,0,0,0,0,0,0,1,0,0,1,0,38.21366,-93.21791,0,01/08/2020,19:10:00,"CRASH OCCURRED AS VEHICLE 1 RAN OFF THE RIGHT SIDE OF THE ROAD STUCK TWO MODOT SIGNS, STUCK ANOTHER SIGN AND OVERTURNED COMING TO REST ON DRIVERS SIDE.  ASSISTED BY BENTON COUNTY DEPUTIES."
969147,3200000274,Missouri State Highway Patrol-Troop D,1578441600000,200015581,4,0,4,0,Personal Injury,BARRY,NON-CITY OR UNINCORPORATED,D,2,2,0,26,0,B ,N,MO 37,CRD 2060,Dark-Unlighted,Motor Vehicle in Transport,1,61,Wed     ,0,0,0,0,0,0,1,0,0,0,0,0,0,0,0,1,0,0,0,0,0,0,0,0,0,36.84128,-93.92091,0,01/08/2020,19:36:00,NBR 2 WAS SLOWING TO MAKE A LEFT TURN AND NBR 1 STRUCK NBR 2 IN THE REAR.
1177891,3200001813,Missouri State Highway Patrol-Troop F,1578441600000,200015803,2,1,0,2,Fatal,CAMDEN,NON-CITY OR UNINCORPORATED,F,1,1,0,2624,0.5,A ,S ,RT Z,CRD COFFMAN BEND DR,Dark-Unlighted,Pedestrian,1,,Wed     ,0,0,0,0,0,0,0,1,0,0,0,0,0,0,0,0,0,0,0,0,1,0,0,1,0,38.13554,-93.00409,1,01/08/2020,21:48:00,"***FATALITY ACCIDENT***  NEXT OF KIN NOTIFIED*** - OCCURRED AS VICTIM 1 EXITED HIS VEHICLE AND WAS IN THE ROADWAY, VICTIM 2 OBSERVED VICTIM 1, PULLED OVER, AND EXITED HIS VEHICLE IN AN ATTEMPT TO ASSIST VICTIM 1. VICTIM 3 OBSERVED VICTIMS 1 AND 2, ALSO STOPPED TO TRY AND ASSIST. VEHICLE 1 STRUCK ALL SUBJECTS. PRONOUNCED BY MEDICAL EXAMINER CRYSTAL LLOYD AT 2252 AT THE SCENE. THIS IS TROOP F'S 1ST FATALITY FOR JANUARY AND THE 1ST FOR 2020. ASSISTED BY CPL B. J. BLANKENBEKER (895) AND TPR M. R. PARKER (816)"
1204507,3200000672,Missouri State Highway Patrol-Troop C,1578441600000,200015807,1,0,1,0,Personal Injury,PERRY,NON-CITY OR UNINCORPORATED,C,1,1,0,105,0.02,B ,S ,IS 55,ERM SOUTH IS 55 MILE 1384,Dark-Unlighted,Fixed Object,2,,Wed     ,1,0,0,0,0,0,1,0,0,0,0,0,0,0,0,1,0,0,0,0,0,0,0,0,0,37.81899,-89.96806,0,01/08/2020,21:45:00,VEHICLE 1 TRAVELED OFF THE LEFT SIDE OF THE ROADWAY AND STRUCK THE CABLE BARRIER. ASSISTED BY CPL B W BONE (230) AND TPR C S GERALDS (277).
1504716,3200000273,Missouri State Highway Patrol-Troop H,1578441600000,200015826,1,0,1,0,Personal Injury,DAVIESS,NON-CITY OR UNINCORPORATED,H,1,1,Y,121,0.02,A ,S ,CRD KODIAK RD,MO 13,Dark-Unlighted,Fixed Object,2,,Wed     ,0,0,0,0,1,0,0,0,0,0,0,0,0,0,0,1,0,0,0,0,0,0,0,0,0,40.01425,-93.9886,0,01/08/2020,22:18:00,"OCCURRED AS VEHICLE 1 WAS SOUTHBOUND M-13 AND ATTEMPTED TO TURN RIGHT ONTO KODIAK ROAD. DRIVER LOST CONTROL AND VEHICLE 1 WENT OFF THE WEST SIDE OF THE ROADWAY, STRUCK A FENCE AND CAUGHT FIRE BEFORE COMING TO REST FACING NORTH. ASSISTED BY TPR D M WILBURN (1467), TPR J E HAINEY (755) AND BETHANY PD."
1025662,3200000924,Missouri State Highway Patrol-Troop D,1578528000000,200016009,1,0,0,1,Personal Injury,TANEY,NON-CITY OR UNINCORPORATED,D,1,1,0,681,0.13,B ,E ,MO 176,CRD KIMBERLY CREEK RD,Dark-Unlighted,Fixed Object,2,,Thu     ,0,0,0,0,1,1,1,0,0,0,0,0,0,0,0,1,0,0,0,0,0,0,0,0,0,36.71402,-93.13379,0,01/09/2020,04:27:00,"VEHICLE 1 WAS FLEEING FROM LAW ENFORCEMENT, RAN OFF RIGHT SIDE OF ROADWAY AND OVERTURNED, EJECTING THE DRIVER."
1289045,3200001254,Missouri State Highway Patrol-Troop C,1578528000000,200016052,1,0,0,1,Personal Injury,PIKE,NON-CITY OR UNINCORPORATED,C,2,2,0,0,0,AT,S ,RT D,RT WW,Dark-Unlighted,Motor Vehicle in Transport,1,64,Thu     ,0,0,0,0,0,0,0,1,0,0,0,0,0,0,0,1,0,0,0,0,0,0,0,0,0,39.28396,-90.99605,0,01/09/2020,06:31:00,VEHICLE 2 WAS TRAVELING BEHIND VEHICLE 1 NORTHBOUND ON ROUTE D. VEHICLE 1 SLOWED TO MAKE A LEFT TURN. VEHICLE 2 ATTEMPTED TO PASS VEHICLE 1 ON THE LEFT. THE RIGHT SIDE OF  VEHICLE 2 STRUCK THE LEFT SIDE OF VEHICLE 1.
1198505,3200002510,Missouri State Highway Patrol-Troop C,1578528000000,200016089,0,1,0,0,Fatal,LINCOLN,TROY,C,1,1,0,448,0.08,A ,E ,CST CHERRY BLOSSOM WAY,CST ABC LN,Daylight,Pedestrian,1,,Thu     ,0,0,0,0,1,0,0,1,0,1,0,0,1,0,0,1,0,0,0,0,0,0,0,0,0,38.96519,-90.96962,1,01/09/2020,06:54:00,"FATALITY REPORT - VEHICLE 1 WAS TRAVELING EASTBOUND ON CHERRY BLOSSOM ROAD AND PEDESTRIAN 1 WAS WALKING SOUTHBOUND IN THE CROSSWALK.  THE FRONT OF VEHICLE 1 STRUCK PEDESTRIAN  1.  PEDESTRIAN 1 WAS PRONOUNCED BY DOCTOR PRABLEK AT 0719 HOURS ON 01/09/2020. ASSISTED BY MSGT. B.W. LONG #855, TPR. A.J. MICHELS #1381, CPL. D.J. DUFFIE #1325, AND TROY POLICE DEPARTMENT"
885617,3200000748,Missouri State Highway Patrol-Troop A,1578528000000,200016110,1,0,1,0,Personal Injury,CASS,NON-CITY OR UNINCORPORATED,A,2,2,0,0,0,AT,N,RT D,CRD 215TH,Dark-Unlighted,Motor Vehicle in Transport,1,64,Thu     ,0,0,0,0,0,0,1,0,0,0,0,0,0,0,0,0,0,0,0,0,0,0,0,0,1,38.73764,-94.59026,0,01/09/2020,07:15:00,"CRASH OCCURRED AS VEHICLE #2 STRUCK VEHICLE #1, WHICH HAD BEEN INVOLVED IN A PREVIOUS CRASH AND WAS BLOCKING ROUTE D.  ASSISTED BY TPR. B.R, PETERS /1384/"
1061840,3200000368,Missouri State Highway Patrol-Troop I,1578528000000,200016707,2,0,2,0,Personal Injury,PHELPS,NON-CITY OR UNINCORPORATED,I,2,2,0,10,0,A ,W ,RT CC,CRD 7120,Daylight,Motor Vehicle in Transport,1,64,Thu     ,0,0,0,0,0,0,1,0,0,0,0,1,0,0,0,1,0,0,0,0,1,0,0,1,0,37.90756,-91.8187,0,01/09/2020,11:25:00,VEHICLE 1 FAILED TO YIELD TO VEHICLE 2 AND VEHICLE 2 STRUCK VEHICLE 1 IN THE INTERSECTION.
1155444,3200000701,Missouri State Highway Patrol-Troop E,1578528000000,200016971,1,0,1,0,Personal Injury,SCOTT,NON-CITY OR UNINCORPORATED,E,1,1,0,10,0,B ,N,IS 55,ERM SOUTH IS 55 MILE 838,Daylight,Fixed Object,1,,Thu     ,0,0,0,0,1,0,0,1,0,0,0,0,0,0,0,1,0,0,0,0,0,0,0,0,0,37.12994,-89.5366,0,01/09/2020,13:26:00,STATE PROPERTY DAMAGE CRASH. CRASH OCCURRED AS VEHICLE 1 SWERVED TO AVOID VEHICLE ON SHOULDER AND STRUCK 39 FEET OF GUARDRAIL.
928055,3200000357,Missouri State Highway Patrol-Troop D,1578528000000,200017106,1,0,1,0,Personal Injury,MCDONALD,JANE,D,1,1,0,939,0.18,A ,W ,MO 90,CRD RAINS RD,Daylight,Overturn,2,,Thu     ,0,0,0,0,0,0,0,1,1,0,0,0,0,0,0,0,0,0,0,0,1,0,0,0,1,36.54511,-94.30799,0,01/09/2020,14:25:00,CRASH OCCURRED AS VEH 1 TRAVELED OFF THE RIGHT SIDE FO THE ROADWAY AND OVERTURNED.
885618,3200001078,Missouri State Highway Patrol-Troop A,1578528000000,200017196,1,0,0,1,Personal Injury,CASS,NON-CITY OR UNINCORPORATED,A,1,1,0,1383,0.26,A ,N,WOR 49,CRD 307TH STREET,Daylight,Overturn,2,,Thu     ,0,0,0,0,1,0,0,0,0,0,0,0,0,0,0,1,0,0,0,0,0,1,0,0,0,38.56294,-94.35162,0,01/09/2020,15:00:00,CRASH OCCURRED AS VEHICLE #1 WAS NORTHBOUND ON THE WEST OUTER ROAD OF INTERSTATE 49. DRIVER #1 BRAKED AND BEGAN TO SKID. VEHICLE #1 TRAVELED OF THE RIGHT SIDE OF THE ROADWAY AND OVERTURNED. DRIVER #1 WAS EJECTED AND VEHICLE #1 CAME TO AN UNCONTROLLED FINAL REST IN THE DITCH FACING WEST.
1039559,3200001742,Missouri State Highway Patrol-Troop I,1578528000000,200017241,1,0,1,0,Personal Injury,PULASKI,WAYNESVILLE,I,2,2,0,601,0.11,A ,E ,LP 44,MO 17 EJ,Daylight,Motor Vehicle in Transport,1,63,Thu     ,0,0,0,0,0,0,0,1,0,0,1,0,0,0,0,0,0,0,0,0,0,0,0,0,0,37.82743,-92.19795,0,01/09/2020,15:26:00,CRASH OCCURRED AS VEHICLE 1  TURNED LEFT INTO VEHICLE 2
865473,3200000350,Missouri State Highway Patrol-Troop A,1578528000000,200017264,1,0,1,0,Personal Injury,PETTIS,NON-CITY OR UNINCORPORATED,A,1,1,0,385,0.07,A ,W ,RT V,CRD WALNUT SCHOOL RD,Daylight,Fixed Object,2,,Thu     ,0,0,0,0,0,0,0,1,0,0,0,0,0,0,0,0,0,0,0,0,0,0,0,0,0,38.57824,-93.17833,0,01/09/2020,15:33:00,CRASH OCCURRED AS VEHICLE 1 TRAVELED OFF THE RIGHT SIDE OF THE ROADWAY. VEHICLE 1 STRUCK A CULVERT AND OVERTURNED. VEHICLE 1 THEN STRUCK A TREE BEFORE COMING TO REST ON ITS TOP.
1155443,3200000757,Missouri State Highway Patrol-Troop E,1578528000000,200017683,2,0,2,0,Personal Injury,SCOTT,NON-CITY OR UNINCORPORATED,E,2,2,0,337,0.06,B ,N,RT H,BRIDGE A6452,Dark-Unlighted,Motor Vehicle in Transport,1,64,Thu     ,0,0,0,0,0,0,0,1,0,0,1,0,0,0,0,1,0,0,0,0,1,0,0,0,1,37.0632,-89.52669,0,01/09/2020,18:47:00,"CRASH OCCURRED AS VEHICLE 1 RAN OFF RIGHT SIDE OF ROADWAY, OVERCORRECTED, RAN OFF LEFT SIDE OF ROADWAY, STRUCK GUARDRAIL AND VEHICLE 2 THEN OVERTURNED - DAMAGE TO 72 FEET OF GUARDRAIL"
1065046,3200000639,Missouri State Highway Patrol-Troop I,1578528000000,200017857,1,0,1,0,Personal Injury,LACLEDE,NON-CITY OR UNINCORPORATED,I,2,2,0,292,0.06,A ,W ,IS 44,ERM WEST IS 44 MILE 1324,Dark-Unlighted,Motor Vehicle in Transport,1,62,Thu     ,0,0,0,0,0,0,0,1,1,0,0,0,0,0,0,0,0,0,0,0,0,0,0,0,0,37.70859,-92.61746,0,01/09/2020,21:10:00,CRASH OCCURRED AS VEHICLE 1 WAS TRAVELING EASTBOUND IN THE WESTBOUND LANES AND STRUCK VEHICLE 2 HEAD ON
1222268,3200001730,Missouri State Highway Patrol-Troop C,1578528000000,200017878,1,0,1,0,Personal Injury,ST. LOUIS,BERKELEY,C,3,3,Y,21,0,A ,W ,IS 70,ERM WEST IS 70 MILE 2392,Dark-Lighted,Motor Vehicle in Transport,1,61,Thu     ,,,,,,,,,,0,0,0,0,0,0,,0,0,,0,0,0,0,0,1,38.72661,-90.3273,0,01/09/2020,21:10:00,"VEHICLE 3 STRUCK VEHICLE 1, THEN STRUCK THE GUARDRAIL, AND THEN VEHICLE 2."
1280705,3200001462,Missouri State Highway Patrol-Troop C,1578528000000,200017960,2,0,2,0,Personal Injury,ST. LOUIS,MARYLAND HEIGHTS,C,2,2,0,95,0.02,A ,W ,MO 364,RP 279571,Dark-Unlighted,Motor Vehicle in Transport,1,64,Thu     ,0,0,0,0,1,1,1,0,0,0,0,0,0,0,0,1,0,0,0,0,0,0,0,0,0,38.70665,-90.49773,0,01/09/2020,22:20:00,"BOTH VEHICLES WERE TRAVELING EASTBOUND ON MISSOURI 364. DRIVER 2 LOST CONTROL OF VEHICLE 2 ON THE WET ROADWAY. VEHICLE 2 SLID INTO THE PATH OF VEHICLE 1 AND THE FRONT OF VEHICLE 1 STRUCK THE DRIVER SIDE OF VEHICLE 2. ASSISTED BY CPL. Z. C. WANG (1392), TPR. A. M. COLLINS (216), CPL. M. A. FRIGY (547), AND TPR.. C. J. MENDEZ (1411)."
1150451,3200001298,Missouri State Highway Patrol-Troop E,1578528000000,200018015,1,0,1,0,Personal Injury,PEMISCOT,NON-CITY OR UNINCORPORATED,E,2,2,0,965,0.18,B ,W ,US 412,RT C,Dark-Unlighted,Motor Vehicle in Transport,1,61,Thu     ,0,0,0,0,0,0,0,0,0,0,0,0,0,0,0,1,0,0,0,0,0,0,0,0,1,36.23412,-89.89324,0,01/09/2020,23:28:00,VEH1 AND VEH2 TRAVELING WESTBOUND. VEH2 STRUCK VEH1 IN THE REAR
1290578,3200000715,Missouri State Highway Patrol-Troop C,1578614400000,200018111,2,0,2,0,Personal Injury,ST. CHARLES,ST CHARLES,C,2,2,0,3695,0.7,B ,E ,IS 70,CST 5TH ST,Dark-Lighted,Motor Vehicle in Transport,2,63,Fri     ,1,0,0,0,0,1,1,0,0,0,0,0,0,0,0,1,0,0,0,0,0,0,0,0,0,38.77281,-90.50543,0,01/10/2020,04:15:00,DRIVER 2 CHANGED LANES CAUSING THE SIDE OF VEHICLE 2 TO STRIKE THE SIDE OF VEHICLE 1. VEHICLE 2 THEN STRUCK THE CENTER MEDIAN BARRIER TWICE.
954414,3200000323,Missouri State Highway Patrol-Troop D,1578614400000,200018158,1,0,1,0,Personal Injury,GREENE,NON-CITY OR UNINCORPORATED,D,2,2,0,12,0,A ,W ,RT O,CRD 129,Dark-Unlighted,Motor Vehicle in Transport,1,61,Fri     ,0,0,0,0,0,1,1,0,0,0,0,0,0,0,0,1,0,0,0,1,0,0,0,0,1,37.31212,-93.34984,0,01/10/2020,06:45:00,CRASH OCCURRED AS VEHICLE #2 TURNED INTO THE PATH OF VEHICLE #1 AND WAS STRUCK. VEHICLE #1 THEN TRAVELED OFF THE LEFT SIDE OF THE ROADWAY AND STRUCK A TREE.
1266674,3200000369,Missouri State Highway Patrol-Troop C,1578614400000,200018238,2,0,2,0,Personal Injury,FRANKLIN,GRAY SUMMIT,C,2,2,0,31,0.01,B ,W ,MO 100,CRD HOGAN RD,Daylight,Motor Vehicle in Transport,1,61,Fri     ,0,0,0,0,0,0,0,0,0,0,0,0,0,0,0,0,0,0,0,0,1,0,0,1,0,38.49038,-90.81624,0,01/10/2020,07:40:00,VEHICLE 1 WAS STOPPED ON WESTBOUND MO-100 PREPARING TO MAKE A LEFT TURN ONTO HOGAN RD.  DRIVER 2 FAILED TO KEEP PROPER LOOKOUT CAUSING VEHICLE 2 TO STRIKE THE REAR OF VEHICLE 1.
1337010,3200000358,Missouri State Highway Patrol-Troop G,1578614400000,200018475,1,0,0,1,Personal Injury,DOUGLAS,NON-CITY OR UNINCORPORATED,G,1,1,0,1156,0.22,A ,W ,MO 76,CRD 76-206,Daylight,Overturn,2,,Fri     ,0,0,0,0,0,0,0,0,0,0,0,0,0,0,0,0,0,0,0,0,0,0,0,0,1,36.97799,-92.5823,0,01/10/2020,09:35:00,"VEHICLE ONE LOST CONTROL, OVERCORRECTED, TRAVELED OFF THE RIGHT SIDE OF THE ROADWAY AND OVERTURNED."
1065047,3200000375,Missouri State Highway Patrol-Troop I,1578614400000,200018541,3,0,2,1,Personal Injury,LACLEDE,NON-CITY OR UNINCORPORATED,I,2,2,0,50,0.01,A ,N,MO 5,CRD EMERALD,Daylight,Motor Vehicle in Transport,1,60,Fri     ,0,0,0,0,0,0,0,0,0,0,0,0,0,0,0,1,0,0,0,0,0,0,0,0,0,37.62949,-92.64972,0,01/10/2020,10:17:00,VEHICLE 1 FAILED TO OBSERVE TRAFFIC SLOWING DOWN. VEHICLE 1 CROSSED THE CENTER LINE AND STRUCK VEHICLE 2 HEAD-ON.
918251,3200001286,Missouri State Highway Patrol-Troop D,1578614400000,200018552,2,0,2,0,Personal Injury,JASPER,NON-CITY OR UNINCORPORATED,D,2,2,0,0,0,AT,W ,MO 66,CRD BLACKCAT,Daylight,Motor Vehicle in Transport,1,64,Fri     ,0,0,0,0,0,0,0,1,1,0,0,0,0,0,0,1,0,0,0,0,1,0,0,1,1,37.08509,-94.56691,0,01/10/2020,10:10:00,VEHICLE #1 ATTEMPTED A LEFT TURN AND PULLED INTO THE PATH OF VEHICLE #2.
1282297,3200002197,Missouri State Highway Patrol-Troop C,1578614400000,200018651,1,0,1,0,Personal Injury,ST. CHARLES,O'FALLON,C,2,2,0,179,0.03,B ,W ,IS 70,ERM WEST IS 70 MILE 2156,Daylight,Motor Vehicle in Transport,1,63,Fri     ,1,1,0,0,1,0,1,0,0,0,0,0,0,0,0,1,0,0,0,0,0,0,0,0,1,38.80338,-90.74201,0,01/10/2020,11:23:00,VEHICLE 1 SIDE-SWIPED THE LEFT SIDE OF VEHICLE 2.  VEHICLE 1 THEN TRAVELED OFF THE LEFT SIDE OF THE ROADWAY AND STRUCK THE CENTER MEDIAN WALL.
969150,3200000730,Missouri State Highway Patrol-Troop D,1578614400000,200018710,3,0,3,0,Personal Injury,BARRY,NON-CITY OR UNINCORPORATED,D,3,3,0,2603,0.49,A ,N,MO 39,CRD 2010,Daylight,Motor Vehicle in Transport,1,61,Fri     ,0,0,0,0,0,0,0,1,0,0,0,0,0,0,0,1,0,0,0,0,1,0,0,1,1,36.91823,-93.71931,0,01/10/2020,12:08:00,OCCURRED AS #1 AND #2 WERE STOPPED IN TRAFFIC TO MAKE A LEFT TURN.  #3 FAILED TO YIELD AND STRUCK THE REAR OF #2.  #2 STRUCK REAR OF #1 **CORRECTED COPY FOR POSITION OF INVOLVED VEHICLES.**
865476,3200001159,Missouri State Highway Patrol-Troop A,1578614400000,200018762,1,0,1,0,Personal Injury,PETTIS,NON-CITY OR UNINCORPORATED,A,1,1,0,147,0.03,B ,W ,CRD ANDERSON SCHOOL RD,RT U,Daylight,Fixed Object,2,,Fri     ,0,0,0,0,0,0,0,1,1,0,0,0,0,0,0,0,0,0,0,0,0,0,0,0,0,38.62403,-93.21877,0,01/10/2020,12:35:00,"CRASH OCCURRED AS VEHICLE 1 TRAVELED OFF THE RIGHT SIDE OF THE ROADWAY, STRIKING THE UTILITY POLE AND CATCHING FIRE. ASSISTED BY TPR. C. D. PARROT / 944/"
1320629,3200000975,Missouri State Highway Patrol-Troop G,1578614400000,200018852,1,0,1,0,Personal Injury,TEXAS,NON-CITY OR UNINCORPORATED,G,2,2,Y,691,0.13,B ,N,US 63,CRD STILLMAN DR,Daylight,Motor Vehicle in Transport,1,61,Fri     ,0,0,0,0,0,0,0,1,1,0,0,0,0,0,0,1,0,0,0,0,1,0,0,1,0,37.22159,-92.02309,0,01/10/2020,09:35:00,"OCCURRED AS VEHICLE TWO WAS YIELDING TO ONCOMING TRAFFIC, AND VEHICLE ONE FAILED TO STOP. VEHICLE ONE STRUCK VEHICLE TWO IN THE REAR."
1014036,3200000838,Missouri State Highway Patrol-Troop D,1578614400000,200018939,1,0,1,0,Personal Injury,VERNON,NON-CITY OR UNINCORPORATED,D,1,1,0,385,0.07,A ,E ,RT B,CRD 2425,Daylight,Overturn,2,,Fri     ,0,0,0,0,1,0,1,0,0,0,0,0,0,0,0,1,0,0,0,0,0,0,0,0,0,37.65928,-94.1989,0,01/10/2020,14:10:00,"VEH #1 RAN OFF THE ROADWAY, OVERTURNED, AND STRUCK A FENCE."
1507957,3200001371,Missouri State Highway Patrol-Troop H,1578614400000,200019100,0,1,0,0,Fatal,HARRISON,NON-CITY OR UNINCORPORATED,H,1,1,0,321,0.06,B ,N,IS 35,ERM NORTH IS 35 MILE 984,Daylight,Overturn,2,,Fri     ,0,0,0,0,1,1,1,0,0,0,0,0,0,0,0,1,1,0,0,0,0,0,0,0,0,40.35369,-94.00847,1,01/10/2020,15:53:00,"FATALITY REPORT - ACCIDENT OCCURRED AS NR1 WAS NORTHBOUND ON I-35.  NR1 LOST CONTROL ON ICE COVERED ROADWAY.  NR1 TRAVELED OFF THE EAST SIDE OF THE ROADWAY, DOWN AN EMBANKMENT, OVERTURED SEVERAL TIMES, EJECTING THE DRIVER.  NR1 CAME TO REST ON ITS TOP OFF THE EAST SIDE OF I-35 FACING SOUTH.  DRIVER PRONOUNCED DEAD AT THE SCENE AT 1708 HOURS BY HARRISON COUNTY CORONER ZACH WILSON.  NEXT OF KIN NOTIFIED.  ASSISTED BY TPR. D.M. WILBURN (1467), HARRISON COUNTY SHERIFF'S DEPARTMENT, NTA AMBULANCE, BETHANY FIRE DEPARTMENT, AND HARRISON COUNTY CORONER."
1251719,3200000503,Missouri State Highway Patrol-Troop C,1578614400000,200019203,1,0,1,0,Personal Injury,FRANKLIN,NON-CITY OR UNINCORPORATED,C,2,2,0,12143,2.3,A ,S ,RT C,RT KK,Dark-Unlighted,Motor Vehicle in Transport,1,64,Fri     ,0,0,0,0,1,1,1,0,0,0,0,0,0,0,0,1,0,0,0,0,0,0,0,0,0,38.54379,-91.23162,0,01/10/2020,17:02:00,VEHICLE 1 CROSSED THE CENTERLINE AND THE FRONT OF VEHICLE 2 STRUCK THE SIDE OF VEHICLE 1.
1212151,3200000628,Missouri State Highway Patrol-Troop F,1578614400000,200019423,1,0,1,0,Personal Injury,COLE,NON-CITY OR UNINCORPORATED,F,1,1,0,654,0.12,B ,N,RT B,CRD SCHEULER FERRY RD,Dark-Unlighted,Fixed Object,2,,Fri     ,0,0,0,0,1,1,1,0,0,0,0,0,0,0,0,1,0,0,0,0,1,0,0,1,0,38.34539,-92.21173,0,01/10/2020,19:10:00,"CRASH OCCURRED AS VEHICLE 1 TRAVELED THROUGH STANDING WATER ON THE HWY CAUSING IT TO HYDROPLANE, TRAVELED OFF THE LEFT SIDE OF THE ROADWAY AND STRUCK A TREE. ASSISTED BY TPR. C. A. WINTER (1113)."
948520,3200000401,Missouri State Highway Patrol-Troop D,1578614400000,200019429,2,0,2,0,Personal Injury,POLK,BOLIVAR,D,2,2,0,3695,0.7,B ,S ,MO 13,RP 282820,Dark-Unlighted,Motor Vehicle in Transport,1,64,Fri     ,0,0,0,0,1,0,0,0,0,0,0,0,0,0,0,1,0,0,0,0,0,0,0,0,0,37.58263,-93.41201,0,01/10/2020,19:15:00,VEHICLE 1 LOST CONTROL AS IT WAS PASSING AND WAS STRUCK BY VEHICLE 2.
1508700,3200000400,Missouri State Highway Patrol-Troop H,1578614400000,200019490,1,0,1,0,Personal Injury,HOLT,NON-CITY OR UNINCORPORATED,H,1,1,0,448,0.08,A ,N,IS 29,ERM NORTH IS 29 MILE 910,Dark-Unlighted,Fixed Object,2,,Fri     ,0,0,0,0,1,0,0,1,1,0,0,0,0,0,0,1,0,0,0,0,0,0,0,0,1,40.18658,-95.34056,0,01/10/2020,19:25:00,CRASH OCCURRED AS VEH1 WAS NORTHBOUND ON I29 IN THE PASSING LANE. DVR1 LOST CONTROL ON THE ICE COVERED ROADWAY AND VEH1 BEGAN TO SLIDE.  VEH1 CROSSED THE CENTER OF THE ROAD AND TRAVELED OFF OF THE EAST SIDE OF THE ROADWAY.  VEH1 TRAVELED DOWN AN EMBANKMENT AND STRUCK A DITCH.  VEH1 CAME TO REST ON ITS WHEELS FACING EAST.
1040553,3200001116,Missouri State Highway Patrol-Troop I,1578614400000,200019505,1,0,1,0,Personal Injury,CRAWFORD,NON-CITY OR UNINCORPORATED,I,1,1,0,406,0.08,A ,W ,IS 44,ERM WEST IS 44 MILE 2050,Dark-Unlighted,Fixed Object,2,,Fri     ,0,0,0,0,0,0,0,0,0,0,0,0,0,0,0,0,1,0,0,0,1,0,0,0,1,38.04847,-91.46316,0,01/10/2020,20:15:00,"OCCURRED AS VEHICLE 1 TRAVELED OFF THE LEFT SIDE OF THE ROADWAY, WENT AIRBORN AND STRUCK THE MEDIAN CROSSOVER AND LANDED ON THE CABLE BARRIERS FACING WESTBOUND IN THE MEDIAN. ASSISTED  BY CPL J T PEART (922)"
1501583,3200000543,Missouri State Highway Patrol-Troop H,1578614400000,200019623,2,0,1,1,Personal Injury,ATCHISON,NON-CITY OR UNINCORPORATED,H,1,1,0,227,0.04,B ,S ,IS 29,ERM SOUTH IS 29 MILE 1004,Dark-Unlighted,Overturn,1,,Fri     ,0,0,0,0,1,0,0,1,1,0,0,0,0,0,0,1,0,0,0,0,0,0,0,0,1,40.27602,-95.47024,0,01/10/2020,21:50:00,"CRASH OCCURRED AS VEH1 WAS SOUTHBOUND IN THE DRIVING LANE.  DVR1 LOST CONTROL ON THE ICE COVERED ROADWAY AND VEH1 BEGAN TO SLIDE.  VEH1 CROSSED THE CENTER OF THE ROAD THEN TRAVELED OFF OF THE EAST SIDE OF THE ROADWAY.  VEH1 TRAVELED BACK ONTO ROADWAY AND OVERTURNED, SLIDING TO A STOP AND BLOCKING BOTH SOUTHBOUND LANES OF I29. ASSISTED BY ATCHISON CO SO."