objectid,accident,agency,inv_date,complaint,injured,killed,min_inj,dis_inj,severity,county,city,troop,no_vehicle,motor_veh,left_scene,dist_feet,dist_mile,inter_loc,direction,on_street,at_street,light_cond,acc_type,on_off_rd,two_veh,day_week,dr_drink,dr_drug,ped_drink,ped_drug,speed,dr_under21,dr_under25,dr_over55,dr_over64,electrical,emer_veh,stop_sign,yield_sign,czone,hazmat,aggressive,cell_phone,texting,veh_defect,school_bus,truck,motorcycle,atv,pickup,cmv,gps_lat,gps_long,severity_fatal,acc_date,acc_time,narrative
1155446,3200000859,Missouri State Highway Patrol-Troop E,1578700800000,200019806,4,0,0,4,Personal Injury,SCOTT,NON-CITY OR UNINCORPORATED,E,1,1,0,1800,0.34,A ,E ,CRD 250,MO 77,Dark-Unlighted,Fixed Object,2,,Sat     ,1,0,0,0,0,0,1,0,0,0,0,0,0,0,0,0,0,0,0,0,1,0,0,1,0,37.08694,-89.63805,0,01/11/2020,01:03:00,CRASH OCCURRED AS VEHICLE 1 RAN OFF ROADWAY AND STRUCK TREE
882064,3200001266,Missouri State Highway Patrol-Troop A,1578700800000,200019871,1,0,1,0,Personal Injury,BATES,NON-CITY OR UNINCORPORATED,A,1,1,0,78,0.01,B ,S ,IS 49,ERM SOUTH IS 49 MILE 1418,Dark-Unlighted,Overturn,1,,Sat     ,0,0,0,0,1,0,0,0,0,0,0,0,0,0,0,1,0,0,0,0,0,0,0,0,1,38.39621,-94.34121,0,01/11/2020,03:23:00,"CRASH OCCURRED AS VEHICLE WAS TRAVELING SOUTHBOUND ON I49. DRIVER LOST CONTROL OF VEHICLE ON ICE-COVERED ROADWAY AND OVERCORRECTED, CAUSING VEHICLE TO OVERTURN."
882065,3200000573,Missouri State Highway Patrol-Troop A,1578700800000,200019925,1,0,1,0,Personal Injury,BATES,NON-CITY OR UNINCORPORATED,A,1,1,0,47,0.01,B ,N,IS 49,ERM NORTH IS 49 MILE 1320,Dark-Unlighted,Fixed Object,2,,Sat     ,0,0,0,0,1,0,1,0,0,0,0,0,0,0,0,1,0,0,0,0,1,0,0,0,1,38.25748,-94.35805,0,01/11/2020,06:30:00,"CRASH OCCURRED WHEN DRIVER #1 LOST CONTROL OF VEHICLE #1 ON THE ICE COVERED ROADWAY.  VEHICLE #1 TRAVELED OFF THE RIGHT SIDE OF THE ROADWAY AND STRUCK THE 132 MILE MARKER SIGN, CAUSING THE TRAILER TO DETACH.  AFTER IMPACT, VEHICLE #1 OVERTURNED COMING TO REST ON IT'S DRIVER'S SIDE."
918838,3200000484,Missouri State Highway Patrol-Troop D,1578700800000,200019963,1,0,1,0,Personal Injury,LAWRENCE,NON-CITY OR UNINCORPORATED,D,2,2,0,0,0,AT,S ,RT H,RP 3211,Daylight,Motor Vehicle in Transport,1,64,Sat     ,0,0,0,0,0,0,1,0,0,0,0,1,0,0,0,1,0,0,0,0,0,0,0,0,1,37.08666,-93.84781,0,01/11/2020,07:25:00,VEHICLE #1 WAS ATTEMPTING TO CROSS OVER RT H FROM THE OFF RAMP AND PULLED INTO THE PATH OF VEHICLE #2.  VEHICLE #2 STRUCK VEHICLE #1.
1040552,3200001673,Missouri State Highway Patrol-Troop I,1578700800000,200019991,0,0,0,0,Property Damage,CRAWFORD,NON-CITY OR UNINCORPORATED,I,1,1,Y,0,0,AT,E ,CRD JAKES PRAIRIE ROAD,CRD EVANS ROAD,Dark-Unlighted,Fixed Object,2,,Sat     ,1,0,0,0,1,0,1,0,0,0,0,0,0,0,0,1,0,0,0,0,1,0,0,1,1,38.12204,-91.45508,0,01/11/2020,03:00:00,"CRASH OCCURRED AS VEHICLE 1 TRAVELED OFF THE LEFT SIDE OF THE ROADWAY, STRIKING A DITCH, FENCE POST, AND A TREE BEFORE COMING TO REST. ASSISTED BY TPR J M VANMETER (1396)."
1501586,3200003530,Missouri State Highway Patrol-Troop H,1578700800000,200020030,1,0,1,0,Personal Injury,ATCHISON,NON-CITY OR UNINCORPORATED,H,1,1,0,528,0.1,B ,N,IS 29,ERM NORTH IS 29 MILE 1102,Daylight,Overturn,1,,Sat     ,0,0,0,0,1,0,0,0,0,0,0,0,0,0,0,1,0,0,0,0,0,0,0,0,0,40.39839,-95.55039,0,01/11/2020,08:00:00,CRASH OCCURRED AS VEH 1 WAS NORTHBOUND ON I 29.  VEH 1 BEGAN TO SKID AND SLIDE ON ICE COVERED ROADWAY. VEH 1 OVERTURNED IN THE  MEDIAN.  VEH 1 CAME TO REST ON ITS DRIVERS SIDE FACING NORTHEAST. ASSISTED BY ATCHISON COUNTY SHERIFF'S DEPARTMENT.
1201176,3200000823,Missouri State Highway Patrol-Troop C,1578700800000,200020106,1,0,0,1,Personal Injury,LINCOLN,NON-CITY OR UNINCORPORATED,C,2,2,0,0,0,AT,S ,US 61,RT B,Daylight,Motor Vehicle in Transport,1,64,Sat     ,0,0,0,0,0,0,0,1,1,1,0,1,0,0,0,1,0,0,0,0,0,0,0,0,0,39.12809,-90.96492,0,01/11/2020,09:12:00,"VEHICLE 1 TRAVELED ONTO US 61 FROM ROUTE E, DIRECTLY IN FRONT OF VEHICLE 2. THE FRONT OF VEHICLE 2 STRUCK THE DRIVER SIDE OF VEHICLE 1.  ASSITED BY TPR A.J. MICHELS (1381)"
817443,3200001390,Missouri State Highway Patrol-Troop A,1578700800000,200020225,1,0,1,0,Personal Injury,CLAY,NON-CITY OR UNINCORPORATED,A,2,2,0,100,0.02,B ,S ,IS 35,ERM SOUTH IS 35 MILE 220,Daylight,Motor Vehicle in Transport,1,61,Sat     ,0,0,0,0,0,0,0,0,0,0,0,0,0,0,0,1,0,0,0,0,1,0,0,1,1,39.31273,-94.40211,0,01/11/2020,10:25:00,CRASH OCCURRED AS VEHICLE 1 LOST CONTROL AND CROSSED IN TO THE LEFT LANE WHERE IT WAS STRUCK BY VEHICLE 2. VEHICLE 1 RAN OFF THE LEFT  SIDE OF THE ROADWAY STRIKING A CABLE BARRIER.
827016,3200000875,Missouri State Highway Patrol-Troop A,1578700800000,200020297,4,0,4,0,Personal Injury,PLATTE,PLATTE CITY,A,3,3,0,0,0,AT,S ,IS 29,ERM SOUTH IS 29 MILE 194,Daylight,Motor Vehicle in Transport,1,61,Sat     ,0,0,0,0,1,0,0,0,0,0,0,0,0,0,0,1,0,0,0,0,1,0,0,1,0,39.36742,-94.77197,0,01/11/2020,11:22:00,"CRASH OCCURRED AS ALL VEHICLES WERE TRAVELING SOUTHBOUND ON I29. VEHICLE2 AND VEHICLE3 BEGAN TO SLOW DUE TO TRAFFIC  CONGESTION WHEN VEHICLE1 STRUCK THE REAR OF VEHICLE2. VEHICLE2 TRAVELED OFF THE LEFT SIDE OF THE ROAD AND VEHICLE1 STRUCK THE REAR OF VEHICLE3. ASSISTED BY CPL. R.J. WILHOIT (1129), TPR. J.L. COLWELL (311), TPR. E.R. MULKEY (651), AND PLATTE COUNTY SHERIFFS OFFICE."
1281258,3200000490,Missouri State Highway Patrol-Troop C,1578700800000,200020365,1,0,1,0,Personal Injury,ST. LOUIS,MARYLAND HEIGHTS,C,2,2,0,36,0.01,A ,W ,IS 270,RP 6235,Daylight,Motor Vehicle in Transport,1,64,Sat     ,0,0,0,0,1,0,0,0,0,0,0,0,0,0,0,1,0,0,0,0,1,0,0,1,0,38.69422,-90.45067,0,01/11/2020,12:12:00,"VEHICLE 1  ENTERED I-270 FROM PAGE AVENUE, SPUN OUT OF CONTROL AND STRUCK VEHICLE 2. VEHICLE 2 THEN STRUCK THE CONCRETE MEDIAN BARRIER"
1231796,3200002360,Missouri State Highway Patrol-Troop C,1578700800000,200020378,0,1,0,0,Fatal,LINCOLN,ELSBERRY,C,1,1,Y,230,0.04,A ,S ,CST S 7TH STREET,CST AUBURN STREET,Dark-Lighted,Fixed Object,2,,Fri     ,0,0,0,0,1,0,1,0,0,0,0,0,0,0,0,1,0,0,0,0,1,0,0,1,0,39.16127,-90.78429,1,01/10/2020,22:30:00,"FATALITY REPORT -VEHICLE #1 WAS TRAVELING SOUTH ON S. 7TH STREET IN ELSBERRY AT A HIGH RATE OF SPEED.  DRIVER #1 FAILED TO STOP AT THE END OF THE ROADWAY.  VEHICLE #1 RAN OFF THE ROADWAY, HIT THE LEVEE, WENT AIRBORNE, AND LANDED IN A FLOODED CREEK.  DRIVER #1 WAS ABLE TO GET OUT OF THE VEHICLE AND FLED ON FOOT.  PASSENGER #1 WAS UNABLE TO GET OUT AND VEHICLE ONE BECAME SUBMERGED WITH PASSENGER #1 INSIDE. PRONOUNCED AT 1345 HOURS BY DEPUTY CORONER J. JOHNSON,  ASSISTED BY TPR. A. T. BORGIC (192)"
954575,3200001102,Missouri State Highway Patrol-Troop D,1578700800000,200020382,1,0,1,0,Personal Injury,GREENE,FAIR GROVE,D,2,2,0,0,0,AT,N,US 65,BRIDGE 2007,Daylight,Motor Vehicle in Transport,1,61,Sat     ,0,0,0,0,1,1,1,1,0,0,0,0,0,0,0,1,0,0,0,0,0,0,0,0,0,37.41518,-93.14523,0,01/11/2020,12:20:00,CRASH OCCURRED AS VEHICLE #1 REAR-ENDED VEHICLE #2 ON THE ICE-COVERED POMME DE TERRE BRIDGE.  BOTH VEHICLES SLID OFF THE LEFT SIDE OF THE ROADWAY AND STRUCK THE BRIDGE RAIL.
882066,3200000637,Missouri State Highway Patrol-Troop A,1578700800000,200020578,1,0,1,0,Personal Injury,BATES,NON-CITY OR UNINCORPORATED,A,1,1,0,1457,0.28,B ,E ,RT U,CRD SW 7508,Daylight,Fixed Object,2,,Sat     ,0,0,0,0,1,1,1,0,0,0,0,0,0,0,0,1,0,0,0,0,1,0,0,1,0,38.11769,-94.42334,0,01/11/2020,13:55:00,"VEHICLE 1 LOST CONTROL AND TRAVELED OFF THE LEFT SIDE OF THE ROADWAY, OVERTURNING. ASSITED BY  BATES COUNTY DEPUTIES."
929942,3200000379,Missouri State Highway Patrol-Troop D,1578700800000,200020599,1,0,1,0,Personal Injury,STONE,NON-CITY OR UNINCORPORATED,D,1,1,0,480,0.09,B ,W ,MO 76,PVT RED ROCK RD,Daylight,Fixed Object,2,,Sat     ,0,0,0,0,1,0,0,0,0,0,0,0,0,0,0,1,0,0,0,0,0,0,0,0,0,36.73326,-93.40544,0,01/11/2020,14:10:00,OCCURRED AS VEHICLE 1 SLID OFF THE RIGHT SIDE OF THE ROAD AND STRUCK THE DITCH.
1320610,3200001043,Missouri State Highway Patrol-Troop G,1578700800000,200020625,2,0,2,0,Personal Injury,TEXAS,NON-CITY OR UNINCORPORATED,G,1,1,0,1652,0.31,B ,E ,RT B,CRD BROWN HILL RD,Daylight,Overturn,2,,Sat     ,0,0,0,0,1,0,0,0,0,0,0,0,0,0,0,1,0,0,0,0,0,0,0,0,0,37.32817,-91.89805,0,01/11/2020,14:15:00,"CRASH OCCURRED AS VEH 1 LOST CONTROL ON ICE COVERED ROADWAY, RAN OFF ROADWAY AND OVERTURNED"
783777,3200002329,Missouri State Highway Patrol-Troop A,1578700800000,200020733,1,0,1,0,Personal Injury,PLATTE,NON-CITY OR UNINCORPORATED,A,2,2,0,58,0.01,B ,S ,IS 29,ERM SOUTH IS 29 MILE 296,Daylight,Fixed Object,2,,Sat     ,0,0,0,0,1,0,0,1,1,0,0,0,0,0,0,1,0,0,0,0,1,0,0,1,0,39.51081,-94.78674,0,01/11/2020,15:10:00,CRASH OCCURRED AS VEHICLE 1 LOST CONTROL STRUCK THE BRIDGE WALL AND STRUCK VEHICLE 2. ASSISTED BY TPR. J. L. COLWELL /311/
783778,3200002331,Missouri State Highway Patrol-Troop A,1578700800000,200020887,1,0,1,0,Personal Injury,PLATTE,NON-CITY OR UNINCORPORATED,A,2,2,0,0,0,AT,S ,IS 29,ERM SOUTH IS 29 MILE 296,Daylight,Motor Vehicle in Transport,2,61,Sat     ,0,0,0,0,1,0,0,0,0,0,0,0,0,0,0,1,0,0,0,0,0,0,0,0,1,39.51065,-94.78673,0,01/11/2020,15:10:00,CRASH OCCURRED AS VEHICLE 1 FAILED TO SLOW FOR TRAFFIC STRIKING VEHICLE 2. ASSISTED BY TPR. J. L. COLWELL /311/
798065,3200000609,Missouri State Highway Patrol-Troop A,1578700800000,200021086,3,0,3,0,Personal Injury,SALINE,NON-CITY OR UNINCORPORATED,A,1,1,0,600,0.11,B ,S ,US 65,CRD 118TH TRL,Dark-Unlighted,Fixed Object,2,,Sat     ,0,0,0,0,1,0,0,0,0,0,0,0,0,0,0,1,0,0,0,0,0,0,0,0,0,38.96865,-93.20696,0,01/11/2020,18:40:00,"CRASH OCCURRED AS VEHICLE 1 WAS OVERTAKING ANOTHER VEHICLE AND BEGAN TO SKID. VEHICLE 1 TRAVELED OFF THE LEFT SIDE OF THE ROADWAY, OVERTURNED, AND STRUCK THE DITCH."
1222253,3200001467,Missouri State Highway Patrol-Troop C,1578700800000,200021290,2,0,2,0,Personal Injury,ST. LOUIS,BERKELEY,C,5,5,0,58,0.01,A ,W ,IS 70,RP 228117,Dark-Lighted,Motor Vehicle in Transport,1,63,Sat     ,0,0,0,0,0,1,1,1,0,0,0,0,0,0,0,0,0,0,0,0,0,0,0,0,1,38.72153,-90.3205,0,01/11/2020,21:45:00,"VEHICLE 1 BEGAN SLIDING AND STRUCK THE LEFT SIDE OF VEHICLE 2. AFTER THAT IMPACT, VEHICLE 3 STRUCK THE REAR OF VEHICLE 1, CAUSING VEHICLE 1 TO STRIKE THE REAR OF VEHICLE 4. VEHICLE 4 BEGAN SLIDING AND STRUCK THE LEFT SIDE OF VEHICLE 5. ASSISTED BY CPL. Z. S. WANG (1392) AND TPR. B. G. GROVES (837)."
1205233,3200001100,Missouri State Highway Patrol-Troop F,1578700800000,200021301,2,0,2,0,Personal Injury,COOPER,NON-CITY OR UNINCORPORATED,F,3,3,0,84,0.02,A ,E ,IS 70,ERM EAST IS 70 MILE 1144,Dark-Unlighted,Motor Vehicle in Transport,1,61,Sat     ,0,0,0,0,0,0,0,0,0,0,0,0,0,0,0,1,0,0,0,0,1,0,0,1,1,38.95565,-92.55139,0,01/11/2020,17:50:00,"CRASH OCCURRED AS VEHICLE 1 SLOWED TO AVOID A SEPARATE MOTOR VEHICLE CRASH AHEAD. VEHICLE 1 WAS STRUCK IN THE REAR BY VEHICLE 3. VEHICLE 1 THEN STRUCK THE DRIVER SIDE OF VEHICLE 2. ASSISTED BY SGT. D. R. POWELL (594), CPL. D. T. SHIKLES (884) AND TPR. G. T. JOHNSON (734)."
1141674,3200000632,Missouri State Highway Patrol-Troop E,1578700800000,200021343,1,0,0,1,Personal Injury,BUTLER,NON-CITY OR UNINCORPORATED,E,1,1,0,184,0.03,B ,N,CRD WOODLAND MEADOWS DRIVE,CRD W VICTORIA RD,Dark-Unlighted,Fixed Object,2,,Sat     ,1,0,0,0,0,1,1,0,0,0,0,0,0,0,0,0,0,0,0,0,0,0,0,0,0,36.79087,-90.47184,0,01/11/2020,22:35:00,CRASH OCCURRED AS VEHICLE 1 RAN OFF THE RIGHT SIDE OF THE ROADWAY AND STRUCK A TREE.
1233256,3200001310,Missouri State Highway Patrol-Troop C,1578700800000,200021345,3,0,3,0,Personal Injury,JEFFERSON,NON-CITY OR UNINCORPORATED,C,2,2,Y,1378,0.26,B ,E ,CRD WEST ROCK CREEK RD,CRD GARY RD,Dark-Unlighted,Motor Vehicle in Transport,1,61,Sat     ,0,0,0,0,0,,,,,0,0,0,0,0,0,1,0,0,0,,,,,,,38.42427,-90.44417,0,01/11/2020,22:35:00,VEHICLE 1 WAS TRAVELING EASTBOUND ON EAST ROCK CREEK ROAD. VEHICLE 2 STRUCK THE LEFT REAR OF VEHICLE 1. VEHICLE 1 TRAVELED OFF THE RIGHT SIDE OF THE ROAD AND A STRUCK A TREE. VEHICLE 2 LEFT THE SCENE.
1251679,3200000824,Missouri State Highway Patrol-Troop C,1578700800000,200021366,1,0,0,1,Personal Injury,FRANKLIN,NON-CITY OR UNINCORPORATED,C,1,1,0,3695,0.7,A ,E ,MO 30,CRD FAIRVIEW CHURCH RD,Dark-Unlighted,Fixed Object,2,,Sat     ,0,0,0,0,1,0,0,0,0,0,0,0,0,0,0,1,0,0,0,0,1,0,0,1,0,38.30712,-90.76742,0,01/11/2020,21:00:00,"VEHICLE #1 WAS TRAVELING EASTBOUND ON MISSOURI 30, TOO FAST FOR ROAD CONDITIONS. VEHICLE #1 TRAVELED OFF THE RIGHT SIDE OF THE ROADWAY AND STRUCK A UTILITY POLE."
1222566,3200002344,Missouri State Highway Patrol-Troop C,1578787200000,200021568,2,0,2,0,Personal Injury,ST. LOUIS,PINE LAWN,C,2,2,0,26,0,A ,W ,IS 70,ERM WEST IS 70 MILE 2428,Dark-Lighted,Motor Vehicle in Transport,1,61,Sun     ,0,0,0,0,1,0,0,1,0,0,0,0,0,0,0,1,0,0,0,0,0,0,0,0,0,38.7038,-90.27011,0,01/12/2020,05:50:00,"VEHICLE 1 AND VEHICLE 2 WERE TRAVELING WESTBOUND. VEHICLE 1 LOST CONTROL AND SLID INTO REAR OF VEHICLE 2. VEHICLE 1 AND VEHICLE 2 STARTED TO ROTATE, COLLIDING A SECOND TIME AND TRAVELING OFF THE RIGHT SIDE OF THE ROADWAY."
1208557,3200000541,Missouri State Highway Patrol-Troop C,1578787200000,200021709,1,0,1,0,Personal Injury,FRANKLIN,VILLA RIDGE,C,1,1,0,79,0.01,A ,E ,RT AT,CRD OLD HIGHWAY 100,Daylight,Fixed Object,2,,Sun     ,0,0,0,0,1,0,0,0,0,0,0,0,0,0,0,1,0,0,0,0,0,0,0,0,0,38.47372,-90.85603,0,01/12/2020,09:12:00,VEHICLE 1 WAS HEADING EASTBOUND ON HIGHWAY AT TRAVELING TOO FAST FOR CONDITIONS. VEHICLE 1 TRAVELED OFF THE RIGHT SIDE OF THE ROADWAY AND STRUCK A TREE. ASSISTED BY TPR. M. W. HEDLUND (255)
1016130,3200000469,Missouri State Highway Patrol-Troop D,1578787200000,200021733,1,0,1,0,Personal Injury,NEWTON,NON-CITY OR UNINCORPORATED,D,2,2,0,147,0.03,A ,S ,IS 49,CRD MULBERRY,Daylight,Fixed Object,2,,Sun     ,0,0,0,0,1,0,0,1,1,0,0,0,0,0,0,1,0,0,0,0,1,0,0,1,1,36.86566,-94.4305,0,01/12/2020,09:25:00,"VEHICLE #1 LOST CONTROL ON THE ICE COVERED ROADWAY, CROSSED THE CENTER MEDIAN, STRUCK A GUARDRAIL AND VEHICLE #2."
1509124,3200000612,Missouri State Highway Patrol-Troop H,1578787200000,200021761,3,0,3,0,Personal Injury,NODAWAY,PARNELL,H,2,2,0,0,0,AT,W ,MO 46,CST S ARMSTRONG ST,Daylight,Motor Vehicle in Transport,1,60,Sun     ,0,0,0,0,0,0,0,1,0,0,0,0,0,0,0,1,0,0,0,0,1,0,0,1,0,40.43772,-94.61891,0,01/12/2020,09:53:00,"CRASH OCCURRED AS VEHICLE 1 ATTEMPTED TO MAKE A LEFT TURN ONTO ARMSTRONG ROAD FROM MO-46.  VEHICLE 1 FAILED TO YIELD TO VEHICLE 2 CAUSING A HEAD ON COLLISION.  VEHICLES 1 AND 2  CAME TO REST IN THE MIDDLE OF MO-46 BLOCKING BOTH LANES OF TRAFFIC.  ASSISTED BY NODAWAY COUNTY SHERIFF'S DEPARTMENT, PARNELL FIRE DEPARTMENT, AND NODAWAY COUNTY AMBULANCE."
1311933,3200002202,Missouri State Highway Patrol-Troop C,1578873600000,200022849,3,0,2,1,Personal Injury,ST. CHARLES,ST PETERS,C,3,3,0,369,0.07,A ,E ,MO 94,CST WESTWOOD DR,Daylight,Motor Vehicle in Transport,1,60,Mon     ,1,0,0,0,0,0,0,1,0,0,0,0,0,0,0,0,0,0,0,0,0,0,0,0,0,38.73249,-90.63953,0,01/13/2020,06:55:00,VEHICLE 1 WAS TRAVELING WESTBOUND IN THE EASTBOUND LANES OF MISSOURI 94. VEHICLES 2 AND 3 WERE EASTBOUND. THE FRONT OF VEHICLE 1 STRUCK THE FRONT OF VEHICLE 2. VEHICLE 1 ROTATED AND THEN THE FRONT OF VEHICLE 1 STRUCK THE FRONT OF VEHICLE 3. ASSISTED BY MSGT. J.L. DECKER (240).
1212162,3200003145,Missouri State Highway Patrol-Troop C,1578873600000,200022896,0,1,0,0,Fatal,WASHINGTON,NON-CITY OR UNINCORPORATED,C,1,1,0,30,0.01,A ,S ,RT F,CRD STAVERN RD,Daylight,Fixed Object,2,,Sun     ,,,,,,0,0,0,0,0,0,0,0,0,0,,0,0,,0,0,0,0,0,0,37.98145,-90.81278,1,01/12/2020,15:00:00,"FATALITY REPORT - VEHICLE 1 TRAVELED OFF OF THE ROADWAY STRIKING A TREE. VEHICLE 1 ROLLED OVER ON ITS TOP INTO A CREEK WHERE IT BECAME PARTIALLY SUBMERGED, RESULTING IN DRIVER 1 DROWNING. DRIVER PRONOUNCED ON SCENE BY SHERIFF Z. JACOBSEN AT 0748 HOURS ON 01-13-2020. ASSISTED BY CPL. B.M. BEARD (254) AND TPR. B.M. BREEDLOVE (157)."
1065082,3200003893,Missouri State Highway Patrol-Troop I,1578873600000,200022947,0,2,0,0,Fatal,LACLEDE,NON-CITY OR UNINCORPORATED,I,2,2,0,2360,0.45,A ,S ,RT JJ,PVT INVERNESS LN,Daylight,Motor Vehicle in Transport,1,60,Mon     ,0,0,0,0,0,0,0,0,0,0,0,0,0,0,0,1,0,0,0,0,1,0,0,1,0,37.7659,-92.56567,1,01/13/2020,08:00:00,"**FATALITY CRASH** NEXT OF KIN NOTIFIED. CRASH OCCURRED AS VEHICLE 1 CROSSED THE  CENTERLINE AND STRUCK  VEHICLE 2  HEAD ON. BOTH VICTIMS PRONOUNCED DECEASED AT  0922 BY ASSISTANT CORONER DANIEL JONES. THIS IS TROOP I'S 1ST AND 2ND FATALITY FOR THE MONTH OF JANUARY AND FOR 2020.  ASSISTED BY  SGT S. R. RICHARDSON, (753),  CPL J.A. ICE (1289), MVI J.K. CLAMME (M023) TPR R.A. TYLER (428) AND TPR  M.K EDEN (1326)."
932222,3200001008,Missouri State Highway Patrol-Troop D,1578873600000,200022952,1,0,1,0,Personal Injury,WEBSTER,FORDLAND,D,2,2,0,0,0,AT,E ,US 60,SOR 60,Daylight,Motor Vehicle in Transport,1,64,Mon     ,0,0,0,0,0,1,1,1,1,0,0,0,1,0,0,1,0,0,0,0,1,0,0,1,0,37.15175,-92.94341,0,01/13/2020,08:08:00,#1 FAILED TO YIELD AND STRUCK #2.
865470,3200001319,Missouri State Highway Patrol-Troop A,1578873600000,200022977,1,0,1,0,Personal Injury,PETTIS,NON-CITY OR UNINCORPORATED,A,2,2,0,0,0,AT,N,US 65,MO 765 NJ,Daylight,Motor Vehicle in Transport,1,64,Mon     ,0,0,0,0,0,0,1,0,0,0,0,1,0,0,0,1,0,0,0,0,1,0,0,1,0,38.72876,-93.22717,0,01/13/2020,08:20:00,OCCURRED AS VEHICLE 1 ENTERED THE INTERSECTION AND STRUCK THE FRONT DRIVERS SIDE OF VEHICLE 2 . ASSISTED BY PETTIS COUNTY AND SEDALIA POLICE DEPARTMENT.
901720,3200001014,Missouri State Highway Patrol-Troop D,1578873600000,200023310,1,0,0,1,Personal Injury,ST. CLAIR,LOWRY CITY,D,1,1,0,211,0.04,B ,S ,MO 13,CST MAHAN,Daylight,Fixed Object,2,,Mon     ,0,0,0,0,0,0,0,0,0,0,0,0,0,0,0,0,0,0,0,0,0,0,0,0,0,38.14632,-93.72315,0,01/13/2020,11:15:00,"CRASH OCCURRED AS VEHICLE #1 TRAVELED OFF THE ROADWAY, STRUCK A DITCH, BECAME AIRBORNE AND CROSSED THE ROADWAY.  VEHICLE #1 THEN STRUCK A ROAD SIGN, A DITCH AND OVERTURNED."
1289044,3200001391,Missouri State Highway Patrol-Troop C,1578873600000,200023393,2,0,2,0,Personal Injury,PIKE,NON-CITY OR UNINCORPORATED,C,1,1,0,3695,0.7,A ,S ,MO 79,BRIDGE A8454,Daylight,Fixed Object,2,,Mon     ,0,0,0,0,0,1,1,0,0,0,0,0,0,0,0,1,0,0,0,0,0,0,0,0,0,39.42685,-91.00929,0,01/13/2020,12:15:00,VEHICLE 1 TRAVELED OFF OF THE RIGHT SIDE OF THE ROADWAY AND OVERTURNED.
1285623,3200002148,Missouri State Highway Patrol-Troop C,1578873600000,200023425,2,0,2,0,Personal Injury,ST. FRANCOIS,NON-CITY OR UNINCORPORATED,C,2,2,0,2180,0.41,B ,W ,RT F,CRD BEST RD,Daylight,Fixed Object,2,,Mon     ,0,0,0,0,1,0,0,0,0,0,0,0,0,0,0,1,0,0,0,0,1,0,0,1,1,37.76656,-90.35722,0,01/13/2020,12:31:00,"VEHICLE 1 WAS TRAVELING TOO FAST FOR CONDITIONS, RAN OFF THE RIGHT OF THE ROADWAY, STRUCK A CULVERT, RETURNED TO ROADWAY AND THE FRONT OF VEHICLE 1 STRUCK THE FRONT OF VEHICLE 2. VEHICLE 1 OVERTURNED."
1141675,3200001019,Missouri State Highway Patrol-Troop E,1578873600000,200023658,3,0,1,2,Personal Injury,BUTLER,NON-CITY OR UNINCORPORATED,E,1,1,0,607,0.11,A ,E ,RT M,CRD SHELLY LANE,Daylight,Fixed Object,2,,Mon     ,0,0,0,0,1,0,0,0,0,0,0,0,0,0,0,1,0,0,0,0,0,0,0,0,0,36.73674,-90.52432,0,01/13/2020,14:30:00,"CRASH OCCURRED AS VEHICLE 1 RAN OFF RIGHT SIDE OF THE ROADWAY, STRUCK A TREE EJECTING ALL THREE OCCUPANTS, AND OVERTURNING."
1320611,3200000974,Missouri State Highway Patrol-Troop G,1578873600000,200023725,1,0,0,1,Personal Injury,TEXAS,NON-CITY OR UNINCORPORATED,G,1,1,0,2032,0.38,B ,S ,MO 17,CRD SLABTOWN RD,Daylight,Fixed Object,2,,Mon     ,0,0,0,0,1,0,0,1,0,0,0,0,0,0,0,1,0,0,0,0,0,0,0,0,0,37.54448,-92.1312,0,01/13/2020,15:05:00,CRASH OCCURRED AS VEH 1 RAN OFF ROADWAY AND STRUCK A TREE
1333560,3200002432,Missouri State Highway Patrol-Troop G,1578873600000,200023814,2,0,0,2,Personal Injury,CARTER,NON-CITY OR UNINCORPORATED,G,2,2,0,0,0,AT,W ,US 60,CRD 125,Daylight,Motor Vehicle in Transport,1,64,Mon     ,0,0,0,0,0,0,0,1,1,0,0,0,1,0,0,1,0,0,0,0,1,0,0,1,0,36.94924,-91.14718,0,01/13/2020,15:50:00,"OCCURRED AS VEHICLE ONE FAILED TO YIELD AT A CROSSOVER, ENTERED THE PATH OF VEHICLE TWO, AND VEHICLE TWO STRUCK VEHICLE ONE."
949141,3200000708,Missouri State Highway Patrol-Troop D,1578873600000,200023944,5,0,5,0,Personal Injury,CHRISTIAN,BILLINGS,D,4,4,0,79,0.01,B ,W ,US 60,CST WASHINGTON AVE,Daylight,Motor Vehicle in Transport,1,61,Mon     ,0,0,0,0,0,0,0,1,1,1,1,0,0,0,0,0,0,0,0,0,1,0,0,1,0,37.06664,-93.55372,0,01/13/2020,16:50:00,VEHICLE 4 STRUCK STOPPED VEHICLE 3 IN THE REAR CAUSING VEHICLE 3 TO STRIKE VEHICLE 2 AND VEHICLE 2 TO STRIKE VEHICLE 1
1040558,3200000728,Missouri State Highway Patrol-Troop I,1578873600000,200024039,1,0,1,0,Personal Injury,CRAWFORD,NON-CITY OR UNINCORPORATED,I,2,2,0,51,0.01,B ,N,MO 19,CRD BECKER NJ,Dark-Unlighted,Motor Vehicle in Transport,1,61,Mon     ,0,0,0,0,0,0,0,1,0,0,0,0,0,0,0,1,0,0,0,0,1,0,0,1,0,38.02117,-91.38706,0,01/13/2020,17:40:00,VEHICLE # 1 WAS STOPPED IN THE ROADWAY WAITING TO MAKE A LEFT HAND TURN WHEN HE WAS STRUCK IN THE REAR BY VEHICLE # 2.