objectid,accident,agency,inv_date,complaint,injured,killed,min_inj,dis_inj,severity,county,city,troop,no_vehicle,motor_veh,left_scene,dist_feet,dist_mile,inter_loc,direction,on_street,at_street,light_cond,acc_type,on_off_rd,two_veh,day_week,dr_drink,dr_drug,ped_drink,ped_drug,speed,dr_under21,dr_under25,dr_over55,dr_over64,electrical,emer_veh,stop_sign,yield_sign,czone,hazmat,aggressive,cell_phone,texting,veh_defect,school_bus,truck,motorcycle,atv,pickup,cmv,gps_lat,gps_long,severity_fatal,acc_date,acc_time,narrative
1281281,3200001463,Missouri State Highway Patrol-Troop C,1578960000000,200024509,1,0,1,0,Personal Injury,ST. LOUIS,MARYLAND HEIGHTS,C,1,1,Y,36,0.01,A ,E ,IS 270,RP 6464 WJ,Dark-Lighted,Fixed Object,2,,Tue     ,0,1,0,0,0,0,0,1,0,0,0,0,0,0,0,0,0,0,0,0,1,0,0,1,0,38.74334,-90.44063,0,01/14/2020,00:01:00,"VEHICLE 1 WAS TRAVELING NORTHBOUND ON I-270, RAN OFF THE LEFT SIDE OF THE ROADWAY, STRUCK THE CONCRETE TRAFFIC BARRIER AND BEGAN ROTATING. VEHICLE 1 STRUCK THE CONCRETE BARRIER A SECOND TIME.  ASSISTED BY TPR J V BONDURANT (1468) AND TPR A D BAKER (151)."
1329967,3200000946,Missouri State Highway Patrol-Troop G,1578960000000,200024540,2,0,2,0,Personal Injury,HOWELL,NON-CITY OR UNINCORPORATED,G,1,1,0,0,0,AT,N,CRD 4450,CRD 5280,Dark-Unlighted,Fixed Object,2,,Tue     ,0,0,0,0,1,0,0,0,0,0,0,0,0,0,0,1,0,0,0,0,1,0,0,1,0,36.89982,-91.92185,0,01/14/2020,02:00:00,"ACCIDENT OCCURRED AS VEHICLE #1 TRAVELED OFF THE ROADWAY, STRUCK A TREE AND OVERTURNED.        ASSISTED BY THE HOWELL COUNTY SHERIFF'S DEPARTMENT."
1329968,3200001789,Missouri State Highway Patrol-Troop G,1578960000000,200024621,0,2,0,0,Fatal,HOWELL,NON-CITY OR UNINCORPORATED,G,2,2,0,1140,0.22,B ,W ,US 160,PVT 6350,Dark-Unlighted,Motor Vehicle in Transport,1,60,Tue     ,0,0,0,0,0,1,1,0,0,0,0,0,0,0,0,1,0,0,0,0,1,0,0,1,0,36.6344,-91.95088,1,01/14/2020,06:15:00,"FATALITY ACCIDENT - NEXT OF KIN NOTIFIED - OCCURRED AS VEHICLE #1 CROSSED CENTERLINE AND STRUCK VEHICLE #2 HEAD ON - BOTH DRIVERS PRONOUNCED DECEASED AT ACCIDENT SCENE BY HOWELL COUNTY CORONER TIM CHERRY AT 0615 HOURS - BOTH DRIVERS TRANSPORTED TO ROBERTSON DRAGO FUNERAL HOME, WEST PLAINS- TROOP G FATALITY #1 AND #2 FOR 2020, COMPARED TO 0 THIS TIME PERIOD IN 2019- ASSISTED BY TPR. C.A. KIMES (556), TPR. T.D. POND (1427), LT. H.D. HICKS (102), MODOT, HOWELL RURAL FIRE DEPT AND FIRST RESPONDERS, SOUTH HOWELL AMBULANCE AND HOWELL COUNTY DEPUTIES."
1182476,3200001069,Missouri State Highway Patrol-Troop B,1578960000000,200024658,3,0,3,0,Personal Injury,KNOX,NON-CITY OR UNINCORPORATED,B,1,1,0,987,0.19,A ,N,CRD OLD LAKE AVE,CRD FESTUS ST,Dark-Unlighted,Fixed Object,2,,Tue     ,0,0,0,0,1,0,0,0,0,0,0,0,0,0,0,1,0,0,0,0,1,0,0,1,0,40.1855,-92.16114,0,01/14/2020,06:53:00,VEH 1 LOST CONTROL ON ICE COVERED ROADWAY. VEH 1 TRAVELED OFF THE LEFTSIDE OF ROADWAY AND STRUCK SEVERAL TREES.
1233202,3200000903,Missouri State Highway Patrol-Troop C,1578960000000,200024711,1,0,1,0,Personal Injury,JEFFERSON,NON-CITY OR UNINCORPORATED,C,3,3,0,174,0.03,A ,E ,MO 30,CRD CAROL PARK RD,Daylight,Motor Vehicle in Transport,1,61,Tue     ,0,0,0,0,0,0,0,0,0,0,0,0,0,0,0,1,0,0,0,0,0,0,0,0,0,38.44744,-90.54302,0,01/14/2020,07:29:00,"VEHICLE 1 WAS STOPPED FOR TRAFFIC AHEAD. DRIVER 2 FAILED TO STOP AND THE FRONT OF VEHICLE 2 STRUCK THE REAR OF VEHICLE 1. VEHICLE 3 HAD SWERVED TO THE LEFT MEDIAN TO AVOID STRIKING VEHICLE 2. AFTER IMPACT WITH VEHICLE 1, VEHICLE 2 SWERVED TO THE LEFT AND STRUCK THE RIGHT SIDE OF VEHICLE 3."
1145112,3200000801,Missouri State Highway Patrol-Troop E,1578960000000,200024941,2,0,2,0,Personal Injury,NEW MADRID,NON-CITY OR UNINCORPORATED,E,1,1,0,1668,0.32,A ,W ,RT M,CRD 403,Daylight,Fixed Object,2,,Tue     ,0,0,0,0,0,0,1,0,0,0,0,0,0,0,0,0,0,0,0,0,1,0,0,1,0,36.48353,-89.60611,0,01/14/2020,09:15:00,CRASH OCCURRED AS VEHICLE 1 RAN OFF THE RIGHT SIDE OF THE ROADWAY AND STRUCK A TREE.
1205734,3200001832,Missouri State Highway Patrol-Troop F,1578960000000,200025028,0,1,0,0,Fatal,MILLER,NON-CITY OR UNINCORPORATED,F,2,2,0,5,0,A ,W ,MO 42,RT BB,Daylight,Motor Vehicle in Transport,1,64,Tue     ,0,0,0,0,0,0,0,0,0,0,0,1,0,0,0,1,0,0,0,0,1,0,0,0,1,38.10715,-92.25883,1,01/14/2020,10:00:00,"***FATALITY ACCIDENT***CRASH OCCURRED AS VEHICLE 1 WAS TRAVELING WESTBOUND ON ROUTE BB AND VEHICLE 2 WAS TRAVELING  EASTBOUND ON MO 42. VEHICLE 1 FAILED TO YIELD TO VEHICLE 2 WHILE ATTEMPTING TO TURN LEFT ONTO MO 42 AND PULLED IN FRONT OF VEHICLE 2. AFTER THE COLLISION BOTH VEHICLES SKIDDED OFF THE  LEFT SIDE OF ROADWAY. VEHICLE 1 THEN COLLIDED WITH A MAILBOX. DRIVER 1 WAS PRONOUNCED DECEASED ON 01/14/2019 AT 1005 BY MILLER COUNTY DEPUTY CORONER BARBARA BENNETT. NEXT OF KIN NOTIFIED. TROOP F FATALITY #2 FOR JANUARY AND #2 FOR 2020. ASSISTED BY SGT. H.A. SEARS (1200), SGT. G. W. WARD (1189), SGT. J. E. LOWARY (466), TPR. M. P. ACORD (170), AND THE MILLER COUNTY SHERIFF'S OFFICE"
918258,3200001484,Missouri State Highway Patrol-Troop D,1578960000000,200025070,0,1,0,0,Fatal,JASPER,NON-CITY OR UNINCORPORATED,D,1,1,0,118,0.02,A ,E ,IS 44,ERM EAST IS 44 MILE 142,Daylight,Overturn,1,,Tue     ,0,0,0,0,0,0,0,1,0,0,0,0,0,0,0,0,0,0,0,0,1,0,0,0,1,37.07454,-94.38781,1,01/14/2020,10:25:00,"FATALITY CRASH - NEXT OF KIN NOTIFIED - THIS IS TROOP D'S 3RD FATALITY OF 2020 - CRASH  OCCURRED AS VEHICLE ONE TRAVELED OFF ROADWAY, RETURNED TO ROADWAY AND OVERTURNED. EVIDENCE INDICATES DRIVER MAY HAVE SUFFERED A MEDICAL EMERGENCY RESULTING IN A CRASH. DRIVER WAS PRONOUNCED DECEASED AT 1025 HOURS BY DEPUTY CORONER SEAN WOODWARD OF JASPER COUNTY CORONERS OFFICE."
1192979,3200002679,Missouri State Highway Patrol-Troop F,1578960000000,200025453,0,1,0,0,Fatal,CALLAWAY,NON-CITY OR UNINCORPORATED,F,2,2,0,253,0.05,A ,W ,US 54,BRIDGE A4778,Daylight,Motor Vehicle in Transport,1,61,Tue     ,0,0,0,0,0,0,0,0,0,0,0,0,0,0,0,1,0,0,0,0,1,0,0,0,1,39.00251,-91.89342,1,01/14/2020,13:40:00,"***FATALITY CRASH***CRASH OCCURRED AS VEHICLE 1 RAN INTO REAR OF VEHICLE 2. RESULTING IN BOTH VEHICLES COMING TO REST OFF THE  ROADWAY. PRONOUNCED DECEASED BY DR. BORSHESKI FROM UNIVERSITY HOSPITAL AT 1403 HOURS. TROOP F FATALITY #3 FOR JANUARY AND #3 FOR 2020. ASSISTED BY SGT. R. S. THOMPSON (672),  SGT. S. B. JOHNSON (797),  SGT. D. L. FOUCH (810), CPL C. C. FRAME (1329), SGT. J. A. VEASMAN (671), CVO T. A. MORRIS (W154),  SGT. J. A. MULEY (1186), SGT. P. W. MEYERS (1183),  SGT. J. D. COX (654), AND THE CALLAWAY COUNTY SHERIFF'S OFFICE."
1258872,3200001562,Missouri State Highway Patrol-Troop C,1578960000000,200025492,1,0,1,0,Personal Injury,ST. LOUIS,NON-CITY OR UNINCORPORATED,C,3,3,0,73,0.01,A ,W ,IS 270,ERM SOUTH IS 270 MILE 154,Daylight,Motor Vehicle in Transport,1,64,Tue     ,0,0,0,0,0,0,0,1,1,0,0,0,0,0,0,1,0,0,0,0,1,0,0,1,1,38.68085,-90.44984,0,01/14/2020,13:56:00,"ALL VEHICLES WERE TRAVELING SOUTHBOUND. VEHICLE 1 WAS IN LANE 3, VEHICLE 2 WAS IN LANE 4 AND VEHICLE 3 WAS IN LANE 2. VEHICLE 2 CROSSED INTO LANE 4 AND STRUCK VEHICLE 3 IN THE DRIVER?S SIDE REAR. DRIVER 2 LOST CONTROL AFTER IMPACT TRAVELED ACROSS LANES 2 AND 3 AND INTO THE PATH OF VEHICLE 3 AND STRUCK THEM HEAD ON. AFTER IMPACT VEHICLE 2 STRUCK THE MEDIAN WALL AND OVERTURNED AND TRAVELED ACROSS ALL LANES OF TRAFFIC AND WENT OFF THE RIGHT SIDE OF THE ROADWAY DOWN AN EMBANKMENT. ASSISTED BY MSGT J. R. DIFFEE (496) AND TPR C. J. MENDEZ (1411)"
859023,3200000889,Missouri State Highway Patrol-Troop A,1578960000000,200025880,1,0,1,0,Personal Injury,JACKSON,BLUE SPRINGS,A,2,2,0,517,0.1,B ,E ,RP 105833,CST ADAMS DAIRY PKWY,Daylight,Motor Vehicle in Transport,1,61,Tue     ,0,0,0,0,0,1,1,0,0,0,0,0,0,0,0,0,0,0,0,0,0,0,0,0,0,39.02727,-94.25131,0,01/14/2020,16:45:00,CRASH OCCURRED AS VEHICLE 2 SLOWED FOR TRAFFIC.  VEHICLE 1 OVERTOOK AND STRUCK THE REAR OF VEHICLE 2.  ASSISTED BY CPL. R.A. WOOD/ 788  AND BLUE SPRINGS POLICE DEPARTMENT.
1328717,3200001611,Missouri State Highway Patrol-Troop G,1578960000000,200026055,2,0,2,0,Personal Injury,OREGON,NON-CITY OR UNINCORPORATED,G,2,2,Y,396,0.07,B ,N,RT M,BRIDGE T0432,Dark-Unlighted,Motor Vehicle in Transport,1,64,Tue     ,1,0,0,0,1,1,1,1,0,0,0,0,0,0,0,1,0,0,0,0,1,0,0,1,0,36.67373,-91.62613,0,01/14/2020,18:00:00,"ACCIDENT OCCURRED AS VEHICLE #1 LOST CONTROL, CROSSED THE CENTER LINE AND STRUCK VEHICLE #2.   ASSISTED BY TPR T.W.MEYER(785)."
1320612,3200001267,Missouri State Highway Patrol-Troop G,1578960000000,200026078,2,0,2,0,Personal Injury,TEXAS,NON-CITY OR UNINCORPORATED,G,2,2,0,1657,0.31,A ,W ,RT U,CRD LEDGEWOOD RD,Dark-Unlighted,Motor Vehicle in Transport,1,64,Tue     ,0,0,0,0,0,0,0,0,0,0,0,0,0,0,0,0,0,0,0,0,0,0,0,0,0,37.13596,-92.04055,0,01/14/2020,18:21:00,OCCURRED AS VEHICLE TWO WAS CROSSING THE ROADWAY AND WAS STRUCK BY VEHICLE ONE.
1152229,3200001013,Missouri State Highway Patrol-Troop E,1578960000000,200026340,1,0,1,0,Personal Injury,STODDARD,NON-CITY OR UNINCORPORATED,E,1,1,0,2148,0.41,B ,W ,CRD 266,CRD 287,Dark-Unlighted,Fixed Object,2,,Tue     ,0,0,0,0,1,1,1,0,0,0,0,0,0,0,0,1,0,0,0,0,0,0,0,0,0,36.96384,-90.14576,0,01/14/2020,21:22:00,VEH1 RAN OFF THE ROADWAY AND OVERTURNED.
1251650,3200001292,Missouri State Highway Patrol-Troop C,1578960000000,200026433,1,0,0,1,Personal Injury,FRANKLIN,NON-CITY OR UNINCORPORATED,C,2,2,0,454,0.09,B ,W ,IS 44,ERM WEST IS 44 MILE 2430,Dark-Unlighted,Motor Vehicle in Transport,1,61,Tue     ,0,0,0,0,0,1,1,0,0,0,0,0,0,0,1,0,0,0,0,0,1,0,0,1,1,38.38647,-90.95003,0,01/14/2020,22:25:00,VEHICLE 1 WAS IN THE RIGHT LANE OF WESTBOUND I-44. VEHICLE 2 APPROACHED THE REAR OF VEHICLE 1.  VEHICLE 1'S REAR TAIL LIGHTS WERE NOT ILLUMINATED AND VEHICLE 2 STRUCK THE REAR OF VEHICLE 1. VEHICLE 1 TRAVELED OFF THE RIGHT SIDE OF THE ROADWAY AND OVERTURNED.
1285637,3200002150,Missouri State Highway Patrol-Troop C,1579046400000,200026511,2,0,0,2,Personal Injury,ST. FRANCOIS,NON-CITY OR UNINCORPORATED,C,2,2,0,4224,0.8,B ,S ,US 67,RP 325,Dark-Unlighted,Motor Vehicle in Transport,1,61,Wed     ,0,0,0,0,0,0,1,0,0,0,0,0,0,0,0,0,1,0,0,0,0,0,0,0,0,37.93519,-90.54141,0,01/15/2020,00:01:00,VEHICLES ONE AND TWO WERE TRAVELING SOUTH ON US 67. THE FRONT OF VEHICLE ONE STRUCK THE REAR OF VEHICLE TWO CAUSING BOTH VEHICLES TO TRAVEL OFF THE ROADWAY AND OVERTURN.
1233200,3200000998,Missouri State Highway Patrol-Troop C,1579046400000,200026633,1,0,1,0,Personal Injury,JEFFERSON,NON-CITY OR UNINCORPORATED,C,2,2,0,528,0.1,A ,S ,RT W,PVT LAKEVIEW DR,Dark-Unlighted,Fixed Object,2,,Wed     ,0,0,0,0,1,0,1,1,0,0,0,0,0,0,0,1,0,0,0,0,0,0,0,0,1,38.44374,-90.61343,0,01/15/2020,07:05:00,THE TOWED UNIT OF VEHICLE 1 TRAVELED OFF THE RIGHT SIDE OF THE ROADWAY.  THE TOWED UNIT RETURNED TO THE ROADWAY AND CROSSED THE CENTER LINE INTO THE WESTBOUND LANES CAUSING VEHICLE 2 TO STRIKE THE TRAILER UNIT
1329969,3200001502,Missouri State Highway Patrol-Troop G,1579046400000,200026722,1,0,1,0,Personal Injury,HOWELL,NON-CITY OR UNINCORPORATED,G,2,2,0,1224,0.23,A ,E ,US 160,CRD 6680,Daylight,Motor Vehicle in Transport,1,64,Wed     ,0,0,0,0,0,0,0,1,1,0,0,0,0,0,0,0,0,0,0,0,1,0,0,1,0,36.70237,-91.87953,0,01/15/2020,07:56:00,VEHICLE ONE FAILED TO YIELD TO VEHICLE TWO AND WAS STRUCK BY VEHICLE TWO.
1329965,3200001144,Missouri State Highway Patrol-Troop G,1579046400000,200026976,3,0,0,3,Personal Injury,HOWELL,NON-CITY OR UNINCORPORATED,G,2,2,0,12,0,A ,S ,RT JJ,BRIDGE P0797,Daylight,Motor Vehicle in Transport,1,60,Wed     ,0,0,0,0,0,0,0,1,1,0,0,0,1,0,0,1,0,0,0,0,1,0,0,1,1,36.62165,-91.89931,0,01/15/2020,09:40:00,OCCURRED AS BOTH VEHICLES MET ON A ONE LANE BRIDGE AND STRUCK EACH OTHER HEAD ON.
1133607,3200000993,Missouri State Highway Patrol-Troop E,1579046400000,200027086,1,0,1,0,Personal Injury,RIPLEY,NON-CITY OR UNINCORPORATED,E,1,1,0,3168,0.6,B ,S ,RT P,BRIDGE A1955,Daylight,Fixed Object,2,,Wed     ,0,0,0,0,0,0,0,1,1,0,0,0,0,0,0,1,0,0,0,0,1,0,0,1,0,36.52374,-91.01722,0,01/15/2020,10:25:00,TRAFFIC CRASH OCCURRED AS VEHICLE 1 RAN OFF RIGHT SIDE OF ROADWAY AND STRUCK 3 TREES AND A MODOT SIGN.
1128644,3200001241,Missouri State Highway Patrol-Troop E,1579046400000,200027233,1,0,1,0,Personal Injury,WAYNE,NON-CITY OR UNINCORPORATED,E,1,1,0,2476,0.47,B ,W ,MO 34,RT C,Daylight,Fixed Object,2,,Wed     ,0,0,0,0,1,0,0,0,0,0,0,0,0,0,0,1,0,0,0,0,0,0,0,0,0,37.21933,-90.33983,0,01/15/2020,11:52:00,TRAFFIC CRASH OCCURRED AS VEHICLE 1 RAN OFF RIGHT SIDE OF ROADWAY AND OVERTURNED MULTIPLE TIMES.
1156145,3200001015,Missouri State Highway Patrol-Troop E,1579046400000,200027404,1,0,1,0,Personal Injury,SCOTT,BLODGETT,E,2,2,0,0,0,AT,N,CST HAWKINS STREET,RT U,Daylight,Motor Vehicle in Transport,1,64,Wed     ,0,0,0,0,0,0,0,1,1,0,0,0,0,0,0,0,0,0,0,0,0,0,0,0,0,37.00415,-89.52718,0,01/15/2020,13:10:00,CRASH OCCURRED AS VEHICLE ONE STRUCK VEHICLE TWO IN THE FRONT AT AN ANGLE
1251651,3200002503,Missouri State Highway Patrol-Troop C,1579046400000,200027681,0,1,0,0,Fatal,FRANKLIN,NON-CITY OR UNINCORPORATED,C,2,2,0,2640,0.5,A ,E ,RT AH,CRD SUNNY MEADOWS ROAD,Daylight,Motor Vehicle in Transport,1,60,Wed     ,0,0,0,0,0,0,1,0,0,0,0,0,0,0,0,1,0,0,0,0,1,0,0,0,1,38.38718,-90.94691,1,01/15/2020,15:02:00,"FATALITY REPORT - VEHICLE 1 WAS WESTBOUND IN THE EASTBOUND LANES OF THE SOUTH OUTER RD.  DRIVER 2 SWERVED TO AVOID VEHICLE 1. DRIVER 1 SWERVED TO AVOID VEHICLE 2.  THE FRONT OF VEHICLE 2 STRUCK THE LEFT FRONT OF VEHICLE 1. DRIVER 1 PRONOUNCED ON SCENE BY EMS PERSONNEL AT 1511 HOURS.  ASSISTED BY MSGT C.L. PATTON (1108), MSGT K.L. LICHAY (443), SGT R.E. HOEHN (902), AND CPL C.W. BONE (230)"
1006508,3200003021,Missouri State Highway Patrol-Troop D,1579046400000,200027799,1,1,0,1,Fatal,WEBSTER,NON-CITY OR UNINCORPORATED,D,2,2,0,417,0.08,A ,W ,MO 38,CRD EMERALD LP WJ,Daylight,Motor Vehicle in Transport,1,60,Wed     ,0,0,0,0,0,0,0,1,0,0,0,0,0,0,0,1,0,0,0,0,0,0,0,0,0,37.35194,-92.96288,1,01/15/2020,15:50:00,FATALITY ACCIDENT    NEXT OF KIN NOTIFIED    THIS IS THE 4TH FATALITY FOR TROOP D IN 2020    VEHICLE 1 ATTEMPTED TO PASS AN UNINVOLVED VEHICLE ON A HILL AND STRUCK VEHICLE 2 NEARLY HEAD ON.  DRIVER 1 WAS PRONOUNCED AT THE SCENE BY WEBSTER COUNTY CORONER MICHAEL TAYLOR AT 1650 HRS.
1194540,3200002419,Missouri State Highway Patrol-Troop B,1579046400000,200027809,1,0,1,0,Personal Injury,RALLS,NON-CITY OR UNINCORPORATED,B,3,3,0,0,0,AT,N,US 61,CO US 61 TO EOR 61,Daylight,Motor Vehicle in Transport,1,64,Wed     ,0,0,0,0,0,0,0,1,0,0,0,1,1,0,0,1,0,0,0,0,1,0,0,1,0,39.66554,-91.41667,0,01/15/2020,15:59:00,"VEHICLE 2 WAS STATIONARY AT AN INTERSECTION WAITING TO TURN.  VEHICLE 1 DROVE INTO THE PATH OF VEHICLE 3.  VEHICLE 3 STRUCK VEHICLE 1 THEN VEHICLE 1 STRUCK VEHICLE 2.  ASSISTED BY MSGT. BEHRENS #302, MSGT. BARTELS #323, TPR. FULLER #537, RALLS COUNTY SHERIFF'S OFFICE, HANNIBAL RURAL FIRE DEPARTMENT, RALLS COUNTY AMBULANCE, AND MARION COUNTY AMBULANCE."
1050083,3200001212,Missouri State Highway Patrol-Troop I,1579046400000,200027976,2,0,1,1,Personal Injury,DENT,NON-CITY OR UNINCORPORATED,I,2,2,0,126,0.02,B ,N,MO 19,CRD 5100,Daylight,Motor Vehicle in Transport,1,61,Wed     ,0,0,0,0,0,0,0,0,0,0,0,0,0,0,0,0,0,0,0,0,0,0,0,0,0,37.5876,-91.52665,0,01/15/2020,17:03:00,"CRASH OCCURRED AS VEHICLE 2 WAS SLOWING FOR A TURNING VEHICLE AHEAD, STRUCK IN REAR BY VEHICLE 1. VEHICLE 1 CROSSED LEFT SIDE OF ROAD, STRIKING A FENCE.  VEHICLE 2 WAS PUSHED OFF THE RIGHT SIDE OF THE ROAD, STRIKING AN EMBANKMENT AND A TELEPHONE POLE.  DRIVER 2 WAS EJECTED."
1150431,3200001608,Missouri State Highway Patrol-Troop E,1579046400000,200028079,1,0,1,0,Personal Injury,PEMISCOT,NON-CITY OR UNINCORPORATED,E,2,2,0,1457,0.28,A ,E ,US 412,CRD 279,Dark-Unlighted,Motor Vehicle in Transport,1,61,Wed     ,0,0,0,0,1,1,1,1,0,0,0,0,0,0,0,1,0,0,0,0,0,0,0,0,0,36.23392,-89.85695,0,01/15/2020,18:00:00,VEH1 AND VEH2 TRAVELING EASTBOUND ON MO 84 AND VEH2 STRUCK VEH1 IN THE REAR
1152237,3200001141,Missouri State Highway Patrol-Troop E,1579046400000,200028193,1,0,1,0,Personal Injury,STODDARD,NON-CITY OR UNINCORPORATED,E,1,1,0,1182,0.22,A ,S ,RT T,BRIDGE L0741,Dark-Unlighted,Fixed Object,2,,Wed     ,0,0,0,0,0,1,1,0,0,0,0,0,0,0,0,1,0,0,0,0,0,0,0,0,0,36.93516,-90.18032,0,01/15/2020,19:13:00,CRASH OCCURRED AS VEHICLE ONE TRAVELED OFF THE RIGHT SIDE OF THE ROADWAY AND STRUCK A TREE.
1161620,3200002953,Missouri State Highway Patrol-Troop F,1579046400000,200028255,1,0,1,0,Personal Injury,BOONE,NON-CITY OR UNINCORPORATED,F,2,2,0,5,0,A ,N,US 63,MO 124 NJ,Dark-Unlighted,Motor Vehicle in Transport,1,61,Wed     ,0,0,0,0,0,0,0,0,0,0,0,0,1,0,0,1,0,0,0,0,0,0,0,0,0,39.13159,-92.33268,0,01/15/2020,19:59:00,"CRASH OCCURRED AS VEHICLE 1 ENTERED NORTHBOUND US 63 FROM THE MEDIAN CROSSOVER AND WAS STRUCK BY VEHICLE 2. VEHICLE 1 THEN TRAVELED OFF THE RIGHT SIDE OF THE ROADWAY AND CAME TO REST IN THE DITCH. VEHICLE 2 CAME TO REST BETWEEN THE DRIVING AND PASSING LANES OF US 63.  ASSISTED BY TPR G.T. PEMBERTON (1115), SGT S.A. BALLARD (127), AND CPL D.T. SHIKLES (884)"
1311950,3200002762,Missouri State Highway Patrol-Troop C,1579132800000,200028571,1,0,1,0,Personal Injury,ST. CHARLES,ST PETERS,C,1,1,0,216,0.04,A ,E ,SOR 70,RP 1038813 EJ,Dark-Lighted,Fixed Object,2,,Thu     ,1,0,0,0,0,0,1,0,0,0,0,0,0,0,0,1,0,0,0,0,1,0,0,1,0,38.79884,-90.61237,0,01/16/2020,02:10:00,VEHICLE 1 FAILED TO NEGOTIATE A TURN AND STRUCK A GUARDRAIL.
817676,3200002722,Missouri State Highway Patrol-Troop A,1579132800000,200028591,1,0,1,0,Personal Injury,PETTIS,SEDALIA,A,1,1,0,25,0,A ,W ,CST GRIESSEN RD,CST N ENGINEER AVE,Dark-Unlighted,Fixed Object,2,,Thu     ,1,0,0,0,0,0,0,0,0,0,0,0,0,0,0,0,0,0,0,0,0,0,0,0,0,38.72333,-93.21285,0,01/16/2020,01:30:00,"CRASH OCCURRED AS VEHICLE1 WAS NORTHBOUND.  VEHICLE1 RAN OFF THE NORTH SIDE OF ROAD INTO A FIELD, STRIKING SEVERAL TREES BEFORE COMING TO REST."
1258878,3200001563,Missouri State Highway Patrol-Troop C,1579132800000,200028894,1,0,1,0,Personal Injury,ST. LOUIS,NON-CITY OR UNINCORPORATED,C,2,2,0,158,0.03,B ,E ,IS 70,ERM EAST IS 70 MILE 2426,Daylight,Motor Vehicle in Transport,1,61,Thu     ,0,0,0,0,1,0,0,0,0,0,0,0,0,0,0,1,0,0,0,0,1,0,0,0,1,38.7063,-90.27347,0,01/16/2020,11:00:00,"BOTH VEHICLES WERE TRAVELING EB I-70. VEHICLE #2 WAS TRAVELING IN LANE #3, VEHICLE #1 WAS BEHIND VEHICLE #2 . VEHICLE #2 SLOWED DUE TO CONGESTION AHEAD. VEHICLE #1 WAS TRAVELING TOO FAST FOR CONDITIONS AND THE FRONT OF VEHICLE# 1 STRUCK THE REAR OF VEHICLE #2. ASSISTED BY MSGT. J. R. DIFFEE (496)"
786790,3200001275,Missouri State Highway Patrol-Troop A,1579132800000,200029016,2,0,2,0,Personal Injury,HENRY,NON-CITY OR UNINCORPORATED,A,2,2,0,0,0,AT,N,MO 13,RT Z,Daylight,Motor Vehicle in Transport,1,64,Thu     ,0,0,0,0,0,0,1,1,0,0,0,0,1,0,0,1,0,0,0,0,0,0,0,0,0,38.2208,-93.76119,0,01/16/2020,09:32:00,CRASH OCCURRED AS VEHICLE1 WAS TRAVELING NORTHBOUND AND VEHICLE2 WAS TRAVELING SOUTHBOUND ON MO-13. VEHICLE2 ATTEMPTED TO TURN EAST ON RT Z AND TRAVELED INTO THE PATH OF VEHICLE1. THE FRONT OF VEHICLE1 STRUCK THE RIGHT SIDE OF VEHICLE2 AND BOTH VEHICLES TRAVELED OFF THE RIGHT SIDE OF THE ROAD COMING TO REST IN THE GRASS.
1507964,3200001204,Missouri State Highway Patrol-Troop H,1579132800000,200029832,2,0,0,2,Personal Injury,HARRISON,NON-CITY OR UNINCORPORATED,H,2,2,0,58,0.01,A ,E ,US 136,BRIDGE J0519,Daylight,Motor Vehicle in Transport,1,61,Thu     ,0,0,0,0,0,1,1,1,1,0,0,0,0,0,0,1,0,0,0,0,0,0,0,0,0,40.26502,-93.99281,0,01/16/2020,15:30:00,"OCCURRED WITH BOTH VEHICLES WESTBOUND ON US-136. VEHICLE 1 STRUCK THE REAR END OF VEHICLE 2, CAUSING VEHICLE 2 TO GO OFF THE NORTH SIDE OF THE ROADWAY AND OVERTURN. VEHICLE 2 CAME TO REST ON ITS SIDE FACING WEST. VEHICLE 1 CAME TO REST FACING NORTHWEST ON ITS WHEELS, PARTIALLY ON THE ROADWAY.  ASSISTED BY TPR T B HEINTZ (305) AND HARRISON COUNTY SO."
1204290,3200001609,Missouri State Highway Patrol-Troop C,1579132800000,200029875,1,0,1,0,Personal Injury,PERRY,ALTENBURG,C,1,1,0,311,0.06,B ,N,CST POPLAR STREET,RT A,Daylight,Pedestrian,1,,Thu     ,0,0,0,0,0,0,0,1,1,0,0,0,0,0,0,0,0,0,0,0,0,0,0,0,0,37.62928,-89.58891,0,01/16/2020,15:30:00,VEHICLE 1 WAS BACKING UP AND STRUCK PEDESTRIAN 1 AS HE WAS CROSSING THE STREET.
783141,3200002883,Missouri State Highway Patrol-Troop A,1579132800000,200030271,1,0,1,0,Personal Injury,PLATTE,KANSAS CITY,A,2,2,0,0,0,AT,S ,CST MEXICO CITY AVENUE,RP 256744,Dark-Lighted,Motor Vehicle in Transport,1,64,Thu     ,0,0,0,0,0,0,0,1,1,1,0,0,0,0,0,1,0,0,0,0,1,0,0,0,1,39.32664,-94.71211,0,01/16/2020,18:55:00,CRASH OCCURRED AS VEH 1 RAN RED LIGHT. VEH 2 ENTERED INTO THE INTERSECTION AND OVERTOOK AND STRUCK DRIVER SIDE OF VEH 1.  ASSISTED BY KANSAS CITY PD