objectid,accident,agency,inv_date,complaint,injured,killed,min_inj,dis_inj,severity,county,city,troop,no_vehicle,motor_veh,left_scene,dist_feet,dist_mile,inter_loc,direction,on_street,at_street,light_cond,acc_type,on_off_rd,two_veh,day_week,dr_drink,dr_drug,ped_drink,ped_drug,speed,dr_under21,dr_under25,dr_over55,dr_over64,electrical,emer_veh,stop_sign,yield_sign,czone,hazmat,aggressive,cell_phone,texting,veh_defect,school_bus,truck,motorcycle,atv,pickup,cmv,gps_lat,gps_long,severity_fatal,acc_date,acc_time,narrative
941328,3200001280,Missouri State Highway Patrol-Troop D,1579132800000,200030301,2,0,2,0,Personal Injury,DALLAS,NON-CITY OR UNINCORPORATED,D,1,1,0,201,0.04,A ,N,RT H,CRD BANNON RD,Dark-Unlighted,Animal,1,,Thu     ,0,0,0,0,0,0,0,0,0,0,0,0,0,0,0,0,0,0,0,0,1,0,0,0,1,37.55982,-93.03722,0,01/16/2020,18:59:00,"CRASH OCCURRED AS THE VEHICLE STRUCK A DEER IN THE ROADWAY, LOST CONTROL, TRAVELED OFF THE RIGHT SIDE OF THE ROADWAY AND STRUCK A DITCH."
1170976,3200001970,Missouri State Highway Patrol-Troop F,1579132800000,200030501,1,0,0,1,Personal Injury,MORGAN,NON-CITY OR UNINCORPORATED,F,1,1,0,0,0,AT,N,RT Y,CRD BRENDEL BLVD,Dark-Unlighted,Fixed Object,2,,Thu     ,1,0,0,0,0,0,0,0,0,0,0,0,0,0,0,0,0,0,0,0,1,0,0,1,0,38.28252,-92.70468,0,01/16/2020,21:20:00,OCCURRED AS VEHICLE 1 TRAVELED OFF THE RIGHT SIDE OF THE ROADWAY. VEHICLE 1 STRUCK AN EMBANKMENT AND A CONCRETE RETAINING WALL.
1194189,3200001327,Missouri State Highway Patrol-Troop B,1579219200000,200030715,1,0,0,1,Personal Injury,RALLS,MONROE CITY,B,2,2,0,68,0.01,B ,E ,BU 36,RT Z EJ,Dark-Lighted,Motor Vehicle in Transport,1,64,Fri     ,0,0,0,0,1,0,1,1,0,0,0,1,0,0,0,1,0,0,0,0,0,0,0,0,1,39.66404,-91.71443,0,01/17/2020,00:20:00,"VEHICLE 01 WAS ENTERING SOUTHBOUND RT Z FROM WESTBOUND US 36, VEHICLE 02 WAS NORTHBOUND ON RT Z, VEHICLE 02 STRUCK THE LEFT SIDE OF VEHICLE 01 AT THE INTERCHANGE. BOTH VEHICLES CAME TO REST ON THEIR WHEELS ON RT Z."
859026,3200002211,Missouri State Highway Patrol-Troop A,1579219200000,200030808,1,0,1,0,Personal Injury,JACKSON,BLUE SPRINGS,A,4,4,Y,975,0.18,B ,W ,IS 70,ERM WEST IS 70 MILE 202,Dark-Lighted,Motor Vehicle in Transport,1,61,Fri     ,,,,,,,,1,,0,0,0,0,0,0,,0,0,,,1,,,1,,39.03088,-94.27652,0,01/17/2020,05:55:00,"CRASH OCCURRED AS VEHICLE 4 STRUCK THE REAR OF VEHICLE 1. VEHICLE 1 LOST CONTROL AND STRUCK VEHICLE 2. VEHICLE 3 MOVED TO THE LEFT SHOULDER TO AVOID THE OTHER VEHICLES, BUT STRUCK VEHICLE 2 AS IT SLID OFF THE ROADWAY."
1329963,3200001028,Missouri State Highway Patrol-Troop G,1579219200000,200030819,1,0,1,0,Personal Injury,HOWELL,NON-CITY OR UNINCORPORATED,G,1,1,0,432,0.08,B ,E ,US 160,CST PREACHER ROE BLVD WJ,Dark-Unlighted,Fixed Object,2,,Fri     ,0,0,0,0,1,0,0,1,1,0,0,0,0,0,0,1,0,0,0,0,0,0,0,0,0,36.70534,-91.87826,0,01/17/2020,06:05:00,CRASH OCCURRED AS VEHICLE ONE SLIDE OFF THE RIGHT SIDE OF THE ROADWAY STRUCK A DRIVEWAY AND OVERTURNED
852066,3200002107,Missouri State Highway Patrol-Troop A,1579219200000,200030842,2,0,2,0,Personal Injury,CLAY,LIBERTY,A,2,2,0,0,0,AT,N,IS 35,ERM NORTH IS 35 MILE 192,Dark-Unlighted,Motor Vehicle in Transport,1,61,Fri     ,0,0,0,0,1,0,0,1,0,0,0,0,0,0,0,1,0,0,0,0,1,0,0,1,0,39.27626,-94.42575,0,01/17/2020,06:35:00,"CRASH OCCURRED AS VEH 2 SLOWED FOR TRAFFIC AND VEH 1 WAS UNABLE TO STOP ON ICY ROADWAY,   VEH 1 OVERTOOK AND STRUCK REAR OF VEH 2.  ASSISTED BY CLAY COUNTY SHERIFF'S DEPARTMENT"
783142,3200003536,Missouri State Highway Patrol-Troop A,1579219200000,200030879,1,0,1,0,Personal Injury,PLATTE,KANSAS CITY,A,3,3,0,158,0.03,B ,N,IS 29,ERM NORTH IS 29 MILE 62,Dark-Unlighted,Fixed Object,2,,Fri     ,0,0,0,0,1,0,1,0,0,0,0,0,0,0,0,1,0,0,0,0,0,0,0,0,0,39.21652,-94.64385,0,01/17/2020,07:06:00,CRASH OCCURRED AS  VEHICLE #1 FOLLOWED ANOTHER VEHICLE TOO CLOSELY. DRIVER #1 APPLIED THEIR BRAKES AND SWERVED TO THE LEFT TO AVOID A COLLISION. VEHICLE #1 ROTATED COUNTERCLOCKWISE INTO LANE #1 AND VEHICLE #2 SWERVED TO THE RIGHT TO AVOID VEHICLE #1. INITIAL IMPACT OCCURRED WHEN THE FRONT LEFT OF VEHICLE #2 STRUCK THE FRONT LEFT OF VEHICLE #1.   A SECOND IMPACT OCCURRED WHEN VEHICLE #1 RAN OFF THE ROADWAY TO THE LEFT AND THE LEFT REAR OF VEHICLE #1 STRUCK A CONCRETE MEDIAN BARRIER. VEHICLE #2 ROTATED CLOCKWISE INTO LANE 3. A THIRD IMPACT OCCURRED WHEN THE FRONT OF VEHICLE #3 STRUCK THE RIGHT REAR OF VEHICLE #2.
1285638,3200002151,Missouri State Highway Patrol-Troop C,1579219200000,200031002,2,0,1,1,Personal Injury,ST. FRANCOIS,NON-CITY OR UNINCORPORATED,C,1,1,0,7,0,B ,W ,PVT RECAR RD,RT E,Daylight,Fixed Object,2,,Fri     ,0,0,0,0,1,1,1,0,0,0,0,0,0,0,0,1,0,0,0,0,0,0,0,0,0,38.00675,-90.56913,0,01/17/2020,08:17:00,VEHICLE #1 TRAVELED OFF THE ROADWAY AND STRUCK A TREE.
1258879,3200003987,Missouri State Highway Patrol-Troop C,1579219200000,200031096,1,0,0,1,Personal Injury,ST. LOUIS,NON-CITY OR UNINCORPORATED,C,3,3,0,47,0.01,B ,W ,IS 70,RP 228080,Daylight,Motor Vehicle in Transport,1,63,Fri     ,,,,,,0,0,1,0,0,0,0,0,0,0,,0,0,,0,0,0,0,0,0,38.7539,-90.45375,0,01/17/2020,09:15:00,"ALL VEHICLES WERE TRAVELING WESTBOUND I-70, EAST OF MO 141.  VEHICLE 1 WAS PASSING VEHICLE 3.  VEHICLE 1 AND VEHICLE 3 MADE CONTACT AND VEHICLE 1 BEGAN SPINNING, TRAVELING TO THE RIGHT. VEHICLE 1 SPUN AND STRUCK VEHICLE 2.  VEHICLE  TRAVELED OFF THE ROAD AND OVERTURNED.  VEHICLE 2 AND VEHICLE 3 CAME TO CONTROLLED STOPS ON THE RIGHT SHOULDER. ASSISTED BY CPL. A.D SMITH (1357)"
1161621,3200001335,Missouri State Highway Patrol-Troop F,1579219200000,200031270,1,0,0,1,Personal Injury,BOONE,NON-CITY OR UNINCORPORATED,F,1,1,0,237,0.04,A ,N,MO 763,US 63 SJ,Daylight,Fixed Object,2,,Fri     ,0,0,0,0,1,0,1,0,0,0,0,0,0,0,0,1,0,0,0,0,0,0,0,0,0,39.02546,-92.32296,0,01/17/2020,10:45:00,"DRIVER 1 LOST CONTROL OF VEHICLE 1 ON ICE-COVERED ROADWAY, SLID OFF RIGHT SIDE OF ROAD, AND STRUCK SEVERAL TREES. ASSISTED BY CPL S. A. BRAZAS (315)"
799639,3200001785,Missouri State Highway Patrol-Troop A,1579219200000,200031336,1,0,1,0,Personal Injury,SALINE,MARSHALL,A,1,1,0,464,0.09,B ,S ,US 65,CRD 175TH LN,Daylight,Fixed Object,1,,Fri     ,0,0,0,0,1,1,1,0,0,0,1,0,0,0,0,1,0,0,0,0,0,0,0,0,0,39.04361,-93.19506,0,01/17/2020,11:20:00,"CRASH OCCURRED AT VEHICLE #1 LOST CONTROL ON THE ICE COVERED ROADWAY AND SLID OFF THE LEFT SIDE OF THE ROADWAY. VEHICLE #1 TRAVELED INTO THE MEDIAN AND OVERTURNED. VEHICLE #1 CAME TO REST ON ITS TOP, FACING NORTH. ASSISTED BY TPR A D MARTIN /701/, SALINE COUNTY SHERIFF'S DEPARTMENT AND MARSHALL FIRE."
801485,3200002091,Missouri State Highway Patrol-Troop A,1579219200000,200031418,1,0,1,0,Personal Injury,JACKSON,LEES SUMMIT,A,2,2,0,153,0.03,A ,E ,IS 470,ERM NORTH 470 MILE 116,Daylight,Motor Vehicle in Transport,1,61,Fri     ,0,0,0,0,1,0,0,0,0,0,0,0,0,0,0,1,0,0,0,0,0,0,0,0,1,38.96861,-94.35803,0,01/17/2020,12:23:00,CRASH OCCURRED AT VEHICLE 1 LOST CONTROL AND SKID INTO LEFT LANE AND WAS STRUCK BY VEHICLE 2.  VEHICLE 1 CONTINUED INTO MEDIAN AND STRUCK CABLE BARRIERS.
783143,3200001624,Missouri State Highway Patrol-Troop A,1579219200000,200031476,2,0,2,0,Personal Injury,PLATTE,KANSAS CITY,A,2,2,0,0,0,AT,S ,IS 29,ERM SOUTH IS 29 MILE 84,Daylight,Motor Vehicle in Transport,1,63,Fri     ,0,0,0,0,1,0,1,0,0,0,0,0,0,0,0,1,0,0,0,0,1,0,0,1,0,39.2458,-94.65854,0,01/17/2020,12:58:00,"CRASH OCCURRED AS DRIVER 1 LOST CONTROL OF  VEHICLE 1.  VEHICLE 1 STRUCK VEHICLE 2, VEHICLE 1 THEN STRUCK THE CONCRETE BARRIER AND CAUGHT FIRE.  ASSISTED BY TPR K.L. BROWN/ 1317, TRP J.M. HARRISON/ 549 AND KANSAS CITY POLICE DEPARTMENT."
852068,3200002452,Missouri State Highway Patrol-Troop A,1579219200000,200031577,1,0,1,0,Personal Injury,CLAY,LIBERTY,A,1,1,0,137,0.03,A ,N,IS 35,RP 1039721,Daylight,Fixed Object,2,,Fri     ,0,0,0,0,1,0,0,1,0,0,0,0,0,0,0,1,0,0,0,0,1,0,0,1,0,39.2812,-94.41894,0,01/17/2020,14:00:00,CRASH OCCURRED AS VEH LOST CONTROL ON ICY ROADWAY. TRAVELED INTO MEDIAN AND BECAME STUCK. ASSISTED BY TPR B S FLORAY/746
1311951,3200002120,Missouri State Highway Patrol-Troop C,1579219200000,200031683,1,0,1,0,Personal Injury,ST. CHARLES,ST PETERS,C,2,2,0,0,0,AT,N,MO 79,RP 1056234,Daylight,Motor Vehicle in Transport,1,64,Fri     ,0,0,0,0,0,0,0,0,0,1,0,0,0,0,0,1,0,0,0,0,0,0,0,0,0,38.80239,-90.65122,0,01/17/2020,15:02:00,VEHICLE 1 WAS NORTHBOUND ON HIGHWAY 79.  VEHICLE 2 WAS TURNING LEFT FROM SALT LICK ROAD ONTO HIGHWAY 79.  VEHICLE 1 TRAVELED THROUGH A STEADY RED TRAFFIC SIGNAL.  THE RIGHT FRONT OF VEHICLE 1 THEN STRUCK THE LEFT FRONT OF VEHICLE 2.
966001,3200001180,Missouri State Highway Patrol-Troop D,1579219200000,200031852,2,0,2,0,Personal Injury,MCDONALD,NON-CITY OR UNINCORPORATED,D,2,2,0,4752,0.9,A ,S ,MO 59,CST MARSHALL STREET SJ,Daylight,Motor Vehicle in Transport,1,61,Fri     ,0,0,0,0,0,0,1,0,0,0,1,0,0,0,0,1,0,0,0,0,1,0,0,1,0,36.63247,-94.45071,0,01/17/2020,17:15:00,OCCURRED AS VEH1 STRUCK THE REAR OF VEH2.
954220,3200001171,Missouri State Highway Patrol-Troop D,1579219200000,200031853,2,0,2,0,Personal Injury,GREENE,NON-CITY OR UNINCORPORATED,D,2,2,0,80,0.02,B ,W ,CRD FR 146,CRD FR 123,Daylight,Motor Vehicle in Transport,1,60,Fri     ,0,0,0,0,1,1,1,0,0,0,0,0,0,0,0,1,0,0,0,0,0,0,0,0,0,37.18861,-93.36549,0,01/17/2020,17:15:00,CRASH OCCURRED AS VEHICLE #1 CROSSED THE CENTER OF THE ROADWAY AND STRUCK VEHICLE #2.
1328716,3200002569,Missouri State Highway Patrol-Troop G,1579219200000,200031873,2,0,0,2,Personal Injury,OREGON,NON-CITY OR UNINCORPORATED,G,2,2,0,469,0.09,B ,N,US 63,CRD 360,Dark-Unlighted,Fixed Object,2,,Fri     ,1,0,0,0,1,0,0,0,0,0,0,0,0,0,0,1,0,0,0,0,0,0,0,0,0,36.55427,-91.55177,0,01/17/2020,17:30:00,VEHICLE #1 ATTEMPTED TO PASS A TRACTOR TRAILER IN A NO PASSING ZONE AND STRUCK VEHICLE #2 NEARLY HEAD ON.
1189039,3200001318,Missouri State Highway Patrol-Troop B,1579219200000,200031977,1,0,1,0,Personal Injury,ADAIR,NON-CITY OR UNINCORPORATED,B,3,3,0,2640,0.5,A ,S ,US 63,BRIDGE A4631,Dark-Unlighted,Motor Vehicle in Transport,1,60,Fri     ,0,0,0,0,1,0,0,0,0,0,0,0,0,0,0,1,0,0,0,0,0,0,0,0,1,40.2607,-92.5825,0,01/17/2020,18:53:00,VEHICLE 1 WAS NORTHBOUND WHEN DRIVER 1 LOST CONTROL ON SLICK ROADWAYS AND SLID INTO THE PATH OF SOUTHBOUND VEHICLE 2 AND SOUTHBOUND VEHICLE 3.
1189745,3200001190,Missouri State Highway Patrol-Troop F,1579219200000,200032043,1,0,1,0,Personal Injury,GASCONADE,NON-CITY OR UNINCORPORATED,F,1,1,0,322,0.06,A ,E ,MO 100,CRD PEACE VALLEY LN,Dark-Unlighted,Other Object,1,,Fri     ,0,0,0,0,0,0,0,0,0,0,0,0,0,0,0,0,0,0,0,0,1,0,0,1,0,38.69268,-91.39533,0,01/17/2020,19:45:00,CRASH OCCURRED AS VEHICLE 1 STRUCK A FALLEN TREE THAT WAS LYING ACROSS THE ROADWAY.
1227253,3200002454,Missouri State Highway Patrol-Troop C,1579219200000,200032103,0,0,0,0,Property Damage,ST. LOUIS,BRIDGETON,C,2,2,0,168,0.03,A ,W ,RP 6464,IS 270,Dark-Unlighted,Motor Vehicle in Transport,1,61,Fri     ,0,0,0,0,1,0,0,0,0,0,0,0,0,0,0,1,0,0,0,0,0,0,0,0,0,38.75023,-90.4399,0,01/17/2020,20:14:00,"VEHICLE 1 WAS INVOLVED IN A PREVIOUS CRASH AND WAS BLOCKING THE RAMP FROM I-270 NORTHBOUND TO I-70 WESTBOUND. PEDESTRIAN 1 WAS STANDING AT THE FRONT OF VEHICLE 1. VEHICLE 2 WAS TRAVELING ON THE RAMP, SLOWED FOR THE CRASH AHEAD, AND BEGAN TO SLIDE. VEHICLE 2 STRUCK THE REAR OF VEHICLE 1 WITH ITS FRONT, CAUSING VEHICLE 1 TO STRIKE PEDESTRIAN 1."
1311952,3200001887,Missouri State Highway Patrol-Troop C,1579305600000,200032325,1,0,1,0,Personal Injury,ST. CHARLES,ST PETERS,C,1,1,0,3695,0.7,B ,W ,IS 70,MO 79,Dark-Lighted,Fixed Object,2,,Sat     ,1,0,0,0,0,0,0,1,0,0,0,0,0,0,0,1,0,0,0,0,1,0,0,1,0,38.79984,-90.63887,0,01/18/2020,02:45:00,"VEHICLE 1 TRAVELED OFF THE LEFT SIDE OF THE ROADWAY, STRUCK THE CONCRETE BARRIER, AND RETURNED TO THE ROAD, VEHICLE 1 THEN TRAVELED OFF THE LEFT SIDE OF THE ROADWAY AGAIN, STRUCK THE CONCRETE BARRIER TWICE,  AND OVERTURNED,  ASSISTED BY ST. PETERS PD OFFICERS."
1500878,3200001294,Missouri State Highway Patrol-Troop H,1579305600000,200032392,1,0,1,0,Personal Injury,ANDREW,NON-CITY OR UNINCORPORATED,H,1,1,0,807,0.15,B ,S ,BU 71,CRD 444,Daylight,Fixed Object,2,,Sat     ,0,0,0,0,1,1,1,0,0,0,0,0,0,0,0,1,0,0,0,0,1,0,0,1,0,39.91927,-94.81367,0,01/18/2020,07:00:00,CRASH OCCURRED AS VEH #1 WAS TRAVELING SOUTHBOUND ON BUS-71 AND LOST CONTROL ON THE SNOW AND ICE-COVERED ROADWAY. VEH #1 TRAVELED OFF THE WEST SIDE OF BUS-71 AND OVERTURNED. VEH #1 CAME TO REST ON ITS DRIVER?S SIDE FACING SOUTH. ASSISTED BY ANDREW COUNTY SHERIFF?S OFFICE.
1319942,3200002065,Missouri State Highway Patrol-Troop G,1579305600000,200032506,2,0,2,0,Personal Injury,REYNOLDS,NON-CITY OR UNINCORPORATED,G,1,1,0,142,0.03,A ,N,MO 21,CRD 706B,Daylight,Fixed Object,2,,Sat     ,0,0,0,0,0,1,1,0,0,0,0,0,0,0,0,1,0,0,0,0,1,0,0,1,0,37.29252,-90.96307,0,01/18/2020,08:35:00,OCCURRED AS VEHICLE #1 TRAVELED OFF OF THE LEFT SIDE OF THE ROADWAY AND STRUCK A CONCRETE CURB AND A TREE. ASSISTED BY THE REYNOLDS CO SHERIFF DEPT.
1218937,3200002302,Missouri State Highway Patrol-Troop C,1579305600000,200032560,2,1,1,1,Fatal,FRANKLIN,SULLIVAN,C,1,1,0,190,0.04,A ,N,RP 1938,IS 44,Dark-Lighted,Fixed Object,2,,Sat     ,1,1,0,0,1,0,1,0,0,0,0,0,0,0,0,1,0,0,0,0,0,0,0,0,0,38.21016,-91.17332,1,01/18/2020,03:00:00,"FATALITY REPORT - VEHICLE 1 WAS EASTBOUND ON INTERSTATE 44.  VEHICLE 1 BEGAN TO EXIT AT THE 225 EXIT RAMP.  VEHICLE 1 THEN STARTED TO SKID, CAUSING VEHICLE 1 TO TRAVEL OFF THE LEFT SIDE OF THE ROADWAY.  AFTER GOING OFF THE ROADWAY, VEHICLE 1 STRUCK A TREE.  VEHICLE 1 THEN STRUCK A CULVERT AND OVERTURNED.  DRIVER 1 PRONOUNCED BY EMS PERSONNEL ON SCENE AT 0915 HOURS ON 1/18/2020.  ASSISTED BY TPR J. R. SUMMERS (1254), CPL E.R. KESSLER (890),  CPL C.M. BISHOP (202), TPR M.W.HEDLUND (255) , TPR N. SCHUETZ (950), TPR C.M. BARCLAY (135), TPR J.M. VAN METER (1396), CPL J.J. MCDONALD (693). CORRECTED REPORT"
1511049,3200002056,Missouri State Highway Patrol-Troop H,1579305600000,200032983,1,0,1,0,Personal Injury,MERCER,NON-CITY OR UNINCORPORATED,H,1,1,Y,1937,0.37,A ,E ,US 136,RT W,Dark-Unlighted,Overturn,2,,Sat     ,,,,,,0,1,0,0,0,0,0,0,0,0,,0,0,,0,0,0,0,0,0,40.45505,-93.45841,0,01/18/2020,06:00:00,"OCCURRED AS VEHICLE 1 WAS EASTBOUND ON US 136, EXACT LOCATION UNKNOWN (CRASH WAS REPORTED LATE). DRIVER SAYS A MECHANICAL ERROR CAUSED HIS VEHICLE TO SLIDE AND RUN OFF THE ROADWAY. VEHICLE 1 OVERTURNED AND CAME TO REST ON ITS TOP. ASSISTED BY TPR J E HAINEY (775) AND TPR A D  NEIGHBORS (1393)"
1189717,3200002776,Missouri State Highway Patrol-Troop F,1579305600000,200033116,1,0,0,1,Personal Injury,GASCONADE,NON-CITY OR UNINCORPORATED,F,1,1,0,570,0.11,B ,W ,RT V,BRIDGE A4435,Daylight,Fixed Object,2,,Sat     ,0,0,0,0,1,0,0,0,0,0,0,0,0,0,0,1,0,0,0,0,0,0,0,0,0,38.32142,-91.46205,0,01/18/2020,14:25:00,CRASH OCCURRED AS VEHICLE 1 TRAVELED OFF THE LEFT SIDE OF THE ROADWAY AND STRUCK A TREE. ASSISTED BY SGT. K. L. LICHAY (443).
1212154,3200002462,Missouri State Highway Patrol-Troop F,1579305600000,200033184,1,0,1,0,Personal Injury,COLE,NON-CITY OR UNINCORPORATED,F,2,2,0,1024,0.19,A ,W ,US 54,PVT WOODED HILLS LN,Daylight,Motor Vehicle in Transport,1,61,Sat     ,0,0,0,0,0,0,0,0,0,0,0,0,0,0,0,1,0,0,0,0,0,0,0,0,0,38.51563,-92.23816,0,01/18/2020,15:13:00,CRASH OCCURRED AS VEHICLE 1 STRUCK THE REAR OF VEHICLE 2 CAUSING VEHICLE 2 TO SLIDE OFF THE LEFT SIDE OF THE ROADWAY INTO THE MEDIAN.
954218,3200001988,Missouri State Highway Patrol-Troop D,1579305600000,200033201,1,0,0,1,Personal Injury,GREENE,NON-CITY OR UNINCORPORATED,D,2,2,Y,1584,0.3,B ,N,RT H,CRD 68,Daylight,Motor Vehicle in Transport,1,61,Sat     ,0,0,0,0,0,0,0,1,0,0,0,0,0,0,0,1,0,0,0,0,0,0,0,0,0,37.31274,-93.26312,0,01/18/2020,15:25:00,VEHICLE #1 OVERTOOK AND STRUCK VEHICLE #2 FROM BEHIND CAUSING VEHICLE #2 TO TRAVEL OFF THE ROADWAY AND OVERTURN.
1135972,3200002175,Missouri State Highway Patrol-Troop E,1579305600000,200033218,1,0,1,0,Personal Injury,CAPE GIRARDEAU,NON-CITY OR UNINCORPORATED,E,1,1,0,7391,1.4,A ,W ,RT CC,PVT UNKNOWN,Daylight,Fixed Object,2,,Sat     ,0,0,0,0,1,0,0,1,1,0,0,0,0,0,0,1,0,0,0,0,1,0,0,1,0,37.55572,-89.56526,0,01/18/2020,15:23:00,CRASH OCCURRED AS VEHICLE ONE TRAVELED OFF THE RIGHT SIDE OF THE ROADWAY COMING TO REST IN A CREEK BED.
1016137,3200001817,Missouri State Highway Patrol-Troop D,1579305600000,200033548,2,0,2,0,Personal Injury,NEWTON,NON-CITY OR UNINCORPORATED,D,2,2,0,554,0.1,B ,N,MO 43,CRD GUM,Dark-Unlighted,Motor Vehicle in Transport,1,63,Sat     ,0,0,0,0,0,0,0,1,1,0,0,0,0,0,0,1,0,0,0,0,0,0,0,0,0,36.95439,-94.5565,0,01/18/2020,18:20:00,OCCURRED AS VEH1 PULLED INTO THE PATH OF VEH2. ASSISTED BY CPL G.H. HENDRIX #612
1175825,3200001387,Missouri State Highway Patrol-Troop B,1579305600000,200033574,1,0,0,1,Personal Injury,CLARK,NON-CITY OR UNINCORPORATED,B,1,1,0,2112,0.4,A ,E ,RT C,CRD 197,Dark-Unlighted,Fixed Object,2,,Sat     ,1,0,0,0,1,0,0,0,0,0,0,0,0,0,0,1,0,0,0,0,1,0,0,1,0,40.43732,-91.59542,0,01/18/2020,18:40:00,"DRIVER 1 LOST CONTROL ON ICE COVERED ROADWAY, TRAVELED OFF THE LEFT SIDE OF THE ROADWAY, AND STRUCK A TREE. ASSISTED BY TPR SMITH #1460, THE CLARK COUNTY SHERIFF'S DEPARTMENT, AND WAYLAND FIRE DEPARTMENT."
1200424,3200003171,Missouri State Highway Patrol-Troop C,1579305600000,200033669,1,0,1,0,Personal Injury,ST. LOUIS CITY,ST LOUIS,C,1,1,Y,0,0,AT,N,RP 104644,CST VIRGINIA AVE,Dark-Lighted,Fixed Object,2,,Sat     ,0,0,0,0,1,1,1,0,0,0,0,1,0,0,0,1,0,0,0,0,0,0,0,0,0,38.56229,-90.24622,0,01/18/2020,17:39:00,"VEHICLE 1 WAS TRAVELING NORTHBOUND ON INTERSTATE 55, EXITED AT VIRGINIA AVE, RAN OFF THE SIDE OF THE ROAD AND STRUCK THE GROUND. ASSISTED BY TPR. L. A. DEZNER (660 ) AND MSGT. D. F. ISRINGHAUSEN (1335)"
1065054,3200002100,Missouri State Highway Patrol-Troop I,1578700800000,200034060,3,0,3,0,Personal Injury,LACLEDE,NON-CITY OR UNINCORPORATED,I,3,3,0,5,0,A ,E ,IS 44,ERM EAST IS 44 MILE 1432,Daylight,Fixed Object,2,,Sat     ,0,0,0,0,1,0,1,1,0,0,0,0,0,0,0,1,0,0,0,0,0,0,0,0,1,37.76053,-92.45139,0,01/11/2020,16:12:00,"OCCURRED AS DVR 1 LOST CONTROL AND VEH 1 STRUCK A BRIDGE. VEH 2 SLOWED TO AVOID VEH 1, VEH 3 STRUCK THE REAR OF VEH 2, THEN STRUCK VEH 1."
1205191,3200001389,Missouri State Highway Patrol-Troop F,1579392000000,200034326,4,0,4,0,Personal Injury,COOPER,NON-CITY OR UNINCORPORATED,F,1,1,0,575,0.11,B ,N,MO 5,RT E,Dark-Unlighted,Fixed Object,2,,Sun     ,0,0,0,0,1,0,1,0,0,0,0,0,0,0,0,1,0,0,0,0,0,0,0,0,0,38.79824,-92.85609,0,01/19/2020,04:05:00,"CRASH OCCURRED AS VEHICLE 1 CROSSED THE CENTER LINE, DRIVER 1 OVER CORRECTED VEHICLE 1 CAUSING IT TO GO OFF THE RIGHT SIDE OF THE ROADWAY. DRIVER 1 OVERCORRECTED AGAIN CAUSING VEHICLE 1 TO GO OFF THE LEFT SIDE OF THE ROADWAY AND STRIKE A TREE."
799640,3200002156,Missouri State Highway Patrol-Troop A,1579392000000,200034343,1,0,1,0,Personal Injury,SALINE,MARSHALL,A,1,1,0,303,0.06,B ,W ,IS 70,ERM WEST IS 70 MILE 824,Dark-Unlighted,Overturn,1,,Sun     ,0,0,0,0,0,0,0,0,0,0,0,0,0,0,0,0,0,0,0,0,0,0,0,0,1,38.95568,-93.12616,0,01/19/2020,06:40:00,"THIS CRASH OCCURRED AS VEHICLE #1 WAS TRAVELING WESTBOUND ON INTERSTATE 70 AND TRAVELED OFF THE RIGHT SIDE OF THE ROADWAY. VEHICLE #1 STRUCK ERM 82.4, TRAVELED BACK ONTO THE ROAD, AND OVERTURNED. VEHICLE #1 CAME TO REST ON ITS PASSENGER SIDE, BLOCKING BOTH WB LANES, FACING SOUTH. ASSISTED BY MARSHALL FIRE DEPARTMENT AND SALINE COUNTY SHERIFF'S DEPARTMENT."
1501580,3200001536,Missouri State Highway Patrol-Troop H,1579392000000,200034418,1,0,1,0,Personal Injury,ATCHISON,NON-CITY OR UNINCORPORATED,H,1,1,0,20,0,A ,S ,CRD F AVE,CRD 270 ST,Dark-Unlighted,Fixed Object,2,,Sun     ,0,0,0,0,1,0,0,0,0,0,0,0,0,0,0,1,0,0,0,0,1,0,0,1,0,40.33788,-95.578,0,01/19/2020,06:50:00,"CRASH OCCURRED AS VEH #1 WAS TRAVELING SOUTHBOUND ON F AVE APPROACHING THE INTERSECTION OF 270TH. DVR #1 OBSERVED A DIRT BERM ACROSS THE ROADWAY. DVR #1 BEGAN TO BRAKE AND VEH #1 BEGAN TO SLIDE ON THE ICE-COVERED ROADWAY. VEH #1 STRUCK THE DIRT BERM AND BECAME AIRBORN, STRUCK THE DITCH, AND OVERTURNED. VEH #1 CAME TO REST ON ITS TOP OFF THE WEST SIDE OF F AVE FACING SOUTH EAST."
1016136,3200001486,Missouri State Highway Patrol-Troop D,1579392000000,200034496,0,1,0,0,Fatal,NEWTON,NON-CITY OR UNINCORPORATED,D,1,1,0,258,0.05,A ,W ,RP 278943,IS 49,Unknown,Overturn,2,,Unk     ,1,0,0,0,0,0,0,0,0,0,0,0,0,0,0,0,0,0,0,0,1,0,0,1,0,36.92661,-94.43051,1,01/19/2020,00:00:00,FATALITY ACCIDENT - THIS IS TROOP D'S 5TH FATALITY ACCIDENT FOR 2020 - ACCIDENT OCCURRED AS NBR 1 WENT OFF THE LEFT SIDE OF THE RAMP DRIVER OVERCORRECTED WENT OF THE RIGHT SIDE OF THE ROADWAY AND OVERTURNED. SUBJECT PRONOUNCED DECEASED AT THE SCENE  BY NEWTON COUNTY DEPUTY CORONER B. ARTHERTON. NEXT OF KIN NOTIFIED. THE EXACT TIME OF THE ACCIDENT IS UNKNOWN.