objectid,accident,agency,inv_date,complaint,injured,killed,min_inj,dis_inj,severity,county,city,troop,no_vehicle,motor_veh,left_scene,dist_feet,dist_mile,inter_loc,direction,on_street,at_street,light_cond,acc_type,on_off_rd,two_veh,day_week,dr_drink,dr_drug,ped_drink,ped_drug,speed,dr_under21,dr_under25,dr_over55,dr_over64,electrical,emer_veh,stop_sign,yield_sign,czone,hazmat,aggressive,cell_phone,texting,veh_defect,school_bus,truck,motorcycle,atv,pickup,cmv,gps_lat,gps_long,severity_fatal,acc_date,acc_time,narrative
1509395,3200002610,Missouri State Highway Patrol-Troop H,1579392000000,200035021,1,0,0,1,Personal Injury,NODAWAY,NON-CITY OR UNINCORPORATED,H,1,1,0,1056,0.2,A ,N,US 71,CRD 390TH,Daylight,Fixed Object,2,,Sun     ,0,0,0,0,0,0,0,0,0,0,0,0,0,0,0,1,0,0,0,0,0,0,0,0,0,40.16038,-94.86898,0,01/19/2020,14:33:00,"OCCURRED AS VEHICLE 1 WAS NORTHBOUND ON US 71 AND WENT OFF THE RIGHT SIDE OF THE ROADWAY. VEHICLE 1 STRUCK A SMALL TREE, THEN WENT OVER A DRAINAGE DITCH AND STRUCK THE GROUND COMING TO REST IN THE DITCH ON ITS WHEELS FACING NORTHWEST.  ASSISTED BY NODAWAY COUNTY SO."
1141673,3200001260,Missouri State Highway Patrol-Troop E,1579392000000,200035076,3,0,2,1,Personal Injury,BUTLER,NON-CITY OR UNINCORPORATED,E,2,2,0,0,0,AT,N,US 67,NOR 60,Daylight,Motor Vehicle in Transport,1,64,Sun     ,0,0,0,0,0,0,0,1,1,0,0,1,0,0,0,1,0,0,0,0,1,0,0,1,0,36.8023,-90.45548,0,01/19/2020,15:17:00,CRASH OCCURRED AS VEHICLE 1 FAILED TO YIELD TO VEHICLE 2.
1282316,3200001709,Missouri State Highway Patrol-Troop C,1579392000000,200035563,1,0,1,0,Personal Injury,ST. CHARLES,O'FALLON,C,2,2,0,274,0.05,A ,E ,IS 64,ERM EAST IS 64 MILE 68,Daylight,Motor Vehicle in Transport,1,61,Sun     ,0,0,0,0,0,0,0,0,0,0,0,0,0,0,0,0,0,0,0,0,0,0,0,0,0,38.74087,-90.74595,0,01/19/2020,20:37:00,THE FRONT OF VEHICLE 1 STRUCK THE REAR OF VEHICLE 2. ASSISTED BY TPR. J. V. BONDURANT (1468)
1304739,3200003835,Missouri State Highway Patrol-Troop C,1579478400000,200035952,0,1,0,0,Fatal,WARREN,NON-CITY OR UNINCORPORATED,C,2,2,0,348,0.07,A ,S ,RT TT,PVT WOODLAND DR,Daylight,Motor Vehicle in Transport,1,60,Mon     ,0,0,0,0,0,0,1,0,0,0,0,0,0,0,0,1,1,0,0,0,1,0,0,0,1,0,0,1,01/20/2020,07:35:00,"FATALITY REPORT - VEHICLE #1 WAS TRAVELING NORTHBOUND ON ROUTE TT AT THE TIME OF THE CRASH.  VEHICLE #2 WAS TRAVELING SOUTHBOUND ON ROUTE TT AT THE TIME OF THE CRASH.  THE CRASH OCCURRED AS THE DRIVER OF VEHICLE #1 FAILED TO NEGOTIATE A CURVE TO THE RIGHT IN THE ROADWAY AND TRAVELED OVER THE CENTERLINE OF THE ROADWAY.  IMPACT OCCURRED WHEN THE FRONT LEFT OF VHEICLE #1 STRUCK THE FRONT OF VEHICLE #2. DRIVER 1 WAS PRONOUNCED ON SCENE BY ASSISTANT DEPUTY CORONER DEAN JACKSON AT 0851 HOURS ON JANUARY 20, 2020. ASSISTED BY CPL. J. S. GRAUE (154) AND CPL. A. D. GADBERRY (258)"
1025665,3200002128,Missouri State Highway Patrol-Troop D,1579478400000,200036172,1,0,1,0,Personal Injury,TANEY,NON-CITY OR UNINCORPORATED,D,2,2,0,0,0,AT,E ,RT F,RP 7823,Daylight,Motor Vehicle in Transport,1,64,Mon     ,0,0,0,0,0,0,0,1,1,1,0,0,0,0,0,1,0,0,0,0,0,0,0,0,0,36.71152,-93.21969,0,01/20/2020,10:01:00,NR1 FAILED TO YIELD AND PULLED INTO THE PATH OF NR2. NR2 STRUCK NR1.
1169210,3200001903,Missouri State Highway Patrol-Troop F,1579478400000,200036320,2,0,1,1,Personal Injury,MONITEAU,NON-CITY OR UNINCORPORATED,F,1,1,0,232,0.04,A ,W ,RT C,CRD MORGAN RD,Daylight,Overturn,2,,Mon     ,0,0,0,0,1,0,0,0,0,0,0,0,0,0,0,1,0,0,0,0,0,0,0,0,0,38.46091,-92.65662,0,01/20/2020,11:22:00,CRASH OCCURRED AS VEHICLE 1 SLID OFF THE LEFT SIDE OF THE SNOW COVERED ROADWAY AND OVERTURNED. ASSISTED BY TPR. C. A. WINTER (1113).
1169211,3200002224,Missouri State Highway Patrol-Troop F,1579478400000,200036362,1,0,1,0,Personal Injury,MONITEAU,NON-CITY OR UNINCORPORATED,F,1,1,0,150,0.03,A ,W ,US 50,CRD PAM JONES RD,Daylight,Fixed Object,2,,Mon     ,0,0,0,0,1,1,1,0,0,0,0,0,0,0,0,1,0,0,0,0,0,0,0,0,0,38.64138,-92.65382,0,01/20/2020,11:45:00,"CRASH OCCURRED AS VEHICLE 1 WENT OFF THE RIGHT SIDE OF THE ROADWAY AND STRUCK A TREE AND CHEVRON SIGN,"
829362,3200001659,Missouri State Highway Patrol-Troop A,1579478400000,200036381,1,0,1,0,Personal Injury,CLAY,CLAYCOMO,A,2,2,0,10,0,A ,S ,IS 435,RP 5957 SJ,Daylight,Fixed Object,2,,Mon     ,0,0,0,0,0,0,0,1,1,0,0,0,0,0,0,1,0,0,0,0,1,0,0,1,1,39.20137,-94.49274,0,01/20/2020,11:55:00,"OCCURRED AS VEH2 TRAVELED OFF THE LEFT SIDE AND STRUCK CONCRETE WALL, THEN RETURNED TO THE ROADWAY AND WAS STRUCK BY VEH1. ASSISTED BY CLAYCOMO POLICE DEPARTMENT AND KANSAS CITY POLICE DEPARTMENT."
1181036,3200001532,Missouri State Highway Patrol-Troop B,1579478400000,200036479,4,0,4,0,Personal Injury,RANDOLPH,NON-CITY OR UNINCORPORATED,B,1,1,0,359,0.07,B ,S ,US 63,MO 22,Daylight,Fixed Object,2,,Mon     ,0,0,0,0,1,1,1,0,0,0,0,0,0,0,0,1,0,0,0,0,0,0,0,0,0,39.24689,-92.32462,0,01/20/2020,12:40:00,VEHICLE 01 DROVE OFF LEFT SIDE OF ROADWAY AND STRUCK A GUARDRAIL.  ASSISTED BY TPR GIPSON #1164 AND BOONE COUNTY FIRE DEPARTMENT.
1205208,3200001531,Missouri State Highway Patrol-Troop F,1579478400000,200036480,1,0,1,0,Personal Injury,COOPER,NON-CITY OR UNINCORPORATED,F,2,2,0,306,0.06,A ,E ,IS 70,ERM EAST IS 70 MILE 1086,Daylight,Motor Vehicle in Transport,1,61,Mon     ,0,0,0,0,1,0,1,1,0,0,0,0,0,0,0,1,1,0,0,0,0,0,0,0,0,38.93844,-92.64929,0,01/20/2020,12:45:00,CRASH OCCURRED AS VEHICLE 1 WAS STOPPED IN CONGESTION.  VEHICLE 2 FAILED TO STOP AND STRUCK VEHICLE 1 IN REAR.
1205192,3200002652,Missouri State Highway Patrol-Troop F,1579478400000,200036502,0,0,0,0,Property Damage,COOPER,NON-CITY OR UNINCORPORATED,F,2,2,0,253,0.05,B ,E ,IS 70,ERM WEST IS 70 MILE 1146,Daylight,Fixed Object,2,,Mon     ,0,0,0,0,1,0,0,0,0,0,0,0,0,0,0,1,0,0,0,0,1,0,0,1,0,38.95823,-92.54741,0,01/20/2020,11:49:00,"THIS CRASH OCCURRED AS VEHICLES 2 THROUGH 20 WERE TRAVELING WEST ON INTERSTATE 70, ON THE MISSOURI RIVER BRIDGE, IN COOPER COUNTY. VEHICLE 1 WAS INVOLVED IN AN UNRELATED CRASH AND CAME TO REST BLOCKING BOTH LANES OF WESTBOUND INTERSTATE 70.  VEHICLES 2 THROUGH 20 ATTEMPTED TO SLOW DOWN RAPIDLY AND MULTIPLE COLLISIONS OCCURRED."
1061763,3200002663,Missouri State Highway Patrol-Troop I,1579564800000,200036515,1,0,0,1,Personal Injury,PHELPS,NON-CITY OR UNINCORPORATED,I,1,1,0,0,0,AT,W ,IS 44,ERM WEST IS 44 MILE 1748,Daylight,Overturn,2,,Mon     ,0,0,0,0,1,0,0,1,1,0,0,0,0,0,0,1,0,0,0,0,1,0,0,1,0,37.92966,-91.96304,0,01/20/2020,13:00:00,CRASH OCCURRED AS VEHICLE 1 TRAVELED OFF THE RIGHT SIDE OF THE ROADWAY AND OVERTURNED.
1170982,3200002028,Missouri State Highway Patrol-Troop F,1579478400000,200036553,1,0,0,1,Personal Injury,MORGAN,NON-CITY OR UNINCORPORATED,F,2,2,0,63,0.01,B ,E ,MO 52,BRIDGE H0478,Daylight,Motor Vehicle in Transport,1,61,Mon     ,0,0,0,0,1,0,0,1,1,0,0,0,0,0,0,1,0,0,0,0,0,0,0,0,0,38.43881,-92.96967,0,01/20/2020,13:16:00,"CRASH OCCURRED AS VEHICLE 2 STRUCK THE REAR OF VEHICLE 1 AND CONTINUED TO SLIDE ACROSS THE HIGHWAY. VEHICLE 2 TRAVELED OFF THE RIGHT SIDE OF THE ROADWAY AND STRUCK A UTILITY POLE, ASSISTED BY TPR. S. D. SEARS (1407) AND CVO. T. A. MORRIS (W154)."
1061764,3200001752,Missouri State Highway Patrol-Troop I,1579478400000,200036556,2,0,2,0,Personal Injury,PHELPS,NON-CITY OR UNINCORPORATED,I,2,2,0,691,0.13,A ,N,US 63,CRD 7160,Daylight,Motor Vehicle in Transport,1,60,Mon     ,0,0,0,0,1,0,0,1,0,0,0,0,0,0,0,1,0,0,0,0,1,0,0,1,0,37.86603,-91.7946,0,01/20/2020,13:15:00,"CRASH OCCURRED AS VEHICLE 1 CROSSED THE CENTER OF THE ROADWAY AND STRUCK VEHICLE 2.  VEHICLE 1 & VEHICLE 2 TRAVELED OFF THE ROADWAY INTO THE DITCH,"
1061762,3200002473,Missouri State Highway Patrol-Troop I,1579478400000,200036598,2,0,0,2,Personal Injury,PHELPS,NON-CITY OR UNINCORPORATED,I,2,2,0,380,0.07,B ,W ,MO 72,CRD 5285 WJ,Daylight,Motor Vehicle in Transport,1,60,Mon     ,0,0,0,0,1,0,1,1,0,0,0,0,0,0,0,1,0,0,0,0,0,0,0,0,0,37.85614,-91.70469,0,01/20/2020,13:30:00,CRASH OCCURRED AS VEHICLE 1 CROSSED THE CENTER OF THE ROADWAY AND STRUCK VEHICLE 2.  VEHICLE 1 OVERTURNED AFTER IMPACT.  DRIVER 1 WAS EJECTED
1046596,3200001818,Missouri State Highway Patrol-Troop I,1579478400000,200036661,3,0,3,0,Personal Injury,PULASKI,ST ROBERT,I,2,2,0,464,0.09,B ,E ,IS 44,ERM EAST IS 44 MILE 1592,Daylight,Fixed Object,2,,Mon     ,0,0,0,0,1,0,0,0,0,0,0,0,0,0,0,1,0,0,0,0,0,0,0,0,1,37.82004,-92.18072,0,01/20/2020,13:51:00,"CRASH OCCURRED AS VEHICLE 2 WAS STOPPED IN TRAFFIC, PARTIALLY OFF THE RIGHT SIDE OF THE ROADWAY, DUE TO CONGESTION AHEAD.  DRIVER 1, TRAVELING BEHIND VEHICLE 2, STARTED BRAKING, AND LOST CONTROL OF VEHICLE 1 ON THE ICE AND SNOW COVERED ROADWAY.  VEHICLE 1 TRAVELED OFF THE RIGHT SIDE OF THE ROADWAY, STRUCK A GUARDRAIL, THEN STRUCK THE REAR OF VEHICLE 2."
1038813,3200001737,Missouri State Highway Patrol-Troop I,1579478400000,200036704,1,0,1,0,Personal Injury,PULASKI,NON-CITY OR UNINCORPORATED,I,1,1,0,3695,0.7,A ,N,MO 17,RT AB,Daylight,Fixed Object,2,,Mon     ,0,0,0,0,1,0,0,0,0,0,0,0,0,0,0,1,0,0,0,0,1,0,0,1,0,37.75374,-92.29732,0,01/20/2020,14:15:00,"OCCURRED AS DRIVER 1 LOST CONTROL, VEHICLE 1 TRAVELED OFF THE LEFT SIDE OF THE ROADWAY, STRKING A DECK OF A HOUSE BEFORE COMING TO REST."
1061796,3200001769,Missouri State Highway Patrol-Troop I,1579478400000,200036738,3,0,3,0,Personal Injury,PHELPS,NON-CITY OR UNINCORPORATED,I,2,2,0,633,0.12,A ,W ,MO 8,MO 68 EJ,Daylight,Motor Vehicle in Transport,1,60,Mon     ,0,0,0,0,1,0,0,0,0,0,0,0,0,0,0,1,0,0,0,0,1,0,0,1,0,37.96001,-91.57224,0,01/20/2020,14:20:00,"THE CRASH OCCURRED AS VEHICLE 1 BEGAN SLIDING ON THE SLICK ROAD, CROSSED THE CENTER OF THE ROADWAY AND STRUCK VEHICLE 2 HEAD-ON."
782412,3200002640,Missouri State Highway Patrol-Troop A,1579478400000,200036817,3,0,3,0,Personal Injury,HENRY,NON-CITY OR UNINCORPORATED,A,3,3,0,0,0,AT,S ,MO 13,BU 52,Daylight,Motor Vehicle in Transport,1,64,Mon     ,0,0,0,0,0,0,0,1,1,0,0,1,1,0,0,1,0,0,0,0,0,0,0,0,0,38.26438,-93.76039,0,01/20/2020,14:47:00,"CRASH OCCURRED AS VEH1 STRUCK THE PASSENGER SIDE OF VEH2, THEN STRUCK VEH3 AND A UTILITY POLE.  ASSISTED BY TPR J R ATHERTON /682/, CPL R C WEST /1170/ AND HENRY COUNTY SHERIFF'S DEPARTMENT."
1065156,3200001628,Missouri State Highway Patrol-Troop I,1579478400000,200036912,1,0,1,0,Personal Injury,LACLEDE,NON-CITY OR UNINCORPORATED,I,1,1,0,84,0.02,A ,E ,IS 44,ERM EAST IS 44 MILE 1186,Daylight,Fixed Object,2,,Mon     ,0,0,0,0,1,0,0,0,0,0,0,0,0,0,0,1,0,0,0,0,0,0,0,0,0,37.56282,-92.78233,0,01/20/2020,14:20:00,"CRASH OCCURRED AS VEHICLE 1 BEGAN TO SLIDE, VEHICLE 1 TRAVELED OFF THE RIGHT SIDE OF THE ROADWAY AND STRUCK AN EMBANKMENT."
1038811,3200001732,Missouri State Highway Patrol-Troop I,1579478400000,200036918,1,0,1,0,Personal Injury,PULASKI,NON-CITY OR UNINCORPORATED,I,2,2,0,469,0.09,B ,S ,CRD LONGVIEW RD,MO 17,Daylight,Motor Vehicle in Transport,1,61,Mon     ,0,0,0,0,1,1,1,1,0,0,0,0,0,0,0,1,0,0,0,0,0,0,0,0,0,37.85029,-92.20318,0,01/20/2020,15:15:00,"OCCURRED AS VEHICLE 2 WAS STOPPED ON THE ROADWAY, WHEN VEHICLE 1 SLID INTO THE REAR OF VEHICLE 2.  BOTH VEHICLES CAME TO REST OFF  THE ROADWAY."
997406,3200002218,Missouri State Highway Patrol-Troop D,1579478400000,200036996,0,1,0,0,Fatal,STONE,BRANSON WEST,D,2,2,0,1018,0.19,A ,S ,CST BUSINESS 13,MO 265 NJ,Daylight,Motor Vehicle in Transport,1,60,Mon     ,0,0,0,0,1,1,1,0,0,0,0,0,0,0,0,1,0,0,0,0,0,0,0,0,0,36.70705,-93.37315,1,01/20/2020,15:35:00,FATAL ACCIDENT   THIS IS TROOP D'S 7TH FATAL OF THE YEAR  NEXT OF KIN NOTIFIED  OCCURRED AS DRIVER #1 ATTEMPTED TO PASS ANOTHER VEHICLE AND STRUCK #2 HEAD ON.  ASSISTED BY CPL K. C. MORRIS #794
1320583,3200001660,Missouri State Highway Patrol-Troop G,1579478400000,200037031,1,0,1,0,Personal Injury,TEXAS,NON-CITY OR UNINCORPORATED,G,1,1,0,2640,0.5,A ,W ,US 60,SOR 60,Daylight,Fixed Object,2,,Mon     ,0,0,0,0,1,0,0,0,0,0,0,0,0,0,0,1,0,0,0,0,1,0,0,1,0,37.06215,-92.02699,0,01/20/2020,15:50:00,"OCCURRED AS VEHICLE TRAVELED OFF THE ROADWAY AND STRUCK A TELEPHONE POLE, CAUSING VEHICLE TO OVERTURN."
1177916,3200001797,Missouri State Highway Patrol-Troop F,1579478400000,200037214,1,0,1,0,Personal Injury,CAMDEN,NON-CITY OR UNINCORPORATED,F,2,2,0,79,0.01,B ,W ,RT Y,NOR 54,Daylight,Motor Vehicle in Transport,1,62,Mon     ,0,0,0,0,1,0,0,1,0,0,0,0,0,0,0,1,0,0,0,0,1,0,0,1,1,38.07732,-92.69248,0,01/20/2020,16:57:00,"VEHICLE 1 WAS TRAVELING SOUTHBOUND ON RT Y @ N FRONTAGE RD.  AS VEHICLE 1 WAS ROUNDING THE CURVE, VEHICLE 1 BEGAN SLIDDING, CROSSED OVER THE CENTER OF THE ROADWAY INTO THE NORTHBOUND LANE OF RT Y, AND STRUCK VEHICLE 2 WHO WAS TRAVELING IN THE NORTHBOUND.  VEHICLE 1 COME TO A CONTROLLED STOP ON THE SHOULDER OF THE ROADWAY FACING SOUTH.  VEHICLE 2 ALSO COME TO A CONTROLLED STOP ON THE SHOULDER OF THE ROADWAY FACING NORTH.  VEHICLE 1 WAS DRIVEN FROM THE SCENE.  VEHICLE 2 WAS TOWED BY BLEDSOE'S TOWING."
1289004,3200002134,Missouri State Highway Patrol-Troop C,1579478400000,200037397,1,0,1,0,Personal Injury,PIKE,NON-CITY OR UNINCORPORATED,C,2,2,0,89,0.02,B ,W ,US 54,RP 6765,Dark-Unlighted,Motor Vehicle in Transport,1,61,Mon     ,0,0,0,0,0,0,0,0,0,0,0,0,0,0,0,1,0,0,0,0,1,0,0,1,0,39.35864,-91.20616,0,01/20/2020,18:10:00,BOTH VEHICLES WERE TRAVELING WESTBOUND ON US-54. THE FRONT OF VEHICLE 1 STRUCK THE REAR OF VEHICLE 2.
885615,3200001575,Missouri State Highway Patrol-Troop A,1579478400000,200037423,1,0,1,0,Personal Injury,CASS,NON-CITY OR UNINCORPORATED,A,1,1,0,1261,0.24,B ,S ,RT C,CO 261ST ST TO RT C,Dark-Unlighted,Fixed Object,2,,Mon     ,0,0,0,0,1,1,1,0,0,0,0,0,0,0,0,1,0,0,0,0,0,0,0,0,0,38.64968,-94.47188,0,01/20/2020,18:25:00,CRASH OCCURRED AS VEH1 TRAVELED OVER ICE AND OFF THE ROADWAY AND STRUCK A FENCE. ASSISTED BY CASS COUNTY SHERIFF'S DEPARTMENT.
1205217,3200001613,Missouri State Highway Patrol-Troop F,1579478400000,200037443,1,0,1,0,Personal Injury,COOPER,NON-CITY OR UNINCORPORATED,F,1,1,0,73,0.01,B ,E ,IS 70,ERM EAST IS 70 MILE 934,Dark-Unlighted,Fixed Object,2,,Mon     ,0,0,0,0,0,0,0,1,1,0,0,0,0,0,0,0,0,0,0,0,1,0,0,1,0,38.93399,-92.9357,0,01/20/2020,18:45:00,"CRASH OCCURRED AS VEHICLE 1 ATTEMPTED TO AVOID ANOTHER VEHICLE, TRAVELED OFF THE RIGHT SIDE OF THE ROADWAY AND OVERTURNED. ASSISTED BY TPR. A. M. RICHERSON (759)."
865360,3200001671,Missouri State Highway Patrol-Troop A,1579478400000,200037473,2,0,1,1,Personal Injury,PETTIS,NON-CITY OR UNINCORPORATED,A,1,1,0,1124,0.21,B ,N,CRD S NEW YORK AVE,CST S NEW YORK AVE,Dark-Unlighted,Fixed Object,2,,Mon     ,0,0,0,0,1,1,1,0,0,0,0,0,0,0,0,1,0,0,0,0,0,0,0,0,0,38.68256,-93.20936,0,01/20/2020,18:57:00,"CRASH OCCURRED AS VEHICLE 1 SLID ON THE SNOW COVERED ROADWAY.   VEHICLE 1 TRAVELED OFF THE ROAD, STRUCK A FENCE AND A LARGE ROCK.  VEHICLE 1 THEN OVERTURNED AND  PASSENGER 1 WAS PARTIALLY EJECTED. ASSISTED BY CPL. S.S. GATES/ 552 AND PETTIS COUNTY SHERIFF'S DEPARTMENT."
1209188,3200002015,Missouri State Highway Patrol-Troop F,1579478400000,200037621,2,0,1,1,Personal Injury,MONTGOMERY,NON-CITY OR UNINCORPORATED,F,1,1,0,586,0.11,A ,E ,RT K,BRIDGE A0737,Dark-Unlighted,Fixed Object,2,,Mon     ,0,0,0,0,1,0,0,0,0,0,0,0,0,0,0,1,0,0,0,0,1,0,0,1,0,38.80296,-91.48463,0,01/20/2020,21:05:00,"OCCURRED AS VEHICLE 1 WAS TRAVELING WESTBOUND ON RT K. VEHICLE 1 LOST CONTROL, TRAVELED OFF THE LEFT SIDE OF THE ROADWAY, AND OVERTURNED."
954187,3200002034,Missouri State Highway Patrol-Troop D,1579478400000,200037657,3,0,3,0,Personal Injury,GREENE,NON-CITY OR UNINCORPORATED,D,2,2,0,0,0,AT,E ,US 160,CRD 146,Dark-Unlighted,Motor Vehicle in Transport,1,64,Mon     ,0,0,0,0,0,0,0,0,0,0,0,1,1,0,0,1,0,0,0,0,0,0,0,0,0,37.19023,-93.35014,0,01/20/2020,21:40:00,VEHICLE 2 PULLED INTO THE PATH OF VEHICLE 1.  VEHICLE 1 STRUCK THE PASSENGERS SIDE OF VEHICLE 2 CAUSING IT TO OVERTURN COMING TO REST ON ITS TOP IN THE DITCH
1050115,3200001848,Missouri State Highway Patrol-Troop I,1579564800000,200037833,1,0,1,0,Personal Injury,DENT,NON-CITY OR UNINCORPORATED,I,1,1,0,1716,0.32,B ,W ,RT FF,BRIDGE P0289,Daylight,Fixed Object,2,,Tue     ,0,0,0,0,1,0,0,1,0,0,0,0,0,0,0,1,0,0,0,0,0,0,0,0,0,37.77348,-91.6039,0,01/21/2020,06:40:00,"OCCURRED AS VEHICLE 1 SKIDDED ON ICE, RAN OFF THE RIGHT SIDE OF THE ROADWAY, RETURNED AND RAN OFF LEFT SIDE OF ROADWAY OVERTURNED AND CAME TO REST ON THE PASSENGER SIDE. ASSISTED BY CPL J R MCCURDY (750)  DENT COUNTY  SHERIFFS OFFICE"
877770,3200001857,Missouri State Highway Patrol-Troop A,1579564800000,200037886,2,0,2,0,Personal Injury,JACKSON,NON-CITY OR UNINCORPORATED,A,2,2,0,300,0.06,B ,E ,US 50,CRD LOVERS LANE,Daylight,Motor Vehicle in Transport,1,63,Tue     ,0,0,0,0,0,0,0,1,0,0,0,0,0,0,0,1,0,0,0,0,0,0,0,0,0,38.87054,-94.14623,0,01/21/2020,07:32:00,CRASH OCCURRED AS VEH 1 ATTEMPTED TO CHANGE LANES AND SIDESWIPED VEH 2.  VEH 1 THEN LEFT ROADWAY AND CAME TO REST IN MEDIAN.
1233221,3200001615,Missouri State Highway Patrol-Troop C,1579564800000,200038050,1,0,1,0,Personal Injury,JEFFERSON,NON-CITY OR UNINCORPORATED,C,2,2,0,1615,0.31,B ,E ,CRD TWIN RIVER RD,PVT SHERMAN DR,Daylight,Motor Vehicle in Transport,1,64,Tue     ,0,0,0,0,1,1,1,0,0,0,0,0,0,0,0,1,0,0,0,0,0,0,0,0,0,38.46075,-90.61466,0,01/21/2020,08:45:00,VEHICLE 1 CROSSED THE CENTER LINE AND STRUCK THE  FRONT OF VEHICLE 2.  ASSISTED BY FTO CPL J. A. ASHBY (234)
823040,3200002253,Missouri State Highway Patrol-Troop A,1579564800000,200038155,4,0,4,0,Personal Injury,BENTON,NON-CITY OR UNINCORPORATED,A,2,2,0,3695,0.7,A ,N,US 65,CRD PRAIRIE FLOWER SCHOOL ROAD,Daylight,Motor Vehicle in Transport,1,61,Tue     ,0,0,0,0,0,1,1,0,0,0,0,0,0,0,0,0,0,0,0,0,0,0,0,0,0,38.516,-93.27246,0,01/21/2020,09:46:00,CRASH OCCURRED AS VEH2 SLOWED FOR A TRAFFIC CRASH AHEAD.  VEH1 OVERTOOK AND STRUCK THE REAR OF VEH2.  ASSISTED BY MSGT N K JOHNSON /1112/ AND BENTON COUNTY SHERIFF'S DEPARTMENT
1504719,3200001812,Missouri State Highway Patrol-Troop H,1579564800000,200038354,1,0,1,0,Personal Injury,DAVIESS,NON-CITY OR UNINCORPORATED,H,2,2,0,390,0.07,A ,N,IS 35,ERM NORTH IS 35 MILE 784,Daylight,Fixed Object,2,,Tue     ,0,0,0,0,0,0,0,0,0,0,0,0,0,0,0,1,0,0,0,0,1,0,0,1,1,40.08269,-94.09201,0,01/21/2020,11:45:00,"CRASH OCCURRED AS VEH#1 WAS SOUTHBOUND AND VEH#2 WAS NORTHBOUND ON I-35. VEH#2 TRAVELED INTO THE MEDIAN, STRUCK AN EMBANKMENT, BECAME AIRBORNE AND TRAVELED INTO THE SOUTHBOUND LANE OF I-35. VEH#2 STRUCK THE TOWED UNIT OF VEH#1 AND TRAVELED OFF THE WEST SIDE OF THE ROADWAY. VEH#1 CAME TO A CONTROLLED STOP ON THE SHOULDER FACING SOUTH AND VEH#2 CAME TO REST OFF THE WEST SIDE OF THE ROADWAY FACING WEST. ASSISTED BY TPR. M.W. NEELY (1328) AND NTA AMBULANCE."
956402,3200001572,Missouri State Highway Patrol-Troop D,1579564800000,200038753,3,0,3,0,Personal Injury,TANEY,MERRIAM WOODS,D,2,2,0,0,0,AT,E ,US 160,RT F,Daylight,Motor Vehicle in Transport,1,64,Tue     ,0,0,0,0,0,1,1,1,1,0,0,1,0,0,0,1,0,0,0,0,1,0,0,1,0,36.72868,-93.17846,0,01/21/2020,15:15:00,VEHICLE #1 FAILED TO STOP AT A STOP SIGN AND STRUCK VEHICLE #2
1337702,3200001630,Missouri State Highway Patrol-Troop G,1579564800000,200038799,2,0,1,1,Personal Injury,SHANNON,NON-CITY OR UNINCORPORATED,G,2,2,0,1367,0.26,B ,W ,CRD OLD 60,RT U,Daylight,Motor Vehicle in Transport,1,60,Tue     ,0,0,0,0,1,0,1,0,0,0,0,0,0,0,0,1,0,0,0,0,1,0,0,1,0,36.98753,-91.56138,0,01/21/2020,15:30:00,VEHICLE #1 CROSSED THE CENTER LINE AND STRUCK VEHICLE #2 HEAD ON.
1281298,3200003993,Missouri State Highway Patrol-Troop C,1579564800000,200038839,2,0,2,0,Personal Injury,ST. LOUIS,MARYLAND HEIGHTS,C,3,3,0,533,0.1,B ,E ,IS 270,ERM NORTH IS 270 MILE 190,Daylight,Motor Vehicle in Transport,1,64,Tue     ,0,0,0,0,1,1,1,0,0,0,0,0,0,0,0,1,0,0,0,0,0,0,0,0,1,38.73134,-90.44343,0,01/21/2020,15:50:00,"VEHICLE 1 WAS TRAVELING IN LANE 1. VEHICLE 2 WAS TRAVELING IN LANE 3. VEHICLE 3 WAS TRAVELING IN LANE 4. DRIVER 2 WENT TO CHANGE LANES INTO LANE 2 AND LOST CONTROL OF THE VEHICLE 2. VEHICLE 2 STRUCK VEHICLE 1 IN LANE 1, PUSHING BOTH VEHICLES INTO THE MEDIAN. BOTH VEHICLES BEGAN TO SPIN. VEHICLE 2 CAME ACROSS THE LANES OF TRAFFIC AND STRUCK THE TOWED UNIT OF VEHICLE 3.. ASSISTED BY TPR L A DEZNER (660) AND TPR L A BENKE (156)."
801487,3200001454,Missouri State Highway Patrol-Troop A,1579564800000,200038918,2,0,2,0,Personal Injury,JACKSON,LEES SUMMIT,A,2,2,0,30,0.01,A ,E ,IS 470,ERM NORTH IS 470 MILE 154,Daylight,Motor Vehicle in Transport,1,61,Tue     ,0,0,0,0,0,0,0,1,0,0,0,0,0,0,0,1,0,0,0,0,1,0,0,1,0,39.02284,-94.35987,0,01/21/2020,16:36:00,CRASH OCCURRED AS VEH2 SLOWED FOR TRAFFIC AND WAS STRUCK IN THE REAR BY VEH1.