objectid,accident,agency,inv_date,complaint,injured,killed,min_inj,dis_inj,severity,county,city,troop,no_vehicle,motor_veh,left_scene,dist_feet,dist_mile,inter_loc,direction,on_street,at_street,light_cond,acc_type,on_off_rd,two_veh,day_week,dr_drink,dr_drug,ped_drink,ped_drug,speed,dr_under21,dr_under25,dr_over55,dr_over64,electrical,emer_veh,stop_sign,yield_sign,czone,hazmat,aggressive,cell_phone,texting,veh_defect,school_bus,truck,motorcycle,atv,pickup,cmv,gps_lat,gps_long,severity_fatal,acc_date,acc_time,narrative
1194517,3200002974,Missouri State Highway Patrol-Troop B,1579564800000,200038967,1,0,1,0,Personal Injury,RALLS,NON-CITY OR UNINCORPORATED,B,1,1,0,5280,1,A ,S ,MO 79,CRD CLARK RD,Daylight,Fixed Object,2,,Tue     ,0,0,0,0,0,0,0,1,0,0,0,0,0,0,0,1,0,0,0,0,0,0,0,0,0,39.64463,-91.29056,0,01/21/2020,17:02:00,"VEHICLE 1 TRAVELED OFF THE LEFT SIDE OF THE ROADWAY, STRUCK SOME TREES, OVERTURNED, AND CAME TO REST ON THE DRIVER'S SIDE OFF THE ROADWAY.  ASSISTED BY SGT. DUPPONG #824, RALLS COUNTY SHERIFF'S OFFICE, HANNIBAL RURAL FIRE DEPARTMENT, AND HANNIBAL FIRE DEPARTMENT."
1303557,3200003038,Missouri State Highway Patrol-Troop C,1579564800000,200039303,1,0,1,0,Personal Injury,ST. LOUIS,NORMANDY,C,1,1,0,237,0.04,A ,E ,IS 70,RP 901541,Dark-Lighted,Fixed Object,2,,Tue     ,1,0,0,0,0,0,0,1,0,0,0,0,0,0,0,0,0,0,0,0,0,0,0,0,0,38.71633,-90.29656,0,01/21/2020,20:48:00,"VEHICLE 1 WAS TRAVELING IN THE MIDDLE LANE OF I-70 EASTBOUND NEAR BERMUDA ROAD. LOST CONTROL, TRAVELED OFF THE LEFT SIDE OF THE ROADWAY, AND STRUCK THE CONCRETE TRAFFIC BARRIER. ASSISTED BY CPL V M KASPUT (1339)."
862027,3200002710,Missouri State Highway Patrol-Troop A,1579564800000,200039402,1,0,0,1,Personal Injury,LAFAYETTE,NON-CITY OR UNINCORPORATED,A,1,1,Y,881,0.17,B ,E ,NOR 70,PVT A STREET,Dark-Unlighted,Pedestrian,1,,Tue     ,,,,,,0,0,0,0,0,0,0,0,0,0,,0,0,,0,0,0,0,0,0,39.0119,-94.07479,0,01/21/2020,22:02:00,CRASH OCCURRED AS VEHICLE 1 STRUCK PEDESTRIAN 1 WHO WAS WALKING ON THE SOUTH SIDE OF THE ROADWAY NEAR THE SHOULDER. ASSISTED BY MSGT A. V. DILLON /990/ AND LAFAYETTE COUNTY DEPUTIES
1509392,3200002078,Missouri State Highway Patrol-Troop H,1579651200000,200039555,1,0,1,0,Personal Injury,NODAWAY,NON-CITY OR UNINCORPORATED,H,1,1,0,409,0.08,B ,N,MO 113,CRD 295TH ST,Dark-Unlighted,Overturn,1,,Wed     ,0,0,0,0,1,0,0,0,0,0,0,0,0,0,0,1,0,0,0,0,0,0,0,0,0,40.29613,-95.0659,0,01/22/2020,05:45:00,ACCIDENT OCCURRED AS VEH #1 WAS TRAVELING NORTHBOUND ON MO113. DVR #1 LOST CONTROL OF VEH #1 ON SNOW COVERED ROADWAY AND TRAVELED OFF THE RIGHT SIDE. DVR #1 OVERCORRECTED AND VEH #1 RETURNED TO THE ROAD. VEH #1 BEGAN TO OVERTURN AND CAME TO REST OFF THE EAST SIDE OF THE ROADWAY ON ITS WHEELS. ASSISTED BY NODAWAY COUNTY SHERIFF'S DEPARTMENT.
846458,3200002289,Missouri State Highway Patrol-Troop A,1579651200000,200039600,2,0,1,1,Personal Injury,JOHNSON,NON-CITY OR UNINCORPORATED,A,2,2,0,865,0.16,A ,W ,RT Y,CRD SE 171,Dark-Unlighted,Motor Vehicle in Transport,1,60,Wed     ,0,0,0,0,0,0,0,0,0,0,0,0,0,0,0,1,0,0,0,0,1,0,0,1,0,38.70114,-93.72083,0,01/22/2020,06:40:00,"CRASH OCCURRED WHEN DRIVER #1 BEGAN TO LOOK OUT THE PASSENGER WINDOW INTO A FIELD AND CROSSED THE CENTER OF THE ROADWAY. AS VEHICLE #1 APPROACHED VEHICLE #2, DRIVER #2 WAS UNABLE TO SEE DUE TO THE BRIGHT HEADLAMPS OF VEHICLE #1 AND CAUSED VEHICLE #2 TO CROSS THE CENTER OF THE ROADWAY.  VEHICLE #1'S FRONT BUMPER STRUCK VEHICLE #2'S FRONT BUMPER."
968914,3200001690,Missouri State Highway Patrol-Troop D,1579651200000,200039655,2,0,1,1,Personal Injury,BARRY,NON-CITY OR UNINCORPORATED,D,1,1,0,6336,1.2,B ,E ,MO 76,RT M,Daylight,Fixed Object,2,,Wed     ,0,0,0,0,1,0,0,0,0,0,0,0,0,0,0,1,0,0,0,0,0,0,0,0,0,36.64979,-93.75076,0,01/22/2020,07:20:00,ACCIDENT OCCURRED AS VEHICLE #1 SLID OFF OF THE LEFT SIDE OF THE ROADWAY AND STRUCK A TREE.
846456,3200002509,Missouri State Highway Patrol-Troop A,1579651200000,200039757,2,0,1,1,Personal Injury,JOHNSON,NON-CITY OR UNINCORPORATED,A,2,2,0,275,0.05,B ,W ,US 50,MO 131 EJ,Daylight,Motor Vehicle in Transport,1,60,Wed     ,0,0,0,0,1,0,0,1,1,0,0,0,0,0,0,1,0,0,0,0,1,0,0,1,0,38.85078,-93.98949,0,01/22/2020,08:05:00,"CRASH OCCURRED AS VEHICLE 1 LOST CONTROL ON THE ICE COVERED ROADWAY, SLID OFF THE LEFT SIDE OF THE ROADWAY, AND INTO THE MEDIAN. VEHICLE 1 TRAVELED INTO THE EASTBOUND LANES AND STRUCK VEHICLE 2 HEAD ON."
862055,3200002233,Missouri State Highway Patrol-Troop A,1579651200000,200039861,3,0,1,2,Personal Injury,LAFAYETTE,NON-CITY OR UNINCORPORATED,A,1,1,0,286,0.05,A ,E ,IS 70,ERM EAST IS 70 MILE 526,Daylight,Fixed Object,2,,Wed     ,0,0,0,0,1,0,0,0,0,0,0,0,0,0,0,1,0,0,0,0,0,0,0,0,0,38.99216,-93.67389,0,01/22/2020,08:45:00,"CRASH OCCURRED AS VEHICLE 1 TRAVELED OFF THE SOUTH SIDE OF THE ROADWAY AND STRUCK THE GUARDRAIL; VEHICLE 1 OVERTURNED AND STRUCK A BRIDGE PILLAR, COMING TO REST ON TOP OF THE GUARDRAIL. ASSISTED BY CPL J. C. UTZ /850/, CONCORDIA FIRE DEPARTMENT AND HIGGINSVILLE FIRE DEPARTMENT."
1200400,3200001866,Missouri State Highway Patrol-Troop C,1579651200000,200040283,2,0,2,0,Personal Injury,ST. LOUIS CITY,ST LOUIS,C,2,2,0,184,0.03,B ,E ,IS 70,ERM EAST IS 70 MILE 2440,Daylight,Fixed Object,2,,Wed     ,0,0,0,0,1,0,1,0,0,0,0,0,0,0,0,1,0,0,0,0,0,0,0,0,0,38.69153,-90.25804,0,01/22/2020,12:23:00,VEHICLE 1 WAS TRAVELING  IN LANE 1. VEHICLE 2 WAS TRAVELING IN LANE 3.   DRIVER 1 FAILED TO MAINTAIN A SINGLE LANE AND TRAVELED OFF THE LEFT SIDE OF THE ROADWAY AND STRUCK THE CONCRETE BARRIER. VEHICLE 1 RETURNED TO THE ROADWAY AND THE FRONT OF VEHICLE 1 STRUCK THE REAR OF VEHICLE 2. VEHICLE 1 THEN TRAVELED OFF THE RIGHT SIDE OF ROADWAY AND STRUCK A SIGN AND CHAIN LINK FENCE.
1251620,3200002050,Missouri State Highway Patrol-Troop C,1579651200000,200040400,2,0,0,2,Personal Injury,FRANKLIN,NON-CITY OR UNINCORPORATED,C,3,3,0,174,0.03,B ,W ,IS 44,ERM WEST IS 44 MILE 2314,Daylight,Motor Vehicle in Transport,1,61,Wed     ,0,0,0,0,0,0,0,0,0,0,0,0,0,0,1,0,1,0,0,0,1,0,0,1,1,38.28867,-91.10325,0,01/22/2020,13:31:00,"VEHICLE 1 WAS TRAVELING WESTBOUND ON I-44 AND STRUCK THE REAR OF VEHICLE 3, VEHICLE 1 TRAVELED ACROSS THE MEDIAN INTO EASTBOUND TRAFFIC AND THE FRONT OF VEHICLE 1 STRUCK THE FRONT OF VEHICLE 2. ASSISTED BY MSGT. K.L. LICHAY (443), CPL. E.R. KESSLER (890), TPR. B.W. MASEK (1333), TPR. D.C. HIGHLEY (267) AND CVO R.E. FAIN (W140)"
830915,3200002059,Missouri State Highway Patrol-Troop A,1579651200000,200040402,1,0,1,0,Personal Injury,CLAY,KANSAS CITY,A,2,2,0,68,0.01,B ,N,RP 227550,CST WORLDS OF FUN DR,Daylight,Motor Vehicle in Transport,1,61,Wed     ,0,0,0,0,0,0,0,0,0,1,0,0,0,0,0,1,0,0,0,0,1,0,0,1,0,39.16817,-94.49256,0,01/22/2020,13:30:00,OCCURRED AS VEH1 TRAVELED FORWARD AND STRUCK VEH2 WHILE WAITING FOR A TRAFFIC LIGHT.
940417,3200002229,Missouri State Highway Patrol-Troop D,1579651200000,200040612,1,0,0,1,Personal Injury,CHRISTIAN,NON-CITY OR UNINCORPORATED,D,1,1,0,528,0.1,A ,N,RT H,CRD ROCKRIDGE,Daylight,Fixed Object,2,,Wed     ,0,0,0,0,1,1,1,0,0,0,0,0,0,0,0,1,0,0,0,0,0,0,0,0,0,36.90192,-93.08639,0,01/22/2020,15:48:00,CRASH OCCURRED AS VEHICLE 1  TRAVELED OFF EAST SIDE OF ROADWAY AND STRUCK A TREE
1152233,3200002012,Missouri State Highway Patrol-Troop E,1579651200000,200040681,1,0,1,0,Personal Injury,STODDARD,NON-CITY OR UNINCORPORATED,E,1,1,0,205,0.04,A ,N,MO 25,RT OO,Daylight,Fixed Object,2,,Wed     ,0,0,0,0,0,0,0,1,1,0,0,0,0,0,0,1,0,0,0,0,0,0,0,0,0,37.06956,-89.90444,0,01/22/2020,16:20:00,CRASH OCCURRED AS VEHICLE ONE TRAVELED OFF THE LEFT SIDE OF THE ROADWAY AND STRUCK AN EMBANKMENT.
1006556,3200002549,Missouri State Highway Patrol-Troop D,1579651200000,200040692,1,0,1,0,Personal Injury,WEBSTER,NON-CITY OR UNINCORPORATED,D,1,1,0,733,0.14,A ,N,RT A,CRD MAPLE TREE DR,Daylight,Fixed Object,2,,Wed     ,0,0,0,0,1,0,0,0,0,0,0,0,0,0,0,1,0,0,0,0,1,0,0,1,0,37.28961,-92.89606,0,01/22/2020,16:30:00,"OCCURRED AS #1 LEFT THE ROADWAY, STRUCK A MAILBOX AND A FENCE"
1177502,3200002548,Missouri State Highway Patrol-Troop F,1579651200000,200040847,1,0,0,1,Personal Injury,MONTGOMERY,NEW FLORENCE,F,1,1,0,89,0.02,B ,E ,IS 70,ERM EAST IS 70 MILE 1744,Dark-Unlighted,Overturn,2,,Wed     ,0,0,0,0,0,0,0,1,0,0,0,0,0,0,1,0,0,0,0,0,0,0,0,0,1,38.90205,-91.46966,0,01/22/2020,18:15:00,VEHICLE 1 TRAVELED OFF THE RIGHT SIDE OF THE ROADWAY TO AVOID ANOTHER VEHICLE.  VEHICLE 1 OVERTURNED AND CAME TO REST IN THE DITCH.  ASSISTED BY MONTGOMERY COUNTY SHERIFF'S DEPARTMENT.
1320636,3200001779,Missouri State Highway Patrol-Troop G,1579651200000,200040924,1,0,1,0,Personal Injury,TEXAS,NON-CITY OR UNINCORPORATED,G,1,1,0,1050,0.2,A ,S ,US 63,CRD WREN DR,Dark-Unlighted,Fixed Object,2,,Wed     ,0,0,0,0,1,0,0,1,1,0,0,0,0,0,0,1,0,0,0,0,1,0,0,1,0,37.55399,-91.86254,0,01/22/2020,19:10:00,VEHICLE #1 WENT OFF THE RIGHT SIDE OF THE ICE COVERED ROADWAY AND STRUCK A ROCK WALL.
1218938,3200002152,Missouri State Highway Patrol-Troop C,1579651200000,200041118,2,0,2,0,Personal Injury,FRANKLIN,SULLIVAN,C,1,1,0,21,0,B ,E ,IS 44,MO 185,Dark-Unlighted,Fixed Object,2,,Wed     ,0,0,0,0,1,0,0,0,0,0,0,0,0,0,0,1,0,0,0,0,0,0,0,0,1,38.20834,-91.17469,0,01/22/2020,23:05:00,"VEHICLE 1 WAS EASTBOUND ON I-44 AND TRAVELED OVER A PATCH OF ICE. VEHICLE 1 TRAVELED OFF THE ROADWAY, STRUCK A GUARDRAIL, AND MULTIPLE CONCRETE BRIDGE PILLARS. ASSISTED BY TPR. H. H. HOEMANN (885)"
1504718,3200001871,Missouri State Highway Patrol-Troop H,1579737600000,200041217,1,0,1,0,Personal Injury,DAVIESS,NON-CITY OR UNINCORPORATED,H,1,1,0,42,0.01,A ,S ,IS 35,ERM SOUTH IS 35 MILE 684,Dark-Unlighted,Fixed Object,2,,Thu     ,0,0,0,0,1,0,0,1,1,0,0,0,0,0,0,1,0,0,0,0,0,0,0,0,1,39.94272,-94.11956,0,01/23/2020,05:15:00,"CRASH OCCURRED AS VEH 1 WAS SOUTHBOUND ON I-35 WHEN DVR 1 LOST CONTROL ON THE ICE COVERED ROADWAY.  VEH 1 TRAVELED OFF THE WEST SIDE OF THE ROADWAY, STRUCK A GUARDRAIL, WENT DOWN AN EMBANKMENT STRIKING A  PRIVATE FENCE AND TREE. VEH 1 CAME TO REST ON  ITS WHEELS FACING WEST UP AGAINST THE TREE."
798345,3200002391,Missouri State Highway Patrol-Troop A,1579737600000,200041397,1,0,0,1,Personal Injury,SALINE,NON-CITY OR UNINCORPORATED,A,1,1,0,3168,0.6,A ,N,MO 41,RT E,Daylight,Overturn,2,,Thu     ,0,0,0,0,0,0,0,0,0,0,0,0,0,0,0,0,0,0,0,0,1,0,0,0,1,39.11439,-93.09203,0,01/23/2020,08:13:00,"CRASH OCCURRED AS VEHICLE WAS TRAVELING NORTHBOUND ON MO-41. VEHICLE BEGAN TO SLIDE CAUSING DRIVER1 TO LOSE CONTROL. VEHICLE TRAVELED OF THE RIGHT SIDE OF THE ROAD THEN RETURNED TO THE ROAD AND DRIVER OVERCORRECTED, CAUSING VEHICLE TO TRAVEL OFF THE RIGHT SIDE OF THE ROAD. VEHICLE OVERTURNED COMING TO REST ON ITS TOP FACING EAST.ASSISTED BY TPR. A.D. MARTIN (701), TPR. J.A. CREWSE (376), SALINE COUNTY EMS, AND SALINE COUNTY FIRE."
1328700,3200002235,Missouri State Highway Patrol-Troop G,1579737600000,200041790,5,0,0,5,Personal Injury,OREGON,NON-CITY OR UNINCORPORATED,G,2,2,0,6336,1.2,A ,N,US 63,CRD 351,Daylight,Motor Vehicle in Transport,1,60,Thu     ,0,0,0,0,1,0,0,0,0,0,0,0,0,0,0,1,0,0,0,0,1,0,0,1,0,36.64432,-91.67515,0,01/23/2020,12:55:00,"VEHICLE #2 CROSSED THE CENTER LINE AND STRUCK VEHICLE #1 HEAD ON.  ASSISTED BY MSGT S L NELSON #893, CPL M T WEAKLEY #1144, AND TPR J M HEIMSOTH #1270."
1251626,3200002097,Missouri State Highway Patrol-Troop C,1579737600000,200042098,1,0,1,0,Personal Injury,FRANKLIN,NON-CITY OR UNINCORPORATED,C,1,1,0,1050,0.2,A ,N,CRD ETLAH RD,CRD OLIVE RD,Daylight,Fixed Object,2,,Thu     ,0,0,0,0,1,0,0,1,1,0,0,0,0,0,0,1,0,0,0,0,1,0,0,1,0,38.6133,-91.25412,0,01/23/2020,16:15:00,"VEHICLE 1 WAS TRAVELING EASTBOUND ON ETLAH RD AND BEGAN TO SLIDE, DUE TO SLICK ROAD CONDITIONS. VEHICLE 1 CROSSED THE CENTER OF THE ROAD AND TRAVELED OFF THE LEFT SIDE OF THE ROADWAY. THE LEFT SIDE OF VEHICLE 1 STRUCK A TREE."
1251627,3200001717,Missouri State Highway Patrol-Troop C,1579737600000,200042130,1,0,1,0,Personal Injury,FRANKLIN,NON-CITY OR UNINCORPORATED,C,2,2,0,2640,0.5,B ,W ,IS 44,RP 7651,Daylight,Motor Vehicle in Transport,1,61,Thu     ,0,0,0,0,0,0,0,0,0,0,0,0,0,0,0,0,0,0,0,0,0,0,0,0,0,38.48663,-90.81041,0,01/23/2020,16:45:00,VEHICLE 2 STRUCK THE REAR OF VEHICLE 1.
1205215,3200002423,Missouri State Highway Patrol-Troop F,1579737600000,200042184,1,0,1,0,Personal Injury,COOPER,NON-CITY OR UNINCORPORATED,F,1,1,0,654,0.12,A ,S ,MO 179,CRD KORTE RD NJ,Dark-Unlighted,Fixed Object,2,,Thu     ,0,0,0,0,1,0,0,1,0,0,0,0,0,0,0,1,0,0,0,0,1,0,0,1,0,38.91884,-92.55238,0,01/23/2020,17:21:00,CRASH OCCURRED AS VEHICLE 1 TRAVELED OFF SIDE OF ROAD AND STRUCK A TREE IN THE DITCH
885611,3200001917,Missouri State Highway Patrol-Troop A,1579737600000,200042221,1,0,0,1,Personal Injury,CASS,NON-CITY OR UNINCORPORATED,A,2,2,0,303,0.06,B ,S ,MO 7,CRD CHANDLER ROAD,Daylight,Fixed Object,2,,Thu     ,0,0,0,0,0,0,0,1,0,0,0,0,0,0,1,1,0,0,0,0,0,0,0,0,1,38.51736,-94.13176,0,01/23/2020,17:30:00,"CRASH OCCURRED AS VEHICLE #1 WAS TRAVELING SOUTH ON MO 7 WHEN VEHICLE #1 LEFT THE RIGHT SIDE OF THE ROADWAY.  VEHICLE #1 CONTINUED OFF THE ROADWAY, STRUCK AN EMBANKMENT AND VAULTED OVER CHANDLER ROAD.  VEHICLE #1, AIRBORNE, STRUCK AN OSAGE VALLEY ELECTRICAL POLE AND OVERTURNED. VEHICLE #2 BECAME INVOLVED AFTER VEHICLE #1 STRUCK THE POLE AND THE POWER LINE FELL ONTO VEHICLE #2."
1251642,3200001886,Missouri State Highway Patrol-Troop C,1579737600000,200042313,1,0,1,0,Personal Injury,FRANKLIN,NON-CITY OR UNINCORPORATED,C,1,1,0,1721,0.33,A ,W ,MO 100,CST VOSSBRINK DR,Dark-Unlighted,Fixed Object,2,,Thu     ,0,0,0,0,1,0,0,0,0,0,0,0,0,0,0,1,0,0,0,0,0,0,0,0,0,38.57381,-91.07788,0,01/23/2020,18:50:00,VEHICLE 1 TRAVELED OFF THE RIGHT SIDE OF THE ROADWAY AND STRUCK A GUIDE WIRE.
1263653,3200002683,Missouri State Highway Patrol-Troop C,1579737600000,200042319,2,0,0,2,Personal Injury,WARREN,WARRENTON,C,2,2,0,650,0.12,A ,E ,NOR 70,PVT PARK DR,Dark-Unlighted,Motor Vehicle in Transport,1,64,Thu     ,0,0,0,0,1,1,1,0,0,0,0,0,0,0,0,1,0,0,0,0,1,0,0,1,0,38.81992,-91.10388,0,01/23/2020,18:55:00,VEHICLE 1 WAS TRAVELING EASTBOUND ON THE NORTH OUTER RD. VEHICLE 2 WAS TRAVELING WESTBOUND ON THE NORTH OUTER RD. DRIVER 1 LOST CONTROL OF VEHICLE 1 AND SWERVED INTO THE WESTBOUND LANES. DRIVER 2 ATTEMPTED TO AVOID VEHICLE 1 AND LOST CONTROL OF VEHICLE 2. THE FRONT OF VEHICLE 1 STRUCK THE RIGHT SIDE OF VEHICLE 2. ASSISTED BY CPL A. D. GADBERRY (258) AND TPR T. W. BURRIS (303).
929907,3200002621,Missouri State Highway Patrol-Troop D,1579737600000,200042334,6,0,5,1,Personal Injury,STONE,NON-CITY OR UNINCORPORATED,D,1,1,0,3168,0.6,A ,S ,CRD CAMP CLARK HILL,CRD CAMP YOCUM RD,Dark-Unlighted,Fixed Object,2,,Thu     ,0,0,0,0,1,0,0,0,0,0,0,0,0,0,0,1,0,0,0,0,0,0,0,0,0,36.81897,-93.46934,0,01/23/2020,19:00:00,"OCCURRED AS #1 RAN OFF THE ROADWAY, STRUCK A FENCE, AND TWO TREES."
1155417,3200002426,Missouri State Highway Patrol-Troop E,1579737600000,200042524,1,0,1,0,Personal Injury,SCOTT,NON-CITY OR UNINCORPORATED,E,1,1,0,427,0.08,A ,E ,RT A,PVT SENCIBOY LANE,Dark-Unlighted,Fixed Object,2,,Thu     ,0,0,0,0,1,0,1,0,0,0,0,0,0,0,0,1,0,0,0,0,1,0,0,1,0,37.1707,-89.61765,0,01/23/2020,22:34:00,"CRASH OCCURRED AS VEHICLE ONE LOST CONTROL IN A CURVE, RAN OFF THE RIGHT SIDE OF THE ROAD, STRUCK TREES, AND OVERTURNED"
887980,3200002083,Missouri State Highway Patrol-Troop A,1579824000000,200042612,1,0,1,0,Personal Injury,RAY,NON-CITY OR UNINCORPORATED,A,1,1,0,0,0,AT,E ,RT D,RT C WJ,Dark-Unlighted,Fixed Object,1,,Fri     ,0,0,0,0,1,0,0,0,0,0,0,1,0,0,0,1,0,0,0,0,1,0,0,1,0,39.44004,-94.1541,0,01/24/2020,00:20:00,OCCURRED AS VEH1 TRAVELED OFF ROADWAY AND STRUCK A DITCH.
1500964,3200001765,Missouri State Highway Patrol-Troop H,1579824000000,200042673,1,0,0,1,Personal Injury,ANDREW,ST JOSEPH,H,2,2,0,0,0,AT,S ,IS 29,ERM SOUTH IS 29 MILE 512,Dark-Unlighted,Motor Vehicle in Transport,1,61,Fri     ,0,0,0,0,1,0,1,0,0,0,0,0,0,0,0,1,0,0,0,0,0,0,0,0,0,39.82293,-94.80551,0,01/24/2020,03:35:00,CRASH OCCURRED AS VEHICLE 1 AND VEHICLE 2 WERE SOUTHBOUND ON I-29.  VEHICLE 1 STRUCK THE REAR OF VEHICLE 2 WITH ITS FRONT END.  VEHICLE 1 TRAVELED OFF THE EAST SIDE OF THE ROADWAY AND CAME TO REST ON THE SHOULDER OF NORTHBOUND I-29 FACING NORTH ON ITS WHEELS.  VEHICLE 2 CAME TO A CONTROLLED STOP ON THE SOUTHBOUND SHOULDER.
786712,3200002695,Missouri State Highway Patrol-Troop A,1579824000000,200042816,2,0,2,0,Personal Injury,HENRY,NON-CITY OR UNINCORPORATED,A,2,2,0,1626,0.31,B ,S ,MO 13,CRD NW 550,Daylight,Motor Vehicle in Transport,1,64,Fri     ,0,0,0,0,1,0,0,0,0,0,0,0,0,0,0,1,0,0,0,0,0,0,0,0,0,38.45086,-93.75359,0,01/24/2020,07:17:00,CRASH OCCURRED AS VEH 2 LOST CONTROL ON SNOW COVERED ROADWAY AND SLID INTO PATH OF VEH 1.
883546,3200003105,Missouri State Highway Patrol-Troop A,1579824000000,200042832,2,0,2,0,Personal Injury,BATES,NON-CITY OR UNINCORPORATED,A,2,2,0,1056,0.2,A ,E ,MO 52,CRD NW 11501,Daylight,Motor Vehicle in Transport,1,60,Fri     ,0,0,0,0,1,1,1,0,0,0,0,0,0,0,0,1,0,0,0,0,0,0,0,0,0,38.25417,-94.55671,0,01/24/2020,07:25:00,CRASH OCCURRED AS DRIVER 1 LOST CONTROL ON SNOW COVERED ROADWAY CAUSING VEH 1 TO SLIDE AND ENTER WESTBOUND LANE.  VEH 1 THEN OVERTOOK AND STRUCK VEH 2 CAUSING IT TO LEAVE THE ROADWAY. ASSISTED BY TPR B R SIERCKS/1252
1113444,3200002305,Missouri State Highway Patrol-Troop E,1579824000000,200042836,2,0,1,1,Personal Injury,DUNKLIN,NON-CITY OR UNINCORPORATED,E,2,2,0,0,0,AT,E ,US 412,CRD 527,Daylight,Motor Vehicle in Transport,1,64,Fri     ,0,0,0,0,0,0,0,1,1,0,0,1,0,0,0,1,0,0,0,0,1,0,0,1,1,36.1202,-90.15928,0,01/24/2020,07:25:00,"CRASH OCCURRED AS VEHICLE 1, TRAVELING SOUTH, PULLED INTO THE PATH OF EASTBOUND VEHICLE 2."
918796,3200002219,Missouri State Highway Patrol-Troop D,1579824000000,200042884,2,0,2,0,Personal Injury,LAWRENCE,NON-CITY OR UNINCORPORATED,D,2,2,Y,359,0.07,B ,E ,IS 44,ERM EAST IS 44 MILE 524,Daylight,Motor Vehicle in Transport,1,63,Fri     ,0,0,0,0,0,1,1,0,0,0,0,0,0,0,0,1,0,0,0,0,0,0,0,0,1,37.13839,-93.72366,0,01/24/2020,08:00:00,VEHICLE #2 STRUCK VEHICLE #1 CAUSING VEHICLE #1 TO TRAVEL OFF THE LEFT SIDE OF THE ROADWAY INTO THE MEDIAN CABLE
887979,3200002541,Missouri State Highway Patrol-Troop A,1579824000000,200042934,1,0,0,1,Personal Injury,RAY,NON-CITY OR UNINCORPORATED,A,3,3,0,1320,0.25,B ,W ,MO 210,BRIDGE A3178,Daylight,Motor Vehicle in Transport,1,61,Fri     ,0,0,0,0,1,0,0,1,0,0,0,0,0,0,0,1,0,0,0,0,0,0,0,0,1,39.22571,-94.17443,0,01/24/2020,08:15:00,"VEHICLE #1 WAS WESTBOUND ON MISSOURI 210. VEHICLE #2 SLOWED ABRUPTLY DUE TO EASTBOUND VEHICLE #3'S TRAILER WAS SLIDING OUT TO THE SIDE FROM THE EASTBOUND LANE INTO THE WESTBOUND LANE. VEHICLE #1 STRUCK VEHICLE #2 IN THE REAR, CAUSING VEHICLE #2 TO TRAVEL OFF THE RIGHT SIDE OF THE ROADWAY INTO A FIELD. VEHICLE #1 THEN STRUCK THE TRAILER OF VEHICLE #3 THAT HAD SLID SIDEWAYS INTO THE WESTBOUND LANE. AFTER THIS IMPACT, BOTH VEHICLE TRAVELED OFF THE SOUTH SIDE OF THE ROADWAY."
862063,3200001965,Missouri State Highway Patrol-Troop A,1579824000000,200042995,1,0,0,1,Personal Injury,LAFAYETTE,NON-CITY OR UNINCORPORATED,A,1,1,0,512,0.1,B ,N,MO 131,PVT ELMWOOD LANE,Daylight,Overturn,2,,Fri     ,0,0,0,0,1,0,0,0,0,0,0,0,0,0,0,1,0,0,0,0,0,0,0,0,0,39.0636,-93.97638,0,01/24/2020,08:40:00,CRASH OCCURRED AS VEH 1 SLID ON SNOW COVERED ROADWAY.  VEH 1 LEFT THE ROADWAY AND OVERTURNED.  ASSISTED BY TPR T A HARTSHORN/656 AND LAFAYETTE COUNTY SHERIFF'S DEPARTMENT
1191298,3200001894,Missouri State Highway Patrol-Troop B,1579824000000,200043053,1,0,1,0,Personal Injury,LEWIS,NON-CITY OR UNINCORPORATED,B,2,2,0,374,0.07,B ,S ,US 61,BRIDGE A7037,Daylight,Motor Vehicle in Transport,1,64,Fri     ,0,0,0,0,0,0,0,1,1,0,0,0,1,0,0,1,0,0,0,0,1,0,0,1,0,40.19602,-91.52188,0,01/24/2020,09:10:00,VEHICLE 1 FAILED TO YIELD AT AN INTERSECTION AND PULLED INTO THE PATH OF VEHICLE 2. ASSISTED BY MODOT.
1297788,3200002292,Missouri State Highway Patrol-Troop C,1579824000000,200043491,1,0,1,0,Personal Injury,JEFFERSON,CRYSTAL CITY,C,2,2,0,110,0.02,B ,N,IS 55,ERM NORTH IS 55 MILE 1742,Daylight,Motor Vehicle in Transport,1,64,Fri     ,0,0,0,0,1,0,0,0,0,0,0,0,0,0,0,1,0,0,0,0,0,0,0,0,1,38.19293,-90.3962,0,01/24/2020,13:21:00,"BOTH VEHICLES TRAVELING NORTHBOUND I-55. VEHICLE #1 SPUN OUT, LOST CONTROL, AND SPUN UNDERNEATH THE TRAILER OF VEHICLE #2. THE LEFT REAR TIRE OF VEHICLE #2 RAN OVER THE HOOD OF VEHICLE #1."
1205736,3200003276,Missouri State Highway Patrol-Troop F,1579824000000,200043557,1,0,0,1,Personal Injury,MILLER,NON-CITY OR UNINCORPORATED,F,2,2,0,42,0.01,A ,W ,US 54,RT AA,Daylight,Motor Vehicle in Transport,2,64,Fri     ,0,0,0,0,0,0,0,0,0,0,0,0,1,0,0,1,0,0,0,0,0,0,0,0,1,38.37412,-92.41315,0,01/24/2020,14:02:00,"VEHICLE 1 ATTEMPTED A LEFT TURN ONTO US 54 FROM A CROSSOVER, AND FAILED TO YIELD TO VEHICLE 2. VEHICLE 2 STRUCK VEHICLE 1 AND TRAVELED OFF THE RIGHT SIDE OF THE ROADWAY, DRIVER 2 WAS EJECTED. ASSISTED BY SGT. M. J. CODY (271), CPL. B.; J. BLANKENBEKER (895), TPR. M. P. ACORD (170), AND TPR. N. W. MARCH (762)."