objectid,accident,agency,inv_date,complaint,injured,killed,min_inj,dis_inj,severity,county,city,troop,no_vehicle,motor_veh,left_scene,dist_feet,dist_mile,inter_loc,direction,on_street,at_street,light_cond,acc_type,on_off_rd,two_veh,day_week,dr_drink,dr_drug,ped_drink,ped_drug,speed,dr_under21,dr_under25,dr_over55,dr_over64,electrical,emer_veh,stop_sign,yield_sign,czone,hazmat,aggressive,cell_phone,texting,veh_defect,school_bus,truck,motorcycle,atv,pickup,cmv,gps_lat,gps_long,severity_fatal,acc_date,acc_time,narrative
1114612,3200002190,Missouri State Highway Patrol-Troop E,1579824000000,200043869,2,0,2,0,Personal Injury,MISSISSIPPI,NON-CITY OR UNINCORPORATED,E,1,1,0,480,0.09,A ,S ,IS 57,ERM SOUTH IS 57 MILE 54,Dark-Unlighted,Fixed Object,2,,Fri     ,0,0,0,0,1,1,1,0,0,0,0,0,0,0,0,1,0,0,0,0,0,0,0,0,0,36.90488,-89.44517,0,01/24/2020,17:13:00,CRASH OCCURRED AS VEHICLE ONE TRAVELED OFF THE LEFT SIDE OF THE ROADWAY AND OVERTURNED
1114613,3200002324,Missouri State Highway Patrol-Troop E,1579824000000,200044217,4,0,4,0,Personal Injury,MISSISSIPPI,NON-CITY OR UNINCORPORATED,E,2,2,0,5,0,A ,E ,US 60,BRIDGE K0950,Dark-Unlighted,Motor Vehicle in Transport,1,60,Fri     ,0,0,0,0,1,0,0,1,1,0,0,0,0,0,0,1,0,0,0,0,0,0,0,0,1,36.97178,-89.14641,0,01/24/2020,20:43:00,CRASH OCCURRED AS VEHICLE ONE CROSSED THE CENTER LINE STRIKING VEHICLE TWO.
887981,3200003148,Missouri State Highway Patrol-Troop A,1579824000000,200044308,1,0,1,0,Personal Injury,RAY,NON-CITY OR UNINCORPORATED,A,1,1,0,649,0.12,A ,W ,CRD 116TH ST,CRD WOOD OAK AVE,Dark-Unlighted,Fixed Object,2,,Fri     ,0,0,0,0,1,0,0,0,0,0,0,0,0,0,0,1,0,0,0,0,0,0,0,0,0,39.29994,-93.97167,0,01/24/2020,21:37:00,CRASH OCCURRED AS VEHICLE #1 TRAVELED OF THE LEFT SIDE OF THE ROAD AND STRUCK THE DITCH BEFORE COMING TO REST.
1337707,3200003011,Missouri State Highway Patrol-Troop G,1579824000000,200044404,1,0,1,0,Personal Injury,SHANNON,NON-CITY OR UNINCORPORATED,G,1,1,0,929,0.18,A ,W ,US 60,CRD 641,Dark-Unlighted,Pedestrian,1,,Fri     ,0,0,0,0,0,0,0,0,0,0,0,0,0,0,0,0,0,0,0,0,0,0,0,0,1,36.99408,-91.51418,0,01/24/2020,22:38:00,OCCURRED AS PEDESTRIAN WAS WALKING ON THE ROADWAY AND VEHICLE ONE STRUCK PEDESTRIAN. ASSISTED BY MSGT S N FOSTER (403).
1155418,3200002315,Missouri State Highway Patrol-Troop E,1579910400000,200044708,1,0,1,0,Personal Injury,SCOTT,NON-CITY OR UNINCORPORATED,E,1,1,0,3168,0.6,A ,W ,CRD 506,CRD 505,Dark-Unlighted,Overturn,2,,Sat     ,1,0,0,0,0,0,1,0,0,0,0,0,0,0,0,1,0,0,0,0,1,0,0,1,0,37.03955,-89.5147,0,01/25/2020,03:50:00,CRASH OCCURRED AS VEHICLE 1 RAN OFF THE  LEFT SIDE OF ROADWAY AND OVERTURNED
1329992,3200002042,Missouri State Highway Patrol-Troop G,1579910400000,200044724,1,0,0,1,Personal Injury,HOWELL,NON-CITY OR UNINCORPORATED,G,2,2,0,52,0.01,B ,N,US 63,CST CREAMERY,Dark-Unlighted,Fixed Object,2,,Sat     ,,,,,,1,1,0,0,0,0,0,0,0,0,,0,0,,0,1,0,0,1,0,36.71515,-91.82794,0,01/25/2020,06:35:00,"CRASH OCCURRED AS VEHICLE 1 TRAVELED OFF OF RIGHT SIDE OF ROAD, IMPACTED A DRIVEWAY, OVERTURNED, AND STRUCK A PARKED VEHICLE."
1025750,3200002243,Missouri State Highway Patrol-Troop D,1579910400000,200044988,1,0,0,1,Personal Injury,TANEY,NON-CITY OR UNINCORPORATED,D,1,1,0,1964,0.37,A ,W ,MO 76,PVT INSPIRATION POINT RD,Daylight,Fixed Object,2,,Sat     ,0,0,0,0,1,0,0,0,0,0,0,0,0,0,0,1,0,0,0,0,0,0,0,0,0,36.6677,-93.31001,0,01/25/2020,10:02:00,"CRASH OCCURRED AS VEHICLE #1 BEGAN SKIDDING WHILE ATTEMPTING TO NEGOTIATE A CURVE. THE VEHICLE CROSSED THE CENTER OF THE ROAD AND SLID OFF THE LEFT SIDE OF THE ROAD, STRUCK AN EMBANKMENT AND BEGAN OVERTURNING. VEHICLE STRUCK A SIGN AND CAME TO REST ON ITS TOP IN THE DITCH OFF THE LEFT SIDE OF THE ROADWAY."
968992,3200002101,Missouri State Highway Patrol-Troop D,1579910400000,200045136,1,0,1,0,Personal Injury,BARRY,NON-CITY OR UNINCORPORATED,D,2,2,0,1906,0.36,A ,E ,RT D,CRD 1244,Daylight,Motor Vehicle in Transport,1,61,Sat     ,0,0,0,0,0,0,0,0,0,0,0,0,0,0,0,1,0,0,0,0,1,0,0,1,0,36.84979,-93.61932,0,01/25/2020,11:07:00,CRASH OCCURRED AS VEHICLE #1 WAS STOPPED ON THE SIDE OF THE ROADWAY.  VEHICLE #2 STRUCK THE REAR OF VEHICLE #1.
862062,3200002687,Missouri State Highway Patrol-Troop A,1579910400000,200045171,2,0,2,0,Personal Injury,LAFAYETTE,NON-CITY OR UNINCORPORATED,A,2,2,0,485,0.09,A ,N,CRD DADE SCHOOL ROAD,CRD NEWTON ROAD,Daylight,Motor Vehicle in Transport,1,60,Sat     ,0,0,0,0,0,0,0,1,0,0,0,0,0,0,0,1,0,0,0,0,0,0,0,0,0,38.96181,-94.01501,0,01/25/2020,11:15:00,"CRASH OCCURRED AS VEHICLE 1 AND VEHICLE 2 ENTERED A CURVE AT APPROXIMATELY THE SAME TIME.  DUE TO ROADWAY CONDITIONS, BOTH VEHICLES WERE NEAR THE CENTER OF THE ROADWAY, WHICH RESULTED IN A COLLISION.  ASSISTED BY CPL. J.C. UTZ/850/ AND LAFAYETTE COUNTY"
1222245,3200002232,Missouri State Highway Patrol-Troop C,1579910400000,200045249,1,0,1,0,Personal Injury,ST. LOUIS,BERKELEY,C,1,1,0,53,0.01,A ,E ,RP 6429,BRIDGE A3007,Daylight,Fixed Object,2,,Sat     ,0,0,0,0,1,0,0,0,0,0,0,0,0,0,0,1,0,0,1,0,0,0,0,0,0,38.72817,-90.33016,0,01/25/2020,11:55:00,"DRIVER 1 LOST CONTROL OF VEHICLE 1, WENT OFF OF THE ROADWAY TO THE LEFT, AND STRUCK THE CONCRETE WALL WITH THE FRONT DRIVER SIDE.  VEHICLE 1 THEN STARTED TO SLIDE AND THEN ROTATED, WENT OFF OF THE ROADWAY TO THE RIGHT, AND STRUCK THE CONCRETE WALL WITH  THE FRONT OF VEHICLE 1."
1150458,3200002698,Missouri State Highway Patrol-Troop E,1579910400000,200045690,3,0,1,2,Personal Injury,PEMISCOT,NON-CITY OR UNINCORPORATED,E,2,2,0,0,0,AT,N,US 61,CO US 61 TO STATE HWY O,Daylight,Motor Vehicle in Transport,1,64,Sat     ,0,0,0,0,0,0,0,0,0,0,0,1,0,0,0,1,0,0,0,0,1,0,0,1,0,36.0175,-89.87952,0,01/25/2020,16:05:00,CRASH OCCURRED AS VEHICLE ONE FAILED TO YIELD VEHICLE TWO. VEHICLE TWO STRUCK THE LEFT SIDE OF VEHICLE ONE.
1114614,3200002323,Missouri State Highway Patrol-Troop E,1579910400000,200045730,2,0,2,0,Personal Injury,MISSISSIPPI,NON-CITY OR UNINCORPORATED,E,1,1,0,528,0.1,B ,N,IS 57,ERM NORTH IS 57 MILE 30,Daylight,Fixed Object,2,,Sat     ,1,0,0,0,0,0,0,0,0,0,0,0,0,0,0,0,0,0,0,0,0,0,0,0,0,36.89038,-89.48532,0,01/25/2020,16:26:00,CRASH OCCURRED AS VEHICLE ONE TRAVEL OFF THE RIGHT SIDE OF THE ROADWAY AND STRUCK A TREE. DRIVER FOUND TO BE INTOXICATED AND ARRESTED FOR DRIVING WHILE INTOXICATED.
1263654,3200003055,Missouri State Highway Patrol-Troop C,1579910400000,200045773,1,0,1,0,Personal Injury,WARREN,WARRENTON,C,2,2,0,0,0,AT,E ,IS 70,ERM EAST IS 70 MILE 1950,Daylight,Motor Vehicle in Transport,1,61,Sat     ,0,0,0,0,0,1,1,0,0,0,0,0,0,0,0,1,0,0,0,0,0,0,0,0,1,38.81823,-91.11348,0,01/25/2020,16:57:00,BOTH VEHICLES WERE EASTBOUND ON INTERSTATE 70.  VEHICLE 1 WAS IN THE RIGHT LANE AND ATTEMPTED TO CHANGE LANES.  THE LEFT REAR OF VEHICLE 1 STRUCK THE RIGHT FRONT OF VEHICLE 2.  VEHICLE 1 THEN BEGAN TO SPIN AND TRAVELED OFF THE LEFT SIDE OF THE ROADWAY.  VEHICLE 1 THEN STRUCK THE CABLE MEDIAN BARRIER.  ASSISTED BY TPR. J. G. DURBIN (533).
807693,3200003198,Missouri State Highway Patrol-Troop A,1579910400000,200045953,2,0,2,0,Personal Injury,JACKSON,RIVER BEND,A,2,2,0,69,0.01,A ,S ,MO 291,CST COBBLER STREET,Dark-Unlighted,Parked Motor Vehicle,2,61,Sat     ,1,0,0,0,0,0,0,0,0,0,0,0,0,0,0,0,0,0,0,0,0,0,0,0,0,39.17495,-94.39482,0,01/25/2020,18:48:00,CRASH OCCURRED AS VEHICLE 1 TRAVELED OFF THE RIGHT SIDE OF THE ROADWAY AND STRUCK STATIONARY VEHICLE 2 ON THE SHOULDER. ASSISTED BY MSGT R S SMITH /691/ AND TPR C W BRADSHAW /830/.
823041,3200003447,Missouri State Highway Patrol-Troop A,1579910400000,200046047,0,1,0,0,Fatal,BENTON,NON-CITY OR UNINCORPORATED,A,1,1,0,5280,1,A ,N,US 65,RT MM,Dark-Unlighted,Fixed Object,2,,Sat     ,0,0,0,0,0,0,0,0,0,0,0,0,0,0,0,1,0,0,0,0,0,0,0,0,0,38.20847,-93.33134,1,01/25/2020,19:45:00,"F A T A L   C R A S H  - TROOP A FATAL CRASH #1 AND FATALITY #1 FOR 2020 - CRASH OCCURRED AS VEHICLE #1 WAS OVERTAKING ANOTHER VEHICLE AND SWERVED TO AVOID A HEAD-ON COLLISION WITH ONCOMING TRAFFIC.  DRIVER #1 LOST CONTROL CAUSING VEHICLE #1 TO TRAVEL OFF RIGHT SIDE OF ROADWAY, STRIKE AN EMBANKMENT,OVERTURN, AND IMPACT A TREE BEFORE COMING TO REST ON IT'S TOP, FACING SOUTHEAST. DRIVER #1 WAS PRONOUNCED AT 2004 ON SCENE BY BENTON COUNTY CORONER J. WESTON MILLER. ASSISTED BY TPR. B. G. KATZING /928/ AND BENTON COUNTY SHERIFF'S DEPARTMENT"
1258614,3200003654,Missouri State Highway Patrol-Troop C,1579910400000,200046113,1,0,1,0,Personal Injury,ST. LOUIS,NON-CITY OR UNINCORPORATED,C,1,1,0,110,0.02,A ,W ,IS 44,ERM WEST IS 44 MILE 2698,Dark-Unlighted,Fixed Object,2,,Sat     ,0,0,0,0,0,0,0,0,0,0,0,0,0,0,0,1,0,0,0,0,1,0,0,1,0,38.52499,-90.54443,0,01/25/2020,20:30:00,"VEHICLE #1 WAS TRAVELING WESTBOUND ON INTERSTATE 44, EAST OF ANTIRE ROAD.  VEHICLE #1 TRAVELED OFF THE RIGHT SIDE OF THE ROADWAY AFTER FAILING TO MAINTAIN A SINGLE LANE, STRUCK A TREE AND OVERTURNED."
1329993,3200003519,Missouri State Highway Patrol-Troop G,1579910400000,200046235,2,0,2,0,Personal Injury,HOWELL,NON-CITY OR UNINCORPORATED,G,2,2,0,10,0,B ,W ,RT P,RT Z,Dark-Unlighted,Motor Vehicle in Transport,1,60,Sat     ,0,0,0,0,1,1,1,0,0,0,1,1,0,0,0,1,0,0,0,0,1,0,0,1,0,36.86477,-91.98509,0,01/25/2020,21:27:00,"**INJURY PATROL CAR ACCIDENT** OCCURRED AS SOUTHBOUND VEHICLE TWO TURNED LEFT INTO THE PATH OF WESTBOUND VEHICLE ONE. BOTH VEHICLES RECEIVED TOTAL DAMAGE. MILEAGE 10, 253. P# 19-142, LIC/122-HP. ASSISTED BY MSGT S N FOSTER (403), CPL J S CUNNINGHAM (451), TPR J M KENYON (1213), SGT A D JOHNSON (803), TPR L W SANDERS (987), TPR J R SELLARS (268), CPL J C HOWELL (490), TPR T D POND (1427), SGT B C GRUBEN (1195), HOWELL COUNTY SHERIFF'S OFFICE, PUMPKIN CENTER FIRE DEPARTMENT, WILLOW SPRINGS FIRE DEPARTMENT, POMONA FIRE DEPARTMENT, WILLOW SPRINGS AMBULANCE, AND SOUTH-HOWELL COUNTY AMBULANCE."
1222246,3200005233,Missouri State Highway Patrol-Troop C,1579910400000,200046392,4,0,2,2,Personal Injury,ST. LOUIS,BERKELEY,C,2,2,0,243,0.05,B ,W ,IS 170,ERM WEST IS 170 MILE 98,Dark-Unlighted,Motor Vehicle in Transport,1,63,Sat     ,1,0,0,0,1,0,0,0,0,0,0,0,0,0,0,1,0,0,0,0,0,0,0,0,0,38.75832,-90.33887,0,01/25/2020,22:35:00,"BOTH VEHICLES WERE TRAVELING NORTHBOUND ON INTERSTATE 170 IN LANE 1.  THE DRIVER OF VEHICLE #2 LOST CONTROL AND BEGAN TO SKID.  THE FRONT OF VEHICLE #2 STRUCK THE REAR OF VEHICLE #1.  BOTH VEHICLES TRAVELED OFF RIGHT SIDE OF ROADWAY AND STRUCK THE CONCRETE MEDIAN.  BOTH VEHICLES RETURNED TO THE ROADWAY AND BEGAN TO OVERTURN.  WHILE OVERTURNING,  THE DRIVER OF VEHICLE #2  AND THE FRONT SEAT PASSENGER OF VEHICLE #1 WERE EJECTED.  ASSISTED BY TPR. Q.H. HOOKS (373)"
1025751,3200003386,Missouri State Highway Patrol-Troop D,1579910400000,200046479,1,0,0,1,Personal Injury,TANEY,NON-CITY OR UNINCORPORATED,D,1,1,0,3168,0.6,B ,N,MO 465,RP 279463,Dark-Unlighted,Overturn,2,,Sat     ,,,,,,0,0,0,0,0,0,0,0,0,0,,0,0,,0,1,0,0,1,0,36.71699,-93.28333,0,01/25/2020,23:20:00,VEHICLE 1 RAN OFF THE ROADWAY AND OVERTURNED.
1006551,3200002603,Missouri State Highway Patrol-Troop D,1579996800000,200046542,2,0,1,1,Personal Injury,WEBSTER,NON-CITY OR UNINCORPORATED,D,1,1,0,31,0.01,A ,E ,CRD SADDLE CLUB RD,CRD NORMANDY,Dark-Unlighted,Fixed Object,2,,Sun     ,1,0,0,0,1,0,0,0,0,0,0,0,0,0,0,1,0,0,0,0,1,0,0,1,0,37.18559,-92.92812,0,01/26/2020,00:15:00,"NBR 1 RAN OFF THE ROADWAY, STRUCK A TREE AND OVERTURNED."
823042,3200002731,Missouri State Highway Patrol-Troop A,1579996800000,200046727,1,0,0,1,Personal Injury,BENTON,NON-CITY OR UNINCORPORATED,A,1,1,0,3168,0.6,B ,W ,RT BB,CRD ALLEN RD EJ,Dark-Unlighted,Fixed Object,2,,Sun     ,0,0,0,0,0,0,0,0,0,0,0,0,0,0,0,1,0,0,0,0,0,0,0,0,0,38.30949,-93.28427,0,01/26/2020,06:10:00,"CRASH OCCURRED AS VEHICLE 1 WAS TRAVELING WEST ON ROUTE BB. VEHICLE 1 TRAVELED OFF THE RIGHT SIDE OF THE ROADWAY AND STRUCK A LARGE ROCK.  ASSISTED BY BENTON COUNTY, WARSAW/LINCOLN EMS, TPR. D.A. PAULSEN /1197/"
918210,3200003335,Missouri State Highway Patrol-Troop D,1579996800000,200047038,1,0,1,0,Personal Injury,JASPER,NON-CITY OR UNINCORPORATED,D,2,2,0,0,0,AT,S ,RT JJ,CRD FIR,Daylight,Motor Vehicle in Transport,1,64,Sun     ,0,0,0,0,0,1,1,1,1,0,0,1,0,0,0,1,0,0,0,0,0,0,0,0,0,37.14482,-94.58118,0,01/26/2020,10:25:00,"#1 WAS STOPPED EASTBOUND ON FIR ROAD AT THE INTERSECTION OF JJ, THEN #1 PULLED INTO THE PATH OF #2 AS #2 WAS SOUTHBOUND ON JJ.  AFTER IMPACT, BOTH VEHICLES RAN OFF THE EAST SIDE OF HIGHWAY JJ."
1285588,3200003303,Missouri State Highway Patrol-Troop C,1579996800000,200047406,1,0,0,1,Personal Injury,ST. FRANCOIS,NON-CITY OR UNINCORPORATED,C,2,2,0,10,0,A ,N,RT BB,CRD WALLEN RD,Daylight,Motor Vehicle in Transport,1,60,Sun     ,0,0,0,0,0,0,0,1,0,0,0,0,0,0,0,0,0,0,0,0,0,1,0,0,0,37.78223,-90.62696,0,01/26/2020,13:20:00,"VEHICLE 1 TURNED IN FRONT OF VEHICLE 2, RESULTING IN THE FRONT OF VEHICLE 2 IMPACTING THE FRONT OF VEHICLE 1. ASSISTED BY TPR. D. A. VANDEVEN (1148)"
883545,3200002537,Missouri State Highway Patrol-Troop A,1579996800000,200048054,1,0,1,0,Personal Injury,BATES,NON-CITY OR UNINCORPORATED,A,1,1,0,2640,0.5,B ,W ,MO 52,CRD NW 9001,Dark-Unlighted,Animal,1,,Sun     ,0,0,0,0,0,0,0,1,0,0,0,0,0,0,0,0,0,0,0,0,1,0,0,1,0,38.26735,-94.50501,0,01/26/2020,19:05:00,CRASH OCCURRED AS VEHICLE #1 STRUCK A DEER AS IT CROSSED THE ROADWAY.
1500888,3200002477,Missouri State Highway Patrol-Troop H,1579996800000,200048110,1,0,0,1,Personal Injury,ANDREW,NON-CITY OR UNINCORPORATED,H,1,1,0,63,0.01,B ,E ,MO 48,CRD 227,Dark-Unlighted,Fixed Object,2,,Sun     ,0,0,0,0,1,0,1,0,0,0,0,0,0,0,0,1,0,0,0,0,0,0,0,0,0,40.05376,-94.63552,0,01/26/2020,19:45:00,"CRASH OCCURRED AS VEH1 WAS WESTBOUND ON MO 48 WHEN DVR1 FAILED TO NEGOTIATE A CURVE IN THE ROAD.  VEH1 WENT OFF OF THE SOUTH SIDE OF THE ROADWAY STRIKING A MODOT SIGN AND A POWER POLE.  VEH1 CAME REST OFF THE ROADWAY ON ITS WHEELS FACING SOUTHWEST.  ASSISTED BY TPR. J. H. HIRNER (819), ANDREW CO SO, AND GENTRY CO SO."
901454,3200002513,Missouri State Highway Patrol-Troop D,1579996800000,200048289,1,0,0,1,Personal Injury,ST. CLAIR,NON-CITY OR UNINCORPORATED,D,1,1,0,4752,0.9,B ,E ,US 54,RT MM,Dark-Unlighted,Fixed Object,2,,Sun     ,1,0,0,0,1,0,0,1,0,0,0,0,0,0,0,1,0,0,0,0,0,0,0,0,0,37.89049,-93.59081,0,01/26/2020,22:17:00,"VEHICLE 1 RAN OFF THE ROADWAY STRUCK A MAILBOX, SEVERAL TREES AND A UTILITY POLE."
1016164,3200002147,Missouri State Highway Patrol-Troop D,1579996800000,200048324,1,0,1,0,Personal Injury,NEWTON,NON-CITY OR UNINCORPORATED,D,2,2,0,0,0,AT,W ,US 60,RT W,Dark-Unlighted,Motor Vehicle in Transport,1,64,Sun     ,0,0,0,0,0,0,0,0,0,0,0,0,0,0,0,1,0,0,0,0,0,0,0,0,0,36.92028,-94.19059,0,01/26/2020,22:55:00,NR1 STRUCK NR2 BROADSIDE AS IT WAS ATTEMPTING TO MAKE A TURN.
804418,3200002733,Missouri State Highway Patrol-Troop A,1580083200000,200048360,1,0,0,1,Personal Injury,JOHNSON,WARRENSBURG,A,1,1,0,163,0.03,A ,W ,CST PERTLE SPRINGS RD,CST HALE LAKE RD EJ,Dark-Lighted,Fixed Object,2,,Sun     ,1,0,0,0,1,0,0,0,0,0,0,1,0,0,0,1,0,0,0,0,0,0,0,0,0,38.74538,-93.74143,0,01/26/2020,21:55:00,"CRASH OCCURRED AS VEHICLE 1 FAILED TO STOP AT INTERSECTION, RAN OFF THE LEFT SIDE OF THE ROADWAY AND STRUCK A TREE. VEHICLE 1 THEN OVERTURNED COMING TO REST IN A DITCH ON ITS WHEELS."
1065119,3200002524,Missouri State Highway Patrol-Troop I,1580083200000,200048363,1,0,0,1,Personal Injury,LACLEDE,NON-CITY OR UNINCORPORATED,I,1,1,0,1811,0.34,A ,E ,MO 32,CRD FALCON ROAD,Dark-Unlighted,Fixed Object,2,,Sun     ,0,0,0,0,0,0,0,0,0,0,0,0,0,0,0,0,0,0,0,0,1,0,0,1,0,37.64647,-92.52354,0,01/26/2020,23:56:00,VEHICLE EAS TRAVELING EASTBOUND WHEN IT LEFT THE ROADWAY AND STRUCK A TREE.
918209,3200002482,Missouri State Highway Patrol-Troop D,1580083200000,200048802,2,0,2,0,Personal Injury,JASPER,NON-CITY OR UNINCORPORATED,D,2,2,0,443,0.08,B ,N,CRD 110,CRD DAISY RD,Daylight,Motor Vehicle in Transport,1,62,Mon     ,0,0,0,0,0,0,0,1,1,0,0,0,0,0,0,0,0,0,0,0,0,0,0,0,0,37.1064,-94.25759,0,01/27/2020,09:10:00,OCCURRED AS VEHICLE 2 CROSSED THE CENTER LINE AND SIDESWIPED VEHICLE 1
940019,3200002310,Missouri State Highway Patrol-Troop D,1580083200000,200048951,1,0,1,0,Personal Injury,CHRISTIAN,NON-CITY OR UNINCORPORATED,D,1,1,0,10,0,B ,N,RT N,CRD GREEN VALLEY RD,Daylight,Fixed Object,2,,Mon     ,0,0,0,0,0,1,1,0,0,0,0,0,0,0,0,1,1,0,0,0,0,0,0,0,0,37.03682,-93.39833,0,01/27/2020,10:08:00,"VEHICLE #1 TRAVELED OFF THE ROADWAY, BECAME AIRBORNE, STRUCK A FENCE AND ROLLED SEVERAL TIMES."
830917,3200003693,Missouri State Highway Patrol-Troop A,1580083200000,200049099,1,0,1,0,Personal Injury,CLAY,KANSAS CITY,A,2,2,0,58,0.01,B ,S ,IS 35,RP 5952,Daylight,Motor Vehicle in Transport,1,63,Mon     ,0,0,0,0,0,0,0,1,0,0,0,0,0,0,0,1,0,0,0,0,0,0,0,0,1,39.17229,-94.55393,0,01/27/2020,11:21:00,CRASH OCCURRED AS BOTH VEHICLES WERE TRAVELING SOUTHBOUND ON I35 AND VEHICLE1 CHANGED LANES INTO VEHICLE2. VEHICLE1 TRAVELED OFF THE LEFT SIDE OF THE ROAD AND STRUCK THE GUARDRAIL BEFORE COMING TO REST. ASSISTED BY TPR. C.M. MCDONALD (892) AND KANSAS CITY POLICE DEPARTMENT.
1205182,3200002651,Missouri State Highway Patrol-Troop F,1580083200000,200049318,1,0,1,0,Personal Injury,COOPER,NON-CITY OR UNINCORPORATED,F,1,1,0,295,0.06,A ,E ,IS 70,RT K,Daylight,Fixed Object,2,,Mon     ,0,0,0,0,0,0,0,1,1,0,0,0,0,0,0,1,0,0,0,0,0,0,0,0,0,38.94407,-92.99027,0,01/27/2020,13:20:00,"CRASH OCCURRED AS VEHICLE 1 LOST CONTROL IN A CURVE, TRAVELED OFF THE LEFT SIDE OF THE ROADWAY AND STRUCK THE MEDIAN CABLES."
885614,3200002826,Missouri State Highway Patrol-Troop A,1580083200000,200049484,2,0,2,0,Personal Injury,CASS,NON-CITY OR UNINCORPORATED,A,2,2,0,63,0.01,B ,N,MO 291,CRD 181ST STREET,Daylight,Motor Vehicle in Transport,1,61,Mon     ,0,0,0,0,0,0,1,0,0,0,0,0,0,0,0,0,1,0,0,0,0,0,0,0,0,38.79094,-94.37427,0,01/27/2020,14:25:00,CRASH OCCURRED VEHICLE 2 WAS SLOWING FOR A VEHICLE TURNING RIGHT ONTO 181ST ST. VEHICLE 1 STRUCK THE REAR OF VEHICLE 2 CAUSING IT TO RUN OFF THE LEFT SIDE OF THE ROAD.
1155415,3200002830,Missouri State Highway Patrol-Troop E,1580083200000,200049509,2,0,2,0,Personal Injury,SCOTT,NON-CITY OR UNINCORPORATED,E,2,2,0,380,0.07,B ,N,IS 55,ERM NORTH IS 55 MILE 830,Daylight,Motor Vehicle in Transport,1,61,Mon     ,0,0,0,0,0,0,0,1,1,0,0,0,0,0,0,1,0,0,0,0,0,0,0,0,0,37.11709,-89.53641,0,01/27/2020,14:35:00,CRASH OCCURRED AS VEHICLE 2 STRUCK REAR OF VEHICLE 1.
929604,3200003138,Missouri State Highway Patrol-Troop D,1580083200000,200049602,1,0,1,0,Personal Injury,STONE,HURLEY,D,2,2,0,427,0.08,A ,E ,RT A,CRD BLACKJACK SCHOOL RD,Daylight,Motor Vehicle in Transport,1,62,Mon     ,0,0,0,0,0,0,0,1,1,0,0,0,0,0,0,1,0,0,0,0,1,0,0,1,1,36.92904,-93.5377,0,01/27/2020,15:15:00,CRASH OCCURRED AS THE TOWED UNIT FROM VEHICLE #1 CROSSED THE CENTER LINE OF THE ROADWAY AND STRUCK VEHICLE #2.
1337011,3200002251,Missouri State Highway Patrol-Troop G,1580083200000,200049668,1,0,1,0,Personal Injury,DOUGLAS,NON-CITY OR UNINCORPORATED,G,1,1,0,257,0.05,B ,N,MO 95,CRD 95-00,Daylight,Fixed Object,2,,Mon     ,0,0,0,0,1,0,0,0,0,0,0,0,0,0,0,1,0,0,0,0,1,0,0,1,0,37.04699,-92.29034,0,01/27/2020,15:30:00,"VEHICLE #1 RAN OFF THE RIGHT SIDE OF THE ROADWAY, OVERCORRECTED, WENT OFF THE LEFT SIDE OF THE ROADWAY AND OVERTURNED."
1113440,3200002299,Missouri State Highway Patrol-Troop E,1580083200000,200049669,1,0,1,0,Personal Injury,DUNKLIN,NON-CITY OR UNINCORPORATED,E,2,2,0,0,0,AT,W ,US 62,CRD 301,Daylight,Motor Vehicle in Transport,1,64,Mon     ,0,0,0,0,0,0,0,1,1,0,0,1,0,0,0,1,0,0,0,0,1,0,0,1,1,36.45995,-90.13051,0,01/27/2020,15:40:00,CRASH OCCURRED AS VEHICLE 2 PULLED INTO PATH OF VEHICLE 1.
945229,3200002866,Missouri State Highway Patrol-Troop D,1580083200000,200049708,1,0,1,0,Personal Injury,CEDAR,EL DORADO SPRINGS,D,2,2,0,0,0,AT,W ,MO 32,CST E CARMAN RD,Daylight,Motor Vehicle in Transport,1,60,Mon     ,0,0,0,0,0,1,1,0,0,0,0,0,0,0,0,1,0,0,0,0,1,0,0,1,0,37.85555,-94.01266,0,01/27/2020,16:00:00,OCCURRED AS #2 ATTEMPTED TO MAKE A LEFT TURN AND TRAVELED INTO THE PATH OF #1.
1233410,3200003494,Missouri State Highway Patrol-Troop C,1580083200000,200050019,1,0,0,1,Personal Injury,JEFFERSON,NON-CITY OR UNINCORPORATED,C,1,1,0,628,0.12,B ,W ,CRD FOUNTAIN CITY RD,CRD GREENHOUSE RD,Dark-Unlighted,Fixed Object,2,,Mon     ,0,0,0,0,0,0,0,1,1,0,0,0,0,0,0,0,0,0,0,0,1,0,0,1,0,38.14618,-90.53105,0,01/27/2020,18:17:00,VEHICLE #1 WAS TRAVELING EASTBOUND FOUNTAIN CITY ROAD AND TRAVELED OFF THE LEFT EDGE OF THE ROADWAY. THE FRONT OF VEHICLE #1 STRUCK A UTILITY POLE. ASSISTED BY MSGT C. M. ARBUTHNOT (694) AND TPR B. J. MAGNAN (1343).
969192,3200007456,Missouri State Highway Patrol-Troop D,1580083200000,200050085,1,0,1,0,Personal Injury,BARRY,WHEATON,D,2,2,0,26,0,B ,E ,MO 86,CST SANTEE ST,Dark-Lighted,Motor Vehicle in Transport,1,61,Mon     ,0,0,0,0,0,0,0,0,0,0,0,0,0,0,0,1,0,0,0,0,1,0,0,1,0,36.7641,-94.05904,0,01/27/2020,18:59:00,NR2 STRUCK NR1 IN THE REAREND.