objectid,accident,agency,inv_date,complaint,injured,killed,min_inj,dis_inj,severity,county,city,troop,no_vehicle,motor_veh,left_scene,dist_feet,dist_mile,inter_loc,direction,on_street,at_street,light_cond,acc_type,on_off_rd,two_veh,day_week,dr_drink,dr_drug,ped_drink,ped_drug,speed,dr_under21,dr_under25,dr_over55,dr_over64,electrical,emer_veh,stop_sign,yield_sign,czone,hazmat,aggressive,cell_phone,texting,veh_defect,school_bus,truck,motorcycle,atv,pickup,cmv,gps_lat,gps_long,severity_fatal,acc_date,acc_time,narrative
1319947,3200003164,Missouri State Highway Patrol-Troop G,1580083200000,200050143,1,0,0,1,Personal Injury,REYNOLDS,NON-CITY OR UNINCORPORATED,G,1,1,0,501,0.09,B ,S ,MO 21,CRD 806,Dark-Unlighted,Fixed Object,2,,Mon     ,0,0,0,0,0,0,0,0,0,0,0,0,0,0,0,0,0,0,0,0,0,0,0,0,0,37.45098,-90.95842,0,01/27/2020,19:35:00,"ACCIDENT OCCURRED AS VEHICLE #1 TRAVELED OFF THE RIGHT SIDE OF ROADWAY, OVERCORRECTED, TRAVELED OFF THE LEFT SIDE OF ROADWAY AND IMPACTED AN EMBANKMENT."
1182478,3200004228,Missouri State Highway Patrol-Troop B,1580083200000,200050256,2,0,2,0,Personal Injury,KNOX,NON-CITY OR UNINCORPORATED,B,1,1,0,0,0,AT,N,RT A,MO 6,Dark-Unlighted,Fixed Object,2,,Mon     ,1,0,0,0,0,0,0,0,0,0,0,1,0,0,0,1,0,0,0,0,1,0,0,1,0,40.14656,-92.28913,0,01/27/2020,21:15:00,"VEHICLE WAS NORTHBOUND ON ROUTE A, FAILED TO STOP AT A STOP SIGN, CROSSED MO-6 STRIKING THE GROUND AND A FENCE.  ASSISTED BY THE KNOX COUNTY SHERIFF'S DEPARTMENT, KNOX COUNTY AMBULANCE, EDINA PD, HURDLAND FIRE, AND CONSERVATION AGENT LOCKARD #C262"
905478,3200003280,Missouri State Highway Patrol-Troop D,1580169600000,200050484,0,1,0,0,Fatal,CHRISTIAN,HIGHLANDVILLE,D,1,1,0,630,0.12,B ,E ,US 160,CST ORCHARD LN,Dark-Unlighted,Fixed Object,2,,Tue     ,1,0,0,0,0,0,0,0,0,0,0,0,0,0,0,0,0,0,0,0,1,0,0,1,0,36.95336,-93.28375,1,01/28/2020,06:20:00,FATALITY ACCIDENT. THIS IS TROOP D'S 8TH FATALITY FOR 2020. OCCURRED AS VEH1 RAN OFF THE ROADWAY AND STRUCK A TREE. DRIVER WAS PRONOUNCED ON SCENE AT 0646 HOURS BY DR JACOB BALTZ.
1300370,3200003776,Missouri State Highway Patrol-Troop C,1580169600000,200050513,2,0,2,0,Personal Injury,ST. CHARLES,WENTZVILLE,C,2,2,0,42,0.01,A ,N,US 61,CST E PEARCE BLVD,Dark-Lighted,Fixed Object,2,,Tue     ,0,0,0,0,1,0,0,0,0,0,0,0,0,0,0,1,0,0,0,0,0,0,0,0,0,38.81322,-90.84184,0,01/28/2020,05:41:00,VEHICLE 1 WAS PARKED NORTHBOUND US-61 ON THE LEFT SHOULDER DUE TO A PRIOR TRAFFIC CRASH. VEHICLE 2 WAS IN LANE1 AND  DRIVER 2 ATTEMPTED TO CHANGE LANES TO AVOID VEHICLE 1. VEHICLE 2 SLID ON THE ICY ROADWAY AND STRUCK VEHICLE 1
1145092,3200002602,Missouri State Highway Patrol-Troop E,1580169600000,200050632,1,0,0,1,Personal Injury,NEW MADRID,NON-CITY OR UNINCORPORATED,E,1,1,0,200,0.04,A ,W ,RT W,BRIDGE A0158,Daylight,Fixed Object,2,,Tue     ,0,0,0,0,0,0,0,0,0,0,0,0,0,0,0,1,0,0,0,0,1,0,0,1,0,36.67087,-89.63805,0,01/28/2020,07:45:00,**STATE PROPERTY DAMAGE** CRASH OCCURRED AS VEHICLE 1 TRAVEL OFF THE LEFT SIDE OF ROADWAY AND HIT A BRIDGE RAILING END. STATE PROPERTY DAMAGE- 10 FEET OF BRIDGE RAILING.
1152236,3200002760,Missouri State Highway Patrol-Troop E,1580169600000,200050692,1,0,1,0,Personal Injury,STODDARD,NON-CITY OR UNINCORPORATED,E,2,2,0,491,0.09,A ,E ,RT Y,CRD 593,Daylight,Motor Vehicle in Transport,1,62,Tue     ,0,0,0,0,0,1,1,0,0,0,0,0,0,0,0,1,0,0,0,0,1,0,0,1,0,36.88854,-89.72212,0,01/28/2020,08:30:00,CRASH OCCURRED AS VEHICLE 1 CROSSED THE CENTER LINE AND STRUCK THE TOWED UNIT WITH VEH 2
1182857,3200002777,Missouri State Highway Patrol-Troop F,1580169600000,200051328,1,0,1,0,Personal Injury,OSAGE,NON-CITY OR UNINCORPORATED,F,1,1,0,1605,0.3,B ,W ,RT E,PVT BRUSH CREEK LN,Daylight,Overturn,2,,Tue     ,0,0,0,0,0,0,0,0,0,0,0,0,0,0,0,0,0,0,0,0,1,0,0,0,1,38.38945,-91.84531,0,01/28/2020,13:50:00,"CRASH OCCURRED AS VEHICLE 1 TRAVELED OFF THE RIGHT SIDE OF THE ROADWAY, OVERCORRECTED, RETURNED TO THE HIGHWAY AND OVERTURNED. ASSISTED BY TPR. A. J. O'BRIEN (1395) AND TPR. E. T. HANE (409)."
1222556,3200002973,Missouri State Highway Patrol-Troop C,1580169600000,200051345,1,0,1,0,Personal Injury,ST. LOUIS,PINE LAWN,C,3,3,Y,47,0.01,A ,E ,IS 70,ERM EAST IS 70 MILE 2428,Daylight,Motor Vehicle in Transport,1,63,Tue     ,0,0,0,0,0,,,,,0,0,0,0,0,,1,0,0,0,0,1,0,0,0,1,38.70336,-90.26994,0,01/28/2020,13:45:00,"ALL THREE VEHICLES WERE EASTBOUND ON INTERSTATE 70.  VEHICLE 1 WAS IN LANE 2, VEHICLE 2 WAS IN LANE 1 AND VEHICLE 3 WAS IN LANE 3.  THE DRIVER OF VEHICLE 1 MADE AN IMPROPER LANE CHANGE TO THE LEFT.  THE FRONT DRIVER SIDE OF VEHICLE 1 THEN STRUCK THE REAR PASSENGER SIDE OF VEHICLE 2.  VEHICLE 2 BEGAN TO SKID, THEN WENT OFF THE ROADWAY TO THE LEFT.  AFTER STRIKING THE CONCRETE MEDIAN WALL, VEHICLE 2 RETURNED TO THE ROADWAY.  THE PASSENGER SIDE OF VEHICLE 2 THEN STRUCK THE FRONT OF VEHICLE 3.  VEHICLE 2 THEN TRAVELED OFF THE ROADWAY TO THE RIGHT, STRUCK A CONCRETE WALL AND OVERTURNED.  VEHICLE 1 LEFT THE SCENE OF THE ACCIDENT.  ASSISTED BY TPR. L. A. DEZNER (660) AND TPR. B. G. GROVES (837)."
1289022,3200003523,Missouri State Highway Patrol-Troop C,1580169600000,200052023,1,0,1,0,Personal Injury,PIKE,NON-CITY OR UNINCORPORATED,C,2,2,0,58,0.01,B ,S ,RT NN,US 61,Dark-Unlighted,Motor Vehicle in Transport,1,64,Tue     ,0,0,0,0,1,0,1,0,0,0,0,1,0,0,0,1,0,0,0,0,1,0,0,1,0,39.31916,-91.14815,0,01/28/2020,19:30:00,BOTH VEHICLES WERE SOUTHBOUND ON ROUTE NN.  DRIVER 1 STOPPED AT THE INTERSECTION OF ROUTE NN AND NORTHBOUND HIGHWAY 61.  DRIVER 2 ATTEMPTED TO PULL ALONGSIDE VEHICLE 1 DUE TO A CONFRONTATION.  THE RIGHT SIDE OF VEHICLE 2 STRUCK THE LEFT REAR OF VEHICLE 1.
1311804,3200003527,Missouri State Highway Patrol-Troop C,1580256000000,200052245,1,0,1,0,Personal Injury,ST. CHARLES,ST PETERS,C,1,1,0,295,0.06,A ,W ,MO 370,CST SALT RIVER RD,Dark-Unlighted,Fixed Object,2,,Tue     ,0,1,0,0,0,0,0,0,0,0,0,0,0,0,0,1,0,0,0,0,1,0,0,1,0,38.81072,-90.58672,0,01/28/2020,23:45:00,VEHICLE 1 TRAVELED OFF THE LEFT SIDE OF THE ROADWAY AND STRUCK THE CONCRETE MEDIAN WALL.
1155400,3200002529,Missouri State Highway Patrol-Troop E,1580256000000,200052290,1,0,1,0,Personal Injury,SCOTT,NON-CITY OR UNINCORPORATED,E,1,1,0,285,0.05,A ,N,IS 55,ERM NORTH IS 55 MILE 842,Dark-Unlighted,Fixed Object,2,,Wed     ,0,0,0,0,1,1,1,0,0,0,0,0,0,0,0,1,0,0,0,0,0,0,0,0,0,37.13628,-89.5367,0,01/29/2020,01:40:00,VEH1 RAN OFF THE ROADWAY AND STRUCK A GUARDRAIL. APPROXIMATELY 20' OF MODOT GUARDRAIL WAS DAMAGED IN THIS INCIDENT
887983,3200003850,Missouri State Highway Patrol-Troop A,1580256000000,200052365,1,1,0,1,Fatal,RAY,NON-CITY OR UNINCORPORATED,A,2,2,0,26,0,B ,E ,MO 210,BRIDGE A3166,Dark-Unlighted,Motor Vehicle in Transport,1,64,Wed     ,0,0,0,0,1,0,0,0,0,0,0,0,0,0,0,1,0,0,0,0,1,0,0,0,1,39.22244,-94.15861,1,01/29/2020,06:00:00,"*** FATAL CRASH -- LATE DEATH -- TROOP A FATAL CRASH #2, FATALITY #2 FOR 2020 -- NEXT OF KIN NOTIFIED*** CRASH OCCURRED AS VEHICLE #1 WAS WESTBOUND AND BEGAN SKIDDING. VEHICLE #1 CROSSED CENTER OF ROADWAY AND STRUCK VEHICLE #2. DRIVER #1 WAS PRONOUNCED AT NORTH KANSAS CITY HOSPITAL AT 0722 BY DR H TAVALALI. ASSISTED BY RAY COUNTY SHERIFF'S DEPARTMENT AND TPR T K LEFTWICH /862/."
1233377,3200004006,Missouri State Highway Patrol-Troop C,1580256000000,200052398,1,0,1,0,Personal Injury,JEFFERSON,NON-CITY OR UNINCORPORATED,C,1,1,0,2640,0.5,A ,E ,RT H,PVT WARREN LN,Dark-Unlighted,Fixed Object,2,,Wed     ,0,0,0,0,1,0,0,0,0,0,0,0,0,0,0,1,0,0,0,0,0,0,0,0,0,38.13965,-90.65149,0,01/29/2020,06:30:00,"DRIVER #1 FAILED TO NEGOTIATE A CURVE AND VEHICLE #1 TRAVELED OFF THE RIGHT SIDE OF THE ROADWAY , STRUCK A DITCH AND OVERTURNED."
1507953,3200003062,Missouri State Highway Patrol-Troop H,1580256000000,200052448,1,0,0,1,Personal Injury,HARRISON,NON-CITY OR UNINCORPORATED,H,1,1,0,5280,1,B ,W ,US 136,CRD W 162 AVE,Dark-Unlighted,Overturn,2,,Wed     ,0,0,0,0,1,0,0,0,0,0,0,0,0,0,0,1,0,0,0,0,0,0,0,0,0,40.25157,-94.09781,0,01/29/2020,06:55:00,"CRASH OCCURRED AS VEHICLE 1 WAS WESTBOUND ON US 136 AND BEGAN SLIDING ON THE SNOW COVERED ROADWAY.  VEHICLE 1 TRAVELED OFF OF THE NORTH SIDE OF THE ROADWAY AND OVERTURN MULTIPLE TIMES EJECTING DRIVER 1.  VEHICLE 1 CAME TO REST OFF OF THE NORTH SIDE OF THE ROADWAY, ON ITS WHEELS, FACING SOUTH."
1508691,3200002823,Missouri State Highway Patrol-Troop H,1580256000000,200052450,1,0,0,1,Personal Injury,HOLT,NON-CITY OR UNINCORPORATED,H,1,1,0,311,0.06,B ,N,IS 29,ERM NORTH IS 29 MILE 970,Dark-Unlighted,Fixed Object,2,,Wed     ,0,0,0,0,1,0,0,0,0,0,0,0,0,0,0,1,0,0,0,0,1,0,0,1,0,40.23977,-95.42344,0,01/29/2020,06:55:00,"CRASH OCCURRED AS VEHICLE 1 WAS NORTHBOUND ON I-29 AND BEGAN SLIDING ON THE ICE COVERED ROADWAY.  VEHICLE 1 TRAVELED OFF OF THE EAST SIDE OF THE ROADWAY, DOWN AN EMBANKMENT AND IMPACTED THE GROUND AND A LOG.  VEHICLE 1 CAME TO REST ON ITS WHEELS, FACING NORTH, OFF THE EAST SIDE OF THE ROADWAY.  ASSISTED BY SGT. M.P. QUILTY (1221)."
817256,3200003123,Missouri State Highway Patrol-Troop A,1580256000000,200052452,1,0,1,0,Personal Injury,CLAY,NON-CITY OR UNINCORPORATED,A,1,1,0,971,0.18,A ,E ,MO 92,RT DD,Dark-Unlighted,Fixed Object,2,,Wed     ,0,0,0,0,1,0,1,0,0,0,0,0,0,0,0,1,0,0,0,0,1,0,0,1,0,39.36838,-94.54213,0,01/29/2020,06:55:00,"CRASH OCCURRED AS VEHICLE 1 WAS WESTBOUND, SLOWED FOR TRAFFIC, SLID AND OVERTURNED."
1014032,3200003004,Missouri State Highway Patrol-Troop D,1580256000000,200052543,1,0,1,0,Personal Injury,VERNON,NON-CITY OR UNINCORPORATED,D,2,2,0,378,0.07,B ,N,IS 49,ERM NORTH IS 49 MILE 958,Daylight,Motor Vehicle in Transport,1,64,Wed     ,0,0,0,0,1,0,0,1,0,0,0,0,0,0,0,1,0,0,0,0,0,0,0,0,1,37.76095,-94.31283,0,01/29/2020,07:35:00,CRASH OCCURRED AS VEHICLE 1 LOST CONTROL AND SLID INTO PATH OF VEHICLE 2
783070,3200003577,Missouri State Highway Patrol-Troop A,1580256000000,200052644,1,0,1,0,Personal Injury,PLATTE,KANSAS CITY,A,2,2,0,0,0,AT,E ,CST NW COOKINGHAM DR,CST SKYVIEW AVE,Daylight,Motor Vehicle in Transport,1,64,Wed     ,0,0,0,0,0,0,0,0,0,0,0,1,0,0,0,1,0,0,0,0,1,0,0,1,0,39.31103,-94.64888,0,01/29/2020,08:15:00,"CRASH OCCURRED AS VEHICLE 1 WAS TRAVELING EASTBOUND. VEHICLE 2 WAS TRAVELING SOUTHBOUND, FAILED TO STOP FOR THE STOP SIGN, AND WAS STRUCK IN THE PASSENGER SIDE BY THE FRONT OF VEHICLE 1."
846454,3200002550,Missouri State Highway Patrol-Troop A,1580256000000,200052718,2,0,1,1,Personal Injury,JOHNSON,NON-CITY OR UNINCORPORATED,A,2,2,0,0,0,AT,E ,US 50,RT W,Daylight,Motor Vehicle in Transport,1,60,Wed     ,0,0,0,0,0,0,0,0,0,0,0,0,1,0,0,1,0,0,0,0,0,0,0,0,0,38.86807,-94.05965,0,01/29/2020,08:45:00,"CRASH OCCURRED AS VEHICLE 1 PULLED INTO THE PATH OF VEHICLE 2 AND THEY COLLIDED.  VEHICLE 2 SLID OFF THE ROADWAY, AND STRUCK A HIGHWAY TRAFFIC SIGN POST, AND CAME TO REST PARTIALLY EMERGED IN A DITCH FULL OF WATER."
1190803,3200003185,Missouri State Highway Patrol-Troop B,1580256000000,200052903,1,0,1,0,Personal Injury,MARION,NON-CITY OR UNINCORPORATED,B,2,2,0,0,0,AT,S ,CRD VETERANS,CRD 412,Daylight,Motor Vehicle in Transport,1,64,Wed     ,0,0,0,0,0,0,0,1,0,0,0,1,0,0,0,1,0,0,0,0,1,0,0,0,1,39.70964,-91.41877,0,01/29/2020,10:40:00,"VEHICLE 01 ATTEMPTED TO CROSS VETERANS ROAD AND STRUCK VEHICLE 02 ON THE DRIVER'S SIDE.  ASSISTED BY MSGT KOCH #458, SGT DUPPONG #824, MARION COUNTY SHERIFF'S DEPARTMENT AND HANNIBAL FIRE DEPARTMENT."
1212186,3200004074,Missouri State Highway Patrol-Troop C,1580256000000,200052944,0,0,0,0,Property Damage,WASHINGTON,NON-CITY OR UNINCORPORATED,C,1,1,0,0,0,AT,N,MO 21,CRD WARDEN RD,Daylight,Fixed Object,2,,Wed     ,0,0,0,0,0,0,0,1,1,0,0,0,0,0,0,0,0,0,0,0,0,0,0,0,0,0,0,0,01/29/2020,11:00:00,VEHICLE 1 WAS TRAVELING NORTHBOUND ON MISSOURI 21. DRIVER 1 HAD A MEDICAL ISSUE AND ALLOWED VEHICLE 1 TO TRAVEL OFF THE LEFT ROAD EDGE AND STRIKE A TREE. ASSISTED BY TPR K. L. ELLEDGE (396)
1249268,3200003321,Missouri State Highway Patrol-Troop C,1580256000000,200053294,5,0,4,1,Personal Injury,STE. GENEVIEVE,NON-CITY OR UNINCORPORATED,C,2,2,0,0,0,AT,S ,RT D,RT HH,Daylight,Motor Vehicle in Transport,1,64,Wed     ,0,0,0,0,0,0,0,1,1,0,0,1,0,0,0,1,0,0,0,0,1,0,0,1,0,37.8614,-90.42313,0,01/29/2020,14:35:00,VEHICLE 1 WAS TRAVELING WESTBOUND ON ROUTE HH. VEHICLE 2 WAS TRAVELING SOUTHBOUND ON ROUTE D. VEHICLE 1 FAILED TO STOP AT A STOP SIGN AND TRAVELED INTO THE INTERSECTION WHICH CAUSED VEHICLE 1 TO STRIKE VEHICLE 2. THE IMPACT CAUSED BOTH VEHICLES TO TRAVEL OFF THE WEST SIDE OF THE ROADWAY AND STRIKE A TREE. ASSISTED BY MSGT D. F. ISRINGHAUSEN (1335)
1315287,3200002735,Missouri State Highway Patrol-Troop C,1580256000000,200053358,1,0,1,0,Personal Injury,ST. LOUIS,SHREWSBURY,C,1,1,0,205,0.04,A ,E ,IS 44,ERM EAST IS 44 MILE 2830,Daylight,Fixed Object,2,,Wed     ,1,0,0,0,1,0,0,1,1,0,0,0,0,0,0,1,0,0,0,0,0,0,0,0,0,38.59481,-90.32779,0,01/29/2020,15:08:00,"VEHICLE 1 TRAVELED OFF THE RIGHT SIDE OF THE ROADWAY, STRUCK A GUARDRAIL AND A ROCK BLUFF, AND OVERTURNED MULTIPLE TIMES. ASSISTED BY F.T.O. CPL. J.A. ASHBY (234)"
1506536,3200002628,Missouri State Highway Patrol-Troop H,1580256000000,200053367,1,0,1,0,Personal Injury,DEKALB,NON-CITY OR UNINCORPORATED,H,2,2,0,31,0.01,A ,E ,US 36,RT M,Daylight,Motor Vehicle in Transport,1,64,Wed     ,0,0,0,0,0,0,0,1,0,0,0,0,1,0,0,1,0,0,0,0,0,0,0,0,0,39.76151,-94.35659,0,01/29/2020,15:15:00,CRASH OCCURRED AS VEH 1 WAS SOUTHBOUND ON MO-33 AND VEH 2 WAS EASTBOUND ON US-36. VEH 1 FAILED TO YIELD TO VEH 2 AND STRUCK VEH 2 ON THE DRIVER SIDE. VEH 2 TRAVELED OFF THE SOUTH SIDE OF US-36 AND CAME TO REST ON ITS WHEELS FACING NORTHEAST. VEH 1 CAME TO A CONTROLLED STOP ON THE SHOULDER OF US-36 FACING EASTBOUND. ASSISTED BY SGT. A.A. HENRY (187).
846453,3200002742,Missouri State Highway Patrol-Troop A,1580256000000,200053429,3,0,3,0,Personal Injury,JOHNSON,NON-CITY OR UNINCORPORATED,A,2,2,0,163,0.03,B ,N,MO 131,CRD SW 125TH,Daylight,Motor Vehicle in Transport,1,61,Wed     ,0,0,0,0,0,1,1,1,1,0,0,0,0,0,0,1,0,0,0,1,1,0,0,1,1,38.75085,-93.99164,0,01/29/2020,15:49:00,CRASH OCCURRED AS VEHICLE #2 BEGAN SLOWING FOR ANOTHER VEHICLE MAKING A TURN AND VEHICLE #1 BEGAN SLOWING AND STRUCK VEHICLE #2.
1141654,3200002786,Missouri State Highway Patrol-Troop E,1580256000000,200053866,1,0,1,0,Personal Injury,BUTLER,NON-CITY OR UNINCORPORATED,E,1,1,Y,36,0.01,A ,E ,CRD 452,CRD 420,Dark-Unlighted,Fixed Object,2,,Wed     ,1,1,0,0,0,0,0,0,0,0,0,0,0,0,0,0,0,0,0,0,0,0,0,0,0,36.82986,-90.49887,0,01/29/2020,20:44:00,CRASH OCCURRED AS VEHICLE ONE FAILED TO NEGOTIATE A CURVE AND STRUCK A TREE .
852098,3200003079,Missouri State Highway Patrol-Troop A,1580342400000,200054083,1,0,1,0,Personal Injury,CLAY,LIBERTY,A,1,1,Y,332,0.06,A ,N,US 69,MO 33,Dark-Unlighted,Fixed Object,2,,Thu     ,0,0,0,0,0,1,1,0,0,0,0,0,0,0,0,0,0,0,0,0,0,0,0,0,0,39.29402,-94.3767,0,01/30/2020,01:13:00,"CRASH OCCURRED AS VEHICLE # 1 SWERVED TO MISS A DEER IN THE ROADWAY, TRAVELED OFF THE LEFT SIDE OF THE ROADWAY, AND STRUCK THE GUARDRAIL. ASSISTED BY CLAY COUNTY SHERIFF'S DEPARTMENT AND EXCELSIOR SPRINGS PD."
1183555,3200002728,Missouri State Highway Patrol-Troop F,1580342400000,200054137,1,0,1,0,Personal Injury,AUDRAIN,NON-CITY OR UNINCORPORATED,F,1,1,0,5280,1,B ,W ,CRD 744,RT A,Dark-Unlighted,Fixed Object,2,,Thu     ,0,0,0,0,1,0,0,0,0,0,0,0,0,0,0,1,0,0,0,0,1,0,0,1,0,39.07864,-91.7591,0,01/30/2020,05:30:00,CRASH OCCURRED AS VEHICLE 1 WENT OFF THE LEFT SIDE OF THE ROADWAY AND STRUCK A UTILITY POLE.
1050118,3200002595,Missouri State Highway Patrol-Troop I,1580342400000,200054158,1,0,0,1,Personal Injury,DENT,NON-CITY OR UNINCORPORATED,I,1,1,0,0,0,AT,E ,MO 32,CRD 2480,Dark-Unlighted,Fixed Object,2,,Thu     ,0,0,0,0,1,0,0,0,0,0,0,0,0,0,0,1,0,0,0,0,0,0,0,0,0,37.53003,-91.742,0,01/30/2020,06:05:00,"CRASH OCCURRED AS VEHICLE 1 FAILED TO NEGOTIATE A CURVE, TRAVELED OFF THE RIGHT SIDE OF THE ROADWAY AND OVERTURNED.  ASSISTED BY CPL G.R. MORAVEC (780) AND THE DENT COUNTY SHERIFF'S DEPARTMENT."
1135974,3200003042,Missouri State Highway Patrol-Troop E,1580342400000,200054541,1,0,1,0,Personal Injury,CAPE GIRARDEAU,NON-CITY OR UNINCORPORATED,E,2,2,0,26,0,B ,N,RT W,RT Y,Daylight,Motor Vehicle in Transport,1,64,Thu     ,0,0,0,0,0,0,0,1,0,0,0,1,0,0,0,1,0,0,0,0,1,0,0,1,0,37.42273,-89.60454,0,01/30/2020,09:40:00,CRASH OCCURRED AS VEHICLE 1 WAS MAKING A LEFT TURN AND WAS TRUCK BY VEHICLE 2.
1251645,3200002756,Missouri State Highway Patrol-Troop C,1580342400000,200055153,1,0,1,0,Personal Injury,FRANKLIN,NON-CITY OR UNINCORPORATED,C,2,2,0,0,0,AT,E ,MO 100,RT V,Daylight,Motor Vehicle in Transport,1,64,Thu     ,0,0,0,0,0,0,0,0,0,0,0,0,1,0,0,1,0,0,0,0,1,0,0,1,0,38.49914,-90.90094,0,01/30/2020,14:10:00,"VEHICLE #1 WAS TRAVELING WESTBOUND ON ROUTE V. VEHICLE #2 WAS TRAVELING EASTBOUND ON MISSOURI 100.  VEHICLE #1 FAILED TO YIELD TO VEHICLE #2 AND WAS INATTENTIVE TO TRAFFIC. VEHICLE #1 TRAVELED IN FRONT OF VEHICLE #2 AND THE FRONT OF VEHICLE #2 STRUCK THE FRONT RIGHT SIDE OF VEHICLE #1, BOTH VEHICLES TRAVELED OFF THE RIGHT SIDE OF MISSOURI 100."
1020371,3200002847,Missouri State Highway Patrol-Troop D,1580342400000,200055256,1,0,1,0,Personal Injury,HICKORY,NON-CITY OR UNINCORPORATED,D,1,1,0,1610,0.3,B ,S ,MO 83,CRD 270,Daylight,Fixed Object,2,,Thu     ,0,0,0,0,0,0,0,1,1,0,0,0,0,0,0,0,0,0,0,0,0,0,0,0,0,37.87842,-93.41409,0,01/30/2020,14:20:00,"OCCURRED AS #1 LEFT THE ROADWAY, STRUCK AN EMBANKMENT, WENT AIRBORNE, AND OVERTURNED.  ASSISTED BY CPL R.J. FILLIPI #352"
885581,3200002703,Missouri State Highway Patrol-Troop A,1580342400000,200055280,2,0,0,2,Personal Injury,CASS,NON-CITY OR UNINCORPORATED,A,1,1,0,1584,0.3,B ,N,MO 7,CRD FAMULINER RD,Daylight,Fixed Object,2,,Thu     ,0,0,0,0,0,0,0,0,0,0,0,0,0,0,0,0,0,0,0,0,0,0,0,0,0,38.58432,-94.22494,0,01/30/2020,14:55:00,"CRASH OCCURRED AS THE PASSENGER GRABBED THE STEERING WHEEL DURING AN ARGUMENT, CAUSING THE VEHICLE TO LOSE CONTROL AND TRAVEL OFF THE RIGHT SIDE OF THE ROAD WHERE IT STRUCK AN EMBANKMENT AND OVERTURNED. ASSISTED BY CPL. J. E. THUSS /1206/ AND CASS COUNTY."
954255,3200002668,Missouri State Highway Patrol-Troop D,1580342400000,200055307,3,0,3,0,Personal Injury,GREENE,NON-CITY OR UNINCORPORATED,D,2,2,0,0,0,AT,W ,CRD 182,CRD 139,Daylight,Motor Vehicle in Transport,1,64,Thu     ,0,0,0,0,0,0,1,0,0,0,0,1,0,0,0,1,0,0,0,0,0,0,0,0,0,37.11652,-93.32903,0,01/30/2020,15:05:00,ACCIDENT OCCURRED AS VEHICLE #1 FAILED TO YIELD TO VEHICLE #2.
1050119,3200002901,Missouri State Highway Patrol-Troop I,1580342400000,200055390,2,0,2,0,Personal Injury,DENT,NON-CITY OR UNINCORPORATED,I,3,3,0,211,0.04,B ,W ,MO 72,RT C,Daylight,Motor Vehicle in Transport,1,61,Thu     ,0,0,0,0,1,1,1,1,0,0,0,0,0,0,0,1,0,0,0,0,0,0,0,0,0,37.71653,-91.63379,0,01/30/2020,15:50:00,"OCCURRED AS VEHICLE 1 REAR ENDED VEHICLE 2, WHICH REAR ENDED VEHICLE 3 WHICH WAS STOPPED TO MAKE A LEFT TURN  AT THE INTERSECTION OF MO HWY 72 AND MO HWY C.   ASSISTED BY MSGT K D WILMONT ( 678)"
862060,3200002925,Missouri State Highway Patrol-Troop A,1580342400000,200055652,1,0,1,0,Personal Injury,LAFAYETTE,NON-CITY OR UNINCORPORATED,A,1,1,0,348,0.07,B ,E ,IS 70,ERM EAST IS 70 MILE 298,Daylight,Fixed Object,2,,Thu     ,0,0,0,0,0,0,0,0,0,0,0,0,0,0,0,1,0,0,0,0,0,0,0,0,0,39.01309,-94.10033,0,01/30/2020,17:35:00,"OCCURRED AS VEH1 TRAVELED OFF THE RIGHT SIDE OF THE ROADWAY AND STRUCK TREES. ASSISTED BY CPL. T. A. BAXTER /297/,  BATES CITY POLICE DEPARTMENT, AND LAFAYETTE COUNTY"
1061876,3200002979,Missouri State Highway Patrol-Troop I,1580342400000,200055817,1,0,1,0,Personal Injury,PHELPS,NON-CITY OR UNINCORPORATED,I,3,3,0,422,0.08,A ,W ,IS 44,ERM WEST IS 44 MILE 1722,Dark-Unlighted,Fixed Object,2,,Thu     ,0,1,0,0,0,1,1,0,0,0,0,0,0,0,0,1,0,0,0,0,0,0,0,0,0,37.90572,-91.99655,0,01/30/2020,19:12:00,CRASH OCCURRED AS VEHICLE 1 TRAVELED OFF THE LEFT SIDE OF ROADWAY AND THE STRUCK GUARDRAIL.  VEHICLE 1 RETURNED TO THE ROADWAY AND WAS STRUCK BY VEHICLE 2.  VEHICLE 3 THEN STRUCK VEHICLE 2 AND VEHICLE 1
801447,3200003483,Missouri State Highway Patrol-Troop A,1580342400000,200055980,1,0,1,0,Personal Injury,JACKSON,LEES SUMMIT,A,2,2,0,4752,0.9,B ,E ,IS 470,US 40,Dark-Unlighted,Motor Vehicle in Transport,1,61,Thu     ,0,0,0,0,0,0,0,1,1,0,0,0,0,1,0,1,0,0,0,0,0,0,0,0,0,39.02054,-94.35956,0,01/30/2020,20:49:00,CRASH OCCURRED AS TRAFFIC WAS STOPPED FOR MODOT MAINTENANCE AND LANE CLOSURE. VEHICLE 1 STRUCK THE REAR OF VEHICLE 2. ASSISTED BY MSGT R S SMITH /691/.
1316260,3200003025,Missouri State Highway Patrol-Troop C,1580342400000,200056161,1,0,1,0,Personal Injury,ST. LOUIS,VALLEY PARK,C,2,2,0,0,0,AT,N,MO 141,SOR 44,Dark-Lighted,Motor Vehicle in Transport,1,64,Thu     ,0,0,0,0,0,0,0,1,1,1,0,0,0,0,0,1,0,0,0,0,1,0,0,1,0,38.53842,-90.49556,0,01/30/2020,22:38:00,VEHICLE 1 WAS TRAVELING NORTHBOUND ON MISSOURI 141 AND VEHICLE 2 WAS TRAVELING SOUTHBOUND ON MISSOURI 141. DRIVER 2 EXECUTED A LEFT TURN ONTO EASTBOUND INTERSTATE 44. DRIVER 1 FAILED TO STOP FOR A STEADY RED ELECTRIC SIGNAL AND THE FRONT OF VEHICLE 1 STRUCK THE FRONT OF VEHICLE 2.