objectid,accident,agency,inv_date,complaint,injured,killed,min_inj,dis_inj,severity,county,city,troop,no_vehicle,motor_veh,left_scene,dist_feet,dist_mile,inter_loc,direction,on_street,at_street,light_cond,acc_type,on_off_rd,two_veh,day_week,dr_drink,dr_drug,ped_drink,ped_drug,speed,dr_under21,dr_under25,dr_over55,dr_over64,electrical,emer_veh,stop_sign,yield_sign,czone,hazmat,aggressive,cell_phone,texting,veh_defect,school_bus,truck,motorcycle,atv,pickup,cmv,gps_lat,gps_long,severity_fatal,acc_date,acc_time,narrative
1233379,3200005100,Missouri State Highway Patrol-Troop C,1580428800000,200056430,1,0,0,1,Personal Injury,JEFFERSON,NON-CITY OR UNINCORPORATED,C,1,1,0,337,0.06,A ,N,IS 55,ERM NORTH IS 55 MILE 1892,Daylight,Fixed Object,2,,Fri     ,0,0,0,0,0,0,0,1,1,0,0,0,0,0,0,0,0,0,0,0,0,0,0,0,0,38.40482,-90.38538,0,01/31/2020,07:50:00,VEHICLE 1 WAS TRAVELING NORTH ON INTERSTATE 55 IN LANE 3. DRIVER 1 SWERVED TO THE LEFT TO AVOID A COLLISION WITH AN UNKNOWN VEHICLE WHICH WAS CHANGING LANES. VEHICLE 1 TRAVELED OFF THE LEFT SIDE OF THE ROAD AND IMPACTED THE CONCRETE MEDIAN BARRIER WITH ITS FRONT LEFT SIDE.
1251745,3200002900,Missouri State Highway Patrol-Troop C,1580428800000,200056573,1,0,1,0,Personal Injury,FRANKLIN,NON-CITY OR UNINCORPORATED,C,2,2,0,0,0,AT,E ,MO 100,RT V,Daylight,Motor Vehicle in Transport,1,64,Fri     ,0,0,0,0,0,0,1,0,0,0,0,0,0,0,0,1,0,0,0,0,0,0,0,0,0,38.49914,-90.90094,0,01/31/2020,08:50:00,"VEHICLE 1 WAS CROSSING MISSOURI 100 FROM ROUTE T TO ROUTE V AND FAILED TO YIELD TO VEHICLE 2 WHICH WAS TRAVELING EASTBOUND ON MISSOURI 100. THE FRONT END OF VEHICLE 1 STRUCK THE LEFT SIDE OF VEHICLE 2, CAUSING IT TO SPIN OFF THE ROADWAY AND ONTO THE RIGHT SHOULDER. VEHICLE 1 STRUCK THE GUARDRAIL."
1040595,3200002905,Missouri State Highway Patrol-Troop I,1580428800000,200056990,1,0,1,0,Personal Injury,CRAWFORD,NON-CITY OR UNINCORPORATED,I,1,1,0,1103,0.21,A ,N,RT JJ,BRIDGE N0731,Daylight,Fixed Object,2,,Fri     ,1,0,0,0,0,0,0,1,0,0,0,0,0,0,0,0,0,0,0,0,1,0,0,1,0,38.13094,-91.2448,0,01/31/2020,11:20:00,VEHICLE 1 TRAVELED OFF THE RIGHT SIDE OF THE ROADWAY AND STRUCK AN EMBANKMENT.
1289026,3200002680,Missouri State Highway Patrol-Troop C,1580428800000,200057422,1,0,0,1,Personal Injury,PIKE,NON-CITY OR UNINCORPORATED,C,1,1,0,2185,0.41,B ,E ,US 54,CRD 483,Daylight,Fixed Object,2,,Fri     ,0,0,0,0,0,1,1,0,0,0,0,0,0,0,0,1,1,0,0,0,1,0,0,1,0,39.34469,-91.30522,0,01/31/2020,15:20:00,"VEHICLE 1 TRAVELED OFF THE RIGHT SIDE OF HIGHWAY 54, STRUCK A CULVERT AND OVERTURNED."
1319946,3200004598,Missouri State Highway Patrol-Troop G,1580428800000,200057434,1,0,0,1,Personal Injury,REYNOLDS,NON-CITY OR UNINCORPORATED,G,2,2,0,834,0.16,A ,W ,MO 106,CRD 604,Daylight,Motor Vehicle in Transport,1,62,Fri     ,0,0,0,0,0,0,0,1,0,0,0,0,0,0,0,1,0,0,0,0,1,0,0,1,1,37.22877,-91.0143,0,01/31/2020,15:30:00,CRASH OCCURRED AS VEHICLE ONE CROSSED OVER THE CENTER LINE COMING INTO CONTACT WITH ONCOMING VEHICLE TWO
823043,3200003733,Missouri State Highway Patrol-Troop A,1580428800000,200057842,1,0,1,0,Personal Injury,BENTON,NON-CITY OR UNINCORPORATED,A,2,2,0,395,0.07,A ,S ,RT MM,CRD CLEARWATER RD,Dark-Unlighted,Motor Vehicle in Transport,1,64,Fri     ,0,0,0,0,0,0,1,0,0,0,0,0,0,0,0,0,0,0,0,0,1,0,0,1,0,38.23496,-93.3356,0,01/31/2020,18:25:00,"CRASH OCCURRED AS VEHICLE 1 TRAVELED OFF ROADWAY, OVERCORRECTED AND RETURNED TO ROADWAY  AND STRUCK VEHICLE 2.  ASSISTED BY BENTON COUNTY SHERIFFS DEPARTMENT"
1289025,3200002987,Missouri State Highway Patrol-Troop C,1580428800000,200057844,1,0,1,0,Personal Injury,PIKE,NON-CITY OR UNINCORPORATED,C,1,1,0,559,0.11,A ,E ,US 54,CRD 139,Dark-Unlighted,Fixed Object,2,,Fri     ,0,0,0,0,0,0,1,0,0,0,0,0,0,0,0,0,0,0,0,0,1,0,0,1,0,39.36303,-91.18937,0,01/31/2020,18:26:00,VEHICLE 1 TRAVELED OFF THE LEFT SIDE OF THE ROADWAY AND STRUCK A TREE.
1258619,3200003223,Missouri State Highway Patrol-Troop C,1580428800000,200057875,0,1,0,0,Fatal,ST. LOUIS,NON-CITY OR UNINCORPORATED,C,1,1,0,322,0.06,A ,E ,IS 44,BRIDGE J0254,Dark-Unlighted,Overturn,1,,Fri     ,0,0,0,0,0,0,0,0,0,0,0,0,0,0,0,1,0,0,0,0,1,0,0,1,0,38.53394,-90.51986,1,01/31/2020,18:51:00,"FATALITY REPORT - VEHICLE 1 WAS TRAVELING EASTBOUND ON INTERSTATE 44 AND TRAVELED OFF THE RIGHT SIDE OF THE ROADWAY. DRIVER 1 OVERCORRECTED CAUSING VEHICLE 1 TO OVERTURN MULTIPLE TIMES, EJECTING DRIVER 1. DRIVER 1 WAS FATALITY PRONOUNCED AT MERCY HOSPITAL ST. LOUIS AT 1923 HOURS BY DR. S. SINEFF. ASSISTED BY FTO CPL. R. A. METTEER (975) AND TRP.  C. A. GROVES (348)."
965994,3200002638,Missouri State Highway Patrol-Troop D,1580428800000,200057890,1,0,1,0,Personal Injury,MCDONALD,NON-CITY OR UNINCORPORATED,D,2,2,0,2323,0.44,A ,N,MO 59,CRD OSCAR TALLEY RD,Dark-Unlighted,Motor Vehicle in Transport,1,60,Fri     ,1,0,0,0,0,0,0,1,0,0,0,0,0,0,0,1,0,0,0,0,1,0,0,1,0,36.62144,-94.44129,0,01/31/2020,18:45:00,VEHICLE 1 CROSSED CENTER LINE AND STRUCK VEHICLE 2.
1197782,3200003574,Missouri State Highway Patrol-Troop B,1580428800000,200058039,3,0,1,2,Personal Injury,MACON,NON-CITY OR UNINCORPORATED,B,2,2,0,1404,0.27,A ,W ,US 36,RT K,Dark-Unlighted,Motor Vehicle in Transport,2,60,Fri     ,0,0,0,0,0,1,1,0,0,0,0,0,0,0,0,0,0,0,0,0,1,0,0,1,0,39.75131,-92.38835,0,01/31/2020,20:25:00,"01 EASTBOUND, 02 WESTBOUND. 01 CROSSED THE MEDIAN AND STRUCK WESTBOUND 02 HEAD ON.  ASSISTED BY TPR RILEY 861, MACON AND SHELBY COUNTY SHERIFFS DEPARTMENT, FIRST RESPONDERS, MACON RURAL FIRE AND MACON COUNTY AMBULANCE."
1296457,3200004269,Missouri State Highway Patrol-Troop C,1580428800000,200058244,1,0,0,1,Personal Injury,JEFFERSON,PEVELY,C,2,2,0,327,0.06,A ,S ,IS 55,ERM SOUTH IS 55 MILE 1810,Dark-Unlighted,Motor Vehicle in Transport,1,61,Fri     ,0,0,0,0,1,1,1,0,0,0,0,0,0,0,0,1,0,0,0,0,0,1,0,0,0,38.28851,-90.40327,0,01/31/2020,22:05:00,"BOTH VEHICLES WERE TRAVELING SOUTHBOUND ON INTERSTATE 55. THE FRONT OF VEHICLE 2 STRUCK THE REAR OF VEHICLE 1, EJECTING DRIVING 2."
1258621,3200003308,Missouri State Highway Patrol-Troop C,1580428800000,200058312,2,0,2,0,Personal Injury,ST. LOUIS,NON-CITY OR UNINCORPORATED,C,1,1,0,63,0.01,A ,N,IS 55,BRIDGE A0608,Dark-Lighted,Fixed Object,2,,Fri     ,0,0,0,0,0,0,0,0,0,0,0,0,0,0,0,1,0,0,0,0,0,0,0,0,0,38.49604,-90.34568,0,01/31/2020,22:35:00,"VEHICLE 1 WAS TRAVELING NORTHBOUND ON INTERSTATE 55, TRAVELED OFF THE RIGHT SIDE OF THE ROADWAY, AND STRUCK THE CABLE BARRIER."
865359,3200002751,Missouri State Highway Patrol-Troop A,1580515200000,200058888,1,0,1,0,Personal Injury,PETTIS,NON-CITY OR UNINCORPORATED,A,1,1,0,1541,0.29,A ,N,RT T,CRD MENEFEE RD,Daylight,Fixed Object,2,,Sat     ,0,0,0,0,0,1,1,0,0,0,0,0,0,0,0,0,0,0,0,0,0,0,0,0,0,38.75634,-93.33553,0,02/01/2020,08:32:00,"CRASH OCCURRED AS VEHICLE 1 TRAVELED OFF THE LEFT SIDE OF THE ROADWAY, STRUCK A CULVERT AND OVERTURNED.  ASSISTED BY PETTIS COUNTY DEPUTIES."
887984,3200003153,Missouri State Highway Patrol-Troop A,1580515200000,200058953,2,0,0,2,Personal Injury,RAY,NON-CITY OR UNINCORPORATED,A,2,2,0,1840,0.35,A ,S ,RT M,CRD W 176TH ST,Daylight,Motor Vehicle in Transport,1,60,Sat     ,0,0,0,0,0,1,1,1,0,0,0,0,0,0,0,1,0,0,0,0,0,0,0,0,0,39.40529,-94.15386,0,02/01/2020,09:00:00,"OCCURRED AS VEH2 TRAVELED OFF THE RIGHT SIDE OF THE ROAD, OVERCORRECTED, AND TRAVELED INTO THE NORTHBOUND LANE WHERE IT STRUCK VEH1, CAUSING BOTH OF THEM TO TRAVEL INTO THE DITCH . ASSISTED BY TPR. N. T. OTT /965/ AND TPR. T. M. BROYLES /454/"
1195251,3200003090,Missouri State Highway Patrol-Troop B,1580515200000,200059371,3,0,3,0,Personal Injury,LINN,NON-CITY OR UNINCORPORATED,B,2,2,0,0,0,AT,E ,US 36,RT TT,Daylight,Motor Vehicle in Transport,1,64,Sat     ,0,0,0,0,0,0,0,0,0,0,0,0,1,0,0,1,0,0,0,0,1,0,0,1,0,39.77971,-93.11849,0,02/01/2020,11:50:00,"VEHICLE 1 ATTEMPTED TO CROSS THE HIGHWAY, FAILED TO YIELD AND PULLED INTO THE PATH OF VEHICLE 2. VEHICLE 2 STRUCK VEHICLE 1 IN THE FRONT PASSENGER SIDE AND CAME TO REST OFF THE RIGHT SIDE OF THE ROADWAY. VEHICLE 1 CAME TO REST IN THE ROADWAY."
1233400,3200004403,Missouri State Highway Patrol-Troop C,1580515200000,200059401,0,1,0,0,Fatal,JEFFERSON,NON-CITY OR UNINCORPORATED,C,2,2,0,73,0.01,A ,N,US 61,CRD EAST ST,Daylight,Overturn,1,,Sat     ,0,0,0,0,0,0,0,1,0,0,0,0,0,0,0,1,0,0,0,0,0,1,0,0,0,38.34327,-90.38945,1,02/01/2020,12:11:00,FATALITY REPORT - VEHICLE 1 WAS TRAVELING NORTHBOUND ON US 61 AND VEHICLE 2 WAS TRAVELING SOUTHBOUND ON US 61.  VEHICLE 2 BEGAN TO MAKE A LEFT HAND TURN AND TURNED INTO THE  PATH OF VEHICLE 1.  THE LEFT SIDE OF VEHICLE 1 STRUCK THE FRONT OF VEHICLE 2.  DRIVER 1 WAS PRONOUNCED BY DR JOSEPH AVILA AT MERCY HOSPITAL SOUTH AT 1310 HOURS 02/01/2020. ASSISTED BY TPR. R.P. MAHONEY (938)
1277800,3200003210,Missouri State Highway Patrol-Troop C,1580515200000,200059410,0,0,0,0,Property Damage,ST. CHARLES,LAKE ST LOUIS,C,2,2,0,830,0.16,B ,W ,IS 70,CST LAKE ST LOUIS BLVD,Daylight,Motor Vehicle in Transport,1,61,Sat     ,0,0,0,0,0,0,0,1,0,0,0,0,0,0,0,1,0,0,0,0,0,0,0,0,0,38.80403,-90.76782,0,02/01/2020,12:14:00,VEHICLE 1 WAS TRAVELING WESTBOUND ON INTERSTATE 70 BEHIND VEHICLE 2.  DRIVER 1 WAS DISTRACTED AND THE FRONT OF VEHICLE 1 STRUCK THE REAR OF VEHICLE 2.
1134599,3200002899,Missouri State Highway Patrol-Troop E,1580515200000,200060077,2,0,2,0,Personal Injury,MADISON,NON-CITY OR UNINCORPORATED,E,2,2,Y,728,0.14,A ,S ,US 67,CRD 412,Dark-Unlighted,Motor Vehicle in Transport,1,64,Sat     ,1,0,0,0,0,0,0,1,1,0,0,0,0,0,0,0,0,0,0,0,0,0,0,0,0,37.38471,-90.33413,0,02/01/2020,17:56:00,CRASH OCCURRED AS BOTH VEHICLES WERE TRAVELING SOUTH ON US 67. VEHICLE 1 STRUCK VEHICLE 2 ON THE DRIVER SIDE.
1113442,3200003511,Missouri State Highway Patrol-Troop E,1580515200000,200060643,2,0,2,0,Personal Injury,DUNKLIN,NON-CITY OR UNINCORPORATED,E,2,2,Y,0,0,AT,W ,US 412,CRD 602,Dark-Unlighted,Motor Vehicle in Transport,1,61,Sat     ,0,0,0,0,0,0,1,0,0,0,0,0,0,0,0,1,0,0,0,0,1,0,0,1,0,36.07559,-90.23219,0,02/01/2020,22:37:00,CRASH OCCURRED AS VEHICLE 1 REAR ENDED VEHICLE 2.
1145094,3200004489,Missouri State Highway Patrol-Troop E,1580601600000,200060935,0,2,0,0,Fatal,NEW MADRID,NON-CITY OR UNINCORPORATED,E,1,1,0,1161,0.22,A ,S ,US 61,CST MITCHELL ST,Dark-Unlighted,Fixed Object,2,,Sun     ,1,0,0,0,0,0,0,0,0,0,0,0,0,0,0,1,0,0,0,0,0,0,0,0,0,36.52567,-89.61099,1,02/02/2020,04:00:00,"FATAL CRASH REPORT - OCCURRED AS VEH 1 RAN OFF THE RIGHT SIDE OF THE ROADWAY, STRUCK AN EMBANKMENT, AND OVERTURNED, EJECTING BOTH OCCUPANTS.  SUBJECTS PRONOUNCED AT THE SCENE BY NEW MADRID COUNTY CORONER GEORGE DELISLE AT 0435 HOURS. NEXT OF KIN NOTIFIED - TROOP E FATALITIES #2 & #3 FOR 2020."
1233385,3200002962,Missouri State Highway Patrol-Troop C,1580601600000,200061563,1,0,1,0,Personal Injury,JEFFERSON,NON-CITY OR UNINCORPORATED,C,2,2,0,0,0,AT,S ,RT B,PVT COLUMN DRIVE,Daylight,Motor Vehicle in Transport,1,64,Sun     ,0,0,0,0,0,0,1,0,0,0,0,1,0,0,0,1,0,0,0,0,1,1,0,1,0,38.25148,-90.61805,0,02/02/2020,12:25:00,DRIVER #1 ATTEMPTED A LEFT TURN PULLING IN FRONT OF VEHICLE #2.
1301457,3200003439,Missouri State Highway Patrol-Troop C,1580601600000,200061580,1,0,1,0,Personal Injury,ST. CHARLES,NON-CITY OR UNINCORPORATED,C,2,2,0,185,0.04,B ,W ,MO 94,PVT AHOLT LN,Daylight,Motor Vehicle in Transport,1,62,Sun     ,0,0,0,0,0,1,1,1,0,0,0,0,0,0,0,1,0,0,0,0,0,1,0,0,0,38.58891,-90.91504,0,02/02/2020,12:35:00,"VEHICLE 1 ATTEMPTED TO PASS A VEHICLE IN NO PASSING ZONE AND TRAVELED INTO THE WESTBOUND LANES.  THE LEFT SIDE OF VEHICLE 1 STRUCK THE RIGHT SIDE OF VEHICLE 2.  VEHICLE 2 TRAVELED OFF THE NORTH SIDE OF THE ROADWAY, EJECTING DRIVER 2."
1177202,3200003243,Missouri State Highway Patrol-Troop B,1580601600000,200061647,0,1,0,0,Fatal,PUTNAM,NON-CITY OR UNINCORPORATED,B,2,2,0,767,0.15,A ,E ,RT W,CRD 427TH RD,Daylight,Motor Vehicle in Transport,1,63,Sun     ,0,0,0,0,0,0,0,1,0,0,0,0,0,0,0,1,0,0,0,0,1,0,1,1,0,40.41142,-92.74605,1,02/02/2020,12:58:00,"FATALITY REPORT-NEXT OF KIN NOTIFIED- WHILE VEHICLE 1 WAS PASSING VEHICLE 2, THE TOWED UNIT OF VEHICLE 1 STRUCK VEHICLE 2, AND VEHICLE 1 OVERTURNED. EVANS PRONOUNCED DECEASED BY DR. DANKS AT NORTHEAST REGIONAL MEDICAL CENTER ON 02/02/20 AT 1410 HOURS. ASSISTED BY THE PUTNAM COUNTY SHERIFF'S DEPARTMENT, PUTNAM COUNTY FIRST RESPONDERS, AND PUTNAM COUNTY AMBULANCE."
1504035,3200003106,Missouri State Highway Patrol-Troop H,1580601600000,200061730,1,0,1,0,Personal Injury,LIVINGSTON,NON-CITY OR UNINCORPORATED,H,2,2,0,15,0,A ,E ,MO 190,CRD 229 EJ,Daylight,Motor Vehicle in Transport,1,64,Sun     ,0,0,0,0,0,0,0,1,1,0,0,0,0,0,0,1,0,0,0,0,1,0,0,1,0,39.81918,-93.59601,0,02/02/2020,13:20:00,"CRASH OCCURRED AS VEH 1 AND VEH 2 WERE WESTBOUND ON MO 190.  VEH 2 SIGNALED TO MAKE A LEFT HAND TURN ONTO LIV 229. VEH 1 ATTEMPTED TO PASS VEH 2 COLLIDING WITH VEH 2'S DRIVER'S SIDE DOOR.  VEH 1 RAN OFF THE SOUTH  SIDE OF MO 190 COMING TO REST ON ITS WHEELS FACING NORTH.  VEH 2 CAME TO REST ON THE SHOULDER OF MO 190 FACING WEST.  ASSISTED BY TPR B. N. RANEY ( 731), LIVINGSTON COUNTY SHERIFF'S DEPARTMENT, AND  CHILLICOTHE FIRE DEPARTMENT."
1040594,3200003037,Missouri State Highway Patrol-Troop I,1580601600000,200061736,1,0,0,1,Personal Injury,CRAWFORD,NON-CITY OR UNINCORPORATED,I,1,1,0,322,0.06,B ,S ,MO 19,RT O,Daylight,Overturn,2,,Sun     ,0,0,0,0,0,0,0,0,0,0,0,0,0,0,0,0,0,0,0,0,0,0,1,0,0,38.04442,-91.39351,0,02/02/2020,13:25:00,THE CRASH OCCURRED AS AN UNKNOWN NORTHBOUND VEHICLE CROSSED THE CENTERLINE INTO THE PATH OF VEHICLE 1 WHICH CAUSED DRIVER 1 TO TRAVEL OFF THE RIGHT SIDE. VEHICLE 1 OVERTURNED.
1171001,3200003975,Missouri State Highway Patrol-Troop F,1580601600000,200061847,1,0,0,1,Personal Injury,MORGAN,NON-CITY OR UNINCORPORATED,F,2,2,0,512,0.1,B ,E ,MO 52,CRD CHURCH ROAD,Daylight,Motor Vehicle in Transport,1,61,Sun     ,0,0,0,0,0,0,1,1,1,0,0,0,0,0,0,0,0,0,0,0,0,0,0,0,0,38.44512,-92.82032,0,02/02/2020,14:18:00,CRASH OCCURRED AS VEHICLE 2 WAS STOPPED IN TRAFFIC WAITING TO MAKE A LEFT TURN. DRIVER 1 WAS INATTENTIVE. VEHICLE 1 STRUCK THE REAR OF VEHICLE 2. ASSISTED BY TPR. S. D. SEARS (1407) AND MORGAN COUNTY SHERIFF'S OFFICE.
1233463,3200003499,Missouri State Highway Patrol-Troop C,1580601600000,200061859,0,0,0,0,Property Damage,JEFFERSON,NON-CITY OR UNINCORPORATED,C,2,2,0,68,0.01,B ,E ,MO 30,CRD NORTHWEST BLVD,Daylight,Motor Vehicle in Transport,1,61,Sun     ,0,0,0,0,0,0,0,0,0,1,0,0,0,0,0,1,0,0,0,0,1,0,0,1,0,38.50051,-90.46109,0,02/02/2020,14:25:00,"VEHICLE #1 WAS STOPPED FOR A STEADY RED ELECTRIC SIGNAL. DRIVER #2 FAILED TO OBSERVE THE RED SIGNAL, SWERVED CAUSING VEHICLE #2 TO STRIKE THE REAR OF VEHICLE #1."
1200396,3200003376,Missouri State Highway Patrol-Troop C,1580601600000,200062045,2,0,2,0,Personal Injury,ST. LOUIS CITY,ST LOUIS,C,2,2,0,43,0.01,A ,W ,IS 70,CST GOODFELLOW BLVD,Daylight,Motor Vehicle in Transport,1,63,Sun     ,0,0,0,0,0,0,1,0,0,0,0,0,0,0,0,1,0,0,0,0,1,0,0,1,0,38.70066,-90.26412,0,02/02/2020,15:55:00,"VEHICLE 1 BEGAN TO SKID AND TRAVELED INTO LANE 3. THE FRONT RIGHT OF VEHICLE 1 STRUCK THE LEFT SIDE OF VEHICLE 2. VEHICLE 1 TRAVELED OFF THE RIGHT SIDE OF THE ROADWAY, ROTATED COUNTER CLOCK-WISE, RETURNED TO THE ROADWAY AND BEGAN OVERTURNING. VEHICLE 2 TRAVELED OFF THE RIGHT SIDE OF THE ROADWAY, STRUCK A CONCRETE CURB, AND RETURNED TO THE ROADWAY. ASSISTED BY TPR J V BONDURANT (1468) AND TPR A M COLLINS (216)."
1311805,3200003247,Missouri State Highway Patrol-Troop C,1580601600000,200062113,2,0,2,0,Personal Injury,ST. CHARLES,ST PETERS,C,3,3,0,755,0.14,B ,E ,MO 94,CST WESTWOOD DR,Daylight,Motor Vehicle in Transport,1,61,Sun     ,0,0,0,0,0,0,0,1,0,0,0,0,0,0,0,0,0,0,0,0,1,0,0,1,0,38.72998,-90.64183,0,02/02/2020,16:20:00,VEHICLES 1 AND 2 WERE STOPPED IN TRAFFIC ON EASTBOUND MISSOURI ROUTE 94. VEHICLE 3 WAS TRAVELING EASTBOUND ON MISSOURI ROUTE 94. DRIVER 3 FAILED TO STOP AND THE FRONT OF VEHICLE 3 STRUCK THE REAR OF VEHICLE 2. THE FRONT OF VEHICLE 2 WAS THEN PUSHED INTO THE REAR OF VEHICLE 1.
1233464,3200003971,Missouri State Highway Patrol-Troop C,1580601600000,200062143,1,0,0,1,Personal Injury,JEFFERSON,NON-CITY OR UNINCORPORATED,C,1,1,0,58,0.01,A ,E ,CRD OLD LEMAY FERRY CONNECTOR,RT M EJ,Daylight,Overturn,1,,Sun     ,0,0,0,0,1,0,0,1,0,0,0,0,0,0,0,1,0,0,0,0,0,1,0,0,0,38.3611,-90.47082,0,02/02/2020,16:40:00,VEHICLE #1 STARTED TO SLIDE ON LOOSE GRAVEL CAUSING VEHICLE #1 TO OVERTURN AND EJECT DRIVER #1.
1061845,3200002792,Missouri State Highway Patrol-Troop I,1580601600000,200062148,2,0,1,1,Personal Injury,PHELPS,NON-CITY OR UNINCORPORATED,I,1,1,0,21,0,B ,S ,US 63,CRD 5340,Daylight,Overturn,1,,Sun     ,0,0,0,0,0,0,0,0,0,0,0,0,0,0,0,1,0,0,0,0,0,1,0,0,0,37.80608,-91.80695,0,02/02/2020,16:42:00,"VEHICLE 1 EXPERIENCED A MECHANICAL MALFUNCTION, OVERTURNED AND EJECTED BOTH OCCUPANTS."
918177,3200003620,Missouri State Highway Patrol-Troop D,1580601600000,200062180,1,0,0,1,Personal Injury,JASPER,NON-CITY OR UNINCORPORATED,D,1,1,0,650,0.12,B ,W ,MO 66,BRIDGE J0801,Daylight,Fixed Object,2,,Sun     ,0,0,0,0,0,0,0,0,0,0,0,0,0,0,0,0,0,0,0,0,0,0,0,0,0,37.08587,-94.60495,0,02/02/2020,16:55:00,"ACCIDENT OCCURRED AS VEHICLE #1 TRAVELED OFF OF THE RIGHT SIDE OF THE ROADWAY, STRUCK AND EMBANKMENT, AND OVERTURNED."
1222248,3200003887,Missouri State Highway Patrol-Troop C,1580601600000,200062408,2,0,2,0,Personal Injury,ST. LOUIS,BERKELEY,C,2,2,0,269,0.05,B ,W ,IS 70,ERM WEST IS 70 MILE 2396,Dark-Lighted,Motor Vehicle in Transport,1,61,Sun     ,0,0,0,0,0,0,0,1,0,0,0,0,0,0,0,0,0,0,0,0,0,0,0,0,0,38.72244,-90.32206,0,02/02/2020,19:51:00,"BOTH VEHICLES WERE TRAVELING WESTBOUND ON INTERSTATE 70. DRIVER 1 EXECUTED AN IMPROPER LANE CHANGE AND THE LEFT REAR OF VEHICLE 1 STRUCK THE RIGHT FRONT OF VEHICLE 2. VEHICLE 1 THEN TRAVELED OFF THE RIGHT SIDE OF THE ROADWAY, STRIKING A LIGHT POLE AND A GUARD RAIL."
1113441,3200003152,Missouri State Highway Patrol-Troop E,1580601600000,200062429,1,0,1,0,Personal Injury,DUNKLIN,NON-CITY OR UNINCORPORATED,E,1,1,0,79,0.01,B ,N,RT NN,CRD 498,Dark-Unlighted,Fixed Object,2,,Sun     ,0,0,0,0,0,0,0,0,0,0,0,0,0,0,0,1,0,0,0,0,0,1,0,0,0,35.99936,-89.96065,0,02/02/2020,20:10:00,"CRASH OCCURRED AS VEHICLE 1 RAN OFF THE RIGHT SIDE OF THE ROADWAY AND STRUCK A DITCH, EJECTING THE DRIVER."
1504711,3200003465,Missouri State Highway Patrol-Troop H,1580601600000,200062538,1,0,0,1,Personal Injury,DAVIESS,NON-CITY OR UNINCORPORATED,H,1,1,0,533,0.1,B ,N,MO 13,CRD RIDGE AVE,Dark-Unlighted,Overturn,2,,Sun     ,1,0,0,0,0,0,0,1,0,0,0,0,0,0,0,0,0,0,0,0,1,0,0,1,0,39.88318,-93.94206,0,02/02/2020,21:33:00,"CRASH OCCURRED AS VEH 1 WAS NORTHBOUND ON MO-13. VEH 1 DROVE OFF THE EAST SIDE OF THE ROADWAY, OVERCORRECTED, AND TRAVELED OFF THE WEST SIDE OF THE ROADWAY. VEH 1 OVERTURNED AND CAME TO REST ON ITS WHEELS FACING NORTHBOUND. ASSISTED CPL. M.J. MILLER (1418), DAVIESS COUNTY SHERIFF'S OFFICE, AND GALLATIN POLICE DEPARTMENT."
954223,3200003064,Missouri State Highway Patrol-Troop D,1580601600000,200062567,1,0,0,1,Personal Injury,GREENE,NON-CITY OR UNINCORPORATED,D,1,1,0,1362,0.26,B ,N,RT HH,CRD 54,Dark-Unlighted,Fixed Object,2,,Sun     ,0,0,0,0,1,0,1,0,0,0,0,0,0,0,0,1,0,0,0,0,0,1,0,0,0,37.34191,-93.38058,0,02/02/2020,21:43:00,VEHICLE #1 TRAVELED OFF THE ROADWAY AND OVERTURNED.
1285595,3200005656,Missouri State Highway Patrol-Troop C,1580601600000,200062588,0,1,0,0,Fatal,ST. FRANCOIS,NON-CITY OR UNINCORPORATED,C,1,1,0,232,0.04,B ,S ,RT D,CRD SUGAR GROVE RD,Dark-Unlighted,Pedestrian,1,,Sun     ,,,,,,0,1,0,0,0,0,0,0,0,0,,0,0,,0,1,0,0,1,0,37.81341,-90.41802,1,02/02/2020,21:53:00,FATALITY REPORT - VEHICLE 1 WAS TRAVELING SOUTHBOUND ON ROUTE D. VEHICLE 2 WAS TRAVELING NORTHBOUND ON ROUTE D. PEDESTRIAN 1 RAN OUT INTO THE MIDDLE OF THE ROADWAY AND WAS STRUCK BY VEHICLE 2. VEHICLE 2 LEFT THE SCENE. VEHICLE 1 THEN STRUCK PEDESTRIAN 1. PEDESTRIAN 1 FATALITY  PRONOUNCED ON THE SCENE AT 2225 HOURS BY ST. FRANCOIS COUNTY CORONER: JIM COPLIN. ASSISTED BY MSGT. D. F. ISRINGHAUSEN (1335) AND TPR. Z. S. PRESTON (503).
1177912,3200003543,Missouri State Highway Patrol-Troop F,1580601600000,200062605,2,1,2,0,Fatal,CAMDEN,NON-CITY OR UNINCORPORATED,F,1,1,0,575,0.11,A ,S ,CRD OLD MORGAN RD,PVT CREEK ROCK DR,Dark-Unlighted,Overturn,1,,Sun     ,0,0,0,0,1,0,0,0,0,0,0,0,0,0,0,1,0,0,0,0,0,0,0,0,0,37.96737,-92.83317,1,02/02/2020,22:04:00,"***FATALITY ACCIDENT***NEXT OF KIN NOTIFIED*** OCCURRED AS VEHICLE 1 RAN OFF THE RIGHT SIDE OF THE ROADWAY, STRUCK AN EMBANKMENT, OVERTURNED, THEN RETURNED TO THE ROADWAY.  PRONOUNCED ON SCENE AT 2240 HOURS BY DR. ROBINSON.  THIS IS TROOP F'S 1ST FATALITY FOR FEBRUARY AND 4TH FOR THE YEAR.  ASSISTED BY TPR. C. A. SUMNER (1441)"