objectid,accident,agency,inv_date,complaint,injured,killed,min_inj,dis_inj,severity,county,city,troop,no_vehicle,motor_veh,left_scene,dist_feet,dist_mile,inter_loc,direction,on_street,at_street,light_cond,acc_type,on_off_rd,two_veh,day_week,dr_drink,dr_drug,ped_drink,ped_drug,speed,dr_under21,dr_under25,dr_over55,dr_over64,electrical,emer_veh,stop_sign,yield_sign,czone,hazmat,aggressive,cell_phone,texting,veh_defect,school_bus,truck,motorcycle,atv,pickup,cmv,gps_lat,gps_long,severity_fatal,acc_date,acc_time,narrative
1155420,3200002920,Missouri State Highway Patrol-Troop E,1580688000000,200062812,1,0,1,0,Personal Injury,SCOTT,NON-CITY OR UNINCORPORATED,E,1,1,0,31,0.01,B ,N,IS 55,ERM NORTH IS 55 MILE 818,Dark-Unlighted,Overturn,2,,Sun     ,0,0,0,0,0,0,0,0,0,0,0,0,0,0,0,0,0,0,0,0,0,0,0,0,1,37.10069,-89.53619,0,02/02/2020,23:53:00,"CRASH OCCURRED AS VEHICLE 1 RAN OFF THE ROADWAY, RETURNED TO ROADWAY AND OVERTURNED.  VEHICLE 2 THEN STRUCK VEHICLE 1."
877774,3200003486,Missouri State Highway Patrol-Troop A,1580688000000,200062896,1,0,1,0,Personal Injury,JACKSON,NON-CITY OR UNINCORPORATED,A,1,1,0,515,0.1,A ,S ,RT BB,CRD E TRUMAN RD,Dark-Unlighted,Fixed Object,2,,Mon     ,,,,,,0,0,0,0,0,0,0,0,0,0,,0,0,,0,0,0,0,0,0,0,0,0,02/03/2020,04:07:00,"OCCURRED AS VEH1 FAILED TO NEGOTIATE A CURVE, TRAVELED OFF ROADWAY AND STRUCK A CULVERT. ASSISTED BY BUCKNER POLICE DEPARTMENT"
1258668,3200003736,Missouri State Highway Patrol-Troop C,1580688000000,200062952,1,0,1,0,Personal Injury,ST. LOUIS,NON-CITY OR UNINCORPORATED,C,2,2,0,776,0.15,B ,S ,RP 279190,IS 255 SJ,Daylight,Fixed Object,2,,Mon     ,0,0,0,0,1,1,1,0,0,0,0,0,0,0,0,1,0,0,0,0,0,0,0,0,0,38.50245,-90.33615,0,02/03/2020,06:58:00,"VEHICLE ONE WAS TRAVELING ON THE EXIT RAMP FROM SOUTHBOUND INTERSTATE 55 TO EASTBOUND INTERSTATE 255, IN LANE 2. VEHICLE TWO WAS BEHIND VEHICLE ONE IN LANE 3.  DRIVER ONE WAS TRAVELING TOO FAST TO NAVIGATE THE LEFT HAND CURVE IN THE ROAD AND LOST CONTROL.  VEHICLE TRAVELED OFF THE LEFT SIDE OF THE ROADWAY AND THE FRONT STRUCK A GUARDRAIL FACE.  VEHICLE ONE RETURNED TO THE ROADWAY AND THE LEFT REAR OF VEHICLE ONE STRUCK THE LEFT SIDE OF VEHICLE TWO.  VEHICLE ONE CONTINUED AND TRAVELED OFF THE RIGHT SIDE OF THE ROADWAY AND THE FRONT STRUCK A GUARDRAIL FACE."
1258669,3200003067,Missouri State Highway Patrol-Troop C,1580688000000,200063036,2,0,2,0,Personal Injury,ST. LOUIS,NON-CITY OR UNINCORPORATED,C,3,3,0,100,0.02,A ,W ,IS 270,ERM SOUTH IS 270 MILE 162,Daylight,Motor Vehicle in Transport,1,61,Mon     ,0,0,0,0,0,0,1,0,0,0,0,0,0,0,0,1,0,0,0,0,0,0,0,0,0,38.69238,-90.45053,0,02/03/2020,07:50:00,VEHICLE 1 WAS FOLLOWING TOO CLOSE. THE FRONT OF VEHICLE 1 STRUCK THE REAR OF VEHICLE 2.  VEHICLE 2 SLID AND IT'S FRONT STRUCK THE REAR OF VEHICLE 3.  ASSISTED BY TPR B. GROVES (837)
1178483,3200002824,Missouri State Highway Patrol-Troop B,1580688000000,200063272,1,0,0,1,Personal Injury,SCOTLAND,NON-CITY OR UNINCORPORATED,B,1,1,0,1584,0.3,A ,W ,US 136,MO 15 WJ,Daylight,Fixed Object,2,,Mon     ,0,0,0,0,0,0,0,1,1,0,0,0,0,0,0,1,0,0,0,0,1,0,0,1,0,40.45663,-92.19891,0,02/03/2020,10:00:00,VEHICLE 1 TRAVELED OFF THE RIGHT SIDE OF THE ROAD AND STRUCK A DITCH.
830919,3200002994,Missouri State Highway Patrol-Troop A,1580688000000,200063296,1,0,1,0,Personal Injury,CLAY,KANSAS CITY,A,2,2,0,58,0.01,B ,N,MO 1,RP 277202,Daylight,Motor Vehicle in Transport,1,61,Mon     ,0,0,0,0,0,1,1,0,0,1,0,0,0,0,0,1,0,0,0,0,1,0,0,1,0,39.24498,-94.53922,0,02/03/2020,10:00:00,CRASH OCCURRED AS VEHICLE1 OVERTOOK AND STRUCK VEH2 IN THE REAR.
1509390,3200003082,Missouri State Highway Patrol-Troop H,1580688000000,200063340,2,0,1,1,Personal Injury,NODAWAY,NON-CITY OR UNINCORPORATED,H,2,2,0,2640,0.5,A ,N,US 71,RT CC,Daylight,Motor Vehicle in Transport,1,64,Mon     ,0,0,0,0,0,0,0,0,0,0,0,0,0,0,0,1,0,0,0,0,1,0,0,1,1,40.38881,-94.8793,0,02/03/2020,10:24:00,"CRASH OCCURRED AS VEH#1 WAS NORTHBOUND ON US-71 AND VEH#2 WAS EXITING ONTO SOUTHBOUND US-71 OUT OF A TRUCK STOP. VEH#2 TRAVELED INTO THE PATH OF VEH#1. VEH#1 STRUCK THE DRIVER'S SIDE OF VEH#2. BOTH VEHICLES TRAVELED OFF THE SOUTH SIDE OF THE ROADWAY. VEH#1 CAME TO REST FACING SOUTHEAST AND VEH#2 CAME TO REST FACING NORTHEAST. ASSISTED BY S.E. PRITZEL (1192), NODAWAY COUNTY SHERIFF'S OFFICE, NODAWAY COUNTY EMS, AND MARYVILLE FIRE."
1201172,3200003510,Missouri State Highway Patrol-Troop C,1580688000000,200063472,2,0,2,0,Personal Injury,LINCOLN,NON-CITY OR UNINCORPORATED,C,1,1,0,1895,0.36,A ,N,CRD SUGAR GROVE RD,PVT VALLEY GROVE CT,Daylight,Fixed Object,2,,Mon     ,0,0,0,0,0,0,0,1,0,0,0,0,0,0,0,0,0,0,1,0,1,0,0,1,0,38.93566,-90.98366,0,02/03/2020,10:00:00,THE STEERING WAS LOST IN VEHICLE 1 CAUSING IT TO VEER OFF THE RIGHT SIDE OF ROAD AND THEN STRIKE A TREE.
885580,3200003046,Missouri State Highway Patrol-Troop A,1580688000000,200063508,1,0,0,1,Personal Injury,CASS,NON-CITY OR UNINCORPORATED,A,1,1,0,480,0.09,A ,E ,MO 58,CRD S BURRI RD,Daylight,Overturn,1,,Mon     ,0,0,0,0,0,0,0,1,1,0,0,0,0,0,0,0,0,0,0,0,0,1,0,0,0,38.76247,-94.18626,0,02/03/2020,11:49:00,"OCCURRED AS VEH1 BEGAN TO SLIDE ON THE ROADWAY AND OVERTURNED, EJECTING THE DRIVER BEFORE TRAVELING OFF THE RIGHT SIDE OF THE ROADWAY. ASSISTED BY PLEASANT HILL FIRE."
954224,3200002885,Missouri State Highway Patrol-Troop D,1580688000000,200063625,4,0,4,0,Personal Injury,GREENE,NON-CITY OR UNINCORPORATED,D,3,3,0,290,0.05,A ,E ,US 160,BRIDGE A4145,Daylight,Motor Vehicle in Transport,1,61,Mon     ,0,0,0,0,0,0,1,1,0,1,0,0,0,0,0,0,1,0,0,0,1,0,0,1,0,37.15356,-93.36238,0,02/03/2020,12:50:00,CRASH OCCURRED AS VEH 2 AND VEH 3 WERE STOPPED IN TRAFFIC.  VEH 1 STRUCK THE REAR OF VEH 2 AND THEN STRUCK THE REAR OF VEH 3.
1177913,3200003927,Missouri State Highway Patrol-Troop F,1580688000000,200063788,1,0,1,0,Personal Injury,CAMDEN,NON-CITY OR UNINCORPORATED,F,2,2,0,31,0.01,A ,S ,CRD PIER THIRTY ONE ROAD,RP 979821,Daylight,Motor Vehicle in Transport,1,64,Mon     ,0,0,0,0,0,0,0,1,1,0,0,1,0,0,0,1,0,0,0,0,0,0,0,0,0,38.03599,-92.76759,0,02/03/2020,13:50:00,CRASH OCCURRED AS VEHICLE 2 WAS SOUTHBOUND ON PIER 31 ROAD. VEHICLE 1 WAS NORTHBOUND ON MO 5 MAKING A LEFT TURN ONTO PIER 31 ROAD AND FAILED TO YIELD TO VEHICLE 2. VEHICLE 1 STRUCK VEHICLE 2.
1025748,3200003545,Missouri State Highway Patrol-Troop D,1580688000000,200063911,0,1,0,0,Fatal,TANEY,NON-CITY OR UNINCORPORATED,D,2,2,0,0,0,AT,S ,US 65,MO 86,Daylight,Motor Vehicle in Transport,1,64,Mon     ,0,0,0,0,0,0,0,1,1,1,0,0,0,0,0,1,0,0,0,0,1,0,0,0,1,36.5315,-93.24591,1,02/03/2020,14:54:00,"LATE DEATH REPORT - THIS IS TROOP D'S 12TH FATALITY FOR 2020 - CRASH OCCURRED AS VEHICLE #1 ATTEMPTED TO MAKE A LEFT TURN ON MO 86, RAN THE RED LIGHT, AND WAS STRUCK SOUTHBOUND BY VEHICLE #2. SUBJECT WAS PRONOUNCED DECEASED BY DOCTOR TESSA WOODS AT COX SOUTH HOSPITAL AT 2100 HOURS ON 02/03/2020."
929983,3200002951,Missouri State Highway Patrol-Troop D,1580688000000,200063937,1,0,1,0,Personal Injury,STONE,NON-CITY OR UNINCORPORATED,D,2,2,0,0,0,AT,N,MO 13,MO 86 SJ,Daylight,Overturn,1,,Mon     ,0,0,0,0,1,1,1,1,1,0,0,0,0,0,0,1,0,0,0,0,1,1,0,1,0,36.51233,-93.39624,0,02/03/2020,15:10:00,CRASH OCCURRED AS VEHICLE #2 TURNED INTO THE PATH OF VEHICLE #1.
1016157,3200003473,Missouri State Highway Patrol-Troop D,1580688000000,200064145,1,0,1,0,Personal Injury,NEWTON,NON-CITY OR UNINCORPORATED,D,1,1,0,2428,0.46,B ,S ,CRD JAGUAR,CRD ASPEN ROAD,Daylight,Other Non Collision,2,,Mon     ,0,0,0,0,1,1,1,0,0,0,0,0,0,0,0,1,0,0,0,0,0,0,0,0,0,37.04661,-94.42407,0,02/03/2020,16:50:00,"NR1 LOST CONTROL, RAN OFF THE ROADWAY AND STRUCK A UTILITY POLE."
918176,3200003266,Missouri State Highway Patrol-Troop D,1580688000000,200064604,2,0,2,0,Personal Injury,JASPER,NON-CITY OR UNINCORPORATED,D,2,2,Y,450,0.09,A ,E ,IS 44,ERM EAST IS 44 MILE 170,Dark-Unlighted,Motor Vehicle in Transport,1,61,Mon     ,,,,,,,,,,0,0,0,0,0,0,,0,0,,0,1,0,0,1,0,37.08192,-94.33803,0,02/03/2020,22:00:00,"NR2 STRUCK THE REAR OF NR1, CAUSING NR1 TO RUN OFF INTO THE MEDIAN.  NR2 THEN LEFT THE SCENE WITHOUT STOPPING."
1133612,3200002955,Missouri State Highway Patrol-Troop E,1580774400000,200064741,1,0,1,0,Personal Injury,RIPLEY,NON-CITY OR UNINCORPORATED,E,1,1,0,1584,0.3,A ,S ,MO 21,CRD 21S-3,Dark-Unlighted,Fixed Object,2,,Tue     ,0,0,0,0,0,0,0,0,0,0,0,0,0,0,0,0,0,0,0,0,1,0,0,1,0,36.57682,-90.88019,0,02/04/2020,03:30:00,CRASH OCCURRED AS VEHICLE 1 RAN OFF THE LEFT SIDE OF THE ROADWAY AND STRUCK AN EMBANKMENT.
1293686,3200002952,Missouri State Highway Patrol-Troop C,1580774400000,200064794,1,0,1,0,Personal Injury,ST. LOUIS,FLORISSANT,C,3,3,0,480,0.09,A ,W ,IS 270,ERM WEST IS 270 MILE 290,Dark-Unlighted,Motor Vehicle in Transport,1,61,Tue     ,0,0,0,0,0,0,1,0,0,0,0,0,0,0,0,1,1,0,0,0,1,0,0,1,0,38.7716,-90.29363,0,02/04/2020,06:40:00,"VEHICLES 1, 2, AND 3 WERE TRAVELING IN LANE 1. VEHICLE 1 STOPPED FOR TRAFFIC. VEHICLE 2 STRUCK THE REAR OF VEHICLE 1, AND VEHICLE 3 STRUCK THE REAR OF VEHICLE 2."
1233446,3200003717,Missouri State Highway Patrol-Troop C,1580774400000,200065380,1,0,1,0,Personal Injury,JEFFERSON,NON-CITY OR UNINCORPORATED,C,2,2,0,190,0.04,A ,N,IS 55,ERM NORTH IS 55 MILE 1838,Daylight,Fixed Object,2,,Tue     ,0,0,0,0,0,0,0,0,0,0,0,0,0,0,0,0,0,0,0,0,0,0,0,0,0,38.33003,-90.4002,0,02/04/2020,12:28:00,"VEHICLE 1 WAS TRAVELING NORTHBOUND ON INTERSTATE 55. DRIVER 1 FELL ASLEEP AND RAN OFF THE LEFT SIDE OF ROADWAY, IMPACTED CABLE BARRIER, CAME BACK TO THE ROADWAY, AND THEN RAN OFF THE LEFT SIDE AGAIN AND HIT CABLE BARRIE A SECOND TIME. VEHICLE 2 WAS TRAVELING SOUTHBOUND ON INTERSTATE 55 IN LANE 1 AND WAS IMPACTED BY DEBRIS FROM VEHICLE 1 IMPACT. ASSISTED BY TPR. D. A NORTON (364)"
954225,3200002977,Missouri State Highway Patrol-Troop D,1580774400000,200065385,2,0,2,0,Personal Injury,GREENE,NON-CITY OR UNINCORPORATED,D,1,1,0,67,0.01,B ,S ,RT H,CRD 54,Daylight,Fixed Object,2,,Tue     ,0,0,0,0,1,1,1,0,0,0,0,0,0,0,0,1,0,0,0,0,1,0,0,1,0,37.34274,-93.26655,0,02/04/2020,12:25:00,#1 SLIDE OFF THE LEFT SIDE OF THE ROAD AND STRUCK A TREE.
1281197,3200004111,Missouri State Highway Patrol-Troop C,1580774400000,200065455,1,0,1,0,Personal Injury,ST. LOUIS,HAZELWOOD,C,1,1,0,47,0.01,A ,E ,IS 170,ERM SOUTH IS 170 MILE 104,Daylight,Fixed Object,2,,Tue     ,0,0,0,0,1,0,0,0,0,0,0,0,0,0,0,1,0,0,0,0,0,0,0,0,0,38.76724,-90.33814,0,02/04/2020,12:45:00,"VEHICLE #1 WAS TRAVELING TOO FAST FOR CONDITIONS AND DRIVER #1 LOST CONTROL OF VEHICLE #1.  VEHICLE #1 STARTED TO SLIDE, RAND OFF THE LEFT SIDE OF THE ROAD, AND THE RIGHT SIDE OF VEHICLE #1 STRUCK THE CABLE BARRIER. ASSISTED BY TPR. B. G. GROVES (837)"
798028,3200003283,Missouri State Highway Patrol-Troop A,1580774400000,200065568,1,0,1,0,Personal Injury,SALINE,NON-CITY OR UNINCORPORATED,A,1,1,0,1300,0.25,B ,N,US 65,CRD 195TH,Daylight,Fixed Object,2,,Tue     ,0,0,0,0,0,0,0,0,0,0,0,0,0,0,0,0,0,0,0,0,0,0,0,0,0,39.06824,-93.19625,0,02/04/2020,14:08:00,"THIS CRASH OCCURRED AS VEHICLE 1 WAS TRAVELING NORTH ON US 65. DRIVER 1 FELL ASLEEP, CAUSING VEHICLE 1 TO TRAVEL OFF THE RIGHT SIDE OF THE ROAD. VEHICLE 1 STRUCK A DITCH, WENT AIRBORNE, STRUCK AN ADDRESS SIGN, STRUCK THE GROUND, OVERTURNED, AND STRUCK A UTILITY POLE. VEHICLE 1 CAME TO REST ON ITS WHEELS, PARTIALLY BLOCKING THE RIGHT LANE, FACING SOUTH. DRIVER 1 WAS TRANSPORTED BY SALINE COUNTY EMS TO FITZGIBBON HOSPITAL."
954256,3200003403,Missouri State Highway Patrol-Troop D,1580774400000,200065722,1,0,1,0,Personal Injury,GREENE,NON-CITY OR UNINCORPORATED,D,2,2,0,0,0,AT,S ,MO 125,RT YY,Daylight,Motor Vehicle in Transport,1,64,Tue     ,0,0,0,0,0,1,1,0,0,0,0,1,0,0,0,1,0,0,0,0,0,0,0,0,0,37.22179,-93.13599,0,02/04/2020,15:35:00,CRASH OCCURRED AS VEH 2 WAS MAKING A LEFT TURN ONTO RT YY FROM MO 125.  VEH 1 WAS AT A STOP SIGN AND PULLED INTO THE PATH OF VEH 2.
1233448,3200002944,Missouri State Highway Patrol-Troop C,1580774400000,200065752,1,0,1,0,Personal Injury,JEFFERSON,NON-CITY OR UNINCORPORATED,C,1,1,0,113,0.02,A ,N,RT BB,CRD GLADE CHAPEL RD,Daylight,Fixed Object,2,,Tue     ,0,0,0,0,1,0,0,0,0,0,0,0,0,0,0,1,0,0,0,0,0,0,0,0,0,38.29506,-90.59545,0,02/04/2020,15:50:00,VEHICLE 1 TRAVELED OFF THE RIGHT SIDE OF THE ROADWAY AND STRUCK A ROCK BLUFF.
1205162,3200003504,Missouri State Highway Patrol-Troop F,1580774400000,200065885,2,0,2,0,Personal Injury,COOPER,NON-CITY OR UNINCORPORATED,F,2,2,0,89,0.02,A ,E ,IS 70,ERM EAST IS 70 MILE 1074,Daylight,Fixed Object,2,,Tue     ,0,0,0,0,0,0,1,0,0,0,0,0,0,0,0,1,0,0,1,0,0,0,0,0,0,38.93796,-92.67176,0,02/04/2020,17:00:00,"OCCURRED AS VEHICLE 1 RAN OFF THE LEFT SIDE OF THE ROADWAY, STRUCK THE MEDIAN CABLE AND OVERTURNED,  DEBRIS STRUCK VEHICLE 2.  ASSISTED BY CPL. Z. A. CZERNIEWSKI (461)"
1303005,3200004990,Missouri State Highway Patrol-Troop C,1580774400000,200066121,3,0,3,0,Personal Injury,ST. LOUIS,FENTON,C,2,2,0,73,0.01,A ,E ,IS 44,RP 901538,Dark-Unlighted,Fixed Object,2,,Tue     ,0,0,0,0,1,1,1,1,0,0,0,0,0,1,0,1,0,0,0,0,0,0,0,0,0,38.54271,-90.44278,0,02/04/2020,19:35:00,BOTH VEHICLES WERE TRAVELING EASTBOUND ON INTERSTATE 44. VEHICLE 1 TRAVELED OFF THE LEFT SIDE OF THE ROADWAY AND STRUCK THE CENTER MEDIAN BARRIER. VEHICLE 1 RETURNED TO THE ROADWAY AND THE RIGHT SIDE VEHICLE 1 STRUCK THE LEFT SIDE OF VEHICLE 2.
830920,3200004757,Missouri State Highway Patrol-Troop A,1580860800000,200066400,1,0,1,0,Personal Injury,CLAY,KANSAS CITY,A,1,1,0,63,0.01,B ,N,IS 35,RP 905479,Dark-Unlighted,Fixed Object,2,,Wed     ,1,0,0,0,0,0,0,0,0,0,0,0,0,0,0,0,0,0,0,0,0,0,0,0,0,39.18521,-94.51876,0,02/05/2020,01:59:00,CRASH OCCURRED AS VEHICLE 1 RAN OFF THE LEFT SIDE OF THE ROADWAY AND OVERTURNED.
918797,3200003457,Missouri State Highway Patrol-Troop D,1580860800000,200066429,1,0,1,0,Personal Injury,LAWRENCE,NON-CITY OR UNINCORPORATED,D,1,1,0,0,0,AT,W ,IS 44,ERM WEST IS 44 MILE 476,Dark-Unlighted,Fixed Object,2,,Wed     ,0,0,0,0,1,0,1,0,0,0,0,0,0,0,0,1,0,0,0,0,0,0,0,0,0,37.09876,-93.79365,0,02/05/2020,06:10:00,"OCCURRED AS VEHICLE 1 LOST CONTROL, LEFT THE ROADWAY, AND OVERTURNED."
1128514,3200003165,Missouri State Highway Patrol-Troop E,1580860800000,200066483,1,0,1,0,Personal Injury,WAYNE,NON-CITY OR UNINCORPORATED,E,1,1,0,58,0.01,B ,S ,US 67,CRD US 67 TO CRD 406,Daylight,Fixed Object,2,,Wed     ,0,0,0,0,0,0,0,0,0,0,0,0,0,0,0,0,0,0,0,0,0,0,0,0,1,36.99625,-90.45004,0,02/05/2020,07:00:00,"CRASH OCCURRED AS VEHICLE 1 RAN OFF THE RIGHT SIDE OF THE ROADWAY, STRUCK AN EMBANKMENT,  BECAME AIRBORNE AND CAME TO REST DOWN A RAVINE"
836563,3200003923,Missouri State Highway Patrol-Troop A,1580860800000,200066523,0,1,0,0,Fatal,CARROLL,NON-CITY OR UNINCORPORATED,A,1,1,0,39,0.01,A ,E ,RT J,RT YY,Daylight,Fixed Object,2,,Wed     ,0,0,0,0,1,0,0,1,0,0,0,0,0,0,0,1,0,0,0,0,0,0,0,0,0,39.60102,-93.38451,1,02/05/2020,07:30:00,"NON TRAFFIC FATALITY -  CRASH OCCURRED AS VEHICLE #1 TRAVELED OFF THE RIGHT SIDE OF THE ROAD, THROUGH A FENCE, STRUCK A DITCH AND OVERTURNED.  DRIVER #1 WAS PRONOUNCED AT THE SCENE BY CARROLL COUNTY CORONER, S BITTIKER AT 0814."
965995,3200003003,Missouri State Highway Patrol-Troop D,1580860800000,200066618,2,0,1,1,Personal Injury,MCDONALD,NON-CITY OR UNINCORPORATED,D,1,1,0,322,0.06,B ,N,IS 49,ERM NORTH IS 49 MILE 104,Daylight,Fixed Object,2,,Wed     ,0,0,0,0,1,0,0,0,0,0,0,0,0,0,0,1,0,0,0,0,0,0,0,0,0,36.63997,-94.41903,0,02/05/2020,08:43:00,"OCCURRED AS #1 LOST CONTROL ON SLUSH COVERED ROADWAY, TRAVELED OFF LEFT SIDE, STRUCK GUARDRAIL AND OVERTURNED"
1170985,3200005845,Missouri State Highway Patrol-Troop F,1580860800000,200066744,1,0,1,0,Personal Injury,MORGAN,NON-CITY OR UNINCORPORATED,F,2,2,0,4224,0.8,B ,S ,MO 135,CRD CUP TREE DR,Daylight,Motor Vehicle in Transport,1,60,Wed     ,0,0,0,0,1,0,0,0,0,0,0,0,0,0,0,1,0,0,0,0,0,0,0,0,0,38.24316,-92.89309,0,02/05/2020,09:45:00,"VEHICLE 1 SLID ON SNOW COVERED ROADWAY, CROSSED CENTER LINE, AND STUCK VEHICLE 2."
798346,3200003316,Missouri State Highway Patrol-Troop A,1580860800000,200066755,3,0,3,0,Personal Injury,SALINE,NON-CITY OR UNINCORPORATED,A,1,1,0,2000,0.38,A ,E ,MO 240,CRD MARIGOLD AVE,Daylight,Fixed Object,2,,Wed     ,0,0,0,0,1,0,0,1,0,0,0,0,0,0,0,1,0,0,0,0,0,0,0,0,0,39.12941,-93.11276,0,02/05/2020,09:44:00,"CRASH OCCURRED AS VEHICLE WAS TRAVELING EAST ON MISSOURI 240 HIGHWAY. VEHICLE 1 BEGAN TO SLIDE, CAUSING DRIVER 1 TO LOSE CONTROL OF THE VEHICLE. VEHICLE 1 TRAVELED OFF THE RIGHT SIDE OF THE ROAD, STRUCK A DITCH, AND OVERTURNED. VEHICLE 1 CAME TO REST ON ITS TOP, IN THE DITCH."
1065125,3200003143,Missouri State Highway Patrol-Troop I,1580860800000,200066793,2,0,0,2,Personal Injury,LACLEDE,NON-CITY OR UNINCORPORATED,I,1,1,0,396,0.07,B ,E ,IS 44,RP 105926,Daylight,Overturn,2,,Wed     ,0,0,0,0,1,0,0,0,0,0,0,0,0,0,0,1,0,0,0,0,1,0,0,1,0,37.74573,-92.58496,0,02/05/2020,10:00:00,"CRASH OCCURRED AS VEHICLE 1 TRAVELED OFF THE RIGHT SIDE OF THE ROADWAY, OVERTURNED AND EJECTED THE DRIVER. ASSISTED BY TPR E A GOANS (322) AND THE LACLEDE COUNTY SHERIFF'S OFFICE."
1185223,3200003933,Missouri State Highway Patrol-Troop B,1580860800000,200066859,1,0,0,1,Personal Injury,SHELBY,NON-CITY OR UNINCORPORATED,B,1,1,0,1494,0.28,B ,E ,US 36,CRD 471,Daylight,Overturn,2,,Wed     ,0,0,0,0,1,0,0,1,1,0,0,0,0,0,0,1,0,0,0,0,1,0,0,1,0,39.6735,-91.88953,0,02/05/2020,10:15:00,"VEHICLE 1 EASTBOUND  DROVE OFF THE ROADWAY , AND OVERTURNED INTO A DITCH."
1178020,3200003391,Missouri State Highway Patrol-Troop F,1580860800000,200066860,2,0,2,0,Personal Injury,CAMDEN,LINN CREEK,F,2,2,0,480,0.09,B ,E ,US 54,RT A EJ,Daylight,Motor Vehicle in Transport,1,64,Wed     ,0,0,0,0,1,0,0,1,1,0,0,0,0,0,0,1,0,0,0,0,0,0,0,0,1,38.05578,-92.69934,0,02/05/2020,10:30:00,VEHICLE TWO LOST CONTROL WHILE PASSING VEHICLE ONE. VEHICLE TWO SPUN AND THE PASSENGER SIDE STRUCK THE FRONT OF VEHICLE ONE.
1061878,3200003520,Missouri State Highway Patrol-Troop I,1580860800000,200067075,3,0,3,0,Personal Injury,PHELPS,NON-CITY OR UNINCORPORATED,I,2,2,0,828,0.16,A ,S ,US 63,CRD 6250,Daylight,Motor Vehicle in Transport,1,64,Wed     ,0,0,0,0,1,0,0,1,1,0,0,0,0,0,0,1,0,0,0,0,1,0,0,1,0,37.64024,-91.86769,0,02/05/2020,12:20:00,"OCCURRED AS VEHICLE 1 BEGAN TO SLIDE ON ICE COVERED ROADWAY, CROSSING THE CENTERLINE STRIKING VEHICLE 2. VEHICLE 1 CAME TO REST IN THE DITCH, AND VEHICLE 2 CAME TO REST IN THE ROADWAY. ASSISTED BY ROLLA RURAL FIRE DEPARTMENT, LICKING FIRE DEPARTMENT, AND PHELPS HEALTH AMBULANCE."
1251729,3200003632,Missouri State Highway Patrol-Troop C,1580860800000,200067080,1,0,1,0,Personal Injury,FRANKLIN,NON-CITY OR UNINCORPORATED,C,1,1,0,2354,0.45,B ,E ,MO 100,CRD BOEUF CREEK RD,Daylight,Overturn,2,,Wed     ,0,0,0,0,1,0,1,0,0,0,0,0,0,0,0,1,0,0,0,0,0,0,0,0,0,38.59253,-91.17858,0,02/05/2020,12:18:00,VEHICLE #1 WAS TRAVELING EASTBOUND AND LOST CONTROL DUE TO THE SNOWY ROADWAY CONDITIONS. VEHICLE #1 TRAVELED OFF THE RIGHT SIDE OF ROADWAY AND OVERTURNED. ASSISTED BY CPL. M. W. HEDLUND (255)
1251730,3200003113,Missouri State Highway Patrol-Troop C,1580860800000,200067123,1,0,1,0,Personal Injury,FRANKLIN,NON-CITY OR UNINCORPORATED,C,1,1,0,427,0.08,B ,W ,MO 100,BRIDGE A7989,Daylight,Fixed Object,2,,Wed     ,0,0,0,0,1,0,0,0,0,0,0,0,0,0,0,1,0,0,0,0,0,0,0,0,0,38.48064,-90.84395,0,02/05/2020,12:40:00,"VEHICLE 1 WAS TRAVELING TOO FAST FOR CONDITIONS CAUSING DRIVER 1 TO LOSE CONTROL AND TRAVEL OFF THE RIGHT SIDE OF THE ROADWAY STRIKING A CURB, PLASTIC BARREL, AND TWO PARKED TOW UNITS."
1194516,3200003999,Missouri State Highway Patrol-Troop B,1580860800000,200067288,1,0,1,0,Personal Injury,RALLS,NON-CITY OR UNINCORPORATED,B,1,1,0,3168,0.6,B ,W ,US 36,US 24 EJ,Daylight,Fixed Object,2,,Wed     ,0,0,0,0,1,0,0,0,0,0,0,0,0,0,0,1,0,0,0,0,0,0,0,0,1,39.66421,-91.69834,0,02/05/2020,13:58:00,"01 WESTBOUND, LOST CONTROL ON SNOW COVERED ROADWAY, RAN OFF THE RIGHT SIDE OF THE ROADWAY AND OVERTURNED,  ASSISTED BY MSGT BARTELS 323, MARION COUNTY SHERIFFS DEPARTMENT, MONROE CITY AMBULANCE, POLICE, AND FIRE DEPARTMENTS."
1292858,3200003540,Missouri State Highway Patrol-Troop C,1580860800000,200067304,2,0,2,0,Personal Injury,ST. LOUIS,BELLEFONTAINE NEIGHBORS,C,3,3,0,31,0.01,B ,W ,IS 270,ERM WEST IS 270 MILE 324,Daylight,Fixed Object,2,,Wed     ,0,0,0,0,1,0,0,1,0,0,0,0,0,0,1,1,0,0,0,0,0,0,0,0,1,38.77073,-90.22838,0,02/05/2020,14:05:00,"THE TRAFFIC CRASH OCCURRED WHEN DRIVER #1 TRAVELED TOO FAST FOR CONDITIONS ON THE ROADWAY. DAMAGE OCCURRED WHEN VEHICLE #1 SLID, ROTATED, WENT OFF THE ROADWAY TO THE LEFT, AND STRUCK THE CONCRETE WALL. VEHICLE #1 CONTINUED TO ROTATE, RETURNED TO THE ROADWAY, AND THE FRONT OF VEHICLE #1 STRUCK THE REAR DRIVER SIDE OF VEHICLE #2. VEHICLE #2 WENT OFF THE ROADWAY TO THE LEFT, AND WITH ITS REAR STRUCK THE CONCRETE WALL. VEHICLE #1 SLID BACKWARDS FROM IMPACT #3 AND STRUCK THE FRONT DRIVER SIDE OF VEHICLE #3. ASSISTED BY TPR. B. G. GROVES (837)"