objectid,accident,agency,inv_date,complaint,injured,killed,min_inj,dis_inj,severity,county,city,troop,no_vehicle,motor_veh,left_scene,dist_feet,dist_mile,inter_loc,direction,on_street,at_street,light_cond,acc_type,on_off_rd,two_veh,day_week,dr_drink,dr_drug,ped_drink,ped_drug,speed,dr_under21,dr_under25,dr_over55,dr_over64,electrical,emer_veh,stop_sign,yield_sign,czone,hazmat,aggressive,cell_phone,texting,veh_defect,school_bus,truck,motorcycle,atv,pickup,cmv,gps_lat,gps_long,severity_fatal,acc_date,acc_time,narrative
1185222,3200003614,Missouri State Highway Patrol-Troop B,1580860800000,200067377,5,0,5,0,Personal Injury,SHELBY,NON-CITY OR UNINCORPORATED,B,1,1,0,2439,0.46,B ,E ,US 36,BRIDGE H0590,Daylight,Fixed Object,2,,Wed     ,0,0,0,0,1,0,0,0,0,0,0,0,0,0,0,1,0,0,0,0,0,0,0,0,0,39.72507,-92.1745,0,02/05/2020,14:55:00,"VEHICLE BEGAN TO SLIDE ON THE SLUSH/SNOW COVERED ROADWAY, SLID OFF THE SOUTH SIDE OF THE ROADWAY, STRUCK A PRIVATE DRIVEWAY AND OVERTURNED. ASSISTED BY TPR. RILEY #861, CAPT. WILT #31, SHELBY COUNTY SHERIFF'S DEPARTMENT, SHELBINA FIRE DEPARTMENT AND THE SALT RIVER AMBULANCE."
1061879,3200003074,Missouri State Highway Patrol-Troop I,1580860800000,200067488,1,0,1,0,Personal Injury,PHELPS,NON-CITY OR UNINCORPORATED,I,1,1,0,834,0.16,A ,S ,RT T,CRD 6130,Daylight,Fixed Object,2,,Wed     ,0,0,0,0,1,0,0,1,1,0,0,0,0,0,0,1,0,0,0,0,1,0,0,1,0,37.75001,-91.91555,0,02/05/2020,16:00:00,"CRASH OCCURRED AS VEHICLE 1 BEGAN SLIDING ON SLUSH COVERED ROADS, TRAVELED OFF THE LEFT SIDE OF THE ROADWAY AND STRUCK A TREE."
1151993,3200003679,Missouri State Highway Patrol-Troop E,1580860800000,200067710,2,0,2,0,Personal Injury,STODDARD,ADVANCE,E,2,2,Y,311,0.06,A ,E ,RT C,CST POPLAR ST,Dark-Unlighted,Motor Vehicle in Transport,1,60,Wed     ,1,0,0,0,0,0,0,1,1,0,0,0,0,0,0,1,0,0,0,0,0,0,0,0,0,37.10283,-89.91167,0,02/05/2020,18:10:00,CRASH OCCURRED AS VEHICLE ONE CROSSSED THE CENTER LINE STRIKING VEHICLE TWO.
1233443,3200004514,Missouri State Highway Patrol-Troop C,1580860800000,200067840,1,0,1,0,Personal Injury,JEFFERSON,NON-CITY OR UNINCORPORATED,C,1,1,0,290,0.05,B ,S ,CRD DELORES DR,PVT BROOK DR,Dark-Lighted,Fixed Object,2,,Wed     ,0,0,0,0,0,0,0,1,0,0,0,0,0,0,0,0,0,0,0,0,0,0,0,0,0,38.49741,-90.46701,0,02/05/2020,19:50:00,VEHICLE 1 DROVE OFF THE RIGHT SIDE OF THE ROADWAY AND STRUCK A UTILITY POLE. ASSISTED BY CPL R A METTEER (975) AND TPR J S HUSKEY (1265).
1177896,3200003826,Missouri State Highway Patrol-Troop F,1580860800000,200067847,2,0,1,1,Personal Injury,CAMDEN,NON-CITY OR UNINCORPORATED,F,1,1,0,1921,0.36,A ,N,MO 5,CRD VALLEY CREST RD,Dark-Unlighted,Fixed Object,2,,Wed     ,0,0,0,0,1,0,0,1,0,0,0,0,0,0,0,1,0,0,0,0,0,0,0,0,0,37.94087,-92.71567,0,02/05/2020,19:58:00,OCCURRED AS VEHICLE 1 WAS SOUTHBOUND ON MO 5. VEHICLE 1 LOST CONTROL ON AN ICE-COVERED ROADWAY. VEHICLE 1 TRAVELED OFF THE LEFT SIDE OF THE ROADWAY AND STRUCK A GUARDRAIL. VEHICLE 1 CAME TO REST PARTIALLY BLOCKING THE RIGHT LANE.
1050087,3200003397,Missouri State Highway Patrol-Troop I,1580860800000,200067860,1,0,1,0,Personal Injury,DENT,NON-CITY OR UNINCORPORATED,I,1,1,0,0,0,AT,E ,MO 32,CRD 5030,Dark-Lighted,Overturn,2,,Wed     ,0,0,0,0,0,0,0,0,0,0,0,0,0,0,0,0,0,0,0,0,0,0,0,0,1,37.6372,-91.50798,0,02/05/2020,20:08:00,CRASH OCCURRED AS VEHICLE 1 TRAVELED OFF THE RIGHT SIDE OF THE ROADWAY AND OVERTURNED.  ASSISTED BY TPR T.D. STEWART (795)
1251726,3200003281,Missouri State Highway Patrol-Troop C,1580860800000,200067887,1,0,1,0,Personal Injury,FRANKLIN,NON-CITY OR UNINCORPORATED,C,1,1,0,0,0,AT,S ,RT BB,US 50,Dark-Unlighted,Fixed Object,2,,Wed     ,0,0,0,0,1,0,0,1,0,0,0,1,0,0,0,1,0,0,0,0,0,0,0,0,0,38.4502,-91.07303,0,02/05/2020,20:26:00,"VEHICLE 1 FAILED TO STOP AT A STOP SIGN ON HIGHWAY BB, CROSSED OVER US 50 AND STRUCK AN EMBANKMENT."
1177895,3200003822,Missouri State Highway Patrol-Troop F,1580860800000,200067905,1,0,0,1,Personal Injury,CAMDEN,NON-CITY OR UNINCORPORATED,F,2,2,0,1921,0.36,A ,N,MO 5,CRD VALLEY CREST RD,Dark-Unlighted,Motor Vehicle in Transport,1,64,Wed     ,0,0,0,0,0,0,0,0,0,0,0,0,0,0,0,0,0,0,0,0,0,0,0,0,1,37.94087,-92.71567,0,02/05/2020,19:58:00,OCCURRED AS VEHICLE 1 HAD PREVIOUSLY CRASHED AND WAS PARTIALLY BLOCKING THE RIGHT LANE. VEHICLE 2 ATTEMPTED TO AVOID VEHICLE 1. THE TOW UNIT OF VEHICLE 2 STRUCK VEHICLE 1.
1192957,3200003104,Missouri State Highway Patrol-Troop F,1580947200000,200068163,1,0,1,0,Personal Injury,CALLAWAY,NON-CITY OR UNINCORPORATED,F,1,1,0,31,0.01,A ,W ,IS 70,ERM WEST IS 70 MILE 1534,Dark-Unlighted,Fixed Object,2,,Thu     ,0,0,0,0,1,0,0,0,0,0,0,0,0,0,0,1,0,0,0,0,0,0,0,0,1,38.93608,-91.84432,0,02/06/2020,03:00:00,CRASH OCCURRED AS VEHICLE 1 SLID AND STRUCK A BRIDGE RETURNED TO THE ROADWAY AND CAME TO REST AFTER STRIKING THE MEDIAN CABLE BARRIER AND GUARDRAIL.
1050086,3200004615,Missouri State Highway Patrol-Troop I,1580947200000,200068167,1,0,1,0,Personal Injury,DENT,NON-CITY OR UNINCORPORATED,I,1,1,0,4224,0.8,B ,E ,US 32,RT F,Dark-Unlighted,Fixed Object,2,,Thu     ,0,0,0,0,1,0,0,0,0,0,0,0,0,0,0,1,0,0,0,0,1,0,0,0,1,37.61302,-91.62461,0,02/06/2020,03:42:00,CRASH OCCURRED AS VEHICLE 1 TRAVELED OFF THE RIGHT SIDE OF THE ROADWAY STRIKING A FENCE AND A TREE. ASSISTED BY THE DENT COUNTY SHERIFF'S OFFICE.
1285592,3200003906,Missouri State Highway Patrol-Troop C,1580947200000,200068290,1,0,1,0,Personal Injury,ST. FRANCOIS,NON-CITY OR UNINCORPORATED,C,2,2,0,221,0.04,B ,N,US 67,CST NEW PERRINE RD SJ,Daylight,Motor Vehicle in Transport,1,64,Thu     ,0,0,0,0,1,0,0,1,0,0,0,0,0,0,0,1,0,0,0,0,0,0,0,0,0,37.752,-90.44673,0,02/06/2020,06:55:00,"VEHICLE ONE WAS TRAVELING NORTHBOUND ON US 67 IN LANE TWO.  VEHICLE TWO WAS ALSO TRAVELING NORTHBOUND ON US 67 IN LANE TWO, IN FRONT OF VEHICLE ONE.  VEHICLE TWO STARTED TO TRAVEL INTO LANE ONE AND THEN BEGAN SLIDING, RE-ENTERING LANE TWO.  THE SIDE OF VEHICLE TWO STRUCK THE FRONT OF VEHICLE ONE"
1258672,3200003849,Missouri State Highway Patrol-Troop C,1580947200000,200068410,1,0,1,0,Personal Injury,ST. LOUIS,NON-CITY OR UNINCORPORATED,C,1,1,0,454,0.09,B ,N,IS 255,IS 270 NJ,Daylight,Fixed Object,2,,Thu     ,0,0,0,0,1,0,0,0,0,0,0,0,0,0,0,1,0,0,0,0,1,0,0,1,0,38.50443,-90.34169,0,02/06/2020,08:20:00,VEHICLE #1 WAS TRAVELING NORTHBOUND ON INTERSTATE 270 IN LANE 1. VEHICLE 1 BEGAN TO SLIDE ON THE ICY ROADWAY.  VEHICLE #1 TRAVELED OFF THE RIGHT SIDE OF THE ROADWAY AND STRUCK A CONCRETE BARRIER.
877079,3200003393,Missouri State Highway Patrol-Troop A,1580947200000,200068435,2,0,2,0,Personal Injury,JOHNSON,NON-CITY OR UNINCORPORATED,A,2,2,0,0,0,AT,N,MO 23,CRD NE DIVISION RD,Daylight,Motor Vehicle in Transport,1,64,Thu     ,0,0,0,0,1,0,1,0,0,0,0,1,0,0,1,1,0,0,0,0,0,0,0,0,1,38.75453,-93.57577,0,02/06/2020,08:38:00,"CRASH OCCURRED AS VEHICLE 2 LOST CONTROL ON THE SNOW COVERED ROADWAY, FAILING TO STOP AT A STOP SIGN AND ENTERED THE INTERSECTION INTO THE PATH OF VEHICLE 1. VEHICLE 1 THEN STRUCK VEHICLE 2. VEHICLE 2 LEFT THE WEST SIDE OF THE ROADWAY."
804419,3200004907,Missouri State Highway Patrol-Troop A,1580947200000,200068796,0,1,0,0,Fatal,JOHNSON,WARRENSBURG,A,2,2,0,0,0,AT,S ,BU 13,CST N MAGUIRE ST 322,Daylight,Motor Vehicle in Transport,1,64,Thu     ,0,0,0,0,0,0,0,1,1,1,0,0,0,0,0,1,0,0,0,0,1,0,0,1,0,38.77889,-93.73724,1,02/06/2020,12:26:00,FATALITY CRASH ? LATE DEATH ? SUBJECT PRONOUNCED BY DR C BROCK AT CENTERPOINT MEDICAL CENTER AT 2110 HOURS ON 02/07/2020.  TROOP A FATALITY CRASH #4 AND FATAL #4    CRASH OCCURRED AS VEHICLE 1 WAS TRAVELING SOUTH ON BUSINESS 13 HIGHWAY.  VEHICLE 2 WAS TRAVELING NORTH ON BUSINESS 13 HIGHWAY.  VEHICLE 2 TURNED LEFT INTO THE PATH OF VEHICLE 1 AND THE VEHICLES COLLIDED IN THE SOUTHBOUND LANE.  BOTH VEHICLES CAME TO REST BLOCKING BUSINESS 13 HIGHWAY AND COOPER BOULEVARD.
830921,3200003337,Missouri State Highway Patrol-Troop A,1580947200000,200068872,2,0,0,2,Personal Injury,CLAY,KANSAS CITY,A,2,2,0,31,0.01,B ,N,IS 35,ERM NORTH IS 29 MILE 28,Daylight,Motor Vehicle in Transport,1,63,Thu     ,0,0,0,0,0,0,0,1,1,0,0,0,0,0,0,1,0,0,0,0,1,0,0,1,1,39.18587,-94.59773,0,02/06/2020,13:07:00,CRASH OCCURRED AS BOTH VEHICLES WERE NORTHBOUND ON I 29.  VEH 1 CHANGED LANES AND STRUCK VEH 2.  VEH 1 RAN OFF THE LEFT SIDE OF THE ROADWAY AND STRUCK THE CONCRETE BARRIER.  ASSISTED BY TPR B N MARQUART /784/ AND TPR B V COLE /1359/.
781173,3200004383,Missouri State Highway Patrol-Troop A,1580947200000,200069123,0,1,0,0,Fatal,CASS,PECULIAR,A,1,1,0,591,0.11,A ,N,CRD PECULIAR DRIVE,CST E 213TH STREET,Daylight,Fixed Object,2,,Thu     ,0,0,0,0,1,0,1,0,0,0,0,0,0,0,0,1,0,0,0,0,0,0,0,0,0,38.73792,-94.47648,1,02/06/2020,15:15:00,"****FATAL CRASH - TROOP A FATAL CRASH #3, FATALITY #3 FOR 2020 -- NEXT OF KIN NOTIFIED****  VEHICLE 1 WAS FLEEING AT A HIGH RATE OF SPEED FROM WITH PECULIAR POLICE DEPARTMENT.  DRIVER 1 FORCEFULLY APPLIED THE BRAKES IN AN ATTEMPT TO HAVE POLICE STRIKE HIS VEHICLE. THIS CAUSED VEHICLE 1 TO SKID OFF THE RIGHT SIDE OF THE ROADWAY, STRIKE A POWER POLE AND OVERTURN.  PRONOUNCED BY PARAMEDIC BRETT BROWN, WEST PECULIAR FIRE AT 1541.  CONFIRMED BY DR. BROWN WITH BELTON REGIONAL MEDICAL CENTER. TPR. B.R. PETERS /1384/, TPR. Z.D. DAVIDSON /288/, AND TPR. E.J. VILLANUEVA /690/."
1504713,3200004535,Missouri State Highway Patrol-Troop H,1580947200000,200069396,1,1,1,0,Fatal,DAVIESS,NON-CITY OR UNINCORPORATED,H,2,2,0,31,0.01,A ,W ,MO 6,MO 190,Daylight,Motor Vehicle in Transport,1,60,Thu     ,0,0,0,0,0,0,0,1,1,0,0,0,0,0,0,1,0,0,0,0,1,0,0,1,0,39.98863,-93.79832,1,02/06/2020,17:00:00,"FATALITY CRASH - NEXT OF KIN NOTIFIED, PRONOUNCED DECEASED BY DR STEPHEN MEIROSE ON 02-06-2020 AT 1755. CRASH OCCURRED AS VEH #1 WAS TRAVELING EASTBOUND ON MO-6 AND VEH #2 WAS TRAVELING WESTBOUND ON MO-6. VEH #1 CROSSED THE CENTER LINE AND TRAVELED INTO THE PATH OF VEH #2. VEH #2 ATTEMPTED TO BRAKE TO AVOID THE COLLISION. IMPACT OCCURRED AS THE FRONT END OF VEH #1 STRUCK THE FRONT END OF VEH #2. AFTER IMPACT, VEH #1 ROTATED COUNTERCLOCKWISE AND CAME TO REST ON MO-6 ON ITS WHEELS FACING NORTHWEST. VEH #2 TRAVELED OFF THE NORTH SIDE OF MO-6, STRUCK AN EMBANKMENT, AND OVERTURNED. VEH #2 CAME TO REST ON ITS WHEELS FACING NORTHWEST. ASSISTED BY TPR A.D. NEIGHBORS (1393), TPR C.D. O?HARA (476), DAVIESS COUNTY SHERIFF?S OFFICE, DAVIESS COUNTY AMBULANCE, AND JAMESPORT FIRE DEPARTMENT."
1141647,3200003302,Missouri State Highway Patrol-Troop E,1580947200000,200069457,1,0,1,0,Personal Injury,BUTLER,NON-CITY OR UNINCORPORATED,E,1,1,0,1356,0.26,B ,N,MO 53,CRD 306,Dark-Unlighted,Fixed Object,2,,Thu     ,0,0,0,0,0,0,0,1,1,0,0,0,0,0,0,0,0,0,0,0,1,0,0,1,0,36.71947,-90.37922,0,02/06/2020,17:30:00,"CRASH OCCURRED AS VEHICLE 1 RAN OFF RIGHT SIDE OF ROADWAY, STRUCK A TREE, AND OVERTURNED"
940445,3200003466,Missouri State Highway Patrol-Troop D,1580947200000,200069465,1,0,0,1,Personal Injury,CHRISTIAN,NON-CITY OR UNINCORPORATED,D,1,1,0,1584,0.3,A ,N,CRD NICHOLAS,CRD TRACKER,Daylight,Fixed Object,2,,Thu     ,0,0,0,0,0,0,0,0,0,0,0,0,0,0,0,1,0,0,0,0,0,0,0,0,0,37.07008,-93.32596,0,02/06/2020,17:31:00,ACCIDENT OCCURRED AS VEHICLE #1 TRAVELED OFF OF THE LEFT SIDE OF THE ROADWAY AND STRUCK A TREE.
823046,3200003235,Missouri State Highway Patrol-Troop A,1580947200000,200069656,2,0,0,2,Personal Injury,BENTON,NON-CITY OR UNINCORPORATED,A,2,2,0,96,0.02,B ,N,MO 7,CRD FOREST RIDGE DR,Dark-Lighted,Motor Vehicle in Transport,1,60,Thu     ,0,0,0,0,1,0,0,0,0,0,0,0,0,0,0,1,0,0,0,0,0,0,0,0,0,38.29687,-93.50912,0,02/06/2020,19:30:00,CRASH OCCURRED AS VEHICLE 1 CROSSED THE CENTER LINE AND STRUCK VEHICLE 2.  ASSISTED BY BENTON CO DEPUTIES.
940446,3200003467,Missouri State Highway Patrol-Troop D,1580947200000,200069762,1,0,0,1,Personal Injury,CHRISTIAN,NON-CITY OR UNINCORPORATED,D,1,1,0,149,0.03,A ,E ,RT T,CRD BADGER,Dark-Unlighted,Overturn,2,,Thu     ,0,0,0,0,0,1,1,0,0,0,0,0,0,0,0,1,0,0,0,0,0,0,0,0,0,36.96513,-92.96804,0,02/06/2020,20:31:00,ACCIDENT OCCURRED AS VEHICLE #1 TRAVELED OFF THE RIGHT SIDE OF THE ROADWAY AND OVERTURNED.
883542,3200003604,Missouri State Highway Patrol-Troop A,1580947200000,200069996,2,0,1,1,Personal Injury,BATES,NON-CITY OR UNINCORPORATED,A,1,1,0,378,0.07,A ,N,IS 49,ERM NORTH IS 49 MILE 1324,Dark-Unlighted,Fixed Object,2,,Thu     ,0,0,0,0,0,0,0,1,0,0,0,0,0,0,0,1,0,0,0,0,0,0,0,0,0,38.26472,-94.3578,0,02/06/2020,23:05:00,"OCCURRED AS VEH1 TRAVELED OFF ROADWAY AND OVERCORRECTED, CAUSING VEH1 TO OVERTURN. ASSISTED BY BATES COUNTY DEPUTIES"
972402,3200004144,Missouri State Highway Patrol-Troop D,1581033600000,200070126,1,0,1,0,Personal Injury,CEDAR,NON-CITY OR UNINCORPORATED,D,1,1,Y,459,0.09,A ,E ,MO 32,CRD CRD 2375,Dark-Unlighted,Fixed Object,2,,Fri     ,0,0,0,0,0,0,0,0,0,0,0,0,0,0,0,0,0,0,0,0,0,0,0,0,0,0,0,0,02/07/2020,04:15:00,DRIVER #1 FELL ASLEEP AND TRAVELED OFF THE LEFT SIDE OF THE ROAD AND STRUCK A DITCH EMBANKMENT AND A FENCE.
830922,3200004096,Missouri State Highway Patrol-Troop A,1581033600000,200070169,1,0,1,0,Personal Injury,CLAY,KANSAS CITY,A,3,3,0,153,0.03,B ,S ,IS 35,ERM SOUTH IS 35 MILE 88,Daylight,Motor Vehicle in Transport,1,61,Fri     ,0,0,0,0,0,0,0,1,0,0,0,0,0,0,0,1,0,0,0,0,0,0,0,0,1,39.17299,-94.54982,0,02/07/2020,07:10:00,CRASH OCCURRED AS VEHICLE 1 SLOWED DUE TO CONGESTION.  VEHICLE 3 STUCK THE REAR OF VEHICLE 2 AND VEHICLE 2 STRUCK THE REAR OF VEHICLE 1.  ASSISTED BY TPR C M MCDONALD/ 892
1177894,3200004430,Missouri State Highway Patrol-Troop F,1581033600000,200070265,1,0,1,0,Personal Injury,CAMDEN,NON-CITY OR UNINCORPORATED,F,1,1,0,1356,0.26,B ,W ,CRD WINGS CIR,PVT SPORTSMANS LODGE CIR,Daylight,Other Object,2,,Fri     ,0,0,0,0,0,0,0,0,0,0,0,0,0,0,0,0,0,0,0,0,0,0,0,0,0,38.17273,-92.73705,0,02/07/2020,08:00:00,CRASH OCCURRED AS VEHICLE 1 TRAVELED OFF THE LEFT SIDE OF THE ROADWAY AND STRUCK 2 TRAILERS. ASSISTED BY TPR R. M. MALONE (1274)
1212184,3200003681,Missouri State Highway Patrol-Troop C,1581033600000,200070371,1,0,1,0,Personal Injury,WASHINGTON,NON-CITY OR UNINCORPORATED,C,1,1,0,1752,0.33,A ,E ,CRD OLD HIGHWAY 8,CRD POTOSI LAKE RD,Daylight,Fixed Object,2,,Fri     ,0,0,0,0,0,0,0,0,0,0,0,0,0,0,0,0,0,0,0,0,0,0,0,0,0,37.8886,-90.67668,0,02/07/2020,08:45:00,VEHICLE 1 WAS DRIVING IN THE WRONG LANE OF TRAVEL.  DRIVER 1 SWERVED TO AVOID AN ONCOMING VEHICLE AND VEHICLE 1 BEGAN TO LOSE CONTROL.  DRIVER 1 OVERCORRECTED CAUSING VEHICLE 1 TO TRAVEL OFF THE LEFT SIDE OF THE ROADWAY AND STRIKE SEVERAL TREES.
1133610,3200003328,Missouri State Highway Patrol-Troop E,1581033600000,200070546,1,0,0,1,Personal Injury,RIPLEY,NON-CITY OR UNINCORPORATED,E,1,1,0,1879,0.36,B ,E ,CRD JJ-2,CRD 142E-28,Daylight,Fixed Object,2,,Fri     ,0,0,0,0,0,0,0,0,0,0,0,0,0,0,0,0,0,0,0,0,1,0,0,1,0,36.63302,-90.71666,0,02/07/2020,09:55:00,"CRASH OCCURRED AS VEHICLE ONE RAN OFF THE ROADWAY, STRUCK AND EMBANKMENT, AND OVERTURNNED"
789020,3200003648,Missouri State Highway Patrol-Troop A,1581033600000,200071194,3,0,3,0,Personal Injury,HENRY,CLINTON,A,2,2,0,190,0.04,B ,N,MO 7,CRD NW 221,Daylight,Motor Vehicle in Transport,1,64,Fri     ,0,0,0,0,0,0,1,1,0,0,0,0,0,0,0,1,0,0,0,0,0,0,0,0,0,38.38928,-93.79654,0,02/07/2020,14:50:00,CRASH OCCURRED AS VEHICLE 1 WAS TURNING SOUTHBOUND ON MO 7 FROM BREAKTIME. VEHICLE 2 WAS NORTHBOUND ON MO 7 IN THE LEFT LANE. DRIVER 1 TURNED INTO THE PATH OF VEHICLE 2. VEHICLE 2 STRUCK THE FRONT OF VEHICLE 1. VEHICLE 2 RAN OFF THE LEFT SIDE OF THE ROAD AND VEHICLE 1 CAME TO REST IN THE ROAD. ASSISTED BY CLINTON PD AND TPR J S BAUGHMAN /117/
1233474,3200004680,Missouri State Highway Patrol-Troop C,1581033600000,200071284,2,0,2,0,Personal Injury,JEFFERSON,NON-CITY OR UNINCORPORATED,C,2,2,0,200,0.04,B ,S ,MO 141,CRD SPRINGDALE LANE,Daylight,Motor Vehicle in Transport,1,61,Fri     ,0,0,0,0,0,0,0,1,1,1,0,0,0,0,0,0,0,0,0,0,1,0,0,1,0,38.48505,-90.44422,0,02/07/2020,15:20:00,VEHICLE 1 WAS STOPPED IN TRAFFIC IN THE RIGHT LANE OF SOUTHBOUND HIGHWAY 141. VEHICLE 2 WAS SOUTHBOUND IN RIGHT LANE OF SOUTHBOUND HIGHWAY 141 BEHIND AN UNINVOLVED VEHICLE. THE UNINVOLVED VEHICLE ABRUPTLY SWERVED TO THE LEFT LANE TO AVOID VEHICLE 1. DRIVER 2 WAS UNABLE TO STOP BEFORE STRIKING THE REAR OF VEHICLE 1.
1197776,3200003684,Missouri State Highway Patrol-Troop B,1581033600000,200071424,0,1,0,0,Fatal,MACON,NON-CITY OR UNINCORPORATED,B,1,1,0,162,0.03,A ,S ,US 63,BRIDGE A0133,Daylight,Overturn,2,,Fri     ,0,0,0,0,0,0,0,1,1,0,0,0,0,0,0,0,0,0,0,0,1,0,0,1,0,40.03067,-92.48573,1,02/07/2020,16:20:00,"FATALITY REPORT -- VEHICLE RAN OFF THE WEST SIDE OF THE ROADWAY, OVERCORRECTED, RAN OFF THE EAST SIDE OF THE ROADWAY AND OVERTURNED. ASSISTED BY THE LA PLATA POLICE DEPARTMENT, LA PLATA FIRE DEPARTMENT, MACON COUNTY AMBULANCE, MACON COUNTY SHERIFF'S DEPARTMENT AND MACON COUNTY CORONER. NEXT OF KIN HAS BEEN NOTIFIED. FATALITY VICTIM PRONOUNCED DECEASED ON SCENE 02-07-2020 AT 1651 BY MACON COUNTY CORONER BRIAN HAYES."
954257,3200004835,Missouri State Highway Patrol-Troop D,1581033600000,200071879,0,1,0,0,Fatal,GREENE,NON-CITY OR UNINCORPORATED,D,2,2,0,448,0.08,B ,N,US 65,ERM NORTH US 65 MILE 570,Dark-Unlighted,Pedestrian,2,,Fri     ,0,0,0,0,0,0,0,0,0,0,1,0,0,0,0,1,0,0,0,0,1,0,0,0,1,37.28236,-93.20027,1,02/07/2020,20:05:00,FATALITY TRAFFIC CRASH - NEXT OF KIN NOTIFIED - THIS IS TROOP D'S 10TH FATALITY FOR 2020 - VEHICLE 1 TRAVELED OFF THE ROADWAY AND STRUCK PEDESTRIAN STANDING NEXT TO VEHICLE 2.  SUBJECT PRONOUNCED DECEASED AT 2100 HOURS BY GREENE COUNTY MEDICAL INVESTIGATOR NOAH CROSS.  AS REQUIRED BY LAW THE SURVIVING DRIVER WAS TESTED FOR ALCOHOL.
885579,3200003803,Missouri State Highway Patrol-Troop A,1581033600000,200072181,1,0,0,1,Personal Injury,CASS,NON-CITY OR UNINCORPORATED,A,1,1,0,288,0.05,B ,S ,MO 7,CRD 315TH,Dark-Unlighted,Overturn,2,,Fri     ,1,0,0,0,0,0,0,0,0,0,0,0,0,0,0,1,0,0,0,0,1,0,0,1,0,38.5407,-94.16224,0,02/07/2020,22:38:00,"CRASH OCCURRED AS VEHICLE 1 CHANGED LANES, OVERCORRECTED AND BEGAN TO SLIDE.  VEHICLE 1 TRAVELED OFF THE  RIGHT SIDE OF THE ROADWAY, STRUCK A STREET SIGN AND OVERTURNED SEVERAL TIMES.  ASSISTED BY TPR. Z.D. DAVIDSON /288/, AND  CASS COUNTY SHERIFF'S DEPARTMENT."
1025730,3200003623,Missouri State Highway Patrol-Troop D,1581120000000,200072301,1,0,1,0,Personal Injury,TANEY,NON-CITY OR UNINCORPORATED,D,1,1,0,4224,0.8,B ,E ,US 160,CRD ROBERTS RIDGE,Dark-Unlighted,Fixed Object,2,,Fri     ,0,1,0,0,0,0,1,0,0,0,0,0,0,0,0,1,0,0,0,0,0,0,0,0,0,36.66583,-93.00832,0,02/07/2020,23:45:00,NBR 1 RAN OFF THE ROADWAY AND HIT A TREE.
1511456,3200003597,Missouri State Highway Patrol-Troop H,1581120000000,200072509,2,0,2,0,Personal Injury,BUCHANAN,NON-CITY OR UNINCORPORATED,H,2,2,0,116,0.02,B ,E ,US 36,MO 31,Dark-Unlighted,Motor Vehicle in Transport,1,61,Sat     ,0,0,0,0,0,1,1,0,0,0,0,0,0,0,0,0,0,0,0,0,1,0,0,1,0,39.74722,-94.6432,0,02/08/2020,06:15:00,CRASH OCCURRED AS VEH 1 WAS TRAVELING EASTBOUND ON US-36. VEH 1 WAS SLOWING TO TURN SOUTH ON MO-31 WHEN THE FRONT OF VEH 2 STRUCK THE REAR OF VEH 1. VEH 1 SLID OFF THE SOUTH SIDE OF THE ROADWAY AND STRUCK A ROAD SIGN. VEH 1 CAME TO REST OFF THE ROADWAY ON ITS WHEELS FACING SOUTH. VEH 2 SLID OFF THE SOUTH SIDE OF THE ROADWAY INTO A DITCH COMING TO REST ON ITS WHEELS FACING SOUTHEAST.
1205161,3200003705,Missouri State Highway Patrol-Troop F,1581120000000,200072516,1,0,1,0,Personal Injury,COOPER,NON-CITY OR UNINCORPORATED,F,2,2,0,741,0.14,B ,W ,IS 70,ERM WEST IS 70 MILE 908,Daylight,Motor Vehicle in Transport,1,63,Sat     ,0,0,0,0,0,0,1,0,0,0,0,0,0,0,0,1,0,0,0,0,0,0,0,0,0,38.93583,-92.97943,0,02/08/2020,06:45:00,"VEHICLE 1 MERGED INTO PATH OF VEHICLE 2 CAUSING BOTH VEHICLES TO TRAVEL OFF ROADWAY, STRIKE ROCK EMBANKMENT. BOTH VEHICLES CAME TO REST IN ROADWAY. ASSISTED BY SGT D. R. POWELL (594)"
1209167,3200004728,Missouri State Highway Patrol-Troop F,1581120000000,200072875,1,0,0,1,Personal Injury,MONTGOMERY,NON-CITY OR UNINCORPORATED,F,2,2,0,2555,0.48,B ,N,MO 19,CRD FARNEN RD,Daylight,Motor Vehicle in Transport,1,61,Sat     ,0,0,0,0,0,0,0,1,0,0,0,0,0,0,0,1,0,0,0,0,1,0,0,1,0,38.9953,-91.52186,0,02/08/2020,10:36:00,"VEHICLE TWO SLOWED AND WAS PREPARING TO MAKE A RIGHT TURN, STRUCK IN THE REAR BY VEHICLE ONE."
887977,3200004009,Missouri State Highway Patrol-Troop A,1581120000000,200072940,1,0,1,0,Personal Injury,RAY,NON-CITY OR UNINCORPORATED,A,1,1,0,2019,0.38,B ,E ,CRD W 72ND ST,RT T,Daylight,Fixed Object,2,,Sat     ,0,0,0,0,1,0,0,0,0,0,0,0,0,0,0,1,0,0,0,0,0,0,0,0,0,39.21999,-94.01162,0,02/08/2020,11:00:00,CRASH OCCURRED AS VEHICLE 1 BEGAN SLIDING RAN OFF RIGHT SIDE OF ROAD AND STRUCK AN EMBANKMENT