objectid,accident,agency,inv_date,complaint,injured,killed,min_inj,dis_inj,severity,county,city,troop,no_vehicle,motor_veh,left_scene,dist_feet,dist_mile,inter_loc,direction,on_street,at_street,light_cond,acc_type,on_off_rd,two_veh,day_week,dr_drink,dr_drug,ped_drink,ped_drug,speed,dr_under21,dr_under25,dr_over55,dr_over64,electrical,emer_veh,stop_sign,yield_sign,czone,hazmat,aggressive,cell_phone,texting,veh_defect,school_bus,truck,motorcycle,atv,pickup,cmv,gps_lat,gps_long,severity_fatal,acc_date,acc_time,narrative
1038456,3200003838,Missouri State Highway Patrol-Troop I,1581120000000,200072942,1,0,0,1,Personal Injury,MARIES,NON-CITY OR UNINCORPORATED,I,1,1,0,3168,0.6,B ,E ,MO 28,RT N,Daylight,Overturn,2,,Sat     ,1,0,0,0,0,0,0,1,0,0,0,0,0,0,0,0,0,0,0,0,1,0,0,1,0,38.10198,-92.02442,0,02/08/2020,10:44:00,VEHICLE 1 WENT OFF THE RIGHT SIDE OF THE ROAD WAY. DRIVER 1 OVERCORRECTED CAUSING VEHICLE 1 TO TRAVEL OFF THE LEFT SIDE OF THE ROAD WAY AND OVERTURN.
1135992,3200003448,Missouri State Highway Patrol-Troop E,1581120000000,200073122,2,0,2,0,Personal Injury,CAPE GIRARDEAU,NON-CITY OR UNINCORPORATED,E,2,2,0,21,0,A ,E ,RT Y,PVT PHOENIX TRL,Daylight,Motor Vehicle in Transport,1,61,Sat     ,0,0,0,0,0,1,1,1,0,0,0,0,0,0,0,0,0,0,0,0,1,0,0,1,0,37.41979,-89.62018,0,02/08/2020,12:34:00,CRASH OCCURRED AS VEHICLE 1 STOPPED TO MAKE TURN AND VEHICLE 2 STRUCK THE REAR OF VEHICLE 1.
1334566,3200003910,Missouri State Highway Patrol-Troop G,1581120000000,200073262,1,0,0,1,Personal Injury,WRIGHT,NON-CITY OR UNINCORPORATED,G,1,1,0,739,0.14,B ,W ,RT N,CRD DORIS RD,Daylight,Overturn,2,,Sat     ,1,0,0,0,1,0,0,0,0,0,0,0,0,0,0,1,0,0,0,0,0,0,0,0,0,37.19085,-92.36329,0,02/08/2020,13:40:00,"ACCIDENT OCCURRED AS VEHICLE #1 FAILED TO NEGOTIATE A CURVE AND RAN OFF THE ROADWAY, OVERTURNED AND STRUCK A TREE"
1311826,3200004517,Missouri State Highway Patrol-Troop C,1581120000000,200073435,1,0,1,0,Personal Injury,ST. CHARLES,ST PETERS,C,5,5,0,68,0.01,B ,E ,MO 94,CST WESTWOOD DRIVE,Daylight,Motor Vehicle in Transport,1,61,Sat     ,0,0,0,0,0,1,1,1,0,0,0,0,0,0,0,1,0,0,0,0,1,0,0,1,0,38.73152,-90.64042,0,02/08/2020,14:58:00,"VEH 2, 3, 4, AND 5 WERE IN LANE 2 STOPPED.  VEHICLE 1 FAILED TO STOP FOR TRAFFIC AHEAD.  THE FRONT OF VEHICLE 1 STRUCK THE REAR OF VEHICLE 2.  THE FRONT OF VEHICLE 2 STRUCK THE REAR OF VEHICLE 3.  THE FRONT OF VEHICLE 3 STRUCK THE REAR OF VEHICLE 4.  THE FRONT OF VEHICLE 4 STRUCK THE REAR OF VEHICLE 5.  ASSISTED BY TPR D.L. BILYEU (174), TPR B.P. WAASO (1452), AND TPR D.O. JOHNSON (510)"
1320632,3200003857,Missouri State Highway Patrol-Troop G,1581120000000,200073443,0,1,0,0,Fatal,TEXAS,NON-CITY OR UNINCORPORATED,G,1,1,0,58,0.01,B ,W ,MO 32,CRD HARTZOG DR,Daylight,Fixed Object,2,,Sat     ,0,0,0,0,1,0,0,0,0,0,0,0,0,0,0,1,0,0,0,0,0,0,0,0,0,37.51139,-92.16418,1,02/08/2020,15:05:00,"LATE DEATH REPORT - NEXT OF KIN NOTIFIED -   ACCIDENT OCCURRED AS VEHICLE #1 RAN OFF THE ROADWAY.   THE DRIVER WAS PRONOUNCED AT COX SOUTH HOSPITAL BY DR. RAKESH HEGDE ON FEBRUARY 9, 2020 AT 0103 HOURS. TROOP G FATALITY NUMBER 3 FOR 2020 COMPARED TO 1 THIS TIME 2019"
1150461,3200003979,Missouri State Highway Patrol-Troop E,1581120000000,200073619,1,0,1,0,Personal Injury,PEMISCOT,NON-CITY OR UNINCORPORATED,E,2,2,0,0,0,AT,E ,MO 164,RP 116,Daylight,Motor Vehicle in Transport,1,64,Sat     ,0,0,0,0,0,0,0,0,0,0,0,0,0,0,0,1,0,0,0,0,0,0,0,0,0,36.09024,-89.79674,0,02/08/2020,16:15:00,TRAFFIC CRASH OCCURRED AS VEHICLE 1 TURNED INTO PATH OF VEHICLE 2.
1133609,3200003458,Missouri State Highway Patrol-Troop E,1581120000000,200073774,3,0,3,0,Personal Injury,RIPLEY,NON-CITY OR UNINCORPORATED,E,2,2,0,0,0,AT,W ,US 160,CRD 160W-3 WJ,Daylight,Motor Vehicle in Transport,1,64,Sat     ,0,0,0,0,0,0,0,0,0,0,0,1,0,0,0,1,0,0,0,0,0,0,0,0,0,36.63571,-90.90483,0,02/08/2020,17:25:00,TRAFFIC CRASH OCCURRED AS VEHICLE 1 PULLED INTO THE PATH OF VEHICLE 2.
1329974,3200003560,Missouri State Highway Patrol-Troop G,1581206400000,200074564,2,0,2,0,Personal Injury,HOWELL,NON-CITY OR UNINCORPORATED,G,1,1,0,0,0,AT,S ,CRD 2070,CRD 2010,Dark-Unlighted,Fixed Object,2,,Sun     ,0,0,0,0,1,1,1,0,0,0,0,0,0,0,0,1,0,0,0,0,1,0,0,1,0,36.82982,-91.85452,0,02/09/2020,01:16:00,CRASH OCCURRED AS VEHICLE ONE RAN OFF THE ROADWAY AND STRUCK A TREE
885572,3200004131,Missouri State Highway Patrol-Troop A,1581206400000,200074756,1,0,0,1,Personal Injury,CASS,NON-CITY OR UNINCORPORATED,A,1,1,0,311,0.06,B ,S ,RT D,BRIDGE P0106,Daylight,Fixed Object,2,,Sun     ,0,0,0,0,0,0,0,0,0,0,0,0,0,0,0,1,0,0,0,0,0,0,0,0,0,38.59367,-94.59359,0,02/09/2020,08:05:00,"CRASH OCCURRED AS VEH1 TRAVELED OFF THE ROADWAY AND THE TOWED UNIT DISCONNECTED FROM THE VEHICLE.  VEH1 THEN STRUCK 2 HIGHWAY MARKERS, A BRIDGE CULVERT AND A GROUP OF TREES BEFORE IT STRUCK ANOTHER HIGHWAY MARKER.  THE TOWED UNIT CAME TO REST ON THE  CULVERT."
1058254,3200004526,Missouri State Highway Patrol-Troop I,1581206400000,200075084,1,0,1,0,Personal Injury,WEBSTER,NON-CITY OR UNINCORPORATED,D,2,2,0,0,0,AT,E ,IS 44,ERM EAST IS 44 MILE 1090,Dark-Unlighted,Motor Vehicle in Transport,1,63,Sun     ,,,,,,,1,,,0,0,0,0,0,,,0,0,,0,0,0,0,0,1,37.44672,-92.87091,0,02/09/2020,05:00:00,VEHICLE 1 CHANGED LANES STRIKING VEHICLE 2.  BOTH VEHICLES CONTINUED EASTBOUND.
1258625,3200007151,Missouri State Highway Patrol-Troop C,1581206400000,200075742,1,0,0,1,Personal Injury,ST. LOUIS,NON-CITY OR UNINCORPORATED,C,1,1,0,52,0.01,A ,N,MO 231,CRD CHAMPIONSHIP BLVD,Dark-Unlighted,Pedestrian,1,,Sun     ,,,,,,0,0,0,0,0,0,0,0,0,0,,0,0,,0,0,0,0,0,0,38.43377,-90.33463,0,02/09/2020,19:01:00,"FATALITY REPORT- BOTH VEHICLES WERE TRAVELING NORTHBOUND ON MO-231 IN LANE 2. PEDESTRIAN 1 WAS WALKING IN THE LANES OF TRAFFIC. THE FRONT OF VEHICLE 1 STRUCK PEDESTRIAN 1. VEHICLE 2 WAS UNABLE TO STOP AND STRUCK PEDESTRIAN 1. PEDESTRIAN 1 PRONOUNCED AT MERCY HOSPITAL SOUTH BY DR CAFFERY ON 2-9-2020 AT 1948 HOURS. ASSISTED BY CPL C. D. GULLETT (333),  TPR J. R. BROWN (184) AND TPR J. S. HUSKEY (1265)"
1227256,3200004452,Missouri State Highway Patrol-Troop C,1581206400000,200075811,2,0,2,0,Personal Injury,ST. LOUIS,BRIDGETON,C,1,1,0,95,0.02,B ,E ,IS 270,BRIDGE A4888,Dark-Unlighted,Fixed Object,2,,Sun     ,0,0,0,0,1,1,1,0,0,0,0,0,0,0,0,1,0,0,0,0,0,0,0,0,0,38.76923,-90.40803,0,02/09/2020,20:20:00,"VEHICLE 1 WAS TRAVELING EASTBOUND IN THE  RIGHT LANE, HYDROPLANED, SPUN OUT, STRUCK THE MEDIAN WALL AND OVERTURNED. ASSISTED BY CPL A D SMITH (1357), TPR L A DEZNER (660), AND TPR E M CLARK (306)."
915805,3200003556,Missouri State Highway Patrol-Troop D,1581292800000,200076048,1,0,1,0,Personal Injury,JASPER,FIDELITY,D,2,2,0,670,0.13,B ,N,MO 59,CRD APPLE RD,Dark-Unlighted,Motor Vehicle in Transport,1,61,Mon     ,0,0,0,0,0,0,0,1,0,0,0,0,0,0,0,0,0,0,0,0,1,0,0,1,1,37.066,-94.31296,0,02/10/2020,06:40:00,#1 REARENDED #2.
883540,3200004570,Missouri State Highway Patrol-Troop A,1581292800000,200076062,0,1,0,0,Fatal,BATES,NON-CITY OR UNINCORPORATED,A,1,1,0,522,0.1,A ,E ,CRD NW 1002,RT V,Dark-Unlighted,Fixed Object,2,,Sun     ,0,0,0,0,0,1,1,0,0,0,0,0,0,0,0,1,0,0,0,0,0,0,0,0,0,38.23816,-94.49501,1,02/09/2020,19:45:00,"*** FATAL CRASH *** NEXT OF KIN NOTIFIED. TROOP A FATAL CRASH #5 AND FATALITY #5 FOR 2020. OCCURRED AS VEHICLE 1 TRAVELED OFF THE ROADWAY AND THROUGH A FENCE. VEHICLE 1 THEN STRUCK A TREE AND OVERTURNED ONTO ITS TOP IN A WATER-FILLED CREEK. SUBJECT WAS PRONOUNCED ON SCENE AT 0950 ON 02/10/2020 BY BATES COUNTY CORONER G MULLINAX. ASSISTED BY CPL D A JONES /854/, TPR J S BAUGHMAN /117/, AND BATES COUNTY SHERIFF'S DEPARTMENT."
929936,3200003539,Missouri State Highway Patrol-Troop D,1581292800000,200076142,1,0,1,0,Personal Injury,STONE,NON-CITY OR UNINCORPORATED,D,2,2,0,633,0.12,A ,E ,MO 76,CRD OLD HIGHWAY 76 RD,Daylight,Motor Vehicle in Transport,1,62,Mon     ,0,0,0,0,1,0,0,1,1,0,0,0,0,0,0,1,0,0,0,0,0,0,0,0,0,36.67393,-93.31213,0,02/10/2020,07:56:00,OCCURRED AS VEHICLE 1 WAS TRAVELING WESTBOUND AND VEHICLE 2 WAS EASTBOUND.  VEHICLE 1 CROSSED THE CENTER LINE AND STRUCK VEHICLE 2.
1277816,3200004591,Missouri State Highway Patrol-Troop C,1581292800000,200076525,1,0,1,0,Personal Injury,ST. CHARLES,LAKE ST LOUIS,C,2,2,0,306,0.06,B ,E ,MO 364,RP 1042574,Daylight,Motor Vehicle in Transport,1,64,Mon     ,0,0,0,0,0,0,0,1,1,0,0,0,0,0,0,0,0,0,0,0,0,0,0,0,0,38.77055,-90.77558,0,02/10/2020,11:02:00,BOTH VEHICLES WERE EASTBOUND ON MO-364. DRIVER 1 ATTEMPTED TO MAKE A U-TURN AND TRAVELED INTO THE PATH OF VEHICLE 2
918174,3200004028,Missouri State Highway Patrol-Troop D,1581292800000,200076719,1,0,1,0,Personal Injury,JASPER,NON-CITY OR UNINCORPORATED,D,1,1,0,417,0.08,B ,N,CRD JOPLIN ST,CST BRIARBROOK DR,Daylight,Fixed Object,2,,Mon     ,0,0,0,0,0,0,0,0,0,0,0,0,0,0,0,0,0,0,0,0,0,0,0,0,0,37.16134,-94.55699,0,02/10/2020,12:43:00,"ACCIDENT OCCURRED AS VEHICLE #1 TRAVELED OFF OF THE RIGHT SIDE OF THE ROADWAY, STRUCK A SIGN, OVERCORRECTED, TRAVELED OFF OF THE LEFT SIDE OF THE ROADWAY, STRUCK A CULVERT, AND OVERTURNED."
1337706,3200004226,Missouri State Highway Patrol-Troop G,1581292800000,200077113,2,0,2,0,Personal Injury,SHANNON,NON-CITY OR UNINCORPORATED,G,2,2,0,2640,0.5,B ,N,MO 19,CRD 301,Daylight,Motor Vehicle in Transport,1,64,Mon     ,1,0,0,0,1,0,0,1,0,0,0,0,0,0,0,1,0,0,0,0,0,0,0,0,0,37.16724,-91.35532,0,02/10/2020,16:00:00,"ACCIDENT OCCURRED AS VEHICLE #1 RAN OFF THE ROADWAY, OVERCORRECTED, CROSSED THE CENTERLINE AND STRUCK VEHICLE #2"
1161548,3200004187,Missouri State Highway Patrol-Troop F,1581292800000,200077656,1,0,0,1,Personal Injury,BOONE,NON-CITY OR UNINCORPORATED,F,1,1,0,612,0.12,A ,N,MO 763,CST HARVESTER RD,Dark-Lighted,Fixed Object,2,,Mon     ,0,0,0,0,0,0,0,0,0,0,0,0,0,0,0,1,0,0,0,0,0,0,0,0,0,39.0111,-92.32309,0,02/10/2020,22:31:00,CRASH OCCURRED AS VEHICLE 1 WAS NORTHBOUND.  DRIVER 1 LOST CONTROL AND CRASHED.
1065089,3200005360,Missouri State Highway Patrol-Troop I,1581379200000,200077780,1,0,1,0,Personal Injury,LACLEDE,NON-CITY OR UNINCORPORATED,I,1,1,0,66,0.01,B ,W ,IS 44,ERM WEST IS 44 MILE 1450,Dark-Unlighted,Fixed Object,2,,Tue     ,0,0,0,0,1,0,0,0,0,0,0,0,0,0,0,1,0,0,0,0,0,0,0,0,0,37.76741,-92.42088,0,02/11/2020,02:05:00,"CRASH OCCURRED AS VEHICLE 1 TRAVELED OFF OF THE LEFT SIDE OF THE ROADWAY STRIKING THE GUARDRAIL, VEHICLE 1 THEN CROSSED THE MEDIAN COMING TO REST ON THE EASTBOUND SHOULDER. ASSISTED BY CPL P.V. VOLKMER (379)"
1161549,3200004313,Missouri State Highway Patrol-Troop F,1581379200000,200077805,2,0,2,0,Personal Injury,BOONE,NON-CITY OR UNINCORPORATED,F,2,2,0,0,0,AT,E ,RT WW,CRD RANGELINE RD,Dark-Unlighted,Motor Vehicle in Transport,1,60,Tue     ,0,0,0,0,0,1,1,0,0,0,0,0,0,0,0,1,0,0,0,0,1,0,0,1,0,38.92092,-92.20024,0,02/11/2020,05:46:00,CRASH OCCURRED AS VEHICLE 1 FAILED TO YIELD TO VEHICLE 2 CAUSING VEHICLE 2 TO STRIKE THE FRONT OF VEHICLE 1. VEHICLE 1 CAME TO REST IN THE ROADWAY AND VEHICLE 2 TRAVELED OFF THE RIGHT SIDE OF THE ROADWAY AND CAME TO REST IN A DITCH.
1285591,3200006933,Missouri State Highway Patrol-Troop C,1581379200000,200077907,1,1,0,1,Fatal,ST. FRANCOIS,NON-CITY OR UNINCORPORATED,C,2,2,0,36,0.01,A ,E ,MO 32,BRIDGE A2668,Daylight,Motor Vehicle in Transport,1,60,Tue     ,0,0,0,0,1,0,1,0,0,0,0,0,0,0,0,1,0,0,0,0,1,0,0,1,0,37.79791,-90.60727,1,02/11/2020,07:25:00,FATALITY REPORT - DRIVER 1 LOST CONTROL OF VEHICLE 1 ON THE ICY ROADWAY AND VEHICLE SLID INTO THE EASTBOUND LANES OF TRAFFIC. THE FRONT LEFT OF VEHICLE 1 STRUCK THE FRONT LEFT OF VEHICLE 2. DRIVER 2 PRONOUNCED ON SCENE ON 02/11/2020 AT 0744 HOURS BY CORONER JIM COPELAND. ASSISTED BY TPR. D.A. VANDEVEN (1148)
823048,3200003740,Missouri State Highway Patrol-Troop A,1581379200000,200077944,1,0,0,1,Personal Injury,BENTON,NON-CITY OR UNINCORPORATED,A,1,1,0,2640,0.5,A ,S ,RT F,CRD CHAT AVE,Daylight,Fixed Object,2,,Tue     ,0,0,0,0,1,1,1,0,0,0,0,0,0,0,0,1,0,0,0,0,0,0,0,0,0,38.4402,-93.22358,0,02/11/2020,07:38:00,"CRASH OCCURRED AS VEHICLE 1 TRAVELED OFF THE ROAD, OVERCORRECTED,  SLID OFF THE SIDE OF THE ROAD, AND CAME TO REST ON ITS TOP.  ASSISTED BY BENTON COUNTY SHERIFF'S  DEPARTMEN.T"
1201170,3200003920,Missouri State Highway Patrol-Troop C,1581379200000,200078207,1,0,1,0,Personal Injury,LINCOLN,NON-CITY OR UNINCORPORATED,C,2,2,0,42,0.01,B ,S ,MO 47,PVT ALTA LN,Daylight,Motor Vehicle in Transport,1,61,Tue     ,0,0,0,0,0,0,0,1,0,0,0,0,0,0,0,1,0,0,0,0,0,0,0,0,0,38.99095,-90.77787,0,02/11/2020,09:27:00,VEHICLE 1 WAS FOLLOWING VEHICLE 2 TOO CLOSELY. VEHICLE 1 STRUCK THE REAR OF VEHICLE 2.
1016167,3200003714,Missouri State Highway Patrol-Troop D,1581379200000,200078661,3,0,2,1,Personal Injury,NEWTON,NON-CITY OR UNINCORPORATED,D,2,2,0,924,0.17,B ,S ,CRD JAGUAR RD,RT AA,Daylight,Motor Vehicle in Transport,1,60,Tue     ,0,0,0,0,0,0,0,1,1,0,0,0,0,0,0,1,0,0,0,0,0,0,0,0,0,36.79185,-94.43217,0,02/11/2020,12:50:00,ACCIDENT OCCURRED AS VEHICLE #1 TRAVELED INTO THE PATH OF VEHICLE #2 AND STRUCK VEHICLE #2 HEAD ON.
877082,3200004801,Missouri State Highway Patrol-Troop A,1581379200000,200079117,4,0,3,1,Personal Injury,JOHNSON,NON-CITY OR UNINCORPORATED,A,2,2,0,871,0.16,A ,E ,MO 58,RT VV,Daylight,Motor Vehicle in Transport,1,60,Tue     ,0,0,0,0,0,0,0,0,0,0,0,0,0,0,0,1,0,0,0,0,1,0,0,1,0,38.75243,-93.84003,0,02/11/2020,16:26:00,VEHICLE #2 WAS TRAVELING NORTHBOUND AS VEHICLE #1 CROSSED CENTER OF ROAD INTO THE EASTBOUND LANES AND COLLIDED WITH VEHICLE #2. ASSISTED BY TPR W T SMITH /1461/.
1021120,3200004188,Missouri State Highway Patrol-Troop D,1581379200000,200079183,2,0,2,0,Personal Injury,GREENE,STRAFFORD,D,4,4,0,2640,0.5,A ,W ,RT OO,MO 125,Daylight,Motor Vehicle in Transport,1,61,Tue     ,0,0,0,0,1,0,0,1,0,0,0,0,0,0,0,1,0,0,0,0,1,0,0,1,0,37.26204,-93.14452,0,02/11/2020,16:57:00,"VEHICLE 1 WAS TRAVELING AT A HIGH RATE OF SPEED AND STRUCK VEHICLE 2 IN THE REAR, CAUSING VEHICLE 2 TO STRIKE VEHICLE 3 HEAD ON, AND THEN ALSO STRIKE VEHICLE 4 HEAD ON."
1189748,3200005885,Missouri State Highway Patrol-Troop F,1581379200000,200079692,1,0,1,0,Personal Injury,GASCONADE,NON-CITY OR UNINCORPORATED,F,1,1,0,2481,0.47,B ,S ,MO 19,RT Z,Dark-Unlighted,Overturn,2,,Tue     ,0,0,0,0,1,0,0,0,0,0,0,0,0,0,0,1,0,0,0,0,0,0,0,0,1,38.61398,-91.45762,0,02/11/2020,22:50:00,CRASH OCCURRED AS VEHICLE 1 TRAVELED OFF THE RIGHT SIDE OF ROADWAY AND OVERTURNED.
1499800,3200004238,Missouri State Highway Patrol-Troop H,1581379200000,200079705,1,0,1,0,Personal Injury,CLINTON,NON-CITY OR UNINCORPORATED,H,1,1,0,58,0.01,B ,N,US 69,RP 5188,Dark-Unlighted,Fixed Object,2,,Tue     ,0,1,0,0,0,0,0,0,0,0,0,0,0,0,0,0,0,0,0,0,0,0,0,0,0,39.6671,-94.23486,0,02/11/2020,23:20:00,"ACCIDENT OCCURRED AS VEH #1 WAS NORTHBOUND ON I35 AND ATTEMPTED TO EXIT ONTO US69. VEH #1 EXITED THE INTERSTATE AT A HIGH RATE OF SPEED, FAILED TO STOP AT THE STOP SIGN, AND TRAVELED THROUGH THE GUARDRAIL OFF THE NORTH SIDE OF THE ROADWAY. VEH #1 CONTINUED TO TRAVEL NORTH AND STRUCK AN EMBANKMENT AND SEVERAL TREES. VEH #1 CAME TO REST ON ITS WHEELS OFF THE NORTH SIDE OF US69. ASSISTED BY CLINTON COUNTY SHERIFF'S DEPARTMENT."
1258802,3200006349,Missouri State Highway Patrol-Troop C,1581465600000,200079795,0,1,0,0,Fatal,ST. LOUIS,NON-CITY OR UNINCORPORATED,C,1,1,Y,443,0.08,A ,W ,IS 44,ERM WEST IS 44 MILE 2732,Dark-Unlighted,Pedestrian,1,,Wed     ,,,,,,,,,,0,0,0,0,0,0,,0,0,,,,,,,,38.53962,-90.48646,1,02/12/2020,05:14:00,"FATALITY CRASH -VEHICLE 1 WAS TRAVELING WESTBOUND IN LANE 3.  PEDESTRIAN WAS IN THE CENTER OF LANE 3. THE FRONT OF VEHICLE 1 STRUCK THE PEDESTRIAN AND LEFT THE SCENE. PRONOUNCED BY FORENSIC INVESTIGATOR  TARTICCHIO AT 0650 HOURS ON 02122020. ASSISTED BY CPL M AUTENRIETH (1312), TPR J BROWN (184), TPR S ROETTGER (1429), TPR M MCCOY (878), TPR O BAKER (130), CPL A MICHAJLICZENKO (769), CRASH TEAM 2 SGT P MEYERS (1184) AND ST LOUIS COUNTY OFFICERS"
1025725,3200003932,Missouri State Highway Patrol-Troop D,1581465600000,200079857,1,0,1,0,Personal Injury,TANEY,NON-CITY OR UNINCORPORATED,D,1,1,0,749,0.14,B ,E ,CRD BUCHANAN RD,PVT PINEHURST DR,Daylight,Fixed Object,2,,Wed     ,0,0,0,0,1,1,1,0,0,0,0,0,0,0,0,1,0,0,0,0,0,0,0,0,0,36.701,-93.24088,0,02/12/2020,07:15:00,CRASH OCCURRED AS VEHICLE # 1 RAN OFF THE RIGHT SIDE OF ROADWAY AND STRUCK AN UTILITY POLE
918216,3200004029,Missouri State Highway Patrol-Troop D,1581465600000,200079882,1,0,1,0,Personal Injury,JASPER,NON-CITY OR UNINCORPORATED,D,1,1,0,1934,0.37,A ,N,RT U,PVT OUTER ROAD,Daylight,Fixed Object,2,,Wed     ,0,0,0,0,0,0,0,0,0,0,0,0,0,0,0,1,0,0,0,0,1,0,0,0,1,37.08294,-94.07623,0,02/12/2020,07:35:00,"OCCURRED AS VEHICLE 1 TRAVELED OFF THE RIGHT SIDE OF THE ROAD, RETURNED TO THE ROADWAY AND OVERTURNED"
1285620,3200005983,Missouri State Highway Patrol-Troop C,1581465600000,200080031,3,0,3,0,Personal Injury,ST. FRANCOIS,NON-CITY OR UNINCORPORATED,C,2,2,0,1219,0.23,A ,S ,US 67,RP 982796,Daylight,Motor Vehicle in Transport,1,61,Wed     ,0,0,0,0,0,0,0,1,1,0,0,0,0,0,0,1,0,0,0,0,0,0,0,0,0,37.90825,-90.52247,0,02/12/2020,09:20:00,VEHICLE 1 WAS TRAVELING BEHIND VEHICLE 2.  THE FRONT OF VEHICLE 1 STRUCK THE REAR OF VEHICLE 2. VEHICLE 2 TRAVELED OFF THE LEFT SIDE OF THE ROADWAY STRIKING THE CABLE MEDIAN BARRIER. VEHICLE 1 TRAVELED OFF THE RIGHT SIDE OF THE ROADWAY  AND STRUCK A FIRE HYDRANT. ASSISTED BY TPR Z. S. PRESTON (503)
836562,3200004278,Missouri State Highway Patrol-Troop A,1581465600000,200080111,2,0,2,0,Personal Injury,CARROLL,NON-CITY OR UNINCORPORATED,A,1,1,0,1584,0.3,B ,E ,RT E,CRD 177,Daylight,Fixed Object,2,,Wed     ,0,0,0,0,1,0,1,0,0,0,0,0,0,0,0,1,0,0,0,0,0,0,0,0,0,39.38082,-93.61731,0,02/12/2020,10:10:00,"VEHICLE #1 WAS WESTBOUND ON E HIGHWAY IN CARROLL COUNTY.  VEHICLE #1 BEGAN TO SKID, RUNNING OFF THE LEFT SIDE OF THE ROADWAY AND STRIKING AN EMBANKMENT."
1258801,3200004148,Missouri State Highway Patrol-Troop C,1581465600000,200080129,2,0,2,0,Personal Injury,ST. LOUIS,NON-CITY OR UNINCORPORATED,C,4,4,0,95,0.02,B ,W ,IS 70,RP 228080,Daylight,Motor Vehicle in Transport,1,60,Wed     ,0,0,0,0,0,1,1,0,0,0,0,0,0,0,0,0,0,0,0,0,0,0,0,0,0,38.75384,-90.4536,0,02/12/2020,10:37:00,A UNKNOWN VEHICLE CUT OFF VEHICLE 1. VEHICLE 1 SWERVED TO THE RIGHT TO AVOID THE VEHICLE AND THEN OVERCORRECTED TO THE LEFT AND STARTED TO SPIN COUNTER CLOCKWISE AND STRUCK VEHICLE 2 AND VEHICLE 4. VEHICLE 2 WAS PUSHED INTO VEHICLE 3. ASSISTED BY TPR. B. G. GROVES ( 837) AND CPL. Z. S. WANG (1392).
1022724,3200004355,Missouri State Highway Patrol-Troop D,1581465600000,200080248,3,0,3,0,Personal Injury,GREENE,SPRINGFIELD,D,2,2,0,0,0,AT,W ,LP 44,CST ORCHARD CREST AVE,Daylight,Motor Vehicle in Transport,1,64,Wed     ,0,1,0,0,1,1,1,1,1,0,0,1,0,0,0,1,0,0,0,0,0,0,0,0,0,37.21232,-93.36246,0,02/12/2020,12:25:00,"ACCIDENT OCCURRED AS VEHICLE #1 FAILED TO STOP, TRAVELED INTO THE PATH OF VEHICLE #2 AND STRUCK VEHICLE #2."
862019,3200004134,Missouri State Highway Patrol-Troop A,1581465600000,200080252,1,0,1,0,Personal Injury,LAFAYETTE,NON-CITY OR UNINCORPORATED,A,1,1,0,881,0.17,A ,N,RT Z,CRD RED BRUSH,Daylight,Fixed Object,2,,Wed     ,0,0,0,0,1,0,0,0,0,0,0,0,0,0,0,1,0,0,0,0,0,0,0,0,0,38.95106,-94.05751,0,02/12/2020,12:30:00,"OCCURRED AS VEHICLE 1 BEGAN SKIDDING ON THE SLUSH COVERED ROADWAY AND TRAVELED OFF THE ROADWAY, WHERE IT IMPACTED A DITCH AND TREE."
1251750,3200004805,Missouri State Highway Patrol-Troop C,1581465600000,200080286,1,0,1,0,Personal Injury,FRANKLIN,NON-CITY OR UNINCORPORATED,C,1,1,0,549,0.1,B ,S ,CRD POTTERY ROAD,CRD CRD POTTERY TOWER LN,Daylight,Fixed Object,2,,Wed     ,1,1,0,0,0,0,0,0,0,0,0,0,0,0,0,0,0,0,0,0,0,0,0,0,0,38.5236,-91.03901,0,02/12/2020,13:00:00,VEHICLE 1 TRAVELED OFF THE RIGHT SIDE OF THE ROADWAY INTO A WOODED AREA. ASSISTED BY MSGT C. L. PATTON (1108) AND TPR J. R. SUMMERS (1254)
1046626,3200004397,Missouri State Highway Patrol-Troop I,1581465600000,200080310,1,0,0,1,Personal Injury,PULASKI,ST ROBERT,I,1,1,0,63,0.01,B ,E ,IS 44,ERM EAST IS 44 MILE 1600,Daylight,Fixed Object,2,,Wed     ,0,0,0,0,1,0,1,0,0,0,0,0,0,0,0,1,0,0,0,0,0,0,0,0,0,37.82471,-92.16638,0,02/12/2020,13:15:00,"THE CRASH OCCURRED AS VEHICLE 1 TRAVELED OFF THE RIGHT SIDE OF THE ROADWAY, STRUCK A CONCRETE BARRIER. VEHICLE 1 THEN TRAVELED OFF THE LEFT SIDE OF THE ROADWAY AND STRUCK ANOTHER CONCRETE BARRIER, AND THEN CAME TO REST IN THE ROAD. ASSISTED BY CPL D.W. PFEIFER (1163)"