objectid,accident,agency,inv_date,complaint,injured,killed,min_inj,dis_inj,severity,county,city,troop,no_vehicle,motor_veh,left_scene,dist_feet,dist_mile,inter_loc,direction,on_street,at_street,light_cond,acc_type,on_off_rd,two_veh,day_week,dr_drink,dr_drug,ped_drink,ped_drug,speed,dr_under21,dr_under25,dr_over55,dr_over64,electrical,emer_veh,stop_sign,yield_sign,czone,hazmat,aggressive,cell_phone,texting,veh_defect,school_bus,truck,motorcycle,atv,pickup,cmv,gps_lat,gps_long,severity_fatal,acc_date,acc_time,narrative
965999,3200005356,Missouri State Highway Patrol-Troop D,1581465600000,200080341,2,1,2,0,Fatal,MCDONALD,NON-CITY OR UNINCORPORATED,D,2,2,0,0,0,AT,N,MO 43,CRD HART RD,Daylight,Motor Vehicle in Transport,1,64,Wed     ,0,0,0,0,0,0,0,1,1,0,0,1,0,0,0,1,0,0,0,0,0,0,0,0,0,36.73734,-94.60581,1,02/12/2020,13:40:00,FATALITY CRASH - THIS IS TROOP D'S 11TH FATALITY CRASH FOR 2020 - NEXT OF KIN NOTIFIED. CRASH OCCURRED AS VEHICLE #1 TURNED INTO THE PATH OF VEHICLE #2 AND WAS STRUCK. DRIVER #1 WAS PRONOUNCED DECEASED AT THE SCENE AT 1509 HOURS BY MCDONALD COUNTY CORONER WILLIAM GOODWIN.
1128515,3200004480,Missouri State Highway Patrol-Troop E,1581465600000,200080412,2,0,2,0,Personal Injury,WAYNE,NON-CITY OR UNINCORPORATED,E,1,1,0,449,0.09,A ,E ,RT Z,BRIDGE A8652,Daylight,Fixed Object,2,,Wed     ,0,0,0,0,1,0,0,1,0,0,0,0,0,0,0,1,0,0,0,0,0,0,0,0,0,36.98667,-90.23684,0,02/12/2020,14:40:00,CRASH OCCURRED AS VEHICLE 1 RAN OFF THE RIGHT SIDE OF THE ROADWAY AND STRUCK THE GUARDRAIL. DAMAGE TO 15 FEET OF GUARDRAIL
1038457,3200005108,Missouri State Highway Patrol-Troop I,1581465600000,200080507,0,1,0,0,Fatal,MARIES,NON-CITY OR UNINCORPORATED,I,1,1,0,2106,0.4,B ,E ,RT M,BRIDGE T0344,Daylight,Fixed Object,2,,Wed     ,1,0,0,0,1,0,0,0,0,0,0,0,0,0,0,1,0,0,0,0,0,0,0,0,0,0,0,1,02/12/2020,16:10:00,**FATALITY CRASH** NEXT OF KIN NOTIFIED. OCCURRED AS VEHICLE 1 TRAVELED OFF THE SOUTH SIDE OF THE ROADWAY AND STRUCK A TREE. THE VICTIM WAS PRONOUNCED DECEASED BY NREMT-P KIMBERLY HENSON AND CORONER DAVID MARTIN ON THE SCENE AT 1642 HOURS. THIS IS TROOP I'S 1ST FATALITY FOR FEBRUARY AND 3RD FOR 2020
801477,3200003802,Missouri State Highway Patrol-Troop A,1581465600000,200080593,1,0,1,0,Personal Injury,JACKSON,LEES SUMMIT,A,2,2,0,30,0.01,B ,E ,IS 470,ERM EAST IS 470 MILE 150,Daylight,Motor Vehicle in Transport,1,61,Wed     ,0,0,0,0,0,1,1,0,0,0,0,0,0,0,0,1,0,0,0,0,1,0,0,1,0,39.01691,-94.3582,0,02/12/2020,17:10:00,CRASH OCCURRED AS VEHICLE 1 SLOWED FOR TRAFFIC. VEHICLE 2 STRUCK THE REAR OF VEHICLE 1. ASSISTED BY MSGT R S SMITH /691/ AND CPL D W CAMPBELL /1241/
783807,3200004208,Missouri State Highway Patrol-Troop A,1581465600000,200080883,1,0,1,0,Personal Injury,PLATTE,NON-CITY OR UNINCORPORATED,A,1,1,0,327,0.06,A ,S ,IS 29,ERM SOUTH IS 29 MILE 296,Dark-Unlighted,Fixed Object,2,,Wed     ,0,0,0,0,0,0,0,0,0,0,0,0,0,0,0,0,0,0,0,0,0,0,0,0,0,39.50975,-94.78671,0,02/12/2020,22:13:00,CRASH OCCURRED AS VEHICLE #1 SWERVED TO AVOID AN UNKNOWN VEHICLE ENTERING THE SAME LANE AS VEHICLE #1 AND BEGAN TO SLIDE. VEHICLE #1 RAN OFF THE LEFT SIDE OF THE ROADWAY AND STRUCK THE CABLE BARRIER.
1192956,3200004068,Missouri State Highway Patrol-Troop F,1581465600000,200080930,1,0,0,1,Personal Injury,CALLAWAY,NON-CITY OR UNINCORPORATED,F,1,1,0,73,0.01,B ,E ,IS 70,ERM WEST IS 70 MILE 1388,Dark-Unlighted,Fixed Object,2,,Wed     ,0,0,0,0,0,0,1,0,0,0,0,0,0,0,0,0,0,0,0,0,0,0,0,0,0,38.95343,-92.11073,0,02/12/2020,23:25:00,"VEHICLE ONE WAS IN THE LEFT LANE PASSING AN UNKNOWN TRACTOR TRAILER.  THE TRACTOR TRAILER MADE A LANE CHANGE INTO THE LEFT LANE, CAUSING VEHICLE ONE TO TRAVEL OFF THE LEFT SIDE OF THE ROAD AND STRIKE THE MEDIAN CABLE."
834539,3200005456,Missouri State Highway Patrol-Troop A,1581638400000,200080944,1,0,1,0,Personal Injury,PLATTE,PARKVILLE,A,2,2,0,0,0,AT,W ,CST 63RD ST,CST LEWIS ST,Dark-Lighted,Motor Vehicle in Transport,1,64,Wed     ,1,0,0,0,0,0,0,1,0,0,0,1,0,0,0,0,0,0,0,0,1,0,0,0,1,39.20876,-94.68453,0,02/12/2020,23:20:00,CRASH OCCURRED AS VEHICLE 2 CAME TO STOP AT INTERSECTION. VEHICLE 1 TRAVELED INTO THE INTERSECTION WITHOUT HEADLIGHTS ON. VEHICLE 2 STRUCK VEHICLE 1 IN THE INTERSECTION. ASSISTED BY CPL R J WILHOIT /1129/ AND PARKVILLE PD
885576,3200004095,Missouri State Highway Patrol-Troop A,1581552000000,200080957,3,0,2,1,Personal Injury,CASS,NON-CITY OR UNINCORPORATED,A,2,2,0,66,0.01,A ,N,IS 49,ERM NORTH IS 49 MILE 1526,Dark-Unlighted,Motor Vehicle in Transport,1,61,Wed     ,0,0,0,0,1,1,1,1,0,0,0,0,0,0,0,1,0,0,0,0,0,0,0,0,0,38.55034,-94.35134,0,02/12/2020,23:55:00,"CRASH OCCURRED AS VEHICLE 1 STRUCK THE REAR OF VEHICLE 2. VEHICLE 2 TRAVELED OFF THE RIGHT SIDE OF THE ROADWAY AND OVERTURNED. VEHICLE 1 TRAVELED OFF THE RIGHT SIDE OF THE ROADWAY, STRUCK A GUARDRAIL END, AND OVERTURNED."
1258819,3200003997,Missouri State Highway Patrol-Troop C,1581552000000,200081052,1,0,1,0,Personal Injury,ST. LOUIS,NON-CITY OR UNINCORPORATED,C,2,2,0,147,0.03,B ,E ,IS 270,ERM NORTH IS 270 MILE 06,Daylight,Motor Vehicle in Transport,1,61,Thu     ,0,0,0,0,0,0,1,0,0,0,0,0,0,0,0,0,0,0,0,0,0,0,0,0,0,38.50641,-90.34655,0,02/13/2020,06:35:00,VEHICLE 2 SLOWED FOR TRAFFIC. THE FRONT OF VEHICLE 1 STRUCK THE REAR OF VEHICLE 2.  ASSISTED BY MSGT J. R. CAMPBELL (325)
1329998,3200003901,Missouri State Highway Patrol-Troop G,1581552000000,200081110,1,0,0,1,Personal Injury,HOWELL,NON-CITY OR UNINCORPORATED,G,1,1,0,295,0.06,B ,E ,RT K,BRIDGE R0431,Daylight,Fixed Object,2,,Thu     ,0,0,0,0,1,1,1,0,0,0,0,0,0,0,0,1,0,0,0,0,0,0,0,0,0,36.70425,-91.96723,0,02/13/2020,07:20:00,OCCURRED AS VEHICLE TRAVELED OFF OF THE RIGHT SIDE OF THE ROADWAY AND OVERTURNED. ASSISTED BY HOWELL RURAL FIRE DEPARTMENT
1334568,3200004775,Missouri State Highway Patrol-Troop G,1581552000000,200081133,1,0,1,0,Personal Injury,WRIGHT,NON-CITY OR UNINCORPORATED,G,1,1,0,638,0.12,B ,E ,MO 38,RT E WJ,Daylight,Fixed Object,2,,Thu     ,0,0,0,0,0,0,0,1,0,0,0,0,0,0,0,0,0,0,1,0,1,0,0,1,0,37.27372,-92.4135,0,02/13/2020,07:40:00,"OCCURRED AS VEHICLE TRAVELED OFF THE RIGHT SIDE OF THE ROADWAY, DOWN AN EMBANKMENT, AND STRUCK THE GROUND."
789606,3200004133,Missouri State Highway Patrol-Troop A,1581552000000,200081218,1,0,1,0,Personal Injury,CASS,BELTON,A,2,2,0,652,0.12,B ,N,IS 49,ERM NORTH IS 49 MILE 1728,Daylight,Motor Vehicle in Transport,1,64,Thu     ,0,0,0,0,0,1,1,0,0,0,0,0,0,0,0,1,0,0,0,0,0,0,0,0,1,38.79204,-94.49717,0,02/13/2020,08:24:00,"CRASH OCCURRED AS VEHICLE 1 TRAVELED ON THE ICE COVERED SHOULDER IN AN ATTEMPT TO PASS A TRACTOR TRAILER TRAVELING IN THE RIGHT LANE. DRIVER 1 LOST CONTROL AND VEHICLE 1 SLID INTO VEHICLE 2. VEHICLE BEGAN TO SKID AND TRAVELED OFF THE RIGHT SIDE OF THE ROADWAY AND INTO A FIELD, STRIKING A SMALL TREE. VEHICLE 2 TRAVELED INTO THE GRASS MEDIAN COMING TO REST.  ASSISTED BY CPL D A JONES/854"
1194520,3200004101,Missouri State Highway Patrol-Troop B,1581552000000,200081647,3,0,3,0,Personal Injury,RALLS,NON-CITY OR UNINCORPORATED,B,2,2,0,0,0,AT,N,RT J,CRD JUNIPER LN,Daylight,Motor Vehicle in Transport,1,64,Thu     ,0,0,0,0,0,0,0,1,1,0,0,1,0,0,0,1,0,0,0,0,0,0,0,0,0,39.65564,-91.65943,0,02/13/2020,11:59:00,"VEHICLE 1 WAS EASTBOUND ON A COUNTY ROAD, FAILED TO STOP AT A STOP SIGN, AND STRUCK NORTHBOUND VEHICLE 2."
1152231,3200004461,Missouri State Highway Patrol-Troop E,1581552000000,200082008,1,0,1,0,Personal Injury,STODDARD,NON-CITY OR UNINCORPORATED,E,2,2,0,1056,0.2,B ,S ,MO 25,CRD 268,Daylight,Motor Vehicle in Transport,1,61,Thu     ,0,0,0,0,0,0,1,0,0,0,0,0,0,0,0,1,0,0,0,0,1,0,0,1,0,36.94266,-89.91627,0,02/13/2020,14:55:00,"CRASH OCCURRED AS VEHICLE ONE, WHILE STATIONARY, WAS STRUCK BY VEHICLE TWO IN THE REAR."
1328130,3200004460,Missouri State Highway Patrol-Troop G,1581552000000,200082107,2,0,1,1,Personal Injury,OZARK,NON-CITY OR UNINCORPORATED,G,2,2,0,110,0.02,A ,W ,US 160,BRIDGE K0817,Daylight,Motor Vehicle in Transport,1,60,Thu     ,0,0,0,0,0,0,0,1,1,0,0,0,0,0,0,1,0,0,0,0,1,0,0,1,0,36.57753,-92.64464,0,02/13/2020,15:37:00,"VEHICLE #1 CROSSED THE CENTER OF THE ROADWAY AND STRUCK VEHICLE #2.  ASSISTED BY MSGT C A HOGUE #189, CPL N J BRITT #368, AND CPL J R ROBERTS #1295."
963857,3200004522,Missouri State Highway Patrol-Troop D,1581552000000,200082130,1,0,0,1,Personal Injury,BARTON,NON-CITY OR UNINCORPORATED,D,2,2,0,448,0.08,B ,N,IS 49,ERM NORTH IS 49 MILE 732,Daylight,Motor Vehicle in Transport,1,61,Thu     ,0,0,0,0,0,0,0,1,0,0,0,0,0,0,0,0,0,0,0,0,0,0,0,0,1,37.43653,-94.29926,0,02/13/2020,15:50:00,OCCURRED AS VEH2 STRUCK THE REAR VEH1. ASSISTED BY TPR J.W. KREHBIEL #664 AND SGT T.L. HALL #550
1251773,3200004474,Missouri State Highway Patrol-Troop C,1581638400000,200082802,1,0,0,1,Personal Injury,FRANKLIN,NON-CITY OR UNINCORPORATED,C,1,1,0,216,0.04,B ,N,MO 47,CRD FOREST HILLS DR,Dark-Unlighted,Overturn,1,,Fri     ,0,0,0,0,0,0,0,0,0,0,0,0,0,0,0,0,0,0,0,0,1,0,0,1,0,38.49634,-91.00312,0,02/14/2020,03:35:00,VEHICLE #1 TRAVELED OFF THE EAST SIDE OF THE ROADWAY. DRIVER #1 OVERCORRECTED CAUSING VEHICLE #1 TO OVERTURN AND TRAVEL OFF THE WEST SIDE OF THE ROADWAY BEFORE STRIKING A ROCK BLUFF AND EJECTING DRIVER #1.
1189055,3200003935,Missouri State Highway Patrol-Troop B,1581638400000,200082831,1,0,1,0,Personal Injury,ADAIR,NON-CITY OR UNINCORPORATED,B,1,1,0,1177,0.22,B ,N,MO 11,BRIDGE S0569,Dark-Unlighted,Fixed Object,2,,Fri     ,0,0,0,0,1,1,1,0,0,0,0,0,0,0,0,1,0,0,0,0,1,0,0,1,0,40.22244,-92.46379,0,02/14/2020,06:05:00,"VEHICLE 1 STRUCK AN ICE PATCH IN THE ROADWAY, TRAVELED OFF THE RIGHT SIDE OF THE ROAD, STRUCK A DRAINAGE DITCH, AND BECAME AIRBORNE BEFORE COMING TO REST BACK ON THE ROADWAY.  ASSISTED BY ADAIR COUNTY SHERIFF'S OFFICE."
1212179,3200004099,Missouri State Highway Patrol-Troop F,1581638400000,200082973,1,0,1,0,Personal Injury,COLE,NON-CITY OR UNINCORPORATED,F,1,1,0,40,0.01,B ,E ,RT C,RT D,Daylight,Fixed Object,2,,Fri     ,0,0,0,0,0,0,1,0,0,0,0,0,0,0,0,1,0,0,0,0,0,0,0,0,0,38.51941,-92.36514,0,02/14/2020,08:00:00,CRASH OCCURRED AS VEHICLE 1 TRAVELED OFF THE RIGHT SIDE OF ROADWAY WHILE TRYING TO AVOID ANOTHER VEHICLE. VEHICLE 1 CAME TO REST AFTER STRIKING A UTILITY POLE. ASSISTED BY TPR. C.E. MCKINNEY (1375)
1227258,3200005407,Missouri State Highway Patrol-Troop C,1581638400000,200083093,2,0,2,0,Personal Injury,ST. LOUIS,BRIDGETON,C,3,3,0,195,0.04,A ,E ,MO 370,RP 282752,Daylight,Motor Vehicle in Transport,1,61,Fri     ,0,0,0,0,0,0,0,1,1,0,0,0,0,0,0,0,0,0,0,0,0,0,0,0,0,38.78181,-90.41733,0,02/14/2020,08:55:00,VEHICLE 1 WAS STOPPED IN TRAFFIC. VEHICLE 2 STRUCK THE REAR OF VEHICLE 1. VEHICLE 2 SPUN INTO LANE 1 AND THE FRONT OF VEHICLE 1 STRUCK THE FRONT OF VEHICLE 3. ASSISTED BY TPR. A.D. BAKER (151).
1233325,3200004605,Missouri State Highway Patrol-Troop C,1581638400000,200083118,1,0,1,0,Personal Injury,JEFFERSON,NON-CITY OR UNINCORPORATED,C,1,1,0,559,0.11,B ,E ,RT Z,PVT SLEEPY HOLLOW RD,Daylight,Other Object,2,,Fri     ,0,0,0,0,0,0,0,0,0,0,0,0,0,0,0,0,0,0,0,0,0,0,0,0,0,38.26393,-90.45722,0,02/14/2020,09:03:00,VEHICLE 1 HIT THE BREAKS DUE TO AN ANIMAL IN THE ROADWAY AND RAN OFF OF THE RIGHT SIDE OF THE ROAD.
1301437,3200004658,Missouri State Highway Patrol-Troop C,1581638400000,200083271,1,0,1,0,Personal Injury,ST. CHARLES,NON-CITY OR UNINCORPORATED,C,1,1,0,1980,0.37,A ,S ,RT T,CRD MILE RD,Daylight,Fixed Object,2,,Fri     ,0,0,0,0,0,0,0,1,0,0,0,0,0,0,0,1,0,0,0,0,0,0,0,0,0,38.69535,-90.96269,0,02/14/2020,10:20:00,VEHICLE 1 WAS TRAVELING SOUTHBOUND  ON ROUTE T AND  ROUNDED A  CURVE TO THE LEFT.  THE RIGHT SIDE TIRES DROPPED OFF THE  RIGHT EDGE OF THE ROADWAY CAUSING THE  RIGHT REAR OF THE VEHICLE TO STRIKE  A CULVERT AND OVERTURN.
781174,3200004135,Missouri State Highway Patrol-Troop A,1581638400000,200083295,1,0,1,0,Personal Injury,CASS,PECULIAR,A,2,2,Y,77,0.01,B ,N,EOR 49,CST SCHOOL ROAD SJ,Daylight,Motor Vehicle in Transport,1,64,Fri     ,0,0,0,0,0,0,1,0,0,0,1,0,0,0,0,0,0,0,0,0,0,0,0,0,0,38.72343,-94.45317,0,02/14/2020,10:38:00,CRASH OCCURRED AS VEHICLE1 WAS BEING PURSUED BY A CASS COUNTY DEPUTY. VEHICLE1 STRUCK VEHICLE2 WHICH WAS NEARLY STATIONARY SO DRIVER2 COULD ATTEMPT TO USE A TIRE DEFLATION DEVICE. VEHICLE1 FLED THE SCENE BUT WAS CONTACTED A SHORT TIME LATER.
1277818,3200006838,Missouri State Highway Patrol-Troop C,1581638400000,200083315,3,4,2,1,Fatal,ST. CHARLES,LAKE ST LOUIS,C,3,3,0,263,0.05,B ,E ,IS 64,ERM EAST IS 64 MILE 44,Daylight,Fixed Object,2,,Fri     ,0,1,0,0,0,0,0,1,1,0,0,0,0,0,0,1,0,0,0,0,1,0,0,1,0,38.77,-90.77666,1,02/14/2020,10:38:00,"FATALITY REPORT - VEHICLE #1 TRAVELED OFF THE NORTH SIDE OF ROADWAY, THRU THE CABLE BARRIER AND STARTED TO OVERTURN BEFORE STRIKING VEHICLES #2 AND #3 HEAD ON. DRIVER #2 AND PASSENGER #1 PRONOUNCED ON SCENE AT 1108 HOURS ON 02/14/2020 BY ST. CHARLES COUNTY EMS PERSONNEL. PASSENGER #2 PRONOUNCED AT SSM ST. JOSEPH HEALTH CENTER LAKE ST. LOUIS AT 1121 HOURS ON 02/14/2020 BY DR. SPAED. PASSENGER #3 PRONOUNCED AT SSM CARDINAL GLENNON CHILDREN'S HOSPITAL AT 1308 HOURS ON 02/14/2020 BY DR. FORRESTER. ASSISTED BY LAKE ST. LOUIS POLICE, ST. PETERS POLICE, O'FALLON POLICE, LOUISVILLE KY POLICE, KENTUCKY STATE POLICE, TPR. B.P. WASSO (1452), TPR. J.S. BAIRD (203)  AND CPL. T.R JENKINS (460). CORRECTED REPORT."
963858,3200004291,Missouri State Highway Patrol-Troop D,1581638400000,200083489,1,0,0,1,Personal Injury,BARTON,NON-CITY OR UNINCORPORATED,D,1,1,0,1858,0.35,B ,S ,CRD NW 130TH LANE,CRD NW 20TH ROAD,Daylight,Fixed Object,2,,Fri     ,0,0,0,0,1,1,1,0,0,0,0,0,0,0,0,1,0,0,0,0,0,0,0,0,0,37.54,-94.53357,0,02/14/2020,12:03:00,OCCURRED AS VEHICLE 1 RAN OFF THE RIGHT SIDE OF THE ROADWAY AND OVERTURNED.
1233326,3200005199,Missouri State Highway Patrol-Troop C,1581638400000,200083518,3,0,3,0,Personal Injury,JEFFERSON,NON-CITY OR UNINCORPORATED,C,2,2,0,0,0,AT,N,MO 21,MO 110,Daylight,Motor Vehicle in Transport,1,60,Fri     ,0,0,0,0,0,1,1,0,0,0,0,0,0,0,0,1,0,0,0,0,1,0,0,1,0,38.17312,-90.56564,0,02/14/2020,12:25:00,VEHICLE 2 WAS PREPARING TO TURN LEFT ONTO HIGHWAY 110. VEHICLE 2 TURNED LEFT INTO THE PATH OF VEHICLE 1 AND STRUCK IT HEAD ON. ASSISTED BY TPR. D.A. NORTON (364)
1304265,3200004618,Missouri State Highway Patrol-Troop C,1581638400000,200083595,4,0,3,1,Personal Injury,ST. LOUIS,CREVE COEUR,C,1,1,0,95,0.02,A ,W ,IS 270,RP 104402 EJ,Daylight,Fixed Object,2,,Fri     ,0,0,0,0,1,1,1,0,0,0,0,0,0,0,0,1,0,0,0,0,0,0,0,0,0,38.64218,-90.44941,0,02/14/2020,12:50:00,"DRIVER #1 WAS INATTENTIVE, EXCEED THE POSTED SPEED LIMIT, MADE AN IMPROPER LANE CHANGE TO THE RIGHT, AND LOST CONTROL OF VEHICLE #1.  VEHICLE #1 WENT OFF OF THE ROADWAY TO THE RIGHT, ROTATED, STRUCK THE GUARDRAIL, WENT AIRBORNE, AND LANDED ON TOP OF THE GUARDRAIL.  VEHICLE #1 CAME TO FINAL REST ON TOP OF THE GUARDRAIL FACING AN EASTERLY DIRECTION.  PASSENGER #2 WAS COMPLETELY EJECTED FROM VEHICLE #1 THROUGH THE FRONT PASSENGER DOOR."
1212183,3200006446,Missouri State Highway Patrol-Troop C,1581638400000,200083817,3,0,2,1,Personal Injury,WASHINGTON,NON-CITY OR UNINCORPORATED,C,2,2,0,0,0,AT,S ,MO 21,CRD OLD PRAIRIE ROAD,Daylight,Motor Vehicle in Transport,1,61,Fri     ,0,0,0,0,0,0,0,1,0,0,0,0,0,0,0,0,0,0,0,0,0,0,0,0,0,0,0,0,02/14/2020,15:00:00,VEHICLE #1 STOPPED TO TURN ONTO OLD PRAIRIE ROAD AND DRIVER #2 WAS INATTENTIVE AND FAILED TO SEE STOPPED VEHICLE #1.  THE FRONT OF VEHICLE #1 STRUCK THE REAR OF VEHICLE #2.  BOTH VEHICLES CAME TO REST OFF THE WEST ROAD EDGE. ASSISTED BY TPR. D. R. THOMPSON (666)
1258823,3200004569,Missouri State Highway Patrol-Troop C,1581638400000,200083845,1,0,1,0,Personal Injury,ST. LOUIS,NON-CITY OR UNINCORPORATED,C,3,3,0,147,0.03,A ,W ,IS 270,ERM SOUTH IS 270 MILE 12,Daylight,Motor Vehicle in Transport,1,61,Fri     ,0,0,0,0,0,1,1,0,0,0,0,0,0,0,0,1,0,0,0,0,0,0,0,0,0,38.50903,-90.35673,0,02/14/2020,14:58:00,VEHICLES #2 AND #3 WERE STOPPED IN TRAFFIC. THE FRONT OF VEHICLE #1 COLLIDED WITH THE REAR OF VEHICLE #2.  THE FORCE OF THE IMPACT CAUSED THE FRONT OF VEHICLE #2 TO COLLIDE WITH THE REAR OF VEHICLE #3.
1197777,3200004688,Missouri State Highway Patrol-Troop B,1581638400000,200083936,1,0,1,0,Personal Injury,MACON,NON-CITY OR UNINCORPORATED,B,1,1,Y,1246,0.24,B ,E ,CRD SOUTHWEST BOULEVARD,CRD IVANHOE STREET,Daylight,Fixed Object,2,,Fri     ,0,0,0,0,1,0,0,0,0,0,0,0,0,0,0,1,0,0,0,0,0,0,0,0,0,39.72923,-92.52884,0,02/14/2020,14:25:00,VEHICLE 1 EASTBOUND SLID ON SNOW COVERED ROADWAY COMING TO REST IN THE DITCH
918806,3200004416,Missouri State Highway Patrol-Troop D,1581638400000,200083959,1,0,1,0,Personal Injury,LAWRENCE,NON-CITY OR UNINCORPORATED,D,2,2,0,0,0,AT,W ,MO 96,MO 39,Daylight,Motor Vehicle in Transport,1,64,Fri     ,0,0,0,0,0,1,1,0,0,0,0,1,0,0,0,1,0,0,0,0,0,0,0,0,0,37.18916,-93.84236,0,02/14/2020,15:50:00,VEHICLE #1 FAILED TO YIELD AND WAS STRUCK BY VEHICLE #2
1337703,3200004696,Missouri State Highway Patrol-Troop G,1581638400000,200084607,1,0,0,1,Personal Injury,SHANNON,NON-CITY OR UNINCORPORATED,G,2,2,0,0,0,AT,E ,US 60,RT T,Dark-Unlighted,Motor Vehicle in Transport,1,64,Fri     ,0,0,0,0,0,0,0,0,0,0,0,1,0,0,0,1,0,0,0,0,1,0,0,1,0,36.99008,-91.63307,0,02/14/2020,21:15:00,OCCURRED AS VEHICLE #1 CROSSED INTO THE PATH OF VEHICLE #2.
1177910,3200004316,Missouri State Highway Patrol-Troop F,1581638400000,200084857,1,0,0,1,Personal Injury,CAMDEN,NON-CITY OR UNINCORPORATED,F,1,1,0,232,0.04,B ,S ,MO 7,CRD SWEATT RD,Dark-Unlighted,Fixed Object,2,,Fri     ,1,0,0,0,0,0,0,1,1,0,0,0,0,0,0,0,0,0,0,0,1,0,0,1,0,37.97841,-92.63548,0,02/14/2020,23:35:00,OCCURRED AS VEHICLE 1 WAS TRAVELING SOUTHBOUND ON MO 7 AND TRAVELED OFF THE RIGHT SIDE OF THE  ROADWAY. VEHICLE 1 STRUCK A DRIVEWAY AND WENT AIRBORNE. VEHICLE 1 THEN COLLIDED WITH A TREE AND OVERTURNED.
1301436,3200005343,Missouri State Highway Patrol-Troop C,1581724800000,200085062,1,0,1,0,Personal Injury,ST. CHARLES,NON-CITY OR UNINCORPORATED,C,2,2,0,369,0.07,A ,W ,IS 64,ERM WEST IS 64 MILE 130,Dark-Lighted,Motor Vehicle in Transport,1,61,Sat     ,1,0,0,0,0,0,0,0,0,0,0,0,0,0,0,1,0,0,0,0,0,0,0,0,0,38.69056,-90.66414,0,02/15/2020,03:35:00,BOTH VEHICLE WERE TRAVELING WESTBOUND ON I-64. DRIVER 1 FAILED TO SLOW FOR TRAFFIC AND VEHICLE 1'S FRONT STRUCK THE REAR OF VEHICLE 2. ASSISTED BY CPL J R BREITBACH (790).
783075,3200004167,Missouri State Highway Patrol-Troop A,1581724800000,200085204,2,0,2,0,Personal Injury,PLATTE,KANSAS CITY,A,2,2,0,200,0.04,A ,N,IS 29,ERM NORTH IS 29 MILE 60,Daylight,Motor Vehicle in Transport,1,60,Sat     ,0,0,0,0,0,0,0,1,1,0,0,0,0,0,0,0,0,0,0,0,1,0,0,1,0,39.2147,-94.64225,0,02/15/2020,07:55:00,"CRASH OCCURRED AS VEH 1 WAS SB IN THE NB LANES OF I-29.  VEH 1 THEN OVERTOOK AND STRUCK VEH 2 HEAD ON.  ASSISTED BY TPR D R BECKER/219, TPR B S GUNBY/349, PLATTE COUNTY SHERIFF'S DEPARTMENT AND KCPD"
783074,3200004935,Missouri State Highway Patrol-Troop A,1581724800000,200085225,4,0,3,1,Personal Injury,PLATTE,KANSAS CITY,A,2,2,0,21,0,B ,N,IS 29,ERM NORTH IS 29 MILE 60,Daylight,Motor Vehicle in Transport,1,61,Sat     ,0,0,0,0,0,0,0,1,1,0,0,0,0,0,0,1,0,0,0,0,0,0,0,0,0,39.2142,-94.64181,0,02/15/2020,07:52:00,"CRASH OCCURRED AS VEH 2 SLOWED FOR A TRAFFIC CRASH AND VEH 1 OVERTOOK AND STRUCK REAR OF VEH 2.  ASSISTED BY TPR D R BECKER/219, TPR C M MCDONALD/892 AND KCPD AND PLATTE COUNTY SHERIFF'S DEPARTMENT"
1065090,3200007256,Missouri State Highway Patrol-Troop I,1581724800000,200085736,3,1,1,2,Fatal,LACLEDE,NON-CITY OR UNINCORPORATED,I,1,1,0,254,0.05,A ,N,CRD ROCKWELL DRIVE,CRD EVANSTON ROAD,Daylight,Fixed Object,2,,Sat     ,0,0,0,0,1,1,1,0,0,0,0,0,0,0,0,1,0,0,0,0,0,0,0,0,0,37.63891,-92.59505,1,02/15/2020,12:25:00,"FATALITY CRASH NEXT OF KIN NOTIFIED CRASH OCCURRED AS VEHICLE 1 TRAVELED OFF RIGHT SIDE OF ROADWAY, OVERTURNED AND STRUCK A TREE.  THE VICTIM WAS PRONOUNCED ON SCENE BY DEPUTY CORONER DANIEL JONES AT  1300 HOURS.  THIS IS TROOP I'S 2ND FATALITY FOR FEBRUARY AND 4TH FOR 2020.  ASSISTED BY CRASH TEAM 3 CPL B. GRUBEN (1195) AND TPR C.STAUFFER (1209)"
1190961,3200005363,Missouri State Highway Patrol-Troop B,1581724800000,200085941,3,0,1,2,Personal Injury,LEWIS,NON-CITY OR UNINCORPORATED,B,2,2,0,2143,0.41,B ,E ,CRD 248 290TH ST,CRD 281160TH AVE EJ,Daylight,Motor Vehicle in Transport,1,60,Sat     ,0,0,0,0,0,0,0,0,0,0,0,0,0,0,0,1,0,0,0,0,1,0,0,1,0,39.96985,-91.83123,0,02/15/2020,13:50:00,VEHICLE 1 AND VEHICLE 2 MET AT THE TOP OF A HILLIEST AND IMPACTED HEAD-ON COMING TO REST IN THE CENTER OF THE ROADWAY.
941365,3200004577,Missouri State Highway Patrol-Troop D,1581724800000,200086449,2,0,2,0,Personal Injury,DALLAS,NON-CITY OR UNINCORPORATED,D,2,2,0,807,0.15,B ,N,US 65,CRD DAVISON DR,Dark-Unlighted,Motor Vehicle in Transport,1,60,Sat     ,0,0,0,0,1,1,1,1,0,0,0,0,0,0,0,1,0,0,0,0,0,0,0,0,0,37.73371,-93.13043,0,02/15/2020,18:10:00,OCCURRED AS VEH1 STRUCK VEH2 HEAD ON.