objectid,accident,agency,inv_date,complaint,injured,killed,min_inj,dis_inj,severity,county,city,troop,no_vehicle,motor_veh,left_scene,dist_feet,dist_mile,inter_loc,direction,on_street,at_street,light_cond,acc_type,on_off_rd,two_veh,day_week,dr_drink,dr_drug,ped_drink,ped_drug,speed,dr_under21,dr_under25,dr_over55,dr_over64,electrical,emer_veh,stop_sign,yield_sign,czone,hazmat,aggressive,cell_phone,texting,veh_defect,school_bus,truck,motorcycle,atv,pickup,cmv,gps_lat,gps_long,severity_fatal,acc_date,acc_time,narrative
1006550,3200004358,Missouri State Highway Patrol-Troop D,1581724800000,200086493,4,0,3,1,Personal Injury,WEBSTER,NON-CITY OR UNINCORPORATED,D,3,3,0,955,0.18,B ,E ,MO 38,CRD EMERALD LOOP WJ,Dark-Unlighted,Motor Vehicle in Transport,1,61,Sat     ,0,0,0,0,0,0,0,1,1,0,0,0,0,0,0,0,0,0,1,0,1,0,0,1,0,37.35272,-92.96445,0,02/15/2020,18:35:00,OCCURRED AS VEH1 BROKE DOWN AND VEH2 STOPPED TO ASSIST. BOTH DRIVERS OF THESE VEHICLES HAD EXITED THEIR VEHICLES AND WERE STANDING NEAR THEM. VEH3 STRUCK THE REAR OF VEH1 CAUSING IT TO STRIKE VEH2 AND BOTH PEDESTRIANS.
1233330,3200004972,Missouri State Highway Patrol-Troop C,1581724800000,200086498,3,0,1,2,Personal Injury,JEFFERSON,NON-CITY OR UNINCORPORATED,C,2,2,0,469,0.09,A ,N,CRD LYNCH RD,PVT HORSESHOE TRL,Dark-Unlighted,Motor Vehicle in Transport,1,60,Sat     ,0,0,0,0,0,1,1,0,0,0,0,0,0,0,0,1,0,0,0,0,0,0,0,0,0,38.39904,-90.65224,0,02/15/2020,18:40:00,"VEHICLE #1 WAS TRAVELING SOUTHBOUND LYNCH RD. VEHICLE #2 WAS TRAVELING NORTHBOUND LYNCH RD. VEHICLE #2 TRAVELED OFF THE RIGHT SIDE OF THE ROADWAY, OVERCORRECTED, TRAVELED INTO THE NORTHBOUND LANES, AND STRUCK  VEHICLE #1 HEAD ON."
1150478,3200004158,Missouri State Highway Patrol-Troop E,1581724800000,200086804,1,0,1,0,Personal Injury,PEMISCOT,NON-CITY OR UNINCORPORATED,E,1,1,0,203,0.04,B ,N,IS 55,ERM NORTH IS 55 MILE 240,Dark-Unlighted,Fixed Object,2,,Sat     ,0,0,0,0,1,0,0,0,0,0,0,0,0,0,0,1,0,0,0,0,0,0,0,0,0,36.29725,-89.70209,0,02/15/2020,21:34:00,CRASH OCCURRED AS VEHICLE 1 RAN OFF LEFT SIDE OF ROADWAY AND STRUCK MEDIAN CABLE.   11 POST AND 217 FEET OF CABLE WERE DAMAGED
837181,3200005106,Missouri State Highway Patrol-Troop A,1581724800000,200087029,1,0,1,0,Personal Injury,CASS,ARCHIE,A,2,2,Y,135,0.03,A ,N,RP 5999,IS 49,Dark-Unlighted,Parked Motor Vehicle,2,61,Sat     ,1,0,0,0,0,0,0,0,0,0,0,0,0,0,0,1,0,0,0,0,0,0,0,0,0,38.47631,-94.34113,0,02/15/2020,22:30:00,"OCCURRED AS VEH1 TRAVELED OFF ROADWAY AND STRUCK UNOCCUPIED ABANDONED VEH2. ASSISTED BY TPR B R SIERCKS /1252/, TPR Z D DAVIDSON /288/, AND ARCHIE POLICE"
1161491,3200005364,Missouri State Highway Patrol-Troop F,1581811200000,200087195,2,0,0,2,Personal Injury,BOONE,NON-CITY OR UNINCORPORATED,F,2,2,0,73,0.01,B ,E ,IS 70,RP 1039042 EJ,Dark-Unlighted,Motor Vehicle in Transport,1,60,Sun     ,0,0,0,0,0,0,1,1,1,0,0,0,0,0,0,1,0,0,0,0,0,0,0,0,1,38.97141,-92.42411,0,02/16/2020,01:00:00,OCCURRED AS VEHICLE 1 WAS ENTERING THE INTERSTATE AND CAME TO A COMPLETE STOP AT THE BOTTOM OF THE ON RAMP. DRIVER 1 THEN TURNED WESTBOUND IN THE EASTBOUND LANES AND WAS STRUCK BY VEHICLE 2 HEAD ON. ASSISTED BY TPR T. W. DECRAMER (1321) AND THE BOONE COUNTY SHERIFFS OFFICE
940449,3200004467,Missouri State Highway Patrol-Troop D,1581811200000,200087293,3,0,3,0,Personal Injury,CHRISTIAN,NON-CITY OR UNINCORPORATED,D,2,2,0,163,0.03,B ,W ,RT AA,CRD N NICHOLAS RD,Dark-Unlighted,Motor Vehicle in Transport,1,61,Sun     ,1,,,,,0,0,0,0,0,0,0,0,0,0,,0,0,,0,0,0,0,0,0,37.08737,-93.32494,0,02/16/2020,02:56:00,NBR 1 STRUCK NBR 2 IN THE REAR
1038809,3200004222,Missouri State Highway Patrol-Troop I,1581811200000,200087296,1,0,1,0,Personal Injury,PULASKI,NON-CITY OR UNINCORPORATED,I,2,2,0,1584,0.3,B ,N,RT U,CRD BLACK JACK RD,Dark-Unlighted,Fixed Object,2,,Sun     ,0,0,0,0,0,1,1,0,0,0,0,0,0,0,0,0,0,0,0,0,1,0,0,1,0,37.99115,-92.37945,0,02/16/2020,03:10:00,"OCCURRED AS VEHICLE 1 TRAVELED OFF THE NORTH SIDE OF ROADWAY STRUCK A DITCH, OVERTURNED AND STRUCK A PARKED VEHICLE. VEHICLE 1 THEN CAME TO REST ON THE NORTH SIDE OF HWY U.  ASSISTED BY PULASKI COUNTY SHERIFFS OFFICE"
1171009,3200004645,Missouri State Highway Patrol-Troop F,1581811200000,200087316,2,0,2,0,Personal Injury,MORGAN,NON-CITY OR UNINCORPORATED,F,1,1,0,174,0.03,B ,S ,MO 135,CRD RAINDROP DR,Dark-Unlighted,Fixed Object,2,,Sun     ,1,0,0,0,0,0,1,0,0,0,0,0,0,0,0,0,0,0,0,0,0,0,0,0,0,38.66268,-93.03493,0,02/16/2020,04:27:00,CRASH OCCURRED AS VEHICLE 1 TRAVELED OFF RIGHT SIDE OF ROADWAY STRUCK A CHEVRON SIGN AND A UTILITY POLE BEFORE OVERTURNING. ASSISTED BY CPL. S.S. GATES (552)
1299795,3200004592,Missouri State Highway Patrol-Troop C,1581811200000,200088392,1,0,1,0,Personal Injury,ST. CHARLES,WENTZVILLE,C,1,1,0,174,0.03,A ,E ,IS 70,ERM EAST IS 70 MILE 2114,Daylight,Fixed Object,2,,Sun     ,0,0,0,0,0,0,0,0,0,0,0,0,0,0,0,1,0,0,0,0,0,0,0,0,0,38.80592,-90.8196,0,02/16/2020,17:00:00,"VEHICLE #1 WAS TRAVELING ON I-70 EASTBOUND. DRIVER #1 WAS FOLLOWING AN UNKNOWN VEHICLE TOO CLOSELY, AND THE UNKNOWN VEHICLE HIT THE BRAKES. DRIVER #1 SWERVED TO THE LEFT AND VEHICLE #1 TRAVELED OFF THE ROADWAY. VEHICLE #1 STRUCK A CONCRETE MEDIAN WALL,  RETURNED TO THE ROADWAY, TRAVELED OFF THE RIGHT SIDE OF THE ROADWAY, STRUCK A CHAIN LINK FENCE, AND OVERTURNED."
1258825,3200004867,Missouri State Highway Patrol-Troop C,1581811200000,200088395,1,0,1,0,Personal Injury,ST. LOUIS,NON-CITY OR UNINCORPORATED,C,2,2,0,327,0.06,A ,E ,IS 44,ERM EAST IS 44 MILE 2708,Daylight,Motor Vehicle in Transport,2,64,Sun     ,0,0,0,0,1,0,0,0,0,0,0,0,0,0,1,1,0,0,1,0,0,0,0,0,1,38.53115,-90.52644,0,02/16/2020,16:55:00,VEHICLE 1 WAS EASTBOUND IN LANE 2 AND SUFFERED MECHANICAL FAILURE.  VEHICLE 2 WAS EASTBOUND IN LANE 3. DRIVER 1 LOST CONTROL OF VEHICLE 1 AND STRUCK THE LEFT SIDE OF VEHICLE 2.
1155423,3200004626,Missouri State Highway Patrol-Troop E,1581897600000,200089383,1,0,1,0,Personal Injury,SCOTT,NON-CITY OR UNINCORPORATED,E,1,1,0,1584,0.3,B ,N,US 61,CRD 222,Daylight,Fixed Object,2,,Mon     ,0,0,0,0,0,0,0,0,0,0,0,0,0,0,0,1,0,0,0,0,1,0,0,1,0,37.14069,-89.5526,0,02/17/2020,10:15:00,CRASH OCCURRED AS VEHICLE ONE TRAVELED OFF THE LEFT SIDE OF THE ROADWAY AND STRUCK A TREE
918802,3200004415,Missouri State Highway Patrol-Troop D,1581897600000,200089452,1,0,1,0,Personal Injury,LAWRENCE,NON-CITY OR UNINCORPORATED,D,2,2,0,92,0.02,A ,E ,IS 44,ERM EAST IS 44 MILE 572,Daylight,Motor Vehicle in Transport,1,61,Mon     ,0,0,0,0,0,0,0,1,1,0,0,0,0,0,0,1,0,0,0,0,0,0,0,0,1,37.18072,-93.65279,0,02/17/2020,11:00:00,VEHICLE #1 WAS TRAVELING EASTBOUND IN THE RIGHT LANE AT A SLOWER SPEED AND WAS STRUCK IN THE REAR BY VEHICLE #2
1289029,3200004612,Missouri State Highway Patrol-Troop C,1581897600000,200089692,1,0,1,0,Personal Injury,PIKE,NON-CITY OR UNINCORPORATED,C,2,2,0,0,0,AT,E ,RT B,CRD 122,Daylight,Motor Vehicle in Transport,1,60,Mon     ,0,0,0,0,0,0,0,1,0,0,0,0,0,0,0,1,0,0,0,0,1,0,0,1,1,39.49673,-91.22041,0,02/17/2020,13:15:00,VEHICLE 2 TURNED LEFT ONTO PIKE 122 AND FAILED TO YIELD TO VEHICLE 1. VEHICLE 2 STRUCK VEHICLE 1 HEAD-ON.  ASSISTED BY MSGT. S. A. MILLER (1184) AND TPR. J. M. CONRAD (237)
1040630,3200004573,Missouri State Highway Patrol-Troop I,1581897600000,200089888,1,0,1,0,Personal Injury,CRAWFORD,NON-CITY OR UNINCORPORATED,I,2,2,0,10,0,B ,E ,MO 8,CRD CENTER POINT EJ,Daylight,Motor Vehicle in Transport,1,61,Mon     ,0,0,0,0,0,0,0,0,0,0,0,0,0,0,0,1,0,0,0,0,1,0,0,1,0,37.96834,-91.27845,0,02/17/2020,15:20:00,THE CRASH OCCURRED AS VEHICLE 1 WAS STOPPED TO MAKE A LEFT TURN AND WAS STRUCK IN THE REAR BY VEHICLE 2.
1261928,3200005505,Missouri State Highway Patrol-Troop C,1581897600000,200090146,1,0,1,0,Personal Injury,ST. LOUIS,TOWN AND COUNTRY,C,3,3,0,5,0,B ,W ,CST NORTH FORTY DRIVE,CST MARYVILLE UNIVERSITY DR,Daylight,Motor Vehicle in Transport,1,63,Mon     ,0,0,0,0,0,0,0,1,1,0,0,0,0,0,0,1,0,0,0,0,0,0,0,0,0,38.6416,-90.5061,0,02/17/2020,17:26:00,"VEHICLE 2 FAILED TO YIELD TO VEHICLE 1 WHILE MAKING A RIGHT,  STRIKING VEHICLE 1 ON ITS PASSENGER SIDE. VEHICLE 1 THEN STRUCK VEHICLE 2 AND OVERTURNED."
1205756,3200004501,Missouri State Highway Patrol-Troop F,1581897600000,200090342,1,0,1,0,Personal Injury,MILLER,NON-CITY OR UNINCORPORATED,F,1,1,0,0,0,AT,W ,RT A,RT PP,Dark-Unlighted,Fixed Object,2,,Mon     ,0,0,0,0,1,0,0,1,1,0,0,1,0,0,0,1,0,0,0,0,1,0,0,1,0,38.1902,-92.32561,0,02/17/2020,20:01:00,VEHICLE TRAVELED THROUGH A THREE-WAY JUNCTION AT A HIGH RATE OF SPEED.  VEHICLE 1 RAN OFF THE ROADWAY AND STRUCK A TREE.  ASSISTED BY TPR R.R. DOWD (932)  CRASH REPORT WAS MODIFIED TO SHOW DRIVER 1 SUSTAINED MODERATE INJURIES.
1121067,3200004438,Missouri State Highway Patrol-Troop E,1581897600000,200090460,2,0,2,0,Personal Injury,IRON,NON-CITY OR UNINCORPORATED,E,1,1,0,63,0.01,B ,S ,CRD 103,CST MAPLE STREET,Dark-Unlighted,Fixed Object,2,,Mon     ,0,0,0,0,1,1,1,0,0,0,0,0,0,0,0,1,0,0,0,0,0,0,0,0,0,37.61858,-90.64478,0,02/17/2020,21:10:00,CRASH OCCURRED AS VEHICLE 1 RAN OFF ROADWAY AND OVERTURNED.
1509387,3200004845,Missouri State Highway Patrol-Troop H,1581897600000,200090483,1,0,1,0,Personal Injury,NODAWAY,NON-CITY OR UNINCORPORATED,H,1,1,Y,0,0,AT,E ,CRD 220TH,CRD IMPERIAL,Dark-Unlighted,Fixed Object,2,,Mon     ,1,0,0,0,1,0,0,0,0,0,0,0,0,0,0,1,0,0,0,0,0,0,0,0,0,0,0,0,02/17/2020,21:10:00,"CRASH OCCURRED AS VEH 1 WAS EASTBOUND ON 222ND STREET.  DVR 1 FAILED TO NEGOTIATE A TURN AT AN INTERSECTION.  VEH 1 TRAVELED THROUGH THE INTERSECTION, OVER AN EMBANKMENT, AND STRUCK A FENCE. VEH 1  CAME TO REST ON ITS WHEELS FACING EAST.  ASSISTED BY SGT T. B. ZIEGLER (1268) AND NODAWAY COUNTY SHERIFF'S DEPARTMENT."
939928,3200004468,Missouri State Highway Patrol-Troop D,1581897600000,200090551,1,0,1,0,Personal Injury,CHRISTIAN,NON-CITY OR UNINCORPORATED,D,2,2,0,0,0,AT,W ,US 160,RT CC,Dark-Lighted,Motor Vehicle in Transport,1,64,Mon     ,0,0,0,0,0,1,1,0,0,1,0,0,0,0,0,1,0,0,0,0,0,0,0,0,0,37.08377,-93.29864,0,02/17/2020,23:00:00,VEHICLE 1 TURNED LEFT IN THE THE PATH OF VEHICLE 2.
918801,3200004745,Missouri State Highway Patrol-Troop D,1581897600000,200090604,4,0,1,3,Personal Injury,LAWRENCE,NON-CITY OR UNINCORPORATED,D,2,2,0,0,0,AT,S ,MO 97,MO 96,Dark-Unlighted,Motor Vehicle in Transport,1,64,Mon     ,0,0,0,0,0,0,0,0,0,0,0,1,0,0,0,1,0,0,0,0,0,0,0,0,0,37.19096,-93.94701,0,02/17/2020,00:50:00,VEHICLE 1 PULLED INTO THE PATH OF VEHICLE 2 CAUSING VEHICLE 2 TO OVERTURN.
1194522,3200005603,Missouri State Highway Patrol-Troop B,1581984000000,200090724,2,0,0,2,Personal Injury,RALLS,NON-CITY OR UNINCORPORATED,B,3,3,0,390,0.07,A ,S ,CRD NEW LONDON GRAVEL,CST NEW LONDON GRAVEL,Daylight,Motor Vehicle in Transport,1,63,Tue     ,0,1,0,0,0,1,1,0,0,0,1,0,0,0,0,1,0,0,0,0,0,0,0,0,0,39.67676,-91.40534,0,02/18/2020,07:24:00,"INJURY PATROL CAR ACCIDENT - P#18479 - 32,184 MILES - FRONT END DAMAGE - $5,000 DAMAGE - VEHICLE 02 STRUCK VEHICLE 03, RAN OFF THE ROADWAY AND STRUCK STATIONARY VEHICLE 01.  ASSISTED BY SGT KEMPKE #982 WITH CRASH TEAM 2, TPR HENRY #1372, RALLS COUNTY SHERIFF'S DEPARTMENT AND HANNIBAL POLICE DEPARTMENT."
1233356,3200004352,Missouri State Highway Patrol-Troop C,1581984000000,200090794,2,0,1,1,Personal Injury,JEFFERSON,NON-CITY OR UNINCORPORATED,C,2,2,0,0,0,AT,N,MO 21,MO 110,Daylight,Motor Vehicle in Transport,1,64,Tue     ,0,0,0,0,0,0,0,1,0,0,0,0,0,0,0,1,0,0,0,0,1,0,0,1,0,38.17312,-90.56564,0,02/18/2020,08:00:00,VEHICLE 1 MADE A LEFT TURN INTO THE PATH OF VEHICLE 2.  THE FRONT OF VEHICLE 2 STRUCK THE RIGHT SIDE OF VEHICLE 1.
1285617,3200005538,Missouri State Highway Patrol-Troop C,1581984000000,200090836,2,0,1,1,Personal Injury,ST. FRANCOIS,NON-CITY OR UNINCORPORATED,C,2,2,0,0,0,AT,N,US 67,RT H,Daylight,Motor Vehicle in Transport,1,64,Tue     ,0,0,0,0,0,0,0,0,0,0,0,0,1,0,0,1,0,0,0,0,1,0,0,1,0,37.72971,-90.42723,0,02/18/2020,08:20:00,VEHICLE #1 WAS TRAVELING EASTBOUND ON ROUTE H.  VEHICLE #2 WAS TRAVELING NORTHBOUND ON US 67.  VEHICLE 1 CROSSED INTO THE PATH OF VEHICLE 2.
918804,3200005295,Missouri State Highway Patrol-Troop D,1581984000000,200090972,2,1,0,2,Fatal,LAWRENCE,NON-CITY OR UNINCORPORATED,D,2,2,0,5,0,B ,E ,MO 96,BRIDGE A0597,Daylight,Fixed Object,2,,Tue     ,0,1,0,0,1,0,0,1,1,0,0,0,0,0,0,1,0,0,0,0,1,0,0,1,0,37.18984,-93.6867,1,02/18/2020,09:25:00,FATALITY ACCIDENT - NEXT OF KIN NOTIFIED - THIS IS TROOP D'S 12TH FATALITY CRASH FOR 2020 - OCCURRED AS #1 CROSSED THE CENTERLINE AND STRUCK #2 HEADON.  AS REQUIRED BY LAW THE SURVIVING DRIVER WAS TESTED FOR ALCOHOL.  DECEASED WAS PRONOUNCED BY LAWRENCE COUNTY CORONER SCOTT LAKIN AT 0950 ON 02/18.
1212167,3200005989,Missouri State Highway Patrol-Troop C,1581984000000,200091203,1,0,1,0,Personal Injury,WASHINGTON,NON-CITY OR UNINCORPORATED,C,1,1,0,359,0.07,A ,N,MO 21,CRD SETTLES RD,Daylight,Fixed Object,2,,Tue     ,1,0,0,0,0,1,1,0,0,0,0,0,0,0,0,0,0,0,0,0,1,0,0,1,0,38.03008,-90.75512,0,02/18/2020,11:20:00,VEHICLE #1 TRAVELED OFF THE WEST SIDE OF THE ROADWAY STRIKING A DITCH.
1285616,3200005550,Missouri State Highway Patrol-Troop C,1581984000000,200091522,2,0,2,0,Personal Injury,ST. FRANCOIS,NON-CITY OR UNINCORPORATED,C,4,4,0,712,0.13,B ,N,US 67,CRD WEIBLE,Daylight,Motor Vehicle in Transport,1,64,Tue     ,0,0,0,0,0,0,0,1,1,0,0,0,0,0,0,1,0,0,0,0,0,0,0,0,0,37.89455,-90.51024,0,02/18/2020,14:20:00,VEHICLE 1 MADE A UNSAFE LANE CHANGE TO LANE 1 AND STRUCK VEHICLE 2. VEHICLE 3 SWERVED TO AVOID THE COLLISION AND STRUCK THE MEDIAN. THE FRONT OF VEHICLE 4 STRUCK THE REAR OF VEHICLE 3.
1047957,3200004859,Missouri State Highway Patrol-Troop I,1581984000000,200091712,0,0,0,0,Property Damage,CRAWFORD,WEST SULLIVAN,I,2,2,0,156,0.03,A ,W ,IS 44,ERM WEST IS 44 MILE 2234,Daylight,Motor Vehicle in Transport,1,60,Tue     ,1,0,0,0,0,1,1,0,0,0,0,0,0,0,0,1,0,0,0,0,0,0,0,0,0,38.19513,-91.18554,0,02/18/2020,15:53:00,"OCCURRED AS VEHICLE 1 SUDDENLY APPLIED THE BRAKES , VEHICLE 2 CHANGED LANES TO AVOID A COLLISION LOST CONTROL SKIDDED SIDEWAY . VEHICLE 1 THEN COLLIDED WITH VEHICLE 2 AND BOTH VEHICLES CAME TO REST IN THE MEDIAN ASSISTED BY TPR J L DUNMIRE ( 244)"
865442,3200004858,Missouri State Highway Patrol-Troop A,1581984000000,200091882,1,0,1,0,Personal Injury,PETTIS,NON-CITY OR UNINCORPORATED,A,1,1,0,145,0.03,B ,W ,RT Y,BRIDGE L0520,Daylight,Fixed Object,2,,Tue     ,1,0,0,0,0,0,0,1,1,0,0,0,0,0,0,0,0,0,0,0,0,0,0,0,0,38.70342,-93.37254,0,02/18/2020,17:00:00,CRASH OCCURRED AS VEHICLE 1 TRAVELED OFF THE RIGHT SIDE OF THE ROADWAY STRIKING A CONCRETE CULVERT AND A SIGN.  ASSISTED BY TPR W C GROSE /280/
1300839,3200004716,Missouri State Highway Patrol-Troop C,1581984000000,200092114,1,0,1,0,Personal Injury,ST. CHARLES,WEST ALTON,C,1,1,0,105,0.02,B ,N,US 67,CST RED SCHOOL RD,Dark-Unlighted,Fixed Object,2,,Tue     ,0,0,0,0,1,0,0,1,0,0,0,0,0,0,0,1,0,0,0,0,0,0,0,0,0,38.85423,-90.22804,0,02/18/2020,19:33:00,"VEHICLE 1 WAS TRAVELING NORTHBOUND ON US-67, TRAVELED OFF THE LEFT SIDE OF THE ROADWAY, STRUCK AN EMBANKMENT, AND OVERTURNED. ASSISTED BY ST. CHARLES COUNTY PD OFFICER AND TPR. Q. H. HOOKS (373)."
846524,3200005179,Missouri State Highway Patrol-Troop A,1582070400000,200092546,2,0,2,0,Personal Injury,JOHNSON,NON-CITY OR UNINCORPORATED,A,2,2,0,0,0,AT,W ,US 50,RT Z,Daylight,Motor Vehicle in Transport,1,64,Wed     ,0,0,0,0,0,0,1,0,0,0,0,1,0,0,0,1,0,0,0,0,0,0,0,0,0,38.86843,-94.05962,0,02/19/2020,07:30:00,"CRASH OCCURRED AS VEHICLE 1 ATTEMPTED TO CROSS THE WESTBOUND LANES IN FRONT OF VEHICLE 2, CAUSING VEHICLE 2 TO STRIKE THE LEFT SIDE OF VEHICLE 1. ASSISTED BY TPR D D WOHLER/1394"
859148,3200004977,Missouri State Highway Patrol-Troop A,1582070400000,200092765,1,0,1,0,Personal Injury,JACKSON,BLUE SPRINGS,A,2,2,0,411,0.08,A ,W ,IS 70,ERM WEST IS 70 MILE 214,Daylight,Motor Vehicle in Transport,1,61,Wed     ,0,0,0,0,0,0,0,1,0,0,0,0,0,0,0,1,0,0,0,0,1,0,0,1,1,39.02837,-94.25544,0,02/19/2020,09:10:00,"CRASH OCCURRED AS VEHICLE 2 SLOWED FOR TRAFFIC AND VEHICLE 1 STRUCK THE BACK OF VEHICLE 2.  ASSISTED BY CPL. C.S. KUTZNER/ 462, CPL A.A ENGELHART/ 247, MSGT. R. S. SMITH/ 691, TRP. W. J. LUZENKO/ 1340, TPR. B.W. MONTGOMERY/ 1348, BLUE SPRINGS PD"
1511457,3200004952,Missouri State Highway Patrol-Troop H,1582070400000,200093127,2,0,1,1,Personal Injury,BUCHANAN,NON-CITY OR UNINCORPORATED,H,2,2,0,410,0.08,B ,N,US 59,CST SW CONTRARY CREEK ROAD,Daylight,Motor Vehicle in Transport,1,60,Wed     ,0,0,0,0,0,0,0,1,1,0,0,0,0,0,0,1,0,0,0,0,1,0,0,1,1,39.68614,-94.89843,0,02/19/2020,12:03:00,"CRASH OCCURRED AS VEH 1 WAS SOUTHBOUND ON US 59. VEH 2 WAS NORTHBOUND ON US 59. DVR 1 FAILED TO DRIVE ON THE RIGHT HALF OF THE  ROADWAY AND CROSSED THE CENTER LINE AND STRUCK VEH 2 WITH FRONT BUMPER. VEH 2 CAME TO REST OFF NORTHBOUND SHOULDER FACING NORTH. VEH 1 TRAVELED OFF THE SOUTHBOUND SIDE OF THE SHOULDER AND CAME TO REST ON ITS WHEELS FACING NORTH. ASSISTED BY SGT. C.B. ROOT (1257), TPR. S.J. FORCE (316), AND BUCHANAN COUNTY."
1155426,3200006154,Missouri State Highway Patrol-Troop E,1582070400000,200093316,0,1,0,0,Fatal,SCOTT,NON-CITY OR UNINCORPORATED,E,2,2,0,253,0.05,A ,N,IS 57,ERM NORTH IS 57 MILE 10,Daylight,Motor Vehicle in Transport,1,61,Wed     ,0,0,0,0,0,0,0,1,1,0,1,0,0,0,0,0,0,0,0,0,1,0,0,0,1,36.87943,-89.51614,1,02/19/2020,13:20:00,"FATALITY CRASH - NEXT OF KIN NOTIFIED - PRONOUNCED BY DR. BURGER AT ST. FRANCIS MEDICAL CENTER CAPE GIRARDEAU, MO. AT 1629 HOURS. CRASH OCCURRED AS VEHICLE 2 WAS STOPPED ON ROADWAY, WITH EMERGENCY LIGHTS ACTIVATED, WHILE SIKESTON DPS FIREFIGHTERS TENDED TO A GRASS FIRE. VEHICLE 1 WAS NORTHBOUND AND STRUCK VEHICLE 2 IN THE REAR. TROOP E 2020 FATALITY #4"
1020372,3200004764,Missouri State Highway Patrol-Troop D,1582070400000,200093756,3,0,3,0,Personal Injury,HICKORY,NON-CITY OR UNINCORPORATED,D,2,2,0,50,0.01,B ,S ,US 65,CRD 220,Daylight,Motor Vehicle in Transport,1,61,Wed     ,0,0,0,0,0,1,1,0,0,0,0,0,0,0,0,1,0,0,0,0,0,0,0,0,0,37.90438,-93.18803,0,02/19/2020,16:55:00,VEHICLE #1 OVERTOOK VEHICLE #2 AND STRUCK IT IN THE REAR.
883510,3200004905,Missouri State Highway Patrol-Troop A,1582070400000,200094275,2,0,2,0,Personal Injury,BATES,NON-CITY OR UNINCORPORATED,A,2,2,0,2640,0.5,B ,N,LP 49,RT TT,Dark-Unlighted,Motor Vehicle in Transport,1,64,Wed     ,0,0,0,0,0,0,0,0,0,0,1,0,0,0,0,1,0,0,0,0,0,0,0,0,0,38.28583,-94.34365,0,02/19/2020,22:46:00,OCCURRED AS VEH2 SLOWED AND PULLED TO THE SHOULDER OF ROADWAY. VEH2 THEN REENTERED ROADWAY WITH EMERGENCY LIGHTS ACTIVATED TO COMPLETE A U-TURN BACK ONTO THE ROADWAY AND WAS STRUCK BY VEH1 ON DRIVER'S SIDE. ASSISTED BY BATES COUNTY DEPUTIES
883512,3200004646,Missouri State Highway Patrol-Troop A,1582156800000,200094908,1,0,1,0,Personal Injury,BATES,NON-CITY OR UNINCORPORATED,A,1,1,0,1335,0.25,B ,E ,RT A,CRD RTA TO CRD SW 13007,Daylight,Fixed Object,2,,Thu     ,0,0,0,0,1,1,1,0,0,0,0,0,0,0,0,1,0,0,0,0,1,0,0,1,0,38.07421,-94.59707,0,02/20/2020,09:40:00,CRASH OCCURRED AS VEH 1 WAS EASTBOUND ON ROUTE A.  VEH 1 RAN OFF THE RIGHT SIDE OF THE ROADWAY AND STRUCK A FENCE.
954450,3200005361,Missouri State Highway Patrol-Troop D,1582156800000,200095068,1,0,1,0,Personal Injury,GREENE,NON-CITY OR UNINCORPORATED,D,2,2,Y,0,0,AT,S ,RT PP,RT K SJ,Daylight,Motor Vehicle in Transport,1,64,Thu     ,0,0,0,0,0,0,0,1,0,0,0,1,0,0,0,1,0,0,0,0,0,0,0,0,0,37.18547,-93.56929,0,02/20/2020,11:40:00,VEHICLE #1 FAILED TO YIELD TO VEHICLE #2 AT AN INTERSECTION AND STRUCK VEHICLE #2 ON THE PASSENGER SIDE.
1169475,3200004674,Missouri State Highway Patrol-Troop F,1582156800000,200095081,1,0,1,0,Personal Injury,MONITEAU,TIPTON,F,2,2,0,1821,0.34,B ,S ,RT B,CST OSAGE AVE NJ,Daylight,Motor Vehicle in Transport,2,61,Thu     ,0,0,0,0,0,0,0,0,0,0,0,0,0,0,0,1,0,0,0,0,1,0,0,1,1,38.67031,-92.77849,0,02/20/2020,12:37:00,"OCCURRED AS VEHICLE 2 WAS YIELDING TO MONITEAU COUNTY SHERIFF'S DEPARTMENT, AND VEHICLE 1 TRAVELED OFF THE RIGHT SIDE OF THE ROADWAY STRIKING VEHICLE 2"
1161511,3200007221,Missouri State Highway Patrol-Troop F,1582156800000,200095420,11,0,10,1,Personal Injury,BOONE,NON-CITY OR UNINCORPORATED,F,2,2,0,976,0.18,A ,S ,RT Z,CRD JUDY SCHOOL RD,Daylight,Motor Vehicle in Transport,1,60,Thu     ,0,0,0,0,0,0,0,1,1,0,0,0,0,0,0,1,0,0,0,1,0,0,0,0,1,39.0043,-92.18706,0,02/20/2020,14:55:00,CRASH OCCURRED AS VEHICLE 1 TRAVELED NORTHBOUND ACROSS THE CENTER LINE AND COLLIDED WITH VEHICLE 2 IN SOUTH BOUND LANE. AFTER COLLUSION BOTH VEHICLES TRAVELED OFF ROADWAY ASSISTED BY SGT. S. B. JOHNSON (797)TPR. J. D. CONRAD (243)
1251572,3200005069,Missouri State Highway Patrol-Troop C,1582156800000,200095448,2,0,2,0,Personal Injury,FRANKLIN,NON-CITY OR UNINCORPORATED,C,2,2,0,14,0,B ,W ,RT O,CRD CALVEY CREEK RD,Daylight,Motor Vehicle in Transport,1,61,Thu     ,0,0,0,0,0,1,1,1,0,0,0,0,0,0,0,0,0,0,0,0,0,0,0,0,0,38.41341,-90.79326,0,02/20/2020,15:05:00,VEHICLE 2 WAS STOPPED AND WAITING FOR TRAFFIC TO MAKE A LEFT TURN. THE FRONT OF VEHICLE 1 STRUCK THE REAR OF VEHICLE 2.