objectid,accident,agency,inv_date,complaint,injured,killed,min_inj,dis_inj,severity,county,city,troop,no_vehicle,motor_veh,left_scene,dist_feet,dist_mile,inter_loc,direction,on_street,at_street,light_cond,acc_type,on_off_rd,two_veh,day_week,dr_drink,dr_drug,ped_drink,ped_drug,speed,dr_under21,dr_under25,dr_over55,dr_over64,electrical,emer_veh,stop_sign,yield_sign,czone,hazmat,aggressive,cell_phone,texting,veh_defect,school_bus,truck,motorcycle,atv,pickup,cmv,gps_lat,gps_long,severity_fatal,acc_date,acc_time,narrative
1040631,3200005124,Missouri State Highway Patrol-Troop I,1582156800000,200095486,2,0,1,1,Personal Injury,CRAWFORD,NON-CITY OR UNINCORPORATED,I,1,1,0,227,0.04,B ,E ,IS 44,ERM EAST IS 44 MILE 2022,Daylight,Fixed Object,2,,Thu     ,0,0,0,0,0,0,0,1,0,0,0,0,0,0,0,0,0,0,0,0,1,0,0,1,0,38.03896,-91.51236,0,02/20/2020,15:26:00,"OCCURRED AS VEH 1 TRAVELED OFF THE LEFT SIDE OF THE ROAD AND THE DRIVER OVERCORRECTED. VEH 1 CROSSED BOTH LANES, TRAVELED OFF THE RIGHT SIDE OF THE ROADWAY, CROSSED THE SOUTH OUTER ROAD, STRUCK A FENCE AND A METAL GATE."
1251774,3200005072,Missouri State Highway Patrol-Troop C,1582156800000,200095626,1,0,1,0,Personal Injury,FRANKLIN,NON-CITY OR UNINCORPORATED,C,2,2,0,0,0,AT,W ,RT T,CST FRONT STREET,Daylight,Motor Vehicle in Transport,1,64,Thu     ,0,0,0,0,0,1,1,0,0,0,0,1,0,0,0,1,0,0,0,0,1,0,0,1,1,38.52765,-90.84872,0,02/20/2020,16:33:00,VEHICLE 1 FAILED TO YIELD AT STOP SIGN AND ATTEMPTED TO CROSS ROADWAY AND PULLED INTO THE PATHWAY OF VEHICLE #2.
1285619,3200005514,Missouri State Highway Patrol-Troop C,1582243200000,200096367,1,0,1,0,Personal Injury,ST. FRANCOIS,NON-CITY OR UNINCORPORATED,C,5,5,0,588,0.11,B ,E ,MO 32,CRD OLD BISMARK RD,Dark-Unlighted,Fixed Object,2,,Fri     ,1,0,0,0,1,0,0,0,0,0,0,0,0,0,0,1,0,0,0,0,1,0,0,1,1,37.81371,-90.57493,0,02/21/2020,05:20:00,"VEHICLE 1 TRAVELED OFF THE RIGHT SIDE OF THE ROADWAY AND STRUCK A SIGN. VEHICLE 1 THEN TRAVELED ACROSS OLD BISMARCK RD, OVER A DITCH, STRUCK AN EMBANKMENT, OVERTURNED, AND STRUCK FOUR PARKED CARS IN THE LOT OF SWEENEY AUTO SALVAGE."
1282346,3200005345,Missouri State Highway Patrol-Troop C,1582243200000,200096431,3,0,3,0,Personal Injury,ST. CHARLES,O'FALLON,C,2,2,0,469,0.09,A ,E ,RT P,CST CAPRI DR,Daylight,Motor Vehicle in Transport,1,60,Fri     ,0,0,0,0,0,1,1,0,0,0,1,0,0,0,0,0,0,0,0,0,0,0,0,0,0,38.83001,-90.70202,0,02/21/2020,07:00:00,"VEHICLE #1 WAS TRAVELING WESTBOUND ON ROUTE P AND VEHICLE #2 WAS TRAVELING EASTBOUND.  VEHICLE #2 CROSSED THE CENTER LINE, TRAVELED INTO THE WESTBOUND LANE, AND THE FRONT LEFT OF VEHICLE 2 STRUCK THE FRONT LEFT OF VEHICLE #1"
1145088,3200004810,Missouri State Highway Patrol-Troop E,1582243200000,200096788,1,0,1,0,Personal Injury,NEW MADRID,NON-CITY OR UNINCORPORATED,E,1,1,0,1974,0.37,B ,N,US 61,US 62,Daylight,Fixed Object,2,,Fri     ,0,0,0,0,0,0,0,0,0,0,0,0,0,0,0,1,0,0,0,0,1,0,0,1,0,36.54944,-89.60981,0,02/21/2020,10:00:00,CRASH OCCURRED AS VEHICLE ONE RAN OFF THE LEFT SIDE OF THE ROADWAY AND STRUCK A DITCH CULVERT.
1258827,3200005501,Missouri State Highway Patrol-Troop C,1582243200000,200096881,1,0,0,1,Personal Injury,ST. LOUIS,NON-CITY OR UNINCORPORATED,C,2,2,0,52,0.01,B ,W ,IS 70,ERM WEST IS 70 MILE 2310,Daylight,Motor Vehicle in Transport,1,61,Fri     ,0,0,0,0,0,0,0,0,0,0,0,0,0,1,0,0,0,0,0,0,1,0,0,0,1,38.75938,-90.46869,0,02/21/2020,10:30:00,"VEHICLE #1 AND VEHICLE #2 WERE TRAVELING WESTBOUND ON INTERSTATE 70 IN LANE 3.  AS VEHICLE #1 AND VEHICLE #2 ENTERED A CONSTRUCTION ZONE VEHICLE #2 STOPPED ABRUPTLY.  THE FRONT OF VEHICLE #1 STRUCK THE REAR OF VEHICLE #2'S TOWED UNIT.  ASSISTED BY SGT. A.H. MICHAJLICZENKO (769), TPR. C.J. MENDEZ (1411), TPR. Q.H. HOOKS (373), TPR. A.M. COLLINS (216), TPR. S.W. WULSER (897) AND CVO R.E. FAIN (W140)"
846494,3200004667,Missouri State Highway Patrol-Troop A,1582243200000,200097259,1,0,1,0,Personal Injury,JOHNSON,NON-CITY OR UNINCORPORATED,A,2,2,0,63,0.01,B ,S ,RT WW,CRD NE 1400,Daylight,Motor Vehicle in Transport,1,61,Fri     ,0,0,0,0,0,1,1,1,0,0,0,0,0,0,0,0,0,0,0,0,1,0,0,1,1,38.5567,-93.52482,0,02/21/2020,13:25:00,CRASH OCCURRED AS VEHICLE 2 BEGAN MAKING A RIGHT TURN. VEHICLE 1 OVERTOOK AND STRUCK THE REAR OF VEHICLE 2.  ASSISTED BY TPR J S BAUGHMAN/117
1258828,3200005565,Missouri State Highway Patrol-Troop C,1582243200000,200097434,4,0,4,0,Personal Injury,ST. LOUIS,NON-CITY OR UNINCORPORATED,C,8,8,0,89,0.02,A ,W ,IS 270,ERM SOUTH IS 270 MILE 10,Daylight,Motor Vehicle in Transport,1,61,Fri     ,0,0,0,0,0,0,0,1,1,0,0,0,0,0,0,1,0,0,0,0,0,0,0,0,0,38.50809,-90.35326,0,02/21/2020,14:50:00,"VEHICLES 1-7 WERE STOPPED FOR TRAFFIC CONGESTION AHEAD. AS VEHICLE 8 APPROACHED VEHICLE 7, THE FRONT OF VEHICLE 8 STRUCK THE REAR OF VEHICLE 7.  THE FRONT OF VEHICLE 7 STRUCK THE REAR OF VEHICLE 6. THE FRONT OF VEHICLE 6 STRUCK THE REAR OF VEHICLE 5. THE FRONT OF VEHICLE 5 STRUCK THE REAR OF VEHICLE 4. THE FRONT OF VEHICLE 4 STRUCK THE REAR OF VEHICLE 3. THE FRONT OF VEHICLE 3 STRUCK THE REAR OF VEHICLE 2. THE FRONT OF VEHICLE 2 STRUCK THE REAR OF VEHICLE 1."
801482,3200005035,Missouri State Highway Patrol-Troop A,1582243200000,200097483,1,0,1,0,Personal Injury,JACKSON,LEES SUMMIT,A,2,2,0,15,0,B ,W ,IS 470,RP 904392 WJ,Daylight,Motor Vehicle in Transport,1,64,Fri     ,0,0,0,0,0,0,0,0,0,0,0,0,0,0,0,1,0,0,0,0,0,0,0,0,0,38.93427,-94.40719,0,02/21/2020,15:15:00,CRASH OCCURRED AS DRIVER 1 LOST CONTROL OF VEHICLE AND SIDE SWIPED VEH 2.  VEH 1 AND VEH 2 LEFT ROADWAY CAUSING VEH 1 TO OVERTURN.  VEH 1 CAME TO REST ON ITS TOP.  ASSISTED BY  TPR B M MONTGOMERY/1348 AND LEES SUMMIT FIRE DEPARTMENT
1177911,3200005250,Missouri State Highway Patrol-Troop F,1582243200000,200098097,1,0,1,0,Personal Injury,CAMDEN,NON-CITY OR UNINCORPORATED,F,2,2,0,3168,0.6,B ,N,CRD BOLLINGER CREEK RD,CRD CRAINSHAW,Dark-Unlighted,Motor Vehicle in Transport,1,64,Fri     ,0,0,0,0,0,0,0,0,0,0,0,0,0,0,0,1,0,0,1,0,1,0,0,1,0,38.1244,-92.95109,0,02/21/2020,20:10:00,"CRASH OCCURRED AS VEHICLE 1 EXPERIENCED MECHANICAL ISSUES, TRAVELED ACROSS THE CENTER LINE AND STRUCK VEHICLE 2."
1504708,3200004863,Missouri State Highway Patrol-Troop H,1582243200000,200098105,1,0,1,0,Personal Injury,DAVIESS,NON-CITY OR UNINCORPORATED,H,1,1,0,73,0.01,A ,E ,MO 6,US 69 EJ,Dark-Unlighted,Fixed Object,2,,Fri     ,0,0,0,0,1,1,1,0,0,0,0,1,0,0,0,1,0,0,0,0,0,0,0,0,0,39.8831,-94.1071,0,02/21/2020,20:20:00,OCCURRED AS VEHICLE 1 WAS SOUTHBOUND ON US 69. DRIVER FAILED TO STOP AT THE T-INTERSECTION OF M-6 AND STRUCK A GUARDRAIL OFF THE SIDE SIDE OF THE ROAD. VEHICLE 1 CAME TO REST ON THE GUARDRAIL OFF THE SOUTH SIDE OF M-6.
1142268,3200004846,Missouri State Highway Patrol-Troop E,1582243200000,200098384,1,0,1,0,Personal Injury,BUTLER,QULIN,E,1,1,0,533,0.1,A ,S ,MO 53,CRD 215,Dark-Lighted,Fixed Object,2,,Fri     ,1,0,0,0,0,0,0,0,0,0,0,0,0,0,0,0,0,0,0,0,0,0,0,0,0,36.60178,-90.26037,0,02/21/2020,23:00:00,CRASH OCCURRED AS VEHICLE ONE RAN OFF THE LEFT SIDE OF THE ROADWAY STRIKING AN EMBANKMENT
939929,3200004733,Missouri State Highway Patrol-Troop D,1582329600000,200098593,0,1,0,0,Fatal,CHRISTIAN,NON-CITY OR UNINCORPORATED,D,1,1,0,1378,0.26,B ,W ,US 160,CRD BERYL RD,Dark-Unlighted,Overturn,2,,Sat     ,1,0,0,0,1,0,1,0,0,0,0,0,0,0,0,1,0,0,0,0,0,0,0,0,0,36.8507,-93.31957,1,02/22/2020,02:05:00,"LATE DEATH REPORT.  THIS IS TROOP D'S 9TH FATALITY IN FEBRUARY AND THE 17TH FATALITY IN 2020.  CRASH  OCCURRED AS #1 RAN OFF THE ROADWAY, STRUCK A TREE, AND OVERTURNED.  DRIVER PRONOUNCED DECEASED ON 02-25-2020 AT 1701 HOURS BY DR JOSHUA MCELDERRY AT COX SOUTH HOSPITAL IN SPRINGFIED."
1016165,3200004941,Missouri State Highway Patrol-Troop D,1582329600000,200098604,1,0,0,1,Personal Injury,NEWTON,NON-CITY OR UNINCORPORATED,D,1,1,0,728,0.14,A ,E ,CRD CHERRY RD,CRD NIGHTHAWK RD,Dark-Unlighted,Fixed Object,2,,Sat     ,0,0,0,0,0,0,1,0,0,0,0,0,0,0,0,0,0,0,0,0,0,0,0,0,0,37.01,-94.32972,0,02/22/2020,02:30:00,"OCCURRED AS #1 RAN OFF THE ROADWAY, OVERTURNED, AND CAUGHT FIRE"
968957,3200005152,Missouri State Highway Patrol-Troop D,1582329600000,200098628,3,0,3,0,Personal Injury,BARRY,NON-CITY OR UNINCORPORATED,D,2,2,0,95,0.02,B ,N,MO 37,CRD 1085,Dark-Unlighted,Motor Vehicle in Transport,1,61,Sat     ,0,0,0,0,0,0,0,0,0,0,0,0,0,0,0,1,0,0,0,0,0,0,0,0,0,36.78601,-93.91558,0,02/22/2020,03:28:00,OCCURRED AS #2 STRUCK THE REAR OF #1.
918214,3200005355,Missouri State Highway Patrol-Troop D,1582329600000,200098725,1,1,1,0,Fatal,JASPER,NON-CITY OR UNINCORPORATED,D,1,1,0,902,0.17,A ,S ,MO 171,CRD 162,Daylight,Fixed Object,2,,Sat     ,0,0,0,0,0,0,1,0,0,0,0,0,0,0,0,0,0,0,0,0,0,0,0,0,0,37.17884,-94.34693,1,02/22/2020,07:15:00,"FATALITY REPORT-NEXT OF KIN NOTIFIED-THIS IS TROOP D'S 14TH FATALITY FOR 2020-PRONOUNCED AT SCENE 0803 HOURS BY DR ROBERTO MORAN WITH MERCY HEALTH SYSTEM-VEHICLE #1 TRAVELED OFF THE RIGHT SIDE OF THE ROADWAY AND STRUCK A TREE-AS REQUIRED BY LAW, THE SURVIVING DRIVER WAS TESTED FOR ALCOHOL"
1328701,3200004677,Missouri State Highway Patrol-Troop G,1582329600000,200099215,2,0,2,0,Personal Injury,OREGON,NON-CITY OR UNINCORPORATED,G,2,2,0,374,0.07,B ,N,RT H,BRIDGE T0471,Daylight,Motor Vehicle in Transport,1,60,Sat     ,0,0,0,0,0,1,1,1,0,0,0,0,0,0,0,0,0,0,0,0,0,0,0,0,0,36.53671,-91.25283,0,02/22/2020,11:15:00,"VEHICLE #1 RAN OFF THE RIGHT SIDE OF THE ROADWAY, OVERCORRECTED, AND STRUCK VEHICLE #2."
968958,3200004840,Missouri State Highway Patrol-Troop D,1582329600000,200099390,2,0,2,0,Personal Injury,BARRY,NON-CITY OR UNINCORPORATED,D,2,2,Y,68,0.01,B ,S ,CRD 1072,CRD 2150,Daylight,Motor Vehicle in Transport,1,60,Sat     ,0,0,0,0,0,0,1,0,0,0,0,0,0,0,0,1,0,0,0,0,1,0,0,0,1,36.71582,-93.93985,0,02/22/2020,12:30:00,VEH #2 CROSSED THE CENTERLINE AND STRUCK VEH #1 HEAD ON.
1141600,3200004735,Missouri State Highway Patrol-Troop E,1582329600000,200099515,3,0,3,0,Personal Injury,BUTLER,NON-CITY OR UNINCORPORATED,E,2,2,0,0,0,AT,W ,RT B,RT Z,Daylight,Motor Vehicle in Transport,1,64,Sat     ,0,0,0,0,0,1,1,0,0,0,0,1,0,0,0,1,0,0,0,0,1,0,0,1,0,36.76861,-90.28104,0,02/22/2020,13:50:00,CRASH OCCURRED AS VEHICLE 1 FAILED TO YIELD AT THE INTERSECTION AND DROVE INTO THE PATH OF VEHICLE 2.
1337704,3200004817,Missouri State Highway Patrol-Troop G,1582329600000,200099579,1,0,1,0,Personal Injury,SHANNON,NON-CITY OR UNINCORPORATED,G,1,1,0,1145,0.22,A ,W ,US 60,CRD 450A,Daylight,Fixed Object,2,,Sat     ,0,0,0,0,0,0,0,1,0,0,0,0,0,0,0,0,0,0,0,0,0,0,0,0,0,36.99718,-91.37639,0,02/22/2020,14:20:00,"VEHICLE #1 RAN OFF THE LEFT SIDE OF THE ROADWAY, STRUCK A TRAFFIC SIGN AND OVERTURNED."
1212181,3200005610,Missouri State Highway Patrol-Troop C,1582329600000,200099961,1,0,0,1,Personal Injury,WASHINGTON,NON-CITY OR UNINCORPORATED,C,1,1,0,1066,0.2,B ,N,RT Y,CRD BAILEY BRANCH RD,Daylight,Overturn,2,,Sat     ,1,0,0,0,0,0,0,1,0,0,0,0,0,0,0,0,0,0,0,0,1,0,0,1,0,37.80435,-91.08334,0,02/22/2020,17:25:00,"VEHICLE 1 WAS WESTBOUND ON ROUTE Y AND RAN OFF THE RIGHT EDGE OF THE ROADWAY. VEHICLE 1 RETURNED TO THE ROADWAY, OVERCORRECTED, OVERTURNED AND CONTINUED OFF THE LEFT EDGE OF THE ROADWAY"
1270471,3200005973,Missouri State Highway Patrol-Troop C,1582329600000,200100149,3,0,3,0,Personal Injury,ST. LOUIS CITY,ST LOUIS,C,3,3,0,168,0.03,A ,N,IS 55,RP 279383,Dark-Lighted,Motor Vehicle in Transport,1,61,Sat     ,1,0,0,0,0,0,1,0,0,0,0,0,0,0,0,1,0,0,0,0,1,0,0,1,0,38.60918,-90.21138,0,02/22/2020,19:15:00,"ALL VEHICLES WERE TRAVELING NORTHBOUND ON I-55. VEHICLE 1 STRUCK THE REAR OF VEHICLE 2, CAUSING VEHICLE 2 TO STRIKE VEHICLE 3. ASSISTED BY MSGT N BERRY (200), TPR G GAINES (801) AND TPR GEIER (599)."
1231695,3200004957,Missouri State Highway Patrol-Troop C,1582329600000,200100307,1,0,0,1,Personal Injury,LINCOLN,MOSCOW MILLS,C,2,2,0,126,0.02,A ,E ,RT C,RP 912537,Dark-Lighted,Motor Vehicle in Transport,1,60,Sat     ,1,0,0,0,0,0,0,1,0,1,0,0,0,0,0,1,0,0,0,0,0,1,0,0,1,38.94722,-90.92747,0,02/22/2020,20:19:00,VEHICLE 1 WAS EASTBOUND ON ROUTE C . VEHICLE 2 WAS TRAVELING WESTBOUND IN THE EASTBOUND LANES OF ROUTE C. VEHICLE 2 FAILED TO STOP AND STRUCK VEHICLE 1 HEAD ON. ASSISTED BY TPR A. T. BORGIC (192)
1300840,3200005240,Missouri State Highway Patrol-Troop C,1582416000000,200100790,1,0,0,1,Personal Injury,ST. CHARLES,WEST ALTON,C,1,1,0,823,0.16,B ,N,US 67,BRIDGE A4278,Dark-Lighted,Fixed Object,2,,Sun     ,1,0,0,0,0,0,0,1,0,0,0,0,0,0,0,1,0,0,0,0,0,0,0,0,0,38.87804,-90.1868,0,02/23/2020,01:00:00,"VEHICLE #1 WAS TRAVELING NORTHBOUND ON US-67, SOUTH OF CLARK BRIDGE. VEHICLE #1 WAS IN LANE ONE. DRIVER #1 CHANGED LANES TO THE RIGHT, LOST CONTROL OF VEHICLE #1, BEGAN TO SKID, AND WENT OFF OF THE ROADWAY TO THE RIGHT."
1508688,3200005308,Missouri State Highway Patrol-Troop H,1582416000000,200100862,1,0,1,0,Personal Injury,HOLT,NON-CITY OR UNINCORPORATED,H,1,1,0,469,0.09,A ,N,IS 29,ERM NORTH IS 29 MILE 764,Dark-Unlighted,Fixed Object,2,,Sun     ,0,1,0,0,0,1,1,0,0,0,0,0,0,0,0,1,0,0,0,0,0,0,0,0,0,40.05179,-95.15054,0,02/23/2020,02:35:00,"CRASH OCCURRED AS VEH 1 WAS TRAVELING NORTHBOUND ON I29 IN HOLT COUNTY MO. VEH 1 TRAVELED OFF THE WEST SIDE OF THE ROADWAY AND STRUCK THE EMERGENCY MEDIAN CROSSOVER. VEH 1 WENT AIRBORNE, THROUGH THE MEDIAN AND ENTERED THE SOUTHBOUND LANES. VEH 1 TRAVELED OFF THE WEST SIDE OF THE SOUTHBOUND LANES AND CAME TO REST ON ITS WHEELS FACING WEST, UP AN EMBANKMENT. ASSISTED BY TPR. L.T. MCDANIELS (630) AND HOLT COUNTY."
1509269,3200005030,Missouri State Highway Patrol-Troop H,1582416000000,200100890,1,0,1,0,Personal Injury,NODAWAY,BURLINGTON JUNCTION,H,1,1,0,54,0.01,A ,W ,US 136,CST NORTH BALLARD,Dark-Unlighted,Fixed Object,2,,Sun     ,1,0,0,0,0,0,0,0,0,0,0,0,0,0,0,1,1,0,0,0,1,0,0,1,0,40.44573,-95.0632,0,02/23/2020,04:25:00,CRASH OCCURRED AS VEH 1 WAS WESTBOUND ON US 136. VEH 1 TRAVELED OFF THE NORTH SIDE OF THE ROADWAY AND STRUCK A TREE. ASSISTED BY NODAWAY COUNTY AND WEST NODAWAY FIRE AND RESCUE.
865441,3200005504,Missouri State Highway Patrol-Troop A,1582416000000,200101215,4,0,2,2,Personal Injury,PETTIS,NON-CITY OR UNINCORPORATED,A,2,2,0,0,0,AT,N,US 65,RT J,Daylight,Motor Vehicle in Transport,1,64,Sun     ,0,0,0,0,0,0,0,1,0,0,0,1,0,0,0,1,0,0,0,0,0,0,0,0,0,38.8585,-93.21702,0,02/23/2020,09:45:00,CRASH OCCURRED AS VEH 1 WAS NORTHBOUND ON US 65.  VEH 2 WAS WESTBOUND ON ROUTE J AND ATTEMPTED TO CROSS OVER US 65. VEH 1 STRUCK VEH 2. ASSISTED BY TPR C D PARROTT /944/.
1233359,3200004831,Missouri State Highway Patrol-Troop C,1582416000000,200101404,1,0,1,0,Personal Injury,JEFFERSON,NON-CITY OR UNINCORPORATED,C,2,2,0,170,0.03,A ,N,US 67,PVT MONTAUK DRIVE,Daylight,Motor Vehicle in Transport,1,61,Sun     ,0,0,0,0,0,0,0,1,0,0,0,1,0,0,0,1,0,0,0,0,0,0,0,0,1,38.16765,-90.45025,0,02/23/2020,11:10:00,"DRIVER 1 FAILED TO YIELD TO NORTHBOUND TRAFFIC AND TURNED INTO THE PATH OF VEHICLE 2. VEHICLE 2 STRUCK VEHICLE 1 IN THE REAR. ASSISTED BY CPL. J.S. WARREN (1175), TPR. L.M. BOLTON (260), AND TPR. B.J. MAGNAN  (1343)"
1334569,3200005413,Missouri State Highway Patrol-Troop G,1582416000000,200101548,2,0,0,2,Personal Injury,WRIGHT,NON-CITY OR UNINCORPORATED,G,2,2,0,0,0,AT,E ,US 60,CRD LEAD HILL DR,Daylight,Motor Vehicle in Transport,1,64,Sun     ,0,0,0,0,0,0,0,1,1,0,0,1,0,0,0,1,0,0,0,0,0,0,0,0,0,37.11107,-92.63852,0,02/23/2020,12:29:00,OCCURRED AS VEHICLE #2 PULLED INTO THE PATH OF VEHICLE #1 -  ASSISTED BY  TPR. R.D. CREWSE (274)
1212180,3200005342,Missouri State Highway Patrol-Troop F,1582416000000,200101753,1,0,0,1,Personal Injury,COLE,NON-CITY OR UNINCORPORATED,F,1,1,0,2640,0.5,A ,S ,MO 179,BRIDGE X0483,Daylight,Overturn,1,,Sun     ,1,0,0,0,1,0,0,1,0,0,0,0,0,0,0,1,0,0,0,0,0,1,0,0,0,38.64479,-92.30015,0,02/23/2020,13:35:00,DRIVER 1 FAILED TO NEGOTIATE A CURVE AND LAID VEHICLE 1 DOWN. VEHICLE 1 THEN SLID OFF THE RIGHT SIDE OF THE ROADWAY AND OVERTURNED. ASSISTED BY THE COLE COUNTY SHERIFF'S OFFICE.
968959,3200005122,Missouri State Highway Patrol-Troop D,1582416000000,200102213,7,0,4,3,Personal Injury,BARRY,NON-CITY OR UNINCORPORATED,D,2,2,0,0,0,AT,S ,MO 39,CRD 2010,Dark-Unlighted,Motor Vehicle in Transport,1,64,Sun     ,1,0,0,0,0,1,1,0,0,0,0,1,0,0,0,1,0,0,0,0,1,0,0,1,0,36.91109,-93.71949,0,02/23/2020,17:35:00,"CRASH OCCURRED AS VEHICLE 1 WAS SOUTHBOUND ON MO 39.  VEHICLE 2 WAS WESTBOUND ON COUNTY ROAD AND FAILED TO STOP FOR A STOP SIGN AND STRUCK VEHICLE 1 IN THE FRONT DRIVER SIDE.  BOTH VEHICLES RAN OFF THE HIGHWAY AND OCCUPANTS OF VEHICLE 2 WERE EJECTED.  ASSISTED BY TPR R.W. PACE #1399, CPL T.A. BADGETT #256, AND TPR C. BECK #146."
1232418,3200006952,Missouri State Highway Patrol-Troop C,1582416000000,200102225,1,0,1,0,Personal Injury,JEFFERSON,ARNOLD,C,1,1,0,211,0.04,A ,N,RP 228697,IS 55,Dark-Lighted,Fixed Object,2,,Sun     ,1,0,0,0,1,0,1,0,0,0,0,0,0,0,0,1,0,0,0,0,0,0,0,0,0,38.41246,-90.38889,0,02/23/2020,17:55:00,"DRIVER 1 MADE AN ABRUPT LANE CHANGE FROM LANE 1 TO LANE 4 AT THE RICHARDSON EXIT.  VEHICLE 1 TRAVELED OFF THE RIGHT SIDE OF ROADWAY, STRUCK SEVERAL SIGNS AND A ROCK EMBANKMENT.  ASSISTED BY TPR. D.A. CROWELL (414)"
1038779,3200005272,Missouri State Highway Patrol-Troop I,1582416000000,200102240,1,0,1,0,Personal Injury,PULASKI,NON-CITY OR UNINCORPORATED,I,1,1,0,332,0.06,A ,E ,IS 44,CRD TROPHY LANE,Daylight,Fixed Object,2,,Sun     ,1,1,0,0,0,0,0,0,0,0,0,0,0,0,0,0,0,0,0,0,0,0,0,0,0,37.86188,-92.06054,0,02/23/2020,17:45:00,OCCURRED AS VEHICLE 1  TRAVELED OFF THE NORTH SIDE OF THE ROADWAY AND STRUCK THE GUARDRAIL CAUSING THE VEHICLE TO CATCH FIRE. ASSISTED BY MSGT G A WEDDLE (744) TPR N A SMITH (1376)
801483,3200005053,Missouri State Highway Patrol-Troop A,1582416000000,200102320,1,0,1,0,Personal Injury,JACKSON,LEES SUMMIT,A,4,4,0,380,0.07,A ,W ,IS 470,ERM SOUTH IS 470 MILE 156,Dark-Unlighted,Motor Vehicle in Transport,1,61,Sun     ,0,0,0,0,0,0,0,1,0,0,0,0,0,0,0,1,0,0,0,0,0,0,0,0,0,39.02472,-94.36042,0,02/23/2020,18:35:00,"CRASH OCCURRED AS VEHICLE 4 WAS STOPPED IN FRONT OF VEHICLE 3; VEHICLE 2 WAS SLOWING DOWN TO STOP BEHIND VEHICLE 3 , VEHICLE 1 STRUCK THE REAR OF VEHICLE 2 PUSHING IT INTO VEHICLE 3. VEHICLE 3 WAS THEN PUSHED INTO  VEHICLE 4. ASSISTED BY MSGT D. L. SCHWALM /924/ AND INDEPENDENCE POLICE DEPARTMENT."
948718,3200005477,Missouri State Highway Patrol-Troop D,1582416000000,200102428,1,0,1,0,Personal Injury,POLK,NON-CITY OR UNINCORPORATED,D,2,2,0,1378,0.26,A ,E ,MO 32,CRD 200TH RD,Dark-Unlighted,Motor Vehicle in Transport,1,61,Sun     ,0,0,0,0,1,0,0,1,0,0,0,0,0,0,0,1,0,0,0,0,0,0,0,0,0,37.61519,-93.26329,0,02/23/2020,20:45:00,NR2 WAS STOPPED AND NR1 STRUCK NR2 IN THE REAR
1201198,3200005180,Missouri State Highway Patrol-Troop C,1582416000000,200102481,1,0,1,0,Personal Injury,LINCOLN,NON-CITY OR UNINCORPORATED,C,1,1,0,385,0.07,A ,S ,RT J,RT U SJ,Dark-Unlighted,Overturn,2,,Sun     ,0,0,0,0,1,0,0,0,0,0,0,0,0,0,0,1,0,0,0,0,0,1,0,0,0,38.90752,-91.01172,0,02/23/2020,21:40:00,VEHICLE 1 FAILED TO NEGOTIATE A CURVE AND TRAVELED OFF THE LEFT SIDE OF THE ROADWAY.
901722,3200004934,Missouri State Highway Patrol-Troop D,1582502400000,200102666,2,0,2,0,Personal Injury,ST. CLAIR,LOWRY CITY,D,2,2,0,0,0,AT,N,CST S CLEVELAND ST,CST W 6TH ST,Daylight,Motor Vehicle in Transport,1,64,Mon     ,0,0,0,0,0,0,0,0,0,0,0,0,1,0,0,1,0,0,0,0,1,0,0,1,0,38.13822,-93.73074,0,02/24/2020,07:40:00,ACCIDENT OCCURRED WHEN VEHICLE #1 FAILED TO YIELD TO VEHICLE #2
1292873,3200005396,Missouri State Highway Patrol-Troop C,1582502400000,200102680,3,0,3,0,Personal Injury,ST. LOUIS,BELLEFONTAINE NEIGHBORS,C,3,3,0,224,0.04,A ,W ,IS 270,ERM WEST IS 270 MILE 314,Daylight,Motor Vehicle in Transport,1,61,Mon     ,0,0,0,0,0,0,0,1,0,0,0,0,0,0,0,0,0,0,0,0,1,0,0,1,0,38.77084,-90.24808,0,02/24/2020,07:52:00,VEHICLE 1 WAS STOPPED IN TRAFFIC WITH VEHICLE 3 STOPPED BEHIND VEHICLE 1. VEHICLE 2 WAS TRAVELING WESTBOUND BEHIND VEHICLE 3. VEHICLE 2 WAS FOLLOWING TOO CLOSELY BEHIND VEHICLE 3. DRIVER 2 ATTEMPTED TO SLOW FRONT OF VEHICLE 2 COLLIDED WITH REAR OF VEHICLE 3 . FRONT OF VEHICLE 3 COLLIDED WITH REAR OF VEHICLE 1. ASSISTED BY CPL. V. M.  KASPUT (1339) AND TPR. D. A. DEZNER (660)
1302980,3200006806,Missouri State Highway Patrol-Troop C,1582502400000,200102711,1,0,1,0,Personal Injury,ST. LOUIS,FENTON,C,3,3,0,290,0.05,A ,W ,IS 44,CST YARNELL ROAD,Daylight,Motor Vehicle in Transport,1,61,Mon     ,0,0,0,0,0,0,0,1,0,0,0,0,0,1,0,0,0,0,0,0,1,0,0,0,1,38.54346,-90.4358,0,02/24/2020,07:12:00,VEHICLE 1 SLOWED FOR TRAFFIC.  DRIVER 3 WAS UNABLE TO STOP IN TIME FOR THE TRAFFIC AHEAD CAUSING THE FRONT LEFT OF VEHICLE 3 TO STRIKE THE REAR OF VEHICLE 1.  VEHICLE 3 CONTINUED CAUSING THE RIGHT SIDE OF VEHICLE 3 TO STRIKE THE FRONT LEFT OF VEHICLE 2.