objectid,accident,agency,inv_date,complaint,injured,killed,min_inj,dis_inj,severity,county,city,troop,no_vehicle,motor_veh,left_scene,dist_feet,dist_mile,inter_loc,direction,on_street,at_street,light_cond,acc_type,on_off_rd,two_veh,day_week,dr_drink,dr_drug,ped_drink,ped_drug,speed,dr_under21,dr_under25,dr_over55,dr_over64,electrical,emer_veh,stop_sign,yield_sign,czone,hazmat,aggressive,cell_phone,texting,veh_defect,school_bus,truck,motorcycle,atv,pickup,cmv,gps_lat,gps_long,severity_fatal,acc_date,acc_time,narrative
1258675,3200006594,Missouri State Highway Patrol-Troop C,1582502400000,200103051,1,0,0,1,Personal Injury,ST. LOUIS,NON-CITY OR UNINCORPORATED,C,1,1,0,237,0.04,A ,N,IS 55,ERM NORTH IS 55 MILE 2012,Daylight,Fixed Object,2,,Mon     ,0,0,0,0,1,0,0,1,0,0,0,0,0,0,0,1,0,0,0,0,0,0,0,0,0,38.54919,-90.2856,0,02/24/2020,11:35:00,VEHICLE 1 WAS TRAVELING NORTHBOUND ON INTERSTATE 55 IN LANE 3. VEHICLE 1 HYDROPLANED TO THE LEFT TRAVELED OFF LEFT SIDE OF ROAD AND HIT CONCRETE BARRIER WALL.
1175199,3200005386,Missouri State Highway Patrol-Troop B,1582502400000,200103089,1,0,1,0,Personal Injury,MARION,NON-CITY OR UNINCORPORATED,B,1,1,0,216,0.04,A ,S ,US 61,US 24 SJ,Daylight,Overturn,2,,Mon     ,0,0,0,0,1,0,0,1,1,0,0,0,0,0,0,1,0,0,0,0,1,0,0,0,1,39.74429,-91.51309,0,02/24/2020,12:00:00,"01 SOUTHBOUND, DRIVER LOST CONTROL ON WET ROADWAY, RAN OFF THE EAST SIDE OF THE ROADWAY AND OVERTURNED.  ASSISTED BY TPR HENRY 1372, PALMYRA FIRE DEPARTMENT, MARION COUNTY SHERIFF DEPARTMENT, AND AMBULANCE."
1212194,3200005526,Missouri State Highway Patrol-Troop F,1582502400000,200103133,2,0,1,1,Personal Injury,COLE,NON-CITY OR UNINCORPORATED,F,2,2,0,992,0.19,A ,W ,US 54,CRD PLEASANT HILL RD WJ,Daylight,Motor Vehicle in Transport,1,60,Mon     ,0,0,0,0,1,0,0,0,0,0,0,0,0,0,0,1,0,0,1,0,0,0,0,0,0,38.43821,-92.30656,0,02/24/2020,12:25:00,"VEHICLE 1 LOST CONTROLLED, CROSSED THROUGH THE MEDIAN, AND STRUCK VEHICLE 2 HEAD-ON.  ASSISTED BY SGT B.R. GERMANN (295), TPR G.A. AYRES (217), TPR A.E. KLEMPKE (1341), CPL B.H. SALMONS (7420, AND COLE COUNTY SHERIFF'S DEPARTMENT."
1320356,3200004888,Missouri State Highway Patrol-Troop G,1582502400000,200103400,1,0,1,0,Personal Injury,TEXAS,NON-CITY OR UNINCORPORATED,G,1,1,0,802,0.15,A ,S ,US 63,CO US63 TO WOR63,Daylight,Overturn,2,,Mon     ,0,0,0,0,0,0,0,1,0,0,0,0,0,0,0,0,0,0,1,0,1,0,0,0,1,37.24468,-92.00674,0,02/24/2020,14:50:00,"CRASH OCCURRED AS VEH 1 , EXPERIENCING  FAILURE OF STEERING AXLE TIRE, RAN OFF ROADWAY AND OVERTURNED"
963828,3200005696,Missouri State Highway Patrol-Troop D,1582502400000,200103541,1,0,1,0,Personal Injury,BARTON,NON-CITY OR UNINCORPORATED,D,1,1,0,537,0.1,B ,E ,MO 126,CRD SW 137TH LN,Daylight,Overturn,1,,Mon     ,0,0,0,0,1,0,0,0,0,0,0,0,0,0,0,1,0,0,0,0,0,0,0,0,1,37.40517,-94.5509,0,02/24/2020,16:00:00,CRASH OCCURRED AS VEHICLE # 1 RAN OFF THE RIGHT SIDE OF ROADWAY AND OVERTURNED
1212195,3200004873,Missouri State Highway Patrol-Troop F,1582502400000,200103720,2,0,2,0,Personal Injury,COLE,NON-CITY OR UNINCORPORATED,F,2,2,0,0,0,AT,W ,US 50,CRD NINE HILLS RD,Daylight,Motor Vehicle in Transport,1,64,Mon     ,0,0,0,0,0,1,1,0,0,0,0,1,0,0,0,1,0,0,0,0,0,0,0,0,0,38.61016,-92.37119,0,02/24/2020,17:30:00,CRASH OCCURRED AS VEHICLE 1 FAILED TO YIELD AFTER STOPPING AT AN INTERSECTION AND PULLED INTO THE PATH OF VEHICLE 2. ASSISTED BY SGT M.B. PATTERSON (1383)
1188606,3200005042,Missouri State Highway Patrol-Troop F,1582502400000,200103741,3,0,3,0,Personal Injury,CALLAWAY,KINGDOM CITY,F,2,2,0,131,0.02,A ,W ,US 54,CST DUNN DR,Dark-Unlighted,Motor Vehicle in Transport,1,61,Mon     ,0,0,0,0,1,0,0,1,0,1,0,0,0,0,0,1,0,0,0,0,1,0,0,1,0,38.94605,-91.94118,0,02/24/2020,17:45:00,CRASH OCCURRED AS VEHICLE 1 WAS STOPPED IN TRAFFIC AND WAS STRUCK IN THE REAR BY VEHICLE 2.
1281247,3200005131,Missouri State Highway Patrol-Troop C,1582502400000,200103902,5,0,5,0,Personal Injury,ST. LOUIS,MARYLAND HEIGHTS,C,2,2,0,60,0.01,A ,E ,CST DORSETT RD,RP 1015059,Dark-Lighted,Motor Vehicle in Transport,1,61,Mon     ,0,0,0,0,0,0,0,0,0,1,0,0,0,0,0,1,0,0,0,0,0,0,0,0,1,38.71448,-90.44857,0,02/24/2020,20:20:00,BOTH VEHICLES WERE TRAVELING EASTBOUND ON DORSETT ROAD. VEHICLE 2 STOPPED FOR APPROACHING EMERGENCY VEHICLES. THE FRONT OF VEHICLE 1 STRUCK THE REAR OF VEHICLE 2. ASSISTED BY CPL. L. G. AMIGHETTI (518) AND TPR. B. G. GROVES (837).
1043490,3200004918,Missouri State Highway Patrol-Troop I,1582588800000,200104190,1,0,0,1,Personal Injury,LACLEDE,NON-CITY OR UNINCORPORATED,I,1,1,0,554,0.1,B ,W ,MO 64,CRD MAJESTIC LN,Daylight,Fixed Object,2,,Tue     ,0,0,0,0,1,0,0,0,0,0,0,0,0,0,0,1,0,0,0,0,1,0,0,1,0,37.71385,-92.82105,0,02/25/2020,07:08:00,"OCCURRED AS VEHICLE 1 TRAVELED OFF THE LEFT SIDE OF THE ROADWAY STRIKING A FENCE AND TREE BEFORE COMING TO REST. LEBANON CITY FIRE, BENNET SPRINGS FIRE, LACLEDE COUNTY SHERIFF DEPARTMENT"
1192707,3200005676,Missouri State Highway Patrol-Troop B,1582588800000,200104211,1,0,1,0,Personal Injury,RALLS,NON-CITY OR UNINCORPORATED,B,1,1,0,1446,0.27,A ,S ,RT T,CRD WHITAKER LN NJ,Daylight,Fixed Object,2,,Tue     ,0,0,0,0,1,0,0,0,0,0,0,0,0,0,0,1,0,0,0,0,0,0,0,0,0,39.6384,-91.34547,0,02/25/2020,07:14:00,VEHICLE 1 TRAVELED OFF THE ICE COVERED ROAD AND STRUCK A TREE.
1179540,3200004838,Missouri State Highway Patrol-Troop B,1582588800000,200104280,1,0,1,0,Personal Injury,MONROE,PARIS,B,2,2,0,0,0,AT,N,CST S WASHINGTON,CST RUBY,Daylight,Motor Vehicle in Transport,1,64,Tue     ,0,0,0,0,0,1,1,0,0,0,0,1,0,0,0,1,0,0,0,0,1,0,0,1,0,39.47807,-92.00157,0,02/25/2020,07:48:00,VEHICLE 1 FAILED TO STOP AT A STOP SIGN AND STRUCK VEHICLE 2 IN THE SIDE.
954452,3200004834,Missouri State Highway Patrol-Troop D,1582588800000,200104384,1,0,1,0,Personal Injury,GREENE,NON-CITY OR UNINCORPORATED,D,2,2,0,0,0,AT,W ,CRD 76,CRD 53,Daylight,Motor Vehicle in Transport,1,64,Tue     ,0,0,0,0,0,0,0,1,1,0,0,1,0,0,0,1,0,0,0,0,1,0,0,0,1,37.3089,-93.53343,0,02/25/2020,08:40:00,VEH #2 FAILED TO YIELD AT A STOP SIGN AND STRUCK VEH #1.  VEH #1 THEN TRAVELED OFF THE ROADWAY AND STRUCK A UTILITY POLE.
1205755,3200004917,Missouri State Highway Patrol-Troop F,1582588800000,200104386,1,0,1,0,Personal Injury,MILLER,NON-CITY OR UNINCORPORATED,F,2,2,0,855,0.16,B ,W ,US 54,CRD TOLWOOD RD,Daylight,Motor Vehicle in Transport,1,61,Tue     ,0,0,0,0,0,0,1,1,0,0,0,0,0,0,0,1,0,0,0,0,0,0,0,0,1,38.25916,-92.58492,0,02/25/2020,08:25:00,VEHICLE 2 STRUCK THE REAR OF VEHICLE 1.
1286974,3200005688,Missouri State Highway Patrol-Troop C,1582588800000,200104408,1,0,1,0,Personal Injury,ST. LOUIS,SUNSET HILLS,C,2,2,0,110,0.02,A ,E ,IS 270,ERM NORTH IS 270 MILE 34,Daylight,Motor Vehicle in Transport,1,61,Tue     ,0,0,0,0,0,1,1,0,0,0,0,0,0,0,0,0,0,0,0,0,0,0,0,0,0,38.52165,-90.39398,0,02/25/2020,08:49:00,VEHICLE #1 AND VEHICLE #2 WERE TRAVELING NORTH ON INTERSTATE 270 IN LANE FOUR. THE FRONT OF VEHICLE #2 STRUCK THE REAR OF VEHICLE #1
1511232,3200005010,Missouri State Highway Patrol-Troop H,1582588800000,200104525,1,0,1,0,Personal Injury,MERCER,PRINCETON,H,2,2,0,0,0,AT,W ,US 136,CST N BROADWAY ST,Daylight,Motor Vehicle in Transport,1,64,Tue     ,0,0,0,0,0,0,0,0,0,0,0,1,0,0,0,1,0,0,0,0,0,0,0,0,0,40.40045,-93.58527,0,02/25/2020,09:30:00,OCCURRED AS NR1 WAS STOPPED AT A STOP SIGN FACING NORTH ON BROADWAY AND ATTEMPTING TO MAKE A LEFT TURN ONTO US 136  WESTBOUND AND NR2 WAS WESTBOUND ON US 136. NR1'S FRONT CENTER STRUCK NR2S LEFT DRIVERS SIDE. NR1 CAME TO REST PARTLY IN THE WESTBOUND LANE OF 136. NR2 CAME TO REST OFF THE NORTH SIDE OF THE ROADWAY FACING SOUTHWEST. ASSISTED BY TPR B.N. RANEY (731)
1290766,3200006463,Missouri State Highway Patrol-Troop C,1582588800000,200104678,1,0,1,0,Personal Injury,ST. CHARLES,ST CHARLES,C,3,3,0,79,0.01,B ,W ,MO 94,CST PORTWEST DR,Daylight,Motor Vehicle in Transport,1,61,Tue     ,0,0,0,0,1,1,1,0,0,1,0,0,0,0,0,1,0,0,0,0,1,0,0,1,0,38.75942,-90.53503,0,02/25/2020,10:40:00,THE FRONT OF VEHICLE 1 STRUCK THE REAR OF VEHICLE 2.  VEHICLE 1 RAN OFF THE LEFT SIDE OF THE ROADWAY.  A SECOND IMPACT OCCURRED AS THE FRONT OF VEHICLE 1 STRUCK A DO NOT ENTER SIGN.
920833,3200005085,Missouri State Highway Patrol-Troop D,1582588800000,200104885,3,0,1,2,Personal Injury,LAWRENCE,NON-CITY OR UNINCORPORATED,D,2,2,0,902,0.17,B ,N,MO 39,CRD 2190,Daylight,Motor Vehicle in Transport,1,61,Tue     ,0,0,0,0,0,1,1,1,1,0,0,0,0,0,0,1,0,0,0,0,0,0,0,0,0,36.9969,-93.75277,0,02/25/2020,12:34:00,CRASH OCCURRED AS VEHICLE 2 WAS STOPPED IN TRAFFIC AND WAS STRUCK IN THE REAR BY VEHICLE 1.
1290780,3200006975,Missouri State Highway Patrol-Troop C,1582588800000,200105157,0,0,0,0,Property Damage,ST. CHARLES,ST CHARLES,C,3,3,0,528,0.1,B ,E ,IS 70,MO 94,Daylight,Motor Vehicle in Transport,1,61,Tue     ,0,0,0,0,1,0,1,0,0,0,0,0,0,1,0,1,0,0,0,0,0,0,0,0,0,38.77784,-90.51351,0,02/25/2020,14:44:00,"VEHICLES 1, 2 AND 3 WERE TRAVELING EASTBOUND IN LANE 2.  VEHICLE 1 AND 2 SLOWED FOR TRAFFIC. THE FRONT OF 3 STRUCK THE REAR OF VEHICLE 2 THEN THE FRONT OF VEHICLE 2 STRUCK THE  REAR OF VEHICLE 1."
886008,3200006756,Missouri State Highway Patrol-Troop A,1582588800000,200105279,1,2,1,0,Fatal,CASS,NON-CITY OR UNINCORPORATED,A,2,2,0,633,0.12,A ,E ,MO 58,PVT FARM RD,Daylight,Motor Vehicle in Transport,2,64,Tue     ,0,0,0,0,0,1,1,0,0,0,0,0,0,0,0,1,0,0,0,0,1,0,0,1,0,38.75835,-94.14979,1,02/25/2020,15:45:00,"FATALITY CRASH - NEXT OF KIN NOTIFIED - CRASH OCCURRED AS VEHICLE 2 TRAVELED OFF THE RIGHT SIDE OF THE ROADWAY CAUSING DRIVER 2 TO OVERCORRECT VEHICLE 2. VEHICLE 2 RETURNED TO THE ROADWAY, CROSSED THE CENTERLINE STRIKING VEHICLE 1. AFTER IMPACT BOTH VEHICLES TRAVELED OFF THE NORTH SIDE OF THE ROADWAY BEFORE COMING TO REST. BOTH SUBJECTS WERE PRONOUNCED BY JORDAN RIAS OF FORENSIC MEDICAL OF KANSAS AT 1715. FATALITY CRASH #6 FATALITIES #6 AND #7. ASSISTED BY MSGT. R. W. SHAUL /528/, CPL. D. W. CAMPBELL /1241/, TPR. E. J. VILLANUEVA /690/, TPR. D. M. SMITH /1368/, AND TPR. J. T. LANGSDALE /1318/"
1161519,3200005948,Missouri State Highway Patrol-Troop F,1582588800000,200105618,1,0,0,1,Personal Injury,BOONE,NON-CITY OR UNINCORPORATED,F,1,1,0,202,0.04,A ,W ,US 40,CRD CUNNINGHAM DR,Dark-Lighted,Pedestrian,1,,Tue     ,0,0,0,1,0,0,0,0,0,0,0,0,0,0,0,0,0,0,0,0,0,0,0,0,0,38.97407,-92.43355,0,02/25/2020,18:40:00,OCCURRED AS VEHICLE 1 WAS TRAVELING WESTBOUND ON US 40 AND STRUCK A PEDESTRIAN IN THE ROADWAY.  ASSISTED BY TPR. J. H. VISLAY (1437)
1501571,3200006682,Missouri State Highway Patrol-Troop H,1582588800000,200105723,2,1,0,2,Fatal,ATCHISON,NON-CITY OR UNINCORPORATED,H,2,2,0,2196,0.42,A ,N,US 59,CRD 250 ST,Dark-Unlighted,Motor Vehicle in Transport,1,60,Tue     ,0,0,0,0,0,0,0,1,1,0,0,0,0,0,0,1,0,0,0,0,0,0,0,0,0,40.37139,-95.39697,1,02/25/2020,20:00:00,"***FATALITY CRASH REPORT*** PRONOUNCED DECEASED BY ATCHISON COUNTY CORONER MIKE MINTER AT 2024 HOURS AT THE SCENE. NEXT OF KIN NOTIFIED.  CRASH OCCURRED AS VEHICLE 1 WAS TRAVELING SOUTHBOUND AND VEHICLE 2 WAS TRAVELING NORTHBOUND ON US 59. VEHICLE 1 TRAVELED INTO THE PATH OF VEHICLE 2 AND STRUCK VEHICLE 2 HEAD ON. VEHICLE 1 CAME TO REST ON ITS WHEELS FACING SOUTHEAST IN THE NORTHBOUND LANE OF US 59. VEHICLE 2 CAME TO REST ON ITS WHEELS OFF THE EAST SIDE OF THE ROADWAY FACING NORTHWEST. ASSISTED BY TPR. S.J. FORCE (316), TPR. T.L. SHUPE (1432) AND ATCHISON COUNTY SHERIFF'S OFFICE."
1191957,3200005074,Missouri State Highway Patrol-Troop B,1582588800000,200105732,1,0,0,1,Personal Injury,LEWIS,NON-CITY OR UNINCORPORATED,B,1,1,0,2075,0.39,B ,W ,RT V,CRD 591 PALMETTO AVE,Dark-Unlighted,Fixed Object,2,,Tue     ,0,0,0,0,0,0,1,0,0,0,0,0,0,0,0,0,0,0,0,0,0,0,0,0,0,39.96087,-91.58827,0,02/25/2020,20:15:00,"VEHICLE 1 TRAVELED OFF THE LEFT SIDE OF THE ROADWAY AND STRUCK A TREE.  ASSISTED BY TPR. HICKS #618, LEWIS COUNTY SHERIFF'S OFFICE, LEWIS COUNTY AMBULANCE, AND LEWIS COUNTY FIRE DEPARTMENT."
920834,3200005006,Missouri State Highway Patrol-Troop D,1582588800000,200105863,1,0,0,1,Personal Injury,LAWRENCE,NON-CITY OR UNINCORPORATED,D,1,1,0,0,0,AT,S ,CRD LAWRENCE 1115,CRD LAWRENCE 2095,Dark-Unlighted,Fixed Object,2,,Tue     ,0,0,0,0,1,1,1,0,0,0,0,0,0,0,0,1,0,0,0,0,1,0,0,1,0,37.1385,-93.84922,0,02/25/2020,22:30:00,"VEHICLE 1 TRAVELED OFF THE ROADWAY AND STRUCK A SIGN, A TREE AND A FENCE."
1205155,3200006973,Missouri State Highway Patrol-Troop F,1582675200000,200106030,0,1,0,0,Fatal,COOPER,NON-CITY OR UNINCORPORATED,F,2,2,0,517,0.1,B ,W ,IS 70,ERM WEST IS 70 MILE 1146,Daylight,Motor Vehicle in Transport,1,64,Wed     ,0,0,0,0,1,0,0,0,0,0,0,0,0,0,0,1,0,0,0,0,0,0,0,0,1,38.95876,-92.54674,1,02/26/2020,06:30:00,"FATALITY ACCIDENT- OCCURRED AS DRIVER 1 LOST CONTROL OF VEHICLE 1 ON THE ICE COVERED ROADWAY.  VEHICLE 1 TRAVELED OFF THE LEFT SIDE OF THE ROADWAY, STRUCK THE CONCRETE BARRIER, AND RETURNED TO THE ROADWAY.  DRIVER 1 ATTEMPTED TO EXIT VEHICLE 1 WHILE IT WAS STILL IN MOTION, WHEN VEHICLE 1 WAS STRUCK BY VEHICLE 2.  VEHICLE 1 CONTINUED OFF THE RIGHT SIDE OF THE ROADWAY, AND DRIVER 1 WAS EJECTED.  VEHICLE 1 THEN STRUCK THE CONCRETE BARRIER.  DRIVER 1 WAS PRONOUNCED BY COOPER COUNTY CORONER JAMES HURT AT THE SCENE AT 0751.  THIS IS TROOP F FATALITY NUMBER 3 FOR FEBRUARY AND NUMBER 6 FOR 2020."
1233301,3200005154,Missouri State Highway Patrol-Troop C,1582675200000,200106090,3,0,3,0,Personal Injury,JEFFERSON,NON-CITY OR UNINCORPORATED,C,2,2,0,52,0.01,B ,E ,CRD WEST ROCK CREEK RD,PVT ESTATES DR,Daylight,Motor Vehicle in Transport,1,60,Wed     ,0,0,0,0,1,0,0,1,1,0,0,0,0,0,0,1,0,0,0,0,0,0,0,0,0,38.43087,-90.45674,0,02/26/2020,07:12:00,VEHICLE 1 SLID ON THE SNOW COVERED ROADWAY AND CROSSED THE DOUBLE YELLOW CENTERLINE. THE FRONT LEFT OF VEHICLE 1 STRUCK THE FRONT LEFT OF VEHICLE 2. VEHICLE 1 TRAVELED OFF THE RIGHT SIDE OF THE ROADWAY.
782413,3200005468,Missouri State Highway Patrol-Troop A,1582675200000,200106658,1,0,1,0,Personal Injury,HENRY,NON-CITY OR UNINCORPORATED,A,1,1,0,26,0,A ,N,MO 13,BRIDGE A5387,Daylight,Fixed Object,2,,Wed     ,0,0,0,0,1,0,0,0,0,0,0,0,0,0,0,1,0,0,0,0,1,0,0,0,1,38.27581,-93.75966,0,02/26/2020,06:30:00,CRASH OCCURRED AS VEHICLE 1 LOST CONTROL ON A PATCH OF ICE STRIKING A CONCRETE BARRIER. ASSISTED BY MSGT. W. P. BREMER /155/ AND HENRY COUNTY SHERIFF'S OFFICE
1141599,3200004970,Missouri State Highway Patrol-Troop E,1582675200000,200106690,3,0,3,0,Personal Injury,BUTLER,NON-CITY OR UNINCORPORATED,E,2,2,0,0,0,AT,N,US 67,NOR 60,Daylight,Motor Vehicle in Transport,1,64,Wed     ,0,0,0,0,0,0,0,1,0,0,0,1,0,0,0,1,0,0,0,0,1,0,0,1,0,36.8023,-90.45548,0,02/26/2020,11:37:00,CRASH OCCURRED AS VEHICLE 1 PULLED INTO THE PATH OF VEHICLE 2
1193128,3200006404,Missouri State Highway Patrol-Troop F,1582675200000,200106823,2,0,1,1,Personal Injury,CALLAWAY,NON-CITY OR UNINCORPORATED,F,2,2,0,881,0.17,B ,W ,US 54,CRD 147,Daylight,Motor Vehicle in Transport,1,64,Wed     ,0,0,0,0,0,0,0,1,1,0,0,0,0,0,0,1,0,0,0,0,0,0,0,0,0,38.96637,-91.90567,0,02/26/2020,13:00:00,VEHICLE 1 WAS TRAVELING EASTBOUND IN THE WESTBOUND LANE OF US 54 AND STRUCK VEHICLE 2.
846496,3200005753,Missouri State Highway Patrol-Troop A,1582675200000,200106976,2,0,2,0,Personal Injury,JOHNSON,NON-CITY OR UNINCORPORATED,A,2,2,0,0,0,AT,E ,MO 58,CRD SW 200,Daylight,Motor Vehicle in Transport,1,64,Wed     ,0,0,0,0,0,0,0,0,0,0,0,1,0,0,0,1,0,0,0,0,0,0,0,0,0,38.73519,-93.84088,0,02/26/2020,14:00:00,"CRASH OCCURRED AS VEHICLE 1 FAILED TO YEILD AT THE INTERSECTION, CAUSING VEHICLE 2 TO STRIKE VEHICLE 1."
836561,3200005682,Missouri State Highway Patrol-Troop A,1582675200000,200107122,1,0,1,0,Personal Injury,CARROLL,NON-CITY OR UNINCORPORATED,A,1,1,0,11,0,B ,W ,CRD 340,MO 10,Daylight,Fixed Object,2,,Wed     ,0,0,0,0,0,0,0,1,1,0,0,0,0,0,0,0,0,0,0,0,0,0,0,0,0,39.26394,-93.68485,0,02/26/2020,15:30:00,CRASH OCCURRED AS DRIVER 1 SUFFERED A MEDICAL EVENT WHILE DRIVING. VEHICLE 1 TRAVELED OFF THE RIGHT SIDE OF THE ROADWAY AND CAME TO REST IN A FIELD. ASSISTED BY CARROLL COUNTY SHERIFF'S DEPARTMENT.
801367,3200005589,Missouri State Highway Patrol-Troop A,1582675200000,200107297,1,0,1,0,Personal Injury,JACKSON,LEES SUMMIT,A,3,3,0,163,0.03,A ,E ,IS 470,ERM NORTH IS 470 MILE 152,Daylight,Motor Vehicle in Transport,1,61,Wed     ,0,0,0,0,0,1,1,0,0,0,0,0,0,0,0,1,0,0,0,0,1,0,0,1,0,39.02027,-94.35951,0,02/26/2020,16:55:00,CRASH OCCURRED AS VEHICLE 2 AND VEHICLE 3 WERE STOPPED DUE TO TRAFFIC CONGESTION.  VEHICLE 1 STRUCK THE REAR OF VEHICLE 2.  VEHICLE 2 THEN STRUCK THE REAR OF VEHICLE 1.  ASSISTED BY TPR D M SMITH /1368/
1320355,3200004958,Missouri State Highway Patrol-Troop G,1582675200000,200107435,1,0,0,1,Personal Injury,TEXAS,NON-CITY OR UNINCORPORATED,G,1,1,0,337,0.06,A ,S ,MO 17,CRD ELM DRIVE,Dark-Unlighted,Fixed Object,2,,Wed     ,0,0,0,0,0,0,0,1,1,0,0,0,0,0,0,1,0,0,0,0,0,0,0,0,0,37.55532,-92.1528,0,02/26/2020,18:10:00,"VEH #1 RAN OFF THE LEFT SIDE OF THE ROADWAY, STRUCK A FENCE AND A TREE.   ASSISTED BY CPL. T. R. NELSON (655)."
1285614,3200006448,Missouri State Highway Patrol-Troop C,1582675200000,200107660,1,0,0,1,Personal Injury,ST. FRANCOIS,NON-CITY OR UNINCORPORATED,C,1,1,0,47,0.01,B ,S ,PVT K-C DR,PVT BEACH DR,Dark-Unlighted,Fixed Object,2,,Wed     ,1,0,0,0,0,0,0,0,0,0,0,0,0,0,0,0,0,0,0,0,1,0,0,1,0,0,0,0,02/26/2020,21:00:00,"VEHICLE 1 WAS TRAVELING NORTH ON KC DR.  DRIVER 1 TRAVELED OFF THE WEST SIDE OF THE ROADWAY, STRUCK A DITCH, AND A TREE."
991171,3200005573,Missouri State Highway Patrol-Troop D,1582761600000,200107901,2,0,1,1,Personal Injury,NEWTON,DIAMOND,D,3,3,0,417,0.08,B ,S ,MO 59,CRD ELDER RD,Dark-Unlighted,Motor Vehicle in Transport,1,64,Thu     ,0,0,0,0,0,0,0,1,1,0,0,0,0,0,0,1,0,0,0,0,1,0,0,1,1,36.9814,-94.31536,0,02/27/2020,06:05:00,OCCURRED AS VEHICLE #1 TURNED LEFT IN FRONT OF VEHICLE #2. VEHICLE #2 STRUCK VEHICLE #1 IN THE RIGHT FRONT CORNER. DEBRIS FROM VEHICLE #2 STRUCK THE TOWED UNIT OF VEHICLE #3.
1258640,3200005721,Missouri State Highway Patrol-Troop C,1582761600000,200107930,2,0,2,0,Personal Injury,ST. LOUIS,NON-CITY OR UNINCORPORATED,C,3,3,0,237,0.04,B ,E ,IS 270,ERM NORTH IS 270 MILE 08,Daylight,Motor Vehicle in Transport,1,61,Thu     ,0,0,0,0,0,0,0,1,0,0,0,0,0,0,0,1,0,0,0,0,0,0,0,0,0,38.50708,-90.34878,0,02/27/2020,06:35:00,"VEHICLES #1, #2, AND #3 WERE TRAVELING NORTHBOUND ON INTERSTATE 270, NORTH OF INTERSTATE 55, IN LANE FOUR, IN SEQUENTIAL ORDER.  DRIVER #1 SLOWED AND STOPPED VEHICLE #1 FOR TRAFFIC AHEAD.  DRIVER #2 SLOWED AND STOPPED VEHICLE #2 FOR VEHICLE #1 AHEAD.  DRIVER #3 FAILED TO OBSERVE VEHICLE #2 STOPPED AHEAD AND THE FRONT OF VEHICLE #3 STRUCK THE REAR OF VEHICLE #2.  THE FORCE OF THE IMPACT CAUSED THE FRONT OF VEHICLE #2 TO STRIKE THE REAR OF VEHICLE #1.  ASSISTED BY CPL. R.L. CALVERT (165)"
1025733,3200005423,Missouri State Highway Patrol-Troop D,1582761600000,200108371,1,0,1,0,Personal Injury,TANEY,NON-CITY OR UNINCORPORATED,D,1,1,0,258,0.05,A ,N,US 65,ERM NORTH US 65 MILE 02,Daylight,Fixed Object,2,,Thu     ,0,0,0,0,0,0,0,1,1,0,0,0,0,0,0,0,0,0,0,0,0,0,0,0,0,36.50154,-93.22115,0,02/27/2020,09:55:00,"CRASH OCCURRED AS DRIVER 1 SUFFERED AN UNKNOWN MEDICAL PROBLEM.  VEHICLE 1 TRAVELED OFF THE RIGHT SIDE OF THE ROADWAY, DOWN A STEEP EMBANKMENT, AND STRUCK THE GROUND."
1249732,3200005633,Missouri State Highway Patrol-Troop C,1582761600000,200108545,1,0,1,0,Personal Injury,STE. GENEVIEVE,NON-CITY OR UNINCORPORATED,C,1,1,0,34,0.01,A ,N,US 61,RT O,Daylight,Fixed Object,2,,Thu     ,0,0,0,0,0,0,0,1,1,0,0,0,0,0,0,0,0,0,0,0,0,0,0,0,0,37.97633,-90.18739,0,02/27/2020,11:05:00,"DRIVER 1 SWERVED TO AVOID STRIKING A VEHICLE STOPPED TO TURN ONTO ROUTE O, CAUSING VEHICLE 1 TO TRAVEL OFF THE ROADWAY AND STRIKE A BLUFF."
1062588,3200007083,Missouri State Highway Patrol-Troop I,1582761600000,200108590,3,1,2,1,Fatal,PHELPS,NON-CITY OR UNINCORPORATED,I,1,1,0,19,0,B ,S ,CRD 8110,CRD 8080,Daylight,Overturn,2,,Thu     ,0,0,0,0,1,1,1,0,0,0,0,0,0,0,0,1,0,0,0,0,0,0,0,0,0,37.95324,-91.80324,1,02/27/2020,11:39:00,"***LATE DEATH*** NEXT OF KIN NOTIFIED*** THE CRASH OCCURRED AS VEHICLE 1 TRAVELED OFF THE LEFT SIDE OF THE ROADWAY, OVERTURNED AND STRUCK A UTILITY POLE. TWO OCCUPANTS WERE EJECTED. ON MARCH 1, 2020 AT 0900 HOURS,  OCCUPANT CLAYPOOL WAS PRONOUNCED DECEASED BY DR. NINGSEI AT THE UNIVERSITY HOSPITAL IN COLUMBIA. THIS IS TROOP I'S FIRST FATAL FOR MARCH AND THE FIFTH FATAL FOR THE YEAR."
1251566,3200005850,Missouri State Highway Patrol-Troop C,1582761600000,200108637,1,0,1,0,Personal Injury,FRANKLIN,NON-CITY OR UNINCORPORATED,C,1,1,0,601,0.11,B ,E ,RT E,CRD KAISER HILL RD,Daylight,Fixed Object,2,,Thu     ,0,0,0,0,0,0,0,1,1,0,0,0,0,0,0,0,0,0,0,0,0,0,0,0,0,38.58309,-91.29794,0,02/27/2020,12:07:00,VEHICLE 1 TRAVELED OFF THE RIGHT SIDE ROADWAY AND STRUCK A FENCE