objectid,accident,agency,inv_date,complaint,injured,killed,min_inj,dis_inj,severity,county,city,troop,no_vehicle,motor_veh,left_scene,dist_feet,dist_mile,inter_loc,direction,on_street,at_street,light_cond,acc_type,on_off_rd,two_veh,day_week,dr_drink,dr_drug,ped_drink,ped_drug,speed,dr_under21,dr_under25,dr_over55,dr_over64,electrical,emer_veh,stop_sign,yield_sign,czone,hazmat,aggressive,cell_phone,texting,veh_defect,school_bus,truck,motorcycle,atv,pickup,cmv,gps_lat,gps_long,severity_fatal,acc_date,acc_time,narrative
941364,3200005988,Missouri State Highway Patrol-Troop D,1582761600000,200108691,0,1,0,0,Fatal,DALLAS,NON-CITY OR UNINCORPORATED,D,1,1,0,0,0,AT,N,US 65,CRD KELLY RD,Daylight,Pedestrian,1,,Thu     ,0,0,0,0,0,0,0,1,1,0,0,0,0,0,0,0,0,0,0,0,1,0,0,1,0,37.59728,-93.1234,1,02/27/2020,12:28:00,FATAL ACCIDENT  THIS IS TROOP D'S 17TH FATAL FOR THE YEAR  NEXT OF KIN NOTIFIED  OCCURRED AS PEDESTRIAN ATTEMPTED TO CROSS THE NORTHBOUND LANES OF U.S. 65 AND WAS STRUCK BY NORTHBOUND VEHICLE 1.  THE PEDESTRIAN WAS PRONOUNCED DECEASED AT 1316 HOURS BY DR. ROSS OF COX HOSPITAL.  BY LAW THE SURVIVING DRIVER WAS TESTED FOR ALCOHOL.  ASSISTED BY TPR R.T BURGETT #252 AND TPR R.E. DOUTHETT #221
1233305,3200005651,Missouri State Highway Patrol-Troop C,1582761600000,200108698,0,1,0,0,Fatal,JEFFERSON,NON-CITY OR UNINCORPORATED,C,1,1,0,52,0.01,B ,S ,US 61,PVT HILLSIDE DR,Daylight,Overturn,1,,Thu     ,0,0,0,0,0,0,0,0,0,0,0,0,0,0,0,0,0,0,0,0,0,1,0,0,0,38.31095,-90.39931,1,02/27/2020,12:30:00,LATE DEATH REPORT - A NORTHBOUND VEHICLE WAS MAKING A U-TURN IN THE ROADWAY. VEHICLE #1 SKIDDED EJECTING DRIVER #1. DRIVER #1 PRONOUNCED AT MERCY HOSPITAL SOUTH BY NURSE STEVE BALLINGER AT 0134 HOURS ON 02/28/2020. ASSISTED BY K.W. KAISER (298) AND MSGT. C.M. ARBUTHNOT (694)
918220,3200005746,Missouri State Highway Patrol-Troop D,1582761600000,200109127,3,0,1,2,Personal Injury,JASPER,NON-CITY OR UNINCORPORATED,D,2,2,0,37,0.01,A ,E ,CRD FIR ROAD,CRD 303,Daylight,Motor Vehicle in Transport,1,60,Thu     ,0,1,0,0,0,1,1,0,0,0,0,0,0,0,0,1,0,0,0,0,0,0,0,0,0,37.1453,-94.6036,0,02/27/2020,15:47:00,THIS CRASH OCCURRED AS VEHICLE 1 WAS WESTBOUND ON FIR ROAD AND CROSSED THE CENTERLINE AS VEHICLE 2 WAS TRAVELING SOUTH ON COUNTY ROAD 303 AND ENTERED THE CURVE AS THE ROADS INTERSECTED WITH NO TRAFFIC CONTROL.  VEHICLE 1 STRUCK VEHICLE 2 HEAD ON.  ASSISTED BY TPR A.J. COOK #359
1064143,3200005409,Missouri State Highway Patrol-Troop I,1582761600000,200109304,4,0,4,0,Personal Injury,DENT,NON-CITY OR UNINCORPORATED,I,1,1,0,0,0,AT,N,MO 19,CRD 5080 SJ,Daylight,Fixed Object,2,,Thu     ,0,0,0,0,1,0,0,0,0,0,0,0,0,0,0,1,0,0,0,0,0,0,0,0,0,37.59898,-91.5267,0,02/27/2020,17:07:00,"OCCURRED AS VEHICLE 1 RAN OFF THE RIGHT SIDE OF THE ROADWAY, AND OVERTURNED BEFORE COMING TO REST."
853823,3200005602,Missouri State Highway Patrol-Troop A,1582761600000,200109404,1,0,1,0,Personal Injury,CLAY,LIBERTY,A,2,2,0,184,0.03,B ,N,IS 35,RP 6080,Dark-Unlighted,Motor Vehicle in Transport,1,61,Thu     ,0,0,0,0,0,0,0,1,0,0,0,0,0,0,0,1,0,0,0,0,0,0,0,0,0,39.22429,-94.46976,0,02/27/2020,17:25:00,CRASH OCCURRED AS VEH 2 SLOWED TO A STOP FOR TRAFFIC CONGESTION.  VEH 1 OVERTOOK AND STRUCK REAR OF VEH 2.
1152210,3200005302,Missouri State Highway Patrol-Troop E,1582761600000,200109430,1,0,1,0,Personal Injury,STODDARD,NON-CITY OR UNINCORPORATED,E,1,1,0,728,0.14,A ,E ,CRD 682,CRD 615,Dark-Unlighted,Fixed Object,2,,Thu     ,0,0,0,0,0,1,1,0,0,0,0,0,0,0,0,0,1,0,0,0,0,0,0,0,0,36.65498,-89.98958,0,02/27/2020,18:00:00,CRASH OCCURRED AS VEHICLE ONE TRAVELED OF RIGHT SIDE OF ROADWY STRIKING UTILTIY POLE
1502949,3200005046,Missouri State Highway Patrol-Troop H,1582761600000,200109498,3,0,3,0,Personal Injury,CALDWELL,NON-CITY OR UNINCORPORATED,H,1,1,0,30,0.01,A ,S ,CRD SW BOULDER RD,MO 116,Dark-Unlighted,Overturn,2,,Thu     ,0,0,0,0,1,0,0,0,0,0,0,0,0,0,0,1,0,0,0,0,0,0,0,0,0,39.55469,-94.09654,0,02/27/2020,19:08:00,"CRASH OCCURRED AS VEH 1 WAS WESTBOUND ON MO-116. VEH 1 ATTEMPTED TO TURN SOUTH ONTO BOULDER RD. VEH 1 WAS TRAVELING TOO FAST FOR CONDITIONS AND TRAVELED OFF THE WEST SIDE OF THE ROADWAY. VEH 1 OVERTURNED AND CAME TO REST ON ITS WHEELS FACING NORTHEAST OFF THE SOUTHWEST SIDE OF THE INTERSECTION OF BOULDER RD AND MO-116. ASSISTED BY TPR. T.N. GARTON (408), CALDWELL COUNTY SHERIFF'S OFFICE, AND CLINTON COUNTY SHERIFF'S OFFICE."
1176437,3200005679,Missouri State Highway Patrol-Troop F,1582761600000,200109661,0,1,0,0,Fatal,MONTGOMERY,NON-CITY OR UNINCORPORATED,F,1,1,0,445,0.08,B ,E ,IS 70,ERM EAST IS 70 MILE 1778,Dark-Unlighted,Overturn,1,,Thu     ,0,0,0,0,1,0,0,0,0,0,0,0,0,0,0,1,0,0,0,0,0,0,0,0,0,38.88673,-91.41141,1,02/27/2020,21:28:00,"OCCURRED AS VEHICLE 1 TRAVELED OFF THE RIGHT SIDE OF THE ROAD, OVERCORRECTED, OVERTURNED MULTIPLE TIMES CAUSING THE DRIVER TO BE EJECTED. ASSISTED BY MONTGOMERY COUNTY SHERIFFS DEPARTMENT AND MONTGOMERY COUNTY FIRE DEPARTMENT."
1251567,3200005253,Missouri State Highway Patrol-Troop C,1582761600000,200109763,1,0,0,1,Personal Injury,FRANKLIN,NON-CITY OR UNINCORPORATED,C,1,1,0,205,0.04,B ,W ,US 50,CRD VIENNA WOODS,Dark-Unlighted,Fixed Object,2,,Thu     ,0,0,0,0,0,0,0,0,0,0,0,0,0,0,0,1,0,0,0,0,0,0,0,0,0,38.42106,-91.1598,0,02/27/2020,20:55:00,"VEHICLE 1 TRAVELED OFF THE RIGHT SIDE OF THE ROADWAY, STRUCK A DITCH, A UTILITY POLE, BEFORE OVERTURNING AND STRIKING A  UTILITY GUY WIRE. ASSISTED BY CPL C. M. BISHOP (202)"
1302982,3200006351,Missouri State Highway Patrol-Troop C,1582848000000,200109860,0,1,0,0,Fatal,ST. LOUIS,FENTON,C,1,1,0,971,0.18,A ,W ,MO 30,RP 6325,Dark-Unlighted,Pedestrian,1,,Fri     ,,,,,,0,0,1,1,0,0,0,0,0,0,,0,0,,0,1,0,0,1,0,38.51096,-90.45078,1,02/28/2020,01:50:00,"FATALITY REPORT - PEDESTRIAN 1 WAS STANDING IN THE ROADWAY AND WAS STRUCK BY VEHICLE 1. PEDESTRIAN 1 PRONOUNCED ON SCENE BY FENTON FIRE PROTECTION PERSONNEL AT 0204 HOURS. ASSISTED BY CPL. J. A. ASHBY (234), TPR. S. T. ROETTGER (1429, AND TPR. A. D. BAKER (151)"
1118957,3200005531,Missouri State Highway Patrol-Troop E,1582848000000,200109895,1,0,1,0,Personal Injury,BOLLINGER,NON-CITY OR UNINCORPORATED,E,1,1,0,1156,0.22,A ,N,MO 51,BRIDGE J0907,Dark-Unlighted,Fixed Object,2,,Fri     ,0,0,0,0,0,0,0,1,0,0,0,0,0,0,0,1,0,0,0,0,1,0,0,1,0,37.59785,-89.9906,0,02/28/2020,03:30:00,"CRASH OCCURRED AS VEHICLE ONE RAN OFF THE RIGHT SIDE OF THE ROADWAY, STRIKING A FENCE AND THEN A TREE."
1508687,3200005321,Missouri State Highway Patrol-Troop H,1582848000000,200109906,1,0,0,1,Personal Injury,HOLT,NON-CITY OR UNINCORPORATED,H,2,2,0,406,0.08,B ,S ,IS 29,ERM SOUTH IS 29 MILE 948,Dark-Unlighted,Motor Vehicle in Transport,1,67,Fri     ,0,0,0,0,0,0,0,0,0,0,0,0,0,0,0,0,0,0,1,0,0,0,0,0,1,40.2208,-95.39361,0,02/28/2020,05:30:00,"CRASH OCCURRED AS VEH#1 WAS SOUTHBOUND AND VEH#2 WAS NORTHBOUND ON I-29. THE REAR DRIVER SIDE DUALS ON THE TOWED UNIT OF VEH#1 DETACHED, CROSSED THE MEDIAN, AND STRUCK THE FRONT DRIVERS SIDE OF VEH#2. VEH#1 CAME TO A CONTROLLED STOP ON THE WEST SHOULDER OF THE SOUTHBOUND LANE. VEH#2 TRAVELED INTO THE MEDIAN AND CAME TO REST FACING NORTHWEST. ASSISTED BY ATCHISON HOLT EMS AND CRAIG FIRE DEPARTMENT."
1212164,3200005904,Missouri State Highway Patrol-Troop C,1582848000000,200109919,1,0,1,0,Personal Injury,WASHINGTON,NON-CITY OR UNINCORPORATED,C,1,1,0,512,0.1,A ,S ,MO 21,BRIDGE A5347,Dark-Unlighted,Fixed Object,2,,Fri     ,0,0,0,0,1,0,0,0,0,0,0,0,0,0,0,1,0,0,0,0,0,0,0,0,0,37.97672,-90.76482,0,02/28/2020,05:50:00,"VEHICLE 1 TRAVELED OFF THE RIGHT SIDE OF THE ROADWAY AND STRUCK A FENCE, ELECTRICAL BOX, AND A ROCK PILE. ASSISTED BY TPR. K.L. ELLEDGE (396)"
1152209,3200005865,Missouri State Highway Patrol-Troop E,1582848000000,200109927,1,0,1,0,Personal Injury,STODDARD,NON-CITY OR UNINCORPORATED,E,1,1,0,285,0.05,B ,W ,US 60,BRIDGE B0548,Dark-Unlighted,Fixed Object,2,,Fri     ,0,1,0,0,0,1,1,0,0,0,0,0,0,0,0,1,0,0,0,0,0,0,0,0,0,36.81957,-89.91215,0,02/28/2020,06:20:00,CRASH OCCURRED AS VEH 1 RAN OFF THE LEFT SIDE OF THE ROADWAY AND STRUCK A GUARDRAIL.  DAMAGE TO 75 FEET OF GUARDRIAL AND 11 POSTS.
1196540,3200005558,Missouri State Highway Patrol-Troop B,1582848000000,200109968,1,0,0,1,Personal Injury,MACON,NON-CITY OR UNINCORPORATED,B,1,1,0,1568,0.3,B ,E ,US 36,MO 129,Daylight,Overturn,2,,Fri     ,0,0,0,0,1,0,0,0,0,0,0,0,0,0,0,1,0,0,0,0,1,0,0,1,0,39.76228,-92.79587,0,02/28/2020,06:55:00,"VEH 1 LOST CONTROL ON SNOW COVERED ROADWAY, TRAVELED OFF THE LEFT SIDE INTO THE MEDIAN AND OVERTURNED, COMING TO REST ON ITS TOP."
1016183,3200005150,Missouri State Highway Patrol-Troop D,1582848000000,200109969,1,0,1,0,Personal Injury,NEWTON,NON-CITY OR UNINCORPORATED,D,1,1,0,242,0.05,B ,N,IS 49,ERM NORTH IS 49 MILE 392,Daylight,Animal,1,,Fri     ,0,0,0,0,0,0,0,0,0,0,0,0,0,0,0,0,0,0,0,0,0,0,0,0,0,37.04854,-94.42708,0,02/28/2020,06:50:00,VEHICLE #1 STRUCK A DEER IN THE ROADWAY.
1317997,3200005825,Missouri State Highway Patrol-Troop G,1582848000000,200110146,1,0,1,0,Personal Injury,OZARK,NON-CITY OR UNINCORPORATED,G,1,1,0,427,0.08,A ,W ,US 160,CRD 813,Daylight,Overturn,1,,Fri     ,0,0,0,0,0,0,0,0,0,0,0,0,0,0,0,0,0,0,0,0,1,0,0,0,1,36.58453,-92.54018,0,02/28/2020,08:15:00,DAMAGE TO MODOT PROPERTY OCCURRED AS VEHICLE RAN OFF THE RIGHT SIDE OF THE ROADWAY AND OVERTURNED. THERE ARE MINIMAL GOUGES IN THE NEWLY PAVED ROADWAY.
954457,3200005159,Missouri State Highway Patrol-Troop D,1582848000000,200110654,1,0,1,0,Personal Injury,GREENE,NON-CITY OR UNINCORPORATED,D,2,2,0,340,0.06,A ,S ,MO 13,CRD 88,Daylight,Motor Vehicle in Transport,1,63,Fri     ,0,0,0,0,0,0,0,1,0,0,0,0,0,0,0,1,0,0,0,0,0,0,0,0,1,37.28169,-93.32753,0,02/28/2020,12:05:00,ACCIDENT OCCURRED AS VEH #1 ATTEMPTED TO CHANGE LANES AND SIDE SWIPED VEH #2. VEH #1 SLID OFF THE RIGHT SIDE OF THE ROAD AND STRUCK A ROCK BLUFF.
1261929,3200006880,Missouri State Highway Patrol-Troop C,1582848000000,200111001,4,0,4,0,Personal Injury,ST. LOUIS,TOWN AND COUNTRY,C,2,2,0,26,0,A ,E ,IS 64,CO IS64E TO OR64E,Daylight,Motor Vehicle in Transport,1,61,Fri     ,0,0,0,0,0,0,0,1,1,0,0,0,0,0,0,1,0,0,0,0,0,0,0,0,0,38.63855,-90.49052,0,02/28/2020,14:35:00,VEHICLE 2 STRUCK THE REAR OF VEHICLE 1
1311798,3200006360,Missouri State Highway Patrol-Troop C,1582848000000,200111101,1,0,0,1,Personal Injury,ST. CHARLES,ST PETERS,C,3,3,0,460,0.09,B ,W ,MO 364,BRIDGE A6209,Daylight,Motor Vehicle in Transport,1,63,Fri     ,0,0,0,0,0,0,0,1,1,0,0,0,0,0,0,0,0,0,0,0,1,0,0,1,0,38.74121,-90.61033,0,02/28/2020,15:17:00,"VEHICLE #1 WAS WESTBOUND ON MISSOURI 364 IN LANE 3, WHEN DRIVER #1 SUFFERED A MEDICAL CONDITION.  VEHICLE #1 TRAVELED OFF THE RIGHT SIDE OF THE ROAD AND ITS LEFT SIDE STRUCK THE RIGHT SIDE OF VEHICLE #2, WHICH WAS TRAVELING IN LANE 4.  THE LEFT SIDE OF VEHICLE #1 THEN STRUCK THE RIGHT REAR OF VEHICLE #3, WHICH WAS ALSO TRAVELING IN LANE 4.  VEHICLE #1 THEN TRAVELED ACROSS ALL LANES OF MISSOURI 364 AND OFF THE LEFT SIDE OF THE ROAD, STRIKING THE MEDIAN WALL. ASSISTED BY TPR. D. L. BILYEU (174)"
1286159,3200006551,Missouri State Highway Patrol-Troop C,1582848000000,200111426,1,0,1,0,Personal Injury,ST. FRANCOIS,FARMINGTON,C,5,5,0,120,0.02,A ,E ,MO 32,CST MAPLE VALLEY DR,Daylight,Motor Vehicle in Transport,1,60,Fri     ,0,0,0,0,0,0,0,0,0,0,0,0,0,0,0,0,0,0,0,0,1,0,0,1,0,37.79291,-90.43649,0,02/28/2020,17:23:00,"DRIVER #1 SUFFERED A MEDICAL CONDITION CAUSING VEHICLE #1 TO CROSS THE CENTER MEDIAN AND TRAVEL INTO THE EASTBOUND LANE, STRIKING VEHICLES #2, #3, AND #4."
1258644,3200005264,Missouri State Highway Patrol-Troop C,1582848000000,200111607,1,0,1,0,Personal Injury,ST. LOUIS,NON-CITY OR UNINCORPORATED,C,3,3,0,31,0.01,B ,W ,IS 270,CRD THEISS RD,Dark-Lighted,Motor Vehicle in Transport,1,61,Fri     ,0,0,0,0,0,0,0,1,0,0,0,0,0,0,0,0,0,0,0,0,1,0,0,1,0,38.50828,-90.35395,0,02/28/2020,18:44:00,"VEHICLES 1, 2, 3 WERE TRAVELING SOUTH ON INTERSTATE 270 IN LANE 3. DRIVER 2 SLOWED FOR CONGESTED TRAFFIC AHEAD. VEHICLE 3 WAS ALSO SLOWING, WHEN THE FRONT OF VEHICLE 1 STRUCK THE REAR OF VEHICLE 3. THE FRONT OF VEHICLE 3 TO STRUCK THE REAR OF VEHICLE 2."
1330001,3200005432,Missouri State Highway Patrol-Troop G,1582848000000,200111661,1,0,0,1,Personal Injury,HOWELL,NON-CITY OR UNINCORPORATED,G,1,1,0,316,0.06,A ,N,MO 17,CRD 8770,Dark-Unlighted,Overturn,2,,Fri     ,1,0,0,0,0,0,0,1,0,0,0,0,0,0,0,1,0,0,0,0,0,1,0,0,0,36.57775,-91.81912,0,02/28/2020,19:10:00,VEHICLE 1 RAN OFF THE RIGHT SIDE OF THE ROADWAY AND OVERTURNED.
1285615,3200006657,Missouri State Highway Patrol-Troop C,1582848000000,200111663,0,1,0,0,Fatal,ST. FRANCOIS,NON-CITY OR UNINCORPORATED,C,1,1,0,3168,0.6,A ,S ,RT OO,RT T,Dark-Unlighted,Fixed Object,2,,Fri     ,1,0,0,0,0,0,0,0,0,0,0,0,0,0,0,0,0,0,0,0,0,0,0,0,0,37.67157,-90.28951,1,02/28/2020,19:11:00,"FATALITY REPORT - VEHICLE 1 WAS TRAVELING SOUTHBOUND ON ROUTE OO, TRAVELED OFF THE RIGHT SIDE OF THE ROADWAY, STRUCK A FENCE, A GATE, AND A TREE. DRIVER 1 FATALITY PRONOUNCED AT PARKLAND HEALTH CENTER SOUTH AT 2018 HOURS BY DR. SCHMIDT. ASSISTED BY CPL. A. J. SHIBLEY (1408) AND TPR. B. M. BREEDLOVE (157)."
1040627,3200005995,Missouri State Highway Patrol-Troop I,1582848000000,200111669,1,0,0,1,Personal Injury,CRAWFORD,NON-CITY OR UNINCORPORATED,I,1,1,0,369,0.07,A ,E ,SOR 44,CRD S HOBBY HUT,Dark-Unlighted,Fixed Object,2,,Fri     ,1,0,0,0,0,0,0,0,0,0,0,0,0,0,0,0,0,0,0,0,1,0,0,1,0,38.1095,-91.33421,0,02/28/2020,19:15:00,"OCCURRED AS VEHICLE 1 TRAVELED OFF THE LEFT SIDE OF THE ROADWAY, TRAVELING  BACK ONTO THE ROADWAY. DRIVER 1 OVERCORRECTED, AND VEHCILE 1 TRAVELED OFF THE RIGHT SIDE OF THE ROADWAY OVERTURNING BEFORE COMING TO REST.  ASSISTED BY TPR J M VAN METER (1396)  TPR C M BARLCAY (135)  CRAWFORD COUNTY SHERIFF DEPARMENT CUBA FIRE DEPARTMENT"
830882,3200005259,Missouri State Highway Patrol-Troop A,1582848000000,200112020,1,0,1,0,Personal Injury,CLAY,KANSAS CITY,A,2,2,Y,459,0.09,B ,S ,IS 35,ERM SOUTH IS 35 MILE 72,Dark-Unlighted,Motor Vehicle in Transport,1,61,Fri     ,0,0,0,0,1,,,,,0,0,0,0,0,0,1,0,0,0,0,0,0,0,0,0,39.15441,-94.55983,0,02/28/2020,22:12:00,"CRASH OCCURRED AS VEH1 WAS BEING PURSUED BY A FULLY MARKED PATROL CAR, OVERTOOK AND STRUCK THE REAR OF VEH2.  DVR1 FLED THE SCENE ON FOOT.  ASSISTED BY CPL R J WILHOIT /1129/, TPR C A ADKISON /530/, TPR D R BECKER /219/, TPR B S GUNBY /349/, KANSAS CITY POLICE, CLAYCOMO POLICE AND CLAY COUNTY SHERIFF'S DEPARTMENT"
1502950,3200005191,Missouri State Highway Patrol-Troop H,1582934400000,200112177,1,0,0,1,Personal Injury,CALDWELL,NON-CITY OR UNINCORPORATED,H,1,1,0,2344,0.44,B ,E ,RT N,CRD 101,Dark-Unlighted,Fixed Object,2,,Fri     ,1,0,0,0,1,0,0,1,0,0,0,0,0,0,0,1,0,0,0,0,0,0,1,0,0,39.59719,-93.76695,0,02/28/2020,23:27:00,"OCCURRED AS NR1 WAS EASTBOUND. NR1 WENT OFF THE SOUTH SIDE OF THE ROAD BECAME AIRBORNE. NR1 STRUCK THE GROUND AND A BARB WIRE FENCE OVERTURNED MULTIPLE TIMES EJECTING DVR NR1. ASSISTED BY TPR C.D. OHARA (476), SO CALDWELL CO, AND BRAYMER FD."
1233296,3200005812,Missouri State Highway Patrol-Troop C,1582934400000,200112315,3,0,3,0,Personal Injury,JEFFERSON,NON-CITY OR UNINCORPORATED,C,2,2,0,0,0,AT,N,MO 141,RP 6262,Dark-Lighted,Motor Vehicle in Transport,1,60,Sat     ,1,0,0,0,0,0,0,1,0,1,0,0,0,0,0,1,0,0,0,0,0,0,0,0,0,38.46128,-90.42315,0,02/29/2020,00:30:00,VEHICLE 1 WAS TRAVELING NORTHBOUND ON ROUTE 141. VEHICLE 2 WAS TRAVELING SOUTHBOUND ON ROUTE 141. DRIVER 1 HAD A GREEN ELECTRIC SIGNAL AND PROCEEDED THROUGH THE INTERSECTION. DRIVER 2 FAILED TO STOP FOR A STEADY RED ELECTRIC SIGNAL AND EXECUTED A LEFT TURN INTO THE PATH OF VEHICLE 1. THE FRONT OF VEHICLE 2 STRUCK THE FRONT OF VEHICLE 1. ASSISTED BY TPR. J. D. PROCKNOW (1453) AND TPR. S. M. KMETZ (514).
1330015,3200005929,Missouri State Highway Patrol-Troop G,1582934400000,200112402,1,0,1,0,Personal Injury,HOWELL,NON-CITY OR UNINCORPORATED,G,1,1,0,58,0.01,B ,S ,US 63,BRIDGE L0467,Dark-Unlighted,Overturn,2,,Sat     ,0,0,0,0,0,0,0,0,0,0,0,0,0,0,0,0,0,0,0,0,0,0,0,0,1,36.69373,-91.80029,0,02/29/2020,05:00:00,CRASH OCCURRED AS VEH 1 RAN OFF ROADWAY AND OVERTURNED
1272356,3200005570,Missouri State Highway Patrol-Troop C,1582934400000,200112454,1,0,0,1,Personal Injury,PERRY,NON-CITY OR UNINCORPORATED,C,1,1,0,1858,0.35,B ,S ,RT C,CRD 458,Daylight,Fixed Object,2,,Sat     ,0,0,0,0,0,0,0,0,0,0,0,0,0,0,0,1,0,0,0,0,0,0,0,0,0,37.60973,-89.59552,0,02/29/2020,06:48:00,"VEHICLE #1 TRAVELED OFF THE RIGHT SIDE OF THE ROADWAY,STRUCK AN EMBANKMENT AND OVERTURNED.  DRIVER #1 WAS EJECTED."
1155422,3200005437,Missouri State Highway Patrol-Troop E,1582934400000,200112481,2,0,1,1,Personal Injury,SCOTT,NON-CITY OR UNINCORPORATED,E,1,1,0,1531,0.29,A ,N,US 61,PVT GRANT CITY DRIVE,Daylight,Fixed Object,2,,Sat     ,0,0,0,0,0,1,1,0,0,0,0,0,0,0,0,1,0,0,0,0,0,0,0,0,0,36.96452,-89.61944,0,02/29/2020,07:20:00,"CRASH OCCURRED AS VEHICLE ONE RAN OFF OF THE LEFT SIDE OF THE ROADWAY AND OVERTURNED, EJECTING OCCUPANTS"
801710,3200005720,Missouri State Highway Patrol-Troop A,1582934400000,200112575,2,0,0,2,Personal Injury,SALINE,NON-CITY OR UNINCORPORATED,A,1,1,0,438,0.08,B ,E ,RT C,CRD BRUNSWICK RD,Daylight,Fixed Object,2,,Sat     ,0,0,0,0,1,0,0,0,0,0,0,0,0,0,0,1,0,0,0,0,1,0,0,1,0,39.30081,-93.15085,0,02/29/2020,08:20:00,"THIS CRASH OCCURRED AS VEHICLE #1 WAS TRAVELING EASTBOUND ON HIGHWAY C AND TRAVELED OFF THE RIGHT SIDE OF THE ROADWAY. VEHICLE #1 OVERCORRECTED, TRAVELED BACK ONTO THE ROAD, TRAVELED OFF THE LEFT SIDE OF THE ROADWAY. VEHICLE #1 STRUCK A DITCH AND OVERTURNED. VEHICLE #1 CAME TO REST ON ITS WHEELS FACING EAST. BOTH OCCUPANTS WERE EJECTED DURING THE OVERTURNING SEQUENCE. ASSISTED BY SALINE COUNTY SHERIFF'S DEPARTMENT AND SLATER FIRE/EMS. ASSISTED BY TPR A D MARTIN /701/"
1222223,3200005533,Missouri State Highway Patrol-Troop C,1582934400000,200112746,1,0,1,0,Personal Injury,ST. LOUIS,BERKELEY,C,2,2,0,32,0.01,A ,W ,IS 70,IS 170,Daylight,Fixed Object,2,,Sat     ,,,,,,0,0,1,0,0,0,0,0,0,0,1,0,0,,0,1,0,0,1,0,38.7305,-90.33287,0,02/29/2020,09:47:00,"VEHICLE 1 WAS IN LANE 1 BEHIND VEHICLE 2.  DRIVER 1 LOST CONTROL,  TRAVELED OFF THE LEFT SIDE OF THE ROADWAY AND STRUCK THE MEDIAN. VEHICLE 1 RE-ENTERED THE ROADWAY AND STRUCK THE LEFT SIDE OF VEHICLE 2."
1040626,3200005324,Missouri State Highway Patrol-Troop I,1582934400000,200112783,1,0,1,0,Personal Injury,CRAWFORD,NON-CITY OR UNINCORPORATED,I,2,2,0,0,0,AT,N,MO 19,CRD OAKHILL CUTOFF ROAD,Daylight,Motor Vehicle in Transport,1,64,Sat     ,0,1,0,0,0,1,1,0,0,0,0,0,0,0,0,1,0,0,0,0,1,0,0,1,0,38.1078,-91.41978,0,02/29/2020,10:02:00,CRASH OCCURRED AS VEHICLE 1 STOPPED IN ROADWAY TO MAKE A LEFT TURN.  VEHICLE 2 PASSED VEHICLE 1 ON THE LEFT AND IMPACTED VEHICLE 1
794250,3200005310,Missouri State Highway Patrol-Troop A,1582934400000,200112865,1,0,1,0,Personal Injury,CASS,NON-CITY OR UNINCORPORATED,A,1,1,0,469,0.09,A ,S ,CST MAIN ST,CRD 272ND STREET,Daylight,Fixed Object,2,,Sat     ,0,0,0,0,0,1,1,0,0,0,0,0,0,0,0,1,0,0,0,0,0,0,0,0,0,38.62921,-94.58644,0,02/29/2020,10:30:00,"CRASH OCCURRED AS VEHICLE 1 TRAVELED OFF LEFT SIDE OF ROAD AND STRUCK A SIGN.VEHICLE 1 THEN STRUCKTHE SOUTHEAST CORNER OF A RESIDENCE, COMING TO REST. ASSISTED BY CASS COUNTY SHERIFFS OFFICE AND HARRISONVILLE FIRE."
1205160,3200005370,Missouri State Highway Patrol-Troop F,1582934400000,200113331,2,0,2,0,Personal Injury,COOPER,NON-CITY OR UNINCORPORATED,F,1,1,0,596,0.11,B ,S ,MO 41,CRD IMHOFF DR,Daylight,Overturn,2,,Sat     ,0,0,0,0,1,0,0,0,0,0,0,0,0,0,0,1,0,0,0,0,0,1,0,0,0,38.98539,-92.94205,0,02/29/2020,14:20:00,DRIVER 1 FAILED TO NEGOTIATE A TURN.  VEHICLE 1 WENT OFF THE RIGHT SIDE OF THE ROADWAY AND OVERTURNED.  BOTH DRIVER 1 AND PASSENGER 1 WERE EJECTED.
1221656,3200005194,Missouri State Highway Patrol-Troop C,1582934400000,200113423,1,0,1,0,Personal Injury,FRANKLIN,PARKWAY,C,2,2,0,26,0,B ,W ,MO 30,CST PARKWAY DR,Daylight,Motor Vehicle in Transport,1,61,Sat     ,0,0,0,0,0,0,1,0,0,0,0,0,0,0,0,1,0,0,0,0,0,0,0,0,0,38.33453,-90.96751,0,02/29/2020,15:05:00,VEHICLE 1 WAS STOPPING FOR A STOPPED VEHICLE AHEAD. THE FRONT OF VEHICLE 2 STRUCK THE REAR OF VEHICLE 1.
1233282,3200007085,Missouri State Highway Patrol-Troop C,1582934400000,200113573,1,0,1,0,Personal Injury,JEFFERSON,NON-CITY OR UNINCORPORATED,C,1,1,0,454,0.09,A ,E ,CRD STATE HWY A OLD,PVT TWIN OAKS DR,Daylight,Fixed Object,2,,Sat     ,0,1,0,0,0,0,0,0,0,0,0,0,0,0,0,1,0,0,0,0,0,0,0,0,0,38.23591,-90.45,0,02/29/2020,16:20:00,"VEHICLE 1 WAS TRAVELING EASTBOUND ON OLD HIGHWAY A, TRAVELED OFF THE RIGHT SIDE OF THE ROADWAY, AND STRUCK A HOUSE. ASSISTED BY CPL A. R. FLANNERY (551)."
1043489,3200005993,Missouri State Highway Patrol-Troop I,1582934400000,200113585,1,0,1,0,Personal Injury,LACLEDE,NON-CITY OR UNINCORPORATED,I,1,1,0,63,0.01,A ,E ,RT E,RT NN,Daylight,Fixed Object,2,,Sat     ,0,0,0,0,1,1,1,0,0,0,0,0,0,0,0,1,0,0,0,0,1,0,0,1,0,37.8311,-92.75928,0,02/29/2020,16:09:00,CRASH OCCURRED AS VEHICLE 1 TRAVELED OFF THE RIGHT SIDE OF THE ROADWAY.  VEHICLE 1 RETURNED TO THE ROADWAY THEN TRAVELED OFF THE LEFT SIDE OF THE ROADWAY AND STRUCK AN EMBANKMENT