objectid,accident,agency,inv_date,complaint,injured,killed,min_inj,dis_inj,severity,county,city,troop,no_vehicle,motor_veh,left_scene,dist_feet,dist_mile,inter_loc,direction,on_street,at_street,light_cond,acc_type,on_off_rd,two_veh,day_week,dr_drink,dr_drug,ped_drink,ped_drug,speed,dr_under21,dr_under25,dr_over55,dr_over64,electrical,emer_veh,stop_sign,yield_sign,czone,hazmat,aggressive,cell_phone,texting,veh_defect,school_bus,truck,motorcycle,atv,pickup,cmv,gps_lat,gps_long,severity_fatal,acc_date,acc_time,narrative
1320339,3200005243,Missouri State Highway Patrol-Troop G,1582934400000,200113592,1,0,0,1,Personal Injury,TEXAS,NON-CITY OR UNINCORPORATED,G,1,1,0,955,0.18,A ,N,MO 17,BRIDGE A4459,Daylight,Overturn,2,,Sat     ,0,0,0,0,0,0,0,1,0,0,0,0,0,0,0,0,0,0,0,0,0,1,0,0,0,37.32862,-92.00221,0,02/29/2020,16:30:00,"VEHICLE 1 WAS NORTHBOUND ON HIGHWAY 17.  DRIVER 1 FAILED TO KEEP A PROPER  LOOKOUT, CAUSING VEHICLE 1 TO TRAVEL OFF THE RIGHT SIDE OF THE ROADWAY.  VEHICLE 1 OVERTURNED, EJECTING DRIVER 1."
1317998,3200005319,Missouri State Highway Patrol-Troop G,1582934400000,200113665,1,0,0,1,Personal Injury,OZARK,NON-CITY OR UNINCORPORATED,G,1,1,0,2597,0.49,B ,W ,CRD 830,CRD 844,Daylight,Fell/Jumped from MV,1,,Sat     ,0,0,0,0,0,0,0,0,0,0,0,0,0,0,0,0,0,0,0,0,1,0,0,1,0,36.70017,-92.60876,0,02/29/2020,17:02:00,CRASH OCCURRED AS VEHICLE ONE WAS TRAVELING EASTBOUND AND THE PASSENGER FELL OFF THE TAILGATE AND STRUCK HIS HEAD
1307959,3200005486,Missouri State Highway Patrol-Troop C,1582934400000,200114017,1,0,1,0,Personal Injury,JEFFERSON,NON-CITY OR UNINCORPORATED,C,2,2,0,0,0,AT,W ,RT A,RT Z,Dark-Lighted,Motor Vehicle in Transport,1,60,Sat     ,,,,,,0,0,0,0,1,0,0,0,0,0,,0,0,,0,0,0,0,0,0,38.24701,-90.48482,0,02/29/2020,20:05:00,"VEHICLE #1 TRAVELING EASTBOUND ROUTE A. VEHICLE #2 TRAVELING WESTBOUND  ROUTE A. VEHICLE #1 TURNED LEFT ONTO ROUTE Z, AND THE FRONT OF VEHICLE #1 STRUCK THE FRONT OF VEHICLE #2."
1159184,3200007343,Missouri State Highway Patrol-Troop E,1582934400000,200114178,4,1,0,4,Fatal,SCOTT,SIKESTON,E,2,2,0,10,0,A ,W ,CST SALCEDO RD,CST COLUMBINE,Dark-Lighted,Motor Vehicle in Transport,1,60,Sat     ,1,0,0,0,0,0,1,0,0,0,0,1,0,0,0,1,0,0,0,0,0,0,0,0,0,0,0,1,02/29/2020,21:15:00,FATALITY CRASH. CRASH OCCURRED AS VEHICLE 1 RAN STOP SIGN AND STRUCK VEHICLE 2 HEAD ON. OCCUPANT OF VEHICLE 2 PRONOUNCED BY DR. ALDANA AT 2157 AT MISSOURI DELTA MEDICAL CENTER - NEXT OF KIN NOTIFIED. TROOP E FATALITY #5 OF 2020.
810445,3200005780,Missouri State Highway Patrol-Troop A,1582934400000,200114416,1,0,1,0,Personal Injury,RAY,NON-CITY OR UNINCORPORATED,A,1,1,Y,443,0.08,B ,E ,RT U,CRD LINCOLN LN,Dark-Unlighted,Pedestrian,1,,Sat     ,0,0,1,0,0,,,,,0,0,0,0,0,0,0,0,0,0,,,,,,,39.35963,-94.135,0,02/29/2020,23:15:00,CRASH OCCURRED AS VEHICLE1 WAS TRAVELING EASTBOUND AND PEDESTRIAN1 WAS WALKING WESTBOUND ON ROUTE U. PEDESTRIAN1 WAS WALKING IN THE EASTBOUND LANES AND WAS STRUCK BY VEHICLE1. VEHICLE1 LEFT THE SCENE WITHOUT STOPPING.
794251,3200006027,Missouri State Highway Patrol-Troop A,1583020800000,200114554,2,0,1,1,Personal Injury,CASS,NON-CITY OR UNINCORPORATED,A,1,1,0,3695,0.7,B ,W ,RT B,CRD CONNELLY LANE,Dark-Unlighted,Fixed Object,2,,Sun     ,0,0,0,0,0,1,1,0,0,0,0,0,0,0,0,1,0,0,0,0,0,0,0,0,0,38.4844,-94.239,0,03/01/2020,00:40:00,"CRASH OCCURRED AS VEH1 TRAVELED OFF ROADWAY, BECAME AIRBORNE AND OVERTURNED, COMING TO REST ON ITS WHEELS."
1148641,3200005665,Missouri State Highway Patrol-Troop E,1583020800000,200114584,2,0,0,2,Personal Injury,STODDARD,NON-CITY OR UNINCORPORATED,E,1,1,0,2640,0.5,B ,N,CRD 683,CRD 642,Dark-Unlighted,Fixed Object,2,,Sun     ,1,0,0,0,0,0,0,0,0,0,0,0,0,0,0,1,0,0,0,0,0,0,1,0,0,36.74702,-90.13596,0,03/01/2020,01:07:00,"CRASH OCCURRED AS VEHICLE 1 FAILED TO NEGOTIATE CURVE, RAN OFF RIGHT SIDE OF ROAD, STRUCK A DITCH, AND OVERTURNED."
1232419,3200006108,Missouri State Highway Patrol-Troop C,1583020800000,200114593,0,1,0,0,Fatal,JEFFERSON,ARNOLD,C,1,1,0,110,0.02,A ,N,MO 141,EOR 141,Dark-Lighted,Fixed Object,2,,Sun     ,0,1,0,0,0,0,0,0,0,0,0,0,0,0,0,1,0,0,0,0,0,0,0,0,0,38.43932,-90.3877,1,03/01/2020,01:15:00,LATE DEATH REPORT - VEHICLE #1 TRAVELED OFF THE LEFT SIDE OF THE ROADWAY INTO THE MEDIAN AND STRUCK A GUARD RAIL END. DRIVER #1 PRONOUNCED AT 0654 HOURS ON 03/01/2020 BY DR. BRUCE JONES AT MERCY HOSPITAL SOUTH.
1023754,3200005460,Missouri State Highway Patrol-Troop D,1583020800000,200114598,2,0,0,2,Personal Injury,TANEY,FORSYTH,D,1,1,0,929,0.18,A ,W ,US 160,CRD CASEY ROAD,Dark-Unlighted,Fixed Object,2,,Sun     ,1,0,0,0,1,0,0,0,0,0,0,0,0,0,0,1,0,0,0,0,0,0,0,0,0,36.71137,-93.12511,0,03/01/2020,01:12:00,VEHICLE 1 RAN OFF THE ROADWAY AND OVERTURNED.
910635,3200005987,Missouri State Highway Patrol-Troop D,1583020800000,200114652,0,1,0,0,Fatal,GREENE,NON-CITY OR UNINCORPORATED,D,1,1,0,200,0.04,B ,N,MO 13,CRD PINEWOOD DR,Dark-Unlighted,Fixed Object,2,,Sun     ,1,0,0,0,0,0,1,0,0,0,0,0,0,0,0,1,0,0,0,0,1,0,0,1,0,37.34885,-93.32939,1,03/01/2020,02:00:00,"FATALITY ACCIDENT. THIS IS TROOP D'S 18TH FATALITY FOR 2020. NEXT OF KIN HAS BEEN NOTIFIED. OCCURRED AS VEH1 RAN OFF THE ROADWAY, OVERTURNED, AND EJECTED THE DRIVER. DRIVER WAS PRONOUNCED ON SCENE BY DR JONES AT 0249 HOURS.  ASSISTED BY TPR J.R. RORIE #971"
837759,3200005773,Missouri State Highway Patrol-Troop A,1583020800000,200114654,2,0,2,0,Personal Injury,LAFAYETTE,NON-CITY OR UNINCORPORATED,A,1,1,0,353,0.07,A ,E ,RT AA,CRD HARRISON,Dark-Unlighted,Fixed Object,2,,Sun     ,1,0,0,0,0,1,1,0,0,0,0,0,0,0,0,1,0,0,0,0,0,0,0,0,0,39.04243,-93.60937,0,03/01/2020,02:00:00,"CRASH OCCURRED AS VEHICLE WAS TRAVELING EASTBOUND ON HIGHWAY AA. VEHICLE TRAVELED OFF THE SOUTH SIDE OF THE ROAD AND DRIVER OVERCORRECTED, CAUSING VEHICLE TO TRAVEL OFF THE NORTH SIDE OF THE ROAD. VEHICLE STRUCK AN EMBANKMENT BEFORE COMING TO REST. ASSISTED BY LAFAYETTE COUNTY SHERIFF'S OFFICE AND CORDER FIRE DEPARTMENT."
1219901,3200005449,Missouri State Highway Patrol-Troop C,1583020800000,200114677,1,0,1,0,Personal Injury,FRANKLIN,NON-CITY OR UNINCORPORATED,C,1,1,0,1235,0.23,A ,N,CRD HARDECKE RD,CRD ELMONT RD SJ,Dark-Unlighted,Fixed Object,2,,Sun     ,1,0,0,0,0,1,1,0,0,0,0,0,0,0,0,0,0,0,0,0,0,0,0,0,0,38.24506,-91.24631,0,03/01/2020,03:05:00,"VEHICLE #1 TRAVELED OFF LEFT SIDE OF THE ROADWAY, STRUCK THE DITCH, AND OVERTURNED."
810446,3200005392,Missouri State Highway Patrol-Troop A,1583020800000,200114678,1,0,0,1,Personal Injury,RAY,NON-CITY OR UNINCORPORATED,A,1,1,0,1256,0.24,A ,S ,CRD MANNING RD,CRD HICKORY GROVE RD,Dark-Unlighted,Fixed Object,2,,Sun     ,0,0,0,0,1,0,0,0,0,0,0,0,0,0,0,1,0,0,0,0,1,0,0,1,0,39.3084,-93.90406,0,03/01/2020,01:25:00,CRASH OCCURRED AS VEHICLE WAS TRAVELING SOUTHBOUND ON MANNING. VEHICLE TRAVELED OFF RIGHT SIDE OF THE ROAD AND STRUCK A CULVERT BEFORE COMING TO REST.
1206126,3200006283,Missouri State Highway Patrol-Troop C,1583020800000,200115232,3,0,3,0,Personal Injury,ST. LOUIS,NON-CITY OR UNINCORPORATED,C,2,2,0,528,0.1,A ,E ,IS 44,ERM EAST IS 44 MILE 2696,Daylight,Motor Vehicle in Transport,1,61,Sun     ,0,0,0,0,0,1,1,0,0,0,0,0,0,0,0,1,0,0,0,0,0,0,0,0,0,38.52371,-90.54462,0,03/01/2020,12:00:00,VEHICLE 2 WAS IN LANE 2 FOLLOWED BY VEHICLE 1. TRAFFIC SLOWED DUE TO PRIOR TRAFFIC CRASH AND THE FRONT OF VEHICLE 1 STRUCK THE REAR OF VEHICLE 2
837760,3200005273,Missouri State Highway Patrol-Troop A,1583020800000,200115310,1,0,1,0,Personal Injury,LAFAYETTE,NON-CITY OR UNINCORPORATED,A,1,1,0,1554,0.29,A ,E ,MO 224,CRD SHADY LANE,Daylight,Fixed Object,2,,Sun     ,0,0,0,0,0,0,0,0,0,0,0,0,0,0,0,1,0,0,1,0,0,1,0,0,0,39.13387,-93.96262,0,03/01/2020,12:30:00,"CRASH OCCURRED AS VEHICLE 1 TRAVELED OFF THE RIGHT SIDE OF THE RD STRUCK A ROCK EMBANKMENT, VEHICLE 1 OVERTURNED AND DRIVER 1 WAS EJECTED. ASSISTED BY MSGT A V DILLON /990/"
1336076,3200005491,Missouri State Highway Patrol-Troop G,1583020800000,200115368,1,0,0,1,Personal Injury,DOUGLAS,NON-CITY OR UNINCORPORATED,G,1,1,0,723,0.14,B ,W ,MO 76,BRIDGE B0434,Daylight,Fixed Object,2,,Sun     ,0,0,0,0,1,0,1,0,0,0,0,0,0,0,0,1,0,0,0,0,0,0,0,0,0,36.95303,-92.51115,0,03/01/2020,12:45:00,"CRASH OCCURRED AS DRIVER FAILED TO NEGOTIATE A CURVE CAUSING VEHICLE TO CROSS THE CENTERLINE SKID OFF THE LEFT SIDE OF THE ROADWAY, STRIKING A DITCH AND OVERTURNED, EJECTING THE DRIVER.   ASSISTED BY CPL. N J BRITT (368) AND DOUGLAS COUNTY SHERIFF'S OFFICE"
1290782,3200005718,Missouri State Highway Patrol-Troop C,1583020800000,200115401,1,0,1,0,Personal Injury,ST. CHARLES,ST CHARLES,C,2,2,0,400,0.08,A ,W ,IS 70,ERM WEST IS 70 MILE 2272,Daylight,Fixed Object,2,,Sun     ,0,0,0,0,0,0,0,0,0,0,0,0,0,0,0,0,0,0,0,0,1,0,0,1,0,38.78647,-90.53164,0,03/01/2020,13:15:00,"VEHICLE #1 TRAVELED OFF THE RIGHT SIDE OF THE ROADWAY,  STRUCK A DITCH, AND RETURNED TO THE ROADWAY. VEHICLE #1 STRUCK VEHICLE #2, AND THEN VEHICLE #1 OVERTURNED."
1181867,3200006916,Missouri State Highway Patrol-Troop F,1583020800000,200115797,1,1,0,1,Fatal,OSAGE,WESTPHALIA,F,1,1,0,543,0.1,B ,S ,US 63,CRD 511,Daylight,Fixed Object,2,,Sun     ,0,0,0,0,0,0,0,1,1,0,0,0,0,0,0,0,0,0,0,0,0,0,0,0,0,38.4444,-92.00459,1,03/01/2020,16:18:00,"FATALITY CRASH - VEHICLE 1 TRAVELED OFF THE RIGHT SIDE OF THE ROADWAY, STRUCK A METAL POST AND OVERTURNED, STRIKING ANOTHER METAL POST AND A BUILDING. OCCUPANT 1 PRONOUNCED ON SCENE AT 1729 BY OSAGE COUNTY DEPUTY CORONER MIKE THOMAS.  THIS IS TROOP F FATALITY NUMBER 1 FOR MARCH AND NUMBER 7 FOR 2020.  ASSISTED BY TPR B BAKER (226), TPR S WASHABAUGH (1266), OSAGE COUNTY SHERIFF'S OFFICE AND MARIES COUNTY SHERIFF'S OFFICE."
1293660,3200006131,Missouri State Highway Patrol-Troop C,1583020800000,200116050,1,0,1,0,Personal Injury,ST. LOUIS,FLORISSANT,C,2,2,Y,5,0,B ,E ,IS 270,RP 104128,Dark-Lighted,Motor Vehicle in Transport,1,63,Sun     ,0,0,0,0,0,,,,,0,0,0,0,0,,1,0,0,0,0,0,0,0,0,1,38.77302,-90.31133,0,03/01/2020,18:15:00,"VEHICLE 2 CHANGED LANES INTO THE PATH OF VEHICLE 1, STRIKING VEHICLE 1 AND CAUSING VEHICLE 1 TO TRAVEL OFF THE LEFT SIDE OF THE ROAD AND STRIKE THE MEDIAN WALL. VEHICLE 2 THEN LEFT THE SCENE OF THE CRASH."
867593,3200007662,Missouri State Highway Patrol-Troop A,1583020800000,200116211,1,1,1,0,Fatal,PETTIS,SEDALIA,A,4,4,0,0,0,AT,N,US 65,CST W 32ND ST,Dark-Lighted,Motor Vehicle in Transport,1,64,Sun     ,1,0,0,0,1,0,0,0,0,1,1,0,0,0,0,1,0,0,0,0,1,0,0,1,0,38.68387,-93.25131,1,03/01/2020,20:26:00,"***FATAL CRASH***NEXT OF KIN NOTIFIED***TROOP A FATAL CRASH #7, FATALITY #8 FOR 2020***CRASH OCCURRED AS VEHICLE 1 WAS TRAVELING NORTHBOUND ON US65. VEHICLE1 FAILED TO STOP FOR A RED LIGHT AND STRUCK WESTBOUND VEHICLE 2. VEHICLE 2 THEN STRUCK VEHICLE 3 AND DRIVER 2 WAS EJECTED. VEHICLE 1 CAME TO REST FACING NORTH WHILE VEHICLES 2 AND 3 CAME TO REST FACING SOUTH. DRIVER 2 WAS PRONOUNCED AT 2205 BY DR. S. WILSON AT BOTHWELL REGIONAL HEALTH CENTER. ASSISTED BY MSGT. M.D. DEGRAFFENREID (334), MCIU TEAM #1 MSGT. J.M. TOAL (967), MSGT. C.E. UTTERBACK (688), CPL. R.J. CHAPMAN (343), CPL. J.D. OWENS (876), CPL. N.A. PEREZ (1426), TPR. D.M. BRIDGES (248), TPR. B.G. KATZING (928) TPR. A.L. ROYSTER (941), TPR. J.H. VISLAY (1437), PETTIS COUNTY SHERIFF'S DEPARTMENT, HENRY COUNTY SHERIFF'S DEPARTMENT, AND SEDALIA POLICE DEPARTMENT."
838289,3200005775,Missouri State Highway Patrol-Troop A,1583020800000,200116413,1,0,1,0,Personal Injury,LAFAYETTE,WAVERLY,A,2,2,0,36,0.01,A ,W ,US 24,CST BLUFF,Dark-Lighted,Motor Vehicle in Transport,1,64,Sun     ,1,0,0,0,0,0,1,0,0,0,0,1,0,0,0,1,0,0,0,0,1,0,0,0,1,39.207,-93.52408,0,03/01/2020,23:10:00,"CRASH OCCURRED AS VEHICLE1 WAS TRAVELING SOUTHBOUND ON BLUFF AND VEHICLE2 WAS TRAVELING EASTBOUND ON US24. VEHICLE1 FAILED TO STOP AT AN INTERSECTION AND WAS STRUCK WHEN IT TRAVELED INTO THE PATH OF VEHICLE2. ASSISTED BY MSGT. C.E. UTTERBACK (688), CPL. N.A. PEREZ (1426), AND LAFAYETTE COUNTY SHERIFF'S OFFICE."
837758,3200005777,Missouri State Highway Patrol-Troop A,1583107200000,200116472,1,0,1,0,Personal Injury,LAFAYETTE,NON-CITY OR UNINCORPORATED,A,1,1,0,95,0.02,B ,E ,IS 70,BRIDGE L0406,Dark-Unlighted,Fixed Object,2,,Mon     ,0,0,0,0,0,0,0,0,0,0,0,0,0,0,0,1,0,0,0,0,1,0,0,0,1,39.01441,-94.10763,0,03/02/2020,01:30:00,"CRASH OCCURRED AS VEHICLE WAS TRAVELING EASTBOUND ON I70. VEHICLE TRAVELED OFF THE RIGHT SIDE OF THE ROAD AND STRUCK THE GUARDRAIL END. VEHICLE THEN TRAVELED ACROSS THE ROAD AND OFF THE LEFT SIDE OF THE ROAD, STRIKING ANOTHER GUARDRAIL. VEHICLE CAME TO REST PARTIALLY BLOCKING THE LEFT LANE. ASSISTED BY BATES CITY POLICE DEPARTMENT, LAFAYETTE COUNTY SHERIFF'S OFFICE, AND SNI VALLEY FIRE PROTECTION DISTRICT."
1037201,3200007961,Missouri State Highway Patrol-Troop I,1583107200000,200116496,2,1,0,2,Fatal,PHELPS,NON-CITY OR UNINCORPORATED,I,2,2,0,353,0.07,B ,S ,US 63,CRD 8010 NJ,Dark-Unlighted,Motor Vehicle in Transport,2,64,Mon     ,0,0,0,0,0,0,0,1,0,0,0,0,0,0,0,0,0,0,0,0,1,0,0,1,0,38.01077,-91.77524,1,03/02/2020,05:06:00,"FATALITY CRASH - NEXT OF KIN HAS BEEN NOTIFIED - CRASH OCCURRED AS VEHICLE 1 WAS ATTEMPTING TO MAKE A U-TURN AND WAS STRUCK BY VEHICLE 2.  DRIVER 1 WAS PRONOUNCED ON THE SCENE AT 0550 HRS BY PHELPS COUNTY CORONER ANDY DAVIS.  THIS IS TROOP I'S 2ND FATALITY FOR THE MONTH OF MARCH AND 6TH FOR THE YEAR.  ASSISTED BY MSGT S.D. ALTERMATT (158), TPR J.M. VANMETER (1396) AND TPR R.A. TYLER (428)"
1506711,3200005735,Missouri State Highway Patrol-Troop H,1583107200000,200117058,2,0,0,2,Personal Injury,DEKALB,NON-CITY OR UNINCORPORATED,H,2,2,0,0,0,AT,E ,MO 6,CST SW HILLTOP AVE,Daylight,Motor Vehicle in Transport,1,64,Mon     ,0,0,0,0,0,0,0,1,1,0,0,1,0,0,0,1,0,0,0,0,1,0,0,1,0,39.81586,-94.55562,0,03/02/2020,10:45:00,"CRASH OCCURRED AS VEHICLE 1 MADE A LEFT HAND TURN ONTO MO 6 INTO THE PATH OF VEHICLE 2 CAUSING THE FRONT DRIVER'S SIDE BUMPER OF VEHICLE 2 TO STRIKE THE REAR PASSENGER SIDE OF VEHICLE 1.  VEHICLE 1 CAME TO REST FACING WEST BLOCKING MO 6.  VEHICLE 2 CAME TO REST FACING NORTH OFF OF THE EAST SIDE OF THE ROADWAY.  ASSISTED BY TPR. M.S. CLINE (440), THE CLARKSDALE FIRE DEPARTMENT AND THE DEKALB COUNTY EMS."
1307955,3200005844,Missouri State Highway Patrol-Troop C,1583107200000,200117150,1,0,1,0,Personal Injury,JEFFERSON,NON-CITY OR UNINCORPORATED,C,4,4,0,26,0,B ,W ,RT M,PVT CATLIN RD,Daylight,Motor Vehicle in Transport,1,61,Mon     ,0,0,0,0,0,0,0,1,1,1,0,0,0,0,0,0,0,0,0,0,1,0,0,1,1,38.34963,-90.40333,0,03/02/2020,11:35:00,"VEHICLES 1 AND 2  WERE STOPPED IN THE  LEFT LANE OF HIGHWAY M AT A STOP LIGHT.  VEHICLE 3 WAS STOPPED IN THE RIGHT LANE OF HIGHWAY M AT A STOP LIGHT.  VEHICLE 4 WAS IN THE LEFT LANE OF WESTBOUND HIGHWAY M APPROACHING THE REAR OF VEHICLE 3.  VEHICLES 1, 2 AND 3 BEGAN TO  TRAVEL  WHEN LIGHT CHANGED FROM RED TO GREEN AND THE FRONT OF VEHICLE 4 STRUCK THE REAR OF VEHICLE 3.  VEHICLE 3 WAS FORCED INTO THE LEFT SIDE OF VEHICLE 2  AND THE RIGHT REAR CORNER OF VEHICLE 1.  ASSISTED BY TPR. L.M. BOLTON (260) AND TPR. S.G. HASSELL (361)"
1144723,3200005439,Missouri State Highway Patrol-Troop E,1583107200000,200117396,1,0,1,0,Personal Injury,NEW MADRID,NON-CITY OR UNINCORPORATED,E,1,1,0,42,0.01,A ,S ,IS 55,ERM SOUTH IS 55 MILE 538,Daylight,Fixed Object,2,,Mon     ,0,0,0,0,0,0,0,1,0,0,0,0,0,0,0,0,0,0,0,0,1,0,0,0,1,36.69581,-89.5383,0,03/02/2020,13:25:00,CRASH OCCURRED AS VEHICLE 1 RAN OFF THE RIGHT SIDE OF THE ROADWAY AND OVERTURNED.
1311799,3200006563,Missouri State Highway Patrol-Troop C,1583107200000,200117574,3,0,3,0,Personal Injury,ST. CHARLES,ST PETERS,C,2,2,0,580,0.11,B ,E ,RP 1042576,MO 94,Daylight,Motor Vehicle in Transport,1,64,Mon     ,0,0,0,0,0,0,0,1,1,0,0,0,0,0,0,0,0,0,0,0,0,0,0,0,0,38.73604,-90.63892,0,03/02/2020,14:50:00,VEHICLE 1 WAS FLEEING FROM ST. CHARLES POLICE DEPARTMENT AND TRAVELED WESTBOUND UP THE EASTBOUND RAMP OF HIGHWAY 364 TO HIGHWAY 94. THE FRONT OF VEHICLE 1 STRUCK THE FRONT OF VEHICLE 2.
947778,3200006595,Missouri State Highway Patrol-Troop D,1583107200000,200117701,1,0,1,0,Personal Injury,BARTON,NON-CITY OR UNINCORPORATED,D,1,1,0,248,0.05,A ,W ,MO 126,RT O,Daylight,Fixed Object,2,,Mon     ,0,0,0,0,1,0,0,1,0,0,0,0,0,0,0,1,0,0,0,0,0,0,0,0,1,37.40139,-94.4106,0,03/02/2020,16:00:00,CRASH OCCURRED AS VEHICLE #1 RAN OFF THE ROADWAY AND STRUCK A SPEEDING LIMIT SIGN.
862461,3200005962,Missouri State Highway Patrol-Troop A,1583107200000,200117879,1,0,1,0,Personal Injury,JACKSON,KANSAS CITY,A,6,6,0,68,0.01,B ,N,IS 435,CST LEVEE RD,Daylight,Motor Vehicle in Transport,1,61,Mon     ,0,0,0,0,0,0,1,1,1,0,0,0,0,0,0,1,0,0,0,0,1,0,0,1,0,39.14553,-94.49836,0,03/02/2020,16:53:00,CRASH OCCURRED AS ALL VEHICLES WERE SLOWING DUE TO TRAFFIC CONGESTION.  VEHICLE 1 STRUCK THE REAR OF VEHICLE 2 CAUSING A CHAIN REACTION CRASH.  ASSISTED BY LT R C FLETCHER /71/
853592,3200005843,Missouri State Highway Patrol-Troop A,1583107200000,200118065,1,0,0,1,Personal Injury,PETTIS,NON-CITY OR UNINCORPORATED,A,1,1,0,42,0.01,B ,N,MO 127,CO MO 127 TO UPTON RD,Dark-Unlighted,Fixed Object,2,,Mon     ,1,0,0,0,1,0,0,0,0,0,0,0,0,0,0,1,0,0,0,0,1,0,0,1,0,38.56883,-93.4179,0,03/02/2020,18:09:00,"CRASH OCCURRED  AS VEHICLE 1 TRAVELED OFF THE LEFT SIDE OF THE ROADWAY STRIKING A UTILITY POLE BEFORE OVERTURNING THREE TIMES, COMING TO REST IN A FIELD. ASSISTED BY PETTIS COUNTY SHERIFF'S OFFICE"
905445,3200005552,Missouri State Highway Patrol-Troop D,1583107200000,200118240,1,0,0,1,Personal Injury,CHRISTIAN,NON-CITY OR UNINCORPORATED,D,1,1,0,121,0.02,B ,E ,RT T,CRD LOST CREEK RD,Dark-Unlighted,Fixed Object,2,,Mon     ,1,0,0,0,1,0,0,0,0,0,0,0,0,0,0,1,0,0,0,0,0,0,0,0,0,36.96572,-92.98111,0,03/02/2020,20:45:00,"NR1 RAN OFF THE ROADWAY AND STRUCK AN EMBANKMENT, AND OVERTURNED ONTO ITS TOP."
1307975,3200006229,Missouri State Highway Patrol-Troop C,1583193600000,200118459,1,0,1,0,Personal Injury,JEFFERSON,NON-CITY OR UNINCORPORATED,C,1,1,0,26,0,B ,S ,RP 6270,RT M,Dark-Lighted,Fixed Object,2,,Tue     ,0,0,0,0,1,1,1,0,0,0,0,0,1,0,0,1,0,0,0,0,0,0,0,0,0,38.34846,-90.39642,0,03/03/2020,00:55:00,"VEHICLE 1 WAS TRAVELING SOUTHBOUND ON THE RAMP FROM INTERSTATE 55 TO ROUTE M, TRAVELED OFF THE EAST SIDE OF THE ROADWAY, AND STRUCK THE CONCRETE BARRIER."
1307977,3200006227,Missouri State Highway Patrol-Troop C,1583193600000,200118502,1,0,1,0,Personal Injury,JEFFERSON,NON-CITY OR UNINCORPORATED,C,1,1,0,496,0.09,B ,E ,CRD BUTCHER BRANCH RD,PVT FOX GLEN RD,Dark-Unlighted,Fixed Object,2,,Tue     ,1,0,0,0,0,0,0,0,0,0,0,0,0,0,0,1,0,0,0,0,1,0,0,1,0,38.22478,-90.60732,0,03/03/2020,03:15:00,"VEHICLE 1 WAS TRAVELING EASTBOUND ON BUTCHER BRANCH ROAD, TRAVELED OFF THE RIGHT SIDE OF THE ROADWAY, AND STRUCK A TREE."
1231770,3200005556,Missouri State Highway Patrol-Troop C,1583193600000,200118535,2,0,2,0,Personal Injury,LINCOLN,NON-CITY OR UNINCORPORATED,C,2,2,0,0,0,AT,S ,MO 47,RT J,Dark-Unlighted,Motor Vehicle in Transport,1,60,Tue     ,0,0,0,0,0,0,0,0,0,1,0,0,0,0,0,1,0,0,0,1,1,0,0,0,1,38.97706,-91.00249,0,03/03/2020,06:05:00,VEHICLE #1 FAILED TO YIELD TO VEHICLE #2.  VEHICLE #1 MADE A LEFT TURN DIRECTLY IN FRONT OF VEHICLE #2 AND THE FRONT OF VEHICLE #1 STRUCK THE FRONT OF VEHICLE #2.  ASSISTED BY MSGT S.A. MILLER (1184)
901761,3200005849,Missouri State Highway Patrol-Troop D,1583193600000,200118582,1,0,1,0,Personal Injury,ST. CLAIR,NON-CITY OR UNINCORPORATED,D,1,1,0,1953,0.37,A ,N,MO 13,CRD NE 301,Daylight,Overturn,2,,Tue     ,0,0,0,0,0,0,0,0,0,0,0,0,0,0,1,0,0,0,0,0,0,0,0,0,1,38.18004,-93.72676,0,03/03/2020,06:45:00,NR1 RAN OFF ROADWAY AND OVERTURNED.
1233980,3200005713,Missouri State Highway Patrol-Troop C,1583193600000,200118658,2,0,2,0,Personal Injury,ST. LOUIS,CHESTERFIELD,C,3,3,0,0,0,AT,W ,NOR 64,CST TIMBERLAKE MANOR DR,Daylight,Motor Vehicle in Transport,1,64,Tue     ,0,0,0,0,0,0,1,1,0,1,0,0,0,0,0,1,0,0,0,0,0,0,0,0,0,38.64724,-90.53023,0,03/03/2020,07:25:00,VEHICLE 1 STRUCK VEHICLE 3. VEHICLE 1 THEN STRUCK VEHICLE 2. ASSISTED BY MSGT. D.F. ISRINGHAUSEN (1335).
1148642,3200005586,Missouri State Highway Patrol-Troop E,1583193600000,200119051,1,0,1,0,Personal Injury,STODDARD,NON-CITY OR UNINCORPORATED,E,1,1,0,2640,0.5,A ,E ,RT Z,CRD 755,Daylight,Overturn,1,,Tue     ,0,0,0,0,0,0,0,0,0,0,0,0,0,0,0,1,0,0,0,0,1,0,0,0,1,36.67179,-89.84589,0,03/03/2020,10:30:00,"CRASH OCCURRED AS VEH 1 RAN OFF ROADWAY, DRIVER OVERCORRECTED, VEHICLE RETURNED TO THE ROADWAY AND OVERTURNED."