objectid,accident,agency,inv_date,complaint,injured,killed,min_inj,dis_inj,severity,county,city,troop,no_vehicle,motor_veh,left_scene,dist_feet,dist_mile,inter_loc,direction,on_street,at_street,light_cond,acc_type,on_off_rd,two_veh,day_week,dr_drink,dr_drug,ped_drink,ped_drug,speed,dr_under21,dr_under25,dr_over55,dr_over64,electrical,emer_veh,stop_sign,yield_sign,czone,hazmat,aggressive,cell_phone,texting,veh_defect,school_bus,truck,motorcycle,atv,pickup,cmv,gps_lat,gps_long,severity_fatal,acc_date,acc_time,narrative
1307974,3200005624,Missouri State Highway Patrol-Troop C,1583193600000,200119273,1,0,1,0,Personal Injury,JEFFERSON,NON-CITY OR UNINCORPORATED,C,2,2,0,0,0,AT,N,MO 141,CRD FIEDLER LN,Daylight,Motor Vehicle in Transport,1,64,Tue     ,0,0,0,0,1,0,0,1,1,1,0,0,0,0,0,1,0,0,0,0,1,0,0,0,1,38.4773,-90.43875,0,03/03/2020,12:15:00,VEHICLE 1 WAS TRAVELING NORTHBOUND ON MISSOURI 141. VEHICLE 2 WAS STOPPED AT A RED LIGHT ON FIEDLER LANE AT MISSOURI 141. DRIVER 2 PROCEEDED THROUGH THE INTERSECTION ON A GREEN LIGHT. DRIVER 1 FAILED TO STOP FOR THE RED LIGHT AND THE RIGHT SIDE TIRES OF VEHICLE 1 STRUCK THE FRONT OF VEHICLE 2.
1270475,3200006133,Missouri State Highway Patrol-Troop C,1583193600000,200119441,1,0,1,0,Personal Injury,ST. LOUIS CITY,ST LOUIS,C,1,1,Y,84,0.02,A ,W ,IS 70,RP 279394,Daylight,Fixed Object,2,,Tue     ,0,0,0,0,1,0,1,0,0,0,0,0,0,0,0,1,0,0,0,0,0,0,0,0,0,38.68332,-90.22616,0,03/03/2020,13:41:00,VEHICLE 1 TRAVELED OFF THE RIGHT SIDE OF THE ROADWAY AT A HIGH RATE OF SPEED AND OVERTURNED.
837762,3200005463,Missouri State Highway Patrol-Troop A,1583193600000,200119697,1,0,0,1,Personal Injury,LAFAYETTE,NON-CITY OR UNINCORPORATED,A,1,1,0,1974,0.37,B ,S ,MO 213,BRIDGE B0278,Daylight,Overturn,2,,Tue     ,0,0,0,0,0,0,1,0,0,0,0,0,0,0,0,1,0,0,0,0,1,0,0,1,0,39.1779,-93.71931,0,03/03/2020,15:45:00,"CRASH OCCURRED AS VEHICLE 1 TRAVELED OFF THE RIGHT SIDE OF THE ROADWAY, OVERCORRECTED, AND TRAVELED OFF THE LEFT SIDE OF THE ROADWAY. VEHICLE 1 OVERTURNED AND STRUCK A TREE. ASSISTED BY TPR M J HANRAHAN /1370/ AND LAFAYETTE COUNTY SHERIFF'S DEPARTMENT."
1257755,3200006774,Missouri State Highway Patrol-Troop C,1583193600000,200119760,2,0,1,1,Personal Injury,ST. LOUIS,DES PERES,C,3,3,0,237,0.04,A ,E ,IS 270,ERM NORTH IS 270 MILE 92,Daylight,Motor Vehicle in Transport,2,64,Tue     ,1,0,0,0,1,1,1,0,0,0,0,0,0,0,0,1,0,0,0,0,1,0,0,1,0,38.59136,-90.4491,0,03/03/2020,16:25:00,ALL VEHICLES WERE TRAVELING NORTHBOUND ON I-270. VEHICLE 1 CHANGED LANES AND STRUCK VEHICLE 2. THE IMPACT CAUSED VEHICLE 2 TO STRIKE VEHICLE 3. THE IMPACT CAUSED DRIVER 3 TO LOSE CONTROL AND STRIKE THE ROCK BLUFF.
1502025,3200007257,Missouri State Highway Patrol-Troop H,1583193600000,200119778,0,1,0,0,Fatal,ANDREW,NON-CITY OR UNINCORPORATED,H,1,1,0,2518,0.48,A ,W ,RT A,US 71,Daylight,Fixed Object,2,,Tue     ,0,0,0,0,0,0,0,0,0,0,0,0,0,0,0,1,0,0,0,0,0,0,0,0,0,40.02468,-94.88889,1,03/03/2020,16:30:00,"FATALITY CRASH OCCURRED AS VEH 1 WAS TRAVELING WEST ON RT A AND TRAVELED OFF THE NORTH SIDE OF THE ROADWAY. VEH 1 STRUCK A DITCH, WENT AIRBORNE AND OVERTURNED. DVR WAS EJECTED. VEH 1 CAME TO REST ON ITS TOP FACING SOUTH. DVR CAME TO REST IN THE EASTBOUND LANE OF RT A. SUBJECT WAS PRONOUNCED BY ANDREW COUNTY CORONER DOUG JOHNSON AT 1645 ON 030320 . ASSISTED BY SGT. C.B. ROOT (1257), CPL. R.P. DUDECK (516), CPL. B.E. MAUDLIN (597), TPR. J.D. FARMER (390)  AND ANDREW COUNTY."
1010154,3200006030,Missouri State Highway Patrol-Troop D,1583193600000,200119841,5,0,5,0,Personal Injury,WEBSTER,STRAFFORD,D,2,2,0,26,0,B ,S ,CRD MIDWEST LN,CRD EVERGREEN RD,Daylight,Motor Vehicle in Transport,1,64,Tue     ,0,0,0,0,0,1,1,0,0,0,0,0,0,0,0,1,0,0,0,0,0,0,0,0,0,37.27191,-93.06294,0,03/03/2020,16:55:00,VEHICLE 1 MADE A LEFT TURN IN FRONT OF VEHICLE 2.
920864,3200005868,Missouri State Highway Patrol-Troop D,1583193600000,200119911,3,0,2,1,Personal Injury,LAWRENCE,NON-CITY OR UNINCORPORATED,D,1,1,0,0,0,AT,N,CRD 1220,CRD 2140,Daylight,Fixed Object,2,,Tue     ,0,0,0,0,1,1,1,0,0,0,0,0,0,0,0,1,0,0,0,0,0,0,0,0,0,37.06879,-93.66383,0,03/03/2020,17:25:00,"CRASH OCCURRED AS DRIVER #1 ATTEMPTED TO NEGOTIATE A RIGHT TURN, RAN OFF THE RIGHT SIDE OF THE ROADWAY, STRIKING A JUNCTION BOX."
910634,3200007526,Missouri State Highway Patrol-Troop D,1583193600000,200120088,1,0,0,1,Personal Injury,GREENE,NON-CITY OR UNINCORPORATED,D,2,2,0,1240,0.23,A ,E ,CRD W FR 2,CRD 156TH RD,Dark-Unlighted,Motor Vehicle in Transport,1,61,Tue     ,0,0,0,0,0,0,0,1,0,0,0,0,0,0,0,1,0,0,0,0,1,0,0,1,1,0,0,0,03/03/2020,18:50:00,VEHICLE 2 IMPROPERLY STOPPED IN ROADWAY AND WAS STRUCK IN THE REAR BY VEHICLE 1.
1037202,3200005857,Missouri State Highway Patrol-Troop I,1583193600000,200120288,1,0,1,0,Personal Injury,PHELPS,NON-CITY OR UNINCORPORATED,I,1,1,0,353,0.07,B ,W ,MO 72,CRD 5220,Dark-Unlighted,Animal,1,,Tue     ,0,0,0,0,0,0,0,0,0,0,0,0,0,0,0,0,0,0,0,0,0,0,0,0,0,37.86261,-91.70471,0,03/03/2020,21:30:00,OCCURRED AS VEHICLE 1 STRUCK A DEER IN THE ROADWAY. TPR J N RIGSBY (1196)
1129284,3200005758,Missouri State Highway Patrol-Troop E,1583280000000,200120470,1,0,1,0,Personal Injury,CAPE GIRARDEAU,NON-CITY OR UNINCORPORATED,E,2,2,0,5,0,A ,N,IS 55,ERM NORTH IS 55 MILE 1086,Dark-Unlighted,Motor Vehicle in Transport,1,61,Wed     ,0,0,0,0,0,0,0,0,0,0,0,0,0,0,0,0,0,0,0,0,0,0,0,0,0,37.46823,-89.65825,0,03/04/2020,05:53:00,CRASH OCCURRED AS VEHICLE 2 WAS STOPPED IN THE ROADWAY AND WAS STRUCK IN THE REAR BY VEHICLE 1.
1316263,3200006979,Missouri State Highway Patrol-Troop C,1583280000000,200120599,3,0,3,0,Personal Injury,ST. LOUIS,VALLEY PARK,C,5,5,0,73,0.01,A ,W ,NOR 44,NOR 44,Daylight,Motor Vehicle in Transport,1,64,Wed     ,0,0,0,0,0,0,0,1,0,0,0,0,0,0,0,1,0,0,0,0,1,0,0,0,1,38.54041,-90.4933,0,03/04/2020,07:31:00,"VEHICLES 2, 3, 4, AND 5 WERE STOPPED IN TRAFFIC. VEHICLE 1 FAILED TO STOP. THE FRONT OF VEHICLE 1 STRUCK THE REAR OF VEHICLE 2. THE FRONT OF VEHICLE 2 STRUCK THE REAR OF VEHICLE 3 . THE FRONT OF VEHICLE 3 STRUCK THE REAR OF VEHICLE 4. THE FRONT OF VEHICLE 4 STRUCK THE REAR OF VEHICLE 5. ASSISTED BY TPR. J.D. PROCKNOW (1453) AND CPL. R.L .CALVERT (165)."
837761,3200005996,Missouri State Highway Patrol-Troop A,1583280000000,200120651,1,0,1,0,Personal Injury,LAFAYETTE,NON-CITY OR UNINCORPORATED,A,2,2,0,332,0.06,B ,S ,RT O,CRD WATERSHED RD,Daylight,Motor Vehicle in Transport,1,62,Wed     ,0,0,0,0,0,0,1,0,0,0,0,0,0,0,0,1,0,0,0,0,1,0,0,1,1,39.06169,-93.88994,0,03/04/2020,08:00:00,CRASH OCCURRED AS VEHICLE 1 CROSSED THE CENTER LINE INTO SOUTHBOUND LANES STRUCK VEHICLE 2 AND ITS TOWED UNIT.  VEHICLE 2 CAME TO A CONTROLLED STOP ON WATERSHED RD.  VEHICLE 1 TRAVELED OFF THE LEFT SIDE OF ROADWAY COMING TO REST IN THE DITCH.   ASSISTED BY LAFAYETTE COUNTY DEPUTIES.
1132505,3200005636,Missouri State Highway Patrol-Troop E,1583280000000,200120696,1,0,1,0,Personal Injury,BUTLER,NON-CITY OR UNINCORPORATED,E,2,2,0,0,0,AT,E ,CRD 448,CRD DEER RUN,Daylight,Motor Vehicle in Transport,1,64,Wed     ,0,0,0,0,1,0,1,0,0,0,0,0,0,0,0,1,0,0,0,0,1,0,0,1,0,36.76714,-90.47183,0,03/04/2020,08:10:00,CRASH OCCURRED AS VEHICLE 1 PULLED INTO VEHICLE 2'S LANE.  VEHICLE 2 STRUCK VEHICLE 1.
1307978,3200005712,Missouri State Highway Patrol-Troop C,1583280000000,200120716,1,0,1,0,Personal Injury,JEFFERSON,NON-CITY OR UNINCORPORATED,C,2,2,0,0,0,AT,N,MO 21,MO 110,Daylight,Motor Vehicle in Transport,1,60,Wed     ,0,0,0,0,0,0,0,0,0,0,0,0,0,0,0,1,0,0,0,0,0,0,0,0,0,38.17312,-90.56564,0,03/04/2020,08:30:00,VEHICLE 1 WAS TRAVELING NORTHBOUND HIGHWAY 21 AS VEHICLE 2 WAS TRAVELING SOUTHBOUND ON HIGHWAY 21.  DRIVER 2 BEGAN TO TURN LEFT ONTO HIGHWAY 110 WHEN VEHICLE 2 WAS STRUCK BY VEHICLE 1 IN THE NORTHBOUND LANE. ASSISTED BY TPR. K.W. KAISER (298)
1506712,3200005978,Missouri State Highway Patrol-Troop H,1583280000000,200121121,1,0,1,0,Personal Injury,DEKALB,NON-CITY OR UNINCORPORATED,H,2,2,0,0,0,AT,E ,US 36,CRD LAKESITE RD,Daylight,Motor Vehicle in Transport,1,64,Wed     ,0,0,0,0,0,0,0,1,1,0,0,0,1,0,0,1,0,0,0,0,1,0,0,1,1,39.7615,-94.37497,0,03/04/2020,11:16:00,"CRASH OCCURRED AS VEHICLE 2 WAS SOUTH ON LAKESITE ROAD ATTEMPTING TO CROSS US 36 AND CROSSED INTO PATH OF VEHICLE 1.  VEHICLE 1 STRUCK VEHICLE 2 IN THE PASSENGER SIDE.  VEHICLE 1 CAME TO REST OFF THE SOUTH SIDE OF THE ROADWAY FACING EAST.  VEHICLE 2 CAME TO REST OFF OF THE SOUTH SIDE OF THE ROADWAY FACING SOUTH.  ASSISTED BY CPL. M.J. MILLER (1418), DEKALB COUNTY SHERIFF'S DEPARTMENT, OSBORN FIRE AND THE CLINTON/DEKALB COUNTY EMS."
1194700,3200005965,Missouri State Highway Patrol-Troop B,1583280000000,200121204,2,0,2,0,Personal Injury,LINN,NON-CITY OR UNINCORPORATED,B,1,1,0,89,0.02,B ,E ,RT O,RT OO,Daylight,Fixed Object,2,,Wed     ,0,0,0,0,1,0,0,0,0,0,0,0,0,0,0,1,0,0,0,0,0,0,0,0,0,40.0345,-92.98849,0,03/04/2020,12:00:00,"VEH 1 LOST CONTROL ON UNEVEN ROADWAY, TRAVELED OFF RIGHT SIDE OF ROADWAY AND OVERTURNED. VEHICLE CAME TO REST ON THE PASSENGER SIDE."
920866,3200005601,Missouri State Highway Patrol-Troop D,1583280000000,200121698,1,0,1,0,Personal Injury,LAWRENCE,NON-CITY OR UNINCORPORATED,D,1,1,0,1388,0.26,A ,S ,RT H,CRD 1100,Daylight,Fixed Object,2,,Wed     ,0,0,0,0,0,0,0,0,0,0,0,0,0,0,0,0,0,0,0,0,0,0,0,0,0,37.07342,-93.88305,0,03/04/2020,15:30:00,CRASH OCCURRED AS VEH 1 RAN OFF THE LEFT SIDE OF THE ROAD AND STRUCK A CULVERT.
1177828,3200005599,Missouri State Highway Patrol-Troop B,1583280000000,200121774,1,0,1,0,Personal Injury,ADAIR,NON-CITY OR UNINCORPORATED,B,1,1,0,1161,0.22,B ,E ,MO 6,CRD SPRING CREEK ROAD,Daylight,Fixed Object,2,,Wed     ,0,0,0,0,0,0,0,0,0,0,0,0,0,0,0,0,0,0,0,0,0,0,0,0,0,40.25544,-92.8287,0,03/04/2020,16:09:00,VEHICLE 1 WAS EASTBOUND AND ANOTHER EASTBOUND VEHICLE  ATTEMPTED TO PASS VEHICLE 1 ON A HILLCREST INTO ON COMING TRAFFIC.  VEHICLE 1 WAS FORCED OFF THE ROAD AND STRUCK AN EMBANKMENT.
1043488,3200005935,Missouri State Highway Patrol-Troop I,1583280000000,200121930,2,0,1,1,Personal Injury,LACLEDE,NON-CITY OR UNINCORPORATED,I,2,2,0,1378,0.26,B ,S ,RT F,IS 44,Daylight,Motor Vehicle in Transport,1,62,Wed     ,0,0,0,0,1,0,0,1,0,0,0,0,0,0,0,1,0,0,0,0,0,0,0,0,0,37.74655,-92.59078,0,03/04/2020,17:20:00,CRASH OCCURRED  AS VEHICLE 1 CROSSED THE CENTERLINE AND STRUCK VEHICLE  2 HEAD ON. ASSISTED BY CPL G.S. SLOAN (1403) AND TPR C.M. STAUFFER (1209)
1307951,3200005666,Missouri State Highway Patrol-Troop C,1583280000000,200121942,1,0,1,0,Personal Injury,JEFFERSON,NON-CITY OR UNINCORPORATED,C,2,2,0,42,0.01,B ,E ,MO 30,CRD NORTHWEST BLVD,Daylight,Motor Vehicle in Transport,1,61,Wed     ,0,0,0,0,0,0,1,0,0,1,0,0,0,0,0,0,0,0,0,0,0,0,0,0,0,38.50054,-90.46101,0,03/04/2020,17:24:00,VEHICLES 1 AND 2 WERE EASTBOUND ON HIGHWAY 30. VEHICLE 2 CAME TO A STOP AT A RED ELECTRIC SIGNAL. DRIVER 1 DID NOT STOP IN TIME AND THE FRONT OF VEHICLE 1 STRUCK THE REAR OF VEHICLE 2.
1112473,3200007818,Missouri State Highway Patrol-Troop E,1583280000000,200122001,2,3,2,0,Fatal,DUNKLIN,KENNETT,E,3,3,0,0,0,AT,W ,US 412,MO 25,Daylight,Motor Vehicle in Transport,1,64,Wed     ,0,0,0,0,0,0,0,1,1,1,0,0,0,0,0,1,0,0,0,0,1,0,0,1,0,36.23671,-90.03344,1,03/04/2020,17:50:00,"***FATALITY CRASH***NEXT OF KIN NOTIFIED. CRASH OCCURRED AS VEHICLE 1 STRUCK VEHICLE 2 IN THE SIDE AND THEN STRUCK VEHICLE 3. ALL FATALITIES PRONOUNCED AT THE SCENE BY DUNKLIN COUNTY CORONER JAMES POWELL AT 1818 HOURS. TROOP E FATALITIES 5, 6, AND 7 FOR 2020"
1305214,3200005841,Missouri State Highway Patrol-Troop C,1583280000000,200122030,4,0,2,2,Personal Injury,WARREN,NON-CITY OR UNINCORPORATED,C,2,2,0,3695,0.7,A ,E ,MO 94,PVT POLO DOWNS PARKWAY,Dark-Unlighted,Motor Vehicle in Transport,1,60,Wed     ,0,0,0,0,0,0,1,0,0,0,0,0,0,0,0,1,0,0,0,0,0,0,0,0,0,38.58265,-90.96414,0,03/04/2020,18:05:00,VEHICLE 2 WAS TRAVELING EASTBOUND. VEHICLE 1 WAS WESTBOUND AND ATTEMPTED TO MAKE A LEFT TURN  AND PULLED INTO THE PATH OF VEHICLE 2.
905443,3200005690,Missouri State Highway Patrol-Troop D,1583280000000,200122214,2,0,2,0,Personal Injury,CHRISTIAN,NON-CITY OR UNINCORPORATED,D,1,1,0,543,0.1,A ,S ,CRD ELK VALLEY RD,CST 6TH AVE,Dark-Unlighted,Animal,1,,Wed     ,0,0,0,0,0,0,0,0,0,0,0,0,0,0,0,0,0,0,0,0,0,0,0,0,0,36.99164,-93.20271,0,03/04/2020,20:20:00,CRASH OCCURRED AS VEHICLE 1 STRUCK A BOVINE IN THE ROADWAY.
830884,3200006723,Missouri State Highway Patrol-Troop A,1583366400000,200122522,2,0,2,0,Personal Injury,CLAY,KANSAS CITY,A,2,2,0,137,0.03,A ,N,IS 29,RP 6066,Dark-Unlighted,Motor Vehicle in Transport,1,63,Thu     ,0,0,0,0,0,0,0,0,0,0,0,0,0,0,0,1,0,0,0,0,0,0,0,0,1,39.17672,-94.56239,0,03/05/2020,03:50:00,"OCCURRED AS VEH1 ATTEMPTED A LANE CHANGE, STRIKING VEH2 ON DRIVER'S SIDE. VEH2 THEN STRUCK GUARD RAIL."
837763,3200005897,Missouri State Highway Patrol-Troop A,1583366400000,200122786,1,0,1,0,Personal Injury,LAFAYETTE,NON-CITY OR UNINCORPORATED,A,1,1,0,2212,0.42,B ,S ,RT Z,CRD CONCORD CHURCH RD,Daylight,Fixed Object,2,,Thu     ,0,0,0,0,0,0,0,0,0,0,0,0,0,0,0,1,0,0,0,0,0,0,0,0,0,38.96558,-94.05683,0,03/05/2020,08:15:00,"CRASH OCCURRED AS VEH1 TRAVELED OFF THE ROADWAY, STRUCK THE DITCH, A SIGN AND 2 FENCES.  VEH1 OVERTURNED AND CAME TO REST ON ITS WHEELS PARTIALLY IN A CREEK."
910630,3200005726,Missouri State Highway Patrol-Troop D,1583366400000,200123188,2,0,2,0,Personal Injury,GREENE,NON-CITY OR UNINCORPORATED,D,2,2,0,14,0,B ,N,CRD 115,CRD 140,Daylight,Motor Vehicle in Transport,1,61,Thu     ,0,0,0,0,0,1,1,1,1,0,0,0,0,0,0,1,0,0,0,0,0,0,0,0,0,37.19792,-93.38642,0,03/05/2020,10:48:00,OCCURRED AS VEH1 STRUCK THE REAR OF VEH2.
1132509,3200005631,Missouri State Highway Patrol-Troop E,1583366400000,200123254,1,0,0,1,Personal Injury,BUTLER,NON-CITY OR UNINCORPORATED,E,1,1,0,60,0.01,A ,E ,RT PP,CRD 449,Daylight,Fixed Object,2,,Thu     ,0,0,0,0,0,0,0,0,0,0,0,0,0,0,0,1,0,0,0,0,1,0,0,1,0,36.79666,-90.51805,0,03/05/2020,11:20:00,CRASH OCCURRED AS VEHICLE 1 RAN OFF RIGHT SIDE OF ROADWAY AND STRUCK A TREE
1502947,3200006675,Missouri State Highway Patrol-Troop H,1583366400000,200123897,0,1,0,0,Fatal,CALDWELL,NON-CITY OR UNINCORPORATED,H,1,1,0,2170,0.41,B ,N,RT E,RT A,Daylight,Fixed Object,2,,Thu     ,1,0,0,0,1,0,0,1,1,0,0,0,0,0,0,1,0,0,0,0,1,0,0,1,0,39.55491,-93.80202,1,03/05/2020,15:50:00,"FATALITY REPORT - CRASH OCCURRED AS VEH 1 WAS TRAVELING NORTHBOUND ON HWY E. DVR 1 FAILED TO NEGOTIATE A CURVE, OVERCORRECTED AND CROSSED THE ROADWAY. VEH 1 BEGAN TO OVERTURN AND STRUCK AN EMBANKMENT. VEH 1 CONTINUED TO OVERTURN SERVAL TIMES, EJECTING THE DVR. VEH 1 CAME TO REST ON ITS WHEELS IN A FIELD ON THE NORTH SIDE OF THE ROADWAY. SUBJ WAS PRONOUNCED DECEASED ON 03/05/20 AT 1721 BY DR WHITMER AND DR GERMINDER  AT LIBERTY HOSPITAL. ASSISTED BY CPL. R.A. WOOD (788) AND CALDWELL COUNTY."
1281200,3200006602,Missouri State Highway Patrol-Troop C,1583366400000,200123911,3,0,3,0,Personal Injury,ST. LOUIS,HAZELWOOD,C,3,3,0,116,0.02,A ,W ,RP 279400,CST LINDBERGH BOULEVARD,Daylight,Motor Vehicle in Transport,1,61,Thu     ,0,0,0,0,0,0,0,0,0,0,0,0,0,0,0,1,1,0,0,0,1,0,0,1,0,38.78301,-90.35653,0,03/05/2020,16:30:00,"VEHICLE 3 SLOWED FOR TRAFFIC, VEHICLE 2 SLOWED FOR VEHICLE 3. VEHICLE 1 STRUCK THE REAR OF VEHICLE 2, AND VEHICLE 2 WAS STRUCK  THE REAR OF VEHICLE 3."
1132507,3200005597,Missouri State Highway Patrol-Troop E,1583366400000,200123988,3,0,3,0,Personal Injury,BUTLER,NON-CITY OR UNINCORPORATED,E,2,2,0,792,0.15,B ,E ,US 60,CRD 565,Daylight,Motor Vehicle in Transport,1,61,Thu     ,0,0,0,0,0,1,1,1,0,0,0,0,0,0,0,0,0,0,0,0,0,0,0,0,0,36.7932,-90.31916,0,03/05/2020,16:38:00,CRASH OCCURRED AS VEHICLE 1 WAS STATIONARY IN THE EASTBOUND LANES OF US 60. VEHICLE 2 STRUCK REAR OF VEHICLE 1.
1120680,3200005768,Missouri State Highway Patrol-Troop E,1583452800000,200124851,1,0,1,0,Personal Injury,IRON,NON-CITY OR UNINCORPORATED,E,1,1,0,89,0.02,B ,S ,MO 221,CRD 97A,Daylight,Fixed Object,2,,Fri     ,0,0,0,0,0,0,0,0,0,0,0,0,0,0,0,0,0,0,0,0,0,0,0,0,0,37.6306,-90.61504,0,03/06/2020,06:15:00,"STATE PROPERY DAMAGE - CRASH OCCURRED AS VEHICLE ONE TRAVELED OFF THE RIGHT SIDE OF THE ROADWAY STRIKING A TRAFFIC SIGN, AN EMBANKMENT BECOMING AIR BORNE STRIKING A TREE. - STATE PROPERTY DAMAGE TO ONE CHEVRON SIGN AND ONE STOP SIGN"
1219918,3200006138,Missouri State Highway Patrol-Troop C,1583452800000,200125128,1,0,1,0,Personal Injury,FRANKLIN,NON-CITY OR UNINCORPORATED,C,1,1,0,454,0.09,A ,E ,IS 44,ERM EAST IS 44 MILE 2510,Daylight,Overturn,1,,Fri     ,0,1,0,0,0,0,1,0,0,0,0,0,0,0,0,0,0,0,0,0,0,0,0,0,0,38.4659,-90.85487,0,03/06/2020,08:43:00,"DRIVER 1 WAS TRAVELING IN A CARELESS MANNER CAUSING VEHICLE 1 TO TRAVEL OFF THE LEFT SIDE OF THE ROADWAY.  DRIVER 1 OVERCORRECTED CAUSING VEHICLE 1 TO TRAVEL OFF THE RIGHT SIDE OF THE ROADWAY, STRIKE A SIGN AND OVERTURN. ASSISTED BY TPR J R SUMMERS (1254) AND TPR R C SAVAGE (1226)"
1505923,3200006228,Missouri State Highway Patrol-Troop H,1583452800000,200125235,1,0,1,0,Personal Injury,BUCHANAN,NON-CITY OR UNINCORPORATED,H,1,1,0,448,0.08,A ,N,IS 29,ERM NORTH IS 29 MILE 520,Daylight,Fixed Object,2,,Fri     ,0,0,0,0,0,0,0,1,1,0,0,0,0,0,0,1,0,0,0,0,0,0,0,0,0,39.83559,-94.80509,0,03/06/2020,09:29:00,CRASH OCCURRED AS VEHICLE  1 WAS NORTHBOUND ON I-29 AND TRAVELED OFF OF THE LEFT SIDE OF THE ROADWAY.  DRIVER 1 OVERCORRECTED AND VEHICLE 2 TRAVELED OFF OF THE RIGHT SIDE OF THE ROADWAY AND STRUCK A GUARDRAIL.  VEHICLE TRAVELED BACK ACROSS THE ROADWAY AND CAME TO REST IN THE MEDIAN ON ITS WHEELS FACING NORTHWEST.  ASSISTED BY TPR. L.T. MCDANIEL (630).
1290759,3200005710,Missouri State Highway Patrol-Troop C,1583452800000,200125251,2,0,2,0,Personal Injury,ST. CHARLES,ST CHARLES,C,2,2,0,330,0.06,A ,W ,MO 94,RP 904113,Daylight,Motor Vehicle in Transport,1,61,Fri     ,0,0,0,0,0,1,1,0,0,0,0,0,0,0,0,1,0,0,0,0,0,0,0,0,0,38.75454,-90.54917,0,03/06/2020,09:38:00,VEHICLE 2 SLOWED AND STOPPED FOR TRAFFIC AHEAD.  DRIVER 1 WAS UNABLE TO STOP VEHICLE 1 IN TIME CAUSING THE FRONT OF VEHICLE 1 TO STRIKE THE REAR OF VEHICLE 2.
1181741,3200006050,Missouri State Highway Patrol-Troop F,1583452800000,200125619,1,0,1,0,Personal Injury,OSAGE,NON-CITY OR UNINCORPORATED,F,2,2,0,21,0,B ,N,US 63,PVT LEMAR LN,Daylight,Motor Vehicle in Transport,1,61,Fri     ,0,0,0,0,0,0,1,0,0,0,0,0,0,0,0,1,0,0,0,0,1,0,0,1,0,38.38184,-91.93361,0,03/06/2020,12:35:00,VEHICLE 2 STRUCK THE REAR OF VEHICLE 1.
1181742,3200005936,Missouri State Highway Patrol-Troop F,1583452800000,200125673,3,0,3,0,Personal Injury,OSAGE,NON-CITY OR UNINCORPORATED,F,2,2,0,1056,0.2,B ,S ,US 63,CRD 527 SJ,Daylight,Motor Vehicle in Transport,1,60,Fri     ,0,0,0,0,0,1,1,0,0,0,1,0,0,0,0,1,0,0,0,0,1,0,0,0,1,38.3371,-91.91124,0,03/06/2020,12:55:00,"CRASH OCCURRED AS VEHICLE 2 WAS NORTHBOUND, RESPONDING TO AN EMERGENCY INCIDENT WITH LIGHTS AND SIRENS ACTIVATED.  VEHICLE 1, WHICH WAS TRAVELING SOUTHBOUND, CRESTED A HILL, BEGAN SLOWING, AND ATTEMPTED TO STOP IN ORDER TO AVOID COLLIDING WITH TWO VEHICLES PULLED TO THE SIDE OF THE ROADWAY HAVING YIELDED TO VEHICLE 2.  VEHICLE 1 BEGAN TO SLIDE, TRAVELED OFF OF THE WEST SIDE OF THE ROADWAY, RETURNED TO THE ROADWAY, CROSSED THE CENTER LINE INTO VEHICLE 2?S LANE OF TRAFFIC, STRIKING VEHICLE 2, WHICH HAD ATTEMPTED TO AVOID COLLISION BY SLOWING AND TRAVELING OFF OF THE EAST SIDE OF THE ROADWAY.  VEHICLE 1 CAME TO REST IN THE ROADWAY.  VEHICLE 2 TRAVELED OFF OF THE ROADWAY WHERE IT OVERTURNED AND CAME TO REST ON ITS SIDE."
1333820,3200005986,Missouri State Highway Patrol-Troop G,1583452800000,200125720,1,0,1,0,Personal Injury,WRIGHT,NON-CITY OR UNINCORPORATED,G,2,2,0,0,0,AT,N,MO 95,RT JJ,Daylight,Motor Vehicle in Transport,1,64,Fri     ,0,0,0,0,0,0,0,0,0,0,0,1,0,0,0,1,0,0,0,0,1,0,0,0,1,37.33583,-92.32535,0,03/06/2020,13:10:00,VEHICLE #1 FAILED TO STOP AT STOP SIGN AND STRUCK VEHICLE #2'S TOWED UNIT.
1219919,3200005926,Missouri State Highway Patrol-Troop C,1583452800000,200125919,4,0,4,0,Personal Injury,FRANKLIN,NON-CITY OR UNINCORPORATED,C,3,3,0,0,0,AT,E ,MO 100,CRD WHISPERING HOPE DRIVE,Daylight,Motor Vehicle in Transport,1,64,Fri     ,0,0,0,0,0,0,0,1,1,0,0,0,0,0,0,1,0,0,0,0,1,0,0,1,0,38.47666,-90.86689,0,03/06/2020,15:00:00,VEHICLE 1 ATTEMPTED TO MAKE A LEFT TURN IN FRONT OF VEHICLE 2 AND VEHICLE 3. VEHICLE 1 FAILED TO YIELD TO VEHICLE 2 AND VEHICLE 3. VEHICLE 1 SIDESWIPED VEHICLE 2 AND STRUCK THE FRONT OF VEHICLE 3.
914771,3200006146,Missouri State Highway Patrol-Troop D,1583452800000,200126232,2,0,2,0,Personal Injury,JASPER,NON-CITY OR UNINCORPORATED,D,2,2,0,0,0,AT,E ,CRD IVY RD,CRD 240,Daylight,Motor Vehicle in Transport,1,64,Fri     ,0,0,0,0,0,1,1,0,0,0,0,1,0,0,0,1,0,0,0,0,0,0,0,0,0,0,0,0,03/06/2020,17:00:00,CRASH OCCURRED AS VEHICLE #1 PULLED INTO THE PATH OF VEHICLE #2.