objectid,accident,agency,inv_date,complaint,injured,killed,min_inj,dis_inj,severity,county,city,troop,no_vehicle,motor_veh,left_scene,dist_feet,dist_mile,inter_loc,direction,on_street,at_street,light_cond,acc_type,on_off_rd,two_veh,day_week,dr_drink,dr_drug,ped_drink,ped_drug,speed,dr_under21,dr_under25,dr_over55,dr_over64,electrical,emer_veh,stop_sign,yield_sign,czone,hazmat,aggressive,cell_phone,texting,veh_defect,school_bus,truck,motorcycle,atv,pickup,cmv,gps_lat,gps_long,severity_fatal,acc_date,acc_time,narrative
830887,3200005889,Missouri State Highway Patrol-Troop A,1583452800000,200126329,2,0,2,0,Personal Injury,CLAY,KANSAS CITY,A,3,3,0,84,0.02,B ,S ,IS 35,BRIDGE L0654,Daylight,Motor Vehicle in Transport,1,63,Fri     ,0,0,0,0,0,0,0,1,0,0,0,0,0,0,0,1,0,0,0,0,1,0,0,1,1,39.17304,-94.54843,0,03/06/2020,17:35:00,"CRASH OCCURRED AS VEHICLE 1 SLOWED AND CHANGED LANES STRIKING VEHICLE 2 CAUSING VEHICLE 2 TO STRIKE VEHICLE 3, VEHICLE 2 THEN HIT A TRAFFIC BARRIER BEFORE COMING TO REST."
910599,3200005851,Missouri State Highway Patrol-Troop D,1583452800000,200126553,2,0,2,0,Personal Injury,GREENE,NON-CITY OR UNINCORPORATED,D,2,2,0,0,0,AT,W ,MO 174,CRD W PINEHILLS LN,Dark-Unlighted,Motor Vehicle in Transport,1,64,Fri     ,0,0,0,0,0,0,0,1,0,0,0,0,0,0,0,0,0,0,0,0,1,0,0,0,1,37.12043,-93.60415,0,03/06/2020,19:20:00,VEHICLE 1 WAS TURNING INTO A PRIVATE DRIVE AND VEHICLE 2 STRUCK THE TOWED UNIT OF VEHICLE 1.
1273239,3200007326,Missouri State Highway Patrol-Troop C,1583452800000,200126794,1,0,0,1,Personal Injury,ST. FRANCOIS,NON-CITY OR UNINCORPORATED,C,1,1,0,654,0.12,B ,W ,CRD KORBER RD,PVT PINE CREEK DR,Dark-Unlighted,Fixed Object,2,,Fri     ,1,0,0,0,1,0,1,0,0,0,0,0,0,0,0,1,0,0,0,0,0,0,0,0,0,37.75351,-90.4253,0,03/06/2020,21:05:00,"VEHICLE 1 TRAVELED OFF THE RIGHT SIDE OF THE ROADWAY, OVERTURNED, AND STRUCK A TREE"
1222560,3200007235,Missouri State Highway Patrol-Troop C,1583539200000,200127314,1,0,1,0,Personal Injury,ST. LOUIS,PINE LAWN,C,2,2,0,58,0.01,A ,E ,IS 70,CST JENNINGS STATION RD,Dark-Lighted,Parked Motor Vehicle,2,64,Sat     ,1,0,0,0,0,0,0,0,0,0,0,0,0,0,0,0,0,0,0,0,1,0,0,1,0,38.70263,-90.269,0,03/07/2020,01:35:00,"VEHICLE #1 WAS TRAVELING ON EASTBOUND INTERSTATE 70, PAST JENNINGS STATION ROAD. VEHICLE #2 WAS PARKED ON THE RIGHT SHOULDER OF EASTBOUND INTERSTATE 70, PAST JENNINGS STATION ROAD DUE TO BEING INVOLVED IN ANOTHER CRASH THAT HAD OCCURRED A SHORT TIME EARLIER AT THE SAME LOCATION. DRIVER #1 LOST CONTROL OF VEHICLE #1 AND IT TRAVELED THE RIGHT SIDE OF THE ROADWAY. THE FRONT LEFT SIDE OF VEHICLE #1 STRUCK THE REAR RIGHT SIDE OF VEHICLE#2'S TOWED UNIT. ASSISTED BY NORTH COUNTY CO-OP OFFICERS."
1502027,3200006175,Missouri State Highway Patrol-Troop H,1583539200000,200127376,2,0,2,0,Personal Injury,ANDREW,NON-CITY OR UNINCORPORATED,H,1,1,0,150,0.03,B ,S ,IS 29,ERM SOUTH IS 29 MILE 588,Dark-Unlighted,Fixed Object,2,,Sat     ,0,0,0,0,0,0,0,0,0,0,0,0,0,1,0,1,0,0,0,0,0,0,0,0,1,39.90403,-94.88546,0,03/07/2020,03:00:00,"CRASH OCCURRED AS VEHICLE 1 WAS SOUTHBOUND ON INTERSTATE 29 IN ANDREW COUNTY.  VEHICLE 1 TRAVELED OFF THE EAST SIDE OF THE ROADWAY AND STRUCK A GUARDRAIL.  VEHICLE 1 TRAVELED INTO THE MEDIAN AND STRUCK THE BRIDGE RAIL ON THE NORTHBOUND LANES AND TRAVELED DOWN A STEEP EMBANKMENT.  VEHICLE 1 STRUCK THE GROUND WHERE IT CAME TO REST ON ITS WHEELS FACING SOUTH.  ASSISTED BY CPL J. D. MAUDLIN (805), TPR R. A. ALLEE (465), ANDREW COUNTY FIRE, AND ANDREW COUNTY SHERIFF'S DEPARTMENT."
1138773,3200006620,Missouri State Highway Patrol-Troop E,1583539200000,200127397,2,0,2,0,Personal Injury,CAPE GIRARDEAU,DELTA,E,1,1,0,0,0,AT,E ,RT N,MO 25,Dark-Unlighted,Other Object,2,,Sat     ,1,0,0,0,0,0,0,0,0,0,0,1,0,0,0,1,0,0,0,0,1,0,0,1,0,37.19657,-89.73603,0,03/07/2020,04:55:00,CRASH OCCURRED AS VEHICLE ONE RAN A STOP SIGN STRKING A DITCH EMBANKMENT
1219916,3200005878,Missouri State Highway Patrol-Troop C,1583539200000,200127398,1,0,1,0,Personal Injury,FRANKLIN,NON-CITY OR UNINCORPORATED,C,1,1,0,52,0.01,B ,E ,MO 100,CRD BROOKVIEW LN,Dark-Unlighted,Fixed Object,2,,Sat     ,0,0,0,0,0,0,0,0,0,0,0,0,0,0,0,0,0,0,0,0,0,0,0,0,0,38.51325,-90.77261,0,03/07/2020,05:00:00,"DRIVER 1 SWERVED RIGHT TO AVOID AN ANIMAL IN THE ROADWAY.  DRIVER 1 OVERCORRECTED CAUSING VEHICLE 1 TO TRAVEL OFF THE LEFT SIDE OF THE ROADWAY, OVERTURN, AND STRIKE A TREE."
1286969,3200005999,Missouri State Highway Patrol-Troop C,1583539200000,200127405,1,0,1,0,Personal Injury,ST. LOUIS,SUNSET HILLS,C,2,2,0,5,0,A ,N,US 61,RP 6310,Dark-Lighted,Motor Vehicle in Transport,1,64,Sat     ,0,0,0,0,0,0,0,0,0,0,1,0,1,0,0,1,0,0,0,0,0,0,0,0,0,38.55666,-90.40699,0,03/07/2020,05:38:00,VEHICLE 1 WAS MERGING ONTO THE ROADWAY.  THE FRONT LEFT OF VEHICLE 1 STRUCK THE RIGHT SIDE OF VEHICLE 2.
1017396,3200005728,Missouri State Highway Patrol-Troop D,1583539200000,200127421,1,0,1,0,Personal Injury,NEWTON,NON-CITY OR UNINCORPORATED,D,1,1,0,20,0,B ,S ,CRD UNICORN RD,CRD BEECH RD,Dark-Unlighted,Fixed Object,2,,Sat     ,0,0,0,0,0,0,0,0,0,0,0,0,0,0,0,0,0,0,0,0,0,0,0,0,0,37.02084,-94.13243,0,03/07/2020,06:00:00,ACCIDENT OCCURRED AS VEH TRAVELED OFF THE LEFT SIDE OF THE ROADWAY INTO A FENCE
1043472,3200006070,Missouri State Highway Patrol-Troop I,1583539200000,200127864,2,0,2,0,Personal Injury,LACLEDE,NON-CITY OR UNINCORPORATED,I,1,1,0,0,0,AT,N,CRD NEOSHO DR,MO 64,Daylight,Fixed Object,2,,Sat     ,0,0,0,0,1,0,0,0,0,1,0,0,0,0,0,1,0,0,0,0,0,0,0,0,0,37.69258,-92.72257,0,03/07/2020,10:31:00,"VEHICLE 1 WAS TRAVELING WESTBOUND AT A HIGH RATE OF SPEED, DRIVER 1 LOST CONTROL OF THE VEHICLE, TRAVELED OFF THE LEFT SIDE OF THE ROADWAY AND STRUCK A TREE. ASSISTED BY MSGT K. A. BRACKETT, (444)"
1026485,3200006586,Missouri State Highway Patrol-Troop D,1583539200000,200128249,1,2,0,1,Fatal,DADE,NON-CITY OR UNINCORPORATED,D,2,2,0,274,0.05,B ,N,RT D,CRD 82,Daylight,Motor Vehicle in Transport,1,60,Sat     ,0,0,0,0,0,0,0,1,1,0,0,0,0,0,0,1,0,0,0,0,1,0,0,1,0,37.46333,-94.02341,1,03/07/2020,13:30:00,FATALITY CRASH. THIS IS TROOP D'S  19TH AND 20TH FATALITY FOR 2020.  THE CRASH OCCURRED AS VEHICLE #1 CROSSED THE CENTER LINE STRIKING VEHICLE #2 HEAD ON. VEHICLE #2 OVERTURNED.  BOTH DRIVERS PRONOUNCED DECEASED AT THE SCENE OF THE CRASH AT 1333 HOURS BY DADE COUNTY CORNER GARY BANTA. NEXT OF KIN NOTIFIED.
1196538,3200006541,Missouri State Highway Patrol-Troop B,1583539200000,200128332,0,0,0,0,Property Damage,MACON,NON-CITY OR UNINCORPORATED,B,2,2,0,1694,0.32,B ,E ,CRD CONCORD STREET,CRD CRYSTAL AVENUE,Daylight,Motor Vehicle in Transport,1,64,Sat     ,0,0,0,0,0,0,1,0,0,0,1,0,0,0,0,1,0,0,0,0,1,0,1,1,0,39.84552,-92.76387,0,03/07/2020,12:30:00,VEHICLE 1 AND VEHICLE 2 STRUCK HEAD ON IN THE ROADWAY DUE TO OBSTRUCTION OF VISION FROM A FIRE NEAR THE ROADWAY.
914772,3200006163,Missouri State Highway Patrol-Troop D,1583539200000,200128474,1,0,1,0,Personal Injury,JASPER,NON-CITY OR UNINCORPORATED,D,1,1,0,2624,0.5,B ,S ,CRD CHAPEL ROAD,NOR 44,Daylight,Fixed Object,2,,Sat     ,0,0,0,0,0,0,0,0,0,0,0,0,0,0,0,1,0,0,0,0,0,1,0,0,0,37.08987,-94.3483,0,03/07/2020,15:30:00,"OCCURRED WHEN VEHICLE #1 TRAVELED OFF RIGHT SIDE OF ROAD, STRUCK A UTILITY POLE, AND OVERTURNED."
1132686,3200005946,Missouri State Highway Patrol-Troop E,1583539200000,200128520,1,0,1,0,Personal Injury,RIPLEY,NON-CITY OR UNINCORPORATED,E,1,1,0,564,0.11,B ,W ,US 160,CRD 160E-22,Daylight,Fixed Object,2,,Sat     ,0,0,0,0,0,0,0,0,0,0,0,0,0,0,0,0,0,0,1,0,0,0,0,0,0,36.66444,-90.62684,0,03/07/2020,16:00:00,CRASH OCCURRED AS VEHICLE 1 RAN OFF THE ROADWAY AND STRUCK A TREE.
803978,3200006225,Missouri State Highway Patrol-Troop A,1583539200000,200128625,1,0,1,0,Personal Injury,JOHNSON,NON-CITY OR UNINCORPORATED,A,1,1,Y,385,0.07,B ,N,CRD SE 201ST RD,CRD SE 625TH RD,Daylight,Fixed Object,2,,Sat     ,0,0,0,0,1,1,1,0,0,0,0,0,0,0,0,1,0,0,0,0,0,0,0,0,0,0,0,0,03/07/2020,16:55:00,CRASH OCCURRED AS VEHICLE 1 LOST TRACTION AND BEGAN TO SLIDE ON LOOSE GRAVEL. VEHICLE 1 TRAVELED OFF THE RIGHT SIDE OF THE ROAD CAUSING DRIVER 1 TO OVERCORRECT.  VEHICLE 1 THEN RETURNED TO THE ROADWAY AND  CROSSED THE CENTER TRAVELING OFF THE LEFT SIDE OF THE ROAD.  AFTER LEAVING THE ROAD VEHICLE 1 STRUCK A FENCE AND OVERTURNED COMING TO REST ON THE PASSENGER SIDE IN A CREEK.  ASSISTED BY JOHNSON COUNTY SHERIFF'S DEPARTMENT.
801678,3200006306,Missouri State Highway Patrol-Troop A,1583539200000,200128652,1,0,1,0,Personal Injury,SALINE,NON-CITY OR UNINCORPORATED,A,1,1,0,307,0.06,B ,W ,IS 70,ERM WEST IS 70 MILE 808,Daylight,Fixed Object,1,,Sat     ,0,0,0,0,0,0,0,0,0,0,0,0,0,0,0,0,0,0,1,0,1,0,0,0,1,38.95759,-93.15463,0,03/07/2020,17:09:00,CRASH OCCURRED AS THE FRONT PASSENGER TIRE OF VEHICLE 1 BURST CAUSING VEHICLE 1 TO LOSE CONTROL AND TRAVEL OFF THE RIGHT SIDE OF THE ROADWAY. VEHICLE 1 THEN STRUCK A SIGN BEFORE COMING TO REST IN THE DITCH.
1176391,3200007846,Missouri State Highway Patrol-Troop B,1583539200000,200128880,1,0,0,1,Personal Injury,CLARK,NON-CITY OR UNINCORPORATED,B,1,1,0,0,0,AT,S ,RT HH,CRD 249,Dark-Unlighted,Fixed Object,2,,Sat     ,0,0,0,0,1,0,0,1,0,0,1,0,0,0,0,1,0,0,0,0,1,0,0,1,1,40.37085,-91.79242,0,03/07/2020,19:10:00,"VEHICLE 1 SLID THROUGH A ""T"" INTERSECTION AND IMPACTED A DITCH.  ASSISTED BY THE CLARK COUNTY SHERIFF'S DEPARTMENT, CLARK COUNTY AMBULANCE, CLARK COUNTY RESCUE, CLARK COUNTY FIRE DEPARTMENT"
1506713,3200006398,Missouri State Highway Patrol-Troop H,1583539200000,200128985,1,0,1,0,Personal Injury,DEKALB,NON-CITY OR UNINCORPORATED,H,1,1,0,997,0.19,A ,E ,US 36,CRD HIGH CHAPEL RD,Dark-Unlighted,Fixed Object,2,,Sat     ,1,1,0,0,0,0,0,0,0,0,0,0,0,0,0,1,0,0,0,0,0,0,0,0,0,39.75384,-94.58767,0,03/07/2020,20:03:00,"VEHICLE 1 WAS EASTBOUND ON US-36.  VEHICLE 1 TRAVELED OFF THE NORTH SIDE OF THE ROADWAY, THROUGH THE MEDIAN, AND ACROSS THE WESTBOUND LANES.  VEHICLE 1 STRUCK AN EMBANKMENT AND CAME TO REST ON ITS WHEELS FACING EAST.  ASSISTED BY SGT M. A. WILHOIT (1212) AND DEKALB COUNTY SHERIFF'S DEPARTMENT."
1273243,3200006457,Missouri State Highway Patrol-Troop C,1583539200000,200129365,1,0,1,0,Personal Injury,ST. FRANCOIS,NON-CITY OR UNINCORPORATED,C,1,1,0,116,0.02,B ,N,RT D,PVT TILLMAN TRL,Dark-Unlighted,Fixed Object,2,,Sat     ,1,0,0,0,1,0,1,0,0,0,0,0,0,0,0,1,0,0,0,0,1,0,0,1,0,37.84166,-90.41877,0,03/07/2020,23:20:00,"VEHICLE 1 TRAVELED OFF RIGHT SIDE OF THE ROADWAY, STRUCK 2 SIGNS, AND OVERTURNED."
1291498,3200008028,Missouri State Highway Patrol-Troop C,1583625600000,200129606,1,0,1,0,Personal Injury,ST. CHARLES,NON-CITY OR UNINCORPORATED,C,2,2,Y,950,0.18,B ,W ,IS 70,ERM WEST IS 70 MILE 2300,Dark-Unlighted,Motor Vehicle in Transport,1,61,Sun     ,0,0,0,0,0,,,,,0,0,0,0,1,0,1,0,0,0,0,0,1,0,0,0,38.76451,-90.48282,0,03/08/2020,06:45:00,VEHICLE #1 WAS TRAVELING BEHIND VEHICLE #2 WESTBOUND ON INTERSTATE 70 IN LANE 4.  DRIVER 1 FAILED TO MAINTAIN A PROPER LOOKOUT.  THE FRONT OF VEHICLE #1 STRUCK THE REAR OF VEHICLE #2.  VEHICLE #2 OVERTURNED AND DRIVER #2 WAS EJECTED.  VEHICLE #1 LEFT THE SCENE TRAVELING WESTBOUND.
1291499,3200007567,Missouri State Highway Patrol-Troop C,1583625600000,200129689,1,0,1,0,Personal Injury,ST. CHARLES,NON-CITY OR UNINCORPORATED,C,3,3,0,860,0.16,B ,W ,IS 70,ERM WEST IS 70 MILE 2300,Dark-Unlighted,Motor Vehicle in Transport,1,64,Sun     ,0,0,0,0,0,0,0,1,0,0,0,0,0,1,0,0,0,0,1,0,0,1,0,0,0,38.76463,-90.48309,0,03/08/2020,06:47:00,"VEHICLE 1 WAS TRAVELING WESTBOUND. VEHICLE 2 WAS STOPPED IN THE ROADWAY DUE TO A PREVIOUS CRASH. VEHICLE 1 STRUCK VEHICLE 2, THE IMPACT CAUSED BOTH VEHICLES TO STRIKE VEHICLE 3 THAT WAS STOPPED IN LANE 5 DUE TO THE PREVIOUS CRASH."
1017399,3200006177,Missouri State Highway Patrol-Troop D,1583625600000,200129867,3,0,3,0,Personal Injury,NEWTON,NON-CITY OR UNINCORPORATED,D,2,2,0,0,0,AT,E ,MO 86,CRD RIVER RD,Daylight,Motor Vehicle in Transport,1,61,Sun     ,0,0,0,0,0,0,1,1,1,0,0,0,0,0,0,0,0,0,0,0,0,0,0,0,0,37.02193,-94.51324,0,03/08/2020,09:40:00,VEHICLE 2 STRUCK REAR OF VEHICLE 1.
787093,3200007480,Missouri State Highway Patrol-Troop A,1583625600000,200130043,0,1,0,0,Fatal,JACKSON,RIVER BEND,A,1,1,0,638,0.12,B ,N,RP 5901,MO 210,Daylight,Fixed Object,2,,Sun     ,1,0,0,0,1,0,0,1,0,0,0,0,0,0,0,1,0,0,0,0,0,0,0,0,0,39.18326,-94.3959,1,03/08/2020,09:28:00,"FATAL CRASH - NEXT OF KIN NOTIFIED - CRASH OCCURRED AS VEHICLE 1 TRAVELED OFF THE RIGHT SIDE OF THE ROADWAY, STRUCK A SIGN AND OVERTURNED.  DRIVER 1 PRONOUNCED AT 0928 BY JACKSON COUNTY MEDICAL EXAMINER A BOGACZ.  ASSISTED BY MSGT R S SMITH /691/, CPL A A ENGELHART /247/ AND TPR B W MONTGOMERY /1348/  TROOP A FATAL CRASH #8 AND FATALITY #9 FOR 2020."
1120679,3200006695,Missouri State Highway Patrol-Troop E,1583625600000,200130143,1,0,0,1,Personal Injury,IRON,NON-CITY OR UNINCORPORATED,E,1,1,0,1462,0.28,A ,W ,MO 32,MO 49 EJ,Daylight,Fixed Object,2,,Sun     ,0,0,0,0,1,0,0,1,0,0,0,0,0,0,0,1,0,0,0,0,0,1,0,0,0,37.67329,-91.0443,0,03/08/2020,11:55:00,CRASH OCCURRED AS VEH 1 RAN OFF THE RIGHT SIDE OF THE ROADWAY AND STRUCK A TREE.
1308007,3200006299,Missouri State Highway Patrol-Troop C,1583625600000,200130220,1,0,1,0,Personal Injury,JEFFERSON,NON-CITY OR UNINCORPORATED,C,1,1,0,5,0,A ,E ,CRD WEST ROCK CREEK RD,PVT HOLMES LOG CABIN LN,Daylight,Overturn,1,,Sun     ,0,0,0,0,0,0,0,0,0,0,0,0,0,0,0,0,0,0,0,0,0,1,0,0,0,38.44702,-90.52871,0,03/08/2020,12:30:00,DRIVER 1 LOST CONTROL OF VEHICLE 1 AND VEHICLE 1 OVERTURNED. ASSISTED BY TPR. C.A. GROVES (348)
1170103,3200008515,Missouri State Highway Patrol-Troop F,1583625600000,200130525,4,0,4,0,Personal Injury,MORGAN,NON-CITY OR UNINCORPORATED,F,2,2,0,0,0,AT,S ,RT Y,CRD BRENDEL BLVD,Daylight,Motor Vehicle in Transport,1,64,Sun     ,0,0,0,0,0,0,0,1,1,0,0,1,0,0,0,1,0,0,0,0,0,0,0,0,0,38.28252,-92.70468,0,03/08/2020,15:15:00,CRASH OCCURRED AS VEHICLE 1 RAN A STOP SIGN AND NEARLY STRUCK VEHICLE 2 HEAD-ON. ASSISTED BY SGT. M. J. CODY (271) AND MORGAN COUNTY SHERIFF'S OFFICE.
1196539,3200006581,Missouri State Highway Patrol-Troop B,1583625600000,200131019,2,0,1,1,Personal Injury,MACON,NON-CITY OR UNINCORPORATED,B,1,1,0,73,0.01,B ,N,CRD MAJOR AVE,US 36,Daylight,Fixed Object,2,,Sun     ,0,0,0,0,0,1,1,0,0,0,0,0,0,0,0,0,0,0,1,0,1,0,0,1,0,39.75048,-92.38338,0,03/08/2020,18:52:00,VEHICLE 1 ATTEMPTED TO MAKE A RIGHT TURN AND DUE TO BRAKE FAILURE THE VEHICLE BEGAN TO SKID AND STRUCK AN EMBANKMENT.
1308009,3200007177,Missouri State Highway Patrol-Troop C,1583625600000,200131221,1,1,1,0,Fatal,JEFFERSON,NON-CITY OR UNINCORPORATED,C,2,2,0,0,0,AT,E ,MO 30,CRD GRAVOIS RD,Dark-Lighted,Motor Vehicle in Transport,1,64,Sun     ,0,0,0,0,1,0,0,1,1,0,0,0,1,0,0,1,0,0,0,0,1,0,0,1,0,38.37809,-90.61972,1,03/08/2020,21:14:00,"FATALITY REPORT. VEHICLE 1 WAS EASTBOUND ON HIGHWAY 30 IN LANE 1. VEHICLE 2 WAS WESTBOUND ON HIGHWAY 30 MAKING A LEFT TURN ONTO CEDAR HILL ROAD. DRIVER 2 PULLED INTO THE PATH OF VEHICLE 1 AND THE FRONT OF VEHICLE 1 STRUCK THE FRONT RIGHT OF VEHICLE 2. DRIVER 2 WAS PRONOUNCED BY BIG RIVER PARAMEDIC AT 2124 HOURS ON 3/8/2020 AT THE SCENE. ASSISTED BY MSGT. J. R. CAMPBELL (325), TPR N. W. STEVENS (575), AND TPR. M. T. MCCOY (878)."
1211025,3200006473,Missouri State Highway Patrol-Troop F,1583625600000,200131364,1,0,1,0,Personal Injury,COLE,NON-CITY OR UNINCORPORATED,F,1,1,0,1056,0.2,A ,W ,US 50,CRD LISLETOWN RD,Dark-Unlighted,Pedestrian,1,,Sun     ,0,0,1,0,0,0,0,0,0,0,0,0,0,0,0,0,0,0,0,0,0,0,0,0,0,0,0,0,03/08/2020,23:20:00,CRASH OCCURRED AS VEHICLE 1 STRUCK A PEDESTRIAN WALKING IN ROADWAY.
1508879,3200005940,Missouri State Highway Patrol-Troop H,1583712000000,200131387,2,0,1,1,Personal Injury,HOLT,NON-CITY OR UNINCORPORATED,H,1,1,0,105,0.02,A ,N,IS 29,ERM NORTH IS 29 MILE 834,Dark-Unlighted,Overturn,2,,Mon     ,0,0,0,0,0,1,1,0,0,0,0,0,0,0,0,1,0,0,0,0,0,0,0,0,0,40.12252,-95.23286,0,03/09/2020,00:01:00,"ACCIDENT OCCURRED AS NR1 WAS NORTHBOUND ON I-29 IN THE PASSING LANE.  NR1 TRAVELED OFF THE WEST SIDE OF THE ROADWAY, OVERCORRECTED, CAUSING NR1 TO SKID OUT OF CONTROL.  NR1 RETURNED TO THE ROADWAY AND SLID OFF THE EAST SIDE OF THE ROADWAY.  NR1 OVERTURNED AND STRUCK A FENCE.  NR1 CAME TO REST ON ITS WHEELS FACING EAST OFF THE EAST SIDE OF THE ROADWAY.  ASSISTED BY HOLT COUNTY SHERIFF'S DEPARTMENT, MOUND CITY POLICE DEPARTMENT, AND  MOUND CITY RURAL FIRE DEPARTMENT."
850195,3200006476,Missouri State Highway Patrol-Troop A,1583712000000,200131609,1,0,1,0,Personal Injury,PLATTE,KANSAS CITY,A,2,2,0,21,0,A ,S ,IS 29,BRIDGE A1746,Daylight,Motor Vehicle in Transport,1,63,Mon     ,0,0,0,0,1,0,0,0,0,0,0,0,0,0,0,1,0,0,0,0,0,0,0,0,0,0,0,0,03/09/2020,08:28:00,CRASH OCCURRED AS BOTH VEHICLES WERE TRAVELING SOUTH.  VEHICLE 1 HYDROPLANED CAUSING VEHICLE 1 TO STRIKE VEHICLE 2.  ASSISTED BY MSGT B A KUMPF /994/ AND CPL R J WILHOIT /1129/
1119375,3200006378,Missouri State Highway Patrol-Troop E,1583712000000,200131656,2,0,2,0,Personal Injury,BOLLINGER,NON-CITY OR UNINCORPORATED,E,2,2,0,0,0,AT,E ,MO 34,CRD 402,Daylight,Motor Vehicle in Transport,1,61,Mon     ,0,0,0,0,0,0,0,1,1,0,0,0,0,0,0,1,0,0,0,0,0,0,0,0,0,37.30529,-89.94784,0,03/09/2020,09:04:00,CRASH OCCURRED AS VEHICLE ONE WAS SLOWING AND WAS STRUCK IN THE REAR BY VEHICLE TWO
883760,3200006164,Missouri State Highway Patrol-Troop A,1583712000000,200131728,1,0,1,0,Personal Injury,BATES,NON-CITY OR UNINCORPORATED,A,1,1,0,1056,0.2,B ,W ,CRD NE 12084,RT Z,Daylight,Fixed Object,2,,Mon     ,0,0,0,0,0,0,0,0,0,0,0,0,0,0,0,0,0,0,0,0,0,0,0,0,0,38.39304,-94.23068,0,03/09/2020,09:07:00,"CRASH OCCURRED AS DRIVER 1 LOST CONTROL OF VEHICLE 1 AND BEGAN TO OVERCORRECT. VEHICLE 1 TRAVELED OFF THE RIGHT SIDE OF THE ROADWAY, STRUCK A DITCH, AND CAME TO REST FACING WEST."
1333818,3200007188,Missouri State Highway Patrol-Troop G,1583712000000,200131827,1,0,1,0,Personal Injury,WRIGHT,NON-CITY OR UNINCORPORATED,G,1,1,0,549,0.1,A ,N,MO 95,CRD PEACH CORNER DRIVE,Daylight,Fixed Object,2,,Mon     ,0,0,0,0,1,0,0,0,0,0,0,0,0,0,0,1,0,0,0,0,0,0,0,0,0,37.19373,-92.28461,0,03/09/2020,11:00:00,VEHICLE #1 TRAVELED OFF THE RIGHT SIDE OF THE ROADWAY AND STRUCK A CULVERT AND A FENCE.
853589,3200006221,Missouri State Highway Patrol-Troop A,1583712000000,200131989,2,0,2,0,Personal Injury,PETTIS,NON-CITY OR UNINCORPORATED,A,2,2,0,0,0,AT,N,MO 127,RT Y,Daylight,Motor Vehicle in Transport,1,64,Mon     ,0,0,0,0,0,0,1,0,0,0,0,1,0,0,0,1,0,0,0,0,0,0,0,0,0,38.70493,-93.41255,0,03/09/2020,13:04:00,CRASH OCCURRED AS VEHICLE 1 WAS TRAVELING NORTHBOUND ON MO 127.  VEHICLE 2 ENTERED THE PATH OF VEHICLE 1 AND STRUCK VEHICLE 2 IN THE SIDE. BOTH VEHICLES TRAVELED OFF THE ROAD. VEHICLE 1 STRUCK A FENCE POST AND OVERTURNED. VEHICLE 1 CAME TO REST ON ITS WHEELS. ASSISTED BY PETTIS COUNTY.
1273244,3200007075,Missouri State Highway Patrol-Troop C,1583712000000,200132056,1,0,0,1,Personal Injury,ST. FRANCOIS,NON-CITY OR UNINCORPORATED,C,1,1,0,982,0.19,B ,N,RT E,PVT COUNTY LINE DR,Daylight,Fixed Object,2,,Mon     ,0,1,0,0,1,0,0,0,0,0,0,0,0,0,0,1,0,0,0,0,0,0,0,0,0,38.00138,-90.5689,0,03/09/2020,13:45:00,VEHICLE ONE WAS TRAVELING SOUTHBOUND ON ROUTE E. DRIVER ONE WAS TRAVELING TOO FAST FOR CONDITIONS CAUSING VEHICLE ONE TO TRAVEL OFF THE RIGHT SIDE OF THE ROADWAY AND STRIKING A TREE. VEHICLE ONE CAME TO REST THEN CAUGHT ON FIRE. ASSISTED BY TPR K L ELLEDGE (396).
1206170,3200006019,Missouri State Highway Patrol-Troop C,1583712000000,200132309,2,0,2,0,Personal Injury,ST. LOUIS,NON-CITY OR UNINCORPORATED,C,1,1,0,200,0.04,A ,E ,IS 70,ERM EAST IS 70 MILE 2312,Daylight,Fixed Object,2,,Mon     ,0,0,0,0,1,0,1,0,0,0,0,0,0,0,0,1,0,0,0,0,0,0,0,0,0,38.75782,-90.46495,0,03/09/2020,16:20:00,DRIVER 1 WAS TRAVELING TO FAST FOR CONDITIONS AND LOST CONTROL OF VEHICLE 1. VEHICLE 1 TRAVELED OFF THE LEFT SIDE OF THE ROADWAY AND STRUCK THE CONCRETE MEDIAN BARRIER
1114978,3200006119,Missouri State Highway Patrol-Troop E,1583712000000,200132392,1,0,1,0,Personal Injury,MISSISSIPPI,NON-CITY OR UNINCORPORATED,E,2,2,0,0,0,AT,N,MO 105,RT C,Daylight,Motor Vehicle in Transport,1,61,Mon     ,0,0,0,0,0,1,1,0,0,0,0,0,0,0,0,0,0,0,0,0,0,0,0,0,0,36.84799,-89.35619,0,03/09/2020,17:09:00,CRASH OCCURRED AS VEHICLE TWO WAS STOPPED TO MAKE A TURN AND WAS REAR ENDED BY VEHICLE ONE
1187557,3200006545,Missouri State Highway Patrol-Troop B,1583712000000,200132396,1,0,1,0,Personal Injury,MARION,NON-CITY OR UNINCORPORATED,B,2,2,0,0,0,AT,N,CRD VETERANS RD,CRD 412,Daylight,Motor Vehicle in Transport,1,64,Mon     ,0,0,0,0,0,0,0,1,1,0,0,1,0,0,0,1,0,0,0,0,0,0,0,0,0,39.70964,-91.41877,0,03/09/2020,17:07:00,"DRIVER OF VEHICLE 1 FAILED TO STOP AT A STOP SIGN AND STRUCK VEHICLE 2.  ASSISTED BY THE MARION COUNTY SHERIFF'S DEPARTMENT, MARION COUNTY AMBULANCE, HANNIBAL RURAL FIRE."