objectid,accident,agency,inv_date,complaint,injured,killed,min_inj,dis_inj,severity,county,city,troop,no_vehicle,motor_veh,left_scene,dist_feet,dist_mile,inter_loc,direction,on_street,at_street,light_cond,acc_type,on_off_rd,two_veh,day_week,dr_drink,dr_drug,ped_drink,ped_drug,speed,dr_under21,dr_under25,dr_over55,dr_over64,electrical,emer_veh,stop_sign,yield_sign,czone,hazmat,aggressive,cell_phone,texting,veh_defect,school_bus,truck,motorcycle,atv,pickup,cmv,gps_lat,gps_long,severity_fatal,acc_date,acc_time,narrative
1311802,3200007015,Missouri State Highway Patrol-Troop C,1583712000000,200132429,1,0,1,0,Personal Injury,ST. CHARLES,ST PETERS,C,3,3,0,5808,1.1,B ,E ,IS 70,CST CAVE SPRINGS ROAD,Daylight,Motor Vehicle in Transport,1,62,Mon     ,0,0,0,0,0,0,0,0,0,0,0,0,0,0,0,0,0,0,0,0,0,0,0,0,1,38.79801,-90.58467,0,03/09/2020,17:29:00,"DRIVER 1 WAS TRAVELING TOO FAST FOR CONDITIONS, DRIVER 1 LOST CONTROL OF VEHICLE 1, OVER CORRECTED, AND STRUCK THE LEFT SIDE OF VEHICLE 2. DRIVER 2 CHANGED LANES IN AN ATTEMPT TO AVOID A COLLISION AND STRUCK THE TOWED UNIT OF VEHICLE 3."
958526,3200007024,Missouri State Highway Patrol-Troop D,1583712000000,200132685,1,0,0,1,Personal Injury,TANEY,NON-CITY OR UNINCORPORATED,D,1,1,0,411,0.08,B ,E ,MO 86,BRIDGE A0590,Dark-Unlighted,Fixed Object,2,,Mon     ,1,0,0,0,1,0,0,0,0,0,0,0,0,0,0,1,0,0,0,0,1,0,0,1,0,36.52652,-93.3077,0,03/09/2020,21:15:00,NR1 RAN OFF THE ROADWAY INTO A RESIDENTIAL BUILDING.
1211042,3200006811,Missouri State Highway Patrol-Troop F,1583712000000,200132752,1,0,1,0,Personal Injury,COLE,NON-CITY OR UNINCORPORATED,F,2,2,0,0,0,AT,W ,RT C,CRD KNERNSCHIELD RD,Dark-Unlighted,Motor Vehicle in Transport,1,64,Mon     ,0,0,0,0,0,1,1,0,0,1,0,0,0,0,0,0,0,0,0,0,1,0,0,1,0,38.5062,-92.45161,0,03/09/2020,22:15:00,OCCURRED AS VEHICLE 1 WAS MAKING A LEFT TURN AND WAS STRUCK BY VEHICLE 2
958525,3200006312,Missouri State Highway Patrol-Troop D,1583712000000,200132823,1,0,1,0,Personal Injury,TANEY,NON-CITY OR UNINCORPORATED,D,2,2,0,0,0,AT,W ,MO 76,CRD WALKINGTON LN,Dark-Unlighted,Motor Vehicle in Transport,1,60,Mon     ,1,0,0,0,0,0,0,0,0,0,0,0,0,0,0,1,0,0,0,0,0,0,0,0,0,36.6453,-93.19061,0,03/09/2020,23:40:00,VEHICLE 1 CROSSED THE CENTER LINE AND STRUCK VEHICLE 2.
1129300,3200006198,Missouri State Highway Patrol-Troop E,1583798400000,200132875,1,0,1,0,Personal Injury,CAPE GIRARDEAU,NON-CITY OR UNINCORPORATED,E,1,1,0,2222,0.42,A ,N,MO 25,CRD 267,Dark-Unlighted,Fixed Object,2,,Tue     ,0,0,0,0,0,0,0,0,0,0,0,0,0,0,0,1,0,0,0,0,1,0,0,1,0,37.18247,-89.7691,0,03/10/2020,02:45:00,CRASH OCCURRED AS VEHICLE 1 RAN OFF ROADWAY AND STRUCK A DITCH.
1282212,3200006908,Missouri State Highway Patrol-Troop C,1583798400000,200132885,2,0,2,0,Personal Injury,ST. CHARLES,O'FALLON,C,2,2,0,0,0,AT,E ,IS 70,ERM EAST IS 70 MILE 2184,Dark-Unlighted,Motor Vehicle in Transport,1,61,Tue     ,0,0,0,0,0,0,0,0,0,0,0,0,0,0,0,0,0,0,1,0,0,0,0,0,0,38.80266,-90.69054,0,03/10/2020,04:13:00,VEHICLE 1 HAD A VEHICLE DEFECT CAUSING IT TO STALL IN LANE 2.  VEHICLE 2 ATTEMPTED TO AVOID VEHICLE 1 STRIKING THE REAR OF VEHICLE 1.
1211043,3200006000,Missouri State Highway Patrol-Troop F,1583798400000,200132979,1,0,1,0,Personal Injury,COLE,NON-CITY OR UNINCORPORATED,F,2,2,0,0,0,AT,N,CRD BIG HORN DR,CRD OLD LOHMAN RD NJ,Daylight,Motor Vehicle in Transport,1,64,Tue     ,0,0,0,0,0,0,0,1,1,0,0,0,1,0,0,1,0,0,0,1,0,0,0,0,1,38.56914,-92.28932,0,03/10/2020,07:25:00,OCCURRED AS VEHICLE 1 FAILED TO YIELD TO VEHICLE 2 AS IT WAS ENTERING A ROUNDABOUT AND STRUCK VEHICLE 2.
910595,3200006257,Missouri State Highway Patrol-Troop D,1583798400000,200133042,2,0,2,0,Personal Injury,GREENE,NON-CITY OR UNINCORPORATED,D,2,2,0,0,0,AT,E ,RT YY,CRD 193,Daylight,Motor Vehicle in Transport,1,64,Tue     ,0,0,0,0,0,0,0,1,1,0,0,1,0,0,0,1,0,0,0,0,1,0,0,1,0,37.22336,-93.19762,0,03/10/2020,07:55:00,VEH #1 FAILED TO YIELD WHILE MAKING A LEFT TURN AND PULLED INTO THE PATH OF VEH #2.
1064144,3200006172,Missouri State Highway Patrol-Troop I,1583798400000,200133346,1,0,1,0,Personal Injury,DENT,NON-CITY OR UNINCORPORATED,I,1,1,0,274,0.05,B ,E ,MO 32,CRD 4430,Daylight,Fixed Object,2,,Tue     ,0,0,0,0,0,0,0,1,0,0,0,0,0,0,0,0,0,0,0,0,0,0,0,0,0,37.64323,-91.19055,0,03/10/2020,10:30:00,"OCCURRED AS DVR 1 LOST CONTROL OF VEH 1. VEH 1 TRAVELED OFF OF THE RIGHT SIDE OF THE ROADWAY, DOWN AN  EMBANKMENT AND STRUCK A TREE."
1508877,3200006475,Missouri State Highway Patrol-Troop H,1583798400000,200133716,1,0,0,1,Personal Injury,HOLT,NON-CITY OR UNINCORPORATED,H,1,1,0,58,0.01,A ,S ,US 59,RT Y,Daylight,Overturn,1,,Tue     ,0,0,0,0,0,0,0,1,0,0,0,0,0,0,0,1,0,0,0,0,0,0,0,0,1,39.9682,-95.04862,0,03/10/2020,13:25:00,"CRASH OCCURRED AS NR1 WAS SOUTHBOUND. NR1 BEGAN TO SKID AND WENT OFF THE SOUTH SIDE OF US 59. NR1 CAME BACK ONTO SOUTHBOUND US 59 CROSSED THE ROADWAY AND WENT OFF THE NORTH SIDE OF US 59. NR1 CAME BACK ONTO SOUTHBOUND US 59 AND OVERTURNED ONTO THE DRIVERS SIDE BLOCKING BOTH LANES. ASSISTED BY SGT M.P QUILTY  (1221), TPR K.A. MCCALLISTER (585), TPR V.P. WILEY (692), CVO K.L SHEWEY (W66), CVO J.W. RHOADES (W228), SO HOLT CO, AND OREGON FD."
1017398,3200006077,Missouri State Highway Patrol-Troop D,1583798400000,200133932,2,0,2,0,Personal Injury,NEWTON,NON-CITY OR UNINCORPORATED,D,2,2,0,485,0.09,B ,S ,MO 43,CRD DOUGLAS FIR,Daylight,Motor Vehicle in Transport,1,61,Tue     ,0,0,0,0,0,0,0,1,1,0,0,0,0,0,0,1,0,0,0,0,0,0,0,0,1,36.99909,-94.55176,0,03/10/2020,15:00:00,OCCURRED AS #2 WAS STOPPED IN TRAFFIC AND WAS STRUCK IN THE REAR BY #1
958527,3200007170,Missouri State Highway Patrol-Troop D,1583798400000,200133946,1,0,0,1,Personal Injury,TANEY,NON-CITY OR UNINCORPORATED,D,1,1,0,73,0.01,B ,S ,US 65,CO US65S TO US65N,Daylight,Fixed Object,2,,Tue     ,0,0,0,0,0,0,0,1,1,0,0,0,0,0,0,1,0,0,0,0,1,0,0,1,0,36.50276,-93.22148,0,03/10/2020,15:05:00,"CRASH OCCURRED AS THE VEHICLE TRAVELED OFF THE LEFT SIDE OF THE ROADWAY AND STRUCK SOME LARGE ROCKS. THE VEHICLE THEN CROSSED THE SOUTHBOUND LANES, STRUCK AN EMBANKMENT AND OVERTURNED."
1182952,3200006343,Missouri State Highway Patrol-Troop B,1583798400000,200133958,1,0,1,0,Personal Injury,RANDOLPH,NON-CITY OR UNINCORPORATED,B,2,2,0,786,0.15,B ,W ,RT JJ,CRD 1205,Daylight,Motor Vehicle in Transport,1,61,Tue     ,0,0,0,0,0,1,1,1,0,0,0,0,0,0,0,1,0,0,0,0,0,0,0,0,0,39.43484,-92.50571,0,03/10/2020,15:00:00,VEHICLE 01 STRUCK VEHICLE 02 IN THE REAR AS VEHICLE 02 WAS MAKING A LEFT TURN.  ASSISTED BY RANDOLPH COUNTY SHERIFF'S DEPARTMENT.
1194933,3200006319,Missouri State Highway Patrol-Troop F,1583798400000,200134322,1,0,1,0,Personal Injury,CALLAWAY,NON-CITY OR UNINCORPORATED,F,1,1,0,2449,0.46,B ,S ,CRD 401,CRD 404,Daylight,Fixed Object,2,,Tue     ,0,0,0,0,0,0,0,0,0,0,0,0,0,0,0,1,0,0,0,0,0,0,0,0,0,38.81246,-91.96463,0,03/10/2020,17:50:00,VEHICLE 1 WAS TRAVELING NORTHBOUND ON COUNTY ROAD 401.  VEHICLE 1 TRAVELED OFF THE LEFT SIDE OF THE ROADWAY AND STRUCK A TREE.  VEHICLE 1 ROTATED COUNTER-CLOCKWISE AND CAME TO REST BLOCKING THE ROADWAY.
1037716,3200006755,Missouri State Highway Patrol-Troop I,1583798400000,200134334,1,0,1,0,Personal Injury,PHELPS,NEWBURG,I,2,2,0,10,0,A ,S ,RT T,CST THIRD ST,Daylight,Motor Vehicle in Transport,1,64,Tue     ,0,0,0,0,0,0,0,1,1,0,0,1,0,0,0,1,0,0,0,0,1,0,0,0,1,37.91508,-91.90204,0,03/10/2020,18:00:00,OCCURRED AS VEH 1 PULLED INTO THE PATH OF VEH 2. VEH 2 TRAVELED OFF THE LEFT SIDE OF THE ROADWAY AND STRUCK A TREE.
1307983,3200006744,Missouri State Highway Patrol-Troop C,1583798400000,200134437,2,0,2,0,Personal Injury,JEFFERSON,NON-CITY OR UNINCORPORATED,C,3,3,0,10,0,B ,N,CRD GRAVOIS RD,PVT OETJEN DR,Daylight,Fixed Object,2,,Tue     ,0,0,0,0,0,1,1,0,0,0,0,0,0,0,0,1,0,0,0,0,1,0,0,1,0,38.42389,-90.55502,0,03/10/2020,18:50:00,"VEHICLE 1 WAS TRAVELING IN THE NORTHBOUND LANE OF GRAVOIS ROAD.  VEHICLE 2 AND VEHICLE 3 WERE PARKED IN A PARKING LOT AT 4150 GRAVOIS ROAD.  DRIVER 1 TOOK HIS HANDS OFF OF THE STEERING WHEEL.  PASSENGER 1 GRABBED THE STEERING WHEEL. VEHICLE 1 TRAVELED OFF THE RIGHT SIDE OF THE ROADWAY, STRUCK A SIGN POST  BEFORE STRIKING THE LEFT SIDE OF VEHICLE 2  AND THE RIGHT SIDE OF VEHICLE 3."
1219875,3200006117,Missouri State Highway Patrol-Troop C,1583798400000,200134502,2,0,1,1,Personal Injury,FRANKLIN,NON-CITY OR UNINCORPORATED,C,3,3,0,3695,0.7,A ,E ,MO 100,CRD OLD MANCHESTER RD,Dark-Unlighted,Motor Vehicle in Transport,1,61,Tue     ,0,0,0,0,0,0,1,1,0,0,0,0,0,0,0,1,0,0,0,0,1,0,0,1,0,38.53483,-90.7353,0,03/10/2020,19:36:00,VEHICLE 2 WAS EASTBOUND ON MISSOURI 100. DRIVER 1 WAS FOLLOWING VEHICLE 2 TOO CLOSELY. DRIVER 1 SWERVED TO AVOID VEHICLE 2 AS IT SLOWED FOR A TURN AND CROSSED THE CENTER LINE INTO THE PATH OF VEHICLE 3. THE FRONT OF VEHICLE 1 STRUCK THE FRONT OF VEHICLE 3.
1272358,3200006570,Missouri State Highway Patrol-Troop C,1583798400000,200134731,2,0,2,0,Personal Injury,PERRY,NON-CITY OR UNINCORPORATED,C,1,1,0,3168,0.6,B ,N,CRD 410,CRD 414,Dark-Unlighted,Fixed Object,2,,Tue     ,0,0,0,0,0,1,1,0,0,0,0,0,0,0,0,0,0,0,0,0,0,0,0,0,0,37.65245,-89.69142,0,03/10/2020,21:40:00,VEHICLE 1 TRAVELED OFF RIGHT SIDE OF THE ROADWAY. DRIVER 1 OVERCORRECTED AND TRAVELED OFF THE LEFT SIDE OF THE ROADWAY AND STRUCK A TREE BEFORE OVERTURNING
1325170,3200006335,Missouri State Highway Patrol-Troop G,1583884800000,200134840,1,0,1,0,Personal Injury,HOWELL,NON-CITY OR UNINCORPORATED,G,1,1,0,591,0.11,A ,S ,MO 17,CRD 9100,Dark-Unlighted,Fixed Object,2,,Wed     ,1,0,0,0,0,0,1,0,0,0,0,0,0,0,0,0,1,1,0,0,0,0,0,0,0,36.63153,-91.86195,0,03/11/2020,01:40:00,"CRASH OCCURRED AS VEHICLE ONE TRAVELED OFF THE ROADWAY, STRUCK, AN ELECTRIC POLE AND TREE."
927539,3200006080,Missouri State Highway Patrol-Troop D,1583884800000,200134963,1,0,1,0,Personal Injury,MCDONALD,NON-CITY OR UNINCORPORATED,D,1,1,0,871,0.16,A ,W ,CRD CEDAR RD,BU 71,Daylight,Fixed Object,2,,Wed     ,0,0,0,0,1,0,0,0,0,0,0,0,0,0,0,1,0,0,0,0,1,0,0,1,0,36.64101,-94.43039,0,03/11/2020,07:05:00,"ACCIDENT OCCURRED AS VEH #1 LOST CONTROL ON WET ROADWAY, SLID OFF THE LEFT SIDE AND STRUCK A UTILITY POLE"
1194934,3200006407,Missouri State Highway Patrol-Troop F,1583884800000,200135186,3,0,2,1,Personal Injury,CALLAWAY,NON-CITY OR UNINCORPORATED,F,3,3,0,275,0.05,A ,W ,IS 70,ERM WEST IS 70 MILE 1600,Daylight,Motor Vehicle in Transport,1,63,Wed     ,0,0,0,0,0,0,0,0,0,0,0,0,0,0,0,1,0,0,0,0,0,0,0,0,1,38.91267,-91.7276,0,03/11/2020,08:58:00,OCCURRED AS VEHICLE 1 TRAVELED INTO THE RIGHT LANE AND STRUCK VEHICLE 2.  VEHICLE 1 THEN CRASHED THROUGH THE MEDIAN CABLES AND BEGAN TRAVELING WESTBOUND IN THE EASTBOUND LANES.  VEHICLE 1 THEN STRUCK VEHICLE 3 HEAD-ON.
1194935,3200006704,Missouri State Highway Patrol-Troop F,1583884800000,200135241,3,0,3,0,Personal Injury,CALLAWAY,NON-CITY OR UNINCORPORATED,F,2,2,0,1863,0.35,A ,E ,RT F,CRD 219,Daylight,Motor Vehicle in Transport,1,61,Wed     ,0,0,0,0,1,0,1,1,1,0,0,0,0,0,0,1,0,0,0,0,1,0,0,1,0,38.86487,-92.01991,0,03/11/2020,09:22:00,VEHICLE 2 STRUCK VEHICLE 1 IN THE REAR.  BOTH VEHICLES THEN WENT OFF THE NORTH SIDE OF THE ROADWAY AND OVERTURNED.  ASSISTED BY SGT. D. L. FOUCH (810) AND TPR. G. T. JOHNSON (734)
1222225,3200006400,Missouri State Highway Patrol-Troop C,1583884800000,200135329,1,0,1,0,Personal Injury,ST. LOUIS,BERKELEY,C,2,2,0,190,0.04,A ,E ,IS 170,ERM SOUTH IS 170 MILE 88,Daylight,Motor Vehicle in Transport,1,63,Wed     ,1,1,0,0,0,0,0,1,1,0,0,0,0,0,0,0,0,0,0,0,0,0,0,0,1,38.74367,-90.33718,0,03/11/2020,10:10:00,DRIVER 1 ATTEMPTED TO PASS VEHICLE 2. VEHICLE 1 STRUCK THE DRIVER?S SIDE OF VEHICLE 2. THE IMPACT CAUSED BOTH VEHICLES TO TRAVEL OFF THE LEFT SIDE OF THE ROADWAY AND STRIKE THE GUARDRAIL AND CABLE BARRIER.
1111584,3200006244,Missouri State Highway Patrol-Troop E,1583884800000,200135726,3,0,3,0,Personal Injury,DUNKLIN,NON-CITY OR UNINCORPORATED,E,2,2,0,443,0.08,A ,W ,RT J,CRD RANDY DR,Daylight,Motor Vehicle in Transport,1,64,Wed     ,0,0,0,0,0,0,0,1,0,0,0,0,0,0,0,1,0,0,0,0,0,0,0,0,0,36.56468,-90.06166,0,03/11/2020,13:00:00,CRASH OCCURRED AS VEHICLE 1 WAS TRAVELING EAST IN THE WESTBOUND LANES ON ROUTE J AND INTO THE PATH OF VEHICLE 2. VEHICLE 1 STRUCK VEHICLE 2
1212866,3200006784,Missouri State Highway Patrol-Troop C,1583884800000,200136078,1,0,0,1,Personal Injury,WASHINGTON,NON-CITY OR UNINCORPORATED,C,1,1,0,527,0.1,B ,S ,MO 21,CRD CANNON MINES RD,Daylight,Fixed Object,2,,Wed     ,0,0,0,0,0,0,0,0,0,0,0,0,0,0,0,0,0,0,0,0,0,0,0,0,0,38.03363,-90.75752,0,03/11/2020,15:30:00,"VEHICLE 1 WAS SOUTHBOUND ON HIGHWAY 21 AND ATTEMPTED TO AVOID A OBJECT IN THE ROADWAY. VEHICLE 1 TRAVELED OFF THE RIGHT SIDE OF THE ROADWAY AND STRUCK AN EMBANKMENT, BECAME AIRBORNE AND STRUCK A UTILITY POLE."
803984,3200007422,Missouri State Highway Patrol-Troop A,1583884800000,200136234,2,0,2,0,Personal Injury,JOHNSON,NON-CITY OR UNINCORPORATED,A,1,1,0,0,0,AT,S ,MO 13,CRD NW 700,Daylight,Fixed Object,2,,Wed     ,0,0,0,0,0,0,1,0,0,0,0,0,0,0,0,1,0,0,0,0,0,0,0,0,0,0,0,0,03/11/2020,16:35:00,"CRASH OCCURRED AS VEHICLE 1 SWERVED TO AVOID AN UNINVOLVED VEHICLE TURNING LEFT. VEHICLE 1 TRAVELED OFF THE LEFT SIDE OF THE ROAD, RETURNED TO THE ROAD, THEN TRAVELED OFF THE RIGHT SHOULDER.  VEHICLE 1 THEN  TRAVELED INTO THE DITCH AND OVERTURNED.  ASSISTED BY TPR. D.W. SCHUBERT /1228/."
910589,3200006433,Missouri State Highway Patrol-Troop D,1583884800000,200136434,2,0,2,0,Personal Injury,GREENE,NON-CITY OR UNINCORPORATED,D,1,1,0,1061,0.2,A ,E ,MO 266,CRD 65,Daylight,Fixed Object,2,,Wed     ,1,0,0,0,1,0,0,0,0,0,0,0,0,0,0,1,0,0,0,0,0,0,0,0,0,37.20548,-93.50585,0,03/11/2020,17:45:00,"NBR 1 RAN OFF THE ROADWAY, STRUCK AN EMBANKMENT AND OVERTURNED, EJECTING BOTH OCCUPANTS."
1017378,3200006767,Missouri State Highway Patrol-Troop D,1583884800000,200136536,1,0,0,1,Personal Injury,NEWTON,NON-CITY OR UNINCORPORATED,D,1,1,0,770,0.15,A ,S ,RT W,CRD FOLIAGE,Daylight,Fixed Object,2,,Wed     ,0,0,0,0,1,1,1,0,0,0,0,0,0,0,0,1,0,0,0,0,0,0,0,0,0,36.96096,-94.15304,0,03/11/2020,18:35:00,"RIVER 1 LOST CONTROL ON HILLCREST, RAN OFF THE LEFT SIDE OF THE ROADWAY, STRUCK AN EMBANKMENT AND OVERTURNED SEVERAL TIMES EJECTING THE DRIVER."
1123617,3200006666,Missouri State Highway Patrol-Troop E,1583884800000,200136702,1,0,1,0,Personal Injury,MADISON,NON-CITY OR UNINCORPORATED,E,1,1,0,450,0.09,B ,W ,RT E,CRD 407,Dark-Unlighted,Fixed Object,2,,Wed     ,1,0,0,0,1,0,0,0,0,0,0,0,0,0,0,1,0,0,0,0,0,0,0,0,0,37.51822,-90.38038,0,03/11/2020,20:18:00,CRASH OCCURRED AS VEHICLE 1 RAN OFF ROADWAY AND STRUCK TREES.
830856,3200006341,Missouri State Highway Patrol-Troop A,1583884800000,200136742,1,0,1,0,Personal Injury,CLAY,KANSAS CITY,A,2,2,0,47,0.01,B ,S ,IS 35,ERM SOUTH IS 35 MILE 96,Dark-Unlighted,Motor Vehicle in Transport,1,61,Wed     ,0,0,0,0,0,1,1,0,0,0,0,0,0,1,0,1,0,0,0,0,0,0,0,0,0,39.17506,-94.53481,0,03/11/2020,20:43:00,CASH OCCURRED AS BOTH VEHICLES WERE SLOWING FOR CONSTRUCTION ZONE AHEAD. VEHICLE 1 STRUCK THE REAR OF VEHICLE 2. ASSISTED BY TPR B. N. MARQUART /784/.
1159321,3200006157,Missouri State Highway Patrol-Troop E,1583971200000,200137050,1,0,1,0,Personal Injury,STODDARD,ESSEX,E,1,1,0,464,0.09,A ,W ,MO 114,CST TROTTER ST EJ,Dark-Unlighted,Fixed Object,2,,Thu     ,0,0,0,0,0,0,0,0,0,0,0,0,0,0,0,0,0,0,0,0,0,0,0,0,0,36.81041,-89.86149,0,03/12/2020,04:00:00,VEH1 RAN OFF THE LEFT SIDE OF THE ROADWAY AND STRUCK A TREE
1272357,3200006569,Missouri State Highway Patrol-Troop C,1583971200000,200137056,1,0,1,0,Personal Injury,PERRY,NON-CITY OR UNINCORPORATED,C,1,1,0,0,0,AT,E ,RT J,MO 51,Dark-Unlighted,Fixed Object,2,,Thu     ,0,0,0,0,0,0,0,1,0,0,0,1,0,0,0,1,0,0,0,0,1,0,0,1,0,37.62304,-89.9782,0,03/12/2020,04:50:00,VEHICLE 1 TRAVELED OFF THE EAST SIDE OF MISSOURI 51 AND STRUCK A FENCE AND TWO TREES.
1119376,3200006716,Missouri State Highway Patrol-Troop E,1583971200000,200137068,3,0,3,0,Personal Injury,BOLLINGER,NON-CITY OR UNINCORPORATED,E,2,2,0,0,0,AT,E ,MO 72,MO 51,Dark-Unlighted,Motor Vehicle in Transport,1,64,Thu     ,0,0,0,0,0,0,0,1,0,0,0,1,0,0,0,1,0,0,0,0,1,0,0,1,0,37.51905,-90.01534,0,03/12/2020,05:35:00,CRASH OCCURRED AS VEHICLE TWO FAILED TO YIELD TO VEHICLE ONE. VEHICLE ONE STRUCK VEHICLE TWO IN THE DRIVER'S SIDE.
1186008,3200006819,Missouri State Highway Patrol-Troop B,1583971200000,200137078,1,0,0,1,Personal Injury,SULLIVAN,NON-CITY OR UNINCORPORATED,B,1,1,0,1462,0.28,B ,N,RT U,CRD GRANITE RD,Dark-Unlighted,Fixed Object,2,,Thu     ,0,0,0,0,0,0,0,0,0,0,0,0,0,0,0,0,0,0,0,0,0,0,0,0,0,40.1477,-93.02568,0,03/12/2020,05:59:00,"VEH 1 TRAVELED OFF RIGHT SIDE OF ROADWAY, THEN OVER CORRECTED CROSSING BACK OVER THE ROADWAY AND TRAVELING OFF THE LEFT SIDE, STRIKING AN EMBANKMENT, OVERTURNING, AND EJECTING THE DRIVER. VEHICLE CAME TO WEST ON ITS WHEELS."
851944,3200006900,Missouri State Highway Patrol-Troop A,1583971200000,200137105,1,0,1,0,Personal Injury,CLAY,MOSBY,A,2,2,0,179,0.03,A ,S ,US 69,BRIDGE L0511,Dark-Unlighted,Motor Vehicle in Transport,1,63,Thu     ,0,0,0,0,0,0,0,0,0,0,0,0,0,0,0,1,0,0,0,0,1,0,0,1,0,39.32034,-94.31338,0,03/12/2020,06:30:00,CRASH OCCURRED AS VEHICLES 1 SWERVED TO MISS CRASH AND STRUCKS VEHICLE 2 BOTH VEHICLES COME TO REST ON RIGHT SIDE OF ROADWAY.  ASSISTED BY CLAY COUNTY SHERIFF'S DEPARTMENT
1144722,3200006673,Missouri State Highway Patrol-Troop E,1583971200000,200137140,1,0,1,0,Personal Injury,NEW MADRID,NON-CITY OR UNINCORPORATED,E,2,2,0,1869,0.35,B ,N,RT V,MO 80,Daylight,Motor Vehicle in Transport,1,60,Thu     ,0,0,0,0,0,0,1,0,0,0,0,0,0,0,0,0,0,0,0,0,1,0,0,1,0,36.75426,-89.53752,0,03/12/2020,06:55:00,"CRASH OCCURRED AS VEHICLE  ONE, WHILE MAKING A LEFT TURN, WAS STRUCK BY VEHICLE TWO."
851945,3200006977,Missouri State Highway Patrol-Troop A,1583971200000,200137249,1,0,1,0,Personal Injury,CLAY,MOSBY,A,1,1,0,95,0.02,B ,S ,US 69,BRIDGE L0511,Dark-Unlighted,Fixed Object,2,,Thu     ,0,0,0,0,0,0,0,0,0,0,0,0,0,0,0,1,0,0,0,0,0,0,0,0,0,39.32071,-94.31254,0,03/12/2020,06:30:00,CRASH OCCURRED AS VEHICLE 1 SLID OFF ROAD AND STRUCK GUARD RAIL AND CAME TO REST ON RIGHT SIDE OF THE ROAD.  ASSISTED BY CLAY COUNTY SHERIFF'S DEPARTMENT
961867,3200007207,Missouri State Highway Patrol-Troop D,1583971200000,200137537,1,0,1,0,Personal Injury,POLK,NON-CITY OR UNINCORPORATED,D,2,2,0,1,0,A ,S ,MO 123,MO 32,Daylight,Motor Vehicle in Transport,1,64,Thu     ,0,0,0,0,0,0,1,0,0,0,0,0,0,1,0,1,0,0,0,0,0,0,0,0,0,37.62973,-93.56568,0,03/12/2020,10:10:00,VEH #1 MADE A LEFT TURN INTO THE PATH OF VEH #2 AND WAS STRUCK.
1200642,3200007158,Missouri State Highway Patrol-Troop F,1583971200000,200137638,1,2,1,0,Fatal,CAMDEN,NON-CITY OR UNINCORPORATED,F,2,2,0,2640,0.5,B ,N,MO 5,CRD MOUNT HOREB RD,Daylight,Motor Vehicle in Transport,1,60,Thu     ,0,0,0,0,0,0,0,0,0,0,0,0,0,0,0,1,0,0,0,0,1,0,0,1,0,37.89939,-92.70139,1,03/12/2020,11:00:00,"FATALITY ACCIDENT - NEXT OF KIN NOTIFIED - VEHICLE 1 CROSSED THE CENTER LINE AND STRUCK VEHICLE 2 HEAD-ON.  PASSENGER OF VEHICLE 2 WAS PRONOUNCED DECEASED AT THE SCENE BY MEDICAL EXAMINER ASHLEY HASLAG AT 1207 HOURS.  DRIVER 2 WAS PRONOUNCED DECEASED AT LAKE REGIONAL HOSPITAL BY DOCTOR TODD COOPER AT 1217.  THIS IS TROOP F FATALITIES 2 & 3 FOR MARCH AND 8 & 9 FOR 2020.  ASSISTED BY SGT J.E. LOWARY (466), TPR J.D. CONRAD, AND TPR T.C. FICK (787)"
1136147,3200006376,Missouri State Highway Patrol-Troop E,1583971200000,200137689,1,0,1,0,Personal Injury,CAPE GIRARDEAU,DUTCHTOWN,E,2,2,0,0,0,AT,N,MO 25,MO 74,Daylight,Motor Vehicle in Transport,1,64,Thu     ,0,0,0,0,0,0,0,0,0,1,0,0,1,0,0,1,0,0,0,0,1,0,0,1,1,37.24998,-89.65736,0,03/12/2020,11:15:00,CRASH OCCURRED AS VEH 1 PULLED INTO THE PATH OF VEH 2.
1189735,3200007038,Missouri State Highway Patrol-Troop B,1583971200000,200137726,1,0,0,1,Personal Injury,LINN,NON-CITY OR UNINCORPORATED,B,1,1,0,311,0.06,B ,E ,RT O,RT UU,Daylight,Fixed Object,2,,Thu     ,0,0,0,0,0,0,0,0,0,0,0,0,0,0,0,0,0,0,0,0,1,0,0,1,1,0,0,0,03/12/2020,06:00:00,"VEHICLE 01 RAN OFF RIGHT SIDE ROADWAY AND OVERTURNED, COMING TO REST IN A CREEK.  ASSISTED BY CPL SKAGGS #1203, TPR COOL #281, SULLIVAN COUNTY SHERIFF'S DEPARTMENT AND LINN COUNTY SHERIFF'S DEPARTMENT"
942950,3200006415,Missouri State Highway Patrol-Troop D,1583971200000,200138013,1,0,1,0,Personal Injury,DALLAS,NON-CITY OR UNINCORPORATED,D,1,1,0,2154,0.41,A ,N,MO 73,CRD DOVECOAT LN,Daylight,Fixed Object,2,,Thu     ,0,0,0,0,0,0,0,1,1,0,0,0,0,0,0,0,0,0,0,0,0,0,0,0,0,37.70002,-93.08164,0,03/12/2020,13:45:00,VEHICLE #1 TRAVELED OFF THE ROADWAY AND STRUCK A UTILITY POLE.
1219892,3200006604,Missouri State Highway Patrol-Troop C,1583971200000,200138026,1,0,1,0,Personal Injury,FRANKLIN,NON-CITY OR UNINCORPORATED,C,1,1,0,1351,0.26,B ,W ,SOR 44,BRIDGE A1892,Daylight,Fixed Object,2,,Thu     ,0,0,0,0,1,0,0,0,0,0,0,0,0,0,0,1,0,0,0,0,0,0,0,0,0,38.25207,-91.13192,0,03/12/2020,14:00:00,VEHICLE 1 WAS TRAVELING WESTBOUND ON THE NORTH SERVICE ROAD AND TRAVELED OFF THE RIGHT SIDE OF THE ROADWAY AND STRUCK THE GUARDRAIL.