objectid,accident,agency,inv_date,complaint,injured,killed,min_inj,dis_inj,severity,county,city,troop,no_vehicle,motor_veh,left_scene,dist_feet,dist_mile,inter_loc,direction,on_street,at_street,light_cond,acc_type,on_off_rd,two_veh,day_week,dr_drink,dr_drug,ped_drink,ped_drug,speed,dr_under21,dr_under25,dr_over55,dr_over64,electrical,emer_veh,stop_sign,yield_sign,czone,hazmat,aggressive,cell_phone,texting,veh_defect,school_bus,truck,motorcycle,atv,pickup,cmv,gps_lat,gps_long,severity_fatal,acc_date,acc_time,narrative
1170102,3200006877,Missouri State Highway Patrol-Troop F,1583971200000,200138110,1,0,1,0,Personal Injury,MORGAN,NON-CITY OR UNINCORPORATED,F,1,1,0,4224,0.8,A ,N,MO 5,RT TT NJ,Daylight,Overturn,2,,Thu     ,0,0,0,0,0,0,0,1,1,0,0,0,0,0,0,0,0,0,0,0,1,0,0,0,1,38.3683,-92.85308,0,03/12/2020,14:37:00,CRASH OCCURRED AS VEHICLE 1 TRAVELED OFF RIGHT SIDE OF ROADWAY AND OVERTURNED.
1211040,3200006373,Missouri State Highway Patrol-Troop F,1583971200000,200138179,2,0,2,0,Personal Injury,COLE,NON-CITY OR UNINCORPORATED,F,1,1,0,348,0.07,A ,E ,RT M,PVT LANDRY LN,Daylight,Overturn,2,,Thu     ,0,0,0,0,0,1,1,0,0,0,0,0,0,0,0,1,0,0,0,0,0,0,0,0,0,38.49441,-92.09941,0,03/12/2020,15:05:00,"CRASH OCCURRED AS VEHICLE 1 WAS EASTBOUND ON ROUTE M. DRIVER 1 WAS INTENTIONALLY MAKING CAR WEAVE BACK AND FORTH AND TRAVELED OFF RIGHT SIDE OF ROAD AND BEGAN SKIDDING. VEHICLE 1 REENTERED ROADWAY, SKIDDED AND WENT OFF LEFT SIDE OF ROADWAY. VEHICLE 1 TRIPPED AND OVERTURNED 5 TIMES AND CAME TO REST IN THE ROADWAY FACING SOUTH. ASSISTED BY COLE COUNTY SHERIFF'S DEPARTMENT"
1263861,3200007308,Missouri State Highway Patrol-Troop C,1583971200000,200138579,1,0,1,0,Personal Injury,WARREN,WARRENTON,C,1,1,0,226,0.04,B ,E ,IS 70,ERM EAST IS 70 MILE 1950,Daylight,Fixed Object,2,,Thu     ,0,0,0,0,0,0,0,0,0,0,0,0,0,0,0,1,0,0,0,0,0,0,0,0,0,38.81822,-91.11427,0,03/12/2020,17:58:00,VEHICLE 1 TRAVELED OFF THE LEFT SIDE OF THE ROADWAY AND STRUCK A CABLE BARRIER.
914801,3200006750,Missouri State Highway Patrol-Troop D,1583971200000,200138751,1,0,1,0,Personal Injury,JASPER,NON-CITY OR UNINCORPORATED,D,1,1,0,337,0.06,B ,N,IS 49,BRIDGE A3580,Daylight,Fixed Object,2,,Thu     ,0,0,0,0,0,0,0,0,0,0,0,0,0,0,0,0,1,0,0,0,0,0,0,0,1,37.26934,-94.30606,0,03/12/2020,19:12:00,"NR1 RAN OFF THE ROADWAY, STRUCK A GUARDRAIL AND OVER TURNED."
1219894,3200006537,Missouri State Highway Patrol-Troop C,1584057600000,200139265,0,1,0,0,Fatal,FRANKLIN,NON-CITY OR UNINCORPORATED,C,1,1,0,1473,0.28,B ,E ,MO 30,CRD THUNDERBIRD CT,Dark-Unlighted,Fixed Object,2,,Fri     ,0,0,0,0,1,0,0,0,0,0,0,0,0,0,0,1,0,0,0,0,0,0,0,0,0,38.33334,-90.94532,1,03/13/2020,01:30:00,"VEHICLE 1 TRAVELED OFF THE RIGHT SIDE OF THE ROADWAY, STRUCK A TREE, AND OVERTURNED."
1307927,3200006303,Missouri State Highway Patrol-Troop C,1584057600000,200139409,4,0,4,0,Personal Injury,JEFFERSON,NON-CITY OR UNINCORPORATED,C,2,2,0,0,0,AT,S ,US 67,CRD VICTORIA RD,Daylight,Motor Vehicle in Transport,1,64,Fri     ,0,0,0,0,0,0,0,0,0,1,0,0,0,0,0,1,0,0,0,0,0,0,0,0,0,38.16348,-90.45536,0,03/13/2020,07:00:00,"DRIVER #1 FAILED TO YIELD TO SOUTHBOUND TRAFFIC AND MADE A LEFT TURN INTO THE PATH OF VEHICLE #2,  THE FRONT OF VEHICLE #1 STRUCK THE RIGHT SIDE OF VEHICLE #2.  ASSISTED BY MSGT. C.M. ARBUTHNOT (694)"
1058212,3200006530,Missouri State Highway Patrol-Troop I,1584057600000,200139414,2,0,2,0,Personal Injury,CRAWFORD,BOURBON,I,1,1,0,432,0.08,A ,E ,IS 44,ERM EAST IS 44 MILE 2148,Daylight,Fixed Object,2,,Fri     ,0,0,0,0,0,1,1,0,0,0,0,0,0,0,0,0,0,0,0,0,0,0,0,0,0,38.12348,-91.3089,0,03/13/2020,07:11:00,"OCCURRED AS VEHICLE 1 TRAVELED OFF THE LEFT SIDE OF ROADWAY, CROSSING AND STRIKING THE CABLE BARRIER OVERTURNING.  VEHICLE 1 CAME TO REST ON THE WESTBOUND SHOULDER."
923958,3200006923,Missouri State Highway Patrol-Troop D,1584057600000,200139451,2,0,1,1,Personal Injury,LAWRENCE,AURORA,D,2,2,0,2265,0.43,B ,E ,US 60,CRD 1200,Daylight,Motor Vehicle in Transport,1,60,Fri     ,0,0,0,0,0,1,1,0,0,0,0,0,0,0,1,1,0,0,0,0,0,0,0,0,1,36.94849,-93.70696,0,03/13/2020,07:35:00,CRASH OCCURRED AS VEHICLE #1 CROSSED THE CENTER LINE AND STRUCK VEHICLE #2
1044623,3200006688,Missouri State Highway Patrol-Troop I,1584057600000,200139461,1,0,1,0,Personal Injury,LACLEDE,LACLEDE,I,2,2,0,250,0.05,B ,W ,IS 44,ERM WEST IS 44 MILE 1426,Daylight,Motor Vehicle in Transport,1,61,Fri     ,0,0,0,0,0,0,0,1,0,0,0,0,0,0,0,0,0,0,0,0,0,0,0,0,1,37.75792,-92.46043,0,03/13/2020,07:47:00,OCCURRED AS VEH 1 STRUCK THE REAR OF VEH 2.
830857,3200007281,Missouri State Highway Patrol-Troop A,1584057600000,200140084,1,0,1,0,Personal Injury,CLAY,KANSAS CITY,A,2,2,0,21,0,B ,S ,IS 35,RP 5952,Daylight,Motor Vehicle in Transport,1,61,Fri     ,0,0,0,0,0,0,0,0,0,0,0,0,0,0,0,1,0,0,0,0,1,0,0,1,1,39.17226,-94.55405,0,03/13/2020,12:44:00,CRASH OCCURRED AS VEH 2 SLOWED FOR TRAFFIC.  VEH 1 OVERTOOK AND STRUCK REAR OF VEH 2.  ASSISTED BY CPL J D HALL/1334
1222226,3200006771,Missouri State Highway Patrol-Troop C,1584057600000,200140550,1,0,1,0,Personal Injury,ST. LOUIS,BERKELEY,C,3,3,0,406,0.08,A ,W ,IS 170,ERM NORTH IS 170 MILE 84,Daylight,Motor Vehicle in Transport,1,61,Fri     ,0,0,0,0,1,0,0,0,0,0,0,0,0,0,0,1,0,0,0,0,0,0,0,0,0,38.73984,-90.335,0,03/13/2020,15:30:00,"VEHICLE 1 STRUCK THE REAR OF VEHICLE 2, CAUSING VEHICLE 2 TO STRIKE THE REAR OF VEHICLE 3.  VEHICLE 1 THEN TRAVELED OFF THE LEFT SIDE OF THE ROADWAY AND STRUCK THE CABLE MEDIAN BARRIER. ASSISTED BY TROOPER KRAL (1379) AND TPR. MICKS (475)"
1132685,3200006458,Missouri State Highway Patrol-Troop E,1584057600000,200140611,3,0,1,2,Personal Injury,RIPLEY,NON-CITY OR UNINCORPORATED,E,2,2,0,871,0.16,B ,W ,US 160,RT M,Daylight,Motor Vehicle in Transport,1,60,Fri     ,0,0,0,0,0,0,0,1,1,0,0,0,0,0,0,1,0,0,0,0,1,0,0,1,0,36.66526,-90.66125,0,03/13/2020,16:06:00,CRASH OCCURRED AS VEHICLE 1 CROSSED CENTER LINE AND STRUCK VEHICLE 2
853584,3200006450,Missouri State Highway Patrol-Troop A,1584057600000,200140771,3,0,3,0,Personal Injury,PETTIS,NON-CITY OR UNINCORPORATED,A,2,2,0,0,0,AT,E ,US 50,CRD RISSLER RD,Daylight,Motor Vehicle in Transport,1,64,Fri     ,0,0,0,0,0,0,0,1,1,0,0,1,0,0,0,1,0,0,0,0,0,0,0,0,0,38.69617,-93.17182,0,03/13/2020,17:03:00,"CRASH OCCURRED AS VEHICLE1 ATTEMPTED TO TURN LEFT FROM RISSLER ROAD ONTO WESTBOUND US-50. VEHICLE1 TRAVELED INTO THE PATH OF EASTBOUND VEHICLE2. VEHICLE2 STRUCK VEHICLE1 AND SLID OFF THE LEFT SIDE OF THE ROAD, COMING TO REST IN THE ROADWAY. ASSISTED BY TPR. W.C. GROSE (280) AND PETTIS COUNTY SHERIFFS OFFICE."
1170101,3200006714,Missouri State Highway Patrol-Troop F,1584057600000,200141031,3,0,2,1,Personal Injury,MORGAN,NON-CITY OR UNINCORPORATED,F,1,1,0,2566,0.49,A ,S ,CRD LITTLE BUFFALO RD,CRD LITTLE BUFFALO RD,Daylight,Fixed Object,2,,Fri     ,0,0,0,0,0,1,1,0,0,0,0,0,0,0,0,1,0,0,0,0,1,0,0,1,0,38.32701,-92.98036,0,03/13/2020,18:45:00,"DRIVER 1 WAS DISTRACTED BY OCCUPANTS OF THE VEHICLE, WHICH CAUSED VEHICLE 1 TO EXIT THE LEFT SIDE OF THE ROADWAY AND STRIKE A FENCE AND A TREE. ASSISTED BY CPL. W. J. SURFACE (977)"
1017393,3200007153,Missouri State Highway Patrol-Troop D,1584057600000,200141064,1,0,0,1,Personal Injury,NEWTON,NON-CITY OR UNINCORPORATED,D,2,2,0,36,0.01,B ,W ,US 60,RT HH,Dark-Unlighted,Motor Vehicle in Transport,1,64,Fri     ,0,1,0,0,0,1,1,0,0,0,0,1,0,0,,1,0,0,0,0,1,0,0,1,1,36.85545,-94.33946,0,03/13/2020,19:00:00,"DVR 2 ATTEMPTED TO CROSS US 60, NBR 2 PULLED INTO THE PATH OF NBR 1 AND NBR 1 STRUCK NBR 2."
1206076,3200006748,Missouri State Highway Patrol-Troop C,1584057600000,200141086,1,0,0,1,Personal Injury,ST. LOUIS,NON-CITY OR UNINCORPORATED,C,1,1,0,26,0,A ,E ,IS 270,RP 279679,Daylight,Fixed Object,2,,Fri     ,0,0,0,0,0,0,0,0,0,0,0,0,0,0,0,1,0,0,0,0,1,0,0,1,0,38.60574,-90.45076,0,03/13/2020,19:10:00,VEHICLE 1 TRAVELED OFF THE RIGHT SIDE OF THE ROADWAY AND OVERTURNED.
1504528,3200006533,Missouri State Highway Patrol-Troop H,1584057600000,200141255,3,0,2,1,Personal Injury,DAVIESS,NON-CITY OR UNINCORPORATED,H,1,1,0,0,0,AT,W ,MO 190,CRD REEL AVE,Dark-Unlighted,Overturn,2,,Fri     ,0,0,0,0,1,1,1,0,0,0,0,0,0,0,0,1,0,0,0,0,0,0,0,0,0,39.88706,-93.78885,0,03/13/2020,20:30:00,"CRASH OCCURRED AS VEH #1 WAS TRAVELING SOUTHBOUND ON MO-190. DVR #1 FAILED TO NEGOTIATE A CURVE AND LOST CONTROL OF VEH #1. VEH #1 TRAVELED OFF THE EAST SIDE OF MO-190, STRUCK AN EMBANKMENT, AND OVERTURNED. VEH #1 CAME TO REST OFF THE EAST SIDE OF MO-190 ON ITS WHEELS FACING NORTH. ASSISTED BY TPR N.A. REGAN (1454), AND DAVIESS COUNTY SHERIFF?S OFFICE."
1231773,3200006444,Missouri State Highway Patrol-Troop C,1584057600000,200141412,1,0,1,0,Personal Injury,LINCOLN,NON-CITY OR UNINCORPORATED,C,1,1,0,0,0,AT,W ,RT U,CRD JOHN CREECH RD,Dark-Unlighted,Fixed Object,2,,Fri     ,1,0,0,0,0,1,1,0,0,0,0,0,0,0,0,1,0,0,0,0,0,0,0,0,0,38.91216,-90.93653,0,03/13/2020,21:32:00,VEHICLE 1 WAS WESTBOUND ON ROUTE U. DRIVER 1 RAN OFF THE RIGHT SIDE OF THE ROADWAY AND STRUCK AN EMBANKMENT.
1043494,3200006585,Missouri State Highway Patrol-Troop I,1584057600000,200141418,2,0,1,1,Personal Injury,LACLEDE,NON-CITY OR UNINCORPORATED,I,1,1,0,4224,0.8,B ,N,CRD SHADY DR,RT T NJ,Dark-Unlighted,Fixed Object,2,,Fri     ,0,0,0,0,1,1,1,0,0,0,0,0,0,0,0,1,0,0,0,0,0,0,0,0,0,37.79832,-92.50796,0,03/13/2020,21:44:00,OCCURRED AS VEH 1 BEGAN SLIDING AND TRAVELED OFF THE RIGHT SIDE OF THE ROADWAY. VEH 1 BECAME AIRBORNE AND STRUCK AN EMBANKMENT.
1503909,3200006520,Missouri State Highway Patrol-Troop H,1584057600000,200141557,2,0,2,0,Personal Injury,LIVINGSTON,CHILLICOTHE,H,2,2,0,0,0,AT,W ,US 36,CST MITCHELL AVE,Dark-Lighted,Motor Vehicle in Transport,1,64,Fri     ,0,0,0,0,0,0,0,1,1,0,0,0,1,0,0,1,0,0,0,0,0,0,0,0,1,39.77351,-93.53875,0,03/13/2020,22:36:00,"CRASH OCCURRED AS VEH #1 WAS TRAVELING WESTBOUND ON US-36, AND VEH #2 WAS TRAVELING NORTHBOUND WHILE CROSSING THE WESTBOUND LANES OF US-36 ONTO MITCHELL RD. AS VEH #2 WAS CROSSING WESTBOUND US-36 IT TRAVELED INTO THE PATH OF VEH #1. DVR #1 ATTEMPTED TO AVOID VEH #2 BY STEERING LEFT. VEH #1 STRUCK THE TOWED UNIT OF VEH #2. VEH #1 CAME TO REST IN THE PASSING LANE OF US-36 WESTBOUND FACING SOUTH. VEH #2 CAME TO A CONTROLLED STOP FACING NORTHBOUND ON MITCHELL RD. ASSISTED BY TPR B.N. RANEY (731), CHILLICOTHE POLICE DEPARTMENT, AND CHILLICOTHE FIRE AND EMS."
1305215,3200007105,Missouri State Highway Patrol-Troop C,1584057600000,200141598,1,0,0,1,Personal Injury,WARREN,NON-CITY OR UNINCORPORATED,C,1,1,0,564,0.11,A ,S ,MO 47,PVT ROBERTS LAKE ROAD,Dark-Unlighted,Overturn,2,,Fri     ,1,0,0,0,0,0,0,1,0,0,0,0,0,0,0,1,0,0,0,0,0,0,0,0,0,38.77719,-91.1487,0,03/13/2020,22:50:00,"VEHICLE 1 WAS TRAVELING SOUTHBOUND ON HIGHWAY 47, TRAVELED OFF THE RIGHT SIDE OF THE ROADWAY, OVERCORRECTED, RAN OFF THE LEFT SIDE OF THE ROADWAY AND OVERTURNED. ASSISTED BY CPL A D GADBERRY (258)."
1231774,3200006443,Missouri State Highway Patrol-Troop C,1584144000000,200141810,2,0,2,0,Personal Injury,LINCOLN,NON-CITY OR UNINCORPORATED,C,1,1,0,749,0.14,A ,S ,RT J,PVT JABIN FARM RD,Dark-Unlighted,Fixed Object,2,,Sat     ,0,0,0,0,0,0,0,0,0,0,0,0,0,0,0,1,0,0,0,0,1,0,0,1,0,38.89816,-91.01397,0,03/14/2020,01:00:00,"VEHICLE 1 WAS TRAVELING SOUTHBOUND ON HIGHWAY J, TRAVELED OFF THE RIGHT SIDE OF THE ROADWAY AND STRUCK AN EMBANKMENT."
837727,3200006642,Missouri State Highway Patrol-Troop A,1584144000000,200141896,1,0,0,1,Personal Injury,LAFAYETTE,NON-CITY OR UNINCORPORATED,A,1,1,0,211,0.04,A ,W ,IS 70,RP 4286,Dark-Unlighted,Fixed Object,2,,Sat     ,0,0,0,0,0,0,0,1,0,0,0,0,0,0,0,1,0,0,0,0,0,0,0,0,0,39.00855,-93.96337,0,03/14/2020,02:15:00,CRASH OCCURRED AS VEHICLE 1 TRAVELED OFF THE ROADWAY AND STRUCK A CULVERT. ASSISTED BY LAFAYETTE COUNTY DEPUTIES
1312189,3200006958,Missouri State Highway Patrol-Troop C,1584144000000,200142012,1,0,1,0,Personal Injury,ST. CHARLES,ST PETERS,C,1,1,0,253,0.05,A ,W ,IS 70,ERM WEST IS 70 MILE 2242,Daylight,Fixed Object,2,,Sat     ,0,0,0,0,1,0,0,0,0,0,0,0,0,0,0,1,0,0,0,0,0,0,0,0,0,38.79817,-90.58472,0,03/14/2020,07:50:00,VEHICLE 1 SLID OFF OF THE RIGHT SIDE OF THE ROADWAY AND STRUCK A GUARDRAIL.
1176438,3200006685,Missouri State Highway Patrol-Troop F,1584144000000,200142781,1,0,1,0,Personal Injury,MONTGOMERY,NON-CITY OR UNINCORPORATED,F,2,2,0,491,0.09,A ,S ,MO 161,BRIDGE S0368,Daylight,Motor Vehicle in Transport,1,62,Sat     ,0,0,0,0,0,0,0,0,0,0,0,0,0,0,0,1,0,0,0,0,1,0,0,0,1,39.04388,-91.43722,0,03/14/2020,17:11:00,VEHICLE 2 CROSSED THE CENTER LINE AND STRUCK VEHICLE 1.
1212859,3200007440,Missouri State Highway Patrol-Troop C,1584144000000,200142897,2,0,2,0,Personal Injury,WASHINGTON,NON-CITY OR UNINCORPORATED,C,1,1,0,14,0,B ,S ,RT F,PVT LYNX RD,Daylight,Fixed Object,2,,Sat     ,0,0,0,0,1,1,1,0,0,0,0,0,0,0,0,1,0,0,0,0,1,0,0,1,0,38.01416,-90.83095,0,03/14/2020,18:00:00,"VEHICLE #1 WAS  NORTHBOUND HIGHWAY F, TRAVELING TOO FAST FOR WET ROAD CONDITIONS. VEHICLE #1 TRAVELED OFF LEFT ROAD EDGE, CAUSING VEHICLE #1 TO OVERTURN."
1319157,3200007693,Missouri State Highway Patrol-Troop G,1584144000000,200142978,1,0,0,1,Personal Injury,REYNOLDS,NON-CITY OR UNINCORPORATED,G,1,1,0,1045,0.2,B ,W ,RT O,CRD 326 EJ,Dark-Unlighted,Fixed Object,2,,Sat     ,1,0,0,0,0,0,0,0,0,0,0,0,0,0,0,0,0,0,0,0,0,0,0,0,0,37.32226,-90.89196,0,03/14/2020,17:00:00,OCCURRED AS VEHICLE TRAVELED OFF THE ROADWAY AND STRUCK A TREE. ASSISTED BY TPR J C SIMPSON (523) AND REYNOLDS COUNTY SHERIFFS OFFICE.
1114977,3200007327,Missouri State Highway Patrol-Troop E,1584144000000,200143082,1,0,1,0,Personal Injury,MISSISSIPPI,NON-CITY OR UNINCORPORATED,E,2,2,0,73,0.01,B ,W ,US 60,CRD NALLY LN,Dark-Unlighted,Motor Vehicle in Transport,1,64,Sat     ,0,0,0,0,0,0,0,1,1,0,0,0,0,0,0,1,0,0,0,0,1,0,0,1,0,36.94252,-89.17819,0,03/14/2020,19:55:00,CRASH OCCURRED AS VEHICLE 2 PULLED INTO PATH OF VEHICLE 1. VEHICLE 1 STRUCK VEHICLE 2 ON DRIVER'S SIDE.
920832,3200007900,Missouri State Highway Patrol-Troop D,1584144000000,200143377,1,0,1,0,Personal Injury,LAWRENCE,NON-CITY OR UNINCORPORATED,D,1,1,0,179,0.03,A ,E ,BU 60,RT W,Dark-Unlighted,Fixed Object,2,,Sat     ,0,0,0,0,0,1,1,0,0,0,0,0,0,0,0,0,0,0,0,0,1,0,0,1,0,36.92767,-93.8636,0,03/14/2020,22:05:00,VEHICLE 1 RAN OFF LEFT SIDE OF ROADWAY AND STRUCK A TREE
1148640,3200007220,Missouri State Highway Patrol-Troop E,1584144000000,200143445,5,0,4,1,Personal Injury,STODDARD,NON-CITY OR UNINCORPORATED,E,1,1,0,2112,0.4,A ,E ,US 60,BRIDGE A5619,Dark-Unlighted,Overturn,2,,Sat     ,1,1,0,0,0,0,1,0,0,0,0,0,0,0,0,0,0,0,0,0,0,0,0,0,0,36.83402,-89.76613,0,03/14/2020,22:37:00,"CRASH OCCURRED AS VEHICLE 1 RAN OFF THE RIGHT SIDE OF THE ROADWAY, OVERCORRECTED, AND OVERTURNED."
1506486,3200006869,Missouri State Highway Patrol-Troop H,1584144000000,200143453,1,0,0,1,Personal Injury,DEKALB,CAMERON,H,2,2,0,1219,0.23,A ,N,US 69,CST PENCE RD,Dark-Unlighted,Motor Vehicle in Transport,1,61,Sat     ,0,0,0,0,0,1,1,1,0,0,0,0,0,0,0,1,0,0,0,0,1,0,0,1,0,39.764,-94.23432,0,03/14/2020,22:40:00,"CRASH OCCURRED AS VEH #1 AND VEH #2 WERE TRAVELING NORTHBOUND ON US-69. VEH #2 STRUCK THE REAR OF VEH #1. VEH #2 CAME TO REST ON ITS WHEELS FACING NORTH IN THE NORTHBOUND LANE OF US-69. VEH #1 CAME TO REST ON ITS WHEELS FACING NORTH IN THE SOUTHBOUND LANE OF US-69. ASSISTED BY SGT J.M. CROSS (446), CAMERON POLICE DEPARTMENT, AND CAMERON FIRST RESPONDERS."
1219996,3200006650,Missouri State Highway Patrol-Troop C,1584144000000,200143542,1,0,0,1,Personal Injury,FRANKLIN,NON-CITY OR UNINCORPORATED,C,1,1,0,417,0.08,A ,W ,RT E,RT Y,Dark-Unlighted,Fixed Object,2,,Sat     ,1,0,0,0,0,0,0,0,0,0,0,0,0,0,0,0,0,0,0,0,0,0,0,0,0,38.58324,-91.28431,0,03/14/2020,23:22:00,"VEHICLE 1 TRAVELED OFF THE  RIGHT SIDE OF THE ROADWAY,  STRUCK A DRIVEWAY AND OVERTURNED."
1206128,3200006833,Missouri State Highway Patrol-Troop C,1584230400000,200144151,2,0,2,0,Personal Injury,ST. LOUIS,NON-CITY OR UNINCORPORATED,C,1,1,0,295,0.06,B ,N,IS 55,ERM NORTH IS 55 MILE 1970,Daylight,Fixed Object,2,,Sun     ,0,0,0,0,0,0,1,0,0,0,0,0,0,0,0,1,0,0,0,0,0,0,0,0,0,38.50613,-90.33734,0,03/15/2020,09:53:00,VEHICLE 1 TRAVELED OFF THE LEFT SIDE OF THE ROADWAY AND STRUCK THE MEDIAN.  ASSISTED BY FTO CPL J. A. ASHBY (234)
1227945,3200008001,Missouri State Highway Patrol-Troop C,1584230400000,200144562,2,0,2,0,Personal Injury,ST. LOUIS,BRIDGETON,C,2,2,0,459,0.09,B ,E ,IS 270,ERM NORTH IS 270 MILE 214,Daylight,Motor Vehicle in Transport,1,63,Sun     ,,,,,,0,1,0,0,0,0,0,0,0,0,,0,0,,0,0,0,0,0,0,38.76088,-90.42638,0,03/15/2020,13:40:00,"VEHICLE 1 WAS TRAVELING IN LANE 2 AND VEHICLE 2 WAS TRAVELING IN LANE 1. THE VEHICLES STRUCK, AND THE FRONT LEFT OF VEHICLE 2 STRUCK THE MEDIAN AND LEFT SIDE OF VEHICLE 1 STRUCK THE MEDIAN."
1200640,3200007383,Missouri State Highway Patrol-Troop F,1584230400000,200144739,2,1,2,0,Fatal,CAMDEN,NON-CITY OR UNINCORPORATED,F,3,3,0,865,0.16,A ,S ,MO 5,CRD HARVEST RD,Daylight,Motor Vehicle in Transport,1,60,Sun     ,0,0,0,0,0,1,1,1,1,0,1,0,0,0,0,1,0,0,0,0,1,0,0,1,1,38.06763,-92.7986,1,03/15/2020,15:13:00,"LATE FATALITY & PATROL CAR CRASH - NEXT OF KIN NOTIFIED - VEH 2 WAS NORTHBOUND ON MISSOURI 5 SOUTH OF HARVEST ROAD. VEH 1 WAS STATIONARY ON THE EDGE OF ROADWAY OFF THE RIGHT SHOULDER. AS VEH 2 APPROACHED VEH 1, DVR 2 STEERED LEFT TO ALLOW ROOM FOR VEH 1. VEH 3 APPROACHED SOUTHBOUND & WAS STRUCK HEAD-ON BY VEH 2. VEH 3 CAME TO REST ON THE CENTERLINE. AFTER IMPACT, VEH 2 TRAVELED OFF RIGHT SIDE OF THE ROADWAY ADJACENT TO VEH 1. VEH 1 WAS STRUCK BY DEBRIS PROJECTILES FROM THE IMPACT BETWEEN VEHS 2 & 3. VEH 1 WAS A MISSOURI HIGHWAY PATROL VEHICLE WITH NO EMERGENCY EQUIPMENT ACTIVATED. ESTIMATE OF DAMAGE TO VEH 1 $500 TO THE REAR & LEFT SIDE, P# PWV17533, MILEAGE 29,500. DVR 3  PRONOUNCED ON 03/19/20 BY DR. TYLER EGVERT WITH UNIVERSITY HOSPITAL AT 1240. THIS IS TROOP F FATALITY 4 FOR MARCH & 10 FOR 2020. ASSISTED BY LT. S. M. BURGUN (105), CPL. R. A. SANDERS (1275), CPL. M. P. ACORD (170), CPL. D. D. MATHES (843), TPR. J. K. MARLIN (1167), TPR. M. R. PARKER (816) & TPR. J. D. CONRAD (243)."
1291495,3200006697,Missouri State Highway Patrol-Troop C,1584316800000,200144814,1,0,0,1,Personal Injury,ST. CHARLES,NON-CITY OR UNINCORPORATED,C,1,1,0,506,0.1,B ,S ,RT T,BRIDGE A8657,Daylight,Fixed Object,2,,Sun     ,0,0,0,0,0,0,0,0,0,0,0,0,0,0,0,1,0,0,0,0,0,0,0,0,0,38.7563,-90.96236,0,03/15/2020,15:47:00,"VEHICLE #1 TRAVELING SOUTHBOUND ROUTE T AND AN UNKNOWN VEHICLE TRAVELED INTO THE SOUTHBOUND LANES, DRIVER #1 ATTEMPTED TO AVOID COLLISION WITH UNKNOWN VEHICLE, TRAVELED OFF THE RIGHT SIDE OF ROADWAY AND STRUCK A TREE,."
1156376,3200007331,Missouri State Highway Patrol-Troop E,1584230400000,200144893,1,0,1,0,Personal Injury,SCOTT,NON-CITY OR UNINCORPORATED,E,1,1,0,501,0.09,A ,S ,RT BB,CRD SUSAN,Daylight,Fixed Object,2,,Sun     ,1,0,0,0,0,0,0,0,0,0,0,0,0,0,0,1,0,0,0,0,1,0,0,1,0,36.89722,-89.63359,0,03/15/2020,16:30:00,"CRASH OCCURRED AS VEHICLE 1 RAN OFF THE LEFT SIDE OF THE ROADWAY STRUCK A DITCH, UTILITY POLE, AND A HOUSE"
890666,3200006652,Missouri State Highway Patrol-Troop A,1584230400000,200144973,1,0,1,0,Personal Injury,RAY,WOOD HEIGHTS,A,2,2,0,0,0,AT,E ,MO 10,RT O,Daylight,Motor Vehicle in Transport,1,64,Sun     ,0,0,0,0,0,1,1,0,0,0,0,1,0,0,0,1,0,0,0,0,0,0,0,0,0,39.33906,-94.16412,0,03/15/2020,17:15:00,CRASH OCCURRED AS VEHICLE1 TRAVELED INTO THE INTERSECTION OF MO-10 AND ROUTE O AND WAS STRUCK BY VEHICLE2. ASSISTED BY TPR. A.M. BECKWITH (314).
1307924,3200008148,Missouri State Highway Patrol-Troop C,1584230400000,200145007,2,0,2,0,Personal Injury,JEFFERSON,NON-CITY OR UNINCORPORATED,C,2,2,0,47,0.01,B ,S ,CRD DELORES DRIVE,MO 30,Daylight,Motor Vehicle in Transport,1,60,Sun     ,1,0,0,0,0,0,0,0,0,1,0,0,0,0,0,1,0,0,0,0,1,0,0,1,0,38.49872,-90.4669,0,03/15/2020,17:24:00,VEHICLE 1 WAS TRAVELING EASTBOUND ON HIGHWAY 30. VEHICLE 2 WAS STOPPED IN THE LEFT TURN LANE FROM WESTBOUND HIGHWAY 30 TO SOUTHBOUND DELORES ROAD. VEHICLE 1 TRAVELED OFF THE LEFT SIDE OF THE ROADWAY AND STRUCK THE FRONT OF VEHICLE 2. ASSISTED BY CPL R A METTEER (975).
910557,3200006824,Missouri State Highway Patrol-Troop D,1584230400000,200145012,2,0,2,0,Personal Injury,GREENE,NON-CITY OR UNINCORPORATED,D,2,2,0,401,0.08,B ,N,CRD 141,CRD CANTEBURY,Daylight,Motor Vehicle in Transport,1,60,Sun     ,0,1,0,0,0,1,1,0,0,0,0,0,0,0,0,0,0,0,0,0,0,0,0,0,0,37.11899,-93.32367,0,03/15/2020,17:30:00,CRASH OCCURRED AS VEHICLE # 1 CROSSED CENTER LINE INTO THE PATH OF VEHICLE # 2
1191958,3200006992,Missouri State Highway Patrol-Troop B,1584316800000,200145477,1,0,1,0,Personal Injury,LEWIS,NON-CITY OR UNINCORPORATED,B,2,2,0,2291,0.43,A ,W ,MO 6,CRD 288 300TH ST,Dark-Unlighted,Motor Vehicle in Transport,1,62,Mon     ,0,0,0,0,0,0,0,0,0,0,0,0,0,0,0,1,0,0,0,0,0,0,0,0,0,0,0,0,03/16/2020,04:50:00,VEHICLE 1 EASTBOUND ON MO 6 FOLLOWING ANOTHER VEHICLE AND ATTEMPTED TO PASS AND SIDESWIPED WESTBOUND VEHICLE 2.