objectid,accident,agency,inv_date,complaint,injured,killed,min_inj,dis_inj,severity,county,city,troop,no_vehicle,motor_veh,left_scene,dist_feet,dist_mile,inter_loc,direction,on_street,at_street,light_cond,acc_type,on_off_rd,two_veh,day_week,dr_drink,dr_drug,ped_drink,ped_drug,speed,dr_under21,dr_under25,dr_over55,dr_over64,electrical,emer_veh,stop_sign,yield_sign,czone,hazmat,aggressive,cell_phone,texting,veh_defect,school_bus,truck,motorcycle,atv,pickup,cmv,gps_lat,gps_long,severity_fatal,acc_date,acc_time,narrative
927541,3200007043,Missouri State Highway Patrol-Troop D,1584316800000,200145732,1,0,1,0,Personal Injury,MCDONALD,NON-CITY OR UNINCORPORATED,D,2,2,0,0,0,AT,N,CRD BETHEL RD,CRD JUTE RD,Daylight,Motor Vehicle in Transport,1,64,Mon     ,0,0,0,0,0,1,1,0,0,0,0,0,0,0,0,1,0,0,0,0,1,0,0,1,0,0,0,0,03/16/2020,09:35:00,CRASH OCCURRED AS VEHICLE #1 AND VEHICLE #2 WERE NORTHBOUND ON BETHEL ROAD.  VEHICLE #1 ATTEMPTED A LEFT TURN AS VEHICLE #2 WAS OVERTAKING VEHICLE #1.  VEHICLE #1 STRUCK VEHICLE #2 IN THE PASSENGER SIDE.
1182951,3200006670,Missouri State Highway Patrol-Troop B,1584316800000,200145810,4,0,2,2,Personal Injury,RANDOLPH,NON-CITY OR UNINCORPORATED,B,2,2,0,0,0,AT,N,US 63,CRD 2715,Daylight,Motor Vehicle in Transport,1,64,Mon     ,0,0,0,0,0,0,0,1,1,0,0,1,0,0,0,1,0,0,0,0,0,0,0,0,0,39.3645,-92.4047,0,03/16/2020,10:24:00,"VEHICLE 1 WAS NORTHBOUND ON US 63 , VEHICLE 2 WAS TRAVELING WESTBOUND ATTEMPTING TO CROSS US 63 FROM COUNTY ROAD 2715 .  VEHICLE 1 STRUCK VEHICLE 2 IN THE DRIVERS SIDE."
1123619,3200006690,Missouri State Highway Patrol-Troop E,1584316800000,200146119,2,0,1,1,Personal Injury,MADISON,NON-CITY OR UNINCORPORATED,E,1,1,0,4752,0.9,A ,S ,US 67,CRD 412,Daylight,Fixed Object,2,,Mon     ,0,0,0,0,0,0,0,1,1,0,0,0,0,0,0,0,0,0,0,0,1,0,0,1,0,37.37641,-90.34306,0,03/16/2020,13:42:00,CRASH OCCURRED AS VEHICLE 1 RAN OFF THE RIGHT SIDE OF THE ROADWAY AND STRUCK SEVERAL TREES
821699,3200007073,Missouri State Highway Patrol-Troop A,1584316800000,200146229,0,1,0,0,Fatal,BENTON,NON-CITY OR UNINCORPORATED,A,1,1,0,1214,0.23,B ,W ,RT H,CRD KULLMAN RD,Daylight,Fixed Object,2,,Mon     ,0,0,0,0,1,0,1,0,0,0,0,0,0,0,0,1,0,0,0,0,0,0,0,0,0,38.3148,-93.2272,1,03/16/2020,14:35:00,"CRASH OCCURRED AS VEHICLE 1 FAILED TO NEGOTIATE A CURVE, BEGAN TO SKID, AND RAN OFF THE RIGHT SIDE OF THE ROADWAY. VEHICLE 1 STRUCK AN EMBANKMENT AND OVERTURNED. VEHICLE 1 CAME TO REST IN THE DITCH. ASSISTED BY MSGT M D DEGRAFFENREID /334/ AND BENTON COUNTY SHERIFF'S DEPARTMENT."
1206124,3200006606,Missouri State Highway Patrol-Troop C,1584316800000,200146446,1,0,1,0,Personal Injury,ST. LOUIS,NON-CITY OR UNINCORPORATED,C,1,1,0,275,0.05,A ,E ,IS 270,ERM NORTH IS 270 MILE 154,Daylight,Overturn,2,,Mon     ,0,0,0,0,0,0,0,0,0,0,0,0,0,0,0,0,0,0,0,0,1,0,0,1,0,38.68127,-90.44958,0,03/16/2020,16:30:00,"VEHICLE 1 WAS TRAVELING NORTHBOUND ON INTERSTATE 270. DRIVER 1 OVERCORRECTED ATTEMPTING TO AVOID ANOTHER VEHICLE, CAUSING VEHICLE 1 TO OVERTURN AND STRIKE THE CONCRETE MEDIAN BARRIER."
1132528,3200007058,Missouri State Highway Patrol-Troop E,1584316800000,200146709,1,0,1,0,Personal Injury,BUTLER,NON-CITY OR UNINCORPORATED,E,2,2,0,316,0.06,A ,S ,RT W,PVT REGENCY LANE,Dark-Unlighted,Motor Vehicle in Transport,1,61,Mon     ,0,0,0,0,0,0,0,1,1,0,0,0,0,0,0,1,0,0,0,0,0,0,0,0,0,36.83448,-90.41688,0,03/16/2020,18:50:00,"CRASH OCCURRED AS VEHICLE 2 WAS MAKING A LEFT TURN, AND VEHICLE 1 STRUCK THE REAR OF VEHICLE 2"
1059865,3200006679,Missouri State Highway Patrol-Troop I,1584316800000,200146722,1,0,1,0,Personal Injury,PHELPS,ST JAMES,I,1,1,0,395,0.07,A ,E ,IS 44,ERM EAST IS 44 MILE 1972,Dark-Unlighted,Overturn,2,,Mon     ,0,0,0,0,0,0,0,0,0,0,0,0,0,0,0,1,0,0,0,0,0,0,0,0,1,38.0129,-91.59327,0,03/16/2020,19:15:00,CRASH OCCURRED AS VEHICLE 1 TRAVELED OFF THE RIGHT SIDE OF THE ROADWAY AND OVERTURNED.  ASSISTED BY CPL C.R. CAPPS (485) AND TPR N.W. SUMMERS (1412)
920829,3200007902,Missouri State Highway Patrol-Troop D,1584403200000,200147677,1,0,1,0,Personal Injury,LAWRENCE,NON-CITY OR UNINCORPORATED,D,1,1,0,89,0.02,B ,N,MO 39,CRD 2160,Daylight,Fixed Object,2,,Tue     ,0,0,0,0,0,0,0,1,0,0,0,0,0,0,0,0,0,0,0,0,0,0,0,0,1,37.04138,-93.78306,0,03/17/2020,12:40:00,CRASH OCCURRED AS VEH 1 TRAVELED OFF THE RIGHT SIDE OF THE ROADWAY AND OVERTURNED.
1111588,3200006804,Missouri State Highway Patrol-Troop E,1584403200000,200147866,1,0,1,0,Personal Injury,DUNKLIN,NON-CITY OR UNINCORPORATED,E,2,2,0,554,0.1,B ,N,MO 25,CRD 331,Daylight,Motor Vehicle in Transport,2,61,Tue     ,0,0,0,0,0,0,1,1,1,0,0,0,0,0,0,0,0,0,0,0,0,0,0,0,0,36.40429,-89.99857,0,03/17/2020,13:50:00,CRASH OCCURRED AS VEHICLE 1 STRUCK VEHICLE 2 IN THE REAR
1306304,3200007430,Missouri State Highway Patrol-Troop C,1584403200000,200147917,2,0,0,2,Personal Injury,JEFFERSON,HILLSBORO,C,2,2,0,0,0,AT,W ,RT A,CST OLD HIGHWAY 21,Daylight,Motor Vehicle in Transport,1,64,Tue     ,0,0,0,0,0,0,0,0,0,1,1,0,0,0,0,1,0,0,0,0,1,0,0,1,0,0,0,0,03/17/2020,14:20:00,"INJURY PATROL CAR CRASH- VEHICLE 1 WAS TRAVELING WESTBOUND ON ROUTE A WITH EMERGENCY LIGHTS AND SIREN ACTIVATED. VEHICLE 2 WAS NORTHBOUND ON OLD HIGHWAY 21 APPROACHING THE INTERSECTION WITH A GREEN LIGHT. BOTH VEHICLES ENTERED THE INTERSECTION SIMULTANEOUSLY AND THE FRONT LEFT OF VEHICLE 1 STRUCK THE FRONT RIGHT OF VEHICLE 2. THE IMPACT CAUSED VEHICLE 1 TO TRAVEL OFF THE NORTHWEST SIDE OF THE ROADWAY. VEHICLE 2 TRAVELED OFF THE NORTHWEST SIDE OF THE ROADWAY AND OVERTURNED. (P# 19172, HP514, MILEAGE 3115. TOTAL LOSS). ASSISTED BY CPL A. R. FLANNERY (551), TPR D. A. CROWELL (414), TPR S. G. HASSELL (361)"
1307908,3200007135,Missouri State Highway Patrol-Troop C,1584403200000,200148108,1,0,1,0,Personal Injury,JEFFERSON,NON-CITY OR UNINCORPORATED,C,1,1,0,149,0.03,A ,N,IS 55,ERM NORTH IS 55 MILE 1838,Daylight,Fixed Object,2,,Tue     ,0,1,0,0,0,0,0,0,0,0,0,0,0,0,0,0,0,0,0,0,0,0,0,0,0,38.32991,-90.40022,0,03/17/2020,15:50:00,VEHICLE 1 TRAVELED OFF THE LEFT SIDE OF THE ROADWAY AND STRUCK THE CABLE BARRIER
982826,3200006888,Missouri State Highway Patrol-Troop D,1584403200000,200148152,1,0,0,1,Personal Injury,TANEY,BULL CREEK,D,2,2,0,36,0.01,B ,E ,RT F,CST ASHLAND DR,Daylight,Motor Vehicle in Transport,1,64,Tue     ,0,0,0,0,0,0,0,1,1,0,0,0,0,0,0,1,0,0,0,0,1,1,0,1,0,36.71363,-93.20063,0,03/17/2020,16:20:00,CRASH OCCURRED AS VEHICLE #1 MADE A LEFT TURN IN FRONT OF VEHICLE #2.
1148638,3200007139,Missouri State Highway Patrol-Troop E,1584403200000,200148231,2,0,2,0,Personal Injury,STODDARD,NON-CITY OR UNINCORPORATED,E,2,2,0,3168,0.6,B ,W ,RT Y,CRD 518,Daylight,Motor Vehicle in Transport,1,60,Tue     ,0,0,0,0,0,0,0,0,0,0,0,0,0,0,0,1,0,0,0,0,0,0,0,0,0,36.9091,-89.74239,0,03/17/2020,16:58:00,CRASH OCCURRED AS VEHICLE 2 CROSSED THE CENTER LINE AND STRUCK VEHICLE 1 HEAD ON.
1206100,3200006885,Missouri State Highway Patrol-Troop C,1584403200000,200148452,1,0,1,0,Personal Injury,ST. LOUIS,NON-CITY OR UNINCORPORATED,C,1,1,0,309,0.06,A ,W ,IS 70,ERM WEST IS 70 MILE 2320,Daylight,Fixed Object,2,,Tue     ,0,0,0,0,0,0,0,0,0,0,0,0,0,0,0,0,0,0,0,0,0,0,0,0,0,38.75334,-90.45227,0,03/17/2020,18:55:00,"VEHICLE 1 RAN OFF THE RIGHT SIDE OF THE ROADWAY, STRUCK A UTILITY POLE AND OVERTURNED"
794286,3200008477,Missouri State Highway Patrol-Troop A,1584403200000,200148566,0,1,0,0,Fatal,CASS,NON-CITY OR UNINCORPORATED,A,2,2,0,38,0.01,B ,N,MO 7,CRD 219TH ST,Dark-Unlighted,Motor Vehicle in Transport,1,63,Tue     ,1,0,0,0,0,0,0,1,0,0,0,0,0,0,0,1,0,0,0,0,0,1,0,0,0,38.71898,-94.28695,1,03/17/2020,20:55:00,FATALITY CRASH - LATE DEATH - TROOP A FATAL CRASH #12 AND FATALITY 13    CRASH OCCURRED AS VEHICLE 1 AND VEHICLE 2 WERE NORTHBOUND ON MO-7. VEHICLE 1 FAILED TO SLOW IN TIME AND STRUCK THE REAR OF VEHICLE 2 CAUSING DRIVER 1 TO BE EJECTED FROM VEHICLE 1. ASSISTED BY CPL B. J. HAMERLE /1174/ AND CASS COUNTY DEPUTIES.  SUBJECT PRONOUNCED BY DR J CHIPCO AT RESEARCH MEDICAL CENTER ON 03/29/20 AT 1713 HOURS.
851947,3200008523,Missouri State Highway Patrol-Troop A,1584489600000,200148890,0,1,0,0,Fatal,CLAY,EXCELSIOR SPRINGS,A,1,1,0,131,0.02,A ,S ,US 69,CST PATSY LANE,Dark-Unlighted,Pedestrian,1,,Wed     ,0,0,0,0,0,0,0,0,0,0,0,0,0,0,0,0,0,0,0,0,0,0,0,0,0,39.33108,-94.26856,1,03/18/2020,07:10:00,"FATAL CRASH - NEXT OF KIN NOTIFIED -TROOP A FATAL CRASH #9 FATALITY #10.  CRASH OCCURRED AS PEDESTRIAN WAS WALKING IN THE ROADWAY AND WAS STRUCK BY VEHICLE 1.  PRONOUNCED AT THE SCENE BY OFFICER RIDER WITH EXCELSIOR SPRINGS POLICE AT 0718 HRS.  ASSISTED BY CPL. B.E. THOMAN/ 1256, AND EXCELSIOR SPRINGS POLICE DEPARTMENT."
1132527,3200006780,Missouri State Highway Patrol-Troop E,1584489600000,200148919,1,0,0,1,Personal Injury,BUTLER,NON-CITY OR UNINCORPORATED,E,1,1,0,2270,0.43,B ,W ,US 60,CRD 411,Daylight,Fixed Object,2,,Wed     ,0,0,0,0,1,0,0,0,0,0,1,0,0,0,0,1,0,0,0,0,0,0,0,0,0,36.84515,-90.56204,0,03/18/2020,07:45:00,"CRASH OCCURRED AS VEHICLE 1 RAN OFF THE LEFT SIDE OF THE ROADWAY, STRUCK AN EMBANKMENT, AND OVERTURNED"
1299848,3200007008,Missouri State Highway Patrol-Troop C,1584489600000,200149066,1,0,1,0,Personal Injury,ST. CHARLES,WENTZVILLE,C,1,1,0,0,0,AT,E ,IS 70,ERM EAST IS 70 MILE 2118,Daylight,Fixed Object,2,,Wed     ,0,0,0,0,1,0,0,0,0,0,0,0,0,0,0,1,0,0,0,0,0,0,0,0,0,38.80562,-90.81264,0,03/18/2020,10:10:00,VEHICLE 1 WAS TRAVELING TOO FAST FOR CONDITIONS AND RAN OFF OF THE LEFT SIDE OF THE ROADWAY AND STRUCK THE CENTER MEDIAN.
1142620,3200006825,Missouri State Highway Patrol-Troop E,1584489600000,200149237,4,0,4,0,Personal Injury,BUTLER,NON-CITY OR UNINCORPORATED,E,2,2,0,0,0,AT,E ,MO 142,CRD HERON ROAD,Daylight,Motor Vehicle in Transport,1,64,Wed     ,0,0,0,0,0,0,0,0,0,0,0,1,0,0,0,1,0,0,0,0,0,0,0,0,0,36.6695,-90.41992,0,03/18/2020,12:00:00,CRASH OCCURRED AS VEHICLE 1 PULLED INTO THE PATH OF VEHICLE 2
1017376,3200007237,Missouri State Highway Patrol-Troop D,1584489600000,200149388,1,0,0,1,Personal Injury,NEWTON,NON-CITY OR UNINCORPORATED,D,3,3,0,60,0.01,B ,W ,US 60,CRD HERON,Daylight,Motor Vehicle in Transport,1,61,Wed     ,0,0,0,0,0,0,0,1,0,0,0,0,0,0,0,1,0,0,0,0,0,0,0,0,1,36.83781,-94.45694,0,03/18/2020,13:35:00,OCCURRED AS VEH2 WAS STRUCK IN THE REAR BY VEH1. VEH2 WAS FORCED INTO ONCOMING TRAFFIC AND STRUCK VEH3
794287,3200007682,Missouri State Highway Patrol-Troop A,1584489600000,200149517,4,0,2,2,Personal Injury,CASS,NON-CITY OR UNINCORPORATED,A,2,2,0,0,0,AT,N,MO 7,CRD THUNDER RD,Daylight,Motor Vehicle in Transport,1,64,Wed     ,1,0,0,0,0,0,0,0,0,0,0,0,1,0,0,1,0,0,0,0,1,0,0,1,0,38.51713,-94.11232,0,03/18/2020,14:55:00,"CRASH OCCURRED AS VEHICLE 2 FAILED TO YIELD STRIKING VEHICLE 1.  VEHICLE 2 OVERTURNED COMING TO REST ON NORTHWEST SIDE OF INTERSECTION.  VEHICLE 1 SLIDE TO A STOP ON THE NORTHWEST SIDE OF INTERSECTION. ASSISTED LT S A COATS/89, MSGT J M TOAL/967, MSGT SHAUL/528, CPL C N BRADLEY/540,  AND TPR R J HASTINGS/586."
810477,3200007093,Missouri State Highway Patrol-Troop A,1584489600000,200149764,1,0,0,1,Personal Injury,RAY,NON-CITY OR UNINCORPORATED,A,1,1,0,280,0.05,A ,E ,MO 10,BRIDGE B0321,Daylight,Overturn,1,,Wed     ,0,0,0,0,0,0,0,1,0,0,0,0,0,0,0,1,0,0,0,0,0,0,0,0,0,39.29259,-94.04818,0,03/18/2020,17:17:00,"CRASH OCCURRED AS VEHICLE 1 CROSSED THE CENTER LINE AND RAN OF LEFT SIDE OF THE ROAD.   VEHICLE 1 RETURNED TO THE  ROAD AND RAN OFF THE RIGHT SIDE, VEHICLE 1 THEN BEGAN TO OVERTURN COMING TO REST ON THE DRIVER SIDE. ASSISTED BY TPR A M BECKWITH/ 314 AND TPR C M MCDONALD/862."
958530,3200007057,Missouri State Highway Patrol-Troop D,1584489600000,200149856,1,0,0,1,Personal Injury,TANEY,NON-CITY OR UNINCORPORATED,D,1,1,0,1071,0.2,A ,E ,CRD NOLAND RD,PVT PALEO WAY,Daylight,Overturn,1,,Wed     ,0,0,0,0,1,1,1,0,0,0,0,0,0,0,0,1,0,0,0,0,0,1,0,0,0,36.68618,-93.30422,0,03/18/2020,18:00:00,"VEHICLE #1 OVERTURNED, STRUCK THE PAVEMENT AND SLID OFF THE ROADWAY."
958557,3200007048,Missouri State Highway Patrol-Troop D,1584489600000,200149986,1,0,0,1,Personal Injury,TANEY,NON-CITY OR UNINCORPORATED,D,1,1,0,1029,0.19,B ,E ,RT F,CST EAGLE PASS,Dark-Unlighted,Fixed Object,2,,Wed     ,0,0,0,0,0,0,0,0,0,0,0,0,0,0,0,1,0,0,0,0,1,0,0,1,0,36.71344,-93.19244,0,03/18/2020,20:10:00,CRASH OCCURRED AS VEHICLE #1 TRAVELED OFF THE SOUTH SIDE OF THE ROADWAY AND STRUCK A TREE.
1144725,3200007674,Missouri State Highway Patrol-Troop E,1584576000000,200150151,5,0,5,0,Personal Injury,NEW MADRID,NON-CITY OR UNINCORPORATED,E,2,2,0,501,0.09,A ,W ,RT HH,BRIDGE R0088,Dark-Unlighted,Motor Vehicle in Transport,1,60,Thu     ,0,0,0,0,0,0,1,0,0,0,0,0,0,0,0,1,0,0,0,0,0,0,0,0,0,36.72144,-89.58433,0,03/19/2020,01:00:00,VEH1 CROSSED THE CENTER OF THE ROADWAY AND STRUCK VEH2 HEAD-ON
914803,3200007362,Missouri State Highway Patrol-Troop D,1584576000000,200150218,1,0,1,0,Personal Injury,JASPER,NON-CITY OR UNINCORPORATED,D,1,1,0,2640,0.5,A ,E ,RT NN,CRD 30,Dark-Unlighted,Overturn,2,,Thu     ,0,0,0,0,1,0,0,0,0,0,0,0,0,0,0,1,0,0,0,0,1,0,0,1,0,37.29116,-94.09769,0,03/19/2020,06:15:00,"ACCIDENT OCCURRED AS VEHICLE #1 STRUCK WATER OVER THE ROADWAY, TRAVELED OFF OF THE RIGHT SIDE OF THE ROADWAY, AND OVERTURNED."
1307903,3200007763,Missouri State Highway Patrol-Troop C,1584576000000,200150253,1,0,1,0,Personal Injury,JEFFERSON,NON-CITY OR UNINCORPORATED,C,2,2,0,311,0.06,A ,N,IS 55,RP 6273,Dark-Unlighted,Motor Vehicle in Transport,1,69,Thu     ,0,0,0,0,1,0,0,0,0,0,0,0,0,0,0,1,0,0,0,0,1,0,0,1,0,38.35333,-90.39291,0,03/19/2020,07:00:00,VEHICLE 1 WAS TRAVELING NORTH IN LANE 2. VEHICLE 2 WAS TRAVELING NORTH IN LANE 3. VEHICLE 1 LOST CONTROL ON THE WET ROADWAY AND BEGAN SLIDING. VEHICLE 1'S LEFT SIDE IMPACTED VEHICLE 2'S LEFT REAR SIDE. VEHICLE 2 LOST CONTROL AND TRAVELED OFF THE LEFT SIDE OF THE ROAD AND IMPACTED THE CONCRETE MEDIAN BARRIER WITH ITS FRONT. VEHICLE 1 WAS DRIVEN TO A CONTROLLED STOP AND VEHICLE 2 CAME TO REST ON THE LEFT SHOULDER.
1206121,3200006901,Missouri State Highway Patrol-Troop C,1584576000000,200150288,1,0,1,0,Personal Injury,ST. LOUIS,NON-CITY OR UNINCORPORATED,C,1,1,0,400,0.08,B ,S ,IS 55,ERM SOUTH IS 55 MILE 1974,Daylight,Fixed Object,2,,Thu     ,0,0,0,0,1,0,0,0,0,0,0,0,0,0,0,1,0,0,0,0,1,0,0,1,0,38.51324,-90.33543,0,03/19/2020,07:30:00,"VEHICLE #1 WAS TRAVELING SOUTHBOUND INTERSTATE 55.  VEHICLE #1 HYDROPLANED ON WET PAVEMENT, TRAVELED OFF THE LEFT SIDE OF THE ROADWAY AND STRUCK THE CONCRETE MEDIAN."
1261056,3200007605,Missouri State Highway Patrol-Troop C,1584576000000,200150296,1,0,1,0,Personal Injury,ST. LOUIS,NORTHWOODS,C,1,1,0,337,0.06,A ,E ,IS 70,CST LUCAS & HUNT RD,Daylight,Fixed Object,2,,Thu     ,0,0,0,0,1,0,0,0,0,0,0,0,0,0,0,1,0,0,0,0,0,0,0,0,0,38.71057,-90.28472,0,03/19/2020,07:35:00,"VEHICLE 1 WAS TRAVELING EASTBOUND ON INTERSTATE 70, HYDROPLANED, RAN OFF THE ROAD TO THE LEFT STRIKING THE CONCRETE BARRIER."
1194931,3200006868,Missouri State Highway Patrol-Troop F,1584576000000,200150329,1,0,1,0,Personal Injury,CALLAWAY,NON-CITY OR UNINCORPORATED,F,1,1,0,3695,0.7,A ,S ,RT J,RT H,Daylight,Fixed Object,2,,Thu     ,0,0,0,0,1,0,0,0,0,0,0,0,0,0,0,1,0,0,0,0,0,0,0,0,0,38.78857,-92.08084,0,03/19/2020,08:00:00,CRASH OCCURRED AS VEHICLE 1 HYDROPLANED AND TRAVELED OFF THE LEFT SIDE OF THE ROADWAY BEFORE STRIKING THE GROUND AND OVERTURNING. VEHICLE 1 CONTINUED AND STRUCK A FENCE BEFORE IT CAME TO REST IN A FIELD.
1276733,3200007484,Missouri State Highway Patrol-Troop C,1584576000000,200150332,1,0,1,0,Personal Injury,ST. CHARLES,WELDON SPRING,C,2,2,0,110,0.02,B ,E ,IS 64,ERM EAST IS 64 MILE 116,Daylight,Motor Vehicle in Transport,1,64,Thu     ,0,0,0,0,1,0,0,1,1,0,0,0,0,0,0,1,0,0,0,0,1,0,0,1,0,38.70723,-90.67627,0,03/19/2020,08:05:00,"VEHICLE 1 WAS TRAVELING IN LANE 3. VEHICLE 2 WAS TRAVELING IN LANE 4 . DRIVER 1 FAILED TO MAINTAIN LANE AND VEHICLE 1 SLID SIDEWAYS INTO LANE 4 AND THE FRONT OF VEHICLE 1 STRUCK THE FRONT OF VEHICLE 2. VEHICLE 1 TRAVELED OFF THE RIGHT SIDE OF THE ROADWAY, STRUCK A ROAD SIGN, A DITCH AND A TREE. VEHICLE 2 STARTED TO SLIDE, OVERTURNED TWICE, TRAVELED OFF THE ROADWAY AND STRUCK A TREE. ASSISTED BY TPR K.R. BECHAUD (163) AND TPR. D.L. HOLLIDAY (447)."
1007404,3200006965,Missouri State Highway Patrol-Troop D,1584576000000,200150356,2,0,2,0,Personal Injury,WEBSTER,SEYMOUR,D,3,3,0,533,0.1,B ,W ,US 60,CST LOVELAND ST,Daylight,Motor Vehicle in Transport,1,61,Thu     ,0,0,0,0,0,0,0,1,1,0,0,0,0,0,0,1,0,0,0,0,0,0,0,0,0,37.1488,-92.75207,0,03/19/2020,08:30:00,CRASH OCCURRED AS VEHICLE #2 AND VEHICLE # 3 WERE SLOWING FOR VEHICLES AHEAD AND VEHICLE # 1 COLLIDED WITH VEHICLE #  2 FORCING VEHICLE # 2 INTO VEHICLE # 3
1307906,3200007760,Missouri State Highway Patrol-Troop C,1584576000000,200150519,1,0,1,0,Personal Injury,JEFFERSON,NON-CITY OR UNINCORPORATED,C,1,1,0,15,0,A ,S ,US 61,PVT FALCON DR,Daylight,Fixed Object,2,,Thu     ,0,0,0,0,1,0,1,0,0,0,0,0,0,0,0,1,0,0,0,0,0,0,0,0,0,38.3783,-90.37191,0,03/19/2020,10:45:00,VEHICLE 1 WAS TRAVELING SOUTH ON U.S. 61 AND BEGAN SLIDING ON THE WET ROADWAY. VEHICLE 1 TRAVELED OFF THE RIGHT SIDE OF THE ROAD AND IMPACTED AN EMBANKMENT WITH ITS FRONT RIGHT SIDE. VEHICLE 1 RETURNED TO THE ROAD AND OVERTURNED ONTO ITS RIGHT SIDE. VEHICLE 1 CAME TO REST IN THE CENTER OF SOUTHBOUND U.S. 61
1273236,3200007535,Missouri State Highway Patrol-Troop C,1584576000000,200150601,2,0,1,1,Personal Injury,ST. FRANCOIS,NON-CITY OR UNINCORPORATED,C,1,1,0,2640,0.5,A ,N,CRD ROCK RD,CST LOUGHBORO RD,Daylight,Fixed Object,2,,Thu     ,0,0,0,0,1,0,1,0,0,0,0,0,0,0,0,1,0,0,0,0,0,0,0,0,0,37.77521,-90.61093,0,03/19/2020,11:57:00,VEHICLE 1 TRAVELED OFF THE RIGHT SIDE OF THE ROADWAY AND STRUCK A TREE. ASSISTED BY CPL. B.M. BEARD (254) AND F.T.O. TPR. K.L. ELLEDGE (396)
832800,3200008152,Missouri State Highway Patrol-Troop A,1584576000000,200150768,2,0,2,0,Personal Injury,JACKSON,LEES SUMMIT,A,4,4,0,58,0.01,B ,N,RP 103957,CST NE DOUGLAS ST,Daylight,Fixed Object,2,,Thu     ,0,0,0,0,0,0,1,0,0,1,0,0,0,0,0,0,0,0,0,0,0,0,0,0,0,0,0,0,03/19/2020,13:55:00,"OCCURRED AS VEH1 EXITED AT A HIGH RATE OF SPEED AND FAILED TO STOP FOR A RED LIGHT. VEH 1 STRUCK VEH 2 AND VEH 3, WHICH WERE STOPPED FOR THE RED LIGHT, BEFORE ENTERING THE INTERSECTION AND BEING STRUCK BY VEH 4 WHICH HAD RIGHT OF WAY. ASSISTED BY CPL. D. W. CAMPBELL /1241/, TPR. C. W. BRADSHAW /830/, AND LEES SUMMIT POLICE DEPARTMENT"
883763,3200007279,Missouri State Highway Patrol-Troop A,1584576000000,200151033,2,0,2,0,Personal Injury,BATES,NON-CITY OR UNINCORPORATED,A,2,2,0,0,0,AT,S ,RT Y,CRD NW 3002,Daylight,Motor Vehicle in Transport,1,64,Thu     ,0,0,0,0,0,1,1,0,0,0,0,1,0,0,0,1,0,0,0,0,1,0,0,1,0,38.26953,-94.58741,0,03/19/2020,17:20:00,"THE CRASH OCCURRED AS VEH 1 WAS TRAVELING NORTH ON ROUTE Y.  VEH 2 WAS WESTBOUND ON COUNTY ROAD SW 3002.  VEH 2 ENTERED THE INTERSECTION AND WAS STRUCK BY VEH 1.  ASSISTED BY SGT C M GACH /555/, CPL M A PATE /980/ AND THE BATES COUNTY SHERIFFS DEPARTMENT."
1204379,3200007453,Missouri State Highway Patrol-Troop F,1584576000000,200151180,2,0,1,1,Personal Injury,COOPER,NON-CITY OR UNINCORPORATED,F,1,1,0,2032,0.38,B ,N,MO 179,RT V,Dark-Unlighted,Fixed Object,2,,Thu     ,0,0,0,0,0,0,0,1,0,0,0,0,0,0,0,1,0,0,0,0,0,0,0,0,0,38.92409,-92.57293,0,03/19/2020,19:55:00,OCCURRED AS VEHICLE 1 WENT OF THE LEFT SIDE OF THE ROAD AND STRUCK AN EMBANKMENT. ASSISTED BY CPL A. M. RICHERSON (759) AND COOPER COUNTY SHERIFFS DEPARTMENT
1222380,3200007370,Missouri State Highway Patrol-Troop C,1584576000000,200151307,1,0,1,0,Personal Injury,ST. LOUIS,CHARLACK,C,1,1,0,68,0.01,A ,W ,IS 170,ERM NORTH IS 170 MILE 56,Dark-Unlighted,Fixed Object,2,,Thu     ,0,0,0,0,1,1,1,0,0,0,0,0,0,0,0,1,0,0,0,0,0,0,0,0,0,38.70155,-90.34395,0,03/19/2020,22:20:00,"VEHICLE 1 WAS TRAVELING ON INTERSTATE 170 NORTHBOUND, IN LANE ONE. DRIVER 1 WAS TRAVELING TOO FAST FOR THE CONDITIONS OF THE ROADWAY. VEHICLE 1 TRAVELED OFF THE RIGHT SIDE OF THE ROADWAY, STRUCK AND EMBANKMENT, AND OVERTURNED. ASSISTED BY TPR. B. G. GROVES (837) AND TPR. J. V. BONDURANT (1468)."
1142636,3200007832,Missouri State Highway Patrol-Troop E,1584662400000,200151376,0,1,0,0,Fatal,BUTLER,NON-CITY OR UNINCORPORATED,E,1,1,0,0,0,AT,W ,US 160,RT V,Dark-Unlighted,Pedestrian,1,,Fri     ,0,0,1,0,0,0,0,0,0,0,0,0,0,0,0,0,0,0,0,0,0,0,0,0,0,36.66391,-90.52009,1,03/20/2020,00:20:00,***FATALITY CRASH***NEXT OF KIN NOTIFIED***CRASH OCCURRED AS VEHICLE 1 STRUCK PEDESTRIAN IN ROADWAY.  PRONOUNCED AT THE SCENE AT 0120 BY BUTLER COUNTY CORONER ANDY MOORE.  TROOP E FATALITY #8 FOR 2020