objectid,accident,agency,inv_date,complaint,injured,killed,min_inj,dis_inj,severity,county,city,troop,no_vehicle,motor_veh,left_scene,dist_feet,dist_mile,inter_loc,direction,on_street,at_street,light_cond,acc_type,on_off_rd,two_veh,day_week,dr_drink,dr_drug,ped_drink,ped_drug,speed,dr_under21,dr_under25,dr_over55,dr_over64,electrical,emer_veh,stop_sign,yield_sign,czone,hazmat,aggressive,cell_phone,texting,veh_defect,school_bus,truck,motorcycle,atv,pickup,cmv,gps_lat,gps_long,severity_fatal,acc_date,acc_time,narrative
1220020,3200007076,Missouri State Highway Patrol-Troop C,1584662400000,200151391,1,0,1,0,Personal Injury,FRANKLIN,NON-CITY OR UNINCORPORATED,C,1,1,0,47,0.01,A ,N,RT A,CRD COUNTRY CLUB ROAD NJ,Dark-Unlighted,Fixed Object,2,,Fri     ,0,0,0,0,1,1,1,0,0,0,0,0,0,0,0,1,0,0,0,0,0,0,0,0,0,38.52423,-91.02588,0,03/20/2020,01:05:00,"VEHICLE 1 DROVE OFF THE LEFT SIDE OF THE ROADWAY, STRUCK TWO SIGNS, AND OVERTURNED. ASSISTED BY TPR. J. R. SUMMERS (1254)"
1281250,3200007489,Missouri State Highway Patrol-Troop C,1584662400000,200151431,1,1,1,0,Fatal,ST. LOUIS,MARYLAND HEIGHTS,C,3,3,0,174,0.03,A ,W ,IS 270,RP 6235,Dark-Lighted,Motor Vehicle in Transport,1,64,Fri     ,0,0,0,0,0,0,0,0,0,0,0,0,0,0,0,0,0,0,0,0,0,0,0,0,0,38.69384,-90.45064,1,03/20/2020,05:51:00,"FATALITY REPORT - VEHICLE 1 WAS DISABLED ACROSS LANE 1 AND THE MEDIAN SHOULDER. VEHICLE 2 STRUCK THE SIDE OF VEHICLE 1 CAUSING BOTH VEHICLES TO TRAVEL ACROSS LANES 2 AND 3 BEFORE  STRIKING VEHICLE 3 IN LANE 4.  VEHICLE 2 THEN STRUCK THE GUARDRAIL. DRIVER 1 PRONOUNCED BY MERCY HOSPITAL ST LOUIS ER DR RHEE AT 0712 HOURS.  ASSISTED BY CPL M A FRIGY (547) AND TPR A M COLLINS (216), AND MCIU TEAM 2 MSGT P J KEMPKE (982) AND SGT J D COX (654)"
996279,3200007465,Missouri State Highway Patrol-Troop D,1584662400000,200151437,1,0,1,0,Personal Injury,STONE,NON-CITY OR UNINCORPORATED,D,2,2,0,0,0,AT,S ,MO 413,RT AA,Dark-Unlighted,Motor Vehicle in Transport,1,64,Fri     ,0,0,0,0,0,0,1,0,0,0,0,1,0,0,0,1,0,0,0,0,1,0,0,1,1,36.8203,-93.49554,0,03/20/2020,06:20:00,CRASH OCCURRED AS VEHICLE # 2 FAILED TO YIELD TO VEHICLE # 1
1501213,3200007018,Missouri State Highway Patrol-Troop H,1584662400000,200151543,2,0,2,0,Personal Injury,ANDREW,COUNTRY CLUB VILLAGE,H,2,2,0,0,0,AT,S ,LP 29,CST MILLER ROAD,Daylight,Motor Vehicle in Transport,1,63,Fri     ,0,0,0,0,0,0,0,1,1,0,0,0,0,0,0,1,0,0,0,0,1,0,0,0,1,39.82855,-94.81538,0,03/20/2020,08:29:00,"OCCURRED AS NR1 AND NR2 WERE BOTH SOUTHBOUND. NR1 WENT TO TURN LEFT AND NR2 STRUCK THE SIDE OF NR1'S TRAILER. NR1 AND NR2 CAME TO REST IN THE ROADWAY. ASSIST BY CPL C.M. DOLLARD (504), TPR V.F. SELSOR (860), AND COUNTRY CLUB PD,"
1206102,3200007310,Missouri State Highway Patrol-Troop C,1584662400000,200151868,1,0,1,0,Personal Injury,ST. LOUIS,NON-CITY OR UNINCORPORATED,C,2,2,0,153,0.03,A ,W ,IS 270,ERM WEST IS 270 MILE 308,Daylight,Motor Vehicle in Transport,1,63,Fri     ,0,0,0,0,0,0,0,0,0,0,0,0,0,0,0,1,0,0,0,0,1,0,0,1,0,38.77097,-90.25874,0,03/20/2020,13:06:00,"VEHICLE 1 CHANGED LANES AND STRUCK THE SIDE OF VEHICLE 2. BOTH VEHICLES TRAVELED OFF THE RIGHT SIDE OF THE ROADWAY, AND VEHICLE 1 OVERTURNED AND STRUCK A FENCE. ASSISTED BY TPR A. M. COLLINS (216)"
798632,3200007205,Missouri State Highway Patrol-Troop A,1584662400000,200151876,1,0,1,0,Personal Injury,JACKSON,GRAIN VALLEY,A,2,2,0,253,0.05,A ,W ,IS 70,ERM WEST IS 70 MILE 242,Daylight,Motor Vehicle in Transport,1,61,Fri     ,0,0,0,0,0,0,0,1,1,0,0,0,0,0,0,1,0,0,0,0,0,0,0,0,0,39.02218,-94.2038,0,03/20/2020,13:00:00,CRASH OCCURRED AS BOTH VEHICLES WERE TRAVELING IN RIGHT LANE. TRAFFIC SLOWED AND VEHICLE #1 WAS UNABLE TO SLOW IN TIME AND STRUCK VEHICLE #2. TPR A D LINDGREN /665/
1211017,3200007069,Missouri State Highway Patrol-Troop F,1584662400000,200151889,1,0,1,0,Personal Injury,COLE,NON-CITY OR UNINCORPORATED,F,1,1,0,2270,0.43,B ,E ,US 54,CRD PENNY HOLLOW LN,Daylight,Fixed Object,2,,Fri     ,0,0,0,0,0,0,0,1,1,0,0,0,0,0,0,0,0,0,0,0,1,0,0,1,0,38.39152,-92.37576,0,03/20/2020,13:16:00,"DRIVER 1 FELL ASLEEP, RAN OFF RIGHT SIDE OF ROADWAY, AND STRUCK SEVERAL TREES. ASSISTED BY COLE COUNTY SHERIFF'S DEPARTMENT"
1305213,3200007107,Missouri State Highway Patrol-Troop C,1584662400000,200152285,1,0,1,0,Personal Injury,WARREN,FORISTELL,C,1,1,Y,15,0,B ,W ,IS 70,ERM WEST IS 70 MILE 2020,Daylight,Fixed Object,2,,Fri     ,0,0,0,0,0,0,0,0,0,0,0,0,0,0,0,1,0,0,0,0,0,0,0,0,0,38.82274,-90.98694,0,03/20/2020,18:15:00,"VEHICLE 1 WAS TRAVELING WESTBOUND ON INTERSTATE 70, SWERVED LEFT TO AVOID A VEHICLE,  OVERCORRECTED AND TRAVELED OFF THE LEFT SIDE OF THE ROADWAY AND STRUCK THE CABLE BARRIER. ASSISTED BY CPL A D GADBERRY (258)."
1220022,3200007045,Missouri State Highway Patrol-Troop C,1584662400000,200152386,1,0,0,1,Personal Injury,FRANKLIN,NON-CITY OR UNINCORPORATED,C,2,2,0,26,0,A ,W ,US 50,CRD KLEMME ROAD WJ,Dark-Unlighted,Motor Vehicle in Transport,1,60,Fri     ,0,0,0,0,0,0,1,1,0,0,0,0,0,0,0,1,0,0,0,0,0,1,0,0,0,38.41153,-91.3116,0,03/20/2020,19:48:00,"VEHICLE 2 WAS DRIVING WITH NO HEADLIGHTS. VEHICLE 1 ATTEMPTED A LEFT HAND TURN AND PULLED INTO THE PATH OF VEHICLE 2. VEHICLE 2 STRUCK VEHICLE 1 HEAD-ON, EJECTING DRIVER 2. ASSISTED BY MSGT C L PATTON (1108) CPL M W HEDLUND (255), AND TPR N A SCHUETZ (950)."
794290,3200007191,Missouri State Highway Patrol-Troop A,1584662400000,200152396,1,0,1,0,Personal Injury,CASS,NON-CITY OR UNINCORPORATED,A,1,1,0,28,0.01,B ,N,IS 49,ERM NORTH IS 49 MILE 1634,Daylight,Overturn,2,,Fri     ,0,0,0,0,0,0,1,0,0,0,0,0,0,0,0,1,0,0,0,0,0,0,0,0,0,38.67608,-94.4164,0,03/20/2020,20:03:00,"CRASH OCCURRED AS VEHICLE 1 TRAVELED OFF THE LEFT SIDE OF THE ROADWAY, BECAME AIRBORNE, AND OVERTURNED. ASSISTED BY CASS COUNTY SHERIFF'S DEPARTMENT."
1511012,3200007118,Missouri State Highway Patrol-Troop H,1584662400000,200152415,1,0,1,0,Personal Injury,MERCER,NON-CITY OR UNINCORPORATED,H,1,1,0,15,0,A ,E ,RT D,RT U,Dark-Unlighted,Fixed Object,2,,Fri     ,0,0,0,0,1,1,1,0,0,0,0,1,0,0,0,1,0,0,0,0,0,0,0,0,0,40.30186,-93.65224,0,03/20/2020,20:20:00,CRASH OCCURRED AS VEH #1 WAS TRAVELING SOUTHBOUND ON RTE U IN MERCER COUNTY. DVR #1 FAILED TO STOP AT A STOP SIGN AT THE INTERSECTION OF RTE U AND RTE D. VEH #1 TRAVELED ACROSS BOTH LANES OF RTE D AND OFF THE SOUTH SIDE OF THE ROADWAY. VEH #1 STRUCK AN EMBANKMENT AND THEN A TREE. VEH #1 CAME TO REST ON ITS WHEELS OFF THE SOUTH SIDE OF RTE D FACING SOUTH. ASSISTED BY MERCER COUNTY SHERIFF?S OFFICE AND MERCER COUNTY AMBULANCE.
1505531,3200007167,Missouri State Highway Patrol-Troop H,1584662400000,200152502,1,0,0,1,Personal Injury,LIVINGSTON,NON-CITY OR UNINCORPORATED,H,1,1,0,248,0.05,B ,E ,US 36,BRIDGE A1179,Dark-Unlighted,Fixed Object,2,,Fri     ,0,0,0,0,0,0,0,0,0,0,0,0,0,0,0,1,0,0,0,0,0,0,0,0,0,39.77391,-93.56472,0,03/20/2020,22:00:00,"CRASH OCCURRED AS VEH #1 WAS EASTBOUND ON US 36 IN THE RIGHT LANE.  VEH#1 BEGAN TO OVERTAKE AN UNINVOLVED VEHICLE WHO WAS TRAVELING AT A SLOWER A RATE.  DVR#1 REALIZED THEY WERE OVERTAKING THE UNINVOLVED VEHICLE QUICKLY.  IN AN ATTEMPT TO AVOID STRIKING THE UNINVOLVED VEHICLE, DVR#1 STEERED VEH#1 TO THE LEFT.  VEH#1 THEN WENT ACROSS THE CENTER LINE AND OFF THE ROADWAY. VEH#1 STRUCK A GUARDRAIL, RETURNED TO THE ROADWAY AND TRAVELED OFF THE RIGHT SIDE OF THE ROADWAY.  VEH#1 STRUCK A SECOND  GUARDRAIL AND RETURNED TO THE ROADWAY AND THEN WENT OFF THE LEFT SIDE OF THE ROADWAY AND STRUCK A THIRD GUARDRAIL AND CAME TO REST FACING NORTH.  ASSISTED BY TPR. C. S. RILEY, 1264 AND CPL M. J. LEWIS (499) AND LIVINGSTON COUNTY SHERIFF'S DEPARTMENT AND CHILLICOTHE EMERGENCY SERVICES."
810478,3200007668,Missouri State Highway Patrol-Troop A,1584748800000,200152794,4,1,0,4,Fatal,RAY,NON-CITY OR UNINCORPORATED,A,1,1,0,1082,0.2,B ,W ,MO 10,CRD YOUNG RD,Daylight,Overturn,2,,Sat     ,0,0,0,0,0,0,0,1,0,0,0,0,0,0,0,1,0,0,0,0,1,0,0,1,0,39.27948,-93.86782,1,03/21/2020,09:12:00,"FATAL CRASH - NEXT OF KIN NOTIFIED -TROOP A FATAL CRASH #10 FATALITY #11. CRASH OCCURRED AS VEHICLE 1 WAS WESTBOUND ON MO 10. VEHICLE 1 WENT OFF THE RIGHT SIDE OF THE ROAD, BEGAN TO SLIDE AND THEN OVERTURNED. VEHICLE 1 CAME TO REST ON ITS WHEELS. FATAL SUBJECT PRONOUNCED AT RESEARCH HOSPITAL BY DOCTOR HARKEN AT 1031. ASSISTED BY MSGT N E RODENBERG /882/, AND CPL D J KLINE /765/."
837766,3200007072,Missouri State Highway Patrol-Troop A,1584748800000,200153037,1,0,1,0,Personal Injury,LAFAYETTE,NON-CITY OR UNINCORPORATED,A,1,1,Y,781,0.15,A ,E ,CRD CUMBERLAND ROAD,CRD LINN ROAD,Daylight,Fixed Object,2,,Sat     ,0,0,0,0,0,0,0,1,0,0,0,0,0,0,0,1,0,0,0,0,0,0,0,0,0,38.94423,-94.03287,0,03/21/2020,11:00:00,CRASH OCCURRED AS VEH 1 TRAVELED OFF SOUTH SIDE OF  ROADWAY AND STRUCK A CULVERT.
1307896,3200007181,Missouri State Highway Patrol-Troop C,1584748800000,200153135,1,0,1,0,Personal Injury,JEFFERSON,NON-CITY OR UNINCORPORATED,C,2,2,0,0,0,AT,E ,MO 30,RT Y,Daylight,Motor Vehicle in Transport,1,64,Sat     ,0,0,0,0,0,1,1,1,0,0,0,0,0,0,0,1,0,0,0,0,0,0,0,0,0,38.30179,-90.74539,0,03/21/2020,14:43:00,VEHICLE 2 STARTED TO TURN LEFT ONTO ROUTE Y AND THE LEFT FRONT OF VEHICLE 2 STRUCK THE LEFT REAR OF VEHICLE 1. ASSISTED BY F.T.O. J.A. ASHBY (234)
1307897,3200007939,Missouri State Highway Patrol-Troop C,1584748800000,200153199,2,0,2,0,Personal Injury,JEFFERSON,NON-CITY OR UNINCORPORATED,C,2,2,0,0,0,AT,N,MO 141,RP 6265,Daylight,Motor Vehicle in Transport,1,64,Sat     ,0,0,0,0,0,0,0,1,1,1,0,0,0,0,0,1,0,0,0,0,0,0,0,0,0,38.46252,-90.42431,0,03/21/2020,15:42:00,VEHICLE 1 WAS TRAVELING NORTHBOUND ON HIGHWAY 141 IN THE RIGHT LANE. VEHICLE 2 WAS TRAVELING SOUTHBOUND ON HIGHWAY 141 IN  THE LEFT LANE. VEHICLE 2 ATTEMPTED TO MAKE A LEFT TURN AND TRAVELED THE WRONG WAY ON EXIT RAMP. THE FRONT OF VEHICLE 1 STRUCK RIGHT SIDE OF VEHICLE 2.
1509997,3200007166,Missouri State Highway Patrol-Troop H,1584748800000,200153264,3,0,3,0,Personal Injury,GRUNDY,TRENTON,H,2,2,0,0,0,AT,E ,MO 6,CST NORMAL ST,Daylight,Motor Vehicle in Transport,1,64,Sat     ,0,1,0,0,1,0,0,0,0,0,0,1,0,0,0,1,0,0,0,0,0,0,0,0,0,40.07434,-93.60381,0,03/21/2020,16:39:00,"CRASH OCCURRED AS VEH1 WAS FAILING TO YIELD AND ATTEMPTING TO ELUDE LAW ENFORCEMENT AS THEY TRAVELED SOUTH ON NORMAL ST IN TRENTON. VEH2 WAS EASTBOUND ON MO 6 APPROACHING NORMAL ST. VEH1 FAILED TO STOP AT STOP SIGN AT NORMAL ST AND MO 6. VEH1 TRAVELED THROUGH THE INTERSECTION AND INTO THE PATH OF VEH2. VEH2 STRUCK VEH1 ON THE PASSENGER SIDE, TRAVELED OFF OF THE RIGHT SIDE OF THE ROADWAY, AND CAME TO REST FACING EAST. VEH1 TRAVELED OFF OF THE WEST SIDE OF NORMAL ST AND STRUCK A TREE. VEH1 BEGAN TO SKID IN A COUNTERCLOCKWISE ROTATION AND CAME TO REST IN A GRAVEL PARKING LOT FACING NORTH. ASSISTED BY GRUNDY CO SO, TRENTON PD, TRENTON FD, AND GRUNDY CO EMERGENCY SERVICES."
803950,3200007209,Missouri State Highway Patrol-Troop A,1584835200000,200153666,2,0,2,0,Personal Injury,JOHNSON,NON-CITY OR UNINCORPORATED,A,1,1,0,2222,0.42,A ,W ,CRD DIVISION RD,CRD NW 151ST RD,Dark-Unlighted,Fixed Object,2,,Sun     ,1,0,0,0,1,0,1,0,0,0,0,0,0,0,0,1,0,0,0,0,0,0,0,0,0,38.76215,-93.78613,0,03/22/2020,00:08:00,"CRASH OCCURRED AS VEHICLE 1 WAS TRAVELING EAST ON DIVISION ROAD AND LOST CONTROL ON LOOSE GRAVEL.  VEHICLE 1 BEGAN TO SLIDE, TRAVELED OFF THE NORTH SIDE OF THE ROADWAY AND STRUCK A FENCE.  VEHICLE 1 THEN STRUCK THE GROUND AND OVERTURNED. ASSISTED BY JOHNSON COUNTY SHERIFF'S DEPARTMENT."
1288656,3200007667,Missouri State Highway Patrol-Troop C,1584835200000,200153714,0,0,0,0,Property Damage,PIKE,NON-CITY OR UNINCORPORATED,C,1,1,Y,469,0.09,B ,N,MO 79,PVT 9109 911 RD,Dark-Unlighted,Fixed Object,2,,Sun     ,0,0,0,0,1,0,1,0,0,0,0,0,0,0,0,1,0,0,0,0,0,0,0,0,0,39.46092,-91.06626,0,03/22/2020,00:22:00,BOTH VEHICLES WERE TRAVELING NORTHBOUND ON HIGHWAY 79. THE FRONT OF VEHICLE 1 STRUCK THE REAR OF VEHICLE 2. VEHICLE 2 THEN TRAVELED OFF THE LEFT SIDE OF THE ROADWAY AND STRUCK A TREE. DRIVER 1 FLED THE SCENE ON FOOT.
901763,3200007307,Missouri State Highway Patrol-Troop D,1584835200000,200153744,1,0,1,0,Personal Injury,ST. CLAIR,NON-CITY OR UNINCORPORATED,D,1,1,0,121,0.02,B ,S ,MO 13,CRD SE 1100,Dark-Unlighted,Fixed Object,2,,Sun     ,0,0,0,0,0,0,0,0,0,0,0,0,0,0,0,0,0,0,0,0,0,0,0,0,1,38.20596,-93.75307,0,03/22/2020,05:50:00,ACCIDENT OCCURRED AS VEHICLE #1 TRAVELED OFF OF THE LEFT SIDE OF THE ROADWAY STRIKING A CULVERT.
1194907,3200007148,Missouri State Highway Patrol-Troop F,1584835200000,200153813,1,0,1,0,Personal Injury,CALLAWAY,NON-CITY OR UNINCORPORATED,F,1,1,0,5,0,A ,E ,IS 70,ERM EAST IS 70 MILE 1564,Daylight,Fixed Object,2,,Sun     ,0,0,0,0,1,1,1,0,0,0,0,0,0,0,0,1,0,0,0,0,0,0,0,0,0,38.92941,-91.78995,0,03/22/2020,09:00:00,"VEHICLE 1 BEGAN SLIDING, TRAVELED OFF RIGHT SIDE OF ROADWAY, STRUCK A DITCH, OVERTURNED ON ITS TOP."
1186018,3200007335,Missouri State Highway Patrol-Troop F,1584835200000,200153835,1,0,1,0,Personal Injury,BOONE,NON-CITY OR UNINCORPORATED,F,2,2,0,0,0,AT,W ,RT HH,CRD BROWN STATION RD,Daylight,Motor Vehicle in Transport,1,64,Sun     ,0,0,0,0,0,0,0,1,0,0,0,1,0,0,0,1,0,0,0,0,0,0,0,0,0,0,0,0,03/22/2020,09:20:00,"VEHICLE 1 STOPPED AT STOP SIGN AT INTERSECTION, STARTED INTO INTERSECTION, AND STRUCK VEHICLE 2."
1190830,3200007420,Missouri State Highway Patrol-Troop B,1584835200000,200153917,1,0,0,1,Personal Injury,MARION,MONROE CITY,B,2,2,0,1172,0.22,B ,E ,US 36,CRD 225,Daylight,Parked Motor Vehicle,2,69,Sun     ,0,0,0,0,1,0,1,0,0,0,0,0,0,0,0,1,0,0,0,0,0,0,0,0,1,39.66437,-91.73878,0,03/22/2020,11:00:00,"VEHICLE 1 LOST CONTROL ON ICE COVERED ROADWAY AND STRUCK THE TRAILER ON STATIONARY VEHICLE 2.  ASSISTED BY CPL. MCGIVNEY #366, MONROE CITY FIRE DEPARTMENT, AND MONROE CITY POLICE DEPARTMENT."
1282214,3200007677,Missouri State Highway Patrol-Troop C,1584835200000,200153925,1,0,0,1,Personal Injury,ST. CHARLES,O'FALLON,C,1,1,0,2640,0.5,A ,W ,IS 70,MO 79,Daylight,Fixed Object,2,,Sun     ,0,0,0,0,1,0,0,0,0,0,0,0,0,0,0,1,0,0,0,0,1,0,0,0,1,38.80279,-90.66081,0,03/22/2020,11:05:00,VEHICLE 1 WAS TRAVELING WESTBOUND ON INTERSTATE 70 IN LANE 3. AN UNKNOWN VEHICLE CUT OFF VEHICLE 1.  DRIVER 1 APPLIED THE BRAKES AND LOST CONTROL OF VEHICLE 1 DUE TO THE ROADWAY CONDITIONS.  VEHICLE 1 RAN OFF ROADWAY LEFT AND THE FRONT OF VEHICLE 1 STRUCK THE CONCRETE TRAFFIC BARRIER.
1307895,3200007396,Missouri State Highway Patrol-Troop C,1584835200000,200153947,5,0,5,0,Personal Injury,JEFFERSON,NON-CITY OR UNINCORPORATED,C,2,2,0,269,0.05,B ,E ,RT MM,BRIDGE P0593,Daylight,Motor Vehicle in Transport,1,60,Sun     ,0,0,0,0,1,0,0,1,0,0,0,0,0,0,0,1,0,0,0,0,0,0,0,0,0,38.38138,-90.52423,0,03/22/2020,11:35:00,"VEHICLE ONE WAS TRAVELING EAST TOWARDS 21, ON ROUTE MM AND VEHICLE TWO WAS TRAVELING WEST ON ROUTE MM.  VEHICLE ONE STARTED TO SLIDE AND ENTERED THE WESTBOUND LANE.  DRIVER TWO ATTEMPTED TO AVOID A COLLISION WITH VEHICLE ONE BY SWERVING LEFT.  VEHICLE ONE'S FRONT RIGHT STRUCK VEHICLE TWO'S FRONT LEFT SIDE.  VEHICLE ONE RAN OFF THE LEFT SIDE AND STRUCK A FENCE. ASSISTED BY TPR. A. S. HUSKY (781)"
1307898,3200008174,Missouri State Highway Patrol-Troop C,1584835200000,200154030,1,0,1,0,Personal Injury,JEFFERSON,NON-CITY OR UNINCORPORATED,C,2,2,0,0,0,AT,S ,US 67,CRD FLUCOM RD,Daylight,Motor Vehicle in Transport,1,64,Sun     ,0,0,0,0,0,0,1,0,0,0,0,1,0,0,0,1,0,0,0,0,0,0,0,0,0,38.10579,-90.48284,0,03/22/2020,13:10:00,VEHICLE 1 WAS TRAVELING SOUTHBOUND IN THE LEFT LANE ON US 67. VEHICLE 2 WAS TRAVELING EASTBOUND ON FLUCOM RD APPROACHING US 67 WHEN DRIVER 2 WENT TO APPLY BRAKE AND HIT GAS INSTEAD. VEHICLE 2 ENTERED THE SOUTHBOUND LANES OF 67 AND STRUCK VEHICLE 1 IN THE PASSENGER SIDE. VEHICLE 1 CROSSED THE MEDIAN AND ENTERED THE NORTHBOUND LANES AND CAME TO REST IN SOUTH EAST DIRECTION.
1041012,3200007382,Missouri State Highway Patrol-Troop I,1584835200000,200154074,1,0,1,0,Personal Injury,MARIES,NON-CITY OR UNINCORPORATED,I,2,2,0,728,0.14,B ,S ,US 63,CRD 331,Daylight,Motor Vehicle in Transport,1,61,Sun     ,0,0,0,0,0,1,1,0,0,0,0,0,0,0,0,1,0,0,0,0,0,0,0,0,0,38.20277,-91.94178,0,03/22/2020,13:59:00,"OCCURRED AS VEHICLE 2 REAR ENDED VEHICLE 1, WHICH WAS STOPPED TO MAKE A LEFT TURN."
1222218,3200007312,Missouri State Highway Patrol-Troop C,1584921600000,200154565,1,0,0,1,Personal Injury,ST. LOUIS,BERKELEY,C,1,1,0,79,0.01,B ,W ,IS 70,RP 904165,Dark-Lighted,Fixed Object,2,,Mon     ,0,0,0,0,0,0,0,0,0,0,0,0,0,0,0,0,0,0,0,0,0,0,0,0,0,38.73338,-90.34476,0,03/23/2020,06:20:00,"VEHICLE 1 WAS TRAVELING WESTBOUND ON INTERSTATE 70 IN LANE 1, LOST CONTROL, WENT OFF THE RIGHT SIDE OF ROADWAY AND STRUCK A GUARDRAIL. ASSISTED BY CPL. M. A. FRIGY (547)"
1010507,3200008049,Missouri State Highway Patrol-Troop D,1584921600000,200154644,0,2,0,0,Fatal,WEBSTER,NON-CITY OR UNINCORPORATED,D,2,2,0,665,0.13,A ,N,RT A,BRIDGE A1630,Daylight,Motor Vehicle in Transport,1,60,Mon     ,1,0,0,0,1,0,0,1,0,0,0,0,0,0,0,1,0,0,0,0,0,0,0,0,0,37.26967,-92.89574,1,03/23/2020,08:18:00,FATALITY ACCIDENT -  THIS IS THE 22ND AND 23RD FATALITY FOR TROOP D IN 2020.   NEXT OF KIN NOTIFIED.  CRASH OCCURRED AS VEHICLE 1 CROSSED CENTER OF ROADWAY STRIKING VEHICLE 2 HEAD ON.  PRONOUNCED BY ASSISTANT WEBSTER COUNTY CORONER ROBBIE JOURNAGEN.  HICKS PRONOUNCED AT 0845 & SHAVER PRONOUNCED AT 0849.  ASSISTED BY CPL D.L. JOHNSON /309/ AND  MCIU TEAM 3 SGT G.T. CURNES /818/ .
1499928,3200007538,Missouri State Highway Patrol-Troop H,1584921600000,200154782,1,0,0,1,Personal Injury,CLINTON,LATHROP,H,1,1,0,1990,0.38,A ,N,CRD NE STONUM RD,CRD NE 256TH ST,Daylight,Fixed Object,2,,Mon     ,0,0,0,0,0,0,0,0,0,0,0,0,0,0,0,0,0,0,0,0,1,0,0,1,0,39.56266,-94.27311,0,03/23/2020,10:17:00,"CRASH OCCURRED AS VEH #1 WAS TRAVELING NORTHBOUND ON NE STONUM RD. DVR #1 WAS TRANSPORTING A CAT THAT WAS GETTING OUT OF ITS CAGE. DVR #1 ATTEMPTED TO REACH FOR THE CAT, CAUSING VEH #1 TO TRAVEL OFF THE EAST SIDE OF THE ROADWAY. VEH #1 STRUCK AN EARTH EMBANKMENT, TRAVELED THROUGH A FENCE, THEN TRAVELED THROUGH AN ELECTRIC FENCE AND ROLLED. VEH #1 CAME TO REST ON ITS PASSENGER SIDE FACING EAST OFF THE EAST SIDE OF NE STONUM RD."
793262,3200007661,Missouri State Highway Patrol-Troop A,1584921600000,200154869,2,1,2,0,Fatal,CASS,HARRISONVILLE,A,2,2,0,7,0,B ,N,CST S COMMERCIAL ST,CST BUTLER DR,Daylight,Motor Vehicle in Transport,1,60,Mon     ,1,0,0,0,1,0,0,0,0,0,0,0,0,0,0,1,0,0,0,0,0,0,0,0,0,38.64346,-94.35217,1,03/23/2020,11:50:00,FATALITY CRASH - NEXT OF KIN NOTIFIED - TROOP A FATAL CRASH #11 FATALITY #12.  CRASH OCCURRED AS VEH 1 WAS TRAVELING SOUTH ON COMMERCIAL STREET APPROACHING BUTLER STREET.  VEH 2 WAS TRAVELING NORTH ON COMMERCIAL STREET SOUTH OF BUTLER STREET.  VEHICLE 1 STRUCK THE CURB ON THE RIGHT SIDE OF THE ROADWAY AND TRAVELED ACROSS THE CENTER LANE AND INTO THE NORTHBOUND LANE OF COMMERCIAL STREET.  DRIVER 2 SAW VEHICLE 1 SLIDING SIDEWAYS AND APPEARS WAS ABLE TO STOP VEHICLE 2.  VEHICLE 1 STRUCK VEHICLE 2 NEARLY HEAD-ON.  DRIVER 1 WAS PRONOUNCED AT BELTON REGIONAL HOSPITAL BY DR ANDREW CUSSER AT 1308.  ASSISTED BY TPR B R PETERS /1384/ AND SGT R W SHAUL /528/.
1161063,3200007386,Missouri State Highway Patrol-Troop F,1584921600000,200154947,1,0,1,0,Personal Injury,COOPER,WINDSOR PLACE,F,2,2,0,0,0,AT,S ,MO 87,RP 4033,Daylight,Motor Vehicle in Transport,1,64,Mon     ,0,0,0,0,0,0,1,1,0,0,0,1,0,0,0,1,0,0,0,0,1,0,0,1,0,38.93811,-92.69114,0,03/23/2020,13:00:00,VEHICLE 2 WAS CROSSING  HWY 87 AND IMPACTED VEHICLE 1.  ASSISTED BY SGT. G. D. WARD (1189)
1123616,3200007199,Missouri State Highway Patrol-Troop E,1584921600000,200155078,1,0,0,1,Personal Injury,MADISON,NON-CITY OR UNINCORPORATED,E,1,1,0,10560,2,B ,W ,PVT FORESTRY ROAD 2108,CRD 411,Daylight,Fixed Object,2,,Mon     ,0,0,0,0,1,1,1,0,0,0,0,0,0,0,0,1,0,0,0,0,0,0,1,0,0,0,0,0,03/23/2020,15:00:00,CRASH OCCURRED AS VEHICLE ONE TRAVELED OFF RIGHT SIDE OF ROADWAY STRIKING TREE EJECTING DRIVER ONE
1031465,3200008086,Missouri State Highway Patrol-Troop I,1584921600000,200155177,1,0,1,0,Personal Injury,PULASKI,NON-CITY OR UNINCORPORATED,I,1,1,0,104,0.02,A ,S ,MO 17,CRD SAMANTHA LANE,Daylight,Overturn,1,,Mon     ,0,0,0,0,0,0,0,0,0,0,0,0,0,0,0,0,0,0,0,0,0,1,0,0,0,37.78318,-92.26986,0,03/23/2020,16:41:00,OCCURRED AS A VEHICLE PULLED INTO THE PATH OF VEH 1. VEH 1 BEGAN SKIDDING AND OVERTURNED.
1196554,3200007783,Missouri State Highway Patrol-Troop B,1584921600000,200155221,2,0,0,2,Personal Injury,MACON,NON-CITY OR UNINCORPORATED,B,1,1,0,1663,0.31,B ,E ,RT J,BRIDGE B0140,Daylight,Fixed Object,2,,Mon     ,0,0,0,0,1,0,0,0,0,0,0,0,0,0,0,1,0,0,0,0,0,0,0,0,0,39.94934,-92.67153,0,03/23/2020,17:17:00,"01 WESTBOUND, FAILED TO NEGOTIATE A CURVE, OVERTURNED, STRUCK A COUNTY ROAD, BECAME AIRBORNE, AND STRUCK A UTILITY POLE, EJECTING DRIVER AND PARTIALLY EJECTING THE OCCUPANT. ASSISTED BY CPL PORTER 782, TPR HALLEY 652, TPR HALEY 442, MACON COUNTY SHERIFFS DEPARTMENT, ATLANTA VOLUNTEER FIRE DEPARTMENT, AIR EVAC HELICOPTER,  MACON COUNTY FIRST RESPONDERS AND AMBULANCE."