objectid,accident,agency,inv_date,complaint,injured,killed,min_inj,dis_inj,severity,county,city,troop,no_vehicle,motor_veh,left_scene,dist_feet,dist_mile,inter_loc,direction,on_street,at_street,light_cond,acc_type,on_off_rd,two_veh,day_week,dr_drink,dr_drug,ped_drink,ped_drug,speed,dr_under21,dr_under25,dr_over55,dr_over64,electrical,emer_veh,stop_sign,yield_sign,czone,hazmat,aggressive,cell_phone,texting,veh_defect,school_bus,truck,motorcycle,atv,pickup,cmv,gps_lat,gps_long,severity_fatal,acc_date,acc_time,narrative
1291477,3200007808,Missouri State Highway Patrol-Troop C,1584921600000,200155331,0,1,0,0,Fatal,ST. CHARLES,NON-CITY OR UNINCORPORATED,C,1,1,0,15,0,A ,E ,MO 94,CRD SCHELL RD,Daylight,Fixed Object,2,,Mon     ,1,0,0,0,0,0,0,1,0,0,0,0,0,0,0,1,0,0,0,0,0,0,0,0,0,38.58349,-90.90321,1,03/23/2020,19:02:00,"FATALITY REPORT. VEHICLE 1 WAS TRAVELING EASTBOUND ON HIGHWAY 94, TRAVELED OFF THE RIGHT SIDE OF THE ROADWAY, STRUCK AN EMBANKMENT, AND OVERTURNED. DRIVER 1 FATALITY PRONOUNCED BY DR. M. FELDMEIER AT 2021 HOURS ON 3/23/2020 AT MERCY HOSPITAL ST. LOUIS. ASSISTED BY TPR. T. N. ZIEGLER (1440)."
967220,3200007224,Missouri State Highway Patrol-Troop D,1585008000000,200155535,1,0,0,1,Personal Injury,BARRY,NON-CITY OR UNINCORPORATED,D,1,1,0,1568,0.3,A ,E ,US 60,MO 97,Dark-Unlighted,Fixed Object,2,,Tue     ,0,0,0,0,1,0,0,0,0,0,0,0,0,0,0,1,0,0,0,0,0,0,0,0,0,36.91612,-94.00367,0,03/24/2020,05:45:00,"OCCURRED AS VEHICLE 1 SLID OFF THE ROADWAY, STRIKING A FENCE AND A TREE."
1502028,3200007409,Missouri State Highway Patrol-Troop H,1585008000000,200155536,1,0,1,0,Personal Injury,ANDREW,NON-CITY OR UNINCORPORATED,H,1,1,0,1584,0.3,B ,N,BU 71,CRD 364,Dark-Unlighted,Fixed Object,2,,Tue     ,0,0,0,0,0,0,1,0,0,0,0,0,0,0,0,1,0,0,0,0,0,0,0,0,0,39.88255,-94.80825,0,03/24/2020,06:10:00,OCCURRED AS NR1 WAS SOUTHBOUND. NR1 WENT THROUGH THE MEDIAN AND ACROSS THE SOUTHBOUND LANES COMING TO REST IN A DITCH ON ITS WHEELS AGAINST SOME TREES. . ASSISTED BY CPL A.J. WEBB (851) AND TPR L.T. MCDANIEL (630).
1277773,3200007744,Missouri State Highway Patrol-Troop C,1585008000000,200155563,0,1,0,0,Fatal,ST. CHARLES,LAKE ST LOUIS,C,2,2,0,42,0.01,A ,W ,IS 64,ERM WEST IS 64 MILE 38,Daylight,Parked Motor Vehicle,2,61,Tue     ,0,1,0,0,0,0,0,0,0,0,0,0,0,0,0,1,0,0,0,0,1,0,0,1,1,38.77423,-90.7832,1,03/24/2020,07:10:00,"FATALITY REPORT - VEHICLE #1 AND VEHICLE #2 WERE TRAVELING WEST ON INTERSTATE 64.  VEHICLE #1 WAS TRAVELING IN LANE #3, WHICH IS AN ENTRANCE LANE FROM WESTBOUND MISSOURI 364.  VEHICLE #2 WAS STOPPED ON THE NORTH EDGE OF THE ROADWAY.  DRIVER #1 FAILED TO MAINTAIN A SINGLE LANE AND VEHICLE #1 TRAVELED OFF THE NORTH EDGE OF THE ROADWAY.  THE FRONT OF VEHICLE #1 STRUCK THE REAR OF VEHICLE #2. DRIVER #1 PRONOUNCED BY EMT PERSONNEL AT 0722 HOURS ON 03/24/2020. ASSISTED BY TPR. S. T. BRUENGER. (505), TPR. D. L. HOLLIDAY (447), TPR. K. R. BECHAUD (163), SGT. A. H. MICHAJLICZENKO (769), MSGT. R. E. HOEHN (902), CPL. A. L. BRYAN (384),  AND  LAKE ST LOUIS PD."
1333821,3200007330,Missouri State Highway Patrol-Troop G,1585008000000,200155632,1,0,1,0,Personal Injury,WRIGHT,NON-CITY OR UNINCORPORATED,G,1,1,0,881,0.17,A ,E ,US 60,BRIDGE A0036,Daylight,Fixed Object,2,,Tue     ,0,0,0,0,1,0,0,0,0,0,0,0,0,0,0,1,0,0,0,0,1,0,0,1,0,37.11746,-92.60773,0,03/24/2020,08:40:00,"VEH #1 LOST CONTROL ON WET PAVEMENT, RAN OFF RIGHT SIDE OF ROADWAY, STRUCK A ""RIGHT OF WAY"" DELINEATOR POST, CONTINUED INTO A DITCH AND OVERTURNED.   PART OF THE VEHICLE'S CARGO CAME LOOSE AND STRUCK A DOUBLE POSTED INFORMATIONAL SIGN.  ASSISTED BY TPR. J. L. DEDMON (229)."
1183137,3200007439,Missouri State Highway Patrol-Troop F,1585008000000,200155700,1,0,0,1,Personal Injury,OSAGE,FREEBURG,F,1,1,0,114,0.02,A ,N,US 63,RT P,Daylight,Fixed Object,2,,Tue     ,0,0,0,0,1,0,0,0,0,0,0,0,0,0,0,1,0,0,0,0,0,0,0,0,0,38.32107,-91.9231,0,03/24/2020,09:45:00,OCCURRED AS VEHICLE 1 BEGAN TO HYDROPLANE AND TRAVELED OFF THE RIGHT SIDE OF THE ROADWAY AND STRUCK A TREE
868061,3200009014,Missouri State Highway Patrol-Troop A,1585008000000,200155856,4,0,4,0,Personal Injury,JACKSON,LAKE LOTAWANA,A,2,2,0,6,0,B ,W ,US 50,CRD EASLEY RD,Daylight,Motor Vehicle in Transport,1,64,Tue     ,0,0,0,0,0,0,0,0,0,0,0,0,0,0,0,0,0,0,0,0,1,0,0,0,1,38.89319,-94.25542,0,03/24/2020,13:00:00,"CRASH OCCURRED AS VEHICLE 2 WAS TURNING RIGHT ONTO EASLEY ROAD. VEHICLE 1 FAILED TO SEE VEHICLE 2 AND STRUCK THE REAR. ASSISTED BY TPR A D LINDGREN /665/, TPR C W BRADSHAW /830/ AND LAKE LOTAWANA PD."
1142622,3200007648,Missouri State Highway Patrol-Troop E,1585008000000,200155970,1,0,1,0,Personal Injury,BUTLER,NON-CITY OR UNINCORPORATED,E,1,1,0,3168,0.6,B ,S ,CRD NFS 3107,RT PP,Daylight,Fixed Object,2,,Tue     ,0,0,0,0,1,0,0,0,0,0,0,0,0,0,0,1,0,0,0,0,1,0,0,1,0,0,0,0,03/24/2020,15:20:00,CRASH OCCURRED AS VEHICLE ONE RAN OFF RIGHT SIDE OR ROADWAY AND STRUCK TREE
1263862,3200007496,Missouri State Highway Patrol-Troop C,1585008000000,200156105,1,0,1,0,Personal Injury,WARREN,WARRENTON,C,1,1,0,396,0.07,B ,N,MO 47,CST SUNRISE DR,Daylight,Fixed Object,2,,Tue     ,0,0,0,0,0,0,1,0,0,0,0,0,0,0,0,1,0,0,0,0,0,0,0,0,0,38.83001,-91.13623,0,03/24/2020,17:54:00,VEHICLE 1 TRAVELED OFF THE RIGHT SIDE OF THE ROADWAY AND STRUCK A UTILITY POLE. ASSISTED BY TPR. W. H. ABLE (132)
910706,3200007452,Missouri State Highway Patrol-Troop D,1585008000000,200156169,1,0,1,0,Personal Injury,GREENE,NON-CITY OR UNINCORPORATED,D,1,1,0,237,0.04,A ,E ,IS 44,ERM EAST IS 44 MILE 688,Dark-Unlighted,Fixed Object,2,,Tue     ,0,0,0,0,0,0,0,0,0,0,0,0,0,0,0,0,0,0,0,0,1,0,0,1,0,0,0,0,03/24/2020,19:20:00,"NR1 RAN OFF ROADWAY, STRUCK THE MEDIAN CABLE, CABLE POSTS AND GUARDRAIL FACE."
1178598,3200007966,Missouri State Highway Patrol-Troop B,1585008000000,200156217,1,0,0,1,Personal Injury,SCOTLAND,NON-CITY OR UNINCORPORATED,B,1,1,0,216,0.04,B ,N,CRD 161,CRD 152,Dark-Unlighted,Fixed Object,2,,Tue     ,0,0,0,0,0,0,1,0,0,0,0,0,0,0,0,1,0,0,0,0,0,0,1,0,0,40.36035,-92.07009,0,03/24/2020,20:30:00,"01 SOUTHBOUND, RAN OFF THE LEFT SIDE OF THE ROADWAY, STRUCK A TREE, OVERTURNED, EJECTING THE DRIVER.  ASSISTED BY SCOTLAND COUNTY SHERIFFS DEPARTMENT, AMBULANCE, GORIN AND RUTLEDGE RESCUE SQUADS."
1272363,3200007594,Missouri State Highway Patrol-Troop C,1585008000000,200156237,2,0,2,0,Personal Injury,PERRY,NON-CITY OR UNINCORPORATED,C,1,1,0,1404,0.27,B ,N,MO 51,RT O,Dark-Unlighted,Fixed Object,2,,Tue     ,0,0,0,0,0,0,0,1,1,0,0,0,0,0,0,1,0,0,0,0,0,0,0,0,0,37.61675,-89.97824,0,03/24/2020,21:35:00,VEHICLE 1 TRAVELED OFF THE RIGHT SIDE OF THE ROADWAY AND STRUCK A TREE
1220005,3200007515,Missouri State Highway Patrol-Troop C,1585008000000,200156279,2,0,2,0,Personal Injury,FRANKLIN,NON-CITY OR UNINCORPORATED,C,1,1,0,1583,0.3,A ,N,RT BB,CRD JUDITH SPRING RD,Dark-Unlighted,Fixed Object,2,,Tue     ,1,0,0,0,1,0,0,0,0,0,0,0,0,0,0,1,0,0,0,0,0,0,0,0,0,38.47153,-91.04904,0,03/24/2020,23:15:00,"VEHICLE 1 WAS TRAVELING WESTBOUND ON ROUTE BB, TRAVELED OFF THE RIGHT SIDE OF THE ROADWAY, AND STRUCK A TREE. ASSISTED BY CPL. M. W. HEDLUND (255)."
1307900,3200007915,Missouri State Highway Patrol-Troop C,1585094400000,200156323,1,0,1,0,Personal Injury,JEFFERSON,NON-CITY OR UNINCORPORATED,C,1,1,0,207,0.04,B ,N,CRD CEDAR HILL RD,CRD HIGH STREET,Dark-Unlighted,Fixed Object,2,,Wed     ,0,0,0,0,0,0,0,0,0,0,0,0,0,0,0,1,0,0,0,0,0,0,0,0,0,38.35453,-90.63897,0,03/25/2020,03:08:00,VEHICLE 1 TRAVELED OFF THE LEFT SIDE OF THE ROADWAY AND OVERTURNED
1275928,3200007724,Missouri State Highway Patrol-Troop C,1585094400000,200156338,1,0,1,0,Personal Injury,FRANKLIN,ST CLAIR,C,2,2,0,34,0.01,B ,W ,IS 44,ERM WEST IS 44 MILE 2346,Dark-Unlighted,Motor Vehicle in Transport,1,60,Wed     ,0,1,0,0,0,0,0,0,0,0,0,0,0,0,0,0,0,0,0,0,1,0,0,1,0,0,0,0,03/25/2020,06:10:00,VEHICLE 1 WAS TRAVELING EASTBOUND IN THE WESTBOUND LANE. DRIVER 2 ATTEMPTED TO AVOID VEHICLE 1 BY STEERING TO THE LEFT SHOULDER.  THE FRONT RIGHT OF VEHICLE 1 STRUCK THE FRONT RIGHT OF VEHICLE 2.
781921,3200007399,Missouri State Highway Patrol-Troop A,1585094400000,200156343,1,0,1,0,Personal Injury,CLAY,NON-CITY OR UNINCORPORATED,A,1,1,0,1906,0.36,B ,N,RT N,CRD 90TH ST,Dark-Unlighted,Fixed Object,2,,Wed     ,0,0,0,0,0,0,0,0,0,0,0,0,0,0,0,0,0,0,0,0,0,0,0,0,0,39.25147,-94.22165,0,03/25/2020,06:00:00,CRASH OCCURRED AS VEHICLE 1 TRAVELED OFF THE RIGHT SIDE OF THE ROADWAY AND STRUCK A FIELD ENTRANCE.
1291479,3200007678,Missouri State Highway Patrol-Troop C,1585094400000,200156363,1,0,1,0,Personal Injury,ST. CHARLES,NON-CITY OR UNINCORPORATED,C,2,2,0,0,0,AT,W ,RT D,CRD CAPPELN OSAGE RD,Daylight,Motor Vehicle in Transport,1,64,Wed     ,0,0,0,0,0,0,1,0,0,0,0,1,0,0,0,1,0,0,0,0,1,0,0,1,0,38.68453,-90.93905,0,03/25/2020,06:30:00,VEHICLE 2 WAS TRAVELING NORTHBOUND ON CAPPELN OSAGE RD AND FAILED TO STOP AT A STOP SIGN. VEHICLE 1 WAS TRAVELING WESTBOUND. VEHICLE 1 STRUCK THE LEFT SIDE OF VEHICLE 2. ASSISTED BY FTO CPL J. R. BREITBACH (790)
1249717,3200007339,Missouri State Highway Patrol-Troop C,1585094400000,200156408,1,0,1,0,Personal Injury,STE. GENEVIEVE,NON-CITY OR UNINCORPORATED,C,1,1,0,1140,0.22,B ,S ,RT EE,BRIDGE R0279,Daylight,Fixed Object,2,,Wed     ,0,0,0,0,0,0,0,0,0,0,0,0,0,0,0,1,0,0,0,0,0,0,0,0,0,37.82691,-90.36473,0,03/25/2020,07:42:00,"VEHICLE 1 TRAVELED OFF THE RIGHT SIDE OF THE ROADWAY, RETURNED TO THE ROAD, TRAVELED OFF THE LEFT SIDE OF THE ROADWAY AND STRUCK AN EMBANKMENT. ASSISTED BY CPL. B.J. FOWLER (289)"
1186015,3200008037,Missouri State Highway Patrol-Troop F,1585094400000,200156446,2,0,2,0,Personal Injury,BOONE,NON-CITY OR UNINCORPORATED,F,2,2,0,454,0.09,A ,E ,IS 70,ERM EAST IS 70 MILE 1362,Daylight,Motor Vehicle in Transport,1,64,Wed     ,0,0,0,0,0,0,0,1,1,0,0,0,0,0,0,0,0,0,0,0,1,0,0,1,1,38.95513,-92.15753,0,03/25/2020,08:46:00,"OCCURRED AS VEHICLE 1 ATTEMPTED TO LANE CHANGE AND NEGOTIATE A TURN INTO THE MEDIAN CROSSOVER IN FRONT OF VEHICLE 2, CAUSING VEHICLE 2 TO STRIKE THE DRIVERS SIDE OF VEHICLE 1 AND TRAVELED INTO THE MEDIAN STRIKING THE CABLE BARRIER AND OVERTURNED."
910708,3200007344,Missouri State Highway Patrol-Troop D,1585094400000,200156613,1,0,1,0,Personal Injury,GREENE,NON-CITY OR UNINCORPORATED,D,1,1,0,1045,0.2,A ,W ,RT CC,CRD 183,Daylight,Fixed Object,2,,Wed     ,0,0,0,0,0,1,1,0,0,0,0,0,0,0,0,0,0,0,0,0,1,0,0,1,0,37.38901,-93.21806,0,03/25/2020,11:40:00,"THIS CRASH OCCURRED AS VEHICLE #1  RAN OFF THE RIGHT SIDE OF THE ROAD, DRIVER #1 OVER-CORRECTED, VEHICLE #1 DROVE OFF THE LEFT SIDE OF THE ROAD AND STRUCK A TREE."
1307901,3200007410,Missouri State Highway Patrol-Troop C,1585094400000,200156625,1,0,1,0,Personal Injury,JEFFERSON,NON-CITY OR UNINCORPORATED,C,2,2,0,0,0,AT,W ,MO 30,CRD NEW SUGAR CREEK RD,Daylight,Motor Vehicle in Transport,1,64,Wed     ,0,0,0,0,0,1,1,1,1,1,0,0,0,0,0,1,0,0,0,0,1,0,0,1,0,38.49021,-90.48726,0,03/25/2020,11:49:00,"VEHICLE 1 WAS TRAVELING SOUTHBOUND ON NEW SUGAR CREEK ROAD, MOMENTARILY STOPPED AT A RED TRAFFIC SIGNAL, AND STARTED INTO TRAFFIC. VEHICLE 2 WAS TRAVELING WESTBOUND ON HIGHWAY 30, AND THE FRONT OF VEHICLE 1 STRUCK THE RIGHT SIDE OF VEHICLE 2."
1325171,3200008025,Missouri State Highway Patrol-Troop G,1585094400000,200156762,3,0,3,0,Personal Injury,HOWELL,NON-CITY OR UNINCORPORATED,G,1,1,0,1816,0.34,B ,N,CRD 1710,PVT MOBILE CITY,Daylight,Fixed Object,2,,Wed     ,1,1,0,0,0,0,0,0,0,0,0,0,0,0,0,0,0,0,0,0,0,0,0,0,0,36.77871,-91.87994,0,03/25/2020,14:00:00,CRASH OCCURRED AS VEH 1 RAN OFF ROADWAY AND STUCK A TREE
910672,3200007639,Missouri State Highway Patrol-Troop D,1585094400000,200156845,1,0,0,1,Personal Injury,GREENE,NON-CITY OR UNINCORPORATED,D,1,1,0,649,0.12,A ,W ,US 160,CRD 43,Daylight,Fixed Object,2,,Wed     ,0,0,0,0,0,0,0,0,0,0,0,0,0,0,0,1,0,0,0,0,0,0,0,0,0,37.32399,-93.55355,0,03/25/2020,15:33:00,"OCCURRED AS #1 WAS EASTBOUND ON US 160 AND BEGAN TO MAKE A PASS WHILE APPROACHING A HILLCREST.  #1 MET A WESTBOUND VEHICLE AS IT TOPPED THE HILL.  #1 SWERVED TO THE LEFT RAN OFF THE ROADWAY, STRUCK A CULVERT, OVERTURNED AND STRUCK A TREE.  ASSISTED BY TPR C. BECK #146 AND TPR A.W. POULSON #589"
1204380,3200007548,Missouri State Highway Patrol-Troop F,1585094400000,200156933,1,0,1,0,Personal Injury,COOPER,NON-CITY OR UNINCORPORATED,F,1,1,0,1673,0.32,A ,S ,RT A,BRIDGE X0860,Daylight,Fixed Object,2,,Wed     ,0,0,0,0,0,0,0,1,0,0,0,0,0,0,0,1,0,0,0,0,0,0,0,0,0,38.75172,-92.94274,0,03/25/2020,17:13:00,"CRASH OCCURRED AS VEHICLE 1 TRAVELED OFF THE RIGHT SIDE OF THE ROADWAY, STRUCK A FENCE AND A UTILITY POLE. ASSISTED BY CPL. A. M. RICHERSON (759) AND COOPER COUNTY SHERIFF'S OFFICE."
787361,3200007833,Missouri State Highway Patrol-Troop A,1585094400000,200157019,4,0,0,4,Personal Injury,HENRY,NON-CITY OR UNINCORPORATED,A,2,1,0,850,0.16,B ,N,RT E,CRD RTE TO NE 1281,Daylight,Animal Drawn Veh/Animal Ridden Trans,1,,Wed     ,0,0,0,0,0,1,1,0,0,0,0,0,0,0,0,0,0,0,0,0,1,0,0,1,0,38.4908,-93.51424,0,03/25/2020,18:45:00,CRASH OCCURRED AS VEHICLE 1 TRAVELED OVER A HILL CREST AND STRUCK VEHICLE 2 IN THE REAR. BOTH VEHICLES CAME TO REST ON THE RIGHT SIDE OF THE ROADWAY. ASSISTED BY TPR J W HUNTER /848/ AND HENRY COUNTY SHERIFF'S DEPARTMENT.
1111587,3200007510,Missouri State Highway Patrol-Troop E,1585180800000,200157182,1,0,0,1,Personal Injury,DUNKLIN,NON-CITY OR UNINCORPORATED,E,1,1,0,2412,0.46,A ,N,RT H,CRD 225,Dark-Unlighted,Fixed Object,2,,Thu     ,0,0,0,0,0,0,0,0,0,0,0,0,0,0,0,1,0,0,0,0,0,0,0,0,0,36.53538,-90.10228,0,03/26/2020,00:15:00,VEH1 RAN OFF THE ROADWAY AND STRUCK A TREE.
915806,3200007651,Missouri State Highway Patrol-Troop D,1585180800000,200157221,0,1,0,0,Fatal,JASPER,FIDELITY,D,1,1,0,70,0.01,A ,W ,IS 44,RP 3281,Dark-Lighted,Overturn,2,,Thu     ,0,0,0,0,0,0,0,0,0,0,0,0,0,0,0,1,0,0,0,0,0,0,0,0,0,37.08199,-94.31365,1,03/26/2020,03:50:00,"FATALITY REPORT - THIS IS TROOP D'S 24TH FATALITY FOR 2020.  NEXT OF KIN NOTIFIED.  VEH #1 RAN OFF THE ROADWAY AND OVERTURNED, EJECTING DVR #1."
794288,3200007758,Missouri State Highway Patrol-Troop A,1585180800000,200157310,1,0,0,1,Personal Injury,CASS,NON-CITY OR UNINCORPORATED,A,3,3,0,551,0.1,A ,N,IS 49,ERM NORTH IS 49 MILE 1620,Daylight,Fixed Object,2,,Thu     ,0,0,0,0,0,0,0,0,0,0,0,0,0,0,0,1,0,0,0,0,1,0,0,1,1,38.66555,-94.39694,0,03/26/2020,08:00:00,"CRASH OCCURRED AS VEHICLE 1 TRAVELED OFF THE ROAD AND STUCK THE GUARD RAIL, RETURNED TO ROADWAY AND WAS STRUCK BY VEHICLE 2.  VEHICLE 3 WAS DISABLED FROM DEBRIS FROM VEHICLE 1.  ASSISTED BY TPR. B. R. PETERS/ 1384, SGT. W.W. LOWE/ 829, SGT. A.J. BELL/ 960, CVO B.C. SANDERS/ W110,  CASS CO SHERIFF DEPARTMENT, HARRISONVILLE POLICE DEPARTMENT"
1220004,3200007759,Missouri State Highway Patrol-Troop C,1585180800000,200157398,1,0,1,0,Personal Injury,FRANKLIN,NON-CITY OR UNINCORPORATED,C,1,1,0,30,0.01,B ,N,RT N,CST LITTLE CALVEY CREEK RD,Daylight,Fixed Object,2,,Thu     ,0,0,0,0,0,1,1,0,0,0,0,0,0,0,0,1,0,0,0,0,0,0,0,0,0,38.38765,-90.81741,0,03/26/2020,09:40:00,VEHICLE #1 WAS TRAVELING NORTHBOUND ON ROUTE  N AND TRAVELED OFF THE  RIGHT SIDE OF THE ROADWAY.  DRIVER #1 OVERCORRECTED CAUSING VEHICLE #1 TO TRAVEL OFF THE LEFT SIDE OF THE ROADWAY AND STRIKE A TREE.
1026718,3200007459,Missouri State Highway Patrol-Troop D,1585180800000,200157524,1,0,1,0,Personal Injury,GREENE,ROGERSVILLE,D,2,2,0,25,0,B ,N,MO 125,CRD E FARM ROAD 154,Daylight,Motor Vehicle in Transport,1,61,Thu     ,0,0,0,0,0,0,0,1,1,0,0,0,0,0,0,1,0,0,0,0,0,0,0,0,0,0,0,0,03/26/2020,11:30:00,VEHICLE #2 SLOWED TO MAKE A TURN AND WAS STRUCK FROM BEHIND BY VEHICLE #1.
1503836,3200007679,Missouri State Highway Patrol-Troop H,1585180800000,200157535,1,0,0,1,Personal Injury,BUCHANAN,ST JOSEPH,H,1,1,0,272,0.05,A ,S ,IS 29,ERM SOUTH IS 29 MILE 448,Daylight,Fixed Object,2,,Thu     ,0,0,0,0,0,0,0,0,0,0,0,0,0,0,0,1,0,0,0,0,0,1,0,0,0,39.73046,-94.78872,0,03/26/2020,11:45:00,"CRASH OCCURRED AS VEHICLE 1 WAS SOUTHBOUND ON I-29.  VEHICLE 1 TRAVELED OFF OF THE EAST SIDE OF THE ROADWAY AND STRUCK A MEDIAN CABLE CAUSING VEHICLE 1 TO OVERTURN EJECTING DRIVER 1.  DRIVER 1 CAME TO REST IN THE MEDIAN.  VEHICLE 1 CAME TO REST ON ITS SIDE IN THE SOUTHBOUND PASSING LANE FACING NORTH.  ASSISTED BY SGT. R.A. SHERMAN (1136), CPL. K.A. SCHMUTZLER (1116), BUCHANAN COUNTY SHERIFF'S DEPARTMENT AND ST. JOSEPH FIRE AND RESCUE."
1036939,3200008211,Missouri State Highway Patrol-Troop I,1585180800000,200157694,2,0,1,1,Personal Injury,PHELPS,NON-CITY OR UNINCORPORATED,I,1,1,0,1267,0.24,A ,E ,RT D,BRIDGE A7958,Daylight,Fixed Object,2,,Thu     ,0,0,0,0,0,0,0,1,1,0,0,0,0,0,0,0,0,0,0,0,0,1,0,0,0,37.92943,-92.00836,0,03/26/2020,13:50:00,"VEHICLE 1 TRAVELED OFF THE RIGHT SIDE OF THE ROADWAY, OVERTURNED AND EJECTED BOTH OCCUPANTS. ASSISTED BY SGT R. J. PARR, (538), TPR W. W. FAIR, (435) AND TPR J. N. RIGSBY, (1196)"
958567,3200008018,Missouri State Highway Patrol-Troop D,1585180800000,200157706,1,0,0,1,Personal Injury,TANEY,NON-CITY OR UNINCORPORATED,D,1,1,0,638,0.12,A ,E ,US 160,CRD ROZELL RD,Daylight,Overturn,2,,Thu     ,0,0,0,0,0,0,0,1,0,0,0,0,0,0,0,1,0,0,0,0,0,1,0,0,0,36.60705,-92.86449,0,03/26/2020,14:10:00,"CRASH OCCURRED AS VEHICLE 1 TRAVELED OFF THE RIGHT SIDE OF THE ROADWAY, RETURNED TO THE ROADWAY, OVERTURNED AND SLID TO A REST."
1041013,3200007503,Missouri State Highway Patrol-Troop I,1585180800000,200157958,2,0,1,1,Personal Injury,MARIES,NON-CITY OR UNINCORPORATED,I,1,1,0,475,0.09,A ,S ,US 63,CRD 333,Daylight,Fixed Object,2,,Thu     ,0,0,0,0,0,0,0,0,0,0,0,0,0,0,0,1,0,0,0,0,0,0,0,0,0,38.23539,-91.9342,0,03/26/2020,17:30:00,"VEHICLE 1 TRAVELED OFF THE LEFT SIDE OF THE ROADWAY AND STRUCK A FENCE. ASSISTED BY MSGT S. D. ALTERMATT, (158)."
927264,3200007628,Missouri State Highway Patrol-Troop D,1585180800000,200158143,2,0,1,1,Personal Injury,MCDONALD,NON-CITY OR UNINCORPORATED,D,1,1,0,2397,0.45,A ,W ,CRD PEACH ORCHARD RD,CRD HUNGRY HOLLOW RD,Dark-Unlighted,Fixed Object,2,,Thu     ,1,0,0,0,0,0,1,0,0,0,0,0,0,0,0,0,0,0,0,0,1,0,0,1,0,36.69007,-94.36154,0,03/26/2020,21:15:00,NR1 RAN OFF THE ROADWAY AND STRUCK A TREE.
830876,3200007728,Missouri State Highway Patrol-Troop A,1585180800000,200158218,1,0,0,1,Personal Injury,CLAY,KANSAS CITY,A,1,1,0,42,0.01,A ,S ,IS 35,RP 227543,Dark-Unlighted,Fixed Object,2,,Thu     ,0,0,0,0,0,0,0,0,0,0,0,0,0,0,0,0,0,0,0,0,0,0,0,0,0,39.17542,-94.53406,0,03/26/2020,23:40:00,CRASH OCCURRED AS VEHICLE 1 TO RAN OFF THE RIGHT SIDE OF THE ROADWAY AND STRUCK THE GUARD RAIL END. ASSISTED BY CPL J. A. GREEN /1190/ AND KANSAS CITY POLICE DEPARTMENT.
1196536,3200007934,Missouri State Highway Patrol-Troop B,1585267200000,200158681,3,0,3,0,Personal Injury,MACON,NON-CITY OR UNINCORPORATED,B,1,1,0,2640,0.5,B ,E ,CRD JET,CRD JERICO LOOP WJ,Daylight,Fixed Object,2,,Fri     ,0,0,0,0,0,1,1,0,0,0,0,0,0,0,0,0,0,0,0,0,0,0,0,0,0,39.72958,-92.49735,0,03/27/2020,13:45:00,"VEHICLE 1 WAS EASTBOUND ON JET ROAD, FAILED TO NEGOTIATE A CURVE AND RAN OFF THE ROAD, STRUCK AN EMBANKMENT AND OVERTURNED."
1148611,3200007642,Missouri State Highway Patrol-Troop E,1585267200000,200158699,1,0,1,0,Personal Injury,STODDARD,NON-CITY OR UNINCORPORATED,E,1,1,0,311,0.06,B ,W ,RT K,RT BB EJ,Daylight,Fixed Object,2,,Fri     ,0,0,0,0,0,0,0,0,0,0,0,0,0,0,0,1,0,0,0,0,0,0,0,0,0,37.02788,-89.95715,0,03/27/2020,14:10:00,"CRASH OCCURRED AS VEHICLE 1 RAN OFF THE ROADWAY, STRUCK AN EMBANKMENT AND CAME TO REST OFF THE ROADWAY."
1211019,3200008406,Missouri State Highway Patrol-Troop F,1585267200000,200158716,1,0,0,1,Personal Injury,COLE,NON-CITY OR UNINCORPORATED,F,1,1,0,195,0.04,A ,N,CRD SCHOTT RD,CRD BESS HILL RD,Daylight,Overturn,1,,Fri     ,1,0,0,0,0,0,0,1,0,0,0,0,0,0,0,0,0,0,0,0,0,0,0,0,0,38.54471,-92.13311,0,03/27/2020,14:30:00,CRASH OCCURRED AS VEHICLE 1 SKIDDED ON LOOSE GRAVEL AND OVERTURNED.  ASSISTED BY SGT. M. B. PATTERSON (1383) AND CPL. D. T. SHIKLES (884).
1014628,3200007547,Missouri State Highway Patrol-Troop D,1585267200000,200158925,2,0,2,0,Personal Injury,VERNON,NON-CITY OR UNINCORPORATED,D,1,1,0,2112,0.4,A ,W ,CRD 460,CRD 1900,Daylight,Fixed Object,2,,Fri     ,0,0,0,0,0,1,1,0,0,0,0,0,0,0,0,0,0,0,0,0,0,0,0,0,0,37.83521,-94.29809,0,03/27/2020,17:50:00,ACCIDENT OCCURRED AS VEHICLE #1 TRAVELED OFF THE RIGHT SIDE OF THE ROADWAY AND STRUCK A DRIVEWAY EMBANKMENT.
1328994,3200008209,Missouri State Highway Patrol-Troop G,1585267200000,200159095,2,0,2,0,Personal Injury,OREGON,NON-CITY OR UNINCORPORATED,G,1,1,0,855,0.16,B ,W ,RT P,CRD 339,Dark-Unlighted,Fixed Object,2,,Fri     ,1,0,0,0,1,1,1,0,0,0,0,0,0,0,0,1,0,0,0,0,0,0,0,0,0,36.69733,-91.42903,0,03/27/2020,20:53:00,"VEHICLE 1 WAS TRAVELING AROUND A CURVE TOO FAST FOR CONDITIONS.  DRIVER 1 THEN LOST CONTROL OF VEHICLE 1, CAUSING IT TO SKID OFF THE LEFT SIDE OF THE ROADWAY AND STRIKE A FENCE.  ASSISTED BY MSGT. R. T. REES (452) AND CPL. J. D. WHEELER (637)."