objectid,accident,agency,inv_date,complaint,injured,killed,min_inj,dis_inj,severity,county,city,troop,no_vehicle,motor_veh,left_scene,dist_feet,dist_mile,inter_loc,direction,on_street,at_street,light_cond,acc_type,on_off_rd,two_veh,day_week,dr_drink,dr_drug,ped_drink,ped_drug,speed,dr_under21,dr_under25,dr_over55,dr_over64,electrical,emer_veh,stop_sign,yield_sign,czone,hazmat,aggressive,cell_phone,texting,veh_defect,school_bus,truck,motorcycle,atv,pickup,cmv,gps_lat,gps_long,severity_fatal,acc_date,acc_time,narrative
1156379,3200007638,Missouri State Highway Patrol-Troop E,1585353600000,200159205,1,0,1,0,Personal Injury,SCOTT,NON-CITY OR UNINCORPORATED,E,1,1,Y,3695,0.7,A ,W ,RT E,RT N WJ,Dark-Unlighted,Fixed Object,2,,Sat     ,,,,,,,,,,0,0,0,0,0,0,,0,0,,0,0,0,0,0,0,37.14386,-89.4821,0,03/28/2020,00:16:00,CRASH OCCURRED AS VEHICLE ONE RAN OFF THE RIGHT SIDE OF THE ROADWAY AND STRUCK A DITCH.
1281223,3200007774,Missouri State Highway Patrol-Troop C,1585353600000,200159250,1,0,1,0,Personal Injury,ST. LOUIS,HAZELWOOD,C,1,1,0,353,0.07,B ,N,CST JAMES S MCDONNELL BLVD,CST KNOLLWOOD PARKWAY DRIVE,Dark-Unlighted,Fixed Object,2,,Sat     ,1,1,0,0,0,0,0,0,0,0,0,0,0,0,0,0,0,0,0,0,0,0,0,0,0,38.77979,-90.39005,0,03/28/2020,05:05:00,"VEHICLE 1 WAS TRAVELING NORTHBOUND ON HOWDERSHELL RD, TRAVELED OF THE LEFT SIDE OF THE ROADWAY, STRUCK THE CENTER CONCRETE ISLAND AND HIGHWAY STREET SIGN. VEHICLE 1 RETURNED TO THE ROADWAY AND CAME TO A STOP. ASSISTED BY HAZELWOOD PD."
1212837,3200008425,Missouri State Highway Patrol-Troop C,1585353600000,200159339,2,0,1,1,Personal Injury,WASHINGTON,NON-CITY OR UNINCORPORATED,C,1,1,0,3168,0.6,B ,N,CRD ROBART RD,MO 47,Daylight,Fixed Object,2,,Sat     ,0,0,0,0,1,0,1,0,0,0,0,0,0,0,0,1,0,0,0,0,0,0,0,0,0,38.00116,-90.73528,0,03/28/2020,09:47:00,VEHICLE 1 CROSSED THE CENTERLINE. DRIVER 1 OVERCORRECTED CAUSING VEHICLE 1 TO TRAVEL OFF THE RIGHT SIDE OF THE ROADWAY AND OVERTURN.  ASSISTED BY CPL B M BEARD (254)
1305210,3200008170,Missouri State Highway Patrol-Troop C,1585353600000,200159456,0,1,0,0,Fatal,WARREN,NON-CITY OR UNINCORPORATED,C,1,1,0,2112,0.4,B ,W ,PVT CONCORD VIEW,CRD CONCORD HILL RD,Daylight,Fixed Object,2,,Sat     ,0,0,0,0,0,1,1,0,0,0,0,0,0,0,0,0,0,0,0,0,0,0,1,0,0,0,0,1,03/28/2020,12:00:00,LATE DEATH REPORT -DRIVER 1 FAILED TO NEGOTIATE A CURVE TO THE RIGHT CAUSING VEHICLE 1 TO TRAVEL OFF THE LEFT SIDE OF THE ROADWAY AND STRIKE A CULVERT. DRIVER 1 PRONOUNCED BY ST LOUIS CHILDRENS HOSPITAL DR A STEED AT 1526 HOURS ON 04022020.  ASSISTED MY MSGT G.C. SWARTZ (705)
1156380,3200008077,Missouri State Highway Patrol-Troop E,1585353600000,200159530,1,0,0,1,Personal Injury,SCOTT,NON-CITY OR UNINCORPORATED,E,1,1,0,306,0.06,A ,W ,RT D,RT N,Daylight,Fixed Object,2,,Sat     ,0,0,0,0,0,0,0,0,0,0,0,0,0,0,0,0,0,0,0,0,0,0,0,0,0,37.04034,-89.405,0,03/28/2020,13:39:00,CRASH OCCURRED AS VEH 1 RAN OFF THE ROADWAY AND STRUCK AN EMBANKMENT.
1048227,3200007644,Missouri State Highway Patrol-Troop I,1585353600000,200159559,3,0,2,1,Personal Injury,CRAWFORD,NON-CITY OR UNINCORPORATED,I,2,2,0,232,0.04,B ,W ,MO 8,PVT CHAUMIERE FARM RD,Daylight,Motor Vehicle in Transport,1,60,Sat     ,0,0,0,0,1,0,1,1,0,0,0,0,0,0,0,1,0,0,0,0,0,0,0,0,0,37.95064,-91.45385,0,03/28/2020,14:25:00,"VEHICLE 1 CROSSED THE CENTER OF THE ROADWAY AND STRUCK VEHICLE 2. ASSISTED BY CPL J. T. PEART, (922)"
1500283,3200008053,Missouri State Highway Patrol-Troop H,1585353600000,200159571,1,0,1,0,Personal Injury,CLINTON,NON-CITY OR UNINCORPORATED,H,2,2,0,0,0,AT,N,US 169,MO 116,Daylight,Motor Vehicle in Transport,1,60,Sat     ,0,0,0,0,0,0,0,1,0,0,0,0,0,0,0,1,0,0,0,0,1,0,0,1,0,39.55819,-94.56417,0,03/28/2020,14:48:00,"OCCURRED AS VEHICLE 1 WAS SOUTHBOUND US 169 AND VEHICLE 2 NORTHBOUND US 169. VEHICLE 1 ATTEMPTED TO TURN LEFT ONTO M-116, TRAVELED INTO THE PATH OF VEHICLE 2 AND WAS STRUCK HEAD ON. VEHICLE 1 SPUN AND RAN OFF THE NORTHWEST SIDE OF THE INTERSECTION, WENT DOWN THE EMBANKMENT AND OVERTURNED COMING TO REST ON ITS TOP.  VEHICLE 2 STRUCK A STOP SIGN AT THE NORTHEAST CORNER OF THE INTERSECTION AND RAN OFF THE ROADWAY COMING TO REST ON ITS WHEELS.  ASSISTED BY TPR T M ROYSTER (957), CLINTON COUNTY SO, PLATTSBURG AND GOWER FIRE DEPARTMENTS AND FIRST RESPONDERS."
947780,3200007888,Missouri State Highway Patrol-Troop D,1585353600000,200159638,0,1,0,0,Fatal,BARTON,NON-CITY OR UNINCORPORATED,D,1,1,0,1457,0.28,A ,E ,US 160,CRD SW 150TH LN,Daylight,Overturn,1,,Sat     ,0,0,0,0,0,0,0,0,0,0,0,0,0,0,0,0,0,0,0,0,0,0,0,0,0,37.47131,-94.56779,1,03/28/2020,15:35:00,"FATALITY CRASH   NEXT OF KIN NOTIFIED   THIS IS TROOP D'S 8TH FATALITY IN MARCH AND THE 25TH FATALITY IN 2020.  CRASH OCCURRED AS VEH 1 RAN OFF THE RIGHT SIDE OF THE ROADWAY, OVERCORRECTED, RETURNED TO THE ROADWAY THEN OVERTURNED.  ASSISTED BY TPR J.W. KREHBIEL #664.  DRIVER PRONOUNCED DECEASED ON SCENE BY BARTON COUNTY CORONER ANDY DEHERRERA AT 1621 HOURS."
810441,3200008380,Missouri State Highway Patrol-Troop A,1585353600000,200159704,1,0,0,1,Personal Injury,RAY,NON-CITY OR UNINCORPORATED,A,1,1,0,196,0.04,B ,N,RT O,CRD SHACH CREEK RD NJ,Daylight,Overturn,2,,Sat     ,0,0,0,0,1,0,0,1,0,0,0,0,0,0,0,1,0,0,0,0,0,1,0,0,0,39.29446,-94.18094,0,03/28/2020,16:50:00,"CRASH OCCURRED AS VEHICLE #1 TRAVELED OFF RIGHT SIDE OF THE ROADWAY AND OVERTURNED, EJECTING THE DRIVER."
1212836,3200008237,Missouri State Highway Patrol-Troop C,1585353600000,200159744,1,1,0,1,Fatal,WASHINGTON,NON-CITY OR UNINCORPORATED,C,1,1,0,332,0.06,B ,E ,PVT WOODLAND DR,PVT ASPEN DR,Daylight,Fixed Object,2,,Sat     ,0,0,0,0,0,0,0,0,0,0,0,0,0,0,0,1,0,0,0,0,0,0,1,0,0,38.11476,-91.07404,1,03/28/2020,17:30:00,"FATALITY REPORT - VEHICLE 1 WAS TRAVELING EASTBOUND ON WOODLAND DRIVE, TRAVELED OFF THE RIGHT SIDE OF THE ROADWAY,  STRUCK A TREE AND OVERTURNED, EJECTING DRIVER 1 AND PASSENGER 1. DRIVER 1 FATALITY PRONOUNCED ON THE SCENE AT 1935 HOURS ON 03/28/2020 BY DEPUTY CORONER S. HATFIELD. ASSISTED BY TPR. B. M. BREEDLOVE (157), MSGT. C. M. ARBUTHNOT (694), AND TPR. K. W. KAISER (298)."
1187555,3200008150,Missouri State Highway Patrol-Troop B,1585353600000,200159835,4,0,3,1,Personal Injury,MARION,NON-CITY OR UNINCORPORATED,B,1,1,0,4224,0.8,A ,E ,CRD 402,CRD 405,Daylight,Fixed Object,2,,Sat     ,0,1,0,0,1,1,1,0,0,0,0,0,0,0,0,1,0,0,0,0,0,0,0,0,0,39.78719,-91.46987,0,03/28/2020,19:15:00,"VEH 1 TRAVELED OFF THE LEFT SIDE OF ROADWAY, STRUCK A FENCE AND A COUPLE OF TREES. VEHICLE CAME TO REST ON ITS WHEELS."
1114982,3200007675,Missouri State Highway Patrol-Troop E,1585353600000,200159897,3,0,3,0,Personal Injury,MISSISSIPPI,NON-CITY OR UNINCORPORATED,E,1,1,0,100,0.02,B ,N,IS 57,ERM NORTH IS 57 MILE 150,Dark-Lighted,Animal,1,,Sat     ,0,0,0,0,0,0,0,0,0,0,0,0,0,0,0,0,0,0,0,0,0,0,0,0,0,36.94443,-89.29136,0,03/28/2020,20:40:00,CRASH OCCURRED AS VEHICLE 1 STRUCK DEER ON ROADWAY.
1220026,3200007857,Missouri State Highway Patrol-Troop C,1585440000000,200160051,1,0,1,0,Personal Injury,FRANKLIN,NON-CITY OR UNINCORPORATED,C,1,1,0,1853,0.35,A ,N,RT VV,RT E,Dark-Unlighted,Fixed Object,2,,Sun     ,0,0,0,0,1,0,0,0,0,0,0,0,0,0,0,1,0,0,0,0,1,0,0,0,1,38.58048,-91.32608,0,03/29/2020,02:20:00,"VEHICLE 1 WAS TRAVELING SOUTHBOUND ON HIGHWAY VV, TRAVELED OFF THE LEFT SIDE OF THE ROADWAY, STRUCK A SIGN, A DITCH, AND A DRIVEWAY, AND OVERTURNED."
927263,3200007920,Missouri State Highway Patrol-Troop D,1585440000000,200160132,3,0,3,0,Personal Injury,MCDONALD,NON-CITY OR UNINCORPORATED,D,2,2,0,79,0.01,B ,W ,MO 90,CRD REAGAN HOLLOW RD,Daylight,Motor Vehicle in Transport,1,64,Sun     ,1,0,0,0,0,1,1,0,0,0,0,0,0,0,0,0,0,0,0,0,0,0,0,0,0,36.55046,-94.504,0,03/29/2020,08:20:00,VEHICLE #1 CROSSED CENTER OF THE ROADWAY AND STRUCK VEHICLE #2 NEARLY HEAD-ON.
1276734,3200007683,Missouri State Highway Patrol-Troop C,1585440000000,200160255,1,0,1,0,Personal Injury,ST. CHARLES,WELDON SPRING,C,2,2,0,0,0,AT,E ,MO 94,CST HEMINGWAY LN,Daylight,Motor Vehicle in Transport,1,64,Sun     ,0,0,0,0,0,1,1,0,0,1,0,0,0,0,0,1,0,0,0,0,0,0,0,0,0,38.71371,-90.68207,0,03/29/2020,11:05:00,VEHICLE #1 FAILED TO STOP AT A STOP LIGHT. VEHICLE #2 WAS TURNING LEFT WITH A GREEN ARROW FROM NORTHBOUND SIEDENTOP ROAD.  THE FRONT OF VEHICLE #1 STRUCK THE LEFT SIDE OF VEHICLE #2. ASSISTED BY TPR. K. R. BECHAUD (163) AND CPL. C. L. PLEASANT (715).
1509209,3200007890,Missouri State Highway Patrol-Troop H,1585440000000,200160326,2,0,2,0,Personal Injury,NODAWAY,NON-CITY OR UNINCORPORATED,H,2,2,0,0,0,AT,S ,US 71,MO 148,Daylight,Motor Vehicle in Transport,1,64,Sun     ,0,0,0,0,0,1,1,0,0,0,0,1,0,0,0,1,0,0,0,0,0,0,0,0,0,40.37495,-94.85393,0,03/29/2020,12:50:00,"OCCURRED AS VEHICLE 1 WESTBOUND ON M-148 AND VEHICLE 2 SOUTHBOUND ON US 71. DRIVER VEHICLE 1 FAILED TO YIELD AFTER STOPPING AT THE STOP SIGN AND TRAVELED INTO THE INTERSECTION, STRIKING VEHICLE 2.  VEHICLE 1 CAME TO REST IN THE ROADWAY FACING SOUTH, VEHICLE 2 CAME TO REST OFF THE ROADWAY FACING SOUTHWEST. ASSISTED BY MARYVILLE DPS AND NODAWAY CO SO."
1043469,3200007868,Missouri State Highway Patrol-Troop I,1585440000000,200160350,1,0,1,0,Personal Injury,LACLEDE,NON-CITY OR UNINCORPORATED,I,2,2,0,15,0,A ,W ,MO 64,MO 64A,Daylight,Motor Vehicle in Transport,1,61,Sun     ,0,0,0,0,0,1,1,0,0,0,0,0,0,0,0,1,0,0,0,0,0,0,0,0,0,37.72012,-92.84178,0,03/29/2020,13:20:00,OCCURRED AS VEH 2 WAS SLOWING DUE TO TRAFFIC AND WAS STRUCK IN THE REAR BY VEH 1.
1114980,3200008076,Missouri State Highway Patrol-Troop E,1585440000000,200160381,1,0,0,1,Personal Injury,MISSISSIPPI,NON-CITY OR UNINCORPORATED,E,1,1,0,3695,0.7,B ,W ,US 62,RT NN,Daylight,Fixed Object,2,,Sun     ,0,0,0,0,0,0,1,0,0,0,0,0,0,0,0,0,0,0,0,0,0,0,0,0,0,36.92075,-89.37999,0,03/29/2020,13:55:00,"CRASH OCCURRED AS VEHICLE 1 TRAVELED OFF THE RIGHT SIDE OF ROADWAY, OVERCORRECTED THEN STRUCK A FENCE AND A HOUSE."
853593,3200008909,Missouri State Highway Patrol-Troop A,1585440000000,200160415,1,0,1,0,Personal Injury,PETTIS,NON-CITY OR UNINCORPORATED,A,1,1,0,0,0,AT,W ,CRD MCVEY RD,CRD CHAPEL DR,Daylight,Pedestrian,1,,Sun     ,0,0,0,0,0,0,0,0,0,0,0,0,0,0,0,0,0,0,0,0,0,0,0,0,0,38.67398,-93.2123,0,03/29/2020,14:30:00,CRASH OCCURRED AS PEDESTRIAN #1 WAS CROSSING THE ROADWAY AND WAS STRUCK BY VEHICLE #1
1014627,3200007716,Missouri State Highway Patrol-Troop D,1585440000000,200160425,1,0,1,0,Personal Injury,VERNON,NON-CITY OR UNINCORPORATED,D,2,2,Y,654,0.12,B ,S ,CRD 1900,CRD OVERLAND RD,Daylight,Motor Vehicle in Transport,2,61,Sun     ,0,0,0,0,1,,1,,,0,0,0,0,0,0,1,0,0,0,0,1,0,0,1,0,37.82935,-94.2911,0,03/29/2020,14:30:00,"AN UNKNOWN VEHICLE WAS RAPIDLY SLOWING AND NR1 STRUCK THAT VEHICLE IN THE REAR. NR1 RAN OFF ROADWAY, STRUCK A TREE AND A FENCE."
1168019,3200008060,Missouri State Highway Patrol-Troop F,1585440000000,200160493,2,0,1,1,Personal Injury,MILLER,NON-CITY OR UNINCORPORATED,F,5,5,0,2640,0.5,B ,W ,MO 42,CRD CROSSWINDS DR,Daylight,Motor Vehicle in Transport,1,62,Sun     ,0,0,0,0,0,1,1,0,0,0,0,0,0,0,0,1,0,0,0,0,1,1,0,1,0,38.10849,-92.50226,0,03/29/2020,16:06:00,OCCURRED AS VEHICLE 1 TRAVELED INTO THE WESTBOUND LANE OF MO 42 TO PASS SEVERAL VEHICLES TRAVELING EASTBOUND. VEHICLE 1 WAS STRUCK BY VEHICLE 2 IN THE WESTBOUND LANE. DRIVER 1 WAS EJECTED AND CAME TO REST IN THE ROADWAY. VEHICLES 3 AND 4 WERE STRUCK BY UNKNOWN DEBRIS FROM VEHICLE 1   DRIVER 5 ATTEMPTED TO AVOID A COLLISION WITH VEHICLE 4 AND VEHICLE 5  STRUCK THE ROADWAY.
1272362,3200008097,Missouri State Highway Patrol-Troop C,1585440000000,200160512,2,0,0,2,Personal Injury,PERRY,NON-CITY OR UNINCORPORATED,C,1,1,0,369,0.07,B ,S ,RT K,BRIDGE N0877,Daylight,Fixed Object,2,,Sun     ,0,0,0,0,0,1,1,0,0,0,0,0,0,0,0,1,0,0,0,0,1,0,0,1,0,37.63995,-89.88925,0,03/29/2020,16:20:00,"VEHICLE 1 WAS TRAVELING WESTBOUND ON HIGHWAY K AND TRAVELED OFF THE RIGHT SIDE OF THE ROADWAY. DRIVER 1 OVERCORRECTED, VEHICLE 1 TRAVELED BACK ONTO THE ROADWAY AND CROSSED THE CENTER LINE. DRIVER 1 OVERCORRECTED A SECOND TIME. VEHICLE 1 THEN TRAVELED OFF THE RIGHT SIDE OF THE ROADWAY AND STRUCK A CULVERT."
1336058,3200007666,Missouri State Highway Patrol-Troop G,1585440000000,200160734,3,0,3,0,Personal Injury,DOUGLAS,NON-CITY OR UNINCORPORATED,G,1,1,0,966,0.18,B ,N,MO 181,CRD 181-290,Dark-Unlighted,Animal,1,,Sun     ,0,0,0,0,0,0,0,1,0,0,0,0,0,0,0,0,0,0,0,0,0,0,0,0,0,36.84309,-92.13936,0,03/29/2020,20:25:00,CRASH OCCURRED AS VEHICLE ONE STRUCK A COW IN THE ROADWAY. ASSISTED BY MSGT R T REES #542
1291506,3200008347,Missouri State Highway Patrol-Troop C,1585440000000,200160736,1,0,0,1,Personal Injury,ST. CHARLES,NON-CITY OR UNINCORPORATED,C,1,1,0,2592,0.49,B ,E ,MO 94,CRD KLONDIKE PARK LP,Dark-Unlighted,Overturn,2,,Sun     ,0,0,0,0,1,1,1,0,0,0,0,0,0,0,0,1,0,0,1,0,0,0,0,0,0,38.58215,-90.84171,0,03/29/2020,20:35:00,DRIVER 1 FAILED TO NEGOTIATE A CURVE. VEHICLE 1 TRAVELED OF THE LEFT SIDE OF THE ROADWAY AND STRUCK A TREE.
803947,3200008368,Missouri State Highway Patrol-Troop A,1585526400000,200160853,1,0,1,0,Personal Injury,JOHNSON,NON-CITY OR UNINCORPORATED,A,1,1,0,1842,0.35,A ,E ,US 50,CRD NE 115TH,Dark-Unlighted,Animal,1,,Mon     ,0,0,0,0,0,1,1,0,0,0,0,0,0,0,0,0,0,0,0,0,0,0,0,0,0,0,0,0,03/30/2020,06:00:00,CRASH OCCURRED AS VEHICLE #1 STRUCK A DEER.
1126517,3200007689,Missouri State Highway Patrol-Troop E,1585526400000,200160895,1,0,1,0,Personal Injury,PEMISCOT,NON-CITY OR UNINCORPORATED,E,2,2,0,250,0.05,B ,S ,IS 55,ERM SOUTH IS 55 MILE 76,Daylight,Motor Vehicle in Transport,1,63,Mon     ,0,0,0,0,0,0,0,1,0,0,0,0,0,0,0,1,0,0,0,0,0,0,0,0,0,36.08665,-89.79993,0,03/30/2020,07:10:00,CRASH OCCURRED AS VEHICLE ONE ATTEMPTED TO PASS VEHICLE TWO. WHILE CHANGING LANES VEHICLE ONE STRUCK VEHICLE TWO.
1181738,3200008116,Missouri State Highway Patrol-Troop F,1585526400000,200161097,1,0,0,1,Personal Injury,OSAGE,NON-CITY OR UNINCORPORATED,F,2,2,0,137,0.03,B ,S ,RT U,BRIDGE W0351,Daylight,Motor Vehicle in Transport,1,60,Mon     ,0,0,0,0,0,0,1,0,0,0,0,0,0,0,0,0,0,0,0,0,1,0,0,0,1,38.47911,-91.85912,0,03/30/2020,10:45:00,VEHICLE 1 CROSSED THE CENTER LINE AND STRUCK VEHICLE 2.  ASSISTED BY TPR A OBRIEN (1395).
1281252,3200008424,Missouri State Highway Patrol-Troop C,1585526400000,200161098,1,0,1,0,Personal Injury,ST. LOUIS,MARYLAND HEIGHTS,C,3,3,0,406,0.08,B ,W ,IS 270,ERM SOUTH IS 270 MILE 170,Daylight,Working Motor Vehicle,1,61,Mon     ,0,0,0,0,0,0,0,1,1,1,0,0,0,1,0,1,0,0,0,0,1,0,0,1,1,38.70545,-90.44966,0,03/30/2020,10:47:00,"VEHICLE 1 WAS TRAVELING IN LANE 2. THE FRONT OF VEHICLE 1 STRUCK THE REAR OF VEHICLE 3. VEHICLE 1 BEGAN TO SLIDE INTO LANE 4,  AND THE  BACK LEFT SIDE OF VEHICLE 1 STRUCK THE LEFT SIDE OF VEHICLE 2. ASSISTED BY F.T.O TPR. C.J. MENDEZ (1411), CPL. M.A. FRIGY (547), AND TPR. Z.T. MICKS ( 475)."
862693,3200008457,Missouri State Highway Patrol-Troop A,1585526400000,200161170,2,0,2,0,Personal Injury,JACKSON,BLUE SPRINGS,A,3,3,0,79,0.01,A ,E ,IS 70,ERM EAST IS 70 MILE 222,Daylight,Motor Vehicle in Transport,1,64,Mon     ,0,0,0,0,0,0,1,0,0,0,0,0,0,0,0,1,0,0,0,0,0,0,0,0,1,39.02622,-94.23891,0,03/30/2020,12:12:00,"CRASH OCCURRED AS VEH1 TRAVELED OFF THE ROADWAY, DVR1 OVERCORRECTED AND VEH1 RETURNED TO THE ROADWAY.  VEH1 THEN TRAVELED INTO THE PATH OF AND WA STRUCK BY VEH2.  VEH1 THEN STRUCK VEH3.  ASSISTED BY CPL D W CAMPBELL /1241/ AND TPR J D HOWARD /284/"
1193653,3200007945,Missouri State Highway Patrol-Troop F,1585526400000,200161284,1,0,1,0,Personal Injury,GASCONADE,NON-CITY OR UNINCORPORATED,F,2,2,0,52,0.01,B ,W ,US 50,MO 19 EJ,Daylight,Motor Vehicle in Transport,1,64,Mon     ,0,0,0,0,0,0,0,1,0,0,0,0,0,0,0,1,0,0,0,0,1,0,0,1,1,38.45826,-91.4635,0,03/30/2020,14:15:00,CRASH OCCURRED AS VEHICLE 1 ATTEMPTED TO MAKE A U-TURN ON THE HIGHWAY. VEHICLE 2 STRUCK VEHICLE 1.
910671,3200008630,Missouri State Highway Patrol-Troop D,1585526400000,200161340,1,0,1,0,Personal Injury,GREENE,NON-CITY OR UNINCORPORATED,D,2,2,Y,1932,0.37,B ,W ,RT M,CRD 107,Daylight,Motor Vehicle in Transport,1,63,Mon     ,1,0,0,0,0,0,0,1,0,0,0,0,0,0,0,1,0,0,0,0,0,0,0,0,0,37.13947,-93.40006,0,03/30/2020,15:05:00,"OCCURRED AS #2 PASSED #1 ON A HILLCREST AND STRUCK #1.  BOTH VEHICLES LEFT THE ROADWAY. ASSISTED BY MSGT T.J. STEVENS #996, TPR D.B. BLANKENSHIP #1355, TPR R.L. ANDERSON #133, THE GREENE COUNTY SHERIFF'S DEPARTMENT, REPUBLIC PD, SPRINGFIELD PD, AND  BROOKLINE FIRE DEPARTMENT."
1132703,3200007722,Missouri State Highway Patrol-Troop E,1585526400000,200161363,1,0,1,0,Personal Injury,RIPLEY,NON-CITY OR UNINCORPORATED,E,1,1,0,1346,0.25,B ,N,RT H,RT W,Daylight,Overturn,2,,Mon     ,0,0,0,0,0,0,0,0,0,0,0,0,0,0,0,0,0,0,0,0,0,0,0,0,1,36.56272,-90.61611,0,03/30/2020,15:25:00,CRASH OCCURRED AS VEH 1 RAN OFF THE ROADWAY AND OVERTURNED.
1196433,3200007943,Missouri State Highway Patrol-Troop F,1585526400000,200161405,0,1,0,0,Fatal,HOWARD,NON-CITY OR UNINCORPORATED,F,1,1,0,3168,0.6,B ,N,MO 5,CRD 423,Daylight,Overturn,1,,Mon     ,0,0,0,0,1,0,0,1,0,0,0,0,0,0,0,1,0,0,0,0,0,1,0,0,0,39.08914,-92.7435,1,03/30/2020,15:59:00,"***LATE DEATH REPORT***PRONOUNCED DECEASED ON 04/02/2020 AT 0112 BY DR. THOMAS NOEL AT UNIVERSITY HOSPITAL. NEXT OF KIN NOTIFIED. TROOP F FATALITY #1 FOR APRIL AND #12 FOR 2020. CRASH OCCURRED AS VEHICLE 1 SKIDDED,TRAVELED OFF THE RIGHT SIDE OF THE ROADWAY, RETURNED TO THE HIGHWAY AND OVERTURNED EJECTING DRIVER 1. ASSISTED BY HOWARD COUNTY SHERIFF'S OFFICE."
1300857,3200008051,Missouri State Highway Patrol-Troop C,1585526400000,200161582,1,0,1,0,Personal Injury,ST. CHARLES,WEST ALTON,C,1,1,0,955,0.18,A ,N,US 67,CST RED SCHOOL ROAD,Daylight,Overturn,2,,Mon     ,0,0,0,0,0,0,0,0,0,0,0,0,0,0,0,0,0,0,0,0,0,0,0,0,0,38.85682,-90.22635,0,03/30/2020,19:00:00,"VEHICLE 1 WAS TRAVELING NORTHBOUND ON US-67 IN LANE 1, DRIVER 1 ATTEMPTED TO CHANGE LANES AND LOST CONTROL OF THE VEHICLE AND TRAVELED OFF THE LEFT SIDE OF THE ROADWAY. THE UNDERCARRIAGE OF VEHICLE 1 STRUCK THE EMBANKMENT AND VEHICLE 1 OVERTURNED."
1120677,3200008142,Missouri State Highway Patrol-Troop E,1585526400000,200161586,1,0,1,0,Personal Injury,IRON,NON-CITY OR UNINCORPORATED,E,1,1,0,3168,0.6,A ,N,MO 21,CRD 27 SJ,Daylight,Fixed Object,2,,Mon     ,0,0,0,0,0,0,0,1,0,0,0,0,0,0,0,0,0,0,0,0,1,0,0,0,1,37.72245,-90.74979,0,03/30/2020,19:05:00,"CRASH OCCURRED DRIVER 1 FAILED TO NEGOTIATE A CURVE, VEH 1 RAN OFF THE WEST SIDE OF THE ROADWAY, OVERTURNED, AND STRUCK A FENCE."
1043522,3200007866,Missouri State Highway Patrol-Troop I,1585612800000,200161759,1,0,1,0,Personal Injury,LACLEDE,NON-CITY OR UNINCORPORATED,I,1,1,0,1879,0.36,A ,W ,MO 32,CRD UTILITY DRIVE,Dark-Unlighted,Fixed Object,2,,Tue     ,0,0,0,0,0,0,0,0,0,0,0,0,0,0,0,0,0,0,0,0,0,0,0,0,0,37.61641,-92.40093,0,03/31/2020,05:53:00,"CRASH OCCURRED AS THE DRIVER OF VEHICLE ONE FELL ASLEEP, VEHICLE ONE TRAVELED OFF OF THE RIGHT SIDE OF THE ROADWAY STRIKING AN EMBANKMENT AND  OVERTURNED."
1204361,3200007880,Missouri State Highway Patrol-Troop F,1585612800000,200161784,0,0,0,0,Property Damage,COOPER,NON-CITY OR UNINCORPORATED,F,2,2,0,464,0.09,A ,W ,IS 70,ERM WEST IS 70 MILE 874,Daylight,Motor Vehicle in Transport,1,61,Tue     ,0,0,0,0,1,0,0,0,0,0,0,0,0,0,0,1,0,0,0,0,0,0,0,0,1,38.94994,-93.04005,0,03/31/2020,06:55:00,OCCURRED AS VEHICLE 1 STRUCK THE REAR OF VEHICLE 2 AND RAN OFF THE LEFT SIDE OF THE ROAD INTO THE MEDIAN CABLES.
803946,3200008101,Missouri State Highway Patrol-Troop A,1585612800000,200162104,1,0,1,0,Personal Injury,JOHNSON,NON-CITY OR UNINCORPORATED,A,2,2,0,2640,0.5,B ,E ,US 50,CRD NW 1601ST RD,Daylight,Motor Vehicle in Transport,1,63,Tue     ,0,0,0,0,0,1,1,0,0,0,0,0,0,0,0,0,0,0,0,0,0,0,0,0,0,0,0,0,03/31/2020,12:53:00,CRASH OCCURRED AS VEHICLE1 WAS IN THE RIGHT LANE AND VEHICLE2 WAS IN THE LEFT LANE TRAVELING EASTBOUND ON US-50. VEHICLE1 BEGAN TO MAKE A LEFT TURN FROM THE RIGHT LANE AND WAS STRUCK BY VEHICLE2.
1502030,3200008027,Missouri State Highway Patrol-Troop H,1585612800000,200162323,1,0,1,0,Personal Injury,ANDREW,NON-CITY OR UNINCORPORATED,H,2,2,0,3168,0.6,A ,W ,MO 48,CRD 136,Daylight,Motor Vehicle in Transport,1,62,Tue     ,0,0,0,0,0,1,1,0,0,0,1,0,0,0,0,1,0,0,0,0,1,0,0,1,0,40.03972,-94.86393,0,03/31/2020,16:15:00,"CRASH OCCURRED AS VEH 1 WAS TURNING EASTBOUND ONTO MO-48 FROM A PRIVATE DRIVE AND VEH 2 WAS WESTBOUND ON MO-48. DRIVER 1 FAILED TO YIELD TO VEH 2 AND VEH 2 SKIDDED CLOCKWISE TO TRY TO AVOID A COLLISION. VEH 1 STRUCK VEH 2'S DRIVER SIDE DOOR WITH VEH 1'S DRIVER SIDE DOOR. VEH 1 TRAVELED OFF THE SOUTH SIDE OF THE ROADWAY, RETURNED TO THE ROADWAY, AND TRAVELED OFF THE NORTH SIDE OF THE ROADWAY BEFORE COMING TO REST ON ITS WHEELS FACING NORTH. VEH 2 TRAVELED OFF THE NORTH SIDE OF THE ROADWAY, RETURNED TO THE ROADWAY, AND CAME TO REST ON ITS WHEELS FACING SOUTH IN THE WESTBOUND LANE OF MO-48. ASSISTED BY TPR. R.A. ALLEE (465) AND ANDREW COUNTY SHERIFF'S OFFICE."