objectid,accident,agency,inv_date,complaint,injured,killed,min_inj,dis_inj,severity,county,city,troop,no_vehicle,motor_veh,left_scene,dist_feet,dist_mile,inter_loc,direction,on_street,at_street,light_cond,acc_type,on_off_rd,two_veh,day_week,dr_drink,dr_drug,ped_drink,ped_drug,speed,dr_under21,dr_under25,dr_over55,dr_over64,electrical,emer_veh,stop_sign,yield_sign,czone,hazmat,aggressive,cell_phone,texting,veh_defect,school_bus,truck,motorcycle,atv,pickup,cmv,gps_lat,gps_long,severity_fatal,acc_date,acc_time,narrative
901986,3200008129,Missouri State Highway Patrol-Troop D,1585612800000,200162343,1,0,0,1,Personal Injury,CHRISTIAN,SADDLEBROOKE,D,1,1,0,1362,0.26,B ,S ,CST SUNSET DR,CST SADDLEBROOKE DR,Daylight,Fixed Object,2,,Tue     ,0,0,0,0,1,0,0,0,0,0,0,0,0,0,0,1,0,0,0,0,0,1,0,0,0,36.82967,-93.21114,0,03/31/2020,16:40:00,OCCURRED AS VEH1 RAN OFF THE ROADWAY AND OVERTURNED.
1156381,3200008461,Missouri State Highway Patrol-Troop E,1585612800000,200162416,1,0,0,1,Personal Injury,SCOTT,NON-CITY OR UNINCORPORATED,E,2,2,0,0,0,AT,S ,MO 77,CRD 248,Daylight,Motor Vehicle in Transport,1,64,Tue     ,1,0,0,0,0,0,0,0,0,0,0,0,0,0,0,0,0,0,0,0,0,0,1,0,0,37.10849,-89.67182,0,03/31/2020,17:50:00,CRASH OCCURRED AS VEHICLE 1 ATTEMPTED TO MAKE A LEFT TURN.  VEHICLE 2 STRUCK VEHICLE 1.
1291522,3200007918,Missouri State Highway Patrol-Troop C,1585612800000,200162422,1,0,0,1,Personal Injury,ST. CHARLES,NON-CITY OR UNINCORPORATED,C,1,1,0,800,0.15,B ,N,RT DD,BRIDGE L0056,Daylight,Overturn,1,,Tue     ,0,0,0,0,1,0,1,0,0,0,0,0,0,0,0,1,0,0,0,0,0,1,0,0,0,38.7185,-90.7997,0,03/31/2020,18:10:00,"VEHICLE #1 WAS TRAVELING NORTHBOUND ON ROUTE DD, WHEN DRIVER #1 LOST CONTROL OF THE VEHICLE.VEHICLE #1 OVERTURNED AND TRAVELED OFF THE RIGHT SIDE OF THE ROAD, EJECTING DRIVER #1."
853594,3200008032,Missouri State Highway Patrol-Troop A,1585612800000,200162443,1,0,1,0,Personal Injury,PETTIS,NON-CITY OR UNINCORPORATED,A,2,2,0,15,0,A ,E ,RT Y,CRD QUISENBERRY RD,Daylight,Motor Vehicle in Transport,1,64,Tue     ,0,0,0,0,0,1,1,0,0,0,0,0,0,0,0,1,0,0,0,0,0,0,0,0,0,0,0,0,03/31/2020,18:35:00,CRASH OCCURRED AS VEHICLE #2 ATTEMPTED TO NAVIGATE A LEFT TURN AND WAS STRUCK BY VEHICLE #1. ASSISTED BY CPL A S CRAIG /477/ AND PETTIS COUNTY SHERIFFS.
971607,3200008056,Missouri State Highway Patrol-Troop D,1585699200000,200162980,4,0,4,0,Personal Injury,CEDAR,NON-CITY OR UNINCORPORATED,D,2,2,0,0,0,AT,E ,RT N,RT J,Daylight,Motor Vehicle in Transport,1,64,Wed     ,0,0,0,0,1,1,1,1,1,0,0,1,0,0,0,1,0,0,0,0,1,0,0,1,0,37.80936,-93.75297,0,04/01/2020,12:35:00,OCCURRED AS VEH2 PULLED INTO THE PATH OF VEH1.
1291524,3200007942,Missouri State Highway Patrol-Troop C,1585699200000,200162988,1,0,1,0,Personal Injury,ST. CHARLES,NON-CITY OR UNINCORPORATED,C,1,1,0,306,0.06,B ,W ,MO 94,CRD OUR LN,Daylight,Fixed Object,2,,Wed     ,0,0,0,0,0,0,0,1,1,0,0,0,0,0,0,0,0,0,0,0,1,0,0,0,1,38.90616,-90.2903,0,04/01/2020,12:49:00,"VEHICLE 1 WENT OFF OF THE RIGHT SIDE OF THE ROADWAY AND OVERCORRECTED, TURNING OVER. ASSISTED BY TPR. Z.C. KRAL (1379)."
1220031,3200008113,Missouri State Highway Patrol-Troop C,1585699200000,200163221,2,0,2,0,Personal Injury,FRANKLIN,NON-CITY OR UNINCORPORATED,C,2,2,0,0,0,AT,W ,US 50,RT AT,Daylight,Motor Vehicle in Transport,1,64,Wed     ,0,0,0,0,0,0,0,0,0,0,0,0,0,0,0,1,0,0,0,0,1,0,0,1,0,38.43788,-90.91668,0,04/01/2020,16:16:00,"VEHICLE 1 WAS TRAVELING WESTBOUND ON U.S. HIGHWAY 50. VEHICLE 2 WAS TRAVELING EASTBOUND ON U.S. HIGHWAY 50, IN THE LEFT TURN LANE. DRIVER 2 WAS INATTENTIVE TO VEHICLE 1 AND FAILED TO YIELD WHILE TURNING LEFT. DRIVER 1 ATTEMPTED TO AVOID VEHICLE 2 BY STEERING TO THE RIGHT. THE FRONT LEFT CORNER OF VEHICLE 2 STRUCK THE FRONT LEFT CORNER OF VEHICLE 1."
1305209,3200007981,Missouri State Highway Patrol-Troop C,1585699200000,200163234,2,0,0,2,Personal Injury,WARREN,NON-CITY OR UNINCORPORATED,C,2,2,0,52,0.01,B ,N,CRD N STRINGTOWN RD,PVT HEILIGER HILL,Daylight,Motor Vehicle in Transport,1,60,Wed     ,0,0,0,0,0,0,0,1,1,0,0,0,0,0,0,1,0,0,0,0,1,0,0,1,0,38.85305,-90.98749,0,04/01/2020,16:26:00,VEHICLE #1 CROSSED THE CENTER LINE STRIKING VEHICLE #2 HEAD-ON.
1220045,3200008112,Missouri State Highway Patrol-Troop C,1585699200000,200163300,1,0,0,1,Personal Injury,FRANKLIN,NON-CITY OR UNINCORPORATED,C,1,1,0,2038,0.39,B ,E ,CRD ST LOUIS ROCK RD,RT M,Daylight,Fixed Object,2,,Wed     ,0,0,0,0,1,0,0,0,0,0,0,0,0,0,0,1,0,0,0,0,0,0,0,0,0,0,0,0,04/01/2020,17:30:00,"VEHICLE 1 WAS TRAVELING WESTBOUND ON ST. LOUIS ROCK ROAD, WEST OF ROUTE M. DRIVER 1 CROSSED THE CENTER OF THE ROAD AND TRAVELED OFF THE LEFT SIDE OF THE ROADWAY. VEHICLE 1 THEN RETURNED TO THE ROADWAY, TRAVELED OFF THE RIGHT SIDE OF THE ROADWAY, OVERTURNED AND IGNITED BEFORE STRIKING A FENCE AND A TREE. ASSISTED BY MSGT K L LICHAY (443)."
1129306,3200008548,Missouri State Highway Patrol-Troop E,1585699200000,200163426,3,1,2,1,Fatal,CAPE GIRARDEAU,NON-CITY OR UNINCORPORATED,E,1,1,0,1584,0.3,A ,S ,WOR 55,CRD 436,Dark-Unlighted,Fixed Object,2,,Wed     ,1,0,0,0,1,1,1,0,0,0,0,0,0,0,0,1,0,0,0,0,1,0,0,1,0,37.46603,-89.65793,1,04/01/2020,20:22:00,"***FATALITY CRASH***NEXT OF KIN NOTIFIED***CRASH OCCURRED AS VEHICLE 1 RAN OFF THE ROADWAY, OVERCORRECTED THEN RAN OFF THE ROADWAY AND OVERTURNED EJECTING OCCUPANT.  OCCUPANT PRONOUNCED AT THE SCENE BY DR WADE RICHEY AT 2104.  TROOP E FATALITY #9 FOR 2020."
787360,3200008255,Missouri State Highway Patrol-Troop A,1585699200000,200163459,1,0,0,1,Personal Injury,HENRY,NON-CITY OR UNINCORPORATED,A,1,1,0,13,0,B ,E ,CRD SE 500,CRD SE 1151,Dark-Unlighted,Overturn,1,,Wed     ,1,0,0,0,1,0,0,1,0,0,0,0,0,0,0,1,0,0,0,0,0,0,1,0,0,0,0,0,04/01/2020,21:20:00,CRASH OCCURRED AS VEHICLE 1 WAS EASTBOUND ON SE 500 ROAD. VEHICLE 1 WAS MAKING A RIGHT HAND TURN. DRIVER 1 OVERCORRECTED CAUSING VEHICLE 1 TO BEGIN TO OVERTURN. DRIVER 1 WAS EJECTED AND VEHICLE 1 ROLLED OVER DRIVER 1.
947782,3200008281,Missouri State Highway Patrol-Troop D,1585785600000,200163620,1,0,1,0,Personal Injury,BARTON,NON-CITY OR UNINCORPORATED,D,1,1,0,491,0.09,B ,W ,MO 126,CRD SW 80TH LN,Daylight,Fixed Object,2,,Thu     ,0,0,0,0,0,0,0,1,0,0,0,0,0,0,0,0,0,0,0,0,0,0,0,0,1,37.40242,-94.44451,0,04/02/2020,07:30:00,VEHICLE #1 TRAVELED OFF THE RIGHT SIDE OF THE ROADWAY AND STRUCK THE DITCH.
997018,3200008184,Missouri State Highway Patrol-Troop D,1585785600000,200163863,1,0,1,0,Personal Injury,STONE,REEDS SPRING,D,2,2,0,0,0,AT,E ,MO 76,MO 413 WJ,Daylight,Motor Vehicle in Transport,1,64,Thu     ,0,0,0,0,0,0,0,1,1,1,0,0,0,0,0,1,0,0,0,0,0,0,0,0,0,36.73393,-93.38316,0,04/02/2020,12:30:00,OCCURRED AS VEH2 STRUCK VEH1 ON THE PASSENGER SIDE.
1170105,3200008231,Missouri State Highway Patrol-Troop F,1585785600000,200164002,1,0,0,1,Personal Injury,MORGAN,NON-CITY OR UNINCORPORATED,F,1,1,0,2370,0.45,A ,N,RT D,CRD SIMS RD,Daylight,Overturn,2,,Thu     ,0,0,0,0,0,0,1,0,0,0,0,0,0,0,0,0,0,0,0,0,0,0,0,0,0,38.47894,-92.86527,0,04/02/2020,14:40:00,"CRASH OCCURRED AS VEHICLE 1 SWERVED TO MISS A TRUCK, WENT OF RIGHT SIDE OF ROADWAY AND OVERTURNED. ASSISTED BY CPL. M. P. ACORD (170),  CVO T. A. MORRIS (W154), AND THE MORGAN COUNTY SHERIFF'S OFFICE"
1308082,3200008471,Missouri State Highway Patrol-Troop C,1585785600000,200164191,1,0,0,1,Personal Injury,JEFFERSON,NON-CITY OR UNINCORPORATED,C,1,1,0,110,0.02,A ,W ,CRD FOUNTAIN CITY RD,PVT OLD COUNTY RD,Daylight,Fixed Object,2,,Thu     ,0,0,0,0,1,0,1,0,0,0,0,0,0,0,0,1,0,0,0,0,0,1,0,0,0,38.13585,-90.47585,0,04/02/2020,17:30:00,"VEHICLE 1 WAS TRAVELING AT A HIGH RATE OF SPEED.  DRIVER 1 FAILED TO NEGOTIATE A CURVE TO THE RIGHT, RESULTING IN VEHICLE 1 TRAVELING OFF THE RIGHT SIDE OF ROADWAY. THE FRONT OF VEHICLE 1 STRUCK A DIRT EMBANKMENT AND DRIVER 1 WAS EJECTED. ASSISTED BY CPL. S. V. BUCHHEIT (142)."
1185996,3200008248,Missouri State Highway Patrol-Troop F,1585785600000,200164332,1,0,1,0,Personal Injury,BOONE,NON-CITY OR UNINCORPORATED,F,2,2,0,0,0,AT,W ,RP 3568,US 40,Dark-Unlighted,Motor Vehicle in Transport,1,64,Thu     ,0,0,0,0,0,1,1,0,0,0,0,1,0,0,0,1,0,0,0,0,0,0,0,0,0,38.97129,-92.43037,0,04/02/2020,19:55:00,"VEHICLE 1 FAILED TO YIELD TO VEHICLE 2, AND THE FRONT OF VEHICLE 2 STRUCK THE LEFT SIDE OF VEHICLE 1."
910668,3200008444,Missouri State Highway Patrol-Troop D,1585785600000,200164384,1,0,0,1,Personal Injury,GREENE,NON-CITY OR UNINCORPORATED,D,1,1,0,353,0.07,A ,E ,NOR NOR 44,PVT PENNY LANE,Dark-Unlighted,Pedestrian,1,,Thu     ,1,0,0,0,0,0,0,0,0,0,0,0,0,0,0,0,0,0,0,0,1,0,0,1,0,37.25064,-93.3275,0,04/02/2020,21:18:00,PEDESTRIAN #1 WAS REMOVING BRUSH FROM THE ROADWAY AND WAS STRUCK BY VEHICLE #1.
914727,3200008169,Missouri State Highway Patrol-Troop D,1585872000000,200164435,1,0,1,0,Personal Injury,JASPER,NON-CITY OR UNINCORPORATED,D,2,2,0,1393,0.26,A ,W ,MO 96,CRD 90,Dark-Unlighted,Motor Vehicle in Transport,1,62,Fri     ,0,0,0,0,0,1,1,0,0,0,0,0,0,0,0,1,0,0,0,0,0,1,0,0,0,37.19765,-94.22247,0,04/03/2020,23:05:00,OCCURRED AS #2 PULLED OUT IN FRONT OF #1. #1 STRUCK #2 IN THE SIDE WITH ITS FRONT.   ASSISTED BY TPR B.D. VAUGHT #1451
1308081,3200008443,Missouri State Highway Patrol-Troop C,1585785600000,200164438,2,0,1,1,Personal Injury,JEFFERSON,NON-CITY OR UNINCORPORATED,C,1,1,0,580,0.11,A ,S ,CRD HILLSBORO VICTORIA RD,PVT COTTER CREEK RD,Dark-Unlighted,Fixed Object,2,,Thu     ,1,0,0,0,1,0,1,0,0,0,0,0,0,0,0,1,0,0,0,0,0,0,0,0,0,0,0,0,04/02/2020,23:10:00,"VEHICLE 1 WAS TRAVELING NORTHBOUND ON HILLSBORO VICTORIA ROAD, STARTED TO SLIDE AND TRAVELED OFF THE LEFT SIDE OF THE ROADWAY. VEHICLE 1 THEN STRUCK A TREE AND A UTILITY POLE, COMING TO REST OFF THE WEST SIDE OF THE ROAD."
924817,3200008330,Missouri State Highway Patrol-Troop D,1585872000000,200164876,5,0,2,3,Personal Injury,MCDONALD,PINEVILLE,D,4,4,0,248,0.05,A ,N,US 71,BRIDGE A6651,Daylight,Motor Vehicle in Transport,1,64,Fri     ,0,0,0,0,1,0,1,1,0,0,0,0,0,0,0,1,0,0,0,0,0,0,0,0,1,36.56224,-94.34576,0,04/03/2020,13:15:00,ACCIDENT OCCURRED AS VEHICLE #1 LOST CONTROL AND WAS STRUCK BY VEHICLE #2. VEHICLE #3 ALSO STRUCK VEHICLE #1. VEHICLE #4 THEN STRUCK VEHICLE #3.
1151790,3200008296,Missouri State Highway Patrol-Troop E,1585872000000,200165181,4,0,4,0,Personal Injury,STODDARD,BERNIE,E,2,2,0,0,0,AT,N,CST ALLEN ST,CST ALLIS AVE,Daylight,Motor Vehicle in Transport,1,64,Fri     ,0,0,0,0,1,0,0,0,0,0,1,1,0,0,0,1,0,0,0,0,1,0,0,1,0,36.67259,-89.96963,0,04/03/2020,18:15:00,CRASH OCCURRED AS VEHICLE 1 WAS TRAVELING EAST ON ALLIS STREET AND VEHICLE 2 WAS TRAVELING NORTH ON ALLEN STREET WITH LIGHTS AND SIRENS ACTIVATED. VEHICLE 2 STRUCK VEHICLE 1 IN THE INTERSECTION.
1288653,3200008110,Missouri State Highway Patrol-Troop C,1585958400000,200165386,3,0,3,0,Personal Injury,PIKE,NON-CITY OR UNINCORPORATED,C,1,1,0,3168,0.6,B ,S ,MO 79,BRIDGE K0314,Dark-Unlighted,Overturn,2,,Sat     ,1,0,0,0,0,1,1,0,0,0,0,0,0,0,0,1,0,0,0,0,0,0,0,0,0,39.4253,-91.00776,0,04/04/2020,03:20:00,VEHICLE #1 WAS TRAVELING SOUTHBOUND ON MISSOURI 79.  VEHICLE #1 TRAVELED OFF THE RIGHT SIDE OF THE ROADWAY AND OVERTURNED.
1319156,3200008465,Missouri State Highway Patrol-Troop G,1585958400000,200165408,1,0,0,1,Personal Injury,REYNOLDS,NON-CITY OR UNINCORPORATED,G,1,1,0,781,0.15,B ,E ,CRD 920,CRD 924,Dark-Unlighted,Fixed Object,2,,Fri     ,0,0,0,0,0,0,0,0,0,0,0,0,0,0,0,0,0,0,0,0,1,0,0,1,0,37.51435,-91.23887,0,04/03/2020,22:30:00,"CRASH OCCURRED AS VEH 1 RAN OFF ROADWAY AND OVERTURNED, DRIVER WAS EJECTED."
1220049,3200008084,Missouri State Highway Patrol-Troop C,1585958400000,200165525,1,0,0,1,Personal Injury,FRANKLIN,NON-CITY OR UNINCORPORATED,C,1,1,0,390,0.07,A ,E ,RT YY,CRD ST ANNS RD,Daylight,Pedestrian,1,,Sat     ,0,0,0,0,0,0,0,1,0,0,0,0,0,0,0,0,0,0,0,0,0,0,0,0,0,38.50319,-91.1187,0,04/04/2020,09:55:00,PEDESTRIAN WAS CROSSING THE ROADWAY AND WALKED INTO THE PATH OF VEHICLE 1.  ASSISTED BY MSGT C.L. PATTON (1108)
1010510,3200008048,Missouri State Highway Patrol-Troop D,1585958400000,200165656,1,0,0,1,Personal Injury,WEBSTER,NON-CITY OR UNINCORPORATED,D,1,1,Y,670,0.13,B ,N,CRD GOSS CAVE RD,CRD OAK LAWN RD,Daylight,Fixed Object,2,,Sat     ,0,0,0,0,1,1,1,0,0,0,0,0,0,0,0,1,0,0,0,0,1,0,0,1,0,37.12221,-92.74834,0,04/04/2020,11:20:00,"ACCIDENT OCCURRED AS VEHICLE #1 LOST CONTROL, TRAVELED OFF OF THE RIGHT SIDE OF THE ROADWAY, AND STRUCK A TREE."
1177829,3200008250,Missouri State Highway Patrol-Troop B,1585958400000,200165870,3,0,3,0,Personal Injury,ADAIR,NON-CITY OR UNINCORPORATED,B,2,2,0,0,0,AT,S ,RT H,CRD RAINBOW BASIN TRAIL,Daylight,Motor Vehicle in Transport,1,64,Sat     ,0,0,0,0,0,1,1,1,0,0,0,0,0,0,0,1,0,0,0,0,1,0,0,1,0,40.17019,-92.59781,0,04/04/2020,17:00:00,VEHICLE 1 TURNED INTO THE PATH OF VEHICLE 2.
837797,3200008395,Missouri State Highway Patrol-Troop A,1585958400000,200165931,3,0,2,1,Personal Injury,LAFAYETTE,NON-CITY OR UNINCORPORATED,A,1,1,0,0,0,AT,E ,CRD PRAIRIE VALLEY RD,CRD HOUX RD,Daylight,Fixed Object,2,,Sat     ,0,0,0,0,1,1,1,0,0,0,0,0,0,0,0,1,0,0,0,0,0,0,0,0,0,39.06213,-93.84817,0,04/04/2020,18:30:00,"CRASH OCCURRED AS DVR1 FAILED TO NEGOTIATE AN INTERSECTION.  VEH1 TRAVELED OFF THE ROADWAY, STRUCK AN EMBANKMENT, A UTILITY POLE AND A FENCE.  ASSISTED BY TPR F A VAUGHNSTUR /1463/ AND LAFAYETTE COUNTY SHERIFF'S DEPARTMENT"
1196435,3200008074,Missouri State Highway Patrol-Troop F,1585958400000,200166001,1,0,1,0,Personal Injury,HOWARD,NON-CITY OR UNINCORPORATED,F,1,1,Y,21,0,B ,E ,MO 240,RT P,Dark-Unlighted,Fixed Object,2,,Sat     ,0,0,0,0,1,0,1,0,0,0,0,0,0,0,0,1,0,0,0,0,0,0,0,0,0,0,0,0,04/04/2020,20:10:00,"CRASH OCCURRED AS VEHICLE 1 FAILED TO NAVIGATE A CURVE, WENT OFF THE LEFT SIDE ROADWAY, AND OVERTURNED."
927574,3200008306,Missouri State Highway Patrol-Troop D,1586044800000,200166121,3,0,2,1,Personal Injury,MCDONALD,NON-CITY OR UNINCORPORATED,D,1,1,0,3695,0.7,A ,S ,MO 59,CRD DEER CREEK RD,Dark-Unlighted,Fixed Object,2,,Sun     ,1,0,0,0,0,0,1,0,0,0,0,0,0,0,0,0,0,0,0,0,0,0,0,0,0,36.50265,-94.48313,0,04/05/2020,01:01:00,"SOUTHBOUND DRIVER RAN OFF THE RIGHT SIDE OF THE ROAD, STRUCK A SIGN AND A POLE."
1126516,3200008102,Missouri State Highway Patrol-Troop E,1586044800000,200166300,1,0,0,1,Personal Injury,PEMISCOT,NON-CITY OR UNINCORPORATED,E,1,1,0,274,0.05,A ,N,RT C,BRIDGE S0715,Daylight,Fixed Object,2,,Sun     ,0,0,0,0,0,0,0,0,0,0,0,0,0,0,0,0,0,0,0,0,1,0,0,1,0,36.11141,-89.91457,0,04/05/2020,10:15:00,TRAFFIC CRASH OCCURRED AS VEHICLE 1 RAN OFF THE LEFT SIDE OF ROADWAY AND STRUCK A DITCH.
1308027,3200008229,Missouri State Highway Patrol-Troop C,1586044800000,200166329,2,0,1,1,Personal Injury,JEFFERSON,NON-CITY OR UNINCORPORATED,C,1,1,0,528,0.1,A ,E ,RT Z,PVT CEDARMONT ESTATES CT,Daylight,Overturn,2,,Sun     ,0,0,0,0,1,0,0,0,0,0,0,0,0,0,0,1,0,0,0,0,0,0,0,0,0,38.26404,-90.45147,0,04/05/2020,11:00:00,"VEHICLE #1 WAS TRAVELING WESTBOUND ON ROUTE Z.  DRIVER 1 LOST CONTROL ON THE WET PAVEMENT.  VEHICLE #1 TRAVELED OFF  THE LEFT SIDE OF ROADWAY AND OVERTURNED.  ASSISTED BY TPR. R.P. MAHONEY (938), TPR. C.W. CHERRY (625), AND TPR. D.A. NORTON (364)"
1505924,3200008293,Missouri State Highway Patrol-Troop H,1586044800000,200166469,1,0,1,0,Personal Injury,BUCHANAN,NON-CITY OR UNINCORPORATED,H,1,1,0,0,0,AT,N,MO 371,CRD YOUNG ROAD,Daylight,Fixed Object,2,,Sun     ,0,1,0,0,1,0,0,0,0,0,1,0,0,0,0,1,0,0,0,0,0,0,0,0,0,39.69694,-94.83256,0,04/05/2020,14:20:00,"CORRECTED REPORT ( DRIVER INFORMATION) - CRASH OCCURRED AS VEH #1 WAS BEING PURSUED NORTHBOUND ON MO-371 BY BUCHANAN COUNTY SHERIFF?S OFFICE. VEH #1 CROSSED THE CENTER LINE OF MO-371, DVR #1 OVERCORRECTED, AND VEH #1 TRAVELED OFF THE EAST SIDE OF THE ROADWAY AND STRUCK A GUARD RAIL. VEH #1 CAME TO REST OFF THE EAST SIDE OF MO-371 FACING NORTH. ASSISTED BY CPL C.M. DOLLARD (504), AND TPR L.T. MCDANIEL (630). DVR #1 TAKEN INTO CUSTODY BY BUCHANAN COUNTY SHERIFF?S OFFICE. INDENTITY OF DVR #1 CONFIRMED BY BUCHANAN COUNTY SHERIFF'S OFFICE."
1336205,3200008273,Missouri State Highway Patrol-Troop G,1586044800000,200166525,1,0,1,0,Personal Injury,DOUGLAS,NON-CITY OR UNINCORPORATED,G,1,1,0,1620,0.31,B ,S ,RT EE,CRD EE-155 NJ,Daylight,Fixed Object,2,,Sun     ,0,0,0,0,0,0,0,1,0,0,0,0,0,0,0,0,0,0,0,0,0,1,0,0,0,0,0,0,04/05/2020,15:45:00,"ACCIDENT OCCIDENT OCCURRED AS VEHICLE TRAVELED OFF OF RIGHT SIDE OF ROADWAY AND STRUCK A DITCH, EJECTING THE DRIVER."
1017402,3200008321,Missouri State Highway Patrol-Troop D,1586044800000,200166803,0,1,0,0,Fatal,NEWTON,NON-CITY OR UNINCORPORATED,D,2,1,0,52,0.01,B ,N,IS 49,ERM NORTH IS 49 MILE 324,Dark-Unlighted,Pedalcycle,1,,Sun     ,0,0,0,0,0,0,0,0,0,0,0,0,0,0,0,0,0,0,0,0,0,0,0,0,0,36.95116,-94.4298,1,04/05/2020,21:25:00,FATALITY CRASH. NEXT OF KIN HAS BEEN NOTIFIED. THIS IS TROOP D'S 26TH FATALITY FOR 2020.  THE CRASH OCCURRED AS BOTH NR1 AND NR2 WERE NORTHBOUND AND NR1 STRUCK NR2 IN THE REAR. NR2 WAS PRONOUNCED DECEASED AT THE SCENE OF THE CRASH AT 2128 HOURS BY NEWTON COUNTY CORNER BRIAN ARTHERTON.
1231767,3200008261,Missouri State Highway Patrol-Troop C,1586131200000,200166923,1,0,0,1,Personal Injury,LINCOLN,NON-CITY OR UNINCORPORATED,C,1,1,0,3168,0.6,B ,N,US 61,PVT WENCKER LN,Dark-Unlighted,Overturn,2,,Mon     ,0,0,0,0,0,0,0,0,0,0,0,0,0,0,0,0,0,0,0,0,0,0,0,0,0,38.89052,-90.91971,0,04/06/2020,06:30:00,"VEHICLE 1  TRAVELED OFF THE LEFT SIDE OF THE ROADWAY, OVERCORRECTED, AND OVERTURNED."
1170106,3200008531,Missouri State Highway Patrol-Troop F,1586131200000,200167117,1,0,0,1,Personal Injury,MORGAN,NON-CITY OR UNINCORPORATED,F,1,1,0,929,0.18,A ,E ,CRD FLORENCE TRL,RT JJ,Daylight,Overturn,1,,Mon     ,0,0,0,0,0,0,0,0,0,0,0,0,0,0,0,1,0,0,1,0,0,0,1,0,0,38.59065,-92.97162,0,04/06/2020,10:30:00,VEHICLE 1 CROSSED CENTER OF ROADWAY. SKIDDED ACROSS ROADWAY AND OVERTURNED. DRIVER 1 WAS EJECTED. ASSISTED MY MORGAN COUNTY SHERIFF'S DEPARTMENT.
883733,3200008534,Missouri State Highway Patrol-Troop A,1586131200000,200167190,1,0,0,1,Personal Injury,BATES,NON-CITY OR UNINCORPORATED,A,1,1,0,612,0.12,A ,E ,RT B,CRD SE 10195,Daylight,Fixed Object,2,,Mon     ,1,0,0,0,1,0,0,0,0,0,0,0,0,0,0,1,0,0,0,0,0,1,0,0,0,38.0919,-94.16562,0,04/06/2020,12:15:00,"CRASH OCCURRED AS VEHICLE #1 TRAVELED OFF THE RIGHT SIDE OF THE ROADWAY, STRUCK A MODOT SIGN AND BEGAN TO OVERTURN. THE DRIVER WAS EJECTED AND CAME TO FINAL REST APPROXIMATELY EIGHT FEET BEHIND VEHICLE #1 OFF THE RIGHT SIDE OF THE ROADWAY."
1220047,3200008241,Missouri State Highway Patrol-Troop C,1586131200000,200167484,2,0,1,1,Personal Injury,FRANKLIN,NON-CITY OR UNINCORPORATED,C,1,1,0,938,0.18,B ,N,CRD ST JOHNS RD,MO 100,Daylight,Fixed Object,2,,Mon     ,0,0,0,0,1,1,1,0,0,0,0,0,0,0,0,1,0,0,0,0,0,0,0,0,0,38.52411,-90.9437,0,04/06/2020,16:35:00,VEHICLE 1 WAS TRAVELING NORTHBOUND IN THE SOUTHBOUND LANES OF ST JOHNS RD. DRIVER 1 LOST CONTROL AND VEHICLE 1 WENT OFF THE RIGHT SIDE OF ROADWAY.  VEHICLE 1 ROTATED CLOCKWISE AND THE DRIVER SIDE STRUCK A TREE.  ASSISTED BY MSGT. K. L. LICHAY (443) AND TPR. J. S. ALBERS (140)
837798,3200008975,Missouri State Highway Patrol-Troop A,1586131200000,200167683,1,0,0,1,Personal Injury,LAFAYETTE,NON-CITY OR UNINCORPORATED,A,1,1,0,3168,0.6,B ,S ,CRD ELM PARK ROAD,CRD COYOTE LANE,Dark-Unlighted,Fell/Jumped from MV,1,,Mon     ,1,0,0,0,0,0,0,0,0,0,0,0,0,0,0,0,0,0,0,0,0,0,0,0,0,39.11226,-93.90038,0,04/06/2020,21:35:00,"CRASH OCCURRED AS VEHICLE 1 WAS SOUTHBOUND. OCCUPANT 1 WAS SEATED ON THE TOP OF THE VEHICLE'S ROLL BAR, LOST HER BALANCE, AND FELL OUT OF VEHICLE 1. ASSISTED BY TPR E A LUSK-BRINEGAR /588/ AND LAFAYETTE COUNTY SHERIFF'S DEPARTMENT."
863735,3200008566,Missouri State Highway Patrol-Troop A,1586217600000,200168041,1,0,1,0,Personal Injury,JACKSON,NON-CITY OR UNINCORPORATED,A,1,1,0,158,0.03,B ,S ,RT F,CRD AL GOSSETT RD,Daylight,Overturn,1,,Tue     ,0,0,0,0,0,0,0,0,0,0,0,0,0,0,0,1,0,0,0,0,0,1,0,0,0,38.88847,-94.13452,0,04/07/2020,11:45:00,CRASH OCCURRED AS TRAFFIC BEGAN SLOWING AND VEHICLE #1 FAILED TO SLOW IN TIME. VEHICLE #1 OVERTURNED ON THE ROADWAY AND CAME TO REST OFF THE SIDE OF THE ROADWAY. ASSISTED BY TPR T DAVIS /335/ AND TPR J T LANGSDALE /1318/
1182949,3200008401,Missouri State Highway Patrol-Troop B,1586217600000,200168251,2,0,2,0,Personal Injury,RANDOLPH,NON-CITY OR UNINCORPORATED,B,2,2,0,0,0,AT,N,US 63,RT NN,Daylight,Motor Vehicle in Transport,1,64,Tue     ,0,0,0,0,0,0,0,1,1,0,0,0,1,0,0,1,0,0,0,0,0,0,0,0,1,39.3423,-92.39086,0,04/07/2020,15:00:00,"VEHICLE 1 WAS MAKING A LEFT TURN FROM SOUTHBOUND US-63 ONTO ROUTE-NN AND STRUCK VEHICLE 2 IN THE LEFT SIDE.  ASSISTED BY CPL QUINN #937, THE RANDOLPH COUNTY SHERIFF'S DEPARTMENT, RANDOLPH COUNTY FIRE AND MOBERLY POLICE DEPARTMENT."