objectid,accident,agency,inv_date,complaint,injured,killed,min_inj,dis_inj,severity,county,city,troop,no_vehicle,motor_veh,left_scene,dist_feet,dist_mile,inter_loc,direction,on_street,at_street,light_cond,acc_type,on_off_rd,two_veh,day_week,dr_drink,dr_drug,ped_drink,ped_drug,speed,dr_under21,dr_under25,dr_over55,dr_over64,electrical,emer_veh,stop_sign,yield_sign,czone,hazmat,aggressive,cell_phone,texting,veh_defect,school_bus,truck,motorcycle,atv,pickup,cmv,gps_lat,gps_long,severity_fatal,acc_date,acc_time,narrative
1192708,3200008598,Missouri State Highway Patrol-Troop B,1586217600000,200168364,1,1,1,0,Fatal,RALLS,NON-CITY OR UNINCORPORATED,B,2,2,0,0,0,AT,E ,US 36,RT J,Daylight,Motor Vehicle in Transport,1,64,Tue     ,0,0,0,0,0,1,1,1,1,0,0,0,1,0,0,1,0,0,0,0,0,1,0,0,0,39.67494,-91.65911,1,04/07/2020,16:23:00,"FATALITY CRASH LATE DEATH- VEHICLE 1 FAILED TO YIELD TO VEHICLE 2.  VEHICLE 2 STRUCK VEHICLE 1.  ASSISTED BY TPR HICKS  #618, THE MARION COUNTY SHERIFF'S DEPARTMENT, RALLS COUNTY SHERIFF'S DEPARTMENT, MONROE CITY FIRE, MONROE CITY POLICE DEPARTMENT, MONROE CITY AMBULANCE. DR AHMAD SALMAN PRONOUNCED DRIVER 2 DEAD AT UNIVERSITY HOSPITAL AT 1947 ON 040720.  NEXT OF KIN HAVE BEEN NOTIFIED."
1502031,3200008346,Missouri State Highway Patrol-Troop H,1586217600000,200168371,1,0,1,0,Personal Injury,ANDREW,NON-CITY OR UNINCORPORATED,H,2,2,0,109,0.02,B ,N,US 169,CRD 354,Daylight,Motor Vehicle in Transport,1,61,Tue     ,0,0,0,0,0,1,1,1,1,0,0,0,0,0,0,1,0,0,0,0,0,0,0,0,0,39.84299,-94.79208,0,04/07/2020,16:23:00,"ACCIDENT OCCURRED AS VEHICLES WERE BOTH NORTHBOUND ON US169. VEH #1 WAS SLOWING DUE TO TURNING TRAFFIC. DVR #1 DID NOT SEE VEH #1 SLOW AND STRUCK THE REAR OF VEH #1. VEH #1 CAME TO REST ON CR354 ON ITS WHEELS AND VEH #2 CAME TO A CONTROLLED STOP ON THE EAST SIDE OF US169. ASSISTED BY TPR K.F. JEFFERS (669), AND TPR J.H. HIRNER (819)."
1288654,3200008398,Missouri State Highway Patrol-Troop C,1586217600000,200168390,1,0,1,0,Personal Injury,PIKE,NON-CITY OR UNINCORPORATED,C,2,2,0,55,0.01,B ,E ,US 54,CRD 136,Daylight,Motor Vehicle in Transport,1,61,Tue     ,0,0,0,0,0,0,1,1,0,0,0,0,0,0,0,0,0,0,0,0,1,0,0,1,0,39.44779,-91.0727,0,04/07/2020,16:45:00,VEHICLE #1 WAS STOPPED TO MAKE  A TURN ONTO PIKE COUNTY ROAD 136. VEHICLE #2 FAILED TO STOP AND RAN INTO THE REAR OF VEHICLE #1
1328992,3200008878,Missouri State Highway Patrol-Troop G,1586217600000,200168504,1,0,1,0,Personal Injury,OREGON,NON-CITY OR UNINCORPORATED,G,1,1,0,1061,0.2,B ,N,RT EE,BRIDGE N0102,Daylight,Overturn,2,,Tue     ,0,0,0,0,0,0,0,1,1,0,0,0,0,0,0,0,0,0,0,0,1,0,0,1,0,36.5902,-91.36781,0,04/07/2020,18:30:00,VEHICLE 1 TRAVELED OFF THE RIGHT SIDE OF THE ROADWAY AND OVERTURNED.
883732,3200008597,Missouri State Highway Patrol-Troop A,1586304000000,200168702,0,1,0,0,Fatal,BATES,NON-CITY OR UNINCORPORATED,A,1,1,0,660,0.12,B ,N,IS 49,ERM NORTH IS 49 MILE 1436,Dark-Unlighted,Fixed Object,2,,Wed     ,1,0,0,0,1,0,0,0,0,0,0,0,0,0,0,1,0,0,0,0,0,0,0,0,0,38.41979,-94.34314,1,04/08/2020,00:05:00,"***FATAL CRASH***NEXT OF KIN NOTIFIED***TROOP A FATAL CRASH #13 AND FATALITY #14 FOR 2020*** CRASH OCCURRED AS VEHICLE 1 TRAVELED OFF THE LEFT SIDE OF THE ROADWAY, THROUGH THE MEDIAN, AND ACROSS THE SOUTHBOUND LANES OF I-49. VEHICLE 1 CONTINUED OFF THE ROADWAY, STRUCK AN EMBANKMENT, AND OVERTURNED. DRIVER 1 WAS PRONOUNCED ON SCENE AT 0105 HOURS BY BATES COUNTY CORONER GREG MULLINAX. ASSISTED BY TPR D J JACKSON /456/, TPR W J LUZENKO /1340/, TPR C A CUNDIFF /377/, AND THE BATES COUNTY SHERIFF'S DEPARTMENT."
1231769,3200008672,Missouri State Highway Patrol-Troop C,1586304000000,200168777,1,0,1,0,Personal Injury,LINCOLN,NON-CITY OR UNINCORPORATED,C,1,1,0,221,0.04,B ,N,MO 47,CRD GRAVENS RD,Daylight,Fixed Object,2,,Wed     ,1,0,0,0,1,0,0,0,0,0,0,0,0,0,0,1,0,0,0,0,0,0,0,0,0,38.98886,-90.90464,0,04/08/2020,07:22:00,VEHICLE 1 TRAVELED OFF THE RIGHT SIDE OF THE ROADWAY AND STRUCK 2 SIGNS.
1010479,3200008510,Missouri State Highway Patrol-Troop D,1586304000000,200169107,4,0,4,0,Personal Injury,WEBSTER,NON-CITY OR UNINCORPORATED,D,2,2,0,0,0,AT,W ,NOR 44,CRD GRIER BRANCH RD,Daylight,Motor Vehicle in Transport,1,64,Wed     ,0,0,0,0,0,1,1,0,0,0,0,0,0,0,0,1,0,0,0,0,1,0,0,1,0,37.28544,-93.03922,0,04/08/2020,13:00:00,ACCIDENT OCCURRED AS NBR 1 MADE A LEFT TURN INTO THE PATH OF VEHICLE NBR 2.  VEHICLES STRUCK NEARLY HEAD-ON.
996276,3200008518,Missouri State Highway Patrol-Troop D,1586304000000,200169366,1,0,0,1,Personal Injury,STONE,NON-CITY OR UNINCORPORATED,D,1,1,0,1298,0.25,A ,W ,CRD EAGLECREST RD,CRD EAGLE LANDING RD,Daylight,Fixed Object,2,,Wed     ,0,0,0,0,1,0,0,0,0,0,0,0,0,0,0,1,0,0,0,0,0,0,0,0,0,36.77078,-93.51436,0,04/08/2020,16:44:00,"CRASH OCCURRED AS DRIVER 1 FELL ASLEEP AND CROSSED CENTER LINE, TRAVELED OFF LEFT SIDE OF ROADWAY, AND STRUCK A TREE."
1320365,3200008495,Missouri State Highway Patrol-Troop G,1586304000000,200169632,0,1,0,0,Fatal,TEXAS,NON-CITY OR UNINCORPORATED,G,1,1,0,1615,0.31,A ,S ,US 63,CRD ADAIR DR,Dark-Unlighted,Fixed Object,2,,Wed     ,0,0,0,0,1,0,0,1,1,0,0,0,0,0,0,1,0,0,0,0,1,0,0,1,0,37.38675,-91.90285,1,04/08/2020,21:30:00,"FATALITY ACCIDENT  -  DRIVER #1 WAS PRONOUNCED DECEASED AT MERCY HOSPITAL IN SPRINGFIELD ON 04 09 2020 AT 0746 HOURS BY DR E LUEHR.  NEXT OF KIN HAS BEEN NOTIFIED.  THIS IS TROOP G FATALITY #5 FOR 2020 SAME TOTAL AS SAME TIME PERIOD FOR 2019.    CRASH OCCURRED AS VEHICLE ONE TRAVELED OFF THE RIGHT SIDE OF THE ROADWAY AND OVERCORRECTED, RETURNED TO THE ROADWAY, TRAVELED OFF THE LEFT SIDE OF THE ROADWAY AND IMPACTED AN EMBANKMENT, OVERTURNING AND EJECTING THE DRIVER.  CORRECTED REPORT."
910639,3200008315,Missouri State Highway Patrol-Troop D,1586304000000,200169644,1,0,0,1,Personal Injury,GREENE,NON-CITY OR UNINCORPORATED,D,1,1,0,0,0,AT,N,MO 125,RT C,Dark-Unlighted,Fixed Object,2,,Wed     ,0,0,0,0,0,0,1,0,0,0,0,1,0,0,0,1,0,0,0,0,0,1,0,0,0,37.29589,-93.11293,0,04/08/2020,21:50:00,"OCCURRED AS #1 FAILED TO STOP AT A STOP SIGN, RAN OFF THE ROADWAY, AND STRUCK A ROAD SIGN.  ASSISTED BY TPR D.W. HENLEY #727"
920874,3200008646,Missouri State Highway Patrol-Troop D,1586390400000,200169737,1,0,1,0,Personal Injury,LAWRENCE,NON-CITY OR UNINCORPORATED,D,2,2,Y,1272,0.24,B ,E ,MO 96,CRD 1132,Dark-Unlighted,Motor Vehicle in Transport,1,70,Thu     ,,,,,,,,1,,0,0,0,0,0,0,,0,0,,,1,,,1,,0,0,0,04/09/2020,05:15:00,ACCIDENT OCCURRED WHEN A LARGE METAL TOW STRAP HOOK CAME THRU THE WINDSHIELD OF VEHICLE #1 STRIKING THE DRIVER.
1231766,3200008675,Missouri State Highway Patrol-Troop C,1586390400000,200169770,2,0,0,2,Personal Injury,LINCOLN,NON-CITY OR UNINCORPORATED,C,2,2,0,0,0,AT,S ,US 61,CRD CUIVRE FORD RD,Daylight,Motor Vehicle in Transport,1,64,Thu     ,0,0,0,0,0,0,0,1,1,0,0,0,1,0,0,1,0,0,0,0,1,0,0,1,0,39.09845,-90.96573,0,04/09/2020,07:00:00,VEHICLE 1 FAILED TO YIELD TO VEHICLE 2.  THE FRONT OF VEHICLE 2 STRUCK THE SIDE OF VEHICLE 1. BOTH VEHICLES TRAVELED OFF THE RIGHT SIDE OF THE ROADWAY.
1177830,3200008434,Missouri State Highway Patrol-Troop B,1586390400000,200170055,1,0,1,0,Personal Injury,ADAIR,NON-CITY OR UNINCORPORATED,B,2,2,0,131,0.02,B ,N,US 63,CRD BUCK CREEK RD,Daylight,Motor Vehicle in Transport,1,61,Thu     ,0,0,0,0,0,1,1,0,0,0,0,0,0,0,0,0,0,0,0,0,0,0,0,0,1,40.28581,-92.5792,0,04/09/2020,12:18:00,"01 & 02 NORTHBOUND, 02 SLOWED ATTEMPTING TO MAKE A LEFT TURN, & 01 STRUCK 02 IN THE REAR.  ASSISTED BY KIRKSVILLE FIRE DEPARTMENT, ADAIR COUNTY SHERIFF'S DEPARTMENT, & AMBULANCE, TPR BORGMEYER 194 &TPR HALEY 442."
1176433,3200008673,Missouri State Highway Patrol-Troop F,1586390400000,200170454,2,0,1,1,Personal Injury,MONTGOMERY,NON-CITY OR UNINCORPORATED,F,1,1,0,549,0.1,A ,E ,MO 94,PVT MCGIRKS DR,Daylight,Overturn,2,,Thu     ,1,0,0,0,0,0,0,0,0,0,0,0,0,0,0,0,0,0,0,0,0,0,0,0,0,38.72239,-91.49852,0,04/09/2020,17:21:00,VEHICLE 1 WENT OFF THE LEFT SIDE OF THE ROADWAY THEN RETURNED TO THE ROADWAY.  DRIVER 1 THEN OVERCORRECTED AND VEHICLE 1 OVERTURNED.  ASSISTED BY TPR. S.D. GORDON (1430)
1201664,3200008605,Missouri State Highway Patrol-Troop C,1586390400000,200170521,0,1,0,0,Fatal,LINCOLN,TROY,C,1,1,0,116,0.02,A ,S ,US 61,RP 1038245,Dark-Lighted,Pedestrian,1,,Thu     ,,,,,,1,1,0,0,0,0,0,0,0,0,,0,0,,0,1,0,0,1,0,38.96485,-90.95441,1,04/09/2020,20:35:00,"FATALITY REPORT - VEHICLE 1 WAS TRAVELING SOUTHBOUND ON US-61. DRIVER 1 EXECUTED A LANE CHANGE FROM LANE 3 TO LANE 2. PEDESTRIAN 1 WAS WALKING IN THE ROADWAY IN LANE 2. THE FRONT OF VEHICLE 1 STRUCK PEDESTRIAN 1. PEDESTRIAN 1 FATALITY PRONOUNCED ON THE SCENE BY LINCOLN COUNTY AMBULANCE PERSONNEL AT 2048 HOURS. ASSISTED BY MSGT. S. A. MILLER (1184), TPR. N. A. COCKRUM (179), AND TPR. J. E. LACY (313)."
1328991,3200008431,Missouri State Highway Patrol-Troop G,1586476800000,200170709,1,0,0,1,Personal Injury,OREGON,NON-CITY OR UNINCORPORATED,G,1,1,0,253,0.05,A ,W ,US 160,CRD 123,Daylight,Fixed Object,2,,Fri     ,0,0,0,0,1,0,0,1,0,0,0,0,0,0,0,1,0,0,0,0,0,0,0,0,0,36.67848,-91.31394,0,04/10/2020,07:35:00,"OCCURRED AS VEHICLE #1 FAILED TO NEGOTIATE CURVE, TRAVELED OFF OF THE RIGHT SIDE OF THE ROADWAY AND STRUCK A TREE. ASSISTED BY OREGON COUNTY SHERIFFS DEPT AND OREGON COUNTY AMBULANCE"
835530,3200008594,Missouri State Highway Patrol-Troop A,1586476800000,200170905,1,0,1,0,Personal Injury,CARROLL,NON-CITY OR UNINCORPORATED,A,3,3,0,0,0,AT,N,US 65,RT CC,Daylight,Motor Vehicle in Transport,1,64,Fri     ,0,0,0,0,0,0,0,1,1,1,0,1,0,0,0,1,0,0,0,0,0,0,0,0,0,39.38425,-93.48492,0,04/10/2020,11:10:00,"CRASH OCCURRED AS VEHICLE 1 FAILED TO STOP AND YIELD TO VEHICLE 2.  VEHICLE 1 ENTERED THE INTERSECTION AND VEHICLE 2 STUCK THE PASSENGER SIDE OF VEHICLE 1.  VEHICLE 2 CAME TO REST BLOCKING THE NORTHBOUND LANE OF HIGHWAY 65.  VEHICLE 1 CONTINUED AND SLIDE INTO VEHICLE 3 THAT WAS IN THE WESTBOUND LANE OF ROUTE CC.  ASSISTED BY TPR A M BECKWITH/314, TPR B K HUFF/374 AND  CARROLL COUNTY DEPUTIES."
781922,3200008730,Missouri State Highway Patrol-Troop A,1586476800000,200171551,1,0,1,0,Personal Injury,CLAY,NON-CITY OR UNINCORPORATED,A,2,2,0,10,0,A ,W ,MO 92,RT E,Dark-Unlighted,Motor Vehicle in Transport,1,64,Fri     ,0,0,0,0,0,1,1,1,0,0,0,1,0,0,0,1,0,0,0,0,0,0,0,0,0,39.36793,-94.47323,0,04/10/2020,23:23:00,CRASH OCCURRED AS VEHICLE #1 PULLED INTO THE PATH OF VEHICLE #2.
905449,3200008613,Missouri State Highway Patrol-Troop D,1586563200000,200171924,0,1,0,0,Fatal,CHRISTIAN,NON-CITY OR UNINCORPORATED,D,1,1,0,3168,0.6,A ,S ,MO 125,PVT SURRATT DR,Dark-Unlighted,Fixed Object,2,,Sat     ,,,,,,0,0,1,1,0,0,0,0,0,0,,0,0,,0,0,0,0,0,0,36.82787,-92.98604,1,04/11/2020,01:00:00,FATALITY REPORT - NEXT OF KIN NOTIFIED -  THIS IS TROOP D'S 2ND FATALITY IN APRIL AND THE 27TH FATALITY IN 2020. THIS CRASH OCCURRED AS VEHICLE 1 WAS SOUTHBOUND ON HIGHWAY 125 WHEN IT TRAVELED OFF THE RIGHT SIDE OF THE ROADWAY IN A LEFT TURNING CURVE AND AFTER STRIKING THREE TREES IT CAUGHT FIRE.  DECEASED PRONOUNCED AT 3:30PM ON 04/11/2020 BY CHRISTIAN COUNTY DEPUTY CORONER RICHARD LAWLER #199C.
996277,3200008414,Missouri State Highway Patrol-Troop D,1586563200000,200172011,1,0,0,1,Personal Injury,STONE,NON-CITY OR UNINCORPORATED,D,1,1,0,649,0.12,A ,S ,CRD ASPECT RD,CRD AVERY RIDGE RD,Daylight,Fixed Object,2,,Sat     ,0,0,0,0,0,0,0,0,0,0,0,0,0,0,0,0,0,0,0,0,0,0,0,0,0,36.49914,-93.36219,0,04/11/2020,13:30:00,"VEHICLE 1 RAN OFF THE LEFT SIDE OF THE ROAD, STRUCK A TREE AND OVERTURNED."
927547,3200008455,Missouri State Highway Patrol-Troop D,1586563200000,200172222,1,0,0,1,Personal Injury,MCDONALD,NON-CITY OR UNINCORPORATED,D,1,1,0,1161,0.22,B ,N,RT MM,CRD NO NAME RD,Daylight,Fixed Object,2,,Sat     ,1,0,0,0,0,0,0,0,0,0,0,0,0,0,0,0,0,0,0,0,0,0,0,0,0,36.52898,-94.56211,0,04/11/2020,17:05:00,ACCIDENT OCCURRED AS NBR 1 TRAVELED OFF THE ROADWAY AND STRUCK A FENCE AND OVERTURNED.
1299851,3200008660,Missouri State Highway Patrol-Troop C,1586563200000,200172258,2,0,1,1,Personal Injury,ST. CHARLES,WENTZVILLE,C,1,1,0,1500,0.28,B ,N,US 61,RP 7643,Daylight,Fixed Object,2,,Sat     ,,,,,,0,0,0,0,0,0,0,0,0,0,,0,0,,0,0,0,0,0,0,38.81757,-90.844,0,04/11/2020,17:46:00,"VEHICLE 1 WAS TRAVELING NORTH ON US 61 IN LANE 2. DRIVER 1 LOST CONTROL OF VEHICLE 1. VEHICLE 1 EXITED THE ROADWAY TO THE RIGHT, STRUCK SEVERAL TREES AND OVERTURNED. ASSISTED BY CPL K.L. HAMMERLING (1242)"
920872,3200008962,Missouri State Highway Patrol-Troop D,1586563200000,200172471,1,0,1,0,Personal Injury,LAWRENCE,NON-CITY OR UNINCORPORATED,D,2,2,0,190,0.04,A ,E ,IS 44,ERM EAST IS44 MILE 420,Dark-Lighted,Motor Vehicle in Transport,1,63,Sat     ,0,0,0,0,0,0,0,0,0,0,0,0,0,1,0,0,0,0,0,0,0,0,0,0,1,37.07473,-93.88655,0,04/11/2020,21:25:00,OCCURRED AS #1 AND #2 STRUCK SIDE TO SIDE AS #2 WAS OVERTAKING # 1.  DRIVER #2 LOST CONTROL CAUSING #2 TO OVERTURN ON THE ROADWAY AND COME TO REST OFF THE ROADWAY ON ITS TOP.
876581,3200008627,Missouri State Highway Patrol-Troop A,1586649600000,200172866,1,0,1,0,Personal Injury,PLATTE,NON-CITY OR UNINCORPORATED,A,2,2,0,100,0.02,B ,S ,IS 29,ERM SOUTH IS 29 MILE 210,Daylight,Fixed Object,2,,Sun     ,0,0,0,0,1,0,1,0,0,0,0,0,0,0,0,1,0,0,0,0,0,0,0,0,1,39.38598,-94.78952,0,04/12/2020,13:21:00,"CRASH OCCURRED AS VEHICLE 1 WAS SOUTHBOUND ON I-29 WHEN IT HYDROPLANED. VEHICLE 1 LEFT THE ROADWAY AND STRUCK THE GUARDRAIL. VEHICLE 1 THEN RETURNED TO THE ROADWAY, STRUCK THE SEMI AND CAME TO REST. ASSISTED BY  TPR K L BROWN /1317/, CPL E J VILLANUEVA /690/ AND PLATTE COUNTY SHERIFF AND PLATTE CITY FIRE"
910666,3200008508,Missouri State Highway Patrol-Troop D,1586649600000,200173210,2,0,2,0,Personal Injury,GREENE,NON-CITY OR UNINCORPORATED,D,1,1,0,0,0,AT,N,CRD 205,RT YY,Dark-Lighted,Fixed Object,2,,Sun     ,0,1,0,0,0,0,0,0,0,0,0,1,0,0,0,1,0,0,0,0,0,0,0,0,0,37.22241,-93.17014,0,04/12/2020,22:30:00,VEHICLE 1 RAN OFF THE ROADWAY AT AN INTERSECTION AND STRUCK A FENECE AND TREES.
1142639,3200008524,Missouri State Highway Patrol-Troop E,1586822400000,200174238,1,0,1,0,Personal Injury,BUTLER,NON-CITY OR UNINCORPORATED,E,1,1,0,3168,0.6,B ,S ,CRD 451,RT M,Dark-Unlighted,Fixed Object,2,,Tue     ,0,0,0,0,0,0,0,0,0,0,0,0,0,0,0,0,0,0,0,0,1,0,0,1,0,36.76055,-90.56401,0,04/14/2020,05:35:00,"CRASH OCCURRED AS VEH 1 SWEARVED TO MISS A DEER, RAN OFF THE ROADWAY AND OVERTURNED."
821700,3200008875,Missouri State Highway Patrol-Troop A,1586822400000,200174547,0,1,0,0,Fatal,BENTON,NON-CITY OR UNINCORPORATED,A,1,1,0,9,0,B ,E ,CRD LOST VALLEY RD,PVT COPELAND DR,Daylight,Fixed Object,2,,Tue     ,0,0,0,0,0,0,0,1,0,0,0,0,0,0,0,1,0,0,0,0,0,0,0,0,0,38.26826,-93.34722,1,04/14/2020,11:26:00,CRASH OCCURRED AS VEH1 TRAVELED OFF THE LEFT SIDE OF THE ROADWAY AND STRUCK A TREE. ASSISTED BY TPR. M. B. HOLLIS /479/ AND  BENTON COUNTY
1031448,3200009049,Missouri State Highway Patrol-Troop I,1586822400000,200174713,1,0,0,1,Personal Injury,PULASKI,NON-CITY OR UNINCORPORATED,I,1,1,0,443,0.08,A ,S ,RT T,CRD REWARD RD,Daylight,Fixed Object,2,,Tue     ,1,0,0,0,1,0,0,0,0,0,0,0,0,0,0,1,0,0,0,0,0,0,0,0,0,37.82558,-92.26534,0,04/14/2020,14:12:00,"VEHICLE TRAVELED OFF THE RIGHT SIDE OF THE ROAD, STRIKING A HIGHWAY SIGN AND SEVERAL PRIVATE PROPERTY FENCES BEFORE COMING TO REST ON THE WEST SIDE OF THE HIGHWAY."
1126515,3200008653,Missouri State Highway Patrol-Troop E,1586908800000,200175244,1,0,1,0,Personal Injury,PEMISCOT,NON-CITY OR UNINCORPORATED,E,1,1,0,184,0.03,B ,S ,RT NN,CRD 423,Daylight,Fixed Object,2,,Wed     ,0,0,0,0,0,0,0,0,0,0,0,0,0,0,0,1,0,0,0,0,1,0,0,1,0,36.15451,-89.9589,0,04/15/2020,06:45:00,"CRASH OCCURRED AS VEH 1 RAN OFF THE RIGHT SIDE OF THE ROADWAY, RAN OFF THE LEFT SIDE OF THE ROADWAY STRUCK A DITCH AND OVERTURNED."
1178612,3200008736,Missouri State Highway Patrol-Troop B,1586908800000,200175265,1,0,0,1,Personal Injury,SCOTLAND,NON-CITY OR UNINCORPORATED,B,1,1,0,570,0.11,A ,E ,US 136,BRIDGE A5788,Daylight,Overturn,2,,Wed     ,0,0,0,0,1,0,0,0,0,0,0,0,0,0,0,1,0,0,0,0,0,0,0,0,0,40.45654,-92.18943,0,04/15/2020,07:00:00,"VEHICLE 1 WAS EASTBOUND RAN OFF THE ROAD AND OVERTURNED DUE TO SLICK CONDITIONS,"
821701,3200008773,Missouri State Highway Patrol-Troop A,1586908800000,200175290,1,0,1,0,Personal Injury,BENTON,NON-CITY OR UNINCORPORATED,A,1,1,0,95,0.02,B ,N,CRD OLD 65 AVE,CRD OLD 65 AVE,Daylight,Overturn,1,,Wed     ,0,0,0,0,0,0,0,1,1,0,0,0,0,0,0,0,0,0,0,0,1,0,0,0,1,38.44828,-93.33928,0,04/15/2020,07:30:00,CRASH OCCURRED AS VEHICLE 1 RAN OFF THE RIGHT SIDE OF ROAD. VEHICLE 1 THEN OVER CORRECTED AND OVER TURNED COMING TO REST IN THE ROADWAY.     ASSISTED BY TPR M B HOLLIS/479 AND BENTON COUNTY DEPUTIES.
942954,3200008997,Missouri State Highway Patrol-Troop D,1586908800000,200175307,1,0,1,0,Personal Injury,DALLAS,NON-CITY OR UNINCORPORATED,D,1,1,0,89,0.02,B ,E ,MO 64,PVT PRIVATE RD,Daylight,Fixed Object,2,,Wed     ,0,0,0,0,1,0,1,0,0,0,0,0,0,0,0,1,0,0,0,0,0,0,0,0,0,0,0,0,04/15/2020,07:55:00,VEHICLE #1 TRAVELED OFF THE RIGHT SIDE OF THE ROADWAY STRUCK THE DITCH AND OVERTURNED.
1111592,3200008648,Missouri State Highway Patrol-Troop E,1586908800000,200175554,1,0,1,0,Personal Injury,DUNKLIN,NON-CITY OR UNINCORPORATED,E,1,1,0,1906,0.36,B ,S ,MO 25,CRD 430,Daylight,Overturn,2,,Wed     ,0,0,0,0,0,0,0,0,0,0,0,0,0,0,0,1,0,0,0,0,0,0,0,0,0,36.28191,-90.02781,0,04/15/2020,11:55:00,CRASH OCCURRED AS VEH 1 RAN OFF THE ROADWAY AND OVERTURNED.
1120678,3200008873,Missouri State Highway Patrol-Troop E,1586908800000,200175860,1,0,0,1,Personal Injury,IRON,NON-CITY OR UNINCORPORATED,E,1,1,0,4752,0.9,A ,S ,MO 49,CRD 126B,Daylight,Fixed Object,2,,Wed     ,0,0,0,0,0,0,0,0,0,0,0,0,0,0,0,1,0,0,0,0,0,0,0,0,0,37.39217,-90.69474,0,04/15/2020,16:03:00,CRASH OCCURRED AS VEHICLE 1 RAN OFF THE RIGHT SIDE OF THE ROADWAY AND STRUCK AN EMBANKMENT
1220056,3200008656,Missouri State Highway Patrol-Troop C,1586995200000,200176397,1,0,1,0,Personal Injury,FRANKLIN,NON-CITY OR UNINCORPORATED,C,1,1,0,147,0.03,B ,E ,RT O,CRD JEFFERSON RD,Daylight,Fixed Object,2,,Thu     ,0,0,0,0,0,0,0,1,0,0,0,0,0,0,0,0,0,0,0,0,1,0,0,1,0,38.4155,-90.81146,0,04/16/2020,08:00:00,DRIVER 1 WAS INATTENTIVE TO THE ROADWAY CAUSING VEHICLE 1 TRAVEL OFF THE RIGHT SIDE OF THE ROADWAY AND STRIKE AN EMBANKMENT AND A TREE.  ASSISTED BY CPL L.J. KEATHLEY (251)
1043521,3200008953,Missouri State Highway Patrol-Troop I,1586995200000,200176939,1,0,1,0,Personal Injury,LACLEDE,NON-CITY OR UNINCORPORATED,I,2,2,0,36,0.01,B ,E ,MO 32,CRD PARADISE DRIVE,Daylight,Motor Vehicle in Transport,1,61,Thu     ,0,0,0,0,0,0,0,1,0,0,0,0,0,0,0,1,0,0,0,0,1,0,0,1,1,37.66797,-92.60923,0,04/16/2020,16:03:00,OCCURRED AS VEHICLE 2 WAS STOPPED IN TRAFFIC AND WAS REAR ENDED BY VEHICLE 1
1204362,3200008833,Missouri State Highway Patrol-Troop F,1587168000000,200178791,1,0,1,0,Personal Injury,COOPER,NON-CITY OR UNINCORPORATED,F,1,1,0,116,0.02,B ,W ,IS 70,ERM WEST IS 70 MILE 900,Daylight,Fixed Object,2,,Sat     ,0,0,0,0,0,0,0,1,1,0,0,0,0,0,0,0,0,0,1,0,0,0,0,0,1,38.94539,-92.99174,0,04/18/2020,12:59:00,"CRASH OCCURRED AS VEHICLE 1 LOST FRONT PASSENGER TIRE AND SKIDDED OFF ROADWAY INTO AN EMBANKMENT. ASSISTED BY SGT. S. B. JOHNSON (797), CPL. N. D. WALLACE (1223) AND CPL. A. M. RICHERSON (759)."
1036249,3200009031,Missouri State Highway Patrol-Troop I,1587168000000,200179061,1,0,0,1,Personal Injury,PHELPS,ST JAMES,I,2,2,0,5,0,B ,W ,IS 44,ERM WEST IS 44 MILE 1964,Daylight,Motor Vehicle in Transport,1,61,Sat     ,0,0,0,0,0,0,1,0,0,0,0,0,0,0,0,1,0,0,0,0,0,1,0,0,0,38.00906,-91.60853,0,04/18/2020,16:20:00,"CRASH OCCURRED AS VEHICLE 1 AND VEHICLE 2 WERE TRAVELING WESTBOUND ON I-44.  VEHICLE 1 STRUCK THE REAR OF VEHICLE 2.  ASSISTED BY M SGT S D ALTERMATT, ST JAMES POLICE DEPARTMENT, ST JAMES FIRE DEPARTMENT, AND ST JAMES AMBULANCE."
1325178,3200008854,Missouri State Highway Patrol-Troop G,1587254400000,200179555,1,0,0,1,Personal Injury,HOWELL,NON-CITY OR UNINCORPORATED,G,2,2,0,2233,0.42,A ,N,CRD 2010,CRD 1280,Dark-Unlighted,Motor Vehicle in Transport,1,64,Sun     ,0,0,0,0,0,0,0,0,0,0,0,0,0,0,0,1,0,0,0,0,0,1,0,0,0,36.7773,-91.85827,0,04/19/2020,01:40:00,VEHICLE #1 PULLED INTO PATH OF VEHICLE #2 AND VEHICLES COLLIDED.
1196434,3200008968,Missouri State Highway Patrol-Troop F,1587340800000,200180612,1,0,0,1,Personal Injury,HOWARD,NON-CITY OR UNINCORPORATED,F,1,1,0,3695,0.7,A ,E ,CRD 320,CRD 325,Daylight,Overturn,1,,Mon     ,0,0,0,0,1,1,1,0,0,0,0,0,0,0,0,1,0,0,0,0,0,0,1,0,0,39.08342,-92.77623,0,04/20/2020,07:20:00,"CRASH OCCURRED AS VEHICLE 1 TOPPED A HILL, RAN OFF RIGHT SIDE OF THE ROADWAY, RETURNED TO THE HIGHWAY AND OVERTURNED."